H1 CRD 2 2025 5 20 8
H2 YEBL 7817 62 01 4 ILRS
C1 0 las2 Nd_YAG 1064.00 1000.00 0.40 10.0 20.00 0
C2 0 det2 SPAD 1064.000 40.00 5.0 0.4 NIM 10.0 0.40 50.0 30.0 none na na na
C3 0 tim1 gps Lantime A033-ET 033201 0.0
C6 0 met1 Vaisala Indigo520 T3430159 Vaisala Indigo520 T3930918 Vaisala Indigo520 T3930918
C0 0 1064.00 cfg1 las2 det2 tim1 met1   
H3 hy2b 1808101 2208 43655 0 1 1
H4 0 2025 5 19 17 13 54 2025 5 19 17 21 34 0 0 0 0 0 0 2 0
40 64558.000000000000 0 cfg1 13467 9991 1.038 63359.5 31.0 49.5 0.276 -0.625 -2.6 4 0 0 3 0.0
41 60909.000000000000 0 cfg1 13483 9471 1.038 63344.0 0.0 39.0 0.189 -0.560 2.2 4 0 0 3 4.9
41 68207.000000000000 0 cfg1 13452 10512 1.038 63375.0 0.0 60.0 0.363 -0.690 -7.4 4 0 0 3 5.9
10 62037.016350307125 0.015482203895 cfg1 2 1 0 0 na na
10 62037.018350308244 0.015482129905 cfg1 2 1 0 0 na na
10 62037.036350308164 0.015481425014 cfg1 2 1 0 0 na na
10 62037.039350314802 0.015481283318 cfg1 2 1 0 0 na na
10 62037.127350277574 0.015477790264 cfg1 2 1 0 0 na na
10 62037.154350302461 0.015476688373 cfg1 2 1 0 0 na na
10 62037.155350283044 0.015476651689 cfg1 2 1 0 0 na na
10 62037.169350341770 0.015476119012 cfg1 2 1 0 0 na na
10 62037.182350278400 0.015475597501 cfg1 2 1 0 0 na na
10 62037.191350333896 0.015475217716 cfg1 2 1 0 0 na na
10 62037.197350340784 0.015474973970 cfg1 2 1 0 0 na na
10 62037.232350272321 0.015473597035 cfg1 2 1 0 0 na na
10 62037.245350329607 0.015473071844 cfg1 2 1 0 0 na na
10 62037.292350276908 0.015471187225 cfg1 2 1 0 0 na na
10 62037.298350251964 0.015470959742 cfg1 2 1 0 0 na na
10 62037.312350289244 0.015470392188 cfg1 2 1 0 0 na na
10 62037.319350307515 0.015470135503 cfg1 2 1 0 0 na na
10 62037.350350329542 0.015468896376 cfg1 2 1 0 0 na na
10 62037.377350316168 0.015467808647 cfg1 2 1 0 0 na na
10 62037.394350320557 0.015467141764 cfg1 2 1 0 0 na na
10 62037.399350301198 0.015466917147 cfg1 2 1 0 0 na na
10 62037.414350289567 0.015466329151 cfg1 2 1 0 0 na na
10 62037.424350392835 0.015465948146 cfg1 2 1 0 0 na na
10 62037.430350357216 0.015465687949 cfg1 2 1 0 0 na na
10 62037.483350296472 0.015463585325 cfg1 2 1 0 0 na na
10 62037.484350258534 0.015463533500 cfg1 2 1 0 0 na na
10 62037.499350323738 0.015462938459 cfg1 2 1 0 0 na na
10 62037.558350331891 0.015460588276 cfg1 2 1 0 0 na na
10 62037.590350364981 0.015459307081 cfg1 2 1 0 0 na na
10 62037.602350307779 0.015458843813 cfg1 2 1 0 0 na na
10 62037.604350299195 0.015458752079 cfg1 2 1 0 0 na na
10 62037.615350348495 0.015458308584 cfg1 2 1 0 0 na na
10 62037.650350293418 0.015456906050 cfg1 2 1 0 0 na na
10 62037.659350322562 0.015456563959 cfg1 2 1 0 0 na na
10 62037.699350287570 0.015454951892 cfg1 2 1 0 0 na na
10 62037.706350360716 0.015454683144 cfg1 2 1 0 0 na na
10 62037.712350283684 0.015454452079 cfg1 2 1 0 0 na na
10 62037.717350335630 0.015454248742 cfg1 2 1 0 0 na na
10 62037.758350241908 0.015452620223 cfg1 2 1 0 0 na na
10 62037.824350251034 0.015449980855 cfg1 2 1 0 0 na na
10 62037.828350330601 0.015449808324 cfg1 2 1 0 0 na na
10 62037.837350344401 0.015449453719 cfg1 2 1 0 0 na na
10 62037.861350312791 0.015448502776 cfg1 2 1 0 0 na na
10 62037.899350289171 0.015447001061 cfg1 2 1 0 0 na na
10 62037.902350270393 0.015446881561 cfg1 2 1 0 0 na na
10 62037.909350310010 0.015446588491 cfg1 2 1 0 0 na na
10 62037.927350349337 0.015445885469 cfg1 2 1 0 0 na na
10 62037.935350351198 0.015445553596 cfg1 2 1 0 0 na na
10 62037.951350277198 0.015444908634 cfg1 2 1 0 0 na na
10 62037.976350345168 0.015443920572 cfg1 2 1 0 0 na na
10 62038.027350334922 0.015441889843 cfg1 2 1 0 0 na na
10 62038.029350352861 0.015441804926 cfg1 2 1 0 0 na na
10 62038.038350345078 0.015441451581 cfg1 2 1 0 0 na na
10 62038.043350264051 0.015441238158 cfg1 2 1 0 0 na na
10 62038.113350389863 0.015438464898 cfg1 2 1 0 0 na na
10 62038.125350297199 0.015437994605 cfg1 2 1 0 0 na na
10 62038.128350314630 0.015437874030 cfg1 2 1 0 0 na na
10 62038.151350342526 0.015436932033 cfg1 2 1 0 0 na na
10 62038.153350293807 0.015436873787 cfg1 2 1 0 0 na na
10 62038.160350259176 0.015436582690 cfg1 2 1 0 0 na na
10 62038.175350340020 0.015435977148 cfg1 2 1 0 0 na na
10 62038.220350297250 0.015434193258 cfg1 2 1 0 0 na na
10 62038.231350332437 0.015433764767 cfg1 2 1 0 0 na na
10 62038.236350315807 0.015433556484 cfg1 2 1 0 0 na na
10 62038.246350314374 0.015433172647 cfg1 2 1 0 0 na na
10 62038.273350285501 0.015432079847 cfg1 2 1 0 0 na na
10 62038.283350283758 0.015431681073 cfg1 2 1 0 0 na na
10 62038.293350378991 0.015431274190 cfg1 2 1 0 0 na na
10 62038.352350241569 0.015428945394 cfg1 2 1 0 0 na na
10 62038.356350293343 0.015428760810 cfg1 2 1 0 0 na na
10 62038.366350342825 0.015428382907 cfg1 2 1 0 0 na na
10 62038.372350319603 0.015428130509 cfg1 2 1 0 0 na na
10 62038.373350256795 0.015428094963 cfg1 2 1 0 0 na na
10 62038.386350307081 0.015427574617 cfg1 2 1 0 0 na na
10 62038.444350433087 0.015425270108 cfg1 2 1 0 0 na na
10 62038.490350301765 0.015423424432 cfg1 2 1 0 0 na na
10 62038.491350343028 0.015423405663 cfg1 2 1 0 0 na na
10 62038.506350306805 0.015422785399 cfg1 2 1 0 0 na na
10 62038.524350324782 0.015422069413 cfg1 2 1 0 0 na na
10 62038.558350269278 0.015420717984 cfg1 2 1 0 0 na na
10 62038.565350364807 0.015420441921 cfg1 2 1 0 0 na na
10 62038.630350289172 0.015417847032 cfg1 2 1 0 0 na na
10 62038.631350327416 0.015417803040 cfg1 2 1 0 0 na na
10 62038.655350322273 0.015416867243 cfg1 2 1 0 0 na na
10 62038.658350312652 0.015416742672 cfg1 2 1 0 0 na na
10 62038.683350256707 0.015415739965 cfg1 2 1 0 0 na na
10 62038.692350343960 0.015415375684 cfg1 2 1 0 0 na na
10 62038.708350273322 0.015414753306 cfg1 2 1 0 0 na na
10 62038.718350305279 0.015414340990 cfg1 2 1 0 0 na na
10 62038.731350323354 0.015413822673 cfg1 2 1 0 0 na na
10 62038.756350284412 0.015412837386 cfg1 2 1 0 0 na na
10 62038.774350297392 0.015412121003 cfg1 2 1 0 0 na na
10 62038.800350322069 0.015411079746 cfg1 2 1 0 0 na na
10 62038.807350321779 0.015410789846 cfg1 2 1 0 0 na na
10 62038.854350261459 0.015408920478 cfg1 2 1 0 0 na na
10 62038.870350379676 0.015408296517 cfg1 2 1 0 0 na na
10 62038.874350294908 0.015408140882 cfg1 2 1 0 0 na na
10 62038.876350329074 0.015408047955 cfg1 2 1 0 0 na na
10 62038.882350354448 0.015407817397 cfg1 2 1 0 0 na na
10 62038.892350345872 0.015407407557 cfg1 2 1 0 0 na na
10 62038.899350282675 0.015407133536 cfg1 2 1 0 0 na na
10 62038.902350337220 0.015407024740 cfg1 2 1 0 0 na na
10 62038.915350292983 0.015406490812 cfg1 2 1 0 0 na na
10 62038.928350289742 0.015405985170 cfg1 2 1 0 0 na na
10 62038.943350329301 0.015405380286 cfg1 2 1 0 0 na na
10 62038.986350312664 0.015403686590 cfg1 2 1 0 0 na na
10 62038.994350374843 0.015403343909 cfg1 2 1 0 0 na na
10 62039.000350350950 0.015403100943 cfg1 2 1 0 0 na na
10 62039.017350360289 0.015402432718 cfg1 2 1 0 0 na na
10 62039.064350259053 0.015400578042 cfg1 2 1 0 0 na na
10 62039.110350324891 0.015398743531 cfg1 2 1 0 0 na na
10 62039.117350328761 0.015398439011 cfg1 2 1 0 0 na na
10 62039.118350316833 0.015398403638 cfg1 2 1 0 0 na na
10 62039.120350305100 0.015398334681 cfg1 2 1 0 0 na na
10 62039.154350313498 0.015396973918 cfg1 2 1 0 0 na na
10 62039.159350310933 0.015396792725 cfg1 2 1 0 0 na na
10 62039.161350300482 0.015396700871 cfg1 2 1 0 0 na na
10 62039.162350291433 0.015396672879 cfg1 2 1 0 0 na na
10 62039.163350322682 0.015396633022 cfg1 2 1 0 0 na na
10 62039.194350260291 0.015395381436 cfg1 2 1 0 0 na na
10 62039.200350307802 0.015395145304 cfg1 2 1 0 0 na na
10 62039.204350285496 0.015394991073 cfg1 2 1 0 0 na na
10 62039.210350285271 0.015394757816 cfg1 2 1 0 0 na na
10 62039.219350259158 0.015394387704 cfg1 2 1 0 0 na na
10 62039.225350329163 0.015394161402 cfg1 2 1 0 0 na na
10 62039.226350373522 0.015394113946 cfg1 2 1 0 0 na na
10 62039.229350288100 0.015393988267 cfg1 2 1 0 0 na na
10 62039.238350317637 0.015393627308 cfg1 2 1 0 0 na na
10 62039.244350289041 0.015393383449 cfg1 2 1 0 0 na na
10 62039.249350338787 0.015393200882 cfg1 2 1 0 0 na na
10 62039.279350357244 0.015391996542 cfg1 2 1 0 0 na na
10 62039.311350347686 0.015390735576 cfg1 2 1 0 0 na na
10 62039.314350324232 0.015390608977 cfg1 2 1 0 0 na na
10 62039.325350320246 0.015390175673 cfg1 2 1 0 0 na na
10 62039.327350315650 0.015390096570 cfg1 2 1 0 0 na na
10 62039.364350338942 0.015388616388 cfg1 2 1 0 0 na na
10 62039.371350363390 0.015388335424 cfg1 2 1 0 0 na na
10 62039.376350389345 0.015388141641 cfg1 2 1 0 0 na na
10 62039.419350303427 0.015386426013 cfg1 2 1 0 0 na na
10 62039.431350344446 0.015385939010 cfg1 2 1 0 0 na na
10 62039.471350244101 0.015384362918 cfg1 2 1 0 0 na na
10 62039.485350303812 0.015383800476 cfg1 2 1 0 0 na na
10 62039.487350375510 0.015383729828 cfg1 2 1 0 0 na na
10 62039.517350288890 0.015382527845 cfg1 2 1 0 0 na na
10 62039.544350272292 0.015381456654 cfg1 2 1 0 0 na na
10 62039.564350406228 0.015380662800 cfg1 2 1 0 0 na na
10 62039.577350333281 0.015380132013 cfg1 2 1 0 0 na na
10 62039.602350346608 0.015379137020 cfg1 2 1 0 0 na na
10 62039.610350249694 0.015378822255 cfg1 2 1 0 0 na na
10 62039.613350347569 0.015378701148 cfg1 2 1 0 0 na na
10 62039.624350265887 0.015378260877 cfg1 2 1 0 0 na na
10 62039.672350342377 0.015376365374 cfg1 2 1 0 0 na na
10 62039.695350266719 0.015375442247 cfg1 2 1 0 0 na na
10 62039.697350349128 0.015375342470 cfg1 2 1 0 0 na na
10 62039.725350306568 0.015374240264 cfg1 2 1 0 0 na na
10 62039.780350373579 0.015372055068 cfg1 2 1 0 0 na na
10 62039.794350264082 0.015371482707 cfg1 2 1 0 0 na na
10 62039.801350247300 0.015371224565 cfg1 2 1 0 0 na na
10 62039.803350245553 0.015371146443 cfg1 2 1 0 0 na na
10 62039.822350289873 0.015370387474 cfg1 2 1 0 0 na na
10 62039.823350373032 0.015370333989 cfg1 2 1 0 0 na na
10 62039.826350286590 0.015370213856 cfg1 2 1 0 0 na na
10 62039.828350257695 0.015370148039 cfg1 2 1 0 0 na na
10 62039.946350238561 0.015365458441 cfg1 2 1 0 0 na na
10 62039.970350264719 0.015364476995 cfg1 2 1 0 0 na na
10 62039.991350344806 0.015363649535 cfg1 2 1 0 0 na na
10 62039.993350358728 0.015363568347 cfg1 2 1 0 0 na na
10 62039.994350282354 0.015363538360 cfg1 2 1 0 0 na na
10 62040.003350314292 0.015363168925 cfg1 2 1 0 0 na na
10 62040.005350339972 0.015363092313 cfg1 2 1 0 0 na na
10 62040.056350325905 0.015361061025 cfg1 2 1 0 0 na na
10 62040.062350326040 0.015360827841 cfg1 2 1 0 0 na na
10 62040.082350283352 0.015360057014 cfg1 2 1 0 0 na na
10 62040.088350320754 0.015359797824 cfg1 2 1 0 0 na na
10 62040.092350292408 0.015359658984 cfg1 2 1 0 0 na na
10 62040.093350288982 0.015359619201 cfg1 2 1 0 0 na na
10 62040.097350272750 0.015359459987 cfg1 2 1 0 0 na na
10 62040.112350308969 0.015358863024 cfg1 2 1 0 0 na na
10 62040.113350267448 0.015358823200 cfg1 2 1 0 0 na na
10 62040.137350294884 0.015357840240 cfg1 2 1 0 0 na na
10 62040.144350366438 0.015357566851 cfg1 2 1 0 0 na na
10 62040.154350374749 0.015357156843 cfg1 2 1 0 0 na na
10 62040.171350301831 0.015356514780 cfg1 2 1 0 0 na na
10 62040.179350359572 0.015356162630 cfg1 2 1 0 0 na na
10 62040.185350258228 0.015355928631 cfg1 2 1 0 0 na na
10 62040.199350283851 0.015355379348 cfg1 2 1 0 0 na na
10 62040.205350288449 0.015355129149 cfg1 2 1 0 0 na na
10 62040.222350329295 0.015354470952 cfg1 2 1 0 0 na na
10 62040.226350257134 0.015354294764 cfg1 2 1 0 0 na na
10 62040.235350269704 0.015353930903 cfg1 2 1 0 0 na na
10 62040.251350325301 0.015353331089 cfg1 2 1 0 0 na na
10 62040.276350243407 0.015352336206 cfg1 2 1 0 0 na na
10 62040.292350293867 0.015351699457 cfg1 2 1 0 0 na na
10 62040.300350337812 0.015351344882 cfg1 2 1 0 0 na na
10 62040.304350344503 0.015351206454 cfg1 2 1 0 0 na na
10 62040.316350335337 0.015350724025 cfg1 2 1 0 0 na na
10 62040.329350309622 0.015350189662 cfg1 2 1 0 0 na na
10 62040.333350315765 0.015350067896 cfg1 2 1 0 0 na na
10 62040.339350290390 0.015349829099 cfg1 2 1 0 0 na na
10 62040.357350264378 0.015349077543 cfg1 2 1 0 0 na na
10 62040.392350263637 0.015347683131 cfg1 2 1 0 0 na na
10 62040.415350289186 0.015346804880 cfg1 2 1 0 0 na na
10 62040.427350352826 0.015346307983 cfg1 2 1 0 0 na na
10 62040.431350366123 0.015346144823 cfg1 2 1 0 0 na na
10 62040.440350269896 0.015345781865 cfg1 2 1 0 0 na na
10 62040.492350374017 0.015343722235 cfg1 2 1 0 0 na na
10 62040.500350263753 0.015343388125 cfg1 2 1 0 0 na na
10 62040.504350413762 0.015343231562 cfg1 2 1 0 0 na na
10 62040.549350270161 0.015341448070 cfg1 2 1 0 0 na na
10 62040.566350360296 0.015340784710 cfg1 2 1 0 0 na na
10 62040.589350279899 0.015339851323 cfg1 2 1 0 0 na na
10 62040.596350267291 0.015339564628 cfg1 2 1 0 0 na na
10 62040.607350306509 0.015339151475 cfg1 2 1 0 0 na na
10 62040.611350337465 0.015338979632 cfg1 2 1 0 0 na na
10 62040.625350259585 0.015338427174 cfg1 2 1 0 0 na na
10 62040.637350254542 0.015337947636 cfg1 2 1 0 0 na na
10 62040.644350241251 0.015337680695 cfg1 2 1 0 0 na na
10 62040.645350330861 0.015337624048 cfg1 2 1 0 0 na na
10 62040.648350246851 0.015337519895 cfg1 2 1 0 0 na na
10 62040.658350391856 0.015337121331 cfg1 2 1 0 0 na na
10 62040.671350253806 0.015336593130 cfg1 2 1 0 0 na na
10 62040.688350415947 0.015335914229 cfg1 2 1 0 0 na na
10 62040.707350266064 0.015335150821 cfg1 2 1 0 0 na na
10 62040.721350314872 0.015334590799 cfg1 2 1 0 0 na na
10 62040.752350349167 0.015333373001 cfg1 2 1 0 0 na na
10 62040.764350375584 0.015332895914 cfg1 2 1 0 0 na na
10 62040.786350245028 0.015332029414 cfg1 2 1 0 0 na na
10 62040.805350332337 0.015331248275 cfg1 2 1 0 0 na na
10 62040.811350369549 0.015331011786 cfg1 2 1 0 0 na na
10 62040.812350268878 0.015330990556 cfg1 2 1 0 0 na na
10 62040.814350258722 0.015330897890 cfg1 2 1 0 0 na na
10 62040.817350324203 0.015330796731 cfg1 2 1 0 0 na na
10 62040.830350334131 0.015330279002 cfg1 2 1 0 0 na na
10 62040.841350249198 0.015329837760 cfg1 2 1 0 0 na na
10 62040.891350347621 0.015327828072 cfg1 2 1 0 0 na na
10 62040.898350342777 0.015327566017 cfg1 2 1 0 0 na na
10 62040.930350343078 0.015326280381 cfg1 2 1 0 0 na na
10 62040.955350320913 0.015325293981 cfg1 2 1 0 0 na na
10 62040.961350249558 0.015325083783 cfg1 2 1 0 0 na na
10 62040.963350395358 0.015324978525 cfg1 2 1 0 0 na na
10 62040.978350296529 0.015324407709 cfg1 2 1 0 0 na na
10 62040.988350259981 0.015323976895 cfg1 2 1 0 0 na na
10 62041.006350250028 0.015323266979 cfg1 2 1 0 0 na na
10 62041.027350290923 0.015322424328 cfg1 2 1 0 0 na na
10 62041.079350317976 0.015320365314 cfg1 2 1 0 0 na na
10 62041.081350289757 0.015320290526 cfg1 2 1 0 0 na na
10 62041.092350264207 0.015319835311 cfg1 2 1 0 0 na na
10 62041.108350329659 0.015319209984 cfg1 2 1 0 0 na na
10 62041.116350368141 0.015318906089 cfg1 2 1 0 0 na na
10 62041.132350370799 0.015318246356 cfg1 2 1 0 0 na na
10 62041.139350252231 0.015317979626 cfg1 2 1 0 0 na na
10 62041.143350259263 0.015317812718 cfg1 2 1 0 0 na na
10 62041.158350330816 0.015317215545 cfg1 2 1 0 0 na na
10 62041.181350356346 0.015316308904 cfg1 2 1 0 0 na na
10 62041.199350320423 0.015315580496 cfg1 2 1 0 0 na na
10 62041.204350338548 0.015315378752 cfg1 2 1 0 0 na na
10 62041.218350272225 0.015314863040 cfg1 2 1 0 0 na na
10 62041.247350306748 0.015313692892 cfg1 2 1 0 0 na na
10 62041.249350237475 0.015313619255 cfg1 2 1 0 0 na na
10 62041.268350315835 0.015312852572 cfg1 2 1 0 0 na na
10 62041.269350260613 0.015312803447 cfg1 2 1 0 0 na na
10 62041.321350297534 0.015310730608 cfg1 2 1 0 0 na na
10 62041.328350336429 0.015310489063 cfg1 2 1 0 0 na na
10 62041.355350255382 0.015309386528 cfg1 2 1 0 0 na na
10 62041.362350265815 0.015309137119 cfg1 2 1 0 0 na na
10 62041.365350315639 0.015308990122 cfg1 2 1 0 0 na na
10 62041.379350243508 0.015308443508 cfg1 2 1 0 0 na na
10 62041.418350258636 0.015306886888 cfg1 2 1 0 0 na na
10 62041.430350329139 0.015306395355 cfg1 2 1 0 0 na na
10 62041.436350325890 0.015306161642 cfg1 2 1 0 0 na na
10 62041.451350281836 0.015305580075 cfg1 2 1 0 0 na na
10 62041.461350359916 0.015305180796 cfg1 2 1 0 0 na na
10 62041.462350332216 0.015305137272 cfg1 2 1 0 0 na na
10 62041.463350310165 0.015305093451 cfg1 2 1 0 0 na na
10 62041.493350281540 0.015303928709 cfg1 2 1 0 0 na na
10 62041.494350362730 0.015303873008 cfg1 2 1 0 0 na na
10 62041.527350318530 0.015302556408 cfg1 2 1 0 0 na na
10 62041.560350256483 0.015301235428 cfg1 2 1 0 0 na na
10 62041.562350246492 0.015301165122 cfg1 2 1 0 0 na na
10 62041.574350327913 0.015300694154 cfg1 2 1 0 0 na na
10 62041.604350267552 0.015299477789 cfg1 2 1 0 0 na na
10 62041.606350263393 0.015299398664 cfg1 2 1 0 0 na na
10 62041.657350327505 0.015297394368 cfg1 2 1 0 0 na na
10 62041.665350350501 0.015297074773 cfg1 2 1 0 0 na na
10 62041.673350284509 0.015296750508 cfg1 2 1 0 0 na na
10 62041.678350298811 0.015296559375 cfg1 2 1 0 0 na na
10 62041.695350304496 0.015295859052 cfg1 2 1 0 0 na na
10 62041.717350359546 0.015295007572 cfg1 2 1 0 0 na na
10 62041.724350257537 0.015294723681 cfg1 2 1 0 0 na na
10 62041.732350258576 0.015294393215 cfg1 2 1 0 0 na na
10 62041.735350334557 0.015294267943 cfg1 2 1 0 0 na na
10 62041.758350348411 0.015293365514 cfg1 2 1 0 0 na na
10 62041.773350321405 0.015292769042 cfg1 2 1 0 0 na na
10 62041.796350260630 0.015291872401 cfg1 2 1 0 0 na na
10 62041.805350376463 0.015291512930 cfg1 2 1 0 0 na na
10 62041.827350279429 0.015290623275 cfg1 2 1 0 0 na na
10 62041.831350326643 0.015290457102 cfg1 2 1 0 0 na na
10 62041.839350265441 0.015290174889 cfg1 2 1 0 0 na na
10 62041.840350382403 0.015290135114 cfg1 2 1 0 0 na na
10 62041.845350278794 0.015289901784 cfg1 2 1 0 0 na na
10 62041.864350286968 0.015289164625 cfg1 2 1 0 0 na na
10 62041.867350245655 0.015289041400 cfg1 2 1 0 0 na na
10 62041.929350333626 0.015286597915 cfg1 2 1 0 0 na na
10 62041.938350326354 0.015286199195 cfg1 2 1 0 0 na na
10 62041.979350288231 0.015284610728 cfg1 2 1 0 0 na na
10 62041.983350313610 0.015284451900 cfg1 2 1 0 0 na na
10 62042.010350268749 0.015283338259 cfg1 2 1 0 0 na na
10 62042.011350257021 0.015283310028 cfg1 2 1 0 0 na na
10 62042.041350405194 0.015282126802 cfg1 2 1 0 0 na na
10 62042.080350280870 0.015280570952 cfg1 2 1 0 0 na na
10 62042.088350348295 0.015280240229 cfg1 2 1 0 0 na na
10 62042.107350314344 0.015279500574 cfg1 2 1 0 0 na na
10 62042.121350306907 0.015278939906 cfg1 2 1 0 0 na na
10 62042.126350330015 0.015278744855 cfg1 2 1 0 0 na na
10 62042.138350327204 0.015278276602 cfg1 2 1 0 0 na na
10 62042.141350289310 0.015278155018 cfg1 2 1 0 0 na na
10 62042.154350265247 0.015277624210 cfg1 2 1 0 0 na na
10 62042.190350328229 0.015276226140 cfg1 2 1 0 0 na na
10 62042.196350299859 0.015275967630 cfg1 2 1 0 0 na na
10 62042.212350271291 0.015275317950 cfg1 2 1 0 0 na na
10 62042.215350241410 0.015275220817 cfg1 2 1 0 0 na na
10 62042.252350285790 0.015273738670 cfg1 2 1 0 0 na na
10 62042.254350244104 0.015273667646 cfg1 2 1 0 0 na na
10 62042.257350319027 0.015273535631 cfg1 2 1 0 0 na na
10 62042.275350285017 0.015272813298 cfg1 2 1 0 0 na na
10 62042.280350317629 0.015272612901 cfg1 2 1 0 0 na na
10 62042.299350289625 0.015271873060 cfg1 2 1 0 0 na na
10 62042.309350295132 0.015271463035 cfg1 2 1 0 0 na na
10 62042.343350262987 0.015270135858 cfg1 2 1 0 0 na na
10 62042.387350272243 0.015268366718 cfg1 2 1 0 0 na na
10 62042.396350293796 0.015268023577 cfg1 2 1 0 0 na na
10 62042.416350249686 0.015267222284 cfg1 2 1 0 0 na na
10 62042.442350332066 0.015266197739 cfg1 2 1 0 0 na na
10 62042.496350255437 0.015264041470 cfg1 2 1 0 0 na na
10 62042.518350328315 0.015263194950 cfg1 2 1 0 0 na na
10 62042.532350311535 0.015262618430 cfg1 2 1 0 0 na na
10 62042.556350277927 0.015261669703 cfg1 2 1 0 0 na na
10 62042.563350347695 0.015261407510 cfg1 2 1 0 0 na na
10 62042.568350282492 0.015261183071 cfg1 2 1 0 0 na na
10 62042.616350289877 0.015259266294 cfg1 2 1 0 0 na na
10 62042.623350331673 0.015259024157 cfg1 2 1 0 0 na na
10 62042.635350320536 0.015258509129 cfg1 2 1 0 0 na na
10 62042.636350255934 0.015258482545 cfg1 2 1 0 0 na na
10 62042.648350254997 0.015258001587 cfg1 2 1 0 0 na na
10 62042.686350395602 0.015256521824 cfg1 2 1 0 0 na na
10 62042.698350249314 0.015256022596 cfg1 2 1 0 0 na na
10 62042.702350379860 0.015255852961 cfg1 2 1 0 0 na na
10 62042.714350287228 0.015255378325 cfg1 2 1 0 0 na na
10 62042.724350301722 0.015254977399 cfg1 2 1 0 0 na na
10 62042.740350283665 0.015254357888 cfg1 2 1 0 0 na na
10 62042.757350346417 0.015253677629 cfg1 2 1 0 0 na na
10 62042.795350300998 0.015252165712 cfg1 2 1 0 0 na na
10 62042.827350332838 0.015250906791 cfg1 2 1 0 0 na na
10 62042.858350269172 0.015249661546 cfg1 2 1 0 0 na na
10 62042.861350327958 0.015249548993 cfg1 2 1 0 0 na na
10 62042.864350258638 0.015249423352 cfg1 2 1 0 0 na na
10 62042.868350267101 0.015249273444 cfg1 2 1 0 0 na na
10 62042.873350305968 0.015249064479 cfg1 2 1 0 0 na na
10 62042.877350352211 0.015248936164 cfg1 2 1 0 0 na na
10 62042.894350260013 0.015248261112 cfg1 2 1 0 0 na na
10 62042.907350297003 0.015247733156 cfg1 2 1 0 0 na na
10 62042.929350329205 0.015246858812 cfg1 2 1 0 0 na na
10 62042.961350255113 0.015245573075 cfg1 2 1 0 0 na na
10 62042.970350347100 0.015245243130 cfg1 2 1 0 0 na na
10 62042.992350385141 0.015244357154 cfg1 2 1 0 0 na na
10 62043.037350280125 0.015242570481 cfg1 2 1 0 0 na na
10 62043.051350331777 0.015241989270 cfg1 2 1 0 0 na na
10 62043.061350310573 0.015241612213 cfg1 2 1 0 0 na na
10 62043.070350359840 0.015241258129 cfg1 2 1 0 0 na na
10 62043.078350339581 0.015240928674 cfg1 2 1 0 0 na na
10 62043.081350266333 0.015240795627 cfg1 2 1 0 0 na na
10 62043.099350265558 0.015240081423 cfg1 2 1 0 0 na na
10 62043.100350325647 0.015240060661 cfg1 2 1 0 0 na na
10 62043.105350241207 0.015239865846 cfg1 2 1 0 0 na na
10 62043.127350312680 0.015238990758 cfg1 2 1 0 0 na na
10 62043.137350281121 0.015238599572 cfg1 2 1 0 0 na na
10 62043.184350299471 0.015236712264 cfg1 2 1 0 0 na na
10 62043.244350329477 0.015234344988 cfg1 2 1 0 0 na na
10 62043.245350296872 0.015234288932 cfg1 2 1 0 0 na na
10 62043.246350355341 0.015234249105 cfg1 2 1 0 0 na na
10 62043.252350294797 0.015234007590 cfg1 2 1 0 0 na na
10 62043.254350312723 0.015233954600 cfg1 2 1 0 0 na na
10 62043.264350300387 0.015233554420 cfg1 2 1 0 0 na na
10 62043.279350273247 0.015232974524 cfg1 2 1 0 0 na na
10 62043.332350277895 0.015230859153 cfg1 2 1 0 0 na na
10 62043.347350298659 0.015230251600 cfg1 2 1 0 0 na na
10 62043.352350344730 0.015230076574 cfg1 2 1 0 0 na na
10 62043.382350318079 0.015228885597 cfg1 2 1 0 0 na na
10 62043.444350340534 0.015226396082 cfg1 2 1 0 0 na na
10 62043.451350336118 0.015226113460 cfg1 2 1 0 0 na na
10 62043.452350279255 0.015226070362 cfg1 2 1 0 0 na na
10 62043.454350297122 0.015225991495 cfg1 2 1 0 0 na na
10 62043.458350313797 0.015225827822 cfg1 2 1 0 0 na na
10 62043.493350303623 0.015224460819 cfg1 2 1 0 0 na na
10 62043.515350271226 0.015223576812 cfg1 2 1 0 0 na na
10 62043.537350304438 0.015222712713 cfg1 2 1 0 0 na na
10 62043.552350324678 0.015222098339 cfg1 2 1 0 0 na na
10 62043.562350329715 0.015221703655 cfg1 2 1 0 0 na na
10 62043.568350315025 0.015221486122 cfg1 2 1 0 0 na na
10 62043.620350304911 0.015219415536 cfg1 2 1 0 0 na na
10 62043.624350243664 0.015219263322 cfg1 2 1 0 0 na na
10 62043.635350330113 0.015218811716 cfg1 2 1 0 0 na na
10 62043.648350267620 0.015218308851 cfg1 2 1 0 0 na na
10 62043.649350338334 0.015218250826 cfg1 2 1 0 0 na na
10 62043.678350326611 0.015217119030 cfg1 2 1 0 0 na na
10 62043.689350295998 0.015216685303 cfg1 2 1 0 0 na na
10 62043.702350365256 0.015216148276 cfg1 2 1 0 0 na na
10 62043.704350353508 0.015216093691 cfg1 2 1 0 0 na na
10 62043.718350255327 0.015215523651 cfg1 2 1 0 0 na na
10 62043.720350362055 0.015215453451 cfg1 2 1 0 0 na na
10 62043.729350295088 0.015215082321 cfg1 2 1 0 0 na na
10 62043.766350348168 0.015213625125 cfg1 2 1 0 0 na na
10 62043.833350300943 0.015210986079 cfg1 2 1 0 0 na na
10 62043.880350297158 0.015209106401 cfg1 2 1 0 0 na na
10 62043.888350329956 0.015208788828 cfg1 2 1 0 0 na na
10 62043.903350347442 0.015208176329 cfg1 2 1 0 0 na na
10 62043.986350358302 0.015204915325 cfg1 2 1 0 0 na na
10 62044.000350336358 0.015204330926 cfg1 2 1 0 0 na na
10 62044.003350296938 0.015204200968 cfg1 2 1 0 0 na na
10 62044.021350336727 0.015203498067 cfg1 2 1 0 0 na na
10 62044.034350311900 0.015202969923 cfg1 2 1 0 0 na na
10 62044.050350293164 0.015202357868 cfg1 2 1 0 0 na na
10 62044.053350302750 0.015202233768 cfg1 2 1 0 0 na na
10 62044.059350294862 0.015202018870 cfg1 2 1 0 0 na na
10 62044.088350300355 0.015200832354 cfg1 2 1 0 0 na na
10 62044.112350323679 0.015199903964 cfg1 2 1 0 0 na na
10 62044.115350296486 0.015199767248 cfg1 2 1 0 0 na na
10 62044.125350324223 0.015199372766 cfg1 2 1 0 0 na na
10 62044.142350340898 0.015198689133 cfg1 2 1 0 0 na na
10 62044.151350337858 0.015198354487 cfg1 2 1 0 0 na na
10 62044.216350318653 0.015195790594 cfg1 2 1 0 0 na na
10 62044.242350307989 0.015194723112 cfg1 2 1 0 0 na na
10 62044.267350318808 0.015193767491 cfg1 2 1 0 0 na na
10 62044.269350342871 0.015193651915 cfg1 2 1 0 0 na na
10 62044.274350346560 0.015193463561 cfg1 2 1 0 0 na na
10 62044.276350381727 0.015193410469 cfg1 2 1 0 0 na na
10 62044.289350278652 0.015192857922 cfg1 2 1 0 0 na na
10 62044.319350325761 0.015191682324 cfg1 2 1 0 0 na na
10 62044.387350326056 0.015188979872 cfg1 2 1 0 0 na na
10 62044.391350261614 0.015188811637 cfg1 2 1 0 0 na na
10 62044.400350314848 0.015188455635 cfg1 2 1 0 0 na na
10 62044.405350304020 0.015188280496 cfg1 2 1 0 0 na na
10 62044.418350336659 0.015187761250 cfg1 2 1 0 0 na na
10 62044.428350313607 0.015187366499 cfg1 2 1 0 0 na na
10 62044.459350330273 0.015186123948 cfg1 2 1 0 0 na na
10 62044.483350353392 0.015185177531 cfg1 2 1 0 0 na na
10 62044.518350374881 0.015183785687 cfg1 2 1 0 0 na na
10 62044.574350290199 0.015181562062 cfg1 2 1 0 0 na na
10 62044.592350310102 0.015180864374 cfg1 2 1 0 0 na na
10 62044.609350277658 0.015180170625 cfg1 2 1 0 0 na na
10 62044.622350303355 0.015179655119 cfg1 2 1 0 0 na na
10 62044.639350237737 0.015178999087 cfg1 2 1 0 0 na na
10 62044.644350276300 0.015178784399 cfg1 2 1 0 0 na na
10 62044.651350295150 0.015178514821 cfg1 2 1 0 0 na na
10 62044.658350376143 0.015178235281 cfg1 2 1 0 0 na na
10 62044.681350298906 0.015177330377 cfg1 2 1 0 0 na na
10 62044.720350305993 0.015175774744 cfg1 2 1 0 0 na na
10 62044.727350273263 0.015175491084 cfg1 2 1 0 0 na na
10 62044.742350339172 0.015174892188 cfg1 2 1 0 0 na na
10 62044.746350327913 0.015174745630 cfg1 2 1 0 0 na na
10 62044.778350380010 0.015173501993 cfg1 2 1 0 0 na na
10 62044.787350358910 0.015173125120 cfg1 2 1 0 0 na na
10 62044.795350376794 0.015172827830 cfg1 2 1 0 0 na na
10 62044.799350290906 0.015172646672 cfg1 2 1 0 0 na na
10 62044.829350293760 0.015171441940 cfg1 2 1 0 0 na na
10 62044.858350342872 0.015170307666 cfg1 2 1 0 0 na na
10 62044.864350339221 0.015170092124 cfg1 2 1 0 0 na na
10 62044.890350277174 0.015169023648 cfg1 2 1 0 0 na na
10 62044.936350344900 0.015167199116 cfg1 2 1 0 0 na na
10 62044.995350289492 0.015164898590 cfg1 2 1 0 0 na na
10 62045.002350254821 0.015164588199 cfg1 2 1 0 0 na na
10 62045.040350245017 0.015163096519 cfg1 2 1 0 0 na na
10 62045.071350334158 0.015161856501 cfg1 2 1 0 0 na na
10 62045.077350313453 0.015161647925 cfg1 2 1 0 0 na na
10 62045.097350342269 0.015160842737 cfg1 2 1 0 0 na na
10 62045.108350238818 0.015160403019 cfg1 2 1 0 0 na na
10 62045.110350246288 0.015160315839 cfg1 2 1 0 0 na na
10 62045.136350302840 0.015159285053 cfg1 2 1 0 0 na na
10 62045.145350299556 0.015158917279 cfg1 2 1 0 0 na na
10 62045.146350318749 0.015158874334 cfg1 2 1 0 0 na na
10 62045.147350315184 0.015158836495 cfg1 2 1 0 0 na na
10 62045.159350308896 0.015158365536 cfg1 2 1 0 0 na na
10 62045.163350312043 0.015158238970 cfg1 2 1 0 0 na na
10 62045.186350314005 0.015157313036 cfg1 2 1 0 0 na na
10 62045.210350284294 0.015156357784 cfg1 2 1 0 0 na na
10 62045.229350312132 0.015155617493 cfg1 2 1 0 0 na na
10 62045.243350312399 0.015155052788 cfg1 2 1 0 0 na na
10 62045.250350291746 0.015154773407 cfg1 2 1 0 0 na na
10 62045.266350268420 0.015154142376 cfg1 2 1 0 0 na na
10 62045.278350322142 0.015153662026 cfg1 2 1 0 0 na na
10 62045.310350287733 0.015152412685 cfg1 2 2 0 0 na na
10 62045.333350330792 0.015151501094 cfg1 2 2 0 0 na na
10 62045.376350337890 0.015149777333 cfg1 2 1 0 0 na na
10 62045.403350346968 0.015148726869 cfg1 2 2 0 0 na na
10 62045.411350348733 0.015148404274 cfg1 2 1 0 0 na na
10 62045.426350283570 0.015147817903 cfg1 2 1 0 0 na na
10 62045.438350254041 0.015147322395 cfg1 2 1 0 0 na na
10 62045.446350245137 0.015147001785 cfg1 2 1 0 0 na na
10 62045.472350331816 0.015145984103 cfg1 2 1 0 0 na na
10 62045.483350329928 0.015145550611 cfg1 2 1 0 0 na na
10 62045.487350312533 0.015145380413 cfg1 2 1 0 0 na na
10 62045.500350278940 0.015144887031 cfg1 2 1 0 0 na na
10 62045.503350313807 0.015144773538 cfg1 2 1 0 0 na na
10 62045.521350228699 0.015144043318 cfg1 2 1 0 0 na na
10 62045.544350274577 0.015143123428 cfg1 2 1 0 0 na na
10 62045.555350284610 0.015142687893 cfg1 2 1 0 0 na na
10 62045.598350341560 0.015141007369 cfg1 2 1 0 0 na na
10 62045.618350333809 0.015140206962 cfg1 2 1 0 0 na na
10 62045.630350310441 0.015139740529 cfg1 2 1 0 0 na na
10 62045.649350321341 0.015138960622 cfg1 2 1 0 0 na na
10 62045.674350296094 0.015137970955 cfg1 2 1 0 0 na na
10 62045.689350333477 0.015137403807 cfg1 2 1 0 0 na na
10 62045.695350375917 0.015137149864 cfg1 2 1 0 0 na na
10 62045.698350262819 0.015137037554 cfg1 2 2 0 0 na na
10 62045.703350303461 0.015136830678 cfg1 2 1 0 0 na na
10 62045.719350356947 0.015136190786 cfg1 2 1 0 0 na na
10 62045.728350314509 0.015135858886 cfg1 2 1 0 0 na na
10 62045.730350306462 0.015135769401 cfg1 2 1 0 0 na na
10 62045.735350332983 0.015135555797 cfg1 2 1 0 0 na na
10 62045.749350333507 0.015135017075 cfg1 2 1 0 0 na na
10 62045.753350303704 0.015134848034 cfg1 2 1 0 0 na na
10 62045.770350313391 0.015134172362 cfg1 2 1 0 0 na na
10 62045.778350298917 0.015133862938 cfg1 2 1 0 0 na na
10 62045.786350298984 0.015133545553 cfg1 2 1 0 0 na na
10 62045.802350351535 0.015132917278 cfg1 2 2 0 0 na na
10 62045.803350270723 0.015132861831 cfg1 2 1 0 0 na na
10 62045.804350290179 0.015132840725 cfg1 2 1 0 0 na na
10 62045.930350274803 0.015127843930 cfg1 2 1 0 0 na na
10 62045.947350296415 0.015127184014 cfg1 2 1 0 0 na na
10 62045.951350318241 0.015127013303 cfg1 2 1 0 0 na na
10 62045.964350256505 0.015126485321 cfg1 2 1 0 0 na na
10 62045.975350292834 0.015126076729 cfg1 2 1 0 0 na na
10 62045.983350277948 0.015125747257 cfg1 2 2 0 0 na na
10 62046.018350288676 0.015124358881 cfg1 2 1 0 0 na na
10 62046.044350238427 0.015123318393 cfg1 2 1 0 0 na na
10 62046.061350266701 0.015122659287 cfg1 2 1 0 0 na na
10 62046.079350293847 0.015121935189 cfg1 2 1 0 0 na na
10 62046.080350309379 0.015121912586 cfg1 2 1 0 0 na na
10 62046.200350331105 0.015117151996 cfg1 2 1 0 0 na na
10 62046.204350315395 0.015116984130 cfg1 2 1 0 0 na na
10 62046.211350274855 0.015116722214 cfg1 2 1 0 0 na na
10 62046.229350309333 0.015115999724 cfg1 2 1 0 0 na na
10 62046.234350353704 0.015115795170 cfg1 2 1 0 0 na na
10 62046.236350292198 0.015115728630 cfg1 2 1 0 0 na na
10 62046.304350338572 0.015113033957 cfg1 2 2 0 0 na na
10 62046.311350304370 0.015112742510 cfg1 2 1 0 0 na na
10 62046.318350283129 0.015112485262 cfg1 2 1 0 0 na na
10 62046.336350260491 0.015111756228 cfg1 2 1 0 0 na na
10 62046.339350345411 0.015111642526 cfg1 2 1 0 0 na na
10 62046.354350330704 0.015111051562 cfg1 2 1 0 0 na na
10 62046.364350355593 0.015110669245 cfg1 2 1 0 0 na na
10 62046.366350277794 0.015110583179 cfg1 2 1 0 0 na na
10 62046.383350298516 0.015109902818 cfg1 2 1 0 0 na na
10 62046.413350295893 0.015108729545 cfg1 2 1 0 0 na na
10 62046.422350305921 0.015108365060 cfg1 2 1 0 0 na na
10 62046.443350303757 0.015107540480 cfg1 2 1 0 0 na na
10 62046.450350310128 0.015107256654 cfg1 2 1 0 0 na na
10 62046.458350342920 0.015106944490 cfg1 2 1 0 0 na na
10 62046.500350350098 0.015105278442 cfg1 2 1 0 0 na na
10 62046.515350339075 0.015104689103 cfg1 2 1 0 0 na na
10 62046.533350304185 0.015103953130 cfg1 2 1 0 0 na na
10 62046.536350236363 0.015103853662 cfg1 2 1 0 0 na na
10 62046.563350255159 0.015102780582 cfg1 2 1 0 0 na na
10 62046.571350366300 0.015102459108 cfg1 2 1 0 0 na na
10 62046.580350287240 0.015102103750 cfg1 2 1 0 0 na na
10 62046.584350312158 0.015101957528 cfg1 2 1 0 0 na na
10 62046.601350294301 0.015101275152 cfg1 2 1 0 0 na na
10 62046.644350328498 0.015099562298 cfg1 2 1 0 0 na na
10 62046.670350308548 0.015098542698 cfg1 2 2 0 0 na na
10 62046.677350360607 0.015098262101 cfg1 2 1 0 0 na na
10 62046.699350304612 0.015097403747 cfg1 2 1 0 0 na na
10 62046.716350323627 0.015096726475 cfg1 2 1 0 0 na na
10 62046.730350320411 0.015096167086 cfg1 2 1 0 0 na na
10 62046.737350328261 0.015095881848 cfg1 2 1 0 0 na na
10 62046.777350368172 0.015094298298 cfg1 2 1 0 0 na na
10 62046.784350352889 0.015094031517 cfg1 2 1 0 0 na na
10 62046.838350302630 0.015091892475 cfg1 2 2 0 0 na na
10 62046.903350357011 0.015089332672 cfg1 2 1 0 0 na na
10 62046.905350317861 0.015089240260 cfg1 2 1 0 0 na na
10 62046.911350267821 0.015089001729 cfg1 2 1 0 0 na na
10 62046.916350292171 0.015088818709 cfg1 2 1 0 0 na na
10 62046.923350296429 0.015088519441 cfg1 2 1 0 0 na na
10 62047.030350263832 0.015084291682 cfg1 2 1 0 0 na na
10 62047.032350276221 0.015084220365 cfg1 2 1 0 0 na na
10 62047.041350334018 0.015083856270 cfg1 2 1 0 0 na na
10 62047.056350292867 0.015083273118 cfg1 2 1 0 0 na na
10 62047.102350241518 0.015081443961 cfg1 2 2 0 0 na na
10 62047.120350300482 0.015080737688 cfg1 2 1 0 0 na na
10 62047.133350291755 0.015080206623 cfg1 2 1 0 0 na na
10 62047.134350240078 0.015080166869 cfg1 2 1 0 0 na na
10 62047.136350253706 0.015080111653 cfg1 2 1 0 0 na na
10 62047.158350227872 0.015079228769 cfg1 2 1 0 0 na na
10 62047.197350296023 0.015077683081 cfg1 2 1 0 0 na na
10 62047.203350299538 0.015077452129 cfg1 2 1 0 0 na na
10 62047.207350294543 0.015077288316 cfg1 2 1 0 0 na na
10 62047.214350315994 0.015077000072 cfg1 2 1 0 0 na na
10 62047.221350269061 0.015076742261 cfg1 2 1 0 0 na na
10 62047.240350309166 0.015075993986 cfg1 2 1 0 0 na na
10 62047.248350327748 0.015075658696 cfg1 2 1 0 0 na na
10 62047.260350290587 0.015075204592 cfg1 2 1 0 0 na na
10 62047.272350309990 0.015074704602 cfg1 2 1 0 0 na na
10 62047.280350318746 0.015074384946 cfg1 2 1 0 0 na na
10 62047.286350329083 0.015074165873 cfg1 2 1 0 0 na na
10 62047.290350269268 0.015073997177 cfg1 2 1 0 0 na na
10 62047.292350284419 0.015073922457 cfg1 2 1 0 0 na na
10 62047.316350320938 0.015072987541 cfg1 2 1 0 0 na na
10 62047.326350232964 0.015072573896 cfg1 2 1 0 0 na na
10 62047.347350301970 0.015071736032 cfg1 2 1 0 0 na na
10 62047.348350302290 0.015071697121 cfg1 2 1 0 0 na na
10 62047.368350344476 0.015070915448 cfg1 2 1 0 0 na na
10 62047.376350268054 0.015070589973 cfg1 2 1 0 0 na na
10 62047.377350328788 0.015070549524 cfg1 2 1 0 0 na na
10 62047.380350261793 0.015070443985 cfg1 2 2 0 0 na na
10 62047.396350283631 0.015069798217 cfg1 2 1 0 0 na na
10 62047.417350325978 0.015068975057 cfg1 2 1 0 0 na na
10 62047.430350294923 0.015068455840 cfg1 2 1 0 0 na na
10 62047.466350306876 0.015067050634 cfg1 2 1 0 0 na na
10 62047.482350253031 0.015066413075 cfg1 2 1 0 0 na na
10 62047.528350299161 0.015064577325 cfg1 2 1 0 0 na na
10 62047.541350275911 0.015064072576 cfg1 2 1 0 0 na na
10 62047.560350241183 0.015063310676 cfg1 2 1 0 0 na na
10 62047.561350344714 0.015063274942 cfg1 2 1 0 0 na na
10 62047.582350279143 0.015062452796 cfg1 2 2 0 0 na na
10 62047.610350297070 0.015061356637 cfg1 2 1 0 0 na na
10 62047.632350309255 0.015060475201 cfg1 2 1 0 0 na na
10 62047.668350298908 0.015059050018 cfg1 2 1 0 0 na na
10 62047.669350308581 0.015058998901 cfg1 2 1 0 0 na na
10 62047.674350265854 0.015058808241 cfg1 2 1 0 0 na na
10 62047.689350319289 0.015058219961 cfg1 2 1 0 0 na na
10 62047.697350307863 0.015057896452 cfg1 2 1 0 0 na na
10 62047.718350295988 0.015057087504 cfg1 2 1 0 0 na na
10 62047.750350272808 0.015055808269 cfg1 2 1 0 0 na na
10 62047.756350312746 0.015055574584 cfg1 2 1 0 0 na na
10 62047.766350322842 0.015055165545 cfg1 2 1 0 0 na na
10 62047.794350357179 0.015054054333 cfg1 2 1 0 0 na na
10 62047.801350307765 0.015053783847 cfg1 2 1 0 0 na na
10 62047.819350283053 0.015053072031 cfg1 2 1 0 0 na na
10 62047.833350288192 0.015052512382 cfg1 2 1 0 0 na na
10 62047.836350358538 0.015052411062 cfg1 2 1 0 0 na na
10 62047.852350313807 0.015051760115 cfg1 2 1 0 0 na na
10 62047.887350295999 0.015050400345 cfg1 2 1 0 0 na na
10 62047.893350303663 0.015050154434 cfg1 2 1 0 0 na na
10 62047.896350298205 0.015050022303 cfg1 2 1 0 0 na na
10 62047.917350306834 0.015049194223 cfg1 2 1 0 0 na na
10 62047.923350298739 0.015048973600 cfg1 2 1 0 0 na na
10 62047.965350330435 0.015047295156 cfg1 2 1 0 0 na na
10 62047.974350294817 0.015046935021 cfg1 2 1 0 0 na na
10 62047.977350277392 0.015046830054 cfg1 2 1 0 0 na na
10 62047.987350311890 0.015046437720 cfg1 2 1 0 0 na na
10 62047.996350306471 0.015046068599 cfg1 2 1 0 0 na na
10 62048.004350327128 0.015045762744 cfg1 2 1 0 0 na na
10 62048.012350280121 0.015045449725 cfg1 2 1 0 0 na na
10 62048.019350334405 0.015045166047 cfg1 2 1 0 0 na na
10 62048.023350332425 0.015045023090 cfg1 2 1 0 0 na na
10 62048.036350275970 0.015044493566 cfg1 2 1 0 0 na na
10 62048.042350242696 0.015044263344 cfg1 2 1 0 0 na na
10 62048.069350325727 0.015043190763 cfg1 2 1 0 0 na na
10 62048.087350287111 0.015042490668 cfg1 2 1 0 0 na na
10 62048.118350290714 0.015041258798 cfg1 2 1 0 0 na na
10 62048.122350355815 0.015041103944 cfg1 2 1 0 0 na na
10 62048.154350316308 0.015039831367 cfg1 2 1 0 0 na na
10 62048.155350324633 0.015039795210 cfg1 2 1 0 0 na na
10 62048.166350280609 0.015039353590 cfg1 2 1 0 0 na na
10 62048.173350220700 0.015039091077 cfg1 2 1 0 0 na na
10 62048.184350397213 0.015038646317 cfg1 2 1 0 0 na na
10 62048.202350324007 0.015037925256 cfg1 2 1 0 0 na na
10 62048.205350305495 0.015037816411 cfg1 2 1 0 0 na na
10 62048.214350310713 0.015037446832 cfg1 2 1 0 0 na na
10 62048.232350309806 0.015036735004 cfg1 2 1 0 0 na na
10 62048.234350332637 0.015036668761 cfg1 2 2 0 0 na na
10 62048.263350301242 0.015035529102 cfg1 2 1 0 0 na na
10 62048.276350273476 0.015035002314 cfg1 2 1 0 0 na na
10 62048.304350302067 0.015033909618 cfg1 2 1 0 0 na na
10 62048.308350299673 0.015033740316 cfg1 2 1 0 0 na na
10 62048.314350367026 0.015033503965 cfg1 2 1 0 0 na na
10 62048.377350274180 0.015031016931 cfg1 2 1 0 0 na na
10 62048.388350333752 0.015030570981 cfg1 2 1 0 0 na na
10 62048.390350287605 0.015030504209 cfg1 2 1 0 0 na na
10 62048.393350316204 0.015030383267 cfg1 2 2 0 0 na na
10 62048.395350285650 0.015030293423 cfg1 2 1 0 0 na na
10 62048.401350303672 0.015030066947 cfg1 2 2 0 0 na na
10 62048.407350239090 0.015029835560 cfg1 2 1 0 0 na na
10 62048.431350278101 0.015028884319 cfg1 2 1 0 0 na na
10 62048.463350299266 0.015027628519 cfg1 2 1 0 0 na na
10 62048.482350312445 0.015026877040 cfg1 2 1 0 0 na na
10 62048.483350292142 0.015026810824 cfg1 2 1 0 0 na na
10 62048.519350257129 0.015025403626 cfg1 2 1 0 0 na na
10 62048.540350283652 0.015024575292 cfg1 2 1 0 0 na na
10 62048.574350280587 0.015023222455 cfg1 2 1 0 0 na na
10 62048.583350280990 0.015022866964 cfg1 2 1 0 0 na na
10 62048.585350346470 0.015022784679 cfg1 2 1 0 0 na na
10 62048.589350322295 0.015022646530 cfg1 2 1 0 0 na na
10 62048.653350295889 0.015020106704 cfg1 2 1 0 0 na na
10 62048.654350277457 0.015020070999 cfg1 2 1 0 0 na na
10 62048.658350269823 0.015019894130 cfg1 2 1 0 0 na na
10 62048.670350252248 0.015019419703 cfg1 2 1 0 0 na na
10 62048.673350351642 0.015019312970 cfg1 2 1 0 0 na na
10 62048.679350285544 0.015019084907 cfg1 2 1 0 0 na na
10 62048.698350265566 0.015018332661 cfg1 2 1 0 0 na na
10 62048.710350226506 0.015017868829 cfg1 2 1 0 0 na na
10 62048.722350272087 0.015017376641 cfg1 2 1 0 0 na na
10 62048.800350259247 0.015014307195 cfg1 2 1 0 0 na na
10 62048.812350315031 0.015013823384 cfg1 2 2 0 0 na na
10 62048.850350295500 0.015012319880 cfg1 2 1 0 0 na na
10 62048.852350295953 0.015012247380 cfg1 2 1 0 0 na na
10 62048.875350311558 0.015011333819 cfg1 2 1 0 0 na na
10 62048.883350251463 0.015011010615 cfg1 2 1 0 0 na na
10 62048.896350313175 0.015010511719 cfg1 2 1 0 0 na na
10 62048.919350268545 0.015009590478 cfg1 2 1 0 0 na na
10 62048.933350323500 0.015009042226 cfg1 2 2 0 0 na na
10 62048.937350294986 0.015008885560 cfg1 2 1 0 0 na na
10 62048.944350310774 0.015008602762 cfg1 2 1 0 0 na na
10 62048.945350349787 0.015008576940 cfg1 2 1 0 0 na na
10 62048.948350327438 0.015008446533 cfg1 2 1 0 0 na na
10 62048.956350255495 0.015008133512 cfg1 2 2 0 0 na na
10 62048.965350362065 0.015007791663 cfg1 2 1 0 0 na na
10 62049.027350287115 0.015005321226 cfg1 2 1 0 0 na na
10 62049.030350293537 0.015005202831 cfg1 2 1 0 0 na na
10 62049.041350361195 0.015004768592 cfg1 2 1 0 0 na na
10 62049.049350346565 0.015004473009 cfg1 2 1 0 0 na na
10 62049.053350365416 0.015004305276 cfg1 2 1 0 0 na na
10 62049.058350268608 0.015004098677 cfg1 2 1 0 0 na na
10 62049.059350321924 0.015004062896 cfg1 2 1 0 0 na na
10 62049.076350310841 0.015003392476 cfg1 2 2 0 0 na na
10 62049.084350348270 0.015003077123 cfg1 2 1 0 0 na na
10 62049.091350251979 0.015002794960 cfg1 2 1 0 0 na na
10 62049.155350277168 0.015000278055 cfg1 2 1 0 0 na na
10 62049.159350279447 0.015000117935 cfg1 2 1 0 0 na na
10 62049.160350308054 0.015000065217 cfg1 2 1 0 0 na na
10 62049.167350287890 0.014999810435 cfg1 2 1 0 0 na na
10 62049.170350318816 0.014999680316 cfg1 2 1 0 0 na na
10 62049.186350356855 0.014999060876 cfg1 2 1 0 0 na na
10 62049.211350342561 0.014998073192 cfg1 2 1 0 0 na na
10 62049.214350294887 0.014997955606 cfg1 2 1 0 0 na na
10 62049.217350331853 0.014997827006 cfg1 2 1 0 0 na na
10 62049.260350294019 0.014996117374 cfg1 2 1 0 0 na na
10 62049.279350290093 0.014995360762 cfg1 2 1 0 0 na na
10 62049.333350290203 0.014993238792 cfg1 2 1 0 0 na na
10 62049.337350296984 0.014993082548 cfg1 2 1 0 0 na na
10 62049.340350287588 0.014992950545 cfg1 2 1 0 0 na na
10 62049.342350261397 0.014992875467 cfg1 2 1 0 0 na na
10 62049.359350303048 0.014992225299 cfg1 2 1 0 0 na na
10 62049.365350269623 0.014991989081 cfg1 2 1 0 0 na na
10 62049.376350263203 0.014991555579 cfg1 2 1 0 0 na na
10 62049.384350324446 0.014991227754 cfg1 2 1 0 0 na na
10 62049.399350271765 0.014990640145 cfg1 2 1 0 0 na na
10 62049.418350272750 0.014989883365 cfg1 2 1 0 0 na na
10 62049.420350326011 0.014989791318 cfg1 2 1 0 0 na na
10 62049.425350289517 0.014989606145 cfg1 2 1 0 0 na na
10 62049.447350287213 0.014988738052 cfg1 2 2 0 0 na na
10 62049.465350279960 0.014988034627 cfg1 2 1 0 0 na na
10 62049.485350313537 0.014987230337 cfg1 2 1 0 0 na na
10 62049.490350296879 0.014987046216 cfg1 2 1 0 0 na na
10 62049.515350281841 0.014986041260 cfg1 2 1 0 0 na na
10 62049.539350258283 0.014985098350 cfg1 2 1 0 0 na na
10 62049.545350255428 0.014984881668 cfg1 2 1 0 0 na na
10 62049.551350248104 0.014984633785 cfg1 2 1 0 0 na na
10 62049.556350346333 0.014984447223 cfg1 2 1 0 0 na na
10 62049.573350279273 0.014983748200 cfg1 2 1 0 0 na na
10 62049.579350358580 0.014983536804 cfg1 2 1 0 0 na na
10 62049.622350296272 0.014981818795 cfg1 2 1 0 0 na na
10 62049.629350265430 0.014981550052 cfg1 2 1 0 0 na na
10 62049.630350307923 0.014981497477 cfg1 2 1 0 0 na na
10 62049.635350305251 0.014981310024 cfg1 2 1 0 0 na na
10 62049.646350264548 0.014980869652 cfg1 2 1 0 0 na na
10 62049.671350322443 0.014979889563 cfg1 2 1 0 0 na na
10 62049.672350293612 0.014979855769 cfg1 2 1 0 0 na na
10 62049.680350322471 0.014979537003 cfg1 2 1 0 0 na na
10 62049.682350310028 0.014979466478 cfg1 2 1 0 0 na na
10 62049.699350261841 0.014978775079 cfg1 2 1 0 0 na na
10 62049.719350272871 0.014977997532 cfg1 2 1 0 0 na na
10 62049.726350360935 0.014977717397 cfg1 2 1 0 0 na na
10 62049.803350276618 0.014974682718 cfg1 2 1 0 0 na na
10 62049.804350321905 0.014974637620 cfg1 2 1 0 0 na na
10 62049.818350265376 0.014974076547 cfg1 2 1 0 0 na na
10 62049.829350360493 0.014973653979 cfg1 2 2 0 0 na na
10 62049.890350342529 0.014971245769 cfg1 2 2 0 0 na na
10 62049.892350309653 0.014971166788 cfg1 2 2 0 0 na na
10 62049.899350293513 0.014970890457 cfg1 2 2 0 0 na na
10 62049.901350279257 0.014970811514 cfg1 2 2 0 0 na na
10 62049.908350267841 0.014970535230 cfg1 2 2 0 0 na na
10 62049.916350290727 0.014970219362 cfg1 2 2 0 0 na na
10 62049.924350267082 0.014969889682 cfg1 2 1 0 0 na na
10 62049.940350245995 0.014969276020 cfg1 2 1 0 0 na na
10 62049.945350298461 0.014969063166 cfg1 2 1 0 0 na na
10 62049.964350262992 0.014968313821 cfg1 2 1 0 0 na na
10 62049.994350289965 0.014967133738 cfg1 2 1 0 0 na na
10 62050.017350278043 0.014966241964 cfg1 2 1 0 0 na na
10 62050.030350302981 0.014965711471 cfg1 2 1 0 0 na na
10 62050.049350298765 0.014964980904 cfg1 2 1 0 0 na na
10 62050.060350255924 0.014964546504 cfg1 2 1 0 0 na na
10 62050.092350303171 0.014963269392 cfg1 2 1 0 0 na na
10 62050.128350245771 0.014961856523 cfg1 2 1 0 0 na na
10 62050.132350310348 0.014961677820 cfg1 2 1 0 0 na na
10 62050.188350296731 0.014959483790 cfg1 2 1 0 0 na na
10 62050.236350242091 0.014957594829 cfg1 2 1 0 0 na na
10 62050.245350280578 0.014957235520 cfg1 2 1 0 0 na na
10 62050.269350258118 0.014956292395 cfg1 2 1 0 0 na na
10 62050.273350268095 0.014956113768 cfg1 2 1 0 0 na na
10 62050.283350307149 0.014955736328 cfg1 2 1 0 0 na na
10 62050.289350334302 0.014955502739 cfg1 2 1 0 0 na na
10 62050.309350312594 0.014954720651 cfg1 2 1 0 0 na na
10 62050.313350250516 0.014954551669 cfg1 2 1 0 0 na na
10 62050.319350290253 0.014954325017 cfg1 2 1 0 0 na na
10 62050.334350283778 0.014953721596 cfg1 2 1 0 0 na na
10 62050.339350338101 0.014953523417 cfg1 2 2 0 0 na na
10 62050.344350254360 0.014953330099 cfg1 2 1 0 0 na na
10 62050.347350276727 0.014953219229 cfg1 2 1 0 0 na na
10 62050.387350312237 0.014951616698 cfg1 2 1 0 0 na na
10 62050.388350324596 0.014951582689 cfg1 2 1 0 0 na na
10 62050.396350309139 0.014951282603 cfg1 2 1 0 0 na na
10 62050.398350310197 0.014951195266 cfg1 2 1 0 0 na na
10 62050.419350285975 0.014950366633 cfg1 2 2 0 0 na na
10 62050.428350288398 0.014949999797 cfg1 2 1 0 0 na na
10 62050.436350264908 0.014949682148 cfg1 2 1 0 0 na na
10 62050.481350293173 0.014947932219 cfg1 2 1 0 0 na na
10 62050.508350321585 0.014946848202 cfg1 2 1 0 0 na na
10 62050.555350324132 0.014945006671 cfg1 2 1 0 0 na na
10 62050.559350249323 0.014944842670 cfg1 2 1 0 0 na na
10 62050.577350301257 0.014944130846 cfg1 2 1 0 0 na na
10 62050.588350239140 0.014943712613 cfg1 2 1 0 0 na na
10 62050.595350255040 0.014943433139 cfg1 2 1 0 0 na na
10 62050.598350282691 0.014943303831 cfg1 2 1 0 0 na na
10 62050.607350320653 0.014942959012 cfg1 2 1 0 0 na na
10 62050.609350312587 0.014942878869 cfg1 2 1 0 0 na na
10 62050.628350294657 0.014942113634 cfg1 2 1 0 0 na na
10 62050.655350279346 0.014941040024 cfg1 2 1 0 0 na na
10 62050.662350307592 0.014940780749 cfg1 2 1 0 0 na na
10 62050.667350348188 0.014940578213 cfg1 2 1 0 0 na na
10 62050.683350325585 0.014939939705 cfg1 2 1 0 0 na na
10 62050.733350341610 0.014937969414 cfg1 2 1 0 0 na na
10 62050.753350319465 0.014937203282 cfg1 2 1 0 0 na na
10 62050.766350277967 0.014936681119 cfg1 2 1 0 0 na na
10 62050.790350325422 0.014935742008 cfg1 2 1 0 0 na na
10 62050.792350314507 0.014935640647 cfg1 2 1 0 0 na na
10 62050.830350303555 0.014934152469 cfg1 2 1 0 0 na na
10 62050.850350291806 0.014933362183 cfg1 2 1 0 0 na na
10 62050.900350288588 0.014931402966 cfg1 2 1 0 0 na na
10 62050.940350309944 0.014929813501 cfg1 2 1 0 0 na na
10 62050.957350265302 0.014929154177 cfg1 2 1 0 0 na na
10 62050.964350310087 0.014928866823 cfg1 2 1 0 0 na na
10 62050.968350288714 0.014928721334 cfg1 2 1 0 0 na na
10 62051.008350309306 0.014927132592 cfg1 2 1 0 0 na na
10 62051.019350251675 0.014926695239 cfg1 2 1 0 0 na na
10 62051.021350300100 0.014926626529 cfg1 2 1 0 0 na na
10 62051.053350325596 0.014925363687 cfg1 2 1 0 0 na na
10 62051.062350306381 0.014924997734 cfg1 2 1 0 0 na na
10 62051.068350271374 0.014924772833 cfg1 2 1 0 0 na na
10 62051.075350269754 0.014924479595 cfg1 2 1 0 0 na na
10 62051.086350271313 0.014924053500 cfg1 2 1 0 0 na na
10 62051.100350251763 0.014923500227 cfg1 2 1 0 0 na na
10 62051.109350292002 0.014923146144 cfg1 2 1 0 0 na na
10 62051.110350327724 0.014923119296 cfg1 2 1 0 0 na na
10 62051.115350292076 0.014922923306 cfg1 2 1 0 0 na na
10 62051.127350293131 0.014922430093 cfg1 2 1 0 0 na na
10 62051.129350259877 0.014922358512 cfg1 2 1 0 0 na na
10 62051.134350302498 0.014922160612 cfg1 2 1 0 0 na na
10 62051.144350314862 0.014921767768 cfg1 2 1 0 0 na na
10 62051.151350291221 0.014921492433 cfg1 2 1 0 0 na na
10 62051.165350339286 0.014920939082 cfg1 2 1 0 0 na na
10 62051.170350274304 0.014920748649 cfg1 2 1 0 0 na na
10 62051.180350279372 0.014920347520 cfg1 2 2 0 0 na na
10 62051.199350356865 0.014919607915 cfg1 2 1 0 0 na na
10 62051.205350312632 0.014919352531 cfg1 2 1 0 0 na na
10 62051.212350264561 0.014919074116 cfg1 2 1 0 0 na na
10 62051.214350267782 0.014919013180 cfg1 2 1 0 0 na na
10 62051.269350342531 0.014916839150 cfg1 2 1 0 0 na na
10 62051.270350285763 0.014916798667 cfg1 2 2 0 0 na na
10 62051.273350271007 0.014916690251 cfg1 2 1 0 0 na na
10 62051.291350339718 0.014915985244 cfg1 2 1 0 0 na na
10 62051.332350326070 0.014914348633 cfg1 2 1 0 0 na na
10 62051.342350256625 0.014913965390 cfg1 2 1 0 0 na na
10 62051.368350286130 0.014912934600 cfg1 2 2 0 0 na na
10 62051.405350272680 0.014911475882 cfg1 2 2 0 0 na na
10 62051.430350370288 0.014910499181 cfg1 2 1 0 0 na na
10 62051.440350345580 0.014910091487 cfg1 2 1 0 0 na na
10 62051.487350241839 0.014908255228 cfg1 2 1 0 0 na na
10 62051.501350271285 0.014907700491 cfg1 2 1 0 0 na na
10 62051.539350263815 0.014906183103 cfg1 2 1 0 0 na na
10 62051.542350257240 0.014906087697 cfg1 2 1 0 0 na na
10 62051.596350335697 0.014903946137 cfg1 2 2 0 0 na na
10 62051.605350345922 0.014903590019 cfg1 2 1 0 0 na na
10 62051.616350341683 0.014903160701 cfg1 2 1 0 0 na na
10 62051.656350289053 0.014901571903 cfg1 2 1 0 0 na na
10 62051.735350266169 0.014898467556 cfg1 2 1 0 0 na na
10 62051.793350316167 0.014896191080 cfg1 2 1 0 0 na na
10 62051.802350327201 0.014895831449 cfg1 2 1 0 0 na na
10 62051.807350315404 0.014895637944 cfg1 2 1 0 0 na na
10 62051.815350269769 0.014895324561 cfg1 2 1 0 0 na na
10 62051.819350295204 0.014895157527 cfg1 2 1 0 0 na na
10 62051.843350325007 0.014894196965 cfg1 2 1 0 0 na na
10 62051.869350317403 0.014893196897 cfg1 2 1 0 0 na na
10 62051.906350325164 0.014891734488 cfg1 2 1 0 0 na na
10 62051.924350259581 0.014891012408 cfg1 2 1 0 0 na na
10 62051.939350316506 0.014890439421 cfg1 2 1 0 0 na na
10 62051.961350256999 0.014889554749 cfg1 2 1 0 0 na na
10 62052.005350309391 0.014887839565 cfg1 2 1 0 0 na na
10 62052.007350302465 0.014887748994 cfg1 2 1 0 0 na na
10 62052.019350303611 0.014887275010 cfg1 2 2 0 0 na na
10 62052.024350296922 0.014887067601 cfg1 2 1 0 0 na na
10 62052.034350312704 0.014886688075 cfg1 2 1 0 0 na na
10 62052.036350325791 0.014886605152 cfg1 2 2 0 0 na na
10 62052.070350284345 0.014885260192 cfg1 2 1 0 0 na na
10 62052.096350303383 0.014884226848 cfg1 2 1 0 0 na na
10 62052.111350280459 0.014883662590 cfg1 2 1 0 0 na na
10 62052.140350297888 0.014882492794 cfg1 2 1 0 0 na na
10 62052.150350324838 0.014882113309 cfg1 2 2 0 0 na na
10 62052.153350291822 0.014881998006 cfg1 2 1 0 0 na na
10 62052.180350315803 0.014880940181 cfg1 2 1 0 0 na na
10 62052.214350263177 0.014879578694 cfg1 2 1 0 0 na na
10 62052.290350322332 0.014876609484 cfg1 2 1 0 0 na na
10 62052.298350386333 0.014876282552 cfg1 2 2 0 0 na na
10 62052.307350312175 0.014875939152 cfg1 2 1 0 0 na na
10 62052.377350308173 0.014873179344 cfg1 2 1 0 0 na na
10 62052.391350328982 0.014872632410 cfg1 2 1 0 0 na na
10 62052.404350315907 0.014872106994 cfg1 2 2 0 0 na na
10 62052.405350304060 0.014872066378 cfg1 2 1 0 0 na na
10 62052.417350301735 0.014871599852 cfg1 2 1 0 0 na na
10 62052.455350335635 0.014870088907 cfg1 2 1 0 0 na na
10 62052.471350320995 0.014869468232 cfg1 2 1 0 0 na na
10 62052.473350292067 0.014869382843 cfg1 2 1 0 0 na na
10 62052.489350348821 0.014868772607 cfg1 2 1 0 0 na na
10 62052.513350263189 0.014867828256 cfg1 2 1 0 0 na na
10 62052.534350322817 0.014866971408 cfg1 2 1 0 0 na na
10 62052.542350358775 0.014866673207 cfg1 2 1 0 0 na na
10 62052.629350290661 0.014863253921 cfg1 2 1 0 0 na na
10 62052.671350298822 0.014861578447 cfg1 2 1 0 0 na na
10 62052.766350261298 0.014857849785 cfg1 2 2 0 0 na na
10 62052.814350363047 0.014855950915 cfg1 2 1 0 0 na na
10 62052.860350312504 0.014854160688 cfg1 2 1 0 0 na na
10 62052.876350337962 0.014853518527 cfg1 2 2 0 0 na na
10 62052.885350317619 0.014853162028 cfg1 2 1 0 0 na na
10 62052.903350301121 0.014852454038 cfg1 2 1 0 0 na na
10 62052.933350276924 0.014851262113 cfg1 2 1 0 0 na na
10 62053.055350320539 0.014846471042 cfg1 2 2 0 0 na na
10 62053.080350325646 0.014845486942 cfg1 2 2 0 0 na na
10 62053.104350280762 0.014844528367 cfg1 2 1 0 0 na na
10 62053.169350268966 0.014841970980 cfg1 2 1 0 0 na na
10 62053.191350304555 0.014841112620 cfg1 2 1 0 0 na na
10 62053.223350259945 0.014839857786 cfg1 2 2 0 0 na na
10 62053.277350302973 0.014837726551 cfg1 2 1 0 0 na na
10 62053.326350332264 0.014835804132 cfg1 2 1 0 0 na na
10 62053.349350265967 0.014834898521 cfg1 2 2 0 0 na na
10 62053.355350284926 0.014834650899 cfg1 2 1 0 0 na na
10 62053.375350305091 0.014833861097 cfg1 2 1 0 0 na na
10 62053.415350301637 0.014832289821 cfg1 2 1 0 0 na na
10 62053.416350333966 0.014832261724 cfg1 2 1 0 0 na na
10 62053.420350325881 0.014832096054 cfg1 2 1 0 0 na na
10 62053.431350302267 0.014831671361 cfg1 2 2 0 0 na na
10 62053.553350336971 0.014826864742 cfg1 2 1 0 0 na na
10 62053.554350302369 0.014826821216 cfg1 2 1 0 0 na na
10 62053.563350263056 0.014826471036 cfg1 2 1 0 0 na na
10 62053.666350263391 0.014822428173 cfg1 2 1 0 0 na na
10 62053.752350305288 0.014819036286 cfg1 2 1 0 0 na na
10 62053.755350317497 0.014818922402 cfg1 2 2 0 0 na na
10 62053.770350335823 0.014818342999 cfg1 2 1 0 0 na na
10 62054.016350282973 0.014808644836 cfg1 2 1 0 0 na na
10 62054.041350278386 0.014807684007 cfg1 2 1 0 0 na na
10 62054.042350336965 0.014807632457 cfg1 2 2 0 0 na na
10 62054.072350369377 0.014806464285 cfg1 2 1 0 0 na na
10 62054.084350265422 0.014805978286 cfg1 2 1 0 0 na na
10 62054.152350293404 0.014803314881 cfg1 2 1 0 0 na na
10 62054.160350335808 0.014802991466 cfg1 2 2 0 0 na na
10 62054.179350305580 0.014802246893 cfg1 2 1 0 0 na na
10 62054.198350329707 0.014801505578 cfg1 2 1 0 0 na na
10 62054.215350299041 0.014800835041 cfg1 2 1 0 0 na na
10 62054.265350327153 0.014798868610 cfg1 2 1 0 0 na na
10 62054.294350299428 0.014797716051 cfg1 2 1 0 0 na na
10 62054.352350294494 0.014795445858 cfg1 2 1 0 0 na na
10 62054.360350301894 0.014795112381 cfg1 2 1 0 0 na na
10 62054.362350288248 0.014795038251 cfg1 2 1 0 0 na na
10 62054.403350300100 0.014793435053 cfg1 2 1 0 0 na na
10 62054.432350311392 0.014792295723 cfg1 2 1 0 0 na na
10 62054.436350340646 0.014792133480 cfg1 2 1 0 0 na na
10 62054.511350300443 0.014789189471 cfg1 2 2 0 0 na na
10 62054.512350319506 0.014789152463 cfg1 2 1 0 0 na na
10 62054.557350315452 0.014787379462 cfg1 2 1 0 0 na na
10 62054.566350347437 0.014787013131 cfg1 2 1 0 0 na na
10 62054.585350306965 0.014786289155 cfg1 2 1 0 0 na na
10 62054.615350349022 0.014785100804 cfg1 2 1 0 0 na na
10 62054.629350362494 0.014784550439 cfg1 2 1 0 0 na na
10 62054.656350305230 0.014783493592 cfg1 2 1 0 0 na na
10 62054.661350288474 0.014783292484 cfg1 2 2 0 0 na na
10 62054.676350282569 0.014782700274 cfg1 2 1 0 0 na na
10 62054.688350293017 0.014782225711 cfg1 2 1 0 0 na na
10 62054.691350294116 0.014782118765 cfg1 2 1 0 0 na na
10 62054.707350332362 0.014781475772 cfg1 2 1 0 0 na na
10 62054.733350298059 0.014780462204 cfg1 2 2 0 0 na na
10 62054.767350305741 0.014779125807 cfg1 2 1 0 0 na na
10 62054.786350336839 0.014778379471 cfg1 2 1 0 0 na na
10 62054.796350331632 0.014777991128 cfg1 2 1 0 0 na na
10 62054.817350302143 0.014777168175 cfg1 2 1 0 0 na na
10 62054.895350269901 0.014774094802 cfg1 2 2 0 0 na na
10 62054.905350312531 0.014773703299 cfg1 2 1 0 0 na na
10 62054.907350331541 0.014773636900 cfg1 2 1 0 0 na na
10 62055.018350277723 0.014769266050 cfg1 2 1 0 0 na na
10 62055.067350313771 0.014767340371 cfg1 2 1 0 0 na na
10 62055.068350299840 0.014767296587 cfg1 2 1 0 0 na na
10 62055.096350268811 0.014766201985 cfg1 2 1 0 0 na na
10 62055.098350290807 0.014766117251 cfg1 2 2 0 0 na na
10 62055.118350339311 0.014765319225 cfg1 2 1 0 0 na na
10 62055.120350338396 0.014765255656 cfg1 2 1 0 0 na na
10 62055.127350291941 0.014764977690 cfg1 2 2 0 0 na na
10 62055.205350328583 0.014761912934 cfg1 2 2 0 0 na na
10 62055.207350341871 0.014761828544 cfg1 2 1 0 0 na na
10 62055.227350341392 0.014761047322 cfg1 2 1 0 0 na na
10 62055.247350319225 0.014760276995 cfg1 2 1 0 0 na na
10 62055.252350318851 0.014760066443 cfg1 2 1 0 0 na na
10 62055.324350362708 0.014757248322 cfg1 2 1 0 0 na na
10 62055.328350366843 0.014757080450 cfg1 2 2 0 0 na na
10 62055.417350269390 0.014753581221 cfg1 2 1 0 0 na na
10 62055.422350317681 0.014753395993 cfg1 2 1 0 0 na na
10 62055.437350315949 0.014752807553 cfg1 2 1 0 0 na na
10 62055.447350304356 0.014752416908 cfg1 2 1 0 0 na na
10 62055.519350330678 0.014749577404 cfg1 2 2 0 0 na na
10 62055.565350344387 0.014747764208 cfg1 2 1 0 0 na na
10 62055.623350296109 0.014745479123 cfg1 2 1 0 0 na na
10 62055.667350277325 0.014743764497 cfg1 2 2 0 0 na na
10 62055.694350343026 0.014742695903 cfg1 2 1 0 0 na na
10 62055.702350295677 0.014742386008 cfg1 2 1 0 0 na na
10 62055.724350370621 0.014741522232 cfg1 2 1 0 0 na na
10 62055.747350292865 0.014740622686 cfg1 2 2 0 0 na na
10 62055.751350303787 0.014740469480 cfg1 2 1 0 0 na na
10 62055.760350316700 0.014740106933 cfg1 2 1 0 0 na na
10 62055.845350265734 0.014736774298 cfg1 2 2 0 0 na na
10 62055.890350326932 0.014735008558 cfg1 2 1 0 0 na na
10 62055.904350326963 0.014734464124 cfg1 2 1 0 0 na na
10 62055.929350335826 0.014733475972 cfg1 2 2 0 0 na na
10 62055.933350298076 0.014733308838 cfg1 2 1 0 0 na na
10 62055.959350289464 0.014732298176 cfg1 2 1 0 0 na na
10 62055.979350255996 0.014731506074 cfg1 2 1 0 0 na na
10 62056.018350262431 0.014729969441 cfg1 2 1 0 0 na na
10 62056.021350370448 0.014729863736 cfg1 2 2 0 0 na na
10 62056.073350305179 0.014727834126 cfg1 2 1 0 0 na na
10 62056.106350332928 0.014726515280 cfg1 2 1 0 0 na na
10 62056.117350290864 0.014726093105 cfg1 2 1 0 0 na na
10 62056.136350308956 0.014725334021 cfg1 2 1 0 0 na na
10 62056.139350290049 0.014725237496 cfg1 2 1 0 0 na na
10 62056.157350311466 0.014724537263 cfg1 2 1 0 0 na na
10 62056.166350323722 0.014724181055 cfg1 2 1 0 0 na na
10 62056.220350287021 0.014722051551 cfg1 2 2 0 0 na na
10 62056.252350266269 0.014720780410 cfg1 2 1 0 0 na na
10 62056.301350289842 0.014718873872 cfg1 2 1 0 0 na na
10 62056.343350338139 0.014717222138 cfg1 2 1 0 0 na na
10 62056.358350270132 0.014716638104 cfg1 2 1 0 0 na na
10 62056.391350290146 0.014715350128 cfg1 2 1 0 0 na na
10 62056.443350325228 0.014713298854 cfg1 2 1 0 0 na na
10 62056.461350260037 0.014712601691 cfg1 2 1 0 0 na na
10 62056.491350323816 0.014711420399 cfg1 2 1 0 0 na na
10 62056.498350255815 0.014711151583 cfg1 2 1 0 0 na na
10 62056.500350342861 0.014711061832 cfg1 2 2 0 0 na na
10 62056.505350254050 0.014710872237 cfg1 2 1 0 0 na na
10 62056.555350335371 0.014708895513 cfg1 2 1 0 0 na na
10 62056.592350327288 0.014707451599 cfg1 2 2 0 0 na na
10 62056.600350326081 0.014707137664 cfg1 2 2 0 0 na na
10 62056.606350312325 0.014706901722 cfg1 2 1 0 0 na na
10 62056.660350265656 0.014704768388 cfg1 2 1 0 0 na na
10 62056.669350299924 0.014704442473 cfg1 2 1 0 0 na na
10 62056.678350273216 0.014704084666 cfg1 2 1 0 0 na na
10 62056.690350317915 0.014703606201 cfg1 2 2 0 0 na na
10 62056.696350323732 0.014703370814 cfg1 2 2 0 0 na na
10 62056.701350277680 0.014703173410 cfg1 2 1 0 0 na na
10 62056.727350254415 0.014702147746 cfg1 2 1 0 0 na na
10 62056.734350340741 0.014701889155 cfg1 2 1 0 0 na na
10 62056.792350314188 0.014699601310 cfg1 2 1 0 0 na na
10 62056.800350317388 0.014699285241 cfg1 2 1 0 0 na na
10 62056.846350322222 0.014697485649 cfg1 2 2 0 0 na na
10 62056.847350348511 0.014697446473 cfg1 2 2 0 0 na na
10 62056.871350314143 0.014696496669 cfg1 2 1 0 0 na na
10 62056.872350281965 0.014696468008 cfg1 2 1 0 0 na na
10 62056.882350264823 0.014696066945 cfg1 2 1 0 0 na na
10 62056.898350294584 0.014695445736 cfg1 2 2 0 0 na na
10 62056.951350311475 0.014693358700 cfg1 2 1 0 0 na na
10 62056.964350288777 0.014692844504 cfg1 2 1 0 0 na na
10 62056.979350327374 0.014692271296 cfg1 2 1 0 0 na na
10 62057.014350338110 0.014690893211 cfg1 2 1 0 0 na na
10 62057.032350299662 0.014690189378 cfg1 2 2 0 0 na na
10 62057.056350292866 0.014689248050 cfg1 2 2 0 0 na na
10 62057.067350330399 0.014688828356 cfg1 2 1 0 0 na na
10 62057.109350330547 0.014687169237 cfg1 2 2 0 0 na na
10 62057.140350305798 0.014685955184 cfg1 2 1 0 0 na na
10 62057.170350339084 0.014684785113 cfg1 2 1 0 0 na na
10 62057.176350334766 0.014684541455 cfg1 2 2 0 0 na na
10 62057.242350341856 0.014681953726 cfg1 2 1 0 0 na na
10 62057.364350310348 0.014677161817 cfg1 2 1 0 0 na na
10 62057.376350307240 0.014676695500 cfg1 2 1 0 0 na na
10 62057.457350336856 0.014673507506 cfg1 2 1 0 0 na na
10 62057.485350335767 0.014672431830 cfg1 2 1 0 0 na na
10 62057.510350261301 0.014671444960 cfg1 2 1 0 0 na na
10 62057.529350319970 0.014670701517 cfg1 2 1 0 0 na na
10 62057.601350317598 0.014667888312 cfg1 2 1 0 0 na na
10 62057.605350305319 0.014667725733 cfg1 2 1 0 0 na na
10 62057.626350272753 0.014666898098 cfg1 2 1 0 0 na na
10 62057.638350343305 0.014666415060 cfg1 2 1 0 0 na na
10 62057.654350306637 0.014665788423 cfg1 2 1 0 0 na na
10 62057.704350306613 0.014663839012 cfg1 2 2 0 0 na na
10 62057.707350358222 0.014663723211 cfg1 2 1 0 0 na na
10 62057.732350361374 0.014662729226 cfg1 2 1 0 0 na na
10 62057.757350318565 0.014661761625 cfg1 2 1 0 0 na na
10 62057.807350292590 0.014659813540 cfg1 2 1 0 0 na na
10 62057.823350331857 0.014659160263 cfg1 2 1 0 0 na na
10 62057.825350269930 0.014659101003 cfg1 2 1 0 0 na na
10 62057.899350316515 0.014656195885 cfg1 2 2 0 0 na na
10 62057.951350304823 0.014654150623 cfg1 2 1 0 0 na na
10 62057.962350356989 0.014653722348 cfg1 2 1 0 0 na na
10 62057.969350370141 0.014653454933 cfg1 2 1 0 0 na na
10 62057.979350348157 0.014653074646 cfg1 2 1 0 0 na na
10 62058.070350360825 0.014649482373 cfg1 2 1 0 0 na na
10 62058.076350311390 0.014649269133 cfg1 2 1 0 0 na na
10 62058.096350339230 0.014648461812 cfg1 2 1 0 0 na na
10 62058.098350319729 0.014648397305 cfg1 2 2 0 0 na na
10 62058.120350308635 0.014647535369 cfg1 2 2 0 0 na na
10 62058.131350257429 0.014647099265 cfg1 2 1 0 0 na na
10 62058.136350334581 0.014646905191 cfg1 2 1 0 0 na na
10 62058.163350359846 0.014645853255 cfg1 2 1 0 0 na na
10 62058.166350350647 0.014645736947 cfg1 2 1 0 0 na na
10 62058.215350294707 0.014643799000 cfg1 2 1 0 0 na na
10 62058.332350310398 0.014639229179 cfg1 2 2 0 0 na na
10 62058.333350313053 0.014639177937 cfg1 2 1 0 0 na na
10 62058.373350347201 0.014637623009 cfg1 2 2 0 0 na na
10 62058.423350324827 0.014635661594 cfg1 2 1 0 0 na na
10 62058.452350288893 0.014634516505 cfg1 2 1 0 0 na na
10 62058.471350305103 0.014633795792 cfg1 2 1 0 0 na na
10 62058.571350327451 0.014629856179 cfg1 2 1 0 0 na na
10 62058.575350333103 0.014629712543 cfg1 2 1 0 0 na na
10 62058.632350332132 0.014627469347 cfg1 2 1 0 0 na na
10 62058.648350292991 0.014626851391 cfg1 2 2 0 0 na na
10 62058.675350301344 0.014625787852 cfg1 2 1 0 0 na na
10 62058.732350333242 0.014623567788 cfg1 2 1 0 0 na na
10 62058.762350322357 0.014622375663 cfg1 2 1 0 0 na na
10 62058.818350338252 0.014620192319 cfg1 2 1 0 0 na na
10 62058.856350307987 0.014618696310 cfg1 2 1 0 0 na na
10 62058.920350295417 0.014616187542 cfg1 2 1 0 0 na na
10 62059.001350320489 0.014613039583 cfg1 2 1 0 0 na na
10 62059.049350363117 0.014611134091 cfg1 2 1 0 0 na na
10 62059.084350332970 0.014609764192 cfg1 2 1 0 0 na na
10 62059.104350293103 0.014608996341 cfg1 2 2 0 0 na na
10 62059.175350298725 0.014606214947 cfg1 2 1 0 0 na na
10 62059.192350282865 0.014605536982 cfg1 2 1 0 0 na na
10 62059.240350300831 0.014603672619 cfg1 2 2 0 0 na na
10 62059.245350288752 0.014603481142 cfg1 2 1 0 0 na na
10 62059.263350292391 0.014602778756 cfg1 2 1 0 0 na na
10 62059.264350295576 0.014602732837 cfg1 2 1 0 0 na na
10 62059.279350307608 0.014602155594 cfg1 2 1 0 0 na na
10 62059.313350336960 0.014600815380 cfg1 2 2 0 0 na na
10 62059.333350279555 0.014600019194 cfg1 2 1 0 0 na na
10 62059.435350343114 0.014596027873 cfg1 2 1 0 0 na na
10 62059.448350295247 0.014595532476 cfg1 2 1 0 0 na na
10 62059.461350325112 0.014595028081 cfg1 2 1 0 0 na na
10 62059.522350275397 0.014592622004 cfg1 2 1 0 0 na na
10 62059.595350266334 0.014589789427 cfg1 2 1 0 0 na na
10 62059.599350326515 0.014589621129 cfg1 2 1 0 0 na na
10 62059.628350251735 0.014588485195 cfg1 2 1 0 0 na na
10 62059.641350270379 0.014587969370 cfg1 2 1 0 0 na na
10 62059.664350301513 0.014587088657 cfg1 2 1 0 0 na na
10 62059.704350326844 0.014585525781 cfg1 2 1 0 0 na na
10 62059.719350306644 0.014584915721 cfg1 2 1 0 0 na na
10 62059.743350329742 0.014583988935 cfg1 2 1 0 0 na na
10 62059.785350330792 0.014582332429 cfg1 2 1 0 0 na na
10 62059.944350274878 0.014576110793 cfg1 2 1 0 0 na na
10 62059.955350263703 0.014575683294 cfg1 2 1 0 0 na na
10 62060.011350319065 0.014573505200 cfg1 2 2 0 0 na na
10 62060.021350339978 0.014573113715 cfg1 2 1 0 0 na na
10 62060.031350335557 0.014572722890 cfg1 2 2 0 0 na na
10 62060.109350285065 0.014569670045 cfg1 2 1 0 0 na na
10 62060.190350291949 0.014566510411 cfg1 2 1 0 0 na na
10 62060.207350309608 0.014565846966 cfg1 2 1 0 0 na na
10 62060.261350298016 0.014563719338 cfg1 2 1 0 0 na na
10 62060.291350301113 0.014562554988 cfg1 2 2 0 0 na na
10 62060.298350328123 0.014562275182 cfg1 2 1 0 0 na na
10 62060.315350293562 0.014561617112 cfg1 2 1 0 0 na na
10 62060.357350304329 0.014559974293 cfg1 2 2 0 0 na na
10 62060.362350323361 0.014559774095 cfg1 2 1 0 0 na na
10 62060.389350264193 0.014558712658 cfg1 2 1 0 0 na na
10 62060.449350330994 0.014556369500 cfg1 2 1 0 0 na na
10 62060.467350310320 0.014555676276 cfg1 2 1 0 0 na na
10 62060.531350343013 0.014553171506 cfg1 2 2 0 0 na na
10 62060.539350345633 0.014552858702 cfg1 2 2 0 0 na na
10 62060.584350290823 0.014551093296 cfg1 2 1 0 0 na na
10 62060.608350287095 0.014550152259 cfg1 2 1 0 0 na na
10 62060.622350331242 0.014549605845 cfg1 2 1 0 0 na na
10 62060.652350295009 0.014548440989 cfg1 2 1 0 0 na na
10 62060.725350339805 0.014545591698 cfg1 2 1 0 0 na na
10 62060.752350327335 0.014544532762 cfg1 2 2 0 0 na na
10 62060.785350273031 0.014543249294 cfg1 2 1 0 0 na na
10 62060.801350322749 0.014542620614 cfg1 2 1 0 0 na na
10 62060.809350332871 0.014542292160 cfg1 2 1 0 0 na na
10 62060.810350275758 0.014542251051 cfg1 2 1 0 0 na na
10 62060.854350310351 0.014540550949 cfg1 2 1 0 0 na na
10 62060.864350282187 0.014540155524 cfg1 2 2 0 0 na na
10 62060.872350332591 0.014539842819 cfg1 2 2 0 0 na na
10 62060.927350319511 0.014537692843 cfg1 2 1 0 0 na na
10 62060.930350307462 0.014537562207 cfg1 2 1 0 0 na na
10 62060.937350301547 0.014537296085 cfg1 2 1 0 0 na na
10 62060.967350331015 0.014536142391 cfg1 2 1 0 0 na na
10 62060.969350302760 0.014536045714 cfg1 2 1 0 0 na na
10 62061.037350378176 0.014533383631 cfg1 2 1 0 0 na na
10 62061.042350317900 0.014533187762 cfg1 2 1 0 0 na na
10 62061.084350307326 0.014531556295 cfg1 2 1 0 0 na na
10 62061.088350355658 0.014531390579 cfg1 2 1 0 0 na na
10 62061.091350290875 0.014531280981 cfg1 2 1 0 0 na na
10 62061.126350332669 0.014529914335 cfg1 2 1 0 0 na na
10 62061.129350308051 0.014529786478 cfg1 2 1 0 0 na na
10 62061.156350318442 0.014528746978 cfg1 2 1 0 0 na na
10 62061.166350328885 0.014528353932 cfg1 2 1 0 0 na na
10 62061.232350343074 0.014525768226 cfg1 2 1 0 0 na na
10 62061.254350303238 0.014524925845 cfg1 2 1 0 0 na na
10 62061.261350243564 0.014524653311 cfg1 2 1 0 0 na na
10 62061.273350352372 0.014524174666 cfg1 2 1 0 0 na na
10 62061.313350296360 0.014522616186 cfg1 2 1 0 0 na na
10 62061.331350284333 0.014521898762 cfg1 2 1 0 0 na na
10 62061.332350325648 0.014521869787 cfg1 2 2 0 0 na na
10 62061.534350331293 0.014513979902 cfg1 2 2 0 0 na na
10 62061.548350285957 0.014513417938 cfg1 2 1 0 0 na na
10 62061.626350318809 0.014510387847 cfg1 2 1 0 0 na na
10 62061.640350395444 0.014509831821 cfg1 2 1 0 0 na na
10 62061.658350281624 0.014509133213 cfg1 2 1 0 0 na na
10 62061.661350318572 0.014509027420 cfg1 2 1 0 0 na na
10 62061.696350262170 0.014507644808 cfg1 2 1 0 0 na na
10 62061.834350280897 0.014502265064 cfg1 2 2 0 0 na na
10 62061.890350405623 0.014500084292 cfg1 2 1 0 0 na na
10 62061.903350354314 0.014499571178 cfg1 2 2 0 0 na na
10 62061.960350323533 0.014497335356 cfg1 2 1 0 0 na na
10 62062.020350292277 0.014495003618 cfg1 2 2 0 0 na na
10 62062.042350264221 0.014494144551 cfg1 2 1 0 0 na na
10 62062.051350267842 0.014493789580 cfg1 2 1 0 0 na na
10 62062.088350348866 0.014492338212 cfg1 2 1 0 0 na na
10 62062.102350273634 0.014491807958 cfg1 2 1 0 0 na na
10 62062.139350308214 0.014490369275 cfg1 2 1 0 0 na na
10 62062.260350307695 0.014485634180 cfg1 2 1 0 0 na na
10 62062.266350283165 0.014485408398 cfg1 2 1 0 0 na na
10 62062.277350327787 0.014484981670 cfg1 2 1 0 0 na na
10 62062.284350346993 0.014484686216 cfg1 2 1 0 0 na na
10 62062.342350333362 0.014482438524 cfg1 2 1 0 0 na na
10 62062.343350289731 0.014482396828 cfg1 2 1 0 0 na na
10 62062.478350258322 0.014477118423 cfg1 2 1 0 0 na na
10 62062.519350320779 0.014475529098 cfg1 2 2 0 0 na na
10 62062.527350252051 0.014475214978 cfg1 2 1 0 0 na na
10 62062.673350306074 0.014469520967 cfg1 2 2 0 0 na na
10 62062.746350298910 0.014466687415 cfg1 2 1 0 0 na na
10 62062.820350360221 0.014463793373 cfg1 2 1 0 0 na na
10 62062.837350350528 0.014463123566 cfg1 2 2 0 0 na na
10 62062.850350326150 0.014462621646 cfg1 2 1 0 0 na na
10 62062.863350357575 0.014462108530 cfg1 2 1 0 0 na na
10 62062.963350336735 0.014458200452 cfg1 2 1 0 0 na na
10 62062.978350312133 0.014457638144 cfg1 2 1 0 0 na na
10 62063.073350301959 0.014453914060 cfg1 2 1 0 0 na na
10 62063.104350327667 0.014452722912 cfg1 2 1 0 0 na na
10 62063.175350351874 0.014449937318 cfg1 2 1 0 0 na na
10 62063.241350261943 0.014447359940 cfg1 2 1 0 0 na na
10 62063.243350260199 0.014447281664 cfg1 2 1 0 0 na na
10 62063.279350307062 0.014445882042 cfg1 2 1 0 0 na na
10 62063.339350314110 0.014443555600 cfg1 2 1 0 0 na na
10 62063.351350277177 0.014443073469 cfg1 2 1 0 0 na na
10 62063.416350297153 0.014440546181 cfg1 2 2 0 0 na na
10 62063.470350348317 0.014438445326 cfg1 2 1 0 0 na na
10 62063.490350337724 0.014437673650 cfg1 2 1 0 0 na na
10 62063.491350321993 0.014437627795 cfg1 2 1 0 0 na na
10 62063.552350304051 0.014435245281 cfg1 2 1 0 0 na na
10 62063.614350309435 0.014432821699 cfg1 2 1 0 0 na na
10 62063.656350327240 0.014431191516 cfg1 2 2 0 0 na na
10 62063.665350374905 0.014430855041 cfg1 2 1 0 0 na na
10 62063.732350301198 0.014428217519 cfg1 2 1 0 0 na na
10 62063.743350294902 0.014427804738 cfg1 2 1 0 0 na na
10 62063.800350291602 0.014425580216 cfg1 2 1 0 0 na na
10 62063.835350347545 0.014424228889 cfg1 2 1 0 0 na na
10 62063.846350349354 0.014423783849 cfg1 2 1 0 0 na na
10 62063.901350326161 0.014421635943 cfg1 2 1 0 0 na na
10 62063.905350309832 0.014421492160 cfg1 2 1 0 0 na na
10 62063.958350319524 0.014419430314 cfg1 2 1 0 0 na na
10 62064.031350275821 0.014416579383 cfg1 2 1 0 0 na na
10 62064.099350317158 0.014413934476 cfg1 2 1 0 0 na na
10 62064.178350259084 0.014410843135 cfg1 2 1 0 0 na na
10 62064.209350259790 0.014409645967 cfg1 2 1 0 0 na na
10 62064.249350319305 0.014408093575 cfg1 2 1 0 0 na na
10 62064.250350301116 0.014408060997 cfg1 2 1 0 0 na na
10 62064.269350266482 0.014407295483 cfg1 2 1 0 0 na na
10 62064.292350319323 0.014406412665 cfg1 2 1 0 0 na na
10 62064.315350321364 0.014405515316 cfg1 2 1 0 0 na na
10 62064.343350330448 0.014404412900 cfg1 2 1 0 0 na na
10 62064.382350368261 0.014402895865 cfg1 2 1 0 0 na na
10 62064.417350315715 0.014401541636 cfg1 2 1 0 0 na na
10 62064.423350293570 0.014401312298 cfg1 2 1 0 0 na na
10 62064.502350344519 0.014398219556 cfg1 2 1 0 0 na na
10 62064.547350296431 0.014396480972 cfg1 2 1 0 0 na na
10 62064.560350303768 0.014395975888 cfg1 2 1 0 0 na na
10 62064.591350302282 0.014394781200 cfg1 2 1 0 0 na na
10 62064.615350337792 0.014393820160 cfg1 2 1 0 0 na na
10 62064.631350301426 0.014393212438 cfg1 2 1 0 0 na na
10 62064.674350305190 0.014391526157 cfg1 2 1 0 0 na na
10 62064.727350301393 0.014389461736 cfg1 2 1 0 0 na na
10 62064.735350306276 0.014389174516 cfg1 2 1 0 0 na na
10 62064.776350326364 0.014387575183 cfg1 2 1 0 0 na na
10 62064.789350284920 0.014387066939 cfg1 2 1 0 0 na na
10 62064.803350252962 0.014386522959 cfg1 2 1 0 0 na na
10 62064.809350302473 0.014386290231 cfg1 2 1 0 0 na na
10 62064.853350276942 0.014384569821 cfg1 2 1 0 0 na na
10 62064.891350318359 0.014383100648 cfg1 2 1 0 0 na na
10 62064.898350329853 0.014382815531 cfg1 2 1 0 0 na na
10 62064.993350291905 0.014379117523 cfg1 2 1 0 0 na na
10 62065.012350281446 0.014378385334 cfg1 2 1 0 0 na na
10 62065.073350317175 0.014376015885 cfg1 2 1 0 0 na na
10 62065.104350323148 0.014374799594 cfg1 2 1 0 0 na na
10 62065.145350292899 0.014373217587 cfg1 2 1 0 0 na na
10 62065.149350254138 0.014373048287 cfg1 2 2 0 0 na na
10 62065.162350295038 0.014372532810 cfg1 2 1 0 0 na na
10 62065.178350311487 0.014371919811 cfg1 2 2 0 0 na na
10 62065.298350334941 0.014367250617 cfg1 2 2 0 0 na na
10 62065.312350327156 0.014366713319 cfg1 2 1 0 0 na na
10 62065.335350307413 0.014365810979 cfg1 2 2 0 0 na na
10 62065.365350288090 0.014364646502 cfg1 2 1 0 0 na na
10 62065.377350294070 0.014364177225 cfg1 2 1 0 0 na na
10 62065.427350337153 0.014362231696 cfg1 2 2 0 0 na na
10 62065.457350305529 0.014361076525 cfg1 2 1 0 0 na na
10 62065.504350333593 0.014359239875 cfg1 2 1 0 0 na na
10 62065.508350254789 0.014359077083 cfg1 2 1 0 0 na na
10 62065.518350350750 0.014358691959 cfg1 2 1 0 0 na na
10 62065.595350304880 0.014355696520 cfg1 2 2 0 0 na na
10 62065.700350276210 0.014351599204 cfg1 2 1 0 0 na na
10 62065.717350283101 0.014350964037 cfg1 2 1 0 0 na na
10 62065.758350324142 0.014349356832 cfg1 2 2 0 0 na na
10 62065.761350338103 0.014349229480 cfg1 2 1 0 0 na na
10 62065.783350289198 0.014348385777 cfg1 2 1 0 0 na na
10 62065.804350384733 0.014347573865 cfg1 2 1 0 0 na na
10 62065.863350325607 0.014345265192 cfg1 2 1 0 0 na na
10 62065.864350260090 0.014345226929 cfg1 2 1 0 0 na na
10 62065.866350330097 0.014345144045 cfg1 2 1 0 0 na na
10 62065.872350277253 0.014344936426 cfg1 2 1 0 0 na na
10 62065.881350304415 0.014344573639 cfg1 2 2 0 0 na na
10 62065.898350310199 0.014343926184 cfg1 2 1 0 0 na na
10 62065.910350312285 0.014343446060 cfg1 2 2 0 0 na na
10 62065.937350379100 0.014342393096 cfg1 2 1 0 0 na na
10 62065.946350306759 0.014342049154 cfg1 2 1 0 0 na na
10 62065.978350271741 0.014340792920 cfg1 2 1 0 0 na na
10 62065.982350359403 0.014340646466 cfg1 2 2 0 0 na na
10 62066.024350312144 0.014339013464 cfg1 2 2 0 0 na na
10 62066.030350301183 0.014338781516 cfg1 2 1 0 0 na na
10 62066.042350322987 0.014338314202 cfg1 2 1 0 0 na na
10 62066.059350282043 0.014337639364 cfg1 2 1 0 0 na na
10 62066.079350311884 0.014336870383 cfg1 2 1 0 0 na na
10 62066.141350318124 0.014334453464 cfg1 2 1 0 0 na na
10 62066.142350300961 0.014334426036 cfg1 2 1 0 0 na na
10 62066.160350264336 0.014333712400 cfg1 2 1 0 0 na na
10 62066.196350317592 0.014332314676 cfg1 2 1 0 0 na na
10 62066.222350281045 0.014331308580 cfg1 2 1 0 0 na na
10 62066.256350284564 0.014330007226 cfg1 2 1 0 0 na na
10 62066.269350332150 0.014329497812 cfg1 2 1 0 0 na na
10 62066.369350306474 0.014325611097 cfg1 2 1 0 0 na na
10 62066.399350259892 0.014324427769 cfg1 2 1 0 0 na na
10 62066.433350266607 0.014323118220 cfg1 2 1 0 0 na na
10 62066.509350336029 0.014320149234 cfg1 2 1 0 0 na na
10 62066.527350327509 0.014319468430 cfg1 2 1 0 0 na na
10 62066.566350317601 0.014317959830 cfg1 2 1 0 0 na na
10 62066.670350261801 0.014313905537 cfg1 2 2 0 0 na na
10 62066.713350326370 0.014312221011 cfg1 2 1 0 0 na na
10 62066.749350349097 0.014310839983 cfg1 2 1 0 0 na na
10 62066.867350295669 0.014306243599 cfg1 2 1 0 0 na na
10 62066.923350349132 0.014304090597 cfg1 2 1 0 0 na na
10 62066.948350305268 0.014303096324 cfg1 2 1 0 0 na na
10 62066.964350327920 0.014302483324 cfg1 2 1 0 0 na na
10 62066.995350318554 0.014301293494 cfg1 2 1 0 0 na na
10 62067.030350374620 0.014299926974 cfg1 2 1 0 0 na na
10 62067.051350296843 0.014299113932 cfg1 2 1 0 0 na na
10 62067.106350315428 0.014296977203 cfg1 2 1 0 0 na na
10 62067.118350310943 0.014296516301 cfg1 2 1 0 0 na na
10 62067.161350262243 0.014294836069 cfg1 2 1 0 0 na na
10 62067.179350316015 0.014294148030 cfg1 2 1 0 0 na na
10 62067.319350251301 0.014288700344 cfg1 2 1 0 0 na na
10 62067.376350315315 0.014286490452 cfg1 2 1 0 0 na na
10 62067.512350285022 0.014281205001 cfg1 2 1 0 0 na na
10 62067.615350282008 0.014277199222 cfg1 2 1 0 0 na na
10 62067.619350324614 0.014277044322 cfg1 2 1 0 0 na na
10 62067.645350297336 0.014276042341 cfg1 2 2 0 0 na na
10 62067.687350359809 0.014274412459 cfg1 2 1 0 0 na na
10 62067.733350395055 0.014272620723 cfg1 2 1 0 0 na na
10 62067.788350325711 0.014270490462 cfg1 2 1 0 0 na na
10 62067.892350338687 0.014266456295 cfg1 2 2 0 0 na na
10 62068.068350269676 0.014259632969 cfg1 2 1 0 0 na na
10 62068.088350265344 0.014258857999 cfg1 2 1 0 0 na na
10 62068.090350264756 0.014258762248 cfg1 2 1 0 0 na na
10 62068.100350241660 0.014258395272 cfg1 2 1 0 0 na na
10 62068.110350287799 0.014258009142 cfg1 2 1 0 0 na na
10 62068.190350358534 0.014254894420 cfg1 2 1 0 0 na na
10 62068.198350298869 0.014254584010 cfg1 2 2 0 0 na na
10 62068.263350307407 0.014252064593 cfg1 2 1 0 0 na na
10 62068.291350335951 0.014250973810 cfg1 2 1 0 0 na na
10 62068.342350307637 0.014249007183 cfg1 2 1 0 0 na na
10 62068.423350285223 0.014245864611 cfg1 2 1 0 0 na na
10 62068.453350254849 0.014244692104 cfg1 2 1 0 0 na na
10 62068.469350275260 0.014244072156 cfg1 2 1 0 0 na na
10 62068.470350286741 0.014244040034 cfg1 2 1 0 0 na na
10 62068.492350314270 0.014243181002 cfg1 2 1 0 0 na na
10 62068.497350276766 0.014242996714 cfg1 2 1 0 0 na na
10 62068.532350315053 0.014241638055 cfg1 2 1 0 0 na na
10 62068.557350254967 0.014240660428 cfg1 2 1 0 0 na na
10 62068.576350294225 0.014239927618 cfg1 2 1 0 0 na na
10 62068.584350262298 0.014239604664 cfg1 2 1 0 0 na na
10 62068.681350293981 0.014235852335 cfg1 2 2 0 0 na na
10 62068.700350334714 0.014235112474 cfg1 2 1 0 0 na na
10 62068.716350310651 0.014234495022 cfg1 2 1 0 0 na na
10 62068.739350301507 0.014233599966 cfg1 2 1 0 0 na na
10 62068.799350297731 0.014231261952 cfg1 2 1 0 0 na na
10 62068.808350331086 0.014230919334 cfg1 2 1 0 0 na na
10 62068.822350311529 0.014230380206 cfg1 2 1 0 0 na na
10 62068.835350256643 0.014229875121 cfg1 2 1 0 0 na na
10 62068.837350292012 0.014229797641 cfg1 2 1 0 0 na na
10 62068.858350320181 0.014228990215 cfg1 2 2 0 0 na na
10 62068.876350316981 0.014228292490 cfg1 2 2 0 0 na na
10 62068.918350297084 0.014226664403 cfg1 2 2 0 0 na na
10 62068.934350307235 0.014226044261 cfg1 2 1 0 0 na na
10 62068.972350310691 0.014224564622 cfg1 2 1 0 0 na na
10 62068.973350313659 0.014224529682 cfg1 2 1 0 0 na na
10 62068.983350281301 0.014224146651 cfg1 2 1 0 0 na na
10 62068.988350302164 0.014223955201 cfg1 2 1 0 0 na na
10 62069.007350249757 0.014223217277 cfg1 2 1 0 0 na na
10 62069.027350311669 0.014222442599 cfg1 2 1 0 0 na na
10 62069.149350260365 0.014217701678 cfg1 2 1 0 0 na na
10 62069.170350279268 0.014216897521 cfg1 2 2 0 0 na na
10 62069.217350321118 0.014215076252 cfg1 2 2 0 0 na na
10 62069.353350266981 0.014209806426 cfg1 2 2 0 0 na na
10 62069.383350289977 0.014208631510 cfg1 2 1 0 0 na na
10 62069.404350287002 0.014207825884 cfg1 2 1 0 0 na na
10 62069.426350318404 0.014206971714 cfg1 2 1 0 0 na na
10 62069.427350292406 0.014206949772 cfg1 2 1 0 0 na na
10 62069.507350277930 0.014203849870 cfg1 2 1 0 0 na na
10 62069.509350298527 0.014203765786 cfg1 2 1 0 0 na na
10 62069.515350307259 0.014203539979 cfg1 2 1 0 0 na na
10 62069.574350315311 0.014201238110 cfg1 2 1 0 0 na na
10 62069.582350327845 0.014200935153 cfg1 2 1 0 0 na na
10 62069.692350333541 0.014196669106 cfg1 2 1 0 0 na na
10 62069.705350296879 0.014196179519 cfg1 2 1 0 0 na na
10 62069.736350257250 0.014194964699 cfg1 2 1 0 0 na na
10 62069.758350319077 0.014194121484 cfg1 2 1 0 0 na na
10 62069.765350315970 0.014193840411 cfg1 2 1 0 0 na na
10 62069.769350301628 0.014193689143 cfg1 2 1 0 0 na na
10 62069.845350339488 0.014190762982 cfg1 2 1 0 0 na na
10 62069.899350319347 0.014188671155 cfg1 2 1 0 0 na na
10 62069.907350262700 0.014188339500 cfg1 2 1 0 0 na na
10 62069.924350255653 0.014187692645 cfg1 2 1 0 0 na na
10 62069.934350268208 0.014187288409 cfg1 2 1 0 0 na na
10 62069.958350345271 0.014186372765 cfg1 2 1 0 0 na na
10 62070.003350356635 0.014184641574 cfg1 2 1 0 0 na na
10 62070.086350252265 0.014181414887 cfg1 2 1 0 0 na na
10 62070.147350278647 0.014179056790 cfg1 2 1 0 0 na na
10 62070.153350314785 0.014178824501 cfg1 2 1 0 0 na na
10 62070.182350321872 0.014177710330 cfg1 2 1 0 0 na na
10 62070.188350310332 0.014177467333 cfg1 2 1 0 0 na na
10 62070.265350328244 0.014174481311 cfg1 2 1 0 0 na na
10 62070.275350275521 0.014174087231 cfg1 2 1 0 0 na na
10 62070.307350281669 0.014172875292 cfg1 2 1 0 0 na na
10 62070.310350289991 0.014172733452 cfg1 2 1 0 0 na na
10 62070.452350324211 0.014167262905 cfg1 2 1 0 0 na na
10 62070.453350258928 0.014167212360 cfg1 2 2 0 0 na na
10 62070.504350295842 0.014165229855 cfg1 2 1 0 0 na na
10 62070.576350293815 0.014162458186 cfg1 2 1 0 0 na na
10 62070.644350332079 0.014159821582 cfg1 2 2 0 0 na na
10 62070.677350290027 0.014158554112 cfg1 2 1 0 0 na na
10 62070.697350323576 0.014157771042 cfg1 2 1 0 0 na na
10 62070.773350266616 0.014154824896 cfg1 2 1 0 0 na na
10 62070.784350310144 0.014154406455 cfg1 2 1 0 0 na na
10 62070.788350265975 0.014154255153 cfg1 2 1 0 0 na na
10 62070.791350297799 0.014154131663 cfg1 2 1 0 0 na na
10 62070.826350344102 0.014152783252 cfg1 2 1 0 0 na na
10 62070.925350313671 0.014148957482 cfg1 2 1 0 0 na na
10 62070.986350267063 0.014146578437 cfg1 2 1 0 0 na na
10 62071.033350339641 0.014144775800 cfg1 2 1 0 0 na na
10 62071.064350306143 0.014143574898 cfg1 2 2 0 0 na na
10 62071.209350286839 0.014137974810 cfg1 2 1 0 0 na na
10 62071.263350289376 0.014135879745 cfg1 2 1 0 0 na na
10 62071.297350304307 0.014134574201 cfg1 2 1 0 0 na na
10 62071.320350266454 0.014133679366 cfg1 2 1 0 0 na na
10 62071.341350330094 0.014132856571 cfg1 2 1 0 0 na na
10 62071.363350284622 0.014132016435 cfg1 2 1 0 0 na na
10 62071.399350283222 0.014130616393 cfg1 2 1 0 0 na na
10 62071.423350327675 0.014129694784 cfg1 2 1 0 0 na na
10 62071.570350285112 0.014123995786 cfg1 2 1 0 0 na na
10 62071.583350323376 0.014123515804 cfg1 2 1 0 0 na na
10 62071.660350265524 0.014120538031 cfg1 2 1 0 0 na na
10 62071.664350279240 0.014120392313 cfg1 2 1 0 0 na na
10 62071.733350282647 0.014117703011 cfg1 2 1 0 0 na na
10 62071.781350263427 0.014115846474 cfg1 2 1 0 0 na na
10 62071.827350333261 0.014114076134 cfg1 2 1 0 0 na na
10 62071.867350349981 0.014112537996 cfg1 2 1 0 0 na na
10 62071.910350257612 0.014110864386 cfg1 2 1 0 0 na na
10 62072.072350353096 0.014104613066 cfg1 2 2 0 0 na na
10 62072.105350381992 0.014103341141 cfg1 2 1 0 0 na na
10 62072.133350285819 0.014102255208 cfg1 2 1 0 0 na na
10 62072.184350324770 0.014100284021 cfg1 2 1 0 0 na na
10 62072.193350239031 0.014099950154 cfg1 2 1 0 0 na na
10 62072.202350318594 0.014099577987 cfg1 2 1 0 0 na na
10 62072.251350340882 0.014097701491 cfg1 2 1 0 0 na na
10 62072.281350320379 0.014096541054 cfg1 2 1 0 0 na na
10 62072.288350304813 0.014096270077 cfg1 2 1 0 0 na na
10 62072.326350302193 0.014094798518 cfg1 2 1 0 0 na na
10 62072.375350236938 0.014092919781 cfg1 2 1 0 0 na na
10 62072.413350291307 0.014091442270 cfg1 2 1 0 0 na na
10 62072.440350277592 0.014090398090 cfg1 2 1 0 0 na na
10 62072.513350279074 0.014087580741 cfg1 2 2 0 0 na na
10 62072.523350333290 0.014087204391 cfg1 2 1 0 0 na na
10 62072.581350298208 0.014084944353 cfg1 2 1 0 0 na na
10 62072.594350337022 0.014084458959 cfg1 2 1 0 0 na na
10 62072.641350298542 0.014082632989 cfg1 2 1 0 0 na na
10 62072.654350371699 0.014082149555 cfg1 2 1 0 0 na na
10 62072.725350261319 0.014079388014 cfg1 2 1 0 0 na na
10 62072.825350295444 0.014075543887 cfg1 2 1 0 0 na na
10 62072.907350300867 0.014072364300 cfg1 2 1 0 0 na na
10 62072.915350247178 0.014072064532 cfg1 2 1 0 0 na na
10 62072.978350342256 0.014069615526 cfg1 2 1 0 0 na na
10 62073.016350320146 0.014068163997 cfg1 2 1 0 0 na na
10 62073.098350259953 0.014064992008 cfg1 2 1 0 0 na na
10 62073.191350371751 0.014061397075 cfg1 2 1 0 0 na na
10 62073.220350279559 0.014060287911 cfg1 2 1 0 0 na na
10 62073.265350359560 0.014058548048 cfg1 2 1 0 0 na na
10 62073.274350308854 0.014058195331 cfg1 2 1 0 0 na na
10 62073.348350288236 0.014055365804 cfg1 2 1 0 0 na na
10 62073.391350347378 0.014053693554 cfg1 2 1 0 0 na na
10 62073.472350333110 0.014050570552 cfg1 2 2 0 0 na na
10 62073.475350326567 0.014050440787 cfg1 2 1 0 0 na na
10 62073.476350330026 0.014050408774 cfg1 2 1 0 0 na na
10 62073.477350280687 0.014050362807 cfg1 2 1 0 0 na na
10 62073.497350289998 0.014049618578 cfg1 2 1 0 0 na na
10 62073.531350323990 0.014048288398 cfg1 2 1 0 0 na na
10 62073.532350302061 0.014048245155 cfg1 2 1 0 0 na na
10 62073.548350319641 0.014047629076 cfg1 2 1 0 0 na na
10 62073.554350308715 0.014047403786 cfg1 2 1 0 0 na na
10 62073.605350265190 0.014045426821 cfg1 2 1 0 0 na na
10 62073.608350346216 0.014045314799 cfg1 2 1 0 0 na na
10 62073.779350277053 0.014038736646 cfg1 2 1 0 0 na na
10 62073.792350277285 0.014038230447 cfg1 2 1 0 0 na na
10 62073.816350287102 0.014037304144 cfg1 2 1 0 0 na na
10 62073.838350366378 0.014036450609 cfg1 2 1 0 0 na na
10 62073.915350335778 0.014033493019 cfg1 2 1 0 0 na na
10 62073.933350323443 0.014032793480 cfg1 2 2 0 0 na na
10 62073.999350353253 0.014030249225 cfg1 2 1 0 0 na na
10 62074.022350288489 0.014029372799 cfg1 2 1 0 0 na na
10 62074.025350280876 0.014029254367 cfg1 2 1 0 0 na na
10 62074.047350328789 0.014028394080 cfg1 2 1 0 0 na na
10 62074.276350256933 0.014019576157 cfg1 2 1 0 0 na na
10 62074.279350318482 0.014019457131 cfg1 2 1 0 0 na na
10 62074.293350265726 0.014018924861 cfg1 2 1 0 0 na na
10 62074.350350295009 0.014016726887 cfg1 2 1 0 0 na na
10 62074.380350308292 0.014015565980 cfg1 2 1 0 0 na na
10 62074.385350249156 0.014015384925 cfg1 2 1 0 0 na na
10 62074.399350351260 0.014014832920 cfg1 2 2 0 0 na na
10 62074.524350305402 0.014010004332 cfg1 2 1 0 0 na na
10 62074.544350299083 0.014009246177 cfg1 2 2 0 0 na na
10 62074.563350390461 0.014008520650 cfg1 2 1 0 0 na na
10 62074.580350295828 0.014007860617 cfg1 2 1 0 0 na na
10 62074.630350291810 0.014005920781 cfg1 2 1 0 0 na na
10 62074.670350333915 0.014004392221 cfg1 2 2 0 0 na na
10 62074.730350343881 0.014002088818 cfg1 2 1 0 0 na na
10 62074.742350287111 0.014001618248 cfg1 2 1 0 0 na na
10 62074.746350287525 0.014001464349 cfg1 2 1 0 0 na na
10 62074.776350285988 0.014000314410 cfg1 2 1 0 0 na na
10 62074.778350276779 0.014000236364 cfg1 2 1 0 0 na na
10 62074.871350308133 0.013996639437 cfg1 2 1 0 0 na na
10 62074.973350310044 0.013992709028 cfg1 2 1 0 0 na na
10 62075.002350305492 0.013991590620 cfg1 2 1 0 0 na na
10 62075.015350364718 0.013991102189 cfg1 2 1 0 0 na na
10 62075.120350339538 0.013987057745 cfg1 2 1 0 0 na na
10 62075.123350252262 0.013986946916 cfg1 2 1 0 0 na na
10 62075.140350284949 0.013986276839 cfg1 2 1 0 0 na na
10 62075.142350296385 0.013986212399 cfg1 2 1 0 0 na na
10 62075.409350313135 0.013975927228 cfg1 2 1 0 0 na na
10 62075.453350339153 0.013974257938 cfg1 2 1 0 0 na na
10 62075.531350253110 0.013971238681 cfg1 2 1 0 0 na na
10 62075.586350331108 0.013969126075 cfg1 2 1 0 0 na na
10 62075.604350344792 0.013968432964 cfg1 2 2 0 0 na na
10 62075.690350319673 0.013965122130 cfg1 2 1 0 0 na na
10 62075.737350314802 0.013963320831 cfg1 2 1 0 0 na na
10 62075.743350355403 0.013963097293 cfg1 2 1 0 0 na na
10 62075.752350275169 0.013962741717 cfg1 2 1 0 0 na na
10 62075.799350340454 0.013960936483 cfg1 2 1 0 0 na na
10 62075.802350303001 0.013960814876 cfg1 2 2 0 0 na na
10 62075.999350380396 0.013953222401 cfg1 2 1 0 0 na na
10 62076.147350267547 0.013947556865 cfg1 2 1 0 0 na na
10 62076.223350320253 0.013944608792 cfg1 2 1 0 0 na na
10 62076.242350308676 0.013943892692 cfg1 2 1 0 0 na na
10 62076.333350283482 0.013940394708 cfg1 2 1 0 0 na na
10 62076.334350293746 0.013940353117 cfg1 2 1 0 0 na na
10 62076.352350292401 0.013939670782 cfg1 2 1 0 0 na na
10 62076.423350280626 0.013936946132 cfg1 2 1 0 0 na na
10 62076.432350267125 0.013936572076 cfg1 2 1 0 0 na na
10 62076.439350356910 0.013936330302 cfg1 2 1 0 0 na na
10 62076.452350240551 0.013935826476 cfg1 2 1 0 0 na na
10 62076.476350313392 0.013934895123 cfg1 2 1 0 0 na na
10 62076.534350290546 0.013932670816 cfg1 2 1 0 0 na na
10 62076.580350336792 0.013930906414 cfg1 2 1 0 0 na na
10 62076.588350304505 0.013930589910 cfg1 2 2 0 0 na na
10 62076.611350253676 0.013929703135 cfg1 2 1 0 0 na na
10 62076.790350321471 0.013922826564 cfg1 2 2 0 0 na na
10 62076.807350306366 0.013922173317 cfg1 2 2 0 0 na na
10 62076.855350318696 0.013920330888 cfg1 2 1 0 0 na na
10 62076.927350281441 0.013917562427 cfg1 2 2 0 0 na na
10 62076.932350305027 0.013917377419 cfg1 2 1 0 0 na na
10 62076.946350306342 0.013916839979 cfg1 2 1 0 0 na na
10 62076.953350269934 0.013916563421 cfg1 2 2 0 0 na na
10 62076.957350291440 0.013916409747 cfg1 2 2 0 0 na na
10 62076.974350321164 0.013915760571 cfg1 2 1 0 0 na na
10 62077.045350294403 0.013913040730 cfg1 2 1 0 0 na na
10 62077.075350271200 0.013911890682 cfg1 2 1 0 0 na na
10 62077.093350278268 0.013911184942 cfg1 2 2 0 0 na na
10 62077.096350276838 0.013911074949 cfg1 2 1 0 0 na na
10 62077.120350326212 0.013910153740 cfg1 2 1 0 0 na na
10 62077.175350307200 0.013908035814 cfg1 2 1 0 0 na na
10 62077.204350311930 0.013906921226 cfg1 2 2 0 0 na na
10 62077.247350265551 0.013905256396 cfg1 2 1 0 0 na na
10 62077.276350254890 0.013904151984 cfg1 2 1 0 0 na na
10 62077.324350314377 0.013902297005 cfg1 2 1 0 0 na na
10 62077.385350341446 0.013899983661 cfg1 2 1 0 0 na na
10 62077.393350305614 0.013899658784 cfg1 2 1 0 0 na na
10 62077.424350341041 0.013898457185 cfg1 2 1 0 0 na na
10 62077.432350370626 0.013898150132 cfg1 2 1 0 0 na na
10 62077.484350302146 0.013896177487 cfg1 2 1 0 0 na na
10 62077.490350365321 0.013895930288 cfg1 2 1 0 0 na na
10 62077.516350300242 0.013894950699 cfg1 2 1 0 0 na na
10 62077.544350319114 0.013893864494 cfg1 2 1 0 0 na na
10 62077.671350322566 0.013888993594 cfg1 2 1 0 0 na na
10 62077.745350327300 0.013886150287 cfg1 2 1 0 0 na na
10 62077.754350262170 0.013885802570 cfg1 2 2 0 0 na na
10 62077.764350270389 0.013885415308 cfg1 2 1 0 0 na na
10 62077.789350309683 0.013884446633 cfg1 2 1 0 0 na na
10 62077.869350339725 0.013881388491 cfg1 2 2 0 0 na na
10 62077.880350317235 0.013880967555 cfg1 2 1 0 0 na na
10 62077.922350346044 0.013879344397 cfg1 2 1 0 0 na na
10 62077.972350338236 0.013877440943 cfg1 2 1 0 0 na na
10 62078.099350282455 0.013872561604 cfg1 2 1 0 0 na na
10 62078.121350268436 0.013871722965 cfg1 2 1 0 0 na na
10 62078.148350331331 0.013870692092 cfg1 2 1 0 0 na na
10 62078.166350266212 0.013869986309 cfg1 2 1 0 0 na na
10 62078.173350298442 0.013869723033 cfg1 2 2 0 0 na na
10 62078.349350296895 0.013862971213 cfg1 2 2 0 0 na na
10 62078.350350259718 0.013862932859 cfg1 2 2 0 0 na na
10 62078.357350312689 0.013862657622 cfg1 2 1 0 0 na na
10 62078.392350324566 0.013861318755 cfg1 2 1 0 0 na na
10 62078.439350257751 0.013859514181 cfg1 2 1 0 0 na na
10 62078.583350335517 0.013854003965 cfg1 2 1 0 0 na na
10 62078.587350313621 0.013853846115 cfg1 2 1 0 0 na na
10 62078.614350342332 0.013852807706 cfg1 2 2 0 0 na na
10 62078.618350273696 0.013852647651 cfg1 2 1 0 0 na na
10 62078.661350319509 0.013851001027 cfg1 2 1 0 0 na na
10 62078.767350327986 0.013846953870 cfg1 2 1 0 0 na na
10 62078.836350306041 0.013844299138 cfg1 2 1 0 0 na na
10 62078.846350250423 0.013843916618 cfg1 2 1 0 0 na na
10 62078.853350258327 0.013843638523 cfg1 2 1 0 0 na na
10 62078.877350298446 0.013842730368 cfg1 2 1 0 0 na na
10 62078.923350339652 0.013840958394 cfg1 2 1 0 0 na na
10 62078.977350281209 0.013838886585 cfg1 2 1 0 0 na na
10 62078.989350265769 0.013838416232 cfg1 2 1 0 0 na na
10 62078.993350250152 0.013838281802 cfg1 2 1 0 0 na na
10 62079.076350280987 0.013835107673 cfg1 2 1 0 0 na na
10 62079.114350257215 0.013833629807 cfg1 2 1 0 0 na na
10 62079.143350263204 0.013832525557 cfg1 2 1 0 0 na na
10 62079.191350295592 0.013830691840 cfg1 2 1 0 0 na na
10 62079.239350310885 0.013828835153 cfg1 2 1 0 0 na na
10 62079.296350257265 0.013826676950 cfg1 2 1 0 0 na na
10 62079.322350312544 0.013825673683 cfg1 2 1 0 0 na na
10 62079.323350260592 0.013825621341 cfg1 2 1 0 0 na na
10 62079.334350298463 0.013825220996 cfg1 2 1 0 0 na na
10 62079.429350294901 0.013821559966 cfg1 2 1 0 0 na na
10 62079.513350240363 0.013818361819 cfg1 2 1 0 0 na na
10 62079.517350332053 0.013818204207 cfg1 2 1 0 0 na na
10 62079.569350263699 0.013816192887 cfg1 2 1 0 0 na na
10 62079.580350353240 0.013815782136 cfg1 2 1 0 0 na na
10 62079.666350343401 0.013812493468 cfg1 2 1 0 0 na na
10 62079.679350314976 0.013812007395 cfg1 2 1 0 0 na na
10 62079.686350284185 0.013811732237 cfg1 2 1 0 0 na na
10 62079.691350324736 0.013811534218 cfg1 2 1 0 0 na na
10 62079.710350259679 0.013810817741 cfg1 2 1 0 0 na na
10 62079.755350255890 0.013809075983 cfg1 2 1 0 0 na na
10 62079.771350285530 0.013808470960 cfg1 2 1 0 0 na na
10 62079.804350306967 0.013807195647 cfg1 2 1 0 0 na na
10 62079.870350250194 0.013804676697 cfg1 2 1 0 0 na na
10 62079.900350306463 0.013803543034 cfg1 2 1 0 0 na na
10 62079.905350307171 0.013803339347 cfg1 2 2 0 0 na na
10 62079.938350317410 0.013802088339 cfg1 2 1 0 0 na na
10 62079.954350303310 0.013801456463 cfg1 2 1 0 0 na na
10 62079.980350321026 0.013800462964 cfg1 2 1 0 0 na na
10 62080.123350318812 0.013794984480 cfg1 2 1 0 0 na na
10 62080.139350309113 0.013794380988 cfg1 2 2 0 0 na na
10 62080.141350276871 0.013794304451 cfg1 2 2 0 0 na na
10 62080.252350352747 0.013790068880 cfg1 2 1 0 0 na na
10 62080.299350311467 0.013788260853 cfg1 2 1 0 0 na na
10 62080.336350356960 0.013786831696 cfg1 2 1 0 0 na na
10 62080.402350319534 0.013784315550 cfg1 2 1 0 0 na na
10 62080.453350267587 0.013782373583 cfg1 2 1 0 0 na na
10 62080.466350332605 0.013781859328 cfg1 2 1 0 0 na na
10 62080.489350288940 0.013780981337 cfg1 2 1 0 0 na na
10 62080.517350265922 0.013779918483 cfg1 2 1 0 0 na na
10 62080.550350321810 0.013778658472 cfg1 2 1 0 0 na na
10 62080.557350267461 0.013778369501 cfg1 2 1 0 0 na na
10 62080.581350322071 0.013777478314 cfg1 2 1 0 0 na na
10 62080.592350287361 0.013777045730 cfg1 2 2 0 0 na na
10 62080.655350308061 0.013774621184 cfg1 2 1 0 0 na na
10 62080.714350292507 0.013772373482 cfg1 2 1 0 0 na na
10 62080.744350275461 0.013771231156 cfg1 2 2 0 0 na na
10 62080.758350268768 0.013770695645 cfg1 2 2 0 0 na na
10 62080.771350252366 0.013770198405 cfg1 2 2 0 0 na na
10 62080.792350324075 0.013769383592 cfg1 2 1 0 0 na na
10 62080.801350275002 0.013769062660 cfg1 2 1 0 0 na na
10 62080.808350297518 0.013768768474 cfg1 2 1 0 0 na na
10 62080.839350312536 0.013767588296 cfg1 2 1 0 0 na na
10 62080.882350279025 0.013765939326 cfg1 2 1 0 0 na na
10 62080.903350287063 0.013765162314 cfg1 2 1 0 0 na na
10 62080.923350294734 0.013764385151 cfg1 2 1 0 0 na na
10 62080.960350355804 0.013762977553 cfg1 2 1 0 0 na na
10 62080.994350301581 0.013761675586 cfg1 2 1 0 0 na na
10 62081.037350272702 0.013760032579 cfg1 2 1 0 0 na na
10 62081.166350346471 0.013755078510 cfg1 2 1 0 0 na na
10 62081.226350312097 0.013752802917 cfg1 2 1 0 0 na na
10 62081.246350295999 0.013752020233 cfg1 2 1 0 0 na na
10 62081.309350260611 0.013749619534 cfg1 2 1 0 0 na na
10 62081.370350330511 0.013747293130 cfg1 2 1 0 0 na na
10 62081.436350253692 0.013744768171 cfg1 2 1 0 0 na na
10 62081.468350300518 0.013743549785 cfg1 2 2 0 0 na na
10 62081.513350314675 0.013741817277 cfg1 2 1 0 0 na na
10 62081.550350315214 0.013740426640 cfg1 2 1 0 0 na na
10 62081.686350261365 0.013735205698 cfg1 2 1 0 0 na na
10 62081.687350361609 0.013735187551 cfg1 2 1 0 0 na na
10 62081.728350251839 0.013733610219 cfg1 2 1 0 0 na na
10 62081.729350270351 0.013733576624 cfg1 2 2 0 0 na na
10 62081.733350291136 0.013733434204 cfg1 2 1 0 0 na na
10 62081.792350274186 0.013731156141 cfg1 2 1 0 0 na na
10 62081.840350364116 0.013729321279 cfg1 2 1 0 0 na na
10 62081.883350301524 0.013727690591 cfg1 2 1 0 0 na na
10 62081.955350350336 0.013724941294 cfg1 2 1 0 0 na na
10 62081.957350286375 0.013724867501 cfg1 2 1 0 0 na na
10 62081.974350339038 0.013724214919 cfg1 2 1 0 0 na na
10 62082.000350340053 0.013723225179 cfg1 2 1 0 0 na na
10 62082.120350332737 0.013718651632 cfg1 2 1 0 0 na na
10 62082.150350321121 0.013717481662 cfg1 2 1 0 0 na na
10 62082.233350285740 0.013714334033 cfg1 2 1 0 0 na na
10 62082.321350260255 0.013710956728 cfg1 2 1 0 0 na na
10 62082.345350335161 0.013710062812 cfg1 2 1 0 0 na na
10 62082.364350380762 0.013709339056 cfg1 2 1 0 0 na na
10 62082.365350290526 0.013709298213 cfg1 2 1 0 0 na na
10 62082.400350317836 0.013707943095 cfg1 2 1 0 0 na na
10 62082.410350304509 0.013707569556 cfg1 2 2 0 0 na na
10 62082.415350292320 0.013707386338 cfg1 2 1 0 0 na na
10 62082.461350318363 0.013705622664 cfg1 2 2 0 0 na na
10 62082.462350325133 0.013705596406 cfg1 2 1 0 0 na na
10 62082.582350299032 0.013701004314 cfg1 2 2 0 0 na na
10 62082.595350320748 0.013700502205 cfg1 2 1 0 0 na na
10 62082.631350287088 0.013699141262 cfg1 2 1 0 0 na na
10 62082.633350308292 0.013699050239 cfg1 2 1 0 0 na na
10 62082.644350285334 0.013698623972 cfg1 2 1 0 0 na na
10 62082.649350324160 0.013698447537 cfg1 2 1 0 0 na na
10 62082.751350332805 0.013694548509 cfg1 2 1 0 0 na na
10 62082.759350269009 0.013694249724 cfg1 2 2 0 0 na na
10 62082.826350277589 0.013691684393 cfg1 2 1 0 0 na na
10 62082.827350326450 0.013691644502 cfg1 2 1 0 0 na na
10 62082.867350278074 0.013690116475 cfg1 2 1 0 0 na na
10 62082.871350285028 0.013689988916 cfg1 2 1 0 0 na na
10 62082.888350242997 0.013689333792 cfg1 2 1 0 0 na na
10 62082.920350328391 0.013688098389 cfg1 2 1 0 0 na na
10 62082.961350259093 0.013686533001 cfg1 2 1 0 0 na na
10 62082.995350326387 0.013685242797 cfg1 2 1 0 0 na na
10 62083.000350269215 0.013685055101 cfg1 2 2 0 0 na na
10 62083.031350288136 0.013683861708 cfg1 2 1 0 0 na na
10 62083.084350264595 0.013681865118 cfg1 2 1 0 0 na na
10 62083.105350238985 0.013681058008 cfg1 2 1 0 0 na na
10 62083.204350255109 0.013677266884 cfg1 2 1 0 0 na na
10 62083.207350323032 0.013677167121 cfg1 2 1 0 0 na na
10 62083.257350273480 0.013675253361 cfg1 2 1 0 0 na na
10 62083.277350301285 0.013674490354 cfg1 2 2 0 0 na na
10 62083.285350307439 0.013674180584 cfg1 2 1 0 0 na na
10 62083.373350280643 0.013670830373 cfg1 2 1 0 0 na na
10 62083.541350302540 0.013664429954 cfg1 2 1 0 0 na na
10 62083.572350306096 0.013663247602 cfg1 2 1 0 0 na na
10 62083.609350292797 0.013661837992 cfg1 2 1 0 0 na na
10 62083.637350353876 0.013660765407 cfg1 2 1 0 0 na na
10 62083.700350268683 0.013658354477 cfg1 2 1 0 0 na na
10 62083.704350289438 0.013658206546 cfg1 2 1 0 0 na na
10 62083.709350329933 0.013658029468 cfg1 2 1 0 0 na na
10 62083.724350327512 0.013657437127 cfg1 2 1 0 0 na na
10 62083.731350287092 0.013657182632 cfg1 2 2 0 0 na na
10 62083.816350340541 0.013653939064 cfg1 2 1 0 0 na na
10 62083.914350331765 0.013650212289 cfg1 2 1 0 0 na na
10 62083.926350281632 0.013649751689 cfg1 2 2 0 0 na na
10 62083.964350277427 0.013648303760 cfg1 2 2 0 0 na na
10 62083.965350312254 0.013648268279 cfg1 2 1 0 0 na na
10 62084.015350306629 0.013646349298 cfg1 2 1 0 0 na na
10 62084.095350348683 0.013643312926 cfg1 2 2 0 0 na na
10 62084.149350305607 0.013641254397 cfg1 2 1 0 0 na na
10 62084.175350247566 0.013640269299 cfg1 2 1 0 0 na na
10 62084.421350268374 0.013630883599 cfg1 2 1 0 0 na na
10 62084.435350319444 0.013630364077 cfg1 2 1 0 0 na na
10 62084.479350302593 0.013628688005 cfg1 2 1 0 0 na na
10 62084.583350290306 0.013624728240 cfg1 2 2 0 0 na na
10 62084.599350306612 0.013624119075 cfg1 2 2 0 0 na na
10 62084.656350319279 0.013621937880 cfg1 2 1 0 0 na na
10 62084.681350303089 0.013620987996 cfg1 2 1 0 0 na na
10 62084.729350297306 0.013619173993 cfg1 2 1 0 0 na na
10 62084.755350346891 0.013618192280 cfg1 2 1 0 0 na na
10 62084.823350299012 0.013615606470 cfg1 2 1 0 0 na na
10 62084.858350280971 0.013614246188 cfg1 2 1 0 0 na na
10 62084.916350341730 0.013612054316 cfg1 2 1 0 0 na na
10 62084.923350316355 0.013611793477 cfg1 2 1 0 0 na na
10 62084.965350248982 0.013610197320 cfg1 2 1 0 0 na na
10 62084.976350331375 0.013609756064 cfg1 2 1 0 0 na na
10 62084.987350338926 0.013609360579 cfg1 2 1 0 0 na na
10 62085.009350334859 0.013608522790 cfg1 2 1 0 0 na na
10 62085.016350287178 0.013608248655 cfg1 2 1 0 0 na na
10 62085.038350381889 0.013607410392 cfg1 2 2 0 0 na na
10 62085.040350274869 0.013607323154 cfg1 2 1 0 0 na na
10 62085.112350353737 0.013604594799 cfg1 2 2 0 0 na na
10 62085.113350273618 0.013604548927 cfg1 2 1 0 0 na na
10 62085.193350302504 0.013601513479 cfg1 2 1 0 0 na na
10 62085.207350302495 0.013600978951 cfg1 2 1 0 0 na na
10 62085.239350295319 0.013599769811 cfg1 2 1 0 0 na na
10 62085.254350302801 0.013599194295 cfg1 2 1 0 0 na na
10 62085.411350333586 0.013593231577 cfg1 2 1 0 0 na na
10 62085.429350312938 0.013592537906 cfg1 2 1 0 0 na na
10 62085.431350320810 0.013592460284 cfg1 2 2 0 0 na na
10 62085.537350326312 0.013588429245 cfg1 2 2 0 0 na na
10 62085.540350262150 0.013588304978 cfg1 2 1 0 0 na na
10 62085.545350265885 0.013588111016 cfg1 2 1 0 0 na na
10 62085.567350317234 0.013587285137 cfg1 2 1 0 0 na na
10 62085.623350312577 0.013585159067 cfg1 2 2 0 0 na na
10 62085.625350266553 0.013585070214 cfg1 2 1 0 0 na na
10 62085.663350278391 0.013583638199 cfg1 2 2 0 0 na na
10 62085.712350286351 0.013581775264 cfg1 2 2 0 0 na na
10 62085.715350291815 0.013581649535 cfg1 2 1 0 0 na na
10 62085.742350259667 0.013580627337 cfg1 2 1 0 0 na na
10 62085.755350287243 0.013580132632 cfg1 2 1 0 0 na na
10 62085.761350294256 0.013579922322 cfg1 2 1 0 0 na na
10 62085.768350287329 0.013579647997 cfg1 2 1 0 0 na na
10 62085.776350260338 0.013579344067 cfg1 2 1 0 0 na na
10 62085.809350335462 0.013578087753 cfg1 2 2 0 0 na na
10 62085.847350355379 0.013576650982 cfg1 2 1 0 0 na na
10 62085.854350313619 0.013576368676 cfg1 2 1 0 0 na na
10 62085.930350274743 0.013573488427 cfg1 2 2 0 0 na na
10 62085.933350261830 0.013573364972 cfg1 2 1 0 0 na na
10 62086.029350315463 0.013569717077 cfg1 2 1 0 0 na na
10 62086.073350301877 0.013568061526 cfg1 2 1 0 0 na na
10 62086.074350282507 0.013568003875 cfg1 2 1 0 0 na na
10 62086.076350329192 0.013567953168 cfg1 2 1 0 0 na na
10 62086.088350289876 0.013567473002 cfg1 2 1 0 0 na na
10 62086.089350349527 0.013567445789 cfg1 2 2 0 0 na na
10 62086.091350274394 0.013567357439 cfg1 2 1 0 0 na na
10 62086.094350294462 0.013567250372 cfg1 2 1 0 0 na na
10 62086.097350263032 0.013567128801 cfg1 2 1 0 0 na na
10 62086.173350340263 0.013564246486 cfg1 2 1 0 0 na na
10 62086.182350358627 0.013563916371 cfg1 2 1 0 0 na na
10 62086.184350326494 0.013563836004 cfg1 2 2 0 0 na na
10 62086.197350326571 0.013563329949 cfg1 2 1 0 0 na na
10 62086.216350335379 0.013562620458 cfg1 2 1 0 0 na na
10 62086.218350262076 0.013562534768 cfg1 2 1 0 0 na na
10 62086.249350313698 0.013561366457 cfg1 2 2 0 0 na na
10 62086.252350251554 0.013561250654 cfg1 2 1 0 0 na na
10 62086.299350280735 0.013559462692 cfg1 2 1 0 0 na na
10 62086.360350303476 0.013557149629 cfg1 2 2 0 0 na na
10 62086.376350372390 0.013556543446 cfg1 2 1 0 0 na na
10 62086.394350300635 0.013555858110 cfg1 2 2 0 0 na na
10 62086.396350326292 0.013555779039 cfg1 2 1 0 0 na na
10 62086.406350355063 0.013555411511 cfg1 2 1 0 0 na na
10 62086.411350283480 0.013555224944 cfg1 2 1 0 0 na na
10 62086.419350264139 0.013554892606 cfg1 2 1 0 0 na na
10 62086.448350327119 0.013553813663 cfg1 2 1 0 0 na na
10 62086.518350273591 0.013551148268 cfg1 2 2 0 0 na na
10 62086.531350288446 0.013550654953 cfg1 2 1 0 0 na na
10 62086.548350277782 0.013550000299 cfg1 2 1 0 0 na na
10 62086.747350334725 0.013542462101 cfg1 2 1 0 0 na na
10 62086.752350248865 0.013542262847 cfg1 2 1 0 0 na na
10 62086.792350286547 0.013540748181 cfg1 2 1 0 0 na na
10 62086.884350291238 0.013537262519 cfg1 2 1 0 0 na na
10 62086.990350272612 0.013533227345 cfg1 2 2 0 0 na na
10 62087.009350306259 0.013532506123 cfg1 2 2 0 0 na na
10 62087.023350298676 0.013531967422 cfg1 2 1 0 0 na na
10 62087.177350290713 0.013526120739 cfg1 2 1 0 0 na na
10 62087.236350248101 0.013523893735 cfg1 2 1 0 0 na na
10 62087.376350286509 0.013518578418 cfg1 2 1 0 0 na na
10 62087.501350270289 0.013513837804 cfg1 2 2 0 0 na na
10 62087.538350269118 0.013512435414 cfg1 2 1 0 0 na na
10 62087.549350238477 0.013512028676 cfg1 2 1 0 0 na na
10 62087.570350311524 0.013511232915 cfg1 2 1 0 0 na na
10 62087.578350263476 0.013510903598 cfg1 2 1 0 0 na na
10 62087.580350314004 0.013510841322 cfg1 2 2 0 0 na na
10 62087.581350267030 0.013510803438 cfg1 2 2 0 0 na na
10 62087.676350275556 0.013507201235 cfg1 2 1 0 0 na na
10 62087.723350290897 0.013505403920 cfg1 2 1 0 0 na na
10 62087.729350375864 0.013505190564 cfg1 2 2 0 0 na na
10 62087.787350313362 0.013502989143 cfg1 2 1 0 0 na na
10 62087.806350264006 0.013502257953 cfg1 2 1 0 0 na na
10 62087.847350330196 0.013500704343 cfg1 2 1 0 0 na na
10 62087.909350268768 0.013498364210 cfg1 2 1 0 0 na na
10 62087.919350287821 0.013497986580 cfg1 2 1 0 0 na na
10 62087.926350266682 0.013497717034 cfg1 2 1 0 0 na na
10 62087.932350270797 0.013497494255 cfg1 2 1 0 0 na na
10 62088.037350247729 0.013493514365 cfg1 2 1 0 0 na na
10 62088.046350305738 0.013493177193 cfg1 2 1 0 0 na na
10 62088.056350293026 0.013492777799 cfg1 2 1 0 0 na na
10 62088.060350266707 0.013492635204 cfg1 2 1 0 0 na na
10 62088.097350297433 0.013491239195 cfg1 2 1 0 0 na na
10 62088.169350320062 0.013488505733 cfg1 2 1 0 0 na na
10 62088.178350258897 0.013488158058 cfg1 2 1 0 0 na na
10 62088.205350307008 0.013487156152 cfg1 2 1 0 0 na na
10 62088.220350293357 0.013486586515 cfg1 2 1 0 0 na na
10 62088.233350256401 0.013486075417 cfg1 2 1 0 0 na na
10 62088.263350334272 0.013484953462 cfg1 2 1 0 0 na na
10 62088.265350296079 0.013484866998 cfg1 2 1 0 0 na na
10 62088.297350297162 0.013483669463 cfg1 2 1 0 0 na na
10 62088.310350291857 0.013483169039 cfg1 2 1 0 0 na na
10 62088.337350304182 0.013482143801 cfg1 2 2 0 0 na na
10 62088.339350290313 0.013482060719 cfg1 2 1 0 0 na na
10 62088.359350288855 0.013481294984 cfg1 2 1 0 0 na na
10 62088.483350283183 0.013476615722 cfg1 2 1 0 0 na na
10 62088.499350275420 0.013475993895 cfg1 2 1 0 0 na na
10 62088.510350364672 0.013475585093 cfg1 2 1 0 0 na na
10 62088.567350286706 0.013473442172 cfg1 2 1 0 0 na na
10 62088.616350321514 0.013471575594 cfg1 2 1 0 0 na na
10 62088.657350304868 0.013470022903 cfg1 2 1 0 0 na na
10 62088.681350295453 0.013469113847 cfg1 2 1 0 0 na na
10 62088.693350322541 0.013468658263 cfg1 2 1 0 0 na na
10 62088.697350288035 0.013468502476 cfg1 2 1 0 0 na na
10 62088.743350315187 0.013466750168 cfg1 2 1 0 0 na na
10 62088.747350260882 0.013466607784 cfg1 2 1 0 0 na na
10 62088.748350311072 0.013466562521 cfg1 2 1 0 0 na na
10 62088.788350250586 0.013465059921 cfg1 2 2 0 0 na na
10 62088.831350336217 0.013463431766 cfg1 2 1 0 0 na na
10 62088.834350332499 0.013463317032 cfg1 2 1 0 0 na na
10 62088.856350348794 0.013462470635 cfg1 2 1 0 0 na na
10 62088.880350323491 0.013461566038 cfg1 2 1 0 0 na na
10 62088.910350274239 0.013460440239 cfg1 2 2 0 0 na na
10 62088.947350251212 0.013459049546 cfg1 2 1 0 0 na na
10 62088.981350252922 0.013457753029 cfg1 2 1 0 0 na na
10 62089.085350301284 0.013453822541 cfg1 2 1 0 0 na na
10 62089.130350285398 0.013452109137 cfg1 2 1 0 0 na na
10 62089.161350338408 0.013450931112 cfg1 2 1 0 0 na na
10 62089.233350311370 0.013448226887 cfg1 2 1 0 0 na na
10 62089.291350347836 0.013446024635 cfg1 2 1 0 0 na na
10 62089.332350323426 0.013444472159 cfg1 2 1 0 0 na na
10 62089.346350292253 0.013443949307 cfg1 2 1 0 0 na na
10 62089.431350275342 0.013440721024 cfg1 2 1 0 0 na na
10 62089.579350260651 0.013435111471 cfg1 2 1 0 0 na na
10 62089.589350250358 0.013434755058 cfg1 2 1 0 0 na na
10 62089.624350308112 0.013433432777 cfg1 2 1 0 0 na na
10 62089.752350319375 0.013428569049 cfg1 2 1 0 0 na na
10 62089.771350278479 0.013427871186 cfg1 2 1 0 0 na na
10 62089.857350329070 0.013424606321 cfg1 2 2 0 0 na na
10 62089.937350271479 0.013421572753 cfg1 2 1 0 0 na na
10 62090.027350318372 0.013418163010 cfg1 2 1 0 0 na na
10 62090.077350344186 0.013416294319 cfg1 2 1 0 0 na na
10 62090.097350328456 0.013415545571 cfg1 2 1 0 0 na na
10 62090.150350263564 0.013413513239 cfg1 2 1 0 0 na na
10 62090.162350349065 0.013413059481 cfg1 2 1 0 0 na na
10 62090.212350283348 0.013411180204 cfg1 2 1 0 0 na na
10 62090.267350296779 0.013409105925 cfg1 2 2 0 0 na na
10 62090.269350288746 0.013409032317 cfg1 2 1 0 0 na na
10 62090.301350264265 0.013407820815 cfg1 2 2 0 0 na na
10 62090.346350254847 0.013406117043 cfg1 2 1 0 0 na na
10 62090.422350283758 0.013403259949 cfg1 2 1 0 0 na na
10 62090.446350322777 0.013402345612 cfg1 2 1 0 0 na na
10 62090.478350252447 0.013401132127 cfg1 2 2 0 0 na na
10 62090.539350293002 0.013398824986 cfg1 2 1 0 0 na na
10 62090.542350327058 0.013398708735 cfg1 2 1 0 0 na na
10 62090.591350254180 0.013396862779 cfg1 2 2 0 0 na na
10 62090.607350251513 0.013396255448 cfg1 2 1 0 0 na na
10 62090.628350301906 0.013395464952 cfg1 2 2 0 0 na na
10 62090.674350246497 0.013393730436 cfg1 2 1 0 0 na na
10 62090.694350328275 0.013392979267 cfg1 2 1 0 0 na na
10 62090.702350297398 0.013392677942 cfg1 2 1 0 0 na na
10 62090.801350332953 0.013388932518 cfg1 2 1 0 0 na na
10 62090.807350243812 0.013388708056 cfg1 2 1 0 0 na na
10 62090.815350286290 0.013388410804 cfg1 2 1 0 0 na na
10 62090.853350317008 0.013386966316 cfg1 2 2 0 0 na na
10 62090.856350271457 0.013386852983 cfg1 2 2 0 0 na na
10 62090.907350320639 0.013384923760 cfg1 2 1 0 0 na na
10 62090.927350288925 0.013384156420 cfg1 2 1 0 0 na na
10 62090.962350297634 0.013382836390 cfg1 2 1 0 0 na na
10 62091.176350297508 0.013374774836 cfg1 2 1 0 0 na na
10 62091.225350255213 0.013372911698 cfg1 2 1 0 0 na na
10 62091.321350316653 0.013369287408 cfg1 2 1 0 0 na na
10 62091.341350373067 0.013368533074 cfg1 2 1 0 0 na na
10 62091.396350262362 0.013366454377 cfg1 2 1 0 0 na na
10 62091.439350293659 0.013364854584 cfg1 2 1 0 0 na na
10 62091.527350261337 0.013361510688 cfg1 2 1 0 0 na na
10 62091.574350292400 0.013359744682 cfg1 2 1 0 0 na na
10 62091.641350259221 0.013357212775 cfg1 2 1 0 0 na na
10 62091.704350320675 0.013354829593 cfg1 2 1 0 0 na na
10 62091.706350277640 0.013354781203 cfg1 2 1 0 0 na na
10 62091.736350282340 0.013353638340 cfg1 2 2 0 0 na na
10 62091.826350284353 0.013350243543 cfg1 2 2 0 0 na na
10 62091.850350319482 0.013349338344 cfg1 2 2 0 0 na na
10 62091.881350326912 0.013348169138 cfg1 2 2 0 0 na na
10 62091.897350364541 0.013347566837 cfg1 2 1 0 0 na na
10 62091.948350332800 0.013345646751 cfg1 2 1 0 0 na na
10 62091.960350251642 0.013345185062 cfg1 2 1 0 0 na na
10 62091.993350300231 0.013343939067 cfg1 2 1 0 0 na na
10 62092.015350286887 0.013343109721 cfg1 2 1 0 0 na na
10 62092.024350284455 0.013342777074 cfg1 2 1 0 0 na na
10 62092.025350325193 0.013342751469 cfg1 2 1 0 0 na na
10 62092.039350353934 0.013342199933 cfg1 2 1 0 0 na na
10 62092.058350271121 0.013341489471 cfg1 2 1 0 0 na na
10 62092.173350253994 0.013337158723 cfg1 2 2 0 0 na na
10 62092.189350315728 0.013336540755 cfg1 2 1 0 0 na na
10 62092.192350331122 0.013336452186 cfg1 2 1 0 0 na na
10 62092.257350277732 0.013333990456 cfg1 2 1 0 0 na na
10 62092.271350335291 0.013333456464 cfg1 2 1 0 0 na na
10 62092.356350278962 0.013330260532 cfg1 2 2 0 0 na na
10 62092.387350318065 0.013329099231 cfg1 2 1 0 0 na na
10 62092.403350300706 0.013328489080 cfg1 2 2 0 0 na na
10 62092.409350319043 0.013328263008 cfg1 2 2 0 0 na na
10 62092.435350330197 0.013327283281 cfg1 2 1 0 0 na na
10 62092.451350301349 0.013326676767 cfg1 2 1 0 0 na na
10 62092.465350244314 0.013326162518 cfg1 2 1 0 0 na na
10 62092.516350262016 0.013324219938 cfg1 2 1 0 0 na na
10 62092.546350294183 0.013323100276 cfg1 2 2 0 0 na na
10 62092.558350287260 0.013322640048 cfg1 2 1 0 0 na na
10 62092.617350333023 0.013320425085 cfg1 2 2 0 0 na na
10 62092.645350349714 0.013319370178 cfg1 2 2 0 0 na na
10 62092.676350329416 0.013318202278 cfg1 2 2 0 0 na na
10 62092.712350290488 0.013316846055 cfg1 2 2 0 0 na na
10 62092.729350310927 0.013316217506 cfg1 2 1 0 0 na na
10 62092.799350259409 0.013313562550 cfg1 2 1 0 0 na na
10 62092.804350312208 0.013313377813 cfg1 2 1 0 0 na na
10 62092.832350328244 0.013312318376 cfg1 2 1 0 0 na na
10 62092.881350276244 0.013310480213 cfg1 2 2 0 0 na na
10 62092.899350299142 0.013309789543 cfg1 2 1 0 0 na na
10 62092.907350305170 0.013309494551 cfg1 2 1 0 0 na na
10 62093.014350321170 0.013305460000 cfg1 2 1 0 0 na na
10 62093.031350332777 0.013304820361 cfg1 2 1 0 0 na na
10 62093.213350290083 0.013297991443 cfg1 2 1 0 0 na na
10 62093.259350314890 0.013296254015 cfg1 2 1 0 0 na na
10 62093.342350311443 0.013293113442 cfg1 2 1 0 0 na na
10 62093.362350307519 0.013292359679 cfg1 2 1 0 0 na na
10 62093.386350274447 0.013291451648 cfg1 2 1 0 0 na na
10 62093.441350319631 0.013289394224 cfg1 2 1 0 0 na na
10 62093.444350272749 0.013289288469 cfg1 2 1 0 0 na na
10 62093.449350245981 0.013289100982 cfg1 2 1 0 0 na na
10 62093.470350292403 0.013288305219 cfg1 2 2 0 0 na na
10 62093.501350309395 0.013287134340 cfg1 2 1 0 0 na na
10 62093.535350310164 0.013285867955 cfg1 2 1 0 0 na na
10 62093.581350348672 0.013284129952 cfg1 2 1 0 0 na na
10 62093.591350263381 0.013283759130 cfg1 2 1 0 0 na na
10 62093.643350322440 0.013281784427 cfg1 2 1 0 0 na na
10 62093.784350304424 0.013276490960 cfg1 2 2 0 0 na na
10 62093.831350278091 0.013274725528 cfg1 2 1 0 0 na na
10 62093.893350326951 0.013272393266 cfg1 2 1 0 0 na na
10 62093.921350347356 0.013271328910 cfg1 2 1 0 0 na na
10 62093.936350278870 0.013270773648 cfg1 2 2 0 0 na na
10 62094.018350303060 0.013267689894 cfg1 2 2 0 0 na na
10 62094.057350286411 0.013266221696 cfg1 2 1 0 0 na na
10 62094.106350289003 0.013264367006 cfg1 2 1 0 0 na na
10 62094.115350299072 0.013264042494 cfg1 2 2 0 0 na na
10 62094.117350285647 0.013263967253 cfg1 2 2 0 0 na na
10 62094.124350326258 0.013263704045 cfg1 2 2 0 0 na na
10 62094.181350321694 0.013261560988 cfg1 2 2 0 0 na na
10 62094.185350350408 0.013261400052 cfg1 2 1 0 0 na na
10 62094.198350323776 0.013260925225 cfg1 2 1 0 0 na na
10 62094.402350348851 0.013253253326 cfg1 2 2 0 0 na na
10 62094.415350287204 0.013252764720 cfg1 2 2 0 0 na na
10 62094.492350263332 0.013249858594 cfg1 2 1 0 0 na na
10 62094.522350363683 0.013248754131 cfg1 2 1 0 0 na na
10 62094.689350309286 0.013242479316 cfg1 2 1 0 0 na na
10 62094.782350271547 0.013238967043 cfg1 2 1 0 0 na na
10 62094.785350292557 0.013238868540 cfg1 2 1 0 0 na na
10 62094.821350326671 0.013237509659 cfg1 2 2 0 0 na na
10 62094.823350299368 0.013237421584 cfg1 2 1 0 0 na na
10 62094.828350316573 0.013237247188 cfg1 2 1 0 0 na na
10 62094.830350254223 0.013237167743 cfg1 2 1 0 0 na na
10 62094.913350288801 0.013234052469 cfg1 2 1 0 0 na na
10 62094.952350289718 0.013232589356 cfg1 2 2 0 0 na na
10 62094.987350253049 0.013231285192 cfg1 2 1 0 0 na na
10 62095.029350285380 0.013229704682 cfg1 2 1 0 0 na na
10 62095.042350292211 0.013229207921 cfg1 2 1 0 0 na na
10 62095.048350334181 0.013228984238 cfg1 2 2 0 0 na na
10 62095.079350310437 0.013227820048 cfg1 2 2 0 0 na na
10 62095.105350254890 0.013226842027 cfg1 2 1 0 0 na na
10 62095.146350307058 0.013225310194 cfg1 2 1 0 0 na na
10 62095.147350284312 0.013225276131 cfg1 2 1 0 0 na na
10 62095.182350283837 0.013223952703 cfg1 2 2 0 0 na na
10 62095.258350324539 0.013221099476 cfg1 2 2 0 0 na na
10 62095.273350304662 0.013220536366 cfg1 2 2 0 0 na na
10 62095.286350348709 0.013220035429 cfg1 2 1 0 0 na na
10 62095.454350349867 0.013213736728 cfg1 2 1 0 0 na na
10 62095.470350345071 0.013213140631 cfg1 2 1 0 0 na na
10 62095.474350344221 0.013212985781 cfg1 2 1 0 0 na na
10 62095.479350310804 0.013212799268 cfg1 2 1 0 0 na na
10 62095.536350247122 0.013210669721 cfg1 2 1 0 0 na na
10 62095.593350274662 0.013208526360 cfg1 2 2 0 0 na na
10 62095.606350332988 0.013208041023 cfg1 2 1 0 0 na na
10 62095.640350365148 0.013206762763 cfg1 2 2 0 0 na na
10 62095.657350274803 0.013206125583 cfg1 2 1 0 0 na na
10 62095.694350316260 0.013204737351 cfg1 2 1 0 0 na na
10 62095.712350303445 0.013204061425 cfg1 2 2 0 0 na na
10 62095.717350331763 0.013203873784 cfg1 2 2 0 0 na na
10 62095.782350277930 0.013201426078 cfg1 2 1 0 0 na na
10 62095.787350346011 0.013201247782 cfg1 2 2 0 0 na na
10 62095.839350325653 0.013199297163 cfg1 2 2 0 0 na na
10 62095.842350299525 0.013199173078 cfg1 2 1 0 0 na na
10 62095.868350330444 0.013198199788 cfg1 2 1 0 0 na na
10 62095.904350301113 0.013196866904 cfg1 2 1 0 0 na na
10 62095.926350337323 0.013196033980 cfg1 2 2 0 0 na na
10 62095.929350379640 0.013195921634 cfg1 2 1 0 0 na na
10 62095.967350296682 0.013194495695 cfg1 2 1 0 0 na na
10 62095.968350277972 0.013194453086 cfg1 2 1 0 0 na na
10 62096.008350313981 0.013192951443 cfg1 2 1 0 0 na na
10 62096.034350290624 0.013191972364 cfg1 2 1 0 0 na na
10 62096.055350336978 0.013191196800 cfg1 2 1 0 0 na na
10 62096.163350301008 0.013187147203 cfg1 2 1 0 0 na na
10 62096.188350312907 0.013186209352 cfg1 2 2 0 0 na na
10 62096.293350301321 0.013182285378 cfg1 2 1 0 0 na na
10 62096.297350326933 0.013182123059 cfg1 2 2 0 0 na na
10 62096.315350358810 0.013181448376 cfg1 2 2 0 0 na na
10 62096.322350277420 0.013181185885 cfg1 2 2 0 0 na na
10 62096.333350285985 0.013180773534 cfg1 2 2 0 0 na na
10 62096.353350321605 0.013180019034 cfg1 2 1 0 0 na na
10 62096.360350302456 0.013179761462 cfg1 2 2 0 0 na na
10 62096.368350309516 0.013179447619 cfg1 2 1 0 0 na na
10 62096.384350353428 0.013178854027 cfg1 2 1 0 0 na na
10 62096.421350314008 0.013177476521 cfg1 2 1 0 0 na na
10 62096.538350293716 0.013173083918 cfg1 2 1 0 0 na na
10 62096.586350335018 0.013171284881 cfg1 2 1 0 0 na na
10 62096.611350298518 0.013170355060 cfg1 2 2 0 0 na na
10 62096.624350326530 0.013169873621 cfg1 2 1 0 0 na na
10 62096.662350288481 0.013168444201 cfg1 2 2 0 0 na na
10 62096.676350263780 0.013167918176 cfg1 2 1 0 0 na na
10 62096.687350337443 0.013167507514 cfg1 2 2 0 0 na na
10 62096.723350318252 0.013166144596 cfg1 2 1 0 0 na na
10 62096.748350247703 0.013165231517 cfg1 2 1 0 0 na na
10 62096.753350375448 0.013165026882 cfg1 2 1 0 0 na na
10 62096.763350278966 0.013164662131 cfg1 2 1 0 0 na na
10 62096.818350284487 0.013162605578 cfg1 2 1 0 0 na na
10 62096.855350319815 0.013161203776 cfg1 2 1 0 0 na na
10 62096.858350348923 0.013161093218 cfg1 2 1 0 0 na na
10 62096.863350348081 0.013160914355 cfg1 2 2 0 0 na na
10 62096.892350296607 0.013159828200 cfg1 2 2 0 0 na na
10 62097.032350305614 0.013154576495 cfg1 2 1 0 0 na na
10 62097.066350288877 0.013153302969 cfg1 2 1 0 0 na na
10 62097.093350326959 0.013152309861 cfg1 2 1 0 0 na na
10 62097.146350325986 0.013150316457 cfg1 2 2 0 0 na na
10 62097.200350285866 0.013148307570 cfg1 2 1 0 0 na na
10 62097.226350279373 0.013147325649 cfg1 2 1 0 0 na na
10 62097.238350285476 0.013146858667 cfg1 2 1 0 0 na na
10 62097.261350339924 0.013146001546 cfg1 2 1 0 0 na na
10 62097.330350295833 0.013143418436 cfg1 2 1 0 0 na na
10 62097.438350281746 0.013139385899 cfg1 2 2 0 0 na na
10 62097.471350285647 0.013138139213 cfg1 2 1 0 0 na na
10 62097.532350295144 0.013135868195 cfg1 2 2 0 0 na na
10 62097.616350270193 0.013132730739 cfg1 2 1 0 0 na na
10 62097.654350291136 0.013131316818 cfg1 2 1 0 0 na na
10 62097.665350299290 0.013130891697 cfg1 2 2 0 0 na na
10 62097.795350320962 0.013126028446 cfg1 2 2 0 0 na na
10 62097.939350293744 0.013120642116 cfg1 2 1 0 0 na na
10 62098.067350289689 0.013115868628 cfg1 2 1 0 0 na na
10 62098.166350307913 0.013112157679 cfg1 2 1 0 0 na na
10 62098.177350367545 0.013111730884 cfg1 2 1 0 0 na na
10 62098.185350319324 0.013111444011 cfg1 2 2 0 0 na na
10 62098.222350349750 0.013110065796 cfg1 2 1 0 0 na na
10 62098.297350282440 0.013107248470 cfg1 2 1 0 0 na na
10 62098.310350357545 0.013106774604 cfg1 2 1 0 0 na na
10 62098.384350283656 0.013104005314 cfg1 2 2 0 0 na na
10 62098.415350325775 0.013102831582 cfg1 2 1 0 0 na na
10 62098.466350272539 0.013100940734 cfg1 2 2 0 0 na na
10 62098.493350335800 0.013099931759 cfg1 2 2 0 0 na na
10 62098.501350320806 0.013099632852 cfg1 2 2 0 0 na na
10 62098.535350306053 0.013098348790 cfg1 2 1 0 0 na na
10 62098.599350324304 0.013095970909 cfg1 2 2 0 0 na na
10 62098.683350290772 0.013092830974 cfg1 2 1 0 0 na na
10 62098.729350359664 0.013091114087 cfg1 2 2 0 0 na na
10 62098.751350308743 0.013090292358 cfg1 2 2 0 0 na na
10 62098.759350301689 0.013089992682 cfg1 2 1 0 0 na na
10 62098.768350307801 0.013089671079 cfg1 2 1 0 0 na na
10 62098.785350268161 0.013089022707 cfg1 2 1 0 0 na na
10 62098.796350335828 0.013088611581 cfg1 2 1 0 0 na na
10 62098.823350325300 0.013087602868 cfg1 2 2 0 0 na na
10 62098.948350322596 0.013082934805 cfg1 2 1 0 0 na na
10 62098.949350297096 0.013082910792 cfg1 2 1 0 0 na na
10 62098.956350287453 0.013082635928 cfg1 2 1 0 0 na na
10 62099.102350329777 0.013077194798 cfg1 2 1 0 0 na na
10 62099.129350292495 0.013076183359 cfg1 2 1 0 0 na na
10 62099.160350300017 0.013075018622 cfg1 2 2 0 0 na na
10 62099.198350310046 0.013073600079 cfg1 2 2 0 0 na na
10 62099.225350328180 0.013072597001 cfg1 2 1 0 0 na na
10 62099.228350325577 0.013072480296 cfg1 2 1 0 0 na na
10 62099.248350340365 0.013071730323 cfg1 2 1 0 0 na na
10 62099.251350312869 0.013071620430 cfg1 2 1 0 0 na na
10 62162.067350319248 0.010858310272 cfg1 2 1 0 0 na na
10 62162.093350273072 0.010857463017 cfg1 2 1 0 0 na na
10 62162.129350297426 0.010856294639 cfg1 2 1 0 0 na na
10 62162.304350262917 0.010850578355 cfg1 2 1 0 0 na na
10 62162.320350347173 0.010850042727 cfg1 2 2 0 0 na na
10 62162.337350295038 0.010849479236 cfg1 2 1 0 0 na na
10 62162.382350315617 0.010848010956 cfg1 2 1 0 0 na na
10 62162.422350336254 0.010846721429 cfg1 2 1 0 0 na na
10 62162.436350373308 0.010846255654 cfg1 2 1 0 0 na na
10 62162.459350322634 0.010845503461 cfg1 2 2 0 0 na na
10 62162.523350273217 0.010843400142 cfg1 2 1 0 0 na na
10 62162.640350297335 0.010839595575 cfg1 2 2 0 0 na na
10 62162.704350292854 0.010837507376 cfg1 2 2 0 0 na na
10 62162.746350292685 0.010836139188 cfg1 2 1 0 0 na na
10 62162.811350299279 0.010834021433 cfg1 2 1 0 0 na na
10 62162.812350300931 0.010833984399 cfg1 2 2 0 0 na na
10 62162.910350301497 0.010830787445 cfg1 2 1 0 0 na na
10 62162.920350295152 0.010830450159 cfg1 2 1 0 0 na na
10 62162.943350300836 0.010829702915 cfg1 2 1 0 0 na na
10 62163.093350318756 0.010824823656 cfg1 2 2 0 0 na na
10 62163.162350304125 0.010822575364 cfg1 2 2 0 0 na na
10 62163.198350255498 0.010821396348 cfg1 2 1 0 0 na na
10 62163.272350322783 0.010819002603 cfg1 2 1 0 0 na na
10 62163.461350297439 0.010812852116 cfg1 2 1 0 0 na na
10 62163.545350329440 0.010810104900 cfg1 2 1 0 0 na na
10 62163.561350334177 0.010809581176 cfg1 2 1 0 0 na na
10 62163.606350316907 0.010808108176 cfg1 2 1 0 0 na na
10 62163.629350304390 0.010807374410 cfg1 2 1 0 0 na na
10 62163.713350305355 0.010804651393 cfg1 2 1 0 0 na na
10 62163.788350257635 0.010802199612 cfg1 2 2 0 0 na na
10 62163.925350323972 0.010797758487 cfg1 2 1 0 0 na na
10 62163.929350288816 0.010797622363 cfg1 2 1 0 0 na na
10 62163.933350282877 0.010797479236 cfg1 2 1 0 0 na na
10 62163.950350316711 0.010796933042 cfg1 2 2 0 0 na na
10 62164.000350290203 0.010795293259 cfg1 2 1 0 0 na na
10 62164.172350336890 0.010789706768 cfg1 2 1 0 0 na na
10 62164.193350268954 0.010789022944 cfg1 2 1 0 0 na na
10 62164.194350348670 0.010789005536 cfg1 2 2 0 0 na na
10 62164.199350314391 0.010788843138 cfg1 2 2 0 0 na na
10 62164.202350305324 0.010788733731 cfg1 2 1 0 0 na na
10 62164.287350316600 0.010785983449 cfg1 2 1 0 0 na na
10 62164.309350349538 0.010785285127 cfg1 2 1 0 0 na na
10 62164.349350335963 0.010783973373 cfg1 2 1 0 0 na na
10 62164.397350294639 0.010782401067 cfg1 2 1 0 0 na na
10 62164.451350283833 0.010780671874 cfg1 2 1 0 0 na na
10 62164.556350263637 0.010777243882 cfg1 2 1 0 0 na na
10 62164.622350258913 0.010775108090 cfg1 2 1 0 0 na na
10 62164.694350347855 0.010772783464 cfg1 2 1 0 0 na na
10 62164.756350265484 0.010770772222 cfg1 2 1 0 0 na na
10 62164.775350260077 0.010770152930 cfg1 2 2 0 0 na na
10 62164.898350254588 0.010766162281 cfg1 2 1 0 0 na na
10 62164.953350299828 0.010764386606 cfg1 2 1 0 0 na na
10 62164.975350275110 0.010763671051 cfg1 2 2 0 0 na na
10 62165.034350305113 0.010761772337 cfg1 2 1 0 0 na na
10 62165.065350283285 0.010760755520 cfg1 2 2 0 0 na na
10 62165.306350327971 0.010752952392 cfg1 2 2 0 0 na na
10 62165.428350284385 0.010749015635 cfg1 2 1 0 0 na na
10 62165.486350347686 0.010747136371 cfg1 2 1 0 0 na na
10 62165.541350284353 0.010745359497 cfg1 2 1 0 0 na na
10 62165.543350258928 0.010745272877 cfg1 2 1 0 0 na na
10 62165.671350294101 0.010741137176 cfg1 2 1 0 0 na na
10 62165.731350270708 0.010739212727 cfg1 2 1 0 0 na na
10 62165.932350334480 0.010732699061 cfg1 2 1 0 0 na na
10 62166.001350302607 0.010730479786 cfg1 2 1 0 0 na na
10 62166.025350390976 0.010729695635 cfg1 2 1 0 0 na na
10 62166.084350287723 0.010727812006 cfg1 2 1 0 0 na na
10 62166.214350363299 0.010723599107 cfg1 2 1 0 0 na na
10 62166.430350255835 0.010716636036 cfg1 2 1 0 0 na na
10 62166.431350362833 0.010716604671 cfg1 2 2 0 0 na na
10 62166.460350315833 0.010715674873 cfg1 2 1 0 0 na na
10 62166.536350334917 0.010713226498 cfg1 2 1 0 0 na na
10 62166.663350357774 0.010709124947 cfg1 2 2 0 0 na na
10 62166.725350304108 0.010707122164 cfg1 2 1 0 0 na na
10 62166.883350316486 0.010702032643 cfg1 2 1 0 0 na na
10 62166.986350327515 0.010698707615 cfg1 2 1 0 0 na na
10 62166.999350326038 0.010698308244 cfg1 2 1 0 0 na na
10 62167.057350296032 0.010696434793 cfg1 2 1 0 0 na na
10 62167.163350371108 0.010693023582 cfg1 2 2 0 0 na na
10 62167.166350273946 0.010692927094 cfg1 2 2 0 0 na na
10 62167.203350325100 0.010691747977 cfg1 2 1 0 0 na na
10 62167.299350295625 0.010688652488 cfg1 2 1 0 0 na na
10 62167.306350270127 0.010688430094 cfg1 2 1 0 0 na na
10 62167.615350362215 0.010678476172 cfg1 2 1 0 0 na na
10 62167.714350275639 0.010675305930 cfg1 2 1 0 0 na na
10 62167.746350357819 0.010674292001 cfg1 2 1 0 0 na na
10 62167.855350294523 0.010670793440 cfg1 2 1 0 0 na na
10 62167.866350319550 0.010670435092 cfg1 2 1 0 0 na na
10 62167.906350258511 0.010669138314 cfg1 2 1 0 0 na na
10 62168.009350330352 0.010665829990 cfg1 2 1 0 0 na na
10 62168.143350336917 0.010661548311 cfg1 2 1 0 0 na na
10 62168.147350284107 0.010661403946 cfg1 2 1 0 0 na na
10 62168.166350310265 0.010660803860 cfg1 2 1 0 0 na na
10 62168.189350287250 0.010660066725 cfg1 2 1 0 0 na na
10 62168.330350335476 0.010655552640 cfg1 2 1 0 0 na na
10 62168.362350289945 0.010654517247 cfg1 2 1 0 0 na na
10 62168.369350335091 0.010654286078 cfg1 2 1 0 0 na na
10 62168.441350305263 0.010651976681 cfg1 2 1 0 0 na na
10 62168.471350328498 0.010651021006 cfg1 2 1 0 0 na na
10 62168.559350336749 0.010648204481 cfg1 2 1 0 0 na na
10 62168.582350260941 0.010647478845 cfg1 2 1 0 0 na na
10 62168.638350324912 0.010645685544 cfg1 2 1 0 0 na na
10 62168.641350321946 0.010645569767 cfg1 2 1 0 0 na na
10 62168.645350343128 0.010645450354 cfg1 2 1 0 0 na na
10 62168.819350288351 0.010639878727 cfg1 2 1 0 0 na na
10 62168.840350331815 0.010639207645 cfg1 2 2 0 0 na na
10 62168.854350269430 0.010638759719 cfg1 2 2 0 0 na na
10 62168.867350273934 0.010638351979 cfg1 2 1 0 0 na na
10 62168.984350305795 0.010634607753 cfg1 2 1 0 0 na na
10 62169.028350328719 0.010633205025 cfg1 2 1 0 0 na na
10 62169.059350247898 0.010632204010 cfg1 2 1 0 0 na na
10 62169.066350295983 0.010631977457 cfg1 2 2 0 0 na na
10 62169.067350286368 0.010631931283 cfg1 2 1 0 0 na na
10 62169.068350304841 0.010631926290 cfg1 2 1 0 0 na na
10 62169.082350288936 0.010631473158 cfg1 2 1 0 0 na na
10 62169.129350288196 0.010629950309 cfg1 2 1 0 0 na na
10 62169.217350269542 0.010627149331 cfg1 2 1 0 0 na na
10 62169.352350258599 0.010622828283 cfg1 2 1 0 0 na na
10 62169.371350310546 0.010622228446 cfg1 2 2 0 0 na na
10 62169.486350266867 0.010618540183 cfg1 2 1 0 0 na na
10 62169.493350327059 0.010618334707 cfg1 2 1 0 0 na na
10 62169.553350287330 0.010616415606 cfg1 2 2 0 0 na na
10 62169.591350292629 0.010615202357 cfg1 2 2 0 0 na na
10 62169.616350325021 0.010614397439 cfg1 2 1 0 0 na na
10 62169.669350298076 0.010612712601 cfg1 2 2 0 0 na na
10 62169.712350265890 0.010611326271 cfg1 2 1 0 0 na na
10 62169.820350272078 0.010607894309 cfg1 2 2 0 0 na na
10 62169.827350343484 0.010607670999 cfg1 2 2 0 0 na na
10 62169.890350281975 0.010605661477 cfg1 2 2 0 0 na na
10 62169.929350390663 0.010604417677 cfg1 2 2 0 0 na na
10 62169.954350275828 0.010603612607 cfg1 2 1 0 0 na na
10 62169.962350287045 0.010603365398 cfg1 2 2 0 0 na na
10 62170.002350302704 0.010602093843 cfg1 2 1 0 0 na na
10 62170.129350333799 0.010598041839 cfg1 2 2 0 0 na na
10 62170.153350307153 0.010597281008 cfg1 2 1 0 0 na na
10 62170.155350297259 0.010597213371 cfg1 2 2 0 0 na na
10 62170.240350254463 0.010594505106 cfg1 2 2 0 0 na na
10 62170.323350318438 0.010591861481 cfg1 2 2 0 0 na na
10 62170.431350259033 0.010588421070 cfg1 2 1 0 0 na na
10 62170.633350324925 0.010581993623 cfg1 2 2 0 0 na na
10 62170.670350268934 0.010580802584 cfg1 2 1 0 0 na na
10 62170.678350310408 0.010580565101 cfg1 2 1 0 0 na na
10 62170.683350364268 0.010580415033 cfg1 2 1 0 0 na na
10 62170.689350336891 0.010580212140 cfg1 2 2 0 0 na na
10 62170.757350316646 0.010578040631 cfg1 2 1 0 0 na na
10 62170.857350276518 0.010574857488 cfg1 2 1 0 0 na na
10 62170.920350341062 0.010572866960 cfg1 2 2 0 0 na na
10 62170.954350268882 0.010571787980 cfg1 2 1 0 0 na na
10 62170.980350298579 0.010570965424 cfg1 2 1 0 0 na na
10 62171.171350304674 0.010564892367 cfg1 2 1 0 0 na na
10 62171.209350308873 0.010563679523 cfg1 2 1 0 0 na na
10 62171.366350286616 0.010558701653 cfg1 2 2 0 0 na na
10 62171.395350292103 0.010557781350 cfg1 2 2 0 0 na na
10 62171.456350270193 0.010555859922 cfg1 2 1 0 0 na na
10 62171.480350267809 0.010555069142 cfg1 2 1 0 0 na na
10 62171.571350322391 0.010552190744 cfg1 2 1 0 0 na na
10 62171.618350332572 0.010550692872 cfg1 2 1 0 0 na na
10 62171.711350333602 0.010547758597 cfg1 2 2 0 0 na na
10 62171.785350338906 0.010545402763 cfg1 2 1 0 0 na na
10 62171.813350302786 0.010544516860 cfg1 2 1 0 0 na na
10 62171.875350324610 0.010542561227 cfg1 2 2 0 0 na na
10 62171.937350269444 0.010540585996 cfg1 2 1 0 0 na na
10 62172.035350337759 0.010537493410 cfg1 2 2 0 0 na na
10 62172.098350361806 0.010535504840 cfg1 2 1 0 0 na na
10 62172.108350300620 0.010535176881 cfg1 2 1 0 0 na na
10 62172.154350259847 0.010533728878 cfg1 2 1 0 0 na na
10 62172.166350274960 0.010533337141 cfg1 2 1 0 0 na na
10 62172.310350261794 0.010528792206 cfg1 2 1 0 0 na na
10 62172.329350286287 0.010528176146 cfg1 2 1 0 0 na na
10 62172.362350326326 0.010527149739 cfg1 2 1 0 0 na na
10 62172.422350329823 0.010525245733 cfg1 2 1 0 0 na na
10 62172.477350321315 0.010523520853 cfg1 2 1 0 0 na na
10 62172.657350309604 0.010517804546 cfg1 2 1 0 0 na na
10 62172.770350321392 0.010514257931 cfg1 2 1 0 0 na na
10 62172.810350289763 0.010512984879 cfg1 2 2 0 0 na na
10 62172.887350309544 0.010510565332 cfg1 2 1 0 0 na na
10 62172.904350288176 0.010510005934 cfg1 2 1 0 0 na na
10 62172.935350293464 0.010509034308 cfg1 2 1 0 0 na na
10 62172.964350339790 0.010508136003 cfg1 2 1 0 0 na na
10 62173.170350321126 0.010501608902 cfg1 2 1 0 0 na na
10 62173.416350278969 0.010493864152 cfg1 2 1 0 0 na na
10 62173.468350283484 0.010492213025 cfg1 2 1 0 0 na na
10 62173.610350342922 0.010487753952 cfg1 2 2 0 0 na na
10 62173.884350275218 0.010479128445 cfg1 2 2 0 0 na na
10 62174.030350346220 0.010474526553 cfg1 2 1 0 0 na na
10 62174.034350326105 0.010474409915 cfg1 2 2 0 0 na na
10 62174.064350320110 0.010473470342 cfg1 2 1 0 0 na na
10 62174.072350288028 0.010473199697 cfg1 2 1 0 0 na na
10 62174.106350335810 0.010472149017 cfg1 2 1 0 0 na na
10 62174.266350366477 0.010467115713 cfg1 2 1 0 0 na na
10 62174.288350341273 0.010466429684 cfg1 2 1 0 0 na na
10 62174.307350257175 0.010465827960 cfg1 2 1 0 0 na na
10 62174.319350266387 0.010465436059 cfg1 2 1 0 0 na na
10 62174.352350354752 0.010464426965 cfg1 2 1 0 0 na na
10 62174.573350311377 0.010457488018 cfg1 2 1 0 0 na na
10 62174.711350264834 0.010453132129 cfg1 2 1 0 0 na na
10 62174.836350282700 0.010449217180 cfg1 2 1 0 0 na na
10 62174.867350309605 0.010448256743 cfg1 2 1 0 0 na na
10 62174.947350305351 0.010445751745 cfg1 2 1 0 0 na na
10 62175.033350299478 0.010443050860 cfg1 2 1 0 0 na na
10 62175.085350269411 0.010441412704 cfg1 2 1 0 0 na na
10 62175.480350325765 0.010429047527 cfg1 2 1 0 0 na na
10 62175.520350309808 0.010427806913 cfg1 2 1 0 0 na na
10 62175.607350279752 0.010425063148 cfg1 2 1 0 0 na na
10 62175.623350262948 0.010424564042 cfg1 2 1 0 0 na na
10 62175.684350302026 0.010422667875 cfg1 2 1 0 0 na na
10 62175.840350340200 0.010417780190 cfg1 2 1 0 0 na na
10 62176.003350336237 0.010412687627 cfg1 2 1 0 0 na na
10 62176.005350261667 0.010412630326 cfg1 2 1 0 0 na na
10 62176.027350251259 0.010411957188 cfg1 2 1 0 0 na na
10 62176.034350254121 0.010411727835 cfg1 2 1 0 0 na na
10 62176.078350313762 0.010410343401 cfg1 2 1 0 0 na na
10 62176.107350265344 0.010409441527 cfg1 2 1 0 0 na na
10 62176.209350294319 0.010406259696 cfg1 2 1 0 0 na na
10 62176.443350307668 0.010398969388 cfg1 2 2 0 0 na na
10 62176.451350334033 0.010398722121 cfg1 2 1 0 0 na na
10 62176.459350362594 0.010398470469 cfg1 2 2 0 0 na na
10 62176.517350294678 0.010396664760 cfg1 2 1 0 0 na na
10 62176.535350283565 0.010396091559 cfg1 2 1 0 0 na na
10 62176.555350330579 0.010395489012 cfg1 2 1 0 0 na na
10 62176.576350254033 0.010394822839 cfg1 2 1 0 0 na na
10 62176.602350297004 0.010394000818 cfg1 2 1 0 0 na na
10 62176.620350292766 0.010393464435 cfg1 2 1 0 0 na na
10 62176.854350347063 0.010386168587 cfg1 2 1 0 0 na na
10 62176.920350298219 0.010384102468 cfg1 2 1 0 0 na na
10 62176.946350335408 0.010383311883 cfg1 2 1 0 0 na na
10 62177.033350284125 0.010380579690 cfg1 2 1 0 0 na na
10 62177.237350315530 0.010374250668 cfg1 2 1 0 0 na na
10 62177.244350285019 0.010374040000 cfg1 2 1 0 0 na na
10 62177.245350300536 0.010374005391 cfg1 2 1 0 0 na na
10 62177.251350361205 0.010373810721 cfg1 2 1 0 0 na na
10 62177.269350263695 0.010373238764 cfg1 2 1 0 0 na na
10 62177.327350300812 0.010371444435 cfg1 2 1 0 0 na na
10 62177.339350272928 0.010371076908 cfg1 2 1 0 0 na na
10 62177.346350305546 0.010370849297 cfg1 2 1 0 0 na na
10 62177.347350264060 0.010370812704 cfg1 2 1 0 0 na na
10 62177.403350255848 0.010369081005 cfg1 2 1 0 0 na na
10 62177.481350312239 0.010366663616 cfg1 2 1 0 0 na na
10 62177.565350316841 0.010364058080 cfg1 2 1 0 0 na na
10 62177.620350330127 0.010362331241 cfg1 2 1 0 0 na na
10 62177.751350300350 0.010358264761 cfg1 2 1 0 0 na na
10 62177.898350282624 0.010353707550 cfg1 2 1 0 0 na na
10 62177.959350311826 0.010351824101 cfg1 2 1 0 0 na na
10 62177.969350281182 0.010351503805 cfg1 2 1 0 0 na na
10 62177.988350321444 0.010350930069 cfg1 2 1 0 0 na na
10 62178.031350256058 0.010349593643 cfg1 2 1 0 0 na na
10 62178.143350249829 0.010346122196 cfg1 2 2 0 0 na na
10 62178.158350277893 0.010345667465 cfg1 2 1 0 0 na na
10 62178.197350323317 0.010344457385 cfg1 2 1 0 0 na na
10 62178.251350339145 0.010342781505 cfg1 2 1 0 0 na na
10 62178.387350314682 0.010338570194 cfg1 2 1 0 0 na na
10 62178.444350352953 0.010336803095 cfg1 2 1 0 0 na na
10 62178.485350369710 0.010335529900 cfg1 2 1 0 0 na na
10 62178.498350333077 0.010335127597 cfg1 2 1 0 0 na na
10 62178.531350273707 0.010334106231 cfg1 2 1 0 0 na na
10 62178.595350268652 0.010332125935 cfg1 2 2 0 0 na na
10 62178.620350248522 0.010331353794 cfg1 2 1 0 0 na na
10 62178.634350303156 0.010330916814 cfg1 2 1 0 0 na na
10 62178.702350318298 0.010328818535 cfg1 2 1 0 0 na na
10 62178.716350301958 0.010328379612 cfg1 2 1 0 0 na na
10 62178.887350254767 0.010323092111 cfg1 2 1 0 0 na na
10 62178.921350252707 0.010322044179 cfg1 2 1 0 0 na na
10 62178.955350252838 0.010320994070 cfg1 2 1 0 0 na na
10 62179.050350338561 0.010318060475 cfg1 2 2 0 0 na na
10 62179.186350336761 0.010313857360 cfg1 2 1 0 0 na na
10 62179.222350265572 0.010312763538 cfg1 2 1 0 0 na na
10 62179.283350295789 0.010310869537 cfg1 2 1 0 0 na na
10 62179.320350303699 0.010309724318 cfg1 2 1 0 0 na na
10 62179.602350252835 0.010301029244 cfg1 2 1 0 0 na na
10 62179.845350345830 0.010293538980 cfg1 2 1 0 0 na na
10 62179.939350326873 0.010290654273 cfg1 2 1 0 0 na na
10 62180.035350324493 0.010287688783 cfg1 2 1 0 0 na na
10 62180.082350311715 0.010286236257 cfg1 2 1 0 0 na na
10 62180.131350297505 0.010284724334 cfg1 2 1 0 0 na na
10 62180.260350258362 0.010280763692 cfg1 2 1 0 0 na na
10 62180.435350317567 0.010275392417 cfg1 2 2 0 0 na na
10 62180.585350263684 0.010270773183 cfg1 2 1 0 0 na na
10 62180.747350294661 0.010265811152 cfg1 2 1 0 0 na na
10 62180.773350289293 0.010265025972 cfg1 2 1 0 0 na na
10 62180.817350313925 0.010263663074 cfg1 2 1 0 0 na na
10 62180.860350311751 0.010262332303 cfg1 2 1 0 0 na na
10 62180.878350305062 0.010261791192 cfg1 2 1 0 0 na na
10 62180.917350293266 0.010260585239 cfg1 2 1 0 0 na na
10 62181.014350335337 0.010257625397 cfg1 2 1 0 0 na na
10 62181.097350307260 0.010255069352 cfg1 2 1 0 0 na na
10 62181.224350296699 0.010251175150 cfg1 2 1 0 0 na na
10 62181.233350273596 0.010250901905 cfg1 2 1 0 0 na na
10 62181.259350333026 0.010250121752 cfg1 2 1 0 0 na na
10 62181.286350298524 0.010249273449 cfg1 2 1 0 0 na na
10 62181.298350266348 0.010248905566 cfg1 2 1 0 0 na na
10 62181.397350348707 0.010245886751 cfg1 2 1 0 0 na na
10 62181.402350299106 0.010245722986 cfg1 2 1 0 0 na na
10 62181.417350298228 0.010245281577 cfg1 2 1 0 0 na na
10 62181.470350315466 0.010243650684 cfg1 2 1 0 0 na na
10 62181.676350292881 0.010237359606 cfg1 2 1 0 0 na na
10 62181.710350272783 0.010236321954 cfg1 2 1 0 0 na na
10 62181.767350305832 0.010234553961 cfg1 2 1 0 0 na na
10 62181.897350291592 0.010230585403 cfg1 2 1 0 0 na na
10 62181.953350268763 0.010228868197 cfg1 2 1 0 0 na na
10 62181.982350246177 0.010228000578 cfg1 2 1 0 0 na na
10 62182.052350300993 0.010225855167 cfg1 2 1 0 0 na na
10 62182.098350294193 0.010224442607 cfg1 2 1 0 0 na na
10 62182.109350369859 0.010224108506 cfg1 2 1 0 0 na na
10 62182.155350283576 0.010222713934 cfg1 2 1 0 0 na na
10 62182.193350304604 0.010221539983 cfg1 2 1 0 0 na na
10 62182.198350304065 0.010221393680 cfg1 2 1 0 0 na na
10 62182.214350249688 0.010220912453 cfg1 2 1 0 0 na na
10 62182.217350293972 0.010220826769 cfg1 2 1 0 0 na na
10 62182.261350270421 0.010219468202 cfg1 2 1 0 0 na na
10 62182.363350275048 0.010216379232 cfg1 2 1 0 0 na na
10 62182.371350311609 0.010216109543 cfg1 2 1 0 0 na na
10 62182.375350300671 0.010215987028 cfg1 2 1 0 0 na na
10 62182.418350278956 0.010214698611 cfg1 2 1 0 0 na na
10 62182.444350293929 0.010213902762 cfg1 2 1 0 0 na na
10 62182.499350255259 0.010212234508 cfg1 2 1 0 0 na na
10 62182.506350315408 0.010212006715 cfg1 2 1 0 0 na na
10 62182.538350330502 0.010211030905 cfg1 2 1 0 0 na na
10 62182.624350299585 0.010208421486 cfg1 2 1 0 0 na na
10 62182.727350318377 0.010205272916 cfg1 2 1 0 0 na na
10 62182.775350378810 0.010203818753 cfg1 2 1 0 0 na na
10 62182.782350339247 0.010203584116 cfg1 2 1 0 0 na na
10 62182.797350340957 0.010203141792 cfg1 2 1 0 0 na na
10 62182.824350354366 0.010202332747 cfg1 2 1 0 0 na na
10 62182.853350290794 0.010201430395 cfg1 2 1 0 0 na na
10 62182.866350377930 0.010201031562 cfg1 2 1 0 0 na na
10 62182.892350285192 0.010200247140 cfg1 2 1 0 0 na na
10 62183.071350257349 0.010194794556 cfg1 2 1 0 0 na na
10 62183.073350281019 0.010194746073 cfg1 2 1 0 0 na na
10 62183.103350300838 0.010193820801 cfg1 2 1 0 0 na na
10 62183.104350380133 0.010193805304 cfg1 2 1 0 0 na na
10 62183.112350319099 0.010193551546 cfg1 2 1 0 0 na na
10 62183.116350326800 0.010193433418 cfg1 2 1 0 0 na na
10 62183.166350267979 0.010191906616 cfg1 2 1 0 0 na na
10 62183.214350252294 0.010190450081 cfg1 2 1 0 0 na na
10 62183.219350248469 0.010190303400 cfg1 2 1 0 0 na na
10 62183.230350289254 0.010189967368 cfg1 2 2 0 0 na na
10 62183.455350330068 0.010183144517 cfg1 2 1 0 0 na na
10 62183.467350302478 0.010182773312 cfg1 2 1 0 0 na na
10 62183.548350310557 0.010180299950 cfg1 2 1 0 0 na na
10 62183.570350332862 0.010179638722 cfg1 2 1 0 0 na na
10 62183.686350276691 0.010176122065 cfg1 2 1 0 0 na na
10 62183.785350353529 0.010173099658 cfg1 2 1 0 0 na na
10 62183.816350297680 0.010172160377 cfg1 2 1 0 0 na na
10 62183.881350356023 0.010170195243 cfg1 2 1 0 0 na na
10 62183.920350312418 0.010169029096 cfg1 2 1 0 0 na na
10 62183.982350301973 0.010167154229 cfg1 2 1 0 0 na na
10 62184.047350261361 0.010165175563 cfg1 2 1 0 0 na na
10 62184.188350257800 0.010160894068 cfg1 2 1 0 0 na na
10 62184.242350242498 0.010159274269 cfg1 2 1 0 0 na na
10 62184.292350298406 0.010157748354 cfg1 2 1 0 0 na na
10 62184.346350261521 0.010156108174 cfg1 2 1 0 0 na na
10 62184.381350269238 0.010155049388 cfg1 2 1 0 0 na na
10 62184.382350300092 0.010155030496 cfg1 2 1 0 0 na na
10 62184.424350267434 0.010153741510 cfg1 2 1 0 0 na na
10 62184.465350299996 0.010152525712 cfg1 2 1 0 0 na na
10 62184.516350257442 0.010150969567 cfg1 2 1 0 0 na na
10 62184.529350295163 0.010150581934 cfg1 2 1 0 0 na na
10 62184.646350290901 0.010147046106 cfg1 2 1 0 0 na na
10 62184.718350295468 0.010144859759 cfg1 2 1 0 0 na na
10 62185.101350274447 0.010133286886 cfg1 2 1 0 0 na na
10 62185.126350262673 0.010132547442 cfg1 2 2 0 0 na na
10 62185.173350270924 0.010131129403 cfg1 2 1 0 0 na na
10 62185.218350285143 0.010129769879 cfg1 2 1 0 0 na na
10 62185.331350321594 0.010126376210 cfg1 2 1 0 0 na na
10 62185.334350314248 0.010126269116 cfg1 2 1 0 0 na na
10 62185.499350358785 0.010121302218 cfg1 2 1 0 0 na na
10 62185.742350323232 0.010113985051 cfg1 2 1 0 0 na na
10 62185.762350324684 0.010113392989 cfg1 2 1 0 0 na na
10 62185.969350380499 0.010107149473 cfg1 2 1 0 0 na na
10 62185.982350339434 0.010106763022 cfg1 2 1 0 0 na na
10 62185.989350296105 0.010106540272 cfg1 2 1 0 0 na na
10 62186.015350289989 0.010105780394 cfg1 2 1 0 0 na na
10 62186.067350304749 0.010104207447 cfg1 2 1 0 0 na na
10 62186.120350286828 0.010102608693 cfg1 2 1 0 0 na na
10 62186.295350245803 0.010097365935 cfg1 2 1 0 0 na na
10 62186.482350299830 0.010091759384 cfg1 2 1 0 0 na na
10 62186.498350258515 0.010091263616 cfg1 2 1 0 0 na na
10 62186.593350353172 0.010088418879 cfg1 2 1 0 0 na na
10 62186.598350356478 0.010088268329 cfg1 2 1 0 0 na na
10 62186.779350282730 0.010082854296 cfg1 2 1 0 0 na na
10 62186.786350339815 0.010082632229 cfg1 2 1 0 0 na na
10 62187.097350302378 0.010073315295 cfg1 2 1 0 0 na na
10 62187.118350400412 0.010072682571 cfg1 2 1 0 0 na na
10 62187.277350328718 0.010067922452 cfg1 2 1 0 0 na na
10 62187.397350264336 0.010064332487 cfg1 2 1 0 0 na na
10 62187.492350360139 0.010061502854 cfg1 2 1 0 0 na na
10 62187.513350319244 0.010060887361 cfg1 2 1 0 0 na na
10 62187.660350242952 0.010056493945 cfg1 2 1 0 0 na na
10 62187.795350302715 0.010052443070 cfg1 2 1 0 0 na na
10 62187.883350355547 0.010049836623 cfg1 2 1 0 0 na na
10 62187.907350288095 0.010049107570 cfg1 2 1 0 0 na na
10 62187.945350328303 0.010047976434 cfg1 2 1 0 0 na na
10 62188.058350289449 0.010044613304 cfg1 2 1 0 0 na na
10 62188.166350337441 0.010041404765 cfg1 2 1 0 0 na na
10 62188.241350271367 0.010039148369 cfg1 2 1 0 0 na na
10 62188.365350276384 0.010035460503 cfg1 2 1 0 0 na na
10 62188.430350254912 0.010033532597 cfg1 2 1 0 0 na na
10 62188.468350270244 0.010032401656 cfg1 2 1 0 0 na na
10 62188.576350331434 0.010029203060 cfg1 2 1 0 0 na na
10 62188.869350281712 0.010020478356 cfg1 2 1 0 0 na na
10 62188.925350333095 0.010018812633 cfg1 2 1 0 0 na na
10 62188.973350295452 0.010017374326 cfg1 2 1 0 0 na na
10 62189.022350281455 0.010015934368 cfg1 2 1 0 0 na na
10 62189.242350336143 0.010009415106 cfg1 2 1 0 0 na na
10 62189.400350306428 0.010004711854 cfg1 2 1 0 0 na na
10 62189.541350311147 0.010000536306 cfg1 2 1 0 0 na na
10 62189.556350284261 0.010000084144 cfg1 2 1 0 0 na na
10 62189.578350317574 0.009999460830 cfg1 2 1 0 0 na na
10 62189.603350280846 0.009998693489 cfg1 2 1 0 0 na na
10 62189.610350292910 0.009998499918 cfg1 2 1 0 0 na na
10 62189.620350294916 0.009998194318 cfg1 2 1 0 0 na na
10 62189.832350288241 0.009991920177 cfg1 2 1 0 0 na na
10 62189.918350291170 0.009989383194 cfg1 2 2 0 0 na na
10 62189.990350349477 0.009987254067 cfg1 2 2 0 0 na na
10 62190.106350258565 0.009983821783 cfg1 2 1 0 0 na na
10 62190.140350259509 0.009982812397 cfg1 2 1 0 0 na na
10 62190.205350248709 0.009980903176 cfg1 2 1 0 0 na na
10 62190.210350269164 0.009980737621 cfg1 2 1 0 0 na na
10 62190.406350310987 0.009974957878 cfg1 2 1 0 0 na na
10 62190.475350331921 0.009972921346 cfg1 2 1 0 0 na na
10 62190.482350265531 0.009972711371 cfg1 2 1 0 0 na na
10 62190.513350261645 0.009971811941 cfg1 2 1 0 0 na na
10 62190.603350354765 0.009969140005 cfg1 2 1 0 0 na na
10 62190.606350259603 0.009969057320 cfg1 2 1 0 0 na na
10 62190.754350331681 0.009964703463 cfg1 2 1 0 0 na na
10 62190.772350323825 0.009964168938 cfg1 2 1 0 0 na na
10 62190.894350258361 0.009960573552 cfg1 2 1 0 0 na na
10 62190.958350333647 0.009958695841 cfg1 2 1 0 0 na na
10 62191.043350325687 0.009956199363 cfg1 2 1 0 0 na na
10 62191.080350291910 0.009955098751 cfg1 2 1 0 0 na na
10 62191.156350327884 0.009952877135 cfg1 2 1 0 0 na na
10 62191.161350290173 0.009952707837 cfg1 2 1 0 0 na na
10 62191.209350305093 0.009951302845 cfg1 2 1 0 0 na na
10 62191.220350334411 0.009950973006 cfg1 2 1 0 0 na na
10 62191.306350401705 0.009948453516 cfg1 2 1 0 0 na na
10 62191.489350323192 0.009943069487 cfg1 2 1 0 0 na na
10 62191.503350318993 0.009942664390 cfg1 2 1 0 0 na na
10 62191.670350348252 0.009937761723 cfg1 2 1 0 0 na na
10 62191.694350285337 0.009937068018 cfg1 2 1 0 0 na na
10 62191.717350323836 0.009936370774 cfg1 2 1 0 0 na na
10 62191.816350296036 0.009933476677 cfg1 2 1 0 0 na na
10 62191.910350334425 0.009930716155 cfg1 2 1 0 0 na na
10 62191.995350297954 0.009928240178 cfg1 2 1 0 0 na na
10 62192.025350339364 0.009927362912 cfg1 2 1 0 0 na na
10 62192.052350373768 0.009926566412 cfg1 2 1 0 0 na na
10 62192.122350308646 0.009924499960 cfg1 2 1 0 0 na na
10 62192.152350314396 0.009923628308 cfg1 2 1 0 0 na na
10 62192.159350341085 0.009923413022 cfg1 2 1 0 0 na na
10 62192.244350298279 0.009920933542 cfg1 2 1 0 0 na na
10 62192.267350326581 0.009920252144 cfg1 2 1 0 0 na na
10 62192.289350286303 0.009919616693 cfg1 2 1 0 0 na na
10 62192.455350275081 0.009914761692 cfg1 2 1 0 0 na na
10 62192.462350333857 0.009914553762 cfg1 2 1 0 0 na na
10 62192.546350290466 0.009912103285 cfg1 2 1 0 0 na na
10 62192.640350331356 0.009909349241 cfg1 2 1 0 0 na na
10 62192.643350320792 0.009909261618 cfg1 2 1 0 0 na na
10 62192.646350354732 0.009909173861 cfg1 2 1 0 0 na na
10 62192.718350239297 0.009907082555 cfg1 2 1 0 0 na na
10 62192.834350355382 0.009903676433 cfg1 2 1 0 0 na na
10 62192.922350398735 0.009901106900 cfg1 2 1 0 0 na na
10 62192.936350307377 0.009900711964 cfg1 2 1 0 0 na na
10 62193.083350332986 0.009896402528 cfg1 2 1 0 0 na na
10 62193.151350297259 0.009894431202 cfg1 2 1 0 0 na na
10 62193.154350311335 0.009894351590 cfg1 2 1 0 0 na na
10 62193.177350269674 0.009893670048 cfg1 2 1 0 0 na na
10 62193.192350300197 0.009893231495 cfg1 2 1 0 0 na na
10 62193.230350318533 0.009892124324 cfg1 2 1 0 0 na na
10 62193.433350283746 0.009886223304 cfg1 2 1 0 0 na na
10 62193.474350346468 0.009885023443 cfg1 2 1 0 0 na na
10 62193.675350343145 0.009879168892 cfg1 2 1 0 0 na na
10 62193.721350278602 0.009877839837 cfg1 2 1 0 0 na na
10 62193.797350281605 0.009875630315 cfg1 2 1 0 0 na na
10 62193.801350321108 0.009875505994 cfg1 2 1 0 0 na na
10 62193.855350293400 0.009873945628 cfg1 2 1 0 0 na na
10 62193.891350285910 0.009872888052 cfg1 2 2 0 0 na na
10 62193.922350332862 0.009871987030 cfg1 2 1 0 0 na na
10 62193.961350261796 0.009870845162 cfg1 2 1 0 0 na na
10 62194.021350297361 0.009869112759 cfg1 2 1 0 0 na na
10 62194.048350274423 0.009868321582 cfg1 2 1 0 0 na na
10 62194.129350341053 0.009865978380 cfg1 2 1 0 0 na na
10 62194.140350319607 0.009865655223 cfg1 2 2 0 0 na na
10 62194.147350266987 0.009865452001 cfg1 2 2 0 0 na na
10 62194.172350391739 0.009864732681 cfg1 2 1 0 0 na na
10 62194.408350352085 0.009857879711 cfg1 2 1 0 0 na na
10 62194.413350296213 0.009857735005 cfg1 2 2 0 0 na na
10 62194.459350342834 0.009856400981 cfg1 2 2 0 0 na na
10 62194.513350375562 0.009854846735 cfg1 2 1 0 0 na na
10 62194.543350313245 0.009853966274 cfg1 2 1 0 0 na na
10 62194.634350343416 0.009851340034 cfg1 2 1 0 0 na na
10 62194.753350298485 0.009847877462 cfg1 2 1 0 0 na na
10 62194.853350354189 0.009844989584 cfg1 2 2 0 0 na na
10 62195.107350328519 0.009837648263 cfg1 2 1 0 0 na na
10 62195.155350295395 0.009836256578 cfg1 2 1 0 0 na na
10 62195.171350261678 0.009835780351 cfg1 2 1 0 0 na na
10 62195.266350286071 0.009833042988 cfg1 2 1 0 0 na na
10 62195.312350320956 0.009831716752 cfg1 2 1 0 0 na na
10 62195.335350268890 0.009831063768 cfg1 2 1 0 0 na na
10 62195.337350292756 0.009830986031 cfg1 2 1 0 0 na na
10 62195.356350324316 0.009830451086 cfg1 2 2 0 0 na na
10 62195.359350345396 0.009830358545 cfg1 2 1 0 0 na na
10 62195.370350288266 0.009830054171 cfg1 2 1 0 0 na na
10 62195.393350301710 0.009829370803 cfg1 2 1 0 0 na na
10 62195.424350310530 0.009828474484 cfg1 2 1 0 0 na na
10 62195.456350338371 0.009827564689 cfg1 2 2 0 0 na na
10 62195.626350343013 0.009822661009 cfg1 2 2 0 0 na na
10 62195.692350297284 0.009820758870 cfg1 2 1 0 0 na na
10 62195.710350331310 0.009820239390 cfg1 2 2 0 0 na na
10 62195.742350316178 0.009819304946 cfg1 2 1 0 0 na na
10 62195.809350331683 0.009817386633 cfg1 2 1 0 0 na na
10 62195.892350299054 0.009814995920 cfg1 2 2 0 0 na na
10 62195.893350336130 0.009814976441 cfg1 2 1 0 0 na na
10 62195.910350339075 0.009814472643 cfg1 2 1 0 0 na na
10 62196.055350352139 0.009810292156 cfg1 2 1 0 0 na na
10 62196.069350341173 0.009809900704 cfg1 2 2 0 0 na na
10 62196.322350305182 0.009802614918 cfg1 2 1 0 0 na na
10 62196.327350318952 0.009802488905 cfg1 2 1 0 0 na na
10 62196.353350354730 0.009801733998 cfg1 2 1 0 0 na na
10 62196.363350306864 0.009801455367 cfg1 2 1 0 0 na na
10 62196.556350331082 0.009795904302 cfg1 2 1 0 0 na na
10 62196.571350352535 0.009795472492 cfg1 2 1 0 0 na na
10 62196.592350305973 0.009794870933 cfg1 2 1 0 0 na na
10 62196.764350338445 0.009789934438 cfg1 2 2 0 0 na na
10 62196.867350291100 0.009786980973 cfg1 2 2 0 0 na na
10 62196.878350315966 0.009786676982 cfg1 2 1 0 0 na na
10 62196.903350259610 0.009785942589 cfg1 2 1 0 0 na na
10 62196.925350316044 0.009785303571 cfg1 2 1 0 0 na na
10 62196.947350364649 0.009784678533 cfg1 2 1 0 0 na na
10 62196.954350331322 0.009784487488 cfg1 2 2 0 0 na na
10 62197.106350286797 0.009780133325 cfg1 2 2 0 0 na na
10 62197.126350287215 0.009779550266 cfg1 2 1 0 0 na na
10 62197.202350356427 0.009777391582 cfg1 2 1 0 0 na na
10 62197.216350255696 0.009776983355 cfg1 2 1 0 0 na na
10 62197.374350289284 0.009772464042 cfg1 2 2 0 0 na na
10 62197.483350341975 0.009769347469 cfg1 2 2 0 0 na na
10 62197.517350267709 0.009768376182 cfg1 2 2 0 0 na na
10 62197.587350359113 0.009766367667 cfg1 2 1 0 0 na na
10 62197.658350312187 0.009764347321 cfg1 2 2 0 0 na na
10 62197.749350266542 0.009761744222 cfg1 2 1 0 0 na na
10 62197.791350323125 0.009760543202 cfg1 2 1 0 0 na na
10 62197.916350298206 0.009756969126 cfg1 2 1 0 0 na na
10 62198.054350305859 0.009753047999 cfg1 2 2 0 0 na na
10 62198.142350304967 0.009750539925 cfg1 2 2 0 0 na na
10 62198.196350297690 0.009748996288 cfg1 2 1 0 0 na na
10 62198.244350305248 0.009747644462 cfg1 2 1 0 0 na na
10 62198.339350302289 0.009744932250 cfg1 2 1 0 0 na na
10 62198.398350290058 0.009743249827 cfg1 2 1 0 0 na na
10 62198.454350286455 0.009741644184 cfg1 2 1 0 0 na na
10 62198.525350307598 0.009739626595 cfg1 2 1 0 0 na na
10 62198.574350299301 0.009738253985 cfg1 2 1 0 0 na na
10 62198.603350286216 0.009737422454 cfg1 2 1 0 0 na na
10 62198.628350278690 0.009736709421 cfg1 2 1 0 0 na na
10 62198.673350244589 0.009735432011 cfg1 2 1 0 0 na na
10 62198.694350255205 0.009734826684 cfg1 2 1 0 0 na na
10 62198.831350297000 0.009730930752 cfg1 2 1 0 0 na na
10 62198.834350329882 0.009730869332 cfg1 2 1 0 0 na na
10 62198.868350291982 0.009729880512 cfg1 2 1 0 0 na na
10 62199.090350295888 0.009723588637 cfg1 2 1 0 0 na na
10 62199.123350267326 0.009722653997 cfg1 2 1 0 0 na na
10 62199.151350294233 0.009721863618 cfg1 2 1 0 0 na na
10 62199.158350284117 0.009721660151 cfg1 2 1 0 0 na na
10 62199.219350299679 0.009719930798 cfg1 2 2 0 0 na na
10 62199.324350333363 0.009716955090 cfg1 2 2 0 0 na na
10 62199.343350290654 0.009716416785 cfg1 2 1 0 0 na na
10 62199.494350352097 0.009712155054 cfg1 2 1 0 0 na na
10 62199.571350352825 0.009709971057 cfg1 2 1 0 0 na na
10 62199.577350283132 0.009709785290 cfg1 2 1 0 0 na na
10 62199.691350288404 0.009706563175 cfg1 2 1 0 0 na na
10 62199.736350237917 0.009705304203 cfg1 2 1 0 0 na na
10 62199.742350348928 0.009705114450 cfg1 2 1 0 0 na na
10 62199.765350265563 0.009704488096 cfg1 2 1 0 0 na na
10 62199.919350281023 0.009700111836 cfg1 2 1 0 0 na na
10 62200.089350326710 0.009695321382 cfg1 2 2 0 0 na na
10 62200.243350305265 0.009690976148 cfg1 2 2 0 0 na na
10 62200.377350297019 0.009687195689 cfg1 2 1 0 0 na na
10 62200.465350328232 0.009684720944 cfg1 2 1 0 0 na na
10 62200.662350302712 0.009679170249 cfg1 2 1 0 0 na na
10 62200.685350387499 0.009678519762 cfg1 2 1 0 0 na na
10 62200.691350336632 0.009678345353 cfg1 2 1 0 0 na na
10 62200.707350324709 0.009677890500 cfg1 2 1 0 0 na na
10 62200.747350352362 0.009676772361 cfg1 2 1 0 0 na na
10 62200.863350318896 0.009673521846 cfg1 2 1 0 0 na na
10 62200.882350281044 0.009672984468 cfg1 2 1 0 0 na na
10 62200.919350268149 0.009671928910 cfg1 2 1 0 0 na na
10 62201.217350336920 0.009663566037 cfg1 2 1 0 0 na na
10 62201.247350296412 0.009662728628 cfg1 2 1 0 0 na na
10 62201.277350263976 0.009661884926 cfg1 2 1 0 0 na na
10 62201.435350296235 0.009657454957 cfg1 2 1 0 0 na na
10 62201.585350322470 0.009653246979 cfg1 2 1 0 0 na na
10 62201.587350284756 0.009653195398 cfg1 2 2 0 0 na na
10 62201.605350276121 0.009652676007 cfg1 2 1 0 0 na na
10 62201.618350324178 0.009652330697 cfg1 2 1 0 0 na na
10 62201.766350276943 0.009648196634 cfg1 2 1 0 0 na na
10 62201.798350294310 0.009647275685 cfg1 2 1 0 0 na na
10 62202.098350345139 0.009638898258 cfg1 2 1 0 0 na na
10 62202.113350352749 0.009638490307 cfg1 2 1 0 0 na na
10 62202.316350349480 0.009632822185 cfg1 2 1 0 0 na na
10 62202.427350315687 0.009629715280 cfg1 2 1 0 0 na na
10 62202.505350298542 0.009627530373 cfg1 2 1 0 0 na na
10 62202.534350315907 0.009626726003 cfg1 2 1 0 0 na na
10 62202.713350321246 0.009621737287 cfg1 2 1 0 0 na na
10 62202.764350278533 0.009620325046 cfg1 2 1 0 0 na na
10 62202.994350315949 0.009613908386 cfg1 2 1 0 0 na na
10 62203.181350322245 0.009608707003 cfg1 2 1 0 0 na na
10 62203.255350264368 0.009606659454 cfg1 2 1 0 0 na na
10 62203.403350324346 0.009602550592 cfg1 2 1 0 0 na na
10 62203.429350286362 0.009601824678 cfg1 2 1 0 0 na na
10 62203.434350309276 0.009601695615 cfg1 2 1 0 0 na na
10 62203.453350280803 0.009601174620 cfg1 2 1 0 0 na na
10 62203.490350283531 0.009600128075 cfg1 2 1 0 0 na na
10 62203.498350302471 0.009599913286 cfg1 2 2 0 0 na na
10 62203.575350300822 0.009597786347 cfg1 2 1 0 0 na na
10 62203.591350400762 0.009597333342 cfg1 2 1 0 0 na na
10 62203.823350255859 0.009590903881 cfg1 2 2 0 0 na na
10 62203.875350349360 0.009589451223 cfg1 2 1 0 0 na na
10 62203.980350260989 0.009586545890 cfg1 2 1 0 0 na na
10 62204.034350299873 0.009585058678 cfg1 2 1 0 0 na na
10 62204.186350297600 0.009580858002 cfg1 2 1 0 0 na na
10 62204.228350317173 0.009579712184 cfg1 2 1 0 0 na na
10 62204.383350285168 0.009575415989 cfg1 2 1 0 0 na na
10 62204.405350313862 0.009574806887 cfg1 2 1 0 0 na na
10 62204.549350319434 0.009570817625 cfg1 2 1 0 0 na na
10 62204.598350303607 0.009569492947 cfg1 2 1 0 0 na na
10 62204.660350272313 0.009567760256 cfg1 2 1 0 0 na na
10 62204.732350291327 0.009565790840 cfg1 2 1 0 0 na na
10 62204.757350256207 0.009565090862 cfg1 2 1 0 0 na na
10 62204.776350309151 0.009564570196 cfg1 2 1 0 0 na na
10 62204.999350295550 0.009558442070 cfg1 2 1 0 0 na na
10 62205.032350326617 0.009557521183 cfg1 2 1 0 0 na na
10 62205.045350339588 0.009557163579 cfg1 2 1 0 0 na na
10 62205.131350314682 0.009554793316 cfg1 2 1 0 0 na na
10 62205.133350337169 0.009554752725 cfg1 2 1 0 0 na na
10 62205.269350300738 0.009551001484 cfg1 2 1 0 0 na na
10 62205.333350285753 0.009549234549 cfg1 2 1 0 0 na na
10 62205.481350312184 0.009545176812 cfg1 2 1 0 0 na na
10 62205.590350325858 0.009542183676 cfg1 2 1 0 0 na na
10 62205.608350272853 0.009541694360 cfg1 2 1 0 0 na na
10 62205.651350324765 0.009540502375 cfg1 2 1 0 0 na na
10 62205.734350246713 0.009538240120 cfg1 2 1 0 0 na na
10 62205.762350322571 0.009537466512 cfg1 2 1 0 0 na na
10 62205.832350360549 0.009535547626 cfg1 2 1 0 0 na na
10 62205.876350267884 0.009534349404 cfg1 2 1 0 0 na na
10 62205.901350315639 0.009533660366 cfg1 2 1 0 0 na na
10 62206.001350340311 0.009530928213 cfg1 2 1 0 0 na na
10 62206.047350300041 0.009529658276 cfg1 2 1 0 0 na na
10 62206.111350302025 0.009527906491 cfg1 2 1 0 0 na na
10 62206.321350286256 0.009522155047 cfg1 2 1 0 0 na na
10 62206.368350280956 0.009520878106 cfg1 2 1 0 0 na na
10 62206.438350285130 0.009518960229 cfg1 2 1 0 0 na na
10 62206.446350309014 0.009518755657 cfg1 2 1 0 0 na na
10 62206.556350296822 0.009515745396 cfg1 2 1 0 0 na na
10 62206.575350321871 0.009515228625 cfg1 2 1 0 0 na na
10 62206.582350301657 0.009515046713 cfg1 2 1 0 0 na na
10 62206.633350289890 0.009513631109 cfg1 2 1 0 0 na na
10 62206.826350308387 0.009508380020 cfg1 2 1 0 0 na na
10 62206.833350312359 0.009508194337 cfg1 2 1 0 0 na na
10 62207.025350255590 0.009502968612 cfg1 2 1 0 0 na na
10 62207.133350298278 0.009500014167 cfg1 2 1 0 0 na na
10 62207.226350292001 0.009497483855 cfg1 2 1 0 0 na na
10 62207.278350360867 0.009496068867 cfg1 2 1 0 0 na na
10 62207.284350342407 0.009495912287 cfg1 2 1 0 0 na na
10 62207.285350289419 0.009495879038 cfg1 2 1 0 0 na na
10 62207.341350254979 0.009494351859 cfg1 2 1 0 0 na na
10 62207.424350297483 0.009492100543 cfg1 2 1 0 0 na na
10 62207.426350299670 0.009492046205 cfg1 2 1 0 0 na na
10 62207.544350322029 0.009488826405 cfg1 2 1 0 0 na na
10 62207.594350287477 0.009487496445 cfg1 2 1 0 0 na na
10 62207.663350324245 0.009485625264 cfg1 2 1 0 0 na na
10 62207.719350311410 0.009484088240 cfg1 2 1 0 0 na na
10 62207.740350279247 0.009483530519 cfg1 2 1 0 0 na na
10 62207.765350314668 0.009482851786 cfg1 2 1 0 0 na na
10 62207.890350339429 0.009479453792 cfg1 2 1 0 0 na na
10 62208.027350255279 0.009475736783 cfg1 2 1 0 0 na na
10 62208.028350300194 0.009475709212 cfg1 2 1 0 0 na na
10 62208.126350332928 0.009473067939 cfg1 2 1 0 0 na na
10 62208.161350343665 0.009472114066 cfg1 2 1 0 0 na na
10 62208.208350296968 0.009470832605 cfg1 2 1 0 0 na na
10 62208.220350305428 0.009470516634 cfg1 2 1 0 0 na na
10 62208.617350309061 0.009459783594 cfg1 2 1 0 0 na na
10 62208.768350348941 0.009455711709 cfg1 2 1 0 0 na na
10 62208.793350368936 0.009455054191 cfg1 2 1 0 0 na na
10 62208.813350352644 0.009454502780 cfg1 2 1 0 0 na na
10 62208.823350292378 0.009454243701 cfg1 2 1 0 0 na na
10 62208.839350290658 0.009453799019 cfg1 2 1 0 0 na na
10 62208.875350318491 0.009452832929 cfg1 2 1 0 0 na na
10 62208.883350288502 0.009452612941 cfg1 2 1 0 0 na na
10 62208.955350298624 0.009450672416 cfg1 2 1 0 0 na na
10 62208.984350334794 0.009449885147 cfg1 2 1 0 0 na na
10 62208.992350276474 0.009449673341 cfg1 2 1 0 0 na na
10 62209.062350264634 0.009447777438 cfg1 2 1 0 0 na na
10 62209.063350300174 0.009447753889 cfg1 2 1 0 0 na na
10 62209.074350287362 0.009447467171 cfg1 2 2 0 0 na na
10 62209.107350261224 0.009446572526 cfg1 2 1 0 0 na na
10 62209.257350302215 0.009442546261 cfg1 2 1 0 0 na na
10 62209.292350268841 0.009441600760 cfg1 2 1 0 0 na na
10 62209.299350297187 0.009441423651 cfg1 2 1 0 0 na na
10 62209.397350293412 0.009438786029 cfg1 2 1 0 0 na na
10 62209.453350334780 0.009437278904 cfg1 2 1 0 0 na na
10 62209.734350362550 0.009429735908 cfg1 2 1 0 0 na na
10 62209.775350344925 0.009428629563 cfg1 2 1 0 0 na na
10 62209.816350391177 0.009427528655 cfg1 2 1 0 0 na na
10 62209.984350332595 0.009423024715 cfg1 2 1 0 0 na na
10 62209.991350309480 0.009422841914 cfg1 2 1 0 0 na na
10 62210.114350339196 0.009419544865 cfg1 2 1 0 0 na na
10 62210.123350285083 0.009419309416 cfg1 2 1 0 0 na na
10 62210.184350317125 0.009417678300 cfg1 2 1 0 0 na na
10 62210.307350295774 0.009414376644 cfg1 2 1 0 0 na na
10 62210.373350326545 0.009412612832 cfg1 2 1 0 0 na na
10 62210.382350292295 0.009412375682 cfg1 2 1 0 0 na na
10 62210.548350293946 0.009407936366 cfg1 2 1 0 0 na na
10 62210.681350340660 0.009404403294 cfg1 2 1 0 0 na na
10 62210.767350310134 0.009402109831 cfg1 2 1 0 0 na na
10 62210.770350318857 0.009402016209 cfg1 2 1 0 0 na na
10 62211.050350262071 0.009394559526 cfg1 2 1 0 0 na na
10 62211.063350293665 0.009394219395 cfg1 2 1 0 0 na na
10 62211.096350296351 0.009393342437 cfg1 2 1 0 0 na na
10 62211.121350279232 0.009392665796 cfg1 2 1 0 0 na na
10 62211.244350358041 0.009389398061 cfg1 2 1 0 0 na na
10 62211.315350317596 0.009387492683 cfg1 2 1 0 0 na na
10 62211.504350304686 0.009382495174 cfg1 2 1 0 0 na na
10 62211.623350311193 0.009379315729 cfg1 2 1 0 0 na na
10 62211.652350335093 0.009378552681 cfg1 2 1 0 0 na na
10 62212.117350301345 0.009366222742 cfg1 2 1 0 0 na na
10 62212.276350343683 0.009362024967 cfg1 2 1 0 0 na na
10 62212.374350342055 0.009359439271 cfg1 2 1 0 0 na na
10 62212.521350335262 0.009355559503 cfg1 2 1 0 0 na na
10 62212.563350328227 0.009354429303 cfg1 2 1 0 0 na na
10 62212.584350321040 0.009353879321 cfg1 2 1 0 0 na na
10 62212.817350307475 0.009347734929 cfg1 2 1 0 0 na na
10 62212.833350250213 0.009347322788 cfg1 2 1 0 0 na na
10 62213.106350295189 0.009340134883 cfg1 2 2 0 0 na na
10 62213.200350320229 0.009337660469 cfg1 2 1 0 0 na na
10 62213.239350303712 0.009336640211 cfg1 2 1 0 0 na na
10 62213.397350272011 0.009332473720 cfg1 2 1 0 0 na na
10 62213.513350285309 0.009329447333 cfg1 2 1 0 0 na na
10 62213.606350338001 0.009327009206 cfg1 2 1 0 0 na na
10 62213.635350318161 0.009326238316 cfg1 2 1 0 0 na na
10 62213.718350280139 0.009324050441 cfg1 2 1 0 0 na na
10 62213.764350326882 0.009322870930 cfg1 2 1 0 0 na na
10 62213.805350330640 0.009321770073 cfg1 2 1 0 0 na na
10 62213.839350358471 0.009320891191 cfg1 2 1 0 0 na na
10 62213.868350327893 0.009320146423 cfg1 2 1 0 0 na na
10 62213.917350265995 0.009318836409 cfg1 2 1 0 0 na na
10 62213.986350307036 0.009317042232 cfg1 2 1 0 0 na na
10 62214.015350272535 0.009316271774 cfg1 2 1 0 0 na na
10 62214.025350272212 0.009316021562 cfg1 2 1 0 0 na na
10 62214.048350302514 0.009315434547 cfg1 2 1 0 0 na na
10 62214.128350311727 0.009313330029 cfg1 2 1 0 0 na na
10 62214.164350261804 0.009312375173 cfg1 2 1 0 0 na na
10 62214.312350318202 0.009308527386 cfg1 2 1 0 0 na na
10 62214.313350247408 0.009308499535 cfg1 2 1 0 0 na na
10 62214.356350306769 0.009307379447 cfg1 2 1 0 0 na na
10 62214.413350342445 0.009305869760 cfg1 2 1 0 0 na na
10 62214.509350316132 0.009303375643 cfg1 2 1 0 0 na na
10 62214.517350261300 0.009303155654 cfg1 2 1 0 0 na na
10 62214.543350283720 0.009302488577 cfg1 2 1 0 0 na na
10 62214.624350330197 0.009300376865 cfg1 2 1 0 0 na na
10 62214.696350280562 0.009298499448 cfg1 2 1 0 0 na na
10 62214.705350271269 0.009298264951 cfg1 2 1 0 0 na na
10 62214.736350297823 0.009297457340 cfg1 2 1 0 0 na na
10 62214.875350309495 0.009293833265 cfg1 2 1 0 0 na na
10 62214.931350321981 0.009292373467 cfg1 2 1 0 0 na na
10 62214.940350317585 0.009292145507 cfg1 2 1 0 0 na na
10 62215.034350293343 0.009289697835 cfg1 2 1 0 0 na na
10 62215.072350329578 0.009288712010 cfg1 2 1 0 0 na na
10 62215.078350350089 0.009288556055 cfg1 2 2 0 0 na na
10 62215.175350363929 0.009286034679 cfg1 2 1 0 0 na na
10 62215.259350265574 0.009283846392 cfg1 2 1 0 0 na na
10 62215.275350287495 0.009283432686 cfg1 2 1 0 0 na na
10 62215.383350303435 0.009280646511 cfg1 2 1 0 0 na na
10 62215.418350284307 0.009279719729 cfg1 2 1 0 0 na na
10 62215.463350331270 0.009278547171 cfg1 2 1 0 0 na na
10 62215.502350301857 0.009277546028 cfg1 2 1 0 0 na na
10 62215.570350340247 0.009275785208 cfg1 2 1 0 0 na na
10 62215.996350365679 0.009264763881 cfg1 2 1 0 0 na na
10 62216.049350324848 0.009263377929 cfg1 2 1 0 0 na na
10 62216.080350325453 0.009262583789 cfg1 2 1 0 0 na na
10 62216.204350258942 0.009259372988 cfg1 2 1 0 0 na na
10 62216.446350309750 0.009253139520 cfg1 2 1 0 0 na na
10 62216.478350301470 0.009252311992 cfg1 2 1 0 0 na na
10 62216.488350265674 0.009252041158 cfg1 2 1 0 0 na na
10 62216.541350299590 0.009250693187 cfg1 2 1 0 0 na na
10 62216.705350284544 0.009246468131 cfg1 2 1 0 0 na na
10 62216.801350360929 0.009243994297 cfg1 2 1 0 0 na na
10 62216.831350339225 0.009243222723 cfg1 2 1 0 0 na na
10 62216.846350261324 0.009242825737 cfg1 2 1 0 0 na na
10 62216.934350265231 0.009240574990 cfg1 2 1 0 0 na na
10 62216.991350288043 0.009239109539 cfg1 2 1 0 0 na na
10 62217.032350303337 0.009238045669 cfg1 2 1 0 0 na na
10 62217.036350286978 0.009237939691 cfg1 2 1 0 0 na na
10 62217.173350320246 0.009234446354 cfg1 2 1 0 0 na na
10 62217.269350246460 0.009231984242 cfg1 2 1 0 0 na na
10 62217.270350323722 0.009231951479 cfg1 2 1 0 0 na na
10 62217.303350374243 0.009231115528 cfg1 2 1 0 0 na na
10 62217.395350302918 0.009228753436 cfg1 2 1 0 0 na na
10 62217.415350347547 0.009228229325 cfg1 2 1 0 0 na na
10 62217.440350315259 0.009227604914 cfg1 2 1 0 0 na na
10 62217.629350292537 0.009222749379 cfg1 2 1 0 0 na na
10 62217.636350363258 0.009222570213 cfg1 2 1 0 0 na na
10 62217.714350305545 0.009220574616 cfg1 2 1 0 0 na na
10 62217.719350254994 0.009220441917 cfg1 2 1 0 0 na na
10 62217.729350333507 0.009220189624 cfg1 2 1 0 0 na na
10 62217.772350307416 0.009219091480 cfg1 2 2 0 0 na na
10 62217.841350313785 0.009217314873 cfg1 2 1 0 0 na na
10 62217.855350288766 0.009216969933 cfg1 2 2 0 0 na na
10 62217.876350316535 0.009216433212 cfg1 2 1 0 0 na na
10 62217.885350323070 0.009216203254 cfg1 2 1 0 0 na na
10 62217.919350281469 0.009215334674 cfg1 2 2 0 0 na na
10 62218.209350251620 0.009207935298 cfg1 2 1 0 0 na na
10 62218.211350302102 0.009207892516 cfg1 2 1 0 0 na na
10 62218.297350362049 0.009205681564 cfg1 2 1 0 0 na na
10 62218.379350299959 0.009203605679 cfg1 2 1 0 0 na na
10 62218.381350339674 0.009203561921 cfg1 2 1 0 0 na na
10 62218.388350300987 0.009203376897 cfg1 2 1 0 0 na na
10 62218.469350277049 0.009201311863 cfg1 2 1 0 0 na na
10 62218.479350251360 0.009201055495 cfg1 2 1 0 0 na na
10 62218.518350262790 0.009200054171 cfg1 2 1 0 0 na na
10 62218.520350309479 0.009200011928 cfg1 2 1 0 0 na na
10 62218.606350337934 0.009197824066 cfg1 2 1 0 0 na na
10 62218.631350305988 0.009197197773 cfg1 2 1 0 0 na na
10 62218.662350292931 0.009196400233 cfg1 2 2 0 0 na na
10 62218.840350358507 0.009191875731 cfg1 2 1 0 0 na na
10 62218.890350294355 0.009190612356 cfg1 2 1 0 0 na na
10 62218.893350273579 0.009190531719 cfg1 2 1 0 0 na na
10 62218.918350319087 0.009189886852 cfg1 2 1 0 0 na na
10 62218.920350327148 0.009189846294 cfg1 2 1 0 0 na na
10 62218.946350332165 0.009189186434 cfg1 2 1 0 0 na na
10 62218.960350322587 0.009188831267 cfg1 2 2 0 0 na na
10 62219.014350258028 0.009187471523 cfg1 2 1 0 0 na na
10 62219.096350236233 0.009185395753 cfg1 2 1 0 0 na na
10 62219.201350252709 0.009182719220 cfg1 2 1 0 0 na na
10 62219.293350311544 0.009180380305 cfg1 2 1 0 0 na na
10 62219.333350276536 0.009179377858 cfg1 2 1 0 0 na na
10 62219.379350285845 0.009178213730 cfg1 2 2 0 0 na na
10 62219.490350287030 0.009175405710 cfg1 2 1 0 0 na na
10 62219.660350310302 0.009171109222 cfg1 2 2 0 0 na na
10 62219.753350278828 0.009168760787 cfg1 2 2 0 0 na na
10 62219.754350350313 0.009168732364 cfg1 2 1 0 0 na na
10 62219.759350346998 0.009168617266 cfg1 2 1 0 0 na na
10 62219.760350368489 0.009168584156 cfg1 2 2 0 0 na na
10 62219.902350300251 0.009165001300 cfg1 2 2 0 0 na na
10 62219.977350293905 0.009163103531 cfg1 2 1 0 0 na na
10 62220.033350347003 0.009161698820 cfg1 2 1 0 0 na na
10 62220.088350325351 0.009160306100 cfg1 2 1 0 0 na na
10 62220.211350340732 0.009157216223 cfg1 2 2 0 0 na na
10 62220.263350345875 0.009155905879 cfg1 2 1 0 0 na na
10 62220.267350324540 0.009155813698 cfg1 2 1 0 0 na na
10 62220.295350286500 0.009155102586 cfg1 2 1 0 0 na na
10 62220.303350348038 0.009154896572 cfg1 2 1 0 0 na na
10 62220.307350322534 0.009154811525 cfg1 2 1 0 0 na na
10 62220.316350326883 0.009154574443 cfg1 2 2 0 0 na na
10 62220.379350273192 0.009152990179 cfg1 2 1 0 0 na na
10 62220.420350353505 0.009151963595 cfg1 2 1 0 0 na na
10 62220.425350363650 0.009151833966 cfg1 2 2 0 0 na na
10 62220.436350363127 0.009151557446 cfg1 2 1 0 0 na na
10 62220.470350281328 0.009150694330 cfg1 2 1 0 0 na na
10 62220.481350284980 0.009150433625 cfg1 2 1 0 0 na na
10 62220.507350266298 0.009149760484 cfg1 2 1 0 0 na na
10 62220.532350324363 0.009149145678 cfg1 2 2 0 0 na na
10 62220.670350327823 0.009145681291 cfg1 2 2 0 0 na na
10 62220.680350384039 0.009145435549 cfg1 2 1 0 0 na na
10 62220.752350298351 0.009143622706 cfg1 2 1 0 0 na na
10 62220.785350295741 0.009142796663 cfg1 2 1 0 0 na na
10 62220.853350305153 0.009141092200 cfg1 2 2 0 0 na na
10 62220.860350275098 0.009140916630 cfg1 2 1 0 0 na na
10 62220.923350306465 0.009139338763 cfg1 2 1 0 0 na na
10 62220.993350312451 0.009137592654 cfg1 2 1 0 0 na na
10 62221.058350300448 0.009135964626 cfg1 2 1 0 0 na na
10 62221.080350326656 0.009135400823 cfg1 2 1 0 0 na na
10 62221.094350294965 0.009135043250 cfg1 2 1 0 0 na na
10 62221.280350351443 0.009130417322 cfg1 2 1 0 0 na na
10 62221.328350293844 0.009129197883 cfg1 2 1 0 0 na na
10 62221.393350278586 0.009127574947 cfg1 2 1 0 0 na na
10 62221.491350311407 0.009125136341 cfg1 2 1 0 0 na na
10 62221.507350324557 0.009124746638 cfg1 2 1 0 0 na na
10 62221.516350306030 0.009124512623 cfg1 2 2 0 0 na na
10 62221.594350307138 0.009122566962 cfg1 2 2 0 0 na na
10 62221.611350331781 0.009122143012 cfg1 2 2 0 0 na na
10 62221.621350299644 0.009121903255 cfg1 2 1 0 0 na na
10 62221.627350374049 0.009121744121 cfg1 2 2 0 0 na na
10 62221.694350354551 0.009120073930 cfg1 2 2 0 0 na na
10 62221.816350328653 0.009117045583 cfg1 2 1 0 0 na na
10 62221.834350296027 0.009116584944 cfg1 2 1 0 0 na na
10 62221.872350323471 0.009115627010 cfg1 2 1 0 0 na na
10 62221.953350321572 0.009113624711 cfg1 2 1 0 0 na na
10 62222.050350317731 0.009111201595 cfg1 2 1 0 0 na na
10 62222.115350278341 0.009109596699 cfg1 2 1 0 0 na na
10 62222.192350322508 0.009107683623 cfg1 2 1 0 0 na na
10 62222.204350333847 0.009107371605 cfg1 2 1 0 0 na na
10 62222.211350273717 0.009107207808 cfg1 2 1 0 0 na na
10 62222.307350313243 0.009104825871 cfg1 2 1 0 0 na na
10 62222.327350323319 0.009104330038 cfg1 2 1 0 0 na na
10 62222.474350380680 0.009100692601 cfg1 2 1 0 0 na na
10 62222.522350293501 0.009099490769 cfg1 2 1 0 0 na na
10 62222.528350365248 0.009099343938 cfg1 2 1 0 0 na na
10 62222.566350370443 0.009098406046 cfg1 2 1 0 0 na na
10 62222.600350256698 0.009097567918 cfg1 2 1 0 0 na na
10 62222.684350328394 0.009095488187 cfg1 2 1 0 0 na na
10 62222.689350324946 0.009095353822 cfg1 2 1 0 0 na na
10 62222.696350340619 0.009095194965 cfg1 2 1 0 0 na na
10 62222.735350337795 0.009094228191 cfg1 2 1 0 0 na na
10 62222.861350255544 0.009091104776 cfg1 2 1 0 0 na na
10 62222.867350329774 0.009090964409 cfg1 2 1 0 0 na na
10 62222.872350333453 0.009090819899 cfg1 2 1 0 0 na na
10 62222.920350275623 0.009089646301 cfg1 2 2 0 0 na na
10 62222.963350325413 0.009088574808 cfg1 2 1 0 0 na na
10 62222.975350307075 0.009088287276 cfg1 2 2 0 0 na na
10 62222.976350275635 0.009088262413 cfg1 2 1 0 0 na na
10 62222.985350264843 0.009088040191 cfg1 2 2 0 0 na na
10 62222.999350328439 0.009087687729 cfg1 2 1 0 0 na na
10 62223.015350350738 0.009087299339 cfg1 2 2 0 0 na na
10 62223.017350338715 0.009087252131 cfg1 2 1 0 0 na na
10 62223.036350262165 0.009086769721 cfg1 2 1 0 0 na na
10 62223.128350280356 0.009084494064 cfg1 2 1 0 0 na na
10 62223.142350376484 0.009084166523 cfg1 2 1 0 0 na na
10 62223.144350340400 0.009084114285 cfg1 2 2 0 0 na na
10 62223.146350263793 0.009084053098 cfg1 2 1 0 0 na na
10 62223.176350256575 0.009083320292 cfg1 2 1 0 0 na na
10 62223.211350346475 0.009082451179 cfg1 2 1 0 0 na na
10 62223.380350359785 0.009078305146 cfg1 2 1 0 0 na na
10 62223.448350276378 0.009076625504 cfg1 2 1 0 0 na na
10 62223.455350262212 0.009076440126 cfg1 2 1 0 0 na na
10 62223.467350360249 0.009076140166 cfg1 2 1 0 0 na na
10 62223.484350306471 0.009075727147 cfg1 2 1 0 0 na na
10 62223.715350278736 0.009070053037 cfg1 2 1 0 0 na na
10 62223.717350265201 0.009069991592 cfg1 2 1 0 0 na na
10 62223.722350295484 0.009069892439 cfg1 2 1 0 0 na na
10 62223.732350278675 0.009069618401 cfg1 2 1 0 0 na na
10 62223.763350288166 0.009068884594 cfg1 2 1 0 0 na na
10 62223.855350329471 0.009066611816 cfg1 2 1 0 0 na na
10 62223.867350268984 0.009066302871 cfg1 2 1 0 0 na na
10 62223.880350290624 0.009065997890 cfg1 2 1 0 0 na na
10 62223.903350272362 0.009065418264 cfg1 2 1 0 0 na na
10 62223.912350297707 0.009065212516 cfg1 2 2 0 0 na na
10 62223.913350285993 0.009065195357 cfg1 2 1 0 0 na na
10 62224.034350290295 0.009062219047 cfg1 2 2 0 0 na na
10 62224.037350257226 0.009062145459 cfg1 2 2 0 0 na na
10 62224.098350282608 0.009060649665 cfg1 2 1 0 0 na na
10 62224.113350310200 0.009060281930 cfg1 2 1 0 0 na na
10 62224.124350278774 0.009060010440 cfg1 2 1 0 0 na na
10 62224.166350326779 0.009058971079 cfg1 2 1 0 0 na na
10 62224.177350304987 0.009058699522 cfg1 2 1 0 0 na na
10 62224.219350291277 0.009057672195 cfg1 2 1 0 0 na na
10 62224.329350318833 0.009054985211 cfg1 2 1 0 0 na na
10 62224.332350273886 0.009054917950 cfg1 2 2 0 0 na na
10 62224.421350257990 0.009052734148 cfg1 2 1 0 0 na na
10 62224.470350273841 0.009051541411 cfg1 2 1 0 0 na na
10 62224.576350306990 0.009048951206 cfg1 2 2 0 0 na na
10 62224.597350364297 0.009048426661 cfg1 2 1 0 0 na na
10 62224.603350337001 0.009048280995 cfg1 2 1 0 0 na na
10 62224.652350287046 0.009047094800 cfg1 2 2 0 0 na na
10 62224.659350302155 0.009046923819 cfg1 2 1 0 0 na na
10 62224.687350300144 0.009046230470 cfg1 2 1 0 0 na na
10 62224.711350316229 0.009045667226 cfg1 2 1 0 0 na na
10 62224.733350308112 0.009045114885 cfg1 2 1 0 0 na na
10 62224.778350275808 0.009044007642 cfg1 2 1 0 0 na na
10 62224.779350338257 0.009044003371 cfg1 2 1 0 0 na na
10 62224.815350272391 0.009043116587 cfg1 2 1 0 0 na na
10 62224.818350248862 0.009043043181 cfg1 2 1 0 0 na na
10 62224.833350284467 0.009042677587 cfg1 2 2 0 0 na na
10 62224.843350316835 0.009042433829 cfg1 2 1 0 0 na na
10 62224.846350296888 0.009042370690 cfg1 2 1 0 0 na na
10 62224.881350256204 0.009041501138 cfg1 2 1 0 0 na na
10 62224.883350296177 0.009041458319 cfg1 2 1 0 0 na na
10 62224.911350289815 0.009040782760 cfg1 2 1 0 0 na na
10 62224.997350293381 0.009038680204 cfg1 2 2 0 0 na na
10 62225.278350310401 0.009031837173 cfg1 2 1 0 0 na na
10 62225.329350305699 0.009030588602 cfg1 2 1 0 0 na na
10 62225.369350319132 0.009029630015 cfg1 2 1 0 0 na na
10 62225.383350291508 0.009029293444 cfg1 2 1 0 0 na na
10 62225.411350255799 0.009028620438 cfg1 2 1 0 0 na na
10 62225.449350281455 0.009027686855 cfg1 2 2 0 0 na na
10 62225.547350341850 0.009025307979 cfg1 2 2 0 0 na na
10 62225.595350291212 0.009024143970 cfg1 2 1 0 0 na na
10 62225.809350271981 0.009018956393 cfg1 2 1 0 0 na na
10 62225.835350278680 0.009018337011 cfg1 2 1 0 0 na na
10 62225.867350270669 0.009017561939 cfg1 2 1 0 0 na na
10 62225.870350267173 0.009017464566 cfg1 2 1 0 0 na na
10 62225.879350287003 0.009017258430 cfg1 2 1 0 0 na na
10 62225.917350273885 0.009016328472 cfg1 2 1 0 0 na na
10 62225.944350322691 0.009015688125 cfg1 2 1 0 0 na na
10 62225.988350327185 0.009014609751 cfg1 2 1 0 0 na na
10 62226.017350278088 0.009013921121 cfg1 2 1 0 0 na na
10 62226.064350338441 0.009012785901 cfg1 2 2 0 0 na na
10 62226.246350280371 0.009008388694 cfg1 2 1 0 0 na na
10 62226.397350312617 0.009004748512 cfg1 2 1 0 0 na na
10 62226.439350304763 0.009003732178 cfg1 2 2 0 0 na na
10 62226.539350306401 0.009001321881 cfg1 2 1 0 0 na na
10 62226.540350274488 0.009001304695 cfg1 2 1 0 0 na na
10 62226.590350281833 0.009000096996 cfg1 2 1 0 0 na na
10 62226.631350329078 0.008999106442 cfg1 2 1 0 0 na na
10 62226.641350262087 0.008998854659 cfg1 2 1 0 0 na na
10 62226.722350285466 0.008996926296 cfg1 2 1 0 0 na na
10 62226.763350303637 0.008995929446 cfg1 2 1 0 0 na na
10 62226.951350349899 0.008991410451 cfg1 2 2 0 0 na na
10 62227.054350299584 0.008988937135 cfg1 2 2 0 0 na na
10 62227.065350329520 0.008988666162 cfg1 2 1 0 0 na na
10 62227.074350267734 0.008988457149 cfg1 2 2 0 0 na na
10 62227.115350292234 0.008987473182 cfg1 2 1 0 0 na na
10 62227.118350354474 0.008987396303 cfg1 2 1 0 0 na na
10 62227.296350246185 0.008983135714 cfg1 2 1 0 0 na na
10 62227.344350324714 0.008981983587 cfg1 2 1 0 0 na na
10 62227.501350310961 0.008978225243 cfg1 2 2 0 0 na na
10 62227.618350324856 0.008975427108 cfg1 2 1 0 0 na na
10 62227.907350334636 0.008968512806 cfg1 2 1 0 0 na na
10 62227.932350278543 0.008967929999 cfg1 2 1 0 0 na na
10 62227.955350301414 0.008967381533 cfg1 2 1 0 0 na na
10 62227.960350303787 0.008967262347 cfg1 2 1 0 0 na na
10 62228.102350297021 0.008963878238 cfg1 2 2 0 0 na na
10 62228.175350317102 0.008962140753 cfg1 2 1 0 0 na na
10 62228.201350241660 0.008961530323 cfg1 2 1 0 0 na na
10 62228.225350263101 0.008960948652 cfg1 2 1 0 0 na na
10 62228.294350360331 0.008959301113 cfg1 2 1 0 0 na na
10 62228.356350255793 0.008957829450 cfg1 2 1 0 0 na na
10 62228.532350306616 0.008953661999 cfg1 2 1 0 0 na na
10 62228.620350324848 0.008951563836 cfg1 2 1 0 0 na na
10 62228.678350278875 0.008950173488 cfg1 2 1 0 0 na na
10 62228.683350306922 0.008950067033 cfg1 2 1 0 0 na na
10 62229.017350312900 0.008942150262 cfg1 2 1 0 0 na na
10 62229.068350318749 0.008940936916 cfg1 2 1 0 0 na na
10 62229.089350316817 0.008940449282 cfg1 2 1 0 0 na na
10 62229.097350332345 0.008940275041 cfg1 2 1 0 0 na na
10 62229.128350287159 0.008939533349 cfg1 2 1 0 0 na na
10 62229.198350337173 0.008937879149 cfg1 2 1 0 0 na na
10 62229.205350334736 0.008937713840 cfg1 2 1 0 0 na na
10 62229.321350298739 0.008934964039 cfg1 2 1 0 0 na na
10 62229.487350293034 0.008931050087 cfg1 2 1 0 0 na na
10 62229.539350256949 0.008929840173 cfg1 2 1 0 0 na na
10 62229.726350347186 0.008925430475 cfg1 2 1 0 0 na na
10 62229.866350336795 0.008922137890 cfg1 2 1 0 0 na na
10 62229.914350311720 0.008920999238 cfg1 2 1 0 0 na na
10 62230.015350361291 0.008918637095 cfg1 2 1 0 0 na na
10 62230.030350317345 0.008918285644 cfg1 2 2 0 0 na na
10 62230.198350322934 0.008914343303 cfg1 2 1 0 0 na na
10 62230.239350276580 0.008913383161 cfg1 2 1 0 0 na na
10 62230.277350298194 0.008912492595 cfg1 2 1 0 0 na na
10 62230.289350349936 0.008912211487 cfg1 2 2 0 0 na na
10 62230.314350341386 0.008911625741 cfg1 2 1 0 0 na na
10 62230.416350306154 0.008909237361 cfg1 2 1 0 0 na na
10 62230.427350322586 0.008908980156 cfg1 2 1 0 0 na na
10 62230.493350269018 0.008907422901 cfg1 2 1 0 0 na na
10 62230.501350285771 0.008907248497 cfg1 2 1 0 0 na na
10 62230.512350318952 0.008906991365 cfg1 2 2 0 0 na na
10 62230.521350334257 0.008906780694 cfg1 2 1 0 0 na na
10 62230.542350270153 0.008906284948 cfg1 2 1 0 0 na na
10 62230.554350324316 0.008906017785 cfg1 2 1 0 0 na na
10 62230.593350328860 0.008905092819 cfg1 2 1 0 0 na na
10 62230.712350305156 0.008902317044 cfg1 2 1 0 0 na na
10 62230.721350329326 0.008902121042 cfg1 2 1 0 0 na na
10 62230.793350286274 0.008900425004 cfg1 2 1 0 0 na na
10 62230.813350304195 0.008899952246 cfg1 2 1 0 0 na na
10 62230.898350285839 0.008897978142 cfg1 2 1 0 0 na na
10 62230.968350312825 0.008896345202 cfg1 2 1 0 0 na na
10 62231.011350345093 0.008895342745 cfg1 2 1 0 0 na na
10 62231.095350340146 0.008893397143 cfg1 2 1 0 0 na na
10 62231.119350357076 0.008892827747 cfg1 2 1 0 0 na na
10 62231.157350320598 0.008891955279 cfg1 2 1 0 0 na na
10 62231.173350296011 0.008891570642 cfg1 2 2 0 0 na na
10 62231.178350252190 0.008891450006 cfg1 2 1 0 0 na na
10 62231.179350347417 0.008891429443 cfg1 2 1 0 0 na na
10 62231.227350282096 0.008890311160 cfg1 2 1 0 0 na na
10 62231.288350248929 0.008888897918 cfg1 2 1 0 0 na na
10 62231.300350405265 0.008888616759 cfg1 2 1 0 0 na na
10 62231.433350281026 0.008885537823 cfg1 2 1 0 0 na na
10 62231.477350331267 0.008884495136 cfg1 2 1 0 0 na na
10 62231.627350291721 0.008881024879 cfg1 2 1 0 0 na na
10 62231.685350289153 0.008879681589 cfg1 2 1 0 0 na na
10 62231.718350326296 0.008878915603 cfg1 2 1 0 0 na na
10 62231.976350248246 0.008872951874 cfg1 2 1 0 0 na na
10 62232.073350307501 0.008870701554 cfg1 2 2 0 0 na na
10 62232.096350284493 0.008870170189 cfg1 2 2 0 0 na na
10 62232.111350238463 0.008869833535 cfg1 2 1 0 0 na na
10 62232.113350328743 0.008869777533 cfg1 2 1 0 0 na na
10 62232.167350279378 0.008868527711 cfg1 2 1 0 0 na na
10 62232.169350288361 0.008868498533 cfg1 2 1 0 0 na na
10 62232.312350330648 0.008865171255 cfg1 2 1 0 0 na na
10 62232.362350274449 0.008864027914 cfg1 2 1 0 0 na na
10 62232.499350296068 0.008860874992 cfg1 2 2 0 0 na na
10 62232.515350317329 0.008860505283 cfg1 2 1 0 0 na na
10 62232.524350298240 0.008860286101 cfg1 2 1 0 0 na na
10 62232.573350294037 0.008859171922 cfg1 2 2 0 0 na na
10 62232.643350259129 0.008857552446 cfg1 2 1 0 0 na na
10 62232.758350365477 0.008854916837 cfg1 2 1 0 0 na na
10 62232.879350310285 0.008852126059 cfg1 2 1 0 0 na na
10 62232.916350316492 0.008851288189 cfg1 2 1 0 0 na na
10 62232.926350328528 0.008851059039 cfg1 2 1 0 0 na na
10 62232.965350336811 0.008850163754 cfg1 2 1 0 0 na na
10 62233.006350289805 0.008849229779 cfg1 2 1 0 0 na na
10 62233.052350273416 0.008848168346 cfg1 2 1 0 0 na na
10 62233.177350354532 0.008845304012 cfg1 2 1 0 0 na na
10 62233.239350342316 0.008843896155 cfg1 2 1 0 0 na na
10 62233.329350328325 0.008841824874 cfg1 2 2 0 0 na na
10 62233.343350361575 0.008841505022 cfg1 2 1 0 0 na na
10 62233.368350331871 0.008840931448 cfg1 2 1 0 0 na na
10 62233.405350303546 0.008840086800 cfg1 2 2 0 0 na na
10 62233.532350311053 0.008837184845 cfg1 2 2 0 0 na na
10 62233.611350318050 0.008835379342 cfg1 2 1 0 0 na na
10 62233.698350333817 0.008833385083 cfg1 2 1 0 0 na na
10 62233.882350329107 0.008829206401 cfg1 2 1 0 0 na na
10 62233.915350349495 0.008828451362 cfg1 2 1 0 0 na na
10 62233.947350301544 0.008827730330 cfg1 2 1 0 0 na na
10 62234.047350310482 0.008825441032 cfg1 2 1 0 0 na na
10 62234.062350298611 0.008825106265 cfg1 2 1 0 0 na na
10 62234.063350288146 0.008825083631 cfg1 2 1 0 0 na na
10 62234.094350271343 0.008824371913 cfg1 2 1 0 0 na na
10 62234.136350287918 0.008823425181 cfg1 2 1 0 0 na na
10 62234.184350297315 0.008822333546 cfg1 2 1 0 0 na na
10 62234.200350255630 0.008821970097 cfg1 2 1 0 0 na na
10 62234.203350287364 0.008821893638 cfg1 2 1 0 0 na na
10 62234.267350347858 0.008820450624 cfg1 2 1 0 0 na na
10 62234.427350299975 0.008816818930 cfg1 2 1 0 0 na na
10 62234.662350283527 0.008811503871 cfg1 2 1 0 0 na na
10 62234.686350314949 0.008810950256 cfg1 2 1 0 0 na na
10 62234.699350301487 0.008810658591 cfg1 2 1 0 0 na na
10 62234.748350340526 0.008809540582 cfg1 2 1 0 0 na na
10 62234.802350311859 0.008808329333 cfg1 2 1 0 0 na na
10 62234.834350298750 0.008807606316 cfg1 2 1 0 0 na na
10 62234.995350249398 0.008803972587 cfg1 2 1 0 0 na na
10 62235.002350333243 0.008803803578 cfg1 2 1 0 0 na na
10 62235.024350337650 0.008803303189 cfg1 2 1 0 0 na na
10 62235.033350277794 0.008803113102 cfg1 2 1 0 0 na na
10 62235.036350370586 0.008803045485 cfg1 2 1 0 0 na na
10 62235.093350281579 0.008801770753 cfg1 2 1 0 0 na na
10 62235.131350258282 0.008800898479 cfg1 2 1 0 0 na na
10 62235.174350332383 0.008799927828 cfg1 2 1 0 0 na na
10 62235.181350304688 0.008799776354 cfg1 2 1 0 0 na na
10 62235.197350314811 0.008799417236 cfg1 2 1 0 0 na na
10 62235.204350263564 0.008799253824 cfg1 2 1 0 0 na na
10 62235.226350335559 0.008798755742 cfg1 2 1 0 0 na na
10 62235.269350312973 0.008797794236 cfg1 2 1 0 0 na na
10 62235.298350245845 0.008797145965 cfg1 2 1 0 0 na na
10 62235.400350248295 0.008794848615 cfg1 2 1 0 0 na na
10 62235.459350297776 0.008793518382 cfg1 2 1 0 0 na na
10 62235.563350291863 0.008791182719 cfg1 2 1 0 0 na na
10 62235.578350285181 0.008790858884 cfg1 2 1 0 0 na na
10 62235.621350256649 0.008789880816 cfg1 2 1 0 0 na na
10 62235.691350320037 0.008788309364 cfg1 2 1 0 0 na na
10 62235.834350333522 0.008785102940 cfg1 2 2 0 0 na na
10 62235.943350369812 0.008782661409 cfg1 2 2 0 0 na na
10 62235.978350322731 0.008781877750 cfg1 2 1 0 0 na na
10 62236.007350337493 0.008781220416 cfg1 2 1 0 0 na na
10 62236.014350309249 0.008781081269 cfg1 2 1 0 0 na na
10 62236.194350348993 0.008777047540 cfg1 2 1 0 0 na na
10 62236.200350363247 0.008776917809 cfg1 2 1 0 0 na na
10 62236.238350332482 0.008776067030 cfg1 2 1 0 0 na na
10 62236.260350256622 0.008775573408 cfg1 2 2 0 0 na na
10 62236.262350326644 0.008775534996 cfg1 2 1 0 0 na na
10 62236.315350325496 0.008774345601 cfg1 2 2 0 0 na na
10 62236.369350366296 0.008773140646 cfg1 2 2 0 0 na na
10 62236.456350333880 0.008771200429 cfg1 2 2 0 0 na na
10 62236.491350332684 0.008770419907 cfg1 2 1 0 0 na na
10 62236.492350304909 0.008770398013 cfg1 2 2 0 0 na na
10 62236.500350329573 0.008770219746 cfg1 2 2 0 0 na na
10 62236.555350330223 0.008768994483 cfg1 2 2 0 0 na na
10 62236.564350267609 0.008768795910 cfg1 2 1 0 0 na na
10 62236.597350283489 0.008768055173 cfg1 2 1 0 0 na na
10 62236.653350322542 0.008766809767 cfg1 2 1 0 0 na na
10 62236.671350348258 0.008766411905 cfg1 2 2 0 0 na na
10 62236.712350293275 0.008765499763 cfg1 2 2 0 0 na na
10 62236.724350290027 0.008765232821 cfg1 2 2 0 0 na na
10 62236.726350323766 0.008765189498 cfg1 2 1 0 0 na na
10 62236.763350352141 0.008764365540 cfg1 2 2 0 0 na na
10 62236.847350311918 0.008762498570 cfg1 2 2 0 0 na na
10 62236.890350357043 0.008761543590 cfg1 2 1 0 0 na na
10 62236.893350374858 0.008761478592 cfg1 2 1 0 0 na na
10 62236.900350330394 0.008761321186 cfg1 2 2 0 0 na na
10 62236.917350342578 0.008760953009 cfg1 2 1 0 0 na na
10 62237.001350338579 0.008759078918 cfg1 2 1 0 0 na na
10 62237.007350289388 0.008758945932 cfg1 2 2 0 0 na na
10 62237.088350289386 0.008757150381 cfg1 2 1 0 0 na na
10 62237.095350268070 0.008756994012 cfg1 2 1 0 0 na na
10 62237.108350320551 0.008756705908 cfg1 2 2 0 0 na na
10 62237.123350274816 0.008756373330 cfg1 2 1 0 0 na na
10 62237.167350267571 0.008755384328 cfg1 2 1 0 0 na na
10 62237.189350325991 0.008754910804 cfg1 2 2 0 0 na na
10 62237.191350278538 0.008754866401 cfg1 2 1 0 0 na na
10 62237.207350279584 0.008754511965 cfg1 2 1 0 0 na na
10 62237.232350354056 0.008753958356 cfg1 2 2 0 0 na na
10 62237.287350279235 0.008752740601 cfg1 2 2 0 0 na na
10 62237.295350331524 0.008752563486 cfg1 2 1 0 0 na na
10 62237.320350272807 0.008752010248 cfg1 2 2 0 0 na na
10 62237.333350337954 0.008751722625 cfg1 2 2 0 0 na na
10 62237.337350324579 0.008751634130 cfg1 2 2 0 0 na na
10 62237.433350302834 0.008749508237 cfg1 2 1 0 0 na na
10 62237.482350313774 0.008748435144 cfg1 2 1 0 0 na na
10 62237.580350282493 0.008746263685 cfg1 2 1 0 0 na na
10 62237.626350343907 0.008745243005 cfg1 2 1 0 0 na na
10 62237.638350293690 0.008744982880 cfg1 2 2 0 0 na na
10 62237.645350278309 0.008744828337 cfg1 2 1 0 0 na na
10 62237.733350350787 0.008742882759 cfg1 2 1 0 0 na na
10 62237.888350338363 0.008739471844 cfg1 2 2 0 0 na na
10 62237.892350296159 0.008739374732 cfg1 2 1 0 0 na na
10 62237.904350269079 0.008739126454 cfg1 2 1 0 0 na na
10 62237.919350338142 0.008738789214 cfg1 2 2 0 0 na na
10 62237.934350352172 0.008738459002 cfg1 2 2 0 0 na na
10 62237.957350288993 0.008737952763 cfg1 2 2 0 0 na na
10 62238.055350343486 0.008735797386 cfg1 2 1 0 0 na na
10 62238.099350308789 0.008734837829 cfg1 2 1 0 0 na na
10 62238.233350340396 0.008731885983 cfg1 2 1 0 0 na na
10 62238.341350335100 0.008729524511 cfg1 2 1 0 0 na na
10 62238.415350287393 0.008727905125 cfg1 2 1 0 0 na na
10 62238.570350355726 0.008724498119 cfg1 2 1 0 0 na na
10 62238.580350353485 0.008724277401 cfg1 2 1 0 0 na na
10 62238.611350301827 0.008723600742 cfg1 2 2 0 0 na na
10 62238.632350292113 0.008723141304 cfg1 2 2 0 0 na na
10 62238.676350355239 0.008722179022 cfg1 2 2 0 0 na na
10 62238.745350335440 0.008720670751 cfg1 2 1 0 0 na na
10 62238.772350293929 0.008720091245 cfg1 2 1 0 0 na na
10 62238.808350313181 0.008719293714 cfg1 2 2 0 0 na na
10 62238.847350285549 0.008718441770 cfg1 2 1 0 0 na na
10 62238.863350276997 0.008718092453 cfg1 2 1 0 0 na na
10 62238.979350297603 0.008715560997 cfg1 2 1 0 0 na na
10 62239.063350301852 0.008713729505 cfg1 2 1 0 0 na na
10 62239.087350309607 0.008713207042 cfg1 2 1 0 0 na na
10 62239.159350299275 0.008711638105 cfg1 2 2 0 0 na na
10 62239.219350301007 0.008710338350 cfg1 2 1 0 0 na na
10 62239.280350323928 0.008709004376 cfg1 2 1 0 0 na na
10 62239.325350277105 0.008708025843 cfg1 2 2 0 0 na na
10 62239.333350296185 0.008707851769 cfg1 2 1 0 0 na na
10 62239.396350367621 0.008706475489 cfg1 2 1 0 0 na na
10 62239.465350325954 0.008704983364 cfg1 2 2 0 0 na na
10 62239.520350314618 0.008703789103 cfg1 2 1 0 0 na na
10 62239.551350305599 0.008703105327 cfg1 2 1 0 0 na na
10 62239.559350281280 0.008702935995 cfg1 2 1 0 0 na na
10 62239.605350312508 0.008701945122 cfg1 2 2 0 0 na na
10 62239.643350331354 0.008701119346 cfg1 2 1 0 0 na na
10 62239.704350319705 0.008699797808 cfg1 2 1 0 0 na na
10 62240.044350324709 0.008692441498 cfg1 2 2 0 0 na na
10 62240.213350254312 0.008688792483 cfg1 2 1 0 0 na na
10 62240.319350255788 0.008686506885 cfg1 2 2 0 0 na na
10 62240.333350282340 0.008686202121 cfg1 2 1 0 0 na na
10 62240.367350325431 0.008685472605 cfg1 2 2 0 0 na na
10 62240.371350334826 0.008685377851 cfg1 2 1 0 0 na na
10 62240.555350300015 0.008681420780 cfg1 2 1 0 0 na na
10 62240.557350266043 0.008681370869 cfg1 2 1 0 0 na na
10 62240.770350338940 0.008676792324 cfg1 2 1 0 0 na na
10 62240.838350384410 0.008675347394 cfg1 2 1 0 0 na na
10 62240.879350250082 0.008674471862 cfg1 2 1 0 0 na na
10 62240.893350308275 0.008674171459 cfg1 2 1 0 0 na na
10 62240.927350286207 0.008673439054 cfg1 2 2 0 0 na na
10 62241.039350312637 0.008671035266 cfg1 2 1 0 0 na na
10 62241.088350285708 0.008669978175 cfg1 2 1 0 0 na na
10 62241.099350296060 0.008669755301 cfg1 2 2 0 0 na na
10 62241.328350288356 0.008664859701 cfg1 2 1 0 0 na na
10 62241.367350253181 0.008664029964 cfg1 2 1 0 0 na na
10 62241.371350336060 0.008663941563 cfg1 2 1 0 0 na na
10 62241.409350262468 0.008663127898 cfg1 2 1 0 0 na na
10 62241.441350336556 0.008662449422 cfg1 2 1 0 0 na na
10 62241.534350312859 0.008660464734 cfg1 2 2 0 0 na na
10 62241.788350352842 0.008655056986 cfg1 2 1 0 0 na na
10 62241.873350299945 0.008653262369 cfg1 2 1 0 0 na na
10 62241.905350308780 0.008652570285 cfg1 2 1 0 0 na na
10 62242.035350249263 0.008649813034 cfg1 2 1 0 0 na na
10 62242.085350272352 0.008648750351 cfg1 2 2 0 0 na na
10 62242.113350362500 0.008648144215 cfg1 2 1 0 0 na na
10 62242.123350298084 0.008647944314 cfg1 2 1 0 0 na na
10 62242.284350256199 0.008644543972 cfg1 2 1 0 0 na na
10 62242.373350354918 0.008642655762 cfg1 2 1 0 0 na na
10 62242.795350252696 0.008633739277 cfg1 2 1 0 0 na na
10 62242.808350285546 0.008633456139 cfg1 2 1 0 0 na na
10 62242.831350341893 0.008632991069 cfg1 2 1 0 0 na na
10 62242.894350314329 0.008631658266 cfg1 2 1 0 0 na na
10 62242.955350331293 0.008630368207 cfg1 2 1 0 0 na na
10 62242.959350340597 0.008630304157 cfg1 2 1 0 0 na na
10 62242.984350341507 0.008629764796 cfg1 2 1 0 0 na na
10 62242.993350276603 0.008629575679 cfg1 2 1 0 0 na na
10 62243.010350320916 0.008629205917 cfg1 2 1 0 0 na na
10 62243.054350295539 0.008628293347 cfg1 2 1 0 0 na na
10 62243.115350300030 0.008627011007 cfg1 2 1 0 0 na na
10 62243.133350327372 0.008626634361 cfg1 2 2 0 0 na na
10 62243.221350301457 0.008624793415 cfg1 2 1 0 0 na na
10 62243.281350322804 0.008623537517 cfg1 2 1 0 0 na na
10 62243.308350316573 0.008622962433 cfg1 2 2 0 0 na na
10 62243.376350320423 0.008621536847 cfg1 2 1 0 0 na na
10 62243.389350266436 0.008621265056 cfg1 2 2 0 0 na na
10 62243.417350376144 0.008620677967 cfg1 2 1 0 0 na na
10 62243.473350347904 0.008619505447 cfg1 2 1 0 0 na na
10 62243.494350274771 0.008619065871 cfg1 2 1 0 0 na na
10 62243.520350364131 0.008618523776 cfg1 2 1 0 0 na na
10 62243.537350324225 0.008618171299 cfg1 2 1 0 0 na na
10 62243.615350302868 0.008616535191 cfg1 2 1 0 0 na na
10 62243.642350275629 0.008615970904 cfg1 2 1 0 0 na na
10 62243.653350272155 0.008615756959 cfg1 2 1 0 0 na na
10 62243.682350326597 0.008615135158 cfg1 2 2 0 0 na na
10 62243.701350295808 0.008614738288 cfg1 2 2 0 0 na na
10 62243.773350328404 0.008613241085 cfg1 2 1 0 0 na na
10 62243.831350322041 0.008612024621 cfg1 2 1 0 0 na na
10 62243.836350353787 0.008611920380 cfg1 2 2 0 0 na na
10 62243.923350332925 0.008610113239 cfg1 2 1 0 0 na na
10 62243.928350303292 0.008610002183 cfg1 2 2 0 0 na na
10 62244.019350329588 0.008608106445 cfg1 2 2 0 0 na na
10 62244.022350328639 0.008608036739 cfg1 2 1 0 0 na na
10 62244.045350366471 0.008607565649 cfg1 2 2 0 0 na na
10 62244.083350290251 0.008606764355 cfg1 2 1 0 0 na na
10 62244.158350339107 0.008605214003 cfg1 2 2 0 0 na na
10 62244.199350333775 0.008604371280 cfg1 2 1 0 0 na na
10 62244.237350322456 0.008603563326 cfg1 2 1 0 0 na na
10 62244.284350318116 0.008602593360 cfg1 2 1 0 0 na na
10 62244.310350262696 0.008602044054 cfg1 2 1 0 0 na na
10 62244.328350304143 0.008601681787 cfg1 2 2 0 0 na na
10 62244.346350330626 0.008601300764 cfg1 2 1 0 0 na na
10 62244.367350320784 0.008600872187 cfg1 2 1 0 0 na na
10 62244.497350284008 0.008598173382 cfg1 2 1 0 0 na na
10 62244.541350303309 0.008597264177 cfg1 2 2 0 0 na na
10 62244.641350298411 0.008595203170 cfg1 2 1 0 0 na na
10 62244.648350330273 0.008595048516 cfg1 2 2 0 0 na na
10 62244.693350329343 0.008594117348 cfg1 2 2 0 0 na na
10 62244.704350239882 0.008593902141 cfg1 2 1 0 0 na na
10 62244.813350316632 0.008591636753 cfg1 2 1 0 0 na na
10 62244.855350338144 0.008590768432 cfg1 2 1 0 0 na na
10 62244.939350293174 0.008589048831 cfg1 2 1 0 0 na na
10 62244.946350314315 0.008588905560 cfg1 2 1 0 0 na na
10 62245.018350330571 0.008587415682 cfg1 2 1 0 0 na na
10 62245.046350295055 0.008586827157 cfg1 2 2 0 0 na na
10 62245.051350326271 0.008586724008 cfg1 2 2 0 0 na na
10 62245.111350254589 0.008585487450 cfg1 2 2 0 0 na na
10 62245.118350346826 0.008585343205 cfg1 2 2 0 0 na na
10 62245.197350337344 0.008583730124 cfg1 2 1 0 0 na na
10 62245.213350324121 0.008583386898 cfg1 2 2 0 0 na na
10 62245.235350282291 0.008582934112 cfg1 2 1 0 0 na na
10 62245.334350337347 0.008580897744 cfg1 2 1 0 0 na na
10 62245.437350315926 0.008578789230 cfg1 2 1 0 0 na na
10 62245.483350253419 0.008577838583 cfg1 2 1 0 0 na na
10 62245.559350281189 0.008576275494 cfg1 2 1 0 0 na na
10 62245.604350290058 0.008575343007 cfg1 2 1 0 0 na na
10 62245.615350272542 0.008575144632 cfg1 2 1 0 0 na na
10 62245.681350396091 0.008573776120 cfg1 2 1 0 0 na na
10 62245.750350307610 0.008572362869 cfg1 2 2 0 0 na na
10 62245.829350333721 0.008570746004 cfg1 2 2 0 0 na na
10 62245.856350382292 0.008570181205 cfg1 2 1 0 0 na na
10 62245.869350281337 0.008569928061 cfg1 2 1 0 0 na na
10 62245.884350295484 0.008569620267 cfg1 2 1 0 0 na na
10 62246.135350302999 0.008564505681 cfg1 2 1 0 0 na na
10 62246.179350285227 0.008563585551 cfg1 2 1 0 0 na na
10 62246.299350339952 0.008561150221 cfg1 2 1 0 0 na na
10 62246.321350282796 0.008560704834 cfg1 2 1 0 0 na na
10 62246.352350259697 0.008560067218 cfg1 2 1 0 0 na na
10 62246.503350299393 0.008557002959 cfg1 2 1 0 0 na na
10 62246.517350295851 0.008556718469 cfg1 2 1 0 0 na na
10 62246.547350312578 0.008556117033 cfg1 2 1 0 0 na na
10 62246.575350302079 0.008555530006 cfg1 2 1 0 0 na na
10 62246.582350307864 0.008555398171 cfg1 2 1 0 0 na na
10 62246.611350338311 0.008554824412 cfg1 2 1 0 0 na na
10 62246.702350267437 0.008552962858 cfg1 2 1 0 0 na na
10 62246.729350278662 0.008552406118 cfg1 2 1 0 0 na na
10 62246.766350323406 0.008551679359 cfg1 2 1 0 0 na na
10 62246.868350350987 0.008549598966 cfg1 2 1 0 0 na na
10 62246.902350305919 0.008548910746 cfg1 2 1 0 0 na na
10 62246.949350258586 0.008547959833 cfg1 2 2 0 0 na na
10 62246.970350292051 0.008547528370 cfg1 2 1 0 0 na na
10 62246.994350265913 0.008547049535 cfg1 2 1 0 0 na na
10 62247.013350283367 0.008546665314 cfg1 2 2 0 0 na na
10 62247.027350309569 0.008546382331 cfg1 2 2 0 0 na na
10 62247.033350286415 0.008546261047 cfg1 2 2 0 0 na na
10 62247.129350309286 0.008544321483 cfg1 2 2 0 0 na na
10 62247.151350337740 0.008543877209 cfg1 2 2 0 0 na na
10 62247.225350312670 0.008542383738 cfg1 2 1 0 0 na na
10 62247.335350336409 0.008540165867 cfg1 2 2 0 0 na na
10 62247.343350315311 0.008540006546 cfg1 2 1 0 0 na na
10 62247.361350293787 0.008539649868 cfg1 2 1 0 0 na na
10 62247.381350301364 0.008539239117 cfg1 2 2 0 0 na na
10 62247.473350300267 0.008537387400 cfg1 2 1 0 0 na na
10 62247.540350256580 0.008536039068 cfg1 2 2 0 0 na na
10 62247.594350329333 0.008534952136 cfg1 2 1 0 0 na na
10 62247.699350322588 0.008532849802 cfg1 2 1 0 0 na na
10 62247.737350304881 0.008532087150 cfg1 2 1 0 0 na na
10 62247.827350323270 0.008530275864 cfg1 2 1 0 0 na na
10 62247.932350321245 0.008528186574 cfg1 2 1 0 0 na na
10 62248.072350312127 0.008525369561 cfg1 2 1 0 0 na na
10 62248.194350269315 0.008522930970 cfg1 2 1 0 0 na na
10 62248.233350299667 0.008522161832 cfg1 2 1 0 0 na na
10 62248.259350311973 0.008521639242 cfg1 2 1 0 0 na na
10 62248.293350316914 0.008520954499 cfg1 2 2 0 0 na na
10 62248.361350303031 0.008519598262 cfg1 2 1 0 0 na na
10 62248.368350326023 0.008519454236 cfg1 2 1 0 0 na na
10 62248.370350283390 0.008519425908 cfg1 2 1 0 0 na na
10 62248.438350353042 0.008518078682 cfg1 2 1 0 0 na na
10 62248.608350278430 0.008514679001 cfg1 2 1 0 0 na na
10 62248.625350360936 0.008514340744 cfg1 2 1 0 0 na na
10 62248.660350256207 0.008513646123 cfg1 2 1 0 0 na na
10 62248.681350298503 0.008513227440 cfg1 2 1 0 0 na na
10 62248.728350335468 0.008512293528 cfg1 2 1 0 0 na na
10 62248.765350355736 0.008511558710 cfg1 2 2 0 0 na na
10 62248.768350308575 0.008511499179 cfg1 2 2 0 0 na na
10 62248.780350257328 0.008511260785 cfg1 2 1 0 0 na na
10 62248.873350353639 0.008509415610 cfg1 2 1 0 0 na na
10 62248.898350303571 0.008508928024 cfg1 2 1 0 0 na na
10 62248.918350293613 0.008508522873 cfg1 2 1 0 0 na na
10 62248.923350325188 0.008508423826 cfg1 2 2 0 0 na na
10 62248.953350311328 0.008507829058 cfg1 2 1 0 0 na na
10 62248.990350288474 0.008507096024 cfg1 2 2 0 0 na na
10 62249.044350282952 0.008506021014 cfg1 2 1 0 0 na na
10 62249.065350332157 0.008505604788 cfg1 2 1 0 0 na na
10 62249.094350311375 0.008505036665 cfg1 2 1 0 0 na na
10 62249.156350315751 0.008503810239 cfg1 2 2 0 0 na na
10 62249.186350271285 0.008503215532 cfg1 2 1 0 0 na na
10 62249.212350268525 0.008502703050 cfg1 2 2 0 0 na na
10 62249.242350299504 0.008502102741 cfg1 2 1 0 0 na na
10 62249.256350303366 0.008501833631 cfg1 2 2 0 0 na na
10 62249.266350304224 0.008501636306 cfg1 2 1 0 0 na na
10 62249.387350309207 0.008499247413 cfg1 2 2 0 0 na na
10 62249.644350288044 0.008494178919 cfg1 2 1 0 0 na na
10 62249.680350312155 0.008493477642 cfg1 2 1 0 0 na na
10 62249.695350348527 0.008493180846 cfg1 2 2 0 0 na na
10 62249.708350298389 0.008492926237 cfg1 2 1 0 0 na na
10 62249.709350288900 0.008492905529 cfg1 2 2 0 0 na na
10 62249.724350331738 0.008492616366 cfg1 2 1 0 0 na na
10 62249.774350287867 0.008491628082 cfg1 2 2 0 0 na na
10 62249.861350340673 0.008489919357 cfg1 2 1 0 0 na na
10 62249.914350281199 0.008488879263 cfg1 2 1 0 0 na na
10 62249.951350348569 0.008488153506 cfg1 2 1 0 0 na na
10 62249.965350339805 0.008487865813 cfg1 2 1 0 0 na na
10 62249.994350282677 0.008487317131 cfg1 2 1 0 0 na na
10 62250.102350362560 0.008485194587 cfg1 2 1 0 0 na na
10 62250.147350332202 0.008484313646 cfg1 2 1 0 0 na na
10 62250.182350407507 0.008483629777 cfg1 2 1 0 0 na na
10 62250.186350293168 0.008483550762 cfg1 2 2 0 0 na na
10 62250.207350337808 0.008483139998 cfg1 2 2 0 0 na na
10 62250.231350300807 0.008482664343 cfg1 2 1 0 0 na na
10 62250.273350310184 0.008481849508 cfg1 2 1 0 0 na na
10 62250.348350331487 0.008480384398 cfg1 2 2 0 0 na na
10 62250.383350306744 0.008479700967 cfg1 2 1 0 0 na na
10 62250.389350368514 0.008479583966 cfg1 2 2 0 0 na na
10 62250.405350292700 0.008479264429 cfg1 2 1 0 0 na na
10 62250.445350375978 0.008478491056 cfg1 2 1 0 0 na na
10 62250.464350339826 0.008478128061 cfg1 2 1 0 0 na na
10 62250.579350295197 0.008475883321 cfg1 2 1 0 0 na na
10 62250.581350327856 0.008475839872 cfg1 2 1 0 0 na na
10 62250.649350324574 0.008474520866 cfg1 2 1 0 0 na na
10 62250.674350274503 0.008474029248 cfg1 2 2 0 0 na na
10 62250.676350260255 0.008473990325 cfg1 2 2 0 0 na na
10 62250.746350317203 0.008472628723 cfg1 2 2 0 0 na na
10 62250.768350365071 0.008472200987 cfg1 2 2 0 0 na na
10 62250.803350321114 0.008471520606 cfg1 2 1 0 0 na na
10 62250.810350301203 0.008471376483 cfg1 2 1 0 0 na na
10 62250.831350318313 0.008470976696 cfg1 2 2 0 0 na na
10 62250.884350272170 0.008469947299 cfg1 2 2 0 0 na na
10 62250.910350324869 0.008469443666 cfg1 2 1 0 0 na na
10 62250.920350336150 0.008469248526 cfg1 2 2 0 0 na na
10 62251.029350341821 0.008467135777 cfg1 2 1 0 0 na na
10 62251.102350291000 0.008465719645 cfg1 2 2 0 0 na na
10 62251.145350242370 0.008464899562 cfg1 2 1 0 0 na na
10 62251.162350271718 0.008464555461 cfg1 2 1 0 0 na na
10 62251.281350257376 0.008462255704 cfg1 2 1 0 0 na na
10 62251.312350242537 0.008461669132 cfg1 2 1 0 0 na na
10 62251.385350313798 0.008460246279 cfg1 2 1 0 0 na na
10 62251.396350320193 0.008460034159 cfg1 2 2 0 0 na na
10 62251.424350345016 0.008459493364 cfg1 2 2 0 0 na na
10 62251.511350283516 0.008457823455 cfg1 2 1 0 0 na na
10 62251.563350320416 0.008456812456 cfg1 2 2 0 0 na na
10 62251.614350318070 0.008455816904 cfg1 2 1 0 0 na na
10 62251.622350250385 0.008455681676 cfg1 2 1 0 0 na na
10 62251.704350318173 0.008454097057 cfg1 2 2 0 0 na na
10 62251.711350321100 0.008453955215 cfg1 2 1 0 0 na na
10 62251.741350321324 0.008453385066 cfg1 2 1 0 0 na na
10 62251.746350304848 0.008453288988 cfg1 2 2 0 0 na na
10 62251.748350318406 0.008453250443 cfg1 2 1 0 0 na na
10 62251.756350307616 0.008453093981 cfg1 2 1 0 0 na na
10 62251.836350309045 0.008451558894 cfg1 2 2 0 0 na na
10 62251.855350320444 0.008451184594 cfg1 2 1 0 0 na na
10 62251.879350316907 0.008450732573 cfg1 2 1 0 0 na na
10 62251.953350342162 0.008449311885 cfg1 2 1 0 0 na na
10 62251.979350341669 0.008448808934 cfg1 2 1 0 0 na na
10 62252.265350326569 0.008443334827 cfg1 2 1 0 0 na na
10 62252.272350301426 0.008443200951 cfg1 2 2 0 0 na na
10 62252.290350309752 0.008442856794 cfg1 2 2 0 0 na na
10 62252.311350365742 0.008442455224 cfg1 2 1 0 0 na na
10 62252.333350345212 0.008442034786 cfg1 2 1 0 0 na na
10 62252.355350327749 0.008441614400 cfg1 2 1 0 0 na na
10 62252.396350325788 0.008440844742 cfg1 2 1 0 0 na na
10 62252.405350258113 0.008440659496 cfg1 2 2 0 0 na na
10 62252.435350331781 0.008440079909 cfg1 2 1 0 0 na na
10 62252.529350309099 0.008438308754 cfg1 2 1 0 0 na na
10 62252.607350317422 0.008436806638 cfg1 2 2 0 0 na na
10 62252.622350312118 0.008436520879 cfg1 2 2 0 0 na na
10 62252.722350341476 0.008434618532 cfg1 2 1 0 0 na na
10 62252.741350372599 0.008434255584 cfg1 2 2 0 0 na na
10 62252.747350325461 0.008434140571 cfg1 2 1 0 0 na na
10 62252.750350317706 0.008434086571 cfg1 2 1 0 0 na na
10 62252.754350328005 0.008434008254 cfg1 2 1 0 0 na na
10 62252.775350299284 0.008433599769 cfg1 2 1 0 0 na na
10 62252.872350297505 0.008431765353 cfg1 2 2 0 0 na na
10 62252.877350291745 0.008431677419 cfg1 2 1 0 0 na na
10 62252.979350343370 0.008429726290 cfg1 2 1 0 0 na na
10 62253.032350357152 0.008428733720 cfg1 2 1 0 0 na na
10 62253.151350302081 0.008426473880 cfg1 2 1 0 0 na na
10 62253.183350332234 0.008425868116 cfg1 2 2 0 0 na na
10 62253.195350343032 0.008425650539 cfg1 2 1 0 0 na na
10 62253.230350345514 0.008424978577 cfg1 2 2 0 0 na na
10 62253.252350330836 0.008424571635 cfg1 2 1 0 0 na na
10 62253.327350335145 0.008423144334 cfg1 2 1 0 0 na na
10 62253.381350333603 0.008422139738 cfg1 2 1 0 0 na na
10 62253.540350358062 0.008419123862 cfg1 2 1 0 0 na na
10 62253.547350275384 0.008418991922 cfg1 2 2 0 0 na na
10 62253.599350316159 0.008418018190 cfg1 2 1 0 0 na na
10 62253.604350324213 0.008417917724 cfg1 2 1 0 0 na na
10 62253.700350324904 0.008416110127 cfg1 2 1 0 0 na na
10 62253.737350326754 0.008415414256 cfg1 2 1 0 0 na na
10 62253.859350324427 0.008413120659 cfg1 2 1 0 0 na na
10 62253.915350280252 0.008412068992 cfg1 2 1 0 0 na na
10 62253.917350301714 0.008412031542 cfg1 2 2 0 0 na na
10 62253.922350298168 0.008411937779 cfg1 2 2 0 0 na na
10 62253.970350293593 0.008411036950 cfg1 2 2 0 0 na na
10 62254.148350334271 0.008407700822 cfg1 2 1 0 0 na na
10 62254.372350306315 0.008403512290 cfg1 2 1 0 0 na na
10 62254.398350270688 0.008403026839 cfg1 2 1 0 0 na na
10 62254.399350296816 0.008403000594 cfg1 2 1 0 0 na na
10 62254.413350364770 0.008402756534 cfg1 2 1 0 0 na na
10 62254.603350287380 0.008399204219 cfg1 2 1 0 0 na na
10 62254.626350293877 0.008398775898 cfg1 2 1 0 0 na na
10 62254.627350356119 0.008398757414 cfg1 2 1 0 0 na na
10 62254.646350322098 0.008398402243 cfg1 2 1 0 0 na na
10 62254.804350316521 0.008395465018 cfg1 2 1 0 0 na na
10 62254.816350292288 0.008395229682 cfg1 2 1 0 0 na na
10 62254.839350316478 0.008394823785 cfg1 2 1 0 0 na na
10 62254.891350309826 0.008393849350 cfg1 2 1 0 0 na na
10 62254.937350311136 0.008392995565 cfg1 2 1 0 0 na na
10 62255.029350285995 0.008391289677 cfg1 2 2 0 0 na na
10 62255.038350301203 0.008391122885 cfg1 2 2 0 0 na na
10 62255.083350290017 0.008390289757 cfg1 2 2 0 0 na na
10 62255.107350335075 0.008389842356 cfg1 2 1 0 0 na na
10 62255.129350265687 0.008389446301 cfg1 2 1 0 0 na na
10 62255.135350296237 0.008389326525 cfg1 2 1 0 0 na na
10 62255.171350297566 0.008388652065 cfg1 2 1 0 0 na na
10 62255.188350291405 0.008388345614 cfg1 2 1 0 0 na na
10 62255.240350291458 0.008387383967 cfg1 2 1 0 0 na na
10 62255.407350305654 0.008384294988 cfg1 2 1 0 0 na na
10 62255.456350301041 0.008383397775 cfg1 2 1 0 0 na na
10 62255.479350304662 0.008382971844 cfg1 2 1 0 0 na na
10 62255.507350311085 0.008382455583 cfg1 2 1 0 0 na na
10 62255.605350293357 0.008380650851 cfg1 2 2 0 0 na na
10 62255.623350310036 0.008380319672 cfg1 2 1 0 0 na na
10 62255.639350293340 0.008380024901 cfg1 2 2 0 0 na na
10 62255.649350305567 0.008379840757 cfg1 2 1 0 0 na na
10 62255.709350279856 0.008378737263 cfg1 2 1 0 0 na na
10 62255.724350264132 0.008378461607 cfg1 2 2 0 0 na na
10 62255.768350295145 0.008377652959 cfg1 2 2 0 0 na na
10 62255.770350317282 0.008377623933 cfg1 2 1 0 0 na na
10 62255.779350300498 0.008377450861 cfg1 2 2 0 0 na na
10 62255.801350321499 0.008377046728 cfg1 2 2 0 0 na na
10 62255.804350277098 0.008377003870 cfg1 2 1 0 0 na na
10 62255.854350305066 0.008376073614 cfg1 2 2 0 0 na na
10 62255.954350327668 0.008374237013 cfg1 2 1 0 0 na na
10 62255.958350279453 0.008374165939 cfg1 2 1 0 0 na na
10 62255.963350318759 0.008374074777 cfg1 2 1 0 0 na na
10 62256.056350318756 0.008372370498 cfg1 2 2 0 0 na na
10 62256.153350353619 0.008370590143 cfg1 2 1 0 0 na na
10 62256.181350314581 0.008370073671 cfg1 2 1 0 0 na na
10 62256.195350307198 0.008369827466 cfg1 2 2 0 0 na na
10 62256.215350337488 0.008369461957 cfg1 2 2 0 0 na na
10 62256.219350298561 0.008369388840 cfg1 2 2 0 0 na na
10 62256.288350339075 0.008368128335 cfg1 2 1 0 0 na na
10 62256.377350301734 0.008366519969 cfg1 2 1 0 0 na na
10 62256.382350274092 0.008366401373 cfg1 2 1 0 0 na na
10 62256.395350286363 0.008366184045 cfg1 2 1 0 0 na na
10 62256.452350244935 0.008365147004 cfg1 2 1 0 0 na na
10 62256.509350319540 0.008364091894 cfg1 2 1 0 0 na na
10 62256.621350317525 0.008362059992 cfg1 2 1 0 0 na na
10 62256.723350305060 0.008360206106 cfg1 2 2 0 0 na na
10 62256.747350281022 0.008359770148 cfg1 2 2 0 0 na na
10 62256.770350297059 0.008359354478 cfg1 2 1 0 0 na na
10 62256.776350313238 0.008359233439 cfg1 2 1 0 0 na na
10 62256.842350274108 0.008358046035 cfg1 2 2 0 0 na na
10 62256.943350325691 0.008356230168 cfg1 2 1 0 0 na na
10 62256.959350287216 0.008355941683 cfg1 2 1 0 0 na na
10 62257.008350318088 0.008355030544 cfg1 2 1 0 0 na na
10 62257.074350246115 0.008353850792 cfg1 2 1 0 0 na na
10 62257.081350300689 0.008353714529 cfg1 2 1 0 0 na na
10 62257.112350302118 0.008353156476 cfg1 2 1 0 0 na na
10 62257.135350289842 0.008352740604 cfg1 2 1 0 0 na na
10 62257.201350249828 0.008351552374 cfg1 2 1 0 0 na na
10 62257.210350325254 0.008351385799 cfg1 2 2 0 0 na na
10 62257.212350348212 0.008351349453 cfg1 2 1 0 0 na na
10 62257.231350276697 0.008351006396 cfg1 2 1 0 0 na na
10 62257.264350269279 0.008350414142 cfg1 2 1 0 0 na na
10 62257.388350366570 0.008348174666 cfg1 2 1 0 0 na na
10 62257.389350322735 0.008348156913 cfg1 2 2 0 0 na na
10 62257.470350286355 0.008346697798 cfg1 2 1 0 0 na na
10 62257.477350251284 0.008346575653 cfg1 2 1 0 0 na na
10 62257.488350253304 0.008346374366 cfg1 2 1 0 0 na na
10 62257.510350293684 0.008345978019 cfg1 2 1 0 0 na na
10 62257.648350326773 0.008343497086 cfg1 2 1 0 0 na na
10 62257.655350324974 0.008343371522 cfg1 2 1 0 0 na na
10 62257.710350268649 0.008342371624 cfg1 2 1 0 0 na na
10 62257.756350273250 0.008341548385 cfg1 2 1 0 0 na na
10 62257.791350341055 0.008340932982 cfg1 2 1 0 0 na na
10 62257.961350313994 0.008337885698 cfg1 2 1 0 0 na na
10 62258.099350279259 0.008335412461 cfg1 2 1 0 0 na na
10 62258.128350312088 0.008334900602 cfg1 2 1 0 0 na na
10 62258.147350284355 0.008334561841 cfg1 2 1 0 0 na na
10 62258.219350339911 0.008333287014 cfg1 2 1 0 0 na na
10 62258.237350330145 0.008332955573 cfg1 2 1 0 0 na na
10 62258.266350328229 0.008332427768 cfg1 2 1 0 0 na na
10 62258.282350299028 0.008332153348 cfg1 2 1 0 0 na na
10 62258.288350310895 0.008332046502 cfg1 2 2 0 0 na na
10 62258.289350319353 0.008332032623 cfg1 2 1 0 0 na na
10 62258.309350344017 0.008331679211 cfg1 2 1 0 0 na na
10 62258.331350365993 0.008331276886 cfg1 2 1 0 0 na na
10 62258.362350354575 0.008330728962 cfg1 2 2 0 0 na na
10 62258.369350308217 0.008330603589 cfg1 2 1 0 0 na na
10 62258.470350321949 0.008328806669 cfg1 2 2 0 0 na na
10 62258.551350365243 0.008327367018 cfg1 2 1 0 0 na na
10 62258.580350284408 0.008326867123 cfg1 2 1 0 0 na na
10 62258.619350313395 0.008326159920 cfg1 2 2 0 0 na na
10 62258.641350334012 0.008325781202 cfg1 2 1 0 0 na na
10 62258.695350372681 0.008324811614 cfg1 2 2 0 0 na na
10 62258.696350245623 0.008324801363 cfg1 2 1 0 0 na na
10 62258.738350337139 0.008324049381 cfg1 2 2 0 0 na na
10 62258.757350255714 0.008323712618 cfg1 2 2 0 0 na na
10 62258.762350302530 0.008323624030 cfg1 2 2 0 0 na na
10 62258.776350338109 0.008323376024 cfg1 2 2 0 0 na na
10 62258.778350327339 0.008323340578 cfg1 2 2 0 0 na na
10 62258.786350308034 0.008323201712 cfg1 2 1 0 0 na na
10 62258.838350267801 0.008322278240 cfg1 2 2 0 0 na na
10 62258.882350308149 0.008321499624 cfg1 2 2 0 0 na na
10 62258.907350337960 0.008321073480 cfg1 2 1 0 0 na na
10 62258.976350340071 0.008319837792 cfg1 2 2 0 0 na na
10 62259.076350325789 0.008318071928 cfg1 2 1 0 0 na na
10 62259.087350277285 0.008317877977 cfg1 2 2 0 0 na na
10 62259.092350329719 0.008317789608 cfg1 2 1 0 0 na na
10 62259.099350314323 0.008317656289 cfg1 2 1 0 0 na na
10 62259.148350262209 0.008316789756 cfg1 2 1 0 0 na na
10 62259.170350280390 0.008316414228 cfg1 2 2 0 0 na na
10 62259.225350375530 0.008315445127 cfg1 2 2 0 0 na na
10 62259.255350317305 0.008314916732 cfg1 2 2 0 0 na na
10 62259.282350295475 0.008314454615 cfg1 2 1 0 0 na na
10 62259.284350313929 0.008314402873 cfg1 2 1 0 0 na na
10 62259.285350286334 0.008314399197 cfg1 2 1 0 0 na na
10 62259.300350356540 0.008314116218 cfg1 2 1 0 0 na na
10 62259.574350313916 0.008309311794 cfg1 2 2 0 0 na na
10 62259.643350335219 0.008308102963 cfg1 2 1 0 0 na na
10 62259.658350303579 0.008307839151 cfg1 2 2 0 0 na na
10 62259.667350285531 0.008307689532 cfg1 2 1 0 0 na na
10 62259.756350300036 0.008306123607 cfg1 2 2 0 0 na na
10 62259.819350286574 0.008305021674 cfg1 2 1 0 0 na na
10 62259.877350374236 0.008304008298 cfg1 2 2 0 0 na na
10 62259.944350301683 0.008302841885 cfg1 2 1 0 0 na na
10 62260.064350302918 0.008300745415 cfg1 2 1 0 0 na na
10 62260.069350257309 0.008300658352 cfg1 2 1 0 0 na na
10 62260.074350313237 0.008300574663 cfg1 2 1 0 0 na na
10 62260.126350265070 0.008299665494 cfg1 2 1 0 0 na na
10 62260.201350360515 0.008298354494 cfg1 2 1 0 0 na na
10 62260.262350346904 0.008297299418 cfg1 2 1 0 0 na na
10 62260.395350306515 0.008294989390 cfg1 2 1 0 0 na na
10 62260.406350327087 0.008294798531 cfg1 2 1 0 0 na na
10 62260.472350287155 0.008293653822 cfg1 2 1 0 0 na na
10 62260.584350253628 0.008291718392 cfg1 2 1 0 0 na na
10 62260.586350333851 0.008291679180 cfg1 2 1 0 0 na na
10 62260.639350327808 0.008290762570 cfg1 2 1 0 0 na na
10 62260.645350289019 0.008290672754 cfg1 2 1 0 0 na na
10 62260.651350331479 0.008290549241 cfg1 2 1 0 0 na na
10 62260.769350243404 0.008288528487 cfg1 2 1 0 0 na na
10 62260.795350346253 0.008288066234 cfg1 2 1 0 0 na na
10 62260.820350292339 0.008287634590 cfg1 2 1 0 0 na na
10 62260.905350272024 0.008286162937 cfg1 2 1 0 0 na na
10 62260.970350347282 0.008285040188 cfg1 2 1 0 0 na na
10 62260.992350246686 0.008284680300 cfg1 2 1 0 0 na na
10 62261.051350320932 0.008283665340 cfg1 2 1 0 0 na na
10 62261.082350291990 0.008283120847 cfg1 2 1 0 0 na na
10 62261.091350336204 0.008282966594 cfg1 2 1 0 0 na na
10 62261.315350314557 0.008279120735 cfg1 2 1 0 0 na na
10 62261.372350302638 0.008278142600 cfg1 2 1 0 0 na na
10 62261.391350293316 0.008277809675 cfg1 2 1 0 0 na na
10 62261.399350299012 0.008277699566 cfg1 2 1 0 0 na na
10 62261.418350315797 0.008277354754 cfg1 2 1 0 0 na na
10 62261.439350255622 0.008277001050 cfg1 2 1 0 0 na na
10 62261.454350338276 0.008276757367 cfg1 2 1 0 0 na na
10 62261.509350317769 0.008275798933 cfg1 2 1 0 0 na na
10 62261.589350355860 0.008274431489 cfg1 2 1 0 0 na na
10 62261.619350321837 0.008273912569 cfg1 2 1 0 0 na na
10 62261.695350270242 0.008272620164 cfg1 2 1 0 0 na na
10 62261.795350329809 0.008270915275 cfg1 2 1 0 0 na na
10 62261.802350345952 0.008270795991 cfg1 2 1 0 0 na na
10 62261.855350293816 0.008269893369 cfg1 2 1 0 0 na na
10 62261.908350325003 0.008268991382 cfg1 2 1 0 0 na na
10 62262.015350242918 0.008267189062 cfg1 2 1 0 0 na na
10 62262.020350333564 0.008267079116 cfg1 2 1 0 0 na na
10 62262.038350341849 0.008266781607 cfg1 2 1 0 0 na na
10 62262.099350307368 0.008265743660 cfg1 2 1 0 0 na na
10 62262.101350317336 0.008265707697 cfg1 2 1 0 0 na na
10 62262.105350319585 0.008265644265 cfg1 2 1 0 0 na na
10 62262.106350283761 0.008265633133 cfg1 2 1 0 0 na na
10 62262.157350240462 0.008264781585 cfg1 2 1 0 0 na na
10 62262.212350336791 0.008263839713 cfg1 2 1 0 0 na na
10 62262.417350359617 0.008260379321 cfg1 2 1 0 0 na na
10 62262.429350282648 0.008260154530 cfg1 2 1 0 0 na na
10 62262.448350349866 0.008259841597 cfg1 2 2 0 0 na na
10 62262.456350313248 0.008259715841 cfg1 2 1 0 0 na na
10 62262.466350345300 0.008259533505 cfg1 2 1 0 0 na na
10 62262.502350257171 0.008258929612 cfg1 2 2 0 0 na na
10 62262.522350262284 0.008258584560 cfg1 2 1 0 0 na na
10 62262.528350265627 0.008258481126 cfg1 2 1 0 0 na na
10 62262.561350325672 0.008257930414 cfg1 2 1 0 0 na na
10 62262.587350286637 0.008257491842 cfg1 2 1 0 0 na na
10 62262.588350331398 0.008257475218 cfg1 2 1 0 0 na na
10 62262.755350322822 0.008254662834 cfg1 2 1 0 0 na na
10 62262.757350314821 0.008254629128 cfg1 2 1 0 0 na na
10 62262.790350261606 0.008254074307 cfg1 2 1 0 0 na na
10 62262.809350270494 0.008253754794 cfg1 2 1 0 0 na na
10 62262.853350273940 0.008253015488 cfg1 2 1 0 0 na na
10 62262.873350320406 0.008252679495 cfg1 2 2 0 0 na na
10 62262.880350319054 0.008252562000 cfg1 2 2 0 0 na na
10 62262.937350327754 0.008251621198 cfg1 2 1 0 0 na na
10 62262.944350341000 0.008251505121 cfg1 2 1 0 0 na na
10 62262.958350295928 0.008251273121 cfg1 2 1 0 0 na na
10 62263.081350241606 0.008249205459 cfg1 2 1 0 0 na na
10 62263.139350261758 0.008248220320 cfg1 2 1 0 0 na na
10 62263.145350361173 0.008248119961 cfg1 2 2 0 0 na na
10 62263.238350365000 0.008246564808 cfg1 2 2 0 0 na na
10 62263.262350288704 0.008246163891 cfg1 2 2 0 0 na na
10 62263.266350307325 0.008246112188 cfg1 2 1 0 0 na na
10 62263.333350267606 0.008244979449 cfg1 2 1 0 0 na na
10 62263.415350345840 0.008243611269 cfg1 2 1 0 0 na na
10 62263.634350323756 0.008239970999 cfg1 2 1 0 0 na na
10 62263.667350266384 0.008239436300 cfg1 2 1 0 0 na na
10 62263.775350291056 0.008237623812 cfg1 2 1 0 0 na na
10 62263.803350276671 0.008237159460 cfg1 2 2 0 0 na na
10 62263.818350294962 0.008236910723 cfg1 2 1 0 0 na na
10 62263.825350268725 0.008236794710 cfg1 2 2 0 0 na na
10 62263.897350317675 0.008235601785 cfg1 2 2 0 0 na na
10 62263.920350323891 0.008235220940 cfg1 2 2 0 0 na na
10 62264.011350304258 0.008233715311 cfg1 2 2 0 0 na na
10 62264.043350257586 0.008233189282 cfg1 2 1 0 0 na na
10 62264.236350258023 0.008230004036 cfg1 2 1 0 0 na na
10 62264.244350306602 0.008229868991 cfg1 2 1 0 0 na na
10 62264.299350319917 0.008228962963 cfg1 2 2 0 0 na na
10 62264.311350370836 0.008228769180 cfg1 2 1 0 0 na na
10 62264.330350303802 0.008228452527 cfg1 2 2 0 0 na na
10 62264.344350362978 0.008228217456 cfg1 2 1 0 0 na na
10 62264.426350334197 0.008226873211 cfg1 2 2 0 0 na na
10 62264.491350344363 0.008225805233 cfg1 2 2 0 0 na na
10 62264.542350320671 0.008224980947 cfg1 2 1 0 0 na na
10 62264.611350323315 0.008223829901 cfg1 2 1 0 0 na na
10 62264.634350295404 0.008223458733 cfg1 2 1 0 0 na na
10 62264.655350280842 0.008223114964 cfg1 2 1 0 0 na na
10 62264.697350252779 0.008222437553 cfg1 2 1 0 0 na na
10 62264.721350326160 0.008222050863 cfg1 2 1 0 0 na na
10 62264.757350241443 0.008221460873 cfg1 2 1 0 0 na na
10 62264.811350359891 0.008220561035 cfg1 2 2 0 0 na na
10 62264.833350322897 0.008220201363 cfg1 2 2 0 0 na na
10 62264.842350347711 0.008220055682 cfg1 2 1 0 0 na na
10 62264.881350244197 0.008219432586 cfg1 2 1 0 0 na na
10 62264.968350312952 0.008218015152 cfg1 2 1 0 0 na na
10 62264.995350334985 0.008217558421 cfg1 2 1 0 0 na na
10 62265.007350316240 0.008217360663 cfg1 2 2 0 0 na na
10 62265.052350370295 0.008216619803 cfg1 2 1 0 0 na na
10 62265.081350379090 0.008216154662 cfg1 2 2 0 0 na na
10 62265.084350297005 0.008216105772 cfg1 2 2 0 0 na na
10 62265.117350265070 0.008215568356 cfg1 2 1 0 0 na na
10 62265.190350317273 0.008214380544 cfg1 2 2 0 0 na na
10 62265.198350292477 0.008214256765 cfg1 2 1 0 0 na na
10 62265.240350307833 0.008213567612 cfg1 2 1 0 0 na na
10 62265.278350322518 0.008212963821 cfg1 2 1 0 0 na na
10 62265.743350308100 0.008205422002 cfg1 2 2 0 0 na na
10 62265.804350331246 0.008204438063 cfg1 2 1 0 0 na na
10 62265.862350312220 0.008203503430 cfg1 2 2 0 0 na na
10 62266.013350328624 0.008201073702 cfg1 2 1 0 0 na na
10 62266.095350356707 0.008199756451 cfg1 2 2 0 0 na na
10 62266.105350284838 0.008199595802 cfg1 2 1 0 0 na na
10 62266.138350272986 0.008199066255 cfg1 2 1 0 0 na na
10 62266.190350302109 0.008198232404 cfg1 2 2 0 0 na na
10 62266.222350258173 0.008197738301 cfg1 2 1 0 0 na na
10 62266.258350275455 0.008197142701 cfg1 2 2 0 0 na na
10 62266.290350339731 0.008196637476 cfg1 2 1 0 0 na na
10 62266.481350258013 0.008193578945 cfg1 2 1 0 0 na na
10 62266.529350302112 0.008192810550 cfg1 2 1 0 0 na na
10 62266.612350255853 0.008191491128 cfg1 2 1 0 0 na na
10 62266.689350342953 0.008190260872 cfg1 2 1 0 0 na na
10 62266.812350327765 0.008188304919 cfg1 2 2 0 0 na na
10 62266.905350263904 0.008186828336 cfg1 2 2 0 0 na na
10 62266.970350310277 0.008185797491 cfg1 2 1 0 0 na na
10 62266.997350318144 0.008185369583 cfg1 2 1 0 0 na na
10 62267.008350273697 0.008185183086 cfg1 2 1 0 0 na na
10 62267.011350327956 0.008185137902 cfg1 2 1 0 0 na na
10 62267.023350363372 0.008184962294 cfg1 2 1 0 0 na na
10 62267.027350352008 0.008184894349 cfg1 2 2 0 0 na na
10 62267.103350318105 0.008183691286 cfg1 2 1 0 0 na na
10 62267.210350259619 0.008181999898 cfg1 2 2 0 0 na na
10 62267.216350289290 0.008181909735 cfg1 2 1 0 0 na na
10 62267.249350295221 0.008181395489 cfg1 2 1 0 0 na na
10 62267.258350366975 0.008181242553 cfg1 2 1 0 0 na na
10 62267.270350340404 0.008181052598 cfg1 2 2 0 0 na na
10 62267.275350260344 0.008180973770 cfg1 2 2 0 0 na na
10 62267.293350273049 0.008180689672 cfg1 2 2 0 0 na na
10 62267.296350346827 0.008180642290 cfg1 2 1 0 0 na na
10 62267.316350264434 0.008180327687 cfg1 2 1 0 0 na na
10 62267.425350318658 0.008178609293 cfg1 2 2 0 0 na na
10 62267.432350296042 0.008178489099 cfg1 2 1 0 0 na na
10 62267.441350263934 0.008178353038 cfg1 2 1 0 0 na na
10 62267.473350317319 0.008177853679 cfg1 2 1 0 0 na na
10 62267.511350268632 0.008177255986 cfg1 2 1 0 0 na na
10 62267.595350316321 0.008175936027 cfg1 2 2 0 0 na na
10 62267.640350390200 0.008175229408 cfg1 2 1 0 0 na na
10 62267.685350274972 0.008174523428 cfg1 2 2 0 0 na na
10 62267.723350331835 0.008173929353 cfg1 2 1 0 0 na na
10 62267.739350326891 0.008173690720 cfg1 2 1 0 0 na na
10 62267.838350342091 0.008172127009 cfg1 2 1 0 0 na na
10 62267.880350332691 0.008171483921 cfg1 2 1 0 0 na na
10 62267.909350269401 0.008171017204 cfg1 2 1 0 0 na na
10 62267.974350314909 0.008170003237 cfg1 2 1 0 0 na na
10 62267.977350318548 0.008169954069 cfg1 2 2 0 0 na na
10 62267.997350252550 0.008169649642 cfg1 2 1 0 0 na na
10 62268.008350360633 0.008169469591 cfg1 2 1 0 0 na na
10 62268.019350299670 0.008169307996 cfg1 2 1 0 0 na na
10 62268.058350294880 0.008168694404 cfg1 2 1 0 0 na na
10 62268.111350294465 0.008167869944 cfg1 2 1 0 0 na na
10 62268.116350295617 0.008167785806 cfg1 2 1 0 0 na na
10 62268.166350307404 0.008167006687 cfg1 2 2 0 0 na na
10 62268.183350282948 0.008166745790 cfg1 2 1 0 0 na na
10 62268.360350273348 0.008163998914 cfg1 2 1 0 0 na na
10 62268.464350313162 0.008162389669 cfg1 2 1 0 0 na na
10 62268.465350278718 0.008162369745 cfg1 2 1 0 0 na na
10 62268.482350308110 0.008162105130 cfg1 2 1 0 0 na na
10 62268.488350330936 0.008162004346 cfg1 2 1 0 0 na na
10 62268.568350272109 0.008160760109 cfg1 2 1 0 0 na na
10 62268.633350265484 0.008159757996 cfg1 2 1 0 0 na na
10 62268.635350279387 0.008159729124 cfg1 2 1 0 0 na na
10 62268.659350337457 0.008159358101 cfg1 2 2 0 0 na na
10 62268.714350283716 0.008158515305 cfg1 2 1 0 0 na na
10 62268.724350263196 0.008158348606 cfg1 2 1 0 0 na na
10 62268.788350260225 0.008157361704 cfg1 2 1 0 0 na na
10 62268.799350292823 0.008157195251 cfg1 2 1 0 0 na na
10 62268.813350301680 0.008156980641 cfg1 2 2 0 0 na na
10 62268.814350321688 0.008156965188 cfg1 2 1 0 0 na na
10 62268.816350251786 0.008156940104 cfg1 2 1 0 0 na na
10 62268.841350280354 0.008156546509 cfg1 2 1 0 0 na na
10 62268.850350320579 0.008156410210 cfg1 2 1 0 0 na na
10 62269.024350282702 0.008153732249 cfg1 2 1 0 0 na na
10 62269.051350265438 0.008153317404 cfg1 2 2 0 0 na na
10 62269.230350332835 0.008150573289 cfg1 2 1 0 0 na na
10 62269.236350326745 0.008150479136 cfg1 2 1 0 0 na na
10 62269.300350296636 0.008149499174 cfg1 2 2 0 0 na na
10 62269.355350289425 0.008148657864 cfg1 2 1 0 0 na na
10 62269.504350304783 0.008146381910 cfg1 2 1 0 0 na na
10 62269.550350348414 0.008145680308 cfg1 2 1 0 0 na na
10 62269.581350311356 0.008145207820 cfg1 2 1 0 0 na na
10 62269.595350306388 0.008144994609 cfg1 2 2 0 0 na na
10 62269.596350296521 0.008144979335 cfg1 2 2 0 0 na na
10 62269.619350317191 0.008144628915 cfg1 2 2 0 0 na na
10 62269.640350335509 0.008144309240 cfg1 2 2 0 0 na na
10 62269.652350303573 0.008144116707 cfg1 2 1 0 0 na na
10 62269.653350289250 0.008144117807 cfg1 2 1 0 0 na na
10 62269.654350348088 0.008144108111 cfg1 2 1 0 0 na na
10 62269.657350279894 0.008144044447 cfg1 2 1 0 0 na na
10 62269.767350334708 0.008142377598 cfg1 2 2 0 0 na na
10 62269.800350265374 0.008141876293 cfg1 2 2 0 0 na na
10 62269.813350276855 0.008141674739 cfg1 2 1 0 0 na na
10 62270.117350325223 0.008137074099 cfg1 2 2 0 0 na na
10 62270.130350279318 0.008136877645 cfg1 2 2 0 0 na na
10 62270.190350255780 0.008135971570 cfg1 2 2 0 0 na na
10 62270.225350346434 0.008135453116 cfg1 2 1 0 0 na na
10 62270.254350296938 0.008135006037 cfg1 2 2 0 0 na na
10 62270.266350338107 0.008134838378 cfg1 2 1 0 0 na na
10 62270.322350326978 0.008133981248 cfg1 2 2 0 0 na na
10 62270.344350264580 0.008133642271 cfg1 2 1 0 0 na na
10 62270.348350281793 0.008133589072 cfg1 2 1 0 0 na na
10 62270.362350292859 0.008133378937 cfg1 2 2 0 0 na na
10 62270.375350308458 0.008133183237 cfg1 2 2 0 0 na na
10 62270.453350307857 0.008132020932 cfg1 2 1 0 0 na na
10 62270.469350374646 0.008131769541 cfg1 2 2 0 0 na na
10 62270.519350283965 0.008131018544 cfg1 2 2 0 0 na na
10 62270.538350273541 0.008130736627 cfg1 2 1 0 0 na na
10 62270.588350282575 0.008129982958 cfg1 2 2 0 0 na na
10 62270.607350329626 0.008129698016 cfg1 2 2 0 0 na na
10 62270.627350380501 0.008129398223 cfg1 2 2 0 0 na na
10 62270.674350251787 0.008128694938 cfg1 2 1 0 0 na na
10 62270.690350287660 0.008128454181 cfg1 2 2 0 0 na na
10 62270.702350263552 0.008128275036 cfg1 2 2 0 0 na na
10 62270.703350332680 0.008128259519 cfg1 2 2 0 0 na na
10 62270.712350313568 0.008128124854 cfg1 2 2 0 0 na na
10 62270.719350358982 0.008128019993 cfg1 2 2 0 0 na na
10 62270.727350309160 0.008127898109 cfg1 2 1 0 0 na na
10 62270.735350274886 0.008127796954 cfg1 2 1 0 0 na na
10 62270.805350297700 0.008126745071 cfg1 2 1 0 0 na na
10 62270.849350284918 0.008126076106 cfg1 2 2 0 0 na na
10 62270.926350308411 0.008124929813 cfg1 2 1 0 0 na na
10 62270.975350276007 0.008124199767 cfg1 2 1 0 0 na na
10 62270.979350292639 0.008124136334 cfg1 2 2 0 0 na na
10 62270.993350294813 0.008123927594 cfg1 2 2 0 0 na na
10 62271.060350271015 0.008122929774 cfg1 2 2 0 0 na na
10 62271.068350344570 0.008122810589 cfg1 2 2 0 0 na na
10 62271.131350290706 0.008121873243 cfg1 2 2 0 0 na na
10 62271.135350285696 0.008121825104 cfg1 2 1 0 0 na na
10 62271.181350252171 0.008121129970 cfg1 2 1 0 0 na na
10 62271.242350257319 0.008120224127 cfg1 2 2 0 0 na na
10 62271.397350270937 0.008117929015 cfg1 2 1 0 0 na na
10 62271.438350326215 0.008117319338 cfg1 2 2 0 0 na na
10 62271.499350284675 0.008116405925 cfg1 2 1 0 0 na na
10 62271.528350328282 0.008115988891 cfg1 2 1 0 0 na na
10 62271.532350246144 0.008115946286 cfg1 2 1 0 0 na na
10 62271.545350266991 0.008115724869 cfg1 2 1 0 0 na na
10 62271.554350298556 0.008115604471 cfg1 2 1 0 0 na na
10 62271.603350319552 0.008114887786 cfg1 2 1 0 0 na na
10 62271.605350291641 0.008114851648 cfg1 2 2 0 0 na na
10 62271.672350285211 0.008113863480 cfg1 2 2 0 0 na na
10 62271.747350291428 0.008112759599 cfg1 2 1 0 0 na na
10 62271.771350280412 0.008112405758 cfg1 2 2 0 0 na na
10 62271.786350342346 0.008112171733 cfg1 2 1 0 0 na na
10 62271.791350300318 0.008112110955 cfg1 2 2 0 0 na na
10 62271.797350262588 0.008112014199 cfg1 2 1 0 0 na na
10 62271.960350244925 0.008109636963 cfg1 2 1 0 0 na na
10 62272.051350368553 0.008108293722 cfg1 2 1 0 0 na na
10 62272.089350292118 0.008107737272 cfg1 2 2 0 0 na na
10 62272.162350323876 0.008106675687 cfg1 2 1 0 0 na na
10 62272.259350314652 0.008105252289 cfg1 2 2 0 0 na na
10 62272.303350279340 0.008104599947 cfg1 2 1 0 0 na na
10 62272.313350321882 0.008104463687 cfg1 2 2 0 0 na na
10 62272.337350314193 0.008104113672 cfg1 2 2 0 0 na na
10 62272.354350304684 0.008103865806 cfg1 2 2 0 0 na na
10 62272.435350301276 0.008102689820 cfg1 2 1 0 0 na na
10 62272.652350313410 0.008099532330 cfg1 2 1 0 0 na na
10 62272.743350305487 0.008098218235 cfg1 2 1 0 0 na na
10 62272.788350357233 0.008097551217 cfg1 2 1 0 0 na na
10 62272.818350241150 0.008097140864 cfg1 2 1 0 0 na na
10 62272.827350264017 0.008096987935 cfg1 2 1 0 0 na na
10 62272.844350302550 0.008096751635 cfg1 2 1 0 0 na na
10 62272.845350302869 0.008096737687 cfg1 2 1 0 0 na na
10 62272.890350295139 0.008096086749 cfg1 2 1 0 0 na na
10 62272.895350290022 0.008096024220 cfg1 2 1 0 0 na na
10 62272.930350275148 0.008095509044 cfg1 2 2 0 0 na na
10 62272.933350281653 0.008095465760 cfg1 2 2 0 0 na na
10 62272.977350313092 0.008094836996 cfg1 2 1 0 0 na na
10 62273.003350279339 0.008094455702 cfg1 2 2 0 0 na na
10 62273.037350320893 0.008093974321 cfg1 2 1 0 0 na na
10 62273.089350290915 0.008093216262 cfg1 2 1 0 0 na na
10 62273.099350268219 0.008093070125 cfg1 2 1 0 0 na na
10 62273.101350365658 0.008093043513 cfg1 2 2 0 0 na na
10 62273.208350364524 0.008091504296 cfg1 2 1 0 0 na na
10 62273.210350293314 0.008091474528 cfg1 2 1 0 0 na na
10 62273.299350271639 0.008090197568 cfg1 2 2 0 0 na na
10 62273.394350260718 0.008088835293 cfg1 2 1 0 0 na na
10 62273.469350280620 0.008087768570 cfg1 2 1 0 0 na na
10 62273.551350274227 0.008086588968 cfg1 2 2 0 0 na na
10 62273.555350309240 0.008086531813 cfg1 2 2 0 0 na na
10 62273.585350313858 0.008086103251 cfg1 2 2 0 0 na na
10 62273.640350302619 0.008085318170 cfg1 2 2 0 0 na na
10 62273.645350325367 0.008085246851 cfg1 2 2 0 0 na na
10 62273.693350307802 0.008084562334 cfg1 2 2 0 0 na na
10 62273.721350310493 0.008084163414 cfg1 2 2 0 0 na na
10 62273.736350332928 0.008083949580 cfg1 2 2 0 0 na na
10 62273.755350343820 0.008083679028 cfg1 2 2 0 0 na na
10 62273.760350323813 0.008083608393 cfg1 2 2 0 0 na na
10 62273.779350249870 0.008083342010 cfg1 2 1 0 0 na na
10 62273.822350248353 0.008082728523 cfg1 2 1 0 0 na na
10 62273.862350312236 0.008082166931 cfg1 2 1 0 0 na na
10 62273.873350243809 0.008082007982 cfg1 2 1 0 0 na na
10 62273.908350322934 0.008081503200 cfg1 2 2 0 0 na na
10 62273.916350290613 0.008081406439 cfg1 2 1 0 0 na na
10 62274.000350316824 0.008080194841 cfg1 2 1 0 0 na na
10 62274.044350361067 0.008079573876 cfg1 2 2 0 0 na na
10 62274.052350320420 0.008079456175 cfg1 2 1 0 0 na na
10 62274.105350268466 0.008078710028 cfg1 2 2 0 0 na na
10 62274.153350283267 0.008078024933 cfg1 2 1 0 0 na na
10 62274.168350254869 0.008077823997 cfg1 2 1 0 0 na na
10 62274.215350301697 0.008077158265 cfg1 2 1 0 0 na na
10 62274.267350295673 0.008076420054 cfg1 2 2 0 0 na na
10 62274.289350319529 0.008076109514 cfg1 2 1 0 0 na na
10 62274.336350328046 0.008075446759 cfg1 2 1 0 0 na na
10 62274.349350282607 0.008075263383 cfg1 2 2 0 0 na na
10 62274.351350300772 0.008075235191 cfg1 2 2 0 0 na na
10 62274.396350344345 0.008074601494 cfg1 2 2 0 0 na na
10 62274.427350284557 0.008074164721 cfg1 2 2 0 0 na na
10 62274.430350280285 0.008074127608 cfg1 2 1 0 0 na na
10 62274.457350308834 0.008073744834 cfg1 2 1 0 0 na na
10 62274.521350383854 0.008072850303 cfg1 2 1 0 0 na na
10 62274.576350295650 0.008072069880 cfg1 2 1 0 0 na na
10 62274.578350266883 0.008072041867 cfg1 2 2 0 0 na na
10 62274.621350328572 0.008071438325 cfg1 2 1 0 0 na na
10 62274.658350295733 0.008070917006 cfg1 2 1 0 0 na na
10 62274.659350310267 0.008070900430 cfg1 2 1 0 0 na na
10 62274.678350282961 0.008070630436 cfg1 2 1 0 0 na na
10 62274.709350327446 0.008070217230 cfg1 2 1 0 0 na na
10 62274.737350279093 0.008069812544 cfg1 2 2 0 0 na na
10 62274.763350282233 0.008069448637 cfg1 2 2 0 0 na na
10 62274.831350283614 0.008068497526 cfg1 2 2 0 0 na na
10 62274.904350315052 0.008067477789 cfg1 2 2 0 0 na na
10 62274.954350301707 0.008066779971 cfg1 2 1 0 0 na na
10 62275.015350295758 0.008065929536 cfg1 2 1 0 0 na na
10 62275.020350342412 0.008065870407 cfg1 2 1 0 0 na na
10 62275.086350336232 0.008064942863 cfg1 2 1 0 0 na na
10 62275.095350299850 0.008064822081 cfg1 2 1 0 0 na na
10 62275.105350385774 0.008064680698 cfg1 2 1 0 0 na na
10 62275.107350344417 0.008064648648 cfg1 2 2 0 0 na na
10 62275.190350296994 0.008063494868 cfg1 2 2 0 0 na na
10 62275.205350265472 0.008063286542 cfg1 2 2 0 0 na na
10 62275.207350279787 0.008063258824 cfg1 2 2 0 0 na na
10 62275.242350329275 0.008062772845 cfg1 2 2 0 0 na na
10 62275.290350340885 0.008062106960 cfg1 2 2 0 0 na na
10 62275.321350265504 0.008061666535 cfg1 2 1 0 0 na na
10 62275.402350394208 0.008060555465 cfg1 2 2 0 0 na na
10 62275.438350317601 0.008060062008 cfg1 2 1 0 0 na na
10 62275.500350273032 0.008059200339 cfg1 2 2 0 0 na na
10 62275.503350258500 0.008059158962 cfg1 2 2 0 0 na na
10 62275.562350301823 0.008058344333 cfg1 2 2 0 0 na na
10 62275.579350309228 0.008058110075 cfg1 2 2 0 0 na na
10 62275.592350317785 0.008057940560 cfg1 2 1 0 0 na na
10 62275.611350298890 0.008057668338 cfg1 2 2 0 0 na na
10 62275.613350382198 0.008057631638 cfg1 2 1 0 0 na na
10 62275.617350344884 0.008057597984 cfg1 2 1 0 0 na na
10 62275.661350298064 0.008056979495 cfg1 2 2 0 0 na na
10 62275.689350273656 0.008056593686 cfg1 2 2 0 0 na na
10 62275.693350339038 0.008056529238 cfg1 2 1 0 0 na na
10 62275.704350352971 0.008056387110 cfg1 2 2 0 0 na na
10 62275.710350266860 0.008056304463 cfg1 2 2 0 0 na na
10 62275.823350276827 0.008054750704 cfg1 2 2 0 0 na na
10 62275.880350294912 0.008053972113 cfg1 2 1 0 0 na na
10 62275.916350295337 0.008053474323 cfg1 2 2 0 0 na na
10 62275.921350309622 0.008053405809 cfg1 2 2 0 0 na na
10 62275.956350352561 0.008052926521 cfg1 2 2 0 0 na na
10 62276.018350325771 0.008052076845 cfg1 2 2 0 0 na na
10 62276.020350261760 0.008052040646 cfg1 2 1 0 0 na na
10 62276.023350248257 0.008052013765 cfg1 2 1 0 0 na na
10 62276.033350358586 0.008051871456 cfg1 2 2 0 0 na na
10 62276.046350309409 0.008051693615 cfg1 2 2 0 0 na na
10 62276.107350309385 0.008050874838 cfg1 2 1 0 0 na na
10 62276.150350274308 0.008050271999 cfg1 2 2 0 0 na na
10 62276.164350305847 0.008050081368 cfg1 2 1 0 0 na na
10 62276.235350274264 0.008049112082 cfg1 2 2 0 0 na na
10 62276.322350397622 0.008047926708 cfg1 2 2 0 0 na na
10 62276.384350331894 0.008047083111 cfg1 2 2 0 0 na na
10 62276.408350342779 0.008046756802 cfg1 2 2 0 0 na na
10 62276.416350279534 0.008046648040 cfg1 2 2 0 0 na na
10 62276.471350342798 0.008045900920 cfg1 2 2 0 0 na na
10 62276.510350297845 0.008045369886 cfg1 2 1 0 0 na na
10 62276.511350259800 0.008045351913 cfg1 2 1 0 0 na na
10 62276.525350295658 0.008045168603 cfg1 2 1 0 0 na na
10 62276.527350259329 0.008045141426 cfg1 2 1 0 0 na na
10 62276.554350266260 0.008044774772 cfg1 2 2 0 0 na na
10 62276.610350339412 0.008044020070 cfg1 2 1 0 0 na na
10 62276.612350268593 0.008043989240 cfg1 2 1 0 0 na na
10 62276.656350322966 0.008043393412 cfg1 2 1 0 0 na na
10 62276.664350311856 0.008043273895 cfg1 2 1 0 0 na na
10 62276.853350306221 0.008040732278 cfg1 2 2 0 0 na na
10 62276.887350330665 0.008040278350 cfg1 2 1 0 0 na na
10 62276.951350308970 0.008039423849 cfg1 2 1 0 0 na na
10 62277.054350252037 0.008038029853 cfg1 2 1 0 0 na na
10 62277.061350336322 0.008037932818 cfg1 2 1 0 0 na na
10 62277.073350345653 0.008037771829 cfg1 2 1 0 0 na na
10 62277.137350276890 0.008036922769 cfg1 2 1 0 0 na na
10 62277.179350326971 0.008036349504 cfg1 2 1 0 0 na na
10 62277.239350305179 0.008035546248 cfg1 2 1 0 0 na na
10 62277.293350328377 0.008034835219 cfg1 2 1 0 0 na na
10 62277.305350328904 0.008034663408 cfg1 2 1 0 0 na na
10 62277.307350245274 0.008034646752 cfg1 2 1 0 0 na na
10 62277.372350276315 0.008033767219 cfg1 2 1 0 0 na na
10 62277.407350288389 0.008033302840 cfg1 2 1 0 0 na na
10 62277.434350298248 0.008032939610 cfg1 2 1 0 0 na na
10 62277.485350306227 0.008032264999 cfg1 2 1 0 0 na na
10 62277.499350289689 0.008032072953 cfg1 2 1 0 0 na na
10 62277.554350304633 0.008031347485 cfg1 2 1 0 0 na na
10 62277.565350284804 0.008031198203 cfg1 2 1 0 0 na na
10 62277.615350353522 0.008030528972 cfg1 2 1 0 0 na na
10 62277.639350327925 0.008030209979 cfg1 2 1 0 0 na na
10 62277.662350280987 0.008029904351 cfg1 2 1 0 0 na na
10 62277.688350288999 0.008029578763 cfg1 2 1 0 0 na na
10 62277.760350304208 0.008028603664 cfg1 2 1 0 0 na na
10 62277.781350280382 0.008028325293 cfg1 2 1 0 0 na na
10 62277.821350262980 0.008027798959 cfg1 2 1 0 0 na na
10 62277.946350278576 0.008026142156 cfg1 2 1 0 0 na na
10 62277.969350338631 0.008025850489 cfg1 2 1 0 0 na na
10 62278.042350296971 0.008024878161 cfg1 2 1 0 0 na na
10 62278.120350266537 0.008023850325 cfg1 2 1 0 0 na na
10 62278.126350281071 0.008023779249 cfg1 2 1 0 0 na na
10 62278.137350252382 0.008023639624 cfg1 2 1 0 0 na na
10 62278.171350325373 0.008023205228 cfg1 2 1 0 0 na na
10 62278.208350294073 0.008022697714 cfg1 2 1 0 0 na na
10 62278.242350371368 0.008022268773 cfg1 2 1 0 0 na na
10 62278.279350365109 0.008021771295 cfg1 2 1 0 0 na na
10 62278.396350316736 0.008020225926 cfg1 2 1 0 0 na na
10 62278.531350266694 0.008018455349 cfg1 2 1 0 0 na na
10 62278.541350251107 0.008018340813 cfg1 2 1 0 0 na na
10 62278.616350250482 0.008017372364 cfg1 2 1 0 0 na na
10 62278.986350334625 0.008012548399 cfg1 2 1 0 0 na na
10 62279.197350356927 0.008009813107 cfg1 2 1 0 0 na na
10 62279.205350367966 0.008009715509 cfg1 2 1 0 0 na na
10 62279.219350297823 0.008009549130 cfg1 2 1 0 0 na na
10 62279.294350342335 0.008008578713 cfg1 2 1 0 0 na na
10 62279.448350317813 0.008006592314 cfg1 2 1 0 0 na na
10 62279.498350241028 0.008005955899 cfg1 2 1 0 0 na na
10 62279.525350318562 0.008005611430 cfg1 2 1 0 0 na na
10 62279.545350310487 0.008005334755 cfg1 2 1 0 0 na na
10 62279.844350325312 0.008001508425 cfg1 2 1 0 0 na na
10 62279.908350310589 0.008000704262 cfg1 2 1 0 0 na na
10 62279.945350310231 0.008000224476 cfg1 2 1 0 0 na na
10 62279.951350324974 0.008000158256 cfg1 2 1 0 0 na na
10 62279.954350294850 0.008000112037 cfg1 2 1 0 0 na na
10 62279.958350275952 0.008000078890 cfg1 2 1 0 0 na na
10 62279.959350387748 0.008000051768 cfg1 2 1 0 0 na na
10 62280.004350352501 0.007999472226 cfg1 2 1 0 0 na na
10 62280.071350283802 0.007998642826 cfg1 2 1 0 0 na na
10 62280.115350321896 0.007998064152 cfg1 2 1 0 0 na na
10 62280.146350337563 0.007997670870 cfg1 2 1 0 0 na na
10 62280.225350370978 0.007996670926 cfg1 2 1 0 0 na na
10 62280.232350278282 0.007996582411 cfg1 2 1 0 0 na na
10 62280.272350280345 0.007996067561 cfg1 2 1 0 0 na na
10 62280.285350267321 0.007995923924 cfg1 2 1 0 0 na na
10 62280.513350293160 0.007993045156 cfg1 2 1 0 0 na na
10 62280.572350318449 0.007992294116 cfg1 2 1 0 0 na na
10 62280.590350271198 0.007992065929 cfg1 2 1 0 0 na na
10 62280.722350314848 0.007990416025 cfg1 2 1 0 0 na na
10 62280.795350320264 0.007989513812 cfg1 2 1 0 0 na na
10 62280.850350315526 0.007988815160 cfg1 2 1 0 0 na na
10 62280.877350320136 0.007988477994 cfg1 2 1 0 0 na na
10 62281.001350289319 0.007986931938 cfg1 2 1 0 0 na na
10 62281.038350267240 0.007986474673 cfg1 2 1 0 0 na na
10 62281.079350282591 0.007985961321 cfg1 2 1 0 0 na na
10 62281.127350297338 0.007985364855 cfg1 2 1 0 0 na na
10 62281.182350345002 0.007984682119 cfg1 2 1 0 0 na na
10 62281.195350343504 0.007984520788 cfg1 2 1 0 0 na na
10 62281.278350303512 0.007983489620 cfg1 2 1 0 0 na na
10 62281.322350339906 0.007982934852 cfg1 2 1 0 0 na na
10 62281.394350323226 0.007982064625 cfg1 2 1 0 0 na na
10 62281.395350299552 0.007982044964 cfg1 2 1 0 0 na na
10 62281.413350269559 0.007981822646 cfg1 2 1 0 0 na na
10 62281.428350334115 0.007981637369 cfg1 2 1 0 0 na na
10 62281.458350270496 0.007981266336 cfg1 2 1 0 0 na na
10 62281.466350259443 0.007981177415 cfg1 2 1 0 0 na na
10 62281.488350304870 0.007980898527 cfg1 2 1 0 0 na na
10 62281.504350265873 0.007980701202 cfg1 2 1 0 0 na na
10 62281.555350262054 0.007980080014 cfg1 2 1 0 0 na na
10 62281.591350268399 0.007979628454 cfg1 2 1 0 0 na na
10 62281.605350299820 0.007979445532 cfg1 2 1 0 0 na na
10 62281.614350286280 0.007979345418 cfg1 2 1 0 0 na na
10 62281.663350272480 0.007978743747 cfg1 2 1 0 0 na na
10 62281.680350299809 0.007978544808 cfg1 2 1 0 0 na na
10 62281.682350262157 0.007978514592 cfg1 2 1 0 0 na na
10 62281.715350305774 0.007978109563 cfg1 2 1 0 0 na na
10 62281.724350334211 0.007977994121 cfg1 2 1 0 0 na na
10 62281.741350339378 0.007977785452 cfg1 2 2 0 0 na na
10 62281.853350302221 0.007976404502 cfg1 2 1 0 0 na na
10 62281.871350302320 0.007976192848 cfg1 2 2 0 0 na na
10 62281.881350274003 0.007976070622 cfg1 2 1 0 0 na na
10 62281.948350303728 0.007975251630 cfg1 2 2 0 0 na na
10 62281.964350326002 0.007975056246 cfg1 2 1 0 0 na na
10 62282.097350313409 0.007973434431 cfg1 2 1 0 0 na na
10 62282.125350317743 0.007973093554 cfg1 2 2 0 0 na na
10 62282.256350349691 0.007971501442 cfg1 2 2 0 0 na na
10 62282.312350322747 0.007970822143 cfg1 2 2 0 0 na na
10 62282.324350331187 0.007970676701 cfg1 2 2 0 0 na na
10 62282.346350335739 0.007970410164 cfg1 2 2 0 0 na na
10 62282.367350267036 0.007970155778 cfg1 2 2 0 0 na na
10 62282.376350290755 0.007970046870 cfg1 2 2 0 0 na na
10 62282.446350261986 0.007969205167 cfg1 2 1 0 0 na na
10 62282.546350331802 0.007967991167 cfg1 2 1 0 0 na na
10 62282.730350340320 0.007965776861 cfg1 2 2 0 0 na na
10 62282.786350268149 0.007965104316 cfg1 2 1 0 0 na na
10 62282.794350318031 0.007964995764 cfg1 2 1 0 0 na na
10 62282.806350304381 0.007964857994 cfg1 2 1 0 0 na na
10 62282.820350257583 0.007964704468 cfg1 2 1 0 0 na na
10 62282.836350256824 0.007964515157 cfg1 2 1 0 0 na na
10 62282.890350323552 0.007963857455 cfg1 2 1 0 0 na na
10 62282.891350271762 0.007963839989 cfg1 2 1 0 0 na na
10 62283.077350263779 0.007961624141 cfg1 2 1 0 0 na na
10 62283.106350309584 0.007961276343 cfg1 2 1 0 0 na na
10 62283.129350263626 0.007961004287 cfg1 2 1 0 0 na na
10 62283.205350283488 0.007960097351 cfg1 2 1 0 0 na na
10 62283.312350331417 0.007958825726 cfg1 2 1 0 0 na na
10 62283.320350288916 0.007958730792 cfg1 2 1 0 0 na na
10 62283.333350314346 0.007958572663 cfg1 2 1 0 0 na na
10 62283.349350302465 0.007958386685 cfg1 2 1 0 0 na na
10 62283.355350291620 0.007958315602 cfg1 2 1 0 0 na na
10 62283.358350330423 0.007958280014 cfg1 2 1 0 0 na na
10 62283.374350264850 0.007958086991 cfg1 2 1 0 0 na na
10 62283.380350318671 0.007958021355 cfg1 2 1 0 0 na na
10 62283.385350326271 0.007957973368 cfg1 2 1 0 0 na na
10 62283.386350294537 0.007957956122 cfg1 2 1 0 0 na na
10 62283.388350287293 0.007957915575 cfg1 2 1 0 0 na na
10 62283.468350295696 0.007956977692 cfg1 2 1 0 0 na na
10 62283.558350333007 0.007955913513 cfg1 2 1 0 0 na na
10 62283.563350288573 0.007955845432 cfg1 2 1 0 0 na na
10 62283.687350325153 0.007954392378 cfg1 2 2 0 0 na na
10 62283.707350268483 0.007954148504 cfg1 2 1 0 0 na na
10 62283.736350249595 0.007953822387 cfg1 2 1 0 0 na na
10 62283.773350300332 0.007953380736 cfg1 2 2 0 0 na na
10 62283.872350277822 0.007952211427 cfg1 2 1 0 0 na na
10 62283.904350325326 0.007951849300 cfg1 2 1 0 0 na na
10 62283.977350327773 0.007950988468 cfg1 2 2 0 0 na na
10 62284.028350384487 0.007950399282 cfg1 2 1 0 0 na na
10 62284.125350293338 0.007949249789 cfg1 2 1 0 0 na na
10 62284.133350247728 0.007949169232 cfg1 2 1 0 0 na na
10 62284.193350315425 0.007948467362 cfg1 2 1 0 0 na na
10 62284.195350323348 0.007948456201 cfg1 2 2 0 0 na na
10 62284.226350343039 0.007948082965 cfg1 2 1 0 0 na na
10 62284.232350318511 0.007948013020 cfg1 2 1 0 0 na na
10 62284.285350339333 0.007947405767 cfg1 2 1 0 0 na na
10 62284.291350311763 0.007947327012 cfg1 2 1 0 0 na na
10 62284.404350281512 0.007946021117 cfg1 2 1 0 0 na na
10 62284.461350386981 0.007945355163 cfg1 2 1 0 0 na na
10 62284.570350262769 0.007944094733 cfg1 2 1 0 0 na na
10 62284.586350264183 0.007943897746 cfg1 2 1 0 0 na na
10 62284.672350275758 0.007942918511 cfg1 2 1 0 0 na na
10 62284.702350295074 0.007942568661 cfg1 2 1 0 0 na na
10 62284.780350313784 0.007941674891 cfg1 2 1 0 0 na na
10 62284.804350283256 0.007941399459 cfg1 2 1 0 0 na na
10 62284.918350275357 0.007940092863 cfg1 2 1 0 0 na na
10 62284.925350279896 0.007940010640 cfg1 2 1 0 0 na na
10 62285.091350285943 0.007938111917 cfg1 2 1 0 0 na na
10 62285.104350325031 0.007937963520 cfg1 2 1 0 0 na na
10 62285.137350261109 0.007937587064 cfg1 2 1 0 0 na na
10 62285.188350243475 0.007937013404 cfg1 2 1 0 0 na na
10 62285.196350307652 0.007936905809 cfg1 2 1 0 0 na na
10 62285.241350359276 0.007936391968 cfg1 2 1 0 0 na na
10 62285.261350327752 0.007936174808 cfg1 2 1 0 0 na na
10 62285.394350272182 0.007934665080 cfg1 2 1 0 0 na na
10 62285.426350249596 0.007934302335 cfg1 2 1 0 0 na na
10 62285.521350315653 0.007933218204 cfg1 2 1 0 0 na na
10 62285.587350319033 0.007932474240 cfg1 2 1 0 0 na na
10 62285.620350305938 0.007932109776 cfg1 2 1 0 0 na na
10 62285.629350275391 0.007932006908 cfg1 2 1 0 0 na na
10 62285.646350301764 0.007931811660 cfg1 2 1 0 0 na na
10 62285.690350339640 0.007931319403 cfg1 2 1 0 0 na na
10 62285.702350312457 0.007931196501 cfg1 2 2 0 0 na na
10 62285.747350307004 0.007930677694 cfg1 2 1 0 0 na na
10 62285.805350265035 0.007930011834 cfg1 2 1 0 0 na na
10 62285.928350276569 0.007928645976 cfg1 2 1 0 0 na na
10 62285.942350339310 0.007928501255 cfg1 2 1 0 0 na na
10 62285.945350297477 0.007928455533 cfg1 2 1 0 0 na na
10 62285.981350246076 0.007928065603 cfg1 2 1 0 0 na na
10 62286.063350279715 0.007927135996 cfg1 2 1 0 0 na na
10 62286.077350311594 0.007926979595 cfg1 2 1 0 0 na na
10 62286.114350300210 0.007926566824 cfg1 2 1 0 0 na na
10 62286.122350339800 0.007926477574 cfg1 2 1 0 0 na na
10 62286.124350314002 0.007926455373 cfg1 2 1 0 0 na na
10 62286.166350343423 0.007926001216 cfg1 2 1 0 0 na na
10 62286.237350244833 0.007925206996 cfg1 2 1 0 0 na na
10 62286.263350342171 0.007924907629 cfg1 2 1 0 0 na na
10 62286.405350299045 0.007923331673 cfg1 2 2 0 0 na na
10 62286.440350288166 0.007922944133 cfg1 2 1 0 0 na na
10 62286.445350335282 0.007922892186 cfg1 2 1 0 0 na na
10 62286.531350319964 0.007921931503 cfg1 2 1 0 0 na na
10 62286.547350280520 0.007921754581 cfg1 2 1 0 0 na na
10 62286.581350293006 0.007921385668 cfg1 2 2 0 0 na na
10 62286.668350255718 0.007920426725 cfg1 2 1 0 0 na na
10 62286.698350288894 0.007920096501 cfg1 2 1 0 0 na na
10 62286.749350248621 0.007919538381 cfg1 2 1 0 0 na na
10 62286.781350276139 0.007919194498 cfg1 2 1 0 0 na na
10 62286.807350299254 0.007918898479 cfg1 2 2 0 0 na na
10 62286.851350321825 0.007918416339 cfg1 2 1 0 0 na na
10 62286.949350325444 0.007917342646 cfg1 2 1 0 0 na na
10 62286.961350286226 0.007917211198 cfg1 2 2 0 0 na na
10 62286.998350308171 0.007916806721 cfg1 2 2 0 0 na na
10 62287.009350288980 0.007916692623 cfg1 2 1 0 0 na na
10 62287.052350272218 0.007916217649 cfg1 2 1 0 0 na na
10 62287.056350285679 0.007916160305 cfg1 2 1 0 0 na na
10 62287.089350302899 0.007915813438 cfg1 2 2 0 0 na na
10 62287.097350303868 0.007915726290 cfg1 2 1 0 0 na na
10 62287.098350306178 0.007915715292 cfg1 2 2 0 0 na na
10 62287.224350299066 0.007914343910 cfg1 2 1 0 0 na na
10 62287.231350304549 0.007914267774 cfg1 2 2 0 0 na na
10 62287.256350286860 0.007913996157 cfg1 2 2 0 0 na na
10 62287.264350294984 0.007913909325 cfg1 2 2 0 0 na na
10 62287.290350338244 0.007913627088 cfg1 2 2 0 0 na na
10 62287.302350285570 0.007913485281 cfg1 2 1 0 0 na na
10 62287.303350355542 0.007913485980 cfg1 2 2 0 0 na na
10 62287.310350310386 0.007913418235 cfg1 2 1 0 0 na na
10 62287.314350326738 0.007913380387 cfg1 2 1 0 0 na na
10 62287.318350309237 0.007913323405 cfg1 2 1 0 0 na na
10 62287.323350315283 0.007913282581 cfg1 2 1 0 0 na na
10 62287.337350266920 0.007913105021 cfg1 2 1 0 0 na na
10 62287.346350296397 0.007913019802 cfg1 2 2 0 0 na na
10 62287.372350257831 0.007912745352 cfg1 2 1 0 0 na na
10 62287.389350321040 0.007912553088 cfg1 2 1 0 0 na na
10 62287.400350289349 0.007912435061 cfg1 2 1 0 0 na na
10 62287.417350257612 0.007912251072 cfg1 2 1 0 0 na na
10 62287.418350319367 0.007912240206 cfg1 2 2 0 0 na na
10 62287.465350337917 0.007911732072 cfg1 2 1 0 0 na na
10 62287.487350287638 0.007911494278 cfg1 2 2 0 0 na na
10 62287.500350297754 0.007911353931 cfg1 2 2 0 0 na na
10 62287.596350333245 0.007910318626 cfg1 2 2 0 0 na na
10 62287.607350319166 0.007910200272 cfg1 2 1 0 0 na na
10 62287.610350318770 0.007910162756 cfg1 2 1 0 0 na na
10 62287.625350245475 0.007910016479 cfg1 2 1 0 0 na na
10 62287.633350293071 0.007909920136 cfg1 2 1 0 0 na na
10 62287.639350276482 0.007909860495 cfg1 2 1 0 0 na na
10 62287.705350290086 0.007909145935 cfg1 2 2 0 0 na na
10 62287.708350285376 0.007909113769 cfg1 2 1 0 0 na na
10 62287.711350312420 0.007909082014 cfg1 2 1 0 0 na na
10 62287.874350330178 0.007907333791 cfg1 2 2 0 0 na na
10 62287.887350317552 0.007907199089 cfg1 2 1 0 0 na na
10 62287.891350297793 0.007907163194 cfg1 2 1 0 0 na na
10 62287.904350256286 0.007907010955 cfg1 2 1 0 0 na na
10 62287.919350284022 0.007906852596 cfg1 2 2 0 0 na na
10 62287.965350309403 0.007906361184 cfg1 2 2 0 0 na na
10 62287.980350330363 0.007906200971 cfg1 2 2 0 0 na na
10 62288.005350312522 0.007905934227 cfg1 2 2 0 0 na na
10 62288.060350324319 0.007905349267 cfg1 2 1 0 0 na na
10 62288.098350351553 0.007904943444 cfg1 2 1 0 0 na na
10 62288.141350316263 0.007904485991 cfg1 2 2 0 0 na na
10 62288.144350303243 0.007904454114 cfg1 2 2 0 0 na na
10 62288.199350303122 0.007903855541 cfg1 2 1 0 0 na na
10 62288.264350310379 0.007903180238 cfg1 2 2 0 0 na na
10 62288.279350278644 0.007903021914 cfg1 2 1 0 0 na na
10 62288.309350306984 0.007902703510 cfg1 2 2 0 0 na na
10 62288.422350304514 0.007901508744 cfg1 2 2 0 0 na na
10 62288.491350325893 0.007900781505 cfg1 2 1 0 0 na na
10 62288.541350261260 0.007900245702 cfg1 2 1 0 0 na na
10 62288.609350342819 0.007899531036 cfg1 2 1 0 0 na na
10 62288.680350325326 0.007898793228 cfg1 2 1 0 0 na na
10 62288.742350278535 0.007898143280 cfg1 2 1 0 0 na na
10 62288.744350295194 0.007898122404 cfg1 2 1 0 0 na na
10 62288.756350339390 0.007897996571 cfg1 2 2 0 0 na na
10 62288.772350307470 0.007897829173 cfg1 2 1 0 0 na na
10 62288.825350310667 0.007897272267 cfg1 2 1 0 0 na na
10 62288.828350308053 0.007897229462 cfg1 2 1 0 0 na na
10 62288.985350301954 0.007895602838 cfg1 2 1 0 0 na na
10 62289.051350320220 0.007894918712 cfg1 2 1 0 0 na na
10 62289.073350292014 0.007894690002 cfg1 2 1 0 0 na na
10 62289.114350246223 0.007894265386 cfg1 2 1 0 0 na na
10 62289.131350258434 0.007894081929 cfg1 2 1 0 0 na na
10 62289.191350294970 0.007893465940 cfg1 2 1 0 0 na na
10 62289.219350323314 0.007893176000 cfg1 2 1 0 0 na na
10 62289.245350303684 0.007892906894 cfg1 2 1 0 0 na na
10 62289.263350258463 0.007892720693 cfg1 2 2 0 0 na na
10 62289.280350271006 0.007892545018 cfg1 2 1 0 0 na na
10 62289.292350248693 0.007892423411 cfg1 2 1 0 0 na na
10 62289.305350309308 0.007892286631 cfg1 2 2 0 0 na na
10 62289.351350399375 0.007891811716 cfg1 2 1 0 0 na na
10 62289.362350307451 0.007891698352 cfg1 2 2 0 0 na na
10 62289.389350251731 0.007891419905 cfg1 2 2 0 0 na na
10 62289.399350280852 0.007891316808 cfg1 2 2 0 0 na na
10 62289.426350352288 0.007891038749 cfg1 2 2 0 0 na na
10 62289.455350259444 0.007890727476 cfg1 2 1 0 0 na na
10 62289.460350271417 0.007890688723 cfg1 2 2 0 0 na na
10 62289.472350240844 0.007890570877 cfg1 2 1 0 0 na na
10 62289.489350335873 0.007890390506 cfg1 2 2 0 0 na na
10 62289.579350343332 0.007889466189 cfg1 2 2 0 0 na na
10 62289.600350319066 0.007889250877 cfg1 2 2 0 0 na na
10 62289.626350299774 0.007888984358 cfg1 2 2 0 0 na na
10 62289.631350310854 0.007888933180 cfg1 2 2 0 0 na na
10 62289.641350274450 0.007888830689 cfg1 2 2 0 0 na na
10 62289.693350304554 0.007888298466 cfg1 2 2 0 0 na na
10 62289.772350307021 0.007887491257 cfg1 2 2 0 0 na na
10 62289.802350286468 0.007887185204 cfg1 2 2 0 0 na na
10 62289.833350314606 0.007886869119 cfg1 2 2 0 0 na na
10 62289.859350261628 0.007886604165 cfg1 2 2 0 0 na na
10 62289.894350331179 0.007886242519 cfg1 2 1 0 0 na na
10 62289.903350331117 0.007886156358 cfg1 2 2 0 0 na na
10 62289.913350295682 0.007886054601 cfg1 2 2 0 0 na na
10 62289.940350335205 0.007885780057 cfg1 2 2 0 0 na na
10 62289.950350374648 0.007885678493 cfg1 2 2 0 0 na na
10 62289.974350309887 0.007885442493 cfg1 2 1 0 0 na na
10 62290.028350346445 0.007884886769 cfg1 2 1 0 0 na na
10 62290.041350308836 0.007884759582 cfg1 2 1 0 0 na na
10 62290.044350300987 0.007884724453 cfg1 2 2 0 0 na na
10 62290.058350278429 0.007884582557 cfg1 2 2 0 0 na na
10 62290.068350330118 0.007884481837 cfg1 2 1 0 0 na na
10 62290.072350293773 0.007884440732 cfg1 2 2 0 0 na na
10 62290.073350346390 0.007884445285 cfg1 2 1 0 0 na na
10 62290.098350292847 0.007884177444 cfg1 2 2 0 0 na na
10 62290.144350306429 0.007883712710 cfg1 2 1 0 0 na na
10 62290.148350346426 0.007883671658 cfg1 2 2 0 0 na na
10 62290.168350301000 0.007883477851 cfg1 2 1 0 0 na na
10 62290.207350319596 0.007883075762 cfg1 2 1 0 0 na na
10 62290.208350243461 0.007883073458 cfg1 2 1 0 0 na na
10 62290.223350367513 0.007882914167 cfg1 2 2 0 0 na na
10 62290.231350291587 0.007882829814 cfg1 2 1 0 0 na na
10 62290.254350313802 0.007882601586 cfg1 2 1 0 0 na na
10 62290.302350321868 0.007882117850 cfg1 2 2 0 0 na na
10 62290.380350272836 0.007881345234 cfg1 2 1 0 0 na na
10 62290.564350290238 0.007879488667 cfg1 2 1 0 0 na na
10 62290.584350241743 0.007879300211 cfg1 2 1 0 0 na na
10 62290.618350266726 0.007878948961 cfg1 2 2 0 0 na na
10 62290.670350259411 0.007878430013 cfg1 2 2 0 0 na na
10 62290.724350288494 0.007877892483 cfg1 2 1 0 0 na na
10 62290.824350314952 0.007876903459 cfg1 2 1 0 0 na na
10 62290.961350267426 0.007875539061 cfg1 2 1 0 0 na na
10 62290.975350278785 0.007875401771 cfg1 2 1 0 0 na na
10 62291.052350272053 0.007874639423 cfg1 2 2 0 0 na na
10 62291.117350252624 0.007873994245 cfg1 2 1 0 0 na na
10 62291.130350307893 0.007873868256 cfg1 2 1 0 0 na na
10 62291.132350305610 0.007873850434 cfg1 2 1 0 0 na na
10 62291.158350319444 0.007873594356 cfg1 2 1 0 0 na na
10 62291.170350265529 0.007873476235 cfg1 2 2 0 0 na na
10 62291.323350318973 0.007871973500 cfg1 2 1 0 0 na na
10 62291.331350308030 0.007871895089 cfg1 2 1 0 0 na na
10 62291.370350315973 0.007871513052 cfg1 2 2 0 0 na na
10 62291.373350325889 0.007871484923 cfg1 2 1 0 0 na na
10 62291.388350335496 0.007871336903 cfg1 2 2 0 0 na na
10 62291.406350293696 0.007871174716 cfg1 2 1 0 0 na na
10 62291.554350282346 0.007869716233 cfg1 2 1 0 0 na na
10 62291.593350270819 0.007869336522 cfg1 2 1 0 0 na na
10 62291.597350310630 0.007869294971 cfg1 2 1 0 0 na na
10 62291.604350303407 0.007869229441 cfg1 2 2 0 0 na na
10 62291.620350273599 0.007869073857 cfg1 2 2 0 0 na na
10 62291.645350263148 0.007868830834 cfg1 2 2 0 0 na na
10 62291.652350250368 0.007868762787 cfg1 2 2 0 0 na na
10 62291.659350279386 0.007868681731 cfg1 2 1 0 0 na na
10 62291.696350328707 0.007868335613 cfg1 2 2 0 0 na na
10 62291.703350303275 0.007868267673 cfg1 2 2 0 0 na na
10 62291.713350320623 0.007868163383 cfg1 2 1 0 0 na na
10 62291.716350271392 0.007868144788 cfg1 2 1 0 0 na na
10 62291.718350306899 0.007868122163 cfg1 2 2 0 0 na na
10 62291.739350287417 0.007867918579 cfg1 2 2 0 0 na na
10 62291.792350291944 0.007867405195 cfg1 2 2 0 0 na na
10 62291.828350269223 0.007867044376 cfg1 2 1 0 0 na na
10 62291.838350344533 0.007866960229 cfg1 2 2 0 0 na na
10 62291.891350296581 0.007866448262 cfg1 2 2 0 0 na na
10 62291.893350284417 0.007866428934 cfg1 2 2 0 0 na na
10 62291.941350320702 0.007865959621 cfg1 2 1 0 0 na na
10 62291.977350369241 0.007865617824 cfg1 2 1 0 0 na na
10 62291.996350274746 0.007865436780 cfg1 2 1 0 0 na na
10 62292.005350289857 0.007865350203 cfg1 2 1 0 0 na na
10 62292.027350290959 0.007865137963 cfg1 2 1 0 0 na na
10 62292.085350269174 0.007864569568 cfg1 2 1 0 0 na na
10 62292.088350332471 0.007864551794 cfg1 2 2 0 0 na na
10 62292.133350302957 0.007864120042 cfg1 2 1 0 0 na na
10 62292.146350268290 0.007863995421 cfg1 2 1 0 0 na na
10 62292.158350308326 0.007863877929 cfg1 2 1 0 0 na na
10 62292.249350370174 0.007863014540 cfg1 2 1 0 0 na na
10 62292.303350389926 0.007862494060 cfg1 2 1 0 0 na na
10 62292.321350248508 0.007862323375 cfg1 2 1 0 0 na na
10 62292.393350260886 0.007861636114 cfg1 2 1 0 0 na na
10 62292.527350341432 0.007860362426 cfg1 2 1 0 0 na na
10 62292.612350294172 0.007859566408 cfg1 2 1 0 0 na na
10 62292.665350347079 0.007859055710 cfg1 2 1 0 0 na na
10 62292.677350318110 0.007858942509 cfg1 2 1 0 0 na na
10 62292.716350294893 0.007858578273 cfg1 2 1 0 0 na na
10 62292.747350291776 0.007858281840 cfg1 2 1 0 0 na na
10 62292.766350291863 0.007858102835 cfg1 2 1 0 0 na na
10 62292.768350335607 0.007858083917 cfg1 2 1 0 0 na na
10 62292.792350293308 0.007857857905 cfg1 2 1 0 0 na na
10 62292.801350280133 0.007857773195 cfg1 2 1 0 0 na na
10 62292.813350292206 0.007857660182 cfg1 2 2 0 0 na na
10 62292.821350300633 0.007857585617 cfg1 2 1 0 0 na na
10 62292.864350323539 0.007857185392 cfg1 2 1 0 0 na na
10 62292.906350292352 0.007856786221 cfg1 2 2 0 0 na na
10 62292.967350332920 0.007856214181 cfg1 2 2 0 0 na na
10 62292.984350329314 0.007856054897 cfg1 2 2 0 0 na na
10 62293.019350259660 0.007855727339 cfg1 2 2 0 0 na na
10 62293.024350276505 0.007855680557 cfg1 2 2 0 0 na na
10 62293.127350307797 0.007854715140 cfg1 2 1 0 0 na na
10 62293.133350307456 0.007854662527 cfg1 2 2 0 0 na na
10 62293.187350257858 0.007854159179 cfg1 2 2 0 0 na na
10 62293.214350324510 0.007853920312 cfg1 2 1 0 0 na na
10 62293.282350324671 0.007853275968 cfg1 2 1 0 0 na na
10 62293.322350292565 0.007852904685 cfg1 2 2 0 0 na na
10 62293.330350275170 0.007852830452 cfg1 2 2 0 0 na na
10 62293.479350271295 0.007851451634 cfg1 2 2 0 0 na na
10 62293.516350275412 0.007851110109 cfg1 2 2 0 0 na na
10 62293.574350309704 0.007850575555 cfg1 2 2 0 0 na na
10 62293.576350331715 0.007850543448 cfg1 2 1 0 0 na na
10 62293.580350301601 0.007850520363 cfg1 2 1 0 0 na na
10 62293.602350266321 0.007850317861 cfg1 2 1 0 0 na na
10 62293.612350329737 0.007850225854 cfg1 2 2 0 0 na na
10 62293.631350369266 0.007850051084 cfg1 2 1 0 0 na na
10 62293.641350314187 0.007849959277 cfg1 2 1 0 0 na na
10 62293.689350340646 0.007849518304 cfg1 2 2 0 0 na na
10 62293.717350319417 0.007849245884 cfg1 2 1 0 0 na na
10 62293.740350275795 0.007849046082 cfg1 2 1 0 0 na na
10 62293.765350328290 0.007848809470 cfg1 2 1 0 0 na na
10 62293.806350278973 0.007848446162 cfg1 2 1 0 0 na na
10 62293.866350286088 0.007847897844 cfg1 2 2 0 0 na na
10 62293.886350357066 0.007847715210 cfg1 2 2 0 0 na na
10 62293.888350326457 0.007847697645 cfg1 2 1 0 0 na na
10 62293.926350308680 0.007847356517 cfg1 2 1 0 0 na na
10 62293.994350291262 0.007846731084 cfg1 2 2 0 0 na na
10 62294.047350275639 0.007846253893 cfg1 2 1 0 0 na na
10 62294.098350296073 0.007845786331 cfg1 2 2 0 0 na na
10 62294.194350270826 0.007844905612 cfg1 2 1 0 0 na na
10 62294.210350377087 0.007844772170 cfg1 2 2 0 0 na na
10 62294.304350348588 0.007843923480 cfg1 2 2 0 0 na na
10 62294.320350318384 0.007843766840 cfg1 2 1 0 0 na na
10 62294.330350255149 0.007843689192 cfg1 2 1 0 0 na na
10 62294.336350315963 0.007843635069 cfg1 2 2 0 0 na na
10 62294.339350274128 0.007843608046 cfg1 2 2 0 0 na na
10 62294.340350299484 0.007843599109 cfg1 2 2 0 0 na na
10 62294.407350316809 0.007842996247 cfg1 2 2 0 0 na na
10 62294.490350312808 0.007842251105 cfg1 2 2 0 0 na na
10 62294.498350359716 0.007842192529 cfg1 2 1 0 0 na na
10 62294.771350265527 0.007839726288 cfg1 2 1 0 0 na na
10 62294.821350340424 0.007839298144 cfg1 2 1 0 0 na na
10 62294.843350289025 0.007839100215 cfg1 2 1 0 0 na na
10 62294.891350290720 0.007838676938 cfg1 2 1 0 0 na na
10 62294.934350290113 0.007838296566 cfg1 2 1 0 0 na na
10 62294.996350283119 0.007837734753 cfg1 2 1 0 0 na na
10 62295.009350290421 0.007837633288 cfg1 2 2 0 0 na na
10 62295.016350351728 0.007837571475 cfg1 2 2 0 0 na na
10 62295.044350342705 0.007837325555 cfg1 2 1 0 0 na na
10 62295.053350297858 0.007837238318 cfg1 2 1 0 0 na na
10 62295.078350348195 0.007837032403 cfg1 2 1 0 0 na na
10 62295.088350264384 0.007836936715 cfg1 2 1 0 0 na na
10 62295.140350306161 0.007836479047 cfg1 2 1 0 0 na na
10 62295.159350319830 0.007836312069 cfg1 2 1 0 0 na na
10 62295.179350265924 0.007836136258 cfg1 2 2 0 0 na na
10 62295.202350252285 0.007835934670 cfg1 2 1 0 0 na na
10 62295.228350329899 0.007835706290 cfg1 2 1 0 0 na na
10 62295.377350375309 0.007834402433 cfg1 2 2 0 0 na na
10 62295.400350325847 0.007834195031 cfg1 2 1 0 0 na na
10 62295.530350345485 0.007833058243 cfg1 2 1 0 0 na na
10 62295.564350282198 0.007832774451 cfg1 2 1 0 0 na na
10 62295.587350288346 0.007832574789 cfg1 2 2 0 0 na na
10 62295.877350301403 0.007830070325 cfg1 2 1 0 0 na na
10 62295.927350286969 0.007829644987 cfg1 2 1 0 0 na na
10 62295.979350267956 0.007829190761 cfg1 2 1 0 0 na na
10 62296.013350263364 0.007828888454 cfg1 2 1 0 0 na na
10 62296.064350318070 0.007828467247 cfg1 2 2 0 0 na na
10 62296.096350276786 0.007828193803 cfg1 2 2 0 0 na na
10 62296.143350290997 0.007827792812 cfg1 2 2 0 0 na na
10 62296.157350259249 0.007827673447 cfg1 2 2 0 0 na na
10 62296.192350318693 0.007827375306 cfg1 2 2 0 0 na na
10 62296.253350290297 0.007826856913 cfg1 2 1 0 0 na na
10 62296.263350262798 0.007826759110 cfg1 2 1 0 0 na na
10 62296.277350292746 0.007826647543 cfg1 2 1 0 0 na na
10 62296.340350244582 0.007826122514 cfg1 2 1 0 0 na na
10 62296.429350334171 0.007825365129 cfg1 2 2 0 0 na na
10 62296.441350332750 0.007825263742 cfg1 2 2 0 0 na na
10 62296.462350311713 0.007825086389 cfg1 2 2 0 0 na na
10 62296.511350330754 0.007824673186 cfg1 2 1 0 0 na na
10 62296.547350272248 0.007824354905 cfg1 2 1 0 0 na na
10 62296.617350296772 0.007823781255 cfg1 2 1 0 0 na na
10 62296.634350309694 0.007823638443 cfg1 2 2 0 0 na na
10 62296.642350287205 0.007823571302 cfg1 2 2 0 0 na na
10 62296.731350282845 0.007822835724 cfg1 2 1 0 0 na na
10 62296.734350332762 0.007822800210 cfg1 2 2 0 0 na na
10 62296.827350332777 0.007822032626 cfg1 2 1 0 0 na na
10 62296.887350354633 0.007821522975 cfg1 2 1 0 0 na na
10 62296.915350290268 0.007821289956 cfg1 2 1 0 0 na na
10 62296.924350299517 0.007821214974 cfg1 2 1 0 0 na na
10 62296.960350330291 0.007820915736 cfg1 2 2 0 0 na na
10 62296.975350276969 0.007820791190 cfg1 2 2 0 0 na na
10 62297.038350311882 0.007820269981 cfg1 2 1 0 0 na na
10 62297.102350301886 0.007819738622 cfg1 2 1 0 0 na na
10 62297.133350312076 0.007819482398 cfg1 2 2 0 0 na na
10 62297.173350317318 0.007819152150 cfg1 2 2 0 0 na na
10 62297.192350318216 0.007818995375 cfg1 2 2 0 0 na na
10 62297.235350315420 0.007818641145 cfg1 2 1 0 0 na na
10 62297.243350316124 0.007818575125 cfg1 2 1 0 0 na na
10 62297.251350357019 0.007818497903 cfg1 2 1 0 0 na na
10 62297.256350263831 0.007818472747 cfg1 2 1 0 0 na na
10 62297.323350328742 0.007817917457 cfg1 2 2 0 0 na na
10 62297.326350341545 0.007817900397 cfg1 2 1 0 0 na na
10 62297.341350294022 0.007817769682 cfg1 2 2 0 0 na na
10 62297.372350317896 0.007817515407 cfg1 2 2 0 0 na na
10 62297.494350272488 0.007816512531 cfg1 2 1 0 0 na na
10 62297.545350242455 0.007816109504 cfg1 2 1 0 0 na na
10 62297.595350305195 0.007815693978 cfg1 2 1 0 0 na na
10 62297.618350322012 0.007815506862 cfg1 2 2 0 0 na na
10 62297.628350296925 0.007815419632 cfg1 2 1 0 0 na na
10 62297.651350328001 0.007815238678 cfg1 2 1 0 0 na na
10 62297.693350318554 0.007814897699 cfg1 2 2 0 0 na na
10 62297.765350326303 0.007814314309 cfg1 2 2 0 0 na na
10 62297.808350329486 0.007813966549 cfg1 2 2 0 0 na na
10 62297.811350335199 0.007813942358 cfg1 2 2 0 0 na na
10 62297.829350298831 0.007813809332 cfg1 2 1 0 0 na na
10 62297.841350358327 0.007813700155 cfg1 2 1 0 0 na na
10 62297.926350279093 0.007813014913 cfg1 2 2 0 0 na na
10 62297.984350297952 0.007812548421 cfg1 2 2 0 0 na na
10 62298.000350299372 0.007812411217 cfg1 2 1 0 0 na na
10 62298.040350303681 0.007812098943 cfg1 2 2 0 0 na na
10 62298.083350331313 0.007811754407 cfg1 2 2 0 0 na na
10 62298.090350352007 0.007811698339 cfg1 2 2 0 0 na na
10 62298.098350297142 0.007811634408 cfg1 2 1 0 0 na na
10 62298.109350328116 0.007811546277 cfg1 2 2 0 0 na na
10 62298.210350305524 0.007810739589 cfg1 2 2 0 0 na na
10 62298.285350287711 0.007810142398 cfg1 2 2 0 0 na na
10 62298.296350338100 0.007810054904 cfg1 2 2 0 0 na na
10 62298.305350310100 0.007809984134 cfg1 2 1 0 0 na na
10 62298.314350331618 0.007809911857 cfg1 2 2 0 0 na na
10 62298.454350284901 0.007808802164 cfg1 2 2 0 0 na na
10 62298.456350258780 0.007808786338 cfg1 2 2 0 0 na na
10 62298.461350279273 0.007808747035 cfg1 2 1 0 0 na na
10 62298.515350303766 0.007808333078 cfg1 2 1 0 0 na na
10 62298.582350283757 0.007807792786 cfg1 2 1 0 0 na na
10 62298.757350309031 0.007806419076 cfg1 2 1 0 0 na na
10 62298.788350295736 0.007806176528 cfg1 2 1 0 0 na na
10 62298.928350313497 0.007805084197 cfg1 2 1 0 0 na na
10 62299.196350309689 0.007803006234 cfg1 2 1 0 0 na na
10 62299.278350288967 0.007802388286 cfg1 2 1 0 0 na na
10 62299.299350356387 0.007802216257 cfg1 2 1 0 0 na na
10 62299.322350276728 0.007802039653 cfg1 2 1 0 0 na na
10 62299.360350311293 0.007801748224 cfg1 2 1 0 0 na na
10 62299.376350278578 0.007801625815 cfg1 2 1 0 0 na na
10 62299.378350286605 0.007801605284 cfg1 2 1 0 0 na na
10 62299.513350323026 0.007800580896 cfg1 2 1 0 0 na na
10 62299.538350325304 0.007800388461 cfg1 2 1 0 0 na na
10 62299.557350268197 0.007800243781 cfg1 2 1 0 0 na na
10 62299.560350327851 0.007800220927 cfg1 2 1 0 0 na na
10 62299.619350294701 0.007799772511 cfg1 2 1 0 0 na na
10 62299.624350285579 0.007799734386 cfg1 2 1 0 0 na na
10 62299.656350350403 0.007799491613 cfg1 2 1 0 0 na na
10 62299.662350308102 0.007799444448 cfg1 2 1 0 0 na na
10 62299.756350346636 0.007798730165 cfg1 2 1 0 0 na na
10 62299.783350272723 0.007798528967 cfg1 2 2 0 0 na na
10 62299.813350291026 0.007798291094 cfg1 2 1 0 0 na na
10 62299.848350277928 0.007798040449 cfg1 2 1 0 0 na na
10 62299.859350299114 0.007797962867 cfg1 2 1 0 0 na na
10 62299.915350342071 0.007797536371 cfg1 2 2 0 0 na na
10 62299.929350266693 0.007797431237 cfg1 2 2 0 0 na na
10 62299.994350281304 0.007796943734 cfg1 2 1 0 0 na na
10 62300.059350328881 0.007796457140 cfg1 2 2 0 0 na na
10 62300.070350266261 0.007796374952 cfg1 2 2 0 0 na na
10 62300.096350314802 0.007796180722 cfg1 2 2 0 0 na na
10 62300.210350282123 0.007795331460 cfg1 2 2 0 0 na na
10 62300.214350288098 0.007795301801 cfg1 2 1 0 0 na na
10 62300.230350262923 0.007795182852 cfg1 2 1 0 0 na na
10 62300.285350292739 0.007794766056 cfg1 2 1 0 0 na na
10 62300.302350287640 0.007794648672 cfg1 2 2 0 0 na na
10 62300.305350309051 0.007794626411 cfg1 2 2 0 0 na na
10 62300.335350301278 0.007794404686 cfg1 2 1 0 0 na na
10 62300.340350303994 0.007794367249 cfg1 2 1 0 0 na na
10 62300.380350273216 0.007794071549 cfg1 2 2 0 0 na na
10 62300.381350334499 0.007794064181 cfg1 2 2 0 0 na na
10 62300.395350261835 0.007793960752 cfg1 2 2 0 0 na na
10 62300.415350327226 0.007793813215 cfg1 2 1 0 0 na na
10 62300.489350289012 0.007793252047 cfg1 2 1 0 0 na na
10 62300.519350333326 0.007793048205 cfg1 2 1 0 0 na na
10 62300.532350350622 0.007792951660 cfg1 2 2 0 0 na na
10 62300.537350291113 0.007792914855 cfg1 2 2 0 0 na na
10 62300.683350264717 0.007791832266 cfg1 2 1 0 0 na na
10 62300.694350256811 0.007791764927 cfg1 2 2 0 0 na na
10 62300.707350339112 0.007791670048 cfg1 2 1 0 0 na na
10 62300.726350302338 0.007791531354 cfg1 2 2 0 0 na na
10 62300.748350335899 0.007791370895 cfg1 2 2 0 0 na na
10 62300.828350258454 0.007790778425 cfg1 2 1 0 0 na na
10 62300.871350283553 0.007790476465 cfg1 2 1 0 0 na na
10 62300.876350278624 0.007790440136 cfg1 2 2 0 0 na na
10 62300.919350304918 0.007790128503 cfg1 2 1 0 0 na na
10 62300.927350239065 0.007790082932 cfg1 2 1 0 0 na na
10 62300.953350341580 0.007789882415 cfg1 2 2 0 0 na na
10 62300.954350272542 0.007789875075 cfg1 2 2 0 0 na na
10 62301.045350287207 0.007789218043 cfg1 2 2 0 0 na na
10 62301.087350323381 0.007788915535 cfg1 2 2 0 0 na na
10 62301.164350312777 0.007788358513 cfg1 2 1 0 0 na na
10 62301.216350271797 0.007787989715 cfg1 2 1 0 0 na na
10 62301.220350319516 0.007787961108 cfg1 2 1 0 0 na na
10 62301.247350299405 0.007787767527 cfg1 2 1 0 0 na na
10 62301.269350267059 0.007787594964 cfg1 2 1 0 0 na na
10 62301.311350282431 0.007787310123 cfg1 2 1 0 0 na na
10 62301.321350269038 0.007787222937 cfg1 2 1 0 0 na na
10 62301.355350265884 0.007786981127 cfg1 2 1 0 0 na na
10 62301.364350294011 0.007786932241 cfg1 2 2 0 0 na na
10 62301.366350302956 0.007786918064 cfg1 2 2 0 0 na na
10 62301.455350348209 0.007786278293 cfg1 2 1 0 0 na na
10 62301.477350258057 0.007786123887 cfg1 2 1 0 0 na na
10 62301.531350309419 0.007785746743 cfg1 2 1 0 0 na na
10 62301.532350301788 0.007785739619 cfg1 2 2 0 0 na na
10 62301.597350362881 0.007785280260 cfg1 2 2 0 0 na na
10 62301.639350304143 0.007784984651 cfg1 2 1 0 0 na na
10 62301.669350305309 0.007784772682 cfg1 2 1 0 0 na na
10 62301.675350294489 0.007784730487 cfg1 2 2 0 0 na na
10 62301.684350315098 0.007784667135 cfg1 2 1 0 0 na na
10 62301.786350341699 0.007783950930 cfg1 2 2 0 0 na na
10 62301.787350310170 0.007783943902 cfg1 2 2 0 0 na na
10 62301.805350347481 0.007783817925 cfg1 2 1 0 0 na na
10 62301.815350331580 0.007783730953 cfg1 2 1 0 0 na na
10 62301.869350282177 0.007783382524 cfg1 2 1 0 0 na na
10 62301.928350312066 0.007782958580 cfg1 2 2 0 0 na na
10 62301.940350309984 0.007782883876 cfg1 2 1 0 0 na na
10 62301.981350310890 0.007782592247 cfg1 2 1 0 0 na na
10 62302.047350297596 0.007782121423 cfg1 2 1 0 0 na na
10 62302.097350321944 0.007781785272 cfg1 2 1 0 0 na na
10 62302.130350317868 0.007781556637 cfg1 2 1 0 0 na na
10 62302.183350319728 0.007781190309 cfg1 2 2 0 0 na na
10 62302.203350295098 0.007781052329 cfg1 2 2 0 0 na na
10 62302.241350330042 0.007780787843 cfg1 2 1 0 0 na na
10 62302.286350302736 0.007780481095 cfg1 2 2 0 0 na na
10 62302.338350290543 0.007780114724 cfg1 2 1 0 0 na na
10 62302.413350272609 0.007779610547 cfg1 2 2 0 0 na na
10 62302.437350304498 0.007779446539 cfg1 2 2 0 0 na na
10 62302.491350290089 0.007779078110 cfg1 2 2 0 0 na na
10 62302.541350323887 0.007778737625 cfg1 2 2 0 0 na na
10 62302.562350305119 0.007778588066 cfg1 2 1 0 0 na na
10 62302.588350321839 0.007778418233 cfg1 2 2 0 0 na na
10 62302.603350300089 0.007778327102 cfg1 2 1 0 0 na na
10 62302.616350273377 0.007778228255 cfg1 2 2 0 0 na na
10 62302.619350342194 0.007778194514 cfg1 2 1 0 0 na na
10 62302.628350287766 0.007778149121 cfg1 2 1 0 0 na na
10 62302.727350300564 0.007777471275 cfg1 2 1 0 0 na na
10 62302.760350311100 0.007777254936 cfg1 2 1 0 0 na na
10 62302.786350337783 0.007777089477 cfg1 2 1 0 0 na na
10 62302.797350352928 0.007777005183 cfg1 2 1 0 0 na na
10 62302.819350262800 0.007776857612 cfg1 2 1 0 0 na na
10 62302.921350284668 0.007776172336 cfg1 2 1 0 0 na na
10 62302.981350353012 0.007775770869 cfg1 2 1 0 0 na na
10 62303.025350285645 0.007775477094 cfg1 2 1 0 0 na na
10 62303.043350339825 0.007775357010 cfg1 2 1 0 0 na na
10 62303.131350323964 0.007774773319 cfg1 2 1 0 0 na na
10 62303.177350280304 0.007774463330 cfg1 2 1 0 0 na na
10 62303.330350323068 0.007773455183 cfg1 2 1 0 0 na na
10 62303.346350281518 0.007773349852 cfg1 2 1 0 0 na na
10 62303.485350322153 0.007772437394 cfg1 2 1 0 0 na na
10 62303.545350279922 0.007772045112 cfg1 2 1 0 0 na na
10 62303.614350311705 0.007771585791 cfg1 2 1 0 0 na na
10 62303.626350313940 0.007771517116 cfg1 2 1 0 0 na na
10 62303.648350297706 0.007771374120 cfg1 2 1 0 0 na na
10 62303.716350266517 0.007770932607 cfg1 2 1 0 0 na na
10 62303.720350329399 0.007770900637 cfg1 2 1 0 0 na na
10 62303.798350314100 0.007770402011 cfg1 2 1 0 0 na na
10 62303.847350276793 0.007770069245 cfg1 2 1 0 0 na na
10 62303.935350259967 0.007769519582 cfg1 2 1 0 0 na na
10 62303.953350288974 0.007769409010 cfg1 2 1 0 0 na na
10 62304.021350308182 0.007768968193 cfg1 2 1 0 0 na na
10 62304.085350319300 0.007768544210 cfg1 2 1 0 0 na na
10 62304.147350316446 0.007768163958 cfg1 2 1 0 0 na na
10 62304.201350337395 0.007767821617 cfg1 2 1 0 0 na na
10 62304.393350276024 0.007766589758 cfg1 2 1 0 0 na na
10 62304.448350306849 0.007766261110 cfg1 2 1 0 0 na na
10 62304.623350272277 0.007765165360 cfg1 2 1 0 0 na na
10 62304.710350342625 0.007764623971 cfg1 2 1 0 0 na na
10 62304.738350330239 0.007764450243 cfg1 2 1 0 0 na na
10 62304.755350316454 0.007764344729 cfg1 2 1 0 0 na na
10 62304.798350342717 0.007764078952 cfg1 2 1 0 0 na na
10 62304.834350341337 0.007763855993 cfg1 2 1 0 0 na na
10 62304.963350319889 0.007763061423 cfg1 2 1 0 0 na na
10 62304.973350297638 0.007762999970 cfg1 2 1 0 0 na na
10 62305.060350361798 0.007762468166 cfg1 2 1 0 0 na na
10 62305.263350290229 0.007761231203 cfg1 2 1 0 0 na na
10 62305.264350300185 0.007761208720 cfg1 2 1 0 0 na na
10 62305.271350281500 0.007761176518 cfg1 2 1 0 0 na na
10 62305.295350317652 0.007761040945 cfg1 2 1 0 0 na na
10 62305.307350259687 0.007760971449 cfg1 2 1 0 0 na na
10 62305.320350392956 0.007760886126 cfg1 2 1 0 0 na na
10 62305.349350312453 0.007760711090 cfg1 2 1 0 0 na na
10 62305.363350257621 0.007760614295 cfg1 2 1 0 0 na na
10 62305.366350335885 0.007760607149 cfg1 2 1 0 0 na na
10 62305.421350273559 0.007760277140 cfg1 2 1 0 0 na na
10 62305.434350324050 0.007760179064 cfg1 2 1 0 0 na na
10 62305.439350346374 0.007760177868 cfg1 2 1 0 0 na na
10 62305.460350312167 0.007760032494 cfg1 2 1 0 0 na na
10 62305.514350347987 0.007759719391 cfg1 2 1 0 0 na na
10 62305.545350316773 0.007759534011 cfg1 2 1 0 0 na na
10 62305.551350309063 0.007759486175 cfg1 2 1 0 0 na na
10 62305.612350295324 0.007759133026 cfg1 2 1 0 0 na na
10 62305.679350357378 0.007758739648 cfg1 2 1 0 0 na na
10 62305.720350273488 0.007758499176 cfg1 2 1 0 0 na na
10 62305.821350303308 0.007757892480 cfg1 2 1 0 0 na na
10 62305.846350275658 0.007757751193 cfg1 2 1 0 0 na na
10 62305.922350289104 0.007757297460 cfg1 2 1 0 0 na na
10 62305.929350285417 0.007757256190 cfg1 2 2 0 0 na na
10 62305.957350274500 0.007757082986 cfg1 2 1 0 0 na na
10 62306.198350265395 0.007755685197 cfg1 2 2 0 0 na na
10 62306.369350319615 0.007754696939 cfg1 2 2 0 0 na na
10 62306.457350295171 0.007754191355 cfg1 2 2 0 0 na na
10 62306.469350303293 0.007754122586 cfg1 2 2 0 0 na na
10 62306.500350283658 0.007753939513 cfg1 2 1 0 0 na na
10 62306.579350273063 0.007753494009 cfg1 2 2 0 0 na na
10 62306.590350285549 0.007753431342 cfg1 2 2 0 0 na na
10 62306.609350311665 0.007753329705 cfg1 2 1 0 0 na na
10 62306.635350302335 0.007753170636 cfg1 2 1 0 0 na na
10 62306.667350337063 0.007752993602 cfg1 2 2 0 0 na na
10 62306.739350358133 0.007752572765 cfg1 2 1 0 0 na na
10 62306.850350313710 0.007751959726 cfg1 2 2 0 0 na na
10 62306.893350322969 0.007751718307 cfg1 2 2 0 0 na na
10 62306.982350284728 0.007751210893 cfg1 2 1 0 0 na na
10 62306.988350278562 0.007751186323 cfg1 2 2 0 0 na na
10 62307.065350321943 0.007750756957 cfg1 2 2 0 0 na na
10 62307.112350288875 0.007750498907 cfg1 2 1 0 0 na na
10 62307.141350363355 0.007750324790 cfg1 2 1 0 0 na na
10 62307.177350269805 0.007750135345 cfg1 2 2 0 0 na na
10 62307.241350299896 0.007749791208 cfg1 2 1 0 0 na na
10 62307.371350286958 0.007749066880 cfg1 2 2 0 0 na na
10 62307.437350330963 0.007748712440 cfg1 2 1 0 0 na na
10 62307.466350316894 0.007748543287 cfg1 2 1 0 0 na na
10 62307.642350311886 0.007747591570 cfg1 2 2 0 0 na na
10 62307.787350256447 0.007746810610 cfg1 2 2 0 0 na na
10 62307.805350324246 0.007746707640 cfg1 2 1 0 0 na na
10 62307.921350297203 0.007746093896 cfg1 2 2 0 0 na na
10 62307.934350358246 0.007746036099 cfg1 2 1 0 0 na na
10 62308.047350341121 0.007745424570 cfg1 2 2 0 0 na na
10 62308.110350262987 0.007745080263 cfg1 2 1 0 0 na na
10 62308.216350317492 0.007744522113 cfg1 2 1 0 0 na na
10 62308.242350304730 0.007744397298 cfg1 2 2 0 0 na na
10 62308.253350279508 0.007744339682 cfg1 2 2 0 0 na na
10 62308.297350375622 0.007744109968 cfg1 2 1 0 0 na na
10 62308.368350300861 0.007743731203 cfg1 2 1 0 0 na na
10 62308.412350336723 0.007743493532 cfg1 2 1 0 0 na na
10 62308.555350340574 0.007742776829 cfg1 2 1 0 0 na na
10 62308.584350247042 0.007742627953 cfg1 2 1 0 0 na na
10 62308.619350356207 0.007742441686 cfg1 2 1 0 0 na na
10 62308.884350333045 0.007741080129 cfg1 2 1 0 0 na na
10 62308.930350299825 0.007740856698 cfg1 2 2 0 0 na na
10 62309.014350266826 0.007740440974 cfg1 2 1 0 0 na na
10 62309.030350268082 0.007740352938 cfg1 2 2 0 0 na na
10 62309.131350309259 0.007739857613 cfg1 2 1 0 0 na na
10 62309.166350313957 0.007739684409 cfg1 2 1 0 0 na na
10 62309.179350356941 0.007739607438 cfg1 2 2 0 0 na na
10 62309.278350293972 0.007739115502 cfg1 2 2 0 0 na na
10 62309.307350332257 0.007738972000 cfg1 2 2 0 0 na na
10 62309.382350319230 0.007738601705 cfg1 2 2 0 0 na na
10 62309.550350270101 0.007737777900 cfg1 2 2 0 0 na na
10 62309.553350322132 0.007737749095 cfg1 2 1 0 0 na na
10 62309.592350344030 0.007737573175 cfg1 2 2 0 0 na na
10 62309.596350278694 0.007737553707 cfg1 2 2 0 0 na na
10 62309.677350311436 0.007737160397 cfg1 2 2 0 0 na na
10 62309.696350301234 0.007737068364 cfg1 2 2 0 0 na na
10 62309.711350267654 0.007736993716 cfg1 2 1 0 0 na na
10 62309.791350256947 0.007736618554 cfg1 2 1 0 0 na na
10 62309.873350285814 0.007736216025 cfg1 2 2 0 0 na na
10 62309.904350295856 0.007736067668 cfg1 2 2 0 0 na na
10 62309.929350263456 0.007735955110 cfg1 2 1 0 0 na na
10 62309.973350308140 0.007735738390 cfg1 2 2 0 0 na na
10 62309.983350267934 0.007735674062 cfg1 2 1 0 0 na na
10 62309.994350281779 0.007735638353 cfg1 2 2 0 0 na na
10 62310.131350377387 0.007734989775 cfg1 2 1 0 0 na na
10 62310.161350322546 0.007734847727 cfg1 2 2 0 0 na na
10 62310.284350316313 0.007734270358 cfg1 2 2 0 0 na na
10 62310.294350334737 0.007734223689 cfg1 2 2 0 0 na na
10 62310.315350339273 0.007734125558 cfg1 2 2 0 0 na na
10 62310.336350307963 0.007734027533 cfg1 2 2 0 0 na na
10 62310.337350311420 0.007734023429 cfg1 2 1 0 0 na na
10 62310.469350304754 0.007733409832 cfg1 2 2 0 0 na na
10 62310.470350328719 0.007733405223 cfg1 2 2 0 0 na na
10 62310.477350276787 0.007733368553 cfg1 2 2 0 0 na na
10 62310.495350273800 0.007733296705 cfg1 2 1 0 0 na na
10 62310.553350300196 0.007733022312 cfg1 2 2 0 0 na na
10 62310.622350324357 0.007732705283 cfg1 2 2 0 0 na na
10 62310.678350385159 0.007732440058 cfg1 2 1 0 0 na na
10 62310.751350290722 0.007732126791 cfg1 2 1 0 0 na na
10 62310.814350360454 0.007731842155 cfg1 2 1 0 0 na na
10 62310.876350330379 0.007731550171 cfg1 2 1 0 0 na na
10 62310.899350315420 0.007731446661 cfg1 2 1 0 0 na na
10 62310.942350314750 0.007731253358 cfg1 2 1 0 0 na na
10 62310.973350311703 0.007731106192 cfg1 2 1 0 0 na na
10 62310.996350355924 0.007731001135 cfg1 2 1 0 0 na na
10 62311.053350274190 0.007730755486 cfg1 2 2 0 0 na na
10 62311.067350335256 0.007730696806 cfg1 2 1 0 0 na na
10 62311.177350350626 0.007730204072 cfg1 2 2 0 0 na na
10 62311.253350288756 0.007729868238 cfg1 2 2 0 0 na na
10 62311.259350287543 0.007729841763 cfg1 2 2 0 0 na na
10 62311.341350359551 0.007729481381 cfg1 2 2 0 0 na na
10 62311.349350327924 0.007729446141 cfg1 2 2 0 0 na na
10 62311.377350333209 0.007729330372 cfg1 2 1 0 0 na na
10 62311.461350337734 0.007728957233 cfg1 2 2 0 0 na na
10 62311.576350306617 0.007728458596 cfg1 2 2 0 0 na na
10 62311.587350340251 0.007728397083 cfg1 2 1 0 0 na na
10 62311.592350318118 0.007728386942 cfg1 2 1 0 0 na na
10 62311.632350291291 0.007728201990 cfg1 2 1 0 0 na na
10 62311.639350348068 0.007728187172 cfg1 2 1 0 0 na na
10 62311.642350316417 0.007728159987 cfg1 2 1 0 0 na na
10 62311.881350333798 0.007727159679 cfg1 2 1 0 0 na na
10 62311.931350296484 0.007726942800 cfg1 2 2 0 0 na na
10 62311.961350325508 0.007726799722 cfg1 2 1 0 0 na na
10 62312.010350300730 0.007726593395 cfg1 2 1 0 0 na na
10 62312.077350307213 0.007726320615 cfg1 2 1 0 0 na na
10 62312.095350298328 0.007726244676 cfg1 2 1 0 0 na na
10 62312.166350293764 0.007725958542 cfg1 2 2 0 0 na na
10 62312.279350297625 0.007725490813 cfg1 2 2 0 0 na na
10 62312.281350289143 0.007725482555 cfg1 2 2 0 0 na na
10 62312.298350339425 0.007725400702 cfg1 2 1 0 0 na na
10 62312.325350328312 0.007725290923 cfg1 2 1 0 0 na na
10 62312.391350338123 0.007725030647 cfg1 2 2 0 0 na na
10 62312.395350294639 0.007725014227 cfg1 2 2 0 0 na na
10 62312.417350287525 0.007724924337 cfg1 2 2 0 0 na na
10 62312.448350341893 0.007724780272 cfg1 2 1 0 0 na na
10 62312.459350330891 0.007724753015 cfg1 2 2 0 0 na na
10 62312.578350350801 0.007724270077 cfg1 2 2 0 0 na na
10 62312.621350333482 0.007724096593 cfg1 2 2 0 0 na na
10 62312.623350317711 0.007724089771 cfg1 2 1 0 0 na na
10 62312.647350303610 0.007723991892 cfg1 2 2 0 0 na na
10 62312.690350364601 0.007723806029 cfg1 2 1 0 0 na na
10 62312.751350317571 0.007723572783 cfg1 2 1 0 0 na na
10 62312.767350401203 0.007723511298 cfg1 2 2 0 0 na na
10 62312.812350288251 0.007723324179 cfg1 2 1 0 0 na na
10 62312.941350352612 0.007722818950 cfg1 2 1 0 0 na na
10 62312.950350236467 0.007722800479 cfg1 2 1 0 0 na na
10 62313.042350288995 0.007722430662 cfg1 2 1 0 0 na na
10 62313.149350311500 0.007722007911 cfg1 2 2 0 0 na na
10 62313.193350303421 0.007721841957 cfg1 2 1 0 0 na na
10 62313.210350321655 0.007721771635 cfg1 2 2 0 0 na na
10 62313.226350283928 0.007721710430 cfg1 2 1 0 0 na na
10 62313.276350259945 0.007721517338 cfg1 2 1 0 0 na na
10 62313.335350276207 0.007721290744 cfg1 2 2 0 0 na na
10 62313.370350326776 0.007721156745 cfg1 2 2 0 0 na na
10 62313.393350299933 0.007721068961 cfg1 2 2 0 0 na na
10 62313.418350299057 0.007720973710 cfg1 2 2 0 0 na na
10 62313.444350296600 0.007720874754 cfg1 2 2 0 0 na na
10 62313.462350311269 0.007720792899 cfg1 2 1 0 0 na na
10 62313.555350356489 0.007720450811 cfg1 2 2 0 0 na na
10 62313.605350290647 0.007720263820 cfg1 2 1 0 0 na na
10 62313.609350290183 0.007720251523 cfg1 2 2 0 0 na na
10 62313.612350295506 0.007720240287 cfg1 2 2 0 0 na na
10 62313.630350339406 0.007720172764 cfg1 2 2 0 0 na na
10 62313.731350284464 0.007719795542 cfg1 2 2 0 0 na na
10 62313.878350304586 0.007719249198 cfg1 2 1 0 0 na na
10 62313.879350345517 0.007719248066 cfg1 2 2 0 0 na na
10 62313.883350321190 0.007719228497 cfg1 2 1 0 0 na na
10 62313.941350298602 0.007719005656 cfg1 2 1 0 0 na na
10 62313.989350304606 0.007718844907 cfg1 2 2 0 0 na na
10 62314.049350333718 0.007718626472 cfg1 2 2 0 0 na na
10 62314.058350353570 0.007718594438 cfg1 2 1 0 0 na na
10 62314.130350279492 0.007718334314 cfg1 2 1 0 0 na na
10 62314.137350285066 0.007718307969 cfg1 2 2 0 0 na na
10 62314.170350256505 0.007718189128 cfg1 2 2 0 0 na na
10 62314.236350307974 0.007717952480 cfg1 2 1 0 0 na na
10 62314.254350314786 0.007717887814 cfg1 2 2 0 0 na na
10 62314.272350266352 0.007717823484 cfg1 2 2 0 0 na na
10 62314.275350323751 0.007717815753 cfg1 2 1 0 0 na na
10 62314.338350283297 0.007717588546 cfg1 2 2 0 0 na na
10 62314.441350337786 0.007717224157 cfg1 2 2 0 0 na na
10 62314.690350310164 0.007716347845 cfg1 2 1 0 0 na na
10 62314.748350323412 0.007716168867 cfg1 2 1 0 0 na na
10 62314.780350285847 0.007716052816 cfg1 2 1 0 0 na na
10 62314.796350262348 0.007715991171 cfg1 2 2 0 0 na na
10 62314.800350352075 0.007715964062 cfg1 2 1 0 0 na na
10 62314.869350313799 0.007715741978 cfg1 2 2 0 0 na na
10 62314.888350293810 0.007715677331 cfg1 2 2 0 0 na na
10 62314.971350329270 0.007715396281 cfg1 2 2 0 0 na na
10 62314.987350288792 0.007715342306 cfg1 2 2 0 0 na na
10 62315.085350317748 0.007715007203 cfg1 2 1 0 0 na na
10 62315.105350267965 0.007714946544 cfg1 2 2 0 0 na na
10 62315.165350293809 0.007714746742 cfg1 2 2 0 0 na na
10 62315.342350330932 0.007714175558 cfg1 2 1 0 0 na na
10 62315.409350359637 0.007713937966 cfg1 2 1 0 0 na na
10 62315.442350311392 0.007713831251 cfg1 2 1 0 0 na na
10 62315.462350292316 0.007713760001 cfg1 2 1 0 0 na na
10 62315.475350325511 0.007713717406 cfg1 2 1 0 0 na na
10 62315.551350309357 0.007713485668 cfg1 2 2 0 0 na na
10 62315.584350306616 0.007713379784 cfg1 2 2 0 0 na na
10 62315.599350395627 0.007713331747 cfg1 2 2 0 0 na na
10 62315.622350281075 0.007713258238 cfg1 2 2 0 0 na na
10 62315.643350332606 0.007713191230 cfg1 2 2 0 0 na na
10 62315.673350341852 0.007713095698 cfg1 2 2 0 0 na na
10 62315.678350292266 0.007713079769 cfg1 2 2 0 0 na na
10 62315.680350298186 0.007713076663 cfg1 2 1 0 0 na na
10 62315.695350313822 0.007713025797 cfg1 2 2 0 0 na na
10 62315.703350321854 0.007712989597 cfg1 2 1 0 0 na na
10 62315.714350282758 0.007712966138 cfg1 2 1 0 0 na na
10 62315.811350278509 0.007712652989 cfg1 2 1 0 0 na na
10 62315.840350301493 0.007712568629 cfg1 2 2 0 0 na na
10 62315.859350327453 0.007712509257 cfg1 2 2 0 0 na na
10 62315.898350276983 0.007712388093 cfg1 2 1 0 0 na na
10 62315.913350332101 0.007712340774 cfg1 2 2 0 0 na na
10 62315.946350326139 0.007712238266 cfg1 2 2 0 0 na na
10 62315.979350318829 0.007712136478 cfg1 2 1 0 0 na na
10 62316.040350346966 0.007711958927 cfg1 2 1 0 0 na na
10 62316.065350335819 0.007711870855 cfg1 2 2 0 0 na na
10 62316.133350324065 0.007711662763 cfg1 2 2 0 0 na na
10 62316.247350276960 0.007711316796 cfg1 2 2 0 0 na na
10 62316.386350286128 0.007710895091 cfg1 2 1 0 0 na na
10 62316.398350328826 0.007710878246 cfg1 2 1 0 0 na na
10 62316.554350274020 0.007710403145 cfg1 2 2 0 0 na na
10 62316.556350294063 0.007710397275 cfg1 2 2 0 0 na na
10 62316.580350361620 0.007710327013 cfg1 2 2 0 0 na na
10 62316.605350270543 0.007710260632 cfg1 2 1 0 0 na na
10 62316.637350289086 0.007710160706 cfg1 2 2 0 0 na na
10 62316.648350328124 0.007710128639 cfg1 2 2 0 0 na na
10 62316.667350270620 0.007710067416 cfg1 2 1 0 0 na na
10 62316.710350265924 0.007709943910 cfg1 2 1 0 0 na na
10 62316.896350301791 0.007709416256 cfg1 2 2 0 0 na na
10 62316.999350380155 0.007709125477 cfg1 2 2 0 0 na na
10 62317.002350294837 0.007709117026 cfg1 2 2 0 0 na na
10 62317.018350290573 0.007709079300 cfg1 2 1 0 0 na na
10 62317.112350310167 0.007708823438 cfg1 2 1 0 0 na na
10 62317.166350309922 0.007708660329 cfg1 2 2 0 0 na na
10 62317.207350287400 0.007708547304 cfg1 2 2 0 0 na na
10 62317.241350334351 0.007708453915 cfg1 2 2 0 0 na na
10 62317.267350346960 0.007708382728 cfg1 2 2 0 0 na na
10 62317.276350297958 0.007708366139 cfg1 2 1 0 0 na na
10 62317.363350293746 0.007708121455 cfg1 2 2 0 0 na na
10 62317.437350300325 0.007707918449 cfg1 2 1 0 0 na na
10 62317.648350314838 0.007707361298 cfg1 2 2 0 0 na na
10 62317.729350342783 0.007707155848 cfg1 2 1 0 0 na na
10 62317.765350318302 0.007707056720 cfg1 2 1 0 0 na na
10 62317.827350274789 0.007706895494 cfg1 2 2 0 0 na na
10 62317.851350339798 0.007706833273 cfg1 2 1 0 0 na na
10 62317.863350280508 0.007706817203 cfg1 2 1 0 0 na na
10 62317.868350276299 0.007706790129 cfg1 2 2 0 0 na na
10 62317.892350266752 0.007706728532 cfg1 2 2 0 0 na na
10 62318.017350295703 0.007706406290 cfg1 2 1 0 0 na na
10 62318.160350328017 0.007706052859 cfg1 2 2 0 0 na na
10 62318.268350323881 0.007705797232 cfg1 2 1 0 0 na na
10 62318.402350331198 0.007705459728 cfg1 2 2 0 0 na na
10 62318.413350364658 0.007705433153 cfg1 2 2 0 0 na na
10 62318.439350285137 0.007705373166 cfg1 2 1 0 0 na na
10 62318.496350338292 0.007705246464 cfg1 2 1 0 0 na na
10 62318.506350267438 0.007705194752 cfg1 2 1 0 0 na na
10 62318.622350257535 0.007704942828 cfg1 2 1 0 0 na na
10 62318.953350319021 0.007704170704 cfg1 2 2 0 0 na na
10 62318.968350343994 0.007704136832 cfg1 2 2 0 0 na na
10 62319.095350324655 0.007703852313 cfg1 2 2 0 0 na na
10 62319.205350255653 0.007703606438 cfg1 2 1 0 0 na na
10 62319.402350297625 0.007703177175 cfg1 2 1 0 0 na na
10 62319.471350339518 0.007703036410 cfg1 2 2 0 0 na na
10 62319.683350319142 0.007702589433 cfg1 2 1 0 0 na na
10 62319.703350271609 0.007702553351 cfg1 2 1 0 0 na na
10 62319.713350316431 0.007702532294 cfg1 2 2 0 0 na na
10 62319.719350395919 0.007702522015 cfg1 2 1 0 0 na na
10 62319.838350269021 0.007702277616 cfg1 2 1 0 0 na na
10 62319.966350293882 0.007702007362 cfg1 2 1 0 0 na na
10 62319.968350382767 0.007702004845 cfg1 2 1 0 0 na na
10 62320.001350297021 0.007701959705 cfg1 2 1 0 0 na na
10 62320.010350318937 0.007701928718 cfg1 2 1 0 0 na na
10 62320.034350355328 0.007701888943 cfg1 2 1 0 0 na na
10 62320.035350311857 0.007701886817 cfg1 2 2 0 0 na na
10 62320.046350292462 0.007701865360 cfg1 2 2 0 0 na na
10 62320.084350282365 0.007701791184 cfg1 2 2 0 0 na na
10 62320.135350359875 0.007701692339 cfg1 2 2 0 0 na na
10 62320.157350352650 0.007701649962 cfg1 2 2 0 0 na na
10 62320.223350273247 0.007701523594 cfg1 2 2 0 0 na na
10 62320.282350278027 0.007701402978 cfg1 2 1 0 0 na na
10 62320.425350291183 0.007701129671 cfg1 2 1 0 0 na na
10 62320.546350263793 0.007700922277 cfg1 2 2 0 0 na na
10 62320.588350320486 0.007700846300 cfg1 2 2 0 0 na na
10 62320.681350328588 0.007700679750 cfg1 2 2 0 0 na na
10 62320.885350386490 0.007700323517 cfg1 2 1 0 0 na na
10 62320.904350239778 0.007700302115 cfg1 2 1 0 0 na na
10 62320.968350283133 0.007700172820 cfg1 2 1 0 0 na na
10 62321.019350329653 0.007700094774 cfg1 2 2 0 0 na na
10 62321.114350313049 0.007699936091 cfg1 2 2 0 0 na na
10 62321.116350322763 0.007699932738 cfg1 2 2 0 0 na na
10 62321.270350306764 0.007699681592 cfg1 2 1 0 0 na na
10 62321.300350306199 0.007699632972 cfg1 2 1 0 0 na na
10 62321.363350326468 0.007699527696 cfg1 2 1 0 0 na na
10 62321.392350280481 0.007699486411 cfg1 2 2 0 0 na na
10 62321.464350298727 0.007699382031 cfg1 2 1 0 0 na na
10 62321.481350329523 0.007699353256 cfg1 2 1 0 0 na na
10 62321.515350311424 0.007699303517 cfg1 2 1 0 0 na na
10 62321.550350336484 0.007699227213 cfg1 2 1 0 0 na na
10 62321.759350344964 0.007698925960 cfg1 2 2 0 0 na na
10 62321.819350293035 0.007698841560 cfg1 2 1 0 0 na na
10 62321.868350303435 0.007698766785 cfg1 2 2 0 0 na na
10 62321.904350311365 0.007698708156 cfg1 2 1 0 0 na na
10 62321.987350364148 0.007698596841 cfg1 2 2 0 0 na na
10 62321.991350333544 0.007698591223 cfg1 2 2 0 0 na na
10 62322.042350288875 0.007698518818 cfg1 2 1 0 0 na na
10 62322.094350295080 0.007698447393 cfg1 2 2 0 0 na na
10 62322.131350285953 0.007698396348 cfg1 2 2 0 0 na na
10 62322.167350330903 0.007698347233 cfg1 2 2 0 0 na na
10 62322.444350334730 0.007697991463 cfg1 2 1 0 0 na na
10 62322.453350280633 0.007697959445 cfg1 2 1 0 0 na na
10 62322.485350316255 0.007697928613 cfg1 2 2 0 0 na na
10 62322.695350350790 0.007697667687 cfg1 2 2 0 0 na na
10 62322.731350312528 0.007697628643 cfg1 2 1 0 0 na na
10 62322.771350320658 0.007697576222 cfg1 2 2 0 0 na na
10 62322.806350363564 0.007697534738 cfg1 2 2 0 0 na na
10 62323.124350303693 0.007697173123 cfg1 2 2 0 0 na na
10 62323.126350380569 0.007697170959 cfg1 2 2 0 0 na na
10 62323.142350305795 0.007697139089 cfg1 2 1 0 0 na na
10 62323.218350317139 0.007697069667 cfg1 2 1 0 0 na na
10 62323.227350335917 0.007697070956 cfg1 2 1 0 0 na na
10 62323.286350317998 0.007696999956 cfg1 2 2 0 0 na na
10 62323.291350329829 0.007696996589 cfg1 2 1 0 0 na na
10 62323.343350301143 0.007696935882 cfg1 2 1 0 0 na na
10 62323.415350335320 0.007696867314 cfg1 2 1 0 0 na na
10 62323.440350331972 0.007696828642 cfg1 2 1 0 0 na na
10 62323.441350362401 0.007696840899 cfg1 2 2 0 0 na na
10 62323.472350290230 0.007696813231 cfg1 2 1 0 0 na na
10 62323.745350275686 0.007696548766 cfg1 2 2 0 0 na na
10 62323.761350344342 0.007696534327 cfg1 2 2 0 0 na na
10 62323.781350297526 0.007696513755 cfg1 2 1 0 0 na na
10 62323.786350283371 0.007696511456 cfg1 2 2 0 0 na na
10 62323.957350337453 0.007696360513 cfg1 2 2 0 0 na na
10 62324.014350304073 0.007696297857 cfg1 2 1 0 0 na na
10 62324.026350290651 0.007696310518 cfg1 2 1 0 0 na na
10 62324.040350312821 0.007696290180 cfg1 2 2 0 0 na na
10 62324.080350351457 0.007696271162 cfg1 2 1 0 0 na na
10 62324.139350341936 0.007696208990 cfg1 2 2 0 0 na na
10 62324.187350271032 0.007696170466 cfg1 2 2 0 0 na na
10 62324.267350282320 0.007696107901 cfg1 2 2 0 0 na na
10 62324.294350328629 0.007696089176 cfg1 2 1 0 0 na na
10 62324.343350324326 0.007696049984 cfg1 2 2 0 0 na na
10 62324.350350308249 0.007696044806 cfg1 2 2 0 0 na na
10 62324.382350287395 0.007696025102 cfg1 2 1 0 0 na na
10 62324.517350282480 0.007695923789 cfg1 2 2 0 0 na na
10 62324.554350303563 0.007695895905 cfg1 2 1 0 0 na na
10 62324.658350287403 0.007695827695 cfg1 2 2 0 0 na na
10 62324.663350284847 0.007695824357 cfg1 2 2 0 0 na na
10 62324.770350261407 0.007695755382 cfg1 2 2 0 0 na na
10 62324.848350348722 0.007695709711 cfg1 2 1 0 0 na na
10 62324.909350320621 0.007695670451 cfg1 2 2 0 0 na na
10 62324.915350322330 0.007695651627 cfg1 2 1 0 0 na na
10 62324.936350338205 0.007695644232 cfg1 2 1 0 0 na na
10 62324.942350294394 0.007695651194 cfg1 2 2 0 0 na na
10 62324.954350284965 0.007695648766 cfg1 2 1 0 0 na na
10 62324.982350293967 0.007695628062 cfg1 2 2 0 0 na na
10 62324.990350341259 0.007695610731 cfg1 2 1 0 0 na na
10 62325.059350312713 0.007695584995 cfg1 2 2 0 0 na na
10 62325.063350346844 0.007695584749 cfg1 2 1 0 0 na na
10 62325.125350287827 0.007695549369 cfg1 2 2 0 0 na na
10 62325.196350321534 0.007695512367 cfg1 2 2 0 0 na na
10 62325.251350282453 0.007695485118 cfg1 2 1 0 0 na na
10 62325.263350380421 0.007695478796 cfg1 2 2 0 0 na na
10 62325.310350254847 0.007695452082 cfg1 2 1 0 0 na na
10 62325.341350262037 0.007695441315 cfg1 2 2 0 0 na na
10 62325.365350259829 0.007695439722 cfg1 2 1 0 0 na na
10 62325.390350304270 0.007695417738 cfg1 2 1 0 0 na na
10 62325.439350314269 0.007695396687 cfg1 2 2 0 0 na na
10 62325.515350286028 0.007695363849 cfg1 2 2 0 0 na na
10 62325.526350274145 0.007695359212 cfg1 2 2 0 0 na na
10 62325.550350334668 0.007695349268 cfg1 2 2 0 0 na na
10 62325.644350285100 0.007695311902 cfg1 2 2 0 0 na na
10 62325.695350311251 0.007695292647 cfg1 2 2 0 0 na na
10 62325.724350277101 0.007695282068 cfg1 2 2 0 0 na na
10 62325.754350321831 0.007695283428 cfg1 2 1 0 0 na na
10 62325.975350273048 0.007695193805 cfg1 2 1 0 0 na na
10 62325.978350355124 0.007695199281 cfg1 2 2 0 0 na na
10 62326.056350262918 0.007695177206 cfg1 2 2 0 0 na na
10 62326.154350247609 0.007695158387 cfg1 2 1 0 0 na na
10 62326.241350289473 0.007695132420 cfg1 2 2 0 0 na na
10 62326.246350303698 0.007695131302 cfg1 2 2 0 0 na na
10 62326.323350312647 0.007695115485 cfg1 2 2 0 0 na na
10 62326.474350298057 0.007695089455 cfg1 2 2 0 0 na na
10 62326.532350312821 0.007695081209 cfg1 2 2 0 0 na na
10 62326.577350303087 0.007695075376 cfg1 2 2 0 0 na na
10 62326.598350310406 0.007695072853 cfg1 2 2 0 0 na na
10 62326.603350303222 0.007695072278 cfg1 2 2 0 0 na na
10 62326.614350277109 0.007695071017 cfg1 2 2 0 0 na na
10 62326.621350281905 0.007695073544 cfg1 2 1 0 0 na na
10 62326.658350272059 0.007695066433 cfg1 2 2 0 0 na na
10 62326.744350336915 0.007695059502 cfg1 2 1 0 0 na na
10 62326.812350305267 0.007695054407 cfg1 2 2 0 0 na na
10 62326.841350339818 0.007695037774 cfg1 2 1 0 0 na na
10 62326.867350278209 0.007695051703 cfg1 2 2 0 0 na na
10 62326.868350308282 0.007695051690 cfg1 2 2 0 0 na na
10 62326.872350299941 0.007695044190 cfg1 2 1 0 0 na na
10 62326.873350272174 0.007695051505 cfg1 2 2 0 0 na na
10 62326.968350310998 0.007695049044 cfg1 2 2 0 0 na na
10 62326.977350319305 0.007695048939 cfg1 2 2 0 0 na na
10 62326.995350298245 0.007695048724 cfg1 2 2 0 0 na na
10 62327.019350303390 0.007695048701 cfg1 2 2 0 0 na na
10 62327.088350332920 0.007695043071 cfg1 2 1 0 0 na na
10 62327.092350348777 0.007695039195 cfg1 2 1 0 0 na na
10 62327.094350309894 0.007695049652 cfg1 2 2 0 0 na na
10 62327.098350263392 0.007695035753 cfg1 2 1 0 0 na na
10 62327.132350326229 0.007695051228 cfg1 2 1 0 0 na na
10 62327.186350315713 0.007695052967 cfg1 2 2 0 0 na na
10 62327.231350289766 0.007695056193 cfg1 2 1 0 0 na na
10 62327.353350299584 0.007695065024 cfg1 2 2 0 0 na na
10 62327.417350279867 0.007695071757 cfg1 2 2 0 0 na na
10 62327.464350321636 0.007695083655 cfg1 2 1 0 0 na na
10 62327.516350299433 0.007695084356 cfg1 2 2 0 0 na na
10 62327.540350345320 0.007695097569 cfg1 2 1 0 0 na na
10 62327.550350316220 0.007695095914 cfg1 2 1 0 0 na na
10 62327.555350290855 0.007695090131 cfg1 2 2 0 0 na na
10 62327.557350266483 0.007695090391 cfg1 2 2 0 0 na na
10 62327.752350305425 0.007695125894 cfg1 2 1 0 0 na na
10 62327.869350307913 0.007695158933 cfg1 2 1 0 0 na na
10 62327.886350311128 0.007695141737 cfg1 2 1 0 0 na na
10 62327.887350264960 0.007695156513 cfg1 2 1 0 0 na na
10 62328.085350265558 0.007695210386 cfg1 2 2 0 0 na na
10 62328.098350317582 0.007695214373 cfg1 2 2 0 0 na na
10 62328.209350329478 0.007695253443 cfg1 2 1 0 0 na na
10 62328.246350273314 0.007695262542 cfg1 2 2 0 0 na na
10 62328.290350303261 0.007695278038 cfg1 2 2 0 0 na na
10 62328.386350288345 0.007695301232 cfg1 2 1 0 0 na na
10 62328.638350289605 0.007695409615 cfg1 2 1 0 0 na na
10 62328.775350339206 0.007695486814 cfg1 2 1 0 0 na na
10 62328.924350326393 0.007695563025 cfg1 2 1 0 0 na na
10 62328.964350296701 0.007695583875 cfg1 2 2 0 0 na na
10 62329.074350326823 0.007695646941 cfg1 2 1 0 0 na na
10 62329.101350335858 0.007695665283 cfg1 2 1 0 0 na na
10 62329.125350275607 0.007695687563 cfg1 2 1 0 0 na na
10 62329.487350358186 0.007695909075 cfg1 2 2 0 0 na na
10 62329.541350348412 0.007695936206 cfg1 2 1 0 0 na na
10 62329.703350309021 0.007696060767 cfg1 2 1 0 0 na na
10 62330.222350339694 0.007696483969 cfg1 2 1 0 0 na na
10 62330.329350285239 0.007696594117 cfg1 2 2 0 0 na na
10 62330.455350289494 0.007696713734 cfg1 2 2 0 0 na na
10 62330.538350279810 0.007696795032 cfg1 2 2 0 0 na na
10 62330.578350277356 0.007696828052 cfg1 2 1 0 0 na na
10 62330.700350239478 0.007696970442 cfg1 2 1 0 0 na na
10 62330.815350269774 0.007697080164 cfg1 2 2 0 0 na na
10 62330.853350346171 0.007697126347 cfg1 2 1 0 0 na na
10 62330.952350305168 0.007697216545 cfg1 2 1 0 0 na na
10 62331.134350314221 0.007697428889 cfg1 2 1 0 0 na na
10 62331.162350303754 0.007697467770 cfg1 2 2 0 0 na na
10 62331.309350301657 0.007697642155 cfg1 2 2 0 0 na na
10 62331.347350317062 0.007697688851 cfg1 2 1 0 0 na na
10 62331.420350291040 0.007697778484 cfg1 2 2 0 0 na na
10 62331.480350281921 0.007697852719 cfg1 2 2 0 0 na na
10 62331.517350311978 0.007697889017 cfg1 2 1 0 0 na na
10 62331.811350266542 0.007698293113 cfg1 2 1 0 0 na na
10 62331.826350254066 0.007698297687 cfg1 2 1 0 0 na na
10 62332.074350302791 0.007698637414 cfg1 2 1 0 0 na na
10 62332.101350276925 0.007698686423 cfg1 2 2 0 0 na na
10 62332.112350287670 0.007698697410 cfg1 2 1 0 0 na na
10 62332.211350235315 0.007698856554 cfg1 2 1 0 0 na na
10 62332.436350313697 0.007699180832 cfg1 2 2 0 0 na na
10 62332.595350300662 0.007699426556 cfg1 2 2 0 0 na na
10 62332.706350265775 0.007699598911 cfg1 2 1 0 0 na na
10 62332.725350246037 0.007699636017 cfg1 2 1 0 0 na na
10 62332.750350269464 0.007699661009 cfg1 2 1 0 0 na na
10 62332.834350284481 0.007699809427 cfg1 2 2 0 0 na na
10 62332.851350297479 0.007699837618 cfg1 2 1 0 0 na na
10 62333.072350330662 0.007700206440 cfg1 2 2 0 0 na na
10 62333.091350302006 0.007700234349 cfg1 2 1 0 0 na na
10 62333.121350329331 0.007700302085 cfg1 2 1 0 0 na na
10 62333.235350294349 0.007700496828 cfg1 2 1 0 0 na na
10 62333.452350303226 0.007700880317 cfg1 2 1 0 0 na na
10 62333.598350272347 0.007701129111 cfg1 2 1 0 0 na na
10 62333.613350283862 0.007701160896 cfg1 2 1 0 0 na na
10 62333.703350290267 0.007701332399 cfg1 2 1 0 0 na na
10 62333.723350277185 0.007701372845 cfg1 2 1 0 0 na na
10 62333.815350296069 0.007701555085 cfg1 2 1 0 0 na na
10 62333.831350304232 0.007701577181 cfg1 2 1 0 0 na na
10 62333.902350319479 0.007701715508 cfg1 2 2 0 0 na na
10 62334.031350288988 0.007701967348 cfg1 2 2 0 0 na na
10 62334.164350293744 0.007702245275 cfg1 2 1 0 0 na na
10 62334.305350312370 0.007702515767 cfg1 2 1 0 0 na na
10 62334.454350344821 0.007702835707 cfg1 2 1 0 0 na na
10 62334.472350343224 0.007702863682 cfg1 2 2 0 0 na na
10 62334.627350276855 0.007703200350 cfg1 2 1 0 0 na na
10 62334.645350323543 0.007703226995 cfg1 2 1 0 0 na na
10 62334.695350278885 0.007703338378 cfg1 2 1 0 0 na na
10 62334.764350345755 0.007703473490 cfg1 2 1 0 0 na na
10 62334.783350325365 0.007703517563 cfg1 2 1 0 0 na na
10 62334.882350301147 0.007703741786 cfg1 2 1 0 0 na na
10 62334.892350248889 0.007703770254 cfg1 2 1 0 0 na na
10 62334.897350274853 0.007703775443 cfg1 2 1 0 0 na na
10 62334.974350268382 0.007703944091 cfg1 2 1 0 0 na na
10 62335.323350303537 0.007704741342 cfg1 2 1 0 0 na na
10 62335.335350290712 0.007704775487 cfg1 2 2 0 0 na na
10 62335.385350357005 0.007704879165 cfg1 2 1 0 0 na na
10 62335.434350346723 0.007705011457 cfg1 2 1 0 0 na na
10 62335.489350281535 0.007705138411 cfg1 2 2 0 0 na na
10 62335.509350373343 0.007705173941 cfg1 2 1 0 0 na na
10 62335.564350322603 0.007705317655 cfg1 2 2 0 0 na na
10 62335.668350348959 0.007705568754 cfg1 2 2 0 0 na na
10 62335.723350300357 0.007705702862 cfg1 2 2 0 0 na na
10 62335.943350268805 0.007706248595 cfg1 2 1 0 0 na na
10 62336.054350341207 0.007706527435 cfg1 2 2 0 0 na na
10 62336.071350326456 0.007706564187 cfg1 2 1 0 0 na na
10 62336.207350280741 0.007706922960 cfg1 2 1 0 0 na na
10 62336.266350293232 0.007707066717 cfg1 2 1 0 0 na na
10 62336.317350316801 0.007707204303 cfg1 2 2 0 0 na na
10 62336.587350242514 0.007707929211 cfg1 2 1 0 0 na na
10 62336.872350324783 0.007708683177 cfg1 2 1 0 0 na na
10 62336.907350294368 0.007708781607 cfg1 2 1 0 0 na na
10 62337.230350301865 0.007709691352 cfg1 2 1 0 0 na na
10 62337.277350287700 0.007709842293 cfg1 2 1 0 0 na na
10 62337.434350284459 0.007710308399 cfg1 2 1 0 0 na na
10 62337.439350308436 0.007710305797 cfg1 2 1 0 0 na na
10 62337.470350265692 0.007710386083 cfg1 2 1 0 0 na na
10 62337.568350300146 0.007710688994 cfg1 2 2 0 0 na na
10 62337.590350372307 0.007710754604 cfg1 2 1 0 0 na na
10 62337.715350322399 0.007711130793 cfg1 2 1 0 0 na na
10 62337.794350308548 0.007711365264 cfg1 2 2 0 0 na na
10 62337.818350273542 0.007711448438 cfg1 2 1 0 0 na na
10 62337.864350258515 0.007711578060 cfg1 2 1 0 0 na na
10 62337.998350293366 0.007711983819 cfg1 2 1 0 0 na na
10 62338.047350324914 0.007712125811 cfg1 2 1 0 0 na na
10 62338.154350337904 0.007712466456 cfg1 2 1 0 0 na na
10 62338.165350331988 0.007712492916 cfg1 2 1 0 0 na na
10 62338.196350290639 0.007712592266 cfg1 2 1 0 0 na na
10 62338.252350320223 0.007712779289 cfg1 2 2 0 0 na na
10 62338.357350245922 0.007713116047 cfg1 2 1 0 0 na na
10 62338.358350285043 0.007713114946 cfg1 2 2 0 0 na na
10 62338.391350303435 0.007713220548 cfg1 2 1 0 0 na na
10 62338.521350280981 0.007713637149 cfg1 2 2 0 0 na na
10 62338.560350284298 0.007713763227 cfg1 2 2 0 0 na na
10 62338.605350310374 0.007713899646 cfg1 2 1 0 0 na na
10 62338.737350281064 0.007714350595 cfg1 2 1 0 0 na na
10 62338.816350303768 0.007714593386 cfg1 2 1 0 0 na na
10 62338.829350292901 0.007714644080 cfg1 2 2 0 0 na na
10 62338.880350284757 0.007714811690 cfg1 2 1 0 0 na na
10 62338.889350320454 0.007714843757 cfg1 2 1 0 0 na na
10 62339.210350294620 0.007715926430 cfg1 2 2 0 0 na na
10 62339.257350283682 0.007716088919 cfg1 2 1 0 0 na na
10 62339.294350271690 0.007716215112 cfg1 2 1 0 0 na na
10 62339.372350258760 0.007716473027 cfg1 2 1 0 0 na na
10 62339.472350303774 0.007716843176 cfg1 2 1 0 0 na na
10 62339.519350278054 0.007716988989 cfg1 2 1 0 0 na na
10 62339.649350279299 0.007717438920 cfg1 2 1 0 0 na na
10 62339.702350294007 0.007717642078 cfg1 2 2 0 0 na na
10 62339.741350297455 0.007717780998 cfg1 2 2 0 0 na na
10 62339.749350305011 0.007717822151 cfg1 2 1 0 0 na na
10 62339.761350351853 0.007717838453 cfg1 2 1 0 0 na na
10 62339.858350289156 0.007718200130 cfg1 2 2 0 0 na na
10 62340.009350247596 0.007718759418 cfg1 2 1 0 0 na na
10 62340.014350299645 0.007718764971 cfg1 2 2 0 0 na na
10 62340.016350308048 0.007718772314 cfg1 2 2 0 0 na na
10 62340.122350321402 0.007719159985 cfg1 2 2 0 0 na na
10 62340.187350334225 0.007719399877 cfg1 2 1 0 0 na na
10 62340.331350379315 0.007719936693 cfg1 2 1 0 0 na na
10 62340.773350347504 0.007721612744 cfg1 2 1 0 0 na na
10 62340.985350335967 0.007722444148 cfg1 2 1 0 0 na na
10 62341.016350255778 0.007722551184 cfg1 2 1 0 0 na na
10 62341.293350321024 0.007723662908 cfg1 2 1 0 0 na na
10 62341.495350342348 0.007724465129 cfg1 2 1 0 0 na na
10 62341.674350299549 0.007725207358 cfg1 2 1 0 0 na na
10 62341.787350304108 0.007725660603 cfg1 2 2 0 0 na na
10 62341.792350314839 0.007725681062 cfg1 2 1 0 0 na na
10 62341.858350317338 0.007725963183 cfg1 2 1 0 0 na na
10 62341.876350321722 0.007726032149 cfg1 2 1 0 0 na na
10 62341.962350287734 0.007726398374 cfg1 2 1 0 0 na na
10 62342.520350368759 0.007728773802 cfg1 2 1 0 0 na na
10 62342.607350332332 0.007729158612 cfg1 2 1 0 0 na na
10 62342.694350289315 0.007729536341 cfg1 2 1 0 0 na na
10 62342.789350327681 0.007729943824 cfg1 2 2 0 0 na na
10 62342.853350302684 0.007730234204 cfg1 2 1 0 0 na na
10 62342.917350293980 0.007730502464 cfg1 2 1 0 0 na na
10 62343.087350336646 0.007731256519 cfg1 2 1 0 0 na na
10 62343.119350289692 0.007731415406 cfg1 2 2 0 0 na na
10 62343.165350307439 0.007731623083 cfg1 2 2 0 0 na na
10 62343.264350345968 0.007732071542 cfg1 2 2 0 0 na na
10 62343.385350317159 0.007732623579 cfg1 2 2 0 0 na na
10 62343.414350310267 0.007732756443 cfg1 2 2 0 0 na na
10 62343.433350269178 0.007732843650 cfg1 2 2 0 0 na na
10 62343.481350283608 0.007733076238 cfg1 2 1 0 0 na na
10 62343.586350351593 0.007733541649 cfg1 2 1 0 0 na na
10 62343.593350282650 0.007733577698 cfg1 2 1 0 0 na na
10 62343.645350304819 0.007733832856 cfg1 2 1 0 0 na na
10 62343.669350339364 0.007733929154 cfg1 2 1 0 0 na na
10 62343.908350294462 0.007735057830 cfg1 2 1 0 0 na na
10 62343.910350291223 0.007735065515 cfg1 2 1 0 0 na na
10 62343.955350308683 0.007735278457 cfg1 2 2 0 0 na na
10 62343.963350344736 0.007735310848 cfg1 2 1 0 0 na na
10 62344.008350288062 0.007735532709 cfg1 2 1 0 0 na na
10 62344.057350299926 0.007735763001 cfg1 2 2 0 0 na na
10 62344.077350254563 0.007735857262 cfg1 2 1 0 0 na na
10 62344.175350291860 0.007736332697 cfg1 2 1 0 0 na na
10 62344.211350313014 0.007736509037 cfg1 2 1 0 0 na na
10 62344.348350310066 0.007737167655 cfg1 2 1 0 0 na na
10 62344.620350344961 0.007738481054 cfg1 2 1 0 0 na na
10 62344.677350344864 0.007738762398 cfg1 2 1 0 0 na na
10 62344.758350266215 0.007739155662 cfg1 2 1 0 0 na na
10 62344.834350358576 0.007739545956 cfg1 2 1 0 0 na na
10 62344.860350301617 0.007739678225 cfg1 2 2 0 0 na na
10 62344.917350286550 0.007739962917 cfg1 2 2 0 0 na na
10 62345.009350293120 0.007740426403 cfg1 2 1 0 0 na na
10 62345.064350330413 0.007740700076 cfg1 2 1 0 0 na na
10 62345.207350299862 0.007741419187 cfg1 2 1 0 0 na na
10 62345.305350312463 0.007741934256 cfg1 2 1 0 0 na na
10 62345.753350263421 0.007744241993 cfg1 2 1 0 0 na na
10 62345.789350365835 0.007744427115 cfg1 2 1 0 0 na na
10 62345.832350281114 0.007744655815 cfg1 2 2 0 0 na na
10 62345.848350364341 0.007744739736 cfg1 2 2 0 0 na na
10 62345.874350266149 0.007744861568 cfg1 2 1 0 0 na na
10 62345.952350284876 0.007745290982 cfg1 2 1 0 0 na na
10 62345.957350346759 0.007745315893 cfg1 2 1 0 0 na na
10 62346.004350332862 0.007745570955 cfg1 2 1 0 0 na na
10 62346.017350305044 0.007745632991 cfg1 2 1 0 0 na na
10 62346.035350354008 0.007745736927 cfg1 2 1 0 0 na na
10 62346.039350307408 0.007745749363 cfg1 2 2 0 0 na na
10 62346.152350267662 0.007746364904 cfg1 2 1 0 0 na na
10 62346.197350348004 0.007746592117 cfg1 2 2 0 0 na na
10 62346.282350338348 0.007747053386 cfg1 2 1 0 0 na na
10 62346.423350306956 0.007747809515 cfg1 2 2 0 0 na na
10 62346.566350322346 0.007748586986 cfg1 2 2 0 0 na na
10 62346.573350336984 0.007748631329 cfg1 2 1 0 0 na na
10 62346.730350333296 0.007749485632 cfg1 2 2 0 0 na na
10 62346.850350277787 0.007750147885 cfg1 2 2 0 0 na na
10 62346.941350263370 0.007750638902 cfg1 2 1 0 0 na na
10 62347.024350302627 0.007751110415 cfg1 2 1 0 0 na na
10 62347.037350311878 0.007751187694 cfg1 2 2 0 0 na na
10 62347.168350319405 0.007751917383 cfg1 2 1 0 0 na na
10 62347.284350271598 0.007752571052 cfg1 2 1 0 0 na na
10 62347.435350279631 0.007753432989 cfg1 2 2 0 0 na na
10 62347.456350360809 0.007753562135 cfg1 2 1 0 0 na na
10 62347.513350362167 0.007753888671 cfg1 2 1 0 0 na na
10 62347.680350305492 0.007754836614 cfg1 2 1 0 0 na na
10 62347.834350267434 0.007755738764 cfg1 2 1 0 0 na na
10 62347.860350302401 0.007755881040 cfg1 2 1 0 0 na na
10 62347.907350294853 0.007756159817 cfg1 2 1 0 0 na na
10 62348.053350318902 0.007757005449 cfg1 2 1 0 0 na na
10 62348.156350270998 0.007757612972 cfg1 2 1 0 0 na na
10 62348.168350320851 0.007757669304 cfg1 2 1 0 0 na na
10 62348.208350251941 0.007757917926 cfg1 2 2 0 0 na na
10 62348.215350342480 0.007757959299 cfg1 2 1 0 0 na na
10 62348.316350280007 0.007758557644 cfg1 2 2 0 0 na na
10 62348.399350311955 0.007759051412 cfg1 2 2 0 0 na na
10 62348.488350273927 0.007759578237 cfg1 2 1 0 0 na na
10 62348.578350293167 0.007760111293 cfg1 2 1 0 0 na na
10 62348.665350299784 0.007760646521 cfg1 2 2 0 0 na na
10 62348.698350255788 0.007760849976 cfg1 2 1 0 0 na na
10 62348.704350311476 0.007760883002 cfg1 2 1 0 0 na na
10 62348.782350277617 0.007761353684 cfg1 2 1 0 0 na na
10 62348.836350344402 0.007761675243 cfg1 2 1 0 0 na na
10 62348.838350292469 0.007761694474 cfg1 2 2 0 0 na na
10 62348.888350300173 0.007762011553 cfg1 2 1 0 0 na na
10 62348.899350336972 0.007762068285 cfg1 2 1 0 0 na na
10 62348.968350332539 0.007762484535 cfg1 2 1 0 0 na na
10 62349.061350290418 0.007763048492 cfg1 2 1 0 0 na na
10 62349.221350295790 0.007764052628 cfg1 2 1 0 0 na na
10 62349.417350345858 0.007765261089 cfg1 2 2 0 0 na na
10 62349.879350290457 0.007768172738 cfg1 2 2 0 0 na na
10 62349.891350282909 0.007768248635 cfg1 2 1 0 0 na na
10 62350.050350277321 0.007769273148 cfg1 2 1 0 0 na na
10 62350.161350291441 0.007769978296 cfg1 2 1 0 0 na na
10 62350.178350303665 0.007770088215 cfg1 2 1 0 0 na na
10 62350.345350300175 0.007771158769 cfg1 2 1 0 0 na na
10 62350.487350317098 0.007772094263 cfg1 2 1 0 0 na na
10 62350.613350339702 0.007772913513 cfg1 2 1 0 0 na na
10 62350.732350350434 0.007773700213 cfg1 2 1 0 0 na na
10 62350.919350341690 0.007774944020 cfg1 2 1 0 0 na na
10 62351.037350289191 0.007775735768 cfg1 2 1 0 0 na na
10 62351.056350253603 0.007775863335 cfg1 2 1 0 0 na na
10 62351.201350341998 0.007776826550 cfg1 2 2 0 0 na na
10 62351.269350281522 0.007777298666 cfg1 2 1 0 0 na na
10 62351.392350243775 0.007778123341 cfg1 2 1 0 0 na na
10 62351.447350277732 0.007778489500 cfg1 2 1 0 0 na na
10 62351.484350290383 0.007778747291 cfg1 2 1 0 0 na na
10 62351.621350292165 0.007779680308 cfg1 2 1 0 0 na na
10 62351.648350280580 0.007779847779 cfg1 2 1 0 0 na na
10 62351.650350305786 0.007779863871 cfg1 2 1 0 0 na na
10 62351.868350340583 0.007781358916 cfg1 2 1 0 0 na na
10 62351.870350295687 0.007781386678 cfg1 2 2 0 0 na na
10 62351.953350319027 0.007781960926 cfg1 2 2 0 0 na na
10 62352.134350329659 0.007783220404 cfg1 2 1 0 0 na na
10 62352.189350299173 0.007783610103 cfg1 2 1 0 0 na na
10 62352.234350259134 0.007783919080 cfg1 2 1 0 0 na na
10 62352.330350327187 0.007784592559 cfg1 2 1 0 0 na na
10 62352.371350314319 0.007784884251 cfg1 2 1 0 0 na na
10 62352.656350277734 0.007786894491 cfg1 2 1 0 0 na na
10 62352.689350316318 0.007787129175 cfg1 2 1 0 0 na na
10 62352.758350261900 0.007787623441 cfg1 2 1 0 0 na na
10 62352.841350324642 0.007788229067 cfg1 2 1 0 0 na na
10 62353.044350332175 0.007789682544 cfg1 2 1 0 0 na na
10 62353.379350334859 0.007792132882 cfg1 2 1 0 0 na na
10 62353.398350294950 0.007792245599 cfg1 2 1 0 0 na na
10 62353.436350288822 0.007792527568 cfg1 2 1 0 0 na na
10 62353.478350313710 0.007792845226 cfg1 2 1 0 0 na na
10 62353.608350279773 0.007793795192 cfg1 2 1 0 0 na na
10 62353.969350279797 0.007796483583 cfg1 2 2 0 0 na na
10 62354.056350306249 0.007797133342 cfg1 2 1 0 0 na na
10 62354.072350254187 0.007797248179 cfg1 2 1 0 0 na na
10 62354.230350300619 0.007798444618 cfg1 2 2 0 0 na na
10 62354.329350275247 0.007799186084 cfg1 2 1 0 0 na na
10 62354.491350331059 0.007800434752 cfg1 2 1 0 0 na na
10 62354.546350245237 0.007800846771 cfg1 2 1 0 0 na na
10 62354.658350320311 0.007801691946 cfg1 2 1 0 0 na na
10 62354.689350252718 0.007801934235 cfg1 2 1 0 0 na na
10 62354.704350342908 0.007802064839 cfg1 2 1 0 0 na na
10 62354.935350290626 0.007803821389 cfg1 2 1 0 0 na na
10 62355.721350302476 0.007810003377 cfg1 2 1 0 0 na na
10 62355.731350283593 0.007810075739 cfg1 2 1 0 0 na na
10 62356.014350313352 0.007812336689 cfg1 2 2 0 0 na na
10 62356.137350312073 0.007813322452 cfg1 2 1 0 0 na na
10 62356.179350344119 0.007813658467 cfg1 2 1 0 0 na na
10 62356.227350298685 0.007814046459 cfg1 2 1 0 0 na na
10 62356.280350268505 0.007814481367 cfg1 2 1 0 0 na na
10 62356.332350280933 0.007814902827 cfg1 2 1 0 0 na na
10 62356.383350312796 0.007815316942 cfg1 2 2 0 0 na na
10 62356.556350299746 0.007816719414 cfg1 2 1 0 0 na na
10 62356.611350340629 0.007817163820 cfg1 2 1 0 0 na na
10 62356.735350295260 0.007818195686 cfg1 2 1 0 0 na na
10 62356.795350273877 0.007818686849 cfg1 2 1 0 0 na na
10 62356.831350358161 0.007818984459 cfg1 2 1 0 0 na na
10 62356.898350292552 0.007819528027 cfg1 2 1 0 0 na na
10 62356.937350328810 0.007819850809 cfg1 2 1 0 0 na na
10 62356.967350290113 0.007820118098 cfg1 2 1 0 0 na na
10 62357.040350358500 0.007820704351 cfg1 2 1 0 0 na na
10 62357.059350278663 0.007820865403 cfg1 2 1 0 0 na na
10 62357.148350283747 0.007821621500 cfg1 2 1 0 0 na na
10 62357.352350354501 0.007823317493 cfg1 2 2 0 0 na na
10 62357.437350264206 0.007824044052 cfg1 2 1 0 0 na na
10 62357.474350250473 0.007824353097 cfg1 2 1 0 0 na na
10 62357.494350299349 0.007824510449 cfg1 2 1 0 0 na na
10 62357.509350296387 0.007824638637 cfg1 2 1 0 0 na na
10 62357.564350303238 0.007825100749 cfg1 2 1 0 0 na na
10 62357.665350336327 0.007825956659 cfg1 2 1 0 0 na na
10 62357.878350312058 0.007827757224 cfg1 2 1 0 0 na na
10 62357.921350312821 0.007828117143 cfg1 2 1 0 0 na na
10 62358.030350288095 0.007829064436 cfg1 2 2 0 0 na na
10 62358.116350315629 0.007829811484 cfg1 2 1 0 0 na na
10 62358.205350296934 0.007830567085 cfg1 2 1 0 0 na na
10 62358.271350326357 0.007831136189 cfg1 2 2 0 0 na na
10 62358.382350346007 0.007832097929 cfg1 2 1 0 0 na na
10 62358.386350313578 0.007832130495 cfg1 2 1 0 0 na na
10 62358.405350361310 0.007832290594 cfg1 2 1 0 0 na na
10 62358.576350291349 0.007833781007 cfg1 2 1 0 0 na na
10 62358.589350342912 0.007833894286 cfg1 2 2 0 0 na na
10 62358.591350333574 0.007833914752 cfg1 2 1 0 0 na na
10 62358.607350298580 0.007834048152 cfg1 2 1 0 0 na na
10 62358.659350319949 0.007834517534 cfg1 2 1 0 0 na na
10 62358.741350296801 0.007835222177 cfg1 2 2 0 0 na na
10 62358.751350297442 0.007835307107 cfg1 2 1 0 0 na na
10 62358.852350320891 0.007836185246 cfg1 2 1 0 0 na na
10 62358.896350312091 0.007836582495 cfg1 2 2 0 0 na na
10 62358.920350345364 0.007836796164 cfg1 2 1 0 0 na na
10 62358.942350337262 0.007836987925 cfg1 2 2 0 0 na na
10 62358.956350351005 0.007837109186 cfg1 2 1 0 0 na na
10 62359.198350313091 0.007839239368 cfg1 2 1 0 0 na na
10 62359.345350250621 0.007840560972 cfg1 2 1 0 0 na na
10 62359.437350324929 0.007841380789 cfg1 2 1 0 0 na na
10 62359.505350282233 0.007841996781 cfg1 2 1 0 0 na na
10 62359.590350237306 0.007842764948 cfg1 2 1 0 0 na na
10 62359.619350327075 0.007843025830 cfg1 2 1 0 0 na na
10 62359.936350340915 0.007845875457 cfg1 2 2 0 0 na na
10 62359.967350291964 0.007846161120 cfg1 2 1 0 0 na na
10 62359.999350348538 0.007846437583 cfg1 2 1 0 0 na na
10 62360.182350266919 0.007848115910 cfg1 2 2 0 0 na na
10 62360.394350329859 0.007850051442 cfg1 2 1 0 0 na na
10 62360.430350260478 0.007850390016 cfg1 2 2 0 0 na na
10 62360.509350305557 0.007851103774 cfg1 2 1 0 0 na na
10 62360.576350306236 0.007851741399 cfg1 2 1 0 0 na na
10 62360.709350336927 0.007852959701 cfg1 2 1 0 0 na na
10 62360.745350336960 0.007853311659 cfg1 2 1 0 0 na na
10 62360.756350326287 0.007853419333 cfg1 2 1 0 0 na na
10 62360.963350275647 0.007855333609 cfg1 2 1 0 0 na na
10 62360.997350287278 0.007855661422 cfg1 2 1 0 0 na na
10 62361.108350342705 0.007856691300 cfg1 2 2 0 0 na na
10 62361.115350292464 0.007856760192 cfg1 2 1 0 0 na na
10 62361.146350294051 0.007857041212 cfg1 2 1 0 0 na na
10 62361.342350377351 0.007858897127 cfg1 2 1 0 0 na na
10 62361.373350239036 0.007859197884 cfg1 2 1 0 0 na na
10 62361.492350321423 0.007860326242 cfg1 2 1 0 0 na na
10 62361.521350320136 0.007860585004 cfg1 2 1 0 0 na na
10 62361.846350280226 0.007863684563 cfg1 2 1 0 0 na na
10 62361.866350264810 0.007863866958 cfg1 2 1 0 0 na na
10 62361.922350279928 0.007864426138 cfg1 2 1 0 0 na na
10 62361.944350371639 0.007864636031 cfg1 2 1 0 0 na na
10 62361.957350314425 0.007864750086 cfg1 2 1 0 0 na na
10 62362.072350361326 0.007865856382 cfg1 2 1 0 0 na na
10 62362.106350286739 0.007866187194 cfg1 2 1 0 0 na na
10 62362.151350262130 0.007866611092 cfg1 2 1 0 0 na na
10 62362.164350269680 0.007866759732 cfg1 2 1 0 0 na na
10 62362.242350310967 0.007867501530 cfg1 2 1 0 0 na na
10 62362.259350268340 0.007867663643 cfg1 2 1 0 0 na na
10 62362.357350315143 0.007868616659 cfg1 2 1 0 0 na na
10 62362.442350299520 0.007869448473 cfg1 2 1 0 0 na na
10 62362.495350296174 0.007869952015 cfg1 2 1 0 0 na na
10 62362.546350313395 0.007870447270 cfg1 2 1 0 0 na na
10 62362.595350274199 0.007870934640 cfg1 2 1 0 0 na na
10 62362.639350329780 0.007871354495 cfg1 2 1 0 0 na na
10 62362.649350318740 0.007871474635 cfg1 2 1 0 0 na na
10 62362.664350306363 0.007871625173 cfg1 2 1 0 0 na na
10 62362.702350325894 0.007871968615 cfg1 2 1 0 0 na na
10 62362.804350274794 0.007872989852 cfg1 2 1 0 0 na na
10 62362.888350275140 0.007873810884 cfg1 2 1 0 0 na na
10 62362.924350336750 0.007874153606 cfg1 2 1 0 0 na na
10 62363.014350282389 0.007875054294 cfg1 2 2 0 0 na na
10 62363.035350266252 0.007875264919 cfg1 2 1 0 0 na na
10 62363.125350304320 0.007876153148 cfg1 2 1 0 0 na na
10 62363.265350362432 0.007877533985 cfg1 2 1 0 0 na na
10 62363.277350330831 0.007877662972 cfg1 2 1 0 0 na na
10 62363.291350331333 0.007877796962 cfg1 2 1 0 0 na na
10 62363.423350290508 0.007879119997 cfg1 2 1 0 0 na na
10 62363.730350307672 0.007882183896 cfg1 2 1 0 0 na na
10 62363.836350307574 0.007883272678 cfg1 2 1 0 0 na na
10 62363.888350283531 0.007883798139 cfg1 2 1 0 0 na na
10 62363.922350292243 0.007884139738 cfg1 2 1 0 0 na na
10 62363.952350268084 0.007884441192 cfg1 2 1 0 0 na na
10 62363.987350330967 0.007884786565 cfg1 2 1 0 0 na na
10 62364.117350312054 0.007886116362 cfg1 2 2 0 0 na na
10 62364.153350296555 0.007886482544 cfg1 2 1 0 0 na na
10 62364.201350340315 0.007886965992 cfg1 2 1 0 0 na na
10 62364.331350285558 0.007888299281 cfg1 2 2 0 0 na na
10 62364.364350359936 0.007888623105 cfg1 2 1 0 0 na na
10 62364.485350325707 0.007889883031 cfg1 2 1 0 0 na na
10 62364.657350327666 0.007891651996 cfg1 2 1 0 0 na na
10 62364.683350299084 0.007891915868 cfg1 2 1 0 0 na na
10 62364.739350352227 0.007892507599 cfg1 2 1 0 0 na na
10 62364.884350348482 0.007893998206 cfg1 2 1 0 0 na na
10 62365.115350317004 0.007896406295 cfg1 2 1 0 0 na na
10 62365.239350246922 0.007897700686 cfg1 2 1 0 0 na na
10 62365.265350331639 0.007897979281 cfg1 2 1 0 0 na na
10 62365.312350321062 0.007898451374 cfg1 2 1 0 0 na na
10 62365.384350327789 0.007899215094 cfg1 2 2 0 0 na na
10 62365.399350291578 0.007899372036 cfg1 2 1 0 0 na na
10 62365.417350294960 0.007899557460 cfg1 2 1 0 0 na na
10 62365.436350239240 0.007899772390 cfg1 2 1 0 0 na na
10 62365.561350336168 0.007901078338 cfg1 2 1 0 0 na na
10 62365.590350274388 0.007901383648 cfg1 2 2 0 0 na na
10 62365.637350296875 0.007901867800 cfg1 2 1 0 0 na na
10 62365.700350263697 0.007902533120 cfg1 2 1 0 0 na na
10 62365.704350310188 0.007902588704 cfg1 2 1 0 0 na na
10 62365.751350290477 0.007903083218 cfg1 2 1 0 0 na na
10 62366.367350285097 0.007909667359 cfg1 2 1 0 0 na na
10 62366.401350329063 0.007910029090 cfg1 2 1 0 0 na na
10 62366.421350327377 0.007910248742 cfg1 2 1 0 0 na na
10 62366.432350327069 0.007910363939 cfg1 2 1 0 0 na na
10 62366.481350316329 0.007910892290 cfg1 2 2 0 0 na na
10 62366.489350320005 0.007910985433 cfg1 2 1 0 0 na na
10 62366.566350346623 0.007911816448 cfg1 2 1 0 0 na na
10 62366.587350324738 0.007912037039 cfg1 2 2 0 0 na na
10 62366.588350342131 0.007912042412 cfg1 2 1 0 0 na na
10 62366.630350298863 0.007912515550 cfg1 2 1 0 0 na na
10 62366.733350352127 0.007913631325 cfg1 2 1 0 0 na na
10 62366.757350319801 0.007913885493 cfg1 2 1 0 0 na na
10 62366.810350342047 0.007914444550 cfg1 2 1 0 0 na na
10 62366.939350283012 0.007915869783 cfg1 2 1 0 0 na na
10 62367.062350373671 0.007917196463 cfg1 2 1 0 0 na na
10 62367.063350251630 0.007917210418 cfg1 2 1 0 0 na na
10 62367.196350327545 0.007918670860 cfg1 2 2 0 0 na na
10 62367.216350303146 0.007918882764 cfg1 2 1 0 0 na na
10 62367.307350326127 0.007919892152 cfg1 2 1 0 0 na na
10 62367.404350290098 0.007920948098 cfg1 2 1 0 0 na na
10 62367.495350349476 0.007921963297 cfg1 2 2 0 0 na na
10 62367.510350354893 0.007922135856 cfg1 2 1 0 0 na na
10 62367.592350291676 0.007923024214 cfg1 2 1 0 0 na na
10 62367.676350328257 0.007923960981 cfg1 2 1 0 0 na na
10 62367.716350262862 0.007924399192 cfg1 2 1 0 0 na na
10 62367.718350361205 0.007924423158 cfg1 2 1 0 0 na na
10 62367.759350360480 0.007924894739 cfg1 2 1 0 0 na na
10 62367.808350340482 0.007925447571 cfg1 2 1 0 0 na na
10 62367.860350297475 0.007926021718 cfg1 2 1 0 0 na na
10 62368.169350283129 0.007929455072 cfg1 2 1 0 0 na na
10 62368.292350360950 0.007930850157 cfg1 2 1 0 0 na na
10 62368.293350309989 0.007930862890 cfg1 2 1 0 0 na na
10 62368.312350305669 0.007931067118 cfg1 2 1 0 0 na na
10 62368.364350282194 0.007931661016 cfg1 2 1 0 0 na na
10 62368.463350291060 0.007932793024 cfg1 2 1 0 0 na na
10 62368.644350343641 0.007934813412 cfg1 2 1 0 0 na na
10 62368.880350299343 0.007937514681 cfg1 2 1 0 0 na na
10 62368.959350299975 0.007938415261 cfg1 2 1 0 0 na na
10 62369.017350341002 0.007939089481 cfg1 2 1 0 0 na na
10 62369.034350318498 0.007939270612 cfg1 2 1 0 0 na na
10 62369.179350324564 0.007940931295 cfg1 2 1 0 0 na na
10 62369.195350315272 0.007941116574 cfg1 2 2 0 0 na na
10 62369.210350296224 0.007941281238 cfg1 2 1 0 0 na na
10 62369.395350341360 0.007943426312 cfg1 2 1 0 0 na na
10 62369.491350292840 0.007944531109 cfg1 2 1 0 0 na na
10 62369.552350316224 0.007945247406 cfg1 2 1 0 0 na na
10 62369.758350315711 0.007947609401 cfg1 2 1 0 0 na na
10 62370.092350269946 0.007951533380 cfg1 2 1 0 0 na na
10 62370.095350332950 0.007951555657 cfg1 2 1 0 0 na na
10 62370.219350266641 0.007953012014 cfg1 2 1 0 0 na na
10 62370.436350312249 0.007955563643 cfg1 2 1 0 0 na na
10 62370.485350303783 0.007956134204 cfg1 2 1 0 0 na na
10 62370.762350334799 0.007959438311 cfg1 2 1 0 0 na na
10 62370.781350346918 0.007959643180 cfg1 2 1 0 0 na na
10 62371.017350286849 0.007962465318 cfg1 2 1 0 0 na na
10 62371.128350314931 0.007963791809 cfg1 2 1 0 0 na na
10 62371.171350300578 0.007964306722 cfg1 2 1 0 0 na na
10 62371.209350353786 0.007964775911 cfg1 2 1 0 0 na na
10 62371.261350312510 0.007965395544 cfg1 2 1 0 0 na na
10 62371.344350353585 0.007966384438 cfg1 2 1 0 0 na na
10 62371.408350376981 0.007967151499 cfg1 2 1 0 0 na na
10 62371.475350288032 0.007967963658 cfg1 2 1 0 0 na na
10 62371.508350311635 0.007968360952 cfg1 2 1 0 0 na na
10 62371.722350339919 0.007970964496 cfg1 2 1 0 0 na na
10 62371.758350321929 0.007971388517 cfg1 2 1 0 0 na na
10 62371.877350291331 0.007972837961 cfg1 2 1 0 0 na na
10 62371.938350337812 0.007973577555 cfg1 2 1 0 0 na na
10 62371.967350291461 0.007973928800 cfg1 2 1 0 0 na na
10 62371.988350236986 0.007974199806 cfg1 2 1 0 0 na na
10 62372.053350259429 0.007974967536 cfg1 2 1 0 0 na na
10 62372.056350365743 0.007975029260 cfg1 2 1 0 0 na na
10 62372.229350322132 0.007977117063 cfg1 2 1 0 0 na na
10 62372.290350375292 0.007977874296 cfg1 2 1 0 0 na na
10 62372.304350272853 0.007978048707 cfg1 2 1 0 0 na na
10 62372.370350303305 0.007978846447 cfg1 2 1 0 0 na na
10 62372.371350328944 0.007978883204 cfg1 2 1 0 0 na na
10 62372.415350301011 0.007979428257 cfg1 2 1 0 0 na na
10 62372.510350365342 0.007980594421 cfg1 2 1 0 0 na na
10 62372.538350254793 0.007980927201 cfg1 2 1 0 0 na na
10 62372.785350311564 0.007983983886 cfg1 2 2 0 0 na na
10 62372.787350295003 0.007984004344 cfg1 2 1 0 0 na na
10 62373.089350289739 0.007987763499 cfg1 2 1 0 0 na na
10 62373.214350266192 0.007989333072 cfg1 2 1 0 0 na na
10 62373.247350357273 0.007989734271 cfg1 2 1 0 0 na na
10 62373.305350300991 0.007990460365 cfg1 2 1 0 0 na na
10 62373.339350259536 0.007990886899 cfg1 2 1 0 0 na na
10 62373.348350258362 0.007991001569 cfg1 2 1 0 0 na na
10 62373.479350261184 0.007992638765 cfg1 2 1 0 0 na na
10 62373.485350368119 0.007992718550 cfg1 2 1 0 0 na na
10 62373.516350291686 0.007993108522 cfg1 2 1 0 0 na na
10 62373.610350314042 0.007994303290 cfg1 2 1 0 0 na na
10 62373.794350317102 0.007996605897 cfg1 2 1 0 0 na na
10 62373.864350287959 0.007997502736 cfg1 2 1 0 0 na na
10 62373.904350339889 0.007998014259 cfg1 2 1 0 0 na na
10 62374.068350303783 0.008000095994 cfg1 2 1 0 0 na na
10 62374.069350266318 0.008000092880 cfg1 2 1 0 0 na na
10 62374.075350257325 0.008000174749 cfg1 2 1 0 0 na na
10 62374.084350274301 0.008000306740 cfg1 2 1 0 0 na na
10 62374.359350298226 0.008003808925 cfg1 2 1 0 0 na na
10 62374.437350332081 0.008004788536 cfg1 2 1 0 0 na na
10 62374.454350299959 0.008005032219 cfg1 2 1 0 0 na na
10 62374.467350295988 0.008005181075 cfg1 2 1 0 0 na na
10 62374.565350298053 0.008006447999 cfg1 2 1 0 0 na na
10 62374.707350241843 0.008008274984 cfg1 2 1 0 0 na na
10 62374.849350360046 0.008010113420 cfg1 2 1 0 0 na na
10 62374.944350243505 0.008011333289 cfg1 2 1 0 0 na na
10 62374.972350313572 0.008011688569 cfg1 2 1 0 0 na na
10 62374.987350294272 0.008011868768 cfg1 2 1 0 0 na na
10 62375.012350289880 0.008012208773 cfg1 2 1 0 0 na na
10 62375.107350320252 0.008013427578 cfg1 2 1 0 0 na na
10 62375.195350325337 0.008014588081 cfg1 2 1 0 0 na na
10 62375.209350277323 0.008014755915 cfg1 2 1 0 0 na na
10 62375.214350298798 0.008014835227 cfg1 2 1 0 0 na na
10 62375.218350308426 0.008014876333 cfg1 2 1 0 0 na na
10 62375.343350299129 0.008016500344 cfg1 2 1 0 0 na na
10 62375.454350348882 0.008017945124 cfg1 2 1 0 0 na na
10 62375.541350286757 0.008019092302 cfg1 2 1 0 0 na na
10 62375.843350299137 0.008023054558 cfg1 2 1 0 0 na na
10 62375.876350318186 0.008023488836 cfg1 2 1 0 0 na na
10 62376.069350294062 0.008026047681 cfg1 2 1 0 0 na na
10 62376.077350322524 0.008026155379 cfg1 2 1 0 0 na na
10 62376.120350318825 0.008026704266 cfg1 2 1 0 0 na na
10 62376.259350340665 0.008028556887 cfg1 2 1 0 0 na na
10 62376.268350318619 0.008028668827 cfg1 2 1 0 0 na na
10 62376.477350286433 0.008031453447 cfg1 2 1 0 0 na na
10 62376.550350336477 0.008032412949 cfg1 2 1 0 0 na na
10 62376.576350290025 0.008032754407 cfg1 2 1 0 0 na na
10 62376.626350339873 0.008033431596 cfg1 2 1 0 0 na na
10 62376.792350288867 0.008035650908 cfg1 2 1 0 0 na na
10 62376.907350326213 0.008037193897 cfg1 2 1 0 0 na na
10 62377.161350352360 0.008040611193 cfg1 2 1 0 0 na na
10 62377.184350330430 0.008040924849 cfg1 2 1 0 0 na na
10 62377.207350266763 0.008041220195 cfg1 2 1 0 0 na na
10 62377.234350306002 0.008041610501 cfg1 2 1 0 0 na na
10 62377.240350255931 0.008041676154 cfg1 2 1 0 0 na na
10 62377.255350319603 0.008041877944 cfg1 2 1 0 0 na na
10 62377.280350369110 0.008042217337 cfg1 2 2 0 0 na na
10 62377.430350243432 0.008044258732 cfg1 2 1 0 0 na na
10 62377.581350299128 0.008046284044 cfg1 2 1 0 0 na na
10 62377.630350342561 0.008046971352 cfg1 2 1 0 0 na na
10 62377.637350269172 0.008047042420 cfg1 2 1 0 0 na na
10 62377.638350309672 0.008047063935 cfg1 2 1 0 0 na na
10 62377.671350306744 0.008047518669 cfg1 2 1 0 0 na na
10 62377.702350343507 0.008047935654 cfg1 2 1 0 0 na na
10 62377.773350323199 0.008048915547 cfg1 2 1 0 0 na na
10 62377.838350255232 0.008049792128 cfg1 2 1 0 0 na na
10 62377.929350328220 0.008051045577 cfg1 2 1 0 0 na na
10 62377.935350352720 0.008051130127 cfg1 2 1 0 0 na na
10 62377.952350266934 0.008051360707 cfg1 2 1 0 0 na na
10 62378.024350322070 0.008052324519 cfg1 2 1 0 0 na na
10 62378.125350303013 0.008053726077 cfg1 2 1 0 0 na na
10 62378.167350246237 0.008054305667 cfg1 2 1 0 0 na na
10 62378.173350297414 0.008054367324 cfg1 2 1 0 0 na na
10 62378.500350308307 0.008058879816 cfg1 2 1 0 0 na na
10 62378.519350331813 0.008059140166 cfg1 2 1 0 0 na na
10 62378.549350270082 0.008059575716 cfg1 2 1 0 0 na na
10 62378.625350312495 0.008060612147 cfg1 2 1 0 0 na na
10 62378.713350254572 0.008061845748 cfg1 2 1 0 0 na na
10 62378.777350300347 0.008062719168 cfg1 2 1 0 0 na na
10 62378.778350342423 0.008062733820 cfg1 2 1 0 0 na na
10 62378.823350260093 0.008063358785 cfg1 2 1 0 0 na na
10 62378.859350309345 0.008063850243 cfg1 2 1 0 0 na na
10 62378.903350306641 0.008064469676 cfg1 2 1 0 0 na na
10 62378.999350298025 0.008065791422 cfg1 2 1 0 0 na na
10 62379.014350265020 0.008066015523 cfg1 2 2 0 0 na na
10 62379.165350278932 0.008068131011 cfg1 2 1 0 0 na na
10 62379.282350284931 0.008069757605 cfg1 2 1 0 0 na na
10 62379.298350336520 0.008069996015 cfg1 2 1 0 0 na na
10 62379.308350287267 0.008070121393 cfg1 2 1 0 0 na na
10 62379.323350315440 0.008070342857 cfg1 2 1 0 0 na na
10 62379.357350392729 0.008070807393 cfg1 2 1 0 0 na na
10 62379.508350318332 0.008072923756 cfg1 2 1 0 0 na na
10 62379.598350323219 0.008074209298 cfg1 2 1 0 0 na na
10 62379.610350291751 0.008074350535 cfg1 2 1 0 0 na na
10 62379.710350289797 0.008075761085 cfg1 2 1 0 0 na na
10 62379.746350275536 0.008076293638 cfg1 2 1 0 0 na na
10 62379.804350293098 0.008077101621 cfg1 2 1 0 0 na na
10 62379.876350302548 0.008078131645 cfg1 2 1 0 0 na na
10 62379.964350281689 0.008079363273 cfg1 2 1 0 0 na na
10 62379.974350340461 0.008079506087 cfg1 2 1 0 0 na na
10 62380.005350300865 0.008079934469 cfg1 2 1 0 0 na na
10 62380.020350316023 0.008080170245 cfg1 2 1 0 0 na na
10 62380.036350308395 0.008080390830 cfg1 2 1 0 0 na na
10 62380.326350309506 0.008084497835 cfg1 2 1 0 0 na na
10 62380.330350237262 0.008084579431 cfg1 2 1 0 0 na na
10 62380.418350338527 0.008085821838 cfg1 2 1 0 0 na na
10 62380.424350301160 0.008085912598 cfg1 2 1 0 0 na na
10 62380.427350245579 0.008085960893 cfg1 2 1 0 0 na na
10 62380.456350330274 0.008086358082 cfg1 2 1 0 0 na na
10 62380.479350340741 0.008086687527 cfg1 2 1 0 0 na na
10 62380.505350282400 0.008087054969 cfg1 2 1 0 0 na na
10 62380.587350277831 0.008088245272 cfg1 2 1 0 0 na na
10 62380.589350326471 0.008088267591 cfg1 2 1 0 0 na na
10 62380.674350316858 0.008089484320 cfg1 2 1 0 0 na na
10 62380.685350309095 0.008089641310 cfg1 2 1 0 0 na na
10 62380.699350303488 0.008089843045 cfg1 2 2 0 0 na na
10 62380.700350308140 0.008089853773 cfg1 2 1 0 0 na na
10 62380.718350297016 0.008090122663 cfg1 2 1 0 0 na na
10 62380.756350296703 0.008090654650 cfg1 2 1 0 0 na na
10 62380.812350302437 0.008091470257 cfg1 2 1 0 0 na na
10 62380.826350281873 0.008091680436 cfg1 2 1 0 0 na na
10 62380.907350253180 0.008092828803 cfg1 2 1 0 0 na na
10 62380.922350314711 0.008093045772 cfg1 2 1 0 0 na na
10 62380.992350316717 0.008094046418 cfg1 2 1 0 0 na na
10 62381.058350359072 0.008095017427 cfg1 2 1 0 0 na na
10 62381.077350255833 0.008095276055 cfg1 2 1 0 0 na na
10 62381.080350303940 0.008095328275 cfg1 2 1 0 0 na na
10 62381.095350246761 0.008095545082 cfg1 2 1 0 0 na na
10 62381.145350358649 0.008096277566 cfg1 2 1 0 0 na na
10 62381.186350281116 0.008096850956 cfg1 2 1 0 0 na na
10 62381.429350293206 0.008100373063 cfg1 2 1 0 0 na na
10 62381.432350321755 0.008100437768 cfg1 2 1 0 0 na na
10 62381.487350286130 0.008101235908 cfg1 2 1 0 0 na na
10 62381.507350297656 0.008101512534 cfg1 2 1 0 0 na na
10 62381.544350379645 0.008102058784 cfg1 2 1 0 0 na na
10 62381.672350369378 0.008103903222 cfg1 2 1 0 0 na na
10 62381.698350348119 0.008104284477 cfg1 2 1 0 0 na na
10 62381.762350335963 0.008105227780 cfg1 2 1 0 0 na na
10 62381.812350271178 0.008105954407 cfg1 2 1 0 0 na na
10 62382.041350309376 0.008109306623 cfg1 2 1 0 0 na na
10 62382.078350289598 0.008109858466 cfg1 2 1 0 0 na na
10 62382.185350349378 0.008111418284 cfg1 2 1 0 0 na na
10 62382.197350323083 0.008111602229 cfg1 2 1 0 0 na na
10 62382.228350335580 0.008112058148 cfg1 2 1 0 0 na na
10 62382.233350386937 0.008112147036 cfg1 2 1 0 0 na na
10 62382.293350266441 0.008113000598 cfg1 2 1 0 0 na na
10 62382.380350335371 0.008114305673 cfg1 2 1 0 0 na na
10 62382.459350338595 0.008115454496 cfg1 2 1 0 0 na na
10 62382.461350322826 0.008115487370 cfg1 2 1 0 0 na na
10 62382.486350344266 0.008115862012 cfg1 2 1 0 0 na na
10 62382.512350315685 0.008116246843 cfg1 2 1 0 0 na na
10 62382.602350338678 0.008117577659 cfg1 2 1 0 0 na na
10 62382.631350301826 0.008118004159 cfg1 2 1 0 0 na na
10 62382.736350359984 0.008119566723 cfg1 2 1 0 0 na na
10 62382.751350263093 0.008119785305 cfg1 2 1 0 0 na na
10 62382.753350284319 0.008119803150 cfg1 2 1 0 0 na na
10 62382.768350321525 0.008120040812 cfg1 2 1 0 0 na na
10 62382.806350327736 0.008120604325 cfg1 2 1 0 0 na na
10 62382.811350303343 0.008120662216 cfg1 2 1 0 0 na na
10 62382.955350311193 0.008122825633 cfg1 2 1 0 0 na na
10 62382.971350275189 0.008123060816 cfg1 2 1 0 0 na na
10 62383.033350290994 0.008123971360 cfg1 2 1 0 0 na na
10 62383.046350305069 0.008124185617 cfg1 2 1 0 0 na na
10 62383.131350313743 0.008125445332 cfg1 2 1 0 0 na na
10 62383.185350274453 0.008126247920 cfg1 2 1 0 0 na na
10 62383.203350346029 0.008126531591 cfg1 2 1 0 0 na na
10 62383.311350297399 0.008128141811 cfg1 2 1 0 0 na na
10 62383.322350314933 0.008128311294 cfg1 2 1 0 0 na na
10 62383.363350319561 0.008128911306 cfg1 2 1 0 0 na na
10 62383.373350322386 0.008129071372 cfg1 2 1 0 0 na na
10 62383.420350366348 0.008129754952 cfg1 2 1 0 0 na na
10 62383.507350355363 0.008131078543 cfg1 2 1 0 0 na na
10 62383.613350320621 0.008132663212 cfg1 2 1 0 0 na na
10 62383.647350318161 0.008133168561 cfg1 2 1 0 0 na na
10 62383.656350293688 0.008133312240 cfg1 2 1 0 0 na na
10 62383.676350278515 0.008133626365 cfg1 2 1 0 0 na na
10 62383.688350342641 0.008133799291 cfg1 2 1 0 0 na na
10 62383.706350321815 0.008134067968 cfg1 2 1 0 0 na na
10 62383.718350287540 0.008134240914 cfg1 2 1 0 0 na na
10 62383.761350266169 0.008134882982 cfg1 2 1 0 0 na na
10 62383.768350337281 0.008134991145 cfg1 2 1 0 0 na na
10 62383.803350340854 0.008135541197 cfg1 2 1 0 0 na na
10 62383.939350337779 0.008137580757 cfg1 2 1 0 0 na na
10 62383.946350370764 0.008137692466 cfg1 2 1 0 0 na na
10 62383.959350289409 0.008137892725 cfg1 2 1 0 0 na na
10 62383.993350282953 0.008138411019 cfg1 2 1 0 0 na na
10 62384.092350288597 0.008139891503 cfg1 2 1 0 0 na na
10 62384.103350350006 0.008140050211 cfg1 2 1 0 0 na na
10 62384.118350262660 0.008140284258 cfg1 2 1 0 0 na na
10 62384.149350356483 0.008140770980 cfg1 2 1 0 0 na na
10 62384.210350320853 0.008141690867 cfg1 2 1 0 0 na na
10 62384.275350287344 0.008142676063 cfg1 2 1 0 0 na na
10 62384.281350311307 0.008142778314 cfg1 2 1 0 0 na na
10 62384.310350301205 0.008143213642 cfg1 2 1 0 0 na na
10 62384.349350320976 0.008143798670 cfg1 2 1 0 0 na na
10 62384.370350356975 0.008144124018 cfg1 2 1 0 0 na na
10 62384.393350319803 0.008144456368 cfg1 2 1 0 0 na na
10 62384.445350307909 0.008145269377 cfg1 2 1 0 0 na na
10 62384.497350275868 0.008146055584 cfg1 2 1 0 0 na na
10 62384.509350345016 0.008146235552 cfg1 2 1 0 0 na na
10 62384.521350305417 0.008146436006 cfg1 2 1 0 0 na na
10 62384.662350368192 0.008148587752 cfg1 2 1 0 0 na na
10 62384.674350308487 0.008148769832 cfg1 2 1 0 0 na na
10 62384.684350278923 0.008148918461 cfg1 2 1 0 0 na na
10 62384.692350353581 0.008149046160 cfg1 2 1 0 0 na na
10 62384.731350346629 0.008149620714 cfg1 2 1 0 0 na na
10 62384.741350290742 0.008149793482 cfg1 2 1 0 0 na na
10 62384.743350332332 0.008149827496 cfg1 2 1 0 0 na na
10 62384.744350299224 0.008149824441 cfg1 2 1 0 0 na na
10 62384.747350320588 0.008149871042 cfg1 2 1 0 0 na na
10 62384.792350343562 0.008150554917 cfg1 2 1 0 0 na na
10 62384.795350295143 0.008150607527 cfg1 2 1 0 0 na na
10 62384.850350314894 0.008151469242 cfg1 2 1 0 0 na na
10 62384.866350240376 0.008151711510 cfg1 2 1 0 0 na na
10 62384.901350343791 0.008152244327 cfg1 2 1 0 0 na na
10 62384.912350278875 0.008152393688 cfg1 2 1 0 0 na na
10 62384.925350275290 0.008152610050 cfg1 2 1 0 0 na na
10 62384.927350383470 0.008152622863 cfg1 2 1 0 0 na na
10 62384.944350320021 0.008152910565 cfg1 2 1 0 0 na na
10 62384.972350381182 0.008153339445 cfg1 2 1 0 0 na na
10 62384.973350330932 0.008153338440 cfg1 2 1 0 0 na na
10 62385.010350296055 0.008153924292 cfg1 2 1 0 0 na na
10 62385.020350310868 0.008154055130 cfg1 2 1 0 0 na na
10 62385.027350284805 0.008154161832 cfg1 2 1 0 0 na na
10 62385.033350284000 0.008154260130 cfg1 2 1 0 0 na na
10 62385.086350307793 0.008155083248 cfg1 2 1 0 0 na na
10 62385.095350357254 0.008155232507 cfg1 2 1 0 0 na na
10 62385.106350317055 0.008155378600 cfg1 2 1 0 0 na na
10 62385.109350259767 0.008155422306 cfg1 2 1 0 0 na na
10 62385.122350301072 0.008155621668 cfg1 2 1 0 0 na na
10 62385.138350340006 0.008155889710 cfg1 2 1 0 0 na na
10 62385.150350304245 0.008156078182 cfg1 2 1 0 0 na na
10 62385.157350243129 0.008156178937 cfg1 2 1 0 0 na na
10 62385.196350257667 0.008156790585 cfg1 2 1 0 0 na na
10 62385.204350348575 0.008156886123 cfg1 2 1 0 0 na na
10 62385.215350310023 0.008157074649 cfg1 2 1 0 0 na na
10 62385.239350379904 0.008157436084 cfg1 2 1 0 0 na na
10 62385.257350289702 0.008157718256 cfg1 2 1 0 0 na na
10 62385.264350292809 0.008157817184 cfg1 2 1 0 0 na na
10 62385.312350348909 0.008158555520 cfg1 2 1 0 0 na na
10 62385.333350306489 0.008158880086 cfg1 2 1 0 0 na na
10 62385.343350329346 0.008159032148 cfg1 2 1 0 0 na na
10 62385.345350330051 0.008159062021 cfg1 2 1 0 0 na na
10 62385.363350235488 0.008159366728 cfg1 2 1 0 0 na na
10 62385.364350253440 0.008159374937 cfg1 2 1 0 0 na na
10 62385.368350295910 0.008159438015 cfg1 2 1 0 0 na na
10 62385.429350304066 0.008160377861 cfg1 2 1 0 0 na na
10 62385.430350302907 0.008160378703 cfg1 2 1 0 0 na na
10 62385.465350297315 0.008160934116 cfg1 2 1 0 0 na na
10 62385.497350281107 0.008161412554 cfg1 2 1 0 0 na na
10 62385.509350287019 0.008161619014 cfg1 2 1 0 0 na na
10 62385.517350309080 0.008161727262 cfg1 2 1 0 0 na na
10 62385.518350325121 0.008161765590 cfg1 2 1 0 0 na na
10 62385.526350286792 0.008161870170 cfg1 2 1 0 0 na na
10 62385.533350312511 0.008161975958 cfg1 2 1 0 0 na na
10 62385.539350356317 0.008162090558 cfg1 2 1 0 0 na na
10 62385.543350297743 0.008162137505 cfg1 2 1 0 0 na na
10 62385.581350256398 0.008162731214 cfg1 2 1 0 0 na na
10 62385.596350340417 0.008162964179 cfg1 2 1 0 0 na na
10 62385.605350298378 0.008163108504 cfg1 2 1 0 0 na na
10 62385.631350327579 0.008163501257 cfg1 2 1 0 0 na na
10 62385.639350300251 0.008163641023 cfg1 2 1 0 0 na na
10 62385.659350261947 0.008163944648 cfg1 2 1 0 0 na na
10 62385.666350316824 0.008164051506 cfg1 2 1 0 0 na na
10 62385.667350310686 0.008164063875 cfg1 2 1 0 0 na na
10 62385.680350315930 0.008164260043 cfg1 2 1 0 0 na na
10 62385.708350317552 0.008164689774 cfg1 2 1 0 0 na na
10 62385.720350337041 0.008164889751 cfg1 2 1 0 0 na na
10 62385.722350337027 0.008164915597 cfg1 2 1 0 0 na na
10 62385.723350312137 0.008164925828 cfg1 2 1 0 0 na na
10 62385.728350345595 0.008165025201 cfg1 2 1 0 0 na na
10 62385.731350350655 0.008165060331 cfg1 2 1 0 0 na na
10 62385.734350316333 0.008165116390 cfg1 2 1 0 0 na na
10 62385.770350251694 0.008165660012 cfg1 2 1 0 0 na na
10 62385.803350341006 0.008166189103 cfg1 2 1 0 0 na na
10 62385.807350315622 0.008166239878 cfg1 2 1 0 0 na na
10 62385.812350345761 0.008166324974 cfg1 2 1 0 0 na na
10 62385.850350290161 0.008166921890 cfg1 2 1 0 0 na na
10 62385.884350329357 0.008167436543 cfg1 2 1 0 0 na na
10 62385.899350306714 0.008167684474 cfg1 2 1 0 0 na na
10 62385.912350333182 0.008167881552 cfg1 2 1 0 0 na na
10 62385.918350332231 0.008167978289 cfg1 2 1 0 0 na na
10 62385.921350264345 0.008168004578 cfg1 2 1 0 0 na na
10 62385.930350329769 0.008168166734 cfg1 2 1 0 0 na na
10 62385.949350370486 0.008168448456 cfg1 2 1 0 0 na na
10 62385.963350291942 0.008168676580 cfg1 2 1 0 0 na na
10 62385.979350280868 0.008168921302 cfg1 2 1 0 0 na na
10 62385.998350263472 0.008169207638 cfg1 2 1 0 0 na na
10 62386.024350248491 0.008169623523 cfg1 2 1 0 0 na na
10 62386.037350314488 0.008169823452 cfg1 2 1 0 0 na na
10 62386.108350370546 0.008170928569 cfg1 2 1 0 0 na na
10 62386.153350333216 0.008171636581 cfg1 2 1 0 0 na na
10 62386.166350292347 0.008171839210 cfg1 2 1 0 0 na na
10 62386.186350241139 0.008172161301 cfg1 2 1 0 0 na na
10 62386.190350311202 0.008172211632 cfg1 2 1 0 0 na na
10 62386.215350322666 0.008172622859 cfg1 2 1 0 0 na na
10 62386.242350270487 0.008173029473 cfg1 2 1 0 0 na na
10 62386.257350333262 0.008173255340 cfg1 2 1 0 0 na na
10 62386.262350333730 0.008173343568 cfg1 2 1 0 0 na na
10 62386.292350356719 0.008173814938 cfg1 2 1 0 0 na na
10 62386.296350280542 0.008173865405 cfg1 2 1 0 0 na na
10 62386.318350351786 0.008174215376 cfg1 2 1 0 0 na na
10 62386.333350308839 0.008174451856 cfg1 2 1 0 0 na na
10 62386.361350308824 0.008174893676 cfg1 2 1 0 0 na na
10 62386.362350324330 0.008174912491 cfg1 2 1 0 0 na na
10 62386.404350271056 0.008175562347 cfg1 2 1 0 0 na na
10 62386.415350242299 0.008175751764 cfg1 2 1 0 0 na na
10 62386.426350301171 0.008175925418 cfg1 2 1 0 0 na na
10 62386.430350261382 0.008175978319 cfg1 2 1 0 0 na na
10 62386.460350271349 0.008176441907 cfg1 2 1 0 0 na na
10 62386.461350324551 0.008176477590 cfg1 2 1 0 0 na na
10 62386.464350284236 0.008176505961 cfg1 2 1 0 0 na na
10 62386.482350284481 0.008176790895 cfg1 2 1 0 0 na na
10 62386.508350374171 0.008177213325 cfg1 2 1 0 0 na na
10 62386.525350290097 0.008177476961 cfg1 2 1 0 0 na na
10 62386.542350264532 0.008177734109 cfg1 2 1 0 0 na na
10 62386.555350353837 0.008177952207 cfg1 2 1 0 0 na na
10 62386.587350344931 0.008178450746 cfg1 2 1 0 0 na na
10 62386.588350291443 0.008178472680 cfg1 2 1 0 0 na na
10 62386.602350300129 0.008178698109 cfg1 2 1 0 0 na na
10 62386.603350295673 0.008178707245 cfg1 2 1 0 0 na na
10 62386.652350363272 0.008179476318 cfg1 2 1 0 0 na na
10 62386.669350273607 0.008179736423 cfg1 2 1 0 0 na na
10 62386.670350242593 0.008179764348 cfg1 2 1 0 0 na na
10 62386.674350294833 0.008179826253 cfg1 2 1 0 0 na na
10 62386.677350267404 0.008179864665 cfg1 2 1 0 0 na na
10 62386.680350311018 0.008179913142 cfg1 2 1 0 0 na na
10 62386.719350253108 0.008180523735 cfg1 2 1 0 0 na na
10 62386.728350278429 0.008180682726 cfg1 2 1 0 0 na na
10 62386.741350322084 0.008180871159 cfg1 2 1 0 0 na na
10 62386.749350366956 0.008181008243 cfg1 2 1 0 0 na na
10 62386.758350327418 0.008181158586 cfg1 2 1 0 0 na na
10 62386.759350274007 0.008181165437 cfg1 2 1 0 0 na na
10 62386.771350250579 0.008181351572 cfg1 2 1 0 0 na na
10 62386.779350319600 0.008181477022 cfg1 2 1 0 0 na na
10 62386.821350273028 0.008182130959 cfg1 2 1 0 0 na na
10 62386.836350292051 0.008182374452 cfg1 2 1 0 0 na na
10 62386.857350323773 0.008182720746 cfg1 2 1 0 0 na na
10 62386.863350329311 0.008182792225 cfg1 2 1 0 0 na na
10 62386.864350287137 0.008182823102 cfg1 2 1 0 0 na na
10 62386.877350305889 0.008183013404 cfg1 2 1 0 0 na na
10 62386.890350266648 0.008183228302 cfg1 2 1 0 0 na na
10 62386.903350258149 0.008183448348 cfg1 2 1 0 0 na na
10 62386.943350315731 0.008184059028 cfg1 2 1 0 0 na na
10 62386.959350283424 0.008184313038 cfg1 2 1 0 0 na na
10 62386.973350311562 0.008184543779 cfg1 2 1 0 0 na na
10 62387.054350364826 0.008185825503 cfg1 2 1 0 0 na na
10 62387.075350314485 0.008186174121 cfg1 2 1 0 0 na na
10 62387.087350297611 0.008186336433 cfg1 2 1 0 0 na na
10 62387.107350241155 0.008186675719 cfg1 2 1 0 0 na na
10 62387.178350352363 0.008187806821 cfg1 2 1 0 0 na na
10 62387.216350318691 0.008188408178 cfg1 2 1 0 0 na na
10 62387.274350281894 0.008189326073 cfg1 2 1 0 0 na na
10 62387.284350339006 0.008189470883 cfg1 2 1 0 0 na na
10 62387.292350323106 0.008189603323 cfg1 2 1 0 0 na na
10 62387.295350306268 0.008189661333 cfg1 2 1 0 0 na na
10 62387.312350318731 0.008189930961 cfg1 2 1 0 0 na na
10 62387.353350290300 0.008190572842 cfg1 2 1 0 0 na na
10 62387.431350300448 0.008191812971 cfg1 2 1 0 0 na na
10 62387.492350317951 0.008192804392 cfg1 2 1 0 0 na na
10 62387.623350296654 0.008194885196 cfg1 2 1 0 0 na na
10 62387.641350276903 0.008195167595 cfg1 2 1 0 0 na na
10 62387.666350254831 0.008195567133 cfg1 2 1 0 0 na na
10 62387.693350353678 0.008195992062 cfg1 2 1 0 0 na na
10 62387.723350285154 0.008196498286 cfg1 2 1 0 0 na na
10 62387.726350247260 0.008196541217 cfg1 2 1 0 0 na na
10 62387.742350337401 0.008196785647 cfg1 2 1 0 0 na na
10 62387.756350320994 0.008197024423 cfg1 2 1 0 0 na na
10 62387.777350301859 0.008197363596 cfg1 2 1 0 0 na na
10 62387.779350294852 0.008197378793 cfg1 2 1 0 0 na na
10 62387.796350262708 0.008197647087 cfg1 2 1 0 0 na na
10 62387.828350258167 0.008198158836 cfg1 2 1 0 0 na na
10 62387.835350257715 0.008198283312 cfg1 2 1 0 0 na na
10 62387.843350301840 0.008198422833 cfg1 2 1 0 0 na na
10 62387.851350352220 0.008198546084 cfg1 2 1 0 0 na na
10 62387.853350297350 0.008198573385 cfg1 2 1 0 0 na na
10 62387.854350321007 0.008198575220 cfg1 2 1 0 0 na na
10 62387.870350340022 0.008198840613 cfg1 2 1 0 0 na na
10 62387.880350354108 0.008198992301 cfg1 2 1 0 0 na na
10 62387.892350299235 0.008199191964 cfg1 2 1 0 0 na na
10 62387.899350353392 0.008199307450 cfg1 2 1 0 0 na na
10 62387.925350303626 0.008199725410 cfg1 2 1 0 0 na na
10 62387.953350340586 0.008200169610 cfg1 2 1 0 0 na na
10 62387.956350250583 0.008200233071 cfg1 2 1 0 0 na na
10 62387.959350304864 0.008200281041 cfg1 2 1 0 0 na na
10 62387.964350319006 0.008200354054 cfg1 2 1 0 0 na na
10 62387.991350289614 0.008200779022 cfg1 2 1 0 0 na na
10 62387.999350278422 0.008200927047 cfg1 2 1 0 0 na na
10 62388.001350313509 0.008200935143 cfg1 2 1 0 0 na na
10 62388.004350278696 0.008200997955 cfg1 2 1 0 0 na na
10 62388.007350296742 0.008201036775 cfg1 2 1 0 0 na na
10 62388.022350272029 0.008201281096 cfg1 2 1 0 0 na na
10 62388.035350304312 0.008201502196 cfg1 2 1 0 0 na na
10 62388.049350319737 0.008201706171 cfg1 2 1 0 0 na na
10 62388.058350317212 0.008201851394 cfg1 2 1 0 0 na na
10 62388.065350271335 0.008201967793 cfg1 2 1 0 0 na na
10 62388.100350240485 0.008202546409 cfg1 2 1 0 0 na na
10 62388.110350320354 0.008202684711 cfg1 2 1 0 0 na na
10 62388.142350318454 0.008203210202 cfg1 2 1 0 0 na na
10 62388.158350307304 0.008203468744 cfg1 2 1 0 0 na na
10 62388.190350275080 0.008203999846 cfg1 2 1 0 0 na na
10 62388.203350261443 0.008204185357 cfg1 2 1 0 0 na na
10 62388.230350277092 0.008204629984 cfg1 2 1 0 0 na na
10 62388.236350347485 0.008204725439 cfg1 2 1 0 0 na na
10 62388.242350343158 0.008204825082 cfg1 2 1 0 0 na na
10 62388.253350291020 0.008204996823 cfg1 2 1 0 0 na na
10 62388.255350287555 0.008205039575 cfg1 2 1 0 0 na na
10 62388.288350274018 0.008205569075 cfg1 2 1 0 0 na na
10 62388.290350322139 0.008205603519 cfg1 2 1 0 0 na na
10 62388.329350351390 0.008206218712 cfg1 2 1 0 0 na na
10 62388.388350335272 0.008207184064 cfg1 2 1 0 0 na na
10 62388.407350304767 0.008207501666 cfg1 2 1 0 0 na na
10 62388.454350342318 0.008208252037 cfg1 2 1 0 0 na na
10 62388.459350232892 0.008208343963 cfg1 2 1 0 0 na na
10 62388.466350238499 0.008208453347 cfg1 2 1 0 0 na na
10 62388.478350320502 0.008208649345 cfg1 2 1 0 0 na na
10 62388.484350296196 0.008208726314 cfg1 2 1 0 0 na na
10 62388.524350342558 0.008209390779 cfg1 2 1 0 0 na na
10 62388.575350319023 0.008210219229 cfg1 2 1 0 0 na na
10 62388.582350346998 0.008210335913 cfg1 2 1 0 0 na na
10 62388.591350253263 0.008210467324 cfg1 2 1 0 0 na na
10 62388.597350303698 0.008210579142 cfg1 2 1 0 0 na na
10 62388.629350320017 0.008211094535 cfg1 2 1 0 0 na na
10 62388.645350271383 0.008211335283 cfg1 2 1 0 0 na na
10 62388.659350307249 0.008211584749 cfg1 2 1 0 0 na na
10 62388.665350260568 0.008211656312 cfg1 2 1 0 0 na na
10 62388.669350303688 0.008211746976 cfg1 2 1 0 0 na na
10 62388.687350331834 0.008212030491 cfg1 2 1 0 0 na na
10 62388.697350325870 0.008212201461 cfg1 2 1 0 0 na na
10 62388.704350287956 0.008212287895 cfg1 2 1 0 0 na na
10 62388.728350267731 0.008212692973 cfg1 2 1 0 0 na na
10 62388.741350327806 0.008212902342 cfg1 2 1 0 0 na na
10 62388.748350362133 0.008213016864 cfg1 2 1 0 0 na na
10 62388.757350348384 0.008213161084 cfg1 2 1 0 0 na na
10 62388.766350285913 0.008213305198 cfg1 2 1 0 0 na na
10 62388.778350361848 0.008213516834 cfg1 2 1 0 0 na na
10 62388.803350288048 0.008213919669 cfg1 2 1 0 0 na na
10 62388.819350284427 0.008214161591 cfg1 2 1 0 0 na na
10 62388.822350337461 0.008214225108 cfg1 2 1 0 0 na na
10 62388.823350289726 0.008214244187 cfg1 2 1 0 0 na na
10 62388.831350306479 0.008214372853 cfg1 2 1 0 0 na na
10 62388.835350290185 0.008214425509 cfg1 2 1 0 0 na na
10 62388.836350255075 0.008214448570 cfg1 2 1 0 0 na na
10 62388.855350294722 0.008214747734 cfg1 2 1 0 0 na na
10 62388.859350368809 0.008214828859 cfg1 2 1 0 0 na na
10 62388.864350313531 0.008214898530 cfg1 2 1 0 0 na na
10 62388.865350321273 0.008214919620 cfg1 2 1 0 0 na na
10 62388.871350306981 0.008215020214 cfg1 2 1 0 0 na na
10 62388.878350316896 0.008215119521 cfg1 2 1 0 0 na na
10 62388.908350264712 0.008215619509 cfg1 2 1 0 0 na na
10 62388.941350264360 0.008216158970 cfg1 2 1 0 0 na na
10 62388.954350264837 0.008216375531 cfg1 2 1 0 0 na na
10 62388.955350304977 0.008216383002 cfg1 2 1 0 0 na na
10 62388.956350292733 0.008216392588 cfg1 2 1 0 0 na na
10 62388.966350282439 0.008216552232 cfg1 2 1 0 0 na na
10 62388.968350308932 0.008216609061 cfg1 2 1 0 0 na na
10 62388.971350272440 0.008216651838 cfg1 2 1 0 0 na na
10 62388.976350319689 0.008216740876 cfg1 2 1 0 0 na na
10 62388.983350254382 0.008216832508 cfg1 2 1 0 0 na na
10 62388.995350323848 0.008217023055 cfg1 2 1 0 0 na na
10 62388.999350310385 0.008217090642 cfg1 2 1 0 0 na na
10 62389.012350233965 0.008217328127 cfg1 2 1 0 0 na na
10 62389.042350312831 0.008217815427 cfg1 2 1 0 0 na na
10 62389.049350279196 0.008217929859 cfg1 2 1 0 0 na na
10 62389.056350278836 0.008218031924 cfg1 2 1 0 0 na na
10 62389.058350272030 0.008218064397 cfg1 2 1 0 0 na na
10 62389.073350305625 0.008218293988 cfg1 2 1 0 0 na na
10 62389.076350258725 0.008218348288 cfg1 2 1 0 0 na na
10 62389.079350287711 0.008218410100 cfg1 2 1 0 0 na na
10 62389.091350331269 0.008218613985 cfg1 2 1 0 0 na na
10 62389.095350347129 0.008218681249 cfg1 2 1 0 0 na na
10 62389.102350281715 0.008218792147 cfg1 2 1 0 0 na na
10 62389.128350282273 0.008219217823 cfg1 2 1 0 0 na na
10 62389.153350316373 0.008219610630 cfg1 2 1 0 0 na na
10 62389.156350240579 0.008219671239 cfg1 2 1 0 0 na na
10 62389.166350242482 0.008219842224 cfg1 2 1 0 0 na na
10 62389.177350291814 0.008220009110 cfg1 2 1 0 0 na na
10 62389.201350280226 0.008220391846 cfg1 2 1 0 0 na na
10 62389.219350255214 0.008220696404 cfg1 2 1 0 0 na na
10 62389.232350369833 0.008220918638 cfg1 2 1 0 0 na na
10 62389.243350299365 0.008221079977 cfg1 2 1 0 0 na na
10 62389.292350310299 0.008221903012 cfg1 2 1 0 0 na na
10 62389.304350307369 0.008222089941 cfg1 2 1 0 0 na na
10 62389.307350323976 0.008222127973 cfg1 2 1 0 0 na na
10 62389.326350272155 0.008222432854 cfg1 2 1 0 0 na na
10 62389.337350272275 0.008222631006 cfg1 2 1 0 0 na na
10 62389.348350293214 0.008222813987 cfg1 2 1 0 0 na na
10 62389.352350302390 0.008222863920 cfg1 2 1 0 0 na na
10 62389.354350293435 0.008222904921 cfg1 2 1 0 0 na na
10 62389.381350257843 0.008223355295 cfg1 2 1 0 0 na na
10 62389.387350306855 0.008223438841 cfg1 2 1 0 0 na na
10 62389.401350292801 0.008223683425 cfg1 2 1 0 0 na na
10 62389.407350307833 0.008223759437 cfg1 2 1 0 0 na na
10 62389.419350301725 0.008223983862 cfg1 2 1 0 0 na na
10 62389.432350312645 0.008224189866 cfg1 2 1 0 0 na na
10 62389.436350244875 0.008224252035 cfg1 2 1 0 0 na na
10 62389.448350303334 0.008224455992 cfg1 2 1 0 0 na na
10 62389.492350365840 0.008225173023 cfg1 2 1 0 0 na na
10 62389.498350293357 0.008225252022 cfg1 2 1 0 0 na na
10 62389.510350319780 0.008225458988 cfg1 2 1 0 0 na na
10 62389.535350300391 0.008225869188 cfg1 2 1 0 0 na na
10 62389.536350334198 0.008225901239 cfg1 2 1 0 0 na na
10 62389.538350366169 0.008225911482 cfg1 2 1 0 0 na na
10 62389.548350248362 0.008226088609 cfg1 2 1 0 0 na na
10 62389.557350323241 0.008226221635 cfg1 2 1 0 0 na na
10 62389.561350268178 0.008226298622 cfg1 2 1 0 0 na na
10 62389.590350292023 0.008226784415 cfg1 2 1 0 0 na na
10 62389.592350265298 0.008226806194 cfg1 2 1 0 0 na na
10 62389.594350300149 0.008226840657 cfg1 2 1 0 0 na na
10 62389.614350294799 0.008227166208 cfg1 2 1 0 0 na na
10 62389.626350278252 0.008227358662 cfg1 2 1 0 0 na na
10 62389.642350300794 0.008227620466 cfg1 2 1 0 0 na na
10 62389.645350317247 0.008227672845 cfg1 2 1 0 0 na na
10 62389.647350297645 0.008227718148 cfg1 2 1 0 0 na na
10 62389.649350325517 0.008227756337 cfg1 2 1 0 0 na na
10 62389.668350324104 0.008228052056 cfg1 2 1 0 0 na na
10 62389.707350347949 0.008228714511 cfg1 2 1 0 0 na na
10 62389.715350304494 0.008228838026 cfg1 2 1 0 0 na na
10 62389.721350285616 0.008228932079 cfg1 2 1 0 0 na na
10 62389.727350355772 0.008229032077 cfg1 2 1 0 0 na na
10 62389.736350379250 0.008229178457 cfg1 2 1 0 0 na na
10 62389.763350323573 0.008229613889 cfg1 2 1 0 0 na na
10 62389.765350257816 0.008229649042 cfg1 2 1 0 0 na na
10 62389.780350270334 0.008229890128 cfg1 2 1 0 0 na na
10 62389.781350314221 0.008229922986 cfg1 2 1 0 0 na na
10 62389.786350303111 0.008230009993 cfg1 2 1 0 0 na na
10 62389.793350308792 0.008230127936 cfg1 2 1 0 0 na na
10 62389.800350361672 0.008230229150 cfg1 2 1 0 0 na na
10 62389.811350343656 0.008230430755 cfg1 2 1 0 0 na na
10 62389.818350301937 0.008230524107 cfg1 2 1 0 0 na na
10 62389.844350298268 0.008230946702 cfg1 2 1 0 0 na na
10 62389.861350305091 0.008231244806 cfg1 2 1 0 0 na na
10 62389.862350326754 0.008231259562 cfg1 2 1 0 0 na na
10 62389.879350312961 0.008231525630 cfg1 2 1 0 0 na na
10 62389.893350326482 0.008231760176 cfg1 2 1 0 0 na na
10 62389.910350306428 0.008232055553 cfg1 2 1 0 0 na na
10 62389.916350330158 0.008232158306 cfg1 2 1 0 0 na na
10 62389.918350300340 0.008232192144 cfg1 2 1 0 0 na na
10 62389.934350307121 0.008232435885 cfg1 2 1 0 0 na na
10 62389.969350298916 0.008233025571 cfg1 2 1 0 0 na na
10 62389.990350314381 0.008233376865 cfg1 2 1 0 0 na na
10 62389.997350268338 0.008233486165 cfg1 2 1 0 0 na na
10 62390.037350270515 0.008234144940 cfg1 2 1 0 0 na na
10 62390.039350335645 0.008234181453 cfg1 2 1 0 0 na na
10 62390.041350337433 0.008234222350 cfg1 2 1 0 0 na na
10 62390.051350283815 0.008234366820 cfg1 2 1 0 0 na na
10 62390.062350325583 0.008234551480 cfg1 2 1 0 0 na na
10 62390.080350322906 0.008234874778 cfg1 2 1 0 0 na na
10 62390.096350262172 0.008235114755 cfg1 2 1 0 0 na na
10 62390.103350301403 0.008235247214 cfg1 2 1 0 0 na na
10 62390.107350348257 0.008235303256 cfg1 2 1 0 0 na na
10 62390.125350278545 0.008235612699 cfg1 2 1 0 0 na na
10 62390.132350296999 0.008235710012 cfg1 2 1 0 0 na na
10 62390.133350288962 0.008235724362 cfg1 2 1 0 0 na na
10 62390.137350314393 0.008235817858 cfg1 2 1 0 0 na na
10 62390.139350324270 0.008235837080 cfg1 2 1 0 0 na na
10 62390.145350346043 0.008235929959 cfg1 2 1 0 0 na na
10 62390.158350334685 0.008236157688 cfg1 2 1 0 0 na na
10 62390.160350325900 0.008236170399 cfg1 2 1 0 0 na na
10 62390.162350331059 0.008236226966 cfg1 2 1 0 0 na na
10 62390.167350319563 0.008236293006 cfg1 2 1 0 0 na na
10 62390.168350288214 0.008236324696 cfg1 2 1 0 0 na na
10 62390.172350318981 0.008236382403 cfg1 2 1 0 0 na na
10 62390.175350297148 0.008236420186 cfg1 2 1 0 0 na na
10 62390.176350339821 0.008236442075 cfg1 2 1 0 0 na na
10 62390.179350294172 0.008236503274 cfg1 2 1 0 0 na na
10 62390.199350356061 0.008236834026 cfg1 2 1 0 0 na na
10 62390.201350362118 0.008236858533 cfg1 2 1 0 0 na na
10 62390.203350286190 0.008236906128 cfg1 2 1 0 0 na na
10 62390.210350288583 0.008237013139 cfg1 2 1 0 0 na na
10 62390.215350322473 0.008237109350 cfg1 2 1 0 0 na na
10 62390.228350314925 0.008237326078 cfg1 2 1 0 0 na na
10 62390.237350320531 0.008237469373 cfg1 2 1 0 0 na na
10 62390.241350317417 0.008237529383 cfg1 2 1 0 0 na na
10 62390.250350312266 0.008237674337 cfg1 2 1 0 0 na na
10 62390.254350244047 0.008237752742 cfg1 2 1 0 0 na na
10 62390.258350319816 0.008237801293 cfg1 2 1 0 0 na na
10 62390.259350260234 0.008237816746 cfg1 2 1 0 0 na na
10 62390.269350259567 0.008237982331 cfg1 2 1 0 0 na na
10 62390.288350283605 0.008238294477 cfg1 2 1 0 0 na na
10 62390.290350251489 0.008238340421 cfg1 2 1 0 0 na na
10 62390.293350359099 0.008238392991 cfg1 2 1 0 0 na na
10 62390.300350313679 0.008238495105 cfg1 2 1 0 0 na na
10 62390.302350300809 0.008238533411 cfg1 2 1 0 0 na na
10 62390.307350296826 0.008238617556 cfg1 2 1 0 0 na na
10 62390.309350336950 0.008238661988 cfg1 2 1 0 0 na na
10 62390.318350299015 0.008238792041 cfg1 2 1 0 0 na na
10 62390.321350259561 0.008238847399 cfg1 2 1 0 0 na na
10 62390.328350304319 0.008238960387 cfg1 2 1 0 0 na na
10 62390.338350259372 0.008239127522 cfg1 2 1 0 0 na na
10 62390.368350319421 0.008239621771 cfg1 2 1 0 0 na na
10 62390.396350259595 0.008240092289 cfg1 2 1 0 0 na na
10 62390.405350304033 0.008240239875 cfg1 2 1 0 0 na na
10 62390.433350273620 0.008240720118 cfg1 2 1 0 0 na na
10 62390.447350308433 0.008240945957 cfg1 2 1 0 0 na na
10 62390.448350267611 0.008240959658 cfg1 2 1 0 0 na na
10 62390.449350341114 0.008240991476 cfg1 2 1 0 0 na na
10 62390.450350243764 0.008241008066 cfg1 2 1 0 0 na na
10 62390.453350300710 0.008241053918 cfg1 2 1 0 0 na na
10 62390.465350284790 0.008241236432 cfg1 2 1 0 0 na na
10 62390.467350286406 0.008241287166 cfg1 2 1 0 0 na na
10 62390.470350304788 0.008241323724 cfg1 2 1 0 0 na na
10 62390.474350291048 0.008241392500 cfg1 2 1 0 0 na na
10 62390.485350274825 0.008241572249 cfg1 2 1 0 0 na na
10 62390.491350287167 0.008241668827 cfg1 2 1 0 0 na na
10 62390.492350274691 0.008241697581 cfg1 2 1 0 0 na na
10 62390.497350289919 0.008241784863 cfg1 2 1 0 0 na na
10 62390.505350301344 0.008241923817 cfg1 2 1 0 0 na na
10 62390.511350265771 0.008242001298 cfg1 2 1 0 0 na na
10 62390.521350306890 0.008242188679 cfg1 2 1 0 0 na na
10 62390.522350283330 0.008242210000 cfg1 2 1 0 0 na na
10 62390.527350312648 0.008242280764 cfg1 2 1 0 0 na na
10 62390.536350263631 0.008242424600 cfg1 2 1 0 0 na na
10 62390.540350262383 0.008242484560 cfg1 2 1 0 0 na na
10 62390.542350315185 0.008242543885 cfg1 2 1 0 0 na na
10 62390.556350290483 0.008242761089 cfg1 2 1 0 0 na na
10 62390.569350258727 0.008242973102 cfg1 2 1 0 0 na na
10 62390.574350313115 0.008243065099 cfg1 2 1 0 0 na na
10 62390.587350299379 0.008243274433 cfg1 2 1 0 0 na na
10 62390.602350320826 0.008243521871 cfg1 2 1 0 0 na na
10 62390.633350344041 0.008244049575 cfg1 2 1 0 0 na na
10 62390.652350273289 0.008244366709 cfg1 2 1 0 0 na na
10 62390.657350305284 0.008244455529 cfg1 2 1 0 0 na na
10 62390.658350318904 0.008244471690 cfg1 2 1 0 0 na na
10 62390.664350291921 0.008244574777 cfg1 2 1 0 0 na na
10 62390.671350311579 0.008244675782 cfg1 2 1 0 0 na na
10 62390.674350270468 0.008244744175 cfg1 2 1 0 0 na na
10 62390.676350250063 0.008244776760 cfg1 2 1 0 0 na na
10 62390.679350265793 0.008244828782 cfg1 2 1 0 0 na na
10 62390.682350320980 0.008244864337 cfg1 2 1 0 0 na na
10 62390.690350300559 0.008244986112 cfg1 2 1 0 0 na na
10 62390.694350268560 0.008245074483 cfg1 2 1 0 0 na na
10 62390.696350304923 0.008245103143 cfg1 2 1 0 0 na na
10 62390.705350276221 0.008245250834 cfg1 2 1 0 0 na na
10 62390.714350247939 0.008245403890 cfg1 2 1 0 0 na na
10 62390.716350271055 0.008245441853 cfg1 2 1 0 0 na na
10 62390.718350264749 0.008245452017 cfg1 2 1 0 0 na na
10 62390.740350286266 0.008245845995 cfg1 2 1 0 0 na na
10 62390.746350282180 0.008245932112 cfg1 2 1 0 0 na na
10 62390.754350286657 0.008246081673 cfg1 2 1 0 0 na na
10 62390.792350301588 0.008246716459 cfg1 2 1 0 0 na na
10 62390.793350278882 0.008246732706 cfg1 2 1 0 0 na na
10 62390.797350252164 0.008246784644 cfg1 2 1 0 0 na na
10 62390.801350263685 0.008246843059 cfg1 2 1 0 0 na na
10 62390.805350274098 0.008246905851 cfg1 2 1 0 0 na na
10 62390.815350334916 0.008247095936 cfg1 2 1 0 0 na na
10 62390.823350294457 0.008247208005 cfg1 2 1 0 0 na na
10 62390.830350271223 0.008247348225 cfg1 2 1 0 0 na na
10 62390.834350280496 0.008247405686 cfg1 2 1 0 0 na na
10 62390.838350302281 0.008247458026 cfg1 2 1 0 0 na na
10 62390.855350275020 0.008247761266 cfg1 2 1 0 0 na na
10 62390.868350306286 0.008247967109 cfg1 2 1 0 0 na na
10 62390.871350255840 0.008248021077 cfg1 2 1 0 0 na na
10 62390.872350276235 0.008248043000 cfg1 2 1 0 0 na na
10 62390.877350292121 0.008248117603 cfg1 2 1 0 0 na na
10 62390.885350274789 0.008248253176 cfg1 2 1 0 0 na na
10 62390.888350318836 0.008248298044 cfg1 2 1 0 0 na na
10 62390.889350271231 0.008248335137 cfg1 2 1 0 0 na na
10 62390.896350286571 0.008248428755 cfg1 2 1 0 0 na na
10 62390.904350305143 0.008248569722 cfg1 2 1 0 0 na na
10 62390.933350280347 0.008249067019 cfg1 2 1 0 0 na na
10 62390.936350283030 0.008249121219 cfg1 2 1 0 0 na na
10 62390.938350254577 0.008249142209 cfg1 2 1 0 0 na na
10 62390.942350308398 0.008249203462 cfg1 2 1 0 0 na na
10 62390.948350284292 0.008249299625 cfg1 2 1 0 0 na na
10 62390.949350334211 0.008249338824 cfg1 2 1 0 0 na na
10 62390.951350274541 0.008249355994 cfg1 2 1 0 0 na na
10 62390.957350239356 0.008249477394 cfg1 2 1 0 0 na na
10 62390.960350257451 0.008249509657 cfg1 2 1 0 0 na na
10 62390.964350257739 0.008249574257 cfg1 2 1 0 0 na na
10 62390.986350240441 0.008249961714 cfg1 2 1 0 0 na na
10 62390.990350314825 0.008250003693 cfg1 2 1 0 0 na na
10 62390.994350257823 0.008250093629 cfg1 2 1 0 0 na na
10 62390.997350306059 0.008250139150 cfg1 2 1 0 0 na na
10 62391.005350265261 0.008250272744 cfg1 2 1 0 0 na na
10 62391.010350291150 0.008250358848 cfg1 2 1 0 0 na na
10 62391.014350307544 0.008250418240 cfg1 2 1 0 0 na na
10 62391.018350259445 0.008250482417 cfg1 2 1 0 0 na na
10 62391.026350250742 0.008250634996 cfg1 2 1 0 0 na na
10 62391.042350275272 0.008250888778 cfg1 2 1 0 0 na na
10 62391.062350310533 0.008251220511 cfg1 2 1 0 0 na na
10 62391.063350289670 0.008251240164 cfg1 2 1 0 0 na na
10 62391.066350308861 0.008251301908 cfg1 2 1 0 0 na na
10 62391.068350265298 0.008251311995 cfg1 2 1 0 0 na na
10 62391.071350279179 0.008251368869 cfg1 2 1 0 0 na na
10 62391.075350265485 0.008251431567 cfg1 2 1 0 0 na na
10 62391.094350300986 0.008251762915 cfg1 2 1 0 0 na na
10 62391.098350261264 0.008251834686 cfg1 2 1 0 0 na na
10 62391.114350309324 0.008252091643 cfg1 2 1 0 0 na na
10 62391.119350296505 0.008252183232 cfg1 2 1 0 0 na na
10 62391.131350315315 0.008252376915 cfg1 2 1 0 0 na na
10 62391.143350264815 0.008252571962 cfg1 2 1 0 0 na na
10 62391.147350278341 0.008252652455 cfg1 2 1 0 0 na na
10 62391.170350288121 0.008253045518 cfg1 2 1 0 0 na na
10 62391.171350295944 0.008253065442 cfg1 2 1 0 0 na na
10 62391.177350351910 0.008253150442 cfg1 2 1 0 0 na na
10 62391.180350307611 0.008253198572 cfg1 2 1 0 0 na na
10 62391.185350320557 0.008253290419 cfg1 2 1 0 0 na na
10 62391.194350269315 0.008253430417 cfg1 2 1 0 0 na na
10 62391.239350294429 0.008254207007 cfg1 2 1 0 0 na na
10 62391.263350289614 0.008254605312 cfg1 2 1 0 0 na na
10 62391.280350251456 0.008254890401 cfg1 2 1 0 0 na na
10 62391.282350283122 0.008254934987 cfg1 2 1 0 0 na na
10 62391.289350246131 0.008255045721 cfg1 2 1 0 0 na na
10 62391.303350243573 0.008255283359 cfg1 2 1 0 0 na na
10 62391.310350295598 0.008255404928 cfg1 2 1 0 0 na na
10 62391.323350356537 0.008255622347 cfg1 2 1 0 0 na na
10 62391.324350250267 0.008255631748 cfg1 2 1 0 0 na na
10 62391.336350365377 0.008255821631 cfg1 2 1 0 0 na na
10 62391.340350288857 0.008255883180 cfg1 2 1 0 0 na na
10 62391.342350307433 0.008255941143 cfg1 2 1 0 0 na na
10 62391.348350281069 0.008256023199 cfg1 2 1 0 0 na na
10 62391.353350299090 0.008256114757 cfg1 2 1 0 0 na na
10 62391.359350266568 0.008256205335 cfg1 2 1 0 0 na na
10 62391.372350384956 0.008256447835 cfg1 2 1 0 0 na na
10 62391.373350269883 0.008256455076 cfg1 2 1 0 0 na na
10 62391.391350315335 0.008256746679 cfg1 2 1 0 0 na na
10 62391.413350333742 0.008257119023 cfg1 2 1 0 0 na na
10 62391.418350252064 0.008257210063 cfg1 2 1 0 0 na na
10 62391.419350332316 0.008257234799 cfg1 2 1 0 0 na na
10 62391.423350285252 0.008257304291 cfg1 2 1 0 0 na na
10 62391.431350313962 0.008257441611 cfg1 2 1 0 0 na na
10 62391.440350330673 0.008257596946 cfg1 2 1 0 0 na na
10 62391.441350278491 0.008257611128 cfg1 2 1 0 0 na na
10 62391.443350286892 0.008257640227 cfg1 2 1 0 0 na na
10 62391.449350325245 0.008257720284 cfg1 2 1 0 0 na na
10 62391.453350298240 0.008257807319 cfg1 2 1 0 0 na na
10 62391.459350343586 0.008257905460 cfg1 2 1 0 0 na na
10 62391.464350255680 0.008257986022 cfg1 2 1 0 0 na na
10 62391.473350247967 0.008258143882 cfg1 2 1 0 0 na na
10 62391.480350269134 0.008258242571 cfg1 2 1 0 0 na na
10 62391.494350269041 0.008258478008 cfg1 2 1 0 0 na na
10 62391.495350316447 0.008258503203 cfg1 2 1 0 0 na na
10 62391.496350288445 0.008258535023 cfg1 2 1 0 0 na na
10 62391.501350308279 0.008258612270 cfg1 2 1 0 0 na na
10 62391.502350249456 0.008258632666 cfg1 2 1 0 0 na na
10 62391.505350349270 0.008258680981 cfg1 2 1 0 0 na na
10 62391.514350311317 0.008258827694 cfg1 2 1 0 0 na na
10 62391.516350270036 0.008258849507 cfg1 2 1 0 0 na na
10 62391.517350259163 0.008258872802 cfg1 2 1 0 0 na na
10 62391.522350265661 0.008258951308 cfg1 2 1 0 0 na na
10 62391.527350324650 0.008259042284 cfg1 2 1 0 0 na na
10 62391.528350285733 0.008259055095 cfg1 2 1 0 0 na na
10 62391.532350302008 0.008259149258 cfg1 2 1 0 0 na na
10 62391.544350297914 0.008259324334 cfg1 2 1 0 0 na na
10 62391.553350310228 0.008259481400 cfg1 2 1 0 0 na na
10 62391.556350241321 0.008259550675 cfg1 2 1 0 0 na na
10 62391.568350295365 0.008259752276 cfg1 2 1 0 0 na na
10 62391.574350285606 0.008259850879 cfg1 2 1 0 0 na na
10 62391.577350326189 0.008259887907 cfg1 2 1 0 0 na na
10 62391.582350319686 0.008259970272 cfg1 2 1 0 0 na na
10 62391.583350377623 0.008259994911 cfg1 2 1 0 0 na na
10 62391.591350306277 0.008260122224 cfg1 2 1 0 0 na na
10 62391.595350345316 0.008260212755 cfg1 2 1 0 0 na na
10 62391.598350263339 0.008260238883 cfg1 2 1 0 0 na na
10 62391.613350263016 0.008260510766 cfg1 2 1 0 0 na na
10 62391.625350321632 0.008260693742 cfg1 2 1 0 0 na na
10 62391.631350361100 0.008260792266 cfg1 2 1 0 0 na na
10 62391.633350299701 0.008260827504 cfg1 2 1 0 0 na na
10 62391.636350269965 0.008260880968 cfg1 2 1 0 0 na na
10 62391.640350279120 0.008260960823 cfg1 2 1 0 0 na na
10 62391.645350307497 0.008261048132 cfg1 2 1 0 0 na na
10 62391.648350321905 0.008261100625 cfg1 2 1 0 0 na na
10 62391.654350300259 0.008261195117 cfg1 2 1 0 0 na na
10 62391.660350255960 0.008261295876 cfg1 2 1 0 0 na na
10 62391.662350328059 0.008261338240 cfg1 2 1 0 0 na na
10 62391.663350263449 0.008261358556 cfg1 2 1 0 0 na na
10 62391.671350340712 0.008261492639 cfg1 2 1 0 0 na na
10 62391.677350316262 0.008261572556 cfg1 2 1 0 0 na na
10 62391.679350297700 0.008261617410 cfg1 2 1 0 0 na na
10 62391.690350265207 0.008261791636 cfg1 2 1 0 0 na na
10 62391.694350256669 0.008261872188 cfg1 2 1 0 0 na na
10 62391.704350352841 0.008262048080 cfg1 2 1 0 0 na na
10 62391.715350306969 0.008262238340 cfg1 2 1 0 0 na na
10 62391.722350307709 0.008262350611 cfg1 2 1 0 0 na na
10 62391.728350254049 0.008262448208 cfg1 2 1 0 0 na na
10 62391.733350289079 0.008262523316 cfg1 2 1 0 0 na na
10 62391.734350281497 0.008262557712 cfg1 2 1 0 0 na na
10 62391.739350264261 0.008262622791 cfg1 2 1 0 0 na na
10 62391.746350312384 0.008262753005 cfg1 2 1 0 0 na na
10 62391.750350295150 0.008262810861 cfg1 2 1 0 0 na na
10 62391.751350335526 0.008262827693 cfg1 2 1 0 0 na na
10 62391.753350333178 0.008262869875 cfg1 2 1 0 0 na na
10 62391.756350287038 0.008262928053 cfg1 2 1 0 0 na na
10 62391.763350279074 0.008263049039 cfg1 2 1 0 0 na na
10 62391.767350266465 0.008263102357 cfg1 2 1 0 0 na na
10 62391.770350348656 0.008263155857 cfg1 2 1 0 0 na na
10 62391.778350292397 0.008263283752 cfg1 2 1 0 0 na na
10 62391.786350298556 0.008263431120 cfg1 2 1 0 0 na na
10 62391.787350263973 0.008263438152 cfg1 2 1 0 0 na na
10 62391.821350292948 0.008264020505 cfg1 2 1 0 0 na na
10 62391.841350272601 0.008264353619 cfg1 2 1 0 0 na na
10 62391.846350318257 0.008264449156 cfg1 2 1 0 0 na na
10 62391.862350310845 0.008264717302 cfg1 2 1 0 0 na na
10 62391.867350259631 0.008264796996 cfg1 2 1 0 0 na na
10 62391.875350283142 0.008264936240 cfg1 2 1 0 0 na na
10 62391.881350301018 0.008265049152 cfg1 2 1 0 0 na na
10 62391.890350340952 0.008265197125 cfg1 2 1 0 0 na na
10 62391.896350296621 0.008265285295 cfg1 2 1 0 0 na na
10 62391.902350290526 0.008265402236 cfg1 2 1 0 0 na na
10 62391.903350294417 0.008265418399 cfg1 2 1 0 0 na na
10 62391.906350330261 0.008265474653 cfg1 2 1 0 0 na na
10 62391.913350246440 0.008265590514 cfg1 2 1 0 0 na na
10 62391.915350251839 0.008265620150 cfg1 2 1 0 0 na na
10 62391.917350319327 0.008265655872 cfg1 2 1 0 0 na na
10 62391.919350263990 0.008265672924 cfg1 2 1 0 0 na na
10 62391.921350291124 0.008265706162 cfg1 2 1 0 0 na na
10 62391.929350339293 0.008265847923 cfg1 2 1 0 0 na na
10 62391.939350245651 0.008266037988 cfg1 2 1 0 0 na na
10 62391.940350358909 0.008266035849 cfg1 2 1 0 0 na na
10 62391.949350281717 0.008266192170 cfg1 2 1 0 0 na na
10 62391.951350297583 0.008266215124 cfg1 2 1 0 0 na na
10 62391.954350329689 0.008266271282 cfg1 2 1 0 0 na na
10 62391.961350352197 0.008266394511 cfg1 2 1 0 0 na na
10 62391.964350325089 0.008266453553 cfg1 2 1 0 0 na na
10 62391.970350335842 0.008266564745 cfg1 2 1 0 0 na na
10 62391.979350281703 0.008266704362 cfg1 2 1 0 0 na na
10 62392.000350263161 0.008267048566 cfg1 2 1 0 0 na na
10 62392.003350286435 0.008267104699 cfg1 2 1 0 0 na na
10 62392.009350339601 0.008267221565 cfg1 2 1 0 0 na na
10 62392.015350300742 0.008267325854 cfg1 2 1 0 0 na na
10 62392.018350310688 0.008267375349 cfg1 2 1 0 0 na na
10 62392.020350247322 0.008267404632 cfg1 2 1 0 0 na na
10 62392.022350271823 0.008267428840 cfg1 2 1 0 0 na na
10 62392.023350314104 0.008267453545 cfg1 2 1 0 0 na na
10 62392.026350271653 0.008267504798 cfg1 2 1 0 0 na na
10 62392.028350342399 0.008267526000 cfg1 2 1 0 0 na na
10 62392.029350276504 0.008267562183 cfg1 2 1 0 0 na na
10 62392.030350258753 0.008267563206 cfg1 2 1 0 0 na na
10 62392.032350270893 0.008267600499 cfg1 2 1 0 0 na na
10 62392.041350312139 0.008267769171 cfg1 2 1 0 0 na na
10 62392.046350268012 0.008267831573 cfg1 2 1 0 0 na na
10 62392.048350308110 0.008267888134 cfg1 2 1 0 0 na na
10 62392.052350294672 0.008267953755 cfg1 2 1 0 0 na na
10 62392.053350302879 0.008267967895 cfg1 2 1 0 0 na na
10 62392.056350261738 0.008268005310 cfg1 2 1 0 0 na na
10 62392.064350284476 0.008268158536 cfg1 2 1 0 0 na na
10 62392.084350329114 0.008268502498 cfg1 2 1 0 0 na na
10 62392.090350250978 0.008268590998 cfg1 2 1 0 0 na na
10 62392.102350255592 0.008268791254 cfg1 2 1 0 0 na na
10 62392.119350304069 0.008269079513 cfg1 2 1 0 0 na na
10 62392.121350300749 0.008269122672 cfg1 2 1 0 0 na na
10 62392.129350282833 0.008269242327 cfg1 2 1 0 0 na na
10 62392.130350379119 0.008269258164 cfg1 2 1 0 0 na na
10 62392.146350276046 0.008269536420 cfg1 2 1 0 0 na na
10 62392.150350294712 0.008269608246 cfg1 2 1 0 0 na na
10 62392.164350295287 0.008269859788 cfg1 2 1 0 0 na na
10 62392.166350314185 0.008269876176 cfg1 2 1 0 0 na na
10 62392.169350290929 0.008269938674 cfg1 2 1 0 0 na na
10 62392.173350292758 0.008269999077 cfg1 2 1 0 0 na na
10 62392.182350336734 0.008270162754 cfg1 2 1 0 0 na na
10 62392.187350291498 0.008270249551 cfg1 2 1 0 0 na na
10 62392.189350314688 0.008270274246 cfg1 2 1 0 0 na na
10 62392.196350340995 0.008270406925 cfg1 2 1 0 0 na na
10 62392.197350293187 0.008270400886 cfg1 2 1 0 0 na na
10 62392.199350310491 0.008270455502 cfg1 2 1 0 0 na na
10 62392.203350315918 0.008270524617 cfg1 2 1 0 0 na na
10 62392.209350249434 0.008270626865 cfg1 2 1 0 0 na na
10 62392.210350361713 0.008270638634 cfg1 2 1 0 0 na na
10 62392.224350315614 0.008270873902 cfg1 2 1 0 0 na na
10 62392.227350253330 0.008270923611 cfg1 2 1 0 0 na na
10 62392.230350265518 0.008270961523 cfg1 2 1 0 0 na na
10 62392.233350291489 0.008271014351 cfg1 2 1 0 0 na na
10 62392.234350276098 0.008271033170 cfg1 2 1 0 0 na na
10 62392.238350325551 0.008271125027 cfg1 2 1 0 0 na na
10 62392.240350342745 0.008271129820 cfg1 2 1 0 0 na na
10 62392.244350256850 0.008271218392 cfg1 2 1 0 0 na na
10 62392.246350350735 0.008271258460 cfg1 2 1 0 0 na na
10 62392.252350243141 0.008271359107 cfg1 2 1 0 0 na na
10 62392.258350310897 0.008271453089 cfg1 2 1 0 0 na na
10 62392.261350319695 0.008271510328 cfg1 2 1 0 0 na na
10 62392.263350355620 0.008271549454 cfg1 2 1 0 0 na na
10 62392.265350333385 0.008271563071 cfg1 2 1 0 0 na na
10 62392.267350335061 0.008271603326 cfg1 2 1 0 0 na na
10 62392.268350327196 0.008271630122 cfg1 2 1 0 0 na na
10 62392.274350309551 0.008271716469 cfg1 2 1 0 0 na na
10 62392.279350331579 0.008271801012 cfg1 2 1 0 0 na na
10 62392.291350260808 0.008272028562 cfg1 2 1 0 0 na na
10 62392.294350266079 0.008272064741 cfg1 2 1 0 0 na na
10 62392.302350297127 0.008272210077 cfg1 2 1 0 0 na na
10 62392.319350327069 0.008272491400 cfg1 2 1 0 0 na na
10 62392.324350263602 0.008272575875 cfg1 2 1 0 0 na na
10 62392.330350266051 0.008272677920 cfg1 2 1 0 0 na na
10 62392.332350306272 0.008272703278 cfg1 2 1 0 0 na na
10 62392.337350321052 0.008272786249 cfg1 2 1 0 0 na na
10 62392.341350320606 0.008272859671 cfg1 2 1 0 0 na na
10 62392.359350257948 0.008273169117 cfg1 2 1 0 0 na na
10 62392.364350292575 0.008273261392 cfg1 2 1 0 0 na na
10 62392.365350275872 0.008273291266 cfg1 2 1 0 0 na na
10 62392.382350329607 0.008273569043 cfg1 2 1 0 0 na na
10 62392.383350323330 0.008273589432 cfg1 2 1 0 0 na na
10 62392.395350289027 0.008273773735 cfg1 2 1 0 0 na na
10 62392.405350294566 0.008273949637 cfg1 2 1 0 0 na na
10 62392.409350285604 0.008274028956 cfg1 2 1 0 0 na na
10 62392.411350324794 0.008274054265 cfg1 2 1 0 0 na na
10 62392.416350312848 0.008274148167 cfg1 2 1 0 0 na na
10 62392.426350311583 0.008274325483 cfg1 2 1 0 0 na na
10 62392.438350356949 0.008274516664 cfg1 2 1 0 0 na na
10 62392.445350263640 0.008274633349 cfg1 2 1 0 0 na na
10 62392.451350261500 0.008274735450 cfg1 2 1 0 0 na na
10 62392.452350292391 0.008274764120 cfg1 2 1 0 0 na na
10 62392.459350272555 0.008274890677 cfg1 2 1 0 0 na na
10 62392.467350324665 0.008275010583 cfg1 2 1 0 0 na na
10 62392.474350330774 0.008275135826 cfg1 2 1 0 0 na na
10 62392.482350276143 0.008275267877 cfg1 2 1 0 0 na na
10 62392.491350272493 0.008275431141 cfg1 2 1 0 0 na na
10 62392.518350289426 0.008275879496 cfg1 2 1 0 0 na na
10 62392.520350350462 0.008275925850 cfg1 2 1 0 0 na na
10 62392.521350287236 0.008275957035 cfg1 2 1 0 0 na na
10 62392.523350274223 0.008275964513 cfg1 2 1 0 0 na na
10 62392.530350311505 0.008276109799 cfg1 2 1 0 0 na na
10 62392.549350288132 0.008276413896 cfg1 2 1 0 0 na na
10 62392.553350244868 0.008276497147 cfg1 2 1 0 0 na na
10 62392.557350267034 0.008276544600 cfg1 2 1 0 0 na na
10 62392.562350293410 0.008276645150 cfg1 2 1 0 0 na na
10 62392.571350291353 0.008276801591 cfg1 2 1 0 0 na na
10 62392.572350321919 0.008276801613 cfg1 2 1 0 0 na na
10 62392.574350338317 0.008276837041 cfg1 2 1 0 0 na na
10 62392.593350322369 0.008277165690 cfg1 2 1 0 0 na na
10 62392.600350267253 0.008277279810 cfg1 2 1 0 0 na na
10 62392.613350289635 0.008277530599 cfg1 2 1 0 0 na na
10 62392.621350252497 0.008277654516 cfg1 2 1 0 0 na na
10 62392.642350298669 0.008278023065 cfg1 2 1 0 0 na na
10 62392.662350282869 0.008278362140 cfg1 2 1 0 0 na na
10 62392.673350286168 0.008278550921 cfg1 2 1 0 0 na na
10 62392.676350318038 0.008278585003 cfg1 2 1 0 0 na na
10 62392.683350265041 0.008278702107 cfg1 2 1 0 0 na na
10 62392.686350349215 0.008278761015 cfg1 2 1 0 0 na na
10 62392.705350348598 0.008279097397 cfg1 2 1 0 0 na na
10 62392.708350304750 0.008279149435 cfg1 2 1 0 0 na na
10 62392.709350316448 0.008279155060 cfg1 2 1 0 0 na na
10 62392.710350270315 0.008279181494 cfg1 2 1 0 0 na na
10 62392.715350346608 0.008279252810 cfg1 2 1 0 0 na na
10 62392.717350320093 0.008279294517 cfg1 2 1 0 0 na na
10 62392.719350328178 0.008279321784 cfg1 2 1 0 0 na na
10 62392.729350267058 0.008279505201 cfg1 2 1 0 0 na na
10 62392.749350337778 0.008279839919 cfg1 2 1 0 0 na na
10 62392.757350315850 0.008279975325 cfg1 2 1 0 0 na na
10 62392.759350261960 0.008280009998 cfg1 2 1 0 0 na na
10 62392.762350342827 0.008280065356 cfg1 2 1 0 0 na na
10 62392.766350326223 0.008280148798 cfg1 2 1 0 0 na na
10 62392.768350331802 0.008280188012 cfg1 2 1 0 0 na na
10 62392.778350346672 0.008280357149 cfg1 2 1 0 0 na na
10 62392.786350291768 0.008280473161 cfg1 2 1 0 0 na na
10 62392.803350250251 0.008280776664 cfg1 2 1 0 0 na na
10 62392.811350305970 0.008280898631 cfg1 2 1 0 0 na na
10 62392.828350267541 0.008281196731 cfg1 2 1 0 0 na na
10 62392.829350308653 0.008281235105 cfg1 2 1 0 0 na na
10 62392.833350300593 0.008281282747 cfg1 2 1 0 0 na na
10 62392.835350281389 0.008281325168 cfg1 2 1 0 0 na na
10 62392.844350320915 0.008281478139 cfg1 2 1 0 0 na na
10 62392.848350304868 0.008281542706 cfg1 2 1 0 0 na na
10 62392.859350315209 0.008281738121 cfg1 2 1 0 0 na na
10 62392.895350237209 0.008282369591 cfg1 2 1 0 0 na na
10 62392.900350304867 0.008282451789 cfg1 2 1 0 0 na na
10 62392.921350295926 0.008282811372 cfg1 2 1 0 0 na na
10 62392.923350312359 0.008282827597 cfg1 2 1 0 0 na na
10 62392.924350357016 0.008282865296 cfg1 2 1 0 0 na na
10 62392.950350288036 0.008283290826 cfg1 2 1 0 0 na na
10 62392.952350315941 0.008283339030 cfg1 2 1 0 0 na na
10 62392.956350305574 0.008283410538 cfg1 2 1 0 0 na na
10 62393.004350326391 0.008284244032 cfg1 2 1 0 0 na na
10 62393.009350317062 0.008284312692 cfg1 2 1 0 0 na na
10 62393.020350320691 0.008284494508 cfg1 2 1 0 0 na na
10 62393.026350305364 0.008284624501 cfg1 2 1 0 0 na na
10 62393.059350306317 0.008285168106 cfg1 2 1 0 0 na na
10 62393.062350316198 0.008285218118 cfg1 2 1 0 0 na na
10 62393.063350325481 0.008285255221 cfg1 2 1 0 0 na na
10 62393.081350307741 0.008285570016 cfg1 2 1 0 0 na na
10 62393.085350270634 0.008285640764 cfg1 2 1 0 0 na na
10 62393.087350298081 0.008285650585 cfg1 2 1 0 0 na na
10 62393.091350314419 0.008285728262 cfg1 2 1 0 0 na na
10 62393.094350261088 0.008285770832 cfg1 2 1 0 0 na na
10 62393.113350281466 0.008286120872 cfg1 2 1 0 0 na na
10 62393.120350256020 0.008286232185 cfg1 2 1 0 0 na na
10 62393.121350247205 0.008286249595 cfg1 2 1 0 0 na na
10 62393.126350268877 0.008286320854 cfg1 2 1 0 0 na na
10 62393.133350263867 0.008286466604 cfg1 2 1 0 0 na na
10 62393.139350297537 0.008286543530 cfg1 2 1 0 0 na na
10 62393.147350303312 0.008286703227 cfg1 2 1 0 0 na na
10 62393.178350261059 0.008287221089 cfg1 2 1 0 0 na na
10 62393.179350305899 0.008287237881 cfg1 2 1 0 0 na na
10 62393.182350333362 0.008287296194 cfg1 2 1 0 0 na na
10 62393.185350315554 0.008287339428 cfg1 2 1 0 0 na na
10 62393.189350330465 0.008287404876 cfg1 2 1 0 0 na na
10 62393.196350256777 0.008287535203 cfg1 2 1 0 0 na na
10 62393.230350332231 0.008288139904 cfg1 2 1 0 0 na na
10 62393.233350314719 0.008288165041 cfg1 2 1 0 0 na na
10 62393.234350294105 0.008288193309 cfg1 2 1 0 0 na na
10 62393.236350377189 0.008288227851 cfg1 2 1 0 0 na na
10 62393.237350285992 0.008288257497 cfg1 2 1 0 0 na na
10 62393.243350287733 0.008288344101 cfg1 2 1 0 0 na na
10 62393.248350292645 0.008288436050 cfg1 2 1 0 0 na na
10 62393.253350265894 0.008288510840 cfg1 2 1 0 0 na na
10 62393.258350307046 0.008288602640 cfg1 2 1 0 0 na na
10 62393.259350320642 0.008288637603 cfg1 2 1 0 0 na na
10 62393.260350268146 0.008288658799 cfg1 2 1 0 0 na na
10 62393.261350362734 0.008288668732 cfg1 2 1 0 0 na na
10 62393.267350296788 0.008288766091 cfg1 2 1 0 0 na na
10 62393.280350309053 0.008288996873 cfg1 2 1 0 0 na na
10 62393.282350279362 0.008289031907 cfg1 2 1 0 0 na na
10 62393.288350242655 0.008289139200 cfg1 2 1 0 0 na na
10 62393.294350247971 0.008289233934 cfg1 2 1 0 0 na na
10 62393.295350361315 0.008289263204 cfg1 2 1 0 0 na na
10 62393.304350309673 0.008289419795 cfg1 2 1 0 0 na na
10 62393.307350324836 0.008289450365 cfg1 2 1 0 0 na na
10 62393.315350382061 0.008289608995 cfg1 2 1 0 0 na na
10 62393.320350295355 0.008289694714 cfg1 2 1 0 0 na na
10 62393.324350294288 0.008289760838 cfg1 2 1 0 0 na na
10 62393.328350265094 0.008289806812 cfg1 2 1 0 0 na na
10 62393.330350315915 0.008289864845 cfg1 2 1 0 0 na na
10 62393.338350315996 0.008290004336 cfg1 2 1 0 0 na na
10 62393.340350255393 0.008290021383 cfg1 2 1 0 0 na na
10 62393.345350293640 0.008290118624 cfg1 2 1 0 0 na na
10 62393.352350296383 0.008290248871 cfg1 2 1 0 0 na na
10 62393.357350310022 0.008290327155 cfg1 2 1 0 0 na na
10 62393.371350309790 0.008290564860 cfg1 2 1 0 0 na na
10 62393.380350294745 0.008290711228 cfg1 2 1 0 0 na na
10 62393.381350281781 0.008290728810 cfg1 2 1 0 0 na na
10 62393.383350258336 0.008290773208 cfg1 2 1 0 0 na na
10 62393.388350311641 0.008290859122 cfg1 2 1 0 0 na na
10 62393.394350313166 0.008290947753 cfg1 2 1 0 0 na na
10 62393.397350338893 0.008291004447 cfg1 2 1 0 0 na na
10 62393.407350285485 0.008291178268 cfg1 2 1 0 0 na na
10 62393.413350306355 0.008291288566 cfg1 2 1 0 0 na na
10 62393.425350292085 0.008291503606 cfg1 2 1 0 0 na na
10 62393.426350253221 0.008291514832 cfg1 2 1 0 0 na na
10 62393.435350301015 0.008291670642 cfg1 2 1 0 0 na na
10 62393.446350262906 0.008291866308 cfg1 2 1 0 0 na na
10 62393.459350263972 0.008292073011 cfg1 2 1 0 0 na na
10 62393.479350352419 0.008292424708 cfg1 2 1 0 0 na na
10 62393.493350276243 0.008292681155 cfg1 2 1 0 0 na na
10 62393.495350302393 0.008292702932 cfg1 2 1 0 0 na na
10 62393.502350259652 0.008292834156 cfg1 2 1 0 0 na na
10 62393.505350262946 0.008292874015 cfg1 2 1 0 0 na na
10 62393.512350343224 0.008293015381 cfg1 2 1 0 0 na na
10 62393.524350306728 0.008293203087 cfg1 2 1 0 0 na na
10 62393.528350239970 0.008293291845 cfg1 2 1 0 0 na na
10 62393.531350266500 0.008293320495 cfg1 2 1 0 0 na na
10 62393.532350306620 0.008293349200 cfg1 2 1 0 0 na na
10 62393.539350295828 0.008293478375 cfg1 2 1 0 0 na na
10 62393.540350274440 0.008293495121 cfg1 2 1 0 0 na na
10 62393.541350259381 0.008293502947 cfg1 2 1 0 0 na na
10 62393.542350345650 0.008293530618 cfg1 2 1 0 0 na na
10 62393.543350255961 0.008293556570 cfg1 2 1 0 0 na na
10 62393.548350259724 0.008293622121 cfg1 2 1 0 0 na na
10 62393.559350299775 0.008293821658 cfg1 2 1 0 0 na na
10 62393.560350280745 0.008293822593 cfg1 2 1 0 0 na na
10 62393.563350347794 0.008293883473 cfg1 2 1 0 0 na na
10 62393.564350322457 0.008293899855 cfg1 2 1 0 0 na na
10 62393.569350326056 0.008294005137 cfg1 2 1 0 0 na na
10 62393.574350288361 0.008294088071 cfg1 2 1 0 0 na na
10 62393.589350278565 0.008294342066 cfg1 2 1 0 0 na na
10 62393.594350293306 0.008294420609 cfg1 2 1 0 0 na na
10 62393.606350325238 0.008294635537 cfg1 2 1 0 0 na na
10 62393.607350304020 0.008294648868 cfg1 2 1 0 0 na na
10 62393.610350260387 0.008294696343 cfg1 2 1 0 0 na na
10 62393.619350281606 0.008294872436 cfg1 2 1 0 0 na na
10 62393.623350308173 0.008294936521 cfg1 2 1 0 0 na na
10 62393.627350275126 0.008294992945 cfg1 2 1 0 0 na na
10 62393.656350311924 0.008295488106 cfg1 2 1 0 0 na na
10 62393.659350301944 0.008295547104 cfg1 2 1 0 0 na na
10 62393.660350339622 0.008295585372 cfg1 2 1 0 0 na na
10 62393.661350241924 0.008295600090 cfg1 2 1 0 0 na na
10 62393.674350259680 0.008295807408 cfg1 2 1 0 0 na na
10 62393.689350307645 0.008296086598 cfg1 2 1 0 0 na na
10 62393.693350241378 0.008296155597 cfg1 2 1 0 0 na na
10 62393.695350325272 0.008296170509 cfg1 2 1 0 0 na na
10 62393.706350252494 0.008296374576 cfg1 2 1 0 0 na na
10 62393.707350319909 0.008296381442 cfg1 2 1 0 0 na na
10 62393.727350310211 0.008296742538 cfg1 2 1 0 0 na na
10 62393.729350316631 0.008296758719 cfg1 2 1 0 0 na na
10 62393.736350277138 0.008296893753 cfg1 2 1 0 0 na na
10 62393.740350280465 0.008296973608 cfg1 2 1 0 0 na na
10 62393.745350290569 0.008297058955 cfg1 2 1 0 0 na na
10 62393.753350274123 0.008297194922 cfg1 2 1 0 0 na na
10 62393.763350284650 0.008297357795 cfg1 2 1 0 0 na na
10 62393.767350244545 0.008297437327 cfg1 2 1 0 0 na na
10 62393.780350306860 0.008297663704 cfg1 2 1 0 0 na na
10 62393.787350305218 0.008297774621 cfg1 2 1 0 0 na na
10 62393.808350294336 0.008298151901 cfg1 2 1 0 0 na na
10 62393.809350286337 0.008298167608 cfg1 2 1 0 0 na na
10 62393.811350239455 0.008298207369 cfg1 2 1 0 0 na na
10 62393.816350381255 0.008298274925 cfg1 2 1 0 0 na na
10 62393.818350320282 0.008298327431 cfg1 2 1 0 0 na na
10 62393.821350284980 0.008298363415 cfg1 2 1 0 0 na na
10 62393.832350249739 0.008298562020 cfg1 2 1 0 0 na na
10 62393.839350283721 0.008298689044 cfg1 2 1 0 0 na na
10 62393.850350295856 0.008298882505 cfg1 2 1 0 0 na na
10 62393.872350246573 0.008299264999 cfg1 2 1 0 0 na na
10 62393.874350316189 0.008299289774 cfg1 2 1 0 0 na na
10 62393.879350287759 0.008299365280 cfg1 2 1 0 0 na na
10 62393.880350297840 0.008299409566 cfg1 2 1 0 0 na na
10 62393.881350324671 0.008299419954 cfg1 2 1 0 0 na na
10 62393.894350337445 0.008299630640 cfg1 2 1 0 0 na na
10 62393.896350301930 0.008299686190 cfg1 2 1 0 0 na na
10 62393.917350292747 0.008300034104 cfg1 2 1 0 0 na na
10 62393.928350368101 0.008300236542 cfg1 2 1 0 0 na na
10 62393.931350288155 0.008300292654 cfg1 2 1 0 0 na na
10 62393.933350332572 0.008300330937 cfg1 2 1 0 0 na na
10 62393.936350312941 0.008300374859 cfg1 2 1 0 0 na na
10 62393.941350343496 0.008300460347 cfg1 2 1 0 0 na na
10 62393.948350328908 0.008300579341 cfg1 2 1 0 0 na na
10 62393.951350257980 0.008300629029 cfg1 2 1 0 0 na na
10 62393.963350357765 0.008300851822 cfg1 2 1 0 0 na na
10 62393.969350307627 0.008300943926 cfg1 2 1 0 0 na na
10 62393.970350287493 0.008300955175 cfg1 2 1 0 0 na na
10 62393.975350293626 0.008301056591 cfg1 2 1 0 0 na na
10 62393.991350282548 0.008301328769 cfg1 2 1 0 0 na na
10 62393.997350286918 0.008301428074 cfg1 2 1 0 0 na na
10 62394.003350289777 0.008301536705 cfg1 2 1 0 0 na na
10 62394.008350310591 0.008301618873 cfg1 2 1 0 0 na na
10 62394.012350322827 0.008301684749 cfg1 2 1 0 0 na na
10 62394.016350310673 0.008301770765 cfg1 2 1 0 0 na na
10 62394.020350264332 0.008301822675 cfg1 2 1 0 0 na na
10 62394.021350299792 0.008301858879 cfg1 2 1 0 0 na na
10 62394.024350287569 0.008301917293 cfg1 2 1 0 0 na na
10 62394.044350266468 0.008302252625 cfg1 2 1 0 0 na na
10 62394.052350310066 0.008302384058 cfg1 2 1 0 0 na na
10 62394.058350263831 0.008302488116 cfg1 2 1 0 0 na na
10 62394.062350297102 0.008302582600 cfg1 2 1 0 0 na na
10 62394.064350314121 0.008302606139 cfg1 2 1 0 0 na na
10 62394.066350305263 0.008302638133 cfg1 2 1 0 0 na na
10 62394.078350336274 0.008302858732 cfg1 2 1 0 0 na na
10 62394.090350308018 0.008303071114 cfg1 2 1 0 0 na na
10 62394.110350313917 0.008303400143 cfg1 2 1 0 0 na na
10 62394.117350317893 0.008303539387 cfg1 2 1 0 0 na na
10 62394.122350275350 0.008303606914 cfg1 2 1 0 0 na na
10 62394.128350373381 0.008303735559 cfg1 2 1 0 0 na na
10 62394.156350306217 0.008304198606 cfg1 2 1 0 0 na na
10 62394.160350305038 0.008304270661 cfg1 2 1 0 0 na na
10 62394.169350260187 0.008304431955 cfg1 2 1 0 0 na na
10 62394.170350332487 0.008304445967 cfg1 2 1 0 0 na na
10 62394.174350342674 0.008304529253 cfg1 2 1 0 0 na na
10 62394.176350281093 0.008304554101 cfg1 2 1 0 0 na na
10 62394.184350289870 0.008304705603 cfg1 2 1 0 0 na na
10 62394.187350282417 0.008304744477 cfg1 2 1 0 0 na na
10 62394.198350312211 0.008304958596 cfg1 2 1 0 0 na na
10 62394.209350298439 0.008305126673 cfg1 2 1 0 0 na na
10 62394.217350260864 0.008305282634 cfg1 2 1 0 0 na na
10 62394.219350335566 0.008305309605 cfg1 2 1 0 0 na na
10 62394.227350300383 0.008305459129 cfg1 2 1 0 0 na na
10 62394.230350286249 0.008305501250 cfg1 2 1 0 0 na na
10 62394.234350318849 0.008305569350 cfg1 2 1 0 0 na na
10 62394.235350322645 0.008305594105 cfg1 2 1 0 0 na na
10 62394.240350297265 0.008305688475 cfg1 2 1 0 0 na na
10 62394.257350335697 0.008305990765 cfg1 2 1 0 0 na na
10 62394.263350308708 0.008306088381 cfg1 2 1 0 0 na na
10 62394.267350264649 0.008306137677 cfg1 2 1 0 0 na na
10 62394.270350276393 0.008306198288 cfg1 2 1 0 0 na na
10 62394.275350260122 0.008306281860 cfg1 2 1 0 0 na na
10 62394.290350295338 0.008306546105 cfg1 2 1 0 0 na na
10 62394.297350242850 0.008306684069 cfg1 2 1 0 0 na na
10 62394.298350314012 0.008306682492 cfg1 2 1 0 0 na na
10 62394.299350315726 0.008306713721 cfg1 2 1 0 0 na na
10 62394.302350292989 0.008306763680 cfg1 2 1 0 0 na na
10 62394.310350269345 0.008306909673 cfg1 2 1 0 0 na na
10 62394.317350263156 0.008307018270 cfg1 2 1 0 0 na na
10 62394.327350296182 0.008307190410 cfg1 2 1 0 0 na na
10 62394.333350248583 0.008307321040 cfg1 2 1 0 0 na na
10 62394.338350301809 0.008307393913 cfg1 2 1 0 0 na na
10 62394.349350277462 0.008307576496 cfg1 2 1 0 0 na na
10 62394.358350271149 0.008307747903 cfg1 2 1 0 0 na na
10 62394.397350312115 0.008308432095 cfg1 2 1 0 0 na na
10 62394.405350318369 0.008308556140 cfg1 2 1 0 0 na na
10 62394.424350324180 0.008308902702 cfg1 2 1 0 0 na na
10 62394.433350284984 0.008309047849 cfg1 2 1 0 0 na na
10 62394.439350284006 0.008309156957 cfg1 2 1 0 0 na na
10 62394.457350278636 0.008309481577 cfg1 2 1 0 0 na na
10 62394.461350283980 0.008309563765 cfg1 2 1 0 0 na na
10 62394.494350250483 0.008310138167 cfg1 2 1 0 0 na na
10 62394.497350291262 0.008310181329 cfg1 2 1 0 0 na na
10 62394.509350327033 0.008310400122 cfg1 2 1 0 0 na na
10 62394.513350300627 0.008310472623 cfg1 2 1 0 0 na na
10 62394.529350245458 0.008310746491 cfg1 2 1 0 0 na na
10 62394.554350305614 0.008311172641 cfg1 2 1 0 0 na na
10 62394.559350244274 0.008311277663 cfg1 2 1 0 0 na na
10 62394.571350281852 0.008311473609 cfg1 2 1 0 0 na na
10 62394.574350326390 0.008311520293 cfg1 2 1 0 0 na na
10 62394.578350306902 0.008311615063 cfg1 2 1 0 0 na na
10 62394.625350292471 0.008312416101 cfg1 2 1 0 0 na na
10 62394.646350303602 0.008312796078 cfg1 2 1 0 0 na na
10 62394.650350278257 0.008312866440 cfg1 2 1 0 0 na na
10 62394.668350333003 0.008313175098 cfg1 2 1 0 0 na na
10 62394.671350334717 0.008313241071 cfg1 2 1 0 0 na na
10 62394.678350327928 0.008313370261 cfg1 2 1 0 0 na na
10 62394.761350300456 0.008314829281 cfg1 2 1 0 0 na na
10 62394.787350263137 0.008315268765 cfg1 2 1 0 0 na na
10 62394.818350286333 0.008315836714 cfg1 2 1 0 0 na na
10 62394.834350306873 0.008316120149 cfg1 2 1 0 0 na na
10 62394.856350399887 0.008316490464 cfg1 2 1 0 0 na na
10 62394.898350278600 0.008317243894 cfg1 2 1 0 0 na na
10 62394.899350301060 0.008317258188 cfg1 2 1 0 0 na na
10 62394.900350317697 0.008317275402 cfg1 2 1 0 0 na na
10 62394.943350308677 0.008318019997 cfg1 2 1 0 0 na na
10 62394.948350248946 0.008318118102 cfg1 2 1 0 0 na na
10 62394.988350309278 0.008318818830 cfg1 2 1 0 0 na na
10 62395.016350256426 0.008319315485 cfg1 2 1 0 0 na na
10 62395.027350337094 0.008319507190 cfg1 2 1 0 0 na na
10 62395.037350333724 0.008319681728 cfg1 2 1 0 0 na na
10 62395.073350315188 0.008320320394 cfg1 2 1 0 0 na na
10 62395.140350264572 0.008321515522 cfg1 2 1 0 0 na na
10 62395.154350332943 0.008321769232 cfg1 2 1 0 0 na na
10 62395.166350311520 0.008321976027 cfg1 2 1 0 0 na na
10 62395.179350316628 0.008322191117 cfg1 2 1 0 0 na na
10 62395.193350314719 0.008322443611 cfg1 2 1 0 0 na na
10 62395.215350333042 0.008322835515 cfg1 2 1 0 0 na na
10 62395.255350311848 0.008323550586 cfg1 2 1 0 0 na na
10 62395.273350304505 0.008323880569 cfg1 2 1 0 0 na na
10 62395.276350319564 0.008323917828 cfg1 2 1 0 0 na na
10 62395.282350240271 0.008324036493 cfg1 2 1 0 0 na na
10 62395.295350272247 0.008324267489 cfg1 2 1 0 0 na na
10 62395.298350273881 0.008324305774 cfg1 2 1 0 0 na na
10 62395.299350348874 0.008324327036 cfg1 2 1 0 0 na na
10 62395.323350233645 0.008324768360 cfg1 2 1 0 0 na na
10 62395.325350314459 0.008324804481 cfg1 2 1 0 0 na na
10 62395.334350336164 0.008324951618 cfg1 2 1 0 0 na na
10 62395.337350321705 0.008325001092 cfg1 2 1 0 0 na na
10 62395.340350298366 0.008325064600 cfg1 2 1 0 0 na na
10 62395.352350314581 0.008325274866 cfg1 2 1 0 0 na na
10 62395.390350305184 0.008325950293 cfg1 2 1 0 0 na na
10 62395.416350269035 0.008326417642 cfg1 2 1 0 0 na na
10 62395.467350259886 0.008327302111 cfg1 2 1 0 0 na na
10 62395.468350327812 0.008327320533 cfg1 2 1 0 0 na na
10 62395.510350288900 0.008328063101 cfg1 2 1 0 0 na na
10 62395.518350311111 0.008328228416 cfg1 2 1 0 0 na na
10 62395.545350319305 0.008328685313 cfg1 2 1 0 0 na na
10 62395.569350260400 0.008329111410 cfg1 2 1 0 0 na na
10 62395.583350288291 0.008329383052 cfg1 2 1 0 0 na na
10 62395.606350308660 0.008329766700 cfg1 2 1 0 0 na na
10 62395.608350262393 0.008329804895 cfg1 2 1 0 0 na na
10 62395.615350249747 0.008329945703 cfg1 2 1 0 0 na na
10 62395.616350264465 0.008329949968 cfg1 2 1 0 0 na na
10 62395.623350310518 0.008330094771 cfg1 2 1 0 0 na na
10 62395.651350287175 0.008330579127 cfg1 2 1 0 0 na na
10 62395.668350237008 0.008330899997 cfg1 2 1 0 0 na na
10 62395.692350318317 0.008331321275 cfg1 2 1 0 0 na na
10 62395.709350342155 0.008331623218 cfg1 2 1 0 0 na na
10 62395.730350285352 0.008331986446 cfg1 2 1 0 0 na na
10 62395.754350269400 0.008332425434 cfg1 2 1 0 0 na na
10 62395.780350286062 0.008332889009 cfg1 2 1 0 0 na na
10 62395.808350325340 0.008333386727 cfg1 2 1 0 0 na na
10 62395.810350334073 0.008333405193 cfg1 2 1 0 0 na na
10 62395.812350318798 0.008333456378 cfg1 2 1 0 0 na na
10 62395.857350300952 0.008334267372 cfg1 2 1 0 0 na na
10 62395.879350263176 0.008334634727 cfg1 2 1 0 0 na na
10 62395.880350296102 0.008334657193 cfg1 2 1 0 0 na na
10 62395.881350300527 0.008334675940 cfg1 2 1 0 0 na na
10 62395.913350336489 0.008335266745 cfg1 2 1 0 0 na na
10 62395.932350252330 0.008335594457 cfg1 2 1 0 0 na na
10 62395.935350335501 0.008335648874 cfg1 2 1 0 0 na na
10 62395.938350289347 0.008335691000 cfg1 2 1 0 0 na na
10 62395.941350263214 0.008335743642 cfg1 2 1 0 0 na na
10 62395.971350302054 0.008336282573 cfg1 2 1 0 0 na na
10 62395.977350282433 0.008336398898 cfg1 2 1 0 0 na na
10 62395.986350318894 0.008336567490 cfg1 2 1 0 0 na na
10 62395.989350355733 0.008336602598 cfg1 2 1 0 0 na na
10 62396.040350248381 0.008337528657 cfg1 2 1 0 0 na na
10 62396.041350309351 0.008337558042 cfg1 2 1 0 0 na na
10 62396.157350329453 0.008339619069 cfg1 2 1 0 0 na na
10 62396.158350308012 0.008339643541 cfg1 2 1 0 0 na na
10 62396.172350265633 0.008339890291 cfg1 2 1 0 0 na na
10 62396.189350294385 0.008340201596 cfg1 2 1 0 0 na na
10 62396.210350305150 0.008340568937 cfg1 2 1 0 0 na na
10 62396.226350336707 0.008340868885 cfg1 2 1 0 0 na na
10 62396.246350294245 0.008341212334 cfg1 2 1 0 0 na na
10 62396.271350297158 0.008341662535 cfg1 2 1 0 0 na na
10 62396.275350271584 0.008341733553 cfg1 2 1 0 0 na na
10 62396.300350242066 0.008342195350 cfg1 2 1 0 0 na na
10 62396.301350302012 0.008342211373 cfg1 2 1 0 0 na na
10 62396.332350342498 0.008342764351 cfg1 2 1 0 0 na na
10 62396.346350264518 0.008343011910 cfg1 2 1 0 0 na na
10 62396.348350315952 0.008343058834 cfg1 2 1 0 0 na na
10 62396.352350268831 0.008343106215 cfg1 2 1 0 0 na na
10 62396.359350293665 0.008343239157 cfg1 2 1 0 0 na na
10 62396.393350318183 0.008343850020 cfg1 2 1 0 0 na na
10 62396.426350340124 0.008344461979 cfg1 2 1 0 0 na na
10 62396.429350256596 0.008344499965 cfg1 2 1 0 0 na na
10 62396.433350294938 0.008344561879 cfg1 2 1 0 0 na na
10 62396.434350340725 0.008344580463 cfg1 2 1 0 0 na na
10 62396.465350309173 0.008345134994 cfg1 2 1 0 0 na na
10 62396.492350298487 0.008345625946 cfg1 2 1 0 0 na na
10 62396.496350323410 0.008345714731 cfg1 2 1 0 0 na na
10 62396.497350287555 0.008345714486 cfg1 2 1 0 0 na na
10 62396.499350281831 0.008345751777 cfg1 2 1 0 0 na na
10 62396.530350333548 0.008346310693 cfg1 2 1 0 0 na na
10 62396.556350274817 0.008346783339 cfg1 2 1 0 0 na na
10 62396.569350348447 0.008347012933 cfg1 2 1 0 0 na na
10 62396.578350256789 0.008347180020 cfg1 2 1 0 0 na na
10 62396.583350266023 0.008347260879 cfg1 2 1 0 0 na na
10 62396.603350346038 0.008347642942 cfg1 2 1 0 0 na na
10 62396.605350309656 0.008347671429 cfg1 2 1 0 0 na na
10 62396.615350277588 0.008347854574 cfg1 2 1 0 0 na na
10 62396.624350330876 0.008348011972 cfg1 2 1 0 0 na na
10 62396.641350269941 0.008348314397 cfg1 2 1 0 0 na na
10 62396.649350274979 0.008348470552 cfg1 2 1 0 0 na na
10 62396.742350254041 0.008350153132 cfg1 2 1 0 0 na na
10 62396.765350312306 0.008350553402 cfg1 2 1 0 0 na na
10 62396.814350295873 0.008351441978 cfg1 2 1 0 0 na na
10 62396.855350259857 0.008352171894 cfg1 2 1 0 0 na na
10 62396.865350338721 0.008352374969 cfg1 2 1 0 0 na na
10 62396.876350276053 0.008352544028 cfg1 2 1 0 0 na na
10 62396.879350252711 0.008352614255 cfg1 2 1 0 0 na na
10 62396.888350271965 0.008352779204 cfg1 2 1 0 0 na na
10 62396.901350349761 0.008353017639 cfg1 2 1 0 0 na na
10 62396.915350321189 0.008353259391 cfg1 2 1 0 0 na na
10 62396.927350328749 0.008353475592 cfg1 2 1 0 0 na na
10 62396.942350249742 0.008353757618 cfg1 2 1 0 0 na na
10 62396.971350342992 0.008354273601 cfg1 2 1 0 0 na na
10 62396.972350311765 0.008354289414 cfg1 2 1 0 0 na na
10 62397.019350276360 0.008355158251 cfg1 2 1 0 0 na na
10 62397.033350313771 0.008355413248 cfg1 2 1 0 0 na na
10 62397.057350309479 0.008355826645 cfg1 2 1 0 0 na na
10 62397.064350293183 0.008355962807 cfg1 2 1 0 0 na na
10 62397.069350317089 0.008356043519 cfg1 2 1 0 0 na na
10 62397.070350316020 0.008356054883 cfg1 2 1 0 0 na na
10 62397.089350301041 0.008356417803 cfg1 2 1 0 0 na na
10 62397.099350265723 0.008356591105 cfg1 2 1 0 0 na na
10 62397.105350239523 0.008356717226 cfg1 2 1 0 0 na na
10 62397.113350336506 0.008356853055 cfg1 2 1 0 0 na na
10 62397.123350243070 0.008357039055 cfg1 2 1 0 0 na na
10 62397.132350257493 0.008357189318 cfg1 2 1 0 0 na na
10 62397.143350292634 0.008357392182 cfg1 2 1 0 0 na na
10 62397.162350339381 0.008357747269 cfg1 2 1 0 0 na na
10 62397.164350259506 0.008357781960 cfg1 2 1 0 0 na na
10 62397.165350316660 0.008357787261 cfg1 2 1 0 0 na na
10 62397.174350289242 0.008357947461 cfg1 2 1 0 0 na na
10 62397.175350270107 0.008357975881 cfg1 2 1 0 0 na na
10 62397.189350311489 0.008358213853 cfg1 2 1 0 0 na na
10 62397.194350267519 0.008358320955 cfg1 2 1 0 0 na na
10 62397.222350244215 0.008358833375 cfg1 2 1 0 0 na na
10 62397.248350261040 0.008359295557 cfg1 2 1 0 0 na na
10 62397.254350330559 0.008359412597 cfg1 2 1 0 0 na na
10 62397.263350336239 0.008359564985 cfg1 2 1 0 0 na na
10 62397.264350298410 0.008359592870 cfg1 2 1 0 0 na na
10 62397.265350317538 0.008359601051 cfg1 2 1 0 0 na na
10 62397.280350283135 0.008359893548 cfg1 2 1 0 0 na na
10 62397.285350334177 0.008359968226 cfg1 2 1 0 0 na na
10 62397.288350344261 0.008360038240 cfg1 2 1 0 0 na na
10 62397.299350278932 0.008360225661 cfg1 2 1 0 0 na na
10 62397.303350305338 0.008360288724 cfg1 2 1 0 0 na na
10 62397.324350310561 0.008360688082 cfg1 2 1 0 0 na na
10 62397.336350261581 0.008360895349 cfg1 2 1 0 0 na na
10 62397.340350247364 0.008360977874 cfg1 2 1 0 0 na na
10 62397.346350314844 0.008361081969 cfg1 2 1 0 0 na na
10 62397.357350307793 0.008361264265 cfg1 2 1 0 0 na na
10 62397.369350290600 0.008361503197 cfg1 2 1 0 0 na na
10 62397.378350276290 0.008361662961 cfg1 2 1 0 0 na na
10 62397.395350249999 0.008361978266 cfg1 2 1 0 0 na na
10 62397.421350296487 0.008362447799 cfg1 2 1 0 0 na na
10 62397.427350262872 0.008362544007 cfg1 2 1 0 0 na na
10 62397.442350365245 0.008362816543 cfg1 2 1 0 0 na na
10 62397.448350296484 0.008362946860 cfg1 2 1 0 0 na na
10 62397.476350304181 0.008363447353 cfg1 2 1 0 0 na na
10 62397.478350284937 0.008363487829 cfg1 2 1 0 0 na na
10 62397.480350304588 0.008363506702 cfg1 2 1 0 0 na na
10 62397.484350261833 0.008363580195 cfg1 2 1 0 0 na na
10 62397.492350294820 0.008363730472 cfg1 2 1 0 0 na na
10 62397.497350272531 0.008363819979 cfg1 2 1 0 0 na na
10 62397.498350352938 0.008363850782 cfg1 2 1 0 0 na na
10 62397.521350280867 0.008364270464 cfg1 2 1 0 0 na na
10 62397.527350236941 0.008364385178 cfg1 2 1 0 0 na na
10 62397.530350341473 0.008364429192 cfg1 2 1 0 0 na na
10 62397.554350297699 0.008364849362 cfg1 2 1 0 0 na na
10 62397.562350340936 0.008365015044 cfg1 2 1 0 0 na na
10 62397.583350330576 0.008365390387 cfg1 2 1 0 0 na na
10 62397.603350348684 0.008365764337 cfg1 2 1 0 0 na na
10 62397.620350255010 0.008366061853 cfg1 2 1 0 0 na na
10 62397.623350282769 0.008366135771 cfg1 2 1 0 0 na na
10 62397.642350315898 0.008366467285 cfg1 2 1 0 0 na na
10 62397.665350273743 0.008366898627 cfg1 2 1 0 0 na na
10 62397.676350242119 0.008367099609 cfg1 2 1 0 0 na na
10 62397.709350264144 0.008367677811 cfg1 2 1 0 0 na na
10 62397.760350315327 0.008368625711 cfg1 2 1 0 0 na na
10 62397.771350326878 0.008368828977 cfg1 2 1 0 0 na na
10 62397.775350277178 0.008368908797 cfg1 2 1 0 0 na na
10 62397.830350300775 0.008369900732 cfg1 2 1 0 0 na na
10 62397.839350264105 0.008370079505 cfg1 2 1 0 0 na na
10 62397.842350296547 0.008370124311 cfg1 2 1 0 0 na na
10 62397.864350286525 0.008370536077 cfg1 2 1 0 0 na na
10 62397.874350307743 0.008370705995 cfg1 2 1 0 0 na na
10 62397.910350330379 0.008371350230 cfg1 2 1 0 0 na na
10 62397.921350299186 0.008371557000 cfg1 2 1 0 0 na na
10 62397.922350384030 0.008371572223 cfg1 2 1 0 0 na na
10 62397.928350324242 0.008371704384 cfg1 2 1 0 0 na na
10 62397.981350331762 0.008372677936 cfg1 2 1 0 0 na na
10 62398.021350288032 0.008373409593 cfg1 2 1 0 0 na na
10 62398.059350259113 0.008374087877 cfg1 2 1 0 0 na na
10 62398.098350255807 0.008374806300 cfg1 2 1 0 0 na na
10 62398.197350265003 0.008376617475 cfg1 2 1 0 0 na na
10 62398.291350344808 0.008378339222 cfg1 2 1 0 0 na na
10 62398.355350312281 0.008379544656 cfg1 2 1 0 0 na na
10 62398.496350330630 0.008382136462 cfg1 2 1 0 0 na na
10 62398.502350281035 0.008382224908 cfg1 2 1 0 0 na na
10 62398.562350304964 0.008383358004 cfg1 2 1 0 0 na na
10 62398.597350341628 0.008383977626 cfg1 2 1 0 0 na na
10 62398.697350296972 0.008385843391 cfg1 2 1 0 0 na na
10 62398.726350339431 0.008386369617 cfg1 2 1 0 0 na na
10 62398.744350363484 0.008386712659 cfg1 2 1 0 0 na na
10 62398.769350241637 0.008387175199 cfg1 2 1 0 0 na na
10 62398.813350314757 0.008387985326 cfg1 2 1 0 0 na na
10 62398.814350273038 0.008387985746 cfg1 2 1 0 0 na na
10 62398.848350255687 0.008388621169 cfg1 2 1 0 0 na na
10 62398.909350269504 0.008389754335 cfg1 2 1 0 0 na na
10 62398.964350268381 0.008390764212 cfg1 2 1 0 0 na na
10 62398.993350277368 0.008391298088 cfg1 2 1 0 0 na na
10 62399.031350320611 0.008392015118 cfg1 2 1 0 0 na na
10 62399.151350358812 0.008394245758 cfg1 2 1 0 0 na na
10 62399.190350306763 0.008394969545 cfg1 2 1 0 0 na na
10 62399.210350281528 0.008395341183 cfg1 2 1 0 0 na na
10 62399.264350271540 0.008396330716 cfg1 2 1 0 0 na na
10 62399.290350345083 0.008396814951 cfg1 2 1 0 0 na na
10 62399.311350307708 0.008397205289 cfg1 2 1 0 0 na na
10 62399.498350274725 0.008400698534 cfg1 2 1 0 0 na na
10 62399.547350327383 0.008401617912 cfg1 2 1 0 0 na na
10 62399.646350318476 0.008403466273 cfg1 2 1 0 0 na na
10 62399.686350339834 0.008404215705 cfg1 2 1 0 0 na na
10 62399.715350239840 0.008404762397 cfg1 2 1 0 0 na na
10 62399.948350269447 0.008409098593 cfg1 2 1 0 0 na na
10 62399.964350281319 0.008409410173 cfg1 2 1 0 0 na na
10 62400.074350262051 0.008411486760 cfg1 2 1 0 0 na na
10 62400.185350336192 0.008413546442 cfg1 2 1 0 0 na na
10 62400.268350355492 0.008415118286 cfg1 2 1 0 0 na na
10 62400.295350336939 0.008415641916 cfg1 2 1 0 0 na na
10 62400.351350318871 0.008416681029 cfg1 2 1 0 0 na na
10 62400.477350321706 0.008419056453 cfg1 2 1 0 0 na na
10 62400.515350252566 0.008419770879 cfg1 2 1 0 0 na na
10 62400.674350288576 0.008422768946 cfg1 2 1 0 0 na na
10 62400.694350289403 0.008423150726 cfg1 2 1 0 0 na na
10 62400.719350356387 0.008423632189 cfg1 2 1 0 0 na na
10 62400.788350305797 0.008424922303 cfg1 2 1 0 0 na na
10 62400.838350327971 0.008425880394 cfg1 2 1 0 0 na na
10 62401.021350263714 0.008429342648 cfg1 2 1 0 0 na na
10 62401.066350309951 0.008430190270 cfg1 2 1 0 0 na na
10 62401.229350244051 0.008433302892 cfg1 2 1 0 0 na na
10 62401.312350297754 0.008434860911 cfg1 2 1 0 0 na na
10 62401.318350275046 0.008434977132 cfg1 2 1 0 0 na na
10 62401.340350267958 0.008435415647 cfg1 2 1 0 0 na na
10 62401.397350297609 0.008436490685 cfg1 2 1 0 0 na na
10 62401.454350286668 0.008437585808 cfg1 2 1 0 0 na na
10 62401.606350327165 0.008440488860 cfg1 2 1 0 0 na na
10 62401.622350282760 0.008440795272 cfg1 2 1 0 0 na na
10 62401.631350305508 0.008440953086 cfg1 2 1 0 0 na na
10 62401.807350249357 0.008444322814 cfg1 2 1 0 0 na na
10 62401.808350297263 0.008444341604 cfg1 2 1 0 0 na na
10 62401.841350309962 0.008444970192 cfg1 2 1 0 0 na na
10 62401.924350301650 0.008446562666 cfg1 2 1 0 0 na na
10 62401.935350277509 0.008446786299 cfg1 2 1 0 0 na na
10 62401.966350262970 0.008447358929 cfg1 2 1 0 0 na na
10 62402.003350250507 0.008448076542 cfg1 2 1 0 0 na na
10 62402.024350307461 0.008448472781 cfg1 2 1 0 0 na na
10 62402.140350250087 0.008450706524 cfg1 2 1 0 0 na na
10 62402.351350325067 0.008454764034 cfg1 2 1 0 0 na na
10 62402.494350284970 0.008457516903 cfg1 2 1 0 0 na na
10 62402.535350323470 0.008458310974 cfg1 2 1 0 0 na na
10 62402.616350347404 0.008459866688 cfg1 2 1 0 0 na na
10 62402.832350280828 0.008464049376 cfg1 2 1 0 0 na na
10 62403.064350332581 0.008468542551 cfg1 2 1 0 0 na na
10 62403.170350291710 0.008470600381 cfg1 2 1 0 0 na na
10 62403.288350294300 0.008472894022 cfg1 2 1 0 0 na na
10 62403.423350320981 0.008475527936 cfg1 2 1 0 0 na na
10 62403.549350307008 0.008477981379 cfg1 2 1 0 0 na na
10 62403.781350318663 0.008482508428 cfg1 2 1 0 0 na na
10 62403.884350294867 0.008484523562 cfg1 2 2 0 0 na na
10 62404.016350272252 0.008487102485 cfg1 2 1 0 0 na na
10 62404.021350300217 0.008487197506 cfg1 2 1 0 0 na na
10 62404.026350317310 0.008487293859 cfg1 2 1 0 0 na na
10 62404.039350326537 0.008487560076 cfg1 2 1 0 0 na na
10 62404.063350240836 0.008488041136 cfg1 2 1 0 0 na na
10 62404.393350298365 0.008494508889 cfg1 2 1 0 0 na na
10 62404.408350315231 0.008494809336 cfg1 2 1 0 0 na na
10 62404.460350320977 0.008495823857 cfg1 2 1 0 0 na na
10 62404.683350336474 0.008500238378 cfg1 2 1 0 0 na na
10 62404.702350347017 0.008500605488 cfg1 2 1 0 0 na na
10 62404.706350277766 0.008500679640 cfg1 2 1 0 0 na na
10 62404.885350312655 0.008504234300 cfg1 2 1 0 0 na na
10 62404.899350345861 0.008504490238 cfg1 2 1 0 0 na na
10 62404.985350311992 0.008506197182 cfg1 2 1 0 0 na na
10 62405.090350323822 0.008508294165 cfg1 2 1 0 0 na na
10 62405.107350255718 0.008508621057 cfg1 2 1 0 0 na na
10 62405.253350322659 0.008511526185 cfg1 2 1 0 0 na na
10 62405.321350279520 0.008512872352 cfg1 2 1 0 0 na na
10 62405.357350265153 0.008513571669 cfg1 2 1 0 0 na na
10 62405.406350304402 0.008514565382 cfg1 2 1 0 0 na na
10 62405.482350243665 0.008516083238 cfg1 2 1 0 0 na na
10 62405.498350331966 0.008516390480 cfg1 2 1 0 0 na na
10 62405.499350351649 0.008516409490 cfg1 2 1 0 0 na na
10 62405.670350340054 0.008519828189 cfg1 2 1 0 0 na na
10 62405.808350318430 0.008522586561 cfg1 2 1 0 0 na na
10 62405.811350299517 0.008522637647 cfg1 2 1 0 0 na na
10 62405.915350354736 0.008524699014 cfg1 2 1 0 0 na na
10 62405.917350281280 0.008524756295 cfg1 2 1 0 0 na na
10 62406.009350345752 0.008526594881 cfg1 2 1 0 0 na na
10 62406.049350297175 0.008527396647 cfg1 2 1 0 0 na na
10 62406.237350305475 0.008531152902 cfg1 2 1 0 0 na na
10 62406.295350269242 0.008532329539 cfg1 2 1 0 0 na na
10 62406.299350250568 0.008532405987 cfg1 2 1 0 0 na na
10 62406.321350279944 0.008532835344 cfg1 2 1 0 0 na na
10 62406.372350255742 0.008533867899 cfg1 2 1 0 0 na na
10 62406.412350349132 0.008534682882 cfg1 2 1 0 0 na na
10 62406.413350316616 0.008534705846 cfg1 2 1 0 0 na na
10 62406.431350290878 0.008535067071 cfg1 2 1 0 0 na na
10 62406.750350330131 0.008541477445 cfg1 2 1 0 0 na na
10 62406.948350319134 0.008545481232 cfg1 2 1 0 0 na na
10 62406.978350301058 0.008546073847 cfg1 2 1 0 0 na na
10 62407.100350285885 0.008548540546 cfg1 2 1 0 0 na na
10 62407.155350290841 0.008549662435 cfg1 2 1 0 0 na na
10 62407.212350253099 0.008550818873 cfg1 2 1 0 0 na na
10 62407.227350330674 0.008551135796 cfg1 2 1 0 0 na na
10 62407.301350315692 0.008552632019 cfg1 2 1 0 0 na na
10 62407.304350278706 0.008552680109 cfg1 2 1 0 0 na na
10 62407.362350260174 0.008553851674 cfg1 2 1 0 0 na na
10 62407.434350267182 0.008555332505 cfg1 2 1 0 0 na na
10 62407.505350274203 0.008556774114 cfg1 2 1 0 0 na na
10 62407.548350274460 0.008557628715 cfg1 2 1 0 0 na na
10 62407.560350338863 0.008557879410 cfg1 2 1 0 0 na na
10 62407.661350272386 0.008559947896 cfg1 2 1 0 0 na na
10 62407.713350274018 0.008560996781 cfg1 2 1 0 0 na na
10 62407.784350288745 0.008562438408 cfg1 2 1 0 0 na na
10 62407.827350274015 0.008563332779 cfg1 2 1 0 0 na na
10 62407.850350317861 0.008563786898 cfg1 2 1 0 0 na na
10 62407.889350274967 0.008564582659 cfg1 2 1 0 0 na na
10 62407.969350296757 0.008566208464 cfg1 2 1 0 0 na na
10 62407.989350299299 0.008566636681 cfg1 2 1 0 0 na na
10 62408.069350295209 0.008568268019 cfg1 2 1 0 0 na na
10 62408.114350293327 0.008569173156 cfg1 2 1 0 0 na na
10 62408.187350305173 0.008570679918 cfg1 2 1 0 0 na na
10 62408.312350287461 0.008573227022 cfg1 2 1 0 0 na na
10 62408.351350354328 0.008574017631 cfg1 2 1 0 0 na na
10 62408.456350350271 0.008576176582 cfg1 2 1 0 0 na na
10 62408.475350249578 0.008576572371 cfg1 2 1 0 0 na na
10 62408.523350311735 0.008577567616 cfg1 2 1 0 0 na na
10 62408.524350326276 0.008577567072 cfg1 2 1 0 0 na na
10 62408.567350332464 0.008578459166 cfg1 2 1 0 0 na na
10 62408.645350334396 0.008580053870 cfg1 2 1 0 0 na na
10 62408.684350339875 0.008580866617 cfg1 2 1 0 0 na na
10 62408.742350270483 0.008582049276 cfg1 2 1 0 0 na na
10 62409.107350289805 0.008589578822 cfg1 2 1 0 0 na na
10 62409.196350308325 0.008591409651 cfg1 2 1 0 0 na na
10 62409.199350332885 0.008591494600 cfg1 2 1 0 0 na na
10 62409.249350344472 0.008592501238 cfg1 2 1 0 0 na na
10 62409.593350324586 0.008599641913 cfg1 2 1 0 0 na na
10 62409.979350270141 0.008607658896 cfg1 2 1 0 0 na na
10 62410.091350286287 0.008609991412 cfg1 2 1 0 0 na na
10 62410.179350302562 0.008611820055 cfg1 2 1 0 0 na na
10 62410.368350361114 0.008615779718 cfg1 2 1 0 0 na na
10 62410.533350260149 0.008619216642 cfg1 2 1 0 0 na na
10 62411.044350304047 0.008629954207 cfg1 2 1 0 0 na na
10 62411.118350257565 0.008631499202 cfg1 2 1 0 0 na na
10 62411.300350317447 0.008635326465 cfg1 2 1 0 0 na na
10 62411.729350273631 0.008644410369 cfg1 2 1 0 0 na na
10 62412.093350318981 0.008652119762 cfg1 2 1 0 0 na na
10 62412.186350287470 0.008654095953 cfg1 2 1 0 0 na na
10 62412.928350289241 0.008669929917 cfg1 2 1 0 0 na na
10 62413.434350287341 0.008680781257 cfg1 2 1 0 0 na na
10 62413.725350305009 0.008687045994 cfg1 2 1 0 0 na na
10 62413.909350314679 0.008691009687 cfg1 2 1 0 0 na na
10 62413.973350297942 0.008692398872 cfg1 2 1 0 0 na na
10 62414.460350359339 0.008702955646 cfg1 2 1 0 0 na na
10 62415.558350420919 0.008726895611 cfg1 2 1 0 0 na na
10 62415.647350290901 0.008728842352 cfg1 2 1 0 0 na na
10 62416.130350292212 0.008739461505 cfg1 2 1 0 0 na na
10 62416.440350303383 0.008746293673 cfg1 2 1 0 0 na na
10 62416.672350311390 0.008751414483 cfg1 2 1 0 0 na na
10 62416.744350252234 0.008753019665 cfg1 2 1 0 0 na na
10 62416.770350337102 0.008753591695 cfg1 2 1 0 0 na na
10 62416.890350333214 0.008756250593 cfg1 2 1 0 0 na na
10 62417.212350327033 0.008763397889 cfg1 2 1 0 0 na na
10 62417.512350334671 0.008770074182 cfg1 2 1 0 0 na na
10 62418.056350300069 0.008782215445 cfg1 2 1 0 0 na na
10 62418.366350301113 0.008789177177 cfg1 2 1 0 0 na na
10 62418.775350245121 0.008798381771 cfg1 2 1 0 0 na na
10 62419.011350280363 0.008803694559 cfg1 2 1 0 0 na na
10 62419.177350258070 0.008807438925 cfg1 2 1 0 0 na na
10 62419.393350296227 0.008812329080 cfg1 2 1 0 0 na na
10 62420.121350341647 0.008828870944 cfg1 2 1 0 0 na na
10 62420.161350320546 0.008829770807 cfg1 2 1 0 0 na na
10 62420.302350284754 0.008832984735 cfg1 2 1 0 0 na na
10 62420.548350290841 0.008838601036 cfg1 2 1 0 0 na na
10 62420.665350281568 0.008841279080 cfg1 2 1 0 0 na na
10 62420.908350342061 0.008846840274 cfg1 2 1 0 0 na na
10 62420.974350304055 0.008848353348 cfg1 2 1 0 0 na na
10 62421.062350357285 0.008850372061 cfg1 2 1 0 0 na na
10 62421.329350342980 0.008856505566 cfg1 2 1 0 0 na na
10 62421.941350336196 0.008870629546 cfg1 2 1 0 0 na na
10 62422.370350293748 0.008880544419 cfg1 2 1 0 0 na na
10 62422.541350286943 0.008884521273 cfg1 2 1 0 0 na na
10 62422.648350335718 0.008886997270 cfg1 2 1 0 0 na na
10 62422.820350299846 0.008890996840 cfg1 2 1 0 0 na na
10 62423.093350254335 0.008897354070 cfg1 2 1 0 0 na na
10 62423.491350307465 0.008906666748 cfg1 2 1 0 0 na na
10 62423.984350250640 0.008918206003 cfg1 2 1 0 0 na na
10 62424.024350260559 0.008919136395 cfg1 2 1 0 0 na na
10 62425.249350323434 0.008948045807 cfg1 2 1 0 0 na na
10 62425.804350252991 0.008961234042 cfg1 2 1 0 0 na na
10 62425.843350359809 0.008962155812 cfg1 2 1 0 0 na na
10 62425.938350340660 0.008964431766 cfg1 2 1 0 0 na na
10 62425.965350267949 0.008965063924 cfg1 2 1 0 0 na na
10 62426.132350295625 0.008969043599 cfg1 2 1 0 0 na na
10 62427.241350282242 0.008995627064 cfg1 2 1 0 0 na na
10 62427.367350279398 0.008998638574 cfg1 2 1 0 0 na na
10 62427.644350313950 0.009005326261 cfg1 2 1 0 0 na na
10 62427.926350331037 0.009012127648 cfg1 2 1 0 0 na na
10 62428.110350331323 0.009016605333 cfg1 2 1 0 0 na na
10 62428.333350329447 0.009021984723 cfg1 2 1 0 0 na na
10 62428.443350258229 0.009024653469 cfg1 2 1 0 0 na na
10 62428.542350372047 0.009027061550 cfg1 2 1 0 0 na na
10 62428.822350370203 0.009033867270 cfg1 2 1 0 0 na na
10 62428.907350379615 0.009035939347 cfg1 2 1 0 0 na na
10 62429.015350347417 0.009038566376 cfg1 2 1 0 0 na na
10 62429.080350343906 0.009040150274 cfg1 2 1 0 0 na na
10 62429.094350350944 0.009040486861 cfg1 2 1 0 0 na na
10 62429.179350352182 0.009042575718 cfg1 2 1 0 0 na na
10 62429.212350341099 0.009043378167 cfg1 2 1 0 0 na na
10 62429.332350315083 0.009046313248 cfg1 2 1 0 0 na na
10 62429.603350333665 0.009052921896 cfg1 2 1 0 0 na na
10 62430.484350335489 0.009074543572 cfg1 2 1 0 0 na na
10 62430.596350315034 0.009077299731 cfg1 2 1 0 0 na na
10 62430.908350307998 0.009084994368 cfg1 2 1 0 0 na na
10 62431.139350310299 0.009090703452 cfg1 2 1 0 0 na na
10 62431.252350260323 0.009093491412 cfg1 2 1 0 0 na na
10 62431.655350331157 0.009103480919 cfg1 2 1 0 0 na na
10 62431.954350298327 0.009110909344 cfg1 2 1 0 0 na na
10 62432.023350325012 0.009112625487 cfg1 2 1 0 0 na na
10 62432.099350352388 0.009114516498 cfg1 2 1 0 0 na na
10 62432.371350309377 0.009121288757 cfg1 2 1 0 0 na na
10 62432.393350302774 0.009121840932 cfg1 2 1 0 0 na na
10 62432.406350291524 0.009122182348 cfg1 2 1 0 0 na na
10 62432.565350344918 0.009126121776 cfg1 2 1 0 0 na na
10 62432.695350270877 0.009129379871 cfg1 2 1 0 0 na na
10 62432.802350334054 0.009132054519 cfg1 2 1 0 0 na na
10 62432.965350319828 0.009136140811 cfg1 2 1 0 0 na na
10 62433.044350338093 0.009138110750 cfg1 2 1 0 0 na na
10 62433.138350319241 0.009140465985 cfg1 2 1 0 0 na na
10 62433.235350349049 0.009142912451 cfg1 2 1 0 0 na na
10 62433.676350294291 0.009153968053 cfg1 2 1 0 0 na na
10 62434.243350309087 0.009168269965 cfg1 2 1 0 0 na na
10 62434.510350272259 0.009174999489 cfg1 2 1 0 0 na na
10 62434.648350279409 0.009178506862 cfg1 2 1 0 0 na na
10 62434.797350266158 0.009182287064 cfg1 2 1 0 0 na na
10 62434.940350296777 0.009185897704 cfg1 2 1 0 0 na na
10 62435.351350307235 0.009196350005 cfg1 2 1 0 0 na na
10 62435.442350304519 0.009198657414 cfg1 2 1 0 0 na na
10 62435.635350366229 0.009203561779 cfg1 2 1 0 0 na na
10 62435.782350310573 0.009207314794 cfg1 2 1 0 0 na na
10 62435.879350328311 0.009209788742 cfg1 2 1 0 0 na na
10 62436.213350318660 0.009218325528 cfg1 2 1 0 0 na na
10 62436.256350318528 0.009219415423 cfg1 2 1 0 0 na na
10 62436.542350397030 0.009226733361 cfg1 2 1 0 0 na na
10 62437.658350352288 0.009255419746 cfg1 2 1 0 0 na na
10 62437.796350339365 0.009258982368 cfg1 2 1 0 0 na na
10 62437.905350323601 0.009261794804 cfg1 2 1 0 0 na na
10 62438.064350328896 0.009265915115 cfg1 2 1 0 0 na na
10 62438.263350313817 0.009271057842 cfg1 2 1 0 0 na na
10 62438.307350319532 0.009272207610 cfg1 2 1 0 0 na na
10 62438.414350332544 0.009274977905 cfg1 2 1 0 0 na na
10 62438.879350342826 0.009287061512 cfg1 2 1 0 0 na na
10 62439.172350354569 0.009294672114 cfg1 2 1 0 0 na na
10 62439.251350328739 0.009296729957 cfg1 2 1 0 0 na na
10 62439.458350342843 0.009302127208 cfg1 2 1 0 0 na na
10 62439.721350300810 0.009308981986 cfg1 2 1 0 0 na na
10 62439.922350311296 0.009314238778 cfg1 2 1 0 0 na na
10 62439.983350371356 0.009315838478 cfg1 2 1 0 0 na na
10 62440.061350311581 0.009317890695 cfg1 2 1 0 0 na na
10 62440.110350315351 0.009319168749 cfg1 2 1 0 0 na na
10 62440.241350307713 0.009322610113 cfg1 2 1 0 0 na na
10 62440.408350266735 0.009326981018 cfg1 2 1 0 0 na na
10 62440.570350317720 0.009331222301 cfg1 2 1 0 0 na na
10 62440.625350322366 0.009332688163 cfg1 2 1 0 0 na na
10 62440.839350309502 0.009338313873 cfg1 2 1 0 0 na na
10 62441.082350332384 0.009344692352 cfg1 2 1 0 0 na na
10 62441.364350327707 0.009352134155 cfg1 2 1 0 0 na na
10 62441.392350301581 0.009352868286 cfg1 2 1 0 0 na na
10 62441.400350267240 0.009353089568 cfg1 2 1 0 0 na na
10 62441.425350337268 0.009353752970 cfg1 2 1 0 0 na na
10 62441.532350361464 0.009356582604 cfg1 2 1 0 0 na na
10 62441.775350354491 0.009362991144 cfg1 2 1 0 0 na na
10 62442.035350339738 0.009369888248 cfg1 2 1 0 0 na na
10 62442.171350352019 0.009373481290 cfg1 2 1 0 0 na na
10 62442.279350329482 0.009376349279 cfg1 2 1 0 0 na na
10 62442.390350346300 0.009379286644 cfg1 2 1 0 0 na na
10 62442.851350297877 0.009391530436 cfg1 2 1 0 0 na na
10 62442.900350347003 0.009392843978 cfg1 2 1 0 0 na na
10 62443.209350256834 0.009401075160 cfg1 2 1 0 0 na na
10 62443.277350287836 0.009402891445 cfg1 2 1 0 0 na na
10 62443.405350250967 0.009406311177 cfg1 2 1 0 0 na na
10 62443.434350289316 0.009407096348 cfg1 2 1 0 0 na na
10 62443.622350369927 0.009412103727 cfg1 2 1 0 0 na na
10 62443.663350280464 0.009413215386 cfg1 2 1 0 0 na na
10 62444.089350326903 0.009424614600 cfg1 2 1 0 0 na na
10 62444.140350290415 0.009425975856 cfg1 2 1 0 0 na na
10 62444.214350290188 0.009427972714 cfg1 2 1 0 0 na na
10 62444.240350315654 0.009428653831 cfg1 2 1 0 0 na na
10 62444.270350333882 0.009429458246 cfg1 2 1 0 0 na na
10 62444.375350308072 0.009432267693 cfg1 2 1 0 0 na na
10 62444.690350320683 0.009440754469 cfg1 2 1 0 0 na na
10 62444.783350289237 0.009443244382 cfg1 2 1 0 0 na na
10 62444.894350346288 0.009446234497 cfg1 2 1 0 0 na na
10 62445.330350250261 0.009457991650 cfg1 2 1 0 0 na na
10 62445.382350314370 0.009459395611 cfg1 2 1 0 0 na na
10 62445.489350327116 0.009462278983 cfg1 2 1 0 0 na na
10 62445.822350288728 0.009471298447 cfg1 2 1 0 0 na na
10 62445.829350339983 0.009471465414 cfg1 2 1 0 0 na na
10 62445.964350303464 0.009475130512 cfg1 2 1 0 0 na na
10 62446.296350307769 0.009484135164 cfg1 2 1 0 0 na na
10 62446.481350288282 0.009489138025 cfg1 2 1 0 0 na na
10 62446.733350332861 0.009496003616 cfg1 2 1 0 0 na na
10 62446.773350295919 0.009497088651 cfg1 2 1 0 0 na na
10 62446.952350329504 0.009501956134 cfg1 2 1 0 0 na na
10 62447.329350343710 0.009512253338 cfg1 2 1 0 0 na na
10 62447.404350298202 0.009514286375 cfg1 2 1 0 0 na na
10 62447.480350298282 0.009516375004 cfg1 2 1 0 0 na na
10 62447.596350322165 0.009519516418 cfg1 2 1 0 0 na na
10 62447.641350339775 0.009520762161 cfg1 2 1 0 0 na na
10 62447.985350355110 0.009530179317 cfg1 2 1 0 0 na na
10 62448.019350341114 0.009531116296 cfg1 2 1 0 0 na na
10 62448.347350362188 0.009540098640 cfg1 2 1 0 0 na na
10 62448.423350308101 0.009542167006 cfg1 2 1 0 0 na na
10 62448.437350312344 0.009542569957 cfg1 2 1 0 0 na na
10 62448.500350247772 0.009544300547 cfg1 2 1 0 0 na na
10 62448.578350364961 0.009546435243 cfg1 2 1 0 0 na na
10 62448.622350302672 0.009547635158 cfg1 2 1 0 0 na na
10 62448.668350314328 0.009548912994 cfg1 2 1 0 0 na na
10 62449.145350339998 0.009562047644 cfg1 2 1 0 0 na na
10 62449.343350321489 0.009567493212 cfg1 2 1 0 0 na na
10 62449.599350285455 0.009574559170 cfg1 2 1 0 0 na na
10 62449.693350351513 0.009577148011 cfg1 2 1 0 0 na na
10 62449.732350298482 0.009578229452 cfg1 2 1 0 0 na na
10 62449.759350358782 0.009578966251 cfg1 2 1 0 0 na na
10 62449.900350361238 0.009582871785 cfg1 2 1 0 0 na na
10 62450.239350359036 0.009592272702 cfg1 2 1 0 0 na na
10 62450.247350323001 0.009592494509 cfg1 2 1 0 0 na na
10 62450.297350324544 0.009593864905 cfg1 2 1 0 0 na na
10 62450.337350336158 0.009594973807 cfg1 2 1 0 0 na na
10 62450.532350371048 0.009600391168 cfg1 2 1 0 0 na na
10 62450.635350329471 0.009603243523 cfg1 2 1 0 0 na na
10 62450.748350323251 0.009606393282 cfg1 2 1 0 0 na na
10 62450.834350338826 0.009608791777 cfg1 2 1 0 0 na na
10 62451.007350302767 0.009613590289 cfg1 2 1 0 0 na na
10 62451.171350331459 0.009618154163 cfg1 2 1 0 0 na na
10 62451.496350339176 0.009627199794 cfg1 2 1 0 0 na na
10 62451.577350357216 0.009629475988 cfg1 2 1 0 0 na na
10 62451.658350270936 0.009631731448 cfg1 2 1 0 0 na na
10 62451.665350318727 0.009631942547 cfg1 2 1 0 0 na na
10 62451.725350355009 0.009633616295 cfg1 2 1 0 0 na na
10 62451.886350288906 0.009638091497 cfg1 2 1 0 0 na na
10 62452.267350324056 0.009648751162 cfg1 2 1 0 0 na na
10 62452.318350321885 0.009650186499 cfg1 2 1 0 0 na na
10 62452.346350283439 0.009650967029 cfg1 2 1 0 0 na na
10 62452.388350310312 0.009652144939 cfg1 2 1 0 0 na na
10 62452.445350298082 0.009653757761 cfg1 2 1 0 0 na na
10 62452.645350276076 0.009659345436 cfg1 2 1 0 0 na na
10 62452.722350280034 0.009661519703 cfg1 2 1 0 0 na na
10 62452.902350271707 0.009666565914 cfg1 2 1 0 0 na na
10 62453.009350328538 0.009669564033 cfg1 2 1 0 0 na na
10 62453.023350276767 0.009669960068 cfg1 2 1 0 0 na na
10 62453.065350275193 0.009671140507 cfg1 2 1 0 0 na na
10 62453.212350280547 0.009675289350 cfg1 2 1 0 0 na na
10 62453.235350320746 0.009675927459 cfg1 2 1 0 0 na na
10 62453.358350342668 0.009679377337 cfg1 2 1 0 0 na na
10 62453.385350306162 0.009680146339 cfg1 2 1 0 0 na na
10 62453.533350294249 0.009684304180 cfg1 2 1 0 0 na na
10 62453.534350326364 0.009684346365 cfg1 2 1 0 0 na na
10 62453.541350331507 0.009684539556 cfg1 2 1 0 0 na na
10 62453.595350303297 0.009686065477 cfg1 2 1 0 0 na na
10 62453.652350353971 0.009687661549 cfg1 2 1 0 0 na na
10 62453.783350351650 0.009691360449 cfg1 2 1 0 0 na na
10 62454.001350317800 0.009697507399 cfg1 2 1 0 0 na na
10 62454.085350304639 0.009699880135 cfg1 2 1 0 0 na na
10 62454.159350240137 0.009701996882 cfg1 2 1 0 0 na na
10 62454.206350329981 0.009703313426 cfg1 2 1 0 0 na na
10 62454.364350318309 0.009707776865 cfg1 2 1 0 0 na na
10 62454.397350324674 0.009708717785 cfg1 2 1 0 0 na na
10 62454.764350277927 0.009719110358 cfg1 2 1 0 0 na na
10 62455.164350334528 0.009730453234 cfg1 2 1 0 0 na na
10 62455.191350286435 0.009731223876 cfg1 2 1 0 0 na na
10 62455.265350370032 0.009733335328 cfg1 2 1 0 0 na na
10 62455.306350293199 0.009734498332 cfg1 2 1 0 0 na na
10 62455.392350258618 0.009736933157 cfg1 2 1 0 0 na na
10 62455.446350348400 0.009738489500 cfg1 2 1 0 0 na na
10 62455.933350277827 0.009752334308 cfg1 2 1 0 0 na na
10 62455.977350329591 0.009753602139 cfg1 2 1 0 0 na na
10 62455.999350351041 0.009754221271 cfg1 2 1 0 0 na na
10 62456.051350316688 0.009755709268 cfg1 2 1 0 0 na na
10 62456.096350295625 0.009756982421 cfg1 2 1 0 0 na na
10 62456.104350320937 0.009757227358 cfg1 2 1 0 0 na na
10 62456.239350255966 0.009761070856 cfg1 2 1 0 0 na na
10 62456.287350329433 0.009762447811 cfg1 2 1 0 0 na na
10 62456.289350326832 0.009762491466 cfg1 2 1 0 0 na na
10 62456.434350364126 0.009766650723 cfg1 2 1 0 0 na na
10 62456.441350357562 0.009766854884 cfg1 2 1 0 0 na na
10 62456.639350339657 0.009772520269 cfg1 2 1 0 0 na na
10 62456.689350357887 0.009773939956 cfg1 2 1 0 0 na na
10 62456.697350278727 0.009774176429 cfg1 2 1 0 0 na na
10 62456.765350333119 0.009776124626 cfg1 2 1 0 0 na na
10 62456.822350257386 0.009777739614 cfg1 2 1 0 0 na na
10 62456.873350359901 0.009779191962 cfg1 2 1 0 0 na na
10 62456.889350297418 0.009779653169 cfg1 2 1 0 0 na na
10 62457.144350304900 0.009786968061 cfg1 2 1 0 0 na na
10 62457.149350281775 0.009787110027 cfg1 2 1 0 0 na na
10 62457.207350337395 0.009788787014 cfg1 2 1 0 0 na na
10 62457.292350291683 0.009791223262 cfg1 2 1 0 0 na na
10 62457.372350310159 0.009793510894 cfg1 2 1 0 0 na na
10 62457.469350311758 0.009796300271 cfg1 2 1 0 0 na na
10 62457.483350344815 0.009796701915 cfg1 2 1 0 0 na na
10 62457.515350309732 0.009797609238 cfg1 2 1 0 0 na na
10 62457.625350310583 0.009800777379 cfg1 2 1 0 0 na na
10 62457.702350339022 0.009803000055 cfg1 2 1 0 0 na na
10 62457.763350326192 0.009804752323 cfg1 2 1 0 0 na na
10 62457.823350316281 0.009806478364 cfg1 2 1 0 0 na na
10 62457.857350345398 0.009807442736 cfg1 2 1 0 0 na na
10 62457.870350314449 0.009807832894 cfg1 2 1 0 0 na na
10 62457.954350333285 0.009810252870 cfg1 2 1 0 0 na na
10 62457.996350323930 0.009811457117 cfg1 2 1 0 0 na na
10 62458.029350315397 0.009812405825 cfg1 2 1 0 0 na na
10 62458.045350330153 0.009812857553 cfg1 2 1 0 0 na na
10 62458.128350321469 0.009815261635 cfg1 2 1 0 0 na na
10 62458.195350368650 0.009817187494 cfg1 2 1 0 0 na na
10 62458.337350342301 0.009821285353 cfg1 2 1 0 0 na na
10 62458.443350245845 0.009824331077 cfg1 2 1 0 0 na na
10 62458.485350342880 0.009825533693 cfg1 2 1 0 0 na na
10 62458.548350330483 0.009827366550 cfg1 2 1 0 0 na na
10 62458.573350330285 0.009828094402 cfg1 2 1 0 0 na na
10 62458.585350264447 0.009828417182 cfg1 2 1 0 0 na na
10 62458.609350363381 0.009829115996 cfg1 2 1 0 0 na na
10 62458.612350359818 0.009829213548 cfg1 2 1 0 0 na na
10 62458.663350369708 0.009830673429 cfg1 2 1 0 0 na na
10 62458.716350350247 0.009832198853 cfg1 2 1 0 0 na na
10 62458.750350246993 0.009833194765 cfg1 2 1 0 0 na na
10 62458.815350332459 0.009835069004 cfg1 2 1 0 0 na na
10 62458.827350327884 0.009835409496 cfg1 2 1 0 0 na na
10 62458.874350264892 0.009836761946 cfg1 2 1 0 0 na na
10 62459.122350369093 0.009843958338 cfg1 2 1 0 0 na na
10 62459.213350299747 0.009846586821 cfg1 2 1 0 0 na na
10 62459.520350327749 0.009855488612 cfg1 2 1 0 0 na na
10 62459.538350253493 0.009855998350 cfg1 2 1 0 0 na na
10 62459.735350339657 0.009861724247 cfg1 2 1 0 0 na na
10 62459.841350241154 0.009864800699 cfg1 2 1 0 0 na na
10 62459.867350372862 0.009865552403 cfg1 2 1 0 0 na na
10 62459.917350384133 0.009866993407 cfg1 2 1 0 0 na na
10 62459.934350332600 0.009867477978 cfg1 2 1 0 0 na na
10 62460.058350327833 0.009871101770 cfg1 2 1 0 0 na na
10 62460.154350295758 0.009873888017 cfg1 2 1 0 0 na na
10 62460.168350353526 0.009874288594 cfg1 2 1 0 0 na na
10 62460.191350356186 0.009874946089 cfg1 2 1 0 0 na na
10 62460.272350369763 0.009877312914 cfg1 2 1 0 0 na na
10 62460.299350366666 0.009878101449 cfg1 2 1 0 0 na na
10 62460.453350323472 0.009882573571 cfg1 2 1 0 0 na na
10 62460.462350307858 0.009882840656 cfg1 2 1 0 0 na na
10 62460.566350389641 0.009885885775 cfg1 2 1 0 0 na na
10 62460.876350244512 0.009894912351 cfg1 2 1 0 0 na na
10 62460.968350321923 0.009897591683 cfg1 2 1 0 0 na na
10 62460.984350344734 0.009898057215 cfg1 2 1 0 0 na na
10 62461.017350335699 0.009899018646 cfg1 2 1 0 0 na na
10 62461.259350328570 0.009906081378 cfg1 2 1 0 0 na na
10 62461.343350287715 0.009908546282 cfg1 2 1 0 0 na na
10 62461.348350323078 0.009908696577 cfg1 2 1 0 0 na na
10 62461.393350339270 0.009910012391 cfg1 2 1 0 0 na na
10 62461.409350338711 0.009910466626 cfg1 2 1 0 0 na na
10 62461.557350363401 0.009914817194 cfg1 2 1 0 0 na na
10 62461.627350304713 0.009916848901 cfg1 2 1 0 0 na na
10 62461.673350324336 0.009918202865 cfg1 2 1 0 0 na na
10 62461.704350337091 0.009919095707 cfg1 2 1 0 0 na na
10 62461.798350323390 0.009921844422 cfg1 2 1 0 0 na na
10 62461.826350366760 0.009922674858 cfg1 2 1 0 0 na na
10 62461.830350255026 0.009922791774 cfg1 2 1 0 0 na na
10 62461.874350319684 0.009924086357 cfg1 2 1 0 0 na na
10 62461.976350345052 0.009927080276 cfg1 2 1 0 0 na na
10 62462.234350337494 0.009934653606 cfg1 2 1 0 0 na na
10 62462.278350263521 0.009935944108 cfg1 2 1 0 0 na na
10 62462.456350327079 0.009941155620 cfg1 2 1 0 0 na na
10 62462.532350309742 0.009943404330 cfg1 2 1 0 0 na na
10 62462.552350334132 0.009943977430 cfg1 2 1 0 0 na na
10 62462.574350396043 0.009944632644 cfg1 2 1 0 0 na na
10 62462.614350279379 0.009945808758 cfg1 2 1 0 0 na na
10 62462.761350316321 0.009950120093 cfg1 2 1 0 0 na na
10 62462.829350338561 0.009952136194 cfg1 2 1 0 0 na na
10 62462.870350298084 0.009953334699 cfg1 2 1 0 0 na na
10 62462.881350362150 0.009953665533 cfg1 2 1 0 0 na na
10 62462.974350362142 0.009956386579 cfg1 2 1 0 0 na na
10 62462.989350301951 0.009956818738 cfg1 2 1 0 0 na na
10 62463.013350322305 0.009957546095 cfg1 2 1 0 0 na na
10 62463.018350337742 0.009957678256 cfg1 2 1 0 0 na na
10 62463.096350335021 0.009959990661 cfg1 2 1 0 0 na na
10 62463.308350260253 0.009966221813 cfg1 2 1 0 0 na na
10 62463.345350290891 0.009967322630 cfg1 2 1 0 0 na na
10 62463.616350298603 0.009975304170 cfg1 2 1 0 0 na na
10 62463.646350342190 0.009976202945 cfg1 2 1 0 0 na na
10 62463.724350299049 0.009978506236 cfg1 2 1 0 0 na na
10 62463.799350332267 0.009980715878 cfg1 2 1 0 0 na na
10 62464.002350357130 0.009986737086 cfg1 2 1 0 0 na na
10 62464.019350324704 0.009987213272 cfg1 2 1 0 0 na na
10 62464.242350264408 0.009993823346 cfg1 2 1 0 0 na na
10 62464.249350307597 0.009994026729 cfg1 2 1 0 0 na na
10 62464.256350284980 0.009994239394 cfg1 2 1 0 0 na na
10 62464.301350337085 0.009995578971 cfg1 2 1 0 0 na na
10 62464.339350303296 0.009996697950 cfg1 2 1 0 0 na na
10 62464.469350343845 0.010000541643 cfg1 2 1 0 0 na na
10 62464.489350285786 0.010001139141 cfg1 2 1 0 0 na na
10 62464.502350334941 0.010001520179 cfg1 2 1 0 0 na na
10 62464.516350365041 0.010001926927 cfg1 2 1 0 0 na na
10 62464.576350375165 0.010003717346 cfg1 2 1 0 0 na na
10 62464.633350350316 0.010005399059 cfg1 2 1 0 0 na na
10 62464.650350292269 0.010005902019 cfg1 2 1 0 0 na na
10 62464.676350285035 0.010006669331 cfg1 2 1 0 0 na na
10 62464.840350338327 0.010011556594 cfg1 2 1 0 0 na na
10 62464.889350285977 0.010012995781 cfg1 2 1 0 0 na na
10 62464.903350291529 0.010013413866 cfg1 2 1 0 0 na na
10 62465.032350309958 0.010017256278 cfg1 2 1 0 0 na na
10 62465.165350288588 0.010021187309 cfg1 2 1 0 0 na na
10 62465.210350313378 0.010022544103 cfg1 2 1 0 0 na na
10 62465.216350328743 0.010022726697 cfg1 2 1 0 0 na na
10 62465.307350356787 0.010025430725 cfg1 2 1 0 0 na na
10 62465.314350343631 0.010025628374 cfg1 2 1 0 0 na na
10 62465.403350343456 0.010028264477 cfg1 2 1 0 0 na na
10 62465.431350303278 0.010029102079 cfg1 2 1 0 0 na na
10 62465.451350380253 0.010029712718 cfg1 2 1 0 0 na na
10 62465.503350263711 0.010031243128 cfg1 2 1 0 0 na na
10 62465.552350299303 0.010032724051 cfg1 2 1 0 0 na na
10 62465.566350346398 0.010033133748 cfg1 2 1 0 0 na na
10 62465.606350377403 0.010034325850 cfg1 2 1 0 0 na na
10 62465.619350273644 0.010034707538 cfg1 2 1 0 0 na na
10 62465.706350296046 0.010037291323 cfg1 2 1 0 0 na na
10 62465.793350300368 0.010039879533 cfg1 2 1 0 0 na na
10 62465.794350284028 0.010039904616 cfg1 2 1 0 0 na na
10 62465.840350307155 0.010041302242 cfg1 2 1 0 0 na na
10 62465.847350368009 0.010041488755 cfg1 2 1 0 0 na na
10 62466.039350261866 0.010047215112 cfg1 2 1 0 0 na na
10 62466.107350344703 0.010049239248 cfg1 2 1 0 0 na na
10 62466.298350353072 0.010054947993 cfg1 2 1 0 0 na na
10 62466.432350331182 0.010058954017 cfg1 2 1 0 0 na na
10 62466.708350375630 0.010067212350 cfg1 2 1 0 0 na na
10 62466.725350320057 0.010067719876 cfg1 2 1 0 0 na na
10 62466.726350272252 0.010067732555 cfg1 2 1 0 0 na na
10 62466.761350373385 0.010068796272 cfg1 2 1 0 0 na na
10 62466.926350301063 0.010073719709 cfg1 2 1 0 0 na na
10 62466.962350359097 0.010074800971 cfg1 2 1 0 0 na na
10 62467.028350297509 0.010076773964 cfg1 2 1 0 0 na na
10 62467.069350274566 0.010078024573 cfg1 2 1 0 0 na na
10 62467.115350317724 0.010079392766 cfg1 2 1 0 0 na na
10 62467.119350298157 0.010079499564 cfg1 2 1 0 0 na na
10 62467.143350282415 0.010080241230 cfg1 2 1 0 0 na na
10 62467.175350339329 0.010081201844 cfg1 2 1 0 0 na na
10 62467.370350307273 0.010087039560 cfg1 2 1 0 0 na na
10 62467.511350299570 0.010091269281 cfg1 2 1 0 0 na na
10 62467.525350392312 0.010091681892 cfg1 2 1 0 0 na na
10 62467.609350342872 0.010094214067 cfg1 2 1 0 0 na na
10 62467.676350328479 0.010096208438 cfg1 2 1 0 0 na na
10 62467.711350304736 0.010097255953 cfg1 2 1 0 0 na na
10 62467.712350333399 0.010097301585 cfg1 2 1 0 0 na na
10 62467.871350297137 0.010102063470 cfg1 2 1 0 0 na na
10 62467.888350303859 0.010102582891 cfg1 2 1 0 0 na na
10 62467.920350348381 0.010103555322 cfg1 2 1 0 0 na na
10 62467.941350279351 0.010104182888 cfg1 2 1 0 0 na na
10 62468.083350316164 0.010108444883 cfg1 2 1 0 0 na na
10 62468.261350299193 0.010113794447 cfg1 2 1 0 0 na na
10 62468.265350323267 0.010113915721 cfg1 2 1 0 0 na na
10 62468.530350340461 0.010121902187 cfg1 2 1 0 0 na na
10 62468.590350318720 0.010123708155 cfg1 2 1 0 0 na na
10 62468.773350325567 0.010129219929 cfg1 2 1 0 0 na na
10 62468.870350239057 0.010132172677 cfg1 2 1 0 0 na na
10 62468.895350293594 0.010132916933 cfg1 2 1 0 0 na na
10 62468.971350326578 0.010135200535 cfg1 2 1 0 0 na na
10 62468.974350350360 0.010135298216 cfg1 2 1 0 0 na na
10 62469.089350294909 0.010138782069 cfg1 2 1 0 0 na na
10 62469.114350289023 0.010139512476 cfg1 2 1 0 0 na na
10 62469.212350291741 0.010142501027 cfg1 2 1 0 0 na na
10 62469.280350352336 0.010144555651 cfg1 2 1 0 0 na na
10 62469.490350320785 0.010150892655 cfg1 2 1 0 0 na na
10 62469.507350299059 0.010151397815 cfg1 2 1 0 0 na na
10 62469.552350314513 0.010152757918 cfg1 2 1 0 0 na na
10 62469.612350287417 0.010154593015 cfg1 2 1 0 0 na na
10 62469.615350303322 0.010154685481 cfg1 2 1 0 0 na na
10 62469.622350310154 0.010154884937 cfg1 2 1 0 0 na na
10 62469.626350248164 0.010155008395 cfg1 2 1 0 0 na na
10 62469.641350288050 0.010155454792 cfg1 2 1 0 0 na na
10 62469.662350384330 0.010156096589 cfg1 2 1 0 0 na na
10 62469.680350306019 0.010156647240 cfg1 2 1 0 0 na na
10 62469.681350324931 0.010156685268 cfg1 2 1 0 0 na na
10 62469.700350343533 0.010157247183 cfg1 2 1 0 0 na na
10 62469.702350279970 0.010157299833 cfg1 2 1 0 0 na na
10 62469.734350330702 0.010158286234 cfg1 2 1 0 0 na na
10 62469.741350332740 0.010158482145 cfg1 2 1 0 0 na na
10 62469.754350259839 0.010158872074 cfg1 2 1 0 0 na na
10 62469.780350345242 0.010159659014 cfg1 2 1 0 0 na na
10 62469.784350244514 0.010159797451 cfg1 2 1 0 0 na na
10 62469.789350293167 0.010159943521 cfg1 2 1 0 0 na na
10 62469.795350346044 0.010160132970 cfg1 2 1 0 0 na na
10 62469.797350308805 0.010160189146 cfg1 2 1 0 0 na na
10 62469.826350332529 0.010161060346 cfg1 2 1 0 0 na na
10 62469.829350311770 0.010161142706 cfg1 2 1 0 0 na na
10 62469.841350317611 0.010161515556 cfg1 2 1 0 0 na na
10 62469.847350346364 0.010161697114 cfg1 2 1 0 0 na na
10 62469.850350283802 0.010161781219 cfg1 2 1 0 0 na na
10 62469.865350317469 0.010162246975 cfg1 2 1 0 0 na na
10 62469.869350327400 0.010162378802 cfg1 2 1 0 0 na na
10 62469.870350296312 0.010162393145 cfg1 2 1 0 0 na na
10 62469.886350306069 0.010162874877 cfg1 2 1 0 0 na na
10 62469.901350304639 0.010163337302 cfg1 2 1 0 0 na na
10 62469.913350246808 0.010163700091 cfg1 2 1 0 0 na na
10 62469.923350282398 0.010164015692 cfg1 2 1 0 0 na na
10 62469.931350267463 0.010164247293 cfg1 2 1 0 0 na na
10 62469.932350349629 0.010164263333 cfg1 2 1 0 0 na na
10 62469.951350303158 0.010164848716 cfg1 2 1 0 0 na na
10 62469.973350314440 0.010165502433 cfg1 2 1 0 0 na na
10 62469.981350329806 0.010165770002 cfg1 2 1 0 0 na na
10 62469.984350328937 0.010165864533 cfg1 2 1 0 0 na na
10 62469.987350284807 0.010165931187 cfg1 2 1 0 0 na na
10 62470.061350347667 0.010168177824 cfg1 2 1 0 0 na na
10 62470.070350274828 0.010168468467 cfg1 2 1 0 0 na na
10 62470.076350288271 0.010168653736 cfg1 2 1 0 0 na na
10 62470.093350310683 0.010169169939 cfg1 2 1 0 0 na na
10 62470.098350306925 0.010169316447 cfg1 2 1 0 0 na na
10 62470.103350249255 0.010169462556 cfg1 2 1 0 0 na na
10 62470.148350279818 0.010170816393 cfg1 2 1 0 0 na na
10 62470.164350314206 0.010171311107 cfg1 2 1 0 0 na na
10 62470.165350292842 0.010171331058 cfg1 2 1 0 0 na na
10 62470.187350317199 0.010172008092 cfg1 2 1 0 0 na na
10 62470.201350261387 0.010172420559 cfg1 2 1 0 0 na na
10 62470.218350272687 0.010172960017 cfg1 2 1 0 0 na na
10 62470.219350360253 0.010172974791 cfg1 2 1 0 0 na na
10 62470.222350278591 0.010173063238 cfg1 2 1 0 0 na na
10 62470.233350303073 0.010173402978 cfg1 2 1 0 0 na na
10 62470.236350257497 0.010173502278 cfg1 2 1 0 0 na na
10 62470.245350316330 0.010173757495 cfg1 2 1 0 0 na na
10 62470.265350290300 0.010174370445 cfg1 2 1 0 0 na na
10 62470.272350279549 0.010174576997 cfg1 2 1 0 0 na na
10 62470.291350339511 0.010175153941 cfg1 2 1 0 0 na na
10 62470.296350359469 0.010175317880 cfg1 2 1 0 0 na na
10 62470.298350284803 0.010175367285 cfg1 2 1 0 0 na na
10 62470.342350266820 0.010176695247 cfg1 2 1 0 0 na na
10 62470.343350331803 0.010176733371 cfg1 2 1 0 0 na na
10 62470.397350266420 0.010178374188 cfg1 2 1 0 0 na na
10 62470.430350335071 0.010179376843 cfg1 2 1 0 0 na na
10 62470.446350364987 0.010179875272 cfg1 2 1 0 0 na na
10 62470.478350300985 0.010180834503 cfg1 2 1 0 0 na na
10 62470.485350313782 0.010181049754 cfg1 2 1 0 0 na na
10 62470.489350284309 0.010181164594 cfg1 2 1 0 0 na na
10 62470.503350316278 0.010181604619 cfg1 2 1 0 0 na na
10 62470.505350307349 0.010181655627 cfg1 2 1 0 0 na na
10 62470.516350259018 0.010182003037 cfg1 2 1 0 0 na na
10 62470.572350317133 0.010183699370 cfg1 2 1 0 0 na na
10 62470.577350332477 0.010183852381 cfg1 2 1 0 0 na na
10 62470.618350252803 0.010185097162 cfg1 2 1 0 0 na na
10 62470.680350306208 0.010186965731 cfg1 2 1 0 0 na na
10 62470.775350310390 0.010189867207 cfg1 2 1 0 0 na na
10 62470.793350280272 0.010190417605 cfg1 2 1 0 0 na na
10 62470.802350328971 0.010190698884 cfg1 2 1 0 0 na na
10 62470.843350284560 0.010191937883 cfg1 2 1 0 0 na na
10 62470.939350287809 0.010194852365 cfg1 2 1 0 0 na na
10 62471.013350320864 0.010197107201 cfg1 2 1 0 0 na na
10 62471.028350302758 0.010197549343 cfg1 2 1 0 0 na na
10 62471.055350341133 0.010198383067 cfg1 2 1 0 0 na na
10 62471.056350346069 0.010198400499 cfg1 2 1 0 0 na na
10 62471.069350357644 0.010198806452 cfg1 2 1 0 0 na na
10 62471.074350307341 0.010198956366 cfg1 2 1 0 0 na na
10 62471.097350300430 0.010199673845 cfg1 2 1 0 0 na na
10 62471.114350329531 0.010200167087 cfg1 2 1 0 0 na na
10 62471.120350345714 0.010200350795 cfg1 2 1 0 0 na na
10 62471.142350299912 0.010201042447 cfg1 2 1 0 0 na na
10 62471.147350270255 0.010201190898 cfg1 2 1 0 0 na na
10 62471.175350400338 0.010202023316 cfg1 2 1 0 0 na na
10 62471.193350336326 0.010202578949 cfg1 2 1 0 0 na na
10 62471.197350301411 0.010202694212 cfg1 2 1 0 0 na na
10 62471.225350298167 0.010203563386 cfg1 2 1 0 0 na na
10 62471.241350267461 0.010204030767 cfg1 2 1 0 0 na na
10 62471.262350296288 0.010204683353 cfg1 2 1 0 0 na na
10 62471.265350301548 0.010204764249 cfg1 2 1 0 0 na na
10 62471.270350324117 0.010204914719 cfg1 2 1 0 0 na na
10 62471.288350290615 0.010205469814 cfg1 2 1 0 0 na na
10 62471.304350343366 0.010205963499 cfg1 2 1 0 0 na na
10 62471.309350290646 0.010206117898 cfg1 2 1 0 0 na na
10 62471.313350294816 0.010206249253 cfg1 2 1 0 0 na na
10 62471.348350266085 0.010207311829 cfg1 2 1 0 0 na na
10 62471.376350326835 0.010208147093 cfg1 2 1 0 0 na na
10 62471.385350313791 0.010208444819 cfg1 2 1 0 0 na na
10 62471.387350274853 0.010208501399 cfg1 2 1 0 0 na na
10 62471.444350344617 0.010210242668 cfg1 2 1 0 0 na na
10 62471.454350272422 0.010210540570 cfg1 2 1 0 0 na na
10 62471.465350297189 0.010210864595 cfg1 2 1 0 0 na na
10 62471.485350340514 0.010211491346 cfg1 2 1 0 0 na na
10 62471.492350356772 0.010211699162 cfg1 2 1 0 0 na na
10 62471.523350273334 0.010212625989 cfg1 2 1 0 0 na na
10 62471.545350301245 0.010213296426 cfg1 2 1 0 0 na na
10 62471.553350260044 0.010213546915 cfg1 2 1 0 0 na na
10 62471.566350336173 0.010213963566 cfg1 2 1 0 0 na na
10 62471.612350293886 0.010215340303 cfg1 2 1 0 0 na na
10 62471.674350276159 0.010217250717 cfg1 2 1 0 0 na na
10 62471.684350291799 0.010217554477 cfg1 2 1 0 0 na na
10 62471.703350314943 0.010218128656 cfg1 2 1 0 0 na na
10 62471.704350253491 0.010218158169 cfg1 2 1 0 0 na na
10 62471.752350301017 0.010219629528 cfg1 2 1 0 0 na na
10 62471.766350306975 0.010220041760 cfg1 2 1 0 0 na na
10 62471.781350347747 0.010220504612 cfg1 2 1 0 0 na na
10 62471.829350283417 0.010221990532 cfg1 2 1 0 0 na na
10 62471.870350335509 0.010223223022 cfg1 2 1 0 0 na na
10 62471.888350280425 0.010223782939 cfg1 2 1 0 0 na na
10 62471.907350308236 0.010224369346 cfg1 2 1 0 0 na na
10 62471.940350282081 0.010225371671 cfg1 2 1 0 0 na na
10 62471.957350359484 0.010225887244 cfg1 2 1 0 0 na na
10 62471.988350302875 0.010226840856 cfg1 2 1 0 0 na na
10 62471.990350353497 0.010226892598 cfg1 2 1 0 0 na na
10 62472.051350295193 0.010228761301 cfg1 2 1 0 0 na na
10 62472.075350236792 0.010229500164 cfg1 2 1 0 0 na na
10 62472.085350304971 0.010229799699 cfg1 2 1 0 0 na na
10 62472.115350262084 0.010230720430 cfg1 2 1 0 0 na na
10 62472.224350290175 0.010234038488 cfg1 2 1 0 0 na na
10 62472.240350265720 0.010234544967 cfg1 2 1 0 0 na na
10 62472.244350340839 0.010234653313 cfg1 2 1 0 0 na na
10 62472.256350308756 0.010235009360 cfg1 2 1 0 0 na na
10 62472.275350336377 0.010235617955 cfg1 2 1 0 0 na na
10 62472.345350292513 0.010237753018 cfg1 2 1 0 0 na na
10 62472.387350337619 0.010239033968 cfg1 2 1 0 0 na na
10 62472.419350302037 0.010240023348 cfg1 2 1 0 0 na na
10 62472.493350300188 0.010242261166 cfg1 2 1 0 0 na na
10 62472.524350281341 0.010243223686 cfg1 2 1 0 0 na na
10 62472.569350307168 0.010244609635 cfg1 2 1 0 0 na na
10 62472.597350286787 0.010245459363 cfg1 2 1 0 0 na na
10 62472.612350271553 0.010245925166 cfg1 2 1 0 0 na na
10 62472.613350278660 0.010245949841 cfg1 2 1 0 0 na na
10 62472.629350357761 0.010246434269 cfg1 2 1 0 0 na na
10 62472.800350307046 0.010251691697 cfg1 2 1 0 0 na na
10 62472.812350284559 0.010252045637 cfg1 2 1 0 0 na na
10 62472.825350248884 0.010252446858 cfg1 2 1 0 0 na na
10 62472.851350272097 0.010253249624 cfg1 2 1 0 0 na na
10 62472.853350345988 0.010253287448 cfg1 2 1 0 0 na na
10 62472.875350309511 0.010253966028 cfg1 2 1 0 0 na na
10 62472.881350329707 0.010254162359 cfg1 2 1 0 0 na na
10 62472.903350280748 0.010254835923 cfg1 2 1 0 0 na na
10 62472.929350258368 0.010255623613 cfg1 2 1 0 0 na na
10 62472.954350322599 0.010256393708 cfg1 2 1 0 0 na na
10 62472.964350299931 0.010256715141 cfg1 2 1 0 0 na na
10 62472.969350283225 0.010256869050 cfg1 2 1 0 0 na na
10 62472.979350264895 0.010257158359 cfg1 2 1 0 0 na na
10 62472.984350313492 0.010257307485 cfg1 2 1 0 0 na na
10 62473.014350293744 0.010258235540 cfg1 2 1 0 0 na na
10 62473.032350337412 0.010258798121 cfg1 2 1 0 0 na na
10 62473.038350286879 0.010258983098 cfg1 2 1 0 0 na na
10 62473.045350259936 0.010259177078 cfg1 2 1 0 0 na na
10 62473.057350261392 0.010259563979 cfg1 2 1 0 0 na na
10 62473.059350300264 0.010259605951 cfg1 2 1 0 0 na na
10 62473.074350298852 0.010260072572 cfg1 2 1 0 0 na na
10 62473.097350253588 0.010260778465 cfg1 2 1 0 0 na na
10 62473.142350297152 0.010262158534 cfg1 2 1 0 0 na na
10 62473.160350316296 0.010262724674 cfg1 2 1 0 0 na na
10 62473.164350297005 0.010262837130 cfg1 2 1 0 0 na na
10 62473.172350294511 0.010263083496 cfg1 2 1 0 0 na na
10 62473.176350256165 0.010263200356 cfg1 2 1 0 0 na na
10 62473.205350255274 0.010264109096 cfg1 2 1 0 0 na na
10 62473.215350288416 0.010264390129 cfg1 2 1 0 0 na na
10 62473.217350286838 0.010264467984 cfg1 2 1 0 0 na na
10 62473.233350262058 0.010264967612 cfg1 2 1 0 0 na na
10 62473.246350329443 0.010265364180 cfg1 2 1 0 0 na na
10 62473.250350297819 0.010265472912 cfg1 2 1 0 0 na na
10 62473.281350360191 0.010266421298 cfg1 2 1 0 0 na na
10 62473.290350360611 0.010266715916 cfg1 2 1 0 0 na na
10 62473.297350264601 0.010266922147 cfg1 2 1 0 0 na na
10 62473.303350281560 0.010267099753 cfg1 2 1 0 0 na na
10 62473.315350286002 0.010267477208 cfg1 2 1 0 0 na na
10 62473.330350296420 0.010267925987 cfg1 2 1 0 0 na na
10 62473.339350293718 0.010268205405 cfg1 2 1 0 0 na na
10 62473.346350325970 0.010268427205 cfg1 2 1 0 0 na na
10 62473.356350329830 0.010268737729 cfg1 2 1 0 0 na na
10 62473.367350255062 0.010269066851 cfg1 2 1 0 0 na na
10 62473.380350290090 0.010269484809 cfg1 2 1 0 0 na na
10 62473.407350301392 0.010270285878 cfg1 2 1 0 0 na na
10 62473.428350283616 0.010270946967 cfg1 2 1 0 0 na na
10 62473.430350350855 0.010271006888 cfg1 2 1 0 0 na na
10 62473.441350271295 0.010271342190 cfg1 2 1 0 0 na na
10 62473.457350382149 0.010271840634 cfg1 2 1 0 0 na na
10 62473.481350321993 0.010272558994 cfg1 2 1 0 0 na na
10 62473.482350297691 0.010272610111 cfg1 2 1 0 0 na na
10 62473.483350357460 0.010272642763 cfg1 2 1 0 0 na na
10 62473.488350281776 0.010272800822 cfg1 2 1 0 0 na na
10 62473.501350351486 0.010273181101 cfg1 2 1 0 0 na na
10 62473.502350279256 0.010273231865 cfg1 2 1 0 0 na na
10 62473.539350260849 0.010274361925 cfg1 2 1 0 0 na na
10 62473.548350295158 0.010274639168 cfg1 2 1 0 0 na na
10 62473.566350288540 0.010275178333 cfg1 2 1 0 0 na na
10 62473.575350301618 0.010275453154 cfg1 2 1 0 0 na na
10 62473.578350302096 0.010275557448 cfg1 2 1 0 0 na na
10 62473.596350265481 0.010276117792 cfg1 2 1 0 0 na na
10 62473.601350327030 0.010276265348 cfg1 2 1 0 0 na na
10 62473.602350365590 0.010276286279 cfg1 2 1 0 0 na na
10 62473.613350253572 0.010276641402 cfg1 2 1 0 0 na na
10 62473.617350262069 0.010276766357 cfg1 2 1 0 0 na na
10 62473.623350305349 0.010276945059 cfg1 2 1 0 0 na na
10 62473.640350341141 0.010277459684 cfg1 2 1 0 0 na na
10 62473.642350253783 0.010277528379 cfg1 2 1 0 0 na na
10 62473.647350360479 0.010277686316 cfg1 2 1 0 0 na na
10 62473.663350287691 0.010278168648 cfg1 2 1 0 0 na na
10 62473.678350275161 0.010278632117 cfg1 2 1 0 0 na na
10 62473.694350316617 0.010279111363 cfg1 2 1 0 0 na na
10 62473.706350360857 0.010279474411 cfg1 2 1 0 0 na na
10 62473.713350293795 0.010279712613 cfg1 2 1 0 0 na na
10 62473.716350273832 0.010279788511 cfg1 2 1 0 0 na na
10 62473.720350297231 0.010279910892 cfg1 2 1 0 0 na na
10 62473.728350326421 0.010280174449 cfg1 2 1 0 0 na na
10 62473.732350314736 0.010280275447 cfg1 2 1 0 0 na na
10 62473.735350341726 0.010280390954 cfg1 2 1 0 0 na na
10 62473.743350274803 0.010280641308 cfg1 2 1 0 0 na na
10 62473.784350293052 0.010281901951 cfg1 2 1 0 0 na na
10 62473.804350307954 0.010282509697 cfg1 2 1 0 0 na na
10 62473.810350264890 0.010282672247 cfg1 2 1 0 0 na na
10 62473.828350262694 0.010283229205 cfg1 2 1 0 0 na na
10 62473.830350259919 0.010283291904 cfg1 2 1 0 0 na na
10 62473.837350333526 0.010283523268 cfg1 2 1 0 0 na na
10 62473.841350311815 0.010283627040 cfg1 2 1 0 0 na na
10 62473.847350250702 0.010283832075 cfg1 2 1 0 0 na na
10 62473.856350311685 0.010284108753 cfg1 2 1 0 0 na na
10 62473.893350301252 0.010285234915 cfg1 2 1 0 0 na na
10 62473.899350272339 0.010285424595 cfg1 2 1 0 0 na na
10 62473.922350248600 0.010286133305 cfg1 2 1 0 0 na na
10 62473.927350351976 0.010286274104 cfg1 2 1 0 0 na na
10 62473.928350255152 0.010286311846 cfg1 2 1 0 0 na na
10 62473.930350357778 0.010286369940 cfg1 2 1 0 0 na na
10 62473.952350282571 0.010287041751 cfg1 2 1 0 0 na na
10 62473.963350298022 0.010287391764 cfg1 2 1 0 0 na na
10 62473.968350276657 0.010287535848 cfg1 2 1 0 0 na na
10 62473.979350277684 0.010287890666 cfg1 2 1 0 0 na na
10 62474.022350265623 0.010289199123 cfg1 2 1 0 0 na na
10 62474.030350303211 0.010289456573 cfg1 2 1 0 0 na na
10 62474.034350315074 0.010289566073 cfg1 2 1 0 0 na na
10 62474.058350317008 0.010290324045 cfg1 2 1 0 0 na na
10 62474.079350338481 0.010290967190 cfg1 2 1 0 0 na na
10 62474.099350310700 0.010291568945 cfg1 2 1 0 0 na na
10 62474.116350284891 0.010292111224 cfg1 2 1 0 0 na na
10 62474.122350328882 0.010292300416 cfg1 2 1 0 0 na na
10 62474.135350310635 0.010292683496 cfg1 2 1 0 0 na na
10 62474.139350245820 0.010292819524 cfg1 2 1 0 0 na na
10 62474.150350340510 0.010293150772 cfg1 2 1 0 0 na na
10 62474.154350265400 0.010293261501 cfg1 2 1 0 0 na na
10 62474.184350365055 0.010294202744 cfg1 2 1 0 0 na na
10 62474.189350323077 0.010294359552 cfg1 2 1 0 0 na na
10 62474.216350296099 0.010295186437 cfg1 2 1 0 0 na na
10 62474.272350348704 0.010296904063 cfg1 2 1 0 0 na na
10 62474.289350328849 0.010297432561 cfg1 2 1 0 0 na na
10 62474.290350336983 0.010297467928 cfg1 2 1 0 0 na na
10 62474.291350347831 0.010297507047 cfg1 2 1 0 0 na na
10 62474.309350292069 0.010298059538 cfg1 2 1 0 0 na na
10 62474.318350370609 0.010298341234 cfg1 2 1 0 0 na na
10 62474.332350284982 0.010298773587 cfg1 2 1 0 0 na na
10 62474.339350265381 0.010298981402 cfg1 2 1 0 0 na na
10 62474.357350260635 0.010299521221 cfg1 2 1 0 0 na na
10 62474.366350317517 0.010299818914 cfg1 2 1 0 0 na na
10 62474.375350307447 0.010300083991 cfg1 2 1 0 0 na na
10 62474.386350304368 0.010300436761 cfg1 2 1 0 0 na na
10 62474.396350310292 0.010300728107 cfg1 2 1 0 0 na na
10 62474.397350298280 0.010300749541 cfg1 2 1 0 0 na na
10 62474.405350341818 0.010301000476 cfg1 2 1 0 0 na na
10 62474.416350372034 0.010301359114 cfg1 2 1 0 0 na na
10 62474.425350281335 0.010301615124 cfg1 2 1 0 0 na na
10 62474.434350270050 0.010301902099 cfg1 2 1 0 0 na na
10 62474.436350352494 0.010301969847 cfg1 2 1 0 0 na na
10 62474.452350298874 0.010302453067 cfg1 2 1 0 0 na na
10 62474.470350339958 0.010303008994 cfg1 2 1 0 0 na na
10 62474.475350291622 0.010303165955 cfg1 2 1 0 0 na na
10 62474.483350314886 0.010303408957 cfg1 2 1 0 0 na na
10 62474.492350312927 0.010303692805 cfg1 2 1 0 0 na na
10 62474.493350325082 0.010303722058 cfg1 2 1 0 0 na na
10 62474.518350337736 0.010304494884 cfg1 2 1 0 0 na na
10 62474.531350343322 0.010304909823 cfg1 2 1 0 0 na na
10 62474.547350250650 0.010305386344 cfg1 2 1 0 0 na na
10 62474.568350349504 0.010306050311 cfg1 2 1 0 0 na na
10 62474.602350291619 0.010307098491 cfg1 2 1 0 0 na na
10 62474.604350310503 0.010307148956 cfg1 2 1 0 0 na na
10 62474.606350310534 0.010307218987 cfg1 2 1 0 0 na na
10 62474.612350255112 0.010307386818 cfg1 2 1 0 0 na na
10 62474.616350258058 0.010307508909 cfg1 2 1 0 0 na na
10 62474.619350277228 0.010307603809 cfg1 2 1 0 0 na na
10 62474.664350354667 0.010309014150 cfg1 2 1 0 0 na na
10 62474.679350291788 0.010309460161 cfg1 2 1 0 0 na na
10 62474.685350259900 0.010309637054 cfg1 2 1 0 0 na na
10 62474.686350314843 0.010309690280 cfg1 2 1 0 0 na na
10 62474.697350341759 0.010310027397 cfg1 2 1 0 0 na na
10 62474.725350319588 0.010310881911 cfg1 2 1 0 0 na na
10 62474.733350347171 0.010311141859 cfg1 2 1 0 0 na na
10 62474.742350285713 0.010311417368 cfg1 2 1 0 0 na na
10 62474.758350267931 0.010311904236 cfg1 2 1 0 0 na na
10 62474.775350277598 0.010312428731 cfg1 2 1 0 0 na na
10 62474.782350325049 0.010312652642 cfg1 2 1 0 0 na na
10 62474.790350341603 0.010312882122 cfg1 2 1 0 0 na na
10 62474.791350301775 0.010312906150 cfg1 2 1 0 0 na na
10 62474.792350351679 0.010312938119 cfg1 2 1 0 0 na na
10 62474.793350265917 0.010312979179 cfg1 2 1 0 0 na na
10 62474.809350340167 0.010313472939 cfg1 2 1 0 0 na na
10 62474.816350312372 0.010313705686 cfg1 2 1 0 0 na na
10 62474.846350304302 0.010314620886 cfg1 2 1 0 0 na na
10 62474.849350312120 0.010314698029 cfg1 2 1 0 0 na na
10 62474.852350289635 0.010314807850 cfg1 2 1 0 0 na na
10 62474.866350325725 0.010315236728 cfg1 2 1 0 0 na na
10 62474.878350349978 0.010315610212 cfg1 2 1 0 0 na na
10 62474.887350289573 0.010315873458 cfg1 2 1 0 0 na na
10 62474.893350284281 0.010316058007 cfg1 2 1 0 0 na na
10 62474.917350289946 0.010316822632 cfg1 2 1 0 0 na na
10 62474.919350328133 0.010316863534 cfg1 2 1 0 0 na na
10 62474.920350318068 0.010316892970 cfg1 2 1 0 0 na na
10 62474.923350301263 0.010317001953 cfg1 2 1 0 0 na na
10 62474.929350272767 0.010317193228 cfg1 2 1 0 0 na na
10 62474.936350264452 0.010317385317 cfg1 2 1 0 0 na na
10 62474.947350282684 0.010317730172 cfg1 2 1 0 0 na na
10 62474.951350336201 0.010317870048 cfg1 2 1 0 0 na na
10 62474.960350243245 0.010318143560 cfg1 2 1 0 0 na na
10 62474.964350326412 0.010318254721 cfg1 2 1 0 0 na na
10 62474.969350323775 0.010318410860 cfg1 2 1 0 0 na na
10 62474.976350310238 0.010318622221 cfg1 2 1 0 0 na na
10 62474.977350310331 0.010318673554 cfg1 2 1 0 0 na na
10 62474.989350340808 0.010319041695 cfg1 2 1 0 0 na na
10 62475.005350273256 0.010319517266 cfg1 2 1 0 0 na na
10 62475.009350271594 0.010319656211 cfg1 2 1 0 0 na na
10 62475.011350306122 0.010319701840 cfg1 2 1 0 0 na na
10 62475.023350329810 0.010320093864 cfg1 2 1 0 0 na na
10 62475.038350342853 0.010320543733 cfg1 2 1 0 0 na na
10 62475.080350271672 0.010321860296 cfg1 2 1 0 0 na na
10 62475.086350244899 0.010322042026 cfg1 2 1 0 0 na na
10 62475.088350294108 0.010322096238 cfg1 2 1 0 0 na na
10 62475.094350288917 0.010322286394 cfg1 2 1 0 0 na na
10 62475.100350273739 0.010322457528 cfg1 2 1 0 0 na na
10 62475.109350322857 0.010322734448 cfg1 2 1 0 0 na na
10 62475.119350306032 0.010323047581 cfg1 2 1 0 0 na na
10 62475.145350295837 0.010323862475 cfg1 2 1 0 0 na na
10 62475.147350275858 0.010323918719 cfg1 2 1 0 0 na na
10 62475.155350267707 0.010324151718 cfg1 2 1 0 0 na na
10 62475.159350280578 0.010324291428 cfg1 2 1 0 0 na na
10 62475.194350248291 0.010325373746 cfg1 2 1 0 0 na na
10 62475.204350283354 0.010325670277 cfg1 2 1 0 0 na na
10 62475.209350314837 0.010325844637 cfg1 2 1 0 0 na na
10 62475.215350295457 0.010326022834 cfg1 2 1 0 0 na na
10 62475.239350300790 0.010326760221 cfg1 2 1 0 0 na na
10 62475.261350351738 0.010327429707 cfg1 2 1 0 0 na na
10 62475.269350304667 0.010327684141 cfg1 2 1 0 0 na na
10 62475.270350310430 0.010327717810 cfg1 2 1 0 0 na na
10 62475.281350269788 0.010328063896 cfg1 2 1 0 0 na na
10 62475.284350315476 0.010328142648 cfg1 2 1 0 0 na na
10 62475.285350308356 0.010328196843 cfg1 2 1 0 0 na na
10 62475.297350306019 0.010328567404 cfg1 2 1 0 0 na na
10 62475.302350324131 0.010328709131 cfg1 2 1 0 0 na na
10 62475.304350282726 0.010328784324 cfg1 2 1 0 0 na na
10 62475.312350325829 0.010329011238 cfg1 2 1 0 0 na na
10 62475.313350297527 0.010329064156 cfg1 2 1 0 0 na na
10 62475.316350304265 0.010329135641 cfg1 2 1 0 0 na na
10 62475.321350334526 0.010329310549 cfg1 2 1 0 0 na na
10 62475.351350265464 0.010330216454 cfg1 2 1 0 0 na na
10 62475.355350291295 0.010330346160 cfg1 2 1 0 0 na na
10 62475.374350249174 0.010330948962 cfg1 2 1 0 0 na na
10 62475.377350265881 0.010331021238 cfg1 2 1 0 0 na na
10 62475.384350307727 0.010331248246 cfg1 2 1 0 0 na na
10 62475.386350282082 0.010331310747 cfg1 2 1 0 0 na na
10 62475.408350263233 0.010331979981 cfg1 2 1 0 0 na na
10 62475.414350268812 0.010332163060 cfg1 2 1 0 0 na na
10 62475.417350297274 0.010332269010 cfg1 2 1 0 0 na na
10 62475.425350340722 0.010332505845 cfg1 2 1 0 0 na na
10 62475.427350316394 0.010332594481 cfg1 2 1 0 0 na na
10 62475.454350252936 0.010333413954 cfg1 2 1 0 0 na na
10 62475.456350279688 0.010333472851 cfg1 2 1 0 0 na na
10 62475.457350273796 0.010333495173 cfg1 2 1 0 0 na na
10 62475.482350310734 0.010334292426 cfg1 2 1 0 0 na na
10 62475.499350290837 0.010334818461 cfg1 2 1 0 0 na na
10 62475.508350344876 0.010335077659 cfg1 2 1 0 0 na na
10 62475.510350316041 0.010335149940 cfg1 2 1 0 0 na na
10 62475.532350279873 0.010335835885 cfg1 2 1 0 0 na na
10 62475.543350255682 0.010336166278 cfg1 2 1 0 0 na na
10 62475.544350360897 0.010336198026 cfg1 2 1 0 0 na na
10 62475.554350265113 0.010336496899 cfg1 2 1 0 0 na na
10 62475.558350273084 0.010336630097 cfg1 2 1 0 0 na na
10 62475.588350330208 0.010337575845 cfg1 2 1 0 0 na na
10 62475.590350263319 0.010337632398 cfg1 2 1 0 0 na na
10 62475.592350289104 0.010337678134 cfg1 2 1 0 0 na na
10 62475.598350264254 0.010337886018 cfg1 2 1 0 0 na na
10 62475.600350336531 0.010337938210 cfg1 2 1 0 0 na na
10 62475.602350253695 0.010337993131 cfg1 2 1 0 0 na na
10 62475.620350262323 0.010338568867 cfg1 2 1 0 0 na na
10 62475.628350304690 0.010338812930 cfg1 2 1 0 0 na na
10 62475.631350271162 0.010338893210 cfg1 2 1 0 0 na na
10 62475.658350289970 0.010339729327 cfg1 2 1 0 0 na na
10 62475.663350309842 0.010339891739 cfg1 2 1 0 0 na na
10 62475.664350251233 0.010339920632 cfg1 2 1 0 0 na na
10 62475.666350287593 0.010339990511 cfg1 2 1 0 0 na na
10 62475.669350289687 0.010340085801 cfg1 2 1 0 0 na na
10 62475.671350241939 0.010340145003 cfg1 2 1 0 0 na na
10 62475.673350319760 0.010340186527 cfg1 2 1 0 0 na na
10 62475.686350256036 0.010340595771 cfg1 2 1 0 0 na na
10 62475.690350302157 0.010340718634 cfg1 2 1 0 0 na na
10 62475.709350345985 0.010341311467 cfg1 2 1 0 0 na na
10 62475.726350266374 0.010341825516 cfg1 2 1 0 0 na na
10 62475.744350294066 0.010342388928 cfg1 2 1 0 0 na na
10 62475.750350273971 0.010342567605 cfg1 2 1 0 0 na na
10 62475.754350275554 0.010342701540 cfg1 2 1 0 0 na na
10 62475.766350265597 0.010343066355 cfg1 2 1 0 0 na na
10 62475.773350332034 0.010343287623 cfg1 2 1 0 0 na na
10 62475.782350319627 0.010343582138 cfg1 2 1 0 0 na na
10 62475.788350322316 0.010343750726 cfg1 2 1 0 0 na na
10 62475.790350366658 0.010343818847 cfg1 2 1 0 0 na na
10 62475.791350253229 0.010343849025 cfg1 2 1 0 0 na na
10 62475.798350308176 0.010344065852 cfg1 2 1 0 0 na na
10 62475.815350351000 0.010344590384 cfg1 2 1 0 0 na na
10 62475.816350274230 0.010344633441 cfg1 2 1 0 0 na na
10 62475.822350318423 0.010344805594 cfg1 2 1 0 0 na na
10 62475.836350286806 0.010345251214 cfg1 2 1 0 0 na na
10 62475.843350275618 0.010345449991 cfg1 2 1 0 0 na na
10 62475.847350301830 0.010345588789 cfg1 2 1 0 0 na na
10 62475.858350338407 0.010345930818 cfg1 2 1 0 0 na na
10 62475.860350272606 0.010346003518 cfg1 2 1 0 0 na na
10 62475.866350248275 0.010346178546 cfg1 2 1 0 0 na na
10 62475.868350333696 0.010346238109 cfg1 2 1 0 0 na na
10 62475.879350246496 0.010346585323 cfg1 2 1 0 0 na na
10 62475.883350341848 0.010346700447 cfg1 2 1 0 0 na na
10 62475.908350255708 0.010347476268 cfg1 2 1 0 0 na na
10 62475.909350322713 0.010347500437 cfg1 2 1 0 0 na na
10 62475.912350352699 0.010347593834 cfg1 2 1 0 0 na na
10 62475.915350316412 0.010347687156 cfg1 2 1 0 0 na na
10 62475.919350282591 0.010347813279 cfg1 2 1 0 0 na na
10 62475.925350255916 0.010348000671 cfg1 2 1 0 0 na na
10 62475.946350274803 0.010348646943 cfg1 2 1 0 0 na na
10 62475.952350271603 0.010348852254 cfg1 2 1 0 0 na na
10 62475.956350272228 0.010348979094 cfg1 2 1 0 0 na na
10 62475.958350261797 0.010349023157 cfg1 2 1 0 0 na na
10 62475.961350325525 0.010349124337 cfg1 2 1 0 0 na na
10 62475.966350298511 0.010349262973 cfg1 2 1 0 0 na na
10 62475.978350308852 0.010349644381 cfg1 2 1 0 0 na na
10 62475.979350305918 0.010349674998 cfg1 2 1 0 0 na na
10 62476.005350270239 0.010350487130 cfg1 2 1 0 0 na na
10 62476.020350251886 0.010350964226 cfg1 2 1 0 0 na na
10 62476.021350301889 0.010350983925 cfg1 2 1 0 0 na na
10 62476.036350345300 0.010351450656 cfg1 2 1 0 0 na na
10 62476.037350273778 0.010351486468 cfg1 2 1 0 0 na na
10 62476.048350251124 0.010351833332 cfg1 2 1 0 0 na na
10 62476.055350325034 0.010352052563 cfg1 2 1 0 0 na na
10 62476.072350323878 0.010352567758 cfg1 2 1 0 0 na na
10 62476.090350298088 0.010353130529 cfg1 2 1 0 0 na na
10 62476.109350257943 0.010353704111 cfg1 2 1 0 0 na na
10 62476.151350320084 0.010355003038 cfg1 2 1 0 0 na na
10 62476.152350316503 0.010355061293 cfg1 2 1 0 0 na na
10 62476.167350248581 0.010355513652 cfg1 2 1 0 0 na na
10 62476.168350265444 0.010355531507 cfg1 2 1 0 0 na na
10 62476.177350279207 0.010355825081 cfg1 2 1 0 0 na na
10 62476.187350324271 0.010356130217 cfg1 2 1 0 0 na na
10 62476.189350262641 0.010356184346 cfg1 2 1 0 0 na na
10 62476.196350285577 0.010356405653 cfg1 2 1 0 0 na na
10 62476.203350302851 0.010356623960 cfg1 2 1 0 0 na na
10 62476.204350289433 0.010356655872 cfg1 2 1 0 0 na na
10 62476.212350258354 0.010356903687 cfg1 2 1 0 0 na na
10 62476.214350320637 0.010356975634 cfg1 2 1 0 0 na na
10 62476.221350295500 0.010357178445 cfg1 2 1 0 0 na na
10 62476.229350282598 0.010357446875 cfg1 2 1 0 0 na na
10 62476.255350266710 0.010358230274 cfg1 2 1 0 0 na na
10 62476.275350293195 0.010358874299 cfg1 2 1 0 0 na na
10 62476.277350258348 0.010358918526 cfg1 2 1 0 0 na na
10 62476.284350316945 0.010359149477 cfg1 2 1 0 0 na na
10 62476.314350320347 0.010360069102 cfg1 2 1 0 0 na na
10 62476.389350302899 0.010362419488 cfg1 2 1 0 0 na na
10 62476.397350316448 0.010362646451 cfg1 2 1 0 0 na na
10 62476.399350253190 0.010362713926 cfg1 2 1 0 0 na na
10 62476.414350312411 0.010363180510 cfg1 2 1 0 0 na na
10 62476.425350269648 0.010363511448 cfg1 2 1 0 0 na na
10 62476.443350251681 0.010364080182 cfg1 2 1 0 0 na na
10 62476.445350311983 0.010364153263 cfg1 2 1 0 0 na na
10 62476.465350307622 0.010364769067 cfg1 2 1 0 0 na na
10 62476.499350286641 0.010365807473 cfg1 2 1 0 0 na na
10 62476.506350336927 0.010366029333 cfg1 2 1 0 0 na na
10 62476.511350259087 0.010366187706 cfg1 2 1 0 0 na na
10 62476.512350287254 0.010366218437 cfg1 2 1 0 0 na na
10 62476.532350294188 0.010366836745 cfg1 2 1 0 0 na na
10 62476.533350303884 0.010366866519 cfg1 2 1 0 0 na na
10 62476.536350330296 0.010366968258 cfg1 2 1 0 0 na na
10 62476.540350287927 0.010367107798 cfg1 2 1 0 0 na na
10 62476.552350341636 0.010367480945 cfg1 2 1 0 0 na na
10 62476.560350258478 0.010367714773 cfg1 2 1 0 0 na na
10 62476.562350277174 0.010367770627 cfg1 2 1 0 0 na na
10 62476.567350253546 0.010367933278 cfg1 2 1 0 0 na na
10 62476.575350317078 0.010368195824 cfg1 2 1 0 0 na na
10 62476.584350275910 0.010368451418 cfg1 2 1 0 0 na na
10 62476.602350274496 0.010369035994 cfg1 2 1 0 0 na na
10 62476.609350303145 0.010369237004 cfg1 2 1 0 0 na na
10 62476.613350282166 0.010369376051 cfg1 2 1 0 0 na na
10 62476.617350267293 0.010369491747 cfg1 2 1 0 0 na na
10 62476.620350256213 0.010369575770 cfg1 2 1 0 0 na na
10 62476.645350286607 0.010370361447 cfg1 2 1 0 0 na na
10 62476.651350291269 0.010370547082 cfg1 2 1 0 0 na na
10 62476.654350271818 0.010370632232 cfg1 2 1 0 0 na na
10 62476.664350323432 0.010370963787 cfg1 2 1 0 0 na na
10 62476.666350279672 0.010371026343 cfg1 2 1 0 0 na na
10 62476.673350340011 0.010371217019 cfg1 2 1 0 0 na na
10 62476.674350267709 0.010371274186 cfg1 2 1 0 0 na na
10 62476.685350261130 0.010371592117 cfg1 2 1 0 0 na na
10 62476.695350272022 0.010371901145 cfg1 2 1 0 0 na na
10 62476.701350324687 0.010372097998 cfg1 2 1 0 0 na na
10 62476.712350335850 0.010372427524 cfg1 2 1 0 0 na na
10 62476.725350336833 0.010372852178 cfg1 2 1 0 0 na na
10 62476.767350301682 0.010374137858 cfg1 2 1 0 0 na na
10 62476.769350265559 0.010374207088 cfg1 2 1 0 0 na na
10 62476.774350326320 0.010374378100 cfg1 2 1 0 0 na na
10 62476.776350257183 0.010374424689 cfg1 2 1 0 0 na na
10 62476.779350314917 0.010374515507 cfg1 2 1 0 0 na na
10 62476.789350333383 0.010374840451 cfg1 2 1 0 0 na na
10 62476.817350332834 0.010375715701 cfg1 2 1 0 0 na na
10 62476.823350279484 0.010375899475 cfg1 2 1 0 0 na na
10 62476.829350292503 0.010376095071 cfg1 2 1 0 0 na na
10 62476.833350261985 0.010376219004 cfg1 2 1 0 0 na na
10 62476.865350283164 0.010377199460 cfg1 2 1 0 0 na na
10 62476.873350346658 0.010377436372 cfg1 2 1 0 0 na na
10 62476.874350254968 0.010377476897 cfg1 2 1 0 0 na na
10 62476.876350316009 0.010377541106 cfg1 2 1 0 0 na na
10 62476.881350300347 0.010377698479 cfg1 2 1 0 0 na na
10 62476.886350322200 0.010377849490 cfg1 2 1 0 0 na na
10 62476.892350332066 0.010378032060 cfg1 2 1 0 0 na na
10 62476.895350272370 0.010378147552 cfg1 2 1 0 0 na na
10 62476.905350308970 0.010378447898 cfg1 2 1 0 0 na na
10 62476.906350302631 0.010378489547 cfg1 2 1 0 0 na na
10 62476.919350301627 0.010378871897 cfg1 2 1 0 0 na na
10 62476.920350265639 0.010378927134 cfg1 2 1 0 0 na na
10 62476.926350263270 0.010379108281 cfg1 2 1 0 0 na na
10 62476.929350271499 0.010379186201 cfg1 2 1 0 0 na na
10 62476.938350319561 0.010379480695 cfg1 2 1 0 0 na na
10 62476.955350280252 0.010380008743 cfg1 2 1 0 0 na na
10 62476.959350248565 0.010380131277 cfg1 2 1 0 0 na na
10 62477.005350302617 0.010381559173 cfg1 2 1 0 0 na na
10 62477.006350265103 0.010381576818 cfg1 2 1 0 0 na na
10 62477.046350288781 0.010382834435 cfg1 2 1 0 0 na na
10 62477.052350292797 0.010383019127 cfg1 2 1 0 0 na na
10 62477.063350373010 0.010383362203 cfg1 2 1 0 0 na na
10 62477.068350243428 0.010383528602 cfg1 2 1 0 0 na na
10 62477.073350305782 0.010383672218 cfg1 2 1 0 0 na na
10 62477.089350307913 0.010384176722 cfg1 2 1 0 0 na na
10 62477.096350245968 0.010384396118 cfg1 2 1 0 0 na na
10 62477.104350337828 0.010384640156 cfg1 2 1 0 0 na na
10 62477.111350338142 0.010384845279 cfg1 2 1 0 0 na na
10 62477.119350262846 0.010385120177 cfg1 2 1 0 0 na na
10 62477.132350291580 0.010385521357 cfg1 2 1 0 0 na na
10 62477.134350291430 0.010385564605 cfg1 2 1 0 0 na na
10 62477.143350315192 0.010385849331 cfg1 2 1 0 0 na na
10 62477.148350250801 0.010386014743 cfg1 2 1 0 0 na na
10 62477.164350305061 0.010386513698 cfg1 2 1 0 0 na na
10 62477.176350337310 0.010386885476 cfg1 2 1 0 0 na na
10 62477.189350280378 0.010387275906 cfg1 2 1 0 0 na na
10 62477.204350332973 0.010387763212 cfg1 2 1 0 0 na na
10 62477.225350339625 0.010388410413 cfg1 2 1 0 0 na na
10 62477.229350311280 0.010388546981 cfg1 2 1 0 0 na na
10 62477.232350290326 0.010388623547 cfg1 2 1 0 0 na na
10 62477.236350258418 0.010388743766 cfg1 2 1 0 0 na na
10 62477.237350299309 0.010388767974 cfg1 2 1 0 0 na na
10 62477.251350328718 0.010389226184 cfg1 2 1 0 0 na na
10 62477.254350262647 0.010389299400 cfg1 2 1 0 0 na na
10 62477.266350287651 0.010389696689 cfg1 2 1 0 0 na na
10 62477.272350301240 0.010389884679 cfg1 2 1 0 0 na na
10 62477.275350354509 0.010389952131 cfg1 2 1 0 0 na na
10 62477.285350273695 0.010390275644 cfg1 2 1 0 0 na na
10 62477.289350330002 0.010390413359 cfg1 2 1 0 0 na na
10 62477.302350350999 0.010390792763 cfg1 2 1 0 0 na na
10 62477.307350316475 0.010390959225 cfg1 2 1 0 0 na na
10 62477.325350321755 0.010391525346 cfg1 2 1 0 0 na na
10 62477.338350321384 0.010391930164 cfg1 2 1 0 0 na na
10 62477.354350339237 0.010392438964 cfg1 2 1 0 0 na na
10 62477.367350320692 0.010392834871 cfg1 2 1 0 0 na na
10 62477.379350322253 0.010393192606 cfg1 2 1 0 0 na na
10 62477.389350284785 0.010393514048 cfg1 2 1 0 0 na na
10 62477.395350273748 0.010393695487 cfg1 2 1 0 0 na na
10 62477.397350336885 0.010393765982 cfg1 2 1 0 0 na na
10 62477.410350305169 0.010394168190 cfg1 2 1 0 0 na na
10 62477.418350320940 0.010394415456 cfg1 2 1 0 0 na na
10 62477.420350380412 0.010394489304 cfg1 2 1 0 0 na na
10 62477.421350262964 0.010394504082 cfg1 2 1 0 0 na na
10 62477.423350309885 0.010394565432 cfg1 2 1 0 0 na na
10 62477.443350327661 0.010395216001 cfg1 2 1 0 0 na na
10 62477.455350264111 0.010395562676 cfg1 2 1 0 0 na na
10 62477.462350255017 0.010395805713 cfg1 2 1 0 0 na na
10 62477.464350303482 0.010395848116 cfg1 2 1 0 0 na na
10 62477.483350345278 0.010396448109 cfg1 2 1 0 0 na na
10 62477.487350375085 0.010396559262 cfg1 2 1 0 0 na na
10 62477.490350389464 0.010396682099 cfg1 2 1 0 0 na na
10 62477.493350327851 0.010396751992 cfg1 2 1 0 0 na na
10 62477.496350330362 0.010396859216 cfg1 2 1 0 0 na na
10 62477.505350301722 0.010397127158 cfg1 2 1 0 0 na na
10 62477.538350347793 0.010398176943 cfg1 2 1 0 0 na na
10 62477.541350310834 0.010398256084 cfg1 2 1 0 0 na na
10 62477.546350319319 0.010398413025 cfg1 2 1 0 0 na na
10 62477.550350324525 0.010398541826 cfg1 2 1 0 0 na na
10 62477.559350326266 0.010398814446 cfg1 2 1 0 0 na na
10 62477.561350321047 0.010398889480 cfg1 2 1 0 0 na na
10 62477.596350320011 0.010399968714 cfg1 2 1 0 0 na na
10 62477.611350264279 0.010400436535 cfg1 2 1 0 0 na na
10 62477.641350335002 0.010401389564 cfg1 2 1 0 0 na na
10 62477.642350314634 0.010401422818 cfg1 2 1 0 0 na na
10 62477.653350339816 0.010401761496 cfg1 2 1 0 0 na na
10 62477.660350395049 0.010401976797 cfg1 2 1 0 0 na na
10 62477.671350315377 0.010402323509 cfg1 2 1 0 0 na na
10 62477.672350337052 0.010402347939 cfg1 2 1 0 0 na na
10 62477.684350368176 0.010402723225 cfg1 2 1 0 0 na na
10 62477.701350313207 0.010403263180 cfg1 2 1 0 0 na na
10 62477.710350324260 0.010403535026 cfg1 2 1 0 0 na na
10 62477.719350331857 0.010403801495 cfg1 2 1 0 0 na na
10 62477.722350317711 0.010403911910 cfg1 2 1 0 0 na na
10 62477.726350345490 0.010404039615 cfg1 2 1 0 0 na na
10 62477.750350326838 0.010404781226 cfg1 2 1 0 0 na na
10 62477.772350259078 0.010405457791 cfg1 2 1 0 0 na na
10 62477.778350288109 0.010405662150 cfg1 2 1 0 0 na na
10 62477.791350255732 0.010406051144 cfg1 2 1 0 0 na na
10 62477.794350269517 0.010406142486 cfg1 2 1 0 0 na na
10 62477.799350322096 0.010406296136 cfg1 2 1 0 0 na na
10 62477.801350255469 0.010406370864 cfg1 2 1 0 0 na na
10 62477.802350316937 0.010406409380 cfg1 2 1 0 0 na na
10 62477.809350314657 0.010406631172 cfg1 2 1 0 0 na na
10 62477.824350303698 0.010407095337 cfg1 2 1 0 0 na na
10 62477.842350300346 0.010407640499 cfg1 2 1 0 0 na na
10 62477.852350327524 0.010407960301 cfg1 2 1 0 0 na na
10 62477.862350313253 0.010408285846 cfg1 2 1 0 0 na na
10 62477.865350289670 0.010408368936 cfg1 2 1 0 0 na na
10 62477.872350296617 0.010408594709 cfg1 2 1 0 0 na na
10 62477.873350306008 0.010408628693 cfg1 2 1 0 0 na na
10 62477.882350316966 0.010408907282 cfg1 2 1 0 0 na na
10 62477.891350297445 0.010409194283 cfg1 2 1 0 0 na na
10 62477.909350325222 0.010409753510 cfg1 2 1 0 0 na na
10 62477.917350322251 0.010410001777 cfg1 2 1 0 0 na na
10 62477.935350314018 0.010410556839 cfg1 2 1 0 0 na na
10 62477.941350319464 0.010410737717 cfg1 2 1 0 0 na na
10 62477.945350311558 0.010410861232 cfg1 2 1 0 0 na na
10 62477.956350297789 0.010411217794 cfg1 2 1 0 0 na na
10 62477.961350252684 0.010411364239 cfg1 2 1 0 0 na na
10 62477.984350270714 0.010412071308 cfg1 2 1 0 0 na na
10 62477.987350307808 0.010412171932 cfg1 2 1 0 0 na na
10 62477.989350304444 0.010412233924 cfg1 2 1 0 0 na na
10 62477.996350330203 0.010412469364 cfg1 2 1 0 0 na na
10 62478.001350258681 0.010412622093 cfg1 2 1 0 0 na na
10 62478.019350252977 0.010413193212 cfg1 2 1 0 0 na na
10 62478.020350319283 0.010413199482 cfg1 2 1 0 0 na na
10 62478.029350287871 0.010413499491 cfg1 2 1 0 0 na na
10 62478.050350313170 0.010414155022 cfg1 2 1 0 0 na na
10 62478.057350250513 0.010414366410 cfg1 2 1 0 0 na na
10 62478.067350267638 0.010414665264 cfg1 2 1 0 0 na na
10 62478.076350248155 0.010414963504 cfg1 2 1 0 0 na na
10 62478.079350267229 0.010415039791 cfg1 2 1 0 0 na na
10 62478.089350254045 0.010415375607 cfg1 2 1 0 0 na na
10 62478.097350321869 0.010415628793 cfg1 2 1 0 0 na na
10 62478.101350311362 0.010415752959 cfg1 2 1 0 0 na na
10 62478.122350316966 0.010416385730 cfg1 2 1 0 0 na na
10 62478.135350314625 0.010416799255 cfg1 2 1 0 0 na na
10 62478.156350314485 0.010417464289 cfg1 2 1 0 0 na na
10 62478.161350250178 0.010417617038 cfg1 2 1 0 0 na na
10 62478.175350340836 0.010418048635 cfg1 2 1 0 0 na na
10 62478.177350256850 0.010418110228 cfg1 2 1 0 0 na na
10 62478.186350253957 0.010418397847 cfg1 2 1 0 0 na na
10 62478.216350314947 0.010419332870 cfg1 2 1 0 0 na na
10 62478.219350260897 0.010419420865 cfg1 2 1 0 0 na na
10 62478.224350254984 0.010419581974 cfg1 2 1 0 0 na na
10 62478.225350339818 0.010419618253 cfg1 2 1 0 0 na na
10 62478.227350320234 0.010419674086 cfg1 2 1 0 0 na na
10 62478.239350246760 0.010420060207 cfg1 2 1 0 0 na na
10 62478.240350315006 0.010420090834 cfg1 2 1 0 0 na na
10 62478.244350333815 0.010420203426 cfg1 2 1 0 0 na na
10 62478.246350259422 0.010420277498 cfg1 2 1 0 0 na na
10 62478.250350282972 0.010420387362 cfg1 2 1 0 0 na na
10 62478.261350291364 0.010420743779 cfg1 2 1 0 0 na na
10 62478.263350327880 0.010420810573 cfg1 2 1 0 0 na na
10 62478.269350296377 0.010420977139 cfg1 2 1 0 0 na na
10 62478.316350267212 0.010422449587 cfg1 2 1 0 0 na na
10 62478.327350312166 0.010422811038 cfg1 2 1 0 0 na na
10 62478.344350297004 0.010423335414 cfg1 2 1 0 0 na na
10 62478.358350315057 0.010423780203 cfg1 2 1 0 0 na na
10 62478.377350352717 0.010424373538 cfg1 2 1 0 0 na na
10 62478.378350264695 0.010424387115 cfg1 2 1 0 0 na na
10 62478.394350329261 0.010424904862 cfg1 2 1 0 0 na na
10 62478.407350311424 0.010425295865 cfg1 2 1 0 0 na na
10 62478.415350257236 0.010425554527 cfg1 2 1 0 0 na na
10 62478.416350300664 0.010425589072 cfg1 2 1 0 0 na na
10 62478.418350314964 0.010425653342 cfg1 2 1 0 0 na na
10 62478.422350326551 0.010425769871 cfg1 2 1 0 0 na na
10 62478.424350332053 0.010425839135 cfg1 2 1 0 0 na na
10 62478.435350323172 0.010426174853 cfg1 2 1 0 0 na na
10 62478.436350240173 0.010426226914 cfg1 2 1 0 0 na na
10 62478.447350274018 0.010426551789 cfg1 2 1 0 0 na na
10 62478.456350295501 0.010426844920 cfg1 2 1 0 0 na na
10 62478.469350260974 0.010427241339 cfg1 2 1 0 0 na na
10 62478.473350296315 0.010427382375 cfg1 2 1 0 0 na na
10 62478.475350261978 0.010427424949 cfg1 2 1 0 0 na na
10 62478.476350309283 0.010427454761 cfg1 2 1 0 0 na na
10 62478.487350331806 0.010427806030 cfg1 2 1 0 0 na na
10 62478.488350291328 0.010427847786 cfg1 2 1 0 0 na na
10 62478.490350296735 0.010427895892 cfg1 2 1 0 0 na na
10 62478.492350329734 0.010427961935 cfg1 2 1 0 0 na na
10 62478.493350250630 0.010428001252 cfg1 2 1 0 0 na na
10 62478.496350304195 0.010428103713 cfg1 2 1 0 0 na na
10 62478.508350326218 0.010428477956 cfg1 2 1 0 0 na na
10 62478.514350241829 0.010428665139 cfg1 2 1 0 0 na na
10 62478.545350301813 0.010429633731 cfg1 2 1 0 0 na na
10 62478.560350269774 0.010430086596 cfg1 2 1 0 0 na na
10 62478.561350268765 0.010430123681 cfg1 2 1 0 0 na na
10 62478.583350336490 0.010430825008 cfg1 2 1 0 0 na na
10 62478.585350353004 0.010430888188 cfg1 2 1 0 0 na na
10 62478.588350350018 0.010430987246 cfg1 2 1 0 0 na na
10 62478.611350315179 0.010431689082 cfg1 2 1 0 0 na na
10 62478.612350285000 0.010431714390 cfg1 2 1 0 0 na na
10 62478.622350302735 0.010432027863 cfg1 2 1 0 0 na na
10 62478.629350346527 0.010432260000 cfg1 2 1 0 0 na na
10 62478.632350256607 0.010432345595 cfg1 2 1 0 0 na na
10 62478.635350267839 0.010432428982 cfg1 2 1 0 0 na na
10 62478.643350282297 0.010432698947 cfg1 2 1 0 0 na na
10 62478.644350352853 0.010432729794 cfg1 2 1 0 0 na na
10 62478.662350347474 0.010433277562 cfg1 2 1 0 0 na na
10 62478.670350316822 0.010433531360 cfg1 2 1 0 0 na na
10 62478.676350313099 0.010433742507 cfg1 2 1 0 0 na na
10 62478.684350268777 0.010433987397 cfg1 2 1 0 0 na na
10 62478.692350340580 0.010434220252 cfg1 2 1 0 0 na na
10 62478.698350245373 0.010434426513 cfg1 2 1 0 0 na na
10 62478.700350286123 0.010434469189 cfg1 2 1 0 0 na na
10 62478.704350336102 0.010434609018 cfg1 2 1 0 0 na na
10 62478.710350288718 0.010434777598 cfg1 2 1 0 0 na na
10 62478.728350289619 0.010435360413 cfg1 2 1 0 0 na na
10 62478.737350291262 0.010435643575 cfg1 2 1 0 0 na na
10 62478.745350286329 0.010435900849 cfg1 2 1 0 0 na na
10 62478.746350308395 0.010435931366 cfg1 2 1 0 0 na na
10 62478.765350313344 0.010436523810 cfg1 2 1 0 0 na na
10 62478.778350316533 0.010436929433 cfg1 2 1 0 0 na na
10 62478.788350274780 0.010437225153 cfg1 2 1 0 0 na na
10 62478.800350336767 0.010437605704 cfg1 2 1 0 0 na na
10 62478.809350347014 0.010437891355 cfg1 2 1 0 0 na na
10 62478.853350302459 0.010439284706 cfg1 2 1 0 0 na na
10 62478.861350264288 0.010439512405 cfg1 2 1 0 0 na na
10 62478.869350292715 0.010439776519 cfg1 2 1 0 0 na na
10 62478.871350310347 0.010439848549 cfg1 2 1 0 0 na na
10 62478.872350352874 0.010439881237 cfg1 2 1 0 0 na na
10 62478.888350306204 0.010440359161 cfg1 2 1 0 0 na na
10 62478.891350281169 0.010440455047 cfg1 2 1 0 0 na na
10 62478.909350303229 0.010441041181 cfg1 2 1 0 0 na na
10 62478.911350286334 0.010441086781 cfg1 2 1 0 0 na na
10 62478.913350332811 0.010441138790 cfg1 2 1 0 0 na na
10 62478.933350310479 0.010441785790 cfg1 2 1 0 0 na na
10 62478.935350342635 0.010441834889 cfg1 2 1 0 0 na na
10 62478.942350345482 0.010442073405 cfg1 2 1 0 0 na na
10 62478.946350271006 0.010442196345 cfg1 2 1 0 0 na na
10 62478.963350319476 0.010442723144 cfg1 2 1 0 0 na na
10 62478.968350302977 0.010442865933 cfg1 2 1 0 0 na na
10 62478.985350241249 0.010443420893 cfg1 2 1 0 0 na na
10 62478.987350274234 0.010443476810 cfg1 2 1 0 0 na na
10 62479.004350262916 0.010444017028 cfg1 2 1 0 0 na na
10 62479.010350314105 0.010444188832 cfg1 2 1 0 0 na na
10 62479.034350341745 0.010444955897 cfg1 2 1 0 0 na na
10 62479.035350285055 0.010444990026 cfg1 2 1 0 0 na na
10 62479.053350317909 0.010445548754 cfg1 2 1 0 0 na na
10 62479.054350260139 0.010445561849 cfg1 2 1 0 0 na na
10 62479.069350241924 0.010446050157 cfg1 2 1 0 0 na na
10 62479.070350312446 0.010446072529 cfg1 2 1 0 0 na na
10 62479.079350298818 0.010446347030 cfg1 2 1 0 0 na na
10 62479.082350332225 0.010446440320 cfg1 2 1 0 0 na na
10 62479.108350280524 0.010447271413 cfg1 2 1 0 0 na na
10 62479.113350285161 0.010447433692 cfg1 2 1 0 0 na na
10 62479.116350315307 0.010447531249 cfg1 2 1 0 0 na na
10 62479.118350254167 0.010447572663 cfg1 2 1 0 0 na na
10 62479.119350273472 0.010447596962 cfg1 2 1 0 0 na na
10 62479.136350251796 0.010448143781 cfg1 2 1 0 0 na na
10 62479.158350251181 0.010448830780 cfg1 2 1 0 0 na na
10 62479.172350257259 0.010449283970 cfg1 2 1 0 0 na na
10 62479.175350295791 0.010449369767 cfg1 2 1 0 0 na na
10 62479.179350300098 0.010449483069 cfg1 2 1 0 0 na na
10 62479.191350269123 0.010449864796 cfg1 2 1 0 0 na na
10 62479.197350286949 0.010450057758 cfg1 2 1 0 0 na na
10 62479.204350315485 0.010450290240 cfg1 2 1 0 0 na na
10 62479.205350301252 0.010450320796 cfg1 2 1 0 0 na na
10 62479.210350256394 0.010450455157 cfg1 2 1 0 0 na na
10 62479.233350306611 0.010451175566 cfg1 2 1 0 0 na na
10 62479.235350255592 0.010451257603 cfg1 2 1 0 0 na na
10 62479.240350237640 0.010451419053 cfg1 2 1 0 0 na na
10 62479.241350317641 0.010451428655 cfg1 2 1 0 0 na na
10 62479.244350307904 0.010451524390 cfg1 2 1 0 0 na na
10 62479.250350308315 0.010451707820 cfg1 2 1 0 0 na na
10 62479.254350254803 0.010451837152 cfg1 2 1 0 0 na na
10 62479.260350318163 0.010452030082 cfg1 2 1 0 0 na na
10 62479.262350247592 0.010452105088 cfg1 2 1 0 0 na na
10 62479.277350239518 0.010452577271 cfg1 2 1 0 0 na na
10 62479.293350323072 0.010453057040 cfg1 2 1 0 0 na na
10 62479.296350263028 0.010453174491 cfg1 2 1 0 0 na na
10 62479.354350235062 0.010454996986 cfg1 2 1 0 0 na na
10 62479.365350303429 0.010455342537 cfg1 2 1 0 0 na na
10 62479.370350253124 0.010455491007 cfg1 2 1 0 0 na na
10 62479.390350343407 0.010456128422 cfg1 2 1 0 0 na na
10 62479.391350269406 0.010456139047 cfg1 2 1 0 0 na na
10 62479.394350314092 0.010456224537 cfg1 2 1 0 0 na na
10 62479.400350315168 0.010456419375 cfg1 2 1 0 0 na na
10 62479.402350282777 0.010456484164 cfg1 2 1 0 0 na na
10 62479.405350309971 0.010456576015 cfg1 2 1 0 0 na na
10 62479.412350263222 0.010456795789 cfg1 2 1 0 0 na na
10 62479.422350326856 0.010457121724 cfg1 2 1 0 0 na na
10 62479.426350268813 0.010457246648 cfg1 2 1 0 0 na na
10 62479.430350291883 0.010457360362 cfg1 2 1 0 0 na na
10 62479.434350338602 0.010457492344 cfg1 2 1 0 0 na na
10 62479.436350328312 0.010457557938 cfg1 2 1 0 0 na na
10 62479.456350287864 0.010458172556 cfg1 2 1 0 0 na na
10 62479.465350289939 0.010458457329 cfg1 2 1 0 0 na na
10 62479.476350259574 0.010458819179 cfg1 2 1 0 0 na na
10 62479.502350276825 0.010459625943 cfg1 2 1 0 0 na na
10 62479.504350321192 0.010459701601 cfg1 2 1 0 0 na na
10 62479.530350314050 0.010460516130 cfg1 2 1 0 0 na na
10 62479.534350247690 0.010460634336 cfg1 2 1 0 0 na na
10 62479.541350314843 0.010460865854 cfg1 2 1 0 0 na na
10 62479.546350275107 0.010460998095 cfg1 2 1 0 0 na na
10 62479.550350297418 0.010461138184 cfg1 2 1 0 0 na na
10 62479.553350318959 0.010461223180 cfg1 2 1 0 0 na na
10 62479.577350263695 0.010461981154 cfg1 2 1 0 0 na na
10 62479.582350256986 0.010462134963 cfg1 2 1 0 0 na na
10 62479.584350302700 0.010462208318 cfg1 2 1 0 0 na na
10 62479.598350329422 0.010462652427 cfg1 2 1 0 0 na na
10 62479.602350315861 0.010462759945 cfg1 2 1 0 0 na na
10 62479.618350318442 0.010463283399 cfg1 2 1 0 0 na na
10 62479.632350273480 0.010463702837 cfg1 2 1 0 0 na na
10 62479.646350332102 0.010464144763 cfg1 2 1 0 0 na na
10 62479.650350254684 0.010464281741 cfg1 2 1 0 0 na na
10 62479.660350252859 0.010464589199 cfg1 2 1 0 0 na na
10 62479.667350308945 0.010464826415 cfg1 2 1 0 0 na na
10 62479.676350297836 0.010465106284 cfg1 2 1 0 0 na na
10 62479.684350279257 0.010465338129 cfg1 2 1 0 0 na na
10 62479.693350334950 0.010465621924 cfg1 2 1 0 0 na na
10 62479.711350248077 0.010466198627 cfg1 2 1 0 0 na na
10 62479.713350283885 0.010466263592 cfg1 2 1 0 0 na na
10 62479.716350315297 0.010466350916 cfg1 2 1 0 0 na na
10 62479.740350327838 0.010467104483 cfg1 2 1 0 0 na na
10 62479.755350327739 0.010467574960 cfg1 2 1 0 0 na na
10 62479.762350251260 0.010467795642 cfg1 2 1 0 0 na na
10 62479.769350257240 0.010468009925 cfg1 2 1 0 0 na na
10 62479.776350338573 0.010468239821 cfg1 2 1 0 0 na na
10 62479.784350294189 0.010468491135 cfg1 2 1 0 0 na na
10 62479.788350262944 0.010468607484 cfg1 2 1 0 0 na na
10 62479.811350264609 0.010469353927 cfg1 2 1 0 0 na na
10 62479.824350325739 0.010469749921 cfg1 2 1 0 0 na na
10 62479.832350288579 0.010470009139 cfg1 2 1 0 0 na na
10 62479.837350305164 0.010470150874 cfg1 2 1 0 0 na na
10 62479.838350262639 0.010470174283 cfg1 2 1 0 0 na na
10 62479.842350340318 0.010470324436 cfg1 2 1 0 0 na na
10 62479.844350323396 0.010470371786 cfg1 2 1 0 0 na na
10 62479.850350300149 0.010470575519 cfg1 2 1 0 0 na na
10 62479.854350264604 0.010470677389 cfg1 2 1 0 0 na na
10 62479.859350339429 0.010470859073 cfg1 2 1 0 0 na na
10 62479.872350267023 0.010471271007 cfg1 2 1 0 0 na na
10 62479.875350261114 0.010471341120 cfg1 2 1 0 0 na na
10 62479.878350284149 0.010471434648 cfg1 2 1 0 0 na na
10 62479.886350261064 0.010471704630 cfg1 2 1 0 0 na na
10 62479.891350287226 0.010471846461 cfg1 2 1 0 0 na na
10 62479.905350327808 0.010472293387 cfg1 2 1 0 0 na na
10 62479.906350279605 0.010472316600 cfg1 2 1 0 0 na na
10 62479.907350324507 0.010472358683 cfg1 2 1 0 0 na na
10 62479.914350309196 0.010472572023 cfg1 2 1 0 0 na na
10 62479.920350320151 0.010472769543 cfg1 2 1 0 0 na na
10 62479.927350258550 0.010472978218 cfg1 2 1 0 0 na na
10 62479.944350328618 0.010473508910 cfg1 2 1 0 0 na na
10 62479.946350295739 0.010473595793 cfg1 2 1 0 0 na na
10 62479.948350277871 0.010473659791 cfg1 2 1 0 0 na na
10 62479.950350298245 0.010473701260 cfg1 2 1 0 0 na na
10 62479.953350342952 0.010473807435 cfg1 2 1 0 0 na na
10 62479.959350259109 0.010473982920 cfg1 2 1 0 0 na na
10 62479.971350275400 0.010474364170 cfg1 2 1 0 0 na na
10 62479.975350306298 0.010474485651 cfg1 2 1 0 0 na na
10 62479.977350294516 0.010474558275 cfg1 2 1 0 0 na na
10 62479.993350338382 0.010475074160 cfg1 2 1 0 0 na na
10 62480.006350306656 0.010475475333 cfg1 2 1 0 0 na na
10 62480.007350322809 0.010475497005 cfg1 2 1 0 0 na na
10 62480.013350248370 0.010475693602 cfg1 2 1 0 0 na na
10 62480.016350334927 0.010475774692 cfg1 2 1 0 0 na na
10 62480.018350321936 0.010475842868 cfg1 2 1 0 0 na na
10 62480.024350338906 0.010476051923 cfg1 2 1 0 0 na na
10 62480.037350314961 0.010476446041 cfg1 2 1 0 0 na na
10 62480.058350326078 0.010477093559 cfg1 2 1 0 0 na na
10 62480.059350281586 0.010477136577 cfg1 2 1 0 0 na na
10 62480.068350299316 0.010477430591 cfg1 2 1 0 0 na na
10 62480.076350308466 0.010477663495 cfg1 2 1 0 0 na na
10 62480.077350339133 0.010477720555 cfg1 2 1 0 0 na na
10 62480.088350331652 0.010478046812 cfg1 2 1 0 0 na na
10 62480.103350316415 0.010478526629 cfg1 2 1 0 0 na na
10 62480.109350282625 0.010478711594 cfg1 2 1 0 0 na na
10 62480.136350309469 0.010479572041 cfg1 2 1 0 0 na na
10 62480.148350316261 0.010479953857 cfg1 2 1 0 0 na na
10 62480.153350315227 0.010480096086 cfg1 2 1 0 0 na na
10 62480.159350270332 0.010480280410 cfg1 2 1 0 0 na na
10 62480.162350281574 0.010480383779 cfg1 2 1 0 0 na na
10 62480.164350285149 0.010480452575 cfg1 2 1 0 0 na na
10 62480.184350334511 0.010481060219 cfg1 2 1 0 0 na na
10 62480.194350301968 0.010481377798 cfg1 2 1 0 0 na na
10 62480.196350302914 0.010481454833 cfg1 2 1 0 0 na na
10 62480.200350284176 0.010481583343 cfg1 2 1 0 0 na na
10 62480.216350254745 0.010482082620 cfg1 2 1 0 0 na na
10 62480.223350300565 0.010482295226 cfg1 2 1 0 0 na na
10 62480.226350328107 0.010482395736 cfg1 2 1 0 0 na na
10 62480.237350326171 0.010482729945 cfg1 2 1 0 0 na na
10 62480.238350255382 0.010482766606 cfg1 2 1 0 0 na na
10 62480.253350301676 0.010483257073 cfg1 2 1 0 0 na na
10 62480.254350286390 0.010483271418 cfg1 2 1 0 0 na na
10 62480.293350339607 0.010484492962 cfg1 2 1 0 0 na na
10 62480.295350290311 0.010484571641 cfg1 2 1 0 0 na na
10 62480.297350309129 0.010484623004 cfg1 2 1 0 0 na na
10 62480.299350263370 0.010484684071 cfg1 2 1 0 0 na na
10 62480.310350306450 0.010485048261 cfg1 2 1 0 0 na na
10 62480.314350326358 0.010485165687 cfg1 2 1 0 0 na na
10 62480.315350253042 0.010485193830 cfg1 2 1 0 0 na na
10 62480.317350252941 0.010485258902 cfg1 2 1 0 0 na na
10 62480.336350291642 0.010485874157 cfg1 2 1 0 0 na na
10 62480.348350268146 0.010486223897 cfg1 2 1 0 0 na na
10 62480.352350265839 0.010486359814 cfg1 2 1 0 0 na na
10 62480.356350276575 0.010486484323 cfg1 2 1 0 0 na na
10 62480.359350289263 0.010486592570 cfg1 2 1 0 0 na na
10 62480.362350302002 0.010486680922 cfg1 2 1 0 0 na na
10 62480.363350252958 0.010486713984 cfg1 2 1 0 0 na na
10 62480.372350341673 0.010487008377 cfg1 2 1 0 0 na na
10 62480.376350264292 0.010487119172 cfg1 2 1 0 0 na na
10 62480.381350270398 0.010487284244 cfg1 2 1 0 0 na na
10 62480.390350357840 0.010487549444 cfg1 2 1 0 0 na na
10 62480.418350308611 0.010488429109 cfg1 2 1 0 0 na na
10 62480.423350314627 0.010488607055 cfg1 2 1 0 0 na na
10 62480.424350266925 0.010488620229 cfg1 2 1 0 0 na na
10 62480.426350318766 0.010488702745 cfg1 2 1 0 0 na na
10 62480.430350254302 0.010488826102 cfg1 2 1 0 0 na na
10 62480.435350258638 0.010488973355 cfg1 2 1 0 0 na na
10 62480.438350328706 0.010489062287 cfg1 2 1 0 0 na na
10 62480.448350384786 0.010489392408 cfg1 2 1 0 0 na na
10 62480.470350347149 0.010490078917 cfg1 2 1 0 0 na na
10 62480.471350279866 0.010490110133 cfg1 2 1 0 0 na na
10 62480.477350315160 0.010490312592 cfg1 2 1 0 0 na na
10 62480.504350276799 0.010491163905 cfg1 2 1 0 0 na na
10 62480.510350287902 0.010491328090 cfg1 2 1 0 0 na na
10 62480.515350286191 0.010491495526 cfg1 2 1 0 0 na na
10 62480.516350297129 0.010491519488 cfg1 2 1 0 0 na na
10 62480.524350250408 0.010491797420 cfg1 2 1 0 0 na na
10 62480.528350318940 0.010491923294 cfg1 2 1 0 0 na na
10 62480.530350290564 0.010491979106 cfg1 2 1 0 0 na na
10 62480.534350317195 0.010492091097 cfg1 2 1 0 0 na na
10 62480.536350299049 0.010492155848 cfg1 2 1 0 0 na na
10 62480.550350268064 0.010492607903 cfg1 2 1 0 0 na na
10 62480.560350258163 0.010492924646 cfg1 2 1 0 0 na na
10 62480.570350267965 0.010493227052 cfg1 2 1 0 0 na na
10 62480.573350295319 0.010493342497 cfg1 2 1 0 0 na na
10 62480.582350290226 0.010493612966 cfg1 2 1 0 0 na na
10 62480.587350269130 0.010493782563 cfg1 2 1 0 0 na na
10 62480.599350320875 0.010494156989 cfg1 2 1 0 0 na na
10 62480.608350292420 0.010494422190 cfg1 2 1 0 0 na na
10 62480.611350317600 0.010494529684 cfg1 2 1 0 0 na na
10 62480.620350345352 0.010494794966 cfg1 2 1 0 0 na na
10 62480.633350353509 0.010495215973 cfg1 2 1 0 0 na na
10 62480.648350327386 0.010495698282 cfg1 2 1 0 0 na na
10 62480.659350333001 0.010496051300 cfg1 2 1 0 0 na na
10 62480.662350257748 0.010496129294 cfg1 2 1 0 0 na na
10 62480.671350261331 0.010496410657 cfg1 2 1 0 0 na na
10 62480.677350242989 0.010496618994 cfg1 2 1 0 0 na na
10 62480.679350301843 0.010496661771 cfg1 2 1 0 0 na na
10 62480.692350285129 0.010497078923 cfg1 2 1 0 0 na na
10 62480.694350271535 0.010497141265 cfg1 2 1 0 0 na na
10 62480.697350299209 0.010497232930 cfg1 2 1 0 0 na na
10 62480.698350359567 0.010497256662 cfg1 2 1 0 0 na na
10 62480.710350335617 0.010497650094 cfg1 2 1 0 0 na na
10 62480.711350257590 0.010497677521 cfg1 2 1 0 0 na na
10 62480.713350246201 0.010497750726 cfg1 2 1 0 0 na na
10 62480.738350312704 0.010498528249 cfg1 2 1 0 0 na na
10 62480.746350274314 0.010498775549 cfg1 2 1 0 0 na na
10 62480.760350295121 0.010499210301 cfg1 2 1 0 0 na na
10 62480.765350310072 0.010499370035 cfg1 2 1 0 0 na na
10 62480.772350283610 0.010499590446 cfg1 2 1 0 0 na na
10 62480.780350271163 0.010499840474 cfg1 2 1 0 0 na na
10 62480.782350276760 0.010499921355 cfg1 2 1 0 0 na na
10 62480.784350299089 0.010499977222 cfg1 2 1 0 0 na na
10 62480.799350266355 0.010500440481 cfg1 2 1 0 0 na na
10 62480.801350257224 0.010500520816 cfg1 2 1 0 0 na na
10 62480.804350289739 0.010500603480 cfg1 2 1 0 0 na na
10 62480.809350305875 0.010500770800 cfg1 2 1 0 0 na na
10 62480.815350321539 0.010500961064 cfg1 2 1 0 0 na na
10 62480.817350260937 0.010501015962 cfg1 2 1 0 0 na na
10 62480.819350266318 0.010501093318 cfg1 2 1 0 0 na na
10 62480.821350341783 0.010501150112 cfg1 2 1 0 0 na na
10 62480.826350329075 0.010501299957 cfg1 2 1 0 0 na na
10 62480.827350292972 0.010501330328 cfg1 2 1 0 0 na na
10 62480.834350266632 0.010501545370 cfg1 2 1 0 0 na na
10 62480.835350325564 0.010501578261 cfg1 2 1 0 0 na na
10 62480.841350291564 0.010501773740 cfg1 2 1 0 0 na na
10 62480.851350292743 0.010502095006 cfg1 2 1 0 0 na na
10 62480.878350370849 0.010502957912 cfg1 2 1 0 0 na na
10 62480.881350344825 0.010503042468 cfg1 2 1 0 0 na na
10 62480.885350311324 0.010503176509 cfg1 2 1 0 0 na na
10 62480.889350332900 0.010503289210 cfg1 2 1 0 0 na na
10 62480.901350340834 0.010503678069 cfg1 2 1 0 0 na na
10 62480.913350322288 0.010504057131 cfg1 2 1 0 0 na na
10 62480.926350280015 0.010504473830 cfg1 2 1 0 0 na na
10 62480.928350276728 0.010504511974 cfg1 2 1 0 0 na na
10 62480.977350267019 0.010506059884 cfg1 2 1 0 0 na na
10 62480.982350291122 0.010506231480 cfg1 2 1 0 0 na na
10 62480.985350304183 0.010506331808 cfg1 2 1 0 0 na na
10 62480.987350250937 0.010506390986 cfg1 2 1 0 0 na na
10 62480.989350283648 0.010506452856 cfg1 2 1 0 0 na na
10 62480.991350316981 0.010506502504 cfg1 2 1 0 0 na na
10 62480.999350346989 0.010506759580 cfg1 2 1 0 0 na na
10 62481.009350317482 0.010507071261 cfg1 2 1 0 0 na na
10 62481.029350325363 0.010507712448 cfg1 2 1 0 0 na na
10 62481.055350324673 0.010508535609 cfg1 2 1 0 0 na na
10 62481.059350253741 0.010508657997 cfg1 2 1 0 0 na na
10 62481.063350284399 0.010508787767 cfg1 2 1 0 0 na na
10 62481.067350319519 0.010508907007 cfg1 2 1 0 0 na na
10 62481.088350303570 0.010509574022 cfg1 2 1 0 0 na na
10 62481.114350325478 0.010510401898 cfg1 2 1 0 0 na na
10 62481.116350289237 0.010510456480 cfg1 2 1 0 0 na na
10 62481.123350320297 0.010510687263 cfg1 2 1 0 0 na na
10 62481.130350324860 0.010510896749 cfg1 2 1 0 0 na na
10 62481.134350321725 0.010511042588 cfg1 2 1 0 0 na na
10 62481.139350346793 0.010511177377 cfg1 2 1 0 0 na na
10 62481.140350296235 0.010511209329 cfg1 2 1 0 0 na na
10 62481.146350288633 0.010511401342 cfg1 2 1 0 0 na na
10 62481.157350334330 0.010511751712 cfg1 2 1 0 0 na na
10 62481.169350289999 0.010512146614 cfg1 2 1 0 0 na na
10 62481.171350272215 0.010512186097 cfg1 2 1 0 0 na na
10 62481.173350314160 0.010512258705 cfg1 2 1 0 0 na na
10 62481.194350331386 0.010512927064 cfg1 2 1 0 0 na na
10 62481.201350286974 0.010513159160 cfg1 2 1 0 0 na na
10 62481.210350303552 0.010513427196 cfg1 2 1 0 0 na na
10 62481.214350308926 0.010513552599 cfg1 2 1 0 0 na na
10 62481.216350288512 0.010513614790 cfg1 2 1 0 0 na na
10 62481.217350297189 0.010513656555 cfg1 2 1 0 0 na na
10 62481.221350318498 0.010513788097 cfg1 2 1 0 0 na na
10 62481.236350351635 0.010514257876 cfg1 2 1 0 0 na na
10 62481.238350321642 0.010514319356 cfg1 2 1 0 0 na na
10 62481.242350304346 0.010514438936 cfg1 2 1 0 0 na na
10 62481.247350335096 0.010514586113 cfg1 2 1 0 0 na na
10 62481.249350254024 0.010514657791 cfg1 2 1 0 0 na na
10 62481.253350299217 0.010514800329 cfg1 2 1 0 0 na na
10 62481.284350297521 0.010515764435 cfg1 2 1 0 0 na na
10 62481.286350259259 0.010515822556 cfg1 2 1 0 0 na na
10 62481.292350295307 0.010516025192 cfg1 2 1 0 0 na na
10 62481.295350313953 0.010516105144 cfg1 2 1 0 0 na na
10 62481.301350313675 0.010516300294 cfg1 2 1 0 0 na na
10 62481.302350329268 0.010516322023 cfg1 2 1 0 0 na na
10 62481.309350266987 0.010516565920 cfg1 2 1 0 0 na na
10 62481.312350300826 0.010516663741 cfg1 2 1 0 0 na na
10 62481.315350361500 0.010516753512 cfg1 2 1 0 0 na na
10 62481.319350285957 0.010516861132 cfg1 2 1 0 0 na na
10 62481.329350300611 0.010517175453 cfg1 2 1 0 0 na na
10 62481.340350284465 0.010517535756 cfg1 2 1 0 0 na na
10 62481.342350352000 0.010517593713 cfg1 2 1 0 0 na na
10 62481.345350293498 0.010517691002 cfg1 2 1 0 0 na na
10 62481.364350267691 0.010518282974 cfg1 2 1 0 0 na na
10 62481.367350298527 0.010518393835 cfg1 2 1 0 0 na na
10 62481.371350342109 0.010518521886 cfg1 2 1 0 0 na na
10 62481.376350333196 0.010518686646 cfg1 2 1 0 0 na na
10 62481.377350310106 0.010518718247 cfg1 2 1 0 0 na na
10 62481.400350255887 0.010519426101 cfg1 2 1 0 0 na na
10 62481.410350355874 0.010519747217 cfg1 2 1 0 0 na na
10 62481.414350307475 0.010519863444 cfg1 2 1 0 0 na na
10 62481.417350338500 0.010519966271 cfg1 2 1 0 0 na na
10 62481.421350303201 0.010520093766 cfg1 2 1 0 0 na na
10 62481.428350327989 0.010520306936 cfg1 2 1 0 0 na na
10 62481.430350354456 0.010520387711 cfg1 2 1 0 0 na na
10 62481.449350305509 0.010520996001 cfg1 2 1 0 0 na na
10 62481.456350252320 0.010521204256 cfg1 2 1 0 0 na na
10 62481.461350291845 0.010521355772 cfg1 2 1 0 0 na na
10 62481.493350313530 0.010522369045 cfg1 2 1 0 0 na na
10 62481.498350388866 0.010522519123 cfg1 2 1 0 0 na na
10 62481.509350296098 0.010522890553 cfg1 2 1 0 0 na na
10 62481.512350299112 0.010522961195 cfg1 2 1 0 0 na na
10 62481.513350319342 0.010523003148 cfg1 2 1 0 0 na na
10 62481.534350277332 0.010523665246 cfg1 2 1 0 0 na na
10 62481.555350324881 0.010524334435 cfg1 2 1 0 0 na na
10 62481.561350273738 0.010524539260 cfg1 2 1 0 0 na na
10 62481.566350254700 0.010524677130 cfg1 2 1 0 0 na na
10 62481.570350254646 0.010524807240 cfg1 2 1 0 0 na na
10 62481.575350260048 0.010524980155 cfg1 2 1 0 0 na na
10 62481.579350255633 0.010525086437 cfg1 2 1 0 0 na na
10 62481.600350296213 0.010525755594 cfg1 2 1 0 0 na na
10 62481.609350310178 0.010526037813 cfg1 2 1 0 0 na na
10 62481.611350330959 0.010526092496 cfg1 2 1 0 0 na na
10 62481.612350286081 0.010526144732 cfg1 2 1 0 0 na na
10 62481.625350328811 0.010526545774 cfg1 2 1 0 0 na na
10 62481.640350300046 0.010527038001 cfg1 2 1 0 0 na na
10 62481.658350259862 0.010527581971 cfg1 2 1 0 0 na na
10 62481.664350298145 0.010527778017 cfg1 2 1 0 0 na na
10 62481.675350302222 0.010528140335 cfg1 2 1 0 0 na na
10 62481.677350246427 0.010528201368 cfg1 2 1 0 0 na na
10 62481.678350333831 0.010528216997 cfg1 2 1 0 0 na na
10 62481.679350258237 0.010528248722 cfg1 2 1 0 0 na na
10 62481.688350336316 0.010528537441 cfg1 2 1 0 0 na na
10 62481.695350289891 0.010528755716 cfg1 2 1 0 0 na na
10 62481.700350296939 0.010528918893 cfg1 2 1 0 0 na na
10 62481.705350291083 0.010529067329 cfg1 2 1 0 0 na na
10 62481.722350350551 0.010529615698 cfg1 2 1 0 0 na na
10 62481.723350263145 0.010529639108 cfg1 2 1 0 0 na na
10 62481.732350327473 0.010529940387 cfg1 2 1 0 0 na na
10 62481.739350273607 0.010530161833 cfg1 2 1 0 0 na na
10 62481.766350316046 0.010530998862 cfg1 2 1 0 0 na na
10 62481.772350292908 0.010531212981 cfg1 2 1 0 0 na na
10 62481.782350313380 0.010531530137 cfg1 2 1 0 0 na na
10 62481.787350318670 0.010531663668 cfg1 2 1 0 0 na na
10 62481.799350257882 0.010532049056 cfg1 2 1 0 0 na na
10 62481.802350312768 0.010532137748 cfg1 2 1 0 0 na na
10 62481.831350332068 0.010533054583 cfg1 2 1 0 0 na na
10 62481.836350366551 0.010533226571 cfg1 2 1 0 0 na na
10 62481.847350251096 0.010533575989 cfg1 2 1 0 0 na na
10 62481.858350239245 0.010533932627 cfg1 2 1 0 0 na na
10 62481.867350249295 0.010534207468 cfg1 2 1 0 0 na na
10 62481.869350336732 0.010534261847 cfg1 2 1 0 0 na na
10 62481.871350323435 0.010534322660 cfg1 2 1 0 0 na na
10 62481.877350248219 0.010534528541 cfg1 2 1 0 0 na na
10 62481.879350305967 0.010534599823 cfg1 2 1 0 0 na na
10 62481.882350300173 0.010534685517 cfg1 2 1 0 0 na na
10 62481.887350253023 0.010534838965 cfg1 2 1 0 0 na na
10 62481.888350309509 0.010534885960 cfg1 2 1 0 0 na na
10 62481.891350283611 0.010534977736 cfg1 2 1 0 0 na na
10 62481.895350238910 0.010535107991 cfg1 2 1 0 0 na na
10 62481.902350295751 0.010535310133 cfg1 2 1 0 0 na na
10 62481.905350328815 0.010535400972 cfg1 2 1 0 0 na na
10 62481.906350280569 0.010535444176 cfg1 2 1 0 0 na na
10 62481.916350255791 0.010535756100 cfg1 2 1 0 0 na na
10 62481.920350255567 0.010535894854 cfg1 2 1 0 0 na na
10 62481.944350275238 0.010536645585 cfg1 2 1 0 0 na na
10 62481.946350292465 0.010536704602 cfg1 2 1 0 0 na na
10 62481.952350293068 0.010536906443 cfg1 2 1 0 0 na na
10 62481.953350305419 0.010536942136 cfg1 2 1 0 0 na na
10 62481.959350255222 0.010537117728 cfg1 2 1 0 0 na na
10 62481.961350265052 0.010537171836 cfg1 2 1 0 0 na na
10 62481.964350319362 0.010537281261 cfg1 2 1 0 0 na na
10 62481.971350254498 0.010537497345 cfg1 2 1 0 0 na na
10 62481.988350282087 0.010538044050 cfg1 2 1 0 0 na na
10 62481.989350327785 0.010538072461 cfg1 2 1 0 0 na na
10 62482.012350318430 0.010538809339 cfg1 2 1 0 0 na na
10 62482.043350303923 0.010539792536 cfg1 2 1 0 0 na na
10 62482.047350314198 0.010539901777 cfg1 2 1 0 0 na na
10 62482.049350309211 0.010539984858 cfg1 2 1 0 0 na na
10 62482.056350291564 0.010540197306 cfg1 2 1 0 0 na na
10 62482.059350306961 0.010540300573 cfg1 2 1 0 0 na na
10 62482.060350294889 0.010540314991 cfg1 2 1 0 0 na na
10 62482.061350304459 0.010540358317 cfg1 2 1 0 0 na na
10 62482.062350304006 0.010540382539 cfg1 2 1 0 0 na na
10 62482.066350319046 0.010540500527 cfg1 2 1 0 0 na na
10 62482.077350309648 0.010540863831 cfg1 2 1 0 0 na na
10 62482.079350250211 0.010540926700 cfg1 2 1 0 0 na na
10 62482.081350321467 0.010540978476 cfg1 2 1 0 0 na na
10 62482.085350332965 0.010541122582 cfg1 2 1 0 0 na na
10 62482.088350329683 0.010541197768 cfg1 2 1 0 0 na na
10 62482.090350260173 0.010541266302 cfg1 2 1 0 0 na na
10 62482.091350337789 0.010541309716 cfg1 2 1 0 0 na na
10 62482.093350340383 0.010541381533 cfg1 2 1 0 0 na na
10 62482.096350304388 0.010541456575 cfg1 2 1 0 0 na na
10 62482.099350317649 0.010541569502 cfg1 2 1 0 0 na na
10 62482.109350312236 0.010541868180 cfg1 2 1 0 0 na na
10 62482.120350329441 0.010542212613 cfg1 2 1 0 0 na na
10 62482.122350298683 0.010542281768 cfg1 2 1 0 0 na na
10 62482.123350307931 0.010542319546 cfg1 2 1 0 0 na na
10 62482.133350340255 0.010542623128 cfg1 2 1 0 0 na na
10 62482.141350308602 0.010542873928 cfg1 2 1 0 0 na na
10 62482.145350305934 0.010543016966 cfg1 2 1 0 0 na na
10 62482.149350312288 0.010543130926 cfg1 2 1 0 0 na na
10 62482.151350257272 0.010543199393 cfg1 2 1 0 0 na na
10 62482.156350329805 0.010543361897 cfg1 2 1 0 0 na na
10 62482.164350329633 0.010543608181 cfg1 2 1 0 0 na na
10 62482.168350257937 0.010543749533 cfg1 2 1 0 0 na na
10 62482.170350243083 0.010543819217 cfg1 2 1 0 0 na na
10 62482.178350311786 0.010544071011 cfg1 2 1 0 0 na na
10 62482.187350329160 0.010544348443 cfg1 2 1 0 0 na na
10 62482.197350251059 0.010544665803 cfg1 2 1 0 0 na na
10 62482.199350256872 0.010544733276 cfg1 2 1 0 0 na na
10 62482.206350322085 0.010544948706 cfg1 2 1 0 0 na na
10 62482.207350280118 0.010544965093 cfg1 2 1 0 0 na na
10 62482.210350318598 0.010545087642 cfg1 2 1 0 0 na na
10 62482.218350312053 0.010545336346 cfg1 2 1 0 0 na na
10 62482.234350276685 0.010545843872 cfg1 2 1 0 0 na na
10 62482.246350240545 0.010546226547 cfg1 2 1 0 0 na na
10 62482.258350264384 0.010546582517 cfg1 2 1 0 0 na na
10 62482.263350267624 0.010546744574 cfg1 2 1 0 0 na na
10 62482.280350321041 0.010547284831 cfg1 2 1 0 0 na na
10 62482.292350302716 0.010547685133 cfg1 2 1 0 0 na na
10 62482.317350342827 0.010548465597 cfg1 2 1 0 0 na na
10 62482.333350330429 0.010548969784 cfg1 2 1 0 0 na na
10 62482.339350244512 0.010549172163 cfg1 2 1 0 0 na na
10 62482.348350289785 0.010549439720 cfg1 2 1 0 0 na na
10 62482.362350308433 0.010549894757 cfg1 2 1 0 0 na na
10 62482.378350346325 0.010550396986 cfg1 2 1 0 0 na na
10 62482.392350305019 0.010550838618 cfg1 2 1 0 0 na na
10 62482.402350315975 0.010551173352 cfg1 2 1 0 0 na na
10 62482.407350362372 0.010551307624 cfg1 2 1 0 0 na na
10 62482.427350295036 0.010551949094 cfg1 2 1 0 0 na na
10 62482.441350309588 0.010552402093 cfg1 2 1 0 0 na na
10 62482.454350243006 0.010552825550 cfg1 2 1 0 0 na na
10 62482.460350327278 0.010552994142 cfg1 2 1 0 0 na na
10 62482.471350320440 0.010553361520 cfg1 2 1 0 0 na na
10 62482.473350326589 0.010553426903 cfg1 2 1 0 0 na na
10 62482.476350282647 0.010553511590 cfg1 2 1 0 0 na na
10 62482.482350296286 0.010553703378 cfg1 2 1 0 0 na na
10 62482.484350292157 0.010553766582 cfg1 2 1 0 0 na na
10 62482.493350337499 0.010554039478 cfg1 2 1 0 0 na na
10 62482.498350299323 0.010554196688 cfg1 2 1 0 0 na na
10 62482.500350297151 0.010554261791 cfg1 2 1 0 0 na na
10 62482.516350263350 0.010554768378 cfg1 2 1 0 0 na na
10 62482.517350295109 0.010554802341 cfg1 2 1 0 0 na na
10 62482.520350251690 0.010554913637 cfg1 2 1 0 0 na na
10 62482.531350305776 0.010555263404 cfg1 2 1 0 0 na na
10 62482.532350310004 0.010555289994 cfg1 2 1 0 0 na na
10 62482.533350320438 0.010555331168 cfg1 2 1 0 0 na na
10 62482.590350290695 0.010557136188 cfg1 2 1 0 0 na na
10 62482.593350284851 0.010557209362 cfg1 2 1 0 0 na na
10 62482.594350259283 0.010557247580 cfg1 2 1 0 0 na na
10 62482.599350320446 0.010557410728 cfg1 2 1 0 0 na na
10 62482.615350244982 0.010557935895 cfg1 2 1 0 0 na na
10 62482.643350262343 0.010558799651 cfg1 2 1 0 0 na na
10 62482.652350339399 0.010559084740 cfg1 2 1 0 0 na na
10 62482.661350322637 0.010559381238 cfg1 2 1 0 0 na na
10 62482.674350258873 0.010559788194 cfg1 2 1 0 0 na na
10 62482.680350287235 0.010559980925 cfg1 2 1 0 0 na na
10 62482.681350345520 0.010560005756 cfg1 2 1 0 0 na na
10 62482.686350315009 0.010560185009 cfg1 2 1 0 0 na na
10 62482.693350333949 0.010560400170 cfg1 2 1 0 0 na na
10 62482.702350316116 0.010560698324 cfg1 2 1 0 0 na na
10 62482.710350283247 0.010560937400 cfg1 2 1 0 0 na na
10 62482.735350324841 0.010561730367 cfg1 2 1 0 0 na na
10 62482.739350306621 0.010561870151 cfg1 2 1 0 0 na na
10 62482.740350321321 0.010561891967 cfg1 2 1 0 0 na na
10 62482.742350260184 0.010561960620 cfg1 2 1 0 0 na na
10 62482.750350307709 0.010562213169 cfg1 2 1 0 0 na na
10 62482.751350322393 0.010562247470 cfg1 2 1 0 0 na na
10 62482.752350277173 0.010562263956 cfg1 2 1 0 0 na na
10 62482.753350256235 0.010562300422 cfg1 2 1 0 0 na na
10 62482.761350281666 0.010562567145 cfg1 2 1 0 0 na na
10 62482.763350259315 0.010562616871 cfg1 2 1 0 0 na na
10 62482.766350319560 0.010562719748 cfg1 2 1 0 0 na na
10 62482.772350302194 0.010562920795 cfg1 2 1 0 0 na na
10 62482.775350348873 0.010562991356 cfg1 2 1 0 0 na na
10 62482.776350240932 0.010563046102 cfg1 2 1 0 0 na na
10 62482.781350306496 0.010563198674 cfg1 2 1 0 0 na na
10 62482.796350317003 0.010563663327 cfg1 2 1 0 0 na na
10 62482.797350305680 0.010563697503 cfg1 2 1 0 0 na na
10 62482.800350287175 0.010563796179 cfg1 2 1 0 0 na na
10 62482.832350264243 0.010564802791 cfg1 2 1 0 0 na na
10 62482.833350299708 0.010564829429 cfg1 2 1 0 0 na na
10 62482.837350250451 0.010564983802 cfg1 2 1 0 0 na na
10 62482.842350303210 0.010565125355 cfg1 2 1 0 0 na na
10 62482.856350244772 0.010565582206 cfg1 2 1 0 0 na na
10 62482.858350266288 0.010565641883 cfg1 2 1 0 0 na na
10 62482.872350352777 0.010566080363 cfg1 2 1 0 0 na na
10 62482.876350313579 0.010566211427 cfg1 2 1 0 0 na na
10 62482.886350320619 0.010566528904 cfg1 2 1 0 0 na na
10 62482.907350329687 0.010567182237 cfg1 2 1 0 0 na na
10 62482.917350340148 0.010567516821 cfg1 2 1 0 0 na na
10 62482.923350243574 0.010567713791 cfg1 2 1 0 0 na na
10 62482.928350315673 0.010567861839 cfg1 2 1 0 0 na na
10 62482.936350301644 0.010568121270 cfg1 2 1 0 0 na na
10 62482.938350308970 0.010568189846 cfg1 2 1 0 0 na na
10 62482.950350307058 0.010568568221 cfg1 2 1 0 0 na na
10 62482.984350266763 0.010569655323 cfg1 2 1 0 0 na na
10 62482.991350320790 0.010569877992 cfg1 2 1 0 0 na na
10 62482.997350301529 0.010570068661 cfg1 2 1 0 0 na na
10 62482.999350342892 0.010570119194 cfg1 2 1 0 0 na na
10 62483.008350267621 0.010570407698 cfg1 2 1 0 0 na na
10 62483.018350246922 0.010570730068 cfg1 2 1 0 0 na na
10 62483.020350257310 0.010570783151 cfg1 2 1 0 0 na na
10 62483.022350292993 0.010570850875 cfg1 2 1 0 0 na na
10 62483.029350247431 0.010571079544 cfg1 2 1 0 0 na na
10 62483.040350303027 0.010571417401 cfg1 2 1 0 0 na na
10 62483.041350305355 0.010571447163 cfg1 2 1 0 0 na na
10 62483.058350265956 0.010571981055 cfg1 2 1 0 0 na na
10 62483.061350265963 0.010572075942 cfg1 2 1 0 0 na na
10 62483.071350258535 0.010572410656 cfg1 2 1 0 0 na na
10 62483.072350328543 0.010572429200 cfg1 2 1 0 0 na na
10 62483.076350275616 0.010572577025 cfg1 2 1 0 0 na na
10 62483.077350291903 0.010572590944 cfg1 2 1 0 0 na na
10 62483.079350254926 0.010572656982 cfg1 2 1 0 0 na na
10 62483.084350273724 0.010572832058 cfg1 2 1 0 0 na na
10 62483.085350279059 0.010572864823 cfg1 2 1 0 0 na na
10 62483.088350340051 0.010572959134 cfg1 2 1 0 0 na na
10 62483.091350278128 0.010573043766 cfg1 2 1 0 0 na na
10 62483.094350327328 0.010573140542 cfg1 2 1 0 0 na na
10 62483.095350251238 0.010573170801 cfg1 2 1 0 0 na na
10 62483.098350288053 0.010573258947 cfg1 2 1 0 0 na na
10 62483.104350300049 0.010573468848 cfg1 2 1 0 0 na na
10 62483.124350284472 0.010574102902 cfg1 2 1 0 0 na na
10 62483.127350320968 0.010574185526 cfg1 2 1 0 0 na na
10 62483.136350280360 0.010574483217 cfg1 2 1 0 0 na na
10 62483.141350295097 0.010574633845 cfg1 2 1 0 0 na na
10 62483.155350308848 0.010575084701 cfg1 2 1 0 0 na na
10 62483.169350282433 0.010575510229 cfg1 2 1 0 0 na na
10 62483.170350254733 0.010575552325 cfg1 2 1 0 0 na na
10 62483.173350322731 0.010575663787 cfg1 2 1 0 0 na na
10 62483.178350311094 0.010575806181 cfg1 2 1 0 0 na na
10 62483.179350305352 0.010575854429 cfg1 2 1 0 0 na na
10 62483.180350295669 0.010575862694 cfg1 2 1 0 0 na na
10 62483.191350322317 0.010576208686 cfg1 2 1 0 0 na na
10 62483.196350310762 0.010576388388 cfg1 2 1 0 0 na na
10 62483.202350248831 0.010576578221 cfg1 2 1 0 0 na na
10 62483.213350241171 0.010576935537 cfg1 2 1 0 0 na na
10 62483.224350322616 0.010577271594 cfg1 2 1 0 0 na na
10 62483.232350321737 0.010577524657 cfg1 2 1 0 0 na na
10 62483.233350335393 0.010577574179 cfg1 2 1 0 0 na na
10 62483.237350329797 0.010577688832 cfg1 2 1 0 0 na na
10 62483.247350311024 0.010578019269 cfg1 2 1 0 0 na na
10 62483.256350260527 0.010578281379 cfg1 2 1 0 0 na na
10 62483.260350300457 0.010578419144 cfg1 2 1 0 0 na na
10 62483.275350271475 0.010578890268 cfg1 2 1 0 0 na na
10 62483.278350276119 0.010578980589 cfg1 2 1 0 0 na na
10 62483.282350336844 0.010579117028 cfg1 2 1 0 0 na na
10 62483.293350274576 0.010579473230 cfg1 2 1 0 0 na na
10 62483.299350248725 0.010579663026 cfg1 2 1 0 0 na na
10 62483.303350272367 0.010579775404 cfg1 2 1 0 0 na na
10 62483.307350286130 0.010579903356 cfg1 2 1 0 0 na na
10 62483.309350237357 0.010579989506 cfg1 2 1 0 0 na na
10 62483.310350365825 0.010580009881 cfg1 2 1 0 0 na na
10 62483.320350258255 0.010580319684 cfg1 2 1 0 0 na na
10 62483.334350299452 0.010580759807 cfg1 2 1 0 0 na na
10 62483.339350332239 0.010580923651 cfg1 2 1 0 0 na na
10 62483.342350338506 0.010581025864 cfg1 2 1 0 0 na na
10 62483.349350293663 0.010581254909 cfg1 2 1 0 0 na na
10 62483.351350255646 0.010581315799 cfg1 2 1 0 0 na na
10 62483.357350326917 0.010581493417 cfg1 2 1 0 0 na na
10 62483.363350329137 0.010581699788 cfg1 2 1 0 0 na na
10 62483.374350304148 0.010582056560 cfg1 2 1 0 0 na na
10 62483.390350279617 0.010582554222 cfg1 2 1 0 0 na na
10 62483.394350284178 0.010582674602 cfg1 2 1 0 0 na na
10 62483.408350332157 0.010583121675 cfg1 2 1 0 0 na na
10 62483.412350348778 0.010583253609 cfg1 2 1 0 0 na na
10 62483.424350285755 0.010583642009 cfg1 2 1 0 0 na na
10 62483.426350293129 0.010583701707 cfg1 2 1 0 0 na na
10 62483.429350252299 0.010583794552 cfg1 2 1 0 0 na na
10 62483.437350267559 0.010584050328 cfg1 2 1 0 0 na na
10 62483.438350301026 0.010584077985 cfg1 2 1 0 0 na na
10 62483.443350275298 0.010584246397 cfg1 2 1 0 0 na na
10 62483.444350290617 0.010584280967 cfg1 2 1 0 0 na na
10 62483.446350281829 0.010584331295 cfg1 2 1 0 0 na na
10 62483.449350281978 0.010584431423 cfg1 2 1 0 0 na na
10 62483.452350264869 0.010584530357 cfg1 2 1 0 0 na na
10 62483.456350314335 0.010584668289 cfg1 2 1 0 0 na na
10 62483.459350297793 0.010584736427 cfg1 2 1 0 0 na na
10 62483.467350366351 0.010584991328 cfg1 2 1 0 0 na na
10 62483.468350239673 0.010585047230 cfg1 2 1 0 0 na na
10 62483.476350242185 0.010585299735 cfg1 2 1 0 0 na na
10 62483.479350298925 0.010585381228 cfg1 2 1 0 0 na na
10 62483.486350267519 0.010585606298 cfg1 2 1 0 0 na na
10 62483.496350243613 0.010585938242 cfg1 2 1 0 0 na na
10 62483.499350306402 0.010586038887 cfg1 2 1 0 0 na na
10 62483.502350325115 0.010586124869 cfg1 2 1 0 0 na na
10 62483.529350273093 0.010586984350 cfg1 2 1 0 0 na na
10 62483.533350312348 0.010587105688 cfg1 2 1 0 0 na na
10 62483.534350331955 0.010587139369 cfg1 2 1 0 0 na na
10 62483.535350263671 0.010587158151 cfg1 2 1 0 0 na na
10 62483.539350247493 0.010587304479 cfg1 2 1 0 0 na na
10 62483.545350276210 0.010587499419 cfg1 2 1 0 0 na na
10 62483.556350277538 0.010587847692 cfg1 2 1 0 0 na na
10 62483.558350247168 0.010587909660 cfg1 2 1 0 0 na na
10 62483.566350253880 0.010588152975 cfg1 2 1 0 0 na na
10 62483.567350299378 0.010588187790 cfg1 2 1 0 0 na na
10 62483.575350337948 0.010588451322 cfg1 2 1 0 0 na na
10 62483.579350308248 0.010588571347 cfg1 2 1 0 0 na na
10 62483.584350293883 0.010588719778 cfg1 2 1 0 0 na na
10 62483.594350256694 0.010589054943 cfg1 2 1 0 0 na na
10 62483.612350242269 0.010589629594 cfg1 2 1 0 0 na na
10 62483.617350263946 0.010589775910 cfg1 2 1 0 0 na na
10 62483.621350279710 0.010589907290 cfg1 2 1 0 0 na na
10 62483.634350264712 0.010590317352 cfg1 2 1 0 0 na na
10 62483.653350241213 0.010590940675 cfg1 2 1 0 0 na na
10 62483.654350328674 0.010590948880 cfg1 2 1 0 0 na na
10 62483.663350250391 0.010591260902 cfg1 2 1 0 0 na na
10 62483.665350266283 0.010591321490 cfg1 2 1 0 0 na na
10 62483.671350246560 0.010591512963 cfg1 2 1 0 0 na na
10 62483.672350287252 0.010591537052 cfg1 2 1 0 0 na na
10 62483.673350308010 0.010591578981 cfg1 2 1 0 0 na na
10 62483.676350279207 0.010591646506 cfg1 2 1 0 0 na na
10 62483.683350294718 0.010591871523 cfg1 2 1 0 0 na na
10 62483.687350306266 0.010592013156 cfg1 2 1 0 0 na na
10 62483.688350301263 0.010592033329 cfg1 2 1 0 0 na na
10 62483.690350289182 0.010592096249 cfg1 2 1 0 0 na na
10 62483.691350292087 0.010592137632 cfg1 2 1 0 0 na na
10 62483.702350351979 0.010592494005 cfg1 2 1 0 0 na na
10 62483.704350250306 0.010592556660 cfg1 2 1 0 0 na na
10 62483.706350276338 0.010592613276 cfg1 2 1 0 0 na na
10 62483.712350299283 0.010592818673 cfg1 2 1 0 0 na na
10 62483.721350331423 0.010593093972 cfg1 2 1 0 0 na na
10 62483.754350325003 0.010594139954 cfg1 2 1 0 0 na na
10 62483.759350328443 0.010594305528 cfg1 2 1 0 0 na na
10 62483.761350321829 0.010594357927 cfg1 2 1 0 0 na na
10 62483.780350257776 0.010594969118 cfg1 2 1 0 0 na na
10 62483.789350390844 0.010595254275 cfg1 2 1 0 0 na na
10 62483.819350319030 0.010596205588 cfg1 2 1 0 0 na na
10 62483.835350357461 0.010596723520 cfg1 2 1 0 0 na na
10 62483.840350283613 0.010596875772 cfg1 2 1 0 0 na na
10 62483.843350346904 0.010596982843 cfg1 2 1 0 0 na na
10 62483.846350260834 0.010597073662 cfg1 2 1 0 0 na na
10 62483.847350309896 0.010597121399 cfg1 2 1 0 0 na na
10 62483.857350289809 0.010597421424 cfg1 2 1 0 0 na na
10 62483.864350256922 0.010597645430 cfg1 2 1 0 0 na na
10 62483.868350301018 0.010597780266 cfg1 2 1 0 0 na na
10 62483.873350330379 0.010597925953 cfg1 2 1 0 0 na na
10 62483.874350273738 0.010597964955 cfg1 2 1 0 0 na na
10 62483.876350312810 0.010598028539 cfg1 2 1 0 0 na na
10 62483.877350305429 0.010598066100 cfg1 2 1 0 0 na na
10 62483.878350303730 0.010598090680 cfg1 2 1 0 0 na na
10 62483.895350256062 0.010598635871 cfg1 2 1 0 0 na na
10 62483.900350315697 0.010598802694 cfg1 2 1 0 0 na na
10 62483.914350316084 0.010599254922 cfg1 2 1 0 0 na na
10 62483.925350296116 0.010599598354 cfg1 2 1 0 0 na na
10 62483.940350305408 0.010600082121 cfg1 2 1 0 0 na na
10 62483.941350355097 0.010600098389 cfg1 2 1 0 0 na na
10 62483.962350344383 0.010600785339 cfg1 2 1 0 0 na na
10 62483.975350319174 0.010601183253 cfg1 2 1 0 0 na na
10 62483.978350270702 0.010601271812 cfg1 2 1 0 0 na na
10 62483.979350314304 0.010601323959 cfg1 2 1 0 0 na na
10 62483.990350270184 0.010601658344 cfg1 2 1 0 0 na na
10 62484.005350263303 0.010602133532 cfg1 2 1 0 0 na na
10 62484.021350369300 0.010602647489 cfg1 2 1 0 0 na na
10 62484.023350312862 0.010602712815 cfg1 2 1 0 0 na na
10 62484.037350251939 0.010603164932 cfg1 2 1 0 0 na na
10 62484.047350321783 0.010603498892 cfg1 2 1 0 0 na na
10 62484.049350299292 0.010603549392 cfg1 2 1 0 0 na na
10 62484.051350314971 0.010603609444 cfg1 2 1 0 0 na na
10 62484.053350281416 0.010603665692 cfg1 2 1 0 0 na na
10 62484.062350325514 0.010603971583 cfg1 2 1 0 0 na na
10 62484.068350293889 0.010604169159 cfg1 2 1 0 0 na na
10 62484.110350311365 0.010605503704 cfg1 2 1 0 0 na na
10 62484.152350312530 0.010606846607 cfg1 2 1 0 0 na na
10 62484.173350251314 0.010607505270 cfg1 2 1 0 0 na na
10 62484.182350243302 0.010607798670 cfg1 2 1 0 0 na na
10 62484.192350322031 0.010608113893 cfg1 2 1 0 0 na na
10 62484.193350316398 0.010608134850 cfg1 2 1 0 0 na na
10 62484.209350290667 0.010608642563 cfg1 2 1 0 0 na na
10 62484.227350304587 0.010609229308 cfg1 2 1 0 0 na na
10 62484.271350305271 0.010610629908 cfg1 2 1 0 0 na na
10 62484.319350310376 0.010612162986 cfg1 2 1 0 0 na na
10 62484.358350294847 0.010613412413 cfg1 2 1 0 0 na na
10 62484.359350315160 0.010613452956 cfg1 2 1 0 0 na na
10 62484.365350326147 0.010613620699 cfg1 2 1 0 0 na na
10 62484.394350327115 0.010614558454 cfg1 2 1 0 0 na na
10 62484.420350237611 0.010615404365 cfg1 2 1 0 0 na na
10 62484.477350337056 0.010617200639 cfg1 2 1 0 0 na na
10 62484.494350299001 0.010617750197 cfg1 2 1 0 0 na na
10 62484.521350246370 0.010618620619 cfg1 2 1 0 0 na na
10 62484.532350313971 0.010618967654 cfg1 2 1 0 0 na na
10 62484.556350299488 0.010619749262 cfg1 2 1 0 0 na na
10 62484.573350274763 0.010620281365 cfg1 2 1 0 0 na na
10 62484.576350350844 0.010620369965 cfg1 2 1 0 0 na na
10 62484.589350275694 0.010620778923 cfg1 2 1 0 0 na na
10 62484.599350306121 0.010621112699 cfg1 2 1 0 0 na na
10 62484.614350259952 0.010621586091 cfg1 2 1 0 0 na na
10 62484.618350320536 0.010621706258 cfg1 2 1 0 0 na na
10 62484.634350238816 0.010622238048 cfg1 2 1 0 0 na na
10 62484.655350294042 0.010622909198 cfg1 2 1 0 0 na na
10 62484.681350324997 0.010623720372 cfg1 2 1 0 0 na na
10 62484.687350297898 0.010623918462 cfg1 2 1 0 0 na na
10 62484.689350282562 0.010623993424 cfg1 2 1 0 0 na na
10 62484.754350343362 0.010626070373 cfg1 2 1 0 0 na na
10 62484.755350266950 0.010626083410 cfg1 2 1 0 0 na na
10 62484.762350301034 0.010626310540 cfg1 2 1 0 0 na na
10 62484.763350361758 0.010626335425 cfg1 2 1 0 0 na na
10 62484.770350313768 0.010626576499 cfg1 2 1 0 0 na na
10 62484.791350264250 0.010627232741 cfg1 2 1 0 0 na na
10 62484.830350293925 0.010628491748 cfg1 2 1 0 0 na na
10 62484.850350253756 0.010629128292 cfg1 2 1 0 0 na na
10 62484.882350265478 0.010630141387 cfg1 2 1 0 0 na na
10 62484.911350265465 0.010631078148 cfg1 2 1 0 0 na na
10 62484.948350317158 0.010632274842 cfg1 2 1 0 0 na na
10 62484.966350280413 0.010632853397 cfg1 2 1 0 0 na na
10 62485.020350281258 0.010634579345 cfg1 2 1 0 0 na na
10 62485.030350338758 0.010634891653 cfg1 2 1 0 0 na na
10 62485.037350310226 0.010635115901 cfg1 2 1 0 0 na na
10 62485.043350269989 0.010635319735 cfg1 2 1 0 0 na na
10 62485.054350319853 0.010635644541 cfg1 2 1 0 0 na na
10 62485.056350314972 0.010635721852 cfg1 2 1 0 0 na na
10 62485.067350285178 0.010636066466 cfg1 2 1 0 0 na na
10 62485.077350326872 0.010636389665 cfg1 2 1 0 0 na na
10 62485.083350302689 0.010636594667 cfg1 2 1 0 0 na na
10 62485.089350285126 0.010636782313 cfg1 2 1 0 0 na na
10 62485.091350299041 0.010636856311 cfg1 2 1 0 0 na na
10 62485.111350296318 0.010637495713 cfg1 2 1 0 0 na na
10 62485.126350305121 0.010637954053 cfg1 2 1 0 0 na na
10 62485.131350335071 0.010638116089 cfg1 2 1 0 0 na na
10 62485.140350329573 0.010638420188 cfg1 2 1 0 0 na na
10 62485.169350261380 0.010639325575 cfg1 2 1 0 0 na na
10 62485.181350325337 0.010639721064 cfg1 2 1 0 0 na na
10 62485.184350327622 0.010639809635 cfg1 2 1 0 0 na na
10 62485.200350327809 0.010640338677 cfg1 2 1 0 0 na na
10 62485.216350380437 0.010640842111 cfg1 2 1 0 0 na na
10 62485.230350346044 0.010641298031 cfg1 2 1 0 0 na na
10 62485.267350318969 0.010642463936 cfg1 2 1 0 0 na na
10 62485.304350323732 0.010643646503 cfg1 2 1 0 0 na na
10 62485.344350305041 0.010644940550 cfg1 2 1 0 0 na na
10 62485.345350302338 0.010644963011 cfg1 2 1 0 0 na na
10 62485.404350281635 0.010646857491 cfg1 2 1 0 0 na na
10 62485.428350282889 0.010647634638 cfg1 2 1 0 0 na na
10 62485.440350330758 0.010648010017 cfg1 2 1 0 0 na na
10 62485.441350309705 0.010648035592 cfg1 2 1 0 0 na na
10 62485.444350386776 0.010648131709 cfg1 2 1 0 0 na na
10 62485.479350286305 0.010649274225 cfg1 2 1 0 0 na na
10 62485.486350300559 0.010649490115 cfg1 2 1 0 0 na na
10 62485.499350319375 0.010649908645 cfg1 2 1 0 0 na na
10 62485.537350317138 0.010651123477 cfg1 2 1 0 0 na na
10 62485.540350280295 0.010651231387 cfg1 2 1 0 0 na na
10 62485.563350307834 0.010651946949 cfg1 2 1 0 0 na na
10 62485.586350272670 0.010652707224 cfg1 2 1 0 0 na na
10 62485.587350309145 0.010652724950 cfg1 2 1 0 0 na na
10 62485.622350295126 0.010653862761 cfg1 2 1 0 0 na na
10 62485.632350298728 0.010654181855 cfg1 2 1 0 0 na na
10 62485.698350350817 0.010656272707 cfg1 2 1 0 0 na na
10 62485.703350289438 0.010656457646 cfg1 2 1 0 0 na na
10 62485.716350313039 0.010656871852 cfg1 2 1 0 0 na na
10 62485.719350318408 0.010656972431 cfg1 2 1 0 0 na na
10 62485.740350292243 0.010657634953 cfg1 2 1 0 0 na na
10 62485.745350281041 0.010657781805 cfg1 2 1 0 0 na na
10 62485.757350288750 0.010658183384 cfg1 2 1 0 0 na na
10 62485.762350319129 0.010658335042 cfg1 2 1 0 0 na na
10 62485.772350302328 0.010658648631 cfg1 2 1 0 0 na na
10 62485.774350348655 0.010658724740 cfg1 2 1 0 0 na na
10 62485.807350303028 0.010659783447 cfg1 2 1 0 0 na na
10 62485.810350301914 0.010659884425 cfg1 2 1 0 0 na na
10 62485.812350313452 0.010659951915 cfg1 2 1 0 0 na na
10 62485.840350313491 0.010660842764 cfg1 2 1 0 0 na na
10 62485.843350283737 0.010660946211 cfg1 2 1 0 0 na na
10 62485.862350294986 0.010661561754 cfg1 2 1 0 0 na na
10 62485.867350306277 0.010661698324 cfg1 2 1 0 0 na na
10 62485.892350297872 0.010662517540 cfg1 2 1 0 0 na na
10 62485.897350274775 0.010662678677 cfg1 2 1 0 0 na na
10 62485.913350281318 0.010663192685 cfg1 2 1 0 0 na na
10 62485.933350285403 0.010663836535 cfg1 2 1 0 0 na na
10 62485.937350241188 0.010663961152 cfg1 2 1 0 0 na na
10 62485.967350335924 0.010664908073 cfg1 2 1 0 0 na na
10 62485.984350321262 0.010665463024 cfg1 2 1 0 0 na na
10 62485.988350312428 0.010665578375 cfg1 2 1 0 0 na na
10 62485.995350277814 0.010665826965 cfg1 2 1 0 0 na na
10 62485.996350331443 0.010665861002 cfg1 2 1 0 0 na na
10 62485.999350333582 0.010665955843 cfg1 2 1 0 0 na na
10 62486.009350296635 0.010666259601 cfg1 2 1 0 0 na na
10 62486.027350312677 0.010666853003 cfg1 2 1 0 0 na na
10 62486.087350327075 0.010668756759 cfg1 2 1 0 0 na na
10 62486.122350247582 0.010669899448 cfg1 2 1 0 0 na na
10 62486.191350379738 0.010672107055 cfg1 2 1 0 0 na na
10 62486.222350248989 0.010673107829 cfg1 2 1 0 0 na na
10 62486.232350289531 0.010673428914 cfg1 2 1 0 0 na na
10 62486.235350304167 0.010673529965 cfg1 2 1 0 0 na na
10 62486.258350269434 0.010674266815 cfg1 2 1 0 0 na na
10 62486.261350291306 0.010674360364 cfg1 2 1 0 0 na na
10 62486.267350317392 0.010674563424 cfg1 2 1 0 0 na na
10 62486.276350316346 0.010674836382 cfg1 2 1 0 0 na na
10 62486.294350356974 0.010675419059 cfg1 2 1 0 0 na na
10 62486.304350327499 0.010675725403 cfg1 2 1 0 0 na na
10 62486.355350276149 0.010677372474 cfg1 2 1 0 0 na na
10 62486.382350340503 0.010678245228 cfg1 2 1 0 0 na na
10 62486.429350294399 0.010679752813 cfg1 2 1 0 0 na na
10 62486.431350309844 0.010679812841 cfg1 2 1 0 0 na na
10 62486.432350310774 0.010679864973 cfg1 2 1 0 0 na na
10 62486.449350346846 0.010680386224 cfg1 2 1 0 0 na na
10 62486.467350295328 0.010680971891 cfg1 2 1 0 0 na na
10 62486.486350305672 0.010681588106 cfg1 2 1 0 0 na na
10 62486.490350269657 0.010681705879 cfg1 2 1 0 0 na na
10 62486.510350260077 0.010682351662 cfg1 2 1 0 0 na na
10 62486.511350265410 0.010682385335 cfg1 2 1 0 0 na na
10 62486.526350278502 0.010682863481 cfg1 2 1 0 0 na na
10 62486.531350330633 0.010683032738 cfg1 2 1 0 0 na na
10 62486.538350322983 0.010683255271 cfg1 2 1 0 0 na na
10 62486.543350324336 0.010683433024 cfg1 2 1 0 0 na na
10 62486.562350293421 0.010684046192 cfg1 2 1 0 0 na na
10 62486.564350280248 0.010684098517 cfg1 2 1 0 0 na na
10 62486.573350303659 0.010684389867 cfg1 2 1 0 0 na na
10 62486.586350304535 0.010684798424 cfg1 2 1 0 0 na na
10 62486.595350279801 0.010685100182 cfg1 2 1 0 0 na na
10 62486.597350299815 0.010685162006 cfg1 2 1 0 0 na na
10 62486.623350244960 0.010686001903 cfg1 2 1 0 0 na na
10 62486.665350298092 0.010687331616 cfg1 2 1 0 0 na na
10 62486.671350258231 0.010687533749 cfg1 2 1 0 0 na na
10 62486.685350304765 0.010687994616 cfg1 2 1 0 0 na na
10 62486.709350238120 0.010688773575 cfg1 2 1 0 0 na na
10 62486.724350302966 0.010689234456 cfg1 2 1 0 0 na na
10 62486.763350286096 0.010690508820 cfg1 2 1 0 0 na na
10 62486.781350271035 0.010691079230 cfg1 2 1 0 0 na na
10 62486.788350290876 0.010691316833 cfg1 2 1 0 0 na na
10 62486.817350288476 0.010692227704 cfg1 2 1 0 0 na na
10 62486.824350286571 0.010692456280 cfg1 2 1 0 0 na na
10 62486.826350291682 0.010692519787 cfg1 2 1 0 0 na na
10 62486.860350276118 0.010693627282 cfg1 2 1 0 0 na na
10 62486.870350300488 0.010693930666 cfg1 2 1 0 0 na na
10 62486.931350343040 0.010695899579 cfg1 2 1 0 0 na na
10 62486.940350328464 0.010696182350 cfg1 2 1 0 0 na na
10 62486.946350273987 0.010696400335 cfg1 2 1 0 0 na na
10 62486.981350267427 0.010697499729 cfg1 2 1 0 0 na na
10 62487.019350325423 0.010698737993 cfg1 2 1 0 0 na na
10 62487.032350261334 0.010699145616 cfg1 2 1 0 0 na na
10 62487.102350340677 0.010701404076 cfg1 2 1 0 0 na na
10 62487.113350337833 0.010701758156 cfg1 2 1 0 0 na na
10 62487.130350344807 0.010702308729 cfg1 2 1 0 0 na na
10 62487.171350260973 0.010703638308 cfg1 2 1 0 0 na na
10 62487.181350335518 0.010703954998 cfg1 2 1 0 0 na na
10 62487.202350281615 0.010704644459 cfg1 2 1 0 0 na na
10 62487.225350348332 0.010705377188 cfg1 2 1 0 0 na na
10 62487.262350270756 0.010706552304 cfg1 2 1 0 0 na na
10 62487.278350362696 0.010707073322 cfg1 2 1 0 0 na na
10 62487.287350294280 0.010707361809 cfg1 2 1 0 0 na na
10 62487.301350289276 0.010707826815 cfg1 2 1 0 0 na na
10 62487.302350275159 0.010707870447 cfg1 2 1 0 0 na na
10 62487.313350285027 0.010708209989 cfg1 2 1 0 0 na na
10 62487.334350343478 0.010708897881 cfg1 2 1 0 0 na na
10 62487.360350290686 0.010709739799 cfg1 2 1 0 0 na na
10 62487.371350299153 0.010710068410 cfg1 2 1 0 0 na na
10 62487.376350258407 0.010710233487 cfg1 2 1 0 0 na na
10 62487.382350257418 0.010710429656 cfg1 2 1 0 0 na na
10 62487.387350318964 0.010710593926 cfg1 2 1 0 0 na na
10 62487.427350315402 0.010711876960 cfg1 2 1 0 0 na na
10 62487.456350309659 0.010712806927 cfg1 2 1 0 0 na na
10 62487.504350273246 0.010714354719 cfg1 2 1 0 0 na na
10 62487.531350272261 0.010715229233 cfg1 2 1 0 0 na na
10 62487.543350281821 0.010715641032 cfg1 2 1 0 0 na na
10 62487.572350283213 0.010716565112 cfg1 2 1 0 0 na na
10 62487.649350319382 0.010719050100 cfg1 2 1 0 0 na na
10 62487.701350343927 0.010720710682 cfg1 2 1 0 0 na na
10 62487.712350263468 0.010721068430 cfg1 2 1 0 0 na na
10 62487.715350355861 0.010721181214 cfg1 2 1 0 0 na na
10 62487.718350275572 0.010721270755 cfg1 2 1 0 0 na na
10 62487.758350320490 0.010722557851 cfg1 2 1 0 0 na na
10 62487.762350341045 0.010722683460 cfg1 2 1 0 0 na na
10 62487.818350248269 0.010724503416 cfg1 2 1 0 0 na na
10 62487.854350303045 0.010725649841 cfg1 2 1 0 0 na na
10 62487.903350261438 0.010727235567 cfg1 2 1 0 0 na na
10 62487.910350320755 0.010727477019 cfg1 2 1 0 0 na na
10 62487.963350301175 0.010729172081 cfg1 2 1 0 0 na na
10 62487.964350303254 0.010729219690 cfg1 2 1 0 0 na na
10 62487.965350265194 0.010729237183 cfg1 2 1 0 0 na na
10 62487.983350263735 0.010729830311 cfg1 2 1 0 0 na na
10 62488.004350372318 0.010730519893 cfg1 2 1 0 0 na na
10 62488.022350297319 0.010731080455 cfg1 2 1 0 0 na na
10 62488.061350260347 0.010732354958 cfg1 2 1 0 0 na na
10 62488.067350257179 0.010732534793 cfg1 2 1 0 0 na na
10 62488.096350256795 0.010733475206 cfg1 2 1 0 0 na na
10 62488.097350350037 0.010733508429 cfg1 2 1 0 0 na na
10 62488.119350262681 0.010734209358 cfg1 2 1 0 0 na na
10 62488.138350270425 0.010734823336 cfg1 2 1 0 0 na na
10 62488.196350305865 0.010736708670 cfg1 2 1 0 0 na na
10 62488.202350321050 0.010736911999 cfg1 2 1 0 0 na na
10 62488.261350304258 0.010738818840 cfg1 2 1 0 0 na na
10 62488.279350371069 0.010739390708 cfg1 2 1 0 0 na na
10 62488.281350291894 0.010739471403 cfg1 2 1 0 0 na na
10 62488.304350323086 0.010740189450 cfg1 2 1 0 0 na na
10 62488.319350242115 0.010740694902 cfg1 2 1 0 0 na na
10 62488.329350285740 0.010741013947 cfg1 2 1 0 0 na na
10 62488.397350322383 0.010743215888 cfg1 2 1 0 0 na na
10 62488.418350261517 0.010743880493 cfg1 2 1 0 0 na na
10 62488.419350303177 0.010743936312 cfg1 2 1 0 0 na na
10 62488.432350235508 0.010744356229 cfg1 2 1 0 0 na na
10 62488.448350265121 0.010744868587 cfg1 2 1 0 0 na na
10 62488.452350300718 0.010744989648 cfg1 2 1 0 0 na na
10 62488.457350322428 0.010745151908 cfg1 2 1 0 0 na na
10 62488.463350275148 0.010745347173 cfg1 2 1 0 0 na na
10 62488.467350364908 0.010745469413 cfg1 2 1 0 0 na na
10 62488.483350248471 0.010745993557 cfg1 2 1 0 0 na na
10 62488.500350332412 0.010746539183 cfg1 2 1 0 0 na na
10 62488.519350296308 0.010747151547 cfg1 2 1 0 0 na na
10 62488.524350276221 0.010747332286 cfg1 2 1 0 0 na na
10 62488.544350259694 0.010747957157 cfg1 2 1 0 0 na na
10 62488.553350256527 0.010748250290 cfg1 2 1 0 0 na na
10 62488.555350314439 0.010748334050 cfg1 2 1 0 0 na na
10 62488.556350292929 0.010748355710 cfg1 2 1 0 0 na na
10 62488.587350308554 0.010749347736 cfg1 2 1 0 0 na na
10 62488.591350297958 0.010749481391 cfg1 2 1 0 0 na na
10 62488.624350286250 0.010750565161 cfg1 2 1 0 0 na na
10 62488.641350362267 0.010751115016 cfg1 2 1 0 0 na na
10 62488.643350314295 0.010751163201 cfg1 2 1 0 0 na na
10 62488.648350289129 0.010751327803 cfg1 2 1 0 0 na na
10 62488.673350289684 0.010752139567 cfg1 2 1 0 0 na na
10 62488.698350337752 0.010752958181 cfg1 2 1 0 0 na na
10 62488.704350347838 0.010753133231 cfg1 2 1 0 0 na na
10 62488.721350320136 0.010753704434 cfg1 2 1 0 0 na na
10 62488.732350315606 0.010754060489 cfg1 2 1 0 0 na na
10 62488.735350340635 0.010754150069 cfg1 2 1 0 0 na na
10 62488.785350288646 0.010755765470 cfg1 2 1 0 0 na na
10 62488.794350298278 0.010756050672 cfg1 2 1 0 0 na na
10 62488.827350308000 0.010757136362 cfg1 2 1 0 0 na na
10 62488.841350264790 0.010757597158 cfg1 2 1 0 0 na na
10 62488.848350372816 0.010757799092 cfg1 2 1 0 0 na na
10 62488.871350326409 0.010758558219 cfg1 2 1 0 0 na na
10 62488.892350305038 0.010759245091 cfg1 2 1 0 0 na na
10 62488.908350287666 0.010759758767 cfg1 2 1 0 0 na na
10 62488.938350247962 0.010760723952 cfg1 2 1 0 0 na na
10 62489.029350352377 0.010763679845 cfg1 2 1 0 0 na na
10 62489.108350370629 0.010766241660 cfg1 2 1 0 0 na na
10 62489.133350361840 0.010767057277 cfg1 2 1 0 0 na na
10 62489.152350271921 0.010767672049 cfg1 2 1 0 0 na na
10 62489.179350331318 0.010768522275 cfg1 2 1 0 0 na na
10 62489.212350336736 0.010769602664 cfg1 2 1 0 0 na na
10 62489.231350362624 0.010770208076 cfg1 2 1 0 0 na na
10 62489.232350342203 0.010770258401 cfg1 2 1 0 0 na na
10 62489.233350301198 0.010770289560 cfg1 2 1 0 0 na na
10 62489.270350276550 0.010771481788 cfg1 2 1 0 0 na na
10 62489.300350303476 0.010772473151 cfg1 2 1 0 0 na na
10 62489.313350362635 0.010772872937 cfg1 2 1 0 0 na na
10 62489.314350291652 0.010772916759 cfg1 2 1 0 0 na na
10 62489.337350335294 0.010773658522 cfg1 2 1 0 0 na na
10 62489.342350293508 0.010773813786 cfg1 2 1 0 0 na na
10 62489.346350349978 0.010773963026 cfg1 2 1 0 0 na na
10 62489.353350277481 0.010774176687 cfg1 2 1 0 0 na na
10 62489.376350271481 0.010774924569 cfg1 2 1 0 0 na na
10 62489.403350268870 0.010775805758 cfg1 2 1 0 0 na na
10 62489.414350266353 0.010776167334 cfg1 2 1 0 0 na na
10 62489.431350294148 0.010776720813 cfg1 2 1 0 0 na na
10 62489.448350283668 0.010777266571 cfg1 2 1 0 0 na na
10 62489.455350347096 0.010777495704 cfg1 2 1 0 0 na na
10 62489.470350314056 0.010777962033 cfg1 2 1 0 0 na na
10 62489.501350340226 0.010778986893 cfg1 2 1 0 0 na na
10 62489.540350271924 0.010780248633 cfg1 2 1 0 0 na na
10 62489.559350345923 0.010780863744 cfg1 2 1 0 0 na na
10 62489.632350291327 0.010783231670 cfg1 2 1 0 0 na na
10 62489.651350325558 0.010783857319 cfg1 2 1 0 0 na na
10 62489.673350373366 0.010784554641 cfg1 2 1 0 0 na na
10 62489.682350251189 0.010784855620 cfg1 2 1 0 0 na na
10 62489.696350324403 0.010785314632 cfg1 2 1 0 0 na na
10 62489.725350274040 0.010786250593 cfg1 2 1 0 0 na na
10 62489.751350314763 0.010787104092 cfg1 2 1 0 0 na na
10 62489.761350314375 0.010787418696 cfg1 2 1 0 0 na na
10 62489.764350250503 0.010787521410 cfg1 2 1 0 0 na na
10 62489.770350279303 0.010787713455 cfg1 2 1 0 0 na na
10 62489.802350350861 0.010788760305 cfg1 2 1 0 0 na na
10 62489.803350336213 0.010788793498 cfg1 2 1 0 0 na na
10 62489.832350262387 0.010789714499 cfg1 2 1 0 0 na na
10 62489.850350354938 0.010790305609 cfg1 2 1 0 0 na na
10 62489.852350289139 0.010790386696 cfg1 2 1 0 0 na na
10 62489.866350287291 0.010790823309 cfg1 2 1 0 0 na na
10 62489.887350324125 0.010791505901 cfg1 2 1 0 0 na na
10 62489.896350260027 0.010791817915 cfg1 2 1 0 0 na na
10 62489.899350300291 0.010791892233 cfg1 2 1 0 0 na na
10 62489.978350257694 0.010794464377 cfg1 2 1 0 0 na na
10 62489.989350363007 0.010794832105 cfg1 2 1 0 0 na na
10 62490.004350298644 0.010795332021 cfg1 2 1 0 0 na na
10 62490.006350315404 0.010795384312 cfg1 2 1 0 0 na na
10 62490.013350368231 0.010795612631 cfg1 2 1 0 0 na na
10 62490.028350303652 0.010796090461 cfg1 2 1 0 0 na na
10 62490.039350340272 0.010796450788 cfg1 2 1 0 0 na na
10 62490.044350275919 0.010796608920 cfg1 2 1 0 0 na na
10 62490.060350261010 0.010797151996 cfg1 2 1 0 0 na na
10 62490.075350274531 0.010797635096 cfg1 2 1 0 0 na na
10 62490.076350314542 0.010797660477 cfg1 2 1 0 0 na na
10 62490.081350241560 0.010797830507 cfg1 2 1 0 0 na na
10 62490.100350307473 0.010798440238 cfg1 2 1 0 0 na na
10 62490.120350308324 0.010799104140 cfg1 2 1 0 0 na na
10 62490.160350295463 0.010800387950 cfg1 2 1 0 0 na na
10 62490.195350336862 0.010801520079 cfg1 2 1 0 0 na na
10 62490.220350360031 0.010802345932 cfg1 2 1 0 0 na na
10 62490.312350286520 0.010805321748 cfg1 2 1 0 0 na na
10 62490.323350309737 0.010805692064 cfg1 2 1 0 0 na na
10 62490.328350307262 0.010805844141 cfg1 2 1 0 0 na na
10 62490.343350324314 0.010806337602 cfg1 2 1 0 0 na na
10 62490.354350351230 0.010806700540 cfg1 2 1 0 0 na na
10 62490.364350311659 0.010807027655 cfg1 2 1 0 0 na na
10 62490.401350257524 0.010808224573 cfg1 2 1 0 0 na na
10 62490.408350308857 0.010808459200 cfg1 2 1 0 0 na na
10 62490.421350277089 0.010808875513 cfg1 2 1 0 0 na na
10 62490.455350267148 0.010809982573 cfg1 2 1 0 0 na na
10 62490.464350370934 0.010810279847 cfg1 2 1 0 0 na na
10 62490.477350331975 0.010810715224 cfg1 2 1 0 0 na na
10 62490.479350278828 0.010810766315 cfg1 2 1 0 0 na na
10 62490.484350381610 0.010810945487 cfg1 2 1 0 0 na na
10 62490.486350318467 0.010811011472 cfg1 2 1 0 0 na na
10 62490.492350314393 0.010811186876 cfg1 2 1 0 0 na na
10 62490.497350275061 0.010811354317 cfg1 2 1 0 0 na na
10 62490.504350312087 0.010811575568 cfg1 2 1 0 0 na na
10 62490.514350288824 0.010811915200 cfg1 2 1 0 0 na na
10 62490.535350260899 0.010812580889 cfg1 2 1 0 0 na na
10 62490.555350334772 0.010813244915 cfg1 2 1 0 0 na na
10 62490.559350306431 0.010813373840 cfg1 2 1 0 0 na na
10 62490.572350325372 0.010813801354 cfg1 2 1 0 0 na na
10 62490.584350274252 0.010814179083 cfg1 2 1 0 0 na na
10 62490.640350341697 0.010815998849 cfg1 2 1 0 0 na na
10 62490.644350338405 0.010816156754 cfg1 2 1 0 0 na na
10 62490.671350258157 0.010817013858 cfg1 2 1 0 0 na na
10 62490.689350301002 0.010817605481 cfg1 2 1 0 0 na na
10 62490.695350332423 0.010817802203 cfg1 2 1 0 0 na na
10 62490.707350288486 0.010818202802 cfg1 2 1 0 0 na na
10 62490.715350313096 0.010818461701 cfg1 2 1 0 0 na na
10 62490.728350297052 0.010818886221 cfg1 2 1 0 0 na na
10 62490.750350264480 0.010819610118 cfg1 2 1 0 0 na na
10 62490.822350309207 0.010821947578 cfg1 2 1 0 0 na na
10 62490.854350308030 0.010822972394 cfg1 2 1 0 0 na na
10 62490.855350340244 0.010823007055 cfg1 2 1 0 0 na na
10 62490.871350288012 0.010823542258 cfg1 2 1 0 0 na na
10 62490.886350329509 0.010824032109 cfg1 2 1 0 0 na na
10 62490.894350262557 0.010824274303 cfg1 2 1 0 0 na na
10 62490.910350316032 0.010824808636 cfg1 2 1 0 0 na na
10 62490.957350369906 0.010826353841 cfg1 2 1 0 0 na na
10 62490.961350284463 0.010826483637 cfg1 2 1 0 0 na na
10 62490.970350301058 0.010826758990 cfg1 2 1 0 0 na na
10 62490.986350253561 0.010827283382 cfg1 2 1 0 0 na na
10 62491.020350297513 0.010828386661 cfg1 2 1 0 0 na na
10 62491.051350266193 0.010829399037 cfg1 2 1 0 0 na na
10 62491.066350279336 0.010829895294 cfg1 2 1 0 0 na na
10 62491.084350343869 0.010830474264 cfg1 2 1 0 0 na na
10 62491.090350280175 0.010830663423 cfg1 2 1 0 0 na na
10 62491.091350366593 0.010830716886 cfg1 2 1 0 0 na na
10 62491.100350311490 0.010831001491 cfg1 2 1 0 0 na na
10 62491.102350349434 0.010831069717 cfg1 2 1 0 0 na na
10 62491.125350364690 0.010831809474 cfg1 2 1 0 0 na na
10 62491.129350252455 0.010831949865 cfg1 2 1 0 0 na na
10 62491.134350345690 0.010832101592 cfg1 2 1 0 0 na na
10 62491.170350309499 0.010833280347 cfg1 2 1 0 0 na na
10 62491.216350302504 0.010834793588 cfg1 2 1 0 0 na na
10 62491.223350302773 0.010835002873 cfg1 2 1 0 0 na na
10 62491.226350318533 0.010835108816 cfg1 2 1 0 0 na na
10 62491.267350344016 0.010836440464 cfg1 2 1 0 0 na na
10 62491.269350336813 0.010836506717 cfg1 2 1 0 0 na na
10 62491.280350312998 0.010836882383 cfg1 2 1 0 0 na na
10 62491.291350330424 0.010837239302 cfg1 2 1 0 0 na na
10 62491.336350258112 0.010838702831 cfg1 2 1 0 0 na na
10 62491.368350298632 0.010839733970 cfg1 2 1 0 0 na na
10 62491.380350332122 0.010840137153 cfg1 2 1 0 0 na na
10 62491.389350348047 0.010840447377 cfg1 2 1 0 0 na na
10 62491.420350340096 0.010841441932 cfg1 2 1 0 0 na na
10 62491.449350286227 0.010842380605 cfg1 2 1 0 0 na na
10 62491.482350352551 0.010843473541 cfg1 2 1 0 0 na na
10 62491.502350264044 0.010844108040 cfg1 2 1 0 0 na na
10 62491.516350290122 0.010844570033 cfg1 2 1 0 0 na na
10 62491.557350335063 0.010845933662 cfg1 2 1 0 0 na na
10 62491.585350299381 0.010846842472 cfg1 2 1 0 0 na na
10 62491.589350269801 0.010846958594 cfg1 2 1 0 0 na na
10 62491.675350258928 0.010849778332 cfg1 2 1 0 0 na na
10 62491.707350265514 0.010850807833 cfg1 2 1 0 0 na na
10 62491.742350266373 0.010851974570 cfg1 2 1 0 0 na na
10 62491.753350295184 0.010852311342 cfg1 2 1 0 0 na na
10 62491.760350315224 0.010852557680 cfg1 2 1 0 0 na na
10 62491.775350285412 0.010853027330 cfg1 2 1 0 0 na na
10 62491.802350323696 0.010853934148 cfg1 2 1 0 0 na na
10 62491.803350265951 0.010853941410 cfg1 2 1 0 0 na na
10 62491.809350324300 0.010854153725 cfg1 2 1 0 0 na na
10 62491.816350341219 0.010854391879 cfg1 2 1 0 0 na na
10 62491.826350270412 0.010854701904 cfg1 2 1 0 0 na na
10 62491.859350288273 0.010855780111 cfg1 2 1 0 0 na na
10 62491.861350277272 0.010855857040 cfg1 2 1 0 0 na na
10 62491.870350287830 0.010856138255 cfg1 2 1 0 0 na na
10 62491.877350376734 0.010856389492 cfg1 2 1 0 0 na na
10 62491.913350344082 0.010857562046 cfg1 2 1 0 0 na na
10 62491.923350297079 0.010857886336 cfg1 2 1 0 0 na na
10 62491.968350303627 0.010859355388 cfg1 2 1 0 0 na na
10 62492.002350283742 0.010860470936 cfg1 2 1 0 0 na na
10 62492.062350362677 0.010862437569 cfg1 2 1 0 0 na na
10 62492.076350323696 0.010862896260 cfg1 2 1 0 0 na na
10 62492.129350288277 0.010864610692 cfg1 2 1 0 0 na na
10 62492.134350299182 0.010864765307 cfg1 2 1 0 0 na na
10 62492.148350289694 0.010865240131 cfg1 2 1 0 0 na na
10 62492.173350275911 0.010866056407 cfg1 2 1 0 0 na na
10 62492.179350345884 0.010866247147 cfg1 2 1 0 0 na na
10 62492.199350320725 0.010866910517 cfg1 2 1 0 0 na na
10 62492.238350298479 0.010868187729 cfg1 2 1 0 0 na na
10 62492.290350305190 0.010869872762 cfg1 2 1 0 0 na na
10 62492.300350262325 0.010870220018 cfg1 2 1 0 0 na na
10 62492.320350313712 0.010870864225 cfg1 2 1 0 0 na na
10 62492.326350323978 0.010871066317 cfg1 2 1 0 0 na na
10 62492.348350299978 0.010871795008 cfg1 2 1 0 0 na na
10 62492.367350285933 0.010872419243 cfg1 2 1 0 0 na na
10 62492.376350296930 0.010872712152 cfg1 2 1 0 0 na na
10 62492.387350289223 0.010873052975 cfg1 2 1 0 0 na na
10 62492.393350340121 0.010873257911 cfg1 2 1 0 0 na na
10 62492.455350306942 0.010875278670 cfg1 2 1 0 0 na na
10 62492.458350364232 0.010875381816 cfg1 2 1 0 0 na na
10 62492.461350265703 0.010875497261 cfg1 2 1 0 0 na na
10 62492.482350333549 0.010876157831 cfg1 2 1 0 0 na na
10 62492.492350277856 0.010876502872 cfg1 2 1 0 0 na na
10 62492.548350283010 0.010878334469 cfg1 2 1 0 0 na na
10 62492.609350308036 0.010880333468 cfg1 2 1 0 0 na na
10 62492.650350331968 0.010881672453 cfg1 2 1 0 0 na na
10 62492.658350294970 0.010881937336 cfg1 2 1 0 0 na na
10 62492.659350343497 0.010881962673 cfg1 2 1 0 0 na na
10 62492.670350279316 0.010882338294 cfg1 2 1 0 0 na na
10 62492.692350251816 0.010883052027 cfg1 2 1 0 0 na na
10 62492.710350276871 0.010883639555 cfg1 2 1 0 0 na na
10 62492.715350276262 0.010883817064 cfg1 2 1 0 0 na na
10 62492.746350298548 0.010884815153 cfg1 2 1 0 0 na na
10 62492.805350296947 0.010886761471 cfg1 2 1 0 0 na na
10 62492.818350349958 0.010887169348 cfg1 2 1 0 0 na na
10 62492.893350292715 0.010889626293 cfg1 2 1 0 0 na na
10 62492.902350273610 0.010889947902 cfg1 2 1 0 0 na na
10 62492.910350327930 0.010890190812 cfg1 2 1 0 0 na na
10 62492.923350276707 0.010890625560 cfg1 2 1 0 0 na na
10 62492.929350323055 0.010890834027 cfg1 2 1 0 0 na na
10 62492.930350329724 0.010890844107 cfg1 2 1 0 0 na na
10 62492.976350242728 0.010892370811 cfg1 2 1 0 0 na na
10 62492.991350279518 0.010892844346 cfg1 2 1 0 0 na na
10 62492.999350256809 0.010893121242 cfg1 2 1 0 0 na na
10 62493.000350348079 0.010893147631 cfg1 2 1 0 0 na na
10 62493.005350301052 0.010893303350 cfg1 2 1 0 0 na na
10 62493.055350335284 0.010894939923 cfg1 2 1 0 0 na na
10 62493.075350302395 0.010895607485 cfg1 2 1 0 0 na na
10 62493.119350258535 0.010897043812 cfg1 2 1 0 0 na na
10 62493.157350323055 0.010898290521 cfg1 2 1 0 0 na na
10 62493.183350332497 0.010899138210 cfg1 2 1 0 0 na na
10 62493.229350298151 0.010900661502 cfg1 2 1 0 0 na na
10 62493.252350305081 0.010901411916 cfg1 2 1 0 0 na na
10 62493.256350317822 0.010901547125 cfg1 2 1 0 0 na na
10 62493.266350332346 0.010901890734 cfg1 2 1 0 0 na na
10 62493.272350309577 0.010902061093 cfg1 2 1 0 0 na na
10 62493.279350310973 0.010902289312 cfg1 2 1 0 0 na na
10 62493.285350285248 0.010902488350 cfg1 2 1 0 0 na na
10 62493.317350251809 0.010903550472 cfg1 2 1 0 0 na na
10 62493.323350359298 0.010903737562 cfg1 2 1 0 0 na na
10 62493.328350361794 0.010903904358 cfg1 2 1 0 0 na na
10 62493.367350284501 0.010905201373 cfg1 2 1 0 0 na na
10 62493.385350280499 0.010905771979 cfg1 2 1 0 0 na na
10 62493.389350337466 0.010905904015 cfg1 2 1 0 0 na na
10 62493.396350310219 0.010906148041 cfg1 2 1 0 0 na na
10 62493.432350330097 0.010907330102 cfg1 2 1 0 0 na na
10 62493.474350261323 0.010908695290 cfg1 2 1 0 0 na na
10 62493.478350300383 0.010908847261 cfg1 2 1 0 0 na na
10 62493.524350304245 0.010910337589 cfg1 2 1 0 0 na na
10 62493.536350310763 0.010910733865 cfg1 2 1 0 0 na na
10 62493.570350337442 0.010911864895 cfg1 2 1 0 0 na na
10 62493.579350323438 0.010912154127 cfg1 2 1 0 0 na na
10 62493.598350353443 0.010912770956 cfg1 2 1 0 0 na na
10 62493.624350309543 0.010913645151 cfg1 2 1 0 0 na na
10 62493.631350362257 0.010913864128 cfg1 2 1 0 0 na na
10 62493.647350298817 0.010914401102 cfg1 2 1 0 0 na na
10 62493.662350277106 0.010914889626 cfg1 2 1 0 0 na na
10 62493.670350274056 0.010915157275 cfg1 2 1 0 0 na na
10 62493.681350306844 0.010915502312 cfg1 2 1 0 0 na na
10 62493.693350362219 0.010915903063 cfg1 2 1 0 0 na na
10 62493.696350243832 0.010916008124 cfg1 2 1 0 0 na na
10 62493.744350263930 0.010917589607 cfg1 2 1 0 0 na na
10 62493.822350279450 0.010920134698 cfg1 2 1 0 0 na na
10 62493.909350247264 0.010923004736 cfg1 2 1 0 0 na na
10 62493.927350290006 0.010923594640 cfg1 2 1 0 0 na na
10 62493.947350346058 0.010924248407 cfg1 2 1 0 0 na na
10 62493.955350314072 0.010924522734 cfg1 2 1 0 0 na na
10 62493.983350241617 0.010925447794 cfg1 2 1 0 0 na na
10 62494.020350328658 0.010926659347 cfg1 2 1 0 0 na na
10 62494.021350358759 0.010926697442 cfg1 2 1 0 0 na na
10 62494.064350336516 0.010928103796 cfg1 2 1 0 0 na na
10 62494.122350272777 0.010930016105 cfg1 2 1 0 0 na na
10 62494.195350290543 0.010932413337 cfg1 2 1 0 0 na na
10 62494.247350343199 0.010934114600 cfg1 2 1 0 0 na na
10 62494.267350294713 0.010934778264 cfg1 2 1 0 0 na na
10 62494.321350260689 0.010936566386 cfg1 2 1 0 0 na na
10 62494.351350305608 0.010937560182 cfg1 2 1 0 0 na na
10 62494.354350324356 0.010937662690 cfg1 2 1 0 0 na na
20 62032.000000000000 912.015 290.24 40.20 0
20 62040.000000000000 912.025 290.24 39.90 0
20 62052.000000000000 911.985 290.23 38.80 0
20 62061.000000000000 911.975 290.22 39.00 0
20 62072.000000000000 911.985 290.21 39.40 0
20 62080.000000000000 911.985 290.21 39.80 0
20 62093.000000000000 911.985 290.21 40.30 0
20 62104.000000000000 911.985 290.22 40.40 0
20 62115.000000000000 911.985 290.24 40.70 0
20 62120.000000000000 912.005 290.26 40.90 0
20 62131.000000000000 912.015 290.28 40.70 0
20 62143.000000000000 912.015 290.28 40.60 0
20 62150.000000000000 912.025 290.29 40.80 0
20 62160.000000000000 912.025 290.30 40.40 0
20 62171.000000000000 912.005 290.31 40.00 0
20 62182.000000000000 912.005 290.31 40.80 0
20 62190.000000000000 911.985 290.32 40.70 0
20 62200.000000000000 912.005 290.33 41.20 0
20 62211.000000000000 911.975 290.35 40.50 0
20 62220.000000000000 912.005 290.35 40.80 0
20 62231.000000000000 912.045 290.37 41.50 0
20 62240.000000000000 912.025 290.39 40.70 0
20 62250.000000000000 911.985 290.39 40.10 0
20 62260.000000000000 912.015 290.39 40.10 0
20 62272.000000000000 912.015 290.38 40.30 0
20 62280.000000000000 912.035 290.39 40.40 0
20 62290.000000000000 912.025 290.38 40.40 0
20 62302.000000000000 912.005 290.38 40.90 0
20 62310.000000000000 912.035 290.38 40.80 0
20 62321.000000000000 912.055 290.39 41.00 0
20 62330.000000000000 912.035 290.40 41.10 0
20 62341.000000000000 912.065 290.41 41.30 0
20 62352.000000000000 912.065 290.43 40.90 0
20 62360.000000000000 912.045 290.43 39.90 0
20 62370.000000000000 912.045 290.42 39.10 0
20 62381.000000000000 912.075 290.38 39.40 0
20 62390.000000000000 912.065 290.35 39.20 0
20 62403.000000000000 912.075 290.33 39.00 0
20 62410.000000000000 912.065 290.30 39.20 0
20 62420.000000000000 912.065 290.27 39.00 0
20 62430.000000000000 912.045 290.25 39.30 0
20 62440.000000000000 912.055 290.24 39.50 0
20 62452.000000000000 912.055 290.23 39.50 0
20 62460.000000000000 912.055 290.22 39.60 0
20 62470.000000000000 912.055 290.21 39.90 0
20 62481.000000000000 912.045 290.22 40.50 0
20 62492.000000000000 912.045 290.22 40.80 0
20 62500.000000000000 912.045 290.25 41.90 0
H8
H9
