H1 CRD 2 2025 5 20 8
H2 YEBL 7817 62 01 4 ILRS
C1 0 las2 Nd_YAG 1064.00 1000.00 0.40 10.0 20.00 0
C2 0 det2 SPAD 1064.000 40.00 5.0 0.4 NIM 10.0 0.40 50.0 30.0 none na na na
C3 0 tim1 gps Lantime A033-ET 033201 0.0
C6 0 met1 Vaisala Indigo520 T3430159 Vaisala Indigo520 T3930918 Vaisala Indigo520 T3930918
C0 0 1064.00 cfg1 las2 det2 tim1 met1   
H3 hy2c 2006601 2209 46469 0 1 1
H4 0 2025 5 19 17 53 7 2025 5 19 17 55 57 0 0 0 0 0 0 2 0
40 64558.000000000000 0 cfg1 13467 9991 1.038 63359.5 31.0 49.5 0.276 -0.625 -2.6 4 0 0 3 0.0
41 60909.000000000000 0 cfg1 13483 9471 1.038 63344.0 0.0 39.0 0.189 -0.560 2.2 4 0 0 3 4.9
41 68207.000000000000 0 cfg1 13452 10512 1.038 63375.0 0.0 60.0 0.363 -0.690 -7.4 4 0 0 3 5.9
10 64389.004350310398 0.010462391961 cfg1 2 1 0 0 na na
10 64389.997350344523 0.010430417391 cfg1 2 1 0 0 na na
10 64390.015350278527 0.010429832552 cfg1 2 1 0 0 na na
10 64390.023350253521 0.010429583326 cfg1 2 1 0 0 na na
10 64390.041350313789 0.010429011213 cfg1 2 1 0 0 na na
10 64390.042350310134 0.010428978194 cfg1 2 1 0 0 na na
10 64390.046350266745 0.010428840044 cfg1 2 1 0 0 na na
10 64390.093350262038 0.010427325059 cfg1 2 1 0 0 na na
10 64390.095350254620 0.010427267464 cfg1 2 1 0 0 na na
10 64390.109350321960 0.010426810126 cfg1 2 1 0 0 na na
10 64390.118350249153 0.010426532729 cfg1 2 1 0 0 na na
10 64390.123350261583 0.010426360299 cfg1 2 1 0 0 na na
10 64390.128350322348 0.010426221939 cfg1 2 1 0 0 na na
10 64390.143350338606 0.010425728450 cfg1 2 1 0 0 na na
10 64390.155350258088 0.010425339211 cfg1 2 1 0 0 na na
10 64390.189350265420 0.010424254167 cfg1 2 1 0 0 na na
10 64390.207350251326 0.010423670643 cfg1 2 1 0 0 na na
10 64390.255350352718 0.010422137731 cfg1 2 1 0 0 na na
10 64390.266350248260 0.010421790154 cfg1 2 1 0 0 na na
10 64390.307350269999 0.010420453297 cfg1 2 1 0 0 na na
10 64390.315350263926 0.010420192933 cfg1 2 1 0 0 na na
10 64390.324350255941 0.010419911137 cfg1 2 1 0 0 na na
10 64390.341350262924 0.010419359254 cfg1 2 1 0 0 na na
10 64390.344350251777 0.010419270136 cfg1 2 1 0 0 na na
10 64390.357350281547 0.010418849288 cfg1 2 1 0 0 na na
10 64390.366350336608 0.010418560793 cfg1 2 1 0 0 na na
10 64390.373350272688 0.010418356510 cfg1 2 1 0 0 na na
10 64390.383350370993 0.010418027183 cfg1 2 1 0 0 na na
10 64390.399350250531 0.010417506140 cfg1 2 1 0 0 na na
10 64390.405350286818 0.010417324857 cfg1 2 1 0 0 na na
10 64390.409350247364 0.010417189514 cfg1 2 1 0 0 na na
10 64390.413350321476 0.010417055416 cfg1 2 1 0 0 na na
10 64390.414350361357 0.010417023683 cfg1 2 1 0 0 na na
10 64390.429350266683 0.010416530342 cfg1 2 1 0 0 na na
10 64390.457350263321 0.010415633446 cfg1 2 1 0 0 na na
10 64390.460350260948 0.010415541217 cfg1 2 1 0 0 na na
10 64390.481350254409 0.010414886977 cfg1 2 1 0 0 na na
10 64390.492350316760 0.010414525429 cfg1 2 1 0 0 na na
10 64390.496350264688 0.010414382391 cfg1 2 1 0 0 na na
10 64390.574350361050 0.010411902161 cfg1 2 1 0 0 na na
10 64390.591350295100 0.010411342695 cfg1 2 1 0 0 na na
10 64390.592350379167 0.010411323230 cfg1 2 1 0 0 na na
10 64390.596350277877 0.010411190811 cfg1 2 1 0 0 na na
10 64390.612350255024 0.010410667033 cfg1 2 1 0 0 na na
10 64390.613350310680 0.010410630325 cfg1 2 1 0 0 na na
10 64390.648350310248 0.010409524707 cfg1 2 1 0 0 na na
10 64390.656350249136 0.010409262565 cfg1 2 1 0 0 na na
10 64390.675350315182 0.010408644623 cfg1 2 1 0 0 na na
10 64390.698350278183 0.010407906924 cfg1 2 1 0 0 na na
10 64390.699350248161 0.010407883649 cfg1 2 1 0 0 na na
10 64390.708350244895 0.010407596954 cfg1 2 1 0 0 na na
10 64390.709350301594 0.010407563693 cfg1 2 1 0 0 na na
10 64390.736350254158 0.010406687872 cfg1 2 1 0 0 na na
10 64390.758350302682 0.010405999974 cfg1 2 1 0 0 na na
10 64390.759350335002 0.010405966816 cfg1 2 1 0 0 na na
10 64390.809350300389 0.010404346759 cfg1 2 1 0 0 na na
10 64390.818350244661 0.010404067077 cfg1 2 1 0 0 na na
10 64390.833350306963 0.010403572272 cfg1 2 1 0 0 na na
10 64390.867350323564 0.010402486032 cfg1 2 1 0 0 na na
10 64390.869350250102 0.010402426643 cfg1 2 1 0 0 na na
10 64390.878350302747 0.010402127639 cfg1 2 1 0 0 na na
10 64390.936350273702 0.010400294098 cfg1 2 1 0 0 na na
10 64390.941350261913 0.010400110065 cfg1 2 1 0 0 na na
10 64390.948350320542 0.010399882545 cfg1 2 1 0 0 na na
10 64390.950350260415 0.010399829189 cfg1 2 1 0 0 na na
10 64390.980350284069 0.010398860081 cfg1 2 1 0 0 na na
10 64390.992350356180 0.010398476356 cfg1 2 1 0 0 na na
10 64390.993350255353 0.010398446956 cfg1 2 1 0 0 na na
10 64391.005350354952 0.010398068294 cfg1 2 1 0 0 na na
10 64391.022350293108 0.010397528912 cfg1 2 1 0 0 na na
10 64391.032350323143 0.010397212531 cfg1 2 1 0 0 na na
10 64391.074350251655 0.010395855450 cfg1 2 1 0 0 na na
10 64391.169350242875 0.010392824255 cfg1 2 1 0 0 na na
10 64391.194350361054 0.010392020942 cfg1 2 1 0 0 na na
10 64391.205350246066 0.010391665777 cfg1 2 1 0 0 na na
10 64391.212350392356 0.010391422236 cfg1 2 1 0 0 na na
10 64391.235350256685 0.010390695331 cfg1 2 1 0 0 na na
10 64391.239350246052 0.010390575892 cfg1 2 1 0 0 na na
10 64391.263350241830 0.010389810000 cfg1 2 1 0 0 na na
10 64391.269350295863 0.010389609421 cfg1 2 1 0 0 na na
10 64391.277350339808 0.010389349661 cfg1 2 1 0 0 na na
10 64391.293350291617 0.010388832471 cfg1 2 1 0 0 na na
10 64391.294350358419 0.010388810895 cfg1 2 1 0 0 na na
10 64391.311350290920 0.010388256266 cfg1 2 1 0 0 na na
10 64391.315350236659 0.010388150265 cfg1 2 1 0 0 na na
10 64391.329350287844 0.010387691502 cfg1 2 1 0 0 na na
10 64391.343350242703 0.010387249211 cfg1 2 1 0 0 na na
10 64391.356350323673 0.010386811219 cfg1 2 1 0 0 na na
10 64391.374350257339 0.010386239604 cfg1 2 1 0 0 na na
10 64391.376350241157 0.010386195668 cfg1 2 1 0 0 na na
10 64391.404350288295 0.010385274878 cfg1 2 1 0 0 na na
10 64391.434350280229 0.010384333783 cfg1 2 1 0 0 na na
10 64391.441350303831 0.010384094507 cfg1 2 1 0 0 na na
10 64391.459350295682 0.010383521912 cfg1 2 1 0 0 na na
10 64391.466350280306 0.010383288623 cfg1 2 1 0 0 na na
10 64391.479350324208 0.010382871279 cfg1 2 1 0 0 na na
10 64391.488350270103 0.010382581702 cfg1 2 1 0 0 na na
10 64391.541350305564 0.010380910738 cfg1 2 1 0 0 na na
10 64391.548350319784 0.010380681042 cfg1 2 1 0 0 na na
10 64391.555350259639 0.010380462638 cfg1 2 1 0 0 na na
10 64391.563350430946 0.010380197675 cfg1 2 1 0 0 na na
10 64391.564350258290 0.010380158442 cfg1 2 1 0 0 na na
10 64391.577350269306 0.010379733030 cfg1 2 1 0 0 na na
10 64391.593350242728 0.010379244132 cfg1 2 1 0 0 na na
10 64391.619350294595 0.010378397564 cfg1 2 1 0 0 na na
10 64391.678350258772 0.010376508399 cfg1 2 1 0 0 na na
10 64391.703350268908 0.010375730816 cfg1 2 1 0 0 na na
10 64391.711350261124 0.010375450591 cfg1 2 1 0 0 na na
10 64391.717350275875 0.010375278888 cfg1 2 1 0 0 na na
10 64391.734350265351 0.010374718550 cfg1 2 1 0 0 na na
10 64391.740350251437 0.010374535437 cfg1 2 1 0 0 na na
10 64391.744350243399 0.010374413289 cfg1 2 1 0 0 na na
10 64391.839350247038 0.010371374888 cfg1 2 1 0 0 na na
10 64391.864350257732 0.010370566299 cfg1 2 1 0 0 na na
10 64391.881350350428 0.010370010941 cfg1 2 1 0 0 na na
10 64391.889350294746 0.010369765787 cfg1 2 1 0 0 na na
10 64391.910350242088 0.010369104902 cfg1 2 1 0 0 na na
10 64391.914350266641 0.010368955222 cfg1 2 1 0 0 na na
10 64391.934350341619 0.010368333489 cfg1 2 1 0 0 na na
10 64391.938350253158 0.010368204867 cfg1 2 1 0 0 na na
10 64391.944350334180 0.010368009735 cfg1 2 1 0 0 na na
10 64391.946350272730 0.010367939707 cfg1 2 1 0 0 na na
10 64391.966350302612 0.010367306007 cfg1 2 1 0 0 na na
10 64391.972350257046 0.010367110017 cfg1 2 1 0 0 na na
10 64391.978350302929 0.010366912082 cfg1 2 1 0 0 na na
10 64391.984350308602 0.010366731242 cfg1 2 1 0 0 na na
10 64392.007350278361 0.010365997987 cfg1 2 1 0 0 na na
10 64392.023350250344 0.010365486617 cfg1 2 1 0 0 na na
10 64392.073350302731 0.010363871646 cfg1 2 1 0 0 na na
10 64392.094350308374 0.010363227485 cfg1 2 1 0 0 na na
10 64392.111350276035 0.010362658451 cfg1 2 1 0 0 na na
10 64392.112350253845 0.010362638151 cfg1 2 1 0 0 na na
10 64392.134350243288 0.010361943684 cfg1 2 1 0 0 na na
10 64392.191350339012 0.010360113435 cfg1 2 1 0 0 na na
10 64392.193350379106 0.010360050398 cfg1 2 1 0 0 na na
10 64392.196350328991 0.010359944030 cfg1 2 1 0 0 na na
10 64392.208350264635 0.010359557276 cfg1 2 1 0 0 na na
10 64392.264350410164 0.010357787468 cfg1 2 1 0 0 na na
10 64392.281350369478 0.010357238311 cfg1 2 1 0 0 na na
10 64392.307350267312 0.010356408565 cfg1 2 1 0 0 na na
10 64392.310350346135 0.010356323818 cfg1 2 1 0 0 na na
10 64392.312350318623 0.010356264273 cfg1 2 1 0 0 na na
10 64392.319350300466 0.010356018942 cfg1 2 1 0 0 na na
10 64392.321350326277 0.010355965822 cfg1 2 1 0 0 na na
10 64392.322350239684 0.010355942252 cfg1 2 1 0 0 na na
10 64392.337350269440 0.010355461197 cfg1 2 1 0 0 na na
10 64392.359350345647 0.010354748747 cfg1 2 1 0 0 na na
10 64392.389350280032 0.010353777809 cfg1 2 1 0 0 na na
10 64392.398350244282 0.010353512294 cfg1 2 1 0 0 na na
10 64392.413350254070 0.010353022793 cfg1 2 1 0 0 na na
10 64392.414350369038 0.010353007993 cfg1 2 1 0 0 na na
10 64392.473350267328 0.010351094788 cfg1 2 1 0 0 na na
10 64392.478350255706 0.010350952588 cfg1 2 1 0 0 na na
10 64392.529350310718 0.010349311521 cfg1 2 1 0 0 na na
10 64392.530350385682 0.010349296639 cfg1 2 1 0 0 na na
10 64392.531350245334 0.010349266520 cfg1 2 1 0 0 na na
10 64392.555350398219 0.010348491470 cfg1 2 1 0 0 na na
10 64392.654350310451 0.010345337297 cfg1 2 1 0 0 na na
10 64392.683350278659 0.010344404035 cfg1 2 1 0 0 na na
10 64392.728350260464 0.010342966408 cfg1 2 1 0 0 na na
10 64392.738350240502 0.010342666435 cfg1 2 1 0 0 na na
10 64392.771350371614 0.010341607977 cfg1 2 1 0 0 na na
10 64392.809350256859 0.010340385078 cfg1 2 1 0 0 na na
10 64392.829350249354 0.010339752752 cfg1 2 1 0 0 na na
10 64392.857350309749 0.010338844714 cfg1 2 1 0 0 na na
10 64392.861350325790 0.010338719910 cfg1 2 1 0 0 na na
10 64392.883350252978 0.010338029002 cfg1 2 1 0 0 na na
10 64392.935350287642 0.010336369345 cfg1 2 1 0 0 na na
10 64392.969350245270 0.010335296621 cfg1 2 1 0 0 na na
10 64393.010350334034 0.010333976156 cfg1 2 1 0 0 na na
10 64393.014350326697 0.010333846478 cfg1 2 1 0 0 na na
10 64393.038350260425 0.010333081696 cfg1 2 1 0 0 na na
10 64393.058350289418 0.010332449609 cfg1 2 1 0 0 na na
10 64393.071350309171 0.010332051036 cfg1 2 1 0 0 na na
10 64393.086350251335 0.010331560569 cfg1 2 1 0 0 na na
10 64393.096350291392 0.010331242080 cfg1 2 1 0 0 na na
10 64393.103350296788 0.010331028671 cfg1 2 1 0 0 na na
10 64393.198350326526 0.010327976675 cfg1 2 1 0 0 na na
10 64393.266350286130 0.010325815158 cfg1 2 1 0 0 na na
10 64393.286350248147 0.010325188824 cfg1 2 1 0 0 na na
10 64393.301350282817 0.010324699448 cfg1 2 1 0 0 na na
10 64393.336350299824 0.010323582458 cfg1 2 1 0 0 na na
10 64393.372350263741 0.010322438475 cfg1 2 1 0 0 na na
10 64393.386350266495 0.010321985399 cfg1 2 1 0 0 na na
10 64393.387350253799 0.010321968067 cfg1 2 1 0 0 na na
10 64393.392350245188 0.010321816950 cfg1 2 1 0 0 na na
10 64393.395350293752 0.010321700393 cfg1 2 1 0 0 na na
10 64393.418350393774 0.010320978586 cfg1 2 1 0 0 na na
10 64393.423350374807 0.010320816772 cfg1 2 1 0 0 na na
10 64393.440350258392 0.010320284855 cfg1 2 1 0 0 na na
10 64393.447350285629 0.010320041412 cfg1 2 1 0 0 na na
10 64393.472350334295 0.010319245609 cfg1 2 1 0 0 na na
10 64393.475350387100 0.010319150514 cfg1 2 1 0 0 na na
10 64393.479350256746 0.010319035104 cfg1 2 1 0 0 na na
10 64393.484350272378 0.010318863733 cfg1 2 1 0 0 na na
10 64393.485350282073 0.010318859959 cfg1 2 1 0 0 na na
10 64393.486350431863 0.010318810743 cfg1 2 1 0 0 na na
10 64393.503350259121 0.010318286900 cfg1 2 1 0 0 na na
10 64393.509350390094 0.010318068630 cfg1 2 1 0 0 na na
10 64393.514350337264 0.010317908728 cfg1 2 1 0 0 na na
10 64393.518350274757 0.010317791749 cfg1 2 1 0 0 na na
10 64393.519350359534 0.010317749589 cfg1 2 1 0 0 na na
10 64393.527350264713 0.010317502409 cfg1 2 1 0 0 na na
10 64393.555350296119 0.010316603841 cfg1 2 1 0 0 na na
10 64393.556350325884 0.010316572058 cfg1 2 1 0 0 na na
10 64393.571350456290 0.010316094662 cfg1 2 1 0 0 na na
10 64393.589350317620 0.010315521798 cfg1 2 1 0 0 na na
10 64393.594350265219 0.010315366665 cfg1 2 1 0 0 na na
10 64393.600350395949 0.010315194363 cfg1 2 1 0 0 na na
10 64393.613350385677 0.010314782105 cfg1 2 1 0 0 na na
10 64393.625350259778 0.010314387024 cfg1 2 1 0 0 na na
10 64393.629350306612 0.010314251909 cfg1 2 1 0 0 na na
10 64393.638350389214 0.010313971608 cfg1 2 1 0 0 na na
10 64393.647350401750 0.010313676331 cfg1 2 1 0 0 na na
10 64393.662350412607 0.010313199092 cfg1 2 1 0 0 na na
10 64393.669350266799 0.010312980029 cfg1 2 1 0 0 na na
10 64393.676350359516 0.010312758418 cfg1 2 1 0 0 na na
10 64393.697350278559 0.010312085549 cfg1 2 1 0 0 na na
10 64393.699350333596 0.010312021950 cfg1 2 2 0 0 na na
10 64393.712350272883 0.010311631392 cfg1 2 1 0 0 na na
10 64393.736350427955 0.010310844978 cfg1 2 2 0 0 na na
10 64393.746350324461 0.010310526886 cfg1 2 2 0 0 na na
10 64393.785350309059 0.010309287478 cfg1 2 1 0 0 na na
10 64393.801350283357 0.010308777638 cfg1 2 2 0 0 na na
10 64393.803350312599 0.010308719735 cfg1 2 1 0 0 na na
10 64393.805350355379 0.010308650440 cfg1 2 2 0 0 na na
10 64393.814350266474 0.010308365468 cfg1 2 1 0 0 na na
10 64393.833350251478 0.010307780338 cfg1 2 1 0 0 na na
10 64393.859350374403 0.010306933240 cfg1 2 2 0 0 na na
10 64393.862350355364 0.010306837946 cfg1 2 1 0 0 na na
10 64393.879350339143 0.010306311750 cfg1 2 1 0 0 na na
10 64393.907350278160 0.010305407082 cfg1 2 2 0 0 na na
10 64393.961350349697 0.010303684461 cfg1 2 1 0 0 na na
10 64394.025350336051 0.010301671709 cfg1 2 1 0 0 na na
10 64394.050350270565 0.010300882595 cfg1 2 1 0 0 na na
10 64394.062350284003 0.010300480883 cfg1 2 1 0 0 na na
10 64394.071350292411 0.010300194238 cfg1 2 2 0 0 na na
10 64394.105350254614 0.010299127439 cfg1 2 1 0 0 na na
10 64394.124350292892 0.010298509193 cfg1 2 1 0 0 na na
10 64394.132350303209 0.010298249484 cfg1 2 1 0 0 na na
10 64394.134350334145 0.010298210717 cfg1 2 1 0 0 na na
10 64394.135350288590 0.010298174420 cfg1 2 1 0 0 na na
10 64394.136350304017 0.010298128839 cfg1 2 2 0 0 na na
10 64394.251350260391 0.010294486584 cfg1 2 1 0 0 na na
10 64394.287350276125 0.010293326160 cfg1 2 1 0 0 na na
10 64394.365350406394 0.010290863713 cfg1 2 1 0 0 na na
10 64394.370350411848 0.010290696047 cfg1 2 1 0 0 na na
10 64394.395350461681 0.010289896726 cfg1 2 1 0 0 na na
10 64394.417350448041 0.010289206041 cfg1 2 1 0 0 na na
10 64394.433350431865 0.010288696791 cfg1 2 1 0 0 na na
10 64394.489350310928 0.010286922117 cfg1 2 1 0 0 na na
10 64394.522350341623 0.010285867793 cfg1 2 1 0 0 na na
10 64394.523350302101 0.010285843096 cfg1 2 1 0 0 na na
10 64394.524350283871 0.010285827061 cfg1 2 1 0 0 na na
10 64394.574350412603 0.010284221327 cfg1 2 1 0 0 na na
10 64394.626350320707 0.010282573664 cfg1 2 1 0 0 na na
10 64394.640350412536 0.010282127166 cfg1 2 1 0 0 na na
10 64394.649350250627 0.010281861178 cfg1 2 1 0 0 na na
10 64394.714350339859 0.010279772263 cfg1 2 1 0 0 na na
10 64394.718350275839 0.010279646150 cfg1 2 1 0 0 na na
10 64394.734350271199 0.010279148698 cfg1 2 1 0 0 na na
10 64394.758350271760 0.010278384961 cfg1 2 1 0 0 na na
10 64394.771350423970 0.010277973664 cfg1 2 1 0 0 na na
10 64394.789350416879 0.010277420478 cfg1 2 1 0 0 na na
10 64394.806350297700 0.010276861945 cfg1 2 1 0 0 na na
10 64394.827350315673 0.010276214731 cfg1 2 1 0 0 na na
10 64394.850350328811 0.010275482759 cfg1 2 1 0 0 na na
10 64394.870350445267 0.010274841732 cfg1 2 1 0 0 na na
10 64394.874350353246 0.010274702523 cfg1 2 1 0 0 na na
10 64394.946350255697 0.010272436292 cfg1 2 1 0 0 na na
10 64395.013350268429 0.010270310796 cfg1 2 1 0 0 na na
10 64395.018350333268 0.010270133454 cfg1 2 1 0 0 na na
10 64395.032350318521 0.010269700196 cfg1 2 1 0 0 na na
10 64395.043350281807 0.010269348897 cfg1 2 1 0 0 na na
10 64395.060350247928 0.010268828962 cfg1 2 1 0 0 na na
10 64395.085350257456 0.010268029445 cfg1 2 1 0 0 na na
10 64395.092350327132 0.010267796214 cfg1 2 1 0 0 na na
10 64395.132350339754 0.010266528915 cfg1 2 1 0 0 na na
10 64395.138350333099 0.010266334471 cfg1 2 1 0 0 na na
10 64395.156350313868 0.010265768599 cfg1 2 1 0 0 na na
10 64395.159350318740 0.010265671287 cfg1 2 1 0 0 na na
10 64395.167350276636 0.010265412783 cfg1 2 1 0 0 na na
10 64395.169350348839 0.010265356820 cfg1 2 2 0 0 na na
10 64395.227350389136 0.010263515310 cfg1 2 1 0 0 na na
10 64395.247350274247 0.010262882352 cfg1 2 1 0 0 na na
10 64395.261350337925 0.010262456194 cfg1 2 1 0 0 na na
10 64395.278350344137 0.010261904425 cfg1 2 1 0 0 na na
10 64395.280350321426 0.010261861642 cfg1 2 1 0 0 na na
10 64395.308350273443 0.010260948468 cfg1 2 1 0 0 na na
10 64395.329350268343 0.010260288371 cfg1 2 1 0 0 na na
10 64395.334350255414 0.010260146780 cfg1 2 1 0 0 na na
10 64395.343350364453 0.010259846337 cfg1 2 2 0 0 na na
10 64395.349350251968 0.010259674956 cfg1 2 1 0 0 na na
10 64395.363350289456 0.010259213057 cfg1 2 2 0 0 na na
10 64395.365350246755 0.010259170156 cfg1 2 1 0 0 na na
10 64395.366350403082 0.010259129569 cfg1 2 1 0 0 na na
10 64395.420350261811 0.010257415014 cfg1 2 1 0 0 na na
10 64395.446350260984 0.010256595936 cfg1 2 1 0 0 na na
10 64395.448350283724 0.010256522270 cfg1 2 2 0 0 na na
10 64395.546350261574 0.010253430349 cfg1 2 1 0 0 na na
10 64395.553350290961 0.010253199267 cfg1 2 1 0 0 na na
10 64395.585350321885 0.010252192291 cfg1 2 1 0 0 na na
10 64395.644350264807 0.010250322146 cfg1 2 1 0 0 na na
10 64395.683350285632 0.010249086621 cfg1 2 2 0 0 na na
10 64395.693350272493 0.010248764274 cfg1 2 1 0 0 na na
10 64395.706350276746 0.010248350055 cfg1 2 1 0 0 na na
10 64395.707350322607 0.010248324237 cfg1 2 1 0 0 na na
10 64395.738350310750 0.010247340899 cfg1 2 1 0 0 na na
10 64395.763350355372 0.010246562516 cfg1 2 1 0 0 na na
10 64395.773350261650 0.010246245359 cfg1 2 1 0 0 na na
10 64395.782350276680 0.010245955280 cfg1 2 1 0 0 na na
10 64395.814350380028 0.010244954258 cfg1 2 1 0 0 na na
10 64395.856350318097 0.010243613333 cfg1 2 1 0 0 na na
10 64395.864350253474 0.010243378446 cfg1 2 1 0 0 na na
10 64395.867350403583 0.010243273715 cfg1 2 1 0 0 na na
10 64395.874350316485 0.010243046848 cfg1 2 2 0 0 na na
10 64395.879350341551 0.010242888842 cfg1 2 2 0 0 na na
10 64395.905350250466 0.010242086375 cfg1 2 1 0 0 na na
10 64395.921350276102 0.010241561241 cfg1 2 2 0 0 na na
10 64395.932350276139 0.010241205817 cfg1 2 1 0 0 na na
10 64395.948350347560 0.010240712960 cfg1 2 1 0 0 na na
10 64395.950350297350 0.010240664504 cfg1 2 1 0 0 na na
10 64395.969350286324 0.010240044055 cfg1 2 2 0 0 na na
10 64395.975350249805 0.010239872143 cfg1 2 1 0 0 na na
10 64395.976350273281 0.010239818700 cfg1 2 1 0 0 na na
10 64395.983350288485 0.010239602963 cfg1 2 1 0 0 na na
10 64395.987350260030 0.010239481839 cfg1 2 1 0 0 na na
10 64395.991350300716 0.010239355217 cfg1 2 1 0 0 na na
10 64396.008350308952 0.010238811587 cfg1 2 2 0 0 na na
10 64396.012350410027 0.010238685109 cfg1 2 2 0 0 na na
10 64396.054350431979 0.010237377040 cfg1 2 1 0 0 na na
10 64396.067350334060 0.010236952308 cfg1 2 1 0 0 na na
10 64396.085350271760 0.010236380122 cfg1 2 1 0 0 na na
10 64396.091350331811 0.010236180024 cfg1 2 1 0 0 na na
10 64396.101350307481 0.010235877241 cfg1 2 1 0 0 na na
10 64396.109350341069 0.010235620393 cfg1 2 2 0 0 na na
10 64396.117350296728 0.010235369954 cfg1 2 1 0 0 na na
10 64396.134350268313 0.010234833955 cfg1 2 1 0 0 na na
10 64396.142350258550 0.010234588324 cfg1 2 1 0 0 na na
10 64396.169350259336 0.010233737727 cfg1 2 1 0 0 na na
10 64396.180350291284 0.010233377619 cfg1 2 1 0 0 na na
10 64396.198350262797 0.010232819152 cfg1 2 1 0 0 na na
10 64396.202350350441 0.010232676223 cfg1 2 1 0 0 na na
10 64396.222350256685 0.010232065331 cfg1 2 1 0 0 na na
10 64396.259350405544 0.010230895253 cfg1 2 1 0 0 na na
10 64396.274350269882 0.010230412209 cfg1 2 1 0 0 na na
10 64396.301350257993 0.010229568828 cfg1 2 1 0 0 na na
10 64396.306350308720 0.010229398721 cfg1 2 1 0 0 na na
10 64396.364350265038 0.010227571848 cfg1 2 1 0 0 na na
10 64396.365350353010 0.010227548767 cfg1 2 1 0 0 na na
10 64396.367350315966 0.010227472920 cfg1 2 1 0 0 na na
10 64396.368350311866 0.010227441375 cfg1 2 1 0 0 na na
10 64396.379350258151 0.010227109077 cfg1 2 1 0 0 na na
10 64396.380350348136 0.010227062582 cfg1 2 2 0 0 na na
10 64396.385350312509 0.010226904750 cfg1 2 2 0 0 na na
10 64396.386350257988 0.010226884020 cfg1 2 1 0 0 na na
10 64396.390350340583 0.010226757885 cfg1 2 1 0 0 na na
10 64396.432350315703 0.010225425772 cfg1 2 1 0 0 na na
10 64396.438350274681 0.010225242130 cfg1 2 1 0 0 na na
10 64396.453350353500 0.010224759964 cfg1 2 1 0 0 na na
10 64396.484350269873 0.010223781949 cfg1 2 1 0 0 na na
10 64396.488350320535 0.010223668721 cfg1 2 1 0 0 na na
10 64396.503350310164 0.010223194069 cfg1 2 1 0 0 na na
10 64396.523350353285 0.010222549671 cfg1 2 1 0 0 na na
10 64396.525350315139 0.010222481817 cfg1 2 1 0 0 na na
10 64396.529350322051 0.010222360303 cfg1 2 2 0 0 na na
10 64396.551350358283 0.010221679249 cfg1 2 1 0 0 na na
10 64396.560350333187 0.010221384570 cfg1 2 1 0 0 na na
10 64396.577350332602 0.010220839683 cfg1 2 1 0 0 na na
10 64396.600350296753 0.010220120355 cfg1 2 2 0 0 na na
10 64396.627350270065 0.010219266846 cfg1 2 1 0 0 na na
10 64396.633350372393 0.010219079375 cfg1 2 2 0 0 na na
10 64396.653350303985 0.010218448551 cfg1 2 2 0 0 na na
10 64396.690350284737 0.010217276924 cfg1 2 1 0 0 na na
10 64396.756350278923 0.010215193078 cfg1 2 1 0 0 na na
10 64396.767350261094 0.010214860705 cfg1 2 1 0 0 na na
10 64396.792350279648 0.010214067894 cfg1 2 1 0 0 na na
10 64396.821350360184 0.010213171508 cfg1 2 1 0 0 na na
10 64396.826350265840 0.010212996203 cfg1 2 1 0 0 na na
10 64396.854350283693 0.010212110737 cfg1 2 2 0 0 na na
10 64396.898350339054 0.010210734489 cfg1 2 1 0 0 na na
10 64396.917350309850 0.010210125153 cfg1 2 1 0 0 na na
10 64396.924350251501 0.010209921937 cfg1 2 1 0 0 na na
10 64396.931350353868 0.010209683885 cfg1 2 2 0 0 na na
10 64396.942350259251 0.010209347778 cfg1 2 1 0 0 na na
10 64396.952350319998 0.010209022139 cfg1 2 2 0 0 na na
10 64396.954350261380 0.010208965806 cfg1 2 1 0 0 na na
10 64396.957350264694 0.010208873675 cfg1 2 1 0 0 na na
10 64396.973350338971 0.010208372193 cfg1 2 1 0 0 na na
10 64396.978350297447 0.010208215686 cfg1 2 1 0 0 na na
10 64396.981350368291 0.010208127609 cfg1 2 1 0 0 na na
10 64396.982350293613 0.010208077241 cfg1 2 1 0 0 na na
10 64397.001350341899 0.010207492878 cfg1 2 1 0 0 na na
10 64397.016350260720 0.010207019352 cfg1 2 1 0 0 na na
10 64397.022350393743 0.010206834375 cfg1 2 1 0 0 na na
10 64397.112350302809 0.010203981266 cfg1 2 2 0 0 na na
10 64397.129350403098 0.010203446020 cfg1 2 2 0 0 na na
10 64397.150350346128 0.010202784428 cfg1 2 2 0 0 na na
10 64397.180350335050 0.010201837307 cfg1 2 1 0 0 na na
10 64397.234350345752 0.010200149056 cfg1 2 1 0 0 na na
10 64397.285350262931 0.010198534046 cfg1 2 1 0 0 na na
10 64397.289350269750 0.010198423812 cfg1 2 1 0 0 na na
10 64397.294350314077 0.010198243117 cfg1 2 1 0 0 na na
10 64397.306350325868 0.010197872441 cfg1 2 1 0 0 na na
10 64397.324350284661 0.010197301607 cfg1 2 1 0 0 na na
10 64397.339350310732 0.010196833705 cfg1 2 2 0 0 na na
10 64397.351350274722 0.010196447272 cfg1 2 1 0 0 na na
10 64397.353350295741 0.010196392990 cfg1 2 1 0 0 na na
10 64397.363350283283 0.010196069456 cfg1 2 1 0 0 na na
10 64397.369350305022 0.010195887823 cfg1 2 1 0 0 na na
10 64397.381350273955 0.010195502847 cfg1 2 1 0 0 na na
10 64397.450350305459 0.010193338577 cfg1 2 1 0 0 na na
10 64397.457350369418 0.010193129703 cfg1 2 1 0 0 na na
10 64397.471350319115 0.010192676625 cfg1 2 1 0 0 na na
10 64397.476350262899 0.010192539819 cfg1 2 1 0 0 na na
10 64397.511350307787 0.010191435761 cfg1 2 1 0 0 na na
10 64397.513350279456 0.010191349304 cfg1 2 1 0 0 na na
10 64397.518350334375 0.010191200886 cfg1 2 1 0 0 na na
10 64397.523350400086 0.010191043589 cfg1 2 1 0 0 na na
10 64397.596350351781 0.010188747409 cfg1 2 2 0 0 na na
10 64397.625350327409 0.010187850759 cfg1 2 1 0 0 na na
10 64397.633350339886 0.010187583715 cfg1 2 2 0 0 na na
10 64397.635350288363 0.010187528448 cfg1 2 1 0 0 na na
10 64397.644350252243 0.010187244689 cfg1 2 1 0 0 na na
10 64397.650350332897 0.010187048958 cfg1 2 1 0 0 na na
10 64397.653350278816 0.010186958387 cfg1 2 1 0 0 na na
10 64397.655350257446 0.010186894315 cfg1 2 1 0 0 na na
10 64397.660350359494 0.010186734611 cfg1 2 2 0 0 na na
10 64397.668350263105 0.010186478615 cfg1 2 1 0 0 na na
10 64397.673350291937 0.010186332486 cfg1 2 1 0 0 na na
10 64397.709350324615 0.010185193876 cfg1 2 2 0 0 na na
10 64397.713350357796 0.010185068076 cfg1 2 2 0 0 na na
10 64397.717350306427 0.010184942291 cfg1 2 2 0 0 na na
10 64397.722350358650 0.010184777165 cfg1 2 1 0 0 na na
10 64397.723350305828 0.010184753731 cfg1 2 2 0 0 na na
10 64397.737350342189 0.010184305308 cfg1 2 1 0 0 na na
10 64397.751350307661 0.010183873381 cfg1 2 2 0 0 na na
10 64397.755350307291 0.010183747656 cfg1 2 2 0 0 na na
10 64397.756350283857 0.010183716249 cfg1 2 2 0 0 na na
10 64397.758350293020 0.010183663145 cfg1 2 1 0 0 na na
10 64397.761350277059 0.010183558982 cfg1 2 2 0 0 na na
10 64397.767350304102 0.010183375728 cfg1 2 1 0 0 na na
10 64397.770350354910 0.010183296878 cfg1 2 1 0 0 na na
10 64397.807350304719 0.010182113009 cfg1 2 2 0 0 na na
10 64397.816350327253 0.010181838264 cfg1 2 1 0 0 na na
10 64397.818350322132 0.010181767245 cfg1 2 2 0 0 na na
10 64397.830350291775 0.010181390780 cfg1 2 1 0 0 na na
10 64397.841350304406 0.010181044540 cfg1 2 2 0 0 na na
10 64397.849350342755 0.010180807061 cfg1 2 1 0 0 na na
10 64397.851350341028 0.010180733116 cfg1 2 1 0 0 na na
10 64397.868350269459 0.010180198612 cfg1 2 1 0 0 na na
10 64397.909350327177 0.010178907437 cfg1 2 2 0 0 na na
10 64397.915350246937 0.010178729945 cfg1 2 1 0 0 na na
10 64397.938350277309 0.010177994008 cfg1 2 1 0 0 na na
10 64397.960350291644 0.010177304966 cfg1 2 2 0 0 na na
10 64397.969350339742 0.010177016965 cfg1 2 1 0 0 na na
10 64397.975350258778 0.010176833132 cfg1 2 1 0 0 na na
10 64397.976350251483 0.010176810587 cfg1 2 1 0 0 na na
10 64397.982350365340 0.010176616297 cfg1 2 1 0 0 na na
10 64397.996350264116 0.010176182624 cfg1 2 1 0 0 na na
10 64398.009350331260 0.010175765554 cfg1 2 2 0 0 na na
10 64398.014350317446 0.010175608672 cfg1 2 2 0 0 na na
10 64398.019350292517 0.010175451432 cfg1 2 2 0 0 na na
10 64398.021350364160 0.010175388638 cfg1 2 2 0 0 na na
10 64398.022350268153 0.010175348672 cfg1 2 1 0 0 na na
10 64398.041350349397 0.010174760423 cfg1 2 2 0 0 na na
10 64398.045350323989 0.010174634835 cfg1 2 2 0 0 na na
10 64398.050350324908 0.010174497100 cfg1 2 1 0 0 na na
10 64398.051350264908 0.010174460774 cfg1 2 1 0 0 na na
10 64398.075350293018 0.010173692503 cfg1 2 2 0 0 na na
10 64398.076350291011 0.010173661071 cfg1 2 2 0 0 na na
10 64398.087350328291 0.010173316445 cfg1 2 1 0 0 na na
10 64398.089350324926 0.010173252808 cfg1 2 2 0 0 na na
10 64398.096350313433 0.010173047160 cfg1 2 1 0 0 na na
10 64398.104350287436 0.010172794914 cfg1 2 1 0 0 na na
10 64398.115350306467 0.010172436471 cfg1 2 2 0 0 na na
10 64398.119350257177 0.010172310754 cfg1 2 2 0 0 na na
10 64398.125350244008 0.010172137898 cfg1 2 1 0 0 na na
10 64398.134350288121 0.010171839755 cfg1 2 2 0 0 na na
10 64398.138350326136 0.010171726182 cfg1 2 1 0 0 na na
10 64398.155350280789 0.010171180205 cfg1 2 2 0 0 na na
10 64398.212350276531 0.010169390642 cfg1 2 2 0 0 na na
10 64398.213350265910 0.010169350910 cfg1 2 1 0 0 na na
10 64398.215350306378 0.010169301166 cfg1 2 1 0 0 na na
10 64398.228350314654 0.010168888370 cfg1 2 2 0 0 na na
10 64398.233350317998 0.010168748080 cfg1 2 1 0 0 na na
10 64398.234350360790 0.010168714836 cfg1 2 1 0 0 na na
10 64398.244350304170 0.010168389760 cfg1 2 1 0 0 na na
10 64398.263350341680 0.010167796187 cfg1 2 1 0 0 na na
10 64398.266350311398 0.010167695458 cfg1 2 2 0 0 na na
10 64398.275350294727 0.010167412967 cfg1 2 2 0 0 na na
10 64398.280350289692 0.010167257271 cfg1 2 1 0 0 na na
10 64398.286350322828 0.010167067718 cfg1 2 2 0 0 na na
10 64398.312350302946 0.010166259327 cfg1 2 1 0 0 na na
10 64398.330350307982 0.010165686779 cfg1 2 2 0 0 na na
10 64398.347350275723 0.010165158791 cfg1 2 1 0 0 na na
10 64398.348350359886 0.010165121919 cfg1 2 2 0 0 na na
10 64398.356350256412 0.010164870495 cfg1 2 1 0 0 na na
10 64398.360350317459 0.010164745474 cfg1 2 2 0 0 na na
10 64398.370350297659 0.010164451118 cfg1 2 1 0 0 na na
10 64398.372350329938 0.010164368753 cfg1 2 2 0 0 na na
10 64398.373350288081 0.010164337400 cfg1 2 2 0 0 na na
10 64398.381350257691 0.010164094481 cfg1 2 1 0 0 na na
10 64398.419350298270 0.010162894177 cfg1 2 2 0 0 na na
10 64398.420350270654 0.010162883071 cfg1 2 1 0 0 na na
10 64398.445350249877 0.010162087057 cfg1 2 1 0 0 na na
10 64398.477350309201 0.010161074481 cfg1 2 2 0 0 na na
10 64398.511350299973 0.010159999970 cfg1 2 1 0 0 na na
10 64398.522350332653 0.010159663012 cfg1 2 2 0 0 na na
10 64398.523350257907 0.010159634511 cfg1 2 1 0 0 na na
10 64398.532350293895 0.010159354989 cfg1 2 1 0 0 na na
10 64398.542350276483 0.010159035637 cfg1 2 1 0 0 na na
10 64398.547350263286 0.010158878979 cfg1 2 2 0 0 na na
10 64398.571350287659 0.010158142564 cfg1 2 1 0 0 na na
10 64398.574350364402 0.010158032101 cfg1 2 2 0 0 na na
10 64398.589350317928 0.010157561794 cfg1 2 2 0 0 na na
10 64398.618350259779 0.010156652427 cfg1 2 2 0 0 na na
10 64398.622350339070 0.010156533763 cfg1 2 1 0 0 na na
10 64398.627350308360 0.010156376512 cfg1 2 1 0 0 na na
10 64398.649350350432 0.010155669828 cfg1 2 1 0 0 na na
10 64398.676350317286 0.010154845588 cfg1 2 1 0 0 na na
10 64398.697350329564 0.010154175560 cfg1 2 2 0 0 na na
10 64398.700350276256 0.010154091631 cfg1 2 1 0 0 na na
10 64398.705350290256 0.010153916705 cfg1 2 1 0 0 na na
10 64398.718350314564 0.010153512635 cfg1 2 1 0 0 na na
10 64398.747350339873 0.010152615807 cfg1 2 1 0 0 na na
10 64398.807350313692 0.010150735923 cfg1 2 1 0 0 na na
10 64398.843350281985 0.010149610528 cfg1 2 1 0 0 na na
10 64398.850350254513 0.010149389769 cfg1 2 1 0 0 na na
10 64398.851350369708 0.010149349121 cfg1 2 2 0 0 na na
10 64398.871350269916 0.010148712159 cfg1 2 1 0 0 na na
10 64398.873350324111 0.010148659787 cfg1 2 2 0 0 na na
10 64398.892350287969 0.010148054337 cfg1 2 1 0 0 na na
10 64398.915350303122 0.010147356062 cfg1 2 1 0 0 na na
10 64398.916350347303 0.010147319839 cfg1 2 1 0 0 na na
10 64398.940350328724 0.010146566183 cfg1 2 1 0 0 na na
10 64398.941350245775 0.010146540985 cfg1 2 1 0 0 na na
10 64398.966350327254 0.010145740965 cfg1 2 1 0 0 na na
10 64398.988350350379 0.010145057243 cfg1 2 2 0 0 na na
10 64398.991350343385 0.010144963274 cfg1 2 2 0 0 na na
10 64398.996350290010 0.010144800727 cfg1 2 1 0 0 na na
10 64399.011350279065 0.010144339668 cfg1 2 1 0 0 na na
10 64399.047350292347 0.010143213071 cfg1 2 1 0 0 na na
10 64399.062350333128 0.010142734800 cfg1 2 1 0 0 na na
10 64399.072350323744 0.010142425304 cfg1 2 1 0 0 na na
10 64399.076350256991 0.010142305136 cfg1 2 1 0 0 na na
10 64399.080350288113 0.010142176234 cfg1 2 2 0 0 na na
10 64399.095350276987 0.010141705871 cfg1 2 1 0 0 na na
10 64399.102350311694 0.010141488517 cfg1 2 1 0 0 na na
10 64399.109350281437 0.010141270563 cfg1 2 1 0 0 na na
10 64399.115350324712 0.010141080321 cfg1 2 2 0 0 na na
10 64399.136350276051 0.010140422931 cfg1 2 2 0 0 na na
10 64399.142350258299 0.010140248440 cfg1 2 1 0 0 na na
10 64399.152350304034 0.010139933880 cfg1 2 1 0 0 na na
10 64399.160350297640 0.010139671538 cfg1 2 2 0 0 na na
10 64399.189350265963 0.010138777904 cfg1 2 1 0 0 na na
10 64399.196350265546 0.010138536589 cfg1 2 1 0 0 na na
10 64399.208350304946 0.010138157604 cfg1 2 1 0 0 na na
10 64399.220350268803 0.010137796072 cfg1 2 1 0 0 na na
10 64399.232350271446 0.010137405419 cfg1 2 1 0 0 na na
10 64399.244350261269 0.010137041029 cfg1 2 1 0 0 na na
10 64399.248350318865 0.010136912925 cfg1 2 1 0 0 na na
10 64399.324350314238 0.010134544170 cfg1 2 1 0 0 na na
10 64399.336350346799 0.010134165368 cfg1 2 1 0 0 na na
10 64399.338350293831 0.010134101069 cfg1 2 2 0 0 na na
10 64399.340350246265 0.010134050476 cfg1 2 1 0 0 na na
10 64399.354350288430 0.010133615003 cfg1 2 1 0 0 na na
10 64399.357350267649 0.010133515386 cfg1 2 1 0 0 na na
10 64399.402350355734 0.010132106251 cfg1 2 1 0 0 na na
10 64399.412350268457 0.010131778453 cfg1 2 1 0 0 na na
10 64399.419350283802 0.010131553841 cfg1 2 1 0 0 na na
10 64399.420350274569 0.010131522248 cfg1 2 1 0 0 na na
10 64399.439350317113 0.010130942240 cfg1 2 1 0 0 na na
10 64399.477350323843 0.010129762773 cfg1 2 1 0 0 na na
10 64399.519350307030 0.010128452015 cfg1 2 1 0 0 na na
10 64399.534350278652 0.010127970614 cfg1 2 2 0 0 na na
10 64399.540350285143 0.010127779635 cfg1 2 1 0 0 na na
10 64399.573350280881 0.010126745912 cfg1 2 1 0 0 na na
10 64399.625350349339 0.010125116937 cfg1 2 1 0 0 na na
10 64399.630350262655 0.010124969156 cfg1 2 2 0 0 na na
10 64399.635350339803 0.010124819726 cfg1 2 1 0 0 na na
10 64399.659350284546 0.010124052386 cfg1 2 1 0 0 na na
10 64399.664350291155 0.010123906475 cfg1 2 2 0 0 na na
10 64399.680350254625 0.010123417089 cfg1 2 1 0 0 na na
10 64399.684350303606 0.010123281246 cfg1 2 1 0 0 na na
10 64399.689350259543 0.010123127400 cfg1 2 1 0 0 na na
10 64399.710350257644 0.010122469415 cfg1 2 1 0 0 na na
10 64399.731350271877 0.010121814431 cfg1 2 1 0 0 na na
10 64399.734350332569 0.010121718658 cfg1 2 1 0 0 na na
10 64399.757350251689 0.010121010348 cfg1 2 1 0 0 na na
10 64399.816350307942 0.010119156701 cfg1 2 2 0 0 na na
10 64399.825350299214 0.010118867269 cfg1 2 1 0 0 na na
10 64399.828350308975 0.010118781762 cfg1 2 2 0 0 na na
10 64399.831350278109 0.010118702371 cfg1 2 1 0 0 na na
10 64399.846350304596 0.010118219423 cfg1 2 2 0 0 na na
10 64399.850350344820 0.010118110265 cfg1 2 1 0 0 na na
10 64399.865350269313 0.010117617520 cfg1 2 1 0 0 na na
10 64399.889350320598 0.010116881639 cfg1 2 1 0 0 na na
10 64399.907350339030 0.010116328605 cfg1 2 1 0 0 na na
10 64399.912350285771 0.010116157858 cfg1 2 2 0 0 na na
10 64399.913350343041 0.010116126614 cfg1 2 2 0 0 na na
10 64399.923350301585 0.010115827189 cfg1 2 1 0 0 na na
10 64399.942350332332 0.010115219327 cfg1 2 1 0 0 na na
10 64399.954350326639 0.010114850162 cfg1 2 1 0 0 na na
10 64399.955350298134 0.010114814970 cfg1 2 2 0 0 na na
10 64399.962350285768 0.010114587078 cfg1 2 1 0 0 na na
10 64400.002350298326 0.010113356255 cfg1 2 1 0 0 na na
10 64400.013350289844 0.010113014434 cfg1 2 1 0 0 na na
10 64400.016350304322 0.010112902921 cfg1 2 1 0 0 na na
10 64400.051350267470 0.010111824235 cfg1 2 1 0 0 na na
10 64400.064350327739 0.010111426642 cfg1 2 1 0 0 na na
10 64400.071350276111 0.010111193261 cfg1 2 2 0 0 na na
10 64400.086350312106 0.010110724976 cfg1 2 2 0 0 na na
10 64400.103350295821 0.010110210068 cfg1 2 1 0 0 na na
10 64400.145350245020 0.010108896869 cfg1 2 1 0 0 na na
10 64400.151350290891 0.010108690528 cfg1 2 1 0 0 na na
10 64400.177350267315 0.010107874569 cfg1 2 1 0 0 na na
10 64400.193350293035 0.010107375908 cfg1 2 1 0 0 na na
10 64400.198350320459 0.010107229338 cfg1 2 1 0 0 na na
10 64400.200350318975 0.010107180231 cfg1 2 1 0 0 na na
10 64400.246350305817 0.010105732868 cfg1 2 1 0 0 na na
10 64400.254350260300 0.010105482231 cfg1 2 2 0 0 na na
10 64400.258350299434 0.010105359735 cfg1 2 1 0 0 na na
10 64400.262350330706 0.010105227070 cfg1 2 1 0 0 na na
10 64400.293350302675 0.010104263092 cfg1 2 1 0 0 na na
10 64400.302350300569 0.010103988427 cfg1 2 1 0 0 na na
10 64400.375350298797 0.010101708340 cfg1 2 1 0 0 na na
10 64400.381350257542 0.010101519487 cfg1 2 1 0 0 na na
10 64400.391350302022 0.010101203457 cfg1 2 1 0 0 na na
10 64400.423350265592 0.010100201545 cfg1 2 1 0 0 na na
10 64400.427350254072 0.010100087666 cfg1 2 1 0 0 na na
10 64400.428350311605 0.010100058410 cfg1 2 1 0 0 na na
10 64400.435350304665 0.010099827524 cfg1 2 1 0 0 na na
10 64400.450350311751 0.010099372291 cfg1 2 1 0 0 na na
10 64400.451350289868 0.010099351225 cfg1 2 1 0 0 na na
10 64400.453350275416 0.010099275380 cfg1 2 2 0 0 na na
10 64400.479350331068 0.010098477227 cfg1 2 1 0 0 na na
10 64400.520350263827 0.010097186070 cfg1 2 1 0 0 na na
10 64400.571350252588 0.010095599414 cfg1 2 1 0 0 na na
10 64400.573350265060 0.010095526956 cfg1 2 1 0 0 na na
10 64400.603350323508 0.010094599463 cfg1 2 1 0 0 na na
10 64400.625350247023 0.010093924817 cfg1 2 1 0 0 na na
10 64400.627350283455 0.010093862444 cfg1 2 1 0 0 na na
10 64400.643350267171 0.010093355049 cfg1 2 1 0 0 na na
10 64400.653350298694 0.010093033421 cfg1 2 1 0 0 na na
10 64400.660350307038 0.010092823190 cfg1 2 1 0 0 na na
10 64400.672350247580 0.010092459300 cfg1 2 1 0 0 na na
10 64400.697350261929 0.010091664939 cfg1 2 1 0 0 na na
10 64400.704350315921 0.010091447289 cfg1 2 1 0 0 na na
10 64400.705350284308 0.010091421059 cfg1 2 2 0 0 na na
10 64400.715350308445 0.010091109518 cfg1 2 2 0 0 na na
10 64400.722350263571 0.010090894008 cfg1 2 1 0 0 na na
10 64400.729350330591 0.010090673407 cfg1 2 1 0 0 na na
10 64400.736350261315 0.010090450451 cfg1 2 1 0 0 na na
10 64400.742350313782 0.010090256219 cfg1 2 1 0 0 na na
10 64400.770350341213 0.010089396155 cfg1 2 2 0 0 na na
10 64400.775350339657 0.010089232373 cfg1 2 1 0 0 na na
10 64400.785350261788 0.010088932138 cfg1 2 1 0 0 na na
10 64400.791350303393 0.010088746494 cfg1 2 1 0 0 na na
10 64400.801350256615 0.010088430570 cfg1 2 2 0 0 na na
10 64400.822350311707 0.010087773564 cfg1 2 1 0 0 na na
10 64400.829350339408 0.010087558515 cfg1 2 2 0 0 na na
10 64400.840350339255 0.010087221838 cfg1 2 1 0 0 na na
10 64400.855350305136 0.010086748905 cfg1 2 2 0 0 na na
10 64400.857350311721 0.010086686536 cfg1 2 2 0 0 na na
10 64400.858350316303 0.010086655422 cfg1 2 2 0 0 na na
10 64400.863350348700 0.010086489515 cfg1 2 1 0 0 na na
10 64400.866350318632 0.010086406358 cfg1 2 2 0 0 na na
10 64400.906350303774 0.010085160844 cfg1 2 2 0 0 na na
10 64400.925350324011 0.010084569161 cfg1 2 2 0 0 na na
10 64400.942350318358 0.010084039969 cfg1 2 2 0 0 na na
10 64400.957350306088 0.010083572934 cfg1 2 2 0 0 na na
10 64400.961350316631 0.010083437471 cfg1 2 1 0 0 na na
10 64400.967350360732 0.010083260895 cfg1 2 1 0 0 na na
10 64400.980350265588 0.010082846203 cfg1 2 1 0 0 na na
10 64401.031350257655 0.010081279070 cfg1 2 1 0 0 na na
10 64401.040350271702 0.010080987482 cfg1 2 1 0 0 na na
10 64401.089350280663 0.010079464413 cfg1 2 2 0 0 na na
10 64401.129350316617 0.010078212742 cfg1 2 1 0 0 na na
10 64401.134350328643 0.010078055356 cfg1 2 1 0 0 na na
10 64401.144350328036 0.010077752954 cfg1 2 1 0 0 na na
10 64401.161350252552 0.010077229519 cfg1 2 1 0 0 na na
10 64401.171350264100 0.010076907898 cfg1 2 1 0 0 na na
10 64401.198350271372 0.010076060487 cfg1 2 1 0 0 na na
10 64401.254350279337 0.010074334712 cfg1 2 1 0 0 na na
10 64401.257350281678 0.010074225186 cfg1 2 1 0 0 na na
10 64401.261350272510 0.010074118537 cfg1 2 1 0 0 na na
10 64401.273350336446 0.010073736205 cfg1 2 1 0 0 na na
10 64401.276350292909 0.010073649200 cfg1 2 1 0 0 na na
10 64401.293350308704 0.010073114943 cfg1 2 1 0 0 na na
10 64401.316350299640 0.010072396013 cfg1 2 1 0 0 na na
10 64401.320350355213 0.010072275325 cfg1 2 1 0 0 na na
10 64401.322350267949 0.010072216026 cfg1 2 1 0 0 na na
10 64401.328350303808 0.010072029971 cfg1 2 2 0 0 na na
10 64401.357350326568 0.010071132791 cfg1 2 1 0 0 na na
10 64401.368350326120 0.010070786245 cfg1 2 2 0 0 na na
10 64401.373350275543 0.010070630738 cfg1 2 2 0 0 na na
10 64401.431350276901 0.010068842758 cfg1 2 1 0 0 na na
10 64401.436350331628 0.010068666337 cfg1 2 1 0 0 na na
10 64401.449350334611 0.010068271075 cfg1 2 1 0 0 na na
10 64401.489350359411 0.010067017972 cfg1 2 1 0 0 na na
10 64401.498350306597 0.010066737098 cfg1 2 1 0 0 na na
10 64401.548350327616 0.010065202123 cfg1 2 1 0 0 na na
10 64401.570350300312 0.010064504046 cfg1 2 1 0 0 na na
10 64401.585350299343 0.010064041743 cfg1 2 2 0 0 na na
10 64401.603350274536 0.010063482523 cfg1 2 2 0 0 na na
10 64401.606350329783 0.010063389310 cfg1 2 2 0 0 na na
10 64401.640350308084 0.010062343473 cfg1 2 1 0 0 na na
10 64401.642350366415 0.010062265079 cfg1 2 1 0 0 na na
10 64401.648350353140 0.010062095571 cfg1 2 1 0 0 na na
10 64401.674350288404 0.010061290111 cfg1 2 1 0 0 na na
10 64401.686350291299 0.010060919847 cfg1 2 1 0 0 na na
10 64401.709350321257 0.010060189811 cfg1 2 2 0 0 na na
10 64401.710350262630 0.010060154085 cfg1 2 1 0 0 na na
10 64401.716350337695 0.010059972414 cfg1 2 2 0 0 na na
10 64401.728350308019 0.010059615442 cfg1 2 1 0 0 na na
10 64401.745350331990 0.010059079100 cfg1 2 1 0 0 na na
10 64401.759350265419 0.010058637006 cfg1 2 2 0 0 na na
10 64401.774350290611 0.010058175852 cfg1 2 1 0 0 na na
10 64401.787350253222 0.010057768865 cfg1 2 1 0 0 na na
10 64401.795350253685 0.010057523112 cfg1 2 1 0 0 na na
10 64401.797350256438 0.010057455196 cfg1 2 1 0 0 na na
10 64401.802350294664 0.010057303264 cfg1 2 1 0 0 na na
10 64401.815350308389 0.010056897931 cfg1 2 1 0 0 na na
10 64401.862350293555 0.010055439089 cfg1 2 2 0 0 na na
10 64401.883350328920 0.010054787195 cfg1 2 2 0 0 na na
10 64401.884350281218 0.010054753012 cfg1 2 1 0 0 na na
10 64401.888350316326 0.010054620285 cfg1 2 1 0 0 na na
10 64401.890350309763 0.010054563529 cfg1 2 1 0 0 na na
10 64401.894350305592 0.010054459479 cfg1 2 1 0 0 na na
10 64401.899350322524 0.010054294689 cfg1 2 1 0 0 na na
10 64401.903350331584 0.010054175575 cfg1 2 1 0 0 na na
10 64401.912350326901 0.010053877946 cfg1 2 1 0 0 na na
10 64401.928350267971 0.010053378962 cfg1 2 1 0 0 na na
10 64401.932350255048 0.010053266895 cfg1 2 1 0 0 na na
10 64401.937350287497 0.010053100505 cfg1 2 1 0 0 na na
10 64401.953350317760 0.010052608948 cfg1 2 1 0 0 na na
10 64401.954350306860 0.010052584130 cfg1 2 1 0 0 na na
10 64401.966350322704 0.010052221694 cfg1 2 1 0 0 na na
10 64401.978350250750 0.010051841198 cfg1 2 1 0 0 na na
10 64401.989350284518 0.010051488635 cfg1 2 1 0 0 na na
10 64402.000350312031 0.010051146795 cfg1 2 1 0 0 na na
10 64402.008350248606 0.010050913525 cfg1 2 1 0 0 na na
10 64402.022350329734 0.010050487833 cfg1 2 1 0 0 na na
10 64402.032350296240 0.010050179540 cfg1 2 1 0 0 na na
10 64402.044350312141 0.010049794044 cfg1 2 1 0 0 na na
10 64402.059350264391 0.010049325482 cfg1 2 2 0 0 na na
10 64402.071350242297 0.010048964782 cfg1 2 1 0 0 na na
10 64402.104350246595 0.010047944118 cfg1 2 1 0 0 na na
10 64402.113350285720 0.010047650498 cfg1 2 2 0 0 na na
10 64402.116350352984 0.010047557363 cfg1 2 2 0 0 na na
10 64402.120350271920 0.010047428919 cfg1 2 1 0 0 na na
10 64402.129350304136 0.010047154234 cfg1 2 2 0 0 na na
10 64402.130350280097 0.010047123044 cfg1 2 2 0 0 na na
10 64402.131350276589 0.010047092123 cfg1 2 2 0 0 na na
10 64402.150350305349 0.010046519131 cfg1 2 1 0 0 na na
10 64402.163350237007 0.010046115018 cfg1 2 1 0 0 na na
10 64402.165350358027 0.010046044916 cfg1 2 1 0 0 na na
10 64402.211350298451 0.010044600584 cfg1 2 1 0 0 na na
10 64402.235350285458 0.010043879157 cfg1 2 1 0 0 na na
10 64402.286350278295 0.010042285667 cfg1 2 2 0 0 na na
10 64402.290350281121 0.010042170032 cfg1 2 1 0 0 na na
10 64402.297350328266 0.010041940412 cfg1 2 1 0 0 na na
10 64402.300350284933 0.010041851634 cfg1 2 2 0 0 na na
10 64402.312350281637 0.010041479643 cfg1 2 2 0 0 na na
10 64402.316350283148 0.010041355709 cfg1 2 2 0 0 na na
10 64402.320350289657 0.010041219202 cfg1 2 1 0 0 na na
10 64402.326350278932 0.010041045682 cfg1 2 2 0 0 na na
10 64402.344350261775 0.010040480006 cfg1 2 1 0 0 na na
10 64402.349350297111 0.010040332936 cfg1 2 2 0 0 na na
10 64402.351350318758 0.010040282546 cfg1 2 1 0 0 na na
10 64402.353350252166 0.010040209748 cfg1 2 1 0 0 na na
10 64402.382350274500 0.010039297622 cfg1 2 1 0 0 na na
10 64402.392350241763 0.010039010059 cfg1 2 1 0 0 na na
10 64402.393350324939 0.010038969053 cfg1 2 2 0 0 na na
10 64402.394350270365 0.010038938041 cfg1 2 2 0 0 na na
10 64402.446350271929 0.010037340036 cfg1 2 1 0 0 na na
10 64402.452350344804 0.010037145954 cfg1 2 1 0 0 na na
10 64402.460350277837 0.010036880338 cfg1 2 1 0 0 na na
10 64402.463350312279 0.010036810176 cfg1 2 1 0 0 na na
10 64402.476350238817 0.010036412951 cfg1 2 1 0 0 na na
10 64402.496350266475 0.010035777533 cfg1 2 2 0 0 na na
10 64402.515350263742 0.010035185566 cfg1 2 1 0 0 na na
10 64402.516350301372 0.010035157918 cfg1 2 2 0 0 na na
10 64402.520350287167 0.010035030431 cfg1 2 1 0 0 na na
10 64402.528350287308 0.010034788899 cfg1 2 1 0 0 na na
10 64402.533350259659 0.010034631315 cfg1 2 2 0 0 na na
10 64402.544350303593 0.010034290570 cfg1 2 2 0 0 na na
10 64402.551350242007 0.010034085111 cfg1 2 1 0 0 na na
10 64402.560350323809 0.010033794941 cfg1 2 2 0 0 na na
10 64402.590350346228 0.010032876901 cfg1 2 1 0 0 na na
10 64402.593350287096 0.010032785091 cfg1 2 1 0 0 na na
10 64402.606350247063 0.010032374891 cfg1 2 1 0 0 na na
10 64402.619350313058 0.010031967644 cfg1 2 2 0 0 na na
10 64402.626350320140 0.010031752081 cfg1 2 1 0 0 na na
10 64402.633350275094 0.010031535019 cfg1 2 1 0 0 na na
10 64402.651350330796 0.010030979972 cfg1 2 1 0 0 na na
10 64402.652350249631 0.010030947227 cfg1 2 1 0 0 na na
10 64402.657350326599 0.010030790976 cfg1 2 2 0 0 na na
10 64402.671350294570 0.010030358075 cfg1 2 1 0 0 na na
10 64402.732350279018 0.010028466097 cfg1 2 1 0 0 na na
10 64402.740350303133 0.010028221136 cfg1 2 2 0 0 na na
10 64402.754350290297 0.010027776983 cfg1 2 1 0 0 na na
10 64402.774350325673 0.010027168665 cfg1 2 2 0 0 na na
10 64402.781350300148 0.010026952045 cfg1 2 2 0 0 na na
10 64402.790350294763 0.010026673454 cfg1 2 2 0 0 na na
10 64402.797350269803 0.010026456931 cfg1 2 2 0 0 na na
10 64402.804350317381 0.010026244255 cfg1 2 1 0 0 na na
10 64402.807350313339 0.010026147270 cfg1 2 2 0 0 na na
10 64402.810350327005 0.010026060160 cfg1 2 1 0 0 na na
10 64402.813350244245 0.010025967427 cfg1 2 1 0 0 na na
10 64402.816350300018 0.010025868910 cfg1 2 2 0 0 na na
10 64402.819350305810 0.010025775949 cfg1 2 2 0 0 na na
10 64402.832350253326 0.010025373628 cfg1 2 2 0 0 na na
10 64402.834350283612 0.010025312228 cfg1 2 1 0 0 na na
10 64402.850350287942 0.010024806044 cfg1 2 1 0 0 na na
10 64402.879350290878 0.010023919370 cfg1 2 2 0 0 na na
10 64402.880350301387 0.010023888260 cfg1 2 2 0 0 na na
10 64402.888350246354 0.010023645662 cfg1 2 1 0 0 na na
10 64402.923350308098 0.010022565336 cfg1 2 1 0 0 na na
10 64402.946350263459 0.010021846234 cfg1 2 2 0 0 na na
10 64402.981350323796 0.010020769012 cfg1 2 1 0 0 na na
10 64402.984350307288 0.010020670387 cfg1 2 1 0 0 na na
10 64403.002350258863 0.010020113188 cfg1 2 1 0 0 na na
10 64403.005350243522 0.010020028470 cfg1 2 1 0 0 na na
10 64403.010350313103 0.010019876298 cfg1 2 1 0 0 na na
10 64403.018350280819 0.010019619041 cfg1 2 2 0 0 na na
10 64403.019350317398 0.010019588529 cfg1 2 1 0 0 na na
10 64403.042350272334 0.010018876494 cfg1 2 1 0 0 na na
10 64403.057350291976 0.010018413062 cfg1 2 2 0 0 na na
10 64403.058350290318 0.010018392648 cfg1 2 1 0 0 na na
10 64403.088350335217 0.010017464928 cfg1 2 1 0 0 na na
10 64403.111350276398 0.010016741361 cfg1 2 1 0 0 na na
10 64403.128350304827 0.010016230576 cfg1 2 1 0 0 na na
10 64403.174350373018 0.010014792933 cfg1 2 1 0 0 na na
10 64403.183350291015 0.010014518130 cfg1 2 1 0 0 na na
10 64403.201350297604 0.010013976815 cfg1 2 1 0 0 na na
10 64403.215350370938 0.010013527931 cfg1 2 2 0 0 na na
10 64403.216350308404 0.010013494520 cfg1 2 1 0 0 na na
10 64403.219350270958 0.010013417763 cfg1 2 1 0 0 na na
10 64403.252350357896 0.010012388792 cfg1 2 1 0 0 na na
10 64403.288350257188 0.010011271840 cfg1 2 2 0 0 na na
10 64403.301350263404 0.010010878640 cfg1 2 1 0 0 na na
10 64403.309350322456 0.010010633609 cfg1 2 1 0 0 na na
10 64403.325350326255 0.010010128472 cfg1 2 2 0 0 na na
10 64403.345350310711 0.010009510566 cfg1 2 2 0 0 na na
10 64403.362350297332 0.010008980555 cfg1 2 1 0 0 na na
10 64403.432350335441 0.010006822884 cfg1 2 2 0 0 na na
10 64403.434350256358 0.010006755533 cfg1 2 1 0 0 na na
10 64403.446350286645 0.010006399725 cfg1 2 1 0 0 na na
10 64403.468350279967 0.010005705136 cfg1 2 1 0 0 na na
10 64403.476350302601 0.010005458821 cfg1 2 1 0 0 na na
10 64403.483350285212 0.010005253850 cfg1 2 1 0 0 na na
10 64403.486350317243 0.010005155093 cfg1 2 2 0 0 na na
10 64403.514350289113 0.010004289522 cfg1 2 1 0 0 na na
10 64403.542350285074 0.010003425832 cfg1 2 2 0 0 na na
10 64403.607350297368 0.010001418953 cfg1 2 1 0 0 na na
10 64403.636350312740 0.010000523802 cfg1 2 2 0 0 na na
10 64403.650350332331 0.010000098176 cfg1 2 1 0 0 na na
10 64403.651350305860 0.010000073359 cfg1 2 1 0 0 na na
10 64403.675350289769 0.009999319983 cfg1 2 1 0 0 na na
10 64403.686350256629 0.009998975372 cfg1 2 1 0 0 na na
10 64403.695350311821 0.009998705769 cfg1 2 1 0 0 na na
10 64403.697350355414 0.009998641079 cfg1 2 2 0 0 na na
10 64403.702350300853 0.009998483324 cfg1 2 1 0 0 na na
10 64403.735350334507 0.009997461947 cfg1 2 1 0 0 na na
10 64403.742350306062 0.009997252336 cfg1 2 2 0 0 na na
10 64403.743350315108 0.009997221451 cfg1 2 2 0 0 na na
10 64403.818350265897 0.009994907451 cfg1 2 2 0 0 na na
10 64403.830350270350 0.009994537288 cfg1 2 2 0 0 na na
10 64403.843350323973 0.009994136244 cfg1 2 2 0 0 na na
10 64403.856350304330 0.009993735244 cfg1 2 2 0 0 na na
10 64403.908350265810 0.009992123968 cfg1 2 1 0 0 na na
10 64403.954350328763 0.009990712869 cfg1 2 2 0 0 na na
10 64403.958350305954 0.009990589517 cfg1 2 2 0 0 na na
10 64403.973350279032 0.009990126996 cfg1 2 2 0 0 na na
10 64403.974350307535 0.009990096243 cfg1 2 2 0 0 na na
10 64403.988350317004 0.009989664407 cfg1 2 2 0 0 na na
10 64403.993350286816 0.009989510309 cfg1 2 2 0 0 na na
10 64403.999350300753 0.009989325362 cfg1 2 2 0 0 na na
10 64404.039350341510 0.009988105384 cfg1 2 1 0 0 na na
10 64404.059350304827 0.009987482523 cfg1 2 1 0 0 na na
10 64404.065350366800 0.009987290645 cfg1 2 2 0 0 na na
10 64404.068350301788 0.009987187800 cfg1 2 1 0 0 na na
10 64404.072350255570 0.009987074896 cfg1 2 2 0 0 na na
10 64404.123350302911 0.009985496490 cfg1 2 1 0 0 na na
10 64404.148350323089 0.009984732543 cfg1 2 2 0 0 na na
10 64404.176350250658 0.009983871492 cfg1 2 1 0 0 na na
10 64404.187350262301 0.009983519728 cfg1 2 1 0 0 na na
10 64404.189350328436 0.009983484974 cfg1 2 1 0 0 na na
10 64404.206350363061 0.009982934351 cfg1 2 1 0 0 na na
10 64404.242350245360 0.009981841612 cfg1 2 1 0 0 na na
10 64404.249350292125 0.009981612107 cfg1 2 1 0 0 na na
10 64404.259350294800 0.009981306451 cfg1 2 1 0 0 na na
10 64404.262350285231 0.009981223199 cfg1 2 1 0 0 na na
10 64404.270350295500 0.009980969862 cfg1 2 1 0 0 na na
10 64404.286350312513 0.009980471299 cfg1 2 1 0 0 na na
10 64404.293350343701 0.009980261290 cfg1 2 1 0 0 na na
10 64404.316350301586 0.009979556750 cfg1 2 2 0 0 na na
10 64404.373350286874 0.009977801392 cfg1 2 2 0 0 na na
10 64404.400350270129 0.009976970035 cfg1 2 2 0 0 na na
10 64404.429350328711 0.009976076985 cfg1 2 2 0 0 na na
10 64404.441350285357 0.009975708515 cfg1 2 1 0 0 na na
10 64404.455350249479 0.009975277441 cfg1 2 1 0 0 na na
10 64404.482350267624 0.009974445337 cfg1 2 2 0 0 na na
10 64404.497350268935 0.009973983674 cfg1 2 2 0 0 na na
10 64404.500350340740 0.009973901812 cfg1 2 1 0 0 na na
10 64404.506350322188 0.009973694638 cfg1 2 1 0 0 na na
10 64404.531350291105 0.009972937114 cfg1 2 2 0 0 na na
10 64404.532350239045 0.009972917624 cfg1 2 1 0 0 na na
10 64404.538350303675 0.009972728952 cfg1 2 1 0 0 na na
10 64404.553350240582 0.009972271237 cfg1 2 1 0 0 na na
10 64404.597350324909 0.009970905992 cfg1 2 2 0 0 na na
10 64404.617350287621 0.009970290502 cfg1 2 2 0 0 na na
10 64404.660350296071 0.009968955229 cfg1 2 1 0 0 na na
10 64404.665350265230 0.009968801736 cfg1 2 1 0 0 na na
10 64404.675350340037 0.009968506005 cfg1 2 2 0 0 na na
10 64404.684350311456 0.009968230360 cfg1 2 1 0 0 na na
10 64404.708350296169 0.009967490909 cfg1 2 2 0 0 na na
10 64404.740350278142 0.009966506636 cfg1 2 2 0 0 na na
10 64404.775350260502 0.009965421505 cfg1 2 1 0 0 na na
10 64404.797350239266 0.009964767689 cfg1 2 1 0 0 na na
10 64404.801350299099 0.009964636191 cfg1 2 1 0 0 na na
10 64404.808350272914 0.009964424086 cfg1 2 1 0 0 na na
10 64404.833350297441 0.009963644293 cfg1 2 1 0 0 na na
10 64404.897350250686 0.009961690327 cfg1 2 1 0 0 na na
10 64404.923350292032 0.009960891337 cfg1 2 1 0 0 na na
10 64404.957350293687 0.009959834720 cfg1 2 2 0 0 na na
10 64404.961350308969 0.009959719642 cfg1 2 1 0 0 na na
10 64404.972350310137 0.009959373697 cfg1 2 2 0 0 na na
10 64404.977350292961 0.009959215147 cfg1 2 1 0 0 na na
10 64405.003350248451 0.009958423651 cfg1 2 1 0 0 na na
10 64405.018350251587 0.009957960224 cfg1 2 2 0 0 na na
10 64405.048350318791 0.009957035726 cfg1 2 1 0 0 na na
10 64405.116350306741 0.009954937577 cfg1 2 1 0 0 na na
10 64405.117350290409 0.009954930427 cfg1 2 1 0 0 na na
10 64405.118350282306 0.009954896218 cfg1 2 1 0 0 na na
10 64405.121350312810 0.009954800517 cfg1 2 1 0 0 na na
10 64405.150350288038 0.009953904637 cfg1 2 2 0 0 na na
10 64405.182350245569 0.009952931468 cfg1 2 1 0 0 na na
10 64405.203350273990 0.009952276811 cfg1 2 2 0 0 na na
10 64405.209350247711 0.009952099135 cfg1 2 1 0 0 na na
10 64405.226350298536 0.009951559331 cfg1 2 1 0 0 na na
10 64405.251350323640 0.009950802807 cfg1 2 2 0 0 na na
10 64405.252350260420 0.009950766826 cfg1 2 1 0 0 na na
10 64405.284350336201 0.009949789558 cfg1 2 2 0 0 na na
10 64405.307350280629 0.009949083428 cfg1 2 2 0 0 na na
10 64405.320350237821 0.009948699120 cfg1 2 1 0 0 na na
10 64405.332350311011 0.009948315916 cfg1 2 1 0 0 na na
10 64405.343350249771 0.009947982139 cfg1 2 1 0 0 na na
10 64405.344350304246 0.009947947577 cfg1 2 2 0 0 na na
10 64405.348350289266 0.009947818969 cfg1 2 1 0 0 na na
10 64405.352350275287 0.009947702133 cfg1 2 2 0 0 na na
10 64405.360350343880 0.009947456465 cfg1 2 2 0 0 na na
10 64405.362350246122 0.009947400683 cfg1 2 1 0 0 na na
10 64405.385350315038 0.009946694150 cfg1 2 1 0 0 na na
10 64405.396350324492 0.009946351616 cfg1 2 2 0 0 na na
10 64405.439350296018 0.009945031940 cfg1 2 2 0 0 na na
10 64405.447350265290 0.009944776666 cfg1 2 1 0 0 na na
10 64405.472350285371 0.009944021193 cfg1 2 1 0 0 na na
10 64405.475350303717 0.009943927246 cfg1 2 2 0 0 na na
10 64405.492350248947 0.009943407886 cfg1 2 1 0 0 na na
10 64405.526350314893 0.009942362552 cfg1 2 2 0 0 na na
10 64405.532350347839 0.009942178499 cfg1 2 2 0 0 na na
10 64405.539350245024 0.009941971990 cfg1 2 1 0 0 na na
10 64405.554350244424 0.009941512282 cfg1 2 1 0 0 na na
10 64405.560350259641 0.009941312353 cfg1 2 1 0 0 na na
10 64405.567350253428 0.009941104870 cfg1 2 2 0 0 na na
10 64405.574350313248 0.009940890195 cfg1 2 2 0 0 na na
10 64405.578350291710 0.009940759874 cfg1 2 1 0 0 na na
10 64405.598350302892 0.009940154009 cfg1 2 2 0 0 na na
10 64405.623350253549 0.009939388329 cfg1 2 1 0 0 na na
10 64405.631350302159 0.009939141917 cfg1 2 2 0 0 na na
10 64405.638350281059 0.009938927277 cfg1 2 2 0 0 na na
10 64405.674350256255 0.009937820748 cfg1 2 1 0 0 na na
10 64405.684350313384 0.009937515328 cfg1 2 1 0 0 na na
10 64405.725350305791 0.009936259675 cfg1 2 2 0 0 na na
10 64405.727350254447 0.009936198436 cfg1 2 2 0 0 na na
10 64405.736350294439 0.009935922464 cfg1 2 2 0 0 na na
10 64405.742350286438 0.009935729485 cfg1 2 1 0 0 na na
10 64405.749350294165 0.009935523935 cfg1 2 2 0 0 na na
10 64405.765350300411 0.009935033469 cfg1 2 2 0 0 na na
10 64405.771350276027 0.009934849505 cfg1 2 1 0 0 na na
10 64405.785350250704 0.009934421380 cfg1 2 1 0 0 na na
10 64405.793350314542 0.009934175163 cfg1 2 1 0 0 na na
10 64405.794350260151 0.009934144525 cfg1 2 2 0 0 na na
10 64405.831350365030 0.009933010499 cfg1 2 1 0 0 na na
10 64405.832350238900 0.009932992986 cfg1 2 1 0 0 na na
10 64405.846350292880 0.009932552457 cfg1 2 1 0 0 na na
10 64405.860350332109 0.009932136490 cfg1 2 1 0 0 na na
10 64405.871350332087 0.009931784782 cfg1 2 2 0 0 na na
10 64405.873350303145 0.009931723405 cfg1 2 1 0 0 na na
10 64405.911350300985 0.009930549376 cfg1 2 1 0 0 na na
10 64405.919350277548 0.009930316214 cfg1 2 1 0 0 na na
10 64405.970350248391 0.009928759166 cfg1 2 1 0 0 na na
10 64406.008350309938 0.009927587704 cfg1 2 2 0 0 na na
10 64406.018350353739 0.009927281328 cfg1 2 2 0 0 na na
10 64406.054350273165 0.009926178793 cfg1 2 2 0 0 na na
10 64406.092350247642 0.009925019545 cfg1 2 1 0 0 na na
10 64406.101350282786 0.009924735853 cfg1 2 1 0 0 na na
10 64406.139350309476 0.009923576160 cfg1 2 2 0 0 na na
10 64406.165350352320 0.009922780156 cfg1 2 2 0 0 na na
10 64406.177350320355 0.009922412788 cfg1 2 2 0 0 na na
10 64406.199350322265 0.009921739413 cfg1 2 2 0 0 na na
10 64406.258350308803 0.009919933769 cfg1 2 2 0 0 na na
10 64406.266350296923 0.009919694582 cfg1 2 1 0 0 na na
10 64406.281350274474 0.009919229788 cfg1 2 2 0 0 na na
10 64406.298350284535 0.009918709600 cfg1 2 2 0 0 na na
10 64406.302350291856 0.009918587254 cfg1 2 2 0 0 na na
10 64406.323350264579 0.009917944651 cfg1 2 2 0 0 na na
10 64406.346350349504 0.009917240885 cfg1 2 2 0 0 na na
10 64406.377350274762 0.009916292488 cfg1 2 2 0 0 na na
10 64406.410350352419 0.009915280268 cfg1 2 1 0 0 na na
10 64406.428350290826 0.009914720961 cfg1 2 1 0 0 na na
10 64406.436350296171 0.009914487796 cfg1 2 2 0 0 na na
10 64406.438350327748 0.009914426641 cfg1 2 2 0 0 na na
10 64406.448350260011 0.009914119128 cfg1 2 1 0 0 na na
10 64406.449350346542 0.009914090161 cfg1 2 1 0 0 na na
10 64406.477350319335 0.009913233955 cfg1 2 2 0 0 na na
10 64406.487350323404 0.009912928137 cfg1 2 2 0 0 na na
10 64406.490350323757 0.009912836375 cfg1 2 2 0 0 na na
10 64406.509350356966 0.009912255328 cfg1 2 2 0 0 na na
10 64406.550350294811 0.009911001724 cfg1 2 2 0 0 na na
10 64406.555350322976 0.009910849024 cfg1 2 2 0 0 na na
10 64406.556350250653 0.009910831736 cfg1 2 1 0 0 na na
10 64406.564350280835 0.009910579834 cfg1 2 1 0 0 na na
10 64406.585350285967 0.009909931812 cfg1 2 2 0 0 na na
10 64406.588350316211 0.009909840435 cfg1 2 1 0 0 na na
10 64406.591350285502 0.009909748281 cfg1 2 2 0 0 na na
10 64406.603350315082 0.009909381511 cfg1 2 2 0 0 na na
10 64406.609350303712 0.009909198208 cfg1 2 2 0 0 na na
10 64406.619350292792 0.009908892464 cfg1 2 2 0 0 na na
10 64406.661350267723 0.009907619561 cfg1 2 1 0 0 na na
10 64406.675350278887 0.009907180888 cfg1 2 2 0 0 na na
10 64406.681350316906 0.009906997517 cfg1 2 2 0 0 na na
10 64406.716350344455 0.009905927943 cfg1 2 2 0 0 na na
10 64406.723350281975 0.009905729997 cfg1 2 1 0 0 na na
10 64406.745350283500 0.009905041914 cfg1 2 2 0 0 na na
10 64406.751350310622 0.009904858585 cfg1 2 2 0 0 na na
10 64406.763350309943 0.009904491884 cfg1 2 2 0 0 na na
10 64406.779350293928 0.009904003151 cfg1 2 2 0 0 na na
10 64406.792350308602 0.009903604630 cfg1 2 1 0 0 na na
10 64406.824350333240 0.009902622775 cfg1 2 1 0 0 na na
10 64406.835350323643 0.009902279763 cfg1 2 1 0 0 na na
10 64406.874350319440 0.009901102841 cfg1 2 1 0 0 na na
10 64406.905350287737 0.009900155088 cfg1 2 1 0 0 na na
10 64406.963350304783 0.009898383594 cfg1 2 2 0 0 na na
10 64406.970350292008 0.009898169881 cfg1 2 2 0 0 na na
10 64406.975350319669 0.009898017286 cfg1 2 2 0 0 na na
10 64406.982350333757 0.009897803498 cfg1 2 2 0 0 na na
10 64406.983350261400 0.009897772989 cfg1 2 2 0 0 na na
10 64406.989350336516 0.009897589810 cfg1 2 2 0 0 na na
10 64407.005350288110 0.009897101390 cfg1 2 2 0 0 na na
10 64407.017350331565 0.009896725429 cfg1 2 1 0 0 na na
10 64407.028350313096 0.009896399463 cfg1 2 2 0 0 na na
10 64407.036350334388 0.009896155132 cfg1 2 2 0 0 na na
10 64407.044350317471 0.009895910980 cfg1 2 2 0 0 na na
10 64407.055350285613 0.009895578910 cfg1 2 1 0 0 na na
10 64407.059350320115 0.009895453070 cfg1 2 2 0 0 na na
10 64407.065350281666 0.009895270005 cfg1 2 2 0 0 na na
10 64407.070350296024 0.009895117453 cfg1 2 2 0 0 na na
10 64407.074350297416 0.009894995323 cfg1 2 2 0 0 na na
10 64407.101350320291 0.009894171332 cfg1 2 2 0 0 na na
10 64407.107350311557 0.009893988294 cfg1 2 2 0 0 na na
10 64407.113350323411 0.009893813775 cfg1 2 1 0 0 na na
10 64407.128350326352 0.009893358165 cfg1 2 1 0 0 na na
10 64407.134350265991 0.009893174096 cfg1 2 1 0 0 na na
10 64407.136350279140 0.009893103266 cfg1 2 2 0 0 na na
10 64407.137350324650 0.009893072686 cfg1 2 2 0 0 na na
10 64407.141350331745 0.009892964263 cfg1 2 1 0 0 na na
10 64407.144350349089 0.009892859128 cfg1 2 2 0 0 na na
10 64407.147350318097 0.009892767611 cfg1 2 2 0 0 na na
10 64407.165350307508 0.009892218386 cfg1 2 2 0 0 na na
10 64407.166350278387 0.009892187889 cfg1 2 2 0 0 na na
10 64407.205350285091 0.009890998098 cfg1 2 2 0 0 na na
10 64407.206350309820 0.009890967621 cfg1 2 2 0 0 na na
10 64407.213350309564 0.009890754045 cfg1 2 2 0 0 na na
10 64407.257350293837 0.009889423927 cfg1 2 1 0 0 na na
10 64407.262350329816 0.009889252007 cfg1 2 1 0 0 na na
10 64407.270350313247 0.009889007171 cfg1 2 1 0 0 na na
10 64407.295350295066 0.009888241837 cfg1 2 1 0 0 na na
10 64407.302350313724 0.009888039457 cfg1 2 2 0 0 na na
10 64407.338350310567 0.009886952080 cfg1 2 1 0 0 na na
10 64407.363350346710 0.009886179476 cfg1 2 2 0 0 na na
10 64407.378350277583 0.009885721288 cfg1 2 1 0 0 na na
10 64407.394350329359 0.009885246334 cfg1 2 1 0 0 na na
10 64407.395350260320 0.009885196415 cfg1 2 1 0 0 na na
10 64407.396350306754 0.009885178823 cfg1 2 1 0 0 na na
10 64407.444350288766 0.009883718029 cfg1 2 1 0 0 na na
10 64407.456350280535 0.009883337041 cfg1 2 1 0 0 na na
10 64407.479350295903 0.009882643190 cfg1 2 2 0 0 na na
10 64407.556350314020 0.009880296730 cfg1 2 2 0 0 na na
10 64407.571350336496 0.009879839631 cfg1 2 2 0 0 na na
10 64407.588350301886 0.009879321858 cfg1 2 2 0 0 na na
10 64407.592350310839 0.009879199951 cfg1 2 2 0 0 na na
10 64407.596350249134 0.009879082839 cfg1 2 1 0 0 na na
10 64407.602350327933 0.009878895210 cfg1 2 2 0 0 na na
10 64407.614350254180 0.009878530059 cfg1 2 1 0 0 na na
10 64407.615350283916 0.009878499147 cfg1 2 2 0 0 na na
10 64407.627350298801 0.009878132089 cfg1 2 1 0 0 na na
10 64407.659350335313 0.009877158804 cfg1 2 2 0 0 na na
10 64407.665350265307 0.009876976083 cfg1 2 2 0 0 na na
10 64407.694350331753 0.009876079972 cfg1 2 1 0 0 na na
10 64407.698350317800 0.009875970982 cfg1 2 2 0 0 na na
10 64407.702350322045 0.009875849198 cfg1 2 2 0 0 na na
10 64407.751350277550 0.009874357093 cfg1 2 2 0 0 na na
10 64407.761350237700 0.009874069241 cfg1 2 1 0 0 na na
10 64407.791350287055 0.009873139119 cfg1 2 2 0 0 na na
10 64407.799350306233 0.009872895650 cfg1 2 2 0 0 na na
10 64407.804350280551 0.009872743338 cfg1 2 2 0 0 na na
10 64407.811350292729 0.009872530324 cfg1 2 2 0 0 na na
10 64407.845350242375 0.009871504666 cfg1 2 1 0 0 na na
10 64407.879350276493 0.009870460325 cfg1 2 2 0 0 na na
10 64407.881350294295 0.009870399423 cfg1 2 2 0 0 na na
10 64407.903350336950 0.009869726100 cfg1 2 1 0 0 na na
10 64407.931350331137 0.009868877816 cfg1 2 2 0 0 na na
10 64407.932350235771 0.009868861175 cfg1 2 1 0 0 na na
10 64407.944350316676 0.009868482255 cfg1 2 2 0 0 na na
10 64407.953350311720 0.009868208351 cfg1 2 2 0 0 na na
10 64407.957350313620 0.009868090671 cfg1 2 1 0 0 na na
10 64407.962350303751 0.009867934409 cfg1 2 2 0 0 na na
10 64407.973350288603 0.009867587877 cfg1 2 1 0 0 na na
10 64407.979350301238 0.009867417231 cfg1 2 2 0 0 na na
10 64407.991350332415 0.009867052121 cfg1 2 2 0 0 na na
10 64408.032350301871 0.009865804746 cfg1 2 2 0 0 na na
10 64408.071350318967 0.009864618326 cfg1 2 2 0 0 na na
10 64408.086350279268 0.009864162094 cfg1 2 2 0 0 na na
10 64408.101350305858 0.009863705991 cfg1 2 2 0 0 na na
10 64408.111350335036 0.009863401810 cfg1 2 2 0 0 na na
10 64408.129350317532 0.009862854478 cfg1 2 2 0 0 na na
10 64408.157350291461 0.009862002926 cfg1 2 2 0 0 na na
10 64408.166350345618 0.009861723913 cfg1 2 1 0 0 na na
10 64408.175350316420 0.009861455668 cfg1 2 2 0 0 na na
10 64408.176350282000 0.009861425194 cfg1 2 2 0 0 na na
10 64408.231350340713 0.009859753031 cfg1 2 2 0 0 na na
10 64408.284350335693 0.009858141969 cfg1 2 2 0 0 na na
10 64408.322350303170 0.009856986969 cfg1 2 1 0 0 na na
10 64408.323350302723 0.009856956667 cfg1 2 2 0 0 na na
10 64408.343350374486 0.009856348889 cfg1 2 2 0 0 na na
10 64408.377350247772 0.009855319245 cfg1 2 1 0 0 na na
10 64408.419350276091 0.009854039677 cfg1 2 2 0 0 na na
10 64408.425350317876 0.009853857294 cfg1 2 1 0 0 na na
10 64408.430350323250 0.009853705611 cfg1 2 2 0 0 na na
10 64408.441350297010 0.009853371317 cfg1 2 2 0 0 na na
10 64408.446350341715 0.009853219475 cfg1 2 2 0 0 na na
10 64408.469350299478 0.009852520758 cfg1 2 2 0 0 na na
10 64408.477350263970 0.009852277814 cfg1 2 2 0 0 na na
10 64408.494350353152 0.009851761402 cfg1 2 2 0 0 na na
10 64408.506350318095 0.009851396879 cfg1 2 1 0 0 na na
10 64408.510350359752 0.009851275440 cfg1 2 2 0 0 na na
10 64408.533350348866 0.009850577006 cfg1 2 2 0 0 na na
10 64408.536350346545 0.009850485924 cfg1 2 2 0 0 na na
10 64408.542350307089 0.009850313818 cfg1 2 1 0 0 na na
10 64408.549350300028 0.009850091034 cfg1 2 1 0 0 na na
10 64408.557350286112 0.009849848116 cfg1 2 2 0 0 na na
10 64408.558350305700 0.009849817772 cfg1 2 2 0 0 na na
10 64408.562350305913 0.009849696408 cfg1 2 2 0 0 na na
10 64408.569350314144 0.009849483768 cfg1 2 2 0 0 na na
10 64408.605350279952 0.009848390759 cfg1 2 2 0 0 na na
10 64408.616350329074 0.009848064086 cfg1 2 1 0 0 na na
10 64408.629350297477 0.009847661992 cfg1 2 1 0 0 na na
10 64408.670350279284 0.009846417437 cfg1 2 2 0 0 na na
10 64408.696350284891 0.009845628244 cfg1 2 2 0 0 na na
10 64408.709350324880 0.009845233695 cfg1 2 2 0 0 na na
10 64408.719350279329 0.009844931191 cfg1 2 1 0 0 na na
10 64408.749350318617 0.009844019770 cfg1 2 2 0 0 na na
10 64408.750350267052 0.009843989476 cfg1 2 2 0 0 na na
10 64408.751350341067 0.009843959158 cfg1 2 2 0 0 na na
10 64408.755350367198 0.009843837789 cfg1 2 2 0 0 na na
10 64408.761350309986 0.009843655618 cfg1 2 2 0 0 na na
10 64408.767350325728 0.009843466465 cfg1 2 1 0 0 na na
10 64408.779350295456 0.009843116415 cfg1 2 1 0 0 na na
10 64408.781350316338 0.009843048766 cfg1 2 2 0 0 na na
10 64408.838350269944 0.009841319451 cfg1 2 2 0 0 na na
10 64408.852350282747 0.009840897707 cfg1 2 1 0 0 na na
10 64408.863350292231 0.009840561107 cfg1 2 2 0 0 na na
10 64408.881350328044 0.009840014966 cfg1 2 1 0 0 na na
10 64408.887350302214 0.009839833005 cfg1 2 2 0 0 na na
10 64408.889350330697 0.009839772339 cfg1 2 2 0 0 na na
10 64408.915350270772 0.009838983878 cfg1 2 2 0 0 na na
10 64408.935350279114 0.009838383541 cfg1 2 1 0 0 na na
10 64408.946350327559 0.009838043659 cfg1 2 2 0 0 na na
10 64408.968350324584 0.009837364731 cfg1 2 1 0 0 na na
10 64408.999350317153 0.009836436523 cfg1 2 2 0 0 na na
10 64409.025350285697 0.009835648267 cfg1 2 2 0 0 na na
10 64409.054350254305 0.009834769189 cfg1 2 2 0 0 na na
10 64409.070350300530 0.009834284071 cfg1 2 2 0 0 na na
10 64409.095350323217 0.009833526397 cfg1 2 2 0 0 na na
10 64409.099350281619 0.009833405049 cfg1 2 2 0 0 na na
10 64409.101350336099 0.009833353079 cfg1 2 1 0 0 na na
10 64409.126350250859 0.009832591116 cfg1 2 1 0 0 na na
10 64409.158350297038 0.009831621671 cfg1 2 1 0 0 na na
10 64409.162350259118 0.009831495857 cfg1 2 2 0 0 na na
10 64409.166350258074 0.009831379764 cfg1 2 1 0 0 na na
10 64409.180350306496 0.009830966722 cfg1 2 1 0 0 na na
10 64409.192350312929 0.009830586784 cfg1 2 2 0 0 na na
10 64409.219350287359 0.009829768701 cfg1 2 2 0 0 na na
10 64409.222350259482 0.009829677795 cfg1 2 2 0 0 na na
10 64409.252350292490 0.009828771047 cfg1 2 1 0 0 na na
10 64409.264350315938 0.009828405437 cfg1 2 2 0 0 na na
10 64409.269350290896 0.009828254038 cfg1 2 2 0 0 na na
10 64409.270350322158 0.009828223846 cfg1 2 2 0 0 na na
10 64409.271350293426 0.009828193436 cfg1 2 2 0 0 na na
10 64409.297350299450 0.009827406438 cfg1 2 1 0 0 na na
10 64409.302350354096 0.009827254438 cfg1 2 2 0 0 na na
10 64409.319350242986 0.009826753947 cfg1 2 1 0 0 na na
10 64409.341350345825 0.009826073207 cfg1 2 2 0 0 na na
10 64409.344350260680 0.009825982385 cfg1 2 2 0 0 na na
10 64409.352350308987 0.009825740146 cfg1 2 2 0 0 na na
10 64409.354350277294 0.009825679544 cfg1 2 2 0 0 na na
10 64409.355350278714 0.009825649374 cfg1 2 2 0 0 na na
10 64409.367350316276 0.009825289254 cfg1 2 1 0 0 na na
10 64409.388350300891 0.009824648984 cfg1 2 1 0 0 na na
10 64409.394350264628 0.009824468420 cfg1 2 2 0 0 na na
10 64409.396350300468 0.009824407823 cfg1 2 2 0 0 na na
10 64409.400350303505 0.009824286674 cfg1 2 2 0 0 na na
10 64409.405350371504 0.009824135326 cfg1 2 2 0 0 na na
10 64409.426350329906 0.009823499535 cfg1 2 2 0 0 na na
10 64409.436350309095 0.009823196721 cfg1 2 2 0 0 na na
10 64409.446350292180 0.009822900997 cfg1 2 1 0 0 na na
10 64409.455350303014 0.009822621647 cfg1 2 2 0 0 na na
10 64409.460350287691 0.009822470234 cfg1 2 2 0 0 na na
10 64409.468350260204 0.009822228083 cfg1 2 2 0 0 na na
10 64409.494350330090 0.009821441026 cfg1 2 2 0 0 na na
10 64409.496350292227 0.009821380599 cfg1 2 2 0 0 na na
10 64409.501350318410 0.009821229199 cfg1 2 2 0 0 na na
10 64409.523350297882 0.009820563347 cfg1 2 2 0 0 na na
10 64409.524350329384 0.009820533168 cfg1 2 2 0 0 na na
10 64409.531350257857 0.009820321212 cfg1 2 2 0 0 na na
10 64409.532350346871 0.009820290889 cfg1 2 2 0 0 na na
10 64409.536350273303 0.009820169859 cfg1 2 2 0 0 na na
10 64409.544350332689 0.009819927826 cfg1 2 2 0 0 na na
10 64409.549350325153 0.009819776483 cfg1 2 2 0 0 na na
10 64409.552350293940 0.009819685753 cfg1 2 2 0 0 na na
10 64409.553350248624 0.009819663137 cfg1 2 1 0 0 na na
10 64409.554350291270 0.009819625212 cfg1 2 2 0 0 na na
10 64409.558350319119 0.009819504142 cfg1 2 2 0 0 na na
10 64409.563350290365 0.009819352800 cfg1 2 2 0 0 na na
10 64409.578350319603 0.009818890657 cfg1 2 1 0 0 na na
10 64409.597350240342 0.009818336433 cfg1 2 1 0 0 na na
10 64409.602350277943 0.009818172755 cfg1 2 2 0 0 na na
10 64409.624350272382 0.009817507066 cfg1 2 2 0 0 na na
10 64409.625350267887 0.009817476867 cfg1 2 2 0 0 na na
10 64409.630350340541 0.009817325589 cfg1 2 2 0 0 na na
10 64409.635350304599 0.009817174446 cfg1 2 2 0 0 na na
10 64409.651350264536 0.009816690348 cfg1 2 2 0 0 na na
10 64409.652350294264 0.009816660050 cfg1 2 2 0 0 na na
10 64409.666350249497 0.009816242414 cfg1 2 1 0 0 na na
10 64409.669350318724 0.009816145794 cfg1 2 2 0 0 na na
10 64409.670350263596 0.009816115669 cfg1 2 2 0 0 na na
10 64409.686350260825 0.009815631582 cfg1 2 2 0 0 na na
10 64409.687350347804 0.009815602426 cfg1 2 1 0 0 na na
10 64409.691350317743 0.009815480338 cfg1 2 2 0 0 na na
10 64409.692350288873 0.009815450070 cfg1 2 2 0 0 na na
10 64409.693350322658 0.009815419776 cfg1 2 2 0 0 na na
10 64409.705350296863 0.009815056880 cfg1 2 2 0 0 na na
10 64409.708350251202 0.009814970883 cfg1 2 1 0 0 na na
10 64409.720350292321 0.009814603272 cfg1 2 2 0 0 na na
10 64409.737350270598 0.009814076230 cfg1 2 1 0 0 na na
10 64409.752350252099 0.009813639628 cfg1 2 1 0 0 na na
10 64409.761350267663 0.009813363308 cfg1 2 2 0 0 na na
10 64409.772350290600 0.009813030637 cfg1 2 2 0 0 na na
10 64409.782350320321 0.009812728391 cfg1 2 2 0 0 na na
10 64409.790350290587 0.009812486363 cfg1 2 2 0 0 na na
10 64409.794350319899 0.009812365458 cfg1 2 2 0 0 na na
10 64409.804350292998 0.009812063094 cfg1 2 2 0 0 na na
10 64409.827350266366 0.009811383586 cfg1 2 1 0 0 na na
10 64409.850350291794 0.009810672445 cfg1 2 2 0 0 na na
10 64409.852350306487 0.009810611885 cfg1 2 2 0 0 na na
10 64409.856350298439 0.009810490954 cfg1 2 2 0 0 na na
10 64409.875350264101 0.009809916655 cfg1 2 2 0 0 na na
10 64409.895350326735 0.009809312165 cfg1 2 2 0 0 na na
10 64409.897350303132 0.009809251811 cfg1 2 2 0 0 na na
10 64409.915350251058 0.009808710989 cfg1 2 1 0 0 na na
10 64409.943350311131 0.009807861400 cfg1 2 2 0 0 na na
10 64409.961350267575 0.009807317447 cfg1 2 2 0 0 na na
10 64409.972350323276 0.009806989474 cfg1 2 1 0 0 na na
10 64409.979350327517 0.009806773565 cfg1 2 2 0 0 na na
10 64409.981350292192 0.009806713290 cfg1 2 2 0 0 na na
10 64409.988350378370 0.009806501666 cfg1 2 2 0 0 na na
10 64409.998350305422 0.009806199478 cfg1 2 2 0 0 na na
10 64410.004350323720 0.009806018171 cfg1 2 2 0 0 na na
10 64410.012350306930 0.009805776496 cfg1 2 2 0 0 na na
10 64410.030350283721 0.009805236422 cfg1 2 1 0 0 na na
10 64410.031350290978 0.009805202496 cfg1 2 2 0 0 na na
10 64410.033350303536 0.009805142054 cfg1 2 2 0 0 na na
10 64410.049350238076 0.009804673670 cfg1 2 1 0 0 na na
10 64410.061350349381 0.009804307229 cfg1 2 1 0 0 na na
10 64410.076350318257 0.009803842992 cfg1 2 2 0 0 na na
10 64410.085350333583 0.009803571104 cfg1 2 2 0 0 na na
10 64410.087350319251 0.009803510727 cfg1 2 2 0 0 na na
10 64410.098350243636 0.009803188198 cfg1 2 1 0 0 na na
10 64410.101350322459 0.009803088558 cfg1 2 1 0 0 na na
10 64410.105350261592 0.009802967156 cfg1 2 2 0 0 na na
10 64410.107350337216 0.009802906648 cfg1 2 2 0 0 na na
10 64410.108350262578 0.009802876500 cfg1 2 2 0 0 na na
10 64410.113350278416 0.009802725415 cfg1 2 2 0 0 na na
10 64410.125350278463 0.009802362963 cfg1 2 2 0 0 na na
10 64410.132350273142 0.009802151630 cfg1 2 2 0 0 na na
10 64410.149350361746 0.009801638211 cfg1 2 2 0 0 na na
10 64410.156350301344 0.009801426882 cfg1 2 2 0 0 na na
10 64410.157350295613 0.009801396749 cfg1 2 2 0 0 na na
10 64410.160350235558 0.009801321031 cfg1 2 1 0 0 na na
10 64410.177350325139 0.009800792805 cfg1 2 2 0 0 na na
10 64410.191350289820 0.009800370040 cfg1 2 2 0 0 na na
10 64410.194350276170 0.009800279465 cfg1 2 2 0 0 na na
10 64410.219350313751 0.009799525018 cfg1 2 1 0 0 na na
10 64410.221350300791 0.009799464180 cfg1 2 2 0 0 na na
10 64410.222350298053 0.009799433962 cfg1 2 2 0 0 na na
10 64410.223350345743 0.009799403789 cfg1 2 2 0 0 na na
10 64410.225350313775 0.009799343457 cfg1 2 2 0 0 na na
10 64410.228350239708 0.009799267150 cfg1 2 1 0 0 na na
10 64410.231350274604 0.009799162265 cfg1 2 2 0 0 na na
10 64410.236350270274 0.009799011411 cfg1 2 2 0 0 na na
10 64410.241350352957 0.009798860424 cfg1 2 2 0 0 na na
10 64410.248350288273 0.009798649172 cfg1 2 2 0 0 na na
10 64410.251350328534 0.009798558505 cfg1 2 2 0 0 na na
10 64410.254350265112 0.009798467920 cfg1 2 2 0 0 na na
10 64410.260350274335 0.009798286846 cfg1 2 2 0 0 na na
10 64410.261350316182 0.009798256703 cfg1 2 2 0 0 na na
10 64410.262350310274 0.009798226452 cfg1 2 2 0 0 na na
10 64410.263350299894 0.009798196768 cfg1 2 1 0 0 na na
10 64410.264350315426 0.009798166028 cfg1 2 2 0 0 na na
10 64410.268350349336 0.009798045321 cfg1 2 2 0 0 na na
10 64410.269350287231 0.009798015160 cfg1 2 2 0 0 na na
10 64410.270350310217 0.009797984932 cfg1 2 2 0 0 na na
10 64410.297350252039 0.009797170083 cfg1 2 2 0 0 na na
10 64410.308350330226 0.009796838112 cfg1 2 2 0 0 na na
10 64410.315350282833 0.009796626634 cfg1 2 2 0 0 na na
10 64410.321350250989 0.009796445890 cfg1 2 2 0 0 na na
10 64410.323350368502 0.009796385220 cfg1 2 2 0 0 na na
10 64410.328350243521 0.009796243245 cfg1 2 1 0 0 na na
10 64410.329350331212 0.009796204143 cfg1 2 2 0 0 na na
10 64410.336350286259 0.009795993362 cfg1 2 1 0 0 na na
10 64410.338350271540 0.009795933097 cfg1 2 1 0 0 na na
10 64410.357350296125 0.009795359213 cfg1 2 2 0 0 na na
10 64410.374350303166 0.009794846194 cfg1 2 2 0 0 na na
10 64410.400350297526 0.009794061681 cfg1 2 2 0 0 na na
10 64410.421350273304 0.009793428232 cfg1 2 2 0 0 na na
10 64410.422350274406 0.009793397961 cfg1 2 2 0 0 na na
10 64410.468350312786 0.009792002746 cfg1 2 1 0 0 na na
10 64410.486350314868 0.009791479819 cfg1 2 1 0 0 na na
10 64410.496350296452 0.009791173877 cfg1 2 1 0 0 na na
10 64410.516350260659 0.009790562497 cfg1 2 2 0 0 na na
10 64410.519350294020 0.009790472045 cfg1 2 2 0 0 na na
10 64410.524350322482 0.009790332987 cfg1 2 1 0 0 na na
10 64410.571350329575 0.009788903859 cfg1 2 2 0 0 na na
10 64410.640350299512 0.009786823410 cfg1 2 2 0 0 na na
10 64410.660350327078 0.009786220612 cfg1 2 2 0 0 na na
10 64410.663350324460 0.009786130126 cfg1 2 2 0 0 na na
10 64410.674350287089 0.009785791942 cfg1 2 1 0 0 na na
10 64410.675350258404 0.009785768428 cfg1 2 2 0 0 na na
10 64410.676350358707 0.009785738211 cfg1 2 2 0 0 na na
10 64410.677350328132 0.009785708235 cfg1 2 2 0 0 na na
10 64410.679350287039 0.009785647780 cfg1 2 2 0 0 na na
10 64410.703350317336 0.009784924236 cfg1 2 1 0 0 na na
10 64410.756350297438 0.009783327168 cfg1 2 2 0 0 na na
10 64410.793350333041 0.009782212294 cfg1 2 2 0 0 na na
10 64410.800350279836 0.009782001400 cfg1 2 2 0 0 na na
10 64410.830350329633 0.009781097541 cfg1 2 2 0 0 na na
10 64410.840350302550 0.009780796394 cfg1 2 2 0 0 na na
10 64410.858350293889 0.009780254013 cfg1 2 2 0 0 na na
10 64410.869350331678 0.009779922699 cfg1 2 2 0 0 na na
10 64410.898350312565 0.009779049178 cfg1 2 2 0 0 na na
10 64410.917350258852 0.009778476877 cfg1 2 1 0 0 na na
10 64410.918350351160 0.009778446919 cfg1 2 2 0 0 na na
10 64410.925350278032 0.009778252488 cfg1 2 1 0 0 na na
10 64410.936350290707 0.009777904716 cfg1 2 2 0 0 na na
10 64410.940350315917 0.009777784360 cfg1 2 2 0 0 na na
10 64411.002350333999 0.009775917402 cfg1 2 2 0 0 na na
10 64411.009350366612 0.009775707063 cfg1 2 1 0 0 na na
10 64411.019350325402 0.009775405565 cfg1 2 2 0 0 na na
10 64411.021350307718 0.009775345360 cfg1 2 2 0 0 na na
10 64411.056350292313 0.009774285765 cfg1 2 1 0 0 na na
10 64411.060350279214 0.009774171276 cfg1 2 2 0 0 na na
10 64411.070350250361 0.009773871748 cfg1 2 1 0 0 na na
10 64411.092350331733 0.009773208073 cfg1 2 2 0 0 na na
10 64411.112350315295 0.009772606607 cfg1 2 1 0 0 na na
10 64411.127350309783 0.009772143073 cfg1 2 1 0 0 na na
10 64411.192350348841 0.009770198825 cfg1 2 2 0 0 na na
10 64411.201350277510 0.009769927975 cfg1 2 2 0 0 na na
10 64411.202350306366 0.009769897962 cfg1 2 2 0 0 na na
10 64411.213350288539 0.009769578963 cfg1 2 1 0 0 na na
10 64411.251350288095 0.009768423825 cfg1 2 2 0 0 na na
10 64411.260350247508 0.009768159343 cfg1 2 1 0 0 na na
10 64411.277350353110 0.009767649495 cfg1 2 1 0 0 na na
10 64411.284350317050 0.009767431233 cfg1 2 2 0 0 na na
10 64411.285350316150 0.009767401049 cfg1 2 1 0 0 na na
10 64411.294350294402 0.009767130383 cfg1 2 2 0 0 na na
10 64411.299350276342 0.009766979987 cfg1 2 2 0 0 na na
10 64411.301350302118 0.009766920383 cfg1 2 1 0 0 na na
10 64411.306350332130 0.009766769551 cfg1 2 2 0 0 na na
10 64411.339350275697 0.009765777061 cfg1 2 2 0 0 na na
10 64411.434350321949 0.009762920750 cfg1 2 2 0 0 na na
10 64411.435350303828 0.009762890664 cfg1 2 2 0 0 na na
10 64411.446350343348 0.009762549726 cfg1 2 1 0 0 na na
10 64411.452350313693 0.009762379725 cfg1 2 2 0 0 na na
10 64411.467350315341 0.009761936907 cfg1 2 1 0 0 na na
10 64411.489350282177 0.009761267583 cfg1 2 2 0 0 na na
10 64411.494350290427 0.009761133265 cfg1 2 1 0 0 na na
10 64411.523350304876 0.009760245682 cfg1 2 2 0 0 na na
10 64411.527350316114 0.009760125481 cfg1 2 2 0 0 na na
10 64411.540350306699 0.009759734742 cfg1 2 2 0 0 na na
10 64411.552350298481 0.009759374172 cfg1 2 2 0 0 na na
10 64411.559350359053 0.009759163840 cfg1 2 2 0 0 na na
10 64411.568350359469 0.009758893433 cfg1 2 2 0 0 na na
10 64411.578350294563 0.009758592918 cfg1 2 2 0 0 na na
10 64411.582350304557 0.009758467291 cfg1 2 1 0 0 na na
10 64411.589350331483 0.009758262519 cfg1 2 2 0 0 na na
10 64411.597350330954 0.009758017781 cfg1 2 1 0 0 na na
10 64411.628350284744 0.009757090718 cfg1 2 2 0 0 na na
10 64411.636350257109 0.009756850448 cfg1 2 2 0 0 na na
10 64411.644350315964 0.009756610109 cfg1 2 2 0 0 na na
10 64411.645350282574 0.009756580045 cfg1 2 2 0 0 na na
10 64411.676350377893 0.009755648927 cfg1 2 2 0 0 na na
10 64411.709350305400 0.009754665622 cfg1 2 1 0 0 na na
10 64411.718350353138 0.009754387544 cfg1 2 2 0 0 na na
10 64411.731350358101 0.009753997155 cfg1 2 2 0 0 na na
10 64411.735350308134 0.009753878186 cfg1 2 1 0 0 na na
10 64411.745350317209 0.009753576674 cfg1 2 2 0 0 na na
10 64411.757350332375 0.009753216371 cfg1 2 2 0 0 na na
10 64411.760350288611 0.009753126294 cfg1 2 2 0 0 na na
10 64411.761350356448 0.009753096521 cfg1 2 2 0 0 na na
10 64411.771350275240 0.009752796152 cfg1 2 2 0 0 na na
10 64411.806350324955 0.009751745181 cfg1 2 2 0 0 na na
10 64411.886350298806 0.009749343768 cfg1 2 2 0 0 na na
10 64411.887350253806 0.009749313763 cfg1 2 2 0 0 na na
10 64411.900350300289 0.009748923615 cfg1 2 2 0 0 na na
10 64411.937350261779 0.009747805325 cfg1 2 1 0 0 na na
10 64411.938350309287 0.009747783271 cfg1 2 2 0 0 na na
10 64411.940350280836 0.009747723268 cfg1 2 2 0 0 na na
10 64411.942350341565 0.009747663158 cfg1 2 2 0 0 na na
10 64411.981350327366 0.009746493049 cfg1 2 2 0 0 na na
10 64411.992350293728 0.009746163025 cfg1 2 2 0 0 na na
10 64411.994350277488 0.009746102939 cfg1 2 2 0 0 na na
10 64411.997350354771 0.009746012944 cfg1 2 2 0 0 na na
10 64412.022350297078 0.009745263509 cfg1 2 1 0 0 na na
10 64412.058350294645 0.009744195615 cfg1 2 1 0 0 na na
10 64412.088350262165 0.009743274874 cfg1 2 1 0 0 na na
10 64412.126350258511 0.009742159286 cfg1 2 1 0 0 na na
10 64412.127350340816 0.009742113733 cfg1 2 2 0 0 na na
10 64412.132350323488 0.009741977487 cfg1 2 1 0 0 na na
10 64412.202350260053 0.009739856621 cfg1 2 1 0 0 na na
10 64412.207350338240 0.009739715087 cfg1 2 2 0 0 na na
10 64412.215350291498 0.009739475282 cfg1 2 2 0 0 na na
10 64412.235350241173 0.009738885875 cfg1 2 1 0 0 na na
10 64412.262350295512 0.009738066406 cfg1 2 2 0 0 na na
10 64412.289350243839 0.009737267894 cfg1 2 1 0 0 na na
10 64412.303350295212 0.009736828595 cfg1 2 1 0 0 na na
10 64412.319350306961 0.009736361371 cfg1 2 1 0 0 na na
10 64412.326350267796 0.009736163497 cfg1 2 1 0 0 na na
10 64412.331350329793 0.009735998719 cfg1 2 2 0 0 na na
10 64412.334350361489 0.009735908682 cfg1 2 2 0 0 na na
10 64412.338350274274 0.009735788950 cfg1 2 2 0 0 na na
10 64412.367350375601 0.009734919926 cfg1 2 2 0 0 na na
10 64412.377350252992 0.009734620297 cfg1 2 2 0 0 na na
10 64412.423350312747 0.009733242230 cfg1 2 2 0 0 na na
10 64412.450350381035 0.009732440382 cfg1 2 1 0 0 na na
10 64412.474350358824 0.009731714734 cfg1 2 2 0 0 na na
10 64412.503350306087 0.009730846178 cfg1 2 2 0 0 na na
10 64412.527350300456 0.009730127492 cfg1 2 2 0 0 na na
10 64412.533350288954 0.009729947871 cfg1 2 2 0 0 na na
10 64412.534350335594 0.009729917878 cfg1 2 2 0 0 na na
10 64412.547350316802 0.009729528725 cfg1 2 2 0 0 na na
10 64412.548350308438 0.009729498778 cfg1 2 2 0 0 na na
10 64412.550350309832 0.009729438880 cfg1 2 2 0 0 na na
10 64412.562350295120 0.009729079591 cfg1 2 2 0 0 na na
10 64412.573350277715 0.009728758390 cfg1 2 1 0 0 na na
10 64412.581350286352 0.009728510691 cfg1 2 2 0 0 na na
10 64412.617350286460 0.009727433679 cfg1 2 1 0 0 na na
10 64412.621350248149 0.009727318943 cfg1 2 1 0 0 na na
10 64412.631350275038 0.009727013958 cfg1 2 2 0 0 na na
10 64412.632350345789 0.009726984032 cfg1 2 2 0 0 na na
10 64412.641350315209 0.009726714642 cfg1 2 2 0 0 na na
10 64412.642350274098 0.009726684666 cfg1 2 2 0 0 na na
10 64412.644350288398 0.009726624820 cfg1 2 2 0 0 na na
10 64412.694350297453 0.009725128541 cfg1 2 2 0 0 na na
10 64412.724350252753 0.009724229286 cfg1 2 1 0 0 na na
10 64412.784350285426 0.009722428439 cfg1 2 1 0 0 na na
10 64412.785350295942 0.009722405723 cfg1 2 2 0 0 na na
10 64412.803350283299 0.009721867259 cfg1 2 2 0 0 na na
10 64412.823350322561 0.009721268900 cfg1 2 2 0 0 na na
10 64412.850350286320 0.009720461286 cfg1 2 2 0 0 na na
10 64412.867350309752 0.009719952851 cfg1 2 2 0 0 na na
10 64412.876350262617 0.009719683749 cfg1 2 2 0 0 na na
10 64412.912350261318 0.009718620980 cfg1 2 1 0 0 na na
10 64412.919350268492 0.009718397805 cfg1 2 2 0 0 na na
10 64412.922350277570 0.009718308110 cfg1 2 2 0 0 na na
10 64412.969350257374 0.009716911870 cfg1 2 1 0 0 na na
10 64412.985350294208 0.009716424610 cfg1 2 2 0 0 na na
10 64413.009350276454 0.009715704377 cfg1 2 1 0 0 na na
10 64413.021350275367 0.009715348486 cfg1 2 2 0 0 na na
10 64413.030350286375 0.009715079464 cfg1 2 2 0 0 na na
10 64413.038350331356 0.009714840394 cfg1 2 2 0 0 na na
10 64413.043350301182 0.009714691012 cfg1 2 2 0 0 na na
10 64413.064350289418 0.009714063340 cfg1 2 2 0 0 na na
10 64413.083350298652 0.009713495491 cfg1 2 2 0 0 na na
10 64413.095350316668 0.009713136914 cfg1 2 2 0 0 na na
10 64413.097350336939 0.009713077088 cfg1 2 2 0 0 na na
10 64413.099350337039 0.009713017382 cfg1 2 2 0 0 na na
10 64413.124350280068 0.009712270303 cfg1 2 2 0 0 na na
10 64413.175350340692 0.009710746701 cfg1 2 2 0 0 na na
10 64413.180350297898 0.009710597262 cfg1 2 2 0 0 na na
10 64413.222350312369 0.009709342677 cfg1 2 2 0 0 na na
10 64413.231350251094 0.009709075914 cfg1 2 1 0 0 na na
10 64413.254350333089 0.009708400839 cfg1 2 1 0 0 na na
10 64413.256350319431 0.009708327358 cfg1 2 2 0 0 na na
10 64413.260350269820 0.009708207810 cfg1 2 2 0 0 na na
10 64413.269350326368 0.009707928316 cfg1 2 1 0 0 na na
10 64413.281350322102 0.009707580695 cfg1 2 2 0 0 na na
10 64413.308350248941 0.009706782986 cfg1 2 1 0 0 na na
10 64413.355350349524 0.009705371218 cfg1 2 2 0 0 na na
10 64413.362350266358 0.009705162260 cfg1 2 2 0 0 na na
10 64413.374350247233 0.009704809432 cfg1 2 1 0 0 na na
10 64413.400350361670 0.009704027851 cfg1 2 2 0 0 na na
10 64413.404350323748 0.009703919998 cfg1 2 1 0 0 na na
10 64413.433350327000 0.009703042943 cfg1 2 2 0 0 na na
10 64413.452350307652 0.009702475890 cfg1 2 2 0 0 na na
10 64413.487350333435 0.009701431369 cfg1 2 2 0 0 na na
10 64413.519350324516 0.009700466541 cfg1 2 1 0 0 na na
10 64413.526350282171 0.009700258503 cfg1 2 1 0 0 na na
10 64413.558350289508 0.009699313100 cfg1 2 2 0 0 na na
10 64413.564350281815 0.009699134176 cfg1 2 2 0 0 na na
10 64413.617350287483 0.009697566640 cfg1 2 1 0 0 na na
10 64413.728350280498 0.009694241434 cfg1 2 1 0 0 na na
10 64413.788350256579 0.009692455152 cfg1 2 2 0 0 na na
10 64413.825350366125 0.009691362635 cfg1 2 1 0 0 na na
10 64413.826350298322 0.009691322207 cfg1 2 2 0 0 na na
10 64413.832350305708 0.009691143315 cfg1 2 2 0 0 na na
10 64413.841350262989 0.009690869043 cfg1 2 1 0 0 na na
10 64413.863350294126 0.009690221678 cfg1 2 1 0 0 na na
10 64413.874350263780 0.009689883138 cfg1 2 1 0 0 na na
10 64413.880350266156 0.009689700886 cfg1 2 1 0 0 na na
10 64413.890350309146 0.009689415090 cfg1 2 2 0 0 na na
10 64413.892350352172 0.009689357532 cfg1 2 1 0 0 na na
10 64413.907350301655 0.009688910957 cfg1 2 1 0 0 na na
10 64413.945350290044 0.009687765365 cfg1 2 1 0 0 na na
10 64413.949350301653 0.009687645505 cfg1 2 1 0 0 na na
10 64413.982350324085 0.009686674326 cfg1 2 2 0 0 na na
10 64414.041350255953 0.009684917229 cfg1 2 2 0 0 na na
10 64414.049350294679 0.009684679022 cfg1 2 2 0 0 na na
10 64414.078350293214 0.009683815488 cfg1 2 2 0 0 na na
10 64414.084350270165 0.009683636836 cfg1 2 2 0 0 na na
10 64414.092350257795 0.009683413793 cfg1 2 1 0 0 na na
10 64414.097350237616 0.009683264600 cfg1 2 1 0 0 na na
10 64414.107350296977 0.009682952093 cfg1 2 2 0 0 na na
10 64414.224350295325 0.009679480776 cfg1 2 1 0 0 na na
10 64414.285350243281 0.009677663532 cfg1 2 1 0 0 na na
10 64414.290350277241 0.009677505799 cfg1 2 2 0 0 na na
10 64414.292350356679 0.009677446227 cfg1 2 2 0 0 na na
10 64414.302350291116 0.009677148735 cfg1 2 2 0 0 na na
10 64414.311350297734 0.009676887650 cfg1 2 1 0 0 na na
10 64414.317350259350 0.009676702535 cfg1 2 2 0 0 na na
10 64414.326350319561 0.009676449749 cfg1 2 1 0 0 na na
10 64414.339350305901 0.009676048063 cfg1 2 2 0 0 na na
10 64414.340350309332 0.009676028883 cfg1 2 1 0 0 na na
10 64414.346350253662 0.009675839822 cfg1 2 1 0 0 na na
10 64414.353350311686 0.009675631625 cfg1 2 2 0 0 na na
10 64414.359350263152 0.009675453311 cfg1 2 2 0 0 na na
10 64414.379350268607 0.009674858307 cfg1 2 2 0 0 na na
10 64414.382350266719 0.009674769082 cfg1 2 2 0 0 na na
10 64414.394350290271 0.009674411678 cfg1 2 1 0 0 na na
10 64414.400350322047 0.009674221396 cfg1 2 1 0 0 na na
10 64414.402350332122 0.009674174322 cfg1 2 2 0 0 na na
10 64414.408350365790 0.009673983948 cfg1 2 1 0 0 na na
10 64414.421350295724 0.009673609257 cfg1 2 2 0 0 na na
10 64414.424350320825 0.009673517777 cfg1 2 1 0 0 na na
10 64414.456350289564 0.009672568573 cfg1 2 2 0 0 na na
10 64414.530350327976 0.009670368590 cfg1 2 1 0 0 na na
10 64414.572350302107 0.009669120381 cfg1 2 2 0 0 na na
10 64414.581350282777 0.009668852813 cfg1 2 2 0 0 na na
10 64414.584350322104 0.009668763602 cfg1 2 1 0 0 na na
10 64414.600350328044 0.009668296260 cfg1 2 1 0 0 na na
10 64414.639350364030 0.009667129629 cfg1 2 2 0 0 na na
10 64414.642350240097 0.009667051844 cfg1 2 1 0 0 na na
10 64414.656350288916 0.009666624234 cfg1 2 2 0 0 na na
10 64414.688350370185 0.009665682011 cfg1 2 1 0 0 na na
10 64414.744350242590 0.009664019634 cfg1 2 1 0 0 na na
10 64414.759350356911 0.009663564512 cfg1 2 2 0 0 na na
10 64414.761350266795 0.009663505178 cfg1 2 2 0 0 na na
10 64414.791350332171 0.009662629500 cfg1 2 1 0 0 na na
10 64414.811350301227 0.009662020273 cfg1 2 1 0 0 na na
10 64414.826350294449 0.009661574959 cfg1 2 2 0 0 na na
10 64414.838350311314 0.009661218655 cfg1 2 2 0 0 na na
10 64414.854350265803 0.009660743536 cfg1 2 1 0 0 na na
10 64414.874350323614 0.009660164237 cfg1 2 1 0 0 na na
10 64414.888350359318 0.009659734176 cfg1 2 2 0 0 na na
10 64414.937350361124 0.009658277949 cfg1 2 1 0 0 na na
10 64414.958350274345 0.009657656484 cfg1 2 2 0 0 na na
10 64414.986350328950 0.009656825610 cfg1 2 2 0 0 na na
10 64415.025350254246 0.009655667681 cfg1 2 1 0 0 na na
10 64415.058350320358 0.009654689347 cfg1 2 2 0 0 na na
10 64415.065350313507 0.009654481661 cfg1 2 2 0 0 na na
10 64415.142350242347 0.009652204580 cfg1 2 1 0 0 na na
10 64415.143350280066 0.009652168089 cfg1 2 2 0 0 na na
10 64415.163350291644 0.009651574953 cfg1 2 2 0 0 na na
10 64415.164350301989 0.009651545353 cfg1 2 2 0 0 na na
10 64415.185350322185 0.009650913326 cfg1 2 1 0 0 na na
10 64415.197350275391 0.009650562507 cfg1 2 1 0 0 na na
10 64415.208350294688 0.009650233769 cfg1 2 1 0 0 na na
10 64415.248350339369 0.009649054752 cfg1 2 2 0 0 na na
10 64415.257350274779 0.009648778784 cfg1 2 1 0 0 na na
10 64415.267350273371 0.009648491523 cfg1 2 2 0 0 na na
10 64415.284350286769 0.009648002064 cfg1 2 1 0 0 na na
10 64415.306350270817 0.009647330180 cfg1 2 1 0 0 na na
10 64415.314350280796 0.009647098402 cfg1 2 2 0 0 na na
10 64415.321350278633 0.009646891000 cfg1 2 2 0 0 na na
10 64415.324350347339 0.009646795154 cfg1 2 1 0 0 na na
10 64415.360350293110 0.009645735917 cfg1 2 1 0 0 na na
10 64415.361350260849 0.009645695772 cfg1 2 1 0 0 na na
10 64415.370350348913 0.009645428238 cfg1 2 1 0 0 na na
10 64415.380350323243 0.009645142581 cfg1 2 2 0 0 na na
10 64415.384350330385 0.009645024122 cfg1 2 2 0 0 na na
10 64415.399350313361 0.009644579555 cfg1 2 2 0 0 na na
10 64415.412350331064 0.009644185869 cfg1 2 1 0 0 na na
10 64415.475350312408 0.009642328108 cfg1 2 2 0 0 na na
10 64415.486350272927 0.009642002320 cfg1 2 2 0 0 na na
10 64415.496350286068 0.009641706110 cfg1 2 2 0 0 na na
10 64415.499350313734 0.009641617304 cfg1 2 2 0 0 na na
10 64415.512350304257 0.009641232245 cfg1 2 2 0 0 na na
10 64415.524350298627 0.009640876854 cfg1 2 2 0 0 na na
10 64415.559350368189 0.009639848411 cfg1 2 1 0 0 na na
10 64415.576350394757 0.009639337156 cfg1 2 2 0 0 na na
10 64415.609350319452 0.009638360086 cfg1 2 2 0 0 na na
10 64415.635350296960 0.009637589266 cfg1 2 1 0 0 na na
10 64415.702350262289 0.009635615092 cfg1 2 1 0 0 na na
10 64415.783350336906 0.009633210482 cfg1 2 2 0 0 na na
10 64415.811350302749 0.009632388304 cfg1 2 1 0 0 na na
10 64415.854350299467 0.009631125440 cfg1 2 1 0 0 na na
10 64415.912350317960 0.009629403318 cfg1 2 1 0 0 na na
10 64415.957350315116 0.009628070717 cfg1 2 1 0 0 na na
10 64415.997350252017 0.009626879912 cfg1 2 1 0 0 na na
10 64416.002350245143 0.009626742009 cfg1 2 1 0 0 na na
10 64416.041350304695 0.009625586094 cfg1 2 1 0 0 na na
10 64416.051350307183 0.009625292808 cfg1 2 1 0 0 na na
10 64416.058350300149 0.009625078655 cfg1 2 2 0 0 na na
10 64416.083350259270 0.009624339951 cfg1 2 2 0 0 na na
10 64416.103350306064 0.009623742603 cfg1 2 1 0 0 na na
10 64416.104350299641 0.009623719284 cfg1 2 2 0 0 na na
10 64416.120350305772 0.009623248201 cfg1 2 1 0 0 na na
10 64416.182350302617 0.009621421383 cfg1 2 1 0 0 na na
10 64416.205350304082 0.009620735373 cfg1 2 2 0 0 na na
10 64416.233350290054 0.009619908263 cfg1 2 2 0 0 na na
10 64416.243350322707 0.009619628291 cfg1 2 1 0 0 na na
10 64416.264350312236 0.009619001786 cfg1 2 1 0 0 na na
10 64416.272350251781 0.009618759958 cfg1 2 1 0 0 na na
10 64416.314350254033 0.009617530289 cfg1 2 1 0 0 na na
10 64416.354350359379 0.009616335295 cfg1 2 1 0 0 na na
10 64416.410350321390 0.009614682353 cfg1 2 2 0 0 na na
10 64416.441350278909 0.009613755751 cfg1 2 1 0 0 na na
10 64416.463350324183 0.009613118221 cfg1 2 2 0 0 na na
10 64416.525350281919 0.009611288816 cfg1 2 2 0 0 na na
10 64416.535350305639 0.009610999147 cfg1 2 1 0 0 na na
10 64416.538350331195 0.009610905205 cfg1 2 1 0 0 na na
10 64416.591350263812 0.009609341847 cfg1 2 2 0 0 na na
10 64416.596350253102 0.009609194395 cfg1 2 2 0 0 na na
10 64416.599350269721 0.009609115389 cfg1 2 1 0 0 na na
10 64416.630350314665 0.009608206293 cfg1 2 1 0 0 na na
10 64416.647350330137 0.009607690310 cfg1 2 2 0 0 na na
10 64416.683350317474 0.009606620754 cfg1 2 1 0 0 na na
10 64416.738350318115 0.009605007389 cfg1 2 2 0 0 na na
10 64416.761350242188 0.009604339745 cfg1 2 1 0 0 na na
10 64416.769350335283 0.009604089522 cfg1 2 1 0 0 na na
10 64416.770350237275 0.009604079533 cfg1 2 1 0 0 na na
10 64416.783350262645 0.009603674131 cfg1 2 1 0 0 na na
10 64416.893350319180 0.009600439514 cfg1 2 2 0 0 na na
10 64416.917350240742 0.009599746283 cfg1 2 1 0 0 na na
10 64416.929350314461 0.009599385008 cfg1 2 1 0 0 na na
10 64416.984350284606 0.009597759052 cfg1 2 2 0 0 na na
10 64417.014350294082 0.009596875540 cfg1 2 1 0 0 na na
10 64417.074350363548 0.009595108965 cfg1 2 2 0 0 na na
10 64417.098350333266 0.009594402422 cfg1 2 2 0 0 na na
10 64417.108350333326 0.009594107950 cfg1 2 1 0 0 na na
10 64417.132350329655 0.009593399598 cfg1 2 1 0 0 na na
10 64417.170350330526 0.009592283170 cfg1 2 2 0 0 na na
10 64417.191350284065 0.009591665189 cfg1 2 2 0 0 na na
10 64417.253350305545 0.009589854577 cfg1 2 1 0 0 na na
10 64417.258350245496 0.009589701415 cfg1 2 1 0 0 na na
10 64417.285350288670 0.009588901672 cfg1 2 1 0 0 na na
10 64417.305350255562 0.009588311695 cfg1 2 2 0 0 na na
10 64417.309350273739 0.009588186740 cfg1 2 1 0 0 na na
10 64417.330350297958 0.009587575887 cfg1 2 2 0 0 na na
10 64417.380350256418 0.009586105487 cfg1 2 2 0 0 na na
10 64417.391350267532 0.009585791867 cfg1 2 1 0 0 na na
10 64417.412350275140 0.009585152654 cfg1 2 1 0 0 na na
10 64417.424350273881 0.009584811791 cfg1 2 2 0 0 na na
10 64417.426350271484 0.009584752996 cfg1 2 2 0 0 na na
10 64417.431350238753 0.009584623296 cfg1 2 1 0 0 na na
10 64417.437350265209 0.009584429477 cfg1 2 1 0 0 na na
10 64417.495350286702 0.009582724542 cfg1 2 1 0 0 na na
10 64417.504350263137 0.009582448626 cfg1 2 1 0 0 na na
10 64417.546350325815 0.009581232019 cfg1 2 1 0 0 na na
10 64417.557350379673 0.009580902468 cfg1 2 2 0 0 na na
10 64417.563350277351 0.009580717737 cfg1 2 1 0 0 na na
10 64417.631350270393 0.009578732826 cfg1 2 1 0 0 na na
10 64417.667350340849 0.009577670645 cfg1 2 2 0 0 na na
10 64417.672350250536 0.009577536710 cfg1 2 1 0 0 na na
10 64417.684350276754 0.009577171393 cfg1 2 2 0 0 na na
10 64417.687350322986 0.009577083227 cfg1 2 2 0 0 na na
10 64417.691350341966 0.009576957478 cfg1 2 1 0 0 na na
10 64417.715350247998 0.009576268762 cfg1 2 1 0 0 na na
10 64417.735350280580 0.009575673556 cfg1 2 2 0 0 na na
10 64417.823350359134 0.009573089797 cfg1 2 2 0 0 na na
10 64417.860350269394 0.009572003762 cfg1 2 2 0 0 na na
10 64417.878350280768 0.009571478116 cfg1 2 1 0 0 na na
10 64417.955350329186 0.009569215957 cfg1 2 2 0 0 na na
10 64417.957350279607 0.009569157202 cfg1 2 2 0 0 na na
10 64418.006350292259 0.009567719672 cfg1 2 2 0 0 na na
10 64418.030350263603 0.009567015678 cfg1 2 2 0 0 na na
10 64418.061350310304 0.009566106418 cfg1 2 2 0 0 na na
10 64418.065350353739 0.009565989214 cfg1 2 2 0 0 na na
10 64418.095350337512 0.009565101759 cfg1 2 1 0 0 na na
10 64418.096350307786 0.009565080059 cfg1 2 2 0 0 na na
10 64418.165350299126 0.009563056912 cfg1 2 2 0 0 na na
10 64418.239350313598 0.009560887972 cfg1 2 2 0 0 na na
10 64418.245350262133 0.009560712147 cfg1 2 2 0 0 na na
10 64418.257350346595 0.009560360354 cfg1 2 2 0 0 na na
10 64418.280350285655 0.009559686388 cfg1 2 2 0 0 na na
10 64418.302350330808 0.009559041723 cfg1 2 2 0 0 na na
10 64418.329350344344 0.009558254069 cfg1 2 1 0 0 na na
10 64418.373350313187 0.009556978713 cfg1 2 1 0 0 na na
10 64418.405350306706 0.009556024341 cfg1 2 2 0 0 na na
10 64418.442350321362 0.009554940639 cfg1 2 2 0 0 na na
10 64418.480350265872 0.009553828019 cfg1 2 2 0 0 na na
10 64418.498350299156 0.009553300925 cfg1 2 2 0 0 na na
10 64418.507350261338 0.009553037379 cfg1 2 2 0 0 na na
10 64418.513350362771 0.009552861721 cfg1 2 2 0 0 na na
10 64418.523350251295 0.009552575556 cfg1 2 1 0 0 na na
10 64418.532350294545 0.009552305625 cfg1 2 2 0 0 na na
10 64418.547350278139 0.009551866368 cfg1 2 2 0 0 na na
10 64418.566350332406 0.009551310302 cfg1 2 2 0 0 na na
10 64418.598350279228 0.009550373669 cfg1 2 2 0 0 na na
10 64418.623350366583 0.009549641963 cfg1 2 2 0 0 na na
10 64418.637350249129 0.009549237793 cfg1 2 1 0 0 na na
10 64418.645350281410 0.009548998245 cfg1 2 2 0 0 na na
10 64418.649350298090 0.009548872887 cfg1 2 1 0 0 na na
10 64418.658350325014 0.009548617797 cfg1 2 2 0 0 na na
10 64418.669350299315 0.009548295973 cfg1 2 2 0 0 na na
10 64418.676350360530 0.009548091150 cfg1 2 2 0 0 na na
10 64418.678350341417 0.009548032646 cfg1 2 2 0 0 na na
10 64418.689350316813 0.009547710791 cfg1 2 2 0 0 na na
10 64418.700350273722 0.009547389028 cfg1 2 2 0 0 na na
10 64418.704350246155 0.009547280782 cfg1 2 1 0 0 na na
10 64418.720350293058 0.009546803983 cfg1 2 2 0 0 na na
10 64418.721350372517 0.009546774701 cfg1 2 2 0 0 na na
10 64418.745350324489 0.009546072665 cfg1 2 2 0 0 na na
10 64418.755350308406 0.009545778116 cfg1 2 1 0 0 na na
10 64418.760350294645 0.009545633930 cfg1 2 2 0 0 na na
10 64418.770350329742 0.009545341451 cfg1 2 2 0 0 na na
10 64418.777350301380 0.009545136759 cfg1 2 2 0 0 na na
10 64418.786350244221 0.009544887576 cfg1 2 1 0 0 na na
10 64418.809350332017 0.009544200921 cfg1 2 2 0 0 na na
10 64418.813350251641 0.009544090192 cfg1 2 1 0 0 na na
10 64418.826350290718 0.009543703808 cfg1 2 2 0 0 na na
10 64418.831350353221 0.009543557618 cfg1 2 2 0 0 na na
10 64418.841350300608 0.009543266352 cfg1 2 1 0 0 na na
10 64418.847350270910 0.009543089772 cfg1 2 2 0 0 na na
10 64418.855350327939 0.009542864917 cfg1 2 1 0 0 na na
10 64418.878350360753 0.009542194518 cfg1 2 1 0 0 na na
10 64418.880350268450 0.009542134211 cfg1 2 1 0 0 na na
10 64418.891350355205 0.009541803222 cfg1 2 1 0 0 na na
10 64418.902350346878 0.009541481822 cfg1 2 2 0 0 na na
10 64418.923350257240 0.009540868789 cfg1 2 1 0 0 na na
10 64418.952350305485 0.009540020305 cfg1 2 2 0 0 na na
10 64418.957350268224 0.009539874290 cfg1 2 2 0 0 na na
10 64418.979350263933 0.009539231323 cfg1 2 2 0 0 na na
10 64419.001350240978 0.009538600966 cfg1 2 1 0 0 na na
10 64419.003350283201 0.009538541897 cfg1 2 1 0 0 na na
10 64419.040350271924 0.009537448893 cfg1 2 2 0 0 na na
10 64419.047350293950 0.009537244486 cfg1 2 2 0 0 na na
10 64419.081350337143 0.009536251188 cfg1 2 2 0 0 na na
10 64419.083350275254 0.009536192814 cfg1 2 2 0 0 na na
10 64419.123350291815 0.009535026649 cfg1 2 1 0 0 na na
10 64419.136350309515 0.009534644719 cfg1 2 2 0 0 na na
10 64419.168350266514 0.009533710103 cfg1 2 1 0 0 na na
10 64419.180350297987 0.009533359760 cfg1 2 2 0 0 na na
10 64419.199350259544 0.009532805080 cfg1 2 2 0 0 na na
10 64419.203350323601 0.009532688581 cfg1 2 2 0 0 na na
10 64419.207350323513 0.009532571547 cfg1 2 2 0 0 na na
10 64419.209350263860 0.009532513057 cfg1 2 2 0 0 na na
10 64419.222350305650 0.009532133500 cfg1 2 2 0 0 na na
10 64419.227350272550 0.009531981147 cfg1 2 1 0 0 na na
10 64419.274350354230 0.009530615568 cfg1 2 2 0 0 na na
10 64419.301350283416 0.009529827452 cfg1 2 2 0 0 na na
10 64419.308350255094 0.009529623166 cfg1 2 2 0 0 na na
10 64419.379350273975 0.009527551378 cfg1 2 2 0 0 na na
10 64419.383350306115 0.009527434717 cfg1 2 2 0 0 na na
10 64419.402350260648 0.009526880315 cfg1 2 2 0 0 na na
10 64419.423350324095 0.009526267590 cfg1 2 2 0 0 na na
10 64419.429350261481 0.009526101539 cfg1 2 1 0 0 na na
10 64419.444350285621 0.009525655014 cfg1 2 2 0 0 na na
10 64419.491350356480 0.009524284189 cfg1 2 2 0 0 na na
10 64419.495350258153 0.009524163901 cfg1 2 1 0 0 na na
10 64419.496350325720 0.009524138527 cfg1 2 2 0 0 na na
10 64419.522350315386 0.009523380201 cfg1 2 2 0 0 na na
10 64419.540350332862 0.009522855344 cfg1 2 2 0 0 na na
10 64419.562350308105 0.009522202430 cfg1 2 1 0 0 na na
10 64419.602350266660 0.009521047708 cfg1 2 2 0 0 na na
10 64419.621350321238 0.009520493869 cfg1 2 2 0 0 na na
10 64419.705350262199 0.009518040190 cfg1 2 1 0 0 na na
10 64419.721350356874 0.009517579637 cfg1 2 2 0 0 na na
10 64419.740350292290 0.009517025995 cfg1 2 2 0 0 na na
10 64419.746350276527 0.009516851245 cfg1 2 2 0 0 na na
10 64419.747350342198 0.009516822066 cfg1 2 2 0 0 na na
10 64419.768350301195 0.009516210237 cfg1 2 2 0 0 na na
10 64419.775350240915 0.009516021153 cfg1 2 1 0 0 na na
10 64419.787350336818 0.009515656735 cfg1 2 1 0 0 na na
10 64419.792350292003 0.009515521352 cfg1 2 1 0 0 na na
10 64419.821350318759 0.009514666396 cfg1 2 1 0 0 na na
10 64419.843350288316 0.009514037278 cfg1 2 1 0 0 na na
10 64419.847350304378 0.009513909787 cfg1 2 1 0 0 na na
10 64419.870350295778 0.009513239386 cfg1 2 2 0 0 na na
10 64419.873350276477 0.009513162635 cfg1 2 1 0 0 na na
10 64419.900350315144 0.009512383825 cfg1 2 1 0 0 na na
10 64419.909350251190 0.009512105445 cfg1 2 1 0 0 na na
10 64419.915350346084 0.009511929097 cfg1 2 1 0 0 na na
10 64419.925350334780 0.009511637940 cfg1 2 2 0 0 na na
10 64419.935350317743 0.009511346837 cfg1 2 2 0 0 na na
10 64419.956350250963 0.009510740906 cfg1 2 1 0 0 na na
10 64419.968350300249 0.009510386216 cfg1 2 2 0 0 na na
10 64419.971350309218 0.009510298864 cfg1 2 2 0 0 na na
10 64419.972350249924 0.009510271965 cfg1 2 1 0 0 na na
10 64419.978350334133 0.009510110363 cfg1 2 1 0 0 na na
10 64419.992350291935 0.009509687585 cfg1 2 2 0 0 na na
10 64420.008350270311 0.009509221971 cfg1 2 2 0 0 na na
10 64420.010350278449 0.009509163708 cfg1 2 2 0 0 na na
10 64420.011350363041 0.009509134716 cfg1 2 2 0 0 na na
10 64420.043350252712 0.009508212490 cfg1 2 1 0 0 na na
10 64420.053350293276 0.009507912362 cfg1 2 2 0 0 na na
10 64420.057350359153 0.009507796040 cfg1 2 2 0 0 na na
10 64420.059350275808 0.009507737789 cfg1 2 2 0 0 na na
10 64420.060350290998 0.009507708682 cfg1 2 2 0 0 na na
10 64420.066350343182 0.009507534160 cfg1 2 2 0 0 na na
10 64420.067350295697 0.009507505059 cfg1 2 2 0 0 na na
10 64420.069350280792 0.009507446755 cfg1 2 2 0 0 na na
10 64420.099350278411 0.009506573961 cfg1 2 2 0 0 na na
10 64420.121350248699 0.009505938401 cfg1 2 1 0 0 na na
10 64420.124350251301 0.009505845667 cfg1 2 1 0 0 na na
10 64420.129350341410 0.009505718215 cfg1 2 1 0 0 na na
10 64420.154350295585 0.009504974019 cfg1 2 2 0 0 na na
10 64420.155350281619 0.009504944903 cfg1 2 2 0 0 na na
10 64420.174350356221 0.009504392297 cfg1 2 2 0 0 na na
10 64420.192350257154 0.009503868753 cfg1 2 2 0 0 na na
10 64420.209350340242 0.009503374404 cfg1 2 2 0 0 na na
10 64420.215350329359 0.009503200039 cfg1 2 2 0 0 na na
10 64420.228350246808 0.009502824983 cfg1 2 1 0 0 na na
10 64420.236350275543 0.009502601625 cfg1 2 1 0 0 na na
10 64420.251350249555 0.009502157319 cfg1 2 1 0 0 na na
10 64420.252350333456 0.009502124013 cfg1 2 2 0 0 na na
10 64420.268350337011 0.009501658919 cfg1 2 2 0 0 na na
10 64420.280350248016 0.009501313989 cfg1 2 1 0 0 na na
10 64420.281350330750 0.009501280862 cfg1 2 2 0 0 na na
10 64420.290350322159 0.009501019377 cfg1 2 2 0 0 na na
10 64420.294350278072 0.009500903052 cfg1 2 2 0 0 na na
10 64420.300350254310 0.009500728483 cfg1 2 2 0 0 na na
10 64420.312350290083 0.009500379698 cfg1 2 2 0 0 na na
10 64420.313350302684 0.009500350620 cfg1 2 2 0 0 na na
10 64420.316350283970 0.009500259507 cfg1 2 1 0 0 na na
10 64420.319350270187 0.009500176236 cfg1 2 2 0 0 na na
10 64420.356350258115 0.009499100829 cfg1 2 2 0 0 na na
10 64420.366350265917 0.009498810202 cfg1 2 2 0 0 na na
10 64420.385350300403 0.009498258044 cfg1 2 2 0 0 na na
10 64420.389350338095 0.009498141844 cfg1 2 2 0 0 na na
10 64420.392350318479 0.009498054604 cfg1 2 2 0 0 na na
10 64420.402350315558 0.009497764135 cfg1 2 2 0 0 na na
10 64420.404350304047 0.009497703126 cfg1 2 1 0 0 na na
10 64420.405350298509 0.009497676817 cfg1 2 2 0 0 na na
10 64420.406350288756 0.009497647828 cfg1 2 2 0 0 na na
10 64420.407350290533 0.009497618832 cfg1 2 2 0 0 na na
10 64420.414350284819 0.009497415409 cfg1 2 2 0 0 na na
10 64420.430350261649 0.009496950390 cfg1 2 2 0 0 na na
10 64420.449350298016 0.009496398390 cfg1 2 2 0 0 na na
10 64420.459350267074 0.009496107886 cfg1 2 2 0 0 na na
10 64420.477350280588 0.009495584974 cfg1 2 2 0 0 na na
10 64420.485350262360 0.009495352583 cfg1 2 2 0 0 na na
10 64420.493350277257 0.009495120217 cfg1 2 2 0 0 na na
10 64420.498350283426 0.009494974974 cfg1 2 2 0 0 na na
10 64420.499350270755 0.009494960177 cfg1 2 1 0 0 na na
10 64420.503350271469 0.009494829749 cfg1 2 2 0 0 na na
10 64420.517350316702 0.009494435351 cfg1 2 1 0 0 na na
10 64420.532350250461 0.009493991395 cfg1 2 1 0 0 na na
10 64420.543350302565 0.009493680132 cfg1 2 1 0 0 na na
10 64420.552350243678 0.009493413024 cfg1 2 1 0 0 na na
10 64420.562350329482 0.009493116247 cfg1 2 2 0 0 na na
10 64420.568350300102 0.009492950137 cfg1 2 1 0 0 na na
10 64420.606350292923 0.009491838574 cfg1 2 2 0 0 na na
10 64420.613350262412 0.009491652218 cfg1 2 1 0 0 na na
10 64420.614350313101 0.009491606293 cfg1 2 2 0 0 na na
10 64420.691350244633 0.009489377252 cfg1 2 1 0 0 na na
10 64420.709350331852 0.009488854619 cfg1 2 1 0 0 na na
10 64420.720350303014 0.009488529499 cfg1 2 2 0 0 na na
10 64420.733350340264 0.009488152216 cfg1 2 2 0 0 na na
10 64420.738350342624 0.009488007104 cfg1 2 2 0 0 na na
10 64420.781350285672 0.009486750551 cfg1 2 1 0 0 na na
10 64420.829350288047 0.009485366963 cfg1 2 2 0 0 na na
10 64420.838350297225 0.009485105937 cfg1 2 2 0 0 na na
10 64420.862350255373 0.009484406623 cfg1 2 1 0 0 na na
10 64420.895350293892 0.009483452558 cfg1 2 2 0 0 na na
10 64420.904350283026 0.009483183082 cfg1 2 1 0 0 na na
10 64420.906350286601 0.009483133705 cfg1 2 2 0 0 na na
10 64420.938350319847 0.009482205732 cfg1 2 2 0 0 na na
10 64420.939350318241 0.009482177263 cfg1 2 1 0 0 na na
10 64420.970350248773 0.009481283143 cfg1 2 1 0 0 na na
10 64421.024350293304 0.009479712635 cfg1 2 2 0 0 na na
10 64421.074350342743 0.009478263394 cfg1 2 2 0 0 na na
10 64421.104350291446 0.009477394177 cfg1 2 2 0 0 na na
10 64421.120350376793 0.009476941554 cfg1 2 1 0 0 na na
10 64421.132350340054 0.009476582781 cfg1 2 2 0 0 na na
10 64421.152350315758 0.009476003374 cfg1 2 2 0 0 na na
10 64421.170350280425 0.009475481923 cfg1 2 2 0 0 na na
10 64421.179350303698 0.009475221219 cfg1 2 2 0 0 na na
10 64421.185350311125 0.009475047545 cfg1 2 2 0 0 na na
10 64421.196350316691 0.009474722773 cfg1 2 1 0 0 na na
10 64421.216350340915 0.009474149536 cfg1 2 2 0 0 na na
10 64421.217350258501 0.009474120631 cfg1 2 2 0 0 na na
10 64421.225350271188 0.009473888860 cfg1 2 2 0 0 na na
10 64421.229350339577 0.009473773052 cfg1 2 2 0 0 na na
10 64421.233350241539 0.009473670155 cfg1 2 1 0 0 na na
10 64421.284350314947 0.009472180271 cfg1 2 2 0 0 na na
10 64421.314350327936 0.009471311768 cfg1 2 2 0 0 na na
10 64421.341350331743 0.009470530096 cfg1 2 2 0 0 na na
10 64421.360350319946 0.009469980111 cfg1 2 2 0 0 na na
10 64421.373350251923 0.009469604720 cfg1 2 1 0 0 na na
10 64421.379350317577 0.009469430088 cfg1 2 2 0 0 na na
10 64421.393350344091 0.009469024924 cfg1 2 2 0 0 na na
10 64421.396350257460 0.009468938163 cfg1 2 2 0 0 na na
10 64421.418350341720 0.009468301442 cfg1 2 2 0 0 na na
10 64421.419350262890 0.009468272751 cfg1 2 2 0 0 na na
10 64421.420350326805 0.009468243565 cfg1 2 2 0 0 na na
10 64421.428350245492 0.009468021551 cfg1 2 1 0 0 na na
10 64421.435350317902 0.009467809561 cfg1 2 2 0 0 na na
10 64421.447350307731 0.009467462292 cfg1 2 2 0 0 na na
10 64421.465350272700 0.009466958510 cfg1 2 1 0 0 na na
10 64421.468350301205 0.009466854615 cfg1 2 2 0 0 na na
10 64421.482350265910 0.009466457301 cfg1 2 1 0 0 na na
10 64421.499350290645 0.009465957789 cfg1 2 2 0 0 na na
10 64421.529350275759 0.009465089943 cfg1 2 2 0 0 na na
10 64421.535350369581 0.009464916465 cfg1 2 2 0 0 na na
10 64421.576350241024 0.009463740897 cfg1 2 1 0 0 na na
10 64421.590350287990 0.009463325676 cfg1 2 2 0 0 na na
10 64421.595350256644 0.009463181149 cfg1 2 2 0 0 na na
10 64421.609350273568 0.009462776279 cfg1 2 2 0 0 na na
10 64421.623350291794 0.009462371423 cfg1 2 2 0 0 na na
10 64421.666350266043 0.009461128652 cfg1 2 1 0 0 na na
10 64421.684350331257 0.009460617899 cfg1 2 1 0 0 na na
10 64421.691350306533 0.009460405570 cfg1 2 2 0 0 na na
10 64421.696350277232 0.009460260980 cfg1 2 2 0 0 na na
10 64421.709350328946 0.009459885348 cfg1 2 2 0 0 na na
10 64421.718350313357 0.009459625085 cfg1 2 2 0 0 na na
10 64421.719350285155 0.009459596148 cfg1 2 2 0 0 na na
10 64421.748350309364 0.009458767489 cfg1 2 1 0 0 na na
10 64421.749350296641 0.009458729154 cfg1 2 2 0 0 na na
10 64421.754350299406 0.009458584713 cfg1 2 2 0 0 na na
10 64421.771350266237 0.009458093400 cfg1 2 2 0 0 na na
10 64421.772350311735 0.009458064536 cfg1 2 2 0 0 na na
10 64421.788350338961 0.009457602095 cfg1 2 2 0 0 na na
10 64421.790350308287 0.009457544354 cfg1 2 2 0 0 na na
10 64421.809350342660 0.009456995344 cfg1 2 2 0 0 na na
10 64421.817350306274 0.009456764191 cfg1 2 2 0 0 na na
10 64421.821350258331 0.009456654248 cfg1 2 1 0 0 na na
10 64421.831350290296 0.009456359741 cfg1 2 2 0 0 na na
10 64421.840350261445 0.009456099707 cfg1 2 2 0 0 na na
10 64421.845350314878 0.009455955298 cfg1 2 2 0 0 na na
10 64421.849350261660 0.009455850298 cfg1 2 1 0 0 na na
10 64421.854350262892 0.009455695215 cfg1 2 2 0 0 na na
10 64421.859350273982 0.009455550935 cfg1 2 2 0 0 na na
10 64421.887350306803 0.009454742066 cfg1 2 2 0 0 na na
10 64421.890350276605 0.009454655412 cfg1 2 2 0 0 na na
10 64421.910350300217 0.009454077726 cfg1 2 2 0 0 na na
10 64421.914350287347 0.009453962199 cfg1 2 2 0 0 na na
10 64421.933350340430 0.009453413562 cfg1 2 2 0 0 na na
10 64421.939350295481 0.009453240270 cfg1 2 2 0 0 na na
10 64421.941350314423 0.009453182599 cfg1 2 2 0 0 na na
10 64421.982350344190 0.009451998718 cfg1 2 2 0 0 na na
10 64421.983350273168 0.009451973126 cfg1 2 1 0 0 na na
10 64422.004350288362 0.009451363580 cfg1 2 2 0 0 na na
10 64422.020350277450 0.009450901585 cfg1 2 2 0 0 na na
10 64422.027350328714 0.009450699573 cfg1 2 2 0 0 na na
10 64422.031350294352 0.009450584060 cfg1 2 2 0 0 na na
10 64422.046350309559 0.009450151223 cfg1 2 2 0 0 na na
10 64422.053350351521 0.009449948972 cfg1 2 2 0 0 na na
10 64422.055350302314 0.009449891361 cfg1 2 2 0 0 na na
10 64422.060350255599 0.009449747004 cfg1 2 2 0 0 na na
10 64422.070350301144 0.009449458356 cfg1 2 2 0 0 na na
10 64422.078350335786 0.009449227462 cfg1 2 2 0 0 na na
10 64422.097350315260 0.009448688211 cfg1 2 1 0 0 na na
10 64422.117350319674 0.009448101968 cfg1 2 2 0 0 na na
10 64422.118350275894 0.009448073095 cfg1 2 2 0 0 na na
10 64422.121350277629 0.009447986548 cfg1 2 2 0 0 na na
10 64422.131350343745 0.009447702533 cfg1 2 1 0 0 na na
10 64422.136350303304 0.009447553713 cfg1 2 2 0 0 na na
10 64422.151350295789 0.009447120925 cfg1 2 2 0 0 na na
10 64422.154350302425 0.009447034274 cfg1 2 1 0 0 na na
10 64422.168350332912 0.009446626089 cfg1 2 1 0 0 na na
10 64422.171350291393 0.009446543882 cfg1 2 2 0 0 na na
10 64422.179350249073 0.009446318001 cfg1 2 1 0 0 na na
10 64422.183350301617 0.009446212220 cfg1 2 1 0 0 na na
10 64422.202350285729 0.009445649609 cfg1 2 2 0 0 na na
10 64422.240350297609 0.009444553601 cfg1 2 2 0 0 na na
10 64422.266350281855 0.009443803655 cfg1 2 2 0 0 na na
10 64422.289350297477 0.009443140460 cfg1 2 2 0 0 na na
10 64422.341350283482 0.009441641106 cfg1 2 2 0 0 na na
10 64422.342350287474 0.009441612304 cfg1 2 2 0 0 na na
10 64422.345350276351 0.009441525845 cfg1 2 2 0 0 na na
10 64422.358350312838 0.009441154035 cfg1 2 1 0 0 na na
10 64422.366350247841 0.009440924061 cfg1 2 1 0 0 na na
10 64422.377350282436 0.009440603918 cfg1 2 1 0 0 na na
10 64422.414350313652 0.009439536871 cfg1 2 2 0 0 na na
10 64422.427350271543 0.009439169460 cfg1 2 1 0 0 na na
10 64422.430350282582 0.009439075780 cfg1 2 2 0 0 na na
10 64422.439350248954 0.009438822932 cfg1 2 1 0 0 na na
10 64422.456350285098 0.009438326544 cfg1 2 2 0 0 na na
10 64422.460350302290 0.009438205516 cfg1 2 1 0 0 na na
10 64422.463350274690 0.009438138426 cfg1 2 1 0 0 na na
10 64422.478350318580 0.009437692643 cfg1 2 2 0 0 na na
10 64422.499350255288 0.009437087521 cfg1 2 2 0 0 na na
10 64422.547350372138 0.009435704737 cfg1 2 2 0 0 na na
10 64422.599350312103 0.009434207026 cfg1 2 2 0 0 na na
10 64422.636350292456 0.009433142158 cfg1 2 1 0 0 na na
10 64422.637350286207 0.009433112790 cfg1 2 2 0 0 na na
10 64422.679350352055 0.009431903536 cfg1 2 2 0 0 na na
10 64422.681350276915 0.009431845989 cfg1 2 2 0 0 na na
10 64422.724350264952 0.009430608103 cfg1 2 2 0 0 na na
10 64422.731350278427 0.009430406579 cfg1 2 2 0 0 na na
10 64422.748350313802 0.009429917277 cfg1 2 2 0 0 na na
10 64422.755350313504 0.009429715891 cfg1 2 2 0 0 na na
10 64422.756350301374 0.009429687062 cfg1 2 2 0 0 na na
10 64422.768350358569 0.009429341687 cfg1 2 2 0 0 na na
10 64422.773350301456 0.009429197847 cfg1 2 2 0 0 na na
10 64422.779350316108 0.009429029971 cfg1 2 1 0 0 na na
10 64422.800350343515 0.009428419628 cfg1 2 1 0 0 na na
10 64422.819350240485 0.009427886412 cfg1 2 1 0 0 na na
10 64422.829350239008 0.009427602849 cfg1 2 1 0 0 na na
10 64422.843350297152 0.009427195468 cfg1 2 1 0 0 na na
10 64422.859350285100 0.009426723238 cfg1 2 1 0 0 na na
10 64422.863350331585 0.009426608342 cfg1 2 2 0 0 na na
10 64422.866350244501 0.009426532465 cfg1 2 1 0 0 na na
10 64422.876350319417 0.009426234292 cfg1 2 2 0 0 na na
10 64422.880350342505 0.009426119238 cfg1 2 2 0 0 na na
10 64422.896350288743 0.009425658980 cfg1 2 2 0 0 na na
10 64422.908350334044 0.009425318460 cfg1 2 1 0 0 na na
10 64422.914350281434 0.009425152047 cfg1 2 1 0 0 na na
10 64422.923350361859 0.009424882407 cfg1 2 2 0 0 na na
10 64422.933350256144 0.009424595226 cfg1 2 1 0 0 na na
10 64422.941350312800 0.009424364757 cfg1 2 2 0 0 na na
10 64422.952350292363 0.009424048400 cfg1 2 2 0 0 na na
10 64422.968350253149 0.009423588637 cfg1 2 2 0 0 na na
10 64422.983350248450 0.009423163167 cfg1 2 1 0 0 na na
10 64422.986350289538 0.009423070836 cfg1 2 2 0 0 na na
10 64422.995350301970 0.009422813163 cfg1 2 1 0 0 na na
10 64423.015350280984 0.009422236925 cfg1 2 2 0 0 na na
10 64423.053350293339 0.009421144582 cfg1 2 2 0 0 na na
10 64423.173350321652 0.009417711565 cfg1 2 1 0 0 na na
10 64423.193350314039 0.009417111139 cfg1 2 1 0 0 na na
10 64423.273350260317 0.009414823711 cfg1 2 2 0 0 na na
10 64423.278350296618 0.009414680108 cfg1 2 2 0 0 na na
10 64423.282350297395 0.009414565196 cfg1 2 2 0 0 na na
10 64423.284350313934 0.009414522961 cfg1 2 1 0 0 na na
10 64423.291350279617 0.009414302076 cfg1 2 1 0 0 na na
10 64423.293350288801 0.009414249369 cfg1 2 2 0 0 na na
10 64423.294350353643 0.009414220533 cfg1 2 2 0 0 na na
10 64423.302350295968 0.009413990818 cfg1 2 2 0 0 na na
10 64423.316350278315 0.009413589357 cfg1 2 1 0 0 na na
10 64423.318350274617 0.009413531402 cfg1 2 2 0 0 na na
10 64423.321350318301 0.009413445238 cfg1 2 2 0 0 na na
10 64423.324350284746 0.009413363545 cfg1 2 1 0 0 na na
10 64423.333350310598 0.009413100714 cfg1 2 2 0 0 na na
10 64423.366350272916 0.009412153324 cfg1 2 2 0 0 na na
10 64423.382350390820 0.009411694017 cfg1 2 2 0 0 na na
10 64423.392350345648 0.009411406886 cfg1 2 2 0 0 na na
10 64423.401350306961 0.009411148685 cfg1 2 2 0 0 na na
10 64423.433350360032 0.009410230314 cfg1 2 2 0 0 na na
10 64423.436350290510 0.009410144102 cfg1 2 2 0 0 na na
10 64423.443350277231 0.009409943238 cfg1 2 2 0 0 na na
10 64423.449350309315 0.009409775975 cfg1 2 1 0 0 na na
10 64423.474350264249 0.009409053805 cfg1 2 2 0 0 na na
10 64423.484350293609 0.009408767144 cfg1 2 1 0 0 na na
10 64423.492350274015 0.009408537259 cfg1 2 2 0 0 na na
10 64423.537350312284 0.009407246410 cfg1 2 2 0 0 na na
10 64423.577350354982 0.009406098766 cfg1 2 2 0 0 na na
10 64423.591350281487 0.009405697281 cfg1 2 2 0 0 na na
10 64423.596350247229 0.009405559615 cfg1 2 1 0 0 na na
10 64423.619350306192 0.009404889326 cfg1 2 1 0 0 na na
10 64423.634350291237 0.009404464105 cfg1 2 2 0 0 na na
10 64423.648350307468 0.009404064001 cfg1 2 1 0 0 na na
10 64423.663350365557 0.009403632592 cfg1 2 2 0 0 na na
10 64423.682350331930 0.009403087899 cfg1 2 2 0 0 na na
10 64423.702350235971 0.009402531237 cfg1 2 1 0 0 na na
10 64423.705350282345 0.009402428471 cfg1 2 2 0 0 na na
10 64423.725350321327 0.009401855137 cfg1 2 2 0 0 na na
10 64423.738350290141 0.009401482543 cfg1 2 2 0 0 na na
10 64423.744350346981 0.009401326535 cfg1 2 1 0 0 na na
10 64423.752350255988 0.009401081420 cfg1 2 2 0 0 na na
10 64423.755350249388 0.009400997365 cfg1 2 1 0 0 na na
10 64423.772350309062 0.009400500777 cfg1 2 1 0 0 na na
10 64423.807350316696 0.009399503455 cfg1 2 1 0 0 na na
10 64423.810350322607 0.009399416974 cfg1 2 1 0 0 na na
10 64423.856350262357 0.009398101182 cfg1 2 2 0 0 na na
10 64423.905350288467 0.009396697558 cfg1 2 2 0 0 na na
10 64423.930350264248 0.009395972603 cfg1 2 1 0 0 na na
10 64423.953350320845 0.009395322848 cfg1 2 2 0 0 na na
10 64423.967350287177 0.009394921987 cfg1 2 2 0 0 na na
10 64423.982350320473 0.009394492426 cfg1 2 2 0 0 na na
10 64424.016350348527 0.009393519004 cfg1 2 2 0 0 na na
10 64424.042350256230 0.009392775624 cfg1 2 1 0 0 na na
10 64424.057350320909 0.009392345323 cfg1 2 2 0 0 na na
10 64424.127350325655 0.009390341905 cfg1 2 2 0 0 na na
10 64424.135350321426 0.009390112942 cfg1 2 2 0 0 na na
10 64424.183350296185 0.009388739738 cfg1 2 2 0 0 na na
10 64424.194350279635 0.009388425513 cfg1 2 1 0 0 na na
10 64424.207350346682 0.009388053111 cfg1 2 2 0 0 na na
10 64424.226350355826 0.009387509569 cfg1 2 2 0 0 na na
10 64424.235350349486 0.009387252062 cfg1 2 2 0 0 na na
10 64424.237350305679 0.009387194883 cfg1 2 2 0 0 na na
10 64424.243350328813 0.009387023284 cfg1 2 2 0 0 na na
10 64424.247350293129 0.009386908890 cfg1 2 2 0 0 na na
10 64424.250350318368 0.009386823062 cfg1 2 2 0 0 na na
10 64424.252350363953 0.009386765948 cfg1 2 2 0 0 na na
10 64424.295350298332 0.009385536192 cfg1 2 2 0 0 na na
10 64424.301350340763 0.009385364670 cfg1 2 2 0 0 na na
10 64424.304350249278 0.009385282752 cfg1 2 1 0 0 na na
10 64424.311350240568 0.009385091220 cfg1 2 1 0 0 na na
10 64424.326350300741 0.009384657520 cfg1 2 1 0 0 na na
10 64424.327350306442 0.009384621338 cfg1 2 2 0 0 na na
10 64424.329350283114 0.009384564104 cfg1 2 2 0 0 na na
10 64424.333350317174 0.009384450317 cfg1 2 1 0 0 na na
10 64424.337350347638 0.009384335286 cfg1 2 2 0 0 na na
10 64424.348350322836 0.009384020773 cfg1 2 2 0 0 na na
10 64424.353350281556 0.009383877888 cfg1 2 2 0 0 na na
10 64424.365350394599 0.009383534796 cfg1 2 2 0 0 na na
10 64424.401350354085 0.009382502729 cfg1 2 1 0 0 na na
10 64424.425350341970 0.009381813563 cfg1 2 1 0 0 na na
10 64424.430350249276 0.009381682577 cfg1 2 1 0 0 na na
10 64424.478350299464 0.009380305233 cfg1 2 2 0 0 na na
10 64424.495350341544 0.009379819487 cfg1 2 2 0 0 na na
10 64424.497350307984 0.009379762325 cfg1 2 2 0 0 na na
10 64424.526350329343 0.009378933965 cfg1 2 2 0 0 na na
10 64424.537350326004 0.009378629706 cfg1 2 1 0 0 na na
10 64424.553350295738 0.009378162600 cfg1 2 2 0 0 na na
10 64424.557350260268 0.009378048361 cfg1 2 2 0 0 na na
10 64424.574350329914 0.009377562795 cfg1 2 2 0 0 na na
10 64424.575350297714 0.009377534350 cfg1 2 2 0 0 na na
10 64424.577350329604 0.009377477113 cfg1 2 2 0 0 na na
10 64424.595350336730 0.009376962980 cfg1 2 2 0 0 na na
10 64424.596350253065 0.009376933832 cfg1 2 1 0 0 na na
10 64424.608350343001 0.009376591842 cfg1 2 2 0 0 na na
10 64424.612350245026 0.009376486870 cfg1 2 1 0 0 na na
10 64424.617350271203 0.009376334713 cfg1 2 2 0 0 na na
10 64424.623350277175 0.009376163432 cfg1 2 2 0 0 na na
10 64424.624350315576 0.009376134849 cfg1 2 2 0 0 na na
10 64424.633350325108 0.009375877850 cfg1 2 2 0 0 na na
10 64424.634350288977 0.009375849400 cfg1 2 2 0 0 na na
10 64424.636350335456 0.009375792261 cfg1 2 2 0 0 na na
10 64424.672350263114 0.009374766735 cfg1 2 1 0 0 na na
10 64424.677350370734 0.009374621590 cfg1 2 2 0 0 na na
10 64424.694350269046 0.009374136376 cfg1 2 2 0 0 na na
10 64424.724350275949 0.009373279901 cfg1 2 2 0 0 na na
10 64424.730350267936 0.009373108604 cfg1 2 2 0 0 na na
10 64424.731350311834 0.009373069007 cfg1 2 1 0 0 na na
10 64424.733350295391 0.009373023038 cfg1 2 2 0 0 na na
10 64424.734350287022 0.009372994924 cfg1 2 1 0 0 na na
10 64424.743350336978 0.009372737591 cfg1 2 2 0 0 na na
10 64424.745350260352 0.009372680579 cfg1 2 2 0 0 na na
10 64424.748350289043 0.009372595012 cfg1 2 2 0 0 na na
10 64424.788350369769 0.009371453353 cfg1 2 2 0 0 na na
10 64424.812350274887 0.009370779021 cfg1 2 1 0 0 na na
10 64424.832350253764 0.009370198130 cfg1 2 2 0 0 na na
10 64424.847350244728 0.009369782145 cfg1 2 1 0 0 na na
10 64424.851350342537 0.009369655838 cfg1 2 2 0 0 na na
10 64424.852350295443 0.009369629260 cfg1 2 1 0 0 na na
10 64424.855350267066 0.009369541772 cfg1 2 2 0 0 na na
10 64424.872350360155 0.009369067050 cfg1 2 1 0 0 na na
10 64424.889350237872 0.009368589055 cfg1 2 1 0 0 na na
10 64424.897350338863 0.009368343742 cfg1 2 2 0 0 na na
10 64424.915350261028 0.009367830441 cfg1 2 2 0 0 na na
10 64424.916350325646 0.009367801842 cfg1 2 2 0 0 na na
10 64424.920350337005 0.009367687792 cfg1 2 2 0 0 na na
10 64424.921350285030 0.009367659289 cfg1 2 2 0 0 na na
10 64424.939350265488 0.009367145898 cfg1 2 2 0 0 na na
10 64424.964350319572 0.009366432996 cfg1 2 2 0 0 na na
10 64424.965350251524 0.009366405198 cfg1 2 1 0 0 na na
10 64424.968350265282 0.009366319133 cfg1 2 2 0 0 na na
10 64424.969350287593 0.009366290468 cfg1 2 2 0 0 na na
10 64424.974350260420 0.009366145646 cfg1 2 1 0 0 na na
10 64424.976350271255 0.009366090846 cfg1 2 2 0 0 na na
10 64424.977350294152 0.009366062368 cfg1 2 2 0 0 na na
10 64424.984350309912 0.009365862811 cfg1 2 2 0 0 na na
10 64424.985350249199 0.009365837642 cfg1 2 1 0 0 na na
10 64424.991350312969 0.009365663168 cfg1 2 2 0 0 na na
10 64424.996350265772 0.009365520634 cfg1 2 2 0 0 na na
10 64425.002350351911 0.009365349565 cfg1 2 2 0 0 na na
10 64425.010350310101 0.009365121465 cfg1 2 2 0 0 na na
10 64425.020350275243 0.009364836399 cfg1 2 2 0 0 na na
10 64425.023350313512 0.009364750858 cfg1 2 2 0 0 na na
10 64425.024350245873 0.009364730940 cfg1 2 1 0 0 na na
10 64425.025350303953 0.009364693870 cfg1 2 2 0 0 na na
10 64425.028350279926 0.009364608342 cfg1 2 2 0 0 na na
10 64425.035350293432 0.009364408874 cfg1 2 2 0 0 na na
10 64425.038350285420 0.009364323286 cfg1 2 2 0 0 na na
10 64425.039350274649 0.009364294798 cfg1 2 2 0 0 na na
10 64425.042350304917 0.009364209324 cfg1 2 2 0 0 na na
10 64425.053350347106 0.009363895720 cfg1 2 2 0 0 na na
10 64425.054350294435 0.009363867245 cfg1 2 2 0 0 na na
10 64425.055350339731 0.009363838853 cfg1 2 2 0 0 na na
10 64425.057350332808 0.009363781772 cfg1 2 2 0 0 na na
10 64425.061350266115 0.009363667729 cfg1 2 2 0 0 na na
10 64425.064350299103 0.009363599856 cfg1 2 1 0 0 na na
10 64425.081350269944 0.009363097688 cfg1 2 2 0 0 na na
10 64425.084350323932 0.009363012278 cfg1 2 2 0 0 na na
10 64425.114350317293 0.009362163543 cfg1 2 1 0 0 na na
10 64425.122350279972 0.009361929407 cfg1 2 2 0 0 na na
10 64425.126350269207 0.009361805765 cfg1 2 1 0 0 na na
10 64425.133350297263 0.009361616023 cfg1 2 2 0 0 na na
10 64425.166350280774 0.009360675729 cfg1 2 2 0 0 na na
10 64425.187350300351 0.009360077526 cfg1 2 2 0 0 na na
10 64425.191350304378 0.009359963564 cfg1 2 2 0 0 na na
10 64425.197350320221 0.009359792550 cfg1 2 2 0 0 na na
10 64425.263350258435 0.009357912714 cfg1 2 2 0 0 na na
10 64425.277350281323 0.009357514115 cfg1 2 2 0 0 na na
10 64425.305350329457 0.009356716790 cfg1 2 2 0 0 na na
10 64425.310350359759 0.009356591355 cfg1 2 1 0 0 na na
10 64425.326350313162 0.009356116754 cfg1 2 1 0 0 na na
10 64425.337350299137 0.009355805765 cfg1 2 2 0 0 na na
10 64425.346350279117 0.009355549519 cfg1 2 2 0 0 na na
10 64425.353350341011 0.009355343477 cfg1 2 1 0 0 na na
10 64425.375350325696 0.009354724245 cfg1 2 2 0 0 na na
10 64425.411350318605 0.009353699411 cfg1 2 2 0 0 na na
10 64425.450350304232 0.009352589644 cfg1 2 2 0 0 na na
10 64425.457350327007 0.009352390343 cfg1 2 2 0 0 na na
10 64425.468350305019 0.009352095589 cfg1 2 1 0 0 na na
10 64425.474350302539 0.009351906726 cfg1 2 2 0 0 na na
10 64425.484350280132 0.009351626435 cfg1 2 1 0 0 na na
10 64425.487350304526 0.009351532628 cfg1 2 1 0 0 na na
10 64425.490350246426 0.009351460530 cfg1 2 1 0 0 na na
10 64425.495350248426 0.009351318590 cfg1 2 1 0 0 na na
10 64425.525350381900 0.009350455811 cfg1 2 2 0 0 na na
10 64425.534350374756 0.009350199855 cfg1 2 2 0 0 na na
10 64425.538350292478 0.009350086090 cfg1 2 2 0 0 na na
10 64425.546350287219 0.009349858538 cfg1 2 2 0 0 na na
10 64425.549350244234 0.009349782661 cfg1 2 1 0 0 na na
10 64425.564350260997 0.009349346532 cfg1 2 2 0 0 na na
10 64425.566350286019 0.009349289632 cfg1 2 2 0 0 na na
10 64425.570350285072 0.009349172861 cfg1 2 1 0 0 na na
10 64425.574350253893 0.009349062847 cfg1 2 1 0 0 na na
10 64425.586350253078 0.009348723789 cfg1 2 1 0 0 na na
10 64425.611350321113 0.009348006022 cfg1 2 1 0 0 na na
10 64425.618350297139 0.009347818515 cfg1 2 1 0 0 na na
10 64425.621350293243 0.009347725581 cfg1 2 2 0 0 na na
10 64425.622350338539 0.009347697155 cfg1 2 2 0 0 na na
10 64425.626350330682 0.009347592804 cfg1 2 1 0 0 na na
10 64425.636350307167 0.009347299271 cfg1 2 2 0 0 na na
10 64425.684350296885 0.009345934591 cfg1 2 2 0 0 na na
10 64425.685350333765 0.009345906127 cfg1 2 2 0 0 na na
10 64425.699350289069 0.009345509114 cfg1 2 1 0 0 na na
10 64425.700350299376 0.009345479738 cfg1 2 2 0 0 na na
10 64425.720350303986 0.009344911383 cfg1 2 2 0 0 na na
10 64425.748350277027 0.009344115474 cfg1 2 2 0 0 na na
10 64425.769350264574 0.009343512294 cfg1 2 1 0 0 na na
10 64425.779350327952 0.009343234562 cfg1 2 2 0 0 na na
10 64425.787350277733 0.009343007228 cfg1 2 2 0 0 na na
10 64425.832350297257 0.009341728786 cfg1 2 2 0 0 na na
10 64425.839350307951 0.009341529916 cfg1 2 2 0 0 na na
10 64425.878350283706 0.009340422236 cfg1 2 2 0 0 na na
10 64425.899350264626 0.009339825802 cfg1 2 2 0 0 na na
10 64425.903350272206 0.009339712136 cfg1 2 2 0 0 na na
10 64425.939350300777 0.009338689876 cfg1 2 2 0 0 na na
10 64425.956350314860 0.009338207103 cfg1 2 2 0 0 na na
10 64425.972350339001 0.009337752918 cfg1 2 2 0 0 na na
10 64425.978350281933 0.009337595810 cfg1 2 1 0 0 na na
10 64426.000350274602 0.009336958020 cfg1 2 2 0 0 na na
10 64426.004350303621 0.009336844413 cfg1 2 2 0 0 na na
10 64426.009350257061 0.009336702488 cfg1 2 2 0 0 na na
10 64426.026350259406 0.009336219943 cfg1 2 2 0 0 na na
10 64426.046350289964 0.009335652248 cfg1 2 2 0 0 na na
10 64426.049350296421 0.009335571622 cfg1 2 1 0 0 na na
10 64426.055350253028 0.009335398877 cfg1 2 1 0 0 na na
10 64426.073350305136 0.009334886026 cfg1 2 2 0 0 na na
10 64426.075350236509 0.009334845451 cfg1 2 1 0 0 na na
10 64426.098350301692 0.009334184151 cfg1 2 1 0 0 na na
10 64426.134350323669 0.009333155262 cfg1 2 2 0 0 na na
10 64426.135350239579 0.009333142462 cfg1 2 1 0 0 na na
10 64426.150350306302 0.009332701443 cfg1 2 2 0 0 na na
10 64426.197350279626 0.009331368185 cfg1 2 2 0 0 na na
10 64426.201350276456 0.009331254674 cfg1 2 2 0 0 na na
10 64426.206350324501 0.009331112887 cfg1 2 2 0 0 na na
10 64426.211350290154 0.009330971811 cfg1 2 1 0 0 na na
10 64426.216350253925 0.009330829253 cfg1 2 2 0 0 na na
10 64426.226350291579 0.009330545691 cfg1 2 2 0 0 na na
10 64426.229350299198 0.009330460590 cfg1 2 2 0 0 na na
10 64426.230350282635 0.009330432151 cfg1 2 2 0 0 na na
10 64426.246350329692 0.009329978441 cfg1 2 2 0 0 na na
10 64426.249350282921 0.009329893319 cfg1 2 1 0 0 na na
10 64426.254350285217 0.009329751719 cfg1 2 2 0 0 na na
10 64426.264350287207 0.009329468119 cfg1 2 2 0 0 na na
10 64426.312350236841 0.009328125198 cfg1 2 1 0 0 na na
10 64426.339350369653 0.009327341781 cfg1 2 2 0 0 na na
10 64426.344350326452 0.009327209990 cfg1 2 1 0 0 na na
10 64426.374350364420 0.009326351129 cfg1 2 1 0 0 na na
10 64426.389350316088 0.009325919651 cfg1 2 1 0 0 na na
10 64426.409350345216 0.009325357899 cfg1 2 2 0 0 na na
10 64426.410350254287 0.009325329545 cfg1 2 2 0 0 na na
10 64426.464350252099 0.009323799800 cfg1 2 2 0 0 na na
10 64426.472350309710 0.009323572835 cfg1 2 2 0 0 na na
10 64426.481350298426 0.009323306939 cfg1 2 1 0 0 na na
10 64426.520350301148 0.009322226148 cfg1 2 1 0 0 na na
10 64426.528350316255 0.009322001934 cfg1 2 1 0 0 na na
10 64426.530350349629 0.009321921323 cfg1 2 1 0 0 na na
10 64426.538350291007 0.009321712803 cfg1 2 1 0 0 na na
10 64426.550350250646 0.009321366136 cfg1 2 1 0 0 na na
10 64426.626350277577 0.009319211687 cfg1 2 2 0 0 na na
10 64426.636350333006 0.009318928603 cfg1 2 2 0 0 na na
10 64426.651350264411 0.009318522237 cfg1 2 1 0 0 na na
10 64426.658350279179 0.009318306479 cfg1 2 1 0 0 na na
10 64426.678350352927 0.009317750812 cfg1 2 1 0 0 na na
10 64426.746350237003 0.009315830010 cfg1 2 1 0 0 na na
10 64426.763350280976 0.009315334398 cfg1 2 2 0 0 na na
10 64426.774350308101 0.009315023218 cfg1 2 2 0 0 na na
10 64426.784350359543 0.009314746039 cfg1 2 1 0 0 na na
10 64426.811350290550 0.009313994051 cfg1 2 1 0 0 na na
10 64426.837350253918 0.009313242931 cfg1 2 1 0 0 na na
10 64426.911350344512 0.009311148309 cfg1 2 2 0 0 na na
10 64426.918350277799 0.009310939566 cfg1 2 1 0 0 na na
10 64426.927350308688 0.009310699310 cfg1 2 1 0 0 na na
10 64426.969350309061 0.009309512765 cfg1 2 1 0 0 na na
10 64426.974350339847 0.009309367614 cfg1 2 2 0 0 na na
10 64426.992350258404 0.009308858443 cfg1 2 2 0 0 na na
10 64427.005350325169 0.009308491072 cfg1 2 2 0 0 na na
10 64427.028350311291 0.009307841078 cfg1 2 2 0 0 na na
10 64427.037350258749 0.009307591678 cfg1 2 1 0 0 na na
10 64427.041350276029 0.009307476619 cfg1 2 1 0 0 na na
10 64427.057350259041 0.009307021581 cfg1 2 2 0 0 na na
10 64427.062350264301 0.009306872487 cfg1 2 1 0 0 na na
10 64427.068350329139 0.009306710842 cfg1 2 2 0 0 na na
10 64427.074350335155 0.009306541226 cfg1 2 2 0 0 na na
10 64427.079350286625 0.009306399895 cfg1 2 2 0 0 na na
10 64427.090350347580 0.009306089220 cfg1 2 2 0 0 na na
10 64427.121350310231 0.009305210336 cfg1 2 1 0 0 na na
10 64427.144350307903 0.009304574529 cfg1 2 1 0 0 na na
10 64427.158350253214 0.009304178556 cfg1 2 1 0 0 na na
10 64427.189350313310 0.009303309916 cfg1 2 1 0 0 na na
10 64427.248350281319 0.009301626896 cfg1 2 2 0 0 na na
10 64427.251350314394 0.009301542070 cfg1 2 2 0 0 na na
10 64427.274350286838 0.009300906614 cfg1 2 1 0 0 na na
10 64427.301350327663 0.009300130592 cfg1 2 2 0 0 na na
10 64427.311350291189 0.009299848585 cfg1 2 2 0 0 na na
10 64427.427350250066 0.009296583002 cfg1 2 1 0 0 na na
10 64427.446350250271 0.009296041662 cfg1 2 1 0 0 na na
10 64427.561350289780 0.009292795928 cfg1 2 1 0 0 na na
10 64427.569350265457 0.009292561486 cfg1 2 1 0 0 na na
10 64427.598350277249 0.009291749147 cfg1 2 1 0 0 na na
10 64427.599350319145 0.009291732417 cfg1 2 1 0 0 na na
10 64427.618350278333 0.009291189081 cfg1 2 1 0 0 na na
10 64427.635350281848 0.009290709931 cfg1 2 2 0 0 na na
10 64427.637350256143 0.009290650793 cfg1 2 1 0 0 na na
10 64427.687350289844 0.009289244555 cfg1 2 2 0 0 na na
10 64427.705350298051 0.009288736563 cfg1 2 1 0 0 na na
10 64427.706350263658 0.009288710748 cfg1 2 1 0 0 na na
10 64427.762350311705 0.009287131485 cfg1 2 2 0 0 na na
10 64427.768350303687 0.009286962504 cfg1 2 2 0 0 na na
10 64427.810350295621 0.009285779522 cfg1 2 2 0 0 na na
10 64427.858350305594 0.009284427862 cfg1 2 2 0 0 na na
10 64427.917350341273 0.009282775570 cfg1 2 1 0 0 na na
10 64427.938350296715 0.009282173184 cfg1 2 1 0 0 na na
10 64427.941350260531 0.009282091342 cfg1 2 2 0 0 na na
10 64427.985350291082 0.009280852996 cfg1 2 2 0 0 na na
10 64428.004350282187 0.009280318344 cfg1 2 2 0 0 na na
10 64428.007350243082 0.009280249121 cfg1 2 1 0 0 na na
10 64428.013350260379 0.009280065167 cfg1 2 2 0 0 na na
10 64428.018350305559 0.009279936003 cfg1 2 1 0 0 na na
10 64428.027350360351 0.009279677367 cfg1 2 1 0 0 na na
10 64428.069350296654 0.009278489469 cfg1 2 1 0 0 na na
10 64428.072350276813 0.009278405322 cfg1 2 2 0 0 na na
10 64428.082350255132 0.009278126935 cfg1 2 1 0 0 na na
10 64428.119350318597 0.009277083202 cfg1 2 2 0 0 na na
10 64428.127350259825 0.009276856997 cfg1 2 1 0 0 na na
10 64428.139350296669 0.009276520739 cfg1 2 2 0 0 na na
10 64428.169350284352 0.009275677185 cfg1 2 2 0 0 na na
10 64428.170350242948 0.009275664156 cfg1 2 1 0 0 na na
10 64428.191350301100 0.009275058625 cfg1 2 2 0 0 na na
10 64428.195350276346 0.009274946292 cfg1 2 2 0 0 na na
10 64428.232350246662 0.009273915299 cfg1 2 1 0 0 na na
10 64428.244350315699 0.009273564266 cfg1 2 1 0 0 na na
10 64428.256350250022 0.009273236849 cfg1 2 1 0 0 na na
10 64428.260350280339 0.009273119575 cfg1 2 1 0 0 na na
10 64428.271350272449 0.009272809804 cfg1 2 2 0 0 na na
10 64428.320350292561 0.009271422158 cfg1 2 1 0 0 na na
10 64428.380350311637 0.009269747105 cfg1 2 2 0 0 na na
10 64428.417350338695 0.009268707784 cfg1 2 2 0 0 na na
10 64428.424350352284 0.009268511171 cfg1 2 2 0 0 na na
10 64428.438350268897 0.009268118077 cfg1 2 2 0 0 na na
10 64428.465350355011 0.009267359783 cfg1 2 2 0 0 na na
10 64428.468350256320 0.009267290331 cfg1 2 1 0 0 na na
10 64428.495350285602 0.009266517428 cfg1 2 2 0 0 na na
10 64428.586350295966 0.009263980885 cfg1 2 1 0 0 na na
10 64428.597350296109 0.009263661222 cfg1 2 1 0 0 na na
10 64428.605350314448 0.009263427242 cfg1 2 1 0 0 na na
10 64428.624350254089 0.009262903527 cfg1 2 1 0 0 na na
10 64428.641350311564 0.009262419589 cfg1 2 2 0 0 na na
10 64428.659350341015 0.009261914654 cfg1 2 2 0 0 na na
10 64428.694350265164 0.009260933364 cfg1 2 1 0 0 na na
10 64428.711350350113 0.009260455740 cfg1 2 1 0 0 na na
10 64428.747350308407 0.009259446052 cfg1 2 2 0 0 na na
10 64428.794350251457 0.009258130492 cfg1 2 1 0 0 na na
10 64428.872350332312 0.009255947177 cfg1 2 1 0 0 na na
10 64428.909350294827 0.009254898717 cfg1 2 1 0 0 na na
10 64428.933350294575 0.009254229627 cfg1 2 1 0 0 na na
10 64428.968350274238 0.009253251044 cfg1 2 1 0 0 na na
10 64428.969350249646 0.009253227137 cfg1 2 1 0 0 na na
10 64428.989350334078 0.009252670226 cfg1 2 1 0 0 na na
10 64429.004350367131 0.009252231593 cfg1 2 1 0 0 na na
10 64429.061350324749 0.009250644212 cfg1 2 1 0 0 na na
10 64429.125350344076 0.009248870265 cfg1 2 1 0 0 na na
10 64429.129350264878 0.009248731993 cfg1 2 1 0 0 na na
10 64429.187350303145 0.009247118418 cfg1 2 1 0 0 na na
10 64429.231350262972 0.009245885806 cfg1 2 1 0 0 na na
10 64429.279350300507 0.009244543867 cfg1 2 1 0 0 na na
10 64429.323350262198 0.009243313072 cfg1 2 2 0 0 na na
10 64429.395350367446 0.009241299388 cfg1 2 2 0 0 na na
10 64429.431350306372 0.009240292710 cfg1 2 1 0 0 na na
10 64429.444350280535 0.009239929257 cfg1 2 1 0 0 na na
10 64429.445350351162 0.009239909119 cfg1 2 1 0 0 na na
10 64429.455350349934 0.009239621765 cfg1 2 2 0 0 na na
10 64429.467350325733 0.009239286281 cfg1 2 1 0 0 na na
10 64429.471350279090 0.009239174450 cfg1 2 1 0 0 na na
10 64429.480350258120 0.009238922862 cfg1 2 1 0 0 na na
10 64429.503350282193 0.009238284248 cfg1 2 1 0 0 na na
10 64429.542350241775 0.009237200060 cfg1 2 1 0 0 na na
10 64429.543350331386 0.009237162192 cfg1 2 2 0 0 na na
10 64429.544350283430 0.009237134321 cfg1 2 2 0 0 na na
10 64429.548350310984 0.009237023100 cfg1 2 1 0 0 na na
10 64429.559350308880 0.009236729485 cfg1 2 1 0 0 na na
10 64429.561350329006 0.009236659193 cfg1 2 2 0 0 na na
10 64429.569350345325 0.009236435747 cfg1 2 2 0 0 na na
10 64429.577350246640 0.009236220448 cfg1 2 1 0 0 na na
10 64429.579350235417 0.009236171577 cfg1 2 1 0 0 na na
10 64429.614350334918 0.009235178441 cfg1 2 2 0 0 na na
10 64429.621350351188 0.009234982935 cfg1 2 2 0 0 na na
10 64429.634350258718 0.009234613070 cfg1 2 1 0 0 na na
10 64429.680350317838 0.009233335059 cfg1 2 2 0 0 na na
10 64429.709350342277 0.009232516408 cfg1 2 1 0 0 na na
10 64429.779350271449 0.009230570851 cfg1 2 2 0 0 na na
10 64429.792350255124 0.009230207974 cfg1 2 2 0 0 na na
10 64429.793350295842 0.009230180082 cfg1 2 2 0 0 na na
10 64429.833350248155 0.009229068679 cfg1 2 1 0 0 na na
10 64429.834350292151 0.009229035736 cfg1 2 2 0 0 na na
10 64429.863350302413 0.009228226435 cfg1 2 2 0 0 na na
10 64429.868350311905 0.009228086972 cfg1 2 2 0 0 na na
10 64429.880350289897 0.009227752140 cfg1 2 2 0 0 na na
10 64429.901350260021 0.009227166330 cfg1 2 2 0 0 na na
10 64429.936350266767 0.009226182450 cfg1 2 1 0 0 na na
10 64429.955350292814 0.009225675222 cfg1 2 1 0 0 na na
10 64429.959350319617 0.009225548310 cfg1 2 2 0 0 na na
10 64429.970350270609 0.009225257184 cfg1 2 1 0 0 na na
10 64430.038350332171 0.009223345333 cfg1 2 2 0 0 na na
10 64430.083350247739 0.009222099370 cfg1 2 1 0 0 na na
10 64430.128350342552 0.009220836561 cfg1 2 2 0 0 na na
10 64430.168350257003 0.009219719930 cfg1 2 1 0 0 na na
10 64430.180350287711 0.009219377164 cfg1 2 1 0 0 na na
10 64430.186350289143 0.009219220416 cfg1 2 2 0 0 na na
10 64430.208350283532 0.009218607336 cfg1 2 2 0 0 na na
10 64430.275350339202 0.009216748449 cfg1 2 1 0 0 na na
10 64430.295350308260 0.009216195347 cfg1 2 1 0 0 na na
10 64430.313350272736 0.009215673263 cfg1 2 1 0 0 na na
10 64430.316350383121 0.009215600645 cfg1 2 1 0 0 na na
10 64430.339350298877 0.009214958840 cfg1 2 2 0 0 na na
10 64430.353350259527 0.009214569151 cfg1 2 2 0 0 na na
10 64430.377350322088 0.009213900925 cfg1 2 2 0 0 na na
10 64430.397350338285 0.009213344168 cfg1 2 2 0 0 na na
10 64430.398350269788 0.009213308854 cfg1 2 1 0 0 na na
10 64430.428350356374 0.009212481291 cfg1 2 2 0 0 na na
10 64430.462350278111 0.009211535170 cfg1 2 2 0 0 na na
10 64430.490350297160 0.009210756050 cfg1 2 2 0 0 na na
10 64430.502350286177 0.009210422127 cfg1 2 2 0 0 na na
10 64430.516350306168 0.009210038948 cfg1 2 1 0 0 na na
10 64430.526350258900 0.009209752918 cfg1 2 1 0 0 na na
10 64430.536350252910 0.009209479090 cfg1 2 1 0 0 na na
10 64430.553350276599 0.009209003807 cfg1 2 2 0 0 na na
10 64430.555350267642 0.009208947732 cfg1 2 2 0 0 na na
10 64430.575350252838 0.009208394178 cfg1 2 1 0 0 na na
10 64430.581350263047 0.009208224620 cfg1 2 2 0 0 na na
10 64430.584350276438 0.009208141186 cfg1 2 2 0 0 na na
10 64430.590350284408 0.009207974336 cfg1 2 2 0 0 na na
10 64430.608350289798 0.009207473849 cfg1 2 2 0 0 na na
10 64430.636350317907 0.009206695302 cfg1 2 2 0 0 na na
10 64430.650350266664 0.009206295274 cfg1 2 1 0 0 na na
10 64430.661350274561 0.009205997541 cfg1 2 1 0 0 na na
10 64430.672350332952 0.009205689826 cfg1 2 1 0 0 na na
10 64430.697350247913 0.009205008923 cfg1 2 1 0 0 na na
10 64430.727350339519 0.009204165499 cfg1 2 2 0 0 na na
10 64430.758350303155 0.009203304028 cfg1 2 2 0 0 na na
10 64430.782350267069 0.009202637076 cfg1 2 2 0 0 na na
10 64430.789350320745 0.009202442658 cfg1 2 2 0 0 na na
10 64430.846350276044 0.009200872900 cfg1 2 1 0 0 na na
10 64430.849350311569 0.009200775691 cfg1 2 2 0 0 na na
10 64430.904350298760 0.009199248125 cfg1 2 2 0 0 na na
10 64430.916350298622 0.009198914917 cfg1 2 2 0 0 na na
10 64430.923350303309 0.009198720441 cfg1 2 1 0 0 na na
10 64430.940350252791 0.009198254105 cfg1 2 1 0 0 na na
10 64430.941350321524 0.009198220646 cfg1 2 1 0 0 na na
10 64430.946350254569 0.009198087336 cfg1 2 1 0 0 na na
10 64430.950350291738 0.009197982523 cfg1 2 1 0 0 na na
10 64430.958350296339 0.009197745136 cfg1 2 1 0 0 na na
10 64430.964350263404 0.009197582141 cfg1 2 2 0 0 na na
10 64430.966350284719 0.009197526686 cfg1 2 2 0 0 na na
10 64430.970350269244 0.009197426251 cfg1 2 1 0 0 na na
10 64431.003350336851 0.009196499437 cfg1 2 1 0 0 na na
10 64431.013350245188 0.009196231716 cfg1 2 1 0 0 na na
10 64431.024350313141 0.009195916698 cfg1 2 2 0 0 na na
10 64431.041350269210 0.009195454741 cfg1 2 1 0 0 na na
10 64431.055350284839 0.009195056286 cfg1 2 2 0 0 na na
10 64431.056350311970 0.009195028508 cfg1 2 2 0 0 na na
10 64431.071350303479 0.009194612400 cfg1 2 2 0 0 na na
10 64431.095350332412 0.009193946402 cfg1 2 2 0 0 na na
10 64431.099350285745 0.009193835365 cfg1 2 2 0 0 na na
10 64431.116350337111 0.009193363706 cfg1 2 2 0 0 na na
10 64431.165350306002 0.009192004455 cfg1 2 2 0 0 na na
10 64431.232350270223 0.009190144714 cfg1 2 1 0 0 na na
10 64431.234350330112 0.009190109800 cfg1 2 1 0 0 na na
10 64431.239350303156 0.009189952337 cfg1 2 2 0 0 na na
10 64431.257350302166 0.009189455974 cfg1 2 1 0 0 na na
10 64431.263350310244 0.009189282546 cfg1 2 1 0 0 na na
10 64431.271350266850 0.009189055263 cfg1 2 1 0 0 na na
10 64431.275350242797 0.009188964130 cfg1 2 1 0 0 na na
10 64431.295350362182 0.009188388926 cfg1 2 1 0 0 na na
10 64431.299350272478 0.009188289101 cfg1 2 2 0 0 na na
10 64431.363350359009 0.009186515212 cfg1 2 2 0 0 na na
10 64431.365350328516 0.009186459725 cfg1 2 2 0 0 na na
10 64431.368350305459 0.009186376721 cfg1 2 2 0 0 na na
10 64431.380350243502 0.009186053330 cfg1 2 1 0 0 na na
10 64431.382350284266 0.009185988807 cfg1 2 2 0 0 na na
10 64431.390350275720 0.009185767042 cfg1 2 2 0 0 na na
10 64431.392350292670 0.009185711568 cfg1 2 2 0 0 na na
10 64431.414350275656 0.009185102047 cfg1 2 2 0 0 na na
10 64431.439350313854 0.009184409503 cfg1 2 2 0 0 na na
10 64431.448350289911 0.009184169064 cfg1 2 1 0 0 na na
10 64431.455350288492 0.009183958394 cfg1 2 1 0 0 na na
10 64431.462350262062 0.009183772481 cfg1 2 2 0 0 na na
10 64431.513350318082 0.009182359946 cfg1 2 2 0 0 na na
10 64431.532350258866 0.009181833869 cfg1 2 2 0 0 na na
10 64431.541350273173 0.009181584763 cfg1 2 2 0 0 na na
10 64431.546350285697 0.009181446707 cfg1 2 2 0 0 na na
10 64431.569350239118 0.009180822923 cfg1 2 1 0 0 na na
10 64431.571350286972 0.009180754081 cfg1 2 2 0 0 na na
10 64431.576350326167 0.009180615612 cfg1 2 2 0 0 na na
10 64431.578350323698 0.009180565375 cfg1 2 1 0 0 na na
10 64431.588350276764 0.009180285435 cfg1 2 1 0 0 na na
10 64431.593350302894 0.009180145019 cfg1 2 2 0 0 na na
10 64431.610350360184 0.009179684411 cfg1 2 1 0 0 na na
10 64431.616350298310 0.009179508343 cfg1 2 2 0 0 na na
10 64431.627350266454 0.009179203922 cfg1 2 2 0 0 na na
10 64431.638350287831 0.009178899505 cfg1 2 2 0 0 na na
10 64431.681350263693 0.009177709553 cfg1 2 2 0 0 na na
10 64431.697350285489 0.009177266800 cfg1 2 2 0 0 na na
10 64431.731350261077 0.009176326219 cfg1 2 2 0 0 na na
10 64431.735350258381 0.009176217693 cfg1 2 1 0 0 na na
10 64431.740350305966 0.009176077324 cfg1 2 2 0 0 na na
10 64431.750350262814 0.009175800614 cfg1 2 2 0 0 na na
10 64431.761350358545 0.009175496423 cfg1 2 2 0 0 na na
10 64431.774350263637 0.009175136815 cfg1 2 2 0 0 na na
10 64431.776350355242 0.009175081621 cfg1 2 2 0 0 na na
10 64431.778350273534 0.009175026275 cfg1 2 2 0 0 na na
10 64431.782350319862 0.009174915557 cfg1 2 2 0 0 na na
10 64431.794350274579 0.009174584127 cfg1 2 2 0 0 na na
10 64431.797350291411 0.009174500726 cfg1 2 2 0 0 na na
10 64431.800350259978 0.009174411963 cfg1 2 1 0 0 na na
10 64431.802350236406 0.009174380288 cfg1 2 1 0 0 na na
10 64431.821350301610 0.009173837029 cfg1 2 2 0 0 na na
10 64431.831350267988 0.009173560534 cfg1 2 2 0 0 na na
10 64431.843350254018 0.009173228815 cfg1 2 2 0 0 na na
10 64431.868350253688 0.009172538332 cfg1 2 1 0 0 na na
10 64431.881350282904 0.009172178218 cfg1 2 2 0 0 na na
10 64431.882350260957 0.009172150640 cfg1 2 2 0 0 na na
10 64431.886350310738 0.009172039926 cfg1 2 2 0 0 na na
10 64431.904350335330 0.009171542423 cfg1 2 2 0 0 na na
10 64431.908350301199 0.009171421925 cfg1 2 1 0 0 na na
10 64431.917350296665 0.009171183107 cfg1 2 2 0 0 na na
10 64431.974350344138 0.009169607872 cfg1 2 2 0 0 na na
10 64431.985350269875 0.009169303893 cfg1 2 2 0 0 na na
10 64432.009350301663 0.009168640797 cfg1 2 2 0 0 na na
10 64432.010350273816 0.009168613200 cfg1 2 2 0 0 na na
10 64432.015350258427 0.009168475018 cfg1 2 2 0 0 na na
10 64432.017350259857 0.009168419904 cfg1 2 2 0 0 na na
10 64432.035350318536 0.009167922532 cfg1 2 2 0 0 na na
10 64432.061350305119 0.009167204389 cfg1 2 2 0 0 na na
10 64432.080350338217 0.009166693065 cfg1 2 1 0 0 na na
10 64432.081350288873 0.009166646982 cfg1 2 1 0 0 na na
10 64432.096350324167 0.009166237717 cfg1 2 2 0 0 na na
10 64432.100350305380 0.009166127300 cfg1 2 2 0 0 na na
10 64432.105350263341 0.009165978642 cfg1 2 1 0 0 na na
10 64432.128350269210 0.009165353923 cfg1 2 1 0 0 na na
10 64432.129350322200 0.009165326512 cfg1 2 2 0 0 na na
10 64432.131350293280 0.009165271269 cfg1 2 2 0 0 na na
10 64432.132350312248 0.009165243725 cfg1 2 2 0 0 na na
10 64432.162350349422 0.009164426732 cfg1 2 1 0 0 na na
10 64432.179350295875 0.009163950842 cfg1 2 1 0 0 na na
10 64432.190350357728 0.009163642392 cfg1 2 2 0 0 na na
10 64432.229350320737 0.009162579136 cfg1 2 1 0 0 na na
10 64432.270350369251 0.009161434607 cfg1 2 2 0 0 na na
10 64432.301350293195 0.009160588495 cfg1 2 1 0 0 na na
10 64432.335350330514 0.009159645506 cfg1 2 1 0 0 na na
10 64432.337350274549 0.009159586055 cfg1 2 2 0 0 na na
10 64432.349350253813 0.009159256951 cfg1 2 1 0 0 na na
10 64432.370350322696 0.009158675819 cfg1 2 2 0 0 na na
10 64432.411350281980 0.009157553697 cfg1 2 1 0 0 na na
10 64432.460350298245 0.009156203151 cfg1 2 1 0 0 na na
10 64432.462350292890 0.009156138984 cfg1 2 2 0 0 na na
10 64432.472350283547 0.009155853906 cfg1 2 1 0 0 na na
10 64432.512350275820 0.009154760788 cfg1 2 2 0 0 na na
10 64432.551350243439 0.009153693476 cfg1 2 1 0 0 na na
10 64432.567350260483 0.009153236366 cfg1 2 1 0 0 na na
10 64432.587350241319 0.009152705514 cfg1 2 1 0 0 na na
10 64432.595350341216 0.009152473586 cfg1 2 2 0 0 na na
10 64432.600350261153 0.009152345719 cfg1 2 1 0 0 na na
10 64432.624350310291 0.009151674743 cfg1 2 2 0 0 na na
10 64432.633350278711 0.009151426700 cfg1 2 2 0 0 na na
10 64432.641350344370 0.009151206358 cfg1 2 2 0 0 na na
10 64432.719350277055 0.009149059327 cfg1 2 1 0 0 na na
10 64432.727350346625 0.009148830158 cfg1 2 1 0 0 na na
10 64432.750350290683 0.009148204763 cfg1 2 2 0 0 na na
10 64432.767350331733 0.009147743728 cfg1 2 1 0 0 na na
10 64432.796350284950 0.009146938468 cfg1 2 2 0 0 na na
10 64432.808350301353 0.009146608029 cfg1 2 1 0 0 na na
10 64432.812350305704 0.009146487979 cfg1 2 1 0 0 na na
10 64432.823350274686 0.009146184625 cfg1 2 1 0 0 na na
10 64432.830350292415 0.009146013041 cfg1 2 1 0 0 na na
10 64432.831350312509 0.009145975152 cfg1 2 2 0 0 na na
10 64432.839350276396 0.009145755037 cfg1 2 2 0 0 na na
10 64432.848350334690 0.009145507330 cfg1 2 2 0 0 na na
10 64432.874350293586 0.009144792336 cfg1 2 2 0 0 na na
10 64432.900350306434 0.009144076655 cfg1 2 2 0 0 na na
10 64432.907350307167 0.009143884035 cfg1 2 2 0 0 na na
10 64432.929350360904 0.009143278857 cfg1 2 2 0 0 na na
10 64432.941350310974 0.009142948745 cfg1 2 2 0 0 na na
10 64432.965350302436 0.009142288665 cfg1 2 2 0 0 na na
10 64432.972350328359 0.009142096227 cfg1 2 2 0 0 na na
10 64432.975350286201 0.009142013812 cfg1 2 2 0 0 na na
10 64432.978350292551 0.009141931165 cfg1 2 2 0 0 na na
10 64432.988350327210 0.009141656252 cfg1 2 2 0 0 na na
10 64432.991350299582 0.009141573629 cfg1 2 2 0 0 na na
10 64432.997350297306 0.009141408678 cfg1 2 2 0 0 na na
10 64432.999350266786 0.009141353716 cfg1 2 2 0 0 na na
10 64433.004350302078 0.009141216324 cfg1 2 2 0 0 na na
10 64433.014350372827 0.009140941305 cfg1 2 2 0 0 na na
10 64433.020350404541 0.009140776245 cfg1 2 2 0 0 na na
10 64433.024350331745 0.009140666325 cfg1 2 2 0 0 na na
10 64433.025350259949 0.009140638794 cfg1 2 2 0 0 na na
10 64433.027350312953 0.009140584504 cfg1 2 1 0 0 na na
10 64433.031350298368 0.009140473898 cfg1 2 2 0 0 na na
10 64433.046350280813 0.009140061448 cfg1 2 2 0 0 na na
10 64433.050350356894 0.009139945227 cfg1 2 1 0 0 na na
10 64433.060350310938 0.009139676532 cfg1 2 2 0 0 na na
10 64433.091350296272 0.009138824402 cfg1 2 2 0 0 na na
10 64433.094350335403 0.009138741961 cfg1 2 2 0 0 na na
10 64433.118350272541 0.009138082381 cfg1 2 1 0 0 na na
10 64433.123350340001 0.009137944882 cfg1 2 1 0 0 na na
10 64433.150350347133 0.009137203340 cfg1 2 1 0 0 na na
10 64433.151350262645 0.009137175572 cfg1 2 1 0 0 na na
10 64433.173350298392 0.009136571019 cfg1 2 1 0 0 na na
10 64433.216350279959 0.009135389678 cfg1 2 1 0 0 na na
10 64433.227350322323 0.009135087556 cfg1 2 1 0 0 na na
10 64433.231350333407 0.009134977734 cfg1 2 1 0 0 na na
10 64433.245350253903 0.009134593116 cfg1 2 1 0 0 na na
10 64433.256350277557 0.009134291042 cfg1 2 1 0 0 na na
10 64433.262350273092 0.009134126319 cfg1 2 1 0 0 na na
10 64433.264350347087 0.009134071392 cfg1 2 1 0 0 na na
10 64433.275350319209 0.009133765841 cfg1 2 1 0 0 na na
10 64433.285350310346 0.009133494725 cfg1 2 1 0 0 na na
10 64433.296350328164 0.009133192678 cfg1 2 1 0 0 na na
10 64433.299350324819 0.009133110152 cfg1 2 1 0 0 na na
10 64433.300350334682 0.009133082716 cfg1 2 1 0 0 na na
10 64433.305350295876 0.009132945457 cfg1 2 1 0 0 na na
10 64433.312350370749 0.009132753800 cfg1 2 1 0 0 na na
10 64433.324350311350 0.009132423739 cfg1 2 1 0 0 na na
10 64433.340350244225 0.009131997621 cfg1 2 1 0 0 na na
10 64433.352350269828 0.009131655047 cfg1 2 1 0 0 na na
10 64433.358350313082 0.009131490324 cfg1 2 1 0 0 na na
10 64433.360350319922 0.009131435457 cfg1 2 1 0 0 na na
10 64433.385350327188 0.009130749318 cfg1 2 1 0 0 na na
10 64433.387350339664 0.009130694468 cfg1 2 1 0 0 na na
10 64433.403350257145 0.009130255252 cfg1 2 1 0 0 na na
10 64433.409350319172 0.009130090588 cfg1 2 1 0 0 na na
10 64433.415350335287 0.009129925976 cfg1 2 1 0 0 na na
10 64433.428350294321 0.009129569188 cfg1 2 1 0 0 na na
10 64433.493350335817 0.009127794007 cfg1 2 1 0 0 na na
10 64433.504350297736 0.009127484082 cfg1 2 1 0 0 na na
10 64433.546350312490 0.009126331900 cfg1 2 1 0 0 na na
10 64433.565350304918 0.009125825760 cfg1 2 1 0 0 na na
10 64433.610350400338 0.009124568338 cfg1 2 1 0 0 na na
10 64433.627350309087 0.009124110971 cfg1 2 1 0 0 na na
10 64433.628350317046 0.009124078685 cfg1 2 1 0 0 na na
10 64433.671350336858 0.009122904707 cfg1 2 1 0 0 na na
10 64433.706350244712 0.009121957597 cfg1 2 1 0 0 na na
10 64433.707350324065 0.009121918039 cfg1 2 1 0 0 na na
10 64433.709350351754 0.009121863394 cfg1 2 1 0 0 na na
10 64433.734350310239 0.009121178218 cfg1 2 1 0 0 na na
10 64433.736350344181 0.009121123363 cfg1 2 1 0 0 na na
10 64433.738350323278 0.009121068750 cfg1 2 1 0 0 na na
10 64433.740350317380 0.009121013847 cfg1 2 2 0 0 na na
10 64433.754350262265 0.009120630271 cfg1 2 1 0 0 na na
10 64433.773350341741 0.009120101168 cfg1 2 1 0 0 na na
10 64433.792350265192 0.009119589183 cfg1 2 1 0 0 na na
10 64433.793350326089 0.009119571107 cfg1 2 1 0 0 na na
10 64433.803350289598 0.009119287805 cfg1 2 1 0 0 na na
10 64433.809350302776 0.009119123551 cfg1 2 1 0 0 na na
10 64433.833350333533 0.009118466096 cfg1 2 1 0 0 na na
10 64433.834350272863 0.009118438682 cfg1 2 1 0 0 na na
10 64433.845350261451 0.009118130556 cfg1 2 1 0 0 na na
10 64433.860350281360 0.009117737982 cfg1 2 1 0 0 na na
10 64433.861350302991 0.009117699271 cfg1 2 1 0 0 na na
10 64433.916350293041 0.009116193367 cfg1 2 1 0 0 na na
10 64433.964350348353 0.009114879422 cfg1 2 2 0 0 na na
10 64433.967350270875 0.009114797257 cfg1 2 2 0 0 na na
10 64433.976350272492 0.009114569127 cfg1 2 1 0 0 na na
10 64433.978350315017 0.009114496286 cfg1 2 2 0 0 na na
10 64433.992350265352 0.009114113075 cfg1 2 2 0 0 na na
10 64434.002350315000 0.009113839366 cfg1 2 1 0 0 na na
10 64434.005350285916 0.009113757287 cfg1 2 1 0 0 na na
10 64434.014350288022 0.009113511127 cfg1 2 1 0 0 na na
10 64434.022350297152 0.009113292188 cfg1 2 1 0 0 na na
10 64434.033350368761 0.009112991195 cfg1 2 1 0 0 na na
10 64434.035350302805 0.009112936416 cfg1 2 1 0 0 na na
10 64434.058350310906 0.009112307189 cfg1 2 1 0 0 na na
10 64434.074350353305 0.009111889578 cfg1 2 1 0 0 na na
10 64434.092350246990 0.009111385000 cfg1 2 1 0 0 na na
10 64434.097350295697 0.009111240354 cfg1 2 1 0 0 na na
10 64434.119350328826 0.009110638516 cfg1 2 1 0 0 na na
10 64434.120350250781 0.009110626727 cfg1 2 1 0 0 na na
10 64434.126350331745 0.009110447164 cfg1 2 1 0 0 na na
10 64434.138350246896 0.009110125024 cfg1 2 1 0 0 na na
10 64434.155350315071 0.009109665706 cfg1 2 1 0 0 na na
10 64434.173350279885 0.009109161787 cfg1 2 1 0 0 na na
10 64434.182350297039 0.009108915697 cfg1 2 1 0 0 na na
10 64434.240350242175 0.009107344674 cfg1 2 1 0 0 na na
10 64434.257350308750 0.009106875318 cfg1 2 1 0 0 na na
10 64434.286350258404 0.009106073498 cfg1 2 1 0 0 na na
10 64434.299350302917 0.009105737748 cfg1 2 1 0 0 na na
10 64434.316350272920 0.009105253145 cfg1 2 1 0 0 na na
10 64434.346350283970 0.009104433427 cfg1 2 1 0 0 na na
10 64434.358350288167 0.009104105520 cfg1 2 1 0 0 na na
10 64434.369350285840 0.009103805028 cfg1 2 1 0 0 na na
10 64434.373350262817 0.009103695843 cfg1 2 1 0 0 na na
10 64434.376350335263 0.009103637907 cfg1 2 1 0 0 na na
10 64434.386350317531 0.009103360688 cfg1 2 1 0 0 na na
10 64434.397350278004 0.009103040278 cfg1 2 1 0 0 na na
10 64434.435350251630 0.009102010276 cfg1 2 1 0 0 na na
10 64434.533350253798 0.009099348084 cfg1 2 1 0 0 na na
10 64434.544350297143 0.009099048455 cfg1 2 1 0 0 na na
10 64434.588350257106 0.009097834767 cfg1 2 1 0 0 na na
10 64434.609350324298 0.009097263669 cfg1 2 1 0 0 na na
10 64434.651350308217 0.009096142380 cfg1 2 1 0 0 na na
10 64434.656350300408 0.009095982408 cfg1 2 1 0 0 na na
10 64434.673350263175 0.009095539393 cfg1 2 1 0 0 na na
10 64434.743350335583 0.009093620609 cfg1 2 1 0 0 na na
10 64434.784350252175 0.009092499789 cfg1 2 1 0 0 na na
10 64434.833350311602 0.009091172786 cfg1 2 1 0 0 na na
10 64434.966350265355 0.009087536842 cfg1 2 1 0 0 na na
10 64434.979350263176 0.009087183789 cfg1 2 1 0 0 na na
10 64435.023350260847 0.009085991064 cfg1 2 1 0 0 na na
10 64435.024350310044 0.009085986331 cfg1 2 1 0 0 na na
10 64435.051350249934 0.009085237074 cfg1 2 1 0 0 na na
10 64435.143350256586 0.009082730353 cfg1 2 1 0 0 na na
10 64435.195350253306 0.009081318597 cfg1 2 1 0 0 na na
10 64435.215350301403 0.009080790055 cfg1 2 1 0 0 na na
10 64435.273350255977 0.009079195877 cfg1 2 1 0 0 na na
10 64435.297350251384 0.009078545510 cfg1 2 1 0 0 na na
10 64435.318350286355 0.009077984983 cfg1 2 1 0 0 na na
10 64435.349350254015 0.009077132875 cfg1 2 1 0 0 na na
10 64435.363350266230 0.009076736150 cfg1 2 1 0 0 na na
10 64435.379350309729 0.009076302367 cfg1 2 1 0 0 na na
10 64435.380350340931 0.009076301737 cfg1 2 1 0 0 na na
10 64435.381350267609 0.009076249106 cfg1 2 1 0 0 na na
10 64435.405350265337 0.009075596664 cfg1 2 1 0 0 na na
10 64435.420350260555 0.009075196233 cfg1 2 1 0 0 na na
10 64435.444350258593 0.009074543745 cfg1 2 1 0 0 na na
10 64435.450350277661 0.009074383850 cfg1 2 1 0 0 na na
10 64435.455350284314 0.009074252562 cfg1 2 1 0 0 na na
10 64435.598350260623 0.009070361352 cfg1 2 1 0 0 na na
10 64435.627350345392 0.009069568315 cfg1 2 1 0 0 na na
10 64435.655350266742 0.009068805080 cfg1 2 1 0 0 na na
10 64435.662350261437 0.009068620396 cfg1 2 1 0 0 na na
10 64435.734350256867 0.009066669984 cfg1 2 2 0 0 na na
10 64435.792350320713 0.009065088816 cfg1 2 1 0 0 na na
10 64435.842350256704 0.009063746633 cfg1 2 1 0 0 na na
10 64436.053350276497 0.009058035685 cfg1 2 1 0 0 na na
10 64436.065350259014 0.009057692894 cfg1 2 1 0 0 na na
10 64436.203350260906 0.009053950753 cfg1 2 1 0 0 na na
10 64436.218350338027 0.009053552413 cfg1 2 1 0 0 na na
10 64436.222350279083 0.009053433806 cfg1 2 1 0 0 na na
10 64436.299350267724 0.009051374942 cfg1 2 1 0 0 na na
10 64436.326350247286 0.009050639770 cfg1 2 1 0 0 na na
10 64436.442350271717 0.009047500284 cfg1 2 1 0 0 na na
10 64436.470350251856 0.009046740126 cfg1 2 1 0 0 na na
10 64436.536350247845 0.009044958849 cfg1 2 1 0 0 na na
10 64436.624350255536 0.009042571497 cfg1 2 1 0 0 na na
10 64436.632350261081 0.009042350598 cfg1 2 1 0 0 na na
10 64436.729350311908 0.009039754187 cfg1 2 1 0 0 na na
10 64436.732350260663 0.009039651112 cfg1 2 1 0 0 na na
10 64436.779350315951 0.009038398785 cfg1 2 1 0 0 na na
10 64436.822350335865 0.009037241023 cfg1 2 1 0 0 na na
10 64436.825350250190 0.009037155490 cfg1 2 1 0 0 na na
10 64436.829350245365 0.009037046529 cfg1 2 1 0 0 na na
10 64436.839350259015 0.009036762912 cfg1 2 1 0 0 na na
10 64436.842350240545 0.009036701296 cfg1 2 1 0 0 na na
10 64436.957350254377 0.009033587485 cfg1 2 1 0 0 na na
10 64437.011350306993 0.009032118471 cfg1 2 1 0 0 na na
10 64437.107350299566 0.009029542796 cfg1 2 1 0 0 na na
10 64437.132350331274 0.009028870664 cfg1 2 1 0 0 na na
10 64437.201350262189 0.009026999873 cfg1 2 1 0 0 na na
10 64437.322350328415 0.009023746544 cfg1 2 1 0 0 na na
10 64437.349350323549 0.009023028866 cfg1 2 1 0 0 na na
10 64437.403350251367 0.009021570698 cfg1 2 1 0 0 na na
10 64437.529350260383 0.009018171523 cfg1 2 1 0 0 na na
10 64437.557350294149 0.009017422048 cfg1 2 1 0 0 na na
10 64437.561350361830 0.009017310849 cfg1 2 1 0 0 na na
10 64437.567350263785 0.009017147880 cfg1 2 1 0 0 na na
10 64437.659350268319 0.009014683642 cfg1 2 1 0 0 na na
10 64437.666350272958 0.009014495588 cfg1 2 1 0 0 na na
10 64437.714350253921 0.009013208234 cfg1 2 1 0 0 na na
10 64437.759350242335 0.009012009468 cfg1 2 1 0 0 na na
10 64437.765350306109 0.009011854163 cfg1 2 1 0 0 na na
10 64437.815350275751 0.009010494709 cfg1 2 1 0 0 na na
10 64437.832350255472 0.009010036582 cfg1 2 1 0 0 na na
10 64437.857350259206 0.009009362769 cfg1 2 1 0 0 na na
10 64437.875350244362 0.009008896154 cfg1 2 1 0 0 na na
10 64437.886350261093 0.009008580865 cfg1 2 1 0 0 na na
10 64437.932350241703 0.009007365189 cfg1 2 1 0 0 na na
10 64437.999350338675 0.009005573410 cfg1 2 1 0 0 na na
10 64438.065350281068 0.009003777636 cfg1 2 1 0 0 na na
10 64438.146350256377 0.009001610727 cfg1 2 1 0 0 na na
10 64438.148350279450 0.009001556358 cfg1 2 1 0 0 na na
10 64438.196350324657 0.009000272658 cfg1 2 1 0 0 na na
10 64438.205350344804 0.009000046486 cfg1 2 1 0 0 na na
10 64438.223350341563 0.008999565910 cfg1 2 1 0 0 na na
10 64438.370350262119 0.008995604823 cfg1 2 1 0 0 na na
10 64438.381350282756 0.008995322409 cfg1 2 1 0 0 na na
10 64438.493350248650 0.008992329136 cfg1 2 1 0 0 na na
10 64438.553350345419 0.008990706880 cfg1 2 1 0 0 na na
10 64438.556350288034 0.008990632976 cfg1 2 1 0 0 na na
10 64438.560350247130 0.008990534745 cfg1 2 1 0 0 na na
10 64438.570350253102 0.008990258750 cfg1 2 1 0 0 na na
10 64438.577350335345 0.008990063778 cfg1 2 1 0 0 na na
10 64438.651350316505 0.008988101426 cfg1 2 1 0 0 na na
10 64438.659350299270 0.008987883076 cfg1 2 1 0 0 na na
10 64438.826350325517 0.008983412249 cfg1 2 1 0 0 na na
10 64438.915350307143 0.008981051701 cfg1 2 1 0 0 na na
10 64438.948350318081 0.008980177138 cfg1 2 1 0 0 na na
10 64439.012350252699 0.008978454150 cfg1 2 1 0 0 na na
10 64439.023350246649 0.008978165144 cfg1 2 1 0 0 na na
10 64439.024350308235 0.008978133660 cfg1 2 1 0 0 na na
10 64439.031350266835 0.008977935306 cfg1 2 1 0 0 na na
10 64439.034350272768 0.008977880962 cfg1 2 1 0 0 na na
10 64439.156350302456 0.008974623049 cfg1 2 1 0 0 na na
10 64439.207350283631 0.008973269170 cfg1 2 1 0 0 na na
10 64439.513350271470 0.008965111670 cfg1 2 1 0 0 na na
10 64439.602350318660 0.008962725804 cfg1 2 1 0 0 na na
10 64439.622350261365 0.008962190390 cfg1 2 1 0 0 na na
10 64439.665350252127 0.008961059676 cfg1 2 1 0 0 na na
10 64439.669350305799 0.008960953386 cfg1 2 1 0 0 na na
10 64439.769350254313 0.008958300170 cfg1 2 1 0 0 na na
10 64439.779350313338 0.008958031614 cfg1 2 1 0 0 na na
10 64439.788350251313 0.008957790636 cfg1 2 1 0 0 na na
10 64439.852350316248 0.008956080813 cfg1 2 1 0 0 na na
10 64439.911350249166 0.008954522775 cfg1 2 1 0 0 na na
10 64439.982350300550 0.008952646373 cfg1 2 1 0 0 na na
10 64439.986350245729 0.008952531279 cfg1 2 1 0 0 na na
10 64439.996350262670 0.008952249123 cfg1 2 1 0 0 na na
10 64440.014350320358 0.008951787095 cfg1 2 1 0 0 na na
10 64440.038350251097 0.008951145790 cfg1 2 1 0 0 na na
10 64440.051350240196 0.008950811591 cfg1 2 1 0 0 na na
10 64440.108350255041 0.008949286875 cfg1 2 1 0 0 na na
10 64440.132350301384 0.008948659390 cfg1 2 1 0 0 na na
10 64440.150350249721 0.008948177139 cfg1 2 1 0 0 na na
10 64440.201350318644 0.008946828258 cfg1 2 1 0 0 na na
10 64440.228350264078 0.008946092705 cfg1 2 1 0 0 na na
10 64440.262350277778 0.008945218717 cfg1 2 1 0 0 na na
10 64440.297350250966 0.008944275936 cfg1 2 1 0 0 na na
10 64440.384350268621 0.008941972083 cfg1 2 1 0 0 na na
10 64440.432350243103 0.008940708849 cfg1 2 1 0 0 na na
10 64440.481350305509 0.008939413637 cfg1 2 1 0 0 na na
10 64440.565350265417 0.008937166457 cfg1 2 1 0 0 na na
10 64440.586350359544 0.008936637706 cfg1 2 1 0 0 na na
10 64440.594350317460 0.008936399208 cfg1 2 1 0 0 na na
10 64440.606350324569 0.008936085393 cfg1 2 1 0 0 na na
10 64440.607350247448 0.008936069361 cfg1 2 1 0 0 na na
10 64440.615350266698 0.008935851488 cfg1 2 2 0 0 na na
10 64440.667350262718 0.008934488689 cfg1 2 1 0 0 na na
10 64440.751350257039 0.008932249954 cfg1 2 1 0 0 na na
10 64440.759350262763 0.008932034129 cfg1 2 1 0 0 na na
10 64440.770350285282 0.008931748970 cfg1 2 1 0 0 na na
10 64440.813350265881 0.008930606126 cfg1 2 1 0 0 na na
10 64440.861350244907 0.008929357216 cfg1 2 1 0 0 na na
10 64440.921350266180 0.008927750654 cfg1 2 1 0 0 na na
10 64441.017350245149 0.008925231794 cfg1 2 1 0 0 na na
10 64441.027350305382 0.008924978518 cfg1 2 1 0 0 na na
10 64441.036350307147 0.008924727827 cfg1 2 1 0 0 na na
10 64441.038350302418 0.008924672188 cfg1 2 1 0 0 na na
10 64441.095350263044 0.008923158986 cfg1 2 1 0 0 na na
10 64441.132350255903 0.008922186055 cfg1 2 1 0 0 na na
10 64441.175350261267 0.008921045755 cfg1 2 1 0 0 na na
10 64441.306350242446 0.008917609429 cfg1 2 1 0 0 na na
10 64441.327350329150 0.008917042194 cfg1 2 1 0 0 na na
10 64441.426350330916 0.008914428302 cfg1 2 1 0 0 na na
10 64441.430350246274 0.008914340796 cfg1 2 1 0 0 na na
10 64441.457350302386 0.008913621972 cfg1 2 1 0 0 na na
10 64441.460350303964 0.008913547870 cfg1 2 1 0 0 na na
10 64441.494350248307 0.008912648774 cfg1 2 1 0 0 na na
10 64441.501350326530 0.008912458894 cfg1 2 1 0 0 na na
10 64441.512350260272 0.008912166634 cfg1 2 1 0 0 na na
10 64441.560350274447 0.008910916484 cfg1 2 1 0 0 na na
10 64441.567350333981 0.008910725844 cfg1 2 1 0 0 na na
10 64441.576350281694 0.008910493666 cfg1 2 1 0 0 na na
10 64441.630350252997 0.008909075007 cfg1 2 1 0 0 na na
10 64441.685350252360 0.008907619775 cfg1 2 1 0 0 na na
10 64441.846350251038 0.008903385858 cfg1 2 1 0 0 na na
10 64441.851350250010 0.008903256927 cfg1 2 1 0 0 na na
10 64441.874350261771 0.008902640447 cfg1 2 1 0 0 na na
10 64441.886350339455 0.008902327839 cfg1 2 1 0 0 na na
10 64441.918350249896 0.008901491963 cfg1 2 1 0 0 na na
10 64441.919350281436 0.008901464816 cfg1 2 1 0 0 na na
10 64441.981350264128 0.008899822758 cfg1 2 1 0 0 na na
10 64441.995350287768 0.008899454698 cfg1 2 1 0 0 na na
10 64442.148350278237 0.008895440458 cfg1 2 1 0 0 na na
10 64442.177350274923 0.008894672139 cfg1 2 1 0 0 na na
10 64442.268350285313 0.008892283752 cfg1 2 1 0 0 na na
10 64442.294350256903 0.008891619762 cfg1 2 1 0 0 na na
10 64442.426350267353 0.008888149562 cfg1 2 1 0 0 na na
10 64442.483350317812 0.008886638168 cfg1 2 1 0 0 na na
10 64442.487350283225 0.008886533572 cfg1 2 1 0 0 na na
10 64442.504350350004 0.008886088590 cfg1 2 1 0 0 na na
10 64442.515350330674 0.008885799898 cfg1 2 1 0 0 na na
10 64442.517350296207 0.008885747553 cfg1 2 1 0 0 na na
10 64442.522350273116 0.008885629146 cfg1 2 1 0 0 na na
10 64442.579350279989 0.008884126810 cfg1 2 1 0 0 na na
10 64442.583350310307 0.008884019134 cfg1 2 1 0 0 na na
10 64442.589350288885 0.008883868816 cfg1 2 1 0 0 na na
10 64442.597350269652 0.008883667291 cfg1 2 1 0 0 na na
10 64442.598350263945 0.008883647830 cfg1 2 1 0 0 na na
10 64442.600350302237 0.008883573973 cfg1 2 1 0 0 na na
10 64442.618350362107 0.008883102760 cfg1 2 1 0 0 na na
10 64442.621350328175 0.008883024149 cfg1 2 1 0 0 na na
10 64442.643350295715 0.008882448358 cfg1 2 1 0 0 na na
10 64442.644350320378 0.008882422144 cfg1 2 1 0 0 na na
10 64442.649350260256 0.008882316568 cfg1 2 1 0 0 na na
10 64442.655350311884 0.008882134198 cfg1 2 1 0 0 na na
10 64442.671350321431 0.008881716272 cfg1 2 1 0 0 na na
10 64442.685350325520 0.008881349161 cfg1 2 1 0 0 na na
10 64442.689350280917 0.008881246104 cfg1 2 1 0 0 na na
10 64442.703350275325 0.008880886534 cfg1 2 1 0 0 na na
10 64442.730350325155 0.008880171622 cfg1 2 1 0 0 na na
10 64442.739350266173 0.008879955658 cfg1 2 1 0 0 na na
10 64442.740350333522 0.008879909921 cfg1 2 1 0 0 na na
10 64442.755350295683 0.008879517590 cfg1 2 2 0 0 na na
10 64442.761350288903 0.008879360635 cfg1 2 2 0 0 na na
10 64442.787350308642 0.008878680709 cfg1 2 1 0 0 na na
10 64442.795350336018 0.008878471358 cfg1 2 2 0 0 na na
10 64442.846350271499 0.008877150573 cfg1 2 1 0 0 na na
10 64442.847350304815 0.008877111535 cfg1 2 2 0 0 na na
10 64442.853350274403 0.008876962472 cfg1 2 1 0 0 na na
10 64442.856350299784 0.008876876275 cfg1 2 2 0 0 na na
10 64442.865350380016 0.008876641036 cfg1 2 2 0 0 na na
10 64442.866350264249 0.008876632673 cfg1 2 1 0 0 na na
10 64442.867350316176 0.008876588704 cfg1 2 2 0 0 na na
10 64442.895350289601 0.008875852422 cfg1 2 1 0 0 na na
10 64442.902350270658 0.008875685870 cfg1 2 1 0 0 na na
10 64442.941350289803 0.008874646998 cfg1 2 1 0 0 na na
10 64442.953350318831 0.008874340961 cfg1 2 2 0 0 na na
10 64442.956350276904 0.008874269987 cfg1 2 1 0 0 na na
10 64442.970350274637 0.008873907147 cfg1 2 1 0 0 na na
10 64442.976350289070 0.008873740042 cfg1 2 1 0 0 na na
10 64442.982350364459 0.008873598532 cfg1 2 1 0 0 na na
10 64442.995350268276 0.008873258595 cfg1 2 1 0 0 na na
10 64443.003350295996 0.008873037953 cfg1 2 1 0 0 na na
10 64443.008350315069 0.008872910145 cfg1 2 1 0 0 na na
10 64443.011350294679 0.008872825750 cfg1 2 1 0 0 na na
10 64443.033350311068 0.008872250939 cfg1 2 2 0 0 na na
10 64443.037350276125 0.008872150840 cfg1 2 1 0 0 na na
10 64443.063350303654 0.008871472843 cfg1 2 1 0 0 na na
10 64443.069350292659 0.008871310698 cfg1 2 2 0 0 na na
10 64443.073350287459 0.008871206250 cfg1 2 2 0 0 na na
10 64443.104350268404 0.008870408452 cfg1 2 1 0 0 na na
10 64443.131350291205 0.008869705871 cfg1 2 1 0 0 na na
10 64443.154350274732 0.008869098291 cfg1 2 1 0 0 na na
10 64443.155350341830 0.008869065355 cfg1 2 2 0 0 na na
10 64443.192350342317 0.008868099789 cfg1 2 2 0 0 na na
10 64443.201350331553 0.008867864807 cfg1 2 2 0 0 na na
10 64443.202350290165 0.008867826550 cfg1 2 1 0 0 na na
10 64443.214350282313 0.008867524505 cfg1 2 1 0 0 na na
10 64443.220350265126 0.008867381799 cfg1 2 1 0 0 na na
10 64443.222350289391 0.008867316929 cfg1 2 2 0 0 na na
10 64443.227350308326 0.008867186541 cfg1 2 2 0 0 na na
10 64443.229350309067 0.008867134314 cfg1 2 2 0 0 na na
10 64443.230350292789 0.008867108266 cfg1 2 2 0 0 na na
10 64443.253350323259 0.008866508238 cfg1 2 2 0 0 na na
10 64443.278350313381 0.008865856067 cfg1 2 2 0 0 na na
10 64443.307350299136 0.008865113246 cfg1 2 1 0 0 na na
10 64443.313350293524 0.008864943271 cfg1 2 1 0 0 na na
10 64443.315350277545 0.008864894349 cfg1 2 1 0 0 na na
10 64443.386350345320 0.008863039885 cfg1 2 1 0 0 na na
10 64443.414350299095 0.008862310026 cfg1 2 1 0 0 na na
10 64443.417350335150 0.008862231738 cfg1 2 2 0 0 na na
10 64443.424350315980 0.008862049280 cfg1 2 2 0 0 na na
10 64443.453350276555 0.008861295318 cfg1 2 1 0 0 na na
10 64443.455350336286 0.008861241413 cfg1 2 2 0 0 na na
10 64443.460350321344 0.008861111178 cfg1 2 2 0 0 na na
10 64443.491350280829 0.008860301120 cfg1 2 1 0 0 na na
10 64443.518350315247 0.008859600000 cfg1 2 2 0 0 na na
10 64443.534350351970 0.008859183199 cfg1 2 2 0 0 na na
10 64443.535350293598 0.008859157165 cfg1 2 2 0 0 na na
10 64443.543350360055 0.008858936269 cfg1 2 1 0 0 na na
10 64443.547350315240 0.008858844632 cfg1 2 2 0 0 na na
10 64443.550350293390 0.008858766500 cfg1 2 2 0 0 na na
10 64443.584350300725 0.008857890211 cfg1 2 1 0 0 na na
10 64443.593350300794 0.008857646715 cfg1 2 2 0 0 na na
10 64443.641350295330 0.008856381632 cfg1 2 1 0 0 na na
10 64443.648350275562 0.008856221404 cfg1 2 1 0 0 na na
10 64443.659350302088 0.008855928512 cfg1 2 2 0 0 na na
10 64443.675350328892 0.008855512152 cfg1 2 1 0 0 na na
10 64443.702350307611 0.008854791021 cfg1 2 1 0 0 na na
10 64443.714350293153 0.008854501935 cfg1 2 1 0 0 na na
10 64443.721350315495 0.008854314942 cfg1 2 2 0 0 na na
10 64443.794350318356 0.008852415860 cfg1 2 2 0 0 na na
10 64443.805350278035 0.008852129755 cfg1 2 2 0 0 na na
10 64443.825350325767 0.008851609670 cfg1 2 2 0 0 na na
10 64443.907350311019 0.008849477386 cfg1 2 1 0 0 na na
10 64443.930350266783 0.008848889797 cfg1 2 1 0 0 na na
10 64443.933350302619 0.008848802126 cfg1 2 1 0 0 na na
10 64443.970350343196 0.008847840662 cfg1 2 1 0 0 na na
10 64443.972350287404 0.008847779622 cfg1 2 1 0 0 na na
10 64444.009350276545 0.008846830342 cfg1 2 1 0 0 na na
10 64444.010350336048 0.008846782725 cfg1 2 1 0 0 na na
10 64444.011350311856 0.008846775459 cfg1 2 1 0 0 na na
10 64444.026350325638 0.008846385596 cfg1 2 2 0 0 na na
10 64444.100350331539 0.008844463792 cfg1 2 2 0 0 na na
10 64444.135350362845 0.008843555079 cfg1 2 2 0 0 na na
10 64444.190350287350 0.008842127543 cfg1 2 2 0 0 na na
10 64444.301350284674 0.008839247685 cfg1 2 2 0 0 na na
10 64444.302350339694 0.008839221843 cfg1 2 2 0 0 na na
10 64444.318350333090 0.008838787471 cfg1 2 1 0 0 na na
10 64444.320350348763 0.008838755005 cfg1 2 2 0 0 na na
10 64444.334350360661 0.008838392415 cfg1 2 1 0 0 na na
10 64444.336350276665 0.008838345201 cfg1 2 1 0 0 na na
10 64444.369350291627 0.008837480751 cfg1 2 1 0 0 na na
10 64444.386350299991 0.008837043785 cfg1 2 1 0 0 na na
10 64444.395350295171 0.008836810542 cfg1 2 1 0 0 na na
10 64444.433350275462 0.008835831706 cfg1 2 1 0 0 na na
10 64444.434350322016 0.008835799603 cfg1 2 2 0 0 na na
10 64444.461350340502 0.008835099880 cfg1 2 2 0 0 na na
10 64444.483350276915 0.008834534754 cfg1 2 1 0 0 na na
10 64444.507350274557 0.008833917328 cfg1 2 1 0 0 na na
10 64444.580350277998 0.008832018914 cfg1 2 1 0 0 na na
10 64444.615350267925 0.008831124058 cfg1 2 1 0 0 na na
10 64444.663350367751 0.008829869052 cfg1 2 1 0 0 na na
10 64444.665350308219 0.008829817371 cfg1 2 1 0 0 na na
10 64444.669350292735 0.008829713217 cfg1 2 2 0 0 na na
10 64444.686350295196 0.008829273938 cfg1 2 1 0 0 na na
10 64444.699350286855 0.008828936929 cfg1 2 1 0 0 na na
10 64444.711350316191 0.008828635242 cfg1 2 1 0 0 na na
10 64444.786350280259 0.008826690693 cfg1 2 1 0 0 na na
10 64444.790350350498 0.008826582574 cfg1 2 2 0 0 na na
10 64444.799350336922 0.008826334293 cfg1 2 1 0 0 na na
10 64444.811350295202 0.008826039416 cfg1 2 2 0 0 na na
10 64444.819350290707 0.008825837132 cfg1 2 1 0 0 na na
10 64444.822350287765 0.008825749169 cfg1 2 1 0 0 na na
10 64444.829350350088 0.008825573977 cfg1 2 2 0 0 na na
10 64444.856350322867 0.008824875793 cfg1 2 2 0 0 na na
10 64444.859350283797 0.008824798203 cfg1 2 2 0 0 na na
10 64444.861350307482 0.008824746489 cfg1 2 2 0 0 na na
10 64444.886350336064 0.008824099552 cfg1 2 1 0 0 na na
10 64444.908350298093 0.008823531563 cfg1 2 2 0 0 na na
10 64444.929350324144 0.008822988763 cfg1 2 2 0 0 na na
10 64444.951350296268 0.008822405950 cfg1 2 1 0 0 na na
10 64444.952350301221 0.008822394453 cfg1 2 2 0 0 na na
10 64444.974350327532 0.008821825846 cfg1 2 2 0 0 na na
10 64444.992350288580 0.008821360777 cfg1 2 2 0 0 na na
10 64445.004350310522 0.008821050768 cfg1 2 2 0 0 na na
10 64445.039350323682 0.008820146747 cfg1 2 2 0 0 na na
10 64445.040350274573 0.008820127757 cfg1 2 1 0 0 na na
10 64445.065350346120 0.008819475272 cfg1 2 2 0 0 na na
10 64445.066350295986 0.008819435873 cfg1 2 1 0 0 na na
10 64445.116350327980 0.008818158441 cfg1 2 2 0 0 na na
10 64445.128350279731 0.008817852128 cfg1 2 1 0 0 na na
10 64445.136350307843 0.008817642132 cfg1 2 2 0 0 na na
10 64445.147350315713 0.008817358100 cfg1 2 2 0 0 na na
10 64445.204350284208 0.008815882911 cfg1 2 1 0 0 na na
10 64445.212350270777 0.008815691413 cfg1 2 1 0 0 na na
10 64445.219350297344 0.008815500005 cfg1 2 2 0 0 na na
10 64445.234350334551 0.008815113613 cfg1 2 1 0 0 na na
10 64445.248350325076 0.008814751973 cfg1 2 2 0 0 na na
10 64445.261350334734 0.008814427676 cfg1 2 1 0 0 na na
10 64445.264350291387 0.008814339230 cfg1 2 2 0 0 na na
10 64445.270350303440 0.008814184379 cfg1 2 2 0 0 na na
10 64445.287350312267 0.008813757593 cfg1 2 1 0 0 na na
10 64445.303350291796 0.008813319945 cfg1 2 1 0 0 na na
10 64445.307350281734 0.008813238172 cfg1 2 1 0 0 na na
10 64445.326350280873 0.008812741046 cfg1 2 1 0 0 na na
10 64445.339350306606 0.008812404880 cfg1 2 2 0 0 na na
10 64445.366350334732 0.008811708686 cfg1 2 2 0 0 na na
10 64445.398350328982 0.008810883922 cfg1 2 2 0 0 na na
10 64445.419350310688 0.008810356079 cfg1 2 1 0 0 na na
10 64445.420350297400 0.008810316784 cfg1 2 2 0 0 na na
10 64445.426350292912 0.008810149029 cfg1 2 1 0 0 na na
10 64445.434350310655 0.008809956042 cfg1 2 2 0 0 na na
10 64445.439350303954 0.008809834753 cfg1 2 1 0 0 na na
10 64445.446350273302 0.008809653717 cfg1 2 1 0 0 na na
10 64445.460350271806 0.008809290117 cfg1 2 1 0 0 na na
10 64445.463350308466 0.008809220539 cfg1 2 1 0 0 na na
10 64445.477350289235 0.008808837587 cfg1 2 1 0 0 na na
10 64445.488350304855 0.008808564657 cfg1 2 2 0 0 na na
10 64445.495350310105 0.008808384273 cfg1 2 2 0 0 na na
10 64445.503350332175 0.008808178319 cfg1 2 2 0 0 na na
10 64445.506350340985 0.008808100991 cfg1 2 2 0 0 na na
10 64445.521350287826 0.008807714552 cfg1 2 2 0 0 na na
10 64445.526350315714 0.008807585848 cfg1 2 2 0 0 na na
10 64445.533350321491 0.008807416909 cfg1 2 1 0 0 na na
10 64445.555350300966 0.008806839009 cfg1 2 2 0 0 na na
10 64445.559350286981 0.008806724639 cfg1 2 1 0 0 na na
10 64445.570350300719 0.008806452567 cfg1 2 2 0 0 na na
10 64445.571350293024 0.008806426896 cfg1 2 2 0 0 na na
10 64445.575350341013 0.008806331377 cfg1 2 1 0 0 na na
10 64445.617350304931 0.008805242579 cfg1 2 2 0 0 na na
10 64445.619350339455 0.008805191018 cfg1 2 2 0 0 na na
10 64445.627350274328 0.008804987611 cfg1 2 1 0 0 na na
10 64445.654350318427 0.008804277420 cfg1 2 1 0 0 na na
10 64445.713350265977 0.008802781012 cfg1 2 1 0 0 na na
10 64445.717350271805 0.008802669902 cfg1 2 1 0 0 na na
10 64445.737350258967 0.008802167898 cfg1 2 1 0 0 na na
10 64445.745350284366 0.008801937533 cfg1 2 1 0 0 na na
10 64445.747350286046 0.008801897200 cfg1 2 2 0 0 na na
10 64445.805350343337 0.008800405821 cfg1 2 1 0 0 na na
10 64445.813350267430 0.008800204384 cfg1 2 1 0 0 na na
10 64445.816350324198 0.008800122431 cfg1 2 2 0 0 na na
10 64445.880350336966 0.008798477116 cfg1 2 2 0 0 na na
10 64445.932350301270 0.008797140653 cfg1 2 2 0 0 na na
10 64446.020350292881 0.008794879758 cfg1 2 2 0 0 na na
10 64446.061350255811 0.008793836089 cfg1 2 1 0 0 na na
10 64446.062350329981 0.008793801358 cfg1 2 2 0 0 na na
10 64446.074350336659 0.008793493286 cfg1 2 2 0 0 na na
10 64446.081350336764 0.008793313455 cfg1 2 2 0 0 na na
10 64446.083350254245 0.008793272757 cfg1 2 1 0 0 na na
10 64446.085350273401 0.008793210813 cfg1 2 2 0 0 na na
10 64446.106350272588 0.008792659336 cfg1 2 1 0 0 na na
10 64446.131350377494 0.008792029845 cfg1 2 2 0 0 na na
10 64446.133350271053 0.008791970949 cfg1 2 1 0 0 na na
10 64446.146350256794 0.008791650056 cfg1 2 1 0 0 na na
10 64446.147350346030 0.008791619209 cfg1 2 2 0 0 na na
10 64446.148350291000 0.008791600768 cfg1 2 1 0 0 na na
10 64446.152350324850 0.008791490897 cfg1 2 2 0 0 na na
10 64446.164350329567 0.008791182869 cfg1 2 2 0 0 na na
10 64446.184350313742 0.008790669795 cfg1 2 2 0 0 na na
10 64446.186350270302 0.008790618378 cfg1 2 2 0 0 na na
10 64446.204350256903 0.008790160117 cfg1 2 1 0 0 na na
10 64446.205350279480 0.008790130866 cfg1 2 2 0 0 na na
10 64446.211350309806 0.008789977062 cfg1 2 2 0 0 na na
10 64446.214350333292 0.008789888806 cfg1 2 1 0 0 na na
10 64446.240350275719 0.008789233103 cfg1 2 2 0 0 na na
10 64446.241350293585 0.008789207325 cfg1 2 2 0 0 na na
10 64446.251350285120 0.008788937478 cfg1 2 1 0 0 na na
10 64446.252350325963 0.008788925236 cfg1 2 2 0 0 na na
10 64446.259350345476 0.008788745609 cfg1 2 2 0 0 na na
10 64446.271350284811 0.008788437882 cfg1 2 2 0 0 na na
10 64446.274350293436 0.008788360862 cfg1 2 2 0 0 na na
10 64446.278350268102 0.008788248547 cfg1 2 1 0 0 na na
10 64446.291350326111 0.008787924954 cfg1 2 2 0 0 na na
10 64446.294350300810 0.008787851327 cfg1 2 1 0 0 na na
10 64446.301350267087 0.008787668462 cfg1 2 2 0 0 na na
10 64446.322350292270 0.008787130402 cfg1 2 1 0 0 na na
10 64446.328350274510 0.008786976164 cfg1 2 2 0 0 na na
10 64446.333350297524 0.008786848747 cfg1 2 1 0 0 na na
10 64446.339350270383 0.008786681466 cfg1 2 1 0 0 na na
10 64446.347350352377 0.008786489136 cfg1 2 2 0 0 na na
10 64446.351350308197 0.008786386561 cfg1 2 2 0 0 na na
10 64446.367350245154 0.008785986868 cfg1 2 1 0 0 na na
10 64446.420350279241 0.008784618041 cfg1 2 2 0 0 na na
10 64446.447350249890 0.008783938400 cfg1 2 1 0 0 na na
10 64446.466350342127 0.008783439493 cfg1 2 2 0 0 na na
10 64446.479350324052 0.008783106501 cfg1 2 2 0 0 na na
10 64446.515350371146 0.008782184358 cfg1 2 2 0 0 na na
10 64446.519350311487 0.008782081909 cfg1 2 2 0 0 na na
10 64446.533350339621 0.008781723457 cfg1 2 2 0 0 na na
10 64446.537350328039 0.008781620979 cfg1 2 2 0 0 na na
10 64446.542350328458 0.008781492893 cfg1 2 2 0 0 na na
10 64446.546350303311 0.008781375486 cfg1 2 1 0 0 na na
10 64446.560350326508 0.008781032054 cfg1 2 2 0 0 na na
10 64446.612350285720 0.008779700774 cfg1 2 2 0 0 na na
10 64446.620350284971 0.008779496051 cfg1 2 2 0 0 na na
10 64446.655350343176 0.008778600433 cfg1 2 2 0 0 na na
10 64446.669350247874 0.008778248986 cfg1 2 1 0 0 na na
10 64446.671350302752 0.008778190951 cfg1 2 2 0 0 na na
10 64446.696350311738 0.008777551260 cfg1 2 2 0 0 na na
10 64446.698350296707 0.008777501311 cfg1 2 1 0 0 na na
10 64446.710350258784 0.008777193170 cfg1 2 2 0 0 na na
10 64446.718350318105 0.008776988541 cfg1 2 2 0 0 na na
10 64446.722350357660 0.008776886124 cfg1 2 2 0 0 na na
10 64446.766350292437 0.008775769007 cfg1 2 1 0 0 na na
10 64446.789350302316 0.008775172644 cfg1 2 2 0 0 na na
10 64446.800350307489 0.008774891473 cfg1 2 1 0 0 na na
10 64446.896350327674 0.008772430294 cfg1 2 1 0 0 na na
10 64446.902350240036 0.008772291920 cfg1 2 1 0 0 na na
10 64446.907350337799 0.008772153147 cfg1 2 1 0 0 na na
10 64446.929350268942 0.008771594827 cfg1 2 1 0 0 na na
10 64446.948350278728 0.008771108819 cfg1 2 2 0 0 na na
10 64446.958350350707 0.008770854004 cfg1 2 1 0 0 na na
10 64446.963350288777 0.008770725616 cfg1 2 2 0 0 na na
10 64446.998350308578 0.008769819325 cfg1 2 1 0 0 na na
10 64447.059350288307 0.008768274838 cfg1 2 1 0 0 na na
10 64447.060350325910 0.008768250198 cfg1 2 1 0 0 na na
10 64447.063350318394 0.008768171933 cfg1 2 2 0 0 na na
10 64447.109350273498 0.008766985625 cfg1 2 1 0 0 na na
10 64447.118350289041 0.008766768087 cfg1 2 2 0 0 na na
10 64447.123350299318 0.008766640506 cfg1 2 2 0 0 na na
10 64447.124350316645 0.008766615049 cfg1 2 2 0 0 na na
10 64447.134350289785 0.008766359781 cfg1 2 2 0 0 na na
10 64447.153350281900 0.008765879122 cfg1 2 1 0 0 na na
10 64447.167350287699 0.008765517701 cfg1 2 2 0 0 na na
10 64447.199350296633 0.008764701279 cfg1 2 2 0 0 na na
10 64447.218350286227 0.008764216780 cfg1 2 2 0 0 na na
10 64447.229350291845 0.008763936148 cfg1 2 2 0 0 na na
10 64447.239350334160 0.008763681135 cfg1 2 2 0 0 na na
10 64447.250350403092 0.008763400749 cfg1 2 1 0 0 na na
10 64447.252350268219 0.008763349636 cfg1 2 2 0 0 na na
10 64447.261350352044 0.008763120027 cfg1 2 2 0 0 na na
10 64447.264350314012 0.008763050955 cfg1 2 1 0 0 na na
10 64447.268350322211 0.008762942208 cfg1 2 1 0 0 na na
10 64447.346350321609 0.008760949970 cfg1 2 1 0 0 na na
10 64447.352350329593 0.008760802839 cfg1 2 1 0 0 na na
10 64447.389350259578 0.008759857412 cfg1 2 2 0 0 na na
10 64447.418350304634 0.008759107290 cfg1 2 1 0 0 na na
10 64447.479350341248 0.008757564740 cfg1 2 2 0 0 na na
10 64447.497350299268 0.008757091131 cfg1 2 1 0 0 na na
10 64447.514350326465 0.008756660337 cfg1 2 1 0 0 na na
10 64447.537350249927 0.008756087797 cfg1 2 2 0 0 na na
10 64447.545350313206 0.008755891383 cfg1 2 1 0 0 na na
10 64447.556350346960 0.008755604140 cfg1 2 2 0 0 na na
10 64447.573350264911 0.008755164431 cfg1 2 1 0 0 na na
10 64447.580350339387 0.008754993312 cfg1 2 2 0 0 na na
10 64447.581350242537 0.008754969083 cfg1 2 1 0 0 na na
10 64447.583350269306 0.008754916880 cfg1 2 2 0 0 na na
10 64447.593350253026 0.008754662485 cfg1 2 1 0 0 na na
10 64447.603350310648 0.008754407867 cfg1 2 2 0 0 na na
10 64447.620350299201 0.008753975387 cfg1 2 1 0 0 na na
10 64447.628350259364 0.008753771703 cfg1 2 2 0 0 na na
10 64447.631350332366 0.008753695507 cfg1 2 1 0 0 na na
10 64447.632350263419 0.008753669891 cfg1 2 2 0 0 na na
10 64447.654350298889 0.008753121301 cfg1 2 1 0 0 na na
10 64447.706350294391 0.008751787565 cfg1 2 1 0 0 na na
10 64447.715350333217 0.008751563506 cfg1 2 1 0 0 na na
10 64447.722350268384 0.008751380730 cfg1 2 1 0 0 na na
10 64447.749350277952 0.008750693975 cfg1 2 2 0 0 na na
10 64447.761350257995 0.008750383841 cfg1 2 1 0 0 na na
10 64447.768350307331 0.008750210954 cfg1 2 2 0 0 na na
10 64447.769350277840 0.008750185470 cfg1 2 2 0 0 na na
10 64447.781350326863 0.008749880488 cfg1 2 2 0 0 na na
10 64447.824350266240 0.008748787645 cfg1 2 1 0 0 na na
10 64447.827350283955 0.008748720682 cfg1 2 1 0 0 na na
10 64447.832350239321 0.008748592569 cfg1 2 1 0 0 na na
10 64447.838350292620 0.008748431652 cfg1 2 2 0 0 na na
10 64447.853350338546 0.008748050564 cfg1 2 2 0 0 na na
10 64447.887350263916 0.008747191434 cfg1 2 1 0 0 na na
10 64447.896350331665 0.008746957864 cfg1 2 2 0 0 na na
10 64447.965350258929 0.008745205284 cfg1 2 2 0 0 na na
10 64447.978350299689 0.008744875697 cfg1 2 1 0 0 na na
10 64448.021350276069 0.008743783458 cfg1 2 2 0 0 na na
10 64448.044350292793 0.008743199625 cfg1 2 2 0 0 na na
10 64448.048350282239 0.008743098113 cfg1 2 2 0 0 na na
10 64448.122350345947 0.008741220236 cfg1 2 2 0 0 na na
10 64448.130350321011 0.008741017418 cfg1 2 1 0 0 na na
10 64448.159350319931 0.008740281655 cfg1 2 2 0 0 na na
10 64448.193350244886 0.008739426895 cfg1 2 1 0 0 na na
10 64448.213350269273 0.008738912094 cfg1 2 2 0 0 na na
10 64448.215350309326 0.008738861378 cfg1 2 2 0 0 na na
10 64448.244350268556 0.008738127503 cfg1 2 1 0 0 na na
10 64448.253350241712 0.008737910019 cfg1 2 1 0 0 na na
10 64448.275350311799 0.008737340308 cfg1 2 2 0 0 na na
10 64448.352350325833 0.008735377015 cfg1 2 1 0 0 na na
10 64448.377350298676 0.008734755577 cfg1 2 2 0 0 na na
10 64448.378350353008 0.008734728429 cfg1 2 1 0 0 na na
10 64448.383350314496 0.008734603561 cfg1 2 2 0 0 na na
10 64448.385350326649 0.008734552935 cfg1 2 2 0 0 na na
10 64448.386350318999 0.008734540522 cfg1 2 1 0 0 na na
10 64448.405350251481 0.008734046376 cfg1 2 2 0 0 na na
10 64448.411350260075 0.008733886761 cfg1 2 1 0 0 na na
10 64448.415350330016 0.008733793704 cfg1 2 1 0 0 na na
10 64448.419350242300 0.008733699550 cfg1 2 1 0 0 na na
10 64448.422350316855 0.008733615841 cfg1 2 2 0 0 na na
10 64448.434350297102 0.008733311862 cfg1 2 2 0 0 na na
10 64448.438350319318 0.008733210663 cfg1 2 2 0 0 na na
10 64448.464350297008 0.008732561223 cfg1 2 1 0 0 na na
10 64448.470350243950 0.008732407983 cfg1 2 1 0 0 na na
10 64448.482350354939 0.008732096564 cfg1 2 2 0 0 na na
10 64448.487350263371 0.008731958618 cfg1 2 1 0 0 na na
10 64448.500350272841 0.008731654054 cfg1 2 1 0 0 na na
10 64448.523350323912 0.008731058791 cfg1 2 2 0 0 na na
10 64448.559350308980 0.008730147677 cfg1 2 2 0 0 na na
10 64448.572350268167 0.008729818696 cfg1 2 2 0 0 na na
10 64448.581350269773 0.008729591016 cfg1 2 2 0 0 na na
10 64448.606350312243 0.008728968810 cfg1 2 1 0 0 na na
10 64448.620350351918 0.008728604214 cfg1 2 2 0 0 na na
10 64448.627350282801 0.008728427348 cfg1 2 2 0 0 na na
10 64448.652350323044 0.008727784279 cfg1 2 1 0 0 na na
10 64448.664350317932 0.008727491579 cfg1 2 2 0 0 na na
10 64448.674350304900 0.008727238539 cfg1 2 2 0 0 na na
10 64448.678350370110 0.008727133947 cfg1 2 1 0 0 na na
10 64448.679350296165 0.008727112212 cfg1 2 2 0 0 na na
10 64448.706350280311 0.008726429411 cfg1 2 2 0 0 na na
10 64448.719350312146 0.008726100850 cfg1 2 2 0 0 na na
10 64448.721350285065 0.008726062689 cfg1 2 1 0 0 na na
10 64448.727350296779 0.008725898687 cfg1 2 2 0 0 na na
10 64448.731350369256 0.008725796237 cfg1 2 1 0 0 na na
10 64448.801350241676 0.008724040287 cfg1 2 1 0 0 na na
10 64448.808350272819 0.008723851328 cfg1 2 2 0 0 na na
10 64448.814350257359 0.008723704224 cfg1 2 1 0 0 na na
10 64448.820350258346 0.008723559565 cfg1 2 1 0 0 na na
10 64448.868350304965 0.008722335649 cfg1 2 2 0 0 na na
10 64448.872350302200 0.008722234635 cfg1 2 2 0 0 na na
10 64448.879350315348 0.008722057798 cfg1 2 2 0 0 na na
10 64448.903350338102 0.008721451724 cfg1 2 2 0 0 na na
10 64448.904350277129 0.008721426508 cfg1 2 2 0 0 na na
10 64448.908350354541 0.008721325288 cfg1 2 2 0 0 na na
10 64448.934350313383 0.008720668964 cfg1 2 2 0 0 na na
10 64448.940350325710 0.008720517417 cfg1 2 2 0 0 na na
10 64448.947350358482 0.008720340602 cfg1 2 2 0 0 na na
10 64448.955350271067 0.008720138786 cfg1 2 2 0 0 na na
10 64448.970350253629 0.008719760106 cfg1 2 2 0 0 na na
10 64449.019350351177 0.008718523347 cfg1 2 2 0 0 na na
10 64449.021350338546 0.008718472932 cfg1 2 2 0 0 na na
10 64449.044350355780 0.008717892510 cfg1 2 2 0 0 na na
10 64449.065350319399 0.008717362672 cfg1 2 2 0 0 na na
10 64449.071350290706 0.008717213969 cfg1 2 1 0 0 na na
10 64449.086350373579 0.008716832924 cfg1 2 2 0 0 na na
10 64449.090350269140 0.008716732115 cfg1 2 2 0 0 na na
10 64449.092350342835 0.008716681570 cfg1 2 2 0 0 na na
10 64449.098350265010 0.008716530229 cfg1 2 2 0 0 na na
10 64449.104350304965 0.008716378872 cfg1 2 2 0 0 na na
10 64449.106350260901 0.008716328402 cfg1 2 2 0 0 na na
10 64449.163350264878 0.008714877065 cfg1 2 1 0 0 na na
10 64449.199350241880 0.008713989822 cfg1 2 1 0 0 na na
10 64449.211350295664 0.008713680923 cfg1 2 2 0 0 na na
10 64449.226350321454 0.008713303007 cfg1 2 2 0 0 na na
10 64449.259350340434 0.008712471161 cfg1 2 2 0 0 na na
10 64449.284350316682 0.008711841233 cfg1 2 2 0 0 na na
10 64449.304350267753 0.008711337632 cfg1 2 1 0 0 na na
10 64449.318350290103 0.008710984733 cfg1 2 2 0 0 na na
10 64449.319350295517 0.008710963456 cfg1 2 1 0 0 na na
10 64449.338350318886 0.008710481017 cfg1 2 2 0 0 na na
10 64449.350350330650 0.008710178719 cfg1 2 2 0 0 na na
10 64449.367350331983 0.008709749137 cfg1 2 1 0 0 na na
10 64449.374350281878 0.008709574382 cfg1 2 2 0 0 na na
10 64449.402350264935 0.008708871038 cfg1 2 1 0 0 na na
10 64449.447350342249 0.008707736565 cfg1 2 2 0 0 na na
10 64449.497350305469 0.008706478203 cfg1 2 2 0 0 na na
10 64449.506350281790 0.008706251747 cfg1 2 2 0 0 na na
10 64449.522350360597 0.008705841528 cfg1 2 1 0 0 na na
10 64449.532350259826 0.008705587099 cfg1 2 1 0 0 na na
10 64449.541350329007 0.008705371858 cfg1 2 1 0 0 na na
10 64449.551350339397 0.008705119746 cfg1 2 2 0 0 na na
10 64449.605350308993 0.008703761522 cfg1 2 2 0 0 na na
10 64449.606350357928 0.008703736404 cfg1 2 2 0 0 na na
10 64449.609350333929 0.008703667255 cfg1 2 1 0 0 na na
10 64449.628350264802 0.008703183260 cfg1 2 2 0 0 na na
10 64449.629350259473 0.008703158067 cfg1 2 2 0 0 na na
10 64449.631350309176 0.008703107817 cfg1 2 2 0 0 na na
10 64449.632350330055 0.008703082580 cfg1 2 2 0 0 na na
10 64449.635350321899 0.008703007196 cfg1 2 2 0 0 na na
10 64449.644350292513 0.008702780915 cfg1 2 2 0 0 na na
10 64449.647350280882 0.008702705512 cfg1 2 2 0 0 na na
10 64449.653350312808 0.008702554658 cfg1 2 2 0 0 na na
10 64449.670350333275 0.008702127337 cfg1 2 2 0 0 na na
10 64449.674350274601 0.008702022733 cfg1 2 1 0 0 na na
10 64449.685350261177 0.008701757810 cfg1 2 1 0 0 na na
10 64449.693350309035 0.008701549306 cfg1 2 2 0 0 na na
10 64449.698350303652 0.008701423592 cfg1 2 2 0 0 na na
10 64449.699350300944 0.008701398496 cfg1 2 2 0 0 na na
10 64449.710350299221 0.008701122005 cfg1 2 2 0 0 na na
10 64449.746350289456 0.008700217418 cfg1 2 2 0 0 na na
10 64449.762350350434 0.008699815414 cfg1 2 2 0 0 na na
10 64449.782350269247 0.008699307996 cfg1 2 1 0 0 na na
10 64449.800350284728 0.008698860898 cfg1 2 2 0 0 na na
10 64449.806350336272 0.008698710248 cfg1 2 2 0 0 na na
10 64449.807350315872 0.008698685169 cfg1 2 2 0 0 na na
10 64449.809350320716 0.008698634854 cfg1 2 2 0 0 na na
10 64449.817350311848 0.008698434013 cfg1 2 2 0 0 na na
10 64449.832350303778 0.008698068824 cfg1 2 1 0 0 na na
10 64449.850350273783 0.008697605357 cfg1 2 2 0 0 na na
10 64449.883350306917 0.008696776836 cfg1 2 2 0 0 na na
10 64449.885350295478 0.008696726466 cfg1 2 2 0 0 na na
10 64449.899350344988 0.008696375081 cfg1 2 2 0 0 na na
10 64449.903350292437 0.008696274726 cfg1 2 2 0 0 na na
10 64449.906350310884 0.008696199456 cfg1 2 2 0 0 na na
10 64449.915350404308 0.008695973595 cfg1 2 2 0 0 na na
10 64449.921350282679 0.008695822888 cfg1 2 2 0 0 na na
10 64449.974350272586 0.008694492994 cfg1 2 2 0 0 na na
10 64449.980350291947 0.008694342410 cfg1 2 2 0 0 na na
10 64450.003350313648 0.008693766102 cfg1 2 1 0 0 na na
10 64450.051350286677 0.008692561574 cfg1 2 2 0 0 na na
10 64450.060350275189 0.008692335776 cfg1 2 2 0 0 na na
10 64450.107350273065 0.008691157341 cfg1 2 2 0 0 na na
10 64450.119350299676 0.008690866235 cfg1 2 1 0 0 na na
10 64450.148350279623 0.008690129622 cfg1 2 2 0 0 na na
10 64450.185350291717 0.008689202436 cfg1 2 2 0 0 na na
10 64450.189350329563 0.008689102212 cfg1 2 2 0 0 na na
10 64450.192350329268 0.008689026955 cfg1 2 2 0 0 na na
10 64450.195350330391 0.008688951815 cfg1 2 2 0 0 na na
10 64450.212350326525 0.008688525885 cfg1 2 2 0 0 na na
10 64450.215350335671 0.008688450654 cfg1 2 2 0 0 na na
10 64450.217350294400 0.008688386855 cfg1 2 1 0 0 na na
10 64450.221350271919 0.008688300330 cfg1 2 2 0 0 na na
10 64450.284350278394 0.008686714918 cfg1 2 1 0 0 na na
10 64450.289350240199 0.008686606621 cfg1 2 1 0 0 na na
10 64450.309350287622 0.008686083987 cfg1 2 1 0 0 na na
10 64450.320350312193 0.008685821084 cfg1 2 2 0 0 na na
10 64450.321350294170 0.008685796000 cfg1 2 2 0 0 na na
10 64450.368350307540 0.008684619368 cfg1 2 2 0 0 na na
10 64450.369350250904 0.008684594422 cfg1 2 2 0 0 na na
10 64450.397350303986 0.008683893793 cfg1 2 1 0 0 na na
10 64450.407350280302 0.008683643658 cfg1 2 1 0 0 na na
10 64450.411350274907 0.008683543212 cfg1 2 2 0 0 na na
10 64450.416350299069 0.008683418215 cfg1 2 2 0 0 na na
10 64450.423350309863 0.008683243171 cfg1 2 1 0 0 na na
10 64450.433350246301 0.008682995501 cfg1 2 1 0 0 na na
10 64450.439350320132 0.008682842740 cfg1 2 2 0 0 na na
10 64450.468350274180 0.008682117330 cfg1 2 1 0 0 na na
10 64450.489350335041 0.008681591948 cfg1 2 2 0 0 na na
10 64450.495350232783 0.008681454097 cfg1 2 1 0 0 na na
10 64450.539350325801 0.008680341701 cfg1 2 1 0 0 na na
10 64450.540350320331 0.008680316596 cfg1 2 2 0 0 na na
10 64450.560350322859 0.008679816581 cfg1 2 2 0 0 na na
10 64450.562350259684 0.008679766645 cfg1 2 2 0 0 na na
10 64450.578350326966 0.008679366766 cfg1 2 1 0 0 na na
10 64450.584350277485 0.008679216604 cfg1 2 2 0 0 na na
10 64450.601350302602 0.008678791777 cfg1 2 2 0 0 na na
10 64450.632350277095 0.008678016930 cfg1 2 2 0 0 na na
10 64450.641350333116 0.008677792069 cfg1 2 2 0 0 na na
10 64450.648350295435 0.008677609375 cfg1 2 1 0 0 na na
10 64450.669350267699 0.008677092450 cfg1 2 2 0 0 na na
10 64450.676350305091 0.008676917597 cfg1 2 2 0 0 na na
10 64450.697350291978 0.008676393108 cfg1 2 1 0 0 na na
10 64450.698350257627 0.008676368516 cfg1 2 1 0 0 na na
10 64450.702350315835 0.008676253758 cfg1 2 1 0 0 na na
10 64450.719350307431 0.008675840902 cfg1 2 1 0 0 na na
10 64450.756350311632 0.008674917926 cfg1 2 1 0 0 na na
10 64450.790350304264 0.008674071223 cfg1 2 1 0 0 na na
10 64450.810350304178 0.008673556307 cfg1 2 1 0 0 na na
10 64450.827350335428 0.008673132076 cfg1 2 1 0 0 na na
10 64450.856350312655 0.008672423222 cfg1 2 2 0 0 na na
10 64450.903350332672 0.008671250515 cfg1 2 2 0 0 na na
10 64450.922350254366 0.008670776732 cfg1 2 1 0 0 na na
10 64450.947350271186 0.008670153169 cfg1 2 1 0 0 na na
10 64450.948350276374 0.008670128167 cfg1 2 2 0 0 na na
10 64450.964350311715 0.008669713208 cfg1 2 1 0 0 na na
10 64450.976350248693 0.008669429843 cfg1 2 2 0 0 na na
10 64450.986350307624 0.008669180540 cfg1 2 2 0 0 na na
10 64451.006350272920 0.008668681828 cfg1 2 2 0 0 na na
10 64451.007350311122 0.008668666675 cfg1 2 1 0 0 na na
10 64451.019350293803 0.008668357705 cfg1 2 2 0 0 na na
10 64451.020350262911 0.008668324004 cfg1 2 1 0 0 na na
10 64451.035350257813 0.008667954012 cfg1 2 1 0 0 na na
10 64451.055350294121 0.008667446480 cfg1 2 1 0 0 na na
10 64451.069350261727 0.008667111400 cfg1 2 2 0 0 na na
10 64451.078350241722 0.008666895278 cfg1 2 1 0 0 na na
10 64451.079350358691 0.008666862356 cfg1 2 1 0 0 na na
10 64451.096350325949 0.008666439566 cfg1 2 1 0 0 na na
10 64451.099350326782 0.008666363877 cfg1 2 2 0 0 na na
10 64451.112350287600 0.008666039952 cfg1 2 2 0 0 na na
10 64451.133350370750 0.008665516867 cfg1 2 2 0 0 na na
10 64451.140350311282 0.008665342461 cfg1 2 2 0 0 na na
10 64451.141350327094 0.008665317588 cfg1 2 2 0 0 na na
10 64451.189350289449 0.008664120983 cfg1 2 1 0 0 na na
10 64451.193350238996 0.008664032928 cfg1 2 1 0 0 na na
10 64451.195350309981 0.008663972561 cfg1 2 2 0 0 na na
10 64451.253350278325 0.008662528425 cfg1 2 2 0 0 na na
10 64451.269350253820 0.008662128083 cfg1 2 1 0 0 na na
10 64451.277350264388 0.008661931104 cfg1 2 2 0 0 na na
10 64451.293350293641 0.008661532875 cfg1 2 2 0 0 na na
10 64451.302350260980 0.008661308984 cfg1 2 2 0 0 na na
10 64451.324350243275 0.008660768493 cfg1 2 1 0 0 na na
10 64451.352350253133 0.008660063621 cfg1 2 1 0 0 na na
10 64451.358350299238 0.008659915614 cfg1 2 2 0 0 na na
10 64451.370350247380 0.008659619609 cfg1 2 1 0 0 na na
10 64451.371350311586 0.008659600292 cfg1 2 1 0 0 na na
10 64451.380350282247 0.008659372559 cfg1 2 1 0 0 na na
10 64451.394350307806 0.008659013269 cfg1 2 1 0 0 na na
10 64451.408350288887 0.008658671974 cfg1 2 2 0 0 na na
10 64451.454350249251 0.008657532617 cfg1 2 1 0 0 na na
10 64451.460350295433 0.008657378912 cfg1 2 2 0 0 na na
10 64451.489350287104 0.008656648396 cfg1 2 1 0 0 na na
10 64451.508350307189 0.008656185861 cfg1 2 2 0 0 na na
10 64451.510350319173 0.008656137364 cfg1 2 1 0 0 na na
10 64451.530350344425 0.008655629990 cfg1 2 1 0 0 na na
10 64451.531350282017 0.008655614175 cfg1 2 2 0 0 na na
10 64451.532350352973 0.008655572940 cfg1 2 1 0 0 na na
10 64451.551350297338 0.008655118335 cfg1 2 1 0 0 na na
10 64451.570350358680 0.008654645157 cfg1 2 2 0 0 na na
10 64451.586350262893 0.008654239510 cfg1 2 1 0 0 na na
10 64451.614350279995 0.008653552177 cfg1 2 2 0 0 na na
10 64451.615350286683 0.008653521831 cfg1 2 1 0 0 na na
10 64451.627350348839 0.008653229207 cfg1 2 2 0 0 na na
10 64451.653350264529 0.008652583594 cfg1 2 2 0 0 na na
10 64451.664350262992 0.008652310434 cfg1 2 2 0 0 na na
10 64451.675350279648 0.008652037297 cfg1 2 2 0 0 na na
10 64451.732350256262 0.008650622428 cfg1 2 2 0 0 na na
10 64451.758350264187 0.008649980126 cfg1 2 1 0 0 na na
10 64451.762350289719 0.008649877992 cfg1 2 2 0 0 na na
10 64451.764350308013 0.008649828338 cfg1 2 2 0 0 na na
10 64451.768350281728 0.008649713012 cfg1 2 1 0 0 na na
10 64451.771350277522 0.008649654682 cfg1 2 2 0 0 na na
10 64451.775350286020 0.008649555308 cfg1 2 2 0 0 na na
10 64451.783350337455 0.008649356909 cfg1 2 2 0 0 na na
10 64451.823350273893 0.008648363906 cfg1 2 1 0 0 na na
10 64451.836350236317 0.008648055535 cfg1 2 1 0 0 na na
10 64451.848350266795 0.008647744399 cfg1 2 2 0 0 na na
10 64451.864350285419 0.008647347697 cfg1 2 2 0 0 na na
10 64451.877350317036 0.008647025276 cfg1 2 2 0 0 na na
10 64451.909350239375 0.008646242654 cfg1 2 1 0 0 na na
10 64451.930350256350 0.008645706969 cfg1 2 1 0 0 na na
10 64451.932350285184 0.008645661726 cfg1 2 2 0 0 na na
10 64451.939350334443 0.008645488168 cfg1 2 2 0 0 na na
10 64451.967350323343 0.008644794261 cfg1 2 2 0 0 na na
10 64451.975350281705 0.008644587640 cfg1 2 1 0 0 na na
10 64452.005350328766 0.008643852635 cfg1 2 2 0 0 na na
10 64452.021350298179 0.008643456187 cfg1 2 2 0 0 na na
10 64452.080350317864 0.008642002207 cfg1 2 1 0 0 na na
10 64452.105350351147 0.008641375830 cfg1 2 2 0 0 na na
10 64452.121350248279 0.008640983672 cfg1 2 1 0 0 na na
10 64452.126350309224 0.008640855801 cfg1 2 2 0 0 na na
10 64452.146350337642 0.008640360803 cfg1 2 1 0 0 na na
10 64452.155350318395 0.008640138378 cfg1 2 1 0 0 na na
10 64452.171350263821 0.008639741809 cfg1 2 2 0 0 na na
10 64452.183350313774 0.008639444735 cfg1 2 2 0 0 na na
10 64452.198350353112 0.008639073591 cfg1 2 2 0 0 na na
10 64452.205350314142 0.008638900367 cfg1 2 2 0 0 na na
10 64452.222350286243 0.008638479738 cfg1 2 2 0 0 na na
10 64452.224350266912 0.008638414928 cfg1 2 1 0 0 na na
10 64452.236350345364 0.008638133342 cfg1 2 2 0 0 na na
10 64452.237350282371 0.008638108639 cfg1 2 2 0 0 na na
10 64452.242350343452 0.008637984987 cfg1 2 2 0 0 na na
10 64452.244350256847 0.008637929999 cfg1 2 1 0 0 na na
10 64452.264350384069 0.008637440643 cfg1 2 2 0 0 na na
10 64452.268350262269 0.008637341770 cfg1 2 2 0 0 na na
10 64452.288350335620 0.008636853321 cfg1 2 1 0 0 na na
10 64452.299350240447 0.008636586321 cfg1 2 1 0 0 na na
10 64452.308350269482 0.008636352524 cfg1 2 2 0 0 na na
10 64452.320350299146 0.008636055735 cfg1 2 2 0 0 na na
10 64452.323350333784 0.008635981501 cfg1 2 2 0 0 na na
10 64452.331350291863 0.008635775857 cfg1 2 1 0 0 na na
10 64452.332350304951 0.008635765695 cfg1 2 1 0 0 na na
10 64452.380350349336 0.008634572271 cfg1 2 2 0 0 na na
10 64452.384350262959 0.008634473445 cfg1 2 2 0 0 na na
10 64452.408350301642 0.008633880413 cfg1 2 2 0 0 na na
10 64452.462350332872 0.008632531398 cfg1 2 1 0 0 na na
10 64452.515350265108 0.008631236892 cfg1 2 2 0 0 na na
10 64452.541350353837 0.008630594697 cfg1 2 2 0 0 na na
10 64452.547350338436 0.008630446646 cfg1 2 2 0 0 na na
10 64452.560350312715 0.008630125573 cfg1 2 2 0 0 na na
10 64452.587350286475 0.008629472084 cfg1 2 1 0 0 na na
10 64452.591350278633 0.008629360525 cfg1 2 1 0 0 na na
10 64452.597350351243 0.008629214029 cfg1 2 1 0 0 na na
10 64452.614350237903 0.008628804034 cfg1 2 1 0 0 na na
10 64452.668350307041 0.008627459960 cfg1 2 2 0 0 na na
10 64452.674350271809 0.008627312692 cfg1 2 1 0 0 na na
10 64452.679350314786 0.008627188653 cfg1 2 2 0 0 na na
10 64452.695350343489 0.008626793823 cfg1 2 2 0 0 na na
10 64452.714350242572 0.008626334239 cfg1 2 1 0 0 na na
10 64452.723350241482 0.008626115060 cfg1 2 1 0 0 na na
10 64452.727350298569 0.008626004627 cfg1 2 2 0 0 na na
10 64452.751350336218 0.008625412705 cfg1 2 2 0 0 na na
10 64452.758350291634 0.008625237842 cfg1 2 1 0 0 na na
10 64452.760350261906 0.008625190756 cfg1 2 2 0 0 na na
10 64452.765350359536 0.008625067538 cfg1 2 2 0 0 na na
10 64452.774350325946 0.008624845503 cfg1 2 2 0 0 na na
10 64452.808350311473 0.008624007265 cfg1 2 2 0 0 na na
10 64452.847350267158 0.008623046027 cfg1 2 2 0 0 na na
10 64452.854350250735 0.008622876090 cfg1 2 1 0 0 na na
10 64452.884350288211 0.008622126808 cfg1 2 1 0 0 na na
10 64452.886350330620 0.008622084964 cfg1 2 2 0 0 na na
10 64452.902350271152 0.008621690746 cfg1 2 2 0 0 na na
10 64452.925350313419 0.008621121873 cfg1 2 1 0 0 na na
10 64452.942350264844 0.008620702205 cfg1 2 1 0 0 na na
10 64452.952350294304 0.008620457200 cfg1 2 1 0 0 na na
10 64453.001350248959 0.008619253414 cfg1 2 1 0 0 na na
10 64453.002350360063 0.008619227913 cfg1 2 2 0 0 na na
10 64453.008350272079 0.008619080152 cfg1 2 2 0 0 na na
10 64453.176350264409 0.008614932532 cfg1 2 1 0 0 na na
10 64453.227350297273 0.008613693861 cfg1 2 1 0 0 na na
10 64453.239350265317 0.008613400875 cfg1 2 1 0 0 na na
10 64453.262350262540 0.008612831823 cfg1 2 2 0 0 na na
10 64453.333350368694 0.008611078141 cfg1 2 1 0 0 na na
10 64453.340350311069 0.008610926688 cfg1 2 1 0 0 na na
10 64453.388350363457 0.008609735968 cfg1 2 2 0 0 na na
10 64453.462350274675 0.008607924126 cfg1 2 1 0 0 na na
10 64453.473350369684 0.008607649014 cfg1 2 2 0 0 na na
10 64453.531350265951 0.008606210738 cfg1 2 1 0 0 na na
10 64453.590350305311 0.008604778167 cfg1 2 2 0 0 na na
10 64453.591350284864 0.008604753496 cfg1 2 2 0 0 na na
10 64453.619350308862 0.008604066932 cfg1 2 2 0 0 na na
10 64453.627350296911 0.008603870800 cfg1 2 1 0 0 na na
10 64453.650350276254 0.008603313170 cfg1 2 1 0 0 na na
10 64453.672350324313 0.008602767377 cfg1 2 2 0 0 na na
10 64453.675350253429 0.008602693465 cfg1 2 2 0 0 na na
10 64453.681350300273 0.008602546824 cfg1 2 1 0 0 na na
10 64453.757350320288 0.008600684132 cfg1 2 2 0 0 na na
10 64453.803350338014 0.008599560478 cfg1 2 1 0 0 na na
10 64453.806350316605 0.008599483729 cfg1 2 2 0 0 na na
10 64453.817350331287 0.008599214307 cfg1 2 2 0 0 na na
10 64453.827350350036 0.008598969405 cfg1 2 2 0 0 na na
10 64453.836350285236 0.008598747590 cfg1 2 1 0 0 na na
10 64453.843350286685 0.008598577530 cfg1 2 2 0 0 na na
10 64453.872350302829 0.008597867423 cfg1 2 2 0 0 na na
10 64453.911350307751 0.008596913169 cfg1 2 1 0 0 na na
10 64453.973350289544 0.008595395349 cfg1 2 2 0 0 na na
10 64454.023350278851 0.008594172265 cfg1 2 2 0 0 na na
10 64454.034350343226 0.008593903282 cfg1 2 1 0 0 na na
10 64454.037350239693 0.008593837201 cfg1 2 1 0 0 na na
10 64454.044350296342 0.008593669975 cfg1 2 1 0 0 na na
10 64454.081350280200 0.008592753882 cfg1 2 2 0 0 na na
10 64454.141350322031 0.008591271875 cfg1 2 1 0 0 na na
10 64454.172350286993 0.008590529610 cfg1 2 1 0 0 na na
10 64454.230350286917 0.008589112474 cfg1 2 2 0 0 na na
10 64454.237350302141 0.008588941915 cfg1 2 1 0 0 na na
10 64454.240350296475 0.008588868147 cfg1 2 2 0 0 na na
10 64454.242350258580 0.008588808373 cfg1 2 1 0 0 na na
10 64454.267350299130 0.008588218505 cfg1 2 1 0 0 na na
10 64454.276350253916 0.008587989102 cfg1 2 1 0 0 na na
10 64454.363350266984 0.008585865089 cfg1 2 2 0 0 na na
10 64454.373350259362 0.008585612467 cfg1 2 1 0 0 na na
10 64454.449350375815 0.008583771828 cfg1 2 1 0 0 na na
10 64454.450350256023 0.008583735957 cfg1 2 1 0 0 na na
10 64454.468350252165 0.008583299583 cfg1 2 1 0 0 na na
10 64454.527350240583 0.008581871200 cfg1 2 1 0 0 na na
10 64454.529350331874 0.008581815869 cfg1 2 2 0 0 na na
10 64454.559350300139 0.008581084555 cfg1 2 2 0 0 na na
10 64454.622350283674 0.008579545976 cfg1 2 1 0 0 na na
10 64454.655350350643 0.008578745376 cfg1 2 2 0 0 na na
10 64454.668350333344 0.008578417260 cfg1 2 1 0 0 na na
10 64454.677350273290 0.008578205905 cfg1 2 1 0 0 na na
10 64454.700350258687 0.008577649460 cfg1 2 1 0 0 na na
10 64454.702350270156 0.008577600730 cfg1 2 1 0 0 na na
10 64454.731350327470 0.008576894509 cfg1 2 2 0 0 na na
10 64454.821350248095 0.008574703962 cfg1 2 2 0 0 na na
10 64454.822350316543 0.008574679527 cfg1 2 2 0 0 na na
10 64454.837350347434 0.008574314658 cfg1 2 2 0 0 na na
10 64454.865350323045 0.008573633469 cfg1 2 2 0 0 na na
10 64454.875350258486 0.008573390176 cfg1 2 2 0 0 na na
10 64454.882350313371 0.008573220301 cfg1 2 1 0 0 na na
10 64454.911350283132 0.008572514653 cfg1 2 2 0 0 na na
10 64454.916350285511 0.008572392946 cfg1 2 2 0 0 na na
10 64454.935350291956 0.008571916603 cfg1 2 1 0 0 na na
10 64454.942350300394 0.008571760959 cfg1 2 1 0 0 na na
10 64455.007350284439 0.008570180765 cfg1 2 2 0 0 na na
10 64455.026350351368 0.008569712645 cfg1 2 1 0 0 na na
10 64455.047350250645 0.008569208690 cfg1 2 2 0 0 na na
10 64455.066350299732 0.008568730810 cfg1 2 1 0 0 na na
10 64455.093350312388 0.008568095919 cfg1 2 1 0 0 na na
10 64455.104350290408 0.008567813472 cfg1 2 1 0 0 na na
10 64455.112350275307 0.008567629874 cfg1 2 2 0 0 na na
10 64455.142350303541 0.008566901704 cfg1 2 1 0 0 na na
10 64455.192350343708 0.008565687469 cfg1 2 2 0 0 na na
10 64455.233350286394 0.008564692296 cfg1 2 2 0 0 na na
10 64455.241350300211 0.008564498116 cfg1 2 2 0 0 na na
10 64455.263350278769 0.008563964356 cfg1 2 2 0 0 na na
10 64455.305350255359 0.008562936466 cfg1 2 1 0 0 na na
10 64455.317350341490 0.008562654512 cfg1 2 2 0 0 na na
10 64455.325350325047 0.008562460429 cfg1 2 2 0 0 na na
10 64455.329350249257 0.008562362526 cfg1 2 1 0 0 na na
10 64455.364350251219 0.008561510714 cfg1 2 1 0 0 na na
10 64455.367350339828 0.008561441941 cfg1 2 2 0 0 na na
10 64455.407350272972 0.008560472291 cfg1 2 2 0 0 na na
10 64455.465350235227 0.008559076371 cfg1 2 1 0 0 na na
10 64455.479350311568 0.008558718071 cfg1 2 1 0 0 na na
10 64455.486350350634 0.008558570569 cfg1 2 1 0 0 na na
10 64455.491350296021 0.008558432878 cfg1 2 1 0 0 na na
10 64455.505350318030 0.008558097596 cfg1 2 2 0 0 na na
10 64455.525350250956 0.008557613215 cfg1 2 2 0 0 na na
10 64455.585350267089 0.008556160377 cfg1 2 1 0 0 na na
10 64455.600350254234 0.008555797162 cfg1 2 2 0 0 na na
10 64455.616350317578 0.008555401273 cfg1 2 1 0 0 na na
10 64455.651350321990 0.008554562631 cfg1 2 2 0 0 na na
10 64455.652350263380 0.008554538491 cfg1 2 2 0 0 na na
10 64455.657350338974 0.008554417534 cfg1 2 2 0 0 na na
10 64455.660350298283 0.008554344894 cfg1 2 2 0 0 na na
10 64455.663350331524 0.008554272271 cfg1 2 2 0 0 na na
10 64455.688350293808 0.008553678419 cfg1 2 1 0 0 na na
10 64455.689350321714 0.008553643306 cfg1 2 2 0 0 na na
10 64455.690350292476 0.008553614716 cfg1 2 1 0 0 na na
10 64455.702350288600 0.008553328745 cfg1 2 2 0 0 na na
10 64455.707350331082 0.008553207777 cfg1 2 2 0 0 na na
10 64455.725350278579 0.008552764510 cfg1 2 1 0 0 na na
10 64455.727350262533 0.008552709353 cfg1 2 1 0 0 na na
10 64455.729350307323 0.008552661674 cfg1 2 1 0 0 na na
10 64455.738350345464 0.008552457960 cfg1 2 2 0 0 na na
10 64455.765350325153 0.008551805031 cfg1 2 2 0 0 na na
10 64455.852350262116 0.008549687894 cfg1 2 1 0 0 na na
10 64455.857350309744 0.008549580943 cfg1 2 2 0 0 na na
10 64455.890350236221 0.008548795651 cfg1 2 1 0 0 na na
10 64455.896350318825 0.008548638507 cfg1 2 2 0 0 na na
10 64455.897350327482 0.008548614357 cfg1 2 2 0 0 na na
10 64455.899350350753 0.008548566913 cfg1 2 1 0 0 na na
10 64455.912350277548 0.008548252178 cfg1 2 1 0 0 na na
10 64455.947350251405 0.008547406563 cfg1 2 2 0 0 na na
10 64455.954350274826 0.008547237462 cfg1 2 2 0 0 na na
10 64456.013350293164 0.008545807354 cfg1 2 1 0 0 na na
10 64456.028350341367 0.008545458223 cfg1 2 1 0 0 na na
10 64456.146350333594 0.008542603390 cfg1 2 2 0 0 na na
10 64456.183350285832 0.008541711564 cfg1 2 1 0 0 na na
10 64456.190350248515 0.008541538668 cfg1 2 1 0 0 na na
10 64456.229350284414 0.008540609778 cfg1 2 1 0 0 na na
10 64456.233350285728 0.008540505560 cfg1 2 2 0 0 na na
10 64456.242350258706 0.008540288617 cfg1 2 2 0 0 na na
10 64456.259350340032 0.008539878804 cfg1 2 2 0 0 na na
10 64456.277350298760 0.008539445022 cfg1 2 2 0 0 na na
10 64456.359350249981 0.008537466923 cfg1 2 1 0 0 na na
10 64456.365350305614 0.008537324815 cfg1 2 2 0 0 na na
10 64456.367350349746 0.008537276769 cfg1 2 2 0 0 na na
10 64456.392350249793 0.008536674809 cfg1 2 1 0 0 na na
10 64456.433350326649 0.008535687490 cfg1 2 2 0 0 na na
10 64456.439350333396 0.008535543024 cfg1 2 2 0 0 na na
10 64456.442350265893 0.008535468034 cfg1 2 1 0 0 na na
10 64456.456350304518 0.008535133878 cfg1 2 2 0 0 na na
10 64456.480350272202 0.008534556229 cfg1 2 2 0 0 na na
10 64456.481350277360 0.008534532157 cfg1 2 2 0 0 na na
10 64456.496350274088 0.008534171166 cfg1 2 2 0 0 na na
10 64456.500350234307 0.008534087687 cfg1 2 1 0 0 na na
10 64456.504350302193 0.008533978660 cfg1 2 2 0 0 na na
10 64456.554350282477 0.008532775715 cfg1 2 2 0 0 na na
10 64456.555350308040 0.008532751613 cfg1 2 2 0 0 na na
10 64456.604350343837 0.008531573230 cfg1 2 2 0 0 na na
10 64456.613350304457 0.008531356840 cfg1 2 2 0 0 na na
10 64456.621350301254 0.008531164497 cfg1 2 2 0 0 na na
10 64456.625350323135 0.008531068391 cfg1 2 1 0 0 na na
10 64456.632350282115 0.008530899913 cfg1 2 2 0 0 na na
10 64456.646350338093 0.008530563830 cfg1 2 1 0 0 na na
10 64456.690350256490 0.008529499232 cfg1 2 1 0 0 na na
10 64456.796350277109 0.008526971304 cfg1 2 1 0 0 na na
10 64456.797350280746 0.008526935418 cfg1 2 1 0 0 na na
10 64456.820350290799 0.008526382951 cfg1 2 2 0 0 na na
10 64456.822350326390 0.008526326297 cfg1 2 1 0 0 na na
10 64456.858350327606 0.008525470975 cfg1 2 1 0 0 na na
10 64456.905350265452 0.008524326481 cfg1 2 1 0 0 na na
10 64456.932350372851 0.008523694699 cfg1 2 2 0 0 na na
10 64456.945350298072 0.008523374597 cfg1 2 1 0 0 na na
10 64456.954350246467 0.008523166920 cfg1 2 2 0 0 na na
10 64456.959350277727 0.008523034835 cfg1 2 1 0 0 na na
10 64456.964350345559 0.008522927063 cfg1 2 2 0 0 na na
10 64456.966350265325 0.008522879053 cfg1 2 2 0 0 na na
10 64456.976350326956 0.008522639364 cfg1 2 1 0 0 na na
10 64456.993350298854 0.008522222979 cfg1 2 1 0 0 na na
10 64457.010350302823 0.008521836402 cfg1 2 1 0 0 na na
10 64457.061350317488 0.008520587789 cfg1 2 1 0 0 na na
10 64457.096350347198 0.008519762030 cfg1 2 2 0 0 na na
10 64457.111350323207 0.008519402567 cfg1 2 2 0 0 na na
10 64457.153350318926 0.008518396291 cfg1 2 2 0 0 na na
10 64457.207350291831 0.008517102906 cfg1 2 1 0 0 na na
10 64457.216350293485 0.008516887334 cfg1 2 1 0 0 na na
10 64457.257350333940 0.008515905555 cfg1 2 2 0 0 na na
10 64457.319350360754 0.008514421519 cfg1 2 2 0 0 na na
10 64457.433350343527 0.008511702688 cfg1 2 1 0 0 na na
10 64457.438350292113 0.008511575099 cfg1 2 2 0 0 na na
10 64457.444350288471 0.008511431618 cfg1 2 2 0 0 na na
10 64457.459350363434 0.008511073014 cfg1 2 2 0 0 na na
10 64457.462350267365 0.008511001312 cfg1 2 2 0 0 na na
10 64457.480350256230 0.008510565690 cfg1 2 1 0 0 na na
10 64457.515350303513 0.008509734445 cfg1 2 2 0 0 na na
10 64457.569350311497 0.008508444242 cfg1 2 2 0 0 na na
10 64457.585350271198 0.008508062000 cfg1 2 2 0 0 na na
10 64457.588350278395 0.008507990299 cfg1 2 2 0 0 na na
10 64457.589350310143 0.008507966428 cfg1 2 2 0 0 na na
10 64457.595350298805 0.008507823101 cfg1 2 2 0 0 na na
10 64457.618350294227 0.008507273778 cfg1 2 2 0 0 na na
10 64457.632350336447 0.008506939411 cfg1 2 2 0 0 na na
10 64457.661350295537 0.008506247148 cfg1 2 1 0 0 na na
10 64457.674350300462 0.008505936610 cfg1 2 2 0 0 na na
10 64457.685350283195 0.008505674027 cfg1 2 2 0 0 na na
10 64457.721350294271 0.008504814889 cfg1 2 2 0 0 na na
10 64457.722350270859 0.008504790924 cfg1 2 2 0 0 na na
10 64457.727350293898 0.008504671627 cfg1 2 2 0 0 na na
10 64457.731350265722 0.008504576199 cfg1 2 2 0 0 na na
10 64457.743350262927 0.008504289882 cfg1 2 2 0 0 na na
10 64457.774350311822 0.008503550277 cfg1 2 2 0 0 na na
10 64457.775350310862 0.008503526350 cfg1 2 2 0 0 na na
10 64457.804350296994 0.008502834681 cfg1 2 2 0 0 na na
10 64457.805350279917 0.008502810842 cfg1 2 2 0 0 na na
10 64457.830350294886 0.008502214642 cfg1 2 2 0 0 na na
10 64457.833350317198 0.008502143128 cfg1 2 2 0 0 na na
10 64457.839350285358 0.008502011557 cfg1 2 1 0 0 na na
10 64457.868350314420 0.008501308520 cfg1 2 2 0 0 na na
10 64457.887350304132 0.008500855576 cfg1 2 2 0 0 na na
10 64457.903350322972 0.008500474275 cfg1 2 2 0 0 na na
10 64457.905350309228 0.008500426550 cfg1 2 2 0 0 na na
10 64457.919350309395 0.008500092804 cfg1 2 2 0 0 na na
10 64457.920350241381 0.008500080579 cfg1 2 1 0 0 na na
10 64457.921350266248 0.008500045274 cfg1 2 2 0 0 na na
10 64457.928350323177 0.008499878357 cfg1 2 2 0 0 na na
10 64457.934350337306 0.008499731414 cfg1 2 1 0 0 na na
10 64457.969350256888 0.008498901525 cfg1 2 2 0 0 na na
10 64457.990350242367 0.008498409502 cfg1 2 1 0 0 na na
10 64457.991350262869 0.008498377481 cfg1 2 2 0 0 na na
10 64457.999350319891 0.008498186886 cfg1 2 2 0 0 na na
10 64458.007350306497 0.008497996280 cfg1 2 2 0 0 na na
10 64458.009350244585 0.008497960565 cfg1 2 1 0 0 na na
10 64458.015350306037 0.008497813760 cfg1 2 1 0 0 na na
10 64458.021350258416 0.008497662881 cfg1 2 2 0 0 na na
10 64458.022350349360 0.008497639151 cfg1 2 2 0 0 na na
10 64458.046350265461 0.008497051378 cfg1 2 1 0 0 na na
10 64458.070350281724 0.008496496085 cfg1 2 2 0 0 na na
10 64458.078350294500 0.008496305718 cfg1 2 2 0 0 na na
10 64458.090350299718 0.008496010595 cfg1 2 1 0 0 na na
10 64458.092350322078 0.008495972382 cfg1 2 2 0 0 na na
10 64458.103350270746 0.008495710514 cfg1 2 2 0 0 na na
10 64458.117350318273 0.008495377383 cfg1 2 2 0 0 na na
10 64458.144350241224 0.008494745667 cfg1 2 1 0 0 na na
10 64458.155350289180 0.008494473039 cfg1 2 2 0 0 na na
10 64458.184350318841 0.008493793161 cfg1 2 1 0 0 na na
10 64458.194350319930 0.008493545257 cfg1 2 2 0 0 na na
10 64458.202350331137 0.008493355062 cfg1 2 2 0 0 na na
10 64458.209350316849 0.008493188468 cfg1 2 2 0 0 na na
10 64458.223350274738 0.008492855418 cfg1 2 2 0 0 na na
10 64458.263350266599 0.008491890038 cfg1 2 1 0 0 na na
10 64458.274350329555 0.008491642856 cfg1 2 2 0 0 na na
10 64458.295350286696 0.008491143584 cfg1 2 2 0 0 na na
10 64458.302350283032 0.008490977221 cfg1 2 2 0 0 na na
10 64458.308350330889 0.008490847426 cfg1 2 1 0 0 na na
10 64458.345350258418 0.008489955344 cfg1 2 2 0 0 na na
10 64458.355350324842 0.008489717761 cfg1 2 2 0 0 na na
10 64458.357350299693 0.008489670343 cfg1 2 1 0 0 na na
10 64458.360350288910 0.008489598903 cfg1 2 2 0 0 na na
10 64458.381350286827 0.008489098338 cfg1 2 1 0 0 na na
10 64458.414350299323 0.008488316126 cfg1 2 2 0 0 na na
10 64458.422350288413 0.008488110716 cfg1 2 1 0 0 na na
10 64458.429350317733 0.008487959830 cfg1 2 2 0 0 na na
10 64458.459350310928 0.008487247450 cfg1 2 2 0 0 na na
10 64458.465350290611 0.008487105011 cfg1 2 2 0 0 na na
10 64458.469350329657 0.008487010019 cfg1 2 2 0 0 na na
10 64458.492350292842 0.008486464029 cfg1 2 2 0 0 na na
10 64458.513350297845 0.008485948678 cfg1 2 1 0 0 na na
10 64458.516350292816 0.008485894849 cfg1 2 1 0 0 na na
10 64458.544350268750 0.008485229834 cfg1 2 2 0 0 na na
10 64458.548350281990 0.008485134920 cfg1 2 2 0 0 na na
10 64458.581350284398 0.008484351934 cfg1 2 2 0 0 na na
10 64458.587350270910 0.008484209672 cfg1 2 2 0 0 na na
10 64458.593350287132 0.008484055955 cfg1 2 1 0 0 na na
10 64458.599350336843 0.008483914917 cfg1 2 1 0 0 na na
10 64458.604350318834 0.008483806412 cfg1 2 2 0 0 na na
10 64458.638350353410 0.008483000000 cfg1 2 2 0 0 na na
10 64458.642350346888 0.008482905131 cfg1 2 2 0 0 na na
10 64458.644350311246 0.008482857727 cfg1 2 2 0 0 na na
10 64458.743350306835 0.008480514488 cfg1 2 1 0 0 na na
10 64458.744350281513 0.008480487268 cfg1 2 2 0 0 na na
10 64458.761350327115 0.008480097146 cfg1 2 1 0 0 na na
10 64458.762350306210 0.008480060764 cfg1 2 2 0 0 na na
10 64458.779350242530 0.008479664430 cfg1 2 1 0 0 na na
10 64458.780350353280 0.008479634330 cfg1 2 2 0 0 na na
10 64458.794350341521 0.008479292107 cfg1 2 1 0 0 na na
10 64458.797350298020 0.008479231495 cfg1 2 2 0 0 na na
10 64458.798350318224 0.008479207795 cfg1 2 2 0 0 na na
10 64458.816350277990 0.008478781587 cfg1 2 2 0 0 na na
10 64458.831350336892 0.008478423245 cfg1 2 1 0 0 na na
10 64458.835350281980 0.008478331585 cfg1 2 2 0 0 na na
10 64458.836350337223 0.008478306624 cfg1 2 1 0 0 na na
10 64458.871350257566 0.008477479503 cfg1 2 1 0 0 na na
10 64458.901350277977 0.008476768964 cfg1 2 2 0 0 na na
10 64458.909350308255 0.008476579587 cfg1 2 2 0 0 na na
10 64458.918350349452 0.008476366542 cfg1 2 2 0 0 na na
10 64458.924350289564 0.008476224525 cfg1 2 2 0 0 na na
10 64458.973350347494 0.008475065092 cfg1 2 2 0 0 na na
10 64458.989350305749 0.008474686550 cfg1 2 2 0 0 na na
10 64458.996350288629 0.008474521471 cfg1 2 1 0 0 na na
10 64459.011350352150 0.008474166178 cfg1 2 2 0 0 na na
10 64459.019350285502 0.008473977031 cfg1 2 2 0 0 na na
10 64459.025350243266 0.008473838618 cfg1 2 1 0 0 na na
10 64459.065350257380 0.008472889119 cfg1 2 2 0 0 na na
10 64459.092350319331 0.008472250836 cfg1 2 2 0 0 na na
10 64459.095350312144 0.008472179999 cfg1 2 2 0 0 na na
10 64459.106350329118 0.008471919937 cfg1 2 2 0 0 na na
10 64459.121350269073 0.008471565409 cfg1 2 2 0 0 na na
10 64459.128350305040 0.008471399967 cfg1 2 2 0 0 na na
10 64459.129350315939 0.008471376292 cfg1 2 2 0 0 na na
10 64459.136350278178 0.008471210859 cfg1 2 2 0 0 na na
10 64459.142350260002 0.008471077230 cfg1 2 1 0 0 na na
10 64459.152350343570 0.008470832784 cfg1 2 2 0 0 na na
10 64459.155350265921 0.008470761915 cfg1 2 2 0 0 na na
10 64459.169350356274 0.008470431130 cfg1 2 2 0 0 na na
10 64459.257350298000 0.008468352737 cfg1 2 2 0 0 na na
10 64459.284350334020 0.008467715325 cfg1 2 2 0 0 na na
10 64459.383350322017 0.008465372925 cfg1 2 1 0 0 na na
10 64459.386350276975 0.008465308097 cfg1 2 2 0 0 na na
10 64459.393350250432 0.008465146911 cfg1 2 1 0 0 na na
10 64459.405350304037 0.008464868135 cfg1 2 1 0 0 na na
10 64459.410350297616 0.008464742066 cfg1 2 2 0 0 na na
10 64459.421350305738 0.008464482571 cfg1 2 2 0 0 na na
10 64459.431350324542 0.008464246771 cfg1 2 2 0 0 na na
10 64459.435350330741 0.008464152399 cfg1 2 2 0 0 na na
10 64459.436350260876 0.008464139198 cfg1 2 1 0 0 na na
10 64459.437350253605 0.008464105196 cfg1 2 2 0 0 na na
10 64459.455350307071 0.008463680840 cfg1 2 2 0 0 na na
10 64459.477350357714 0.008463162125 cfg1 2 2 0 0 na na
10 64459.486350275281 0.008462949915 cfg1 2 2 0 0 na na
10 64459.495350291085 0.008462737831 cfg1 2 2 0 0 na na
10 64459.499350294537 0.008462643503 cfg1 2 2 0 0 na na
10 64459.500350333666 0.008462619919 cfg1 2 2 0 0 na na
10 64459.503350263576 0.008462533306 cfg1 2 1 0 0 na na
10 64459.526350277823 0.008462007618 cfg1 2 1 0 0 na na
10 64459.563350279172 0.008461135298 cfg1 2 2 0 0 na na
10 64459.587350291565 0.008460569804 cfg1 2 2 0 0 na na
10 64459.596350274310 0.008460357820 cfg1 2 2 0 0 na na
10 64459.626350304967 0.008459651195 cfg1 2 2 0 0 na na
10 64459.632350293800 0.008459509932 cfg1 2 2 0 0 na na
10 64459.676350321637 0.008458473854 cfg1 2 2 0 0 na na
10 64459.677350275072 0.008458450451 cfg1 2 2 0 0 na na
10 64459.691350257733 0.008458120779 cfg1 2 2 0 0 na na
10 64459.720350327220 0.008457438282 cfg1 2 2 0 0 na na
10 64459.731350305888 0.008457179489 cfg1 2 1 0 0 na na
10 64459.736350281923 0.008457044860 cfg1 2 1 0 0 na na
10 64459.741350277918 0.008456937607 cfg1 2 1 0 0 na na
10 64459.744350330063 0.008456873561 cfg1 2 1 0 0 na na
10 64459.746350252822 0.008456826385 cfg1 2 2 0 0 na na
10 64459.768350241710 0.008456314857 cfg1 2 1 0 0 na na
10 64459.772350329572 0.008456214623 cfg1 2 2 0 0 na na
10 64459.775350274181 0.008456150075 cfg1 2 1 0 0 na na
10 64459.785350293198 0.008455900180 cfg1 2 1 0 0 na na
10 64459.823350279343 0.008455019695 cfg1 2 1 0 0 na na
10 64459.832350267189 0.008454791457 cfg1 2 1 0 0 na na
10 64459.838350277092 0.008454662337 cfg1 2 1 0 0 na na
10 64459.840350238420 0.008454623522 cfg1 2 1 0 0 na na
10 64459.884350271394 0.008453580682 cfg1 2 2 0 0 na na
10 64459.896350261801 0.008453298704 cfg1 2 2 0 0 na na
10 64459.898350268904 0.008453251683 cfg1 2 2 0 0 na na
10 64459.925350305133 0.008452617038 cfg1 2 2 0 0 na na
10 64459.932350260720 0.008452452497 cfg1 2 2 0 0 na na
10 64459.953350323598 0.008451959148 cfg1 2 2 0 0 na na
10 64460.045350292975 0.008449798156 cfg1 2 2 0 0 na na
10 64460.048350261427 0.008449715399 cfg1 2 1 0 0 na na
10 64460.072350347792 0.008449164330 cfg1 2 1 0 0 na na
10 64460.140350320686 0.008447580835 cfg1 2 1 0 0 na na
10 64460.160350299998 0.008447103154 cfg1 2 1 0 0 na na
10 64460.168350298039 0.008446911432 cfg1 2 1 0 0 na na
10 64460.177350287240 0.008446700144 cfg1 2 2 0 0 na na
10 64460.206350259311 0.008446020007 cfg1 2 2 0 0 na na
10 64460.224350297699 0.008445601082 cfg1 2 1 0 0 na na
10 64460.268350259840 0.008444566135 cfg1 2 2 0 0 na na
10 64460.287350286070 0.008444120676 cfg1 2 2 0 0 na na
10 64460.343350327700 0.008442811687 cfg1 2 1 0 0 na na
10 64460.345350362730 0.008442761454 cfg1 2 2 0 0 na na
10 64460.357350285839 0.008442470772 cfg1 2 1 0 0 na na
10 64460.358350323165 0.008442456650 cfg1 2 2 0 0 na na
10 64460.409350294213 0.008441262338 cfg1 2 1 0 0 na na
10 64460.414350343137 0.008441145123 cfg1 2 2 0 0 na na
10 64460.442350341408 0.008440489528 cfg1 2 2 0 0 na na
10 64460.466350275922 0.008439910713 cfg1 2 1 0 0 na na
10 64460.512350347819 0.008438849088 cfg1 2 1 0 0 na na
10 64460.513350237623 0.008438839132 cfg1 2 1 0 0 na na
10 64460.514350325127 0.008438804024 cfg1 2 2 0 0 na na
10 64460.516350271610 0.008438748638 cfg1 2 1 0 0 na na
10 64460.537350322679 0.008438265887 cfg1 2 2 0 0 na na
10 64460.542350275926 0.008438148971 cfg1 2 2 0 0 na na
10 64460.559350323915 0.008437760243 cfg1 2 1 0 0 na na
10 64460.565350309587 0.008437610796 cfg1 2 2 0 0 na na
10 64460.586350301116 0.008437119487 cfg1 2 2 0 0 na na
10 64460.602350320799 0.008436751221 cfg1 2 1 0 0 na na
10 64460.612350284210 0.008436511469 cfg1 2 2 0 0 na na
10 64460.619350253377 0.008436347739 cfg1 2 2 0 0 na na
10 64460.628350359473 0.008436137280 cfg1 2 2 0 0 na na
10 64460.647350325867 0.008435692984 cfg1 2 2 0 0 na na
10 64460.679350273237 0.008434944963 cfg1 2 2 0 0 na na
10 64460.680350262141 0.008434921565 cfg1 2 2 0 0 na na
10 64460.684350285290 0.008434828103 cfg1 2 2 0 0 na na
10 64460.730350276540 0.008433756364 cfg1 2 1 0 0 na na
10 64460.803350353176 0.008432047782 cfg1 2 2 0 0 na na
10 64460.809350274301 0.008431907622 cfg1 2 2 0 0 na na
10 64460.817350272301 0.008431720824 cfg1 2 2 0 0 na na
10 64460.821350314549 0.008431635690 cfg1 2 1 0 0 na na
10 64460.830350320732 0.008431417258 cfg1 2 2 0 0 na na
10 64460.834350290122 0.008431323947 cfg1 2 2 0 0 na na
10 64460.844350301085 0.008431090419 cfg1 2 2 0 0 na na
10 64460.854350318283 0.008430854605 cfg1 2 1 0 0 na na
10 64460.887350337892 0.008430086779 cfg1 2 1 0 0 na na
10 64460.895350306783 0.008429882777 cfg1 2 1 0 0 na na
10 64460.916350285374 0.008429409830 cfg1 2 2 0 0 na na
10 64460.964350301731 0.008428290082 cfg1 2 1 0 0 na na
10 64460.973350289924 0.008428080147 cfg1 2 2 0 0 na na
10 64460.990350279892 0.008427683549 cfg1 2 2 0 0 na na
10 64460.994350280916 0.008427590277 cfg1 2 2 0 0 na na
10 64461.006350325997 0.008427310397 cfg1 2 2 0 0 na na
10 64461.038350364768 0.008426564280 cfg1 2 2 0 0 na na
10 64461.049350297152 0.008426307896 cfg1 2 2 0 0 na na
10 64461.056350296972 0.008426144629 cfg1 2 2 0 0 na na
10 64461.061350261157 0.008426028066 cfg1 2 2 0 0 na na
10 64461.063350316601 0.008425981450 cfg1 2 2 0 0 na na
10 64461.130350294089 0.008424420018 cfg1 2 2 0 0 na na
10 64461.139350245638 0.008424211141 cfg1 2 1 0 0 na na
10 64461.140350256925 0.008424180111 cfg1 2 1 0 0 na na
10 64461.175350287593 0.008423360580 cfg1 2 1 0 0 na na
10 64461.184350292529 0.008423162189 cfg1 2 2 0 0 na na
10 64461.215350317733 0.008422440223 cfg1 2 2 0 0 na na
10 64461.239350292461 0.008421890950 cfg1 2 1 0 0 na na
10 64461.269350323954 0.008421182559 cfg1 2 1 0 0 na na
10 64461.301350341471 0.008420427878 cfg1 2 1 0 0 na na
10 64461.305350291326 0.008420342424 cfg1 2 1 0 0 na na
10 64461.328350295020 0.008419810269 cfg1 2 1 0 0 na na
10 64461.360350341615 0.008419072175 cfg1 2 1 0 0 na na
10 64461.365350289347 0.008418949413 cfg1 2 2 0 0 na na
10 64461.366350265003 0.008418926136 cfg1 2 2 0 0 na na
10 64461.381350288729 0.008418587376 cfg1 2 1 0 0 na na
10 64461.396350266156 0.008418220670 cfg1 2 1 0 0 na na
10 64461.424350282487 0.008417590082 cfg1 2 1 0 0 na na
10 64461.474350263947 0.008416398152 cfg1 2 1 0 0 na na
10 64461.547350355418 0.008414719037 cfg1 2 2 0 0 na na
10 64461.554350304253 0.008414556481 cfg1 2 2 0 0 na na
10 64461.583350262645 0.008413882818 cfg1 2 2 0 0 na na
10 64461.613350291811 0.008413186359 cfg1 2 2 0 0 na na
10 64461.630350318328 0.008412791608 cfg1 2 2 0 0 na na
10 64461.633350268878 0.008412731237 cfg1 2 1 0 0 na na
10 64461.668350314054 0.008411906386 cfg1 2 1 0 0 na na
10 64461.680350310238 0.008411631216 cfg1 2 1 0 0 na na
10 64461.684350329877 0.008411522199 cfg1 2 1 0 0 na na
10 64461.710350285997 0.008410935055 cfg1 2 2 0 0 na na
10 64461.716350342674 0.008410795829 cfg1 2 2 0 0 na na
10 64461.719350316760 0.008410726938 cfg1 2 1 0 0 na na
10 64461.732350290786 0.008410424603 cfg1 2 2 0 0 na na
10 64461.739350340924 0.008410262327 cfg1 2 2 0 0 na na
10 64461.743350254869 0.008410169494 cfg1 2 2 0 0 na na
10 64461.745350352069 0.008410126349 cfg1 2 1 0 0 na na
10 64461.761350317095 0.008409751966 cfg1 2 2 0 0 na na
10 64461.770350286408 0.008409543303 cfg1 2 2 0 0 na na
10 64461.791350292143 0.008409056283 cfg1 2 2 0 0 na na
10 64461.839350299801 0.008407943401 cfg1 2 2 0 0 na na
10 64461.844350351173 0.008407825044 cfg1 2 1 0 0 na na
10 64461.851350255050 0.008407665893 cfg1 2 1 0 0 na na
10 64461.883350309019 0.008406923758 cfg1 2 2 0 0 na na
10 64461.907350356423 0.008406367745 cfg1 2 2 0 0 na na
10 64461.908350284577 0.008406344524 cfg1 2 2 0 0 na na
10 64461.927350300171 0.008405904392 cfg1 2 2 0 0 na na
10 64461.984350310609 0.008404567362 cfg1 2 1 0 0 na na
10 64462.001350325833 0.008404190649 cfg1 2 2 0 0 na na
10 64462.005350256008 0.008404090841 cfg1 2 1 0 0 na na
10 64462.020350311368 0.008403750862 cfg1 2 2 0 0 na na
10 64462.041350348175 0.008403265403 cfg1 2 1 0 0 na na
10 64462.054350305050 0.008402963825 cfg1 2 2 0 0 na na
10 64462.068350295349 0.008402626211 cfg1 2 1 0 0 na na
10 64462.072350296767 0.008402547288 cfg1 2 2 0 0 na na
10 64462.077350283930 0.008402431539 cfg1 2 2 0 0 na na
10 64462.100350374481 0.008401893130 cfg1 2 1 0 0 na na
10 64462.102350325745 0.008401853256 cfg1 2 2 0 0 na na
10 64462.110350281848 0.008401677244 cfg1 2 1 0 0 na na
10 64462.112350268453 0.008401621824 cfg1 2 2 0 0 na na
10 64462.133350289232 0.008401136144 cfg1 2 2 0 0 na na
10 64462.136350329736 0.008401066786 cfg1 2 2 0 0 na na
10 64462.143350315213 0.008400904794 cfg1 2 2 0 0 na na
10 64462.144350292826 0.008400882094 cfg1 2 1 0 0 na na
10 64462.169350297521 0.008400303546 cfg1 2 2 0 0 na na
10 64462.177350322950 0.008400118477 cfg1 2 2 0 0 na na
10 64462.289350317131 0.008397529935 cfg1 2 2 0 0 na na
10 64462.293350319693 0.008397437619 cfg1 2 2 0 0 na na
10 64462.370350323135 0.008395659189 cfg1 2 2 0 0 na na
10 64462.376350277009 0.008395520699 cfg1 2 2 0 0 na na
10 64462.434350303510 0.008394181814 cfg1 2 2 0 0 na na
10 64462.435350240258 0.008394166575 cfg1 2 1 0 0 na na
10 64462.440350250661 0.008394041245 cfg1 2 1 0 0 na na
10 64462.464350252150 0.008393491658 cfg1 2 1 0 0 na na
10 64462.467350324892 0.008393420316 cfg1 2 2 0 0 na na
10 64462.480350303241 0.008393117348 cfg1 2 1 0 0 na na
10 64462.487350316254 0.008392966245 cfg1 2 1 0 0 na na
10 64462.493350281683 0.008392820574 cfg1 2 1 0 0 na na
10 64462.502350303127 0.008392612896 cfg1 2 2 0 0 na na
10 64462.519350277167 0.008392220770 cfg1 2 2 0 0 na na
10 64462.563350301153 0.008391210035 cfg1 2 1 0 0 na na
10 64462.565350316915 0.008391160047 cfg1 2 2 0 0 na na
10 64462.585350299447 0.008390696936 cfg1 2 1 0 0 na na
10 64462.601350314353 0.008390330165 cfg1 2 2 0 0 na na
10 64462.605350286868 0.008390238002 cfg1 2 1 0 0 na na
10 64462.606350332434 0.008390214910 cfg1 2 2 0 0 na na
10 64462.635350265749 0.008389546456 cfg1 2 2 0 0 na na
10 64462.639350270924 0.008389454297 cfg1 2 2 0 0 na na
10 64462.640350324900 0.008389431315 cfg1 2 2 0 0 na na
10 64462.651350277937 0.008389177828 cfg1 2 2 0 0 na na
10 64462.669350320909 0.008388763085 cfg1 2 2 0 0 na na
10 64462.683350287188 0.008388440560 cfg1 2 2 0 0 na na
10 64462.691350320374 0.008388242388 cfg1 2 1 0 0 na na
10 64462.693350269136 0.008388210340 cfg1 2 1 0 0 na na
10 64462.704350281252 0.008387957008 cfg1 2 1 0 0 na na
10 64462.727350306710 0.008387427168 cfg1 2 2 0 0 na na
10 64462.735350316228 0.008387230099 cfg1 2 1 0 0 na na
10 64462.740350306393 0.008387127912 cfg1 2 1 0 0 na na
10 64462.754350299158 0.008386805533 cfg1 2 2 0 0 na na
10 64462.771350307890 0.008386414122 cfg1 2 2 0 0 na na
10 64462.778350348855 0.008386252946 cfg1 2 2 0 0 na na
10 64462.802350320022 0.008385700519 cfg1 2 2 0 0 na na
10 64462.822350293218 0.008385240329 cfg1 2 2 0 0 na na
10 64462.863350279460 0.008384296886 cfg1 2 2 0 0 na na
10 64462.894350357026 0.008383583894 cfg1 2 2 0 0 na na
10 64462.895350266636 0.008383547075 cfg1 2 1 0 0 na na
10 64462.904350294335 0.008383354312 cfg1 2 1 0 0 na na
10 64462.906350261617 0.008383295194 cfg1 2 1 0 0 na na
10 64462.920350321117 0.008382985899 cfg1 2 2 0 0 na na
10 64462.949350301951 0.008382330257 cfg1 2 1 0 0 na na
10 64462.967350336351 0.008381905331 cfg1 2 2 0 0 na na
10 64463.003350313950 0.008381077969 cfg1 2 1 0 0 na na
10 64463.007350309405 0.008380982018 cfg1 2 1 0 0 na na
10 64463.020350315075 0.008380687217 cfg1 2 2 0 0 na na
10 64463.043350286693 0.008380158744 cfg1 2 2 0 0 na na
10 64463.069350287923 0.008379561541 cfg1 2 2 0 0 na na
10 64463.070350315830 0.008379538591 cfg1 2 2 0 0 na na
10 64463.108350260137 0.008378665837 cfg1 2 2 0 0 na na
10 64463.109350301733 0.008378642895 cfg1 2 2 0 0 na na
10 64463.134350303652 0.008378068763 cfg1 2 2 0 0 na na
10 64463.170350314868 0.008377242348 cfg1 2 2 0 0 na na
10 64463.199350331415 0.008376576821 cfg1 2 2 0 0 na na
10 64463.203350282499 0.008376485117 cfg1 2 2 0 0 na na
10 64463.205350304779 0.008376432798 cfg1 2 1 0 0 na na
10 64463.221350283765 0.008376071957 cfg1 2 2 0 0 na na
10 64463.227350356303 0.008375934442 cfg1 2 2 0 0 na na
10 64463.229350301601 0.008375888519 cfg1 2 2 0 0 na na
10 64463.262350318928 0.008375126051 cfg1 2 1 0 0 na na
10 64463.265350307023 0.008375062626 cfg1 2 2 0 0 na na
10 64463.274350278993 0.008374856347 cfg1 2 2 0 0 na na
10 64463.278350308940 0.008374764503 cfg1 2 2 0 0 na na
10 64463.286350270650 0.008374581146 cfg1 2 2 0 0 na na
10 64463.292350279027 0.008374443495 cfg1 2 2 0 0 na na
10 64463.325350326431 0.008373669933 cfg1 2 1 0 0 na na
10 64463.364350359316 0.008372792805 cfg1 2 2 0 0 na na
10 64463.370350313568 0.008372655299 cfg1 2 2 0 0 na na
10 64463.376350260452 0.008372506626 cfg1 2 1 0 0 na na
10 64463.395350290474 0.008372082457 cfg1 2 2 0 0 na na
10 64463.400350340635 0.008371965405 cfg1 2 1 0 0 na na
10 64463.411350313326 0.008371715929 cfg1 2 1 0 0 na na
10 64463.430350283860 0.008371280485 cfg1 2 2 0 0 na na
10 64463.447350282272 0.008370891190 cfg1 2 2 0 0 na na
10 64463.448350291779 0.008370865641 cfg1 2 1 0 0 na na
10 64463.449350344660 0.008370845239 cfg1 2 2 0 0 na na
10 64463.470350339876 0.008370363472 cfg1 2 1 0 0 na na
10 64463.472350291105 0.008370324275 cfg1 2 1 0 0 na na
10 64463.509350287579 0.008369471361 cfg1 2 2 0 0 na na
10 64463.544350343346 0.008368669196 cfg1 2 1 0 0 na na
10 64463.548350313135 0.008368578510 cfg1 2 2 0 0 na na
10 64463.553350251947 0.008368464057 cfg1 2 2 0 0 na na
10 64463.563350276763 0.008368235262 cfg1 2 2 0 0 na na
10 64463.570350348107 0.008368075001 cfg1 2 2 0 0 na na
10 64463.604350312545 0.008367297072 cfg1 2 2 0 0 na na
10 64463.615350296763 0.008367045443 cfg1 2 2 0 0 na na
10 64463.623350318727 0.008366862532 cfg1 2 2 0 0 na na
10 64463.643350313518 0.008366404908 cfg1 2 2 0 0 na na
10 64463.670350379149 0.008365787469 cfg1 2 2 0 0 na na
10 64463.673350321572 0.008365718880 cfg1 2 2 0 0 na na
10 64463.674350320555 0.008365695940 cfg1 2 2 0 0 na na
10 64463.676350321728 0.008365650329 cfg1 2 2 0 0 na na
10 64463.677350324911 0.008365627469 cfg1 2 2 0 0 na na
10 64463.690350333862 0.008365333390 cfg1 2 1 0 0 na na
10 64463.693350290801 0.008365261644 cfg1 2 2 0 0 na na
10 64463.711350286570 0.008364850045 cfg1 2 2 0 0 na na
10 64463.712350343925 0.008364827211 cfg1 2 2 0 0 na na
10 64463.720350276255 0.008364644316 cfg1 2 2 0 0 na na
10 64463.755350308988 0.008363844531 cfg1 2 2 0 0 na na
10 64463.772350296998 0.008363455967 cfg1 2 2 0 0 na na
10 64463.780350299694 0.008363256626 cfg1 2 1 0 0 na na
10 64463.795350269797 0.008362935090 cfg1 2 1 0 0 na na
10 64463.797350282925 0.008362884748 cfg1 2 2 0 0 na na
10 64463.838350287805 0.008361948224 cfg1 2 2 0 0 na na
10 64463.863350362450 0.008361377517 cfg1 2 1 0 0 na na
10 64463.889350287779 0.008360783743 cfg1 2 2 0 0 na na
10 64463.897350356721 0.008360601110 cfg1 2 2 0 0 na na
10 64463.903350345164 0.008360464195 cfg1 2 2 0 0 na na
10 64463.906350287996 0.008360395635 cfg1 2 2 0 0 na na
10 64463.916350282022 0.008360167428 cfg1 2 2 0 0 na na
10 64463.926350276555 0.008359939238 cfg1 2 2 0 0 na na
10 64463.929350296744 0.008359870766 cfg1 2 2 0 0 na na
10 64463.936350301913 0.008359710932 cfg1 2 2 0 0 na na
10 64463.968350266873 0.008358980761 cfg1 2 2 0 0 na na
10 64464.015350320382 0.008357908679 cfg1 2 2 0 0 na na
10 64464.016350322198 0.008357896530 cfg1 2 1 0 0 na na
10 64464.042350294960 0.008357293005 cfg1 2 2 0 0 na na
10 64464.052350299581 0.008357064936 cfg1 2 2 0 0 na na
10 64464.083350330074 0.008356358140 cfg1 2 2 0 0 na na
10 64464.109350283367 0.008355765434 cfg1 2 2 0 0 na na
10 64464.117350293709 0.008355583178 cfg1 2 2 0 0 na na
10 64464.124350306041 0.008355409343 cfg1 2 1 0 0 na na
10 64464.143350345954 0.008354990710 cfg1 2 2 0 0 na na
10 64464.144350374170 0.008354967994 cfg1 2 2 0 0 na na
10 64464.153350273994 0.008354762856 cfg1 2 2 0 0 na na
10 64464.155350255124 0.008354728714 cfg1 2 1 0 0 na na
10 64464.179350314834 0.008354170470 cfg1 2 2 0 0 na na
10 64464.180350334342 0.008354147808 cfg1 2 2 0 0 na na
10 64464.222350321440 0.008353191139 cfg1 2 2 0 0 na na
10 64464.228350261197 0.008353054633 cfg1 2 2 0 0 na na
10 64464.231350293571 0.008352986244 cfg1 2 2 0 0 na na
10 64464.236350309471 0.008352872420 cfg1 2 2 0 0 na na
10 64464.249350298005 0.008352576401 cfg1 2 2 0 0 na na
10 64464.288350350382 0.008351688666 cfg1 2 2 0 0 na na
10 64464.311350306159 0.008351170641 cfg1 2 1 0 0 na na
10 64464.318350318538 0.008351005940 cfg1 2 2 0 0 na na
10 64464.369350261227 0.008349845683 cfg1 2 2 0 0 na na
10 64464.374350328839 0.008349731971 cfg1 2 2 0 0 na na
10 64464.379350292455 0.008349611118 cfg1 2 1 0 0 na na
10 64464.380350323493 0.008349588275 cfg1 2 1 0 0 na na
10 64464.391350334202 0.008349335606 cfg1 2 1 0 0 na na
10 64464.399350310167 0.008349169223 cfg1 2 1 0 0 na na
10 64464.422350381356 0.008348640320 cfg1 2 2 0 0 na na
10 64464.432350265946 0.008348397860 cfg1 2 1 0 0 na na
10 64464.453350268607 0.008347935563 cfg1 2 2 0 0 na na
10 64464.468350286027 0.008347602377 cfg1 2 1 0 0 na na
10 64464.476350337130 0.008347397145 cfg1 2 1 0 0 na na
10 64464.493350340088 0.008347008991 cfg1 2 1 0 0 na na
10 64464.502350303764 0.008346821837 cfg1 2 2 0 0 na na
10 64464.509350362940 0.008346652398 cfg1 2 1 0 0 na na
10 64464.519350315642 0.008346435627 cfg1 2 2 0 0 na na
10 64464.526350355804 0.008346276611 cfg1 2 2 0 0 na na
10 64464.554350268838 0.008345640553 cfg1 2 2 0 0 na na
10 64464.572350293120 0.008345231781 cfg1 2 2 0 0 na na
10 64464.598350301578 0.008344641300 cfg1 2 2 0 0 na na
10 64464.612350332273 0.008344335229 cfg1 2 1 0 0 na na
10 64464.627350264905 0.008343982740 cfg1 2 2 0 0 na na
10 64464.651350319788 0.008343437990 cfg1 2 2 0 0 na na
10 64464.656350323526 0.008343324500 cfg1 2 2 0 0 na na
10 64464.660350303131 0.008343233725 cfg1 2 2 0 0 na na
10 64464.663350293594 0.008343176296 cfg1 2 1 0 0 na na
10 64464.665350323549 0.008343113526 cfg1 2 1 0 0 na na
10 64464.681350307344 0.008342757207 cfg1 2 2 0 0 na na
10 64464.684350319445 0.008342690146 cfg1 2 1 0 0 na na
10 64464.703350363278 0.008342251487 cfg1 2 1 0 0 na na
10 64464.707350311610 0.008342167165 cfg1 2 2 0 0 na na
10 64464.735350286162 0.008341532109 cfg1 2 2 0 0 na na
10 64464.751350316134 0.008341169389 cfg1 2 1 0 0 na na
10 64464.754350318606 0.008341101155 cfg1 2 2 0 0 na na
10 64464.782350278372 0.008340461123 cfg1 2 1 0 0 na na
10 64464.794350333559 0.008340203048 cfg1 2 1 0 0 na na
10 64464.797350283421 0.008340125985 cfg1 2 2 0 0 na na
10 64464.891350280469 0.008338002266 cfg1 2 1 0 0 na na
10 64464.908350297462 0.008337610573 cfg1 2 1 0 0 na na
10 64464.939350259017 0.008336900632 cfg1 2 1 0 0 na na
10 64464.959350341551 0.008336455528 cfg1 2 1 0 0 na na
10 64464.968350361525 0.008336251615 cfg1 2 2 0 0 na na
10 64464.978350313099 0.008336025269 cfg1 2 2 0 0 na na
10 64465.034350316441 0.008334757598 cfg1 2 2 0 0 na na
10 64465.036350327004 0.008334712312 cfg1 2 2 0 0 na na
10 64465.046350321961 0.008334486039 cfg1 2 2 0 0 na na
10 64465.055350324759 0.008334282368 cfg1 2 2 0 0 na na
10 64465.056350284218 0.008334259837 cfg1 2 1 0 0 na na
10 64465.086350277707 0.008333581132 cfg1 2 1 0 0 na na
10 64465.087350330975 0.008333558431 cfg1 2 2 0 0 na na
10 64465.117350266025 0.008332879839 cfg1 2 2 0 0 na na
10 64465.119350312023 0.008332834552 cfg1 2 2 0 0 na na
10 64465.137350299492 0.008332427477 cfg1 2 2 0 0 na na
10 64465.140350259459 0.008332347518 cfg1 2 1 0 0 na na
10 64465.142350295959 0.008332305380 cfg1 2 1 0 0 na na
10 64465.162350329785 0.008331867484 cfg1 2 1 0 0 na na
10 64465.173350282544 0.008331619901 cfg1 2 1 0 0 na na
10 64465.223350320867 0.008330476569 cfg1 2 1 0 0 na na
10 64465.287350267706 0.008329037439 cfg1 2 2 0 0 na na
10 64465.299350337128 0.008328760426 cfg1 2 1 0 0 na na
10 64465.333350238506 0.008328008317 cfg1 2 1 0 0 na na
10 64465.336350296876 0.008327930951 cfg1 2 2 0 0 na na
10 64465.350350322053 0.008327614862 cfg1 2 2 0 0 na na
10 64465.382350326302 0.008326892564 cfg1 2 2 0 0 na na
10 64465.384350302197 0.008326847410 cfg1 2 2 0 0 na na
10 64465.395350319698 0.008326599091 cfg1 2 2 0 0 na na
10 64465.414350296553 0.008326170351 cfg1 2 2 0 0 na na
10 64465.452350261805 0.008325306605 cfg1 2 1 0 0 na na
10 64465.494350320975 0.008324365763 cfg1 2 2 0 0 na na
10 64465.516350321933 0.008323869660 cfg1 2 2 0 0 na na
10 64465.564350331712 0.008322787539 cfg1 2 2 0 0 na na
10 64465.565350288742 0.008322773786 cfg1 2 1 0 0 na na
10 64465.587350356411 0.008322269181 cfg1 2 2 0 0 na na
10 64465.606350301093 0.008321847357 cfg1 2 1 0 0 na na
10 64465.618350360327 0.008321570843 cfg1 2 1 0 0 na na
10 64465.631350293578 0.008321264350 cfg1 2 1 0 0 na na
10 64465.671350274007 0.008320378207 cfg1 2 1 0 0 na na
10 64465.676350346890 0.008320264391 cfg1 2 2 0 0 na na
10 64465.681350302288 0.008320151875 cfg1 2 1 0 0 na na
10 64465.699350318057 0.008319746446 cfg1 2 2 0 0 na na
10 64465.722350349357 0.008319228625 cfg1 2 2 0 0 na na
10 64465.730350267762 0.008319048589 cfg1 2 2 0 0 na na
10 64465.753350309202 0.008318530914 cfg1 2 2 0 0 na na
10 64465.754350281688 0.008318508334 cfg1 2 2 0 0 na na
10 64465.788350286280 0.008317743302 cfg1 2 2 0 0 na na
10 64465.793350317361 0.008317630828 cfg1 2 2 0 0 na na
10 64465.802350275389 0.008317426983 cfg1 2 1 0 0 na na
10 64465.818350278224 0.008317068422 cfg1 2 2 0 0 na na
10 64465.832350339894 0.008316753513 cfg1 2 2 0 0 na na
10 64465.899350295596 0.008315246979 cfg1 2 2 0 0 na na
10 64465.903350296082 0.008315156942 cfg1 2 2 0 0 na na
10 64465.907350303158 0.008315067088 cfg1 2 2 0 0 na na
10 64465.915350300591 0.008314898675 cfg1 2 1 0 0 na na
10 64465.929350287147 0.008314572522 cfg1 2 2 0 0 na na
10 64465.933350327513 0.008314482708 cfg1 2 2 0 0 na na
10 64465.938350298882 0.008314370264 cfg1 2 2 0 0 na na
10 64465.970350254119 0.008313651330 cfg1 2 2 0 0 na na
10 64465.971350301295 0.008313628807 cfg1 2 2 0 0 na na
10 64465.983350309030 0.008313359164 cfg1 2 2 0 0 na na
10 64465.996350301688 0.008313067197 cfg1 2 2 0 0 na na
10 64466.006350254389 0.008312832666 cfg1 2 1 0 0 na na
10 64466.011350319643 0.008312730201 cfg1 2 2 0 0 na na
10 64466.050350310598 0.008311845446 cfg1 2 1 0 0 na na
10 64466.087350321341 0.008311023762 cfg1 2 2 0 0 na na
10 64466.129350263516 0.008310081214 cfg1 2 2 0 0 na na
10 64466.148350268374 0.008309654776 cfg1 2 2 0 0 na na
10 64466.188350295168 0.008308757464 cfg1 2 2 0 0 na na
10 64466.200350292198 0.008308488375 cfg1 2 2 0 0 na na
10 64466.204350281583 0.008308390922 cfg1 2 1 0 0 na na
10 64466.207350266860 0.008308331346 cfg1 2 2 0 0 na na
10 64466.224350301252 0.008307950205 cfg1 2 2 0 0 na na
10 64466.267350275808 0.008306986085 cfg1 2 2 0 0 na na
10 64466.270350277234 0.008306918888 cfg1 2 2 0 0 na na
10 64466.271350307966 0.008306896418 cfg1 2 2 0 0 na na
10 64466.274350270530 0.008306829209 cfg1 2 2 0 0 na na
10 64466.276350297986 0.008306776601 cfg1 2 1 0 0 na na
10 64466.288350301274 0.008306515430 cfg1 2 2 0 0 na na
10 64466.296350300578 0.008306336063 cfg1 2 2 0 0 na na
10 64466.302350318739 0.008306201632 cfg1 2 2 0 0 na na
10 64466.303350318486 0.008306179195 cfg1 2 2 0 0 na na
10 64466.313350327989 0.008305955144 cfg1 2 2 0 0 na na
10 64466.331350271923 0.008305551882 cfg1 2 2 0 0 na na
10 64466.342350312484 0.008305305371 cfg1 2 2 0 0 na na
10 64466.369350308411 0.008304700698 cfg1 2 2 0 0 na na
10 64466.373350295817 0.008304611039 cfg1 2 2 0 0 na na
10 64466.391350347196 0.008304199152 cfg1 2 1 0 0 na na
10 64466.424350276280 0.008303469054 cfg1 2 2 0 0 na na
10 64466.457350325964 0.008302730291 cfg1 2 2 0 0 na na
10 64466.471350279422 0.008302417032 cfg1 2 2 0 0 na na
10 64466.525350290865 0.008301208787 cfg1 2 2 0 0 na na
10 64466.594350356637 0.008299665583 cfg1 2 2 0 0 na na
10 64466.599350333003 0.008299539403 cfg1 2 1 0 0 na na
10 64466.648350333810 0.008298458458 cfg1 2 2 0 0 na na
10 64466.662350258780 0.008298149478 cfg1 2 1 0 0 na na
10 64466.667350311329 0.008298033838 cfg1 2 2 0 0 na na
10 64466.668350310184 0.008298011604 cfg1 2 2 0 0 na na
10 64466.689350309815 0.008297529507 cfg1 2 1 0 0 na na
10 64466.721350316464 0.008296827485 cfg1 2 2 0 0 na na
10 64466.892350342957 0.008293013336 cfg1 2 1 0 0 na na
10 64466.941350257675 0.008291904243 cfg1 2 1 0 0 na na
10 64466.976350302065 0.008291137702 cfg1 2 1 0 0 na na
10 64467.004350321683 0.008290513652 cfg1 2 2 0 0 na na
10 64467.026350292167 0.008290023325 cfg1 2 2 0 0 na na
10 64467.107350326492 0.008288219176 cfg1 2 2 0 0 na na
10 64467.121350324068 0.008287903426 cfg1 2 1 0 0 na na
10 64467.147350283813 0.008287328519 cfg1 2 2 0 0 na na
10 64467.186350328050 0.008286468475 cfg1 2 1 0 0 na na
10 64467.193350348714 0.008286304767 cfg1 2 2 0 0 na na
10 64467.219350301331 0.008285726258 cfg1 2 2 0 0 na na
10 64467.245350340897 0.008285147831 cfg1 2 2 0 0 na na
10 64467.251350246457 0.008285015743 cfg1 2 1 0 0 na na
10 64467.276350288170 0.008284458518 cfg1 2 1 0 0 na na
10 64467.298350283853 0.008283969388 cfg1 2 1 0 0 na na
10 64467.347350305688 0.008282879966 cfg1 2 2 0 0 na na
10 64467.390350284291 0.008281924706 cfg1 2 1 0 0 na na
10 64467.400350298803 0.008281702337 cfg1 2 2 0 0 na na
10 64467.402350256536 0.008281645732 cfg1 2 1 0 0 na na
10 64467.409350330841 0.008281514450 cfg1 2 1 0 0 na na
10 64467.412350320438 0.008281435706 cfg1 2 2 0 0 na na
10 64467.416350240844 0.008281351095 cfg1 2 1 0 0 na na
10 64467.439350318040 0.008280819282 cfg1 2 1 0 0 na na
10 64467.441350255435 0.008280781313 cfg1 2 1 0 0 na na
10 64467.501350271607 0.008279459314 cfg1 2 2 0 0 na na
10 64467.509350286303 0.008279281897 cfg1 2 2 0 0 na na
10 64467.519350245211 0.008279061688 cfg1 2 1 0 0 na na
10 64467.546350264645 0.008278460705 cfg1 2 2 0 0 na na
10 64467.560350274943 0.008278150104 cfg1 2 2 0 0 na na
10 64467.579350310408 0.008277713197 cfg1 2 1 0 0 na na
10 64467.589350263889 0.008277506696 cfg1 2 2 0 0 na na
10 64467.598350268166 0.008277307068 cfg1 2 2 0 0 na na
10 64467.599350300697 0.008277284950 cfg1 2 2 0 0 na na
10 64467.613350327915 0.008276963181 cfg1 2 1 0 0 na na
10 64467.618350288854 0.008276863535 cfg1 2 2 0 0 na na
10 64467.628350298092 0.008276641708 cfg1 2 2 0 0 na na
10 64467.645350290906 0.008276264858 cfg1 2 2 0 0 na na
10 64467.687350258780 0.008275333715 cfg1 2 2 0 0 na na
10 64467.694350249952 0.008275179780 cfg1 2 1 0 0 na na
10 64467.701350280746 0.008275017978 cfg1 2 1 0 0 na na
10 64467.706350299926 0.008274912602 cfg1 2 2 0 0 na na
10 64467.707350284291 0.008274890455 cfg1 2 2 0 0 na na
10 64467.739350294132 0.008274183117 cfg1 2 1 0 0 na na
10 64467.754350323626 0.008273849153 cfg1 2 1 0 0 na na
10 64467.759350277912 0.008273738906 cfg1 2 1 0 0 na na
10 64467.775350309265 0.008273383907 cfg1 2 2 0 0 na na
10 64467.776350315174 0.008273361769 cfg1 2 2 0 0 na na
10 64467.777350291871 0.008273339619 cfg1 2 2 0 0 na na
10 64467.881350320348 0.008271037187 cfg1 2 1 0 0 na na
10 64467.884350289590 0.008270957284 cfg1 2 1 0 0 na na
10 64467.890350287388 0.008270837970 cfg1 2 2 0 0 na na
10 64467.893350313010 0.008270756415 cfg1 2 1 0 0 na na
10 64467.897350318791 0.008270683164 cfg1 2 1 0 0 na na
10 64467.899350251130 0.008270635773 cfg1 2 1 0 0 na na
10 64467.920350274369 0.008270174184 cfg1 2 2 0 0 na na
10 64467.936350269792 0.008269820268 cfg1 2 1 0 0 na na
10 64467.953350290679 0.008269444216 cfg1 2 2 0 0 na na
10 64467.959350270023 0.008269306812 cfg1 2 1 0 0 na na
10 64467.963350263034 0.008269222999 cfg1 2 2 0 0 na na
10 64467.968350281905 0.008269112452 cfg1 2 2 0 0 na na
10 64467.993350336165 0.008268559665 cfg1 2 2 0 0 na na
10 64467.995350285284 0.008268515439 cfg1 2 2 0 0 na na
10 64468.001350273933 0.008268382778 cfg1 2 2 0 0 na na
10 64468.045350281384 0.008267410127 cfg1 2 2 0 0 na na
10 64468.066350303036 0.008266946033 cfg1 2 2 0 0 na na
10 64468.091350265406 0.008266393761 cfg1 2 1 0 0 na na
10 64468.110350290462 0.008265981540 cfg1 2 1 0 0 na na
10 64468.111350291023 0.008265951814 cfg1 2 2 0 0 na na
10 64468.116350288794 0.008265841406 cfg1 2 2 0 0 na na
10 64468.120350307928 0.008265753015 cfg1 2 2 0 0 na na
10 64468.123350339062 0.008265686806 cfg1 2 2 0 0 na na
10 64468.129350304925 0.008265554271 cfg1 2 2 0 0 na na
10 64468.130350318685 0.008265532176 cfg1 2 2 0 0 na na
10 64468.131350301026 0.008265510091 cfg1 2 2 0 0 na na
10 64468.155350286760 0.008264991351 cfg1 2 1 0 0 na na
10 64468.162350335402 0.008264825552 cfg1 2 2 0 0 na na
10 64468.163350324177 0.008264803400 cfg1 2 2 0 0 na na
10 64468.172350310260 0.008264604764 cfg1 2 2 0 0 na na
10 64468.183350334149 0.008264361887 cfg1 2 2 0 0 na na
10 64468.191350318863 0.008264185267 cfg1 2 2 0 0 na na
10 64468.208350316863 0.008263810610 cfg1 2 1 0 0 na na
10 64468.211350278897 0.008263751497 cfg1 2 1 0 0 na na
10 64468.212350291811 0.008263706934 cfg1 2 1 0 0 na na
10 64468.228350330416 0.008263357634 cfg1 2 1 0 0 na na
10 64468.243350329305 0.008263037586 cfg1 2 2 0 0 na na
10 64468.257350289828 0.008262711293 cfg1 2 1 0 0 na na
10 64468.260350331259 0.008262655674 cfg1 2 1 0 0 na na
10 64468.284350346177 0.008262133903 cfg1 2 1 0 0 na na
10 64468.359350290689 0.008260479218 cfg1 2 2 0 0 na na
10 64468.376350378481 0.008260104515 cfg1 2 2 0 0 na na
10 64468.382350311548 0.008259972220 cfg1 2 2 0 0 na na
10 64468.393350297634 0.008259729756 cfg1 2 2 0 0 na na
10 64468.413350271632 0.008259289171 cfg1 2 1 0 0 na na
10 64468.438350313659 0.008258738209 cfg1 2 2 0 0 na na
10 64468.474350266966 0.008257945248 cfg1 2 2 0 0 na na
10 64468.526350265219 0.008256800296 cfg1 2 1 0 0 na na
10 64468.527350255866 0.008256771071 cfg1 2 1 0 0 na na
10 64468.529350318245 0.008256734138 cfg1 2 2 0 0 na na
10 64468.532350331705 0.008256668221 cfg1 2 1 0 0 na na
10 64468.533350293399 0.008256646087 cfg1 2 2 0 0 na na
10 64468.555350306607 0.008256161915 cfg1 2 2 0 0 na na
10 64468.559350253821 0.008256073767 cfg1 2 2 0 0 na na
10 64468.561350298501 0.008256029767 cfg1 2 2 0 0 na na
10 64468.565350278777 0.008255941854 cfg1 2 2 0 0 na na
10 64468.567350255569 0.008255897811 cfg1 2 2 0 0 na na
10 64468.573350277733 0.008255765771 cfg1 2 2 0 0 na na
10 64468.581350331839 0.008255589599 cfg1 2 2 0 0 na na
10 64468.622350307704 0.008254687580 cfg1 2 2 0 0 na na
10 64468.630350329999 0.008254511625 cfg1 2 2 0 0 na na
10 64468.655350310913 0.008253952903 cfg1 2 1 0 0 na na
10 64468.656350294962 0.008253939722 cfg1 2 2 0 0 na na
10 64468.681350306980 0.008253390068 cfg1 2 2 0 0 na na
10 64468.683350344230 0.008253346049 cfg1 2 2 0 0 na na
10 64468.717350324553 0.008252598588 cfg1 2 2 0 0 na na
10 64468.721350252175 0.008252510668 cfg1 2 2 0 0 na na
10 64468.755350326064 0.008251763508 cfg1 2 2 0 0 na na
10 64468.762350276602 0.008251609591 cfg1 2 2 0 0 na na
10 64468.783350284330 0.008251148239 cfg1 2 2 0 0 na na
10 64468.848350288386 0.008249720654 cfg1 2 2 0 0 na na
10 64468.859350291486 0.008249479236 cfg1 2 1 0 0 na na
10 64468.880350257594 0.008249009417 cfg1 2 1 0 0 na na
10 64468.921350312577 0.008248118182 cfg1 2 2 0 0 na na
10 64468.956350299306 0.008247350338 cfg1 2 2 0 0 na na
10 64469.020350255050 0.008245943384 cfg1 2 1 0 0 na na
10 64469.044350312430 0.008245413134 cfg1 2 1 0 0 na na
10 64469.047350262132 0.008245339946 cfg1 2 1 0 0 na na
10 64469.067350311755 0.008244916216 cfg1 2 2 0 0 na na
10 64469.079350317851 0.008244653447 cfg1 2 1 0 0 na na
10 64469.130350307783 0.008243535733 cfg1 2 2 0 0 na na
10 64469.145350296213 0.008243207214 cfg1 2 2 0 0 na na
10 64469.146350326788 0.008243187862 cfg1 2 1 0 0 na na
10 64469.213350275234 0.008241726358 cfg1 2 1 0 0 na na
10 64469.231350304066 0.008241324084 cfg1 2 2 0 0 na na
10 64469.235350257742 0.008241236589 cfg1 2 2 0 0 na na
10 64469.311350308903 0.008239573636 cfg1 2 2 0 0 na na
10 64469.325350251958 0.008239278140 cfg1 2 1 0 0 na na
10 64469.344350331755 0.008238834416 cfg1 2 1 0 0 na na
10 64469.370350261288 0.008238283380 cfg1 2 2 0 0 na na
10 64469.375350260238 0.008238174027 cfg1 2 2 0 0 na na
10 64469.378350246767 0.008238109988 cfg1 2 1 0 0 na na
10 64469.388350301713 0.008237889798 cfg1 2 2 0 0 na na
10 64469.393350288265 0.008237780418 cfg1 2 2 0 0 na na
10 64469.417350331327 0.008237256015 cfg1 2 1 0 0 na na
10 64469.418350324375 0.008237235759 cfg1 2 1 0 0 na na
10 64469.443350287185 0.008236687675 cfg1 2 2 0 0 na na
10 64469.497350324774 0.008235508035 cfg1 2 2 0 0 na na
10 64469.536350287133 0.008234656346 cfg1 2 2 0 0 na na
10 64469.544350262712 0.008234481874 cfg1 2 1 0 0 na na
10 64469.548350322403 0.008234394397 cfg1 2 2 0 0 na na
10 64469.556350265939 0.008234219767 cfg1 2 2 0 0 na na
10 64469.561350329315 0.008234099311 cfg1 2 1 0 0 na na
10 64469.562350266042 0.008234088814 cfg1 2 2 0 0 na na
10 64469.568350272996 0.008233940461 cfg1 2 1 0 0 na na
10 64469.586350324862 0.008233564869 cfg1 2 2 0 0 na na
10 64469.633350282264 0.008232539477 cfg1 2 2 0 0 na na
10 64469.637350284000 0.008232452135 cfg1 2 2 0 0 na na
10 64469.656350402338 0.008232037621 cfg1 2 2 0 0 na na
10 64469.661350300819 0.008231928637 cfg1 2 2 0 0 na na
10 64469.695350320982 0.008231187163 cfg1 2 2 0 0 na na
10 64469.700350277887 0.008231078072 cfg1 2 2 0 0 na na
10 64469.704350272605 0.008230990965 cfg1 2 2 0 0 na na
10 64469.724350332347 0.008230554811 cfg1 2 2 0 0 na na
10 64469.734350307377 0.008230336838 cfg1 2 2 0 0 na na
10 64469.745350309290 0.008230097136 cfg1 2 2 0 0 na na
10 64469.748350300529 0.008230031677 cfg1 2 2 0 0 na na
10 64469.752350316244 0.008229938298 cfg1 2 1 0 0 na na
10 64469.776350306880 0.008229421511 cfg1 2 2 0 0 na na
10 64469.798350280200 0.008228942134 cfg1 2 2 0 0 na na
10 64469.801350323542 0.008228876847 cfg1 2 2 0 0 na na
10 64469.803350317294 0.008228833249 cfg1 2 2 0 0 na na
10 64469.804350273446 0.008228811530 cfg1 2 2 0 0 na na
10 64469.806350277296 0.008228767936 cfg1 2 2 0 0 na na
10 64469.817350297895 0.008228528304 cfg1 2 2 0 0 na na
10 64469.822350325646 0.008228419404 cfg1 2 2 0 0 na na
10 64469.830350322485 0.008228245088 cfg1 2 2 0 0 na na
10 64469.835350291360 0.008228136259 cfg1 2 2 0 0 na na
10 64469.843350308653 0.008227961954 cfg1 2 2 0 0 na na
10 64469.851350275201 0.008227790646 cfg1 2 1 0 0 na na
10 64469.873350287872 0.008227308651 cfg1 2 2 0 0 na na
10 64469.879350292629 0.008227178034 cfg1 2 2 0 0 na na
10 64469.881350283850 0.008227134595 cfg1 2 2 0 0 na na
10 64469.987350312199 0.008224827781 cfg1 2 2 0 0 na na
10 64470.023350332717 0.008224044800 cfg1 2 2 0 0 na na
10 64470.037350294576 0.008223729424 cfg1 2 1 0 0 na na
10 64470.046350282838 0.008223555783 cfg1 2 1 0 0 na na
10 64470.078350323505 0.008222843610 cfg1 2 1 0 0 na na
10 64470.082350337497 0.008222762244 cfg1 2 1 0 0 na na
10 64470.092350305473 0.008222544816 cfg1 2 2 0 0 na na
10 64470.101350327412 0.008222351397 cfg1 2 1 0 0 na na
10 64470.121350296885 0.008221914712 cfg1 2 1 0 0 na na
10 64470.129350303985 0.008221740798 cfg1 2 2 0 0 na na
10 64470.132350297772 0.008221675651 cfg1 2 2 0 0 na na
10 64470.135350324270 0.008221610537 cfg1 2 1 0 0 na na
10 64470.148350276843 0.008221328049 cfg1 2 2 0 0 na na
10 64470.179350373865 0.008220654771 cfg1 2 1 0 0 na na
10 64470.185350282656 0.008220524355 cfg1 2 2 0 0 na na
10 64470.195350325527 0.008220297126 cfg1 2 1 0 0 na na
10 64470.214350317734 0.008219894678 cfg1 2 2 0 0 na na
10 64470.227350328740 0.008219612505 cfg1 2 2 0 0 na na
10 64470.255350309647 0.008219004693 cfg1 2 2 0 0 na na
10 64470.346350278698 0.008217040863 cfg1 2 1 0 0 na na
10 64470.396350258261 0.008215938699 cfg1 2 1 0 0 na na
10 64470.400350302565 0.008215860899 cfg1 2 1 0 0 na na
10 64470.417350286853 0.008215479875 cfg1 2 1 0 0 na na
10 64470.419350379440 0.008215447719 cfg1 2 2 0 0 na na
10 64470.474350285061 0.008214255925 cfg1 2 2 0 0 na na
10 64470.490350324440 0.008213909350 cfg1 2 2 0 0 na na
10 64470.508350301166 0.008213519529 cfg1 2 2 0 0 na na
10 64470.526350328179 0.008213129670 cfg1 2 2 0 0 na na
10 64470.537350272219 0.008212873770 cfg1 2 1 0 0 na na
10 64470.554350305257 0.008212523475 cfg1 2 2 0 0 na na
10 64470.561350329729 0.008212365856 cfg1 2 1 0 0 na na
10 64470.579350279609 0.008211982305 cfg1 2 2 0 0 na na
10 64470.590350312872 0.008211744123 cfg1 2 2 0 0 na na
10 64470.591350316959 0.008211722490 cfg1 2 2 0 0 na na
10 64470.632350268720 0.008210839195 cfg1 2 1 0 0 na na
10 64470.638350272348 0.008210705531 cfg1 2 2 0 0 na na
10 64470.644350306310 0.008210575720 cfg1 2 2 0 0 na na
10 64470.723350311572 0.008208874850 cfg1 2 1 0 0 na na
10 64470.736350248750 0.008208588204 cfg1 2 1 0 0 na na
10 64470.739350253137 0.008208521351 cfg1 2 2 0 0 na na
10 64470.802350296274 0.008207159997 cfg1 2 2 0 0 na na
10 64470.803350304645 0.008207122021 cfg1 2 1 0 0 na na
10 64470.810350295629 0.008206976498 cfg1 2 1 0 0 na na
10 64470.814350276080 0.008206884014 cfg1 2 1 0 0 na na
10 64470.816350317534 0.008206857506 cfg1 2 2 0 0 na na
10 64470.828350281173 0.008206598408 cfg1 2 2 0 0 na na
10 64470.873350288088 0.008205610964 cfg1 2 1 0 0 na na
10 64470.880350288374 0.008205475360 cfg1 2 2 0 0 na na
10 64470.903350251426 0.008204978837 cfg1 2 2 0 0 na na
10 64470.905350318084 0.008204935831 cfg1 2 1 0 0 na na
10 64470.906350252724 0.008204914100 cfg1 2 2 0 0 na na
10 64470.910350325903 0.008204827808 cfg1 2 2 0 0 na na
10 64470.965350312822 0.008203626060 cfg1 2 1 0 0 na na
10 64470.986350330363 0.008203174308 cfg1 2 1 0 0 na na
10 64471.002350345994 0.008202842797 cfg1 2 2 0 0 na na
10 64471.028350263839 0.008202268030 cfg1 2 1 0 0 na na
10 64471.043350316382 0.008201957013 cfg1 2 1 0 0 na na
10 64471.060350296643 0.008201588913 cfg1 2 1 0 0 na na
10 64471.061350315639 0.008201570594 cfg1 2 2 0 0 na na
10 64471.067350293644 0.008201428261 cfg1 2 1 0 0 na na
10 64471.076350306644 0.008201247285 cfg1 2 2 0 0 na na
10 64471.106350312034 0.008200591543 cfg1 2 1 0 0 na na
10 64471.136350310167 0.008199954372 cfg1 2 2 0 0 na na
10 64471.169350304700 0.008199243459 cfg1 2 2 0 0 na na
10 64471.176350367874 0.008199092757 cfg1 2 2 0 0 na na
10 64471.187350322104 0.008198855854 cfg1 2 2 0 0 na na
10 64471.203350326300 0.008198511501 cfg1 2 1 0 0 na na
10 64471.220350314723 0.008198147030 cfg1 2 1 0 0 na na
10 64471.226350338123 0.008198016235 cfg1 2 2 0 0 na na
10 64471.234350330346 0.008197843976 cfg1 2 2 0 0 na na
10 64471.259350389169 0.008197306002 cfg1 2 1 0 0 na na
10 64471.263350272611 0.008197219889 cfg1 2 2 0 0 na na
10 64471.273350321702 0.008197004655 cfg1 2 2 0 0 na na
10 64471.325350354382 0.008195880116 cfg1 2 1 0 0 na na
10 64471.340350315823 0.008195563320 cfg1 2 2 0 0 na na
10 64471.366350289377 0.008195004281 cfg1 2 2 0 0 na na
10 64471.375350254180 0.008194810682 cfg1 2 2 0 0 na na
10 64471.380350344124 0.008194699540 cfg1 2 1 0 0 na na
10 64471.383350311903 0.008194631140 cfg1 2 1 0 0 na na
10 64471.387350332791 0.008194551876 cfg1 2 1 0 0 na na
10 64471.402350304970 0.008194230289 cfg1 2 2 0 0 na na
10 64471.416350259416 0.008193929333 cfg1 2 2 0 0 na na
10 64471.449350305767 0.008193220268 cfg1 2 2 0 0 na na
10 64471.475350318966 0.008192645899 cfg1 2 1 0 0 na na
10 64471.493350303266 0.008192274971 cfg1 2 2 0 0 na na
10 64471.500350304836 0.008192124685 cfg1 2 2 0 0 na na
10 64471.510350320976 0.008191910004 cfg1 2 2 0 0 na na
10 64471.552350324085 0.008191008149 cfg1 2 2 0 0 na na
10 64471.555350262544 0.008190943816 cfg1 2 2 0 0 na na
10 64471.556350344200 0.008190922336 cfg1 2 2 0 0 na na
10 64471.558350262119 0.008190878392 cfg1 2 1 0 0 na na
10 64471.578350349635 0.008190450063 cfg1 2 2 0 0 na na
10 64471.582350330021 0.008190364454 cfg1 2 1 0 0 na na
10 64471.591350308370 0.008190171181 cfg1 2 2 0 0 na na
10 64471.595350286693 0.008190085213 cfg1 2 2 0 0 na na
10 64471.598350301797 0.008190020840 cfg1 2 2 0 0 na na
10 64471.636350289033 0.008189205597 cfg1 2 2 0 0 na na
10 64471.638350271855 0.008189162709 cfg1 2 2 0 0 na na
10 64471.658350321854 0.008188733625 cfg1 2 2 0 0 na na
10 64471.660350256685 0.008188690913 cfg1 2 2 0 0 na na
10 64471.673350285601 0.008188411982 cfg1 2 2 0 0 na na
10 64471.680350278102 0.008188252416 cfg1 2 1 0 0 na na
10 64471.707350312215 0.008187682956 cfg1 2 2 0 0 na na
10 64471.709350256823 0.008187640026 cfg1 2 2 0 0 na na
10 64471.714350325911 0.008187532902 cfg1 2 2 0 0 na na
10 64471.732350303387 0.008187158465 cfg1 2 1 0 0 na na
10 64471.735350308043 0.008187082833 cfg1 2 2 0 0 na na
10 64471.748350296927 0.008186804145 cfg1 2 2 0 0 na na
10 64471.760350313206 0.008186546945 cfg1 2 2 0 0 na na
10 64471.767350312664 0.008186396888 cfg1 2 2 0 0 na na
10 64471.769350276327 0.008186354228 cfg1 2 2 0 0 na na
10 64471.776350289897 0.008186204187 cfg1 2 2 0 0 na na
10 64471.780350415806 0.008186119268 cfg1 2 1 0 0 na na
10 64471.789350273644 0.008185925640 cfg1 2 2 0 0 na na
10 64471.806350304011 0.008185561552 cfg1 2 1 0 0 na na
10 64471.814350294271 0.008185390104 cfg1 2 2 0 0 na na
10 64471.817350312134 0.008185325917 cfg1 2 2 0 0 na na
10 64471.840350306570 0.008184833254 cfg1 2 2 0 0 na na
10 64471.846350260149 0.008184704806 cfg1 2 2 0 0 na na
10 64471.885350277224 0.008183869784 cfg1 2 2 0 0 na na
10 64471.890350294045 0.008183762726 cfg1 2 2 0 0 na na
10 64471.926350267771 0.008182974023 cfg1 2 1 0 0 na na
10 64471.946350314895 0.008182564340 cfg1 2 2 0 0 na na
10 64471.957350292620 0.008182328964 cfg1 2 2 0 0 na na
10 64471.959350309687 0.008182285476 cfg1 2 1 0 0 na na
10 64471.965350300354 0.008182157963 cfg1 2 2 0 0 na na
10 64471.991350319474 0.008181601735 cfg1 2 2 0 0 na na
10 64472.004350290387 0.008181323789 cfg1 2 2 0 0 na na
10 64472.012350317179 0.008181157507 cfg1 2 1 0 0 na na
10 64472.102350262325 0.008179229088 cfg1 2 2 0 0 na na
10 64472.127350295363 0.008178694920 cfg1 2 2 0 0 na na
10 64472.148350344891 0.008178246368 cfg1 2 2 0 0 na na
10 64472.153350312599 0.008178139588 cfg1 2 2 0 0 na na
10 64472.165350316903 0.008177883222 cfg1 2 2 0 0 na na
10 64472.235350348562 0.008176383164 cfg1 2 1 0 0 na na
10 64472.340350287879 0.008174142349 cfg1 2 1 0 0 na na
10 64472.344350303010 0.008174067492 cfg1 2 1 0 0 na na
10 64472.384350315518 0.008173211107 cfg1 2 2 0 0 na na
10 64472.496350267915 0.008170808857 cfg1 2 1 0 0 na na
10 64472.500350312558 0.008170728938 cfg1 2 1 0 0 na na
10 64472.509350317252 0.008170548204 cfg1 2 2 0 0 na na
10 64472.517350297043 0.008170380893 cfg1 2 1 0 0 na na
10 64472.525350262833 0.008170207591 cfg1 2 2 0 0 na na
10 64472.527350296149 0.008170169680 cfg1 2 1 0 0 na na
10 64472.551350302219 0.008169643413 cfg1 2 1 0 0 na na
10 64472.565350260387 0.008169362139 cfg1 2 1 0 0 na na
10 64472.568350274514 0.008169274872 cfg1 2 1 0 0 na na
10 64472.576350282148 0.008169122181 cfg1 2 2 0 0 na na
10 64472.662350273623 0.008167292955 cfg1 2 1 0 0 na na
10 64472.663350267130 0.008167254794 cfg1 2 1 0 0 na na
10 64472.667350273662 0.008167186556 cfg1 2 2 0 0 na na
10 64472.692350262723 0.008166644220 cfg1 2 1 0 0 na na
10 64472.714350278627 0.008166174144 cfg1 2 1 0 0 na na
10 64472.783350288260 0.008164721404 cfg1 2 2 0 0 na na
10 64472.834350284774 0.008163638502 cfg1 2 2 0 0 na na
10 64472.855350295171 0.008163192628 cfg1 2 2 0 0 na na
10 64472.886350306479 0.008162534803 cfg1 2 1 0 0 na na
10 64472.903350286735 0.008162183455 cfg1 2 1 0 0 na na
10 64472.997350326174 0.008160180226 cfg1 2 2 0 0 na na
10 64473.002350329829 0.008160059972 cfg1 2 1 0 0 na na
10 64473.020350342911 0.008159692658 cfg1 2 2 0 0 na na
10 64473.055350273211 0.008158947976 cfg1 2 1 0 0 na na
10 64473.115350316586 0.008157679945 cfg1 2 1 0 0 na na
10 64473.124350284779 0.008157489302 cfg1 2 2 0 0 na na
10 64473.131350333162 0.008157325078 cfg1 2 1 0 0 na na
10 64473.148350307706 0.008156974985 cfg1 2 1 0 0 na na
10 64473.198350283445 0.008155922698 cfg1 2 2 0 0 na na
10 64473.201350332707 0.008155843206 cfg1 2 1 0 0 na na
10 64473.219350249431 0.008155489229 cfg1 2 1 0 0 na na
10 64473.252350280593 0.008154785813 cfg1 2 1 0 0 na na
10 64473.302350305089 0.008153730122 cfg1 2 1 0 0 na na
10 64473.304350281529 0.008153665008 cfg1 2 1 0 0 na na
10 64473.307350272642 0.008153616916 cfg1 2 2 0 0 na na
10 64473.340350304765 0.008152919304 cfg1 2 2 0 0 na na
10 64473.351350297149 0.008152676322 cfg1 2 1 0 0 na na
10 64473.470350325213 0.008150173036 cfg1 2 2 0 0 na na
10 64473.492350287301 0.008149713493 cfg1 2 1 0 0 na na
10 64473.526350278912 0.008148991040 cfg1 2 2 0 0 na na
10 64473.556350319409 0.008148366391 cfg1 2 1 0 0 na na
10 64473.596350313045 0.008147514382 cfg1 2 1 0 0 na na
10 64473.615350317159 0.008147113601 cfg1 2 2 0 0 na na
10 64473.620350250352 0.008147008216 cfg1 2 2 0 0 na na
10 64473.664350302025 0.008146080701 cfg1 2 2 0 0 na na
10 64473.672350295602 0.008145895892 cfg1 2 1 0 0 na na
10 64473.701350276383 0.008145292916 cfg1 2 1 0 0 na na
10 64473.754350336758 0.008144184523 cfg1 2 2 0 0 na na
10 64473.762350261783 0.008144000150 cfg1 2 1 0 0 na na
10 64473.765350306342 0.008143952914 cfg1 2 2 0 0 na na
10 64473.777350281034 0.008143700182 cfg1 2 2 0 0 na na
10 64473.828350302090 0.008142626688 cfg1 2 1 0 0 na na
10 64473.834350301818 0.008142500402 cfg1 2 1 0 0 na na
10 64473.840350367021 0.008142374072 cfg1 2 2 0 0 na na
10 64473.841350363334 0.008142353040 cfg1 2 2 0 0 na na
10 64473.844350284772 0.008142289837 cfg1 2 2 0 0 na na
10 64473.845350307998 0.008142268890 cfg1 2 2 0 0 na na
10 64473.904350285993 0.008141027638 cfg1 2 2 0 0 na na
10 64473.905350292331 0.008141006579 cfg1 2 2 0 0 na na
10 64473.913350273104 0.008140838450 cfg1 2 1 0 0 na na
10 64473.917350265639 0.008140754205 cfg1 2 2 0 0 na na
10 64473.976350295612 0.008139523965 cfg1 2 1 0 0 na na
10 64473.987350301882 0.008139282610 cfg1 2 2 0 0 na na
10 64474.042350324170 0.008138133498 cfg1 2 1 0 0 na na
10 64474.049350265501 0.008137961482 cfg1 2 1 0 0 na na
10 64474.076350281493 0.008137417897 cfg1 2 1 0 0 na na
10 64474.103350251393 0.008136850607 cfg1 2 1 0 0 na na
10 64474.105350259171 0.008136787870 cfg1 2 1 0 0 na na
10 64474.126350272357 0.008136366061 cfg1 2 1 0 0 na na
10 64474.175350325574 0.008135334871 cfg1 2 2 0 0 na na
10 64474.182350317842 0.008135187948 cfg1 2 2 0 0 na na
10 64474.200350310578 0.008134810358 cfg1 2 2 0 0 na na
10 64474.213350273815 0.008134537651 cfg1 2 2 0 0 na na
10 64474.230350241216 0.008134185862 cfg1 2 1 0 0 na na
10 64474.244350243091 0.008133896854 cfg1 2 1 0 0 na na
10 64474.254350277754 0.008133677848 cfg1 2 2 0 0 na na
10 64474.307350284771 0.008132566956 cfg1 2 2 0 0 na na
10 64474.345350342888 0.008131776708 cfg1 2 1 0 0 na na
10 64474.346350262662 0.008131734126 cfg1 2 1 0 0 na na
10 64474.376350278826 0.008131121364 cfg1 2 2 0 0 na na
10 64474.432350340935 0.008129949990 cfg1 2 1 0 0 na na
10 64474.457350290090 0.008129425553 cfg1 2 2 0 0 na na
10 64474.460350276339 0.008129362781 cfg1 2 2 0 0 na na
10 64474.475350280179 0.008129048816 cfg1 2 2 0 0 na na
10 64474.502350327285 0.008128468294 cfg1 2 1 0 0 na na
10 64474.504350287381 0.008128432316 cfg1 2 1 0 0 na na
10 64474.552350292690 0.008127428247 cfg1 2 1 0 0 na na
10 64474.559350313747 0.008127291773 cfg1 2 2 0 0 na na
10 64474.594350295091 0.008126546999 cfg1 2 1 0 0 na na
10 64474.602350273829 0.008126392968 cfg1 2 1 0 0 na na
10 64474.617350326307 0.008126088841 cfg1 2 1 0 0 na na
10 64474.654350340872 0.008125306282 cfg1 2 2 0 0 na na
10 64474.658350327524 0.008125232780 cfg1 2 1 0 0 na na
10 64474.679350327224 0.008124783999 cfg1 2 2 0 0 na na
10 64474.699350307743 0.008124366481 cfg1 2 1 0 0 na na
10 64474.707350304160 0.008124199301 cfg1 2 2 0 0 na na
10 64474.738350325334 0.008123552058 cfg1 2 2 0 0 na na
10 64474.741350301038 0.008123489482 cfg1 2 1 0 0 na na
10 64474.749350339003 0.008123322379 cfg1 2 2 0 0 na na
10 64474.755350278103 0.008123197228 cfg1 2 1 0 0 na na
10 64474.756350323120 0.008123170866 cfg1 2 1 0 0 na na
10 64474.775350303721 0.008122779748 cfg1 2 2 0 0 na na
10 64474.814350312279 0.008121966018 cfg1 2 2 0 0 na na
10 64474.823350315848 0.008121778287 cfg1 2 2 0 0 na na
10 64474.850350312104 0.008121215146 cfg1 2 2 0 0 na na
10 64474.857350319270 0.008121055819 cfg1 2 1 0 0 na na
10 64474.881350306048 0.008120568752 cfg1 2 1 0 0 na na
10 64474.888350307998 0.008120422732 cfg1 2 2 0 0 na na
10 64474.898350291446 0.008120214301 cfg1 2 2 0 0 na na
10 64474.938350303917 0.008119380718 cfg1 2 1 0 0 na na
10 64474.939350306930 0.008119359800 cfg1 2 2 0 0 na na
10 64474.940350330520 0.008119338935 cfg1 2 2 0 0 na na
10 64474.941350277113 0.008119318141 cfg1 2 2 0 0 na na
10 64474.949350303752 0.008119151442 cfg1 2 2 0 0 na na
10 64474.951350301276 0.008119109806 cfg1 2 2 0 0 na na
10 64474.987350272415 0.008118341851 cfg1 2 1 0 0 na na
10 64474.990350300183 0.008118297318 cfg1 2 2 0 0 na na
10 64474.991350322673 0.008118276507 cfg1 2 2 0 0 na na
10 64474.997350267005 0.008118151517 cfg1 2 2 0 0 na na
10 64475.004350300734 0.008117992750 cfg1 2 1 0 0 na na
10 64475.012350269455 0.008117839167 cfg1 2 2 0 0 na na
10 64475.020350334100 0.008117672541 cfg1 2 2 0 0 na na
10 64475.039350296503 0.008117276881 cfg1 2 2 0 0 na na
10 64475.049350303359 0.008117068792 cfg1 2 2 0 0 na na
10 64475.074350272366 0.008116548441 cfg1 2 2 0 0 na na
10 64475.149350316232 0.008114997762 cfg1 2 1 0 0 na na
10 64475.170350350828 0.008114549345 cfg1 2 1 0 0 na na
10 64475.184350315656 0.008114253677 cfg1 2 1 0 0 na na
10 64475.205350273747 0.008113823687 cfg1 2 1 0 0 na na
10 64475.247350318287 0.008112950800 cfg1 2 1 0 0 na na
10 64475.256350323790 0.008112763671 cfg1 2 2 0 0 na na
10 64475.259350272588 0.008112701330 cfg1 2 2 0 0 na na
10 64475.277350282842 0.008112327383 cfg1 2 2 0 0 na na
10 64475.293350287336 0.008111994964 cfg1 2 2 0 0 na na
10 64475.302350289513 0.008111808015 cfg1 2 2 0 0 na na
10 64475.337350332049 0.008111081221 cfg1 2 2 0 0 na na
10 64475.340350304260 0.008111019029 cfg1 2 2 0 0 na na
10 64475.360350253970 0.008110603801 cfg1 2 2 0 0 na na
10 64475.419350343478 0.008109379313 cfg1 2 2 0 0 na na
10 64475.422350292734 0.008109317061 cfg1 2 2 0 0 na na
10 64475.455350338812 0.008108615427 cfg1 2 1 0 0 na na
10 64475.466350292902 0.008108411199 cfg1 2 1 0 0 na na
10 64475.491350298498 0.008107882738 cfg1 2 1 0 0 na na
10 64475.495350284040 0.008107788355 cfg1 2 1 0 0 na na
10 64475.543350245259 0.008106806567 cfg1 2 1 0 0 na na
10 64475.556350305169 0.008106532805 cfg1 2 1 0 0 na na
10 64475.566350293041 0.008106324905 cfg1 2 1 0 0 na na
10 64475.617350258873 0.008105275012 cfg1 2 2 0 0 na na
10 64475.637350333942 0.008104860908 cfg1 2 2 0 0 na na
10 64475.648350271661 0.008104633230 cfg1 2 1 0 0 na na
10 64475.659350286537 0.008104405368 cfg1 2 2 0 0 na na
10 64475.684350252269 0.008103887935 cfg1 2 2 0 0 na na
10 64475.703350303833 0.008103494652 cfg1 2 2 0 0 na na
10 64475.724350265388 0.008103060202 cfg1 2 2 0 0 na na
10 64475.767350326802 0.008102172963 cfg1 2 1 0 0 na na
10 64475.769350264783 0.008102112118 cfg1 2 1 0 0 na na
10 64475.779350280511 0.008101922539 cfg1 2 2 0 0 na na
10 64475.788350317226 0.008101736400 cfg1 2 2 0 0 na na
10 64475.791350253981 0.008101674964 cfg1 2 1 0 0 na na
10 64475.836350272354 0.008100744143 cfg1 2 2 0 0 na na
10 64475.839350258313 0.008100682139 cfg1 2 2 0 0 na na
10 64475.862350327309 0.008100206819 cfg1 2 2 0 0 na na
10 64475.863350262180 0.008100186144 cfg1 2 2 0 0 na na
10 64475.879350282178 0.008099855614 cfg1 2 2 0 0 na na
10 64475.889350306048 0.008099648936 cfg1 2 2 0 0 na na
10 64475.893350282980 0.008099558669 cfg1 2 1 0 0 na na
10 64475.897350316698 0.008099483684 cfg1 2 2 0 0 na na
10 64475.904350283829 0.008099339022 cfg1 2 2 0 0 na na
10 64475.967350263321 0.008098038137 cfg1 2 2 0 0 na na
10 64475.968350297786 0.008098017466 cfg1 2 2 0 0 na na
10 64475.981350290887 0.008097749181 cfg1 2 2 0 0 na na
10 64475.983350301505 0.008097707874 cfg1 2 2 0 0 na na
10 64475.995350309176 0.008097460201 cfg1 2 2 0 0 na na
10 64476.004350258905 0.008097274510 cfg1 2 2 0 0 na na
10 64476.007350335847 0.008097212596 cfg1 2 2 0 0 na na
10 64476.013350298446 0.008097088729 cfg1 2 2 0 0 na na
10 64476.050350264260 0.008096325377 cfg1 2 2 0 0 na na
10 64476.055350293922 0.008096222355 cfg1 2 2 0 0 na na
10 64476.074350300501 0.008095830386 cfg1 2 2 0 0 na na
10 64476.075350257233 0.008095799675 cfg1 2 1 0 0 na na
10 64476.082350317856 0.008095665386 cfg1 2 2 0 0 na na
10 64476.091350331896 0.008095479774 cfg1 2 2 0 0 na na
10 64476.145350334167 0.008094362921 cfg1 2 1 0 0 na na
10 64476.170350315192 0.008093851414 cfg1 2 2 0 0 na na
10 64476.183350292978 0.008093583569 cfg1 2 2 0 0 na na
10 64476.204350302728 0.008093151009 cfg1 2 2 0 0 na na
10 64476.221350291612 0.008092800781 cfg1 2 2 0 0 na na
10 64476.234350290675 0.008092533110 cfg1 2 2 0 0 na na
10 64476.303350282662 0.008091112647 cfg1 2 2 0 0 na na
10 64476.307350365845 0.008091030276 cfg1 2 2 0 0 na na
10 64476.352350249980 0.008090104358 cfg1 2 2 0 0 na na
10 64476.362350246610 0.008089900282 cfg1 2 1 0 0 na na
10 64476.393350270720 0.008089261198 cfg1 2 2 0 0 na na
10 64476.394350252415 0.008089240637 cfg1 2 2 0 0 na na
10 64476.436350292403 0.008088377216 cfg1 2 2 0 0 na na
10 64476.438350314440 0.008088336084 cfg1 2 2 0 0 na na
10 64476.443350275127 0.008088233277 cfg1 2 2 0 0 na na
10 64476.444350335859 0.008088212736 cfg1 2 2 0 0 na na
10 64476.445350302048 0.008088192201 cfg1 2 2 0 0 na na
10 64476.447350286294 0.008088151157 cfg1 2 2 0 0 na na
10 64476.448350324872 0.008088130514 cfg1 2 2 0 0 na na
10 64476.451350285536 0.008088068879 cfg1 2 2 0 0 na na
10 64476.466350266185 0.008087768125 cfg1 2 1 0 0 na na
10 64476.497350347687 0.008087123726 cfg1 2 2 0 0 na na
10 64476.503350289814 0.008087000513 cfg1 2 2 0 0 na na
10 64476.517350277691 0.008086712909 cfg1 2 2 0 0 na na
10 64476.579350283387 0.008085439984 cfg1 2 1 0 0 na na
10 64476.596350315475 0.008085083795 cfg1 2 1 0 0 na na
10 64476.620350260267 0.008084591722 cfg1 2 1 0 0 na na
10 64476.632350373370 0.008084352238 cfg1 2 1 0 0 na na
10 64476.636350318589 0.008084270089 cfg1 2 2 0 0 na na
10 64476.640350277246 0.008084188026 cfg1 2 2 0 0 na na
10 64476.665350291097 0.008083675187 cfg1 2 2 0 0 na na
10 64476.717350309251 0.008082608875 cfg1 2 2 0 0 na na
10 64476.736350287776 0.008082220735 cfg1 2 1 0 0 na na
10 64476.740350270864 0.008082137411 cfg1 2 2 0 0 na na
10 64476.758350300940 0.008081768538 cfg1 2 2 0 0 na na
10 64476.759350304870 0.008081748032 cfg1 2 2 0 0 na na
10 64476.772350311006 0.008081481621 cfg1 2 2 0 0 na na
10 64476.795350319582 0.008081010319 cfg1 2 2 0 0 na na
10 64476.813350384582 0.008080641687 cfg1 2 2 0 0 na na
10 64476.817350320416 0.008080560350 cfg1 2 1 0 0 na na
10 64476.818350292037 0.008080539356 cfg1 2 1 0 0 na na
10 64476.845350250968 0.008079986406 cfg1 2 1 0 0 na na
10 64476.856350294622 0.008079761088 cfg1 2 2 0 0 na na
10 64476.871350284498 0.008079454009 cfg1 2 2 0 0 na na
10 64476.890350275240 0.008079065147 cfg1 2 2 0 0 na na
10 64476.892350325236 0.008079013445 cfg1 2 1 0 0 na na
10 64476.917350300128 0.008078523234 cfg1 2 1 0 0 na na
10 64476.949350321624 0.008077857821 cfg1 2 2 0 0 na na
10 64476.953350300046 0.008077766034 cfg1 2 1 0 0 na na
10 64476.954350275602 0.008077755481 cfg1 2 2 0 0 na na
10 64476.965350262883 0.008077530551 cfg1 2 2 0 0 na na
10 64476.977350271071 0.008077285156 cfg1 2 2 0 0 na na
10 64476.978350260137 0.008077264699 cfg1 2 2 0 0 na na
10 64476.981350303446 0.008077203395 cfg1 2 1 0 0 na na
10 64476.999350267667 0.008076835199 cfg1 2 2 0 0 na na
10 64477.009350286801 0.008076630851 cfg1 2 1 0 0 na na
10 64477.031350279896 0.008076175341 cfg1 2 1 0 0 na na
10 64477.045350291209 0.008075894346 cfg1 2 2 0 0 na na
10 64477.055350285836 0.008075690522 cfg1 2 2 0 0 na na
10 64477.160350284758 0.008073545715 cfg1 2 2 0 0 na na
10 64477.163350262252 0.008073469814 cfg1 2 1 0 0 na na
10 64477.191350296393 0.008072911124 cfg1 2 1 0 0 na na
10 64477.196350262196 0.008072794521 cfg1 2 1 0 0 na na
10 64477.197350308808 0.008072790559 cfg1 2 2 0 0 na na
10 64477.289350365661 0.008070918331 cfg1 2 1 0 0 na na
10 64477.291350250646 0.008070872824 cfg1 2 2 0 0 na na
10 64477.303350270199 0.008070628277 cfg1 2 2 0 0 na na
10 64477.335350299820 0.008069975859 cfg1 2 2 0 0 na na
10 64477.363350283717 0.008069405201 cfg1 2 2 0 0 na na
10 64477.377350293822 0.008069119953 cfg1 2 2 0 0 na na
10 64477.394350302473 0.008068768399 cfg1 2 1 0 0 na na
10 64477.409350289991 0.008068468056 cfg1 2 2 0 0 na na
10 64477.425350354650 0.008068142176 cfg1 2 2 0 0 na na
10 64477.428350323233 0.008068081131 cfg1 2 2 0 0 na na
10 64477.432350345437 0.008067999707 cfg1 2 2 0 0 na na
10 64477.436350284697 0.008067918230 cfg1 2 2 0 0 na na
10 64477.443350302011 0.008067775649 cfg1 2 2 0 0 na na
10 64477.479350273104 0.008067042685 cfg1 2 2 0 0 na na
10 64477.485350271794 0.008066920725 cfg1 2 1 0 0 na na
10 64477.511350256841 0.008066387733 cfg1 2 1 0 0 na na
10 64477.518350362404 0.008066255652 cfg1 2 1 0 0 na na
10 64477.531350301850 0.008065984541 cfg1 2 2 0 0 na na
10 64477.556350302944 0.008065473457 cfg1 2 1 0 0 na na
10 64477.558350334713 0.008065435230 cfg1 2 2 0 0 na na
10 64477.575350279230 0.008065089550 cfg1 2 2 0 0 na na
10 64477.667350287499 0.008063219462 cfg1 2 2 0 0 na na
10 64477.688350322846 0.008062792776 cfg1 2 2 0 0 na na
10 64477.694350263745 0.008062653010 cfg1 2 1 0 0 na na
10 64477.722350317623 0.008062089510 cfg1 2 1 0 0 na na
10 64477.733350307224 0.008061878756 cfg1 2 2 0 0 na na
10 64477.756350277438 0.008061411799 cfg1 2 2 0 0 na na
10 64477.773350314526 0.008061066716 cfg1 2 2 0 0 na na
10 64477.783350281983 0.008060863647 cfg1 2 2 0 0 na na
10 64477.789350253121 0.008060742003 cfg1 2 2 0 0 na na
10 64477.802350308849 0.008060478066 cfg1 2 2 0 0 na na
10 64477.817350327196 0.008060173699 cfg1 2 2 0 0 na na
10 64477.823350280838 0.008060051915 cfg1 2 2 0 0 na na
10 64477.852350338627 0.008059463643 cfg1 2 2 0 0 na na
10 64477.889350304124 0.008058713410 cfg1 2 2 0 0 na na
10 64477.893350280513 0.008058632253 cfg1 2 2 0 0 na na
10 64477.914350299854 0.008058199966 cfg1 2 1 0 0 na na
10 64477.951350293714 0.008057456551 cfg1 2 2 0 0 na na
10 64477.971350291378 0.008057036439 cfg1 2 1 0 0 na na
10 64478.009350293409 0.008056282241 cfg1 2 1 0 0 na na
10 64478.024350315404 0.008055979678 cfg1 2 1 0 0 na na
10 64478.082350297606 0.008054810205 cfg1 2 1 0 0 na na
10 64478.102350289922 0.008054398873 cfg1 2 2 0 0 na na
10 64478.129350276030 0.008053837371 cfg1 2 1 0 0 na na
10 64478.189350319543 0.008052639153 cfg1 2 2 0 0 na na
10 64478.195350343316 0.008052517867 cfg1 2 2 0 0 na na
10 64478.236350311094 0.008051680858 cfg1 2 1 0 0 na na
10 64478.252350309271 0.008051365773 cfg1 2 2 0 0 na na
10 64478.298350313621 0.008050434173 cfg1 2 1 0 0 na na
10 64478.304350302348 0.008050305853 cfg1 2 1 0 0 na na
10 64478.326350295785 0.008049871061 cfg1 2 2 0 0 na na
10 64478.341350299337 0.008049568182 cfg1 2 2 0 0 na na
10 64478.355350351494 0.008049285561 cfg1 2 2 0 0 na na
10 64478.404350298435 0.008048284011 cfg1 2 1 0 0 na na
10 64478.417350288370 0.008048034329 cfg1 2 2 0 0 na na
10 64478.425350255558 0.008047875249 cfg1 2 1 0 0 na na
10 64478.426350313391 0.008047852806 cfg1 2 2 0 0 na na
10 64478.435350335219 0.008047671352 cfg1 2 1 0 0 na na
10 64478.445350292447 0.008047457206 cfg1 2 1 0 0 na na
10 64478.490350287174 0.008046562180 cfg1 2 2 0 0 na na
10 64478.506350334911 0.008046239620 cfg1 2 2 0 0 na na
10 64478.538350248962 0.008045593041 cfg1 2 1 0 0 na na
10 64478.547350297831 0.008045398406 cfg1 2 1 0 0 na na
10 64478.551350297620 0.008045332773 cfg1 2 2 0 0 na na
10 64478.577350247870 0.008044809027 cfg1 2 1 0 0 na na
10 64478.586350299001 0.008044632056 cfg1 2 1 0 0 na na
10 64478.603350299237 0.008044285346 cfg1 2 2 0 0 na na
10 64478.609350301140 0.008044164550 cfg1 2 1 0 0 na na
10 64478.622350295502 0.008043913413 cfg1 2 1 0 0 na na
10 64478.625350261810 0.008043842282 cfg1 2 2 0 0 na na
10 64478.665350271986 0.008043023657 cfg1 2 1 0 0 na na
10 64478.679350322739 0.008042755329 cfg1 2 2 0 0 na na
10 64478.681350383964 0.008042715143 cfg1 2 2 0 0 na na
10 64478.688350294852 0.008042574249 cfg1 2 2 0 0 na na
10 64478.690350313401 0.008042534006 cfg1 2 2 0 0 na na
10 64478.695350269647 0.008042433366 cfg1 2 2 0 0 na na
10 64478.720350316986 0.008041930543 cfg1 2 1 0 0 na na
10 64478.757350309517 0.008041185783 cfg1 2 2 0 0 na na
10 64478.815350330151 0.008040006007 cfg1 2 1 0 0 na na
10 64478.824350276583 0.008039839392 cfg1 2 2 0 0 na na
10 64478.855350310859 0.008039207969 cfg1 2 1 0 0 na na
10 64478.884350305221 0.008038634071 cfg1 2 2 0 0 na na
10 64478.900350310371 0.008038312757 cfg1 2 2 0 0 na na
10 64478.908350322457 0.008038150845 cfg1 2 1 0 0 na na
10 64478.939350264640 0.008037512126 cfg1 2 1 0 0 na na
10 64478.949350340275 0.008037330064 cfg1 2 1 0 0 na na
10 64479.020350340105 0.008035904434 cfg1 2 2 0 0 na na
10 64479.065350365020 0.008035001066 cfg1 2 1 0 0 na na
10 64479.092350323142 0.008034460956 cfg1 2 2 0 0 na na
10 64479.094350318575 0.008034420757 cfg1 2 2 0 0 na na
10 64479.116350319707 0.008033979889 cfg1 2 2 0 0 na na
10 64479.122350328194 0.008033860096 cfg1 2 1 0 0 na na
10 64479.123350345736 0.008033839561 cfg1 2 2 0 0 na na
10 64479.126350323611 0.008033779463 cfg1 2 2 0 0 na na
10 64479.146350273708 0.008033378745 cfg1 2 2 0 0 na na
10 64479.189350327133 0.008032502561 cfg1 2 1 0 0 na na
10 64479.213350317644 0.008032047928 cfg1 2 1 0 0 na na
10 64479.240350319631 0.008031497791 cfg1 2 1 0 0 na na
10 64479.243350289023 0.008031438603 cfg1 2 1 0 0 na na
10 64479.261350327893 0.008031076217 cfg1 2 1 0 0 na na
10 64479.302350341771 0.008030255978 cfg1 2 1 0 0 na na
10 64479.423350278201 0.008027837262 cfg1 2 1 0 0 na na
10 64479.432350280728 0.008027657295 cfg1 2 1 0 0 na na
10 64479.447350255514 0.008027351330 cfg1 2 1 0 0 na na
10 64479.451350298519 0.008027287025 cfg1 2 1 0 0 na na
10 64479.469350278317 0.008026906801 cfg1 2 1 0 0 na na
10 64479.483350263392 0.008026623532 cfg1 2 1 0 0 na na
10 64479.515350322912 0.008025999787 cfg1 2 1 0 0 na na
10 64479.542350295881 0.008025461578 cfg1 2 1 0 0 na na
10 64479.550350333321 0.008025301354 cfg1 2 1 0 0 na na
10 64479.581350268655 0.008024682892 cfg1 2 1 0 0 na na
10 64479.648350271850 0.008023346777 cfg1 2 1 0 0 na na
10 64479.655350256111 0.008023200560 cfg1 2 1 0 0 na na
10 64479.679350257319 0.008022725214 cfg1 2 1 0 0 na na
10 64479.704350288760 0.008022230707 cfg1 2 1 0 0 na na
10 64479.708350357429 0.008022151049 cfg1 2 1 0 0 na na
10 64479.823350324128 0.008019845310 cfg1 2 1 0 0 na na
10 64479.862350336791 0.008019085063 cfg1 2 1 0 0 na na
10 64479.897350270991 0.008018376915 cfg1 2 1 0 0 na na
10 64479.900350273983 0.008018329265 cfg1 2 2 0 0 na na
10 64479.934350274320 0.008017639483 cfg1 2 1 0 0 na na
10 64479.983350252141 0.008016674850 cfg1 2 1 0 0 na na
10 64479.992350288750 0.008016500581 cfg1 2 1 0 0 na na
10 64480.008350294000 0.008016192662 cfg1 2 1 0 0 na na
10 64480.041350290659 0.008015527350 cfg1 2 1 0 0 na na
10 64480.052350303992 0.008015310463 cfg1 2 1 0 0 na na
10 64480.056350261306 0.008015229436 cfg1 2 1 0 0 na na
10 64480.069350309213 0.008014971476 cfg1 2 1 0 0 na na
10 64480.099350349590 0.008014383927 cfg1 2 1 0 0 na na
10 64480.125350273645 0.008013842897 cfg1 2 1 0 0 na na
10 64480.129350277638 0.008013761399 cfg1 2 1 0 0 na na
10 64480.132350336934 0.008013721064 cfg1 2 1 0 0 na na
10 64480.186350292131 0.008012649938 cfg1 2 1 0 0 na na
10 64480.220350355425 0.008011975812 cfg1 2 1 0 0 na na
10 64480.233350311560 0.008011718079 cfg1 2 1 0 0 na na
10 64480.235350307181 0.008011678494 cfg1 2 1 0 0 na na
10 64480.239350276316 0.008011580096 cfg1 2 1 0 0 na na
10 64480.265350272517 0.008011083917 cfg1 2 1 0 0 na na
10 64480.276350267236 0.008010865974 cfg1 2 1 0 0 na na
10 64480.315350294008 0.008010093519 cfg1 2 1 0 0 na na
10 64480.327350308124 0.008009855863 cfg1 2 1 0 0 na na
10 64480.363350302462 0.008009143075 cfg1 2 1 0 0 na na
10 64480.391350277756 0.008008588841 cfg1 2 1 0 0 na na
10 64480.445350281139 0.008007520493 cfg1 2 1 0 0 na na
10 64480.454350254777 0.008007342490 cfg1 2 1 0 0 na na
10 64480.467350283871 0.008007085470 cfg1 2 1 0 0 na na
10 64480.475350347980 0.008006927271 cfg1 2 1 0 0 na na
10 64480.482350306972 0.008006788802 cfg1 2 1 0 0 na na
10 64480.509350318615 0.008006245515 cfg1 2 1 0 0 na na
10 64480.534350272536 0.008005751029 cfg1 2 1 0 0 na na
10 64480.668350242720 0.008003109121 cfg1 2 1 0 0 na na
10 64480.774350261557 0.008000995302 cfg1 2 1 0 0 na na
10 64480.820350288580 0.008000098384 cfg1 2 1 0 0 na na
10 64480.822350360861 0.008000056837 cfg1 2 1 0 0 na na
10 64480.892350299400 0.007998677925 cfg1 2 1 0 0 na na
10 64481.012350318306 0.007996309269 cfg1 2 1 0 0 na na
10 64481.057350316764 0.007995423311 cfg1 2 1 0 0 na na
10 64481.083350293687 0.007994925644 cfg1 2 1 0 0 na na
10 64481.128350291726 0.007994030954 cfg1 2 1 0 0 na na
10 64481.270350296245 0.007991233505 cfg1 2 1 0 0 na na
10 64481.272350338928 0.007991218655 cfg1 2 1 0 0 na na
10 64481.283350265512 0.007990976331 cfg1 2 1 0 0 na na
10 64481.460350344675 0.007987546050 cfg1 2 1 0 0 na na
10 64481.476350285022 0.007987232826 cfg1 2 1 0 0 na na
10 64481.483350266496 0.007987057302 cfg1 2 1 0 0 na na
10 64481.489350301144 0.007986978313 cfg1 2 1 0 0 na na
10 64481.509350301378 0.007986586860 cfg1 2 1 0 0 na na
10 64481.529350286415 0.007986195582 cfg1 2 1 0 0 na na
10 64481.538350358935 0.007986019425 cfg1 2 1 0 0 na na
10 64481.540350252771 0.007985954320 cfg1 2 1 0 0 na na
10 64481.550350298861 0.007985761241 cfg1 2 1 0 0 na na
10 64481.567350300732 0.007985439088 cfg1 2 1 0 0 na na
10 64481.609350288327 0.007984615743 cfg1 2 1 0 0 na na
10 64481.698350284141 0.007982853401 cfg1 2 1 0 0 na na
10 64481.798350261830 0.007980908757 cfg1 2 1 0 0 na na
10 64481.838350319617 0.007980127381 cfg1 2 1 0 0 na na
10 64481.856350260927 0.007979774068 cfg1 2 1 0 0 na na
10 64481.889350243877 0.007979147976 cfg1 2 1 0 0 na na
10 64481.919350310989 0.007978550484 cfg1 2 1 0 0 na na
10 64482.111350260957 0.007974811140 cfg1 2 1 0 0 na na
10 64482.295350288175 0.007971241533 cfg1 2 1 0 0 na na
10 64482.385350312758 0.007969520255 cfg1 2 1 0 0 na na
10 64482.386350286901 0.007969500790 cfg1 2 1 0 0 na na
10 64482.424350279206 0.007968734788 cfg1 2 1 0 0 na na
10 64482.485350266917 0.007967581672 cfg1 2 1 0 0 na na
10 64482.488350250541 0.007967523496 cfg1 2 1 0 0 na na
10 64482.501350265692 0.007967236470 cfg1 2 1 0 0 na na
10 64482.529350250499 0.007966706176 cfg1 2 1 0 0 na na
10 64482.555350262996 0.007966225763 cfg1 2 1 0 0 na na
10 64482.568350289879 0.007965974129 cfg1 2 1 0 0 na na
10 64482.607350293371 0.007965219375 cfg1 2 1 0 0 na na
10 64482.696350293124 0.007963497824 cfg1 2 1 0 0 na na
10 64482.700350352196 0.007963406766 cfg1 2 1 0 0 na na
10 64482.703350289385 0.007963362484 cfg1 2 1 0 0 na na
10 64482.715350273282 0.007963130508 cfg1 2 1 0 0 na na
10 64482.731350296141 0.007962807610 cfg1 2 1 0 0 na na
10 64482.746350281913 0.007962531343 cfg1 2 1 0 0 na na
10 64482.780350321741 0.007961850153 cfg1 2 1 0 0 na na
10 64482.787350322507 0.007961724558 cfg1 2 1 0 0 na na
10 64482.850350385908 0.007960522779 cfg1 2 1 0 0 na na
10 64482.877350264864 0.007960001689 cfg1 2 1 0 0 na na
10 64482.889350284770 0.007959770161 cfg1 2 1 0 0 na na
10 64482.890350296946 0.007959750803 cfg1 2 1 0 0 na na
10 64482.911350282513 0.007959317826 cfg1 2 1 0 0 na na
10 64482.913350330991 0.007959283195 cfg1 2 1 0 0 na na
10 64482.940350259444 0.007958757350 cfg1 2 1 0 0 na na
10 64482.941350346330 0.007958767074 cfg1 2 1 0 0 na na
10 64482.955350268336 0.007958497184 cfg1 2 1 0 0 na na
10 64482.956350318702 0.007958477918 cfg1 2 1 0 0 na na
10 64482.971350253654 0.007958188614 cfg1 2 1 0 0 na na
10 64482.973350290819 0.007958150072 cfg1 2 1 0 0 na na
10 64482.990350291885 0.007957822423 cfg1 2 1 0 0 na na
10 64483.015350291449 0.007957340556 cfg1 2 1 0 0 na na
10 64483.022350279057 0.007957205782 cfg1 2 1 0 0 na na
10 64483.054350345775 0.007956589197 cfg1 2 1 0 0 na na
10 64483.063350266932 0.007956415810 cfg1 2 1 0 0 na na
10 64483.087350343916 0.007955916312 cfg1 2 1 0 0 na na
10 64483.091350277872 0.007955876674 cfg1 2 1 0 0 na na
10 64483.097350299083 0.007955761107 cfg1 2 1 0 0 na na
10 64483.113350330781 0.007955441649 cfg1 2 1 0 0 na na
10 64483.114350295345 0.007955401935 cfg1 2 1 0 0 na na
10 64483.161350277971 0.007954529332 cfg1 2 1 0 0 na na
10 64483.197350318838 0.007953836834 cfg1 2 1 0 0 na na
10 64483.200350284292 0.007953779095 cfg1 2 1 0 0 na na
10 64483.204350336897 0.007953702203 cfg1 2 1 0 0 na na
10 64483.217350285457 0.007953452216 cfg1 2 1 0 0 na na
10 64483.223350261935 0.007953300135 cfg1 2 1 0 0 na na
10 64483.236350323435 0.007953086832 cfg1 2 1 0 0 na na
10 64483.256350293990 0.007952702385 cfg1 2 1 0 0 na na
10 64483.271350275918 0.007952384302 cfg1 2 1 0 0 na na
10 64483.277350325724 0.007952267609 cfg1 2 1 0 0 na na
10 64483.280350311617 0.007952241141 cfg1 2 1 0 0 na na
10 64483.296350325616 0.007951933681 cfg1 2 1 0 0 na na
10 64483.303350310890 0.007951799210 cfg1 2 1 0 0 na na
10 64483.317350321625 0.007951519883 cfg1 2 1 0 0 na na
10 64483.356350260760 0.007950781274 cfg1 2 1 0 0 na na
10 64483.373350329238 0.007950454903 cfg1 2 1 0 0 na na
10 64483.378350305098 0.007950358878 cfg1 2 1 0 0 na na
10 64483.380350292656 0.007950320504 cfg1 2 1 0 0 na na
10 64483.398350295283 0.007949974966 cfg1 2 1 0 0 na na
10 64483.401350336329 0.007949917380 cfg1 2 1 0 0 na na
10 64483.437350270382 0.007949226512 cfg1 2 1 0 0 na na
10 64483.438350274984 0.007949207604 cfg1 2 1 0 0 na na
10 64483.443350252057 0.007949111470 cfg1 2 1 0 0 na na
10 64483.444350324934 0.007949092316 cfg1 2 1 0 0 na na
10 64483.452350278656 0.007948938819 cfg1 2 1 0 0 na na
10 64483.462350294580 0.007948746932 cfg1 2 1 0 0 na na
10 64483.483350235981 0.007948344250 cfg1 2 1 0 0 na na
10 64483.486350343211 0.007948286781 cfg1 2 1 0 0 na na
10 64483.492350273509 0.007948171802 cfg1 2 1 0 0 na na
10 64483.494350244843 0.007948111765 cfg1 2 1 0 0 na na
10 64483.497350295789 0.007948075842 cfg1 2 1 0 0 na na
10 64483.504350289645 0.007947941558 cfg1 2 1 0 0 na na
10 64483.512350312694 0.007947781838 cfg1 2 1 0 0 na na
10 64483.518350290511 0.007947673230 cfg1 2 1 0 0 na na
10 64483.523350265320 0.007947577410 cfg1 2 1 0 0 na na
10 64483.524350293882 0.007947558271 cfg1 2 1 0 0 na na
10 64483.528350253711 0.007947466774 cfg1 2 1 0 0 na na
10 64483.542350338375 0.007947213240 cfg1 2 1 0 0 na na
10 64483.545350258511 0.007947155812 cfg1 2 1 0 0 na na
10 64483.549350324816 0.007947079089 cfg1 2 1 0 0 na na
10 64483.576350233662 0.007946561752 cfg1 2 1 0 0 na na
10 64483.581350296472 0.007946454208 cfg1 2 1 0 0 na na
10 64483.583350268996 0.007946427650 cfg1 2 1 0 0 na na
10 64483.597350315021 0.007946143941 cfg1 2 1 0 0 na na
10 64483.610350293479 0.007945910645 cfg1 2 1 0 0 na na
10 64483.614350297541 0.007945833951 cfg1 2 1 0 0 na na
10 64483.622350351545 0.007945680803 cfg1 2 1 0 0 na na
10 64483.646350284247 0.007945221322 cfg1 2 2 0 0 na na
10 64483.652350253480 0.007945106444 cfg1 2 2 0 0 na na
10 64483.653350307335 0.007945069341 cfg1 2 1 0 0 na na
10 64483.654350254135 0.007945059675 cfg1 2 1 0 0 na na
10 64483.673350293699 0.007944704961 cfg1 2 1 0 0 na na
10 64483.689350373507 0.007944398425 cfg1 2 2 0 0 na na
10 64483.693350311317 0.007944321784 cfg1 2 2 0 0 na na
10 64483.699350336876 0.007944207030 cfg1 2 2 0 0 na na
10 64483.710350258240 0.007943996485 cfg1 2 2 0 0 na na
10 64483.712350233845 0.007943958285 cfg1 2 2 0 0 na na
10 64483.732350260493 0.007943575659 cfg1 2 2 0 0 na na
10 64483.747350355983 0.007943288861 cfg1 2 2 0 0 na na
10 64483.750350335989 0.007943231569 cfg1 2 2 0 0 na na
10 64483.756350278603 0.007943116783 cfg1 2 2 0 0 na na
10 64483.791350329879 0.007942447615 cfg1 2 2 0 0 na na
10 64483.798350295088 0.007942313804 cfg1 2 2 0 0 na na
10 64483.799350325734 0.007942286315 cfg1 2 1 0 0 na na
10 64483.812350303577 0.007942046248 cfg1 2 2 0 0 na na
10 64483.847350298903 0.007941373905 cfg1 2 1 0 0 na na
10 64483.870350303518 0.007940932962 cfg1 2 1 0 0 na na
10 64483.910350239975 0.007940175059 cfg1 2 1 0 0 na na
10 64483.919350320836 0.007940002658 cfg1 2 2 0 0 na na
10 64483.970350271822 0.007939029512 cfg1 2 2 0 0 na na
10 64483.998350299399 0.007938495372 cfg1 2 2 0 0 na na
10 64484.010350275433 0.007938266527 cfg1 2 2 0 0 na na
10 64484.011350334378 0.007938247477 cfg1 2 2 0 0 na na
10 64484.017350309916 0.007938132950 cfg1 2 2 0 0 na na
10 64484.021350283270 0.007938056750 cfg1 2 2 0 0 na na
10 64484.053350313300 0.007937440263 cfg1 2 1 0 0 na na
10 64484.063350293815 0.007937256041 cfg1 2 2 0 0 na na
10 64484.072350308050 0.007937084589 cfg1 2 2 0 0 na na
10 64484.080350336714 0.007936932083 cfg1 2 2 0 0 na na
10 64484.085350257814 0.007936836861 cfg1 2 2 0 0 na na
10 64484.113350274753 0.007936303389 cfg1 2 2 0 0 na na
10 64484.145350361360 0.007935693841 cfg1 2 2 0 0 na na
10 64484.158350259365 0.007935446785 cfg1 2 1 0 0 na na
10 64484.161350334073 0.007935389226 cfg1 2 2 0 0 na na
10 64484.165350299457 0.007935312983 cfg1 2 2 0 0 na na
10 64484.175350306423 0.007935122672 cfg1 2 2 0 0 na na
10 64484.181350317900 0.007935008550 cfg1 2 2 0 0 na na
10 64484.184350273138 0.007934951458 cfg1 2 2 0 0 na na
10 64484.196350280931 0.007934722974 cfg1 2 2 0 0 na na
10 64484.199350323816 0.007934665949 cfg1 2 2 0 0 na na
10 64484.200350252373 0.007934646924 cfg1 2 2 0 0 na na
10 64484.210350268486 0.007934457832 cfg1 2 1 0 0 na na
10 64484.212350305263 0.007934418502 cfg1 2 2 0 0 na na
10 64484.216350263889 0.007934342410 cfg1 2 2 0 0 na na
10 64484.235350362617 0.007933980817 cfg1 2 2 0 0 na na
10 64484.236350245419 0.007933961937 cfg1 2 2 0 0 na na
10 64484.249350296427 0.007933714534 cfg1 2 2 0 0 na na
10 64484.250350273371 0.007933695900 cfg1 2 1 0 0 na na
10 64484.252350313775 0.007933657542 cfg1 2 2 0 0 na na
10 64484.285350274878 0.007933029871 cfg1 2 2 0 0 na na
10 64484.301350268759 0.007932725792 cfg1 2 2 0 0 na na
10 64484.319350314450 0.007932385803 cfg1 2 1 0 0 na na
10 64484.323350265201 0.007932307488 cfg1 2 2 0 0 na na
10 64484.325350290551 0.007932256277 cfg1 2 1 0 0 na na
10 64484.338350299388 0.007932022411 cfg1 2 2 0 0 na na
10 64484.346350362159 0.007931870354 cfg1 2 2 0 0 na na
10 64484.347350255532 0.007931851502 cfg1 2 2 0 0 na na
10 64484.363350306255 0.007931547430 cfg1 2 2 0 0 na na
10 64484.402350243735 0.007930798929 cfg1 2 1 0 0 na na
10 64484.414350297920 0.007930563023 cfg1 2 1 0 0 na na
10 64484.427350337306 0.007930331861 cfg1 2 2 0 0 na na
10 64484.436350322620 0.007930160994 cfg1 2 2 0 0 na na
10 64484.448350265154 0.007929933310 cfg1 2 2 0 0 na na
10 64484.486350272952 0.007929212189 cfg1 2 2 0 0 na na
10 64484.488350289484 0.007929174037 cfg1 2 2 0 0 na na
10 64484.501350261541 0.007928927539 cfg1 2 2 0 0 na na
10 64484.529350272045 0.007928396337 cfg1 2 2 0 0 na na
10 64484.549350302026 0.007928017147 cfg1 2 2 0 0 na na
10 64484.551350323043 0.007927965928 cfg1 2 1 0 0 na na
10 64484.571350327158 0.007927586979 cfg1 2 1 0 0 na na
10 64484.573350256121 0.007927562101 cfg1 2 2 0 0 na na
10 64484.633350326987 0.007926425150 cfg1 2 2 0 0 na na
10 64484.638350277473 0.007926330469 cfg1 2 2 0 0 na na
10 64484.639350314375 0.007926311413 cfg1 2 2 0 0 na na
10 64484.654350283972 0.007926027347 cfg1 2 2 0 0 na na
10 64484.657350289323 0.007925970563 cfg1 2 2 0 0 na na
10 64484.673350237519 0.007925667442 cfg1 2 2 0 0 na na
10 64484.678350262510 0.007925578564 cfg1 2 1 0 0 na na
10 64484.688350257318 0.007925383534 cfg1 2 2 0 0 na na
10 64484.695350254415 0.007925250930 cfg1 2 2 0 0 na na
10 64484.705350351794 0.007925061668 cfg1 2 2 0 0 na na
10 64484.725350308265 0.007924683173 cfg1 2 2 0 0 na na
10 64484.782350284577 0.007923604701 cfg1 2 2 0 0 na na
10 64484.881350283131 0.007921733270 cfg1 2 2 0 0 na na
10 64484.924350312303 0.007920914436 cfg1 2 1 0 0 na na
10 64484.925350278699 0.007920913760 cfg1 2 1 0 0 na na
10 64484.931350252690 0.007920788799 cfg1 2 2 0 0 na na
10 64484.980350299157 0.007919872037 cfg1 2 1 0 0 na na
10 64485.006350324498 0.007919362536 cfg1 2 1 0 0 na na
10 64485.007350326465 0.007919344614 cfg1 2 1 0 0 na na
10 64485.009350293940 0.007919328987 cfg1 2 1 0 0 na na
10 64485.038350311888 0.007918769422 cfg1 2 2 0 0 na na
10 64485.075350302390 0.007918071613 cfg1 2 2 0 0 na na
10 64485.087350311254 0.007917849487 cfg1 2 1 0 0 na na
10 64485.105350256863 0.007917506089 cfg1 2 2 0 0 na na
10 64485.154350232237 0.007916582886 cfg1 2 2 0 0 na na
10 64485.168350296169 0.007916319092 cfg1 2 2 0 0 na na
10 64485.171350294772 0.007916262606 cfg1 2 2 0 0 na na
10 64485.187350309343 0.007915959718 cfg1 2 1 0 0 na na
10 64485.203350312590 0.007915660363 cfg1 2 1 0 0 na na
10 64485.231350300903 0.007915132834 cfg1 2 2 0 0 na na
10 64485.240350322918 0.007914963450 cfg1 2 2 0 0 na na
10 64485.254350294664 0.007914700039 cfg1 2 2 0 0 na na
10 64485.266350325209 0.007914474212 cfg1 2 2 0 0 na na
10 64485.286350296578 0.007914101092 cfg1 2 1 0 0 na na
10 64485.302350335751 0.007913785048 cfg1 2 1 0 0 na na
10 64485.316350264358 0.007913533642 cfg1 2 2 0 0 na na
10 64485.317350270277 0.007913514879 cfg1 2 2 0 0 na na
10 64485.369350236707 0.007912541036 cfg1 2 1 0 0 na na
10 64485.419350266817 0.007911606653 cfg1 2 1 0 0 na na
10 64485.433350338925 0.007911334744 cfg1 2 2 0 0 na na
10 64485.469350289059 0.007910658750 cfg1 2 2 0 0 na na
10 64485.498350316452 0.007910120117 cfg1 2 1 0 0 na na
10 64485.513350262660 0.007909843760 cfg1 2 1 0 0 na na
10 64485.559350303980 0.007908982040 cfg1 2 1 0 0 na na
10 64485.614350229946 0.007907937170 cfg1 2 1 0 0 na na
10 64485.626350296735 0.007907714247 cfg1 2 1 0 0 na na
10 64485.638350269989 0.007907488964 cfg1 2 2 0 0 na na
10 64485.643350302693 0.007907379321 cfg1 2 1 0 0 na na
10 64485.664350302783 0.007907001667 cfg1 2 2 0 0 na na
10 64485.673350281706 0.007906817123 cfg1 2 1 0 0 na na
10 64485.691350272791 0.007906489797 cfg1 2 1 0 0 na na
10 64485.704350261936 0.007906243406 cfg1 2 1 0 0 na na
10 64485.707350303038 0.007906196360 cfg1 2 2 0 0 na na
10 64485.709350288942 0.007906158858 cfg1 2 2 0 0 na na
10 64485.734350255043 0.007905690725 cfg1 2 2 0 0 na na
10 64485.792350269673 0.007904605347 cfg1 2 2 0 0 na na
10 64485.827350303621 0.007903950719 cfg1 2 2 0 0 na na
10 64485.842350233880 0.007903663173 cfg1 2 1 0 0 na na
10 64485.858350298597 0.007903371001 cfg1 2 2 0 0 na na
10 64485.860350350589 0.007903333627 cfg1 2 2 0 0 na na
10 64485.872350308923 0.007903109285 cfg1 2 2 0 0 na na
10 64485.878350250086 0.007902997189 cfg1 2 2 0 0 na na
10 64485.889350267699 0.007902791584 cfg1 2 2 0 0 na na
10 64485.893350290017 0.007902724555 cfg1 2 1 0 0 na na
10 64485.900350320282 0.007902586224 cfg1 2 2 0 0 na na
10 64485.913350349224 0.007902343165 cfg1 2 2 0 0 na na
10 64485.919350312763 0.007902230984 cfg1 2 2 0 0 na na
10 64485.921350301623 0.007902193620 cfg1 2 2 0 0 na na
10 64485.922350317611 0.007902174961 cfg1 2 2 0 0 na na
10 64485.944350257326 0.007901764115 cfg1 2 2 0 0 na na
10 64485.949350303328 0.007901670808 cfg1 2 2 0 0 na na
10 64485.952350299847 0.007901614599 cfg1 2 2 0 0 na na
10 64485.954350271097 0.007901577253 cfg1 2 2 0 0 na na
10 64485.958350304017 0.007901502557 cfg1 2 2 0 0 na na
10 64485.978350240836 0.007901127712 cfg1 2 1 0 0 na na
10 64486.003350328829 0.007900662420 cfg1 2 2 0 0 na na
10 64486.037350274069 0.007900027833 cfg1 2 1 0 0 na na
10 64486.057350334753 0.007899654765 cfg1 2 2 0 0 na na
10 64486.070350308561 0.007899412309 cfg1 2 2 0 0 na na
10 64486.090350287152 0.007899039299 cfg1 2 2 0 0 na na
10 64486.091350272670 0.007899020702 cfg1 2 2 0 0 na na
10 64486.110350322032 0.007898660598 cfg1 2 1 0 0 na na
10 64486.118350323645 0.007898504396 cfg1 2 1 0 0 na na
10 64486.129350316438 0.007898312250 cfg1 2 2 0 0 na na
10 64486.137350308189 0.007898163146 cfg1 2 2 0 0 na na
10 64486.148350289780 0.007897958090 cfg1 2 2 0 0 na na
10 64486.208350278366 0.007896851618 cfg1 2 1 0 0 na na
10 64486.225350261635 0.007896523697 cfg1 2 1 0 0 na na
10 64486.236350298057 0.007896318942 cfg1 2 2 0 0 na na
10 64486.263350290741 0.007895816390 cfg1 2 2 0 0 na na
10 64486.278350248179 0.007895537239 cfg1 2 2 0 0 na na
10 64486.310350258153 0.007894941855 cfg1 2 2 0 0 na na
10 64486.317350332171 0.007894811645 cfg1 2 2 0 0 na na
10 64486.323350289405 0.007894700062 cfg1 2 2 0 0 na na
10 64486.354350227451 0.007894124388 cfg1 2 1 0 0 na na
10 64486.360350294325 0.007894012096 cfg1 2 2 0 0 na na
10 64486.424350275298 0.007892820661 cfg1 2 1 0 0 na na
10 64486.433350328778 0.007892646140 cfg1 2 1 0 0 na na
10 64486.486350327160 0.007891671399 cfg1 2 1 0 0 na na
10 64486.493350301466 0.007891541028 cfg1 2 2 0 0 na na
10 64486.549350303980 0.007890502267 cfg1 2 1 0 0 na na
10 64486.561350291499 0.007890287200 cfg1 2 1 0 0 na na
10 64486.577350359525 0.007889982280 cfg1 2 2 0 0 na na
10 64486.586350307159 0.007889816767 cfg1 2 1 0 0 na na
10 64486.590350286879 0.007889741165 cfg1 2 2 0 0 na na
10 64486.607350307325 0.007889425940 cfg1 2 2 0 0 na na
10 64486.619350304952 0.007889203394 cfg1 2 1 0 0 na na
10 64486.620350281231 0.007889184885 cfg1 2 2 0 0 na na
10 64486.622350331628 0.007889147862 cfg1 2 2 0 0 na na
10 64486.629350272164 0.007889018087 cfg1 2 2 0 0 na na
10 64486.652350313583 0.007888591736 cfg1 2 2 0 0 na na
10 64486.667350279087 0.007888313854 cfg1 2 2 0 0 na na
10 64486.675350299691 0.007888165590 cfg1 2 2 0 0 na na
10 64486.707350269486 0.007887572879 cfg1 2 2 0 0 na na
10 64486.709350283527 0.007887536155 cfg1 2 1 0 0 na na
10 64486.710350275895 0.007887517410 cfg1 2 2 0 0 na na
10 64486.713350324492 0.007887461815 cfg1 2 2 0 0 na na
10 64486.721350377235 0.007887313574 cfg1 2 2 0 0 na na
10 64486.746350288098 0.007886850724 cfg1 2 2 0 0 na na
10 64486.791350355759 0.007886017789 cfg1 2 2 0 0 na na
10 64486.793350300993 0.007885980900 cfg1 2 2 0 0 na na
10 64486.807350357766 0.007885733165 cfg1 2 1 0 0 na na
10 64486.813350307764 0.007885610867 cfg1 2 2 0 0 na na
10 64486.836350337147 0.007885185318 cfg1 2 2 0 0 na na
10 64486.879350305107 0.007884390272 cfg1 2 2 0 0 na na
10 64486.881350318400 0.007884353265 cfg1 2 2 0 0 na na
10 64486.885350313222 0.007884279390 cfg1 2 2 0 0 na na
10 64486.888350360008 0.007884223914 cfg1 2 2 0 0 na na
10 64486.921350275900 0.007883614060 cfg1 2 2 0 0 na na
10 64486.950350262477 0.007883078301 cfg1 2 2 0 0 na na
10 64486.954350272909 0.007883004434 cfg1 2 2 0 0 na na
10 64486.955350289418 0.007882986080 cfg1 2 2 0 0 na na
10 64486.971350353601 0.007882690449 cfg1 2 2 0 0 na na
10 64487.012350301057 0.007881933517 cfg1 2 2 0 0 na na
10 64487.041350245017 0.007881382054 cfg1 2 1 0 0 na na
10 64487.046350301806 0.007881303424 cfg1 2 1 0 0 na na
10 64487.071350315913 0.007880844836 cfg1 2 2 0 0 na na
10 64487.083350235212 0.007880623524 cfg1 2 2 0 0 na na
10 64487.129350329305 0.007879775235 cfg1 2 1 0 0 na na
10 64487.136350228516 0.007879648439 cfg1 2 1 0 0 na na
10 64487.154350317393 0.007879314568 cfg1 2 2 0 0 na na
10 64487.166350304301 0.007879084244 cfg1 2 1 0 0 na na
10 64487.167350306112 0.007879074947 cfg1 2 2 0 0 na na
10 64487.176350299459 0.007878909152 cfg1 2 2 0 0 na na
10 64487.189350296530 0.007878669643 cfg1 2 2 0 0 na na
10 64487.198350364549 0.007878503866 cfg1 2 2 0 0 na na
10 64487.205350309544 0.007878374906 cfg1 2 2 0 0 na na
10 64487.208350272889 0.007878317945 cfg1 2 1 0 0 na na
10 64487.212350316317 0.007878246006 cfg1 2 2 0 0 na na
10 64487.222350276947 0.007878061879 cfg1 2 2 0 0 na na
10 64487.225350288498 0.007878006574 cfg1 2 2 0 0 na na
10 64487.238350320660 0.007877767240 cfg1 2 2 0 0 na na
10 64487.244350378780 0.007877656808 cfg1 2 2 0 0 na na
10 64487.249350295152 0.007877564772 cfg1 2 2 0 0 na na
10 64487.253350314929 0.007877491061 cfg1 2 2 0 0 na na
10 64487.267350238996 0.007877233366 cfg1 2 2 0 0 na na
10 64487.268350308351 0.007877215046 cfg1 2 2 0 0 na na
10 64487.276350280553 0.007877067801 cfg1 2 2 0 0 na na
10 64487.282350278400 0.007876954095 cfg1 2 1 0 0 na na
10 64487.367350284451 0.007875395001 cfg1 2 1 0 0 na na
10 64487.379350310376 0.007875164141 cfg1 2 1 0 0 na na
10 64487.429350291543 0.007874254441 cfg1 2 2 0 0 na na
10 64487.433350326723 0.007874180943 cfg1 2 2 0 0 na na
10 64487.464350276150 0.007873611448 cfg1 2 2 0 0 na na
10 64487.502350296192 0.007872913857 cfg1 2 2 0 0 na na
10 64487.512350339335 0.007872730184 cfg1 2 2 0 0 na na
10 64487.516350325890 0.007872656737 cfg1 2 2 0 0 na na
10 64487.549350267725 0.007872051237 cfg1 2 2 0 0 na na
10 64487.594350311854 0.007871225768 cfg1 2 2 0 0 na na
10 64487.601350301765 0.007871084842 cfg1 2 1 0 0 na na
10 64487.618350275675 0.007870785672 cfg1 2 2 0 0 na na
10 64487.642350326523 0.007870346186 cfg1 2 1 0 0 na na
10 64487.658350263806 0.007870052523 cfg1 2 2 0 0 na na
10 64487.664350396116 0.007869942565 cfg1 2 2 0 0 na na
10 64487.687350313187 0.007869521237 cfg1 2 2 0 0 na na
10 64487.696350317889 0.007869356363 cfg1 2 2 0 0 na na
10 64487.704350257534 0.007869209652 cfg1 2 1 0 0 na na
10 64487.717350347694 0.007868971724 cfg1 2 2 0 0 na na
10 64487.719350349953 0.007868935166 cfg1 2 2 0 0 na na
10 64487.720350325740 0.007868916884 cfg1 2 2 0 0 na na
10 64487.736350286637 0.007868623832 cfg1 2 2 0 0 na na
10 64487.739350267825 0.007868576388 cfg1 2 1 0 0 na na
10 64487.798350328277 0.007867495820 cfg1 2 1 0 0 na na
10 64487.799350268521 0.007867470805 cfg1 2 2 0 0 na na
10 64487.812350295602 0.007867232997 cfg1 2 2 0 0 na na
10 64487.815350289927 0.007867178108 cfg1 2 2 0 0 na na
10 64487.817350323720 0.007867141548 cfg1 2 2 0 0 na na
10 64487.834350296858 0.007866830713 cfg1 2 2 0 0 na na
10 64487.837350353573 0.007866775792 cfg1 2 2 0 0 na na
10 64487.850350309726 0.007866538031 cfg1 2 2 0 0 na na
10 64487.861350339967 0.007866336868 cfg1 2 2 0 0 na na
10 64487.869350326920 0.007866190610 cfg1 2 2 0 0 na na
10 64487.892350292777 0.007865770131 cfg1 2 2 0 0 na na
10 64487.896350351357 0.007865697125 cfg1 2 2 0 0 na na
10 64487.917350352696 0.007865314010 cfg1 2 1 0 0 na na
10 64487.929350293626 0.007865094244 cfg1 2 2 0 0 na na
10 64487.932350275121 0.007865039386 cfg1 2 2 0 0 na na
10 64487.934350361845 0.007865002787 cfg1 2 2 0 0 na na
10 64487.955350282509 0.007864619254 cfg1 2 2 0 0 na na
10 64487.963350327194 0.007864473162 cfg1 2 2 0 0 na na
10 64487.980350328113 0.007864162651 cfg1 2 2 0 0 na na
10 64487.983350376962 0.007864094817 cfg1 2 1 0 0 na na
10 64488.054350344892 0.007862812171 cfg1 2 2 0 0 na na
10 64488.065350324269 0.007862611470 cfg1 2 2 0 0 na na
10 64488.085350291911 0.007862246807 cfg1 2 2 0 0 na na
10 64488.086350327955 0.007862228513 cfg1 2 2 0 0 na na
10 64488.139350252221 0.007861262259 cfg1 2 2 0 0 na na
10 64488.157350276616 0.007860934835 cfg1 2 1 0 0 na na
10 64488.161350339283 0.007860861399 cfg1 2 2 0 0 na na
10 64488.186350298026 0.007860405924 cfg1 2 2 0 0 na na
10 64488.198350263782 0.007860187433 cfg1 2 2 0 0 na na
10 64488.200350329779 0.007860161539 cfg1 2 1 0 0 na na
10 64488.201350304003 0.007860133219 cfg1 2 1 0 0 na na
10 64488.202350262320 0.007860114434 cfg1 2 2 0 0 na na
10 64488.209350313865 0.007859987066 cfg1 2 2 0 0 na na
10 64488.232350321905 0.007859568256 cfg1 2 2 0 0 na na
10 64488.279350263973 0.007858713041 cfg1 2 2 0 0 na na
10 64488.297350291445 0.007858385338 cfg1 2 2 0 0 na na
10 64488.315350335908 0.007858057899 cfg1 2 2 0 0 na na
10 64488.328350345930 0.007857827697 cfg1 2 1 0 0 na na
10 64488.396350291978 0.007856585334 cfg1 2 2 0 0 na na
10 64488.425350292447 0.007856058478 cfg1 2 2 0 0 na na
10 64488.436350375669 0.007855858672 cfg1 2 2 0 0 na na
10 64488.445350242401 0.007855704589 cfg1 2 1 0 0 na na
10 64488.452350334366 0.007855568070 cfg1 2 2 0 0 na na
10 64488.463350321672 0.007855368200 cfg1 2 2 0 0 na na
10 64488.468350349714 0.007855277575 cfg1 2 2 0 0 na na
10 64488.476350278353 0.007855124384 cfg1 2 1 0 0 na na
10 64488.478350281064 0.007855095949 cfg1 2 2 0 0 na na
10 64488.485350388580 0.007854968948 cfg1 2 2 0 0 na na
10 64488.506350286061 0.007854588200 cfg1 2 1 0 0 na na
10 64488.536350301296 0.007854043295 cfg1 2 2 0 0 na na
10 64488.543350291650 0.007853916281 cfg1 2 2 0 0 na na
10 64488.551350280452 0.007853771140 cfg1 2 2 0 0 na na
10 64488.560350365904 0.007853607947 cfg1 2 2 0 0 na na
10 64488.565350285418 0.007853517251 cfg1 2 2 0 0 na na
10 64488.571350328050 0.007853408464 cfg1 2 2 0 0 na na
10 64488.583350355724 0.007853190793 cfg1 2 2 0 0 na na
10 64488.591350321661 0.007853048122 cfg1 2 1 0 0 na na
10 64488.601350303289 0.007852864490 cfg1 2 2 0 0 na na
10 64488.704350305930 0.007851005239 cfg1 2 1 0 0 na na
10 64488.715350334087 0.007850799081 cfg1 2 2 0 0 na na
10 64488.738350322752 0.007850367397 cfg1 2 1 0 0 na na
10 64488.809350312137 0.007849098114 cfg1 2 2 0 0 na na
10 64488.834350321913 0.007848646060 cfg1 2 2 0 0 na na
10 64488.836350335894 0.007848609917 cfg1 2 2 0 0 na na
10 64488.849350278598 0.007848374866 cfg1 2 2 0 0 na na
10 64488.850350278617 0.007848356703 cfg1 2 2 0 0 na na
10 64488.853350351793 0.007848287580 cfg1 2 1 0 0 na na
10 64488.868350355874 0.007848024110 cfg1 2 1 0 0 na na
10 64488.877350383308 0.007847868869 cfg1 2 2 0 0 na na
10 64488.881350309989 0.007847796517 cfg1 2 2 0 0 na na
10 64488.924350321551 0.007847019681 cfg1 2 2 0 0 na na
10 64488.925350307662 0.007847001545 cfg1 2 2 0 0 na na
10 64488.930350329074 0.007846911281 cfg1 2 2 0 0 na na
10 64488.952350294695 0.007846513980 cfg1 2 2 0 0 na na
10 64488.973350318426 0.007846134886 cfg1 2 2 0 0 na na
10 64488.974350294811 0.007846116763 cfg1 2 2 0 0 na na
10 64488.997350256370 0.007845695521 cfg1 2 1 0 0 na na
10 64489.034350342012 0.007845034137 cfg1 2 2 0 0 na na
10 64489.040350353415 0.007844925825 cfg1 2 2 0 0 na na
10 64489.043350314377 0.007844871824 cfg1 2 2 0 0 na na
10 64489.086350300034 0.007844105680 cfg1 2 1 0 0 na na
10 64489.098350291063 0.007843880062 cfg1 2 2 0 0 na na
10 64489.118350272127 0.007843532427 cfg1 2 1 0 0 na na
10 64489.119350341610 0.007843501572 cfg1 2 2 0 0 na na
10 64489.176350274806 0.007842481969 cfg1 2 1 0 0 na na
10 64489.180350257654 0.007842402704 cfg1 2 2 0 0 na na
10 64489.262350354868 0.007840926637 cfg1 2 2 0 0 na na
10 64489.274350265060 0.007840710772 cfg1 2 2 0 0 na na
10 64489.293350312144 0.007840369654 cfg1 2 1 0 0 na na
10 64489.353350330926 0.007839290400 cfg1 2 2 0 0 na na
10 64489.366350310561 0.007839054916 cfg1 2 1 0 0 na na
10 64489.381350327204 0.007838788105 cfg1 2 1 0 0 na na
10 64489.410350294220 0.007838272648 cfg1 2 1 0 0 na na
10 64489.429350256293 0.007837925190 cfg1 2 2 0 0 na na
10 64489.430350313754 0.007837907155 cfg1 2 2 0 0 na na
10 64489.449350300401 0.007837566115 cfg1 2 2 0 0 na na
10 64489.472350322905 0.007837153239 cfg1 2 2 0 0 na na
10 64489.478350258018 0.007837045504 cfg1 2 2 0 0 na na
10 64489.491350293839 0.007836812216 cfg1 2 2 0 0 na na
10 64489.504350286161 0.007836578987 cfg1 2 2 0 0 na na
10 64489.526350340932 0.007836168349 cfg1 2 1 0 0 na na
10 64489.542350249083 0.007835897880 cfg1 2 1 0 0 na na
10 64489.558350316991 0.007835610568 cfg1 2 2 0 0 na na
10 64489.570350266942 0.007835391850 cfg1 2 1 0 0 na na
10 64489.628350300916 0.007834355985 cfg1 2 2 0 0 na na
10 64489.629350333096 0.007834338067 cfg1 2 2 0 0 na na
10 64489.630350279225 0.007834320201 cfg1 2 2 0 0 na na
10 64489.634350299846 0.007834248590 cfg1 2 2 0 0 na na
10 64489.639350311166 0.007834158944 cfg1 2 2 0 0 na na
10 64489.655350294027 0.007833877995 cfg1 2 1 0 0 na na
10 64489.674350307612 0.007833532196 cfg1 2 2 0 0 na na
10 64489.726350254694 0.007832613039 cfg1 2 1 0 0 na na
10 64489.790350332373 0.007831456722 cfg1 2 2 0 0 na na
10 64489.795350299962 0.007831367190 cfg1 2 2 0 0 na na
10 64489.797350279684 0.007831331529 cfg1 2 2 0 0 na na
10 64489.801350310553 0.007831259859 cfg1 2 2 0 0 na na
10 64489.810350263250 0.007831099057 cfg1 2 2 0 0 na na
10 64489.835350308866 0.007830643349 cfg1 2 1 0 0 na na
10 64489.839350286030 0.007830580761 cfg1 2 2 0 0 na na
10 64489.841350349359 0.007830545097 cfg1 2 2 0 0 na na
10 64489.853350322944 0.007830330564 cfg1 2 2 0 0 na na
10 64489.857350289180 0.007830259112 cfg1 2 2 0 0 na na
10 64489.881350303243 0.007829830365 cfg1 2 2 0 0 na na
10 64489.893350240373 0.007829621861 cfg1 2 1 0 0 na na
10 64489.901350301020 0.007829473227 cfg1 2 2 0 0 na na
10 64489.953350285537 0.007828544890 cfg1 2 2 0 0 na na
10 64489.958350254051 0.007828455703 cfg1 2 2 0 0 na na
10 64489.989350363793 0.007827902648 cfg1 2 2 0 0 na na
10 64490.002350297806 0.007827683364 cfg1 2 1 0 0 na na
10 64490.012350241978 0.007827499985 cfg1 2 1 0 0 na na
10 64490.026350269368 0.007827242686 cfg1 2 2 0 0 na na
10 64490.069350278936 0.007826476216 cfg1 2 2 0 0 na na
10 64490.103350299800 0.007825870385 cfg1 2 2 0 0 na na
10 64490.104350319322 0.007825860925 cfg1 2 1 0 0 na na
10 64490.105350301834 0.007825843277 cfg1 2 1 0 0 na na
10 64490.124350314195 0.007825487820 cfg1 2 1 0 0 na na
10 64490.150350333475 0.007825033297 cfg1 2 2 0 0 na na
10 64490.164350320817 0.007824784056 cfg1 2 2 0 0 na na
10 64490.186350281144 0.007824392378 cfg1 2 1 0 0 na na
10 64490.217350290304 0.007823840901 cfg1 2 2 0 0 na na
10 64490.236350273041 0.007823502874 cfg1 2 2 0 0 na na
10 64490.244350319089 0.007823360604 cfg1 2 2 0 0 na na
10 64490.247350279412 0.007823307204 cfg1 2 2 0 0 na na
10 64490.265350302986 0.007822987194 cfg1 2 2 0 0 na na
10 64490.305350333882 0.007822283920 cfg1 2 1 0 0 na na
10 64490.326350326495 0.007821887707 cfg1 2 1 0 0 na na
10 64490.353350291461 0.007821424440 cfg1 2 1 0 0 na na
10 64490.382350320927 0.007820913761 cfg1 2 1 0 0 na na
10 64490.384350311657 0.007820872739 cfg1 2 2 0 0 na na
10 64490.389350299708 0.007820779381 cfg1 2 1 0 0 na na
10 64490.391350303817 0.007820748063 cfg1 2 1 0 0 na na
10 64490.424350288463 0.007820162744 cfg1 2 2 0 0 na na
10 64490.428350348119 0.007820091731 cfg1 2 2 0 0 na na
10 64490.453350273513 0.007819648139 cfg1 2 2 0 0 na na
10 64490.472350311186 0.007819311103 cfg1 2 2 0 0 na na
10 64490.505350328910 0.007818718410 cfg1 2 1 0 0 na na
10 64490.508350326527 0.007818672734 cfg1 2 2 0 0 na na
10 64490.561350292211 0.007817733436 cfg1 2 2 0 0 na na
10 64490.599350268782 0.007817060223 cfg1 2 2 0 0 na na
10 64490.602350264995 0.007817007115 cfg1 2 2 0 0 na na
10 64490.622350361313 0.007816652974 cfg1 2 2 0 0 na na
10 64490.627350259958 0.007816564425 cfg1 2 2 0 0 na na
10 64490.628350306091 0.007816546738 cfg1 2 2 0 0 na na
10 64490.632350282248 0.007816475925 cfg1 2 2 0 0 na na
10 64490.645350289582 0.007816245884 cfg1 2 2 0 0 na na
10 64490.664350298292 0.007815909598 cfg1 2 2 0 0 na na
10 64490.707350329093 0.007815148744 cfg1 2 2 0 0 na na
10 64490.803350297714 0.007813451861 cfg1 2 2 0 0 na na
10 64490.835350250834 0.007812886049 cfg1 2 1 0 0 na na
10 64490.853350280518 0.007812568748 cfg1 2 2 0 0 na na
10 64490.861350278058 0.007812427486 cfg1 2 2 0 0 na na
10 64490.871350256800 0.007812250890 cfg1 2 2 0 0 na na
10 64490.873350267115 0.007812215707 cfg1 2 2 0 0 na na
10 64490.874350271920 0.007812182489 cfg1 2 1 0 0 na na
10 64490.897350283135 0.007811779095 cfg1 2 1 0 0 na na
10 64490.899350267603 0.007811756767 cfg1 2 2 0 0 na na
10 64490.907350304331 0.007811615675 cfg1 2 2 0 0 na na
10 64490.911350337931 0.007811545028 cfg1 2 2 0 0 na na
10 64490.917350256869 0.007811439091 cfg1 2 2 0 0 na na
10 64490.928350310533 0.007811254755 cfg1 2 1 0 0 na na
10 64490.929350280196 0.007811227431 cfg1 2 2 0 0 na na
10 64490.937350244332 0.007811092562 cfg1 2 1 0 0 na na
10 64490.945350314207 0.007810945234 cfg1 2 2 0 0 na na
10 64490.949350329834 0.007810874782 cfg1 2 2 0 0 na na
10 64490.976350248848 0.007810398556 cfg1 2 2 0 0 na na
10 64490.996350318973 0.007810046030 cfg1 2 2 0 0 na na
10 64491.004350308929 0.007809905087 cfg1 2 2 0 0 na na
10 64491.022350256603 0.007809580150 cfg1 2 1 0 0 na na
10 64491.029350280725 0.007809464482 cfg1 2 2 0 0 na na
10 64491.093350293424 0.007808343945 cfg1 2 1 0 0 na na
10 64491.098350320886 0.007808249236 cfg1 2 2 0 0 na na
10 64491.128350244499 0.007807727328 cfg1 2 1 0 0 na na
10 64491.131350330585 0.007807668430 cfg1 2 2 0 0 na na
10 64491.150350287165 0.007807334071 cfg1 2 2 0 0 na na
10 64491.169350265112 0.007806999895 cfg1 2 2 0 0 na na
10 64491.191350237185 0.007806624873 cfg1 2 1 0 0 na na
10 64491.279350335397 0.007805066321 cfg1 2 2 0 0 na na
10 64491.306350288528 0.007804584078 cfg1 2 1 0 0 na na
10 64491.331350337645 0.007804153191 cfg1 2 2 0 0 na na
10 64491.339350346814 0.007804012761 cfg1 2 2 0 0 na na
10 64491.340350269322 0.007803995195 cfg1 2 2 0 0 na na
10 64491.347350262672 0.007803877881 cfg1 2 1 0 0 na na
10 64491.360350307101 0.007803644218 cfg1 2 2 0 0 na na
10 64491.488350271845 0.007801397950 cfg1 2 1 0 0 na na
10 64491.547350244254 0.007800372436 cfg1 2 1 0 0 na na
10 64491.558350240116 0.007800181810 cfg1 2 1 0 0 na na
10 64491.604350275710 0.007799368587 cfg1 2 2 0 0 na na
10 64491.614350276727 0.007799193584 cfg1 2 2 0 0 na na
10 64491.618350249639 0.007799122281 cfg1 2 1 0 0 na na
10 64491.625350277960 0.007799001219 cfg1 2 2 0 0 na na
10 64491.646350253095 0.007798633868 cfg1 2 2 0 0 na na
10 64491.659350301199 0.007798406623 cfg1 2 2 0 0 na na
10 64491.690350264741 0.007797864582 cfg1 2 2 0 0 na na
10 64491.693350302787 0.007797812135 cfg1 2 2 0 0 na na
10 64491.695350338782 0.007797777227 cfg1 2 2 0 0 na na
10 64491.702350286121 0.007797654350 cfg1 2 1 0 0 na na
10 64491.751350302143 0.007796798827 cfg1 2 2 0 0 na na
10 64491.758350280081 0.007796676520 cfg1 2 2 0 0 na na
10 64491.768350292725 0.007796501895 cfg1 2 2 0 0 na na
10 64491.770350280669 0.007796467060 cfg1 2 2 0 0 na na
10 64491.807350290421 0.007795821096 cfg1 2 2 0 0 na na
10 64491.808350288336 0.007795803627 cfg1 2 2 0 0 na na
10 64491.809350320489 0.007795786136 cfg1 2 2 0 0 na na
10 64491.835350289993 0.007795332499 cfg1 2 2 0 0 na na
10 64491.846350275020 0.007795140526 cfg1 2 2 0 0 na na
10 64491.859350311807 0.007794913755 cfg1 2 2 0 0 na na
10 64491.870350279914 0.007794721895 cfg1 2 2 0 0 na na
10 64491.896350309518 0.007794268540 cfg1 2 2 0 0 na na
10 64491.926350290097 0.007793754126 cfg1 2 1 0 0 na na
10 64491.927350304190 0.007793728069 cfg1 2 2 0 0 na na
10 64491.945350269779 0.007793414483 cfg1 2 2 0 0 na na
10 64491.958350308480 0.007793174120 cfg1 2 1 0 0 na na
10 64491.963350341798 0.007793100844 cfg1 2 2 0 0 na na
10 64491.975350345714 0.007792891828 cfg1 2 2 0 0 na na
10 64491.976350271255 0.007792874409 cfg1 2 2 0 0 na na
10 64491.978350301602 0.007792838629 cfg1 2 1 0 0 na na
10 64491.983350300265 0.007792752487 cfg1 2 2 0 0 na na
10 64492.023350284105 0.007792056035 cfg1 2 2 0 0 na na
10 64492.024350250137 0.007792038509 cfg1 2 2 0 0 na na
10 64492.034350330378 0.007791871219 cfg1 2 1 0 0 na na
10 64492.054350299195 0.007791522269 cfg1 2 1 0 0 na na
10 64492.071350308820 0.007791220618 cfg1 2 2 0 0 na na
10 64492.080350267955 0.007791064086 cfg1 2 2 0 0 na na
10 64492.085350264622 0.007790977072 cfg1 2 2 0 0 na na
10 64492.149350323472 0.007789859611 cfg1 2 1 0 0 na na
10 64492.159350284302 0.007789695702 cfg1 2 1 0 0 na na
10 64492.165350254427 0.007789586271 cfg1 2 2 0 0 na na
10 64492.170350341524 0.007789499407 cfg1 2 2 0 0 na na
10 64492.179350253229 0.007789355359 cfg1 2 1 0 0 na na
10 64492.205350296998 0.007788891313 cfg1 2 2 0 0 na na
10 64492.289350285156 0.007787433093 cfg1 2 2 0 0 na na
10 64492.303350317478 0.007787177228 cfg1 2 1 0 0 na na
10 64492.331350369536 0.007786704475 cfg1 2 2 0 0 na na
10 64492.336350296490 0.007786603593 cfg1 2 1 0 0 na na
10 64492.369350321625 0.007786045608 cfg1 2 2 0 0 na na
10 64492.422350310379 0.007785127261 cfg1 2 2 0 0 na na
10 64492.433350276927 0.007784936744 cfg1 2 2 0 0 na na
10 64492.447350263613 0.007784678270 cfg1 2 1 0 0 na na
10 64492.463350286730 0.007784417221 cfg1 2 2 0 0 na na
10 64492.497350337255 0.007783828637 cfg1 2 2 0 0 na na
10 64492.512350284059 0.007783569237 cfg1 2 2 0 0 na na
10 64492.515350363688 0.007783517134 cfg1 2 2 0 0 na na
10 64492.540350256415 0.007783084672 cfg1 2 2 0 0 na na
10 64492.541350313108 0.007783052176 cfg1 2 1 0 0 na na
10 64492.569350265014 0.007782566737 cfg1 2 1 0 0 na na
10 64492.586350314614 0.007782289245 cfg1 2 2 0 0 na na
10 64492.598350249484 0.007782088848 cfg1 2 1 0 0 na na
10 64492.603350273739 0.007781995378 cfg1 2 2 0 0 na na
10 64492.606350296643 0.007781943586 cfg1 2 2 0 0 na na
10 64492.614350268326 0.007781805226 cfg1 2 2 0 0 na na
10 64492.644350296736 0.007781292860 cfg1 2 1 0 0 na na
10 64492.690350317066 0.007780492429 cfg1 2 2 0 0 na na
10 64492.713350313765 0.007780095455 cfg1 2 2 0 0 na na
10 64492.723350353202 0.007779929887 cfg1 2 1 0 0 na na
10 64492.741350334592 0.007779612231 cfg1 2 2 0 0 na na
10 64492.742350322203 0.007779595054 cfg1 2 2 0 0 na na
10 64492.765350349656 0.007779198242 cfg1 2 2 0 0 na na
10 64492.774350240664 0.007779051173 cfg1 2 1 0 0 na na
10 64492.787350356671 0.007778819573 cfg1 2 1 0 0 na na
10 64492.788350315797 0.007778801568 cfg1 2 2 0 0 na na
10 64492.791350312778 0.007778749748 cfg1 2 2 0 0 na na
10 64492.800350306002 0.007778594655 cfg1 2 2 0 0 na na
10 64492.804350309149 0.007778526772 cfg1 2 1 0 0 na na
10 64492.817350313050 0.007778301493 cfg1 2 2 0 0 na na
10 64492.819350250109 0.007778266762 cfg1 2 1 0 0 na na
10 64492.826350299877 0.007778148886 cfg1 2 1 0 0 na na
10 64492.848350331672 0.007777767244 cfg1 2 2 0 0 na na
10 64492.855350239769 0.007777657323 cfg1 2 1 0 0 na na
10 64492.858350313234 0.007777594911 cfg1 2 2 0 0 na na
10 64492.860350347793 0.007777560447 cfg1 2 2 0 0 na na
10 64492.862350326766 0.007777526027 cfg1 2 2 0 0 na na
10 64492.863350295593 0.007777508791 cfg1 2 2 0 0 na na
10 64492.867350289426 0.007777439936 cfg1 2 2 0 0 na na
10 64492.870350264405 0.007777388174 cfg1 2 2 0 0 na na
10 64492.886350320096 0.007777112675 cfg1 2 2 0 0 na na
10 64492.889350373453 0.007777060989 cfg1 2 2 0 0 na na
10 64492.893350271972 0.007776992035 cfg1 2 2 0 0 na na
10 64492.894350310246 0.007776974919 cfg1 2 2 0 0 na na
10 64492.905350311264 0.007776785413 cfg1 2 2 0 0 na na
10 64492.911350285433 0.007776682186 cfg1 2 2 0 0 na na
10 64492.912350395178 0.007776664827 cfg1 2 2 0 0 na na
10 64492.917350328266 0.007776578799 cfg1 2 2 0 0 na na
10 64492.923350271598 0.007776475450 cfg1 2 2 0 0 na na
10 64492.938350236834 0.007776230339 cfg1 2 1 0 0 na na
10 64492.941350284150 0.007776166200 cfg1 2 1 0 0 na na
10 64492.943350281671 0.007776131206 cfg1 2 2 0 0 na na
10 64492.944350381975 0.007776114117 cfg1 2 2 0 0 na na
10 64492.965350250124 0.007775752679 cfg1 2 2 0 0 na na
10 64492.970350312300 0.007775666634 cfg1 2 2 0 0 na na
10 64492.976350280131 0.007775563355 cfg1 2 2 0 0 na na
10 64492.980350318842 0.007775494536 cfg1 2 2 0 0 na na
10 64492.986350310373 0.007775391328 cfg1 2 2 0 0 na na
10 64492.990350241536 0.007775330465 cfg1 2 1 0 0 na na
10 64492.999350329816 0.007775167761 cfg1 2 2 0 0 na na
10 64493.001350367528 0.007775133393 cfg1 2 2 0 0 na na
10 64493.016350300491 0.007774875374 cfg1 2 2 0 0 na na
10 64493.045350286274 0.007774376818 cfg1 2 2 0 0 na na
10 64493.046350269309 0.007774359647 cfg1 2 2 0 0 na na
10 64493.059350332020 0.007774136212 cfg1 2 2 0 0 na na
10 64493.087350350603 0.007773655069 cfg1 2 2 0 0 na na
10 64493.089350295785 0.007773620700 cfg1 2 2 0 0 na na
10 64493.107350349757 0.007773311474 cfg1 2 2 0 0 na na
10 64493.116350300975 0.007773156912 cfg1 2 2 0 0 na na
10 64493.125350347240 0.007773002329 cfg1 2 2 0 0 na na
10 64493.134350284025 0.007772847898 cfg1 2 2 0 0 na na
10 64493.135350267706 0.007772830638 cfg1 2 2 0 0 na na
10 64493.137350244000 0.007772802822 cfg1 2 1 0 0 na na
10 64493.141350273701 0.007772733253 cfg1 2 1 0 0 na na
10 64493.152350312248 0.007772538805 cfg1 2 2 0 0 na na
10 64493.163350304719 0.007772350290 cfg1 2 2 0 0 na na
10 64493.166350281849 0.007772283680 cfg1 2 1 0 0 na na
10 64493.172350302295 0.007772199074 cfg1 2 1 0 0 na na
10 64493.174350338387 0.007772148033 cfg1 2 1 0 0 na na
10 64493.179350294917 0.007772075403 cfg1 2 2 0 0 na na
10 64493.186350369008 0.007771955300 cfg1 2 2 0 0 na na
10 64493.194350293347 0.007771818020 cfg1 2 2 0 0 na na
10 64493.203350281893 0.007771658078 cfg1 2 1 0 0 na na
10 64493.231350294761 0.007771183358 cfg1 2 2 0 0 na na
10 64493.237350251866 0.007771080422 cfg1 2 2 0 0 na na
10 64493.243350260363 0.007770977568 cfg1 2 2 0 0 na na
10 64493.246350346555 0.007770926127 cfg1 2 2 0 0 na na
10 64493.248350317142 0.007770891828 cfg1 2 2 0 0 na na
10 64493.256350326868 0.007770754755 cfg1 2 2 0 0 na na
10 64493.266350328857 0.007770583328 cfg1 2 2 0 0 na na
10 64493.276350378899 0.007770411905 cfg1 2 2 0 0 na na
10 64493.293350296537 0.007770120462 cfg1 2 2 0 0 na na
10 64493.321350372208 0.007769640846 cfg1 2 2 0 0 na na
10 64493.323350259453 0.007769606496 cfg1 2 2 0 0 na na
10 64493.329350303901 0.007769503766 cfg1 2 2 0 0 na na
10 64493.345350318229 0.007769229780 cfg1 2 2 0 0 na na
10 64493.351350274309 0.007769127052 cfg1 2 2 0 0 na na
10 64493.353350298882 0.007769092798 cfg1 2 2 0 0 na na
10 64493.355350283102 0.007769058501 cfg1 2 2 0 0 na na
10 64493.356350318399 0.007769041347 cfg1 2 2 0 0 na na
10 64493.381350342216 0.007768613417 cfg1 2 2 0 0 na na
10 64493.428350312015 0.007767809167 cfg1 2 2 0 0 na na
10 64493.432350378575 0.007767740715 cfg1 2 2 0 0 na na
10 64493.433350277873 0.007767723598 cfg1 2 2 0 0 na na
10 64493.458350251049 0.007767296013 cfg1 2 2 0 0 na na
10 64493.467350305740 0.007767126026 cfg1 2 1 0 0 na na
10 64493.477350247742 0.007766974194 cfg1 2 1 0 0 na na
10 64493.495350320564 0.007766663464 cfg1 2 2 0 0 na na
10 64493.569350309153 0.007765391926 cfg1 2 1 0 0 na na
10 64493.581350309132 0.007765194295 cfg1 2 2 0 0 na na
10 64493.623350248886 0.007764477881 cfg1 2 1 0 0 na na
10 64493.626350254591 0.007764426219 cfg1 2 2 0 0 na na
10 64493.642350334213 0.007764153233 cfg1 2 2 0 0 na na
10 64493.665350339556 0.007763760954 cfg1 2 2 0 0 na na
10 64493.692350289647 0.007763307766 cfg1 2 1 0 0 na na
10 64493.724350335086 0.007762754950 cfg1 2 2 0 0 na na
10 64493.749350336514 0.007762328977 cfg1 2 2 0 0 na na
10 64493.772350258343 0.007761943054 cfg1 2 1 0 0 na na
10 64493.773350335160 0.007761920118 cfg1 2 2 0 0 na na
10 64493.813350348959 0.007761239198 cfg1 2 2 0 0 na na
10 64493.839350274060 0.007760796455 cfg1 2 2 0 0 na na
10 64493.850350316832 0.007760606788 cfg1 2 1 0 0 na na
10 64493.853350336085 0.007760558207 cfg1 2 2 0 0 na na
10 64493.854350287838 0.007760541174 cfg1 2 2 0 0 na na
10 64493.872350288175 0.007760234986 cfg1 2 2 0 0 na na
10 64493.875350353430 0.007760184552 cfg1 2 1 0 0 na na
10 64493.887350304738 0.007759979829 cfg1 2 2 0 0 na na
10 64493.888350253350 0.007759962789 cfg1 2 2 0 0 na na
10 64493.892350296442 0.007759894802 cfg1 2 2 0 0 na na
10 64493.899350275655 0.007759775826 cfg1 2 2 0 0 na na
10 64493.902350320004 0.007759724744 cfg1 2 2 0 0 na na
10 64493.912350261517 0.007759554645 cfg1 2 2 0 0 na na
10 64493.915350336521 0.007759503654 cfg1 2 2 0 0 na na
10 64493.917350300496 0.007759469652 cfg1 2 2 0 0 na na
10 64493.921350342920 0.007759406533 cfg1 2 1 0 0 na na
10 64493.928350291000 0.007759291537 cfg1 2 1 0 0 na na
10 64493.943350312737 0.007759027723 cfg1 2 2 0 0 na na
10 64493.955350313919 0.007758823788 cfg1 2 2 0 0 na na
10 64493.959350303333 0.007758755830 cfg1 2 2 0 0 na na
10 64493.960350268977 0.007758740005 cfg1 2 1 0 0 na na
10 64493.963350341068 0.007758687873 cfg1 2 2 0 0 na na
10 64493.964350279326 0.007758670857 cfg1 2 2 0 0 na na
10 64493.978350381032 0.007758432993 cfg1 2 2 0 0 na na
10 64494.005350351665 0.007757974423 cfg1 2 2 0 0 na na
10 64494.014350314784 0.007757821595 cfg1 2 2 0 0 na na
10 64494.018350367787 0.007757753635 cfg1 2 2 0 0 na na
10 64494.044350262680 0.007757299348 cfg1 2 1 0 0 na na
10 64494.045350259736 0.007757295264 cfg1 2 2 0 0 na na
10 64494.047350322735 0.007757261363 cfg1 2 2 0 0 na na
10 64494.053350329030 0.007757159523 cfg1 2 2 0 0 na na
10 64494.081350289378 0.007756684379 cfg1 2 2 0 0 na na
10 64494.090350264271 0.007756531754 cfg1 2 2 0 0 na na
10 64494.103350303916 0.007756311238 cfg1 2 2 0 0 na na
10 64494.105350312484 0.007756277135 cfg1 2 1 0 0 na na
10 64494.110350343155 0.007756192455 cfg1 2 2 0 0 na na
10 64494.121350249405 0.007756007257 cfg1 2 1 0 0 na na
10 64494.134350303868 0.007755785448 cfg1 2 2 0 0 na na
10 64494.137350282687 0.007755734604 cfg1 2 2 0 0 na na
10 64494.167350304719 0.007755225160 cfg1 2 1 0 0 na na
10 64494.208350250832 0.007754531441 cfg1 2 2 0 0 na na
10 64494.212350276919 0.007754463659 cfg1 2 2 0 0 na na
10 64494.228350310937 0.007754193144 cfg1 2 1 0 0 na na
10 64494.242350279497 0.007753947512 cfg1 2 1 0 0 na na
10 64494.269350362012 0.007753500314 cfg1 2 1 0 0 na na
10 64494.284350301382 0.007753244749 cfg1 2 2 0 0 na na
10 64494.296350347963 0.007753030690 cfg1 2 1 0 0 na na
10 64494.314350257522 0.007752731912 cfg1 2 1 0 0 na na
10 64494.325350333032 0.007752551270 cfg1 2 2 0 0 na na
10 64494.327350271779 0.007752517282 cfg1 2 2 0 0 na na
10 64494.348350303853 0.007752172110 cfg1 2 1 0 0 na na
10 64494.356350377741 0.007752026901 cfg1 2 2 0 0 na na
10 64494.361350286656 0.007751942389 cfg1 2 2 0 0 na na
10 64494.366350273021 0.007751857805 cfg1 2 2 0 0 na na
10 64494.369350293216 0.007751807134 cfg1 2 2 0 0 na na
10 64494.374350304630 0.007751722610 cfg1 2 2 0 0 na na
10 64494.379350278212 0.007751638226 cfg1 2 2 0 0 na na
10 64494.382350313202 0.007751587484 cfg1 2 2 0 0 na na
10 64494.383350293606 0.007751570515 cfg1 2 2 0 0 na na
10 64494.397350344366 0.007751333919 cfg1 2 2 0 0 na na
10 64494.410350265873 0.007751114318 cfg1 2 2 0 0 na na
10 64494.412350345028 0.007751080429 cfg1 2 2 0 0 na na
10 64494.438350295456 0.007750641284 cfg1 2 2 0 0 na na
10 64494.442350321318 0.007750574235 cfg1 2 1 0 0 na na
10 64494.445350311415 0.007750523109 cfg1 2 2 0 0 na na
10 64494.453350317232 0.007750387994 cfg1 2 2 0 0 na na
10 64494.487350242763 0.007749824300 cfg1 2 1 0 0 na na
10 64494.492350288568 0.007749729665 cfg1 2 2 0 0 na na
10 64494.493350262467 0.007749712756 cfg1 2 2 0 0 na na
10 64494.516350312559 0.007749324687 cfg1 2 2 0 0 na na
10 64494.523350261008 0.007749206589 cfg1 2 2 0 0 na na
10 64494.526350288298 0.007749151591 cfg1 2 1 0 0 na na
10 64494.561350296579 0.007748565635 cfg1 2 2 0 0 na na
10 64494.567350302814 0.007748464536 cfg1 2 2 0 0 na na
10 64494.576350320669 0.007748312723 cfg1 2 2 0 0 na na
10 64494.589350268632 0.007748093560 cfg1 2 2 0 0 na na
10 64494.597350300730 0.007747958717 cfg1 2 2 0 0 na na
10 64494.602350240852 0.007747886152 cfg1 2 1 0 0 na na
10 64494.608350291997 0.007747773353 cfg1 2 2 0 0 na na
10 64494.623350301855 0.007747521019 cfg1 2 1 0 0 na na
10 64494.624350258655 0.007747503932 cfg1 2 2 0 0 na na
10 64494.628350276213 0.007747436839 cfg1 2 1 0 0 na na
10 64494.647350310174 0.007747116282 cfg1 2 2 0 0 na na
10 64494.663350280344 0.007746841566 cfg1 2 1 0 0 na na
10 64494.689350240063 0.007746422047 cfg1 2 1 0 0 na na
10 64494.710350330861 0.007746055652 cfg1 2 2 0 0 na na
10 64494.711350292856 0.007746038797 cfg1 2 2 0 0 na na
10 64494.712350290128 0.007746021838 cfg1 2 1 0 0 na na
10 64494.726350314049 0.007745786306 cfg1 2 2 0 0 na na
10 64494.747350272970 0.007745433095 cfg1 2 2 0 0 na na
10 64494.750350302954 0.007745382707 cfg1 2 2 0 0 na na
10 64494.757350289202 0.007745264839 cfg1 2 2 0 0 na na
10 64494.770350252157 0.007745046227 cfg1 2 2 0 0 na na
10 64494.794350295784 0.007744642673 cfg1 2 2 0 0 na na
10 64494.808350300217 0.007744407916 cfg1 2 1 0 0 na na
10 64494.828350257200 0.007744071274 cfg1 2 2 0 0 na na
10 64494.839350260873 0.007743888382 cfg1 2 1 0 0 na na
10 64494.895350291882 0.007742945944 cfg1 2 2 0 0 na na
10 64494.914350289095 0.007742626996 cfg1 2 2 0 0 na na
10 64494.931350262731 0.007742329189 cfg1 2 1 0 0 na na
10 64494.936350321108 0.007742257692 cfg1 2 2 0 0 na na
10 64494.941350304344 0.007742173774 cfg1 2 2 0 0 na na
10 64494.952350335205 0.007741989256 cfg1 2 2 0 0 na na
10 64494.973350292171 0.007741636971 cfg1 2 2 0 0 na na
10 64495.005350293447 0.007741100322 cfg1 2 2 0 0 na na
10 64495.014350259136 0.007740949478 cfg1 2 2 0 0 na na
10 64495.026350288740 0.007740740905 cfg1 2 1 0 0 na na
10 64495.051350306002 0.007740327376 cfg1 2 1 0 0 na na
10 64495.058350292804 0.007740203556 cfg1 2 1 0 0 na na
10 64495.076350302609 0.007739896571 cfg1 2 1 0 0 na na
10 64495.092350266761 0.007739642504 cfg1 2 2 0 0 na na
10 64495.098350298675 0.007739542032 cfg1 2 2 0 0 na na
10 64495.122350322871 0.007739143766 cfg1 2 1 0 0 na na
10 64495.152350262109 0.007738638112 cfg1 2 2 0 0 na na
10 64495.166350247345 0.007738409340 cfg1 2 1 0 0 na na
10 64495.200350335019 0.007737823280 cfg1 2 1 0 0 na na
10 64495.210350273218 0.007737668026 cfg1 2 2 0 0 na na
10 64495.213350293406 0.007737623830 cfg1 2 1 0 0 na na
10 64495.234350279139 0.007737266729 cfg1 2 2 0 0 na na
10 64495.245350348688 0.007737082848 cfg1 2 2 0 0 na na
10 64495.251350366745 0.007736982596 cfg1 2 2 0 0 na na
10 64495.301350292236 0.007736147250 cfg1 2 2 0 0 na na
10 64495.334350257229 0.007735596902 cfg1 2 1 0 0 na na
10 64495.343350313813 0.007735445996 cfg1 2 2 0 0 na na
10 64495.361350284409 0.007735144905 cfg1 2 1 0 0 na na
10 64495.377350299349 0.007734882269 cfg1 2 1 0 0 na na
10 64495.391350262184 0.007734645035 cfg1 2 2 0 0 na na
10 64495.483350251540 0.007733124667 cfg1 2 1 0 0 na na
10 64495.484350349240 0.007733094584 cfg1 2 2 0 0 na na
10 64495.517350275653 0.007732535428 cfg1 2 1 0 0 na na
10 64495.533350254214 0.007732278488 cfg1 2 2 0 0 na na
10 64495.546350260071 0.007732062072 cfg1 2 2 0 0 na na
10 64495.552350270748 0.007731948657 cfg1 2 1 0 0 na na
10 64495.583350262249 0.007731440092 cfg1 2 1 0 0 na na
10 64495.606350324125 0.007731063542 cfg1 2 2 0 0 na na
10 64495.631350286240 0.007730647802 cfg1 2 2 0 0 na na
10 64495.655350354126 0.007730256885 cfg1 2 1 0 0 na na
10 64495.665350324136 0.007730094097 cfg1 2 1 0 0 na na
10 64495.671350308140 0.007729982769 cfg1 2 2 0 0 na na
10 64495.678350328343 0.007729866866 cfg1 2 1 0 0 na na
10 64495.690350374425 0.007729666988 cfg1 2 2 0 0 na na
10 64495.706350251327 0.007729401143 cfg1 2 2 0 0 na na
10 64495.721350302433 0.007729152023 cfg1 2 2 0 0 na na
10 64495.737350346867 0.007728886283 cfg1 2 2 0 0 na na
10 64495.746350303735 0.007728736866 cfg1 2 2 0 0 na na
10 64495.749350241773 0.007728695159 cfg1 2 1 0 0 na na
10 64495.758350279368 0.007728537674 cfg1 2 2 0 0 na na
10 64495.766350312345 0.007728404763 cfg1 2 2 0 0 na na
10 64495.775350349036 0.007728255456 cfg1 2 2 0 0 na na
10 64495.783350327033 0.007728122634 cfg1 2 2 0 0 na na
10 64495.801350296182 0.007727823998 cfg1 2 2 0 0 na na
10 64495.814350325353 0.007727608298 cfg1 2 2 0 0 na na
10 64495.833350299672 0.007727293120 cfg1 2 2 0 0 na na
10 64495.851350242920 0.007727004103 cfg1 2 1 0 0 na na
10 64495.874350321898 0.007726613339 cfg1 2 2 0 0 na na
10 64495.890350288746 0.007726348089 cfg1 2 2 0 0 na na
10 64495.913350305673 0.007725966977 cfg1 2 2 0 0 na na
10 64495.970350346411 0.007725023037 cfg1 2 2 0 0 na na
10 64495.974350239588 0.007724967255 cfg1 2 1 0 0 na na
10 64495.988350319356 0.007724710281 cfg1 2 1 0 0 na na
10 64496.024350323712 0.007724129530 cfg1 2 2 0 0 na na
10 64496.028350279936 0.007724063266 cfg1 2 2 0 0 na na
10 64496.031350318008 0.007724013575 cfg1 2 2 0 0 na na
10 64496.035350285317 0.007723947499 cfg1 2 2 0 0 na na
10 64496.038350242703 0.007723904482 cfg1 2 1 0 0 na na
10 64496.062350278685 0.007723500960 cfg1 2 2 0 0 na na
10 64496.075350290149 0.007723291450 cfg1 2 1 0 0 na na
10 64496.103350262518 0.007722819056 cfg1 2 1 0 0 na na
10 64496.113350281796 0.007722657940 cfg1 2 2 0 0 na na
10 64496.124350315785 0.007722476163 cfg1 2 2 0 0 na na
10 64496.146350381839 0.007722112818 cfg1 2 2 0 0 na na
10 64496.148350314132 0.007722079771 cfg1 2 2 0 0 na na
10 64496.153350278026 0.007721997153 cfg1 2 2 0 0 na na
10 64496.155350339641 0.007721964127 cfg1 2 2 0 0 na na
10 64496.162350276998 0.007721848609 cfg1 2 2 0 0 na na
10 64496.170350253215 0.007721716425 cfg1 2 2 0 0 na na
10 64496.182350247654 0.007721519461 cfg1 2 1 0 0 na na
10 64496.190350240545 0.007721396370 cfg1 2 1 0 0 na na
10 64496.195350339774 0.007721300957 cfg1 2 1 0 0 na na
10 64496.198350308167 0.007721254289 cfg1 2 2 0 0 na na
10 64496.201350276615 0.007721211375 cfg1 2 1 0 0 na na
10 64496.219350322208 0.007720907630 cfg1 2 2 0 0 na na
10 64496.226350310176 0.007720797908 cfg1 2 1 0 0 na na
10 64496.266350255772 0.007720132384 cfg1 2 2 0 0 na na
10 64496.277350327277 0.007719951015 cfg1 2 2 0 0 na na
10 64496.300350369139 0.007719564417 cfg1 2 1 0 0 na na
10 64496.301350280229 0.007719555322 cfg1 2 2 0 0 na na
10 64496.337350249441 0.007718962273 cfg1 2 2 0 0 na na
10 64496.341350337805 0.007718896223 cfg1 2 2 0 0 na na
10 64496.371350343949 0.007718402137 cfg1 2 2 0 0 na na
10 64496.390350316446 0.007718089355 cfg1 2 2 0 0 na na
10 64496.477350336689 0.007716659878 cfg1 2 1 0 0 na na
10 64496.623350295130 0.007714259382 cfg1 2 2 0 0 na na
10 64496.630350273493 0.007714144653 cfg1 2 2 0 0 na na
10 64496.635350303138 0.007714062498 cfg1 2 2 0 0 na na
10 64496.650350277827 0.007713816310 cfg1 2 2 0 0 na na
10 64496.678350248918 0.007713358082 cfg1 2 1 0 0 na na
10 64496.679350290559 0.007713340685 cfg1 2 2 0 0 na na
10 64496.682350270858 0.007713275529 cfg1 2 1 0 0 na na
10 64496.719350293242 0.007712684826 cfg1 2 2 0 0 na na
10 64496.721350304409 0.007712652054 cfg1 2 2 0 0 na na
10 64496.817350323501 0.007711079577 cfg1 2 2 0 0 na na
10 64496.829350318584 0.007710869325 cfg1 2 1 0 0 na na
10 64496.884350236291 0.007709995558 cfg1 2 1 0 0 na na
10 64496.890350261053 0.007709885257 cfg1 2 2 0 0 na na
10 64496.905350258727 0.007709640018 cfg1 2 2 0 0 na na
10 64496.916350320081 0.007709460132 cfg1 2 2 0 0 na na
10 64496.936350280950 0.007709133271 cfg1 2 2 0 0 na na
10 64496.963350336568 0.007708692068 cfg1 2 2 0 0 na na
10 64496.969350241645 0.007708607346 cfg1 2 1 0 0 na na
10 64496.972350244559 0.007708552287 cfg1 2 1 0 0 na na
10 64496.982350286020 0.007708381769 cfg1 2 2 0 0 na na
10 64496.985350342609 0.007708333357 cfg1 2 1 0 0 na na
10 64497.004350273922 0.007708022659 cfg1 2 2 0 0 na na
10 64497.050350291978 0.007707282133 cfg1 2 1 0 0 na na
10 64497.091350322425 0.007706602764 cfg1 2 2 0 0 na na
10 64497.093350341854 0.007706570207 cfg1 2 2 0 0 na na
10 64497.096350252431 0.007706521198 cfg1 2 2 0 0 na na
10 64497.106350314858 0.007706361452 cfg1 2 1 0 0 na na
10 64497.108350272045 0.007706325572 cfg1 2 2 0 0 na na
10 64497.120350303052 0.007706129923 cfg1 2 2 0 0 na na
10 64497.129350250995 0.007705983243 cfg1 2 2 0 0 na na
10 64497.139350292601 0.007705823309 cfg1 2 1 0 0 na na
10 64497.189350259223 0.007705006067 cfg1 2 1 0 0 na na
10 64497.205350320993 0.007704745025 cfg1 2 2 0 0 na na
10 64497.215350335688 0.007704582324 cfg1 2 2 0 0 na na
10 64497.218350287134 0.007704533910 cfg1 2 1 0 0 na na
10 64497.220350264685 0.007704500777 cfg1 2 2 0 0 na na
10 64497.223350299429 0.007704451931 cfg1 2 2 0 0 na na
10 64497.228350267285 0.007704370600 cfg1 2 2 0 0 na na
10 64497.234350264625 0.007704272818 cfg1 2 2 0 0 na na
10 64497.258350273551 0.007703882338 cfg1 2 2 0 0 na na
10 64497.274350292546 0.007703622005 cfg1 2 2 0 0 na na
10 64497.287350296311 0.007703410525 cfg1 2 2 0 0 na na
10 64497.296350275232 0.007703252509 cfg1 2 1 0 0 na na
10 64497.329350289207 0.007702727507 cfg1 2 2 0 0 na na
10 64497.334350299561 0.007702646314 cfg1 2 2 0 0 na na
10 64497.351350335671 0.007702370012 cfg1 2 2 0 0 na na
10 64497.370350296229 0.007702061262 cfg1 2 2 0 0 na na
10 64497.387350336025 0.007701794589 cfg1 2 1 0 0 na na
10 64497.398350318867 0.007701606425 cfg1 2 2 0 0 na na
10 64497.412350260562 0.007701366279 cfg1 2 1 0 0 na na
10 64497.418350273339 0.007701284972 cfg1 2 1 0 0 na na
10 64497.433350258971 0.007701028020 cfg1 2 1 0 0 na na
10 64497.440350332881 0.007700924499 cfg1 2 2 0 0 na na
10 64497.491350274946 0.007700097486 cfg1 2 1 0 0 na na
10 64497.608350295194 0.007698200763 cfg1 2 2 0 0 na na
10 64497.619350269808 0.007698023003 cfg1 2 1 0 0 na na
10 64497.624350385918 0.007697941623 cfg1 2 2 0 0 na na
10 64497.625350236766 0.007697935257 cfg1 2 1 0 0 na na
10 64497.632350312209 0.007697812156 cfg1 2 2 0 0 na na
10 64497.635350252872 0.007697763440 cfg1 2 2 0 0 na na
10 64497.642350320909 0.007697644100 cfg1 2 1 0 0 na na
10 64497.645350289316 0.007697601661 cfg1 2 2 0 0 na na
10 64497.648350263922 0.007697553079 cfg1 2 2 0 0 na na
10 64497.675350285905 0.007697101436 cfg1 2 1 0 0 na na
10 64497.701350295288 0.007696695605 cfg1 2 2 0 0 na na
10 64497.707350287931 0.007696593101 cfg1 2 1 0 0 na na
10 64497.714350233122 0.007696498791 cfg1 2 1 0 0 na na
10 64497.724350255837 0.007696316204 cfg1 2 1 0 0 na na
10 64497.749350256963 0.007695919466 cfg1 2 2 0 0 na na
10 64497.750350326707 0.007695903346 cfg1 2 2 0 0 na na
10 64497.769350351770 0.007695596186 cfg1 2 2 0 0 na na
10 64497.774350246486 0.007695515486 cfg1 2 2 0 0 na na
10 64497.781350287976 0.007695402307 cfg1 2 2 0 0 na na
10 64497.835350244728 0.007694532049 cfg1 2 1 0 0 na na
10 64497.868350308687 0.007693997574 cfg1 2 2 0 0 na na
10 64497.891350286350 0.007693626581 cfg1 2 2 0 0 na na
10 64497.934350282344 0.007692933019 cfg1 2 2 0 0 na na
10 64498.005350289299 0.007691788850 cfg1 2 2 0 0 na na
10 64498.010350257383 0.007691704580 cfg1 2 1 0 0 na na
10 64498.022350263739 0.007691515073 cfg1 2 2 0 0 na na
10 64498.023350283474 0.007691499087 cfg1 2 2 0 0 na na
10 64498.066350351640 0.007690807016 cfg1 2 2 0 0 na na
10 64498.071350337942 0.007690726355 cfg1 2 2 0 0 na na
10 64498.076350345974 0.007690645871 cfg1 2 2 0 0 na na
10 64498.122350359899 0.007689905943 cfg1 2 2 0 0 na na
10 64498.135350267984 0.007689696860 cfg1 2 2 0 0 na na
10 64498.142350326406 0.007689584373 cfg1 2 2 0 0 na na
10 64498.161350283806 0.007689279044 cfg1 2 2 0 0 na na
10 64498.190350287741 0.007688808213 cfg1 2 1 0 0 na na
10 64498.191350254141 0.007688796917 cfg1 2 2 0 0 na na
10 64498.200350309682 0.007688648157 cfg1 2 1 0 0 na na
10 64498.212350276344 0.007688459548 cfg1 2 2 0 0 na na
10 64498.221350304967 0.007688315037 cfg1 2 2 0 0 na na
10 64498.231350340050 0.007688154489 cfg1 2 2 0 0 na na
10 64498.241350337092 0.007687993849 cfg1 2 2 0 0 na na
10 64498.261350246029 0.007687680849 cfg1 2 1 0 0 na na
10 64498.268350247196 0.007687564543 cfg1 2 1 0 0 na na
10 64498.271350283754 0.007687512360 cfg1 2 2 0 0 na na
10 64498.296350322703 0.007687111248 cfg1 2 2 0 0 na na
10 64498.302350249880 0.007687017214 cfg1 2 1 0 0 na na
10 64498.324350240325 0.007686671500 cfg1 2 1 0 0 na na
10 64498.329350275954 0.007686581971 cfg1 2 2 0 0 na na
10 64498.344350302010 0.007686341539 cfg1 2 2 0 0 na na
10 64498.356350255839 0.007686146499 cfg1 2 1 0 0 na na
10 64498.364350289547 0.007686020862 cfg1 2 2 0 0 na na
10 64498.377350311083 0.007685812595 cfg1 2 2 0 0 na na
10 64498.388350259903 0.007685627186 cfg1 2 1 0 0 na na
10 64498.394350249875 0.007685542057 cfg1 2 1 0 0 na na
10 64498.399350289314 0.007685460102 cfg1 2 2 0 0 na na
10 64498.414350326241 0.007685219837 cfg1 2 2 0 0 na na
10 64498.424350283246 0.007685059767 cfg1 2 2 0 0 na na
10 64498.483350267611 0.007684115239 cfg1 2 2 0 0 na na
10 64498.533350276888 0.007683315501 cfg1 2 2 0 0 na na
10 64498.538350287753 0.007683235602 cfg1 2 2 0 0 na na
10 64498.539350275043 0.007683230787 cfg1 2 1 0 0 na na
10 64498.541350247403 0.007683189574 cfg1 2 1 0 0 na na
10 64498.551350388646 0.007683027775 cfg1 2 2 0 0 na na
10 64498.561350296173 0.007682867940 cfg1 2 2 0 0 na na
10 64498.562350337559 0.007682852013 cfg1 2 2 0 0 na na
10 64498.567350295485 0.007682772023 cfg1 2 2 0 0 na na
10 64498.631350296817 0.007681749635 cfg1 2 2 0 0 na na
10 64498.651350339311 0.007681430344 cfg1 2 2 0 0 na na
10 64498.653350312151 0.007681398422 cfg1 2 2 0 0 na na
10 64498.693350315475 0.007680760282 cfg1 2 2 0 0 na na
10 64498.706350291558 0.007680547041 cfg1 2 1 0 0 na na
10 64498.710350283228 0.007680488915 cfg1 2 2 0 0 na na
10 64498.725350352866 0.007680249728 cfg1 2 2 0 0 na na
10 64498.760350261665 0.007679680246 cfg1 2 1 0 0 na na
10 64498.818350256615 0.007678767584 cfg1 2 2 0 0 na na
10 64498.842350268724 0.007678394564 cfg1 2 1 0 0 na na
10 64498.877350300140 0.007677828371 cfg1 2 2 0 0 na na
10 64498.880350283380 0.007677790492 cfg1 2 1 0 0 na na
10 64498.908350315764 0.007677335169 cfg1 2 2 0 0 na na
10 64498.945350316599 0.007676746771 cfg1 2 2 0 0 na na
10 64498.970350245702 0.007676362529 cfg1 2 1 0 0 na na
10 64498.980350299109 0.007676195495 cfg1 2 1 0 0 na na
10 64498.997350272151 0.007675920447 cfg1 2 2 0 0 na na
10 64499.025350233246 0.007675488778 cfg1 2 1 0 0 na na
10 64499.060350273440 0.007674924884 cfg1 2 1 0 0 na na
10 64499.073350285222 0.007674713832 cfg1 2 2 0 0 na na
10 64499.086350331384 0.007674507449 cfg1 2 2 0 0 na na
10 64499.097350291410 0.007674336078 cfg1 2 1 0 0 na na
10 64499.108350311649 0.007674158518 cfg1 2 2 0 0 na na
10 64499.128350369621 0.007673841276 cfg1 2 2 0 0 na na
10 64499.133350248263 0.007673763476 cfg1 2 1 0 0 na na
10 64499.142350302606 0.007673619304 cfg1 2 2 0 0 na na
10 64499.143350279938 0.007673597009 cfg1 2 1 0 0 na na
10 64499.147350279011 0.007673540081 cfg1 2 2 0 0 na na
10 64499.152350323519 0.007673460823 cfg1 2 2 0 0 na na
10 64499.154350280661 0.007673439533 cfg1 2 1 0 0 na na
10 64499.172350388586 0.007673143817 cfg1 2 2 0 0 na na
10 64499.256350252561 0.007671813431 cfg1 2 2 0 0 na na
10 64499.262350278368 0.007671704648 cfg1 2 1 0 0 na na
10 64499.266350363504 0.007671655284 cfg1 2 2 0 0 na na
10 64499.293350285677 0.007671219268 cfg1 2 1 0 0 na na
10 64499.322350319207 0.007670769291 cfg1 2 2 0 0 na na
10 64499.323350269592 0.007670753590 cfg1 2 2 0 0 na na
10 64499.332350374910 0.007670611251 cfg1 2 2 0 0 na na
10 64499.336350299238 0.007670547969 cfg1 2 2 0 0 na na
10 64499.347350269863 0.007670374082 cfg1 2 2 0 0 na na
10 64499.381350270386 0.007669836791 cfg1 2 2 0 0 na na
10 64499.384350280600 0.007669789341 cfg1 2 2 0 0 na na
10 64499.388350305930 0.007669726152 cfg1 2 2 0 0 na na
10 64499.392350333926 0.007669662912 cfg1 2 2 0 0 na na
10 64499.409350305024 0.007669394400 cfg1 2 2 0 0 na na
10 64499.414350300725 0.007669315398 cfg1 2 2 0 0 na na
10 64499.440350262533 0.007668904884 cfg1 2 2 0 0 na na
10 64499.442350300699 0.007668876927 cfg1 2 1 0 0 na na
10 64499.445350323944 0.007668825970 cfg1 2 2 0 0 na na
10 64499.449350339007 0.007668762883 cfg1 2 2 0 0 na na
10 64499.464350339889 0.007668526101 cfg1 2 2 0 0 na na
10 64499.487350289983 0.007668163587 cfg1 2 1 0 0 na na
10 64499.494350267813 0.007668046133 cfg1 2 1 0 0 na na
10 64499.524350304808 0.007667579588 cfg1 2 2 0 0 na na
10 64499.543350326106 0.007667280053 cfg1 2 2 0 0 na na
10 64499.592350389920 0.007666507874 cfg1 2 2 0 0 na na
10 64499.642350325685 0.007665720492 cfg1 2 2 0 0 na na
10 64499.739350312372 0.007664194562 cfg1 2 2 0 0 na na
10 64499.748350319349 0.007664053129 cfg1 2 2 0 0 na na
10 64499.767350319250 0.007663754604 cfg1 2 2 0 0 na na
10 64499.800350289722 0.007663235106 cfg1 2 1 0 0 na na
10 64499.851350271326 0.007662431681 cfg1 2 1 0 0 na na
10 64499.856350256293 0.007662356883 cfg1 2 2 0 0 na na
10 64499.868350279449 0.007662171373 cfg1 2 1 0 0 na na
10 64499.911350290055 0.007661479213 cfg1 2 1 0 0 na na
10 64499.949350291581 0.007660898315 cfg1 2 2 0 0 na na
10 64499.967350309292 0.007660603768 cfg1 2 1 0 0 na na
10 64499.991350316154 0.007660240271 cfg1 2 2 0 0 na na
10 64500.026350270935 0.007659699808 cfg1 2 1 0 0 na na
10 64500.098350251717 0.007658565772 cfg1 2 2 0 0 na na
10 64500.104350311618 0.007658471829 cfg1 2 2 0 0 na na
10 64500.115350331618 0.007658299696 cfg1 2 2 0 0 na na
10 64500.139350255109 0.007657921912 cfg1 2 1 0 0 na na
10 64500.147350304062 0.007657799532 cfg1 2 2 0 0 na na
10 64500.166350333375 0.007657502653 cfg1 2 2 0 0 na na
10 64500.172350331350 0.007657408875 cfg1 2 2 0 0 na na
10 64500.201350383720 0.007656955895 cfg1 2 2 0 0 na na
10 64500.205350279954 0.007656893441 cfg1 2 2 0 0 na na
10 64500.231350340868 0.007656487466 cfg1 2 2 0 0 na na
10 64500.245350312487 0.007656269023 cfg1 2 2 0 0 na na
10 64500.257350252062 0.007656081723 cfg1 2 2 0 0 na na
10 64500.295350275952 0.007655489007 cfg1 2 2 0 0 na na
10 64500.297350331122 0.007655457796 cfg1 2 2 0 0 na na
10 64500.303350300912 0.007655364272 cfg1 2 2 0 0 na na
10 64500.342350291186 0.007654756279 cfg1 2 2 0 0 na na
10 64500.373350314326 0.007654286047 cfg1 2 1 0 0 na na
10 64500.399350302264 0.007653880255 cfg1 2 1 0 0 na na
10 64500.401350376761 0.007653837169 cfg1 2 2 0 0 na na
10 64500.415350276070 0.007653619217 cfg1 2 2 0 0 na na
10 64500.454350270921 0.007653012178 cfg1 2 2 0 0 na na
10 64500.457350285058 0.007652965521 cfg1 2 2 0 0 na na
10 64500.467350261367 0.007652809955 cfg1 2 2 0 0 na na
10 64500.519350249592 0.007652002368 cfg1 2 1 0 0 na na
10 64500.520350291524 0.007651985754 cfg1 2 2 0 0 na na
10 64500.523350266520 0.007651939207 cfg1 2 2 0 0 na na
10 64500.530350281885 0.007651826997 cfg1 2 1 0 0 na na
10 64500.546350265804 0.007651568394 cfg1 2 1 0 0 na na
10 64500.547350252617 0.007651566225 cfg1 2 2 0 0 na na
10 64500.553350284142 0.007651473053 cfg1 2 2 0 0 na na
10 64500.555350246005 0.007651445971 cfg1 2 1 0 0 na na
10 64500.627350242928 0.007650335113 cfg1 2 1 0 0 na na
10 64500.643350260175 0.007650076437 cfg1 2 1 0 0 na na
10 64500.688350247622 0.007649384266 cfg1 2 1 0 0 na na
10 64500.696350318803 0.007649249881 cfg1 2 1 0 0 na na
10 64500.698350308649 0.007649209441 cfg1 2 1 0 0 na na
10 64500.731350275599 0.007648701535 cfg1 2 1 0 0 na na
10 64500.748350296240 0.007648447558 cfg1 2 2 0 0 na na
10 64500.791350320777 0.007647781573 cfg1 2 2 0 0 na na
10 64500.797350240129 0.007647701847 cfg1 2 1 0 0 na na
10 64500.798350295232 0.007647675183 cfg1 2 1 0 0 na na
10 64500.808350304450 0.007647518284 cfg1 2 2 0 0 na na
10 64500.850350302317 0.007646868362 cfg1 2 2 0 0 na na
10 64500.876350240374 0.007646476393 cfg1 2 1 0 0 na na
10 64500.886350308732 0.007646311638 cfg1 2 2 0 0 na na
10 64500.931350237863 0.007645629105 cfg1 2 1 0 0 na na
10 64500.953350287065 0.007645276208 cfg1 2 2 0 0 na na
10 64500.960350323512 0.007645168182 cfg1 2 2 0 0 na na
10 64500.970350265733 0.007645013564 cfg1 2 2 0 0 na na
10 64500.973350273233 0.007644967260 cfg1 2 2 0 0 na na
10 64500.986350356070 0.007644766511 cfg1 2 2 0 0 na na
10 64500.990350277720 0.007644712852 cfg1 2 1 0 0 na na
10 64500.994350290748 0.007644643047 cfg1 2 2 0 0 na na
10 64501.016350257836 0.007644303525 cfg1 2 2 0 0 na na
10 64501.024350283292 0.007644180160 cfg1 2 2 0 0 na na
10 64501.073350288569 0.007643424135 cfg1 2 2 0 0 na na
10 64501.081350263281 0.007643300827 cfg1 2 2 0 0 na na
10 64501.112350253348 0.007642822965 cfg1 2 2 0 0 na na
10 64501.128350305076 0.007642576455 cfg1 2 2 0 0 na na
10 64501.130350296902 0.007642558912 cfg1 2 1 0 0 na na
10 64501.150350271377 0.007642237503 cfg1 2 2 0 0 na na
10 64501.154350273892 0.007642175952 cfg1 2 2 0 0 na na
10 64501.157350244722 0.007642137229 cfg1 2 1 0 0 na na
10 64501.169350303908 0.007641931957 cfg1 2 1 0 0 na na
10 64501.174350320361 0.007641867955 cfg1 2 2 0 0 na na
10 64501.185350285452 0.007641698585 cfg1 2 2 0 0 na na
10 64501.189350290831 0.007641621532 cfg1 2 1 0 0 na na
10 64501.207350275951 0.007641360608 cfg1 2 1 0 0 na na
10 64501.230350243661 0.007641013106 cfg1 2 1 0 0 na na
10 64501.249350241321 0.007640725801 cfg1 2 1 0 0 na na
10 64501.282350275149 0.007640206420 cfg1 2 2 0 0 na na
10 64501.284350309502 0.007640176030 cfg1 2 1 0 0 na na
10 64501.320350326286 0.007639620502 cfg1 2 1 0 0 na na
10 64501.355350320787 0.007639084847 cfg1 2 2 0 0 na na
10 64501.430350314041 0.007637933819 cfg1 2 2 0 0 na na
10 64501.443350255554 0.007637734333 cfg1 2 2 0 0 na na
10 64501.447350325287 0.007637673040 cfg1 2 2 0 0 na na
10 64501.448350270281 0.007637668823 cfg1 2 1 0 0 na na
10 64501.454350292631 0.007637565664 cfg1 2 2 0 0 na na
10 64501.487350252267 0.007637059907 cfg1 2 2 0 0 na na
10 64501.497350243464 0.007636913169 cfg1 2 1 0 0 na na
10 64501.516350306592 0.007636615419 cfg1 2 2 0 0 na na
10 64501.523350307084 0.007636513434 cfg1 2 1 0 0 na na
10 64501.553350280311 0.007636048790 cfg1 2 2 0 0 na na
10 64501.557350256315 0.007635993478 cfg1 2 1 0 0 na na
10 64501.568350327329 0.007635819150 cfg1 2 2 0 0 na na
10 64501.595350316824 0.007635405936 cfg1 2 2 0 0 na na
10 64501.645350291380 0.007634641137 cfg1 2 2 0 0 na na
10 64501.648350357495 0.007634595355 cfg1 2 2 0 0 na na
10 64501.660350262536 0.007634399529 cfg1 2 1 0 0 na na
10 64501.672350310041 0.007634228409 cfg1 2 2 0 0 na na
10 64501.698350300477 0.007633831110 cfg1 2 2 0 0 na na
10 64501.708350254295 0.007633678296 cfg1 2 2 0 0 na na
10 64501.718350316253 0.007633525627 cfg1 2 2 0 0 na na
10 64501.798350344626 0.007632304993 cfg1 2 1 0 0 na na
10 64501.802350351493 0.007632243383 cfg1 2 2 0 0 na na
10 64501.828350284640 0.007631833932 cfg1 2 1 0 0 na na
10 64501.844350297843 0.007631602894 cfg1 2 2 0 0 na na
10 64501.874350299323 0.007631145671 cfg1 2 2 0 0 na na
10 64501.891350336694 0.007630886715 cfg1 2 2 0 0 na na
10 64501.895350327083 0.007630827058 cfg1 2 1 0 0 na na
10 64501.898350322980 0.007630780012 cfg1 2 2 0 0 na na
10 64501.912350297406 0.007630566778 cfg1 2 2 0 0 na na
10 64501.921350328996 0.007630429753 cfg1 2 2 0 0 na na
10 64501.927350297104 0.007630338367 cfg1 2 2 0 0 na na
10 64501.958350260973 0.007629870323 cfg1 2 1 0 0 na na
10 64501.973350246226 0.007629640850 cfg1 2 1 0 0 na na
10 64502.006350301234 0.007629136190 cfg1 2 2 0 0 na na
10 64502.020350287162 0.007628923137 cfg1 2 1 0 0 na na
10 64502.028350247154 0.007628804709 cfg1 2 1 0 0 na na
10 64502.036350295424 0.007628680060 cfg1 2 2 0 0 na na
10 64502.064350286665 0.007628254490 cfg1 2 2 0 0 na na
10 64502.072350311083 0.007628121237 cfg1 2 1 0 0 na na
10 64502.074350314419 0.007628103121 cfg1 2 1 0 0 na na
10 64502.101350382909 0.007627692486 cfg1 2 2 0 0 na na
10 64502.134350265340 0.007627204612 cfg1 2 1 0 0 na na
10 64502.175350359850 0.007626569182 cfg1 2 2 0 0 na na
10 64502.185350327164 0.007626417673 cfg1 2 2 0 0 na na
10 64502.225350353922 0.007625818015 cfg1 2 1 0 0 na na
10 64502.250350255867 0.007625432169 cfg1 2 2 0 0 na na
10 64502.269350316109 0.007625144306 cfg1 2 2 0 0 na na
10 64502.272350320205 0.007625098865 cfg1 2 2 0 0 na na
10 64502.312350311405 0.007624493227 cfg1 2 2 0 0 na na
10 64502.320350312350 0.007624372199 cfg1 2 2 0 0 na na
10 64502.343350292233 0.007624024014 cfg1 2 2 0 0 na na
10 64502.369350307946 0.007623642788 cfg1 2 1 0 0 na na
10 64502.376350267043 0.007623526417 cfg1 2 1 0 0 na na
10 64502.387350281432 0.007623359882 cfg1 2 1 0 0 na na
10 64502.394350375597 0.007623253016 cfg1 2 1 0 0 na na
10 64502.411350263981 0.007622995557 cfg1 2 2 0 0 na na
10 64502.456350349676 0.007622315571 cfg1 2 2 0 0 na na
10 64502.503350258368 0.007621598304 cfg1 2 1 0 0 na na
10 64502.513350245080 0.007621457187 cfg1 2 1 0 0 na na
10 64502.566350330279 0.007620660385 cfg1 2 1 0 0 na na
10 64502.567350299820 0.007620640164 cfg1 2 2 0 0 na na
10 64502.608350271868 0.007620018948 cfg1 2 1 0 0 na na
10 64502.644350303384 0.007619475437 cfg1 2 1 0 0 na na
10 64502.657350261417 0.007619270549 cfg1 2 1 0 0 na na
10 64502.681350247593 0.007618924412 cfg1 2 1 0 0 na na
10 64502.697350351517 0.007618666584 cfg1 2 1 0 0 na na
10 64502.730350311339 0.007618185164 cfg1 2 2 0 0 na na
10 64502.782350279095 0.007617403208 cfg1 2 2 0 0 na na
10 64502.827350264042 0.007616712834 cfg1 2 1 0 0 na na
10 64502.868350274531 0.007616111368 cfg1 2 2 0 0 na na
10 64502.879350297867 0.007615946209 cfg1 2 2 0 0 na na
10 64502.880350318993 0.007615931280 cfg1 2 2 0 0 na na
10 64502.883350291532 0.007615886139 cfg1 2 2 0 0 na na
10 64502.897350290425 0.007615676091 cfg1 2 2 0 0 na na
10 64502.932350316517 0.007615151004 cfg1 2 2 0 0 na na
10 64502.951350276384 0.007614866116 cfg1 2 2 0 0 na na
10 64502.980350347504 0.007614416726 cfg1 2 1 0 0 na na
10 64502.995350342603 0.007614206684 cfg1 2 2 0 0 na na
10 64503.017350328072 0.007613877199 cfg1 2 2 0 0 na na
10 64503.018350297660 0.007613862087 cfg1 2 2 0 0 na na
10 64503.071350288263 0.007613068631 cfg1 2 2 0 0 na na
10 64503.114350368619 0.007612436448 cfg1 2 1 0 0 na na
10 64503.121350299376 0.007612320641 cfg1 2 2 0 0 na na
10 64503.196350378684 0.007611200133 cfg1 2 1 0 0 na na
10 64503.202350291537 0.007611110197 cfg1 2 2 0 0 na na
10 64503.207350308729 0.007611035442 cfg1 2 2 0 0 na na
10 64503.211350267156 0.007610975760 cfg1 2 2 0 0 na na
10 64503.217350318140 0.007610886285 cfg1 2 2 0 0 na na
10 64503.219350260218 0.007610856239 cfg1 2 2 0 0 na na
10 64503.222350248144 0.007610813950 cfg1 2 1 0 0 na na
10 64503.226350307838 0.007610751708 cfg1 2 2 0 0 na na
10 64503.233350252347 0.007610647262 cfg1 2 2 0 0 na na
10 64503.243350287840 0.007610498010 cfg1 2 2 0 0 na na
10 64503.268350286980 0.007610124851 cfg1 2 2 0 0 na na
10 64503.283350341735 0.007609901119 cfg1 2 2 0 0 na na
10 64503.321350245126 0.007609341953 cfg1 2 1 0 0 na na
10 64503.322350349319 0.007609319525 cfg1 2 2 0 0 na na
10 64503.325350350978 0.007609274810 cfg1 2 2 0 0 na na
10 64503.329350317525 0.007609223197 cfg1 2 1 0 0 na na
10 64503.344350306220 0.007608991644 cfg1 2 2 0 0 na na
10 64503.346350356576 0.007608961816 cfg1 2 2 0 0 na na
10 64503.358350331407 0.007608783049 cfg1 2 2 0 0 na na
10 64503.362350311232 0.007608723652 cfg1 2 2 0 0 na na
10 64503.365350385143 0.007608678705 cfg1 2 2 0 0 na na
10 64503.372350328814 0.007608575091 cfg1 2 1 0 0 na na
10 64503.373350275416 0.007608556315 cfg1 2 1 0 0 na na
10 64503.379350248966 0.007608472928 cfg1 2 1 0 0 na na
10 64503.387350284810 0.007608350993 cfg1 2 2 0 0 na na
10 64503.393350319120 0.007608272733 cfg1 2 1 0 0 na na
10 64503.404350364911 0.007608097860 cfg1 2 2 0 0 na na
10 64503.443350239037 0.007607528068 cfg1 2 1 0 0 na na
10 64503.471350305070 0.007607100831 cfg1 2 2 0 0 na na
10 64503.496350281884 0.007606729039 cfg1 2 2 0 0 na na
10 64503.502350298241 0.007606652696 cfg1 2 1 0 0 na na
10 64503.503350289163 0.007606625009 cfg1 2 2 0 0 na na
10 64503.519350284617 0.007606387205 cfg1 2 2 0 0 na na
10 64503.539350342462 0.007606089850 cfg1 2 1 0 0 na na
10 64503.567350285025 0.007605673970 cfg1 2 2 0 0 na na
10 64503.580350345178 0.007605481039 cfg1 2 2 0 0 na na
10 64503.606350291003 0.007605094987 cfg1 2 2 0 0 na na
10 64503.616350285968 0.007604946648 cfg1 2 2 0 0 na na
10 64503.618350259245 0.007604916826 cfg1 2 2 0 0 na na
10 64503.716350274377 0.007603463676 cfg1 2 2 0 0 na na
10 64503.736350365444 0.007603167341 cfg1 2 2 0 0 na na
10 64503.770350284954 0.007602663889 cfg1 2 2 0 0 na na
10 64503.785350287110 0.007602438207 cfg1 2 1 0 0 na na
10 64503.786350304365 0.007602427378 cfg1 2 1 0 0 na na
10 64503.827350282196 0.007601820340 cfg1 2 2 0 0 na na
10 64503.831350279384 0.007601762976 cfg1 2 1 0 0 na na
10 64503.845350355847 0.007601554002 cfg1 2 1 0 0 na na
10 64503.858350295639 0.007601361895 cfg1 2 2 0 0 na na
10 64503.865350256660 0.007601258390 cfg1 2 2 0 0 na na
10 64503.869350288208 0.007601199346 cfg1 2 2 0 0 na na
10 64503.871350324841 0.007601178921 cfg1 2 1 0 0 na na
10 64503.903350285618 0.007600697921 cfg1 2 1 0 0 na na
10 64503.982350319067 0.007599530293 cfg1 2 2 0 0 na na
10 64503.991350313010 0.007599397545 cfg1 2 2 0 0 na na
10 64504.009350300901 0.007599131970 cfg1 2 2 0 0 na na
10 64504.104350312086 0.007597726050 cfg1 2 1 0 0 na na
10 64504.152350276311 0.007597021697 cfg1 2 1 0 0 na na
10 64504.166350250229 0.007596821829 cfg1 2 1 0 0 na na
10 64504.168350267155 0.007596774911 cfg1 2 1 0 0 na na
10 64504.183350315256 0.007596568921 cfg1 2 2 0 0 na na
10 64504.187350310882 0.007596510128 cfg1 2 2 0 0 na na
10 64504.195350342931 0.007596392407 cfg1 2 2 0 0 na na
10 64504.200350276204 0.007596318941 cfg1 2 2 0 0 na na
10 64504.206350285085 0.007596230689 cfg1 2 2 0 0 na na
10 64504.218350319046 0.007596054229 cfg1 2 2 0 0 na na
10 64504.220350312593 0.007596024820 cfg1 2 2 0 0 na na
10 64504.283350283671 0.007595100280 cfg1 2 1 0 0 na na
10 64504.288350264011 0.007595025649 cfg1 2 2 0 0 na na
10 64504.291350390530 0.007594986265 cfg1 2 1 0 0 na na
10 64504.294350266478 0.007594937531 cfg1 2 2 0 0 na na
10 64504.301350284460 0.007594834730 cfg1 2 2 0 0 na na
10 64504.308350259669 0.007594731974 cfg1 2 2 0 0 na na
10 64504.316350340022 0.007594614539 cfg1 2 2 0 0 na na
10 64504.357350295479 0.007594012883 cfg1 2 2 0 0 na na
10 64504.360350285966 0.007593969060 cfg1 2 2 0 0 na na
10 64504.371350289341 0.007593818019 cfg1 2 1 0 0 na na
10 64504.372350301062 0.007593792824 cfg1 2 2 0 0 na na
10 64504.373350262165 0.007593769691 cfg1 2 1 0 0 na na
10 64504.382350353048 0.007593646241 cfg1 2 2 0 0 na na
10 64504.385350238196 0.007593613563 cfg1 2 1 0 0 na na
10 64504.394350252121 0.007593470222 cfg1 2 2 0 0 na na
10 64504.401350329221 0.007593368718 cfg1 2 1 0 0 na na
10 64504.457350277579 0.007592547000 cfg1 2 2 0 0 na na
10 64504.486350356296 0.007592130226 cfg1 2 1 0 0 na na
10 64504.496350321543 0.007591976001 cfg1 2 2 0 0 na na
10 64504.507350287588 0.007591815007 cfg1 2 2 0 0 na na
10 64504.519350315892 0.007591639436 cfg1 2 2 0 0 na na
10 64504.523350323226 0.007591580833 cfg1 2 2 0 0 na na
10 64504.551350339528 0.007591171693 cfg1 2 1 0 0 na na
10 64504.569350250295 0.007590911724 cfg1 2 1 0 0 na na
10 64504.582350290712 0.007590717978 cfg1 2 2 0 0 na na
10 64504.605350282598 0.007590380508 cfg1 2 1 0 0 na na
10 64504.608350279934 0.007590337942 cfg1 2 2 0 0 na na
10 64504.612350261274 0.007590275437 cfg1 2 1 0 0 na na
10 64504.661350326373 0.007589563845 cfg1 2 2 0 0 na na
10 64504.663350306021 0.007589534728 cfg1 2 2 0 0 na na
10 64504.694350306240 0.007589082184 cfg1 2 2 0 0 na na
10 64504.727350274606 0.007588600720 cfg1 2 2 0 0 na na
10 64504.749350238584 0.007588293276 cfg1 2 1 0 0 na na
10 64504.791350301941 0.007587667788 cfg1 2 2 0 0 na na
10 64504.797350326033 0.007587580452 cfg1 2 2 0 0 na na
10 64504.800350239629 0.007587547231 cfg1 2 1 0 0 na na
10 64504.837350275458 0.007586997856 cfg1 2 2 0 0 na na
10 64504.846350310002 0.007586866862 cfg1 2 2 0 0 na na
10 64504.848350333484 0.007586837671 cfg1 2 2 0 0 na na
10 64504.852350317042 0.007586779522 cfg1 2 2 0 0 na na
10 64504.859350307369 0.007586677586 cfg1 2 2 0 0 na na
10 64504.868350337397 0.007586546601 cfg1 2 2 0 0 na na
10 64504.892350274645 0.007586188513 cfg1 2 1 0 0 na na
10 64504.901350345911 0.007586066509 cfg1 2 2 0 0 na na
10 64504.939350278007 0.007585514062 cfg1 2 2 0 0 na na
10 64504.952350379037 0.007585325096 cfg1 2 2 0 0 na na
10 64504.957350253598 0.007585253345 cfg1 2 1 0 0 na na
10 64504.970350317359 0.007585057133 cfg1 2 1 0 0 na na
10 64504.977350250102 0.007584961878 cfg1 2 2 0 0 na na
10 64505.001350248954 0.007584620659 cfg1 2 1 0 0 na na
10 64505.022350268039 0.007584309541 cfg1 2 1 0 0 na na
10 64505.027350299523 0.007584235818 cfg1 2 2 0 0 na na
10 64505.029350239908 0.007584216809 cfg1 2 1 0 0 na na
10 64505.047350285358 0.007583946344 cfg1 2 1 0 0 na na
10 64505.100350252161 0.007583174798 cfg1 2 1 0 0 na na
10 64505.108350301318 0.007583060830 cfg1 2 2 0 0 na na
10 64505.122350362831 0.007582861208 cfg1 2 1 0 0 na na
10 64505.130350341707 0.007582741969 cfg1 2 2 0 0 na na
10 64505.131350301896 0.007582735783 cfg1 2 1 0 0 na na
10 64505.134350242248 0.007582689681 cfg1 2 1 0 0 na na
10 64505.151350329983 0.007582437639 cfg1 2 2 0 0 na na
10 64505.157350244031 0.007582358347 cfg1 2 1 0 0 na na
10 64505.297350279327 0.007580329322 cfg1 2 1 0 0 na na
10 64505.299350253364 0.007580296192 cfg1 2 2 0 0 na na
10 64505.330350393042 0.007579848227 cfg1 2 2 0 0 na na
10 64505.375350291152 0.007579198443 cfg1 2 2 0 0 na na
10 64505.380350291223 0.007579126322 cfg1 2 2 0 0 na na
10 64505.418350285991 0.007578564801 cfg1 2 1 0 0 na na
10 64505.454350236821 0.007578070029 cfg1 2 1 0 0 na na
10 64505.463350309656 0.007577929116 cfg1 2 2 0 0 na na
10 64505.482350336539 0.007577655329 cfg1 2 2 0 0 na na
10 64505.485350278341 0.007577612039 cfg1 2 2 0 0 na na
10 64505.506350275922 0.007577311842 cfg1 2 1 0 0 na na
10 64505.507350262991 0.007577295142 cfg1 2 2 0 0 na na
10 64505.564350271932 0.007576474465 cfg1 2 2 0 0 na na
10 64505.574350261549 0.007576320430 cfg1 2 1 0 0 na na
10 64505.582350251762 0.007576215354 cfg1 2 1 0 0 na na
10 64505.616350316227 0.007575726477 cfg1 2 2 0 0 na na
10 64505.619350282017 0.007575683300 cfg1 2 2 0 0 na na
10 64505.623350306372 0.007575625825 cfg1 2 2 0 0 na na
10 64505.652350353601 0.007575203433 cfg1 2 1 0 0 na na
10 64505.671350245294 0.007574942044 cfg1 2 1 0 0 na na
10 64505.675350276605 0.007574884366 cfg1 2 1 0 0 na na
10 64505.676350285836 0.007574864137 cfg1 2 2 0 0 na na
10 64505.685350261177 0.007574734861 cfg1 2 2 0 0 na na
10 64505.701350293108 0.007574504237 cfg1 2 1 0 0 na na
10 64505.705350310898 0.007574447624 cfg1 2 2 0 0 na na
10 64505.749350315268 0.007573816168 cfg1 2 2 0 0 na na
10 64505.755350245355 0.007573736572 cfg1 2 1 0 0 na na
10 64505.757350303884 0.007573691819 cfg1 2 1 0 0 na na
10 64505.767350314075 0.007573557921 cfg1 2 2 0 0 na na
10 64505.770350299542 0.007573514871 cfg1 2 2 0 0 na na
10 64505.787350300816 0.007573271084 cfg1 2 2 0 0 na na
10 64505.794350342057 0.007573170754 cfg1 2 2 0 0 na na
10 64505.805350283501 0.007573014227 cfg1 2 1 0 0 na na
10 64505.809350338727 0.007572955613 cfg1 2 2 0 0 na na
10 64505.815350320713 0.007572869641 cfg1 2 2 0 0 na na
10 64505.821350318540 0.007572783669 cfg1 2 2 0 0 na na
10 64505.826350285397 0.007572712006 cfg1 2 2 0 0 na na
10 64505.833350327255 0.007572611832 cfg1 2 2 0 0 na na
10 64505.834350286766 0.007572597442 cfg1 2 2 0 0 na na
10 64505.850350240550 0.007572376252 cfg1 2 1 0 0 na na
10 64505.870350275069 0.007572081711 cfg1 2 2 0 0 na na
10 64505.874350243494 0.007572028411 cfg1 2 1 0 0 na na
10 64505.906350271932 0.007571566345 cfg1 2 2 0 0 na na
10 64505.923350246436 0.007571325545 cfg1 2 1 0 0 na na
10 64505.948350344737 0.007570965546 cfg1 2 2 0 0 na na
10 64505.958350268854 0.007570822554 cfg1 2 2 0 0 na na
10 64505.968350244178 0.007570682740 cfg1 2 1 0 0 na na
10 64505.969350264879 0.007570665721 cfg1 2 1 0 0 na na
10 64505.973350315949 0.007570608060 cfg1 2 2 0 0 na na
10 64505.979350311815 0.007570522317 cfg1 2 2 0 0 na na
10 64505.985350277592 0.007570436492 cfg1 2 2 0 0 na na
10 64506.005350302813 0.007570150742 cfg1 2 2 0 0 na na
10 64506.010350318324 0.007570079342 cfg1 2 2 0 0 na na
10 64506.015350287761 0.007570007897 cfg1 2 2 0 0 na na
10 64506.019350356618 0.007569950712 cfg1 2 2 0 0 na na
10 64506.043350289425 0.007569607916 cfg1 2 2 0 0 na na
10 64506.064350313265 0.007569308095 cfg1 2 2 0 0 na na
10 64506.065350294711 0.007569293791 cfg1 2 2 0 0 na na
10 64506.077350285380 0.007569122529 cfg1 2 2 0 0 na na
10 64506.078350239777 0.007569116908 cfg1 2 1 0 0 na na
10 64506.087350259919 0.007568971987 cfg1 2 1 0 0 na na
10 64506.142350243698 0.007568203225 cfg1 2 1 0 0 na na
10 64506.151350246936 0.007568069940 cfg1 2 1 0 0 na na
10 64506.165350286367 0.007567867574 cfg1 2 2 0 0 na na
10 64506.180350317315 0.007567653796 cfg1 2 2 0 0 na na
10 64506.193350300488 0.007567468659 cfg1 2 2 0 0 na na
10 64506.217350299566 0.007567126945 cfg1 2 2 0 0 na na
10 64506.220350277844 0.007567084154 cfg1 2 2 0 0 na na
10 64506.222350270677 0.007567055628 cfg1 2 2 0 0 na na
10 64506.224350327393 0.007567027133 cfg1 2 2 0 0 na na
10 64506.227350261748 0.007566984467 cfg1 2 2 0 0 na na
10 64506.242350289240 0.007566770908 cfg1 2 2 0 0 na na
10 64506.255350276479 0.007566585924 cfg1 2 2 0 0 na na
10 64506.258350299297 0.007566543240 cfg1 2 2 0 0 na na
10 64506.268350289378 0.007566400887 cfg1 2 2 0 0 na na
10 64506.281350275573 0.007566215996 cfg1 2 2 0 0 na na
10 64506.282350279210 0.007566201719 cfg1 2 2 0 0 na na
10 64506.283350348932 0.007566187584 cfg1 2 2 0 0 na na
10 64506.292350280382 0.007566059530 cfg1 2 2 0 0 na na
10 64506.321350263073 0.007565647213 cfg1 2 2 0 0 na na
10 64506.333350313809 0.007565476557 cfg1 2 2 0 0 na na
10 64506.334350300420 0.007565462451 cfg1 2 2 0 0 na na
10 64506.344350303659 0.007565320353 cfg1 2 2 0 0 na na
10 64506.358350371258 0.007565121463 cfg1 2 2 0 0 na na
10 64506.359350261816 0.007565113729 cfg1 2 1 0 0 na na
10 64506.382350240412 0.007564791424 cfg1 2 1 0 0 na na
10 64506.387350267043 0.007564694973 cfg1 2 1 0 0 na na
10 64506.395350304794 0.007564595956 cfg1 2 2 0 0 na na
10 64506.413350251141 0.007564340811 cfg1 2 1 0 0 na na
10 64506.437350247485 0.007564004377 cfg1 2 1 0 0 na na
10 64506.464350287752 0.007563616864 cfg1 2 2 0 0 na na
10 64506.527350301961 0.007562724050 cfg1 2 2 0 0 na na
10 64506.540350251473 0.007562540399 cfg1 2 1 0 0 na na
10 64506.544350247105 0.007562484613 cfg1 2 1 0 0 na na
10 64506.563350246141 0.007562215884 cfg1 2 1 0 0 na na
10 64506.613350307143 0.007561506477 cfg1 2 2 0 0 na na
10 64506.634350241840 0.007561214853 cfg1 2 1 0 0 na na
10 64506.639350283596 0.007561138773 cfg1 2 2 0 0 na na
10 64506.641350246467 0.007561119043 cfg1 2 1 0 0 na na
10 64506.644350282977 0.007561068067 cfg1 2 2 0 0 na na
10 64506.647350307741 0.007561025616 cfg1 2 2 0 0 na na
10 64506.656350291108 0.007560885155 cfg1 2 1 0 0 na na
10 64506.660350278235 0.007560841820 cfg1 2 2 0 0 na na
10 64506.664350322558 0.007560785270 cfg1 2 2 0 0 na na
10 64506.682350262699 0.007560530952 cfg1 2 2 0 0 na na
10 64506.690350274879 0.007560417873 cfg1 2 2 0 0 na na
10 64506.704350275041 0.007560220138 cfg1 2 2 0 0 na na
10 64506.710350329275 0.007560135415 cfg1 2 2 0 0 na na
10 64506.766350259160 0.007559344687 cfg1 2 2 0 0 na na
10 64506.803350258622 0.007558822823 cfg1 2 2 0 0 na na
10 64506.853350329754 0.007558118043 cfg1 2 2 0 0 na na
10 64506.892350296478 0.007557568643 cfg1 2 2 0 0 na na
10 64506.927350324139 0.007557075981 cfg1 2 2 0 0 na na
10 64506.934350277446 0.007556977359 cfg1 2 2 0 0 na na
10 64506.944350263721 0.007556836621 cfg1 2 1 0 0 na na
10 64506.956350262185 0.007556667897 cfg1 2 2 0 0 na na
10 64506.968350309295 0.007556499116 cfg1 2 2 0 0 na na
10 64506.991350266730 0.007556175710 cfg1 2 2 0 0 na na
10 64507.017350317200 0.007555810313 cfg1 2 2 0 0 na na
10 64507.026350287186 0.007555683794 cfg1 2 2 0 0 na na
10 64507.064350351059 0.007555150131 cfg1 2 2 0 0 na na
10 64507.078350270924 0.007554953629 cfg1 2 2 0 0 na na
10 64507.092350338917 0.007554757060 cfg1 2 2 0 0 na na
10 64507.098350289558 0.007554672876 cfg1 2 2 0 0 na na
10 64507.099350294230 0.007554658801 cfg1 2 2 0 0 na na
10 64507.106350340613 0.007554568021 cfg1 2 1 0 0 na na
10 64507.109350267579 0.007554518572 cfg1 2 2 0 0 na na
10 64507.116350311262 0.007554420361 cfg1 2 2 0 0 na na
10 64507.118350306351 0.007554392202 cfg1 2 2 0 0 na na
10 64507.140350326943 0.007554083740 cfg1 2 2 0 0 na na
10 64507.157350305188 0.007553845285 cfg1 2 2 0 0 na na
10 64507.160350290355 0.007553803221 cfg1 2 2 0 0 na na
10 64507.183350260249 0.007553472392 cfg1 2 1 0 0 na na
10 64507.186350359397 0.007553444402 cfg1 2 1 0 0 na na
10 64507.201350344456 0.007553228679 cfg1 2 2 0 0 na na
10 64507.224350284855 0.007552906490 cfg1 2 2 0 0 na na
10 64507.256350324176 0.007552458566 cfg1 2 2 0 0 na na
10 64507.267350311823 0.007552304567 cfg1 2 2 0 0 na na
10 64507.306350251400 0.007551760220 cfg1 2 1 0 0 na na
10 64507.333350329587 0.007551381437 cfg1 2 2 0 0 na na
10 64507.369350336001 0.007550878525 cfg1 2 2 0 0 na na
10 64507.445350263616 0.007549817513 cfg1 2 2 0 0 na na
10 64507.487350276603 0.007549231651 cfg1 2 2 0 0 na na
10 64507.494350311653 0.007549146843 cfg1 2 1 0 0 na na
10 64507.535350264336 0.007548562765 cfg1 2 2 0 0 na na
10 64507.551350296772 0.007548339869 cfg1 2 2 0 0 na na
10 64507.584350314188 0.007547880445 cfg1 2 2 0 0 na na
10 64507.620350332266 0.007547379522 cfg1 2 2 0 0 na na
10 64507.625350290427 0.007547309946 cfg1 2 2 0 0 na na
10 64507.630350301326 0.007547240366 cfg1 2 2 0 0 na na
10 64507.645350252750 0.007547034196 cfg1 2 1 0 0 na na
10 64507.653350281141 0.007546920544 cfg1 2 2 0 0 na na
10 64507.656350278290 0.007546878786 cfg1 2 2 0 0 na na
10 64507.668350299313 0.007546712020 cfg1 2 2 0 0 na na
10 64507.676350263103 0.007546600795 cfg1 2 2 0 0 na na
10 64507.680350293343 0.007546545151 cfg1 2 2 0 0 na na
10 64507.699350256887 0.007546281245 cfg1 2 2 0 0 na na
10 64507.706350257594 0.007546183996 cfg1 2 2 0 0 na na
10 64507.719350260917 0.007546003427 cfg1 2 2 0 0 na na
10 64507.722350294491 0.007545970755 cfg1 2 1 0 0 na na
10 64507.726350259364 0.007545897156 cfg1 2 1 0 0 na na
10 64507.741350325478 0.007545697961 cfg1 2 2 0 0 na na
10 64507.742350261372 0.007545684084 cfg1 2 2 0 0 na na
10 64507.745350270244 0.007545652924 cfg1 2 1 0 0 na na
10 64507.748350300832 0.007545600780 cfg1 2 2 0 0 na na
10 64507.753350308157 0.007545531495 cfg1 2 2 0 0 na na
10 64507.771350347380 0.007545289762 cfg1 2 1 0 0 na na
10 64507.774350305111 0.007545239992 cfg1 2 2 0 0 na na
10 64507.791350337270 0.007545004130 cfg1 2 2 0 0 na na
10 64507.799350253639 0.007544893196 cfg1 2 2 0 0 na na
10 64507.823350283893 0.007544560382 cfg1 2 2 0 0 na na
10 64507.824350293412 0.007544546465 cfg1 2 2 0 0 na na
10 64507.905350248307 0.007543428565 cfg1 2 1 0 0 na na
10 64507.922350264456 0.007543189480 cfg1 2 1 0 0 na na
10 64507.931350319354 0.007543064541 cfg1 2 2 0 0 na na
10 64507.946350258244 0.007542857008 cfg1 2 2 0 0 na na
10 64507.960350324893 0.007542663395 cfg1 2 2 0 0 na na
10 64507.963350273552 0.007542621885 cfg1 2 2 0 0 na na
10 64508.016350284500 0.007541889254 cfg1 2 2 0 0 na na
10 64508.050350303334 0.007541419558 cfg1 2 2 0 0 na na
10 64508.060350309421 0.007541281476 cfg1 2 2 0 0 na na
10 64508.062350266074 0.007541253841 cfg1 2 2 0 0 na na
10 64508.072350358217 0.007541115719 cfg1 2 2 0 0 na na
10 64508.075350242051 0.007541084860 cfg1 2 1 0 0 na na
10 64508.097350322175 0.007540773217 cfg1 2 1 0 0 na na
10 64508.103350272453 0.007540688021 cfg1 2 2 0 0 na na
10 64508.119350277529 0.007540467232 cfg1 2 2 0 0 na na
10 64508.123350265892 0.007540412195 cfg1 2 2 0 0 na na
10 64508.139350274078 0.007540191380 cfg1 2 2 0 0 na na
10 64508.144350266802 0.007540114034 cfg1 2 1 0 0 na na
10 64508.151350352753 0.007540012194 cfg1 2 1 0 0 na na
10 64508.167350262665 0.007539794158 cfg1 2 1 0 0 na na
10 64508.174350321069 0.007539708968 cfg1 2 2 0 0 na na
10 64508.177350252718 0.007539667614 cfg1 2 2 0 0 na na
10 64508.182350309757 0.007539598724 cfg1 2 2 0 0 na na
10 64508.188350301034 0.007539504575 cfg1 2 1 0 0 na na
10 64508.189350251688 0.007539502489 cfg1 2 2 0 0 na na
10 64508.204350269354 0.007539295709 cfg1 2 2 0 0 na na
10 64508.222350282565 0.007539047765 cfg1 2 2 0 0 na na
10 64508.224350306886 0.007539019505 cfg1 2 1 0 0 na na
10 64508.232350273276 0.007538910645 cfg1 2 1 0 0 na na
10 64508.276350327368 0.007538304601 cfg1 2 2 0 0 na na
10 64508.309350304757 0.007537850758 cfg1 2 2 0 0 na na
10 64508.336350288844 0.007537479598 cfg1 2 2 0 0 na na
10 64508.471350362507 0.007535626518 cfg1 2 2 0 0 na na
10 64508.489350244639 0.007535387194 cfg1 2 1 0 0 na na
10 64508.491350274788 0.007535352367 cfg1 2 2 0 0 na na
10 64508.498350252614 0.007535256441 cfg1 2 2 0 0 na na
10 64508.502350283651 0.007535197323 cfg1 2 1 0 0 na na
10 64508.505350309527 0.007535160539 cfg1 2 2 0 0 na na
10 64508.540350323724 0.007534681051 cfg1 2 2 0 0 na na
10 64508.541350314509 0.007534667443 cfg1 2 2 0 0 na na
10 64508.547350338316 0.007534585286 cfg1 2 2 0 0 na na
10 64508.553350284850 0.007534503056 cfg1 2 2 0 0 na na
10 64508.562350310857 0.007534379835 cfg1 2 2 0 0 na na
10 64508.577350248013 0.007534185232 cfg1 2 1 0 0 na na
10 64508.596350283613 0.007533906523 cfg1 2 1 0 0 na na
10 64508.599350277675 0.007533873612 cfg1 2 2 0 0 na na
10 64508.600350290071 0.007533851856 cfg1 2 1 0 0 na na
10 64508.646350338054 0.007533230824 cfg1 2 2 0 0 na na
10 64508.649350333644 0.007533198421 cfg1 2 1 0 0 na na
10 64508.650350276232 0.007533160946 cfg1 2 1 0 0 na na
10 64508.680350276692 0.007532761013 cfg1 2 1 0 0 na na
10 64508.686350282316 0.007532684217 cfg1 2 2 0 0 na na
10 64508.692350315867 0.007532602311 cfg1 2 2 0 0 na na
10 64508.719350272509 0.007532233643 cfg1 2 2 0 0 na na
10 64508.728350262054 0.007532110842 cfg1 2 2 0 0 na na
10 64508.732350349906 0.007532067883 cfg1 2 1 0 0 na na
10 64508.743350357528 0.007531906042 cfg1 2 2 0 0 na na
10 64508.750350347502 0.007531817584 cfg1 2 1 0 0 na na
10 64508.752350305086 0.007531783286 cfg1 2 2 0 0 na na
10 64508.756350365931 0.007531728678 cfg1 2 2 0 0 na na
10 64508.759350315959 0.007531677502 cfg1 2 1 0 0 na na
10 64508.763350351062 0.007531633206 cfg1 2 2 0 0 na na
10 64508.770350283149 0.007531537723 cfg1 2 2 0 0 na na
10 64508.771350315926 0.007531524142 cfg1 2 2 0 0 na na
10 64508.774350273847 0.007531483137 cfg1 2 2 0 0 na na
10 64508.784350301620 0.007531346702 cfg1 2 2 0 0 na na
10 64508.786350300164 0.007531319491 cfg1 2 2 0 0 na na
10 64508.791350299603 0.007531239090 cfg1 2 1 0 0 na na
10 64508.797350300461 0.007531169488 cfg1 2 2 0 0 na na
10 64508.903350264853 0.007529725671 cfg1 2 2 0 0 na na
10 64508.911350260032 0.007529616800 cfg1 2 2 0 0 na na
10 64508.943350297011 0.007529181489 cfg1 2 2 0 0 na na
10 64508.993350254616 0.007528501852 cfg1 2 2 0 0 na na
10 64509.009350330216 0.007528284514 cfg1 2 2 0 0 na na
10 64509.025350253656 0.007528067267 cfg1 2 2 0 0 na na
10 64509.059350343512 0.007527605655 cfg1 2 2 0 0 na na
10 64509.120350244195 0.007526782930 cfg1 2 1 0 0 na na
10 64509.143350306830 0.007526466484 cfg1 2 2 0 0 na na
10 64509.178350279157 0.007525992276 cfg1 2 2 0 0 na na
10 64509.186350294496 0.007525883990 cfg1 2 2 0 0 na na
10 64509.192350283432 0.007525802770 cfg1 2 2 0 0 na na
10 64509.211350305690 0.007525545537 cfg1 2 2 0 0 na na
10 64509.243350365484 0.007525118442 cfg1 2 1 0 0 na na
10 64509.282350317131 0.007524585186 cfg1 2 2 0 0 na na
10 64509.285350332281 0.007524544528 cfg1 2 2 0 0 na na
10 64509.297350292064 0.007524382349 cfg1 2 2 0 0 na na
10 64509.344350260062 0.007523747360 cfg1 2 2 0 0 na na
10 64509.346350256127 0.007523720368 cfg1 2 2 0 0 na na
10 64509.387350302756 0.007523166946 cfg1 2 2 0 0 na na
10 64509.388350252426 0.007523149818 cfg1 2 1 0 0 na na
10 64509.415350295794 0.007522789198 cfg1 2 2 0 0 na na
10 64509.431350312847 0.007522573422 cfg1 2 2 0 0 na na
10 64509.462350292425 0.007522155547 cfg1 2 2 0 0 na na
10 64509.471350266134 0.007522034272 cfg1 2 2 0 0 na na
10 64509.485350273636 0.007521845707 cfg1 2 2 0 0 na na
10 64509.491350279017 0.007521764814 cfg1 2 2 0 0 na na
10 64509.497350349318 0.007521684183 cfg1 2 2 0 0 na na
10 64509.507350316917 0.007521549456 cfg1 2 2 0 0 na na
10 64509.514350289308 0.007521455113 cfg1 2 2 0 0 na na
10 64509.517350323238 0.007521414800 cfg1 2 2 0 0 na na
10 64509.518350303346 0.007521401246 cfg1 2 2 0 0 na na
10 64509.525350341856 0.007521307043 cfg1 2 2 0 0 na na
10 64509.607350270523 0.007520210994 cfg1 2 1 0 0 na na
10 64509.640350337119 0.007519760628 cfg1 2 2 0 0 na na
10 64509.689350303198 0.007519102570 cfg1 2 2 0 0 na na
10 64509.700350343348 0.007518954965 cfg1 2 2 0 0 na na
10 64509.718350338717 0.007518713523 cfg1 2 2 0 0 na na
10 64509.769350261242 0.007518020649 cfg1 2 1 0 0 na na
10 64509.771350288861 0.007518002831 cfg1 2 2 0 0 na na
10 64509.778350274294 0.007517909014 cfg1 2 2 0 0 na na
10 64509.790350319452 0.007517748167 cfg1 2 2 0 0 na na
10 64509.793350307958 0.007517708038 cfg1 2 2 0 0 na na
10 64509.817350270336 0.007517386510 cfg1 2 2 0 0 na na
10 64509.823350255729 0.007517306204 cfg1 2 2 0 0 na na
10 64509.829350237687 0.007517239052 cfg1 2 1 0 0 na na
10 64509.836350284889 0.007517132089 cfg1 2 2 0 0 na na
10 64509.847350339192 0.007516984947 cfg1 2 2 0 0 na na
10 64509.848350299797 0.007516971515 cfg1 2 2 0 0 na na
10 64509.858350298894 0.007516837711 cfg1 2 2 0 0 na na
10 64509.870350310163 0.007516677109 cfg1 2 2 0 0 na na
10 64509.890350315012 0.007516409514 cfg1 2 2 0 0 na na
10 64509.897350308160 0.007516315886 cfg1 2 2 0 0 na na
10 64509.900350279780 0.007516278122 cfg1 2 1 0 0 na na
10 64509.907350270958 0.007516182223 cfg1 2 2 0 0 na na
10 64509.914350353032 0.007516075857 cfg1 2 1 0 0 na na
10 64509.918350294536 0.007516035179 cfg1 2 2 0 0 na na
10 64509.936350333426 0.007515805232 cfg1 2 1 0 0 na na
10 64509.955350239613 0.007515552351 cfg1 2 1 0 0 na na
10 64509.959350286217 0.007515487295 cfg1 2 2 0 0 na na
10 64509.964350291226 0.007515420481 cfg1 2 2 0 0 na na
10 64509.966350311215 0.007515393776 cfg1 2 2 0 0 na na
10 64509.981350254962 0.007515193519 cfg1 2 2 0 0 na na
10 64509.983350262397 0.007515154277 cfg1 2 1 0 0 na na
10 64509.996350403637 0.007514993322 cfg1 2 2 0 0 na na
10 64510.103350310627 0.007513566277 cfg1 2 2 0 0 na na
10 64510.116350338404 0.007513393137 cfg1 2 2 0 0 na na
10 64510.124350279298 0.007513286596 cfg1 2 2 0 0 na na
10 64510.166350318722 0.007512727310 cfg1 2 2 0 0 na na
10 64510.172350302101 0.007512647535 cfg1 2 2 0 0 na na
10 64510.221350311921 0.007511995735 cfg1 2 2 0 0 na na
10 64510.229350304211 0.007511888624 cfg1 2 1 0 0 na na
10 64510.246350281207 0.007511663347 cfg1 2 2 0 0 na na
10 64510.257350295977 0.007511517201 cfg1 2 2 0 0 na na
10 64510.262350268236 0.007511463604 cfg1 2 1 0 0 na na
10 64510.264350300743 0.007511424147 cfg1 2 2 0 0 na na
10 64510.274350256589 0.007511291331 cfg1 2 2 0 0 na na
10 64510.295350261263 0.007511012418 cfg1 2 2 0 0 na na
10 64510.307350305430 0.007510853159 cfg1 2 2 0 0 na na
10 64510.329350357452 0.007510563393 cfg1 2 1 0 0 na na
10 64510.379350267207 0.007509897962 cfg1 2 2 0 0 na na
10 64510.388350260437 0.007509771566 cfg1 2 1 0 0 na na
10 64510.409350324206 0.007509500387 cfg1 2 2 0 0 na na
10 64510.423350288947 0.007509307313 cfg1 2 1 0 0 na na
10 64510.464350278007 0.007508780767 cfg1 2 1 0 0 na na
10 64510.477350338376 0.007508599872 cfg1 2 2 0 0 na na
10 64510.494350305506 0.007508374812 cfg1 2 2 0 0 na na
10 64510.501350292507 0.007508284778 cfg1 2 1 0 0 na na
10 64510.504350242912 0.007508253913 cfg1 2 1 0 0 na na
10 64510.517350293513 0.007508070655 cfg1 2 2 0 0 na na
10 64510.522350297513 0.007508004685 cfg1 2 2 0 0 na na
10 64510.541350313735 0.007507753348 cfg1 2 2 0 0 na na
10 64510.542350292899 0.007507740089 cfg1 2 2 0 0 na na
10 64510.543350252132 0.007507729880 cfg1 2 1 0 0 na na
10 64510.554350290068 0.007507581515 cfg1 2 2 0 0 na na
10 64510.555350300416 0.007507568233 cfg1 2 2 0 0 na na
10 64510.557350326864 0.007507541830 cfg1 2 2 0 0 na na
10 64510.558350246706 0.007507535243 cfg1 2 1 0 0 na na
10 64510.559350299104 0.007507515449 cfg1 2 2 0 0 na na
10 64510.561350340239 0.007507489040 cfg1 2 2 0 0 na na
10 64510.578350262462 0.007507264325 cfg1 2 2 0 0 na na
10 64510.583350284188 0.007507198390 cfg1 2 2 0 0 na na
10 64510.594350268766 0.007507053047 cfg1 2 2 0 0 na na
10 64510.611350275749 0.007506828500 cfg1 2 2 0 0 na na
10 64510.683350270970 0.007505878477 cfg1 2 1 0 0 na na
10 64510.721350302204 0.007505377737 cfg1 2 2 0 0 na na
10 64510.761350272733 0.007504836121 cfg1 2 1 0 0 na na
10 64510.781350351194 0.007504587548 cfg1 2 2 0 0 na na
10 64510.782350269350 0.007504588840 cfg1 2 1 0 0 na na
10 64510.817350355014 0.007504114228 cfg1 2 1 0 0 na na
10 64510.829350319824 0.007503942395 cfg1 2 1 0 0 na na
10 64510.836350269839 0.007503864035 cfg1 2 2 0 0 na na
10 64510.843350295238 0.007503771933 cfg1 2 2 0 0 na na
10 64510.884350294253 0.007503224758 cfg1 2 1 0 0 na na
10 64510.885350331304 0.007503220018 cfg1 2 2 0 0 na na
10 64510.896350327384 0.007503075515 cfg1 2 2 0 0 na na
10 64510.901350320405 0.007503009876 cfg1 2 2 0 0 na na
10 64510.935350256606 0.007502563395 cfg1 2 2 0 0 na na
10 64510.941350329335 0.007502484672 cfg1 2 2 0 0 na na
10 64510.944350314006 0.007502445384 cfg1 2 2 0 0 na na
10 64510.947350350338 0.007502405984 cfg1 2 2 0 0 na na
10 64510.952350311083 0.007502340363 cfg1 2 2 0 0 na na
10 64510.984350252443 0.007501920630 cfg1 2 2 0 0 na na
10 64511.004350275149 0.007501658434 cfg1 2 2 0 0 na na
10 64511.010350310082 0.007501577579 cfg1 2 1 0 0 na na
10 64511.044350280732 0.007501134219 cfg1 2 2 0 0 na na
10 64511.056350322325 0.007500977054 cfg1 2 2 0 0 na na
10 64511.060350296808 0.007500924700 cfg1 2 2 0 0 na na
10 64511.069350322792 0.007500806845 cfg1 2 2 0 0 na na
10 64511.079350305944 0.007500675871 cfg1 2 2 0 0 na na
10 64511.102350337966 0.007500374862 cfg1 2 2 0 0 na na
10 64511.103350328597 0.007500361788 cfg1 2 2 0 0 na na
10 64511.104350289962 0.007500357828 cfg1 2 1 0 0 na na
10 64511.187350285983 0.007499264667 cfg1 2 1 0 0 na na
10 64511.203350340194 0.007499054499 cfg1 2 2 0 0 na na
10 64511.216350345400 0.007498884718 cfg1 2 2 0 0 na na
10 64511.242350305144 0.007498545296 cfg1 2 2 0 0 na na
10 64511.266350311572 0.007498232069 cfg1 2 2 0 0 na na
10 64511.295350288343 0.007497843013 cfg1 2 1 0 0 na na
10 64511.317350270354 0.007497567003 cfg1 2 2 0 0 na na
10 64511.321350244369 0.007497522669 cfg1 2 1 0 0 na na
10 64511.324350255777 0.007497471172 cfg1 2 1 0 0 na na
10 64511.362350269478 0.007496980777 cfg1 2 2 0 0 na na
10 64511.369350242541 0.007496899328 cfg1 2 1 0 0 na na
10 64511.381350268464 0.007496733491 cfg1 2 2 0 0 na na
10 64511.388350296636 0.007496642369 cfg1 2 2 0 0 na na
10 64511.390350250923 0.007496616293 cfg1 2 2 0 0 na na
10 64511.392350281060 0.007496590294 cfg1 2 2 0 0 na na
10 64511.401350405732 0.007496473040 cfg1 2 2 0 0 na na
10 64511.406350332166 0.007496408120 cfg1 2 2 0 0 na na
10 64511.408350305821 0.007496381856 cfg1 2 1 0 0 na na
10 64511.430350320872 0.007496095821 cfg1 2 2 0 0 na na
10 64511.434350321303 0.007496043762 cfg1 2 2 0 0 na na
10 64511.437350292959 0.007496017333 cfg1 2 1 0 0 na na
10 64511.443350312958 0.007495926857 cfg1 2 2 0 0 na na
10 64511.487350305614 0.007495354782 cfg1 2 2 0 0 na na
10 64511.489350298492 0.007495328820 cfg1 2 2 0 0 na na
10 64511.495350251968 0.007495250241 cfg1 2 1 0 0 na na
10 64511.513350263053 0.007495017068 cfg1 2 2 0 0 na na
10 64511.541350338324 0.007494662633 cfg1 2 1 0 0 na na
10 64511.543350272123 0.007494627579 cfg1 2 2 0 0 na na
10 64511.546350305344 0.007494588597 cfg1 2 2 0 0 na na
10 64511.551350305570 0.007494523748 cfg1 2 2 0 0 na na
10 64511.567350320330 0.007494316201 cfg1 2 2 0 0 na na
10 64511.614350253034 0.007493706588 cfg1 2 2 0 0 na na
10 64511.617350297182 0.007493667668 cfg1 2 2 0 0 na na
10 64511.673350328906 0.007492942281 cfg1 2 2 0 0 na na
10 64511.684350287494 0.007492798844 cfg1 2 1 0 0 na na
10 64511.704350310551 0.007492540900 cfg1 2 2 0 0 na na
10 64511.709350328347 0.007492476245 cfg1 2 2 0 0 na na
10 64511.712350276220 0.007492437393 cfg1 2 2 0 0 na na
10 64511.723350295033 0.007492295142 cfg1 2 2 0 0 na na
10 64511.726350314072 0.007492256388 cfg1 2 2 0 0 na na
10 64511.737350351835 0.007492114015 cfg1 2 2 0 0 na na
10 64511.741350366121 0.007492062290 cfg1 2 2 0 0 na na
10 64511.748350310001 0.007491979706 cfg1 2 1 0 0 na na
10 64511.753350258817 0.007491907080 cfg1 2 2 0 0 na na
10 64511.758350280555 0.007491856058 cfg1 2 1 0 0 na na
10 64511.780350338026 0.007491558210 cfg1 2 2 0 0 na na
10 64511.784350315014 0.007491506506 cfg1 2 2 0 0 na na
10 64511.801350267361 0.007491286771 cfg1 2 2 0 0 na na
10 64511.829350241504 0.007490935284 cfg1 2 1 0 0 na na
10 64511.855350323285 0.007490589639 cfg1 2 2 0 0 na na
10 64511.857350311188 0.007490563818 cfg1 2 2 0 0 na na
10 64511.888350242596 0.007490174343 cfg1 2 1 0 0 na na
10 64511.894350268351 0.007490086527 cfg1 2 2 0 0 na na
10 64511.901350307097 0.007489996229 cfg1 2 2 0 0 na na
10 64511.996350282172 0.007488772456 cfg1 2 2 0 0 na na
10 64512.004350265543 0.007488669541 cfg1 2 2 0 0 na na
10 64512.008350314770 0.007488618006 cfg1 2 2 0 0 na na
10 64512.020350314464 0.007488463568 cfg1 2 2 0 0 na na
10 64512.024350338709 0.007488412192 cfg1 2 2 0 0 na na
10 64512.093350263877 0.007487525093 cfg1 2 2 0 0 na na
10 64512.094350353775 0.007487512240 cfg1 2 2 0 0 na na
10 64512.096350332656 0.007487486551 cfg1 2 2 0 0 na na
10 64512.109350265070 0.007487306908 cfg1 2 1 0 0 na na
10 64512.148350308798 0.007486818849 cfg1 2 2 0 0 na na
10 64512.159350249521 0.007486677775 cfg1 2 2 0 0 na na
10 64512.168350335780 0.007486562238 cfg1 2 2 0 0 na na
10 64512.180350292808 0.007486408351 cfg1 2 2 0 0 na na
10 64512.190350276221 0.007486280015 cfg1 2 2 0 0 na na
10 64512.197350313796 0.007486190309 cfg1 2 2 0 0 na na
10 64512.207350306723 0.007486062542 cfg1 2 1 0 0 na na
10 64512.221350260406 0.007485882683 cfg1 2 2 0 0 na na
10 64512.224350342793 0.007485844322 cfg1 2 2 0 0 na na
10 64512.231350336635 0.007485740407 cfg1 2 1 0 0 na na
10 64512.238350242075 0.007485674717 cfg1 2 1 0 0 na na
10 64512.239350308408 0.007485651974 cfg1 2 2 0 0 na na
10 64512.270350313206 0.007485254837 cfg1 2 2 0 0 na na
10 64512.272350330069 0.007485229257 cfg1 2 2 0 0 na na
10 64512.304350291628 0.007484819616 cfg1 2 2 0 0 na na
10 64512.318350243672 0.007484648258 cfg1 2 1 0 0 na na
10 64512.351350365711 0.007484218496 cfg1 2 2 0 0 na na
10 64512.352350263030 0.007484193554 cfg1 2 1 0 0 na na
10 64512.354350294937 0.007484180065 cfg1 2 2 0 0 na na
10 64512.373350303050 0.007483942818 cfg1 2 1 0 0 na na
10 64512.389350316302 0.007483732736 cfg1 2 2 0 0 na na
10 64512.399350270004 0.007483597979 cfg1 2 1 0 0 na na
10 64512.416350252651 0.007483389321 cfg1 2 1 0 0 na na
10 64512.417350329901 0.007483375147 cfg1 2 2 0 0 na na
10 64512.419350354827 0.007483349607 cfg1 2 2 0 0 na na
10 64512.422350278133 0.007483311369 cfg1 2 2 0 0 na na
10 64512.427350292184 0.007483247492 cfg1 2 2 0 0 na na
10 64512.431350306266 0.007483196218 cfg1 2 1 0 0 na na
10 64512.434350273073 0.007483158165 cfg1 2 2 0 0 na na
10 64512.481350337195 0.007482558387 cfg1 2 2 0 0 na na
10 64512.531350257272 0.007481914644 cfg1 2 1 0 0 na na
10 64512.532350360623 0.007481911430 cfg1 2 1 0 0 na na
10 64512.544350327020 0.007481751771 cfg1 2 1 0 0 na na
10 64512.557350293512 0.007481589794 cfg1 2 2 0 0 na na
10 64512.574350283347 0.007481373388 cfg1 2 2 0 0 na na
10 64512.581350280393 0.007481284200 cfg1 2 2 0 0 na na
10 64512.626350304624 0.007480711569 cfg1 2 2 0 0 na na
10 64512.650350272924 0.007480410075 cfg1 2 1 0 0 na na
10 64512.666350341685 0.007480203045 cfg1 2 2 0 0 na na
10 64512.690350325738 0.007479898129 cfg1 2 2 0 0 na na
10 64512.692350330242 0.007479872702 cfg1 2 2 0 0 na na
10 64512.693350304581 0.007479859912 cfg1 2 2 0 0 na na
10 64512.705350272493 0.007479707547 cfg1 2 2 0 0 na na
10 64512.712350343731 0.007479618705 cfg1 2 2 0 0 na na
10 64512.737350279655 0.007479301268 cfg1 2 2 0 0 na na
10 64512.741350276302 0.007479250500 cfg1 2 2 0 0 na na
10 64512.747350281299 0.007479174934 cfg1 2 1 0 0 na na
10 64512.755350271392 0.007479072461 cfg1 2 1 0 0 na na
10 64512.780350359490 0.007478755680 cfg1 2 2 0 0 na na
10 64512.805350294771 0.007478438730 cfg1 2 2 0 0 na na
10 64512.821350295821 0.007478236008 cfg1 2 2 0 0 na na
10 64512.823350277877 0.007478210659 cfg1 2 2 0 0 na na
10 64512.829350333343 0.007478134589 cfg1 2 2 0 0 na na
10 64512.831350348197 0.007478109264 cfg1 2 2 0 0 na na
10 64512.835350309570 0.007478058596 cfg1 2 2 0 0 na na
10 64512.847350347249 0.007477906632 cfg1 2 2 0 0 na na
10 64512.888350308659 0.007477387511 cfg1 2 2 0 0 na na
10 64512.898350266567 0.007477255545 cfg1 2 1 0 0 na na
10 64512.932350308694 0.007476830852 cfg1 2 2 0 0 na na
10 64512.989350255717 0.007476115168 cfg1 2 1 0 0 na na
10 64512.994350320868 0.007476047324 cfg1 2 2 0 0 na na
10 64512.995350252420 0.007476034702 cfg1 2 2 0 0 na na
10 64513.014350254887 0.007475792069 cfg1 2 1 0 0 na na
10 64513.041350291202 0.007475453948 cfg1 2 2 0 0 na na
10 64513.047350321728 0.007475378322 cfg1 2 2 0 0 na na
10 64513.052350317889 0.007475315783 cfg1 2 1 0 0 na na
10 64513.057350281663 0.007475252027 cfg1 2 2 0 0 na na
10 64513.063350307731 0.007475176354 cfg1 2 2 0 0 na na
10 64513.074350262735 0.007475037673 cfg1 2 2 0 0 na na
10 64513.075350299808 0.007475025336 cfg1 2 2 0 0 na na
10 64513.077350305025 0.007474999830 cfg1 2 2 0 0 na na
10 64513.088350286297 0.007474861132 cfg1 2 2 0 0 na na
10 64513.090350290246 0.007474835928 cfg1 2 2 0 0 na na
10 64513.094350294507 0.007474785453 cfg1 2 2 0 0 na na
10 64513.099350273698 0.007474722492 cfg1 2 2 0 0 na na
10 64513.103350302693 0.007474672044 cfg1 2 2 0 0 na na
10 64513.106350298059 0.007474634267 cfg1 2 2 0 0 na na
10 64513.117350267332 0.007474495584 cfg1 2 2 0 0 na na
10 64513.128350293434 0.007474357046 cfg1 2 2 0 0 na na
10 64513.138350294544 0.007474231092 cfg1 2 2 0 0 na na
10 64513.141350332162 0.007474193512 cfg1 2 2 0 0 na na
10 64513.145350303552 0.007474142943 cfg1 2 2 0 0 na na
10 64513.147350316937 0.007474117700 cfg1 2 2 0 0 na na
10 64513.148350292730 0.007474105060 cfg1 2 2 0 0 na na
10 64513.156350346539 0.007474004347 cfg1 2 2 0 0 na na
10 64513.166350254909 0.007473879341 cfg1 2 1 0 0 na na
10 64513.174350291432 0.007473768451 cfg1 2 1 0 0 na na
10 64513.180350281715 0.007473702260 cfg1 2 2 0 0 na na
10 64513.184350288580 0.007473651930 cfg1 2 2 0 0 na na
10 64513.227350314019 0.007473111022 cfg1 2 2 0 0 na na
10 64513.237350307178 0.007472991958 cfg1 2 1 0 0 na na
10 64513.246350266999 0.007472872141 cfg1 2 2 0 0 na na
10 64513.264350288345 0.007472645936 cfg1 2 2 0 0 na na
10 64513.278350319928 0.007472470108 cfg1 2 2 0 0 na na
10 64513.310350298351 0.007472068340 cfg1 2 2 0 0 na na
10 64513.316350282966 0.007471992938 cfg1 2 2 0 0 na na
10 64513.330350302252 0.007471817267 cfg1 2 2 0 0 na na
10 64513.338350316079 0.007471716810 cfg1 2 2 0 0 na na
10 64513.344350308382 0.007471641649 cfg1 2 2 0 0 na na
10 64513.357350319731 0.007471478486 cfg1 2 2 0 0 na na
10 64513.368350309112 0.007471328734 cfg1 2 1 0 0 na na
10 64513.393350252253 0.007471035385 cfg1 2 1 0 0 na na
10 64513.422350341200 0.007470663786 cfg1 2 2 0 0 na na
10 64513.426350273553 0.007470618333 cfg1 2 1 0 0 na na
10 64513.429350257764 0.007470576701 cfg1 2 1 0 0 na na
10 64513.434350289865 0.007470513447 cfg1 2 2 0 0 na na
10 64513.446350269184 0.007470363126 cfg1 2 2 0 0 na na
10 64513.455350325639 0.007470262517 cfg1 2 1 0 0 na na
10 64513.458350364511 0.007470202122 cfg1 2 1 0 0 na na
10 64513.501350328368 0.007469674890 cfg1 2 2 0 0 na na
10 64513.503350256617 0.007469649834 cfg1 2 2 0 0 na na
10 64513.511350355471 0.007469549811 cfg1 2 2 0 0 na na
10 64513.515350305490 0.007469499782 cfg1 2 2 0 0 na na
10 64513.518350333541 0.007469462299 cfg1 2 2 0 0 na na
10 64513.532350262828 0.007469287331 cfg1 2 2 0 0 na na
10 64513.538350355335 0.007469212270 cfg1 2 2 0 0 na na
10 64513.546350240906 0.007469122707 cfg1 2 1 0 0 na na
10 64513.555350265448 0.007468999839 cfg1 2 2 0 0 na na
10 64513.560350319082 0.007468937415 cfg1 2 2 0 0 na na
10 64513.561350306836 0.007468925357 cfg1 2 1 0 0 na na
10 64513.567350330898 0.007468850005 cfg1 2 2 0 0 na na
10 64513.577350313985 0.007468711998 cfg1 2 1 0 0 na na
10 64513.606350328186 0.007468362947 cfg1 2 2 0 0 na na
10 64513.627350280748 0.007468100895 cfg1 2 2 0 0 na na
10 64513.640350314185 0.007467938660 cfg1 2 2 0 0 na na
10 64513.641350325193 0.007467926262 cfg1 2 2 0 0 na na
10 64513.642350330031 0.007467913729 cfg1 2 2 0 0 na na
10 64513.653350277152 0.007467776487 cfg1 2 2 0 0 na na
10 64513.671350298684 0.007467552184 cfg1 2 2 0 0 na na
10 64513.682350275785 0.007467414973 cfg1 2 2 0 0 na na
10 64513.687350301378 0.007467352691 cfg1 2 2 0 0 na na
10 64513.728350332418 0.007466841904 cfg1 2 2 0 0 na na
10 64513.732350269161 0.007466792124 cfg1 2 2 0 0 na na
10 64513.742350277361 0.007466667577 cfg1 2 2 0 0 na na
10 64513.764350284136 0.007466393795 cfg1 2 2 0 0 na na
10 64513.780350312901 0.007466194673 cfg1 2 2 0 0 na na
10 64513.782350253237 0.007466169811 cfg1 2 2 0 0 na na
10 64513.785350254579 0.007466127256 cfg1 2 1 0 0 na na
10 64513.801350294218 0.007465933594 cfg1 2 2 0 0 na na
10 64513.818350286662 0.007465722186 cfg1 2 2 0 0 na na
10 64513.846350258445 0.007465368419 cfg1 2 1 0 0 na na
10 64513.849350262261 0.007465324564 cfg1 2 1 0 0 na na
10 64513.868350307951 0.007465100977 cfg1 2 2 0 0 na na
10 64513.896350313370 0.007464761890 cfg1 2 1 0 0 na na
10 64513.916350345963 0.007464505063 cfg1 2 2 0 0 na na
10 64513.949350260909 0.007464095822 cfg1 2 2 0 0 na na
10 64513.974350265622 0.007463785948 cfg1 2 2 0 0 na na
10 64514.023350264414 0.007463178949 cfg1 2 2 0 0 na na
10 64514.047350258646 0.007462883457 cfg1 2 1 0 0 na na
10 64514.048350297334 0.007462872484 cfg1 2 1 0 0 na na
10 64514.061350250734 0.007462708663 cfg1 2 2 0 0 na na
10 64514.099350283588 0.007462238789 cfg1 2 2 0 0 na na
10 64514.126350305136 0.007461905136 cfg1 2 2 0 0 na na
10 64514.147350260452 0.007461636477 cfg1 2 1 0 0 na na
10 64514.155350264923 0.007461546697 cfg1 2 1 0 0 na na
10 64514.156350303133 0.007461534463 cfg1 2 2 0 0 na na
10 64514.161350318150 0.007461473195 cfg1 2 1 0 0 na na
10 64514.173350270514 0.007461324516 cfg1 2 2 0 0 na na
10 64514.184350321980 0.007461188819 cfg1 2 2 0 0 na na
10 64514.208350339502 0.007460892633 cfg1 2 2 0 0 na na
10 64514.240350279086 0.007460489880 cfg1 2 1 0 0 na na
10 64514.244350295810 0.007460448776 cfg1 2 2 0 0 na na
10 64514.261350341026 0.007460236539 cfg1 2 1 0 0 na na
10 64514.274350258164 0.007460068795 cfg1 2 1 0 0 na na
10 64514.275350326676 0.007460066711 cfg1 2 2 0 0 na na
10 64514.289350259248 0.007459894191 cfg1 2 2 0 0 na na
10 64514.311350334506 0.007459623334 cfg1 2 2 0 0 na na
10 64514.324350284628 0.007459463370 cfg1 2 2 0 0 na na
10 64514.325350316835 0.007459451013 cfg1 2 2 0 0 na na
10 64514.338350268742 0.007459292248 cfg1 2 1 0 0 na na
10 64514.363350273108 0.007458983535 cfg1 2 2 0 0 na na
10 64514.375350324670 0.007458835957 cfg1 2 2 0 0 na na
10 64514.382350314799 0.007458741847 cfg1 2 1 0 0 na na
10 64514.422350326901 0.007458258382 cfg1 2 2 0 0 na na
10 64514.429350273750 0.007458172375 cfg1 2 2 0 0 na na
10 64514.439350258398 0.007458049558 cfg1 2 2 0 0 na na
10 64514.452350263606 0.007457889904 cfg1 2 2 0 0 na na
10 64514.458350304024 0.007457816301 cfg1 2 2 0 0 na na
10 64514.461350335185 0.007457779529 cfg1 2 2 0 0 na na
10 64514.511350315942 0.007457166077 cfg1 2 2 0 0 na na
10 64514.536350327566 0.007456859582 cfg1 2 2 0 0 na na
10 64514.558350273778 0.007456580143 cfg1 2 1 0 0 na na
10 64514.582350345788 0.007456305398 cfg1 2 1 0 0 na na
10 64514.594350304097 0.007456149136 cfg1 2 2 0 0 na na
10 64514.613350249926 0.007455917034 cfg1 2 1 0 0 na na
10 64514.677350335569 0.007455133916 cfg1 2 2 0 0 na na
10 64514.689350306515 0.007454987278 cfg1 2 2 0 0 na na
10 64514.789350310158 0.007453766538 cfg1 2 2 0 0 na na
10 64514.794350241951 0.007453709820 cfg1 2 1 0 0 na na
10 64514.797350323774 0.007453668986 cfg1 2 2 0 0 na na
10 64514.798350239943 0.007453666976 cfg1 2 1 0 0 na na
10 64514.804350253548 0.007453583629 cfg1 2 2 0 0 na na
10 64514.816350329426 0.007453437480 cfg1 2 2 0 0 na na
10 64514.825350314839 0.007453331665 cfg1 2 1 0 0 na na
10 64514.833350269036 0.007453230309 cfg1 2 2 0 0 na na
10 64514.841350311721 0.007453132760 cfg1 2 2 0 0 na na
10 64514.845350305135 0.007453084051 cfg1 2 2 0 0 na na
10 64514.853350270318 0.007452986499 cfg1 2 1 0 0 na na
10 64514.856350299738 0.007452950042 cfg1 2 2 0 0 na na
10 64514.881350262504 0.007452645701 cfg1 2 2 0 0 na na
10 64514.883350287849 0.007452621336 cfg1 2 2 0 0 na na
10 64514.887350343805 0.007452572606 cfg1 2 2 0 0 na na
10 64514.890350270348 0.007452536147 cfg1 2 2 0 0 na na
10 64514.897350297293 0.007452451009 cfg1 2 2 0 0 na na
10 64514.904350376122 0.007452365794 cfg1 2 2 0 0 na na
10 64514.917350281815 0.007452204112 cfg1 2 1 0 0 na na
10 64514.921350279707 0.007452158981 cfg1 2 2 0 0 na na
10 64514.926350255907 0.007452091135 cfg1 2 1 0 0 na na
10 64514.929350281566 0.007452061664 cfg1 2 2 0 0 na na
10 64514.932350250295 0.007452025277 cfg1 2 2 0 0 na na
10 64514.954350289857 0.007451757781 cfg1 2 2 0 0 na na
10 64514.979350266685 0.007451453972 cfg1 2 2 0 0 na na
10 64514.990350273234 0.007451320464 cfg1 2 2 0 0 na na
10 64515.014350277459 0.007451029006 cfg1 2 2 0 0 na na
10 64515.051350333898 0.007450573941 cfg1 2 1 0 0 na na
10 64515.063350283167 0.007450434348 cfg1 2 2 0 0 na na
10 64515.087350298855 0.007450143434 cfg1 2 2 0 0 na na
10 64515.089350296753 0.007450119191 cfg1 2 2 0 0 na na
10 64515.093350297448 0.007450070763 cfg1 2 2 0 0 na na
10 64515.095350257833 0.007450046498 cfg1 2 2 0 0 na na
10 64515.104350292922 0.007449937382 cfg1 2 2 0 0 na na
10 64515.114350260002 0.007449807173 cfg1 2 1 0 0 na na
10 64515.119350275254 0.007449755744 cfg1 2 2 0 0 na na
10 64515.134350310543 0.007449574089 cfg1 2 2 0 0 na na
10 64515.138350271364 0.007449525524 cfg1 2 2 0 0 na na
10 64515.154350278756 0.007449331874 cfg1 2 2 0 0 na na
10 64515.157350304887 0.007449295518 cfg1 2 2 0 0 na na
10 64515.161350266462 0.007449236352 cfg1 2 1 0 0 na na
10 64515.162350288745 0.007449235103 cfg1 2 2 0 0 na na
10 64515.166350298614 0.007449186591 cfg1 2 2 0 0 na na
10 64515.172350244634 0.007449117451 cfg1 2 1 0 0 na na
10 64515.177350303393 0.007449053522 cfg1 2 2 0 0 na na
10 64515.188350282804 0.007448920377 cfg1 2 2 0 0 na na
10 64515.193350269713 0.007448859961 cfg1 2 2 0 0 na na
10 64515.200350284819 0.007448775253 cfg1 2 2 0 0 na na
10 64515.203350258398 0.007448738933 cfg1 2 2 0 0 na na
10 64515.204350311508 0.007448726864 cfg1 2 2 0 0 na na
10 64515.215350253884 0.007448593882 cfg1 2 2 0 0 na na
10 64515.221350241446 0.007448530416 cfg1 2 1 0 0 na na
10 64515.229350334057 0.007448413367 cfg1 2 1 0 0 na na
10 64515.234350299005 0.007448364163 cfg1 2 2 0 0 na na
10 64515.247350299615 0.007448207550 cfg1 2 1 0 0 na na
10 64515.258350264102 0.007448074298 cfg1 2 2 0 0 na na
10 64515.280350261094 0.007447795474 cfg1 2 1 0 0 na na
10 64515.285350331529 0.007447756494 cfg1 2 1 0 0 na na
10 64515.287350331647 0.007447732676 cfg1 2 1 0 0 na na
10 64515.301350257819 0.007447554943 cfg1 2 2 0 0 na na
10 64515.304350302099 0.007447518829 cfg1 2 2 0 0 na na
10 64515.316350258358 0.007447373999 cfg1 2 2 0 0 na na
10 64515.321350266260 0.007447313720 cfg1 2 2 0 0 na na
10 64515.349350303348 0.007446981042 cfg1 2 1 0 0 na na
10 64515.350350261924 0.007446959903 cfg1 2 1 0 0 na na
10 64515.358350243889 0.007446872726 cfg1 2 1 0 0 na na
10 64515.369350307356 0.007446734808 cfg1 2 2 0 0 na na
10 64515.370350312632 0.007446722726 cfg1 2 2 0 0 na na
10 64515.374350284082 0.007446674556 cfg1 2 2 0 0 na na
10 64515.403350272300 0.007446325133 cfg1 2 2 0 0 na na
10 64515.409350263720 0.007446252891 cfg1 2 2 0 0 na na
10 64515.415350333817 0.007446180630 cfg1 2 2 0 0 na na
10 64515.432350237538 0.007445989384 cfg1 2 1 0 0 na na
10 64515.437350280444 0.007445915801 cfg1 2 2 0 0 na na
10 64515.445350291891 0.007445819555 cfg1 2 2 0 0 na na
10 64515.465350267187 0.007445578882 cfg1 2 2 0 0 na na
10 64515.478350281624 0.007445422487 cfg1 2 2 0 0 na na
10 64515.490350304138 0.007445278237 cfg1 2 2 0 0 na na
10 64515.499350280347 0.007445169993 cfg1 2 2 0 0 na na
10 64515.540350236141 0.007444690647 cfg1 2 1 0 0 na na
10 64515.545350368867 0.007444617289 cfg1 2 2 0 0 na na
10 64515.552350293035 0.007444544889 cfg1 2 1 0 0 na na
10 64515.565350287326 0.007444377124 cfg1 2 2 0 0 na na
10 64515.574350270427 0.007444269124 cfg1 2 2 0 0 na na
10 64515.584350321742 0.007444149075 cfg1 2 2 0 0 na na
10 64515.588350290223 0.007444101138 cfg1 2 2 0 0 na na
10 64515.625350294925 0.007443657328 cfg1 2 2 0 0 na na
10 64515.672350320349 0.007443094023 cfg1 2 2 0 0 na na
10 64515.678350263564 0.007443022194 cfg1 2 2 0 0 na na
10 64515.699350250311 0.007442766524 cfg1 2 1 0 0 na na
10 64515.711350277496 0.007442617731 cfg1 2 1 0 0 na na
10 64515.747350243864 0.007442203219 cfg1 2 1 0 0 na na
10 64515.748350321810 0.007442184346 cfg1 2 2 0 0 na na
10 64515.805350288991 0.007441503053 cfg1 2 2 0 0 na na
10 64515.854350276047 0.007440918068 cfg1 2 2 0 0 na na
10 64515.903350253077 0.007440333478 cfg1 2 2 0 0 na na
10 64515.943350283817 0.007439856848 cfg1 2 2 0 0 na na
10 64515.954350268157 0.007439725758 cfg1 2 2 0 0 na na
10 64515.962350282724 0.007439634158 cfg1 2 1 0 0 na na
10 64515.998350257361 0.007439194393 cfg1 2 1 0 0 na na
10 64516.002350339190 0.007439154447 cfg1 2 2 0 0 na na
10 64516.069350280836 0.007438346570 cfg1 2 1 0 0 na na
10 64516.076350240670 0.007438281291 cfg1 2 1 0 0 na na
10 64516.122350263065 0.007437713690 cfg1 2 1 0 0 na na
10 64516.163350310533 0.007437242075 cfg1 2 2 0 0 na na
10 64516.210350238279 0.007436698490 cfg1 2 1 0 0 na na
10 64516.229350294121 0.007436459970 cfg1 2 2 0 0 na na
10 64516.235350292237 0.007436388936 cfg1 2 2 0 0 na na
10 64516.273350338706 0.007435939143 cfg1 2 2 0 0 na na
10 64516.274350266444 0.007435927389 cfg1 2 2 0 0 na na
10 64516.275350303328 0.007435915520 cfg1 2 2 0 0 na na
10 64516.297350276137 0.007435655285 cfg1 2 2 0 0 na na
10 64516.298350320379 0.007435634401 cfg1 2 1 0 0 na na
10 64516.302350257037 0.007435596165 cfg1 2 2 0 0 na na
10 64516.313350301296 0.007435466103 cfg1 2 2 0 0 na na
10 64516.342350314102 0.007435123386 cfg1 2 2 0 0 na na
10 64516.386350270849 0.007434603771 cfg1 2 2 0 0 na na
10 64516.404350277111 0.007434391336 cfg1 2 2 0 0 na na
10 64516.405350279225 0.007434379641 cfg1 2 2 0 0 na na
10 64516.422350241580 0.007434192797 cfg1 2 1 0 0 na na
10 64516.427350254960 0.007434119999 cfg1 2 2 0 0 na na
10 64516.428350277264 0.007434099434 cfg1 2 1 0 0 na na
10 64516.439350253131 0.007433978532 cfg1 2 2 0 0 na na
10 64516.468350323177 0.007433636743 cfg1 2 2 0 0 na na
10 64516.474350248826 0.007433567935 cfg1 2 1 0 0 na na
10 64516.481350299343 0.007433483867 cfg1 2 1 0 0 na na
10 64516.501350314015 0.007433248028 cfg1 2 2 0 0 na na
10 64516.502350280355 0.007433236241 cfg1 2 2 0 0 na na
10 64516.510350310579 0.007433142086 cfg1 2 2 0 0 na na
10 64516.539350297335 0.007432800750 cfg1 2 2 0 0 na na
10 64516.563350325455 0.007432510442 cfg1 2 1 0 0 na na
10 64516.569350324849 0.007432447823 cfg1 2 2 0 0 na na
10 64516.575350249870 0.007432378207 cfg1 2 1 0 0 na na
10 64516.579350281016 0.007432330832 cfg1 2 1 0 0 na na
10 64516.589350328082 0.007432212779 cfg1 2 2 0 0 na na
10 64516.605350275573 0.007432017501 cfg1 2 1 0 0 na na
10 64516.609350287976 0.007431977755 cfg1 2 2 0 0 na na
10 64516.719350296485 0.007430686817 cfg1 2 2 0 0 na na
10 64516.732350293182 0.007430534547 cfg1 2 2 0 0 na na
10 64516.754350270421 0.007430276761 cfg1 2 2 0 0 na na
10 64516.780350248460 0.007429976581 cfg1 2 1 0 0 na na
10 64516.812350282375 0.007429597800 cfg1 2 2 0 0 na na
10 64516.836350295872 0.007429317086 cfg1 2 2 0 0 na na
10 64516.847350264748 0.007429188563 cfg1 2 2 0 0 na na
10 64516.886350339759 0.007428719495 cfg1 2 1 0 0 na na
10 64516.983350316787 0.007427600903 cfg1 2 2 0 0 na na
10 64516.989350256675 0.007427530967 cfg1 2 2 0 0 na na
10 64517.010350318652 0.007427286400 cfg1 2 2 0 0 na na
10 64517.021350246651 0.007427160151 cfg1 2 1 0 0 na na
10 64517.027350240185 0.007427096756 cfg1 2 1 0 0 na na
10 64517.047350239887 0.007426866972 cfg1 2 1 0 0 na na
10 64517.087350326503 0.007426390536 cfg1 2 1 0 0 na na
10 64517.095350285028 0.007426308457 cfg1 2 1 0 0 na na
10 64517.096350341251 0.007426285936 cfg1 2 1 0 0 na na
10 64517.099350246631 0.007426255824 cfg1 2 1 0 0 na na
10 64517.102350332332 0.007426215561 cfg1 2 2 0 0 na na
10 64517.175350252091 0.007425367364 cfg1 2 2 0 0 na na
10 64517.215350277661 0.007424903243 cfg1 2 2 0 0 na na
10 64517.254350258511 0.007424451089 cfg1 2 2 0 0 na na
10 64517.267350266414 0.007424300511 cfg1 2 2 0 0 na na
10 64517.322350252138 0.007423663485 cfg1 2 2 0 0 na na
10 64517.337350281164 0.007423489975 cfg1 2 2 0 0 na na
10 64517.338350295425 0.007423478434 cfg1 2 2 0 0 na na
10 64517.403350280351 0.007422726836 cfg1 2 1 0 0 na na
10 64517.423350265352 0.007422496243 cfg1 2 1 0 0 na na
10 64517.430350322362 0.007422422180 cfg1 2 1 0 0 na na
10 64517.434350280395 0.007422368892 cfg1 2 2 0 0 na na
10 64517.449350258219 0.007422200632 cfg1 2 1 0 0 na na
10 64517.463350323519 0.007422034167 cfg1 2 2 0 0 na na
10 64517.473350301318 0.007421918791 cfg1 2 2 0 0 na na
10 64517.493350304604 0.007421697244 cfg1 2 1 0 0 na na
10 64517.506350337583 0.007421538335 cfg1 2 2 0 0 na na
10 64517.512350319136 0.007421469119 cfg1 2 2 0 0 na na
10 64517.516350262118 0.007421423036 cfg1 2 2 0 0 na na
10 64517.553350330971 0.007420996848 cfg1 2 2 0 0 na na
10 64517.562350304609 0.007420893011 cfg1 2 2 0 0 na na
10 64517.593350269785 0.007420536238 cfg1 2 2 0 0 na na
10 64517.595350256502 0.007420505524 cfg1 2 1 0 0 na na
10 64517.596350319756 0.007420501702 cfg1 2 2 0 0 na na
10 64517.601350274399 0.007420444200 cfg1 2 2 0 0 na na
10 64517.603350295448 0.007420421187 cfg1 2 2 0 0 na na
10 64517.625350319038 0.007420168236 cfg1 2 2 0 0 na na
10 64517.626350290194 0.007420156751 cfg1 2 2 0 0 na na
10 64517.635350348925 0.007420053213 cfg1 2 2 0 0 na na
10 64517.646350314685 0.007419926797 cfg1 2 2 0 0 na na
10 64517.649350286811 0.007419892347 cfg1 2 2 0 0 na na
10 64517.664350248112 0.007419724003 cfg1 2 1 0 0 na na
10 64517.665350326787 0.007419708492 cfg1 2 2 0 0 na na
10 64517.673350328722 0.007419616579 cfg1 2 2 0 0 na na
10 64517.685350292504 0.007419478802 cfg1 2 2 0 0 na na
10 64517.689350286129 0.007419432841 cfg1 2 2 0 0 na na
10 64517.692350317647 0.007419401744 cfg1 2 1 0 0 na na
10 64517.708350243246 0.007419223763 cfg1 2 1 0 0 na na
10 64517.721350256384 0.007419066339 cfg1 2 1 0 0 na na
10 64517.725350306502 0.007419019687 cfg1 2 2 0 0 na na
10 64517.738350326766 0.007418870503 cfg1 2 2 0 0 na na
10 64517.742350292933 0.007418824672 cfg1 2 2 0 0 na na
10 64517.772350277510 0.007418480693 cfg1 2 2 0 0 na na
10 64517.781350266559 0.007418377577 cfg1 2 2 0 0 na na
10 64517.785350279310 0.007418331737 cfg1 2 2 0 0 na na
10 64517.806350272337 0.007418091090 cfg1 2 2 0 0 na na
10 64517.827350291146 0.007417850744 cfg1 2 2 0 0 na na
10 64517.865350265584 0.007417415778 cfg1 2 2 0 0 na na
10 64517.871350263486 0.007417347309 cfg1 2 2 0 0 na na
10 64517.872350337634 0.007417335750 cfg1 2 2 0 0 na na
10 64517.885350293688 0.007417187022 cfg1 2 2 0 0 na na
10 64517.908350261016 0.007416924096 cfg1 2 2 0 0 na na
10 64517.909350302984 0.007416921694 cfg1 2 1 0 0 na na
10 64517.918350284956 0.007416809993 cfg1 2 2 0 0 na na
10 64517.924350280528 0.007416741317 cfg1 2 2 0 0 na na
10 64517.941350332473 0.007416547197 cfg1 2 2 0 0 na na
10 64517.944350247771 0.007416519859 cfg1 2 1 0 0 na na
10 64517.952350371815 0.007416421737 cfg1 2 2 0 0 na na
10 64517.971350262470 0.007416204746 cfg1 2 2 0 0 na na
10 64517.974350318548 0.007416170437 cfg1 2 2 0 0 na na
10 64517.998350279426 0.007415882866 cfg1 2 1 0 0 na na
10 64518.011350298800 0.007415748381 cfg1 2 2 0 0 na na
10 64518.022350290139 0.007415623002 cfg1 2 2 0 0 na na
10 64518.033350253847 0.007415493089 cfg1 2 1 0 0 na na
10 64518.034350275590 0.007415486241 cfg1 2 2 0 0 na na
10 64518.037350294506 0.007415451969 cfg1 2 2 0 0 na na
10 64518.053350297106 0.007415269707 cfg1 2 2 0 0 na na
10 64518.067350239995 0.007415116697 cfg1 2 1 0 0 na na
10 64518.093350269422 0.007414814181 cfg1 2 2 0 0 na na
10 64518.109350346989 0.007414632154 cfg1 2 2 0 0 na na
10 64518.114350237127 0.007414584885 cfg1 2 1 0 0 na na
10 64518.129350263192 0.007414404602 cfg1 2 2 0 0 na na
10 64518.175350254895 0.007413881679 cfg1 2 2 0 0 na na
10 64518.203350303586 0.007413563636 cfg1 2 2 0 0 na na
10 64518.220350305752 0.007413370675 cfg1 2 2 0 0 na na
10 64518.228350299124 0.007413279799 cfg1 2 2 0 0 na na
10 64518.257350303436 0.007412951394 cfg1 2 1 0 0 na na
10 64518.277350314872 0.007412735811 cfg1 2 1 0 0 na na
10 64518.280350321698 0.007412690675 cfg1 2 1 0 0 na na
10 64518.289350300707 0.007412576709 cfg1 2 1 0 0 na na
10 64518.307350301614 0.007412384112 cfg1 2 2 0 0 na na
10 64518.314350291343 0.007412304771 cfg1 2 2 0 0 na na
10 64518.346350300063 0.007411942388 cfg1 2 2 0 0 na na
10 64518.357350274266 0.007411817902 cfg1 2 2 0 0 na na
10 64518.369350287772 0.007411677111 cfg1 2 1 0 0 na na
10 64518.400350375634 0.007411331545 cfg1 2 2 0 0 na na
10 64518.414350249922 0.007411173244 cfg1 2 2 0 0 na na
10 64518.416350308605 0.007411150620 cfg1 2 2 0 0 na na
10 64518.417350311444 0.007411139356 cfg1 2 2 0 0 na na
10 64518.434350316060 0.007410947249 cfg1 2 2 0 0 na na
10 64518.438350320799 0.007410911924 cfg1 2 1 0 0 na na
10 64518.452350276760 0.007410743983 cfg1 2 2 0 0 na na
10 64518.470350259519 0.007410532315 cfg1 2 1 0 0 na na
10 64518.482350280202 0.007410405851 cfg1 2 1 0 0 na na
10 64518.510350254808 0.007410090406 cfg1 2 1 0 0 na na
10 64518.536350318605 0.007409796245 cfg1 2 2 0 0 na na
10 64518.540350273357 0.007409751119 cfg1 2 2 0 0 na na
10 64518.541350335012 0.007409739771 cfg1 2 2 0 0 na na
10 64518.550350290735 0.007409638444 cfg1 2 2 0 0 na na
10 64518.552350320232 0.007409615864 cfg1 2 2 0 0 na na
10 64518.583350325504 0.007409266606 cfg1 2 2 0 0 na na
10 64518.590350266250 0.007409187828 cfg1 2 2 0 0 na na
10 64518.595350318372 0.007409131587 cfg1 2 2 0 0 na na
10 64518.596350274505 0.007409120250 cfg1 2 2 0 0 na na
10 64518.603350267709 0.007409041455 cfg1 2 2 0 0 na na
10 64518.613350275639 0.007408928940 cfg1 2 2 0 0 na na
10 64518.616350304464 0.007408895244 cfg1 2 2 0 0 na na
10 64518.621350258134 0.007408838928 cfg1 2 2 0 0 na na
10 64518.638350309464 0.007408647743 cfg1 2 2 0 0 na na
10 64518.643350274873 0.007408591432 cfg1 2 2 0 0 na na
10 64518.648350331293 0.007408535268 cfg1 2 2 0 0 na na
10 64518.657350348294 0.007408433996 cfg1 2 2 0 0 na na
10 64518.668350263824 0.007408310361 cfg1 2 2 0 0 na na
10 64518.676350304755 0.007408220496 cfg1 2 2 0 0 na na
10 64518.677350328299 0.007408209196 cfg1 2 2 0 0 na na
10 64518.686350327201 0.007408108004 cfg1 2 2 0 0 na na
10 64518.712350327714 0.007407816216 cfg1 2 2 0 0 na na
10 64518.721350321434 0.007407715026 cfg1 2 2 0 0 na na
10 64518.725350331765 0.007407670085 cfg1 2 2 0 0 na na
10 64518.760350270361 0.007407276889 cfg1 2 1 0 0 na na
10 64518.809350279684 0.007406728049 cfg1 2 2 0 0 na na
10 64518.826350270912 0.007406537591 cfg1 2 2 0 0 na na
10 64518.830350262594 0.007406492787 cfg1 2 2 0 0 na na
10 64518.871350277703 0.007406024727 cfg1 2 1 0 0 na na
10 64518.880350292208 0.007405933161 cfg1 2 2 0 0 na na
10 64518.881350316993 0.007405921999 cfg1 2 2 0 0 na na
10 64518.889350273532 0.007405832457 cfg1 2 2 0 0 na na
10 64518.899350277605 0.007405720626 cfg1 2 2 0 0 na na
10 64518.910350301520 0.007405597647 cfg1 2 2 0 0 na na
10 64518.918350274535 0.007405508168 cfg1 2 2 0 0 na na
10 64518.922350272637 0.007405463523 cfg1 2 2 0 0 na na
10 64518.924350308002 0.007405441215 cfg1 2 2 0 0 na na
10 64518.929350326176 0.007405385293 cfg1 2 2 0 0 na na
10 64518.935350277261 0.007405318319 cfg1 2 2 0 0 na na
10 64518.938350315300 0.007405284805 cfg1 2 2 0 0 na na
10 64518.941350259156 0.007405251191 cfg1 2 2 0 0 na na
10 64518.963350275981 0.007405013046 cfg1 2 1 0 0 na na
10 64518.968350305113 0.007404935658 cfg1 2 1 0 0 na na
10 64518.974350290858 0.007404884463 cfg1 2 1 0 0 na na
10 64518.994350260937 0.007404659453 cfg1 2 2 0 0 na na
10 64519.017350292291 0.007404403233 cfg1 2 1 0 0 na na
10 64519.030350282190 0.007404257953 cfg1 2 2 0 0 na na
10 64519.043350282218 0.007404109666 cfg1 2 1 0 0 na na
10 64519.047350313498 0.007404068350 cfg1 2 2 0 0 na na
10 64519.060350323878 0.007403924113 cfg1 2 1 0 0 na na
10 64519.061350312524 0.007403912387 cfg1 2 2 0 0 na na
10 64519.066350241996 0.007403864947 cfg1 2 1 0 0 na na
10 64519.099350248842 0.007403493148 cfg1 2 1 0 0 na na
10 64519.129350266761 0.007403155308 cfg1 2 2 0 0 na na
10 64519.130350306390 0.007403144090 cfg1 2 2 0 0 na na
10 64519.136350321557 0.007403077345 cfg1 2 2 0 0 na na
10 64519.142350298782 0.007403010670 cfg1 2 2 0 0 na na
10 64519.166350341859 0.007402756970 cfg1 2 1 0 0 na na
10 64519.167350291840 0.007402732737 cfg1 2 2 0 0 na na
10 64519.196350303071 0.007402410484 cfg1 2 2 0 0 na na
10 64519.258350307756 0.007401722285 cfg1 2 2 0 0 na na
10 64519.321350289130 0.007401023894 cfg1 2 2 0 0 na na
10 64519.323350310510 0.007401001252 cfg1 2 1 0 0 na na
10 64519.324350328330 0.007400990595 cfg1 2 2 0 0 na na
10 64519.364350277330 0.007400547786 cfg1 2 2 0 0 na na
10 64519.395350362487 0.007400206020 cfg1 2 1 0 0 na na
10 64519.408350306401 0.007400061205 cfg1 2 2 0 0 na na
10 64519.446350243013 0.007399649003 cfg1 2 1 0 0 na na
10 64519.465350352949 0.007399418611 cfg1 2 1 0 0 na na
10 64519.528350245604 0.007398741432 cfg1 2 1 0 0 na na
10 64519.611350294950 0.007397821974 cfg1 2 2 0 0 na na
10 64519.634350295271 0.007397568991 cfg1 2 2 0 0 na na
10 64519.646350339440 0.007397436982 cfg1 2 2 0 0 na na
10 64519.735350294160 0.007396459306 cfg1 2 2 0 0 na na
10 64519.742350369264 0.007396382581 cfg1 2 2 0 0 na na
10 64519.749350255629 0.007396301116 cfg1 2 1 0 0 na na
10 64519.801350341212 0.007395735639 cfg1 2 2 0 0 na na
10 64519.813350264252 0.007395595720 cfg1 2 1 0 0 na na
10 64519.821350301667 0.007395516459 cfg1 2 2 0 0 na na
10 64519.826350274104 0.007395459046 cfg1 2 1 0 0 na na
10 64519.955350311166 0.007394051038 cfg1 2 2 0 0 na na
10 64519.963350295353 0.007393963714 cfg1 2 2 0 0 na na
10 64520.017350312936 0.007393374462 cfg1 2 2 0 0 na na
10 64520.034350257362 0.007393184661 cfg1 2 1 0 0 na na
10 64520.037350290944 0.007393156703 cfg1 2 2 0 0 na na
10 64520.048350319139 0.007393036672 cfg1 2 2 0 0 na na
10 64520.059350319266 0.007392904554 cfg1 2 1 0 0 na na
10 64520.092350300330 0.007392557510 cfg1 2 2 0 0 na na
10 64520.093350347246 0.007392550419 cfg1 2 1 0 0 na na
10 64520.106350278991 0.007392405225 cfg1 2 2 0 0 na na
10 64520.117350281598 0.007392285427 cfg1 2 2 0 0 na na
10 64520.118350317893 0.007392274576 cfg1 2 2 0 0 na na
10 64520.136350288855 0.007392078828 cfg1 2 2 0 0 na na
10 64520.148350284258 0.007391948362 cfg1 2 2 0 0 na na
10 64520.158350259718 0.007391832275 cfg1 2 1 0 0 na na
10 64520.182350332480 0.007391579283 cfg1 2 1 0 0 na na
10 64520.196350325216 0.007391427279 cfg1 2 1 0 0 na na
10 64520.218350239956 0.007391201976 cfg1 2 1 0 0 na na
10 64520.240350296313 0.007390954471 cfg1 2 1 0 0 na na
10 64520.250350321975 0.007390840865 cfg1 2 2 0 0 na na
10 64520.273350248542 0.007390598177 cfg1 2 1 0 0 na na
10 64520.288350257365 0.007390438874 cfg1 2 1 0 0 na na
10 64520.330350276827 0.007389973919 cfg1 2 2 0 0 na na
10 64520.394350252539 0.007389284400 cfg1 2 1 0 0 na na
10 64520.417350257843 0.007389033073 cfg1 2 2 0 0 na na
10 64520.422350288266 0.007388979144 cfg1 2 2 0 0 na na
10 64520.433350288794 0.007388860263 cfg1 2 2 0 0 na na
10 64520.434350307583 0.007388849594 cfg1 2 2 0 0 na na
10 64520.441350325350 0.007388774117 cfg1 2 2 0 0 na na
10 64520.534350267589 0.007387771423 cfg1 2 1 0 0 na na
10 64520.546350297813 0.007387641556 cfg1 2 2 0 0 na na
10 64520.572350270179 0.007387361670 cfg1 2 2 0 0 na na
10 64520.627350321155 0.007386769899 cfg1 2 2 0 0 na na
10 64520.646350274034 0.007386569338 cfg1 2 1 0 0 na na
10 64520.658350293922 0.007386430241 cfg1 2 1 0 0 na na
10 64520.672350290026 0.007386286994 cfg1 2 1 0 0 na na
10 64520.707350262431 0.007385899618 cfg1 2 1 0 0 na na
10 64520.725350278291 0.007385717614 cfg1 2 2 0 0 na na
10 64520.772350298168 0.007385213822 cfg1 2 2 0 0 na na
10 64520.774350286516 0.007385198216 cfg1 2 1 0 0 na na
10 64520.790350259298 0.007385020851 cfg1 2 2 0 0 na na
10 64520.809350299163 0.007384817415 cfg1 2 2 0 0 na na
10 64520.831350254412 0.007384582495 cfg1 2 1 0 0 na na
10 64520.901350298027 0.007383833686 cfg1 2 2 0 0 na na
10 64520.905350301027 0.007383790825 cfg1 2 2 0 0 na na
10 64520.912350292360 0.007383716234 cfg1 2 2 0 0 na na
10 64520.916350298012 0.007383673439 cfg1 2 2 0 0 na na
10 64520.922350268676 0.007383609915 cfg1 2 1 0 0 na na
10 64520.936350356629 0.007383459968 cfg1 2 2 0 0 na na
10 64520.942350320737 0.007383395818 cfg1 2 2 0 0 na na
10 64521.005350255406 0.007382723967 cfg1 2 2 0 0 na na
10 64521.024350285130 0.007382521623 cfg1 2 2 0 0 na na
10 64521.032350248044 0.007382439089 cfg1 2 1 0 0 na na
10 64521.040350247291 0.007382355079 cfg1 2 1 0 0 na na
10 64521.049350300106 0.007382255351 cfg1 2 2 0 0 na na
10 64521.055350273633 0.007382191511 cfg1 2 2 0 0 na na
10 64521.092350313350 0.007381797838 cfg1 2 2 0 0 na na
10 64521.112350257304 0.007381585366 cfg1 2 2 0 0 na na
10 64521.126350326897 0.007381436441 cfg1 2 2 0 0 na na
10 64521.140350278481 0.007381296332 cfg1 2 1 0 0 na na
10 64521.147350259365 0.007381213473 cfg1 2 2 0 0 na na
10 64521.165350286055 0.007381022244 cfg1 2 2 0 0 na na
10 64521.185350322242 0.007380809974 cfg1 2 2 0 0 na na
10 64521.208350346659 0.007380566600 cfg1 2 1 0 0 na na
10 64521.222350325899 0.007380414794 cfg1 2 1 0 0 na na
10 64521.226350289130 0.007380375093 cfg1 2 2 0 0 na na
10 64521.249350335012 0.007380131414 cfg1 2 2 0 0 na na
10 64521.279350280430 0.007379799299 cfg1 2 1 0 0 na na
10 64521.300350310990 0.007379591413 cfg1 2 2 0 0 na na
10 64521.327350245133 0.007379311424 cfg1 2 1 0 0 na na
10 64521.354350302219 0.007379021307 cfg1 2 1 0 0 na na
10 64521.368350240664 0.007378881353 cfg1 2 1 0 0 na na
10 64521.376350286240 0.007378787918 cfg1 2 2 0 0 na na
10 64521.377350266727 0.007378777293 cfg1 2 2 0 0 na na
10 64521.450350323357 0.007378006922 cfg1 2 2 0 0 na na
10 64521.504350266350 0.007377440618 cfg1 2 1 0 0 na na
10 64521.512350270817 0.007377353687 cfg1 2 2 0 0 na na
10 64521.567350276573 0.007376775015 cfg1 2 2 0 0 na na
10 64521.575350286256 0.007376690911 cfg1 2 2 0 0 na na
10 64521.657350283048 0.007375829682 cfg1 2 2 0 0 na na
10 64521.684350282586 0.007375546378 cfg1 2 2 0 0 na na
10 64521.685350255485 0.007375535993 cfg1 2 2 0 0 na na
10 64521.703350350777 0.007375347327 cfg1 2 2 0 0 na na
10 64521.714350311351 0.007375232000 cfg1 2 2 0 0 na na
10 64521.718350319784 0.007375201406 cfg1 2 1 0 0 na na
10 64521.728350287135 0.007375085355 cfg1 2 2 0 0 na na
10 64521.730350287108 0.007375064325 cfg1 2 2 0 0 na na
10 64521.759350259430 0.007374760761 cfg1 2 2 0 0 na na
10 64521.793350285038 0.007374411454 cfg1 2 1 0 0 na na
10 64521.805350317442 0.007374279594 cfg1 2 2 0 0 na na
10 64521.815350313290 0.007374175012 cfg1 2 2 0 0 na na
10 64521.855350275493 0.007373757123 cfg1 2 2 0 0 na na
10 64521.857350348154 0.007373736665 cfg1 2 1 0 0 na na
10 64521.888350316141 0.007373412591 cfg1 2 2 0 0 na na
10 64521.889350279857 0.007373402228 cfg1 2 2 0 0 na na
10 64521.910350272953 0.007373183077 cfg1 2 1 0 0 na na
10 64521.925350302130 0.007373026752 cfg1 2 2 0 0 na na
10 64521.930350273215 0.007372971647 cfg1 2 1 0 0 na na
10 64521.950350287805 0.007372766235 cfg1 2 2 0 0 na na
10 64521.956350347567 0.007372703747 cfg1 2 2 0 0 na na
10 64521.964350292493 0.007372620425 cfg1 2 2 0 0 na na
10 64521.973350257173 0.007372526763 cfg1 2 2 0 0 na na
10 64521.985350309744 0.007372401776 cfg1 2 2 0 0 na na
10 64522.007350271697 0.007372161575 cfg1 2 1 0 0 na na
10 64522.080350301981 0.007371414017 cfg1 2 2 0 0 na na
10 64522.082350333960 0.007371393207 cfg1 2 2 0 0 na na
10 64522.094350247944 0.007371274110 cfg1 2 1 0 0 na na
10 64522.136350295648 0.007370832825 cfg1 2 2 0 0 na na
10 64522.153350290740 0.007370656533 cfg1 2 2 0 0 na na
10 64522.213350354265 0.007370035014 cfg1 2 2 0 0 na na
10 64522.233350328519 0.007369828018 cfg1 2 2 0 0 na na
10 64522.276350257796 0.007369383278 cfg1 2 2 0 0 na na
10 64522.359350290816 0.007368526245 cfg1 2 2 0 0 na na
10 64522.399350367109 0.007368109585 cfg1 2 1 0 0 na na
10 64522.433350257695 0.007367759180 cfg1 2 1 0 0 na na
10 64522.464350282904 0.007367453423 cfg1 2 1 0 0 na na
10 64522.520350299698 0.007366871501 cfg1 2 1 0 0 na na
10 64522.574350291906 0.007366314280 cfg1 2 2 0 0 na na
10 64522.576350312465 0.007366293750 cfg1 2 2 0 0 na na
10 64522.579350263270 0.007366263002 cfg1 2 2 0 0 na na
10 64522.625350275130 0.007365791288 cfg1 2 2 0 0 na na
10 64522.660350301680 0.007365432780 cfg1 2 2 0 0 na na
10 64522.669350303428 0.007365340584 cfg1 2 2 0 0 na na
10 64522.672350284013 0.007365309934 cfg1 2 2 0 0 na na
10 64522.692350299886 0.007365100006 cfg1 2 1 0 0 na na
10 64522.702350309798 0.007365002967 cfg1 2 2 0 0 na na
10 64522.707350297482 0.007364951811 cfg1 2 2 0 0 na na
10 64522.765350244295 0.007364367357 cfg1 2 1 0 0 na na
10 64522.788350326118 0.007364124255 cfg1 2 2 0 0 na na
10 64522.789350253739 0.007364114013 cfg1 2 2 0 0 na na
10 64522.797350305609 0.007364032482 cfg1 2 2 0 0 na na
10 64522.804350318984 0.007363960968 cfg1 2 2 0 0 na na
10 64522.829350314741 0.007363706054 cfg1 2 2 0 0 na na
10 64522.833350316402 0.007363651027 cfg1 2 1 0 0 na na
10 64522.846350301173 0.007363533604 cfg1 2 1 0 0 na na
10 64522.852350281270 0.007363471465 cfg1 2 2 0 0 na na
10 64522.854350302745 0.007363451106 cfg1 2 2 0 0 na na
10 64522.871350315638 0.007363277892 cfg1 2 2 0 0 na na
10 64522.872350278384 0.007363267770 cfg1 2 2 0 0 na na
10 64522.895350267312 0.007363033533 cfg1 2 2 0 0 na na
10 64522.942350285103 0.007362555428 cfg1 2 2 0 0 na na
10 64522.950350276683 0.007362474010 cfg1 2 2 0 0 na na
10 64522.952350328326 0.007362453793 cfg1 2 2 0 0 na na
10 64522.985350297465 0.007362118396 cfg1 2 2 0 0 na na
10 64522.988350266704 0.007362087829 cfg1 2 1 0 0 na na
10 64522.991350261575 0.007362054424 cfg1 2 1 0 0 na na
10 64522.999350294467 0.007361976247 cfg1 2 2 0 0 na na
10 64523.015350278168 0.007361813822 cfg1 2 2 0 0 na na
10 64523.016350273241 0.007361803654 cfg1 2 2 0 0 na na
10 64523.028350246802 0.007361685266 cfg1 2 1 0 0 na na
10 64523.032350306535 0.007361641363 cfg1 2 2 0 0 na na
10 64523.057350288201 0.007361387722 cfg1 2 2 0 0 na na
10 64523.062350300340 0.007361337073 cfg1 2 2 0 0 na na
10 64523.083350309464 0.007361124261 cfg1 2 2 0 0 na na
10 64523.095350300852 0.007361002648 cfg1 2 2 0 0 na na
10 64523.122350321150 0.007360729240 cfg1 2 2 0 0 na na
10 64523.126350268581 0.007360688770 cfg1 2 2 0 0 na na
10 64523.151350268866 0.007360438920 cfg1 2 1 0 0 na na
10 64523.160350314499 0.007360344819 cfg1 2 2 0 0 na na
10 64523.163350314150 0.007360309008 cfg1 2 1 0 0 na na
10 64523.172350296800 0.007360223391 cfg1 2 2 0 0 na na
10 64523.221350286053 0.007359728384 cfg1 2 2 0 0 na na
10 64523.230350283743 0.007359637457 cfg1 2 2 0 0 na na
10 64523.280350302171 0.007359140793 cfg1 2 1 0 0 na na
10 64523.282350313976 0.007359112896 cfg1 2 2 0 0 na na
10 64523.296350311645 0.007358985518 cfg1 2 1 0 0 na na
10 64523.300350301791 0.007358931479 cfg1 2 2 0 0 na na
10 64523.314350268829 0.007358790458 cfg1 2 2 0 0 na na
10 64523.316350312088 0.007358770373 cfg1 2 2 0 0 na na
10 64523.322350290128 0.007358709786 cfg1 2 2 0 0 na na
10 64523.326350245261 0.007358676623 cfg1 2 1 0 0 na na
10 64523.336350295850 0.007358554932 cfg1 2 1 0 0 na na
10 64523.379350260571 0.007358136140 cfg1 2 2 0 0 na na
10 64523.391350308662 0.007358015559 cfg1 2 2 0 0 na na
10 64523.417350283790 0.007357746501 cfg1 2 1 0 0 na na
10 64523.418350330817 0.007357744117 cfg1 2 2 0 0 na na
10 64523.419350282014 0.007357734114 cfg1 2 2 0 0 na na
10 64523.439350276417 0.007357523450 cfg1 2 1 0 0 na na
10 64523.446350358442 0.007357463493 cfg1 2 1 0 0 na na
10 64523.466350315908 0.007357262190 cfg1 2 2 0 0 na na
10 64523.467350239882 0.007357267025 cfg1 2 1 0 0 na na
10 64523.479350260050 0.007357131727 cfg1 2 2 0 0 na na
10 64523.505350277976 0.007356871059 cfg1 2 2 0 0 na na
10 64523.537350320120 0.007356550344 cfg1 2 2 0 0 na na
10 64523.566350306316 0.007356259874 cfg1 2 2 0 0 na na
10 64523.588350309945 0.007356039732 cfg1 2 2 0 0 na na
10 64523.591350265632 0.007356009726 cfg1 2 2 0 0 na na
10 64523.614350260139 0.007355779776 cfg1 2 2 0 0 na na
10 64523.650350274020 0.007355419999 cfg1 2 2 0 0 na na
10 64523.676350369608 0.007355160369 cfg1 2 2 0 0 na na
10 64523.689350318838 0.007355030666 cfg1 2 2 0 0 na na
10 64523.691350265113 0.007355010685 cfg1 2 2 0 0 na na
10 64523.700350316189 0.007354920832 cfg1 2 2 0 0 na na
10 64523.706350343090 0.007354861040 cfg1 2 2 0 0 na na
10 64523.721350297765 0.007354700095 cfg1 2 1 0 0 na na
10 64523.733350330366 0.007354577706 cfg1 2 1 0 0 na na
10 64523.744350324449 0.007354482262 cfg1 2 2 0 0 na na
10 64523.766350332777 0.007354263328 cfg1 2 1 0 0 na na
10 64523.814350295223 0.007353785310 cfg1 2 2 0 0 na na
10 64523.824350264708 0.007353685901 cfg1 2 2 0 0 na na
10 64523.878350293884 0.007353149218 cfg1 2 2 0 0 na na
10 64523.893350251630 0.007353000446 cfg1 2 2 0 0 na na
10 64523.899350240028 0.007352952004 cfg1 2 1 0 0 na na
10 64523.906350298451 0.007352871240 cfg1 2 2 0 0 na na
10 64523.924350254553 0.007352692732 cfg1 2 2 0 0 na na
10 64523.935350269032 0.007352583598 cfg1 2 2 0 0 na na
10 64523.938350315523 0.007352553925 cfg1 2 2 0 0 na na
10 64523.941350264039 0.007352521214 cfg1 2 1 0 0 na na
10 64523.947350314775 0.007352464673 cfg1 2 2 0 0 na na
10 64523.989350286912 0.007352039076 cfg1 2 1 0 0 na na
10 64523.997350297113 0.007351968219 cfg1 2 1 0 0 na na
10 64524.040350258419 0.007351543820 cfg1 2 2 0 0 na na
10 64524.110350319078 0.007350852225 cfg1 2 2 0 0 na na
10 64524.115350306593 0.007350802852 cfg1 2 2 0 0 na na
10 64524.169350356962 0.007350270191 cfg1 2 2 0 0 na na
10 64524.171350329384 0.007350250479 cfg1 2 2 0 0 na na
10 64524.179350269643 0.007350171731 cfg1 2 2 0 0 na na
10 64524.186350257889 0.007350102689 cfg1 2 2 0 0 na na
10 64524.194350248792 0.007350023937 cfg1 2 2 0 0 na na
10 64524.213350322735 0.007349833065 cfg1 2 1 0 0 na na
10 64524.220350312705 0.007349767798 cfg1 2 2 0 0 na na
10 64524.232350288351 0.007349649754 cfg1 2 2 0 0 na na
10 64524.235350275328 0.007349633878 cfg1 2 1 0 0 na na
10 64524.251350322309 0.007349462852 cfg1 2 2 0 0 na na
10 64524.262350339282 0.007349354712 cfg1 2 2 0 0 na na
10 64524.279350256760 0.007349187606 cfg1 2 2 0 0 na na
10 64524.348350274135 0.007348506863 cfg1 2 1 0 0 na na
10 64524.350350304841 0.007348490313 cfg1 2 2 0 0 na na
10 64524.374350263795 0.007348254965 cfg1 2 2 0 0 na na
10 64524.377350294005 0.007348226219 cfg1 2 1 0 0 na na
10 64524.381350292330 0.007348186350 cfg1 2 2 0 0 na na
10 64524.437350280010 0.007347637818 cfg1 2 2 0 0 na na
10 64524.487350277334 0.007347135570 cfg1 2 1 0 0 na na
10 64524.501350313799 0.007347011861 cfg1 2 2 0 0 na na
10 64524.503350319041 0.007346978311 cfg1 2 1 0 0 na na
10 64524.558350334826 0.007346455276 cfg1 2 2 0 0 na na
10 64524.574350273145 0.007346299281 cfg1 2 2 0 0 na na
10 64524.587350251759 0.007346172425 cfg1 2 2 0 0 na na
10 64524.593350318229 0.007346113877 cfg1 2 2 0 0 na na
10 64524.603350259990 0.007346007007 cfg1 2 1 0 0 na na
10 64524.622350259169 0.007345831392 cfg1 2 2 0 0 na na
10 64524.678350248241 0.007345288621 cfg1 2 1 0 0 na na
10 64524.680350290514 0.007345266721 cfg1 2 2 0 0 na na
10 64524.692350325287 0.007345149997 cfg1 2 2 0 0 na na
10 64524.700350258168 0.007345072318 cfg1 2 2 0 0 na na
10 64524.714350326390 0.007344936221 cfg1 2 2 0 0 na na
10 64524.718350329337 0.007344893302 cfg1 2 1 0 0 na na
10 64524.721350307318 0.007344868515 cfg1 2 1 0 0 na na
10 64524.730350305304 0.007344780717 cfg1 2 2 0 0 na na
10 64524.764350234216 0.007344462725 cfg1 2 1 0 0 na na
10 64524.771350316907 0.007344382755 cfg1 2 2 0 0 na na
10 64524.772350260185 0.007344361680 cfg1 2 1 0 0 na na
10 64524.804350277954 0.007344062643 cfg1 2 2 0 0 na na
10 64524.820350259531 0.007343897059 cfg1 2 1 0 0 na na
10 64524.844350269008 0.007343688410 cfg1 2 1 0 0 na na
10 64524.858350277155 0.007343539537 cfg1 2 2 0 0 na na
10 64524.868350266404 0.007343442710 cfg1 2 2 0 0 na na
10 64524.871350300762 0.007343423340 cfg1 2 1 0 0 na na
10 64524.880350330753 0.007343326598 cfg1 2 2 0 0 na na
10 64524.917350261326 0.007342968815 cfg1 2 2 0 0 na na
10 64524.977350298070 0.007342389359 cfg1 2 2 0 0 na na
10 64524.983350338781 0.007342331355 cfg1 2 2 0 0 na na
10 64525.035350360030 0.007341826032 cfg1 2 1 0 0 na na
10 64525.041350301563 0.007341772144 cfg1 2 2 0 0 na na
10 64525.082350326526 0.007341377217 cfg1 2 1 0 0 na na
10 64525.087350317062 0.007341321062 cfg1 2 1 0 0 na na
10 64525.109350370493 0.007341117631 cfg1 2 2 0 0 na na
10 64525.153350325410 0.007340694705 cfg1 2 2 0 0 na na
10 64525.155350320634 0.007340675444 cfg1 2 2 0 0 na na
10 64525.186350274486 0.007340377840 cfg1 2 2 0 0 na na
10 64525.219350262877 0.007340059257 cfg1 2 1 0 0 na na
10 64525.223350303418 0.007340011553 cfg1 2 1 0 0 na na
10 64525.231350255525 0.007339946168 cfg1 2 2 0 0 na na
10 64525.259350349482 0.007339683295 cfg1 2 1 0 0 na na
10 64525.262350265877 0.007339649266 cfg1 2 2 0 0 na na
10 64525.266350270411 0.007339610834 cfg1 2 2 0 0 na na
10 64525.284350336564 0.007339438545 cfg1 2 2 0 0 na na
10 64525.296350334714 0.007339323704 cfg1 2 2 0 0 na na
10 64525.308350313087 0.007339214618 cfg1 2 1 0 0 na na
10 64525.309350311035 0.007339199294 cfg1 2 2 0 0 na na
10 64525.310350280360 0.007339189658 cfg1 2 2 0 0 na na
10 64525.317350306452 0.007339122744 cfg1 2 2 0 0 na na
10 64525.336350267306 0.007338941128 cfg1 2 2 0 0 na na
10 64525.339350328415 0.007338912398 cfg1 2 2 0 0 na na
10 64525.352350348857 0.007338782380 cfg1 2 1 0 0 na na
10 64525.358350278327 0.007338730834 cfg1 2 2 0 0 na na
10 64525.360350349474 0.007338711758 cfg1 2 2 0 0 na na
10 64525.366350315182 0.007338654475 cfg1 2 2 0 0 na na
10 64525.377350345645 0.007338549444 cfg1 2 2 0 0 na na
10 64525.382350307673 0.007338501643 cfg1 2 2 0 0 na na
10 64525.389350317796 0.007338434903 cfg1 2 2 0 0 na na
10 64525.442350317620 0.007337930960 cfg1 2 1 0 0 na na
10 64525.445350328531 0.007337900711 cfg1 2 2 0 0 na na
10 64525.465350294582 0.007337710105 cfg1 2 2 0 0 na na
10 64525.471350346178 0.007337652961 cfg1 2 2 0 0 na na
10 64525.498350346240 0.007337383553 cfg1 2 1 0 0 na na
10 64525.624350358012 0.007336198726 cfg1 2 2 0 0 na na
10 64525.680350318205 0.007335667903 cfg1 2 2 0 0 na na
10 64525.717350374808 0.007335318042 cfg1 2 1 0 0 na na
10 64525.892350343516 0.007333665937 cfg1 2 2 0 0 na na
10 64525.900350300547 0.007333584421 cfg1 2 1 0 0 na na
10 64525.922350372590 0.007333383451 cfg1 2 2 0 0 na na
10 64526.065350321713 0.007332044979 cfg1 2 1 0 0 na na
10 64526.103350317110 0.007331693111 cfg1 2 1 0 0 na na
10 64526.122350304724 0.007331506725 cfg1 2 2 0 0 na na
10 64526.202350308183 0.007330756883 cfg1 2 1 0 0 na na
10 64526.229350301560 0.007330508881 cfg1 2 1 0 0 na na
10 64526.334350286032 0.007329534245 cfg1 2 1 0 0 na na
10 64526.350350344555 0.007329374053 cfg1 2 1 0 0 na na
10 64526.412350297383 0.007328793077 cfg1 2 1 0 0 na na
10 64526.422350298407 0.007328714974 cfg1 2 1 0 0 na na
10 64526.429350306202 0.007328638833 cfg1 2 1 0 0 na na
10 64526.458350333745 0.007328376955 cfg1 2 2 0 0 na na
10 64526.477350292222 0.007328192758 cfg1 2 1 0 0 na na
10 64526.478350354808 0.007328191583 cfg1 2 2 0 0 na na
10 64526.496350352359 0.007328023650 cfg1 2 1 0 0 na na
10 64526.565350314257 0.007327386407 cfg1 2 2 0 0 na na
10 64526.576350351162 0.007327284710 cfg1 2 2 0 0 na na
10 64526.583350312800 0.007327220053 cfg1 2 2 0 0 na na
10 64526.584350310961 0.007327210896 cfg1 2 2 0 0 na na
10 64526.599350293645 0.007327072222 cfg1 2 2 0 0 na na
10 64526.606350312795 0.007327007625 cfg1 2 2 0 0 na na
10 64526.688350336911 0.007326251304 cfg1 2 2 0 0 na na
10 64526.694350366223 0.007326209526 cfg1 2 1 0 0 na na
10 64526.696350350468 0.007326169710 cfg1 2 1 0 0 na na
10 64526.726350303883 0.007325905910 cfg1 2 1 0 0 na na
10 64526.737350320837 0.007325800144 cfg1 2 2 0 0 na na
10 64526.838350335341 0.007324877417 cfg1 2 1 0 0 na na
10 64526.847350320597 0.007324789734 cfg1 2 2 0 0 na na
10 64526.852350302693 0.007324743995 cfg1 2 2 0 0 na na
10 64526.906350316766 0.007324263327 cfg1 2 1 0 0 na na
10 64526.970350336135 0.007323663502 cfg1 2 2 0 0 na na
10 64526.998350349931 0.007323407790 cfg1 2 2 0 0 na na
10 64527.019350266960 0.007323226384 cfg1 2 1 0 0 na na
10 64527.041350345632 0.007323016398 cfg1 2 1 0 0 na na
10 64527.052350293409 0.007322903942 cfg1 2 1 0 0 na na
10 64527.071350316302 0.007322745571 cfg1 2 1 0 0 na na
10 64527.086350291267 0.007322609467 cfg1 2 1 0 0 na na
10 64527.147350327816 0.007322049755 cfg1 2 2 0 0 na na
10 64527.154350339151 0.007321986105 cfg1 2 2 0 0 na na
10 64527.171350322318 0.007321831648 cfg1 2 2 0 0 na na
10 64527.240350284331 0.007321205104 cfg1 2 2 0 0 na na
10 64527.273350401251 0.007320898779 cfg1 2 1 0 0 na na
10 64527.278350271104 0.007320860622 cfg1 2 2 0 0 na na
10 64527.283350308814 0.007320821669 cfg1 2 1 0 0 na na
10 64527.306350293273 0.007320596325 cfg1 2 1 0 0 na na
10 64527.353350321498 0.007320181691 cfg1 2 2 0 0 na na
10 64527.400350323718 0.007319762080 cfg1 2 1 0 0 na na
10 64527.437350310975 0.007319423193 cfg1 2 2 0 0 na na
10 64527.442350324930 0.007319378163 cfg1 2 2 0 0 na na
10 64527.462350306174 0.007319197780 cfg1 2 2 0 0 na na
10 64527.470350308950 0.007319125596 cfg1 2 2 0 0 na na
10 64527.491350312024 0.007318936581 cfg1 2 2 0 0 na na
10 64527.525350331116 0.007318620523 cfg1 2 1 0 0 na na
10 64527.580350343947 0.007318135950 cfg1 2 2 0 0 na na
10 64527.600350329870 0.007317956307 cfg1 2 2 0 0 na na
10 64527.607350299185 0.007317908272 cfg1 2 1 0 0 na na
10 64527.613350320368 0.007317839653 cfg1 2 2 0 0 na na
10 64527.621350327392 0.007317767917 cfg1 2 2 0 0 na na
10 64527.627350348506 0.007317714023 cfg1 2 2 0 0 na na
10 64527.666350353117 0.007317364417 cfg1 2 2 0 0 na na
10 64527.669350294939 0.007317337534 cfg1 2 2 0 0 na na
10 64527.682350306862 0.007317221022 cfg1 2 2 0 0 na na
10 64527.685350314626 0.007317194126 cfg1 2 2 0 0 na na
10 64527.704350315312 0.007317033291 cfg1 2 1 0 0 na na
10 64527.720350358505 0.007316880935 cfg1 2 2 0 0 na na
10 64527.722350363443 0.007316862947 cfg1 2 2 0 0 na na
10 64527.723350282773 0.007316853957 cfg1 2 2 0 0 na na
10 64527.740350289082 0.007316701894 cfg1 2 2 0 0 na na
10 64527.741350314185 0.007316695297 cfg1 2 1 0 0 na na
10 64527.743350322778 0.007316675129 cfg1 2 2 0 0 na na
10 64527.747350305723 0.007316639377 cfg1 2 2 0 0 na na
10 64527.749350310882 0.007316621468 cfg1 2 2 0 0 na na
10 64527.750350344347 0.007316612536 cfg1 2 2 0 0 na na
10 64527.786350265133 0.007316291991 cfg1 2 1 0 0 na na
10 64527.790350258111 0.007316243995 cfg1 2 1 0 0 na na
10 64527.791350351951 0.007316246276 cfg1 2 2 0 0 na na
10 64527.798350257519 0.007316183804 cfg1 2 2 0 0 na na
10 64527.838350346764 0.007315836783 cfg1 2 1 0 0 na na
10 64527.881350314707 0.007315443711 cfg1 2 2 0 0 na na
10 64527.889350330031 0.007315372562 cfg1 2 2 0 0 na na
10 64527.891350287155 0.007315340865 cfg1 2 1 0 0 na na
10 64527.894350315342 0.007315327972 cfg1 2 2 0 0 na na
10 64527.895350322981 0.007315319074 cfg1 2 2 0 0 na na
10 64527.903350369373 0.007315242411 cfg1 2 1 0 0 na na
10 64527.909350303797 0.007315194519 cfg1 2 2 0 0 na na
10 64527.913350344124 0.007315158870 cfg1 2 2 0 0 na na
10 64527.935350281826 0.007314963262 cfg1 2 2 0 0 na na
10 64527.937350344448 0.007314936149 cfg1 2 1 0 0 na na
10 64527.945350309667 0.007314874266 cfg1 2 2 0 0 na na
10 64527.975350334034 0.007314607752 cfg1 2 2 0 0 na na
10 64527.986350352666 0.007314510076 cfg1 2 2 0 0 na na
10 64527.992350361183 0.007314456865 cfg1 2 2 0 0 na na
10 64527.993350283302 0.007314448048 cfg1 2 2 0 0 na na
10 64528.013350338090 0.007314259810 cfg1 2 1 0 0 na na
10 64528.028350326114 0.007314132820 cfg1 2 1 0 0 na na
10 64528.031350329847 0.007314110881 cfg1 2 2 0 0 na na
10 64528.035350281489 0.007314075338 cfg1 2 2 0 0 na na
10 64528.041350362907 0.007314022155 cfg1 2 2 0 0 na na
10 64528.073350266423 0.007313738644 cfg1 2 2 0 0 na na
10 64528.099350305719 0.007313508409 cfg1 2 2 0 0 na na
10 64528.105350347004 0.007313455391 cfg1 2 2 0 0 na na
10 64528.107350313995 0.007313437703 cfg1 2 2 0 0 na na
10 64528.111350320180 0.007313402305 cfg1 2 2 0 0 na na
10 64528.127350328282 0.007313260835 cfg1 2 2 0 0 na na
10 64528.160350357643 0.007312955673 cfg1 2 1 0 0 na na
10 64528.161350276227 0.007312960321 cfg1 2 2 0 0 na na
10 64528.176350323028 0.007312824468 cfg1 2 1 0 0 na na
10 64528.223350263497 0.007312413178 cfg1 2 2 0 0 na na
10 64528.227350283995 0.007312380768 cfg1 2 1 0 0 na na
10 64528.262350292104 0.007312069432 cfg1 2 2 0 0 na na
10 64528.282350304463 0.007311890670 cfg1 2 1 0 0 na na
10 64528.287350272470 0.007311843547 cfg1 2 1 0 0 na na
10 64528.306350293496 0.007311682189 cfg1 2 2 0 0 na na
10 64528.421350317486 0.007310672506 cfg1 2 2 0 0 na na
10 64528.450350264782 0.007310407161 cfg1 2 1 0 0 na na
10 64528.458350287980 0.007310348319 cfg1 2 2 0 0 na na
10 64528.468350325592 0.007310260721 cfg1 2 2 0 0 na na
10 64528.503350309648 0.007309954468 cfg1 2 2 0 0 na na
10 64528.509350310246 0.007309901990 cfg1 2 2 0 0 na na
10 64528.629350298302 0.007308856270 cfg1 2 1 0 0 na na
10 64528.632350327901 0.007308828571 cfg1 2 2 0 0 na na
10 64528.721350314761 0.007308054257 cfg1 2 2 0 0 na na
10 64528.731350362471 0.007307952909 cfg1 2 1 0 0 na na
10 64528.743350363645 0.007307863164 cfg1 2 2 0 0 na na
10 64528.748350289089 0.007307819884 cfg1 2 2 0 0 na na
10 64528.797350315150 0.007307394696 cfg1 2 2 0 0 na na
10 64528.798350304024 0.007307375535 cfg1 2 1 0 0 na na
10 64528.801350292034 0.007307360015 cfg1 2 2 0 0 na na
10 64528.827350311131 0.007307134729 cfg1 2 2 0 0 na na
10 64528.833350298882 0.007307082812 cfg1 2 2 0 0 na na
10 64528.834350332600 0.007307076106 cfg1 2 1 0 0 na na
10 64528.857350385858 0.007306865057 cfg1 2 1 0 0 na na
10 64528.878350314187 0.007306693910 cfg1 2 1 0 0 na na
10 64528.902350354457 0.007306485914 cfg1 2 2 0 0 na na
10 64528.914350330044 0.007306393017 cfg1 2 1 0 0 na na
10 64528.948350294292 0.007306088711 cfg1 2 2 0 0 na na
10 64528.973350325239 0.007305870845 cfg1 2 1 0 0 na na
10 64528.990350276252 0.007305726495 cfg1 2 2 0 0 na na
10 64528.993350281985 0.007305685947 cfg1 2 1 0 0 na na
10 64529.013350255380 0.007305535472 cfg1 2 1 0 0 na na
10 64529.036350293141 0.007305339363 cfg1 2 1 0 0 na na
10 64529.064350313412 0.007305089379 cfg1 2 2 0 0 na na
10 64529.083350349184 0.007304926050 cfg1 2 2 0 0 na na
10 64529.086350332877 0.007304900258 cfg1 2 2 0 0 na na
10 64529.102350263810 0.007304753937 cfg1 2 1 0 0 na na
10 64529.146350326613 0.007304385108 cfg1 2 2 0 0 na na
10 64529.197350265158 0.007303947897 cfg1 2 2 0 0 na na
10 64529.247350276851 0.007303520012 cfg1 2 2 0 0 na na
10 64529.285350374784 0.007303195173 cfg1 2 2 0 0 na na
10 64529.299350342850 0.007303081940 cfg1 2 1 0 0 na na
10 64529.317350296115 0.007302918619 cfg1 2 1 0 0 na na
10 64529.376350307544 0.007302418961 cfg1 2 2 0 0 na na
10 64529.393350328904 0.007302260986 cfg1 2 1 0 0 na na
10 64529.437350262562 0.007301911766 cfg1 2 1 0 0 na na
10 64529.450350333219 0.007301789231 cfg1 2 2 0 0 na na
10 64529.515350324491 0.007301237445 cfg1 2 2 0 0 na na
10 64529.551350333439 0.007300928409 cfg1 2 1 0 0 na na
10 64529.745350349342 0.007299293175 cfg1 2 2 0 0 na na
10 64529.811350267973 0.007298723970 cfg1 2 1 0 0 na na
10 64529.825350286440 0.007298620205 cfg1 2 2 0 0 na na
10 64529.827350310342 0.007298603616 cfg1 2 2 0 0 na na
10 64529.830350285430 0.007298578197 cfg1 2 2 0 0 na na
10 64529.847350269157 0.007298435400 cfg1 2 2 0 0 na na
10 64529.854350269251 0.007298379947 cfg1 2 1 0 0 na na
10 64529.863350366422 0.007298301199 cfg1 2 2 0 0 na na
10 64529.896350343400 0.007298024360 cfg1 2 2 0 0 na na
10 64529.927350312316 0.007297764527 cfg1 2 2 0 0 na na
10 64529.958350338360 0.007297504978 cfg1 2 2 0 0 na na
10 64529.996350292894 0.007297187306 cfg1 2 2 0 0 na na
10 64529.997350376342 0.007297190706 cfg1 2 1 0 0 na na
10 64530.031350317366 0.007296907697 cfg1 2 1 0 0 na na
10 64530.091350314069 0.007296402510 cfg1 2 1 0 0 na na
10 64530.158350374073 0.007295840624 cfg1 2 1 0 0 na na
10 64530.187350343874 0.007295595762 cfg1 2 2 0 0 na na
10 64530.265350358993 0.007294954340 cfg1 2 1 0 0 na na
10 64530.298350329622 0.007294660629 cfg1 2 1 0 0 na na
10 64530.300350287186 0.007294653017 cfg1 2 1 0 0 na na
10 64530.314350343332 0.007294555807 cfg1 2 1 0 0 na na
10 64530.343350347761 0.007294302777 cfg1 2 2 0 0 na na
10 64530.386350281068 0.007293947597 cfg1 2 2 0 0 na na
10 64530.396350319818 0.007293864959 cfg1 2 2 0 0 na na
10 64530.415350285096 0.007293708325 cfg1 2 2 0 0 na na
10 64530.444350329337 0.007293484004 cfg1 2 1 0 0 na na
10 64530.462350339578 0.007293320846 cfg1 2 2 0 0 na na
10 64530.470350308885 0.007293241462 cfg1 2 1 0 0 na na
10 64530.472350342456 0.007293238522 cfg1 2 2 0 0 na na
10 64530.511350281893 0.007292917628 cfg1 2 2 0 0 na na
10 64530.577350339066 0.007292375519 cfg1 2 2 0 0 na na
10 64530.622350345475 0.007292000758 cfg1 2 1 0 0 na na
10 64530.653350291822 0.007291752385 cfg1 2 2 0 0 na na
10 64530.707350287475 0.007291310692 cfg1 2 2 0 0 na na
10 64530.713350263413 0.007291261792 cfg1 2 2 0 0 na na
10 64530.722350317167 0.007291188228 cfg1 2 2 0 0 na na
10 64530.772350344841 0.007290791338 cfg1 2 1 0 0 na na
10 64530.778350295094 0.007290731168 cfg1 2 2 0 0 na na
10 64530.792350302334 0.007290616969 cfg1 2 2 0 0 na na
10 64530.801350343880 0.007290543691 cfg1 2 2 0 0 na na
10 64530.811350353341 0.007290463276 cfg1 2 1 0 0 na na
10 64530.885350354922 0.007289867802 cfg1 2 1 0 0 na na
10 64530.897350263142 0.007289753394 cfg1 2 1 0 0 na na
10 64530.906350268766 0.007289689543 cfg1 2 2 0 0 na na
10 64530.918350356486 0.007289589792 cfg1 2 1 0 0 na na
10 64530.924350361350 0.007289543440 cfg1 2 2 0 0 na na
10 64530.943350322306 0.007289389214 cfg1 2 2 0 0 na na
10 64530.951350339485 0.007289324400 cfg1 2 2 0 0 na na
10 64530.976350324612 0.007289121781 cfg1 2 2 0 0 na na
10 64530.988350334998 0.007289024581 cfg1 2 2 0 0 na na
10 64531.013350326826 0.007288819091 cfg1 2 1 0 0 na na
10 64531.028350344357 0.007288700725 cfg1 2 2 0 0 na na
10 64531.033350368770 0.007288660835 cfg1 2 1 0 0 na na
10 64531.049350326004 0.007288531072 cfg1 2 2 0 0 na na
10 64531.061350310647 0.007288433959 cfg1 2 2 0 0 na na
10 64531.073350348178 0.007288337027 cfg1 2 2 0 0 na na
10 64531.084350274826 0.007288245513 cfg1 2 1 0 0 na na
10 64531.180350320462 0.007287474328 cfg1 2 2 0 0 na na
10 64531.207350333199 0.007287257127 cfg1 2 2 0 0 na na
10 64531.213350298842 0.007287208762 cfg1 2 2 0 0 na na
10 64531.231350339853 0.007287065314 cfg1 2 1 0 0 na na
10 64531.256350367252 0.007286863321 cfg1 2 2 0 0 na na
10 64531.259350317974 0.007286839262 cfg1 2 2 0 0 na na
10 64531.294350307088 0.007286558320 cfg1 2 2 0 0 na na
10 64531.325350284596 0.007286309869 cfg1 2 2 0 0 na na
10 64531.328350295711 0.007286278009 cfg1 2 1 0 0 na na
10 64531.335350281686 0.007286229751 cfg1 2 2 0 0 na na
10 64531.378350281715 0.007285885646 cfg1 2 2 0 0 na na
10 64531.398350330378 0.007285730241 cfg1 2 1 0 0 na na
10 64531.409350326739 0.007285637898 cfg1 2 2 0 0 na na
10 64531.428350313312 0.007285486206 cfg1 2 2 0 0 na na
10 64531.432350322697 0.007285454197 cfg1 2 2 0 0 na na
10 64531.433350340207 0.007285446115 cfg1 2 2 0 0 na na
10 64531.442350290675 0.007285374332 cfg1 2 2 0 0 na na
10 64531.499350311641 0.007284919902 cfg1 2 2 0 0 na na
10 64531.501350334800 0.007284903949 cfg1 2 2 0 0 na na
10 64531.521350391258 0.007284744652 cfg1 2 2 0 0 na na
10 64531.549350338269 0.007284521902 cfg1 2 2 0 0 na na
10 64531.568350300412 0.007284370902 cfg1 2 2 0 0 na na
10 64531.574350289945 0.007284322345 cfg1 2 1 0 0 na na
10 64531.610350327034 0.007284037250 cfg1 2 2 0 0 na na
10 64531.648350280881 0.007283735912 cfg1 2 2 0 0 na na
10 64531.651350283210 0.007283712168 cfg1 2 2 0 0 na na
10 64531.683350338885 0.007283458566 cfg1 2 2 0 0 na na
10 64531.699350292526 0.007283318143 cfg1 2 1 0 0 na na
10 64531.712350305103 0.007283229057 cfg1 2 2 0 0 na na
10 64531.719350264040 0.007283162874 cfg1 2 1 0 0 na na
10 64531.721350283583 0.007283157848 cfg1 2 2 0 0 na na
10 64531.736350321321 0.007283039192 cfg1 2 2 0 0 na na
10 64531.753350310954 0.007282907224 cfg1 2 1 0 0 na na
10 64531.776350314107 0.007282723410 cfg1 2 2 0 0 na na
10 64531.782350376516 0.007282675982 cfg1 2 2 0 0 na na
10 64531.846350305593 0.007282171445 cfg1 2 2 0 0 na na
10 64531.861350330526 0.007282047865 cfg1 2 1 0 0 na na
10 64531.867350279113 0.007282006094 cfg1 2 2 0 0 na na
10 64531.928350340077 0.007281526548 cfg1 2 2 0 0 na na
10 64531.933350300741 0.007281487297 cfg1 2 2 0 0 na na
10 64531.962350394865 0.007281259658 cfg1 2 2 0 0 na na
10 64531.990350323089 0.007281040128 cfg1 2 2 0 0 na na
10 64532.013350321170 0.007280859893 cfg1 2 2 0 0 na na
10 64532.018350330299 0.007280820766 cfg1 2 2 0 0 na na
10 64532.024350289629 0.007280773833 cfg1 2 2 0 0 na na
10 64532.051350330740 0.007280562484 cfg1 2 2 0 0 na na
10 64532.055350301898 0.007280531206 cfg1 2 2 0 0 na na
10 64532.064350309885 0.007280470276 cfg1 2 1 0 0 na na
10 64532.069350359074 0.007280421807 cfg1 2 2 0 0 na na
10 64532.084350292005 0.007280304623 cfg1 2 2 0 0 na na
10 64532.088350351259 0.007280273294 cfg1 2 2 0 0 na na
10 64532.089350320331 0.007280265363 cfg1 2 1 0 0 na na
10 64532.091350282862 0.007280249850 cfg1 2 2 0 0 na na
10 64532.095350303608 0.007280218668 cfg1 2 2 0 0 na na
10 64532.098350370838 0.007280195169 cfg1 2 2 0 0 na na
10 64532.118350329967 0.007280039584 cfg1 2 1 0 0 na na
10 64532.130350292006 0.007279945414 cfg1 2 2 0 0 na na
10 64532.135350345392 0.007279906396 cfg1 2 2 0 0 na na
10 64532.147350338935 0.007279819737 cfg1 2 1 0 0 na na
10 64532.156350354904 0.007279742673 cfg1 2 2 0 0 na na
10 64532.210350348261 0.007279322174 cfg1 2 2 0 0 na na
10 64532.235350303363 0.007279127735 cfg1 2 2 0 0 na na
10 64532.237350316867 0.007279103937 cfg1 2 1 0 0 na na
10 64532.388350293628 0.007277941498 cfg1 2 2 0 0 na na
10 64532.452350291227 0.007277447147 cfg1 2 2 0 0 na na
10 64532.484350300876 0.007277200373 cfg1 2 2 0 0 na na
10 64532.515350282920 0.007276961102 cfg1 2 1 0 0 na na
10 64532.520350324707 0.007276929696 cfg1 2 1 0 0 na na
10 64532.534350303606 0.007276815302 cfg1 2 2 0 0 na na
10 64532.536350290068 0.007276799878 cfg1 2 2 0 0 na na
10 64532.543350333140 0.007276736722 cfg1 2 1 0 0 na na
10 64532.548350330502 0.007276707649 cfg1 2 2 0 0 na na
10 64532.580350289519 0.007276461566 cfg1 2 2 0 0 na na
10 64532.605350321130 0.007276269674 cfg1 2 2 0 0 na na
10 64532.626350271929 0.007276108375 cfg1 2 2 0 0 na na
10 64532.629350320118 0.007276085449 cfg1 2 2 0 0 na na
10 64532.630350243087 0.007276088623 cfg1 2 1 0 0 na na
10 64532.635350302685 0.007276039459 cfg1 2 2 0 0 na na
10 64532.660350305097 0.007275847751 cfg1 2 2 0 0 na na
10 64532.679350324954 0.007275687867 cfg1 2 1 0 0 na na
10 64532.690350315939 0.007275618020 cfg1 2 2 0 0 na na
10 64532.691350280568 0.007275610368 cfg1 2 2 0 0 na na
10 64532.711350290859 0.007275457376 cfg1 2 2 0 0 na na
10 64532.757350301187 0.007275105871 cfg1 2 2 0 0 na na
10 64532.818350305636 0.007274640385 cfg1 2 2 0 0 na na
10 64532.823350311334 0.007274590434 cfg1 2 1 0 0 na na
10 64532.910350335974 0.007273940571 cfg1 2 2 0 0 na na
10 64532.923350355218 0.007273841719 cfg1 2 2 0 0 na na
10 64532.932350353330 0.007273773396 cfg1 2 2 0 0 na na
10 64532.937350306627 0.007273731255 cfg1 2 1 0 0 na na
10 64532.940350374237 0.007273712714 cfg1 2 2 0 0 na na
10 64532.950350264836 0.007273622063 cfg1 2 1 0 0 na na
10 64533.013350364036 0.007273159411 cfg1 2 2 0 0 na na
10 64533.064350292030 0.007272773678 cfg1 2 2 0 0 na na
10 64533.068350294636 0.007272743600 cfg1 2 2 0 0 na na
10 64533.069350314959 0.007272736008 cfg1 2 2 0 0 na na
10 64533.073350332070 0.007272705812 cfg1 2 2 0 0 na na
10 64533.085350252900 0.007272615100 cfg1 2 2 0 0 na na
10 64533.092350301473 0.007272562316 cfg1 2 2 0 0 na na
10 64533.097350310106 0.007272524808 cfg1 2 1 0 0 na na
10 64533.151350303040 0.007272125093 cfg1 2 1 0 0 na na
10 64533.157350353679 0.007272084100 cfg1 2 1 0 0 na na
10 64533.163350327492 0.007272027031 cfg1 2 2 0 0 na na
10 64533.167350347304 0.007271996902 cfg1 2 2 0 0 na na
10 64533.208350379713 0.007271688502 cfg1 2 2 0 0 na na
10 64533.230350288269 0.007271523157 cfg1 2 2 0 0 na na
10 64533.233350269645 0.007271500579 cfg1 2 2 0 0 na na
10 64533.268350366228 0.007271238365 cfg1 2 1 0 0 na na
10 64533.318350329318 0.007270862970 cfg1 2 2 0 0 na na
10 64533.319350302904 0.007270855553 cfg1 2 2 0 0 na na
10 64533.322350280933 0.007270833547 cfg1 2 1 0 0 na na
10 64533.335350259008 0.007270727803 cfg1 2 1 0 0 na na
10 64533.339350311660 0.007270704942 cfg1 2 1 0 0 na na
10 64533.343350375274 0.007270675892 cfg1 2 2 0 0 na na
10 64533.352350362088 0.007270608448 cfg1 2 2 0 0 na na
10 64533.389350335063 0.007270332008 cfg1 2 2 0 0 na na
10 64533.397350390475 0.007270272189 cfg1 2 2 0 0 na na
10 64533.412350309444 0.007270160165 cfg1 2 2 0 0 na na
10 64533.428350287660 0.007270042764 cfg1 2 1 0 0 na na
10 64533.558350307721 0.007269073185 cfg1 2 2 0 0 na na
10 64533.573350377826 0.007268961830 cfg1 2 2 0 0 na na
10 64533.599350329582 0.007268768886 cfg1 2 2 0 0 na na
10 64533.605350342704 0.007268724367 cfg1 2 2 0 0 na na
10 64533.635350254827 0.007268516635 cfg1 2 1 0 0 na na
10 64533.665350306050 0.007268280037 cfg1 2 2 0 0 na na
10 64533.715350338508 0.007267910489 cfg1 2 2 0 0 na na
10 64533.743350343703 0.007267703831 cfg1 2 2 0 0 na na
10 64533.850350345148 0.007266917943 cfg1 2 1 0 0 na na
10 64533.867350297890 0.007266791080 cfg1 2 2 0 0 na na
10 64533.869350319183 0.007266776396 cfg1 2 2 0 0 na na
10 64533.921350345044 0.007266403893 cfg1 2 1 0 0 na na
10 64533.929350283585 0.007266336175 cfg1 2 2 0 0 na na
10 64533.930350366465 0.007266328877 cfg1 2 2 0 0 na na
10 64533.937350282949 0.007266277612 cfg1 2 2 0 0 na na
10 64533.942350331549 0.007266240870 cfg1 2 2 0 0 na na
10 64533.944350375926 0.007266226283 cfg1 2 2 0 0 na na
10 64533.962350298406 0.007266094462 cfg1 2 2 0 0 na na
10 64533.965350277849 0.007266072544 cfg1 2 2 0 0 na na
10 64533.972350335551 0.007266021348 cfg1 2 2 0 0 na na
10 64533.984350326686 0.007265933489 cfg1 2 2 0 0 na na
10 64533.988350287937 0.007265904306 cfg1 2 2 0 0 na na
10 64533.990350343213 0.007265889749 cfg1 2 2 0 0 na na
10 64533.997350289744 0.007265838521 cfg1 2 2 0 0 na na
10 64534.027350358103 0.007265619289 cfg1 2 2 0 0 na na
10 64534.032350327641 0.007265582861 cfg1 2 2 0 0 na na
10 64534.039350284577 0.007265531588 cfg1 2 2 0 0 na na
10 64534.048350292600 0.007265474900 cfg1 2 1 0 0 na na
10 64534.067350325710 0.007265327430 cfg1 2 2 0 0 na na
10 64534.140350329395 0.007264795746 cfg1 2 2 0 0 na na
10 64534.179350358656 0.007264524122 cfg1 2 1 0 0 na na
10 64534.180350303727 0.007264504984 cfg1 2 2 0 0 na na
10 64534.189350298500 0.007264439763 cfg1 2 2 0 0 na na
10 64534.194350291777 0.007264403363 cfg1 2 2 0 0 na na
10 64534.197350301518 0.007264381658 cfg1 2 2 0 0 na na
10 64534.226350312284 0.007264171360 cfg1 2 2 0 0 na na
10 64534.246350306425 0.007264026386 cfg1 2 2 0 0 na na
10 64534.259350331060 0.007263932143 cfg1 2 2 0 0 na na
10 64534.269350343003 0.007263859788 cfg1 2 2 0 0 na na
10 64534.278350296084 0.007263788662 cfg1 2 1 0 0 na na
10 64534.281350374802 0.007263773409 cfg1 2 1 0 0 na na
10 64534.288350354143 0.007263722328 cfg1 2 2 0 0 na na
10 64534.316350321635 0.007263519828 cfg1 2 2 0 0 na na
10 64534.319350287979 0.007263498097 cfg1 2 2 0 0 na na
10 64534.340350301819 0.007263346457 cfg1 2 2 0 0 na na
10 64534.376350303352 0.007263086746 cfg1 2 2 0 0 na na
10 64534.557350291415 0.007261785854 cfg1 2 2 0 0 na na
10 64534.570350303438 0.007261681115 cfg1 2 1 0 0 na na
10 64534.584350328273 0.007261592592 cfg1 2 2 0 0 na na
10 64534.589350320185 0.007261556761 cfg1 2 2 0 0 na na
10 64534.640350347956 0.007261188162 cfg1 2 1 0 0 na na
10 64534.648350298931 0.007261135120 cfg1 2 2 0 0 na na
10 64534.671350314905 0.007260970983 cfg1 2 2 0 0 na na
10 64534.679350392399 0.007260913985 cfg1 2 2 0 0 na na
10 64534.680350285262 0.007260892953 cfg1 2 1 0 0 na na
10 64534.688350302899 0.007260849805 cfg1 2 2 0 0 na na
10 64534.735350336645 0.007260515106 cfg1 2 2 0 0 na na
10 64534.736350285048 0.007260507824 cfg1 2 2 0 0 na na
10 64534.744350340870 0.007260449981 cfg1 2 1 0 0 na na
10 64534.757350349457 0.007260358571 cfg1 2 2 0 0 na na
10 64534.834350299249 0.007259826098 cfg1 2 1 0 0 na na
10 64534.845350286980 0.007259737325 cfg1 2 1 0 0 na na
10 64534.857350345829 0.007259648878 cfg1 2 2 0 0 na na
10 64534.864350279930 0.007259599294 cfg1 2 2 0 0 na na
10 64534.865350336108 0.007259592118 cfg1 2 2 0 0 na na
10 64534.894350328467 0.007259386964 cfg1 2 2 0 0 na na
10 64534.913350299777 0.007259257250 cfg1 2 1 0 0 na na
10 64534.927350365328 0.007259153661 cfg1 2 2 0 0 na na
10 64534.954350279313 0.007258963603 cfg1 2 1 0 0 na na
10 64534.992350347779 0.007258695088 cfg1 2 2 0 0 na na
10 64534.998350327707 0.007258652692 cfg1 2 2 0 0 na na
10 64535.022350335660 0.007258483519 cfg1 2 2 0 0 na na
10 64535.040350287980 0.007258342919 cfg1 2 1 0 0 na na
10 64535.050350351758 0.007258286654 cfg1 2 2 0 0 na na
10 64535.086350295959 0.007258033562 cfg1 2 2 0 0 na na
10 64535.137350302648 0.007257675710 cfg1 2 2 0 0 na na
10 64535.151350280255 0.007257577593 cfg1 2 2 0 0 na na
10 64535.160350316666 0.007257515156 cfg1 2 1 0 0 na na
10 64535.184350317155 0.007257346552 cfg1 2 2 0 0 na na
10 64535.202350320889 0.007257220680 cfg1 2 2 0 0 na na
10 64535.223350352146 0.007257073875 cfg1 2 2 0 0 na na
10 64535.243350317219 0.007256934264 cfg1 2 2 0 0 na na
10 64535.247350302049 0.007256906238 cfg1 2 2 0 0 na na
10 64535.255350311848 0.007256857727 cfg1 2 1 0 0 na na
10 64535.264350365884 0.007256787642 cfg1 2 2 0 0 na na
10 64535.288350300762 0.007256620329 cfg1 2 2 0 0 na na
10 64535.296350369196 0.007256564558 cfg1 2 2 0 0 na na
10 64535.311350297769 0.007256460030 cfg1 2 2 0 0 na na
10 64535.315350306002 0.007256432258 cfg1 2 2 0 0 na na
10 64535.329350313122 0.007256334805 cfg1 2 2 0 0 na na
10 64535.339350280311 0.007256265200 cfg1 2 2 0 0 na na
10 64535.343350292055 0.007256237342 cfg1 2 2 0 0 na na
10 64535.352350262807 0.007256174802 cfg1 2 2 0 0 na na
10 64535.361350321662 0.007256111638 cfg1 2 1 0 0 na na
10 64535.368350284771 0.007256078427 cfg1 2 1 0 0 na na
10 64535.390350317238 0.007255910670 cfg1 2 2 0 0 na na
10 64535.418350291113 0.007255716400 cfg1 2 2 0 0 na na
10 64535.429350293475 0.007255640124 cfg1 2 2 0 0 na na
10 64535.431350338285 0.007255626333 cfg1 2 2 0 0 na na
10 64535.480350344493 0.007255286900 cfg1 2 2 0 0 na na
10 64535.485350339756 0.007255252426 cfg1 2 2 0 0 na na
10 64535.489350358525 0.007255224599 cfg1 2 2 0 0 na na
10 64535.530350361159 0.007254941282 cfg1 2 2 0 0 na na
10 64535.568350298826 0.007254679022 cfg1 2 2 0 0 na na
10 64535.617350293315 0.007254342384 cfg1 2 1 0 0 na na
10 64535.657350328280 0.007254066385 cfg1 2 2 0 0 na na
10 64535.677350331676 0.007253936607 cfg1 2 1 0 0 na na
10 64535.687350357038 0.007253852780 cfg1 2 1 0 0 na na
10 64535.689350331652 0.007253846579 cfg1 2 2 0 0 na na
10 64535.729350343971 0.007253572217 cfg1 2 2 0 0 na na
10 64535.744350269863 0.007253469483 cfg1 2 2 0 0 na na
10 64535.751350359101 0.007253430507 cfg1 2 1 0 0 na na
10 64535.767350362224 0.007253312063 cfg1 2 2 0 0 na na
10 64535.778350316475 0.007253236754 cfg1 2 2 0 0 na na
10 64535.811350305786 0.007253010915 cfg1 2 1 0 0 na na
10 64535.812350284933 0.007253012393 cfg1 2 1 0 0 na na
10 64535.818350331296 0.007252963402 cfg1 2 2 0 0 na na
10 64535.826350271927 0.007252908833 cfg1 2 2 0 0 na na
10 64535.838350301852 0.007252815094 cfg1 2 1 0 0 na na
10 64535.844350345997 0.007252785872 cfg1 2 2 0 0 na na
10 64535.885350362383 0.007252506409 cfg1 2 2 0 0 na na
10 64535.894350293710 0.007252445116 cfg1 2 2 0 0 na na
10 64535.928350323728 0.007252213728 cfg1 2 2 0 0 na na
10 64535.940350395400 0.007252132095 cfg1 2 2 0 0 na na
10 64535.949350308237 0.007252070997 cfg1 2 2 0 0 na na
10 64536.010350315869 0.007251657075 cfg1 2 2 0 0 na na
10 64536.012350341746 0.007251643484 cfg1 2 2 0 0 na na
10 64536.047350254390 0.007251406909 cfg1 2 1 0 0 na na
10 64536.054350338928 0.007251358939 cfg1 2 2 0 0 na na
10 64536.067350381790 0.007251271061 cfg1 2 2 0 0 na na
10 64536.071350321272 0.007251243976 cfg1 2 2 0 0 na na
10 64536.093350335876 0.007251095258 cfg1 2 2 0 0 na na
10 64536.100350265084 0.007251047933 cfg1 2 2 0 0 na na
10 64536.118350282135 0.007250926443 cfg1 2 2 0 0 na na
10 64536.136350363417 0.007250804958 cfg1 2 2 0 0 na na
10 64536.138350311230 0.007250791475 cfg1 2 2 0 0 na na
10 64536.144350323851 0.007250750985 cfg1 2 2 0 0 na na
10 64536.183350283709 0.007250488186 cfg1 2 2 0 0 na na
10 64536.213350282811 0.007250295628 cfg1 2 1 0 0 na na
10 64536.237350357836 0.007250125010 cfg1 2 2 0 0 na na
10 64536.241350317521 0.007250098243 cfg1 2 2 0 0 na na
10 64536.271350325115 0.007249896664 cfg1 2 2 0 0 na na
10 64536.281350244338 0.007249837570 cfg1 2 1 0 0 na na
10 64536.283350295024 0.007249809285 cfg1 2 1 0 0 na na
10 64536.293350321721 0.007249749249 cfg1 2 2 0 0 na na
10 64536.295350291882 0.007249735719 cfg1 2 2 0 0 na na
10 64536.332350363992 0.007249487893 cfg1 2 2 0 0 na na
10 64536.354350324512 0.007249340699 cfg1 2 2 0 0 na na
10 64536.355350284588 0.007249334055 cfg1 2 2 0 0 na na
10 64536.369350339509 0.007249240527 cfg1 2 2 0 0 na na
10 64536.388350310804 0.007249113514 cfg1 2 2 0 0 na na
10 64536.403350325941 0.007249013375 cfg1 2 2 0 0 na na
10 64536.443350352457 0.007248747097 cfg1 2 1 0 0 na na
10 64536.474350315178 0.007248540120 cfg1 2 2 0 0 na na
10 64536.478350298540 0.007248513519 cfg1 2 2 0 0 na na
10 64536.480350329346 0.007248500244 cfg1 2 2 0 0 na na
10 64536.487350370259 0.007248453605 cfg1 2 2 0 0 na na
10 64536.505350302474 0.007248333972 cfg1 2 2 0 0 na na
10 64536.524350304344 0.007248207772 cfg1 2 2 0 0 na na
10 64536.525350325176 0.007248192271 cfg1 2 1 0 0 na na
10 64536.577350286220 0.007247856034 cfg1 2 2 0 0 na na
10 64536.578350343841 0.007247850497 cfg1 2 1 0 0 na na
10 64536.584350346581 0.007247809607 cfg1 2 2 0 0 na na
10 64536.603350309186 0.007247683757 cfg1 2 2 0 0 na na
10 64536.606350303026 0.007247664552 cfg1 2 1 0 0 na na
10 64536.612350366968 0.007247624163 cfg1 2 2 0 0 na na
10 64536.616350350643 0.007247583776 cfg1 2 1 0 0 na na
10 64536.629350272857 0.007247511568 cfg1 2 2 0 0 na na
10 64536.649350342602 0.007247379445 cfg1 2 2 0 0 na na
10 64536.658350345302 0.007247319936 cfg1 2 2 0 0 na na
10 64536.663350346927 0.007247278517 cfg1 2 1 0 0 na na
10 64536.665350284893 0.007247273658 cfg1 2 2 0 0 na na
10 64536.666350317778 0.007247263372 cfg1 2 1 0 0 na na
10 64536.681350362590 0.007247168069 cfg1 2 2 0 0 na na
10 64536.694350314420 0.007247082231 cfg1 2 2 0 0 na na
10 64536.710350361510 0.007246976693 cfg1 2 2 0 0 na na
10 64536.721350308815 0.007246904229 cfg1 2 2 0 0 na na
10 64536.730350332800 0.007246844928 cfg1 2 2 0 0 na na
10 64536.737350318160 0.007246792235 cfg1 2 1 0 0 na na
10 64536.755350258922 0.007246680381 cfg1 2 2 0 0 na na
10 64536.762350298212 0.007246634273 cfg1 2 2 0 0 na na
10 64536.768350359188 0.007246594854 cfg1 2 2 0 0 na na
10 64536.791350303383 0.007246443537 cfg1 2 2 0 0 na na
10 64536.804350307152 0.007246358155 cfg1 2 2 0 0 na na
10 64536.808350312542 0.007246331897 cfg1 2 2 0 0 na na
10 64536.820350337373 0.007246253214 cfg1 2 2 0 0 na na
10 64536.822350360366 0.007246240034 cfg1 2 2 0 0 na na
10 64536.830350356530 0.007246187500 cfg1 2 2 0 0 na na
10 64536.832350307954 0.007246174276 cfg1 2 2 0 0 na na
10 64536.889350334401 0.007245800859 cfg1 2 2 0 0 na na
10 64536.898350343074 0.007245741983 cfg1 2 2 0 0 na na
10 64536.911350336797 0.007245656859 cfg1 2 2 0 0 na na
10 64536.921350307732 0.007245591531 cfg1 2 2 0 0 na na
10 64536.925350369314 0.007245565334 cfg1 2 2 0 0 na na
10 64536.933350354393 0.007245513067 cfg1 2 2 0 0 na na
10 64536.942350329289 0.007245454327 cfg1 2 2 0 0 na na
10 64536.988350301396 0.007245165289 cfg1 2 1 0 0 na na
10 64536.990350345066 0.007245141002 cfg1 2 2 0 0 na na
10 64536.998350305378 0.007245088914 cfg1 2 2 0 0 na na
10 64537.024350332668 0.007244919579 cfg1 2 2 0 0 na na
10 64537.028350379387 0.007244893491 cfg1 2 2 0 0 na na
10 64537.030350294870 0.007244880660 cfg1 2 2 0 0 na na
10 64537.032350304544 0.007244867513 cfg1 2 2 0 0 na na
10 64537.037350364526 0.007244834994 cfg1 2 2 0 0 na na
10 64537.105350305599 0.007244393119 cfg1 2 2 0 0 na na
10 64537.174350355707 0.007243946099 cfg1 2 2 0 0 na na
10 64537.179350358261 0.007243913782 cfg1 2 2 0 0 na na
10 64537.202350283172 0.007243765052 cfg1 2 2 0 0 na na
10 64537.224350325683 0.007243623000 cfg1 2 2 0 0 na na
10 64537.232350294253 0.007243571398 cfg1 2 2 0 0 na na
10 64537.247350332499 0.007243474496 cfg1 2 2 0 0 na na
10 64537.294350334241 0.007243171604 cfg1 2 2 0 0 na na
10 64537.321350333466 0.007242997908 cfg1 2 2 0 0 na na
10 64537.324350337768 0.007242978549 cfg1 2 2 0 0 na na
10 64537.338350331629 0.007242888551 cfg1 2 2 0 0 na na
10 64537.352350320742 0.007242798657 cfg1 2 2 0 0 na na
10 64537.372350338200 0.007242670809 cfg1 2 1 0 0 na na
10 64537.422350303672 0.007242355460 cfg1 2 1 0 0 na na
10 64537.469350342833 0.007242049070 cfg1 2 2 0 0 na na
10 64537.496350291503 0.007241876581 cfg1 2 2 0 0 na na
10 64537.567350328997 0.007241423936 cfg1 2 2 0 0 na na
10 64537.618350313821 0.007241105880 cfg1 2 1 0 0 na na
10 64537.626350307630 0.007241048852 cfg1 2 2 0 0 na na
10 64537.654350334949 0.007240871132 cfg1 2 2 0 0 na na
10 64537.698350314528 0.007240592247 cfg1 2 2 0 0 na na
10 64537.777350319136 0.007240093098 cfg1 2 2 0 0 na na
10 64537.809350359164 0.007239891237 cfg1 2 2 0 0 na na
10 64537.848350311295 0.007239645790 cfg1 2 2 0 0 na na
10 64537.876350368707 0.007239468601 cfg1 2 1 0 0 na na
10 64537.897350337110 0.007239337917 cfg1 2 2 0 0 na na
10 64537.922350299673 0.007239175785 cfg1 2 1 0 0 na na
10 64537.993350301653 0.007238736355 cfg1 2 2 0 0 na na
10 64537.998350330895 0.007238705075 cfg1 2 2 0 0 na na
10 64538.041350342901 0.007238435095 cfg1 2 1 0 0 na na
10 64538.077350327315 0.007238212107 cfg1 2 2 0 0 na na
10 64538.094350271098 0.007238120280 cfg1 2 1 0 0 na na
10 64538.125350301457 0.007237916451 cfg1 2 1 0 0 na na
10 64538.152350328570 0.007237745691 cfg1 2 2 0 0 na na
10 64538.156350307441 0.007237720869 cfg1 2 2 0 0 na na
10 64538.203350321618 0.007237429280 cfg1 2 2 0 0 na na
10 64538.245350249408 0.007237180001 cfg1 2 1 0 0 na na
10 64538.291350326137 0.007236876639 cfg1 2 1 0 0 na na
10 64538.374350335866 0.007236373651 cfg1 2 2 0 0 na na
10 64538.376350283315 0.007236361357 cfg1 2 2 0 0 na na
10 64538.393350332450 0.007236256865 cfg1 2 2 0 0 na na
10 64538.432350345017 0.007236017405 cfg1 2 2 0 0 na na
10 64538.435350288607 0.007236012174 cfg1 2 1 0 0 na na
10 64538.489350324673 0.007235668165 cfg1 2 2 0 0 na na
10 64538.499350339406 0.007235604862 cfg1 2 1 0 0 na na
10 64538.615350293969 0.007234899087 cfg1 2 2 0 0 na na
10 64538.617350337532 0.007234892097 cfg1 2 1 0 0 na na
10 64538.642350338059 0.007234734914 cfg1 2 2 0 0 na na
10 64538.730350335089 0.007234200981 cfg1 2 2 0 0 na na
10 64538.751350291990 0.007234072209 cfg1 2 1 0 0 na na
10 64538.799350330950 0.007233790853 cfg1 2 1 0 0 na na
10 64538.876350364620 0.007233319681 cfg1 2 2 0 0 na na
10 64538.878350321777 0.007233318870 cfg1 2 1 0 0 na na
10 64538.882350346040 0.007233286499 cfg1 2 1 0 0 na na
10 64538.890350357241 0.007233242226 cfg1 2 1 0 0 na na
10 64538.935350299644 0.007232965295 cfg1 2 2 0 0 na na
10 64538.943350314309 0.007232921834 cfg1 2 1 0 0 na na
10 64538.962350313603 0.007232803262 cfg1 2 2 0 0 na na
10 64538.993350326327 0.007232607944 cfg1 2 1 0 0 na na
10 64539.042350324417 0.007232324648 cfg1 2 2 0 0 na na
10 64539.098350327535 0.007231990644 cfg1 2 2 0 0 na na
10 64539.205350288863 0.007231355152 cfg1 2 1 0 0 na na
10 64539.221350375966 0.007231259855 cfg1 2 2 0 0 na na
10 64539.234350336186 0.007231182911 cfg1 2 2 0 0 na na
10 64539.238350284356 0.007231159209 cfg1 2 2 0 0 na na
10 64539.339350329740 0.007230562724 cfg1 2 2 0 0 na na
10 64539.406350287401 0.007230157884 cfg1 2 1 0 0 na na
10 64539.423350343905 0.007230068562 cfg1 2 2 0 0 na na
10 64539.455350358097 0.007229880914 cfg1 2 2 0 0 na na
10 64539.506350269408 0.007229579502 cfg1 2 1 0 0 na na
10 64539.522350309518 0.007229488758 cfg1 2 2 0 0 na na
10 64539.535350350726 0.007229419801 cfg1 2 1 0 0 na na
10 64539.635350299079 0.007228830120 cfg1 2 2 0 0 na na
10 64539.678350304507 0.007228580366 cfg1 2 2 0 0 na na
10 64539.682350365304 0.007228557231 cfg1 2 2 0 0 na na
10 64539.687350348650 0.007228528111 cfg1 2 2 0 0 na na
10 64539.690350274393 0.007228514691 cfg1 2 1 0 0 na na
10 64539.693350364009 0.007228493378 cfg1 2 2 0 0 na na
10 64539.729350290854 0.007228284840 cfg1 2 2 0 0 na na
10 64539.754350360819 0.007228140146 cfg1 2 2 0 0 na na
10 64539.830350377147 0.007227701419 cfg1 2 2 0 0 na na
10 64540.015350336775 0.007226640111 cfg1 2 2 0 0 na na
10 64540.033350298744 0.007226537414 cfg1 2 2 0 0 na na
10 64540.040350278291 0.007226497494 cfg1 2 2 0 0 na na
10 64540.042350296707 0.007226486069 cfg1 2 2 0 0 na na
10 64540.139350349752 0.007225943544 cfg1 2 1 0 0 na na
10 64540.191350334660 0.007225639058 cfg1 2 2 0 0 na na
10 64540.219350273357 0.007225480445 cfg1 2 2 0 0 na na
10 64540.283350339590 0.007225118983 cfg1 2 2 0 0 na na
10 64540.350350301672 0.007224741546 cfg1 2 2 0 0 na na
10 64540.376350329967 0.007224592181 cfg1 2 1 0 0 na na
10 64540.381350301507 0.007224567409 cfg1 2 2 0 0 na na
10 64540.383350308987 0.007224565806 cfg1 2 1 0 0 na na
10 64540.393350323488 0.007224500056 cfg1 2 2 0 0 na na
10 64540.610350300443 0.007223279827 cfg1 2 1 0 0 na na
10 64540.616350343466 0.007223255496 cfg1 2 2 0 0 na na
10 64540.633350303101 0.007223161299 cfg1 2 2 0 0 na na
10 64540.672350285699 0.007222945148 cfg1 2 2 0 0 na na
10 64540.697350320553 0.007222806909 cfg1 2 2 0 0 na na
10 64540.705350307548 0.007222762535 cfg1 2 2 0 0 na na
10 64540.776350335465 0.007222370724 cfg1 2 2 0 0 na na
10 64540.793350293981 0.007222277153 cfg1 2 2 0 0 na na
10 64540.834350373563 0.007222045492 cfg1 2 1 0 0 na na
10 64540.874350346769 0.007221832264 cfg1 2 2 0 0 na na
10 64540.906350332777 0.007221662561 cfg1 2 1 0 0 na na
10 64540.912350309626 0.007221613614 cfg1 2 1 0 0 na na
10 64540.947350360479 0.007221432791 cfg1 2 2 0 0 na na
10 64540.963350322344 0.007221345415 cfg1 2 2 0 0 na na
10 64541.043350320074 0.007220906636 cfg1 2 1 0 0 na na
10 64541.158350359649 0.007220286179 cfg1 2 2 0 0 na na
10 64541.188350362922 0.007220119941 cfg1 2 1 0 0 na na
10 64541.220350315075 0.007219951611 cfg1 2 2 0 0 na na
10 64541.224350385617 0.007219929979 cfg1 2 2 0 0 na na
10 64541.234350309051 0.007219876177 cfg1 2 2 0 0 na na
10 64541.235350360604 0.007219870770 cfg1 2 2 0 0 na na
10 64541.296350333484 0.007219542770 cfg1 2 2 0 0 na na
10 64541.326350333193 0.007219381791 cfg1 2 2 0 0 na na
10 64541.336350319482 0.007219321226 cfg1 2 1 0 0 na na
10 64541.337350332431 0.007219322866 cfg1 2 2 0 0 na na
10 64541.389350339360 0.007219031325 cfg1 2 1 0 0 na na
10 64541.395350354734 0.007219012609 cfg1 2 2 0 0 na na
10 64541.403350306385 0.007218961548 cfg1 2 1 0 0 na na
10 64541.421350298294 0.007218886830 cfg1 2 1 0 0 na na
10 64541.468350342595 0.007218631423 cfg1 2 1 0 0 na na
10 64541.510350340173 0.007218399991 cfg1 2 2 0 0 na na
10 64541.512350325305 0.007218389352 cfg1 2 2 0 0 na na
10 64541.526350304930 0.007218302380 cfg1 2 1 0 0 na na
10 64541.533350351290 0.007218277965 cfg1 2 2 0 0 na na
10 64541.584350315085 0.007218007715 cfg1 2 2 0 0 na na
10 64541.596350325944 0.007217944311 cfg1 2 2 0 0 na na
10 64541.604350313311 0.007217896642 cfg1 2 1 0 0 na na
10 64541.648350374321 0.007217669634 cfg1 2 2 0 0 na na
10 64541.650350350338 0.007217659032 cfg1 2 2 0 0 na na
10 64541.662350277017 0.007217595770 cfg1 2 2 0 0 na na
10 64541.667350294901 0.007217568809 cfg1 2 1 0 0 na na
10 64541.712350292959 0.007217332595 cfg1 2 2 0 0 na na
10 64541.714350300187 0.007217322190 cfg1 2 2 0 0 na na
10 64541.717350357868 0.007217306397 cfg1 2 2 0 0 na na
10 64541.723350367325 0.007217274728 cfg1 2 2 0 0 na na
10 64541.746350296315 0.007217154070 cfg1 2 2 0 0 na na
10 64541.782350322028 0.007216965268 cfg1 2 2 0 0 na na
10 64541.799350310743 0.007216876318 cfg1 2 2 0 0 na na
10 64541.804350332366 0.007216850080 cfg1 2 2 0 0 na na
10 64541.805350306592 0.007216844839 cfg1 2 2 0 0 na na
10 64541.809350300440 0.007216826932 cfg1 2 1 0 0 na na
10 64541.815350364465 0.007216792609 cfg1 2 2 0 0 na na
10 64541.822350359468 0.007216755946 cfg1 2 2 0 0 na na
10 64541.887350356268 0.007216416834 cfg1 2 2 0 0 na na
10 64541.920350309744 0.007216235201 cfg1 2 1 0 0 na na
10 64541.924350366216 0.007216224169 cfg1 2 2 0 0 na na
10 64542.176350324867 0.007214922353 cfg1 2 2 0 0 na na
10 64542.195350325024 0.007214824830 cfg1 2 2 0 0 na na
10 64542.209350336744 0.007214753015 cfg1 2 2 0 0 na na
10 64542.212350325978 0.007214741055 cfg1 2 1 0 0 na na
10 64542.260350342631 0.007214492093 cfg1 2 2 0 0 na na
10 64542.268350338580 0.007214437866 cfg1 2 1 0 0 na na
10 64542.291350347699 0.007214321562 cfg1 2 1 0 0 na na
10 64542.317350351150 0.007214196482 cfg1 2 1 0 0 na na
10 64542.440350274947 0.007213576734 cfg1 2 2 0 0 na na
10 64542.496350322347 0.007213293916 cfg1 2 2 0 0 na na
10 64542.518350331857 0.007213182803 cfg1 2 2 0 0 na na
10 64542.525350311466 0.007213147516 cfg1 2 2 0 0 na na
10 64542.603350344775 0.007212754166 cfg1 2 1 0 0 na na
10 64542.700350325791 0.007212270035 cfg1 2 2 0 0 na na
10 64542.713350341375 0.007212203774 cfg1 2 1 0 0 na na
10 64542.736350342842 0.007212090522 cfg1 2 2 0 0 na na
10 64542.750350284394 0.007212021397 cfg1 2 1 0 0 na na
10 64542.787350249335 0.007211837488 cfg1 2 1 0 0 na na
10 64542.821350315785 0.007211665913 cfg1 2 1 0 0 na na
10 64542.877350324197 0.007211390728 cfg1 2 2 0 0 na na
10 64542.903350300527 0.007211262292 cfg1 2 2 0 0 na na
10 64542.934350361276 0.007211109467 cfg1 2 2 0 0 na na
10 64542.962350327889 0.007210971610 cfg1 2 2 0 0 na na
10 64542.970350352595 0.007210932263 cfg1 2 2 0 0 na na
10 64542.989350342673 0.007210838791 cfg1 2 2 0 0 na na
10 64543.023350319160 0.007210670077 cfg1 2 1 0 0 na na
10 64543.057350311920 0.007210505281 cfg1 2 2 0 0 na na
10 64543.059350291264 0.007210495472 cfg1 2 2 0 0 na na
10 64543.063350281845 0.007210468511 cfg1 2 1 0 0 na na
10 64543.215350312879 0.007209725829 cfg1 2 1 0 0 na na
10 64543.238350342410 0.007209623679 cfg1 2 2 0 0 na na
10 64543.348350357500 0.007209092314 cfg1 2 2 0 0 na na
10 64543.366350328056 0.007208994463 cfg1 2 1 0 0 na na
10 64543.377350327924 0.007208953414 cfg1 2 1 0 0 na na
10 64543.381350300394 0.007208933483 cfg1 2 2 0 0 na na
10 64543.384350294002 0.007208907785 cfg1 2 1 0 0 na na
10 64543.401350257003 0.007208829883 cfg1 2 1 0 0 na na
10 64543.420350302999 0.007208746866 cfg1 2 1 0 0 na na
10 64543.428350340513 0.007208707713 cfg1 2 2 0 0 na na
10 64543.432350360121 0.007208690819 cfg1 2 1 0 0 na na
10 64543.455350277370 0.007208578438 cfg1 2 2 0 0 na na
10 64543.489350332434 0.007208415790 cfg1 2 2 0 0 na na
10 64543.561350328412 0.007208072489 cfg1 2 2 0 0 na na
10 64543.581350308959 0.007207977315 cfg1 2 2 0 0 na na
10 64543.586350302689 0.007207953531 cfg1 2 2 0 0 na na
10 64543.604350363669 0.007207868068 cfg1 2 2 0 0 na na
10 64543.638350306635 0.007207706771 cfg1 2 2 0 0 na na
10 64543.701350303910 0.007207408813 cfg1 2 2 0 0 na na
10 64543.716350298825 0.007207349301 cfg1 2 1 0 0 na na
10 64543.752350261361 0.007207162592 cfg1 2 1 0 0 na na
10 64543.800350314223 0.007206942826 cfg1 2 2 0 0 na na
10 64543.845350334572 0.007206731684 cfg1 2 2 0 0 na na
10 64543.881350337901 0.007206563294 cfg1 2 2 0 0 na na
10 64543.953350331251 0.007206227580 cfg1 2 2 0 0 na na
10 64544.011350363489 0.007205950999 cfg1 2 1 0 0 na na
10 64544.027350334929 0.007205877782 cfg1 2 1 0 0 na na
10 64544.088350339633 0.007205605276 cfg1 2 1 0 0 na na
10 64544.148350293099 0.007205320093 cfg1 2 1 0 0 na na
10 64544.154350273802 0.007205296818 cfg1 2 1 0 0 na na
10 64544.275350290327 0.007204743304 cfg1 2 2 0 0 na na
10 64544.281350297042 0.007204715815 cfg1 2 2 0 0 na na
10 64544.353350350220 0.007204387885 cfg1 2 2 0 0 na na
10 64544.415350325440 0.007204105579 cfg1 2 1 0 0 na na
10 64544.457350342190 0.007203912488 cfg1 2 1 0 0 na na
10 64544.486350312284 0.007203785787 cfg1 2 2 0 0 na na
10 64544.533350326286 0.007203577930 cfg1 2 1 0 0 na na
10 64544.537350311882 0.007203556086 cfg1 2 2 0 0 na na
10 64544.551350326822 0.007203493137 cfg1 2 2 0 0 na na
10 64544.598350320096 0.007203269240 cfg1 2 1 0 0 na na
10 64544.599350348992 0.007203277882 cfg1 2 2 0 0 na na
10 64544.624350340141 0.007203165994 cfg1 2 2 0 0 na na
10 64544.671350351281 0.007202956066 cfg1 2 2 0 0 na na
10 64544.688350289082 0.007202879384 cfg1 2 1 0 0 na na
10 64544.692350334810 0.007202862500 cfg1 2 2 0 0 na na
10 64544.705350352801 0.007202804692 cfg1 2 2 0 0 na na
10 64544.714350342091 0.007202752688 cfg1 2 1 0 0 na na
10 64544.766350298297 0.007202533700 cfg1 2 2 0 0 na na
10 64544.784350327434 0.007202453992 cfg1 2 2 0 0 na na
10 64544.825350373131 0.007202272530 cfg1 2 2 0 0 na na
10 64544.834350335551 0.007202232843 cfg1 2 2 0 0 na na
10 64544.882350290173 0.007202021160 cfg1 2 2 0 0 na na
10 64544.912350313724 0.007201889279 cfg1 2 2 0 0 na na
10 64544.977350325529 0.007201604231 cfg1 2 2 0 0 na na
10 64545.010350279812 0.007201459948 cfg1 2 2 0 0 na na
10 64545.029350363300 0.007201376988 cfg1 2 2 0 0 na na
10 64545.040350268815 0.007201329161 cfg1 2 2 0 0 na na
10 64545.042350301529 0.007201313840 cfg1 2 1 0 0 na na
10 64545.052350320634 0.007201276772 cfg1 2 2 0 0 na na
10 64545.145350287115 0.007200872753 cfg1 2 2 0 0 na na
10 64545.148350357896 0.007200859693 cfg1 2 2 0 0 na na
10 64545.164350320598 0.007200790489 cfg1 2 2 0 0 na na
10 64545.181350307680 0.007200716973 cfg1 2 2 0 0 na na
10 64545.201350359375 0.007200630631 cfg1 2 2 0 0 na na
10 64545.248350315954 0.007200428134 cfg1 2 2 0 0 na na
10 64545.265350338332 0.007200354958 cfg1 2 2 0 0 na na
10 64545.279350278656 0.007200294785 cfg1 2 2 0 0 na na
10 64545.384350298744 0.007199845370 cfg1 2 2 0 0 na na
10 64545.436350301500 0.007199623847 cfg1 2 2 0 0 na na
10 64545.458350289960 0.007199528983 cfg1 2 1 0 0 na na
10 64545.496350362079 0.007199369145 cfg1 2 2 0 0 na na
10 64545.513350351483 0.007199287640 cfg1 2 1 0 0 na na
10 64545.616350292645 0.007198863252 cfg1 2 1 0 0 na na
10 64545.682350338974 0.007198585983 cfg1 2 2 0 0 na na
10 64545.685350293376 0.007198573346 cfg1 2 2 0 0 na na
10 64545.687350265810 0.007198551119 cfg1 2 1 0 0 na na
10 64545.710350318787 0.007198468941 cfg1 2 2 0 0 na na
10 64545.773350344261 0.007198200672 cfg1 2 1 0 0 na na
10 64545.789350322975 0.007198139606 cfg1 2 2 0 0 na na
10 64545.830350314214 0.007197969376 cfg1 2 2 0 0 na na
10 64545.835350349078 0.007197948726 cfg1 2 2 0 0 na na
10 64545.837350352209 0.007197940390 cfg1 2 2 0 0 na na
10 64545.849350310622 0.007197890739 cfg1 2 2 0 0 na na
10 64545.870350293850 0.007197801727 cfg1 2 1 0 0 na na
10 64545.924350348615 0.007197581029 cfg1 2 2 0 0 na na
10 64545.932350279390 0.007197547984 cfg1 2 2 0 0 na na
10 64545.940350288759 0.007197515006 cfg1 2 2 0 0 na na
10 64545.995350324057 0.007197289141 cfg1 2 2 0 0 na na
10 64546.052350314318 0.007197055729 cfg1 2 2 0 0 na na
10 64546.064350349263 0.007197006796 cfg1 2 2 0 0 na na
10 64546.073350346377 0.007196970000 cfg1 2 2 0 0 na na
10 64546.088350303932 0.007196910666 cfg1 2 1 0 0 na na
10 64546.119350329574 0.007196782710 cfg1 2 2 0 0 na na
10 64546.144350370058 0.007196686558 cfg1 2 1 0 0 na na
10 64546.154350325101 0.007196640468 cfg1 2 2 0 0 na na
10 64546.193350276862 0.007196474863 cfg1 2 1 0 0 na na
10 64546.204350309800 0.007196437881 cfg1 2 2 0 0 na na
10 64546.242350347597 0.007196284364 cfg1 2 2 0 0 na na
10 64546.344350336704 0.007195874295 cfg1 2 2 0 0 na na
10 64546.391350328353 0.007195686302 cfg1 2 2 0 0 na na
10 64546.394350301297 0.007195674348 cfg1 2 2 0 0 na na
10 64546.395350374375 0.007195670347 cfg1 2 2 0 0 na na
10 64546.396350295267 0.007195666356 cfg1 2 2 0 0 na na
10 64546.397350299211 0.007195663347 cfg1 2 1 0 0 na na
10 64546.398350342482 0.007195658391 cfg1 2 2 0 0 na na
10 64546.445350327345 0.007195459023 cfg1 2 1 0 0 na na
10 64546.556350332048 0.007195031026 cfg1 2 2 0 0 na na
10 64546.568350284223 0.007194973768 cfg1 2 1 0 0 na na
10 64546.595350278070 0.007194877368 cfg1 2 2 0 0 na na
10 64546.611350264455 0.007194814305 cfg1 2 2 0 0 na na
10 64546.613350313599 0.007194799934 cfg1 2 1 0 0 na na
10 64546.614350310252 0.007194795679 cfg1 2 1 0 0 na na
10 64546.653350325395 0.007194649196 cfg1 2 2 0 0 na na
10 64546.712350323464 0.007194418337 cfg1 2 2 0 0 na na
10 64546.719350262332 0.007194397764 cfg1 2 1 0 0 na na
10 64546.811350290022 0.007194034088 cfg1 2 1 0 0 na na
10 64546.958350313491 0.007193465540 cfg1 2 2 0 0 na na
10 64546.968350306250 0.007193414197 cfg1 2 1 0 0 na na
10 64546.975350279082 0.007193403876 cfg1 2 1 0 0 na na
10 64547.052350320049 0.007193120763 cfg1 2 1 0 0 na na
10 64547.070350325027 0.007193037126 cfg1 2 2 0 0 na na
10 64547.094350319996 0.007192945747 cfg1 2 2 0 0 na na
10 64547.129350325539 0.007192812820 cfg1 2 2 0 0 na na
10 64547.139350317924 0.007192774955 cfg1 2 2 0 0 na na
10 64547.140350336882 0.007192771153 cfg1 2 2 0 0 na na
10 64547.143350349193 0.007192760289 cfg1 2 1 0 0 na na
10 64547.146350325724 0.007192748396 cfg1 2 2 0 0 na na
10 64547.252350345786 0.007192348364 cfg1 2 2 0 0 na na
10 64547.348350322986 0.007191988636 cfg1 2 2 0 0 na na
10 64547.352350367299 0.007191973700 cfg1 2 2 0 0 na na
10 64547.438350305995 0.007191653694 cfg1 2 2 0 0 na na
10 64547.453350313406 0.007191606448 cfg1 2 1 0 0 na na
10 64547.494350372301 0.007191446293 cfg1 2 2 0 0 na na
10 64547.498350278717 0.007191431606 cfg1 2 2 0 0 na na
10 64547.499350298251 0.007191427880 cfg1 2 2 0 0 na na
10 64547.527350305504 0.007191324550 cfg1 2 2 0 0 na na
10 64547.571350309412 0.007191158285 cfg1 2 1 0 0 na na
10 64547.596350317713 0.007191070983 cfg1 2 2 0 0 na na
10 64547.597350316919 0.007191067923 cfg1 2 1 0 0 na na
10 64547.617350297671 0.007190993953 cfg1 2 2 0 0 na na
10 64547.675350354193 0.007190782257 cfg1 2 2 0 0 na na
10 64547.812350313818 0.007190285809 cfg1 2 1 0 0 na na
10 64547.828350305337 0.007190214866 cfg1 2 1 0 0 na na
10 64547.834350309824 0.007190206137 cfg1 2 2 0 0 na na
10 64547.928350329697 0.007189868662 cfg1 2 2 0 0 na na
10 64548.019350344199 0.007189533081 cfg1 2 1 0 0 na na
10 64548.028350339345 0.007189512328 cfg1 2 2 0 0 na na
10 64548.072350334859 0.007189345566 cfg1 2 1 0 0 na na
10 64548.160350327660 0.007189046232 cfg1 2 2 0 0 na na
10 64548.164350305673 0.007189032146 cfg1 2 2 0 0 na na
10 64548.168350331690 0.007189018098 cfg1 2 2 0 0 na na
10 64548.172350267075 0.007189004112 cfg1 2 2 0 0 na na
10 64548.179350308826 0.007188979537 cfg1 2 2 0 0 na na
10 64548.207350330704 0.007188881411 cfg1 2 2 0 0 na na
10 64548.220350347521 0.007188835912 cfg1 2 2 0 0 na na
10 64548.229350345468 0.007188812212 cfg1 2 1 0 0 na na
10 64548.234350332134 0.007188786986 cfg1 2 2 0 0 na na
10 64548.236350292734 0.007188780002 cfg1 2 2 0 0 na na
10 64548.245350324330 0.007188754352 cfg1 2 1 0 0 na na
10 64548.254350346128 0.007188717128 cfg1 2 2 0 0 na na
10 64548.311350286177 0.007188518785 cfg1 2 2 0 0 na na
10 64548.319350362540 0.007188490931 cfg1 2 2 0 0 na na
10 64548.337350305596 0.007188428589 cfg1 2 2 0 0 na na
10 64548.361350318142 0.007188345990 cfg1 2 1 0 0 na na
10 64548.386350364089 0.007188259181 cfg1 2 2 0 0 na na
10 64548.392350318132 0.007188238530 cfg1 2 2 0 0 na na
10 64548.410350329641 0.007188176343 cfg1 2 2 0 0 na na
10 64548.416350290208 0.007188155692 cfg1 2 2 0 0 na na
10 64548.426350308735 0.007188121229 cfg1 2 2 0 0 na na
10 64548.432350324658 0.007188100620 cfg1 2 2 0 0 na na
10 64548.437350282893 0.007188093454 cfg1 2 1 0 0 na na
10 64548.440350331891 0.007188080550 cfg1 2 1 0 0 na na
10 64548.479350332660 0.007187939316 cfg1 2 2 0 0 na na
10 64548.502350306232 0.007187872700 cfg1 2 1 0 0 na na
10 64548.539350285923 0.007187734271 cfg1 2 2 0 0 na na
10 64548.544350333119 0.007187728829 cfg1 2 1 0 0 na na
10 64548.593350310220 0.007187550520 cfg1 2 2 0 0 na na
10 64548.631350314752 0.007187424496 cfg1 2 1 0 0 na na
10 64548.659350291383 0.007187326968 cfg1 2 2 0 0 na na
10 64548.663350343348 0.007187312713 cfg1 2 1 0 0 na na
10 64548.672350337912 0.007187283021 cfg1 2 2 0 0 na na
10 64548.674350339953 0.007187276324 cfg1 2 2 0 0 na na
10 64548.690350314070 0.007187222410 cfg1 2 2 0 0 na na
10 64548.719350359512 0.007187117016 cfg1 2 1 0 0 na na
10 64548.794350277913 0.007186873448 cfg1 2 2 0 0 na na
10 64548.827350355049 0.007186763369 cfg1 2 2 0 0 na na
10 64548.828350253240 0.007186760775 cfg1 2 1 0 0 na na
10 64548.866350302829 0.007186633649 cfg1 2 2 0 0 na na
10 64548.889350318711 0.007186559752 cfg1 2 1 0 0 na na
10 64548.936350288273 0.007186401740 cfg1 2 2 0 0 na na
10 64548.939350307252 0.007186391940 cfg1 2 2 0 0 na na
10 64549.020350342166 0.007186125384 cfg1 2 2 0 0 na na
10 64549.048350338608 0.007186035061 cfg1 2 1 0 0 na na
10 64549.132350319518 0.007185759798 cfg1 2 2 0 0 na na
10 64549.135350351401 0.007185749986 cfg1 2 2 0 0 na na
10 64549.153350345133 0.007185691601 cfg1 2 2 0 0 na na
10 64549.161350337463 0.007185666007 cfg1 2 1 0 0 na na
10 64549.237350306578 0.007185423092 cfg1 2 1 0 0 na na
10 64549.246350341143 0.007185391241 cfg1 2 2 0 0 na na
10 64549.294350290958 0.007185233250 cfg1 2 1 0 0 na na
10 64549.322350294878 0.007185147364 cfg1 2 2 0 0 na na
10 64549.338350327848 0.007185088596 cfg1 2 1 0 0 na na
10 64549.370350341118 0.007184997374 cfg1 2 1 0 0 na na
10 64549.409350321819 0.007184861359 cfg1 2 1 0 0 na na
10 64549.423350354018 0.007184825908 cfg1 2 2 0 0 na na
10 64549.428350309090 0.007184810119 cfg1 2 2 0 0 na na
10 64549.473350325671 0.007184667827 cfg1 2 2 0 0 na na
10 64549.478350288150 0.007184654408 cfg1 2 1 0 0 na na
10 64549.514350327872 0.007184538569 cfg1 2 2 0 0 na na
10 64549.526350354281 0.007184500867 cfg1 2 2 0 0 na na
10 64549.535350382373 0.007184472688 cfg1 2 2 0 0 na na
10 64549.571350361678 0.007184372043 cfg1 2 1 0 0 na na
10 64549.573350296504 0.007184353584 cfg1 2 2 0 0 na na
10 64549.576350315821 0.007184344216 cfg1 2 2 0 0 na na
10 64549.619350361871 0.007184209977 cfg1 2 2 0 0 na na
10 64549.656350300075 0.007184095350 cfg1 2 1 0 0 na na
10 64549.739350327570 0.007183837907 cfg1 2 2 0 0 na na
10 64549.806350318562 0.007183618335 cfg1 2 1 0 0 na na
10 64549.850350368257 0.007183487632 cfg1 2 1 0 0 na na
10 64549.868350329133 0.007183442600 cfg1 2 1 0 0 na na
10 64549.949350342175 0.007183196484 cfg1 2 2 0 0 na na
10 64549.986350348761 0.007183084591 cfg1 2 2 0 0 na na
10 64550.026350262771 0.007182964226 cfg1 2 2 0 0 na na
10 64550.077350310063 0.007182811368 cfg1 2 2 0 0 na na
10 64550.082350344718 0.007182796402 cfg1 2 2 0 0 na na
10 64550.089350306286 0.007182768510 cfg1 2 1 0 0 na na
10 64550.090350330912 0.007182772425 cfg1 2 2 0 0 na na
10 64550.126350337779 0.007182665057 cfg1 2 2 0 0 na na
10 64550.159350347772 0.007182556365 cfg1 2 1 0 0 na na
10 64550.175350333860 0.007182519544 cfg1 2 2 0 0 na na
10 64550.186350350740 0.007182486785 cfg1 2 2 0 0 na na
10 64550.222350285848 0.007182380451 cfg1 2 2 0 0 na na
10 64550.254350310354 0.007182286077 cfg1 2 2 0 0 na na
10 64550.283350365617 0.007182200872 cfg1 2 2 0 0 na na
10 64550.315350339184 0.007182093899 cfg1 2 1 0 0 na na
10 64550.339350343606 0.007182036901 cfg1 2 2 0 0 na na
10 64550.384350365943 0.007181911365 cfg1 2 1 0 0 na na
10 64550.385350323008 0.007181902861 cfg1 2 2 0 0 na na
10 64550.395350315430 0.007181873811 cfg1 2 2 0 0 na na
10 64550.401350269023 0.007181842768 cfg1 2 1 0 0 na na
10 64550.433350402199 0.007181763657 cfg1 2 2 0 0 na na
10 64550.475350269552 0.007181642304 cfg1 2 2 0 0 na na
10 64550.487350378945 0.007181607731 cfg1 2 2 0 0 na na
10 64550.519350338020 0.007181515687 cfg1 2 2 0 0 na na
10 64550.559350354756 0.007181409275 cfg1 2 1 0 0 na na
10 64550.578350329308 0.007181357229 cfg1 2 1 0 0 na na
10 64550.603350343354 0.007181270009 cfg1 2 1 0 0 na na
10 64550.608350326766 0.007181261350 cfg1 2 2 0 0 na na
10 64550.612350364935 0.007181250267 cfg1 2 1 0 0 na na
10 64550.618350347100 0.007181232849 cfg1 2 2 0 0 na na
10 64550.701350348190 0.007180997720 cfg1 2 2 0 0 na na
10 64550.702350312972 0.007180994932 cfg1 2 2 0 0 na na
10 64550.717350340092 0.007180952794 cfg1 2 2 0 0 na na
10 64550.737350332681 0.007180896289 cfg1 2 2 0 0 na na
10 64550.763350381381 0.007180823503 cfg1 2 2 0 0 na na
10 64550.768350339387 0.007180801849 cfg1 2 1 0 0 na na
10 64550.800350338467 0.007180719752 cfg1 2 2 0 0 na na
10 64550.803350328688 0.007180711410 cfg1 2 2 0 0 na na
10 64550.843350278237 0.007180599918 cfg1 2 2 0 0 na na
10 64550.862350320604 0.007180548576 cfg1 2 1 0 0 na na
10 64550.881350380286 0.007180494374 cfg1 2 2 0 0 na na
10 64550.898350314088 0.007180447382 cfg1 2 2 0 0 na na
10 64550.907350304346 0.007180435912 cfg1 2 1 0 0 na na
10 64550.964350380417 0.007180261228 cfg1 2 1 0 0 na na
10 64550.969350310454 0.007180248587 cfg1 2 1 0 0 na na
10 64550.985350286895 0.007180207597 cfg1 2 2 0 0 na na
10 64551.114350314927 0.007179855934 cfg1 2 2 0 0 na na
10 64551.187350274498 0.007179658919 cfg1 2 2 0 0 na na
10 64551.257350310849 0.007179471331 cfg1 2 2 0 0 na na
10 64551.281350314867 0.007179407415 cfg1 2 2 0 0 na na
10 64551.344350298902 0.007179240178 cfg1 2 2 0 0 na na
10 64551.377350279310 0.007179152987 cfg1 2 2 0 0 na na
10 64551.381350258536 0.007179133268 cfg1 2 1 0 0 na na
10 64551.387350297055 0.007179139690 cfg1 2 1 0 0 na na
10 64551.478350319936 0.007178888167 cfg1 2 2 0 0 na na
10 64551.508350315843 0.007178810538 cfg1 2 1 0 0 na na
10 64551.525350338115 0.007178765774 cfg1 2 2 0 0 na na
10 64551.597350311085 0.007178586295 cfg1 2 1 0 0 na na
10 64551.616350302055 0.007178530690 cfg1 2 2 0 0 na na
10 64551.749350285112 0.007178191052 cfg1 2 2 0 0 na na
10 64551.770350337001 0.007178137884 cfg1 2 2 0 0 na na
10 64551.791350319316 0.007178091425 cfg1 2 1 0 0 na na
10 64551.824350349305 0.007178011467 cfg1 2 1 0 0 na na
10 64551.845350380963 0.007177948986 cfg1 2 2 0 0 na na
10 64551.877350310281 0.007177868859 cfg1 2 2 0 0 na na
10 64551.885350350143 0.007177848815 cfg1 2 2 0 0 na na
10 64551.889350329019 0.007177838866 cfg1 2 2 0 0 na na
10 64551.909350321639 0.007177788883 cfg1 2 2 0 0 na na
10 64552.001350294927 0.007177555059 cfg1 2 1 0 0 na na
10 64552.002350321369 0.007177558385 cfg1 2 2 0 0 na na
10 64552.034350348644 0.007177479651 cfg1 2 2 0 0 na na
10 64552.096350290015 0.007177333215 cfg1 2 1 0 0 na na
10 64552.149350369652 0.007177198872 cfg1 2 2 0 0 na na
10 64552.160350299531 0.007177172534 cfg1 2 1 0 0 na na
10 64552.176350320746 0.007177133516 cfg1 2 2 0 0 na na
10 64552.299350306411 0.007176835419 cfg1 2 1 0 0 na na
10 64552.338350272236 0.007176745252 cfg1 2 2 0 0 na na
10 64552.345350350244 0.007176728674 cfg1 2 2 0 0 na na
10 64552.382350345248 0.007176641523 cfg1 2 1 0 0 na na
10 64552.449350358150 0.007176479185 cfg1 2 1 0 0 na na
10 64552.476350280718 0.007176417140 cfg1 2 1 0 0 na na
10 64552.514350364390 0.007176331663 cfg1 2 2 0 0 na na
10 64552.520350302858 0.007176321679 cfg1 2 1 0 0 na na
10 64552.609350337360 0.007176109395 cfg1 2 1 0 0 na na
10 64552.630350322881 0.007176070265 cfg1 2 1 0 0 na na
10 64552.696350270028 0.007175912780 cfg1 2 2 0 0 na na
10 64552.707350301725 0.007175875312 cfg1 2 1 0 0 na na
10 64552.740350368945 0.007175812912 cfg1 2 2 0 0 na na
10 64552.771350288031 0.007175739399 cfg1 2 1 0 0 na na
10 64552.872350355759 0.007175513354 cfg1 2 1 0 0 na na
10 64552.906350355211 0.007175440884 cfg1 2 2 0 0 na na
10 64553.027350306517 0.007175179387 cfg1 2 1 0 0 na na
10 64553.097350271798 0.007175022073 cfg1 2 2 0 0 na na
10 64553.117350351816 0.007174978740 cfg1 2 2 0 0 na na
10 64553.190350350952 0.007174824858 cfg1 2 1 0 0 na na
10 64553.244350327654 0.007174696779 cfg1 2 1 0 0 na na
10 64553.319350314724 0.007174536476 cfg1 2 1 0 0 na na
10 64553.353350329674 0.007174476391 cfg1 2 2 0 0 na na
10 64553.403350309834 0.007174358496 cfg1 2 1 0 0 na na
10 64553.452350269104 0.007174270107 cfg1 2 2 0 0 na na
10 64553.453350304604 0.007174268068 cfg1 2 2 0 0 na na
10 64553.495350317450 0.007174181308 cfg1 2 2 0 0 na na
10 64553.574350320051 0.007174019671 cfg1 2 2 0 0 na na
10 64553.603350307661 0.007173952224 cfg1 2 1 0 0 na na
10 64553.713350310465 0.007173732423 cfg1 2 1 0 0 na na
10 64553.714350340289 0.007173737252 cfg1 2 2 0 0 na na
10 64553.756350264876 0.007173642048 cfg1 2 1 0 0 na na
10 64553.816350338514 0.007173534909 cfg1 2 2 0 0 na na
10 64553.868350325980 0.007173433867 cfg1 2 1 0 0 na na
10 64553.909350285017 0.007173341270 cfg1 2 1 0 0 na na
10 64553.915350361614 0.007173341280 cfg1 2 2 0 0 na na
10 64553.916350307050 0.007173353259 cfg1 2 1 0 0 na na
10 64553.979350346253 0.007173217390 cfg1 2 2 0 0 na na
10 64554.008350330153 0.007173161724 cfg1 2 2 0 0 na na
10 64554.027350346005 0.007173125408 cfg1 2 2 0 0 na na
10 64554.072350303050 0.007173039553 cfg1 2 2 0 0 na na
10 64554.099350336119 0.007172988436 cfg1 2 2 0 0 na na
10 64554.103350294124 0.007172980841 cfg1 2 2 0 0 na na
10 64554.120350325331 0.007172934168 cfg1 2 1 0 0 na na
10 64554.154350334463 0.007172884679 cfg1 2 2 0 0 na na
10 64554.175350316574 0.007172832472 cfg1 2 1 0 0 na na
10 64554.202350286261 0.007172794814 cfg1 2 2 0 0 na na
10 64554.221350295388 0.007172767486 cfg1 2 1 0 0 na na
10 64554.297350321918 0.007172615201 cfg1 2 1 0 0 na na
10 64554.301350320903 0.007172611698 cfg1 2 2 0 0 na na
10 64554.328350308905 0.007172556851 cfg1 2 1 0 0 na na
10 64554.329350322638 0.007172560293 cfg1 2 2 0 0 na na
10 64554.342350359863 0.007172535806 cfg1 2 1 0 0 na na
10 64554.394350310373 0.007172441994 cfg1 2 2 0 0 na na
10 64554.524350318797 0.007172208779 cfg1 2 2 0 0 na na
10 64554.547350331827 0.007172167942 cfg1 2 2 0 0 na na
10 64554.560350309931 0.007172145016 cfg1 2 2 0 0 na na
10 64554.591350336235 0.007172090433 cfg1 2 2 0 0 na na
10 64554.694350325082 0.007171912420 cfg1 2 1 0 0 na na
10 64554.696350356919 0.007171907347 cfg1 2 2 0 0 na na
10 64554.701350306312 0.007171891765 cfg1 2 1 0 0 na na
10 64554.722350335195 0.007171862467 cfg1 2 2 0 0 na na
10 64554.747350250541 0.007171819479 cfg1 2 2 0 0 na na
10 64554.806350345797 0.007171718742 cfg1 2 2 0 0 na na
10 64554.849350319639 0.007171645958 cfg1 2 2 0 0 na na
10 64554.877350316490 0.007171598838 cfg1 2 2 0 0 na na
10 64554.943350319305 0.007171488634 cfg1 2 2 0 0 na na
10 64554.946350304980 0.007171483608 cfg1 2 2 0 0 na na
10 64554.989350305094 0.007171398652 cfg1 2 1 0 0 na na
10 64555.037350282162 0.007171328467 cfg1 2 1 0 0 na na
10 64555.055350316574 0.007171304302 cfg1 2 2 0 0 na na
10 64555.069350303076 0.007171269717 cfg1 2 1 0 0 na na
10 64555.098350364125 0.007171234377 cfg1 2 2 0 0 na na
10 64555.122350329889 0.007171197056 cfg1 2 1 0 0 na na
10 64555.157350308495 0.007171147444 cfg1 2 1 0 0 na na
10 64555.165350240513 0.007171136489 cfg1 2 1 0 0 na na
10 64555.211350292316 0.007171053205 cfg1 2 2 0 0 na na
10 64555.300350302138 0.007170912923 cfg1 2 2 0 0 na na
10 64555.384350333419 0.007170782594 cfg1 2 2 0 0 na na
10 64555.403350301634 0.007170753356 cfg1 2 2 0 0 na na
10 64555.418350275879 0.007170730280 cfg1 2 2 0 0 na na
10 64555.443350273058 0.007170692144 cfg1 2 2 0 0 na na
10 64555.446350293416 0.007170687578 cfg1 2 2 0 0 na na
10 64555.531350296252 0.007170545301 cfg1 2 1 0 0 na na
10 64555.545350265546 0.007170526284 cfg1 2 1 0 0 na na
10 64555.565350328759 0.007170496351 cfg1 2 1 0 0 na na
10 64555.612350263817 0.007170428156 cfg1 2 1 0 0 na na
10 64555.692350268365 0.007170327321 cfg1 2 1 0 0 na na
10 64555.705350347590 0.007170302128 cfg1 2 2 0 0 na na
10 64555.761350343270 0.007170221206 cfg1 2 2 0 0 na na
10 64555.919350336190 0.007169997626 cfg1 2 2 0 0 na na
10 64555.971350302159 0.007169929690 cfg1 2 1 0 0 na na
10 64555.983350327118 0.007169908865 cfg1 2 2 0 0 na na
10 64556.100350312170 0.007169749705 cfg1 2 2 0 0 na na
10 64556.108350300910 0.007169739063 cfg1 2 2 0 0 na na
10 64556.169350379896 0.007169657626 cfg1 2 2 0 0 na na
10 64556.258350321900 0.007169546338 cfg1 2 1 0 0 na na
10 64556.268350334281 0.007169524562 cfg1 2 1 0 0 na na
10 64556.295350343868 0.007169491228 cfg1 2 1 0 0 na na
10 64556.300350316019 0.007169479900 cfg1 2 1 0 0 na na
10 64556.303350382746 0.007169496083 cfg1 2 1 0 0 na na
10 64556.385350329832 0.007169377649 cfg1 2 2 0 0 na na
10 64556.387350304935 0.007169375143 cfg1 2 2 0 0 na na
10 64556.451350320176 0.007169300896 cfg1 2 1 0 0 na na
10 64556.460350306084 0.007169297058 cfg1 2 1 0 0 na na
10 64556.490350335217 0.007169246262 cfg1 2 2 0 0 na na
10 64556.497350372551 0.007169237597 cfg1 2 2 0 0 na na
10 64556.516350300836 0.007169214148 cfg1 2 2 0 0 na na
10 64556.538350332164 0.007169187212 cfg1 2 2 0 0 na na
10 64556.638350327969 0.007169069597 cfg1 2 1 0 0 na na
10 64556.639350312474 0.007169064921 cfg1 2 2 0 0 na na
10 64556.650350348676 0.007169051781 cfg1 2 2 0 0 na na
10 64556.683350314876 0.007169008500 cfg1 2 1 0 0 na na
10 64556.745350316139 0.007168939589 cfg1 2 2 0 0 na na
10 64556.816350268441 0.007168857399 cfg1 2 2 0 0 na na
10 64556.843350338947 0.007168826502 cfg1 2 2 0 0 na na
10 64556.937350321932 0.007168724280 cfg1 2 1 0 0 na na
10 64556.956350350845 0.007168699204 cfg1 2 2 0 0 na na
10 64556.964350306080 0.007168694197 cfg1 2 1 0 0 na na
10 64557.028350329465 0.007168620191 cfg1 2 2 0 0 na na
20 64380.000000000000 912.225 289.33 43.70 0
20 64392.000000000000 912.215 289.32 43.50 0
20 64400.000000000000 912.225 289.29 43.70 0
20 64411.000000000000 912.215 289.27 43.90 0
20 64420.000000000000 912.215 289.25 44.00 0
20 64431.000000000000 912.225 289.23 44.40 0
20 64440.000000000000 912.245 289.21 44.80 0
20 64451.000000000000 912.245 289.18 44.50 0
20 64460.000000000000 912.235 289.15 44.50 0
20 64472.000000000000 912.245 289.13 44.60 0
20 64481.000000000000 912.235 289.11 44.20 0
20 64490.000000000000 912.225 289.09 44.20 0
20 64502.000000000000 912.235 289.07 44.20 0
20 64511.000000000000 912.235 289.05 44.40 0
20 64522.000000000000 912.245 289.04 44.30 0
20 64532.000000000000 912.255 289.02 44.40 0
20 64540.000000000000 912.255 289.01 44.40 0
20 64552.000000000000 912.255 289.00 44.10 0
20 64560.000000000000 912.245 289.00 44.20 0
H8
H9
