H1 CRD 2 2025 5 20 8
H2 YEBL 7817 62 01 4 ILRS
C1 0 las2 Nd_YAG 1064.00 1000.00 0.40 10.0 20.00 0
C2 0 det2 SPAD 1064.000 40.00 5.0 0.4 NIM 10.0 0.40 50.0 30.0 none na na na
C3 0 tim1 gps Lantime A033-ET 033201 0.0
C6 0 met1 Vaisala Indigo520 T3430159 Vaisala Indigo520 T3930918 Vaisala Indigo520 T3930918
C0 0 1064.00 cfg1 las2 det2 tim1 met1   
H3 larets 0304206 5557 27944 0 1 1
H4 0 2025 5 19 16 28 59 2025 5 19 16 36 10 0 0 0 0 0 0 2 0
40 57229.500000000000 0 cfg1 13753 9697 1.038 63347.5 -7.0 44.0 0.273 -0.570 1.5 4 0 0 3 0.0
41 53550.000000000000 0 cfg1 14023 9923 1.038 63351.0 0.0 49.0 0.358 -0.580 5.3 4 0 0 3 4.9
41 60909.000000000000 0 cfg1 13483 9471 1.038 63344.0 0.0 39.0 0.189 -0.560 -2.2 4 0 0 3 4.9
10 59341.002350294536 0.011837890878 cfg1 2 1 0 0 na na
10 59341.997350320275 0.011795821689 cfg1 2 1 0 0 na na
10 59342.022350303247 0.011794763449 cfg1 2 1 0 0 na na
10 59342.036350260913 0.011794155789 cfg1 2 1 0 0 na na
10 59342.060350299554 0.011793146359 cfg1 2 1 0 0 na na
10 59342.069350250606 0.011792781065 cfg1 2 1 0 0 na na
10 59342.073350262787 0.011792589164 cfg1 2 1 0 0 na na
10 59342.089350260386 0.011791923273 cfg1 2 1 0 0 na na
10 59342.093350296766 0.011791768855 cfg1 2 1 0 0 na na
10 59342.120350252933 0.011790614069 cfg1 2 1 0 0 na na
10 59342.127350289922 0.011790327324 cfg1 2 1 0 0 na na
10 59342.132350280231 0.011790095546 cfg1 2 1 0 0 na na
10 59342.155350305337 0.011789143865 cfg1 2 1 0 0 na na
10 59342.158350324891 0.011788994853 cfg1 2 1 0 0 na na
10 59342.189350303371 0.011787689220 cfg1 2 1 0 0 na na
10 59342.191350259899 0.011787607066 cfg1 2 1 0 0 na na
10 59342.193350266801 0.011787517532 cfg1 2 1 0 0 na na
10 59342.202350266456 0.011787135747 cfg1 2 1 0 0 na na
10 59342.224350260161 0.011786211745 cfg1 2 1 0 0 na na
10 59342.228350261640 0.011786040630 cfg1 2 1 0 0 na na
10 59342.243350353730 0.011785411672 cfg1 2 1 0 0 na na
10 59342.266350260355 0.011784436620 cfg1 2 1 0 0 na na
10 59342.332350265553 0.011781646164 cfg1 2 1 0 0 na na
10 59342.373350262331 0.011779914435 cfg1 2 1 0 0 na na
10 59342.381350255817 0.011779586166 cfg1 2 1 0 0 na na
10 59342.383350347769 0.011779498601 cfg1 2 1 0 0 na na
10 59342.384350259820 0.011779451694 cfg1 2 1 0 0 na na
10 59342.388350262099 0.011779284876 cfg1 2 1 0 0 na na
10 59342.398350256375 0.011778883500 cfg1 2 1 0 0 na na
10 59342.430350298810 0.011777514920 cfg1 2 1 0 0 na na
10 59342.433350298674 0.011777386968 cfg1 2 1 0 0 na na
10 59342.451350305444 0.011776618182 cfg1 2 1 0 0 na na
10 59342.474350250053 0.011775661752 cfg1 2 1 0 0 na na
10 59342.477350282853 0.011775523379 cfg1 2 1 0 0 na na
10 59342.487350255917 0.011775106255 cfg1 2 1 0 0 na na
10 59342.507350301970 0.011774255197 cfg1 2 1 0 0 na na
10 59342.512350255135 0.011774051609 cfg1 2 1 0 0 na na
10 59342.530350267212 0.011773294034 cfg1 2 1 0 0 na na
10 59342.537350249255 0.011773002665 cfg1 2 1 0 0 na na
10 59342.543350257466 0.011772739370 cfg1 2 1 0 0 na na
10 59342.560350290216 0.011772017433 cfg1 2 1 0 0 na na
10 59342.568350337233 0.011771680916 cfg1 2 1 0 0 na na
10 59342.581350259201 0.011771132644 cfg1 2 1 0 0 na na
10 59342.583350257526 0.011771049445 cfg1 2 1 0 0 na na
10 59342.590350248420 0.011770763338 cfg1 2 1 0 0 na na
10 59342.592350265743 0.011770661314 cfg1 2 1 0 0 na na
10 59342.595350268987 0.011770535358 cfg1 2 1 0 0 na na
10 59342.600350245833 0.011770346102 cfg1 2 1 0 0 na na
10 59342.605350234926 0.011770141936 cfg1 2 1 0 0 na na
10 59342.623350311649 0.011769362869 cfg1 2 1 0 0 na na
10 59342.629350260116 0.011769106958 cfg1 2 1 0 0 na na
10 59342.634350262954 0.011768893600 cfg1 2 1 0 0 na na
10 59342.636350352215 0.011768803907 cfg1 2 1 0 0 na na
10 59342.639350258731 0.011768684796 cfg1 2 1 0 0 na na
10 59342.641350281337 0.011768608224 cfg1 2 1 0 0 na na
10 59342.643350256581 0.011768520213 cfg1 2 1 0 0 na na
10 59342.647350275593 0.011768352735 cfg1 2 1 0 0 na na
10 59342.651350260152 0.011768188793 cfg1 2 1 0 0 na na
10 59342.657350297576 0.011767945751 cfg1 2 1 0 0 na na
10 59342.668350242755 0.011767474071 cfg1 2 1 0 0 na na
10 59342.672350294500 0.011767297674 cfg1 2 1 0 0 na na
10 59342.681350308662 0.011766907995 cfg1 2 1 0 0 na na
10 59342.701350242328 0.011766084552 cfg1 2 1 0 0 na na
10 59342.704350273593 0.011765940308 cfg1 2 1 0 0 na na
10 59342.716350257703 0.011765434098 cfg1 2 1 0 0 na na
10 59342.725350317370 0.011765049701 cfg1 2 1 0 0 na na
10 59342.728350258331 0.011764928486 cfg1 2 1 0 0 na na
10 59342.730350267352 0.011764857320 cfg1 2 1 0 0 na na
10 59342.732350269090 0.011764762641 cfg1 2 1 0 0 na na
10 59342.735350272096 0.011764633344 cfg1 2 1 0 0 na na
10 59342.739350260784 0.011764461148 cfg1 2 1 0 0 na na
10 59342.741350268288 0.011764390980 cfg1 2 1 0 0 na na
10 59342.745350257995 0.011764209204 cfg1 2 1 0 0 na na
10 59342.747350290867 0.011764129318 cfg1 2 1 0 0 na na
10 59342.761350266635 0.011763525292 cfg1 2 1 0 0 na na
10 59342.766350266119 0.011763315822 cfg1 2 1 0 0 na na
10 59342.773350257986 0.011763036158 cfg1 2 1 0 0 na na
10 59342.776350245544 0.011762910946 cfg1 2 1 0 0 na na
10 59342.779350249021 0.011762782734 cfg1 2 1 0 0 na na
10 59342.790350241735 0.011762325187 cfg1 2 1 0 0 na na
10 59342.797350250021 0.011762021987 cfg1 2 1 0 0 na na
10 59342.798350281933 0.011761964830 cfg1 2 1 0 0 na na
10 59342.802350251539 0.011761810446 cfg1 2 1 0 0 na na
10 59342.808350242645 0.011761564335 cfg1 2 1 0 0 na na
10 59342.810350244977 0.011761477068 cfg1 2 1 0 0 na na
10 59342.812350283242 0.011761385936 cfg1 2 1 0 0 na na
10 59342.817350262344 0.011761164606 cfg1 2 1 0 0 na na
10 59342.824350266917 0.011760869136 cfg1 2 1 0 0 na na
10 59342.825350244737 0.011760842063 cfg1 2 1 0 0 na na
10 59342.827350249640 0.011760757119 cfg1 2 1 0 0 na na
10 59342.830350259176 0.011760617585 cfg1 2 1 0 0 na na
10 59342.836350254238 0.011760372851 cfg1 2 1 0 0 na na
10 59342.850350328599 0.011759772696 cfg1 2 1 0 0 na na
10 59342.853350307966 0.011759653927 cfg1 2 1 0 0 na na
10 59342.856350255115 0.011759537530 cfg1 2 1 0 0 na na
10 59342.861350244695 0.011759322313 cfg1 2 1 0 0 na na
10 59342.868350236134 0.011759035676 cfg1 2 1 0 0 na na
10 59342.872350244652 0.011758862143 cfg1 2 1 0 0 na na
10 59342.875350301448 0.011758732103 cfg1 2 1 0 0 na na
10 59342.880350241170 0.011758525880 cfg1 2 1 0 0 na na
10 59342.887350260937 0.011758211031 cfg1 2 1 0 0 na na
10 59342.889350264050 0.011758122808 cfg1 2 1 0 0 na na
10 59342.906350259278 0.011757407828 cfg1 2 1 0 0 na na
10 59342.919350263764 0.011756858317 cfg1 2 1 0 0 na na
10 59342.926350261629 0.011756565336 cfg1 2 1 0 0 na na
10 59342.928350252431 0.011756489505 cfg1 2 1 0 0 na na
10 59342.940350255876 0.011755976043 cfg1 2 1 0 0 na na
10 59342.944350240106 0.011755826976 cfg1 2 1 0 0 na na
10 59342.950350263095 0.011755548468 cfg1 2 1 0 0 na na
10 59342.952350336525 0.011755463581 cfg1 2 1 0 0 na na
10 59342.954350240344 0.011755401461 cfg1 2 1 0 0 na na
10 59342.956350257383 0.011755309252 cfg1 2 1 0 0 na na
10 59342.957350245583 0.011755271140 cfg1 2 1 0 0 na na
10 59342.959350249899 0.011755182003 cfg1 2 1 0 0 na na
10 59342.965350273001 0.011754919839 cfg1 2 1 0 0 na na
10 59342.966350294232 0.011754869116 cfg1 2 1 0 0 na na
10 59342.975350245484 0.011754515330 cfg1 2 1 0 0 na na
10 59342.979350264635 0.011754322346 cfg1 2 1 0 0 na na
10 59342.983350245408 0.011754171371 cfg1 2 1 0 0 na na
10 59342.987350245876 0.011754006056 cfg1 2 1 0 0 na na
10 59342.991350266305 0.011753828148 cfg1 2 1 0 0 na na
10 59342.999350286615 0.011753484188 cfg1 2 1 0 0 na na
10 59343.000350258772 0.011753443542 cfg1 2 1 0 0 na na
10 59343.006350266173 0.011753180974 cfg1 2 1 0 0 na na
10 59343.009350287050 0.011753057279 cfg1 2 1 0 0 na na
10 59343.012350266760 0.011752930220 cfg1 2 1 0 0 na na
10 59343.017350331262 0.011752717566 cfg1 2 1 0 0 na na
10 59343.018350277588 0.011752686210 cfg1 2 1 0 0 na na
10 59343.019350249437 0.011752652833 cfg1 2 1 0 0 na na
10 59343.025350301836 0.011752379174 cfg1 2 1 0 0 na na
10 59343.032350283573 0.011752083916 cfg1 2 1 0 0 na na
10 59343.038350319362 0.011751851487 cfg1 2 1 0 0 na na
10 59343.040350257152 0.011751756124 cfg1 2 1 0 0 na na
10 59343.047350280639 0.011751477665 cfg1 2 1 0 0 na na
10 59343.049350291916 0.011751385980 cfg1 2 1 0 0 na na
10 59343.052350246823 0.011751260079 cfg1 2 1 0 0 na na
10 59343.060350255892 0.011750911248 cfg1 2 1 0 0 na na
10 59343.066350310890 0.011750651231 cfg1 2 1 0 0 na na
10 59343.072350264856 0.011750397977 cfg1 2 1 0 0 na na
10 59343.077350274941 0.011750189083 cfg1 2 1 0 0 na na
10 59343.080350259911 0.011750067088 cfg1 2 1 0 0 na na
10 59343.091350280159 0.011749603475 cfg1 2 1 0 0 na na
10 59343.100350265953 0.011749216098 cfg1 2 1 0 0 na na
10 59343.105350260139 0.011749011916 cfg1 2 1 0 0 na na
10 59343.115350267463 0.011748579422 cfg1 2 1 0 0 na na
10 59343.120350243070 0.011748393733 cfg1 2 1 0 0 na na
10 59343.122350321398 0.011748303421 cfg1 2 1 0 0 na na
10 59343.124350260940 0.011748206187 cfg1 2 1 0 0 na na
10 59343.135350297906 0.011747757128 cfg1 2 1 0 0 na na
10 59343.136350278376 0.011747694923 cfg1 2 1 0 0 na na
10 59343.139350265309 0.011747571553 cfg1 2 1 0 0 na na
10 59343.149350297372 0.011747146334 cfg1 2 1 0 0 na na
10 59343.151350262051 0.011747064946 cfg1 2 1 0 0 na na
10 59343.154350258372 0.011746943816 cfg1 2 1 0 0 na na
10 59343.157350256432 0.011746820359 cfg1 2 1 0 0 na na
10 59343.161350268372 0.011746638699 cfg1 2 1 0 0 na na
10 59343.164350257124 0.011746519896 cfg1 2 1 0 0 na na
10 59343.168350324417 0.011746359785 cfg1 2 1 0 0 na na
10 59343.169350261287 0.011746305818 cfg1 2 1 0 0 na na
10 59343.170350288477 0.011746260213 cfg1 2 1 0 0 na na
10 59343.177350260789 0.011745971189 cfg1 2 1 0 0 na na
10 59343.180350255816 0.011745846674 cfg1 2 1 0 0 na na
10 59343.182350263232 0.011745758823 cfg1 2 1 0 0 na na
10 59343.189350241026 0.011745480867 cfg1 2 1 0 0 na na
10 59343.199350251052 0.011745051240 cfg1 2 1 0 0 na na
10 59343.205350289911 0.011744787942 cfg1 2 1 0 0 na na
10 59343.218350264727 0.011744237352 cfg1 2 1 0 0 na na
10 59343.224350262277 0.011744000864 cfg1 2 1 0 0 na na
10 59343.227350265731 0.011743856132 cfg1 2 1 0 0 na na
10 59343.228350256168 0.011743820640 cfg1 2 1 0 0 na na
10 59343.232350252595 0.011743654356 cfg1 2 1 0 0 na na
10 59343.244350277920 0.011743161457 cfg1 2 1 0 0 na na
10 59343.255350281280 0.011742670730 cfg1 2 1 0 0 na na
10 59343.257350246398 0.011742605643 cfg1 2 1 0 0 na na
10 59343.261350258893 0.011742428054 cfg1 2 1 0 0 na na
10 59343.271350242996 0.011742019120 cfg1 2 1 0 0 na na
10 59343.284350264653 0.011741452055 cfg1 2 1 0 0 na na
10 59343.288350267811 0.011741278929 cfg1 2 1 0 0 na na
10 59343.289350246312 0.011741255865 cfg1 2 1 0 0 na na
10 59343.306350255817 0.011740530960 cfg1 2 1 0 0 na na
10 59343.308350265043 0.011740437121 cfg1 2 1 0 0 na na
10 59343.312350267474 0.011740266447 cfg1 2 1 0 0 na na
10 59343.317350241375 0.011740080687 cfg1 2 1 0 0 na na
10 59343.331350302471 0.011739467546 cfg1 2 1 0 0 na na
10 59343.337350262908 0.011739214007 cfg1 2 1 0 0 na na
10 59343.371350260689 0.011737781152 cfg1 2 1 0 0 na na
10 59343.378350248025 0.011737502766 cfg1 2 1 0 0 na na
10 59343.381350303189 0.011737364396 cfg1 2 1 0 0 na na
10 59343.383350258953 0.011737277900 cfg1 2 1 0 0 na na
10 59343.393350279637 0.011736857881 cfg1 2 1 0 0 na na
10 59343.396350252467 0.011736734523 cfg1 2 1 0 0 na na
10 59343.411350271619 0.011736090419 cfg1 2 1 0 0 na na
10 59343.415350262492 0.011735935919 cfg1 2 1 0 0 na na
10 59343.417350262689 0.011735839608 cfg1 2 1 0 0 na na
10 59343.419350258995 0.011735757782 cfg1 2 1 0 0 na na
10 59343.421350256627 0.011735691904 cfg1 2 1 0 0 na na
10 59343.424350265922 0.011735541021 cfg1 2 1 0 0 na na
10 59343.425350250047 0.011735512022 cfg1 2 1 0 0 na na
10 59343.429350250473 0.011735346463 cfg1 2 1 0 0 na na
10 59343.435350251799 0.011735090022 cfg1 2 1 0 0 na na
10 59343.438350254287 0.011734962510 cfg1 2 1 0 0 na na
10 59343.439350250754 0.011734921219 cfg1 2 1 0 0 na na
10 59343.445350264425 0.011734657446 cfg1 2 1 0 0 na na
10 59343.447350252867 0.011734583939 cfg1 2 1 0 0 na na
10 59343.448350250263 0.011734541637 cfg1 2 1 0 0 na na
10 59343.452350252254 0.011734374579 cfg1 2 1 0 0 na na
10 59343.461350269957 0.011733976896 cfg1 2 1 0 0 na na
10 59343.462350247164 0.011733960547 cfg1 2 1 0 0 na na
10 59343.466350278084 0.011733771126 cfg1 2 1 0 0 na na
10 59343.471350257794 0.011733564117 cfg1 2 1 0 0 na na
10 59343.481350254855 0.011733147218 cfg1 2 1 0 0 na na
10 59343.495350240354 0.011732571298 cfg1 2 1 0 0 na na
10 59343.499350263128 0.011732378878 cfg1 2 1 0 0 na na
10 59343.508350250878 0.011732011304 cfg1 2 1 0 0 na na
10 59343.515350239525 0.011731727559 cfg1 2 1 0 0 na na
10 59343.518350269707 0.011731572244 cfg1 2 1 0 0 na na
10 59343.519350255088 0.011731541831 cfg1 2 1 0 0 na na
10 59343.522350247281 0.011731424601 cfg1 2 1 0 0 na na
10 59343.533350252398 0.011730954430 cfg1 2 1 0 0 na na
10 59343.537350262024 0.011730774856 cfg1 2 1 0 0 na na
10 59343.538350252602 0.011730744990 cfg1 2 1 0 0 na na
10 59343.552350240556 0.011730166221 cfg1 2 1 0 0 na na
10 59343.557350252801 0.011729943987 cfg1 2 1 0 0 na na
10 59343.567350265171 0.011729506771 cfg1 2 1 0 0 na na
10 59343.569350258936 0.011729428023 cfg1 2 1 0 0 na na
10 59343.577350328031 0.011729093293 cfg1 2 1 0 0 na na
10 59343.579350279894 0.011728998944 cfg1 2 1 0 0 na na
10 59343.580350251034 0.011728970909 cfg1 2 1 0 0 na na
10 59343.589350338739 0.011728578685 cfg1 2 1 0 0 na na
10 59343.592350258733 0.011728457973 cfg1 2 1 0 0 na na
10 59343.601350264957 0.011728090236 cfg1 2 1 0 0 na na
10 59343.603350269394 0.011727994337 cfg1 2 1 0 0 na na
10 59343.608350249266 0.011727792634 cfg1 2 1 0 0 na na
10 59343.612350247260 0.011727624645 cfg1 2 1 0 0 na na
10 59343.616350249121 0.011727457695 cfg1 2 1 0 0 na na
10 59343.636350332461 0.011726616334 cfg1 2 1 0 0 na na
10 59343.657350256517 0.011725720229 cfg1 2 1 0 0 na na
10 59343.677350246058 0.011724885838 cfg1 2 1 0 0 na na
10 59343.696350294362 0.011724075964 cfg1 2 1 0 0 na na
10 59343.699350271661 0.011723943105 cfg1 2 1 0 0 na na
10 59343.711350266398 0.011723430416 cfg1 2 1 0 0 na na
10 59343.715350284875 0.011723266666 cfg1 2 1 0 0 na na
10 59343.721350258156 0.011723018616 cfg1 2 1 0 0 na na
10 59343.728350291026 0.011722718097 cfg1 2 1 0 0 na na
10 59343.737350291452 0.011722346443 cfg1 2 1 0 0 na na
10 59343.742350270344 0.011722121728 cfg1 2 1 0 0 na na
10 59343.757350242220 0.011721514420 cfg1 2 1 0 0 na na
10 59343.761350265907 0.011721320971 cfg1 2 1 0 0 na na
10 59343.763350256792 0.011721245517 cfg1 2 1 0 0 na na
10 59343.766350251367 0.011721125633 cfg1 2 1 0 0 na na
10 59343.767350276262 0.011721083407 cfg1 2 1 0 0 na na
10 59343.772350292781 0.011720877762 cfg1 2 1 0 0 na na
10 59343.776350257491 0.011720699223 cfg1 2 1 0 0 na na
10 59343.780350250418 0.011720536554 cfg1 2 1 0 0 na na
10 59343.798350288605 0.011719759525 cfg1 2 1 0 0 na na
10 59343.802350263247 0.011719593317 cfg1 2 1 0 0 na na
10 59343.804350247554 0.011719524330 cfg1 2 1 0 0 na na
10 59343.813350253192 0.011719143681 cfg1 2 1 0 0 na na
10 59343.816350252465 0.011719018194 cfg1 2 1 0 0 na na
10 59343.823350245873 0.011718726070 cfg1 2 1 0 0 na na
10 59343.832350246316 0.011718345713 cfg1 2 1 0 0 na na
10 59343.844350261620 0.011717825244 cfg1 2 1 0 0 na na
10 59343.892350253891 0.011715808033 cfg1 2 1 0 0 na na
10 59343.906350258407 0.011715213552 cfg1 2 1 0 0 na na
10 59343.919350252193 0.011714669946 cfg1 2 1 0 0 na na
10 59343.931350263052 0.011714176959 cfg1 2 1 0 0 na na
10 59343.934350244756 0.011714047142 cfg1 2 1 0 0 na na
10 59343.944350260809 0.011713606455 cfg1 2 1 0 0 na na
10 59343.966350262130 0.011712679770 cfg1 2 1 0 0 na na
10 59343.971350251032 0.011712480929 cfg1 2 1 0 0 na na
10 59343.975350240542 0.011712321513 cfg1 2 1 0 0 na na
10 59343.977350281874 0.011712213570 cfg1 2 1 0 0 na na
10 59344.004350257460 0.011711079372 cfg1 2 1 0 0 na na
10 59344.012350247906 0.011710754498 cfg1 2 1 0 0 na na
10 59344.022350256495 0.011710320522 cfg1 2 1 0 0 na na
10 59344.025350261794 0.011710190250 cfg1 2 1 0 0 na na
10 59344.027350254125 0.011710113003 cfg1 2 1 0 0 na na
10 59344.033350265511 0.011709851455 cfg1 2 1 0 0 na na
10 59344.040350252940 0.011709569036 cfg1 2 1 0 0 na na
10 59344.055350266115 0.011708920880 cfg1 2 1 0 0 na na
10 59344.056350268312 0.011708895225 cfg1 2 1 0 0 na na
10 59344.070350267856 0.011708288698 cfg1 2 1 0 0 na na
10 59344.074350258838 0.011708139253 cfg1 2 1 0 0 na na
10 59344.079350262062 0.011707914727 cfg1 2 1 0 0 na na
10 59344.082350258940 0.011707803660 cfg1 2 1 0 0 na na
10 59344.097350239983 0.011707177087 cfg1 2 1 0 0 na na
10 59344.105350259164 0.011706817711 cfg1 2 1 0 0 na na
10 59344.111350272514 0.011706581791 cfg1 2 1 0 0 na na
10 59344.123350257793 0.011706064246 cfg1 2 1 0 0 na na
10 59344.125350268340 0.011705968603 cfg1 2 1 0 0 na na
10 59344.132350263806 0.011705678118 cfg1 2 1 0 0 na na
10 59344.140350258054 0.011705344077 cfg1 2 1 0 0 na na
10 59344.150350268690 0.011704913428 cfg1 2 1 0 0 na na
10 59344.157350265265 0.011704621669 cfg1 2 1 0 0 na na
10 59344.158350265569 0.011704576345 cfg1 2 1 0 0 na na
10 59344.161350260083 0.011704456808 cfg1 2 1 0 0 na na
10 59344.163350258643 0.011704387054 cfg1 2 1 0 0 na na
10 59344.166350244582 0.011704262425 cfg1 2 1 0 0 na na
10 59344.168350254643 0.011704167447 cfg1 2 1 0 0 na na
10 59344.172350260051 0.011703991907 cfg1 2 1 0 0 na na
10 59344.174350268228 0.011703903778 cfg1 2 1 0 0 na na
10 59344.180350242969 0.011703674064 cfg1 2 1 0 0 na na
10 59344.186350265554 0.011703396708 cfg1 2 1 0 0 na na
10 59344.190350255135 0.011703241721 cfg1 2 1 0 0 na na
10 59344.214350253438 0.011702228562 cfg1 2 1 0 0 na na
10 59344.219350290721 0.011702010208 cfg1 2 1 0 0 na na
10 59344.223350260471 0.011701841532 cfg1 2 1 0 0 na na
10 59344.224350275973 0.011701820845 cfg1 2 1 0 0 na na
10 59344.228350297573 0.011701632101 cfg1 2 1 0 0 na na
10 59344.236350271503 0.011701307306 cfg1 2 1 0 0 na na
10 59344.237350244275 0.011701267384 cfg1 2 1 0 0 na na
10 59344.241350243900 0.011701103080 cfg1 2 1 0 0 na na
10 59344.244350268825 0.011700952170 cfg1 2 1 0 0 na na
10 59344.249350263960 0.011700761315 cfg1 2 1 0 0 na na
10 59344.251350261365 0.011700660713 cfg1 2 1 0 0 na na
10 59344.263350248035 0.011700168877 cfg1 2 1 0 0 na na
10 59344.270350258548 0.011699863268 cfg1 2 1 0 0 na na
10 59344.275350258548 0.011699653049 cfg1 2 1 0 0 na na
10 59344.283350263681 0.011699308261 cfg1 2 1 0 0 na na
10 59344.289350263997 0.011699057897 cfg1 2 1 0 0 na na
10 59344.307350248700 0.011698313369 cfg1 2 1 0 0 na na
10 59344.312350257240 0.011698094488 cfg1 2 1 0 0 na na
10 59344.315350288132 0.011697964237 cfg1 2 1 0 0 na na
10 59344.321350250559 0.011697721346 cfg1 2 1 0 0 na na
10 59344.330350257578 0.011697343998 cfg1 2 1 0 0 na na
10 59344.335350267171 0.011697117597 cfg1 2 1 0 0 na na
10 59344.337350300405 0.011697051008 cfg1 2 1 0 0 na na
10 59344.340350268035 0.011696903934 cfg1 2 1 0 0 na na
10 59344.342350308709 0.011696830462 cfg1 2 1 0 0 na na
10 59344.343350317215 0.011696789527 cfg1 2 1 0 0 na na
10 59344.358350263493 0.011696148083 cfg1 2 1 0 0 na na
10 59344.362350265946 0.011695975872 cfg1 2 1 0 0 na na
10 59344.363350265246 0.011695936885 cfg1 2 1 0 0 na na
10 59344.364350276185 0.011695899862 cfg1 2 1 0 0 na na
10 59344.365350302909 0.011695853238 cfg1 2 1 0 0 na na
10 59344.369350253986 0.011695692969 cfg1 2 1 0 0 na na
10 59344.377350246374 0.011695365352 cfg1 2 1 0 0 na na
10 59344.391350266574 0.011694755330 cfg1 2 1 0 0 na na
10 59344.396350246131 0.011694565666 cfg1 2 1 0 0 na na
10 59344.399350249849 0.011694432056 cfg1 2 1 0 0 na na
10 59344.404350251398 0.011694220604 cfg1 2 1 0 0 na na
10 59344.405350262672 0.011694169379 cfg1 2 1 0 0 na na
10 59344.408350246018 0.011694056339 cfg1 2 1 0 0 na na
10 59344.411350288707 0.011693922275 cfg1 2 1 0 0 na na
10 59344.414350267432 0.011693784611 cfg1 2 1 0 0 na na
10 59344.417350263918 0.011693658154 cfg1 2 1 0 0 na na
10 59344.420350266821 0.011693530168 cfg1 2 1 0 0 na na
10 59344.421350320585 0.011693501009 cfg1 2 1 0 0 na na
10 59344.463350248750 0.011691738125 cfg1 2 1 0 0 na na
10 59344.464350262971 0.011691679007 cfg1 2 1 0 0 na na
10 59344.465350301568 0.011691644610 cfg1 2 1 0 0 na na
10 59344.467350258508 0.011691558338 cfg1 2 1 0 0 na na
10 59344.469350241768 0.011691490018 cfg1 2 1 0 0 na na
10 59344.483350244941 0.011690896916 cfg1 2 1 0 0 na na
10 59344.488350247691 0.011690689267 cfg1 2 1 0 0 na na
10 59344.497350332783 0.011690284405 cfg1 2 1 0 0 na na
10 59344.501350319490 0.011690119041 cfg1 2 1 0 0 na na
10 59344.504350266135 0.011689990490 cfg1 2 1 0 0 na na
10 59344.516350245767 0.011689506229 cfg1 2 1 0 0 na na
10 59344.522350279079 0.011689246412 cfg1 2 1 0 0 na na
10 59344.527350266322 0.011689020665 cfg1 2 1 0 0 na na
10 59344.528350253815 0.011688993036 cfg1 2 1 0 0 na na
10 59344.532350250297 0.011688826506 cfg1 2 1 0 0 na na
10 59344.536350245746 0.011688661142 cfg1 2 1 0 0 na na
10 59344.544350260403 0.011688311456 cfg1 2 1 0 0 na na
10 59344.546350295666 0.011688225304 cfg1 2 1 0 0 na na
10 59344.548350277761 0.011688147700 cfg1 2 1 0 0 na na
10 59344.549350260475 0.011688101515 cfg1 2 1 0 0 na na
10 59344.550350273681 0.011688068054 cfg1 2 1 0 0 na na
10 59344.553350244065 0.011687947801 cfg1 2 1 0 0 na na
10 59344.554350268356 0.011687883453 cfg1 2 1 0 0 na na
10 59344.558350264312 0.011687717797 cfg1 2 1 0 0 na na
10 59344.566350294158 0.011687395586 cfg1 2 1 0 0 na na
10 59344.586350255829 0.011686546459 cfg1 2 1 0 0 na na
10 59344.591350260465 0.011686345276 cfg1 2 1 0 0 na na
10 59344.596350245384 0.011686135062 cfg1 2 1 0 0 na na
10 59344.599350265060 0.011685986809 cfg1 2 1 0 0 na na
10 59344.618350250230 0.011685202589 cfg1 2 1 0 0 na na
10 59344.619350265545 0.011685146683 cfg1 2 1 0 0 na na
10 59344.627350255907 0.011684815953 cfg1 2 1 0 0 na na
10 59344.644350261976 0.011684094644 cfg1 2 1 0 0 na na
10 59344.649350262032 0.011683884945 cfg1 2 1 0 0 na na
10 59344.650350260200 0.011683844296 cfg1 2 1 0 0 na na
10 59344.651350288707 0.011683805419 cfg1 2 1 0 0 na na
10 59344.661350263815 0.011683378121 cfg1 2 1 0 0 na na
10 59344.666350254260 0.011683172650 cfg1 2 1 0 0 na na
10 59344.674350311536 0.011682831649 cfg1 2 1 0 0 na na
10 59344.685350262023 0.011682364984 cfg1 2 1 0 0 na na
10 59344.693350248693 0.011682045899 cfg1 2 1 0 0 na na
10 59344.698350319345 0.011681819942 cfg1 2 1 0 0 na na
10 59344.699350260357 0.011681776554 cfg1 2 1 0 0 na na
10 59344.703350257179 0.011681614720 cfg1 2 1 0 0 na na
10 59344.704350251936 0.011681574963 cfg1 2 1 0 0 na na
10 59344.706350324177 0.011681477840 cfg1 2 1 0 0 na na
10 59344.707350267611 0.011681434485 cfg1 2 1 0 0 na na
10 59344.712350254765 0.011681237264 cfg1 2 1 0 0 na na
10 59344.713350264366 0.011681197130 cfg1 2 1 0 0 na na
10 59344.721350311576 0.011680846068 cfg1 2 1 0 0 na na
10 59344.722350247700 0.011680819266 cfg1 2 1 0 0 na na
10 59344.727350246832 0.011680609896 cfg1 2 1 0 0 na na
10 59344.731350264098 0.011680427798 cfg1 2 1 0 0 na na
10 59344.737350240479 0.011680196376 cfg1 2 1 0 0 na na
10 59344.754350263082 0.011679458910 cfg1 2 1 0 0 na na
10 59344.757350268038 0.011679337961 cfg1 2 1 0 0 na na
10 59344.762350250963 0.011679131047 cfg1 2 1 0 0 na na
10 59344.768350265123 0.011678866762 cfg1 2 1 0 0 na na
10 59344.770350302717 0.011678778086 cfg1 2 1 0 0 na na
10 59344.777350260291 0.011678491563 cfg1 2 1 0 0 na na
10 59344.793350276459 0.011677824212 cfg1 2 1 0 0 na na
10 59344.798350249778 0.011677617281 cfg1 2 1 0 0 na na
10 59344.805350263994 0.011677307901 cfg1 2 1 0 0 na na
10 59344.812350245278 0.011677031414 cfg1 2 1 0 0 na na
10 59344.813350264859 0.011676966935 cfg1 2 1 0 0 na na
10 59344.846350280330 0.011675588149 cfg1 2 1 0 0 na na
10 59344.860350256554 0.011674995318 cfg1 2 1 0 0 na na
10 59344.863350241803 0.011674885278 cfg1 2 1 0 0 na na
10 59344.866350262594 0.011674739681 cfg1 2 1 0 0 na na
10 59344.887350268915 0.011673847865 cfg1 2 1 0 0 na na
10 59344.889350247963 0.011673783939 cfg1 2 1 0 0 na na
10 59344.907350256637 0.011673015359 cfg1 2 1 0 0 na na
10 59344.921350261627 0.011672426754 cfg1 2 1 0 0 na na
10 59344.924350247384 0.011672310442 cfg1 2 1 0 0 na na
10 59344.927350267811 0.011672164130 cfg1 2 1 0 0 na na
10 59344.930350260253 0.011672042127 cfg1 2 1 0 0 na na
10 59344.940350243314 0.011671638591 cfg1 2 1 0 0 na na
10 59344.941350242973 0.011671598813 cfg1 2 1 0 0 na na
10 59344.944350260452 0.011671451294 cfg1 2 1 0 0 na na
10 59344.945350253166 0.011671418933 cfg1 2 1 0 0 na na
10 59344.957350261522 0.011670905638 cfg1 2 1 0 0 na na
10 59344.961350245226 0.011670751703 cfg1 2 1 0 0 na na
10 59344.973350265048 0.011670226895 cfg1 2 1 0 0 na na
10 59344.981350263128 0.011669893490 cfg1 2 1 0 0 na na
10 59345.000350287273 0.011669092353 cfg1 2 1 0 0 na na
10 59345.009350260264 0.011668711891 cfg1 2 1 0 0 na na
10 59345.016350264833 0.011668411990 cfg1 2 1 0 0 na na
10 59345.018350259479 0.011668350925 cfg1 2 1 0 0 na na
10 59345.025350262078 0.011668034875 cfg1 2 1 0 0 na na
10 59345.026350242470 0.011668014317 cfg1 2 1 0 0 na na
10 59345.027350270963 0.011667955446 cfg1 2 1 0 0 na na
10 59345.028350327350 0.011667918600 cfg1 2 1 0 0 na na
10 59345.034350247846 0.011667674173 cfg1 2 1 0 0 na na
10 59345.040350238953 0.011667428189 cfg1 2 1 0 0 na na
10 59345.045350238732 0.011667217832 cfg1 2 1 0 0 na na
10 59345.049350255453 0.011667041578 cfg1 2 1 0 0 na na
10 59345.050350259566 0.011666987254 cfg1 2 1 0 0 na na
10 59345.053350254517 0.011666862303 cfg1 2 1 0 0 na na
10 59345.061350255661 0.011666526388 cfg1 2 1 0 0 na na
10 59345.069350263164 0.011666196696 cfg1 2 1 0 0 na na
10 59345.078350252789 0.011665814177 cfg1 2 1 0 0 na na
10 59345.080350272595 0.011665721086 cfg1 2 1 0 0 na na
10 59345.082350256726 0.011665640147 cfg1 2 1 0 0 na na
10 59345.086350305961 0.011665480863 cfg1 2 1 0 0 na na
10 59345.091350257247 0.011665259869 cfg1 2 1 0 0 na na
10 59345.095350294864 0.011665109152 cfg1 2 1 0 0 na na
10 59345.097350259922 0.011665007191 cfg1 2 1 0 0 na na
10 59345.108350241642 0.011664560757 cfg1 2 1 0 0 na na
10 59345.121350258971 0.011663997703 cfg1 2 1 0 0 na na
10 59345.125350255959 0.011663833804 cfg1 2 1 0 0 na na
10 59345.143350260252 0.011663066691 cfg1 2 1 0 0 na na
10 59345.155350254095 0.011662567884 cfg1 2 1 0 0 na na
10 59345.169350240977 0.011661991067 cfg1 2 1 0 0 na na
10 59345.171350252185 0.011661894996 cfg1 2 1 0 0 na na
10 59345.172350270473 0.011661841602 cfg1 2 1 0 0 na na
10 59345.178350359357 0.011661592442 cfg1 2 1 0 0 na na
10 59345.186350262261 0.011661254725 cfg1 2 1 0 0 na na
10 59345.187350240259 0.011661231843 cfg1 2 1 0 0 na na
10 59345.196350244780 0.011660852119 cfg1 2 1 0 0 na na
10 59345.200350269198 0.011660684614 cfg1 2 1 0 0 na na
10 59345.205350239984 0.011660476754 cfg1 2 1 0 0 na na
10 59345.219350257855 0.011659888355 cfg1 2 1 0 0 na na
10 59345.230350276749 0.011659422582 cfg1 2 1 0 0 na na
10 59345.241350252346 0.011658949907 cfg1 2 1 0 0 na na
10 59345.242350253504 0.011658903066 cfg1 2 1 0 0 na na
10 59345.254350263958 0.011658387902 cfg1 2 1 0 0 na na
10 59345.256350258081 0.011658308929 cfg1 2 1 0 0 na na
10 59345.268350256196 0.011657805776 cfg1 2 1 0 0 na na
10 59345.274350263926 0.011657547844 cfg1 2 1 0 0 na na
10 59345.275350275349 0.011657512722 cfg1 2 1 0 0 na na
10 59345.279350260255 0.011657336775 cfg1 2 1 0 0 na na
10 59345.291350290673 0.011656834654 cfg1 2 1 0 0 na na
10 59345.297350270225 0.011656587365 cfg1 2 1 0 0 na na
10 59345.298350234941 0.011656561902 cfg1 2 1 0 0 na na
10 59345.305350247993 0.011656254150 cfg1 2 1 0 0 na na
10 59345.307350254234 0.011656171970 cfg1 2 1 0 0 na na
10 59345.312350253177 0.011655953636 cfg1 2 1 0 0 na na
10 59345.317350272792 0.011655746513 cfg1 2 1 0 0 na na
10 59345.320350262204 0.011655609499 cfg1 2 1 0 0 na na
10 59345.321350265207 0.011655566667 cfg1 2 1 0 0 na na
10 59345.324350258381 0.011655443818 cfg1 2 1 0 0 na na
10 59345.326350262526 0.011655359464 cfg1 2 1 0 0 na na
10 59345.331350298519 0.011655163742 cfg1 2 1 0 0 na na
10 59345.334350253074 0.011655028834 cfg1 2 1 0 0 na na
10 59345.339350258961 0.011654812878 cfg1 2 1 0 0 na na
10 59345.341350263674 0.011654723293 cfg1 2 1 0 0 na na
10 59345.344350252090 0.011654612245 cfg1 2 1 0 0 na na
10 59345.345350314465 0.011654568964 cfg1 2 1 0 0 na na
10 59345.348350251524 0.011654440440 cfg1 2 1 0 0 na na
10 59345.352350264957 0.011654262053 cfg1 2 1 0 0 na na
10 59345.353350268881 0.011654216710 cfg1 2 1 0 0 na na
10 59345.360350262490 0.011653938274 cfg1 2 1 0 0 na na
10 59345.362350271846 0.011653841011 cfg1 2 1 0 0 na na
10 59345.363350273391 0.011653800384 cfg1 2 1 0 0 na na
10 59345.367350251221 0.011653640799 cfg1 2 1 0 0 na na
10 59345.369350300658 0.011653556654 cfg1 2 1 0 0 na na
10 59345.370350299332 0.011653515957 cfg1 2 1 0 0 na na
10 59345.371350256830 0.011653465186 cfg1 2 1 0 0 na na
10 59345.384350286589 0.011652916288 cfg1 2 1 0 0 na na
10 59345.385350245425 0.011652891570 cfg1 2 1 0 0 na na
10 59345.393350261683 0.011652559463 cfg1 2 1 0 0 na na
10 59345.399350265016 0.011652281922 cfg1 2 1 0 0 na na
10 59345.417350247438 0.011651539397 cfg1 2 1 0 0 na na
10 59345.421350263871 0.011651352962 cfg1 2 1 0 0 na na
10 59345.423350273250 0.011651280927 cfg1 2 1 0 0 na na
10 59345.427350243204 0.011651123790 cfg1 2 1 0 0 na na
10 59345.432350255462 0.011650915217 cfg1 2 1 0 0 na na
10 59345.444350264018 0.011650387873 cfg1 2 1 0 0 na na
10 59345.450350252318 0.011650144572 cfg1 2 1 0 0 na na
10 59345.453350266137 0.011650005729 cfg1 2 1 0 0 na na
10 59345.458350267596 0.011649794652 cfg1 2 1 0 0 na na
10 59345.459350253399 0.011649763479 cfg1 2 1 0 0 na na
10 59345.462350317837 0.011649631732 cfg1 2 1 0 0 na na
10 59345.473350248764 0.011649178110 cfg1 2 1 0 0 na na
10 59345.475350292648 0.011649084876 cfg1 2 1 0 0 na na
10 59345.478350271223 0.011648970586 cfg1 2 1 0 0 na na
10 59345.499350254823 0.011648087443 cfg1 2 1 0 0 na na
10 59345.501350258214 0.011647993627 cfg1 2 1 0 0 na na
10 59345.514350259686 0.011647443507 cfg1 2 1 0 0 na na
10 59345.524350244150 0.011647037880 cfg1 2 1 0 0 na na
10 59345.552350294320 0.011645852227 cfg1 2 1 0 0 na na
10 59345.554350269958 0.011645767315 cfg1 2 1 0 0 na na
10 59345.573350277901 0.011644953545 cfg1 2 1 0 0 na na
10 59345.578350255452 0.011644751490 cfg1 2 1 0 0 na na
10 59345.604350260074 0.011643651697 cfg1 2 1 0 0 na na
10 59345.631350266143 0.011642510639 cfg1 2 1 0 0 na na
10 59345.639350268219 0.011642190591 cfg1 2 1 0 0 na na
10 59345.641350303898 0.011642099146 cfg1 2 1 0 0 na na
10 59345.643350237888 0.011642033935 cfg1 2 1 0 0 na na
10 59345.652350273774 0.011641650653 cfg1 2 1 0 0 na na
10 59345.654350262446 0.011641544456 cfg1 2 1 0 0 na na
10 59345.659350255956 0.011641340909 cfg1 2 1 0 0 na na
10 59345.672350264155 0.011640787882 cfg1 2 1 0 0 na na
10 59345.706350258058 0.011639358841 cfg1 2 1 0 0 na na
10 59345.726350298964 0.011638530636 cfg1 2 1 0 0 na na
10 59345.730350288201 0.011638353561 cfg1 2 1 0 0 na na
10 59345.739350238546 0.011637988372 cfg1 2 1 0 0 na na
10 59345.763350297759 0.011636976376 cfg1 2 1 0 0 na na
10 59345.765350350202 0.011636884262 cfg1 2 1 0 0 na na
10 59345.772350296402 0.011636582300 cfg1 2 1 0 0 na na
10 59345.774350265700 0.011636490968 cfg1 2 1 0 0 na na
10 59345.788350263533 0.011635903504 cfg1 2 1 0 0 na na
10 59345.856350259209 0.011633042983 cfg1 2 1 0 0 na na
10 59345.866350285187 0.011632632526 cfg1 2 1 0 0 na na
10 59345.868350303585 0.011632532706 cfg1 2 1 0 0 na na
10 59345.876350355281 0.011632221115 cfg1 2 1 0 0 na na
10 59345.886350237943 0.011631803942 cfg1 2 1 0 0 na na
10 59345.900350327610 0.011631190397 cfg1 2 1 0 0 na na
10 59345.915350293570 0.011630563201 cfg1 2 1 0 0 na na
10 59345.940350246834 0.011629520341 cfg1 2 1 0 0 na na
10 59345.950350266435 0.011629100934 cfg1 2 1 0 0 na na
10 59345.967350241625 0.011628390159 cfg1 2 1 0 0 na na
10 59345.969350271483 0.011628290468 cfg1 2 1 0 0 na na
10 59345.978350295311 0.011627909087 cfg1 2 1 0 0 na na
10 59345.985350294885 0.011627627120 cfg1 2 1 0 0 na na
10 59346.002350253224 0.011626903561 cfg1 2 1 0 0 na na
10 59346.006350246771 0.011626745354 cfg1 2 1 0 0 na na
10 59346.007350247469 0.011626705299 cfg1 2 1 0 0 na na
10 59346.010350298870 0.011626565244 cfg1 2 1 0 0 na na
10 59346.015350284949 0.011626361786 cfg1 2 1 0 0 na na
10 59346.033350253440 0.011625598658 cfg1 2 1 0 0 na na
10 59346.042350285989 0.011625211875 cfg1 2 1 0 0 na na
10 59346.046350268999 0.011625063559 cfg1 2 1 0 0 na na
10 59346.060350263832 0.011624452876 cfg1 2 1 0 0 na na
10 59346.071350255277 0.011623996542 cfg1 2 1 0 0 na na
10 59346.077350255218 0.011623746925 cfg1 2 1 0 0 na na
10 59346.087350248556 0.011623333324 cfg1 2 1 0 0 na na
10 59346.091350261964 0.011623149731 cfg1 2 1 0 0 na na
10 59346.103350262711 0.011622644249 cfg1 2 1 0 0 na na
10 59346.115350260803 0.011622156158 cfg1 2 1 0 0 na na
10 59346.125350247513 0.011621734350 cfg1 2 1 0 0 na na
10 59346.163350254671 0.011620127243 cfg1 2 1 0 0 na na
10 59346.172350251576 0.011619750645 cfg1 2 1 0 0 na na
10 59346.189350258416 0.011619028600 cfg1 2 1 0 0 na na
10 59346.206350263564 0.011618308310 cfg1 2 1 0 0 na na
10 59346.216350287890 0.011617887455 cfg1 2 1 0 0 na na
10 59346.225350244608 0.011617537037 cfg1 2 1 0 0 na na
10 59346.240350250275 0.011616891596 cfg1 2 1 0 0 na na
10 59346.247350281364 0.011616596132 cfg1 2 1 0 0 na na
10 59346.250350237231 0.011616484891 cfg1 2 1 0 0 na na
10 59346.253350248959 0.011616347908 cfg1 2 1 0 0 na na
10 59346.255350265031 0.011616246771 cfg1 2 1 0 0 na na
10 59346.295350277720 0.011614568233 cfg1 2 1 0 0 na na
10 59346.298350254789 0.011614447417 cfg1 2 1 0 0 na na
10 59346.299350279665 0.011614416909 cfg1 2 1 0 0 na na
10 59346.301350265678 0.011614311130 cfg1 2 1 0 0 na na
10 59346.304350237588 0.011614209300 cfg1 2 1 0 0 na na
10 59346.308350282420 0.011614020504 cfg1 2 1 0 0 na na
10 59346.319350268116 0.011613571272 cfg1 2 1 0 0 na na
10 59346.321350250051 0.011613481893 cfg1 2 1 0 0 na na
10 59346.326350251223 0.011613276796 cfg1 2 1 0 0 na na
10 59346.329350258658 0.011613138165 cfg1 2 1 0 0 na na
10 59346.342350281896 0.011612586472 cfg1 2 1 0 0 na na
10 59346.344350257694 0.011612509314 cfg1 2 1 0 0 na na
10 59346.350350302178 0.011612255401 cfg1 2 1 0 0 na na
10 59346.363350256945 0.011611719838 cfg1 2 1 0 0 na na
10 59346.364350288331 0.011611672272 cfg1 2 1 0 0 na na
10 59346.373350264243 0.011611282575 cfg1 2 1 0 0 na na
10 59346.400350288145 0.011610147481 cfg1 2 1 0 0 na na
10 59346.420350262803 0.011609304262 cfg1 2 1 0 0 na na
10 59346.424350277081 0.011609162038 cfg1 2 1 0 0 na na
10 59346.439350259990 0.011608507065 cfg1 2 1 0 0 na na
10 59346.455350282808 0.011607836515 cfg1 2 1 0 0 na na
10 59346.460350266305 0.011607621512 cfg1 2 1 0 0 na na
10 59346.462350265832 0.011607536399 cfg1 2 1 0 0 na na
10 59346.492350267403 0.011606274546 cfg1 2 1 0 0 na na
10 59346.496350259504 0.011606112358 cfg1 2 1 0 0 na na
10 59346.498350263170 0.011606043009 cfg1 2 1 0 0 na na
10 59346.506350255627 0.011605696144 cfg1 2 1 0 0 na na
10 59346.509350317359 0.011605566554 cfg1 2 1 0 0 na na
10 59346.513350263215 0.011605414193 cfg1 2 1 0 0 na na
10 59346.515350268782 0.011605314723 cfg1 2 1 0 0 na na
10 59346.523350269079 0.011604970442 cfg1 2 1 0 0 na na
10 59346.532350276320 0.011604608769 cfg1 2 1 0 0 na na
10 59346.535350244869 0.011604487147 cfg1 2 1 0 0 na na
10 59346.537350350185 0.011604394578 cfg1 2 1 0 0 na na
10 59346.553350275127 0.011603716804 cfg1 2 1 0 0 na na
10 59346.565350265678 0.011603229173 cfg1 2 1 0 0 na na
10 59346.574350262904 0.011602829016 cfg1 2 1 0 0 na na
10 59346.580350259263 0.011602577643 cfg1 2 1 0 0 na na
10 59346.593350294292 0.011602027162 cfg1 2 1 0 0 na na
10 59346.617350308900 0.011601020750 cfg1 2 1 0 0 na na
10 59346.620350283234 0.011600896765 cfg1 2 1 0 0 na na
10 59346.704350244684 0.011597377291 cfg1 2 1 0 0 na na
10 59346.730350259286 0.011596267602 cfg1 2 1 0 0 na na
10 59346.764350325377 0.011594839263 cfg1 2 1 0 0 na na
10 59346.778350308918 0.011594259991 cfg1 2 1 0 0 na na
10 59346.779350288439 0.011594211076 cfg1 2 1 0 0 na na
10 59346.786350293936 0.011593911474 cfg1 2 1 0 0 na na
10 59346.800350293315 0.011593339078 cfg1 2 1 0 0 na na
10 59346.810350280302 0.011592921959 cfg1 2 1 0 0 na na
10 59346.859350289151 0.011590838885 cfg1 2 1 0 0 na na
10 59346.871350335212 0.011590354338 cfg1 2 1 0 0 na na
10 59346.878350309509 0.011590042955 cfg1 2 1 0 0 na na
10 59346.882350262233 0.011589874649 cfg1 2 1 0 0 na na
10 59346.884350288624 0.011589802068 cfg1 2 1 0 0 na na
10 59346.901350261063 0.011589075935 cfg1 2 1 0 0 na na
10 59346.911350294542 0.011588655192 cfg1 2 1 0 0 na na
10 59346.916350263727 0.011588443298 cfg1 2 1 0 0 na na
10 59346.932350280242 0.011587774998 cfg1 2 1 0 0 na na
10 59346.943350256024 0.011587315927 cfg1 2 1 0 0 na na
10 59346.977350255625 0.011585886241 cfg1 2 1 0 0 na na
10 59346.996350284274 0.011585084529 cfg1 2 1 0 0 na na
10 59347.014350271553 0.011584346971 cfg1 2 1 0 0 na na
10 59347.019350259631 0.011584117260 cfg1 2 1 0 0 na na
10 59347.022350243004 0.011584010257 cfg1 2 1 0 0 na na
10 59347.029350263549 0.011583693155 cfg1 2 1 0 0 na na
10 59347.033350263517 0.011583528468 cfg1 2 1 0 0 na na
10 59347.040350269826 0.011583236657 cfg1 2 1 0 0 na na
10 59347.044350276511 0.011583073089 cfg1 2 1 0 0 na na
10 59347.052350248761 0.011582743296 cfg1 2 1 0 0 na na
10 59347.067350257309 0.011582104730 cfg1 2 1 0 0 na na
10 59347.079350265392 0.011581591285 cfg1 2 1 0 0 na na
10 59347.083350262445 0.011581424604 cfg1 2 1 0 0 na na
10 59347.085350253875 0.011581348393 cfg1 2 1 0 0 na na
10 59347.087350259433 0.011581262670 cfg1 2 1 0 0 na na
10 59347.089350297000 0.011581170495 cfg1 2 1 0 0 na na
10 59347.106350315373 0.011580460392 cfg1 2 1 0 0 na na
10 59347.120350323791 0.011579875904 cfg1 2 1 0 0 na na
10 59347.139350256773 0.011579088518 cfg1 2 1 0 0 na na
10 59347.148350266654 0.011578690039 cfg1 2 1 0 0 na na
10 59347.151350264910 0.011578562152 cfg1 2 1 0 0 na na
10 59347.172350265075 0.011577681973 cfg1 2 1 0 0 na na
10 59347.175350261117 0.011577567462 cfg1 2 1 0 0 na na
10 59347.219350310420 0.011575702972 cfg1 2 1 0 0 na na
10 59347.234350311627 0.011575073397 cfg1 2 1 0 0 na na
10 59347.255350305147 0.011574195824 cfg1 2 1 0 0 na na
10 59347.268350245090 0.011573669278 cfg1 2 1 0 0 na na
10 59347.273350298690 0.011573451540 cfg1 2 1 0 0 na na
10 59347.286350276415 0.011572889938 cfg1 2 1 0 0 na na
10 59347.299350317918 0.011572346875 cfg1 2 1 0 0 na na
10 59347.315350265535 0.011571671226 cfg1 2 1 0 0 na na
10 59347.317350299695 0.011571595308 cfg1 2 1 0 0 na na
10 59347.334350258518 0.011570878316 cfg1 2 1 0 0 na na
10 59347.341350296177 0.011570601831 cfg1 2 1 0 0 na na
10 59347.346350253131 0.011570378813 cfg1 2 1 0 0 na na
10 59347.357350313441 0.011569924020 cfg1 2 1 0 0 na na
10 59347.378350262886 0.011569024114 cfg1 2 1 0 0 na na
10 59347.385350261966 0.011568733015 cfg1 2 1 0 0 na na
10 59347.394350340154 0.011568368533 cfg1 2 1 0 0 na na
10 59347.397350317473 0.011568231146 cfg1 2 1 0 0 na na
10 59347.399350315444 0.011568145497 cfg1 2 1 0 0 na na
10 59347.405350337575 0.011567884734 cfg1 2 1 0 0 na na
10 59347.409350309429 0.011567739805 cfg1 2 1 0 0 na na
10 59347.410350336537 0.011567682221 cfg1 2 1 0 0 na na
10 59347.421350299466 0.011567237159 cfg1 2 1 0 0 na na
10 59347.427350327215 0.011566972542 cfg1 2 1 0 0 na na
10 59347.434350309609 0.011566688610 cfg1 2 1 0 0 na na
10 59347.435350325088 0.011566624209 cfg1 2 1 0 0 na na
10 59347.438350338687 0.011566502994 cfg1 2 1 0 0 na na
10 59347.439350276502 0.011566483414 cfg1 2 1 0 0 na na
10 59347.440350299394 0.011566415111 cfg1 2 1 0 0 na na
10 59347.449350254221 0.011566048056 cfg1 2 1 0 0 na na
10 59347.454350342581 0.011565843152 cfg1 2 1 0 0 na na
10 59347.459350304328 0.011565628753 cfg1 2 1 0 0 na na
10 59347.469350251071 0.011565211128 cfg1 2 1 0 0 na na
10 59347.483350338101 0.011564634725 cfg1 2 1 0 0 na na
10 59347.484350321618 0.011564572558 cfg1 2 1 0 0 na na
10 59347.498350311517 0.011563979206 cfg1 2 1 0 0 na na
10 59347.505350298277 0.011563691236 cfg1 2 1 0 0 na na
10 59347.514350265379 0.011563314035 cfg1 2 1 0 0 na na
10 59347.517350338884 0.011563186285 cfg1 2 1 0 0 na na
10 59347.519350339631 0.011563106096 cfg1 2 1 0 0 na na
10 59347.523350266617 0.011562946466 cfg1 2 1 0 0 na na
10 59347.526350271663 0.011562828338 cfg1 2 1 0 0 na na
10 59347.531350323877 0.011562614862 cfg1 2 1 0 0 na na
10 59347.532350351378 0.011562565782 cfg1 2 1 0 0 na na
10 59347.533350333181 0.011562526519 cfg1 2 1 0 0 na na
10 59347.535350256119 0.011562435864 cfg1 2 1 0 0 na na
10 59347.543350330295 0.011562093821 cfg1 2 1 0 0 na na
10 59347.544350278159 0.011562063520 cfg1 2 1 0 0 na na
10 59347.552350324366 0.011561708508 cfg1 2 1 0 0 na na
10 59347.558350322091 0.011561476020 cfg1 2 1 0 0 na na
10 59347.562350341688 0.011561287230 cfg1 2 1 0 0 na na
10 59347.568350300958 0.011561047237 cfg1 2 1 0 0 na na
10 59347.570350315511 0.011560959268 cfg1 2 1 0 0 na na
10 59347.571350324316 0.011560910029 cfg1 2 1 0 0 na na
10 59347.582350287138 0.011560447224 cfg1 2 1 0 0 na na
10 59347.591350306792 0.011560073469 cfg1 2 1 0 0 na na
10 59347.597350248151 0.011559840798 cfg1 2 1 0 0 na na
10 59347.604350349273 0.011559530206 cfg1 2 1 0 0 na na
10 59347.613350322791 0.011559164909 cfg1 2 1 0 0 na na
10 59347.631350341415 0.011558395420 cfg1 2 1 0 0 na na
10 59347.634350296165 0.011558262880 cfg1 2 1 0 0 na na
10 59347.638350302423 0.011558103065 cfg1 2 1 0 0 na na
10 59347.641350307578 0.011557982202 cfg1 2 1 0 0 na na
10 59347.642350281549 0.011557935985 cfg1 2 1 0 0 na na
10 59347.651350312986 0.011557548135 cfg1 2 1 0 0 na na
10 59347.652350286087 0.011557520840 cfg1 2 1 0 0 na na
10 59347.658350289969 0.011557278553 cfg1 2 1 0 0 na na
10 59347.666350301818 0.011556930522 cfg1 2 1 0 0 na na
10 59347.667350354949 0.011556876245 cfg1 2 1 0 0 na na
10 59347.668350255713 0.011556846507 cfg1 2 1 0 0 na na
10 59347.682350297247 0.011556263857 cfg1 2 1 0 0 na na
10 59347.684350303321 0.011556172446 cfg1 2 1 0 0 na na
10 59347.693350345529 0.011555798873 cfg1 2 1 0 0 na na
10 59347.694350251816 0.011555755120 cfg1 2 1 0 0 na na
10 59347.698350334401 0.011555581057 cfg1 2 1 0 0 na na
10 59347.700350319601 0.011555494078 cfg1 2 1 0 0 na na
10 59347.706350316432 0.011555236642 cfg1 2 1 0 0 na na
10 59347.710350282303 0.011555070577 cfg1 2 1 0 0 na na
10 59347.714350249242 0.011554917736 cfg1 2 1 0 0 na na
10 59347.718350260200 0.011554741957 cfg1 2 1 0 0 na na
10 59347.727350322514 0.011554375317 cfg1 2 1 0 0 na na
10 59347.730350278420 0.011554228445 cfg1 2 1 0 0 na na
10 59347.737350306284 0.011553949314 cfg1 2 1 0 0 na na
10 59347.742350308649 0.011553744438 cfg1 2 1 0 0 na na
10 59347.745350317914 0.011553610917 cfg1 2 1 0 0 na na
10 59347.748350320486 0.011553472930 cfg1 2 1 0 0 na na
10 59347.757350306082 0.011553097674 cfg1 2 1 0 0 na na
10 59347.759350285169 0.011553023206 cfg1 2 1 0 0 na na
10 59347.765350394469 0.011552763389 cfg1 2 1 0 0 na na
10 59347.767350284526 0.011552703132 cfg1 2 1 0 0 na na
10 59347.776350321026 0.011552312955 cfg1 2 1 0 0 na na
10 59347.786350379354 0.011551886787 cfg1 2 1 0 0 na na
10 59347.801350265764 0.011551245967 cfg1 2 1 0 0 na na
10 59347.812350341307 0.011550793714 cfg1 2 1 0 0 na na
10 59347.827350362853 0.011550179426 cfg1 2 1 0 0 na na
10 59347.831350371026 0.011549989399 cfg1 2 1 0 0 na na
10 59347.832350284314 0.011549948524 cfg1 2 1 0 0 na na
10 59347.851350283844 0.011549155771 cfg1 2 1 0 0 na na
10 59347.853350261806 0.011549065239 cfg1 2 1 0 0 na na
10 59347.863350267943 0.011548669456 cfg1 2 1 0 0 na na
10 59347.871350321408 0.011548333111 cfg1 2 1 0 0 na na
10 59347.883350265409 0.011547801724 cfg1 2 1 0 0 na na
10 59347.891350342874 0.011547482152 cfg1 2 1 0 0 na na
10 59347.892350292034 0.011547428088 cfg1 2 1 0 0 na na
10 59347.896350281932 0.011547273184 cfg1 2 1 0 0 na na
10 59347.897350337072 0.011547215940 cfg1 2 1 0 0 na na
10 59347.899350334195 0.011547136475 cfg1 2 1 0 0 na na
10 59347.903350266649 0.011546964738 cfg1 2 1 0 0 na na
10 59347.905350242032 0.011546904762 cfg1 2 1 0 0 na na
10 59347.924350344576 0.011546080154 cfg1 2 1 0 0 na na
10 59347.927350297339 0.011545968788 cfg1 2 1 0 0 na na
10 59347.928350362785 0.011545918842 cfg1 2 1 0 0 na na
10 59347.929350278111 0.011545869385 cfg1 2 1 0 0 na na
10 59347.939350316757 0.011545457274 cfg1 2 1 0 0 na na
10 59347.958350301886 0.011544680454 cfg1 2 1 0 0 na na
10 59347.971350258048 0.011544113862 cfg1 2 1 0 0 na na
10 59347.983350338410 0.011543617117 cfg1 2 1 0 0 na na
10 59347.987350323621 0.011543432875 cfg1 2 1 0 0 na na
10 59347.990350258506 0.011543318240 cfg1 2 1 0 0 na na
10 59347.996350344261 0.011543062940 cfg1 2 1 0 0 na na
10 59347.997350240417 0.011543041558 cfg1 2 1 0 0 na na
10 59348.003350258785 0.011542768202 cfg1 2 1 0 0 na na
10 59348.004350338733 0.011542718496 cfg1 2 1 0 0 na na
10 59348.009350273721 0.011542530553 cfg1 2 1 0 0 na na
10 59348.018350252137 0.011542144802 cfg1 2 1 0 0 na na
10 59348.023350286497 0.011541939069 cfg1 2 1 0 0 na na
10 59348.027350360046 0.011541763635 cfg1 2 1 0 0 na na
10 59348.034350316441 0.011541466770 cfg1 2 1 0 0 na na
10 59348.044350273162 0.011541057832 cfg1 2 1 0 0 na na
10 59348.058350266321 0.011540451141 cfg1 2 1 0 0 na na
10 59348.062350334843 0.011540294619 cfg1 2 1 0 0 na na
10 59348.064350327418 0.011540224464 cfg1 2 1 0 0 na na
10 59348.072350311809 0.011539863257 cfg1 2 1 0 0 na na
10 59348.075350288276 0.011539750736 cfg1 2 1 0 0 na na
10 59348.079350306980 0.011539591184 cfg1 2 1 0 0 na na
10 59348.080350341976 0.011539540046 cfg1 2 1 0 0 na na
10 59348.082350330764 0.011539460227 cfg1 2 1 0 0 na na
10 59348.086350336409 0.011539276671 cfg1 2 1 0 0 na na
10 59348.090350299684 0.011539133725 cfg1 2 1 0 0 na na
10 59348.091350306394 0.011539067173 cfg1 2 1 0 0 na na
10 59348.128350256535 0.011537528894 cfg1 2 1 0 0 na na
10 59348.131350329528 0.011537405162 cfg1 2 1 0 0 na na
10 59348.140350303693 0.011537022967 cfg1 2 1 0 0 na na
10 59348.149350335648 0.011536648526 cfg1 2 1 0 0 na na
10 59348.151350300400 0.011536560223 cfg1 2 1 0 0 na na
10 59348.154350293258 0.011536448073 cfg1 2 1 0 0 na na
10 59348.157350295115 0.011536301895 cfg1 2 1 0 0 na na
10 59348.161350313226 0.011536130449 cfg1 2 1 0 0 na na
10 59348.186350353578 0.011535079063 cfg1 2 1 0 0 na na
10 59348.190350277105 0.011534927045 cfg1 2 1 0 0 na na
10 59348.196350299738 0.011534661117 cfg1 2 1 0 0 na na
10 59348.219350250404 0.011533706222 cfg1 2 1 0 0 na na
10 59348.229350287499 0.011533271438 cfg1 2 1 0 0 na na
10 59348.233350313567 0.011533122003 cfg1 2 1 0 0 na na
10 59348.237350279579 0.011532944721 cfg1 2 1 0 0 na na
10 59348.239350257625 0.011532859201 cfg1 2 1 0 0 na na
10 59348.250350334811 0.011532402404 cfg1 2 1 0 0 na na
10 59348.252350290889 0.011532314347 cfg1 2 1 0 0 na na
10 59348.273350320697 0.011531437843 cfg1 2 1 0 0 na na
10 59348.283350298070 0.011531014122 cfg1 2 1 0 0 na na
10 59348.305350298557 0.011530089731 cfg1 2 1 0 0 na na
10 59348.306350315843 0.011530053554 cfg1 2 1 0 0 na na
10 59348.317350261886 0.011529580003 cfg1 2 1 0 0 na na
10 59348.322350264570 0.011529367172 cfg1 2 1 0 0 na na
10 59348.325350293140 0.011529240096 cfg1 2 1 0 0 na na
10 59348.333350269611 0.011528929956 cfg1 2 1 0 0 na na
10 59348.341350285260 0.011528573382 cfg1 2 1 0 0 na na
10 59348.343350257401 0.011528489420 cfg1 2 1 0 0 na na
10 59348.348350337334 0.011528281219 cfg1 2 1 0 0 na na
10 59348.349350292303 0.011528239803 cfg1 2 1 0 0 na na
10 59348.359350312482 0.011527820562 cfg1 2 1 0 0 na na
10 59348.361350268712 0.011527740667 cfg1 2 1 0 0 na na
10 59348.363350320952 0.011527663801 cfg1 2 1 0 0 na na
10 59348.366350257938 0.011527536547 cfg1 2 1 0 0 na na
10 59348.370350289052 0.011527353351 cfg1 2 1 0 0 na na
10 59348.371350306658 0.011527323642 cfg1 2 1 0 0 na na
10 59348.374350286615 0.011527203350 cfg1 2 1 0 0 na na
10 59348.378350263217 0.011527013654 cfg1 2 1 0 0 na na
10 59348.386350244709 0.011526697261 cfg1 2 1 0 0 na na
10 59348.392350306708 0.011526426693 cfg1 2 1 0 0 na na
10 59348.396350280398 0.011526278903 cfg1 2 1 0 0 na na
10 59348.401350328053 0.011526067449 cfg1 2 1 0 0 na na
10 59348.402350318643 0.011526009063 cfg1 2 1 0 0 na na
10 59348.403350268996 0.011525972659 cfg1 2 1 0 0 na na
10 59348.408350308477 0.011525769802 cfg1 2 1 0 0 na na
10 59348.417350274505 0.011525393093 cfg1 2 1 0 0 na na
10 59348.422350263640 0.011525189067 cfg1 2 1 0 0 na na
10 59348.430350360129 0.011524840573 cfg1 2 1 0 0 na na
10 59348.437350251053 0.011524560347 cfg1 2 1 0 0 na na
10 59348.446350340929 0.011524185650 cfg1 2 1 0 0 na na
10 59348.447350381507 0.011524135727 cfg1 2 1 0 0 na na
10 59348.452350246301 0.011523933371 cfg1 2 1 0 0 na na
10 59348.455350315677 0.011523785993 cfg1 2 1 0 0 na na
10 59348.456350301403 0.011523746314 cfg1 2 1 0 0 na na
10 59348.457350276797 0.011523710197 cfg1 2 1 0 0 na na
10 59348.462350250118 0.011523501821 cfg1 2 1 0 0 na na
10 59348.464350312014 0.011523410557 cfg1 2 1 0 0 na na
10 59348.465350328491 0.011523384916 cfg1 2 1 0 0 na na
10 59348.484350285872 0.011522572130 cfg1 2 1 0 0 na na
10 59348.489350273786 0.011522374901 cfg1 2 1 0 0 na na
10 59348.510350262149 0.011521474793 cfg1 2 1 0 0 na na
10 59348.512350280031 0.011521393678 cfg1 2 1 0 0 na na
10 59348.513350323471 0.011521357999 cfg1 2 1 0 0 na na
10 59348.517350286196 0.011521195966 cfg1 2 1 0 0 na na
10 59348.518350302482 0.011521160397 cfg1 2 1 0 0 na na
10 59348.524350313206 0.011520899651 cfg1 2 1 0 0 na na
10 59348.543350289886 0.011520096331 cfg1 2 1 0 0 na na
10 59348.559350309625 0.011519433687 cfg1 2 1 0 0 na na
10 59348.590350333637 0.011518118636 cfg1 2 1 0 0 na na
10 59348.610350275169 0.011517278695 cfg1 2 1 0 0 na na
10 59348.613350329656 0.011517173518 cfg1 2 1 0 0 na na
10 59348.617350304456 0.011516984152 cfg1 2 1 0 0 na na
10 59348.623350248354 0.011516743427 cfg1 2 1 0 0 na na
10 59348.624350310427 0.011516693963 cfg1 2 1 0 0 na na
10 59348.625350274076 0.011516672366 cfg1 2 1 0 0 na na
10 59348.638350321720 0.011516125834 cfg1 2 1 0 0 na na
10 59348.640350252928 0.011516028980 cfg1 2 1 0 0 na na
10 59348.644350285963 0.011515848677 cfg1 2 1 0 0 na na
10 59348.654350347570 0.011515431575 cfg1 2 1 0 0 na na
10 59348.660350252425 0.011515189543 cfg1 2 1 0 0 na na
10 59348.671350256434 0.011514725502 cfg1 2 1 0 0 na na
10 59348.689350311784 0.011513969891 cfg1 2 1 0 0 na na
10 59348.693350308113 0.011513806857 cfg1 2 1 0 0 na na
10 59348.701350260792 0.011513461198 cfg1 2 1 0 0 na na
10 59348.708350301947 0.011513190971 cfg1 2 1 0 0 na na
10 59348.709350266844 0.011513122959 cfg1 2 1 0 0 na na
10 59348.723350297277 0.011512544777 cfg1 2 1 0 0 na na
10 59348.729350262131 0.011512301963 cfg1 2 1 0 0 na na
10 59348.735350247583 0.011512044327 cfg1 2 1 0 0 na na
10 59348.745350319063 0.011511625820 cfg1 2 1 0 0 na na
10 59348.752350271585 0.011511340912 cfg1 2 1 0 0 na na
10 59348.761350317745 0.011510950827 cfg1 2 1 0 0 na na
10 59348.762350241649 0.011510920309 cfg1 2 1 0 0 na na
10 59348.779350285510 0.011510185587 cfg1 2 1 0 0 na na
10 59348.787350262910 0.011509848895 cfg1 2 1 0 0 na na
10 59348.790350276165 0.011509722652 cfg1 2 1 0 0 na na
10 59348.791350282318 0.011509683862 cfg1 2 1 0 0 na na
10 59348.798350263135 0.011509388781 cfg1 2 1 0 0 na na
10 59348.817350288217 0.011508597646 cfg1 2 1 0 0 na na
10 59348.823350302504 0.011508350151 cfg1 2 1 0 0 na na
10 59348.833350293757 0.011507917177 cfg1 2 1 0 0 na na
10 59348.846350295764 0.011507396700 cfg1 2 1 0 0 na na
10 59348.848350306723 0.011507291900 cfg1 2 1 0 0 na na
10 59348.851350337096 0.011507189779 cfg1 2 1 0 0 na na
10 59348.885350345369 0.011505750408 cfg1 2 1 0 0 na na
10 59348.886350285769 0.011505707108 cfg1 2 1 0 0 na na
10 59348.888350302474 0.011505618705 cfg1 2 1 0 0 na na
10 59348.895350247443 0.011505329396 cfg1 2 1 0 0 na na
10 59348.910350285957 0.011504698261 cfg1 2 1 0 0 na na
10 59348.913350334617 0.011504586205 cfg1 2 1 0 0 na na
10 59348.915350264782 0.011504493325 cfg1 2 1 0 0 na na
10 59348.947350281482 0.011503139988 cfg1 2 1 0 0 na na
10 59348.950350312172 0.011503013150 cfg1 2 1 0 0 na na
10 59348.955350307466 0.011502805732 cfg1 2 1 0 0 na na
10 59348.956350337783 0.011502773394 cfg1 2 1 0 0 na na
10 59348.959350273132 0.011502631033 cfg1 2 1 0 0 na na
10 59348.963350251823 0.011502475063 cfg1 2 1 0 0 na na
10 59348.964350272480 0.011502441694 cfg1 2 1 0 0 na na
10 59348.966350291872 0.011502362760 cfg1 2 1 0 0 na na
10 59348.970350297067 0.011502175147 cfg1 2 1 0 0 na na
10 59348.972350246150 0.011502100680 cfg1 2 1 0 0 na na
10 59348.973350353674 0.011502070569 cfg1 2 1 0 0 na na
10 59348.978350331174 0.011501855427 cfg1 2 1 0 0 na na
10 59348.984350253627 0.011501593182 cfg1 2 1 0 0 na na
10 59349.003350262051 0.011500784802 cfg1 2 1 0 0 na na
10 59349.006350277541 0.011500656822 cfg1 2 1 0 0 na na
10 59349.009350246535 0.011500550339 cfg1 2 1 0 0 na na
10 59349.016350315952 0.011500259174 cfg1 2 1 0 0 na na
10 59349.018350339045 0.011500157941 cfg1 2 1 0 0 na na
10 59349.021350345006 0.011500043767 cfg1 2 1 0 0 na na
10 59349.022350279682 0.011500005492 cfg1 2 1 0 0 na na
10 59349.026350240515 0.011499841389 cfg1 2 1 0 0 na na
10 59349.038350314153 0.011499336385 cfg1 2 1 0 0 na na
10 59349.039350316535 0.011499297649 cfg1 2 1 0 0 na na
10 59349.047350302159 0.011498954898 cfg1 2 1 0 0 na na
10 59349.053350272536 0.011498687647 cfg1 2 1 0 0 na na
10 59349.054350295926 0.011498661296 cfg1 2 1 0 0 na na
10 59349.087350290361 0.011497271416 cfg1 2 1 0 0 na na
10 59349.088350282983 0.011497242124 cfg1 2 1 0 0 na na
10 59349.091350346030 0.011497111046 cfg1 2 1 0 0 na na
10 59349.094350261497 0.011496965458 cfg1 2 1 0 0 na na
10 59349.105350307254 0.011496513754 cfg1 2 1 0 0 na na
10 59349.114350308650 0.011496140172 cfg1 2 1 0 0 na na
10 59349.124350253776 0.011495718160 cfg1 2 1 0 0 na na
10 59349.130350332514 0.011495475539 cfg1 2 1 0 0 na na
10 59349.133350245901 0.011495346221 cfg1 2 1 0 0 na na
10 59349.140350270639 0.011495055081 cfg1 2 1 0 0 na na
10 59349.144350307868 0.011494894946 cfg1 2 1 0 0 na na
10 59349.151350285867 0.011494575431 cfg1 2 1 0 0 na na
10 59349.155350261998 0.011494417817 cfg1 2 1 0 0 na na
10 59349.160350282463 0.011494215658 cfg1 2 1 0 0 na na
10 59349.177350289820 0.011493493190 cfg1 2 1 0 0 na na
10 59349.182350262533 0.011493274930 cfg1 2 1 0 0 na na
10 59349.184350315178 0.011493213940 cfg1 2 1 0 0 na na
10 59349.189350325075 0.011492991992 cfg1 2 1 0 0 na na
10 59349.191350305998 0.011492922262 cfg1 2 1 0 0 na na
10 59349.192350344793 0.011492861960 cfg1 2 1 0 0 na na
10 59349.202350278062 0.011492438473 cfg1 2 1 0 0 na na
10 59349.204350287909 0.011492364541 cfg1 2 1 0 0 na na
10 59349.205350320259 0.011492321044 cfg1 2 1 0 0 na na
10 59349.216350281083 0.011491861634 cfg1 2 1 0 0 na na
10 59349.220350249519 0.011491695259 cfg1 2 1 0 0 na na
10 59349.225350276348 0.011491477325 cfg1 2 1 0 0 na na
10 59349.227350270875 0.011491406174 cfg1 2 1 0 0 na na
10 59349.238350266373 0.011490949508 cfg1 2 1 0 0 na na
10 59349.242350294755 0.011490769103 cfg1 2 1 0 0 na na
10 59349.261350320082 0.011489978598 cfg1 2 1 0 0 na na
10 59349.266350257681 0.011489754040 cfg1 2 1 0 0 na na
10 59349.287350285803 0.011488870097 cfg1 2 1 0 0 na na
10 59349.291350271189 0.011488710816 cfg1 2 1 0 0 na na
10 59349.314350319075 0.011487747905 cfg1 2 1 0 0 na na
10 59349.336350345900 0.011486839405 cfg1 2 1 0 0 na na
10 59349.337350331541 0.011486773041 cfg1 2 1 0 0 na na
10 59349.338350282691 0.011486740614 cfg1 2 1 0 0 na na
10 59349.341350332781 0.011486616724 cfg1 2 1 0 0 na na
10 59349.364350297110 0.011485660195 cfg1 2 1 0 0 na na
10 59349.381350335820 0.011484927796 cfg1 2 1 0 0 na na
10 59349.392350310280 0.011484488545 cfg1 2 1 0 0 na na
10 59349.409350272104 0.011483759224 cfg1 2 1 0 0 na na
10 59349.414350288429 0.011483546526 cfg1 2 1 0 0 na na
10 59349.420350330103 0.011483307007 cfg1 2 1 0 0 na na
10 59349.438350252103 0.011482550167 cfg1 2 1 0 0 na na
10 59349.441350301886 0.011482421629 cfg1 2 1 0 0 na na
10 59349.444350285810 0.011482297412 cfg1 2 1 0 0 na na
10 59349.450350259856 0.011482037210 cfg1 2 1 0 0 na na
10 59349.456350277445 0.011481785817 cfg1 2 1 0 0 na na
10 59349.469350323703 0.011481239405 cfg1 2 1 0 0 na na
10 59349.474350296241 0.011481047801 cfg1 2 1 0 0 na na
10 59349.475350306546 0.011480999243 cfg1 2 1 0 0 na na
10 59349.485350256769 0.011480570072 cfg1 2 1 0 0 na na
10 59349.487350264351 0.011480482569 cfg1 2 1 0 0 na na
10 59349.495350276869 0.011480151670 cfg1 2 1 0 0 na na
10 59349.506350257207 0.011479689711 cfg1 2 1 0 0 na na
10 59349.512350312559 0.011479461182 cfg1 2 1 0 0 na na
10 59349.525350263534 0.011478894506 cfg1 2 1 0 0 na na
10 59349.534350243982 0.011478527979 cfg1 2 1 0 0 na na
10 59349.542350294864 0.011478180613 cfg1 2 1 0 0 na na
10 59349.549350264372 0.011477882520 cfg1 2 1 0 0 na na
10 59349.561350355074 0.011477402435 cfg1 2 1 0 0 na na
10 59349.562350297189 0.011477349590 cfg1 2 1 0 0 na na
10 59349.563350305898 0.011477298523 cfg1 2 1 0 0 na na
10 59349.569350305189 0.011477061422 cfg1 2 1 0 0 na na
10 59349.578350292272 0.011476675693 cfg1 2 1 0 0 na na
10 59349.581350286958 0.011476566066 cfg1 2 1 0 0 na na
10 59349.592350285885 0.011476090145 cfg1 2 1 0 0 na na
10 59349.595350264920 0.011475952067 cfg1 2 1 0 0 na na
10 59349.598350265232 0.011475854459 cfg1 2 1 0 0 na na
10 59349.601350286217 0.011475717254 cfg1 2 1 0 0 na na
10 59349.603350295658 0.011475623248 cfg1 2 1 0 0 na na
10 59349.606350330008 0.011475494213 cfg1 2 1 0 0 na na
10 59349.608350258781 0.011475413163 cfg1 2 1 0 0 na na
10 59349.616350313696 0.011475076664 cfg1 2 1 0 0 na na
10 59349.628350322168 0.011474597049 cfg1 2 1 0 0 na na
10 59349.637350273619 0.011474213681 cfg1 2 1 0 0 na na
10 59349.641350274533 0.011474046777 cfg1 2 1 0 0 na na
10 59349.642350276853 0.011474005972 cfg1 2 1 0 0 na na
10 59349.648350317273 0.011473754563 cfg1 2 1 0 0 na na
10 59349.649350272154 0.011473701946 cfg1 2 1 0 0 na na
10 59349.650350254353 0.011473657461 cfg1 2 1 0 0 na na
10 59349.654350291244 0.011473497258 cfg1 2 1 0 0 na na
10 59349.655350310084 0.011473446925 cfg1 2 1 0 0 na na
10 59349.657350339573 0.011473354610 cfg1 2 1 0 0 na na
10 59349.664350281910 0.011473079956 cfg1 2 1 0 0 na na
10 59349.672350349595 0.011472746617 cfg1 2 1 0 0 na na
10 59349.673350250143 0.011472696862 cfg1 2 1 0 0 na na
10 59349.706350320329 0.011471304070 cfg1 2 1 0 0 na na
10 59349.708350287270 0.011471218007 cfg1 2 1 0 0 na na
10 59349.743350326081 0.011469749823 cfg1 2 1 0 0 na na
10 59349.778350284304 0.011468307514 cfg1 2 1 0 0 na na
10 59349.793350294905 0.011467673537 cfg1 2 1 0 0 na na
10 59349.799350277880 0.011467404636 cfg1 2 1 0 0 na na
10 59349.823350331625 0.011466414889 cfg1 2 1 0 0 na na
10 59349.826350289604 0.011466281418 cfg1 2 1 0 0 na na
10 59349.845350333494 0.011465471223 cfg1 2 1 0 0 na na
10 59349.861350337806 0.011464821587 cfg1 2 1 0 0 na na
10 59349.956350274412 0.011460819721 cfg1 2 1 0 0 na na
10 59350.008350283265 0.011458652927 cfg1 2 1 0 0 na na
10 59350.015350308208 0.011458348319 cfg1 2 1 0 0 na na
10 59350.021350302249 0.011458094553 cfg1 2 1 0 0 na na
10 59350.050350250356 0.011456897603 cfg1 2 1 0 0 na na
10 59350.059350326637 0.011456513199 cfg1 2 1 0 0 na na
10 59350.092350317020 0.011455133853 cfg1 2 1 0 0 na na
10 59350.096350255374 0.011454961401 cfg1 2 1 0 0 na na
10 59350.114350304475 0.011454199046 cfg1 2 1 0 0 na na
10 59350.117350275901 0.011454072998 cfg1 2 1 0 0 na na
10 59350.121350345546 0.011453911910 cfg1 2 1 0 0 na na
10 59350.162350298936 0.011452187462 cfg1 2 1 0 0 na na
10 59350.173350307687 0.011451743814 cfg1 2 1 0 0 na na
10 59350.177350349707 0.011451557230 cfg1 2 1 0 0 na na
10 59350.192350307456 0.011450948498 cfg1 2 1 0 0 na na
10 59350.223350320304 0.011449646468 cfg1 2 1 0 0 na na
10 59350.249350307652 0.011448561271 cfg1 2 1 0 0 na na
10 59350.256350277909 0.011448251461 cfg1 2 1 0 0 na na
10 59350.291350314015 0.011446790174 cfg1 2 1 0 0 na na
10 59350.301350278849 0.011446389063 cfg1 2 1 0 0 na na
10 59350.323350302407 0.011445449091 cfg1 2 1 0 0 na na
10 59350.328350310929 0.011445256024 cfg1 2 1 0 0 na na
10 59350.339350295905 0.011444794498 cfg1 2 1 0 0 na na
10 59350.351350311594 0.011444294534 cfg1 2 1 0 0 na na
10 59350.370350337306 0.011443493109 cfg1 2 1 0 0 na na
10 59350.421350348646 0.011441354338 cfg1 2 1 0 0 na na
10 59350.427350277420 0.011441107317 cfg1 2 1 0 0 na na
10 59350.438350251323 0.011440640758 cfg1 2 1 0 0 na na
10 59350.449350272978 0.011440167909 cfg1 2 1 0 0 na na
10 59350.454350261150 0.011439960736 cfg1 2 1 0 0 na na
10 59350.469350298116 0.011439351731 cfg1 2 1 0 0 na na
10 59350.491350280350 0.011438405377 cfg1 2 1 0 0 na na
10 59350.492350322811 0.011438384263 cfg1 2 1 0 0 na na
10 59350.527350284062 0.011436920329 cfg1 2 1 0 0 na na
10 59350.586350276989 0.011434429638 cfg1 2 1 0 0 na na
10 59350.601350302846 0.011433796273 cfg1 2 1 0 0 na na
10 59350.618350295036 0.011433111576 cfg1 2 1 0 0 na na
10 59350.620350290296 0.011433013122 cfg1 2 1 0 0 na na
10 59350.630350266396 0.011432580579 cfg1 2 1 0 0 na na
10 59350.641350330459 0.011432139338 cfg1 2 1 0 0 na na
10 59350.648350266333 0.011431850683 cfg1 2 1 0 0 na na
10 59350.653350311628 0.011431621668 cfg1 2 1 0 0 na na
10 59350.655350261880 0.011431540493 cfg1 2 1 0 0 na na
10 59350.663350266522 0.011431217835 cfg1 2 1 0 0 na na
10 59350.664350258386 0.011431163510 cfg1 2 1 0 0 na na
10 59350.667350253412 0.011431043480 cfg1 2 1 0 0 na na
10 59350.675350328290 0.011430712699 cfg1 2 1 0 0 na na
10 59350.682350328009 0.011430408606 cfg1 2 1 0 0 na na
10 59350.740350266526 0.011427982150 cfg1 2 1 0 0 na na
10 59350.747350266415 0.011427680502 cfg1 2 1 0 0 na na
10 59350.754350295020 0.011427413220 cfg1 2 1 0 0 na na
10 59350.767350320187 0.011426855130 cfg1 2 1 0 0 na na
10 59350.778350329241 0.011426396653 cfg1 2 1 0 0 na na
10 59350.779350290263 0.011426341339 cfg1 2 1 0 0 na na
10 59350.784350289737 0.011426149149 cfg1 2 1 0 0 na na
10 59350.793350265410 0.011425756494 cfg1 2 1 0 0 na na
10 59350.804350281702 0.011425302169 cfg1 2 1 0 0 na na
10 59350.812350317475 0.011424965419 cfg1 2 1 0 0 na na
10 59350.823350302091 0.011424509265 cfg1 2 1 0 0 na na
10 59350.838350252814 0.011423895691 cfg1 2 1 0 0 na na
10 59350.874350312777 0.011422365172 cfg1 2 1 0 0 na na
10 59350.924350259724 0.011420287653 cfg1 2 1 0 0 na na
10 59350.933350312443 0.011419899543 cfg1 2 1 0 0 na na
10 59350.948350308564 0.011419284310 cfg1 2 1 0 0 na na
10 59350.953350316562 0.011419071919 cfg1 2 1 0 0 na na
10 59350.980350321900 0.011417943387 cfg1 2 1 0 0 na na
10 59350.982350317052 0.011417849981 cfg1 2 1 0 0 na na
10 59351.008350303441 0.011416763247 cfg1 2 1 0 0 na na
10 59351.038350246882 0.011415515256 cfg1 2 1 0 0 na na
10 59351.053350305187 0.011414873672 cfg1 2 1 0 0 na na
10 59351.054350318482 0.011414850926 cfg1 2 1 0 0 na na
10 59351.057350262240 0.011414706011 cfg1 2 1 0 0 na na
10 59351.060350271893 0.011414602034 cfg1 2 1 0 0 na na
10 59351.061350336956 0.011414545485 cfg1 2 1 0 0 na na
10 59351.082350294047 0.011413654449 cfg1 2 1 0 0 na na
10 59351.083350310609 0.011413635493 cfg1 2 1 0 0 na na
10 59351.095350287715 0.011413113527 cfg1 2 1 0 0 na na
10 59351.120350344268 0.011412080064 cfg1 2 1 0 0 na na
10 59351.136350343281 0.011411410587 cfg1 2 1 0 0 na na
10 59351.139350327638 0.011411267362 cfg1 2 1 0 0 na na
10 59351.146350309405 0.011410994449 cfg1 2 1 0 0 na na
10 59351.157350324581 0.011410515810 cfg1 2 1 0 0 na na
10 59351.163350327521 0.011410288870 cfg1 2 1 0 0 na na
10 59351.183350277096 0.011409429728 cfg1 2 1 0 0 na na
10 59351.184350330893 0.011409392503 cfg1 2 1 0 0 na na
10 59351.195350309375 0.011408935192 cfg1 2 1 0 0 na na
10 59351.197350284905 0.011408849320 cfg1 2 1 0 0 na na
10 59351.234350258667 0.011407298074 cfg1 2 1 0 0 na na
10 59351.264350311273 0.011406041058 cfg1 2 1 0 0 na na
10 59351.274350312966 0.011405617673 cfg1 2 1 0 0 na na
10 59351.287350304533 0.011405099657 cfg1 2 1 0 0 na na
10 59351.303350319978 0.011404419063 cfg1 2 1 0 0 na na
10 59351.307350340338 0.011404265099 cfg1 2 1 0 0 na na
10 59351.314350282422 0.011403953749 cfg1 2 1 0 0 na na
10 59351.331350284586 0.011403245987 cfg1 2 1 0 0 na na
10 59351.335350264452 0.011403067393 cfg1 2 1 0 0 na na
10 59351.364350308890 0.011401875331 cfg1 2 1 0 0 na na
10 59351.387350319498 0.011400909146 cfg1 2 1 0 0 na na
10 59351.400350254427 0.011400357350 cfg1 2 1 0 0 na na
10 59351.403350331622 0.011400219191 cfg1 2 1 0 0 na na
10 59351.450350329662 0.011398274003 cfg1 2 1 0 0 na na
10 59351.455350258078 0.011398048851 cfg1 2 1 0 0 na na
10 59351.456350309689 0.011398005593 cfg1 2 1 0 0 na na
10 59351.457350321900 0.011397984868 cfg1 2 1 0 0 na na
10 59351.477350324107 0.011397143460 cfg1 2 1 0 0 na na
10 59351.493350240873 0.011396475947 cfg1 2 1 0 0 na na
10 59351.507350309806 0.011395874148 cfg1 2 1 0 0 na na
10 59351.523350309191 0.011395225650 cfg1 2 1 0 0 na na
10 59351.535350333633 0.011394714048 cfg1 2 1 0 0 na na
10 59351.559350342451 0.011393715696 cfg1 2 1 0 0 na na
10 59351.561350281303 0.011393634763 cfg1 2 1 0 0 na na
10 59351.569350247776 0.011393289296 cfg1 2 1 0 0 na na
10 59351.598350300510 0.011392065828 cfg1 2 1 0 0 na na
10 59351.628350326190 0.011390813247 cfg1 2 1 0 0 na na
10 59351.654350331756 0.011389739717 cfg1 2 1 0 0 na na
10 59351.690350260978 0.011388215736 cfg1 2 1 0 0 na na
10 59351.692350281680 0.011388134772 cfg1 2 1 0 0 na na
10 59351.694350346079 0.011388059045 cfg1 2 1 0 0 na na
10 59351.699350357119 0.011387859099 cfg1 2 1 0 0 na na
10 59351.702350256686 0.011387715270 cfg1 2 1 0 0 na na
10 59351.739350325274 0.011386177064 cfg1 2 1 0 0 na na
10 59351.741350354911 0.011386083213 cfg1 2 1 0 0 na na
10 59351.784350337780 0.011384289797 cfg1 2 1 0 0 na na
10 59351.801350275572 0.011383574018 cfg1 2 1 0 0 na na
10 59351.850350271481 0.011381536292 cfg1 2 1 0 0 na na
10 59351.853350297186 0.011381421077 cfg1 2 1 0 0 na na
10 59351.856350281601 0.011381278623 cfg1 2 1 0 0 na na
10 59351.866350271131 0.011380861044 cfg1 2 1 0 0 na na
10 59351.913350333086 0.011378904552 cfg1 2 1 0 0 na na
10 59351.916350276522 0.011378779875 cfg1 2 1 0 0 na na
10 59351.917350333267 0.011378731063 cfg1 2 1 0 0 na na
10 59351.952350278249 0.011377252415 cfg1 2 1 0 0 na na
10 59351.954350313925 0.011377185263 cfg1 2 1 0 0 na na
10 59351.963350273452 0.011376815709 cfg1 2 1 0 0 na na
10 59351.964350331140 0.011376752122 cfg1 2 1 0 0 na na
10 59351.965350289899 0.011376721026 cfg1 2 1 0 0 na na
10 59351.995350314555 0.011375462465 cfg1 2 1 0 0 na na
10 59352.009350265247 0.011374884215 cfg1 2 1 0 0 na na
10 59352.012350344618 0.011374766875 cfg1 2 1 0 0 na na
10 59352.025350262139 0.011374199926 cfg1 2 1 0 0 na na
10 59352.059350333536 0.011372799062 cfg1 2 1 0 0 na na
10 59352.063350258725 0.011372613306 cfg1 2 1 0 0 na na
10 59352.076350326645 0.011372069288 cfg1 2 1 0 0 na na
10 59352.097350332874 0.011371187484 cfg1 2 1 0 0 na na
10 59352.108350338248 0.011370728377 cfg1 2 1 0 0 na na
10 59352.118350311765 0.011370316826 cfg1 2 1 0 0 na na
10 59352.124350343712 0.011370068165 cfg1 2 1 0 0 na na
10 59352.187350251544 0.011367435399 cfg1 2 1 0 0 na na
10 59352.188350347821 0.011367399828 cfg1 2 1 0 0 na na
10 59352.194350301990 0.011367150851 cfg1 2 1 0 0 na na
10 59352.196350330032 0.011367055461 cfg1 2 1 0 0 na na
10 59352.214350313175 0.011366315935 cfg1 2 1 0 0 na na
10 59352.218350307600 0.011366138868 cfg1 2 1 0 0 na na
10 59352.225350302931 0.011365835603 cfg1 2 1 0 0 na na
10 59352.231350284353 0.011365588394 cfg1 2 1 0 0 na na
10 59352.248350322582 0.011364890255 cfg1 2 1 0 0 na na
10 59352.265350256822 0.011364169971 cfg1 2 1 0 0 na na
10 59352.267350310876 0.011364084131 cfg1 2 1 0 0 na na
10 59352.326350297783 0.011361632988 cfg1 2 1 0 0 na na
10 59352.338350278396 0.011361130477 cfg1 2 1 0 0 na na
10 59352.342350291285 0.011360956633 cfg1 2 1 0 0 na na
10 59352.354350306278 0.011360458580 cfg1 2 1 0 0 na na
10 59352.370350291147 0.011359795400 cfg1 2 1 0 0 na na
10 59352.403350262388 0.011358394456 cfg1 2 1 0 0 na na
10 59352.427350323024 0.011357405714 cfg1 2 1 0 0 na na
10 59352.429350355473 0.011357328478 cfg1 2 1 0 0 na na
10 59352.434350293859 0.011357105473 cfg1 2 1 0 0 na na
10 59352.447350291688 0.011356562564 cfg1 2 1 0 0 na na
10 59352.461350328476 0.011355998333 cfg1 2 1 0 0 na na
10 59352.462350333253 0.011355934024 cfg1 2 1 0 0 na na
10 59352.466350285452 0.011355782504 cfg1 2 1 0 0 na na
10 59352.494350296757 0.011354593971 cfg1 2 1 0 0 na na
10 59352.502350348991 0.011354278628 cfg1 2 1 0 0 na na
10 59352.541350321238 0.011352646526 cfg1 2 1 0 0 na na
10 59352.556350331338 0.011352011802 cfg1 2 1 0 0 na na
10 59352.571350340523 0.011351373328 cfg1 2 1 0 0 na na
10 59352.575350305260 0.011351210796 cfg1 2 1 0 0 na na
10 59352.576350288533 0.011351178438 cfg1 2 1 0 0 na na
10 59352.579350342148 0.011351052855 cfg1 2 1 0 0 na na
10 59352.622350309038 0.011349243350 cfg1 2 1 0 0 na na
10 59352.632350302644 0.011348832876 cfg1 2 1 0 0 na na
10 59352.638350243654 0.011348593353 cfg1 2 1 0 0 na na
10 59352.662350316457 0.011347576487 cfg1 2 1 0 0 na na
10 59352.664350281380 0.011347490800 cfg1 2 1 0 0 na na
10 59352.665350329086 0.011347463454 cfg1 2 1 0 0 na na
10 59352.672350303054 0.011347170089 cfg1 2 1 0 0 na na
10 59352.673350272997 0.011347116335 cfg1 2 1 0 0 na na
10 59352.688350235835 0.011346511083 cfg1 2 1 0 0 na na
10 59352.706350320571 0.011345731629 cfg1 2 1 0 0 na na
10 59352.749350317518 0.011343947598 cfg1 2 1 0 0 na na
10 59352.758350329450 0.011343587679 cfg1 2 1 0 0 na na
10 59352.770350288522 0.011343085231 cfg1 2 1 0 0 na na
10 59352.774350299505 0.011342892734 cfg1 2 1 0 0 na na
10 59352.777350280348 0.011342786549 cfg1 2 1 0 0 na na
10 59352.781350238699 0.011342623200 cfg1 2 1 0 0 na na
10 59352.790350346748 0.011342228815 cfg1 2 1 0 0 na na
10 59352.820350363466 0.011340979768 cfg1 2 1 0 0 na na
10 59352.852350327601 0.011339655245 cfg1 2 1 0 0 na na
10 59352.854350321761 0.011339555024 cfg1 2 1 0 0 na na
10 59352.973350327782 0.011334589306 cfg1 2 1 0 0 na na
10 59352.975350347816 0.011334502953 cfg1 2 1 0 0 na na
10 59352.977350364167 0.011334409294 cfg1 2 1 0 0 na na
10 59352.988350301040 0.011333970805 cfg1 2 1 0 0 na na
10 59352.998350304019 0.011333553031 cfg1 2 1 0 0 na na
10 59353.023350297907 0.011332496003 cfg1 2 1 0 0 na na
10 59353.087350296571 0.011329831753 cfg1 2 1 0 0 na na
10 59353.096350322825 0.011329457498 cfg1 2 1 0 0 na na
10 59353.098350287608 0.011329381092 cfg1 2 1 0 0 na na
10 59353.118350310008 0.011328547981 cfg1 2 1 0 0 na na
10 59353.138350312902 0.011327708556 cfg1 2 1 0 0 na na
10 59353.148350265107 0.011327284413 cfg1 2 1 0 0 na na
10 59353.193350269100 0.011325402969 cfg1 2 1 0 0 na na
10 59353.207350323572 0.011324809602 cfg1 2 1 0 0 na na
10 59353.220350261143 0.011324260751 cfg1 2 1 0 0 na na
10 59353.224350285720 0.011324092153 cfg1 2 1 0 0 na na
10 59353.225350275380 0.011324050660 cfg1 2 1 0 0 na na
10 59353.235350312746 0.011323637069 cfg1 2 1 0 0 na na
10 59353.242350274536 0.011323363950 cfg1 2 1 0 0 na na
10 59353.251350291010 0.011322977558 cfg1 2 1 0 0 na na
10 59353.277350249534 0.011321892368 cfg1 2 1 0 0 na na
10 59353.281350347651 0.011321721212 cfg1 2 1 0 0 na na
10 59353.291350293192 0.011321315651 cfg1 2 1 0 0 na na
10 59353.299350276556 0.011320976582 cfg1 2 1 0 0 na na
10 59353.368350340425 0.011318082341 cfg1 2 1 0 0 na na
10 59353.373350294237 0.011317896066 cfg1 2 1 0 0 na na
10 59353.388350243543 0.011317263461 cfg1 2 1 0 0 na na
10 59353.397350319853 0.011316873406 cfg1 2 1 0 0 na na
10 59353.410350260268 0.011316331588 cfg1 2 1 0 0 na na
10 59353.444350274450 0.011314905582 cfg1 2 1 0 0 na na
10 59353.451350274887 0.011314613141 cfg1 2 1 0 0 na na
10 59353.466350276639 0.011314009538 cfg1 2 1 0 0 na na
10 59353.492350306324 0.011312919909 cfg1 2 1 0 0 na na
10 59353.513350355344 0.011312029014 cfg1 2 1 0 0 na na
10 59353.536350304657 0.011311080839 cfg1 2 1 0 0 na na
10 59353.542350301006 0.011310819983 cfg1 2 1 0 0 na na
10 59353.579350327085 0.011309298219 cfg1 2 1 0 0 na na
10 59353.597350285496 0.011308527852 cfg1 2 1 0 0 na na
10 59353.612350370565 0.011307914294 cfg1 2 1 0 0 na na
10 59353.653350350631 0.011306204832 cfg1 2 1 0 0 na na
10 59353.655350255843 0.011306106214 cfg1 2 1 0 0 na na
10 59353.657350313848 0.011306042213 cfg1 2 1 0 0 na na
10 59353.670350371186 0.011305491854 cfg1 2 1 0 0 na na
10 59353.673350283198 0.011305359281 cfg1 2 1 0 0 na na
10 59353.675350257215 0.011305269664 cfg1 2 1 0 0 na na
10 59353.684350252006 0.011304911756 cfg1 2 1 0 0 na na
10 59353.690350380921 0.011304655165 cfg1 2 1 0 0 na na
10 59353.727350311790 0.011303101521 cfg1 2 1 0 0 na na
10 59353.733350286266 0.011302846949 cfg1 2 1 0 0 na na
10 59353.735350339153 0.011302767214 cfg1 2 1 0 0 na na
10 59353.741350335726 0.011302528969 cfg1 2 1 0 0 na na
10 59353.764350254528 0.011301557226 cfg1 2 1 0 0 na na
10 59353.795350297797 0.011300264893 cfg1 2 1 0 0 na na
10 59353.835350315307 0.011298612103 cfg1 2 1 0 0 na na
10 59353.846350296932 0.011298154461 cfg1 2 1 0 0 na na
10 59353.869350317509 0.011297171950 cfg1 2 1 0 0 na na
10 59353.881350302561 0.011296688743 cfg1 2 1 0 0 na na
10 59353.915350315662 0.011295268143 cfg1 2 1 0 0 na na
10 59353.926350354771 0.011294786718 cfg1 2 1 0 0 na na
10 59353.928350339613 0.011294716678 cfg1 2 1 0 0 na na
10 59353.929350293267 0.011294688187 cfg1 2 1 0 0 na na
10 59353.937350255521 0.011294336433 cfg1 2 1 0 0 na na
10 59353.941350336696 0.011294180640 cfg1 2 1 0 0 na na
10 59353.949350260803 0.011293831105 cfg1 2 1 0 0 na na
10 59353.966350332881 0.011293136422 cfg1 2 1 0 0 na na
10 59353.969350274943 0.011293015776 cfg1 2 1 0 0 na na
10 59353.974350309965 0.011292787303 cfg1 2 1 0 0 na na
10 59353.987350350385 0.011292242585 cfg1 2 1 0 0 na na
10 59353.997350260144 0.011291827008 cfg1 2 1 0 0 na na
10 59353.998350309930 0.011291794629 cfg1 2 1 0 0 na na
10 59354.009350338733 0.011291327042 cfg1 2 1 0 0 na na
10 59354.043350304408 0.011289907105 cfg1 2 1 0 0 na na
10 59354.068350292256 0.011288882352 cfg1 2 1 0 0 na na
10 59354.073350259865 0.011288662703 cfg1 2 1 0 0 na na
10 59354.078350312639 0.011288473805 cfg1 2 1 0 0 na na
10 59354.112350315697 0.011287040449 cfg1 2 1 0 0 na na
10 59354.115350265563 0.011286901471 cfg1 2 1 0 0 na na
10 59354.152350350758 0.011285387151 cfg1 2 1 0 0 na na
10 59354.157350302897 0.011285154998 cfg1 2 1 0 0 na na
10 59354.165350290098 0.011284840175 cfg1 2 1 0 0 na na
10 59354.194350317204 0.011283631763 cfg1 2 1 0 0 na na
10 59354.196350279674 0.011283550727 cfg1 2 1 0 0 na na
10 59354.199350344184 0.011283417885 cfg1 2 1 0 0 na na
10 59354.203350333105 0.011283235331 cfg1 2 1 0 0 na na
10 59354.221350316986 0.011282489614 cfg1 2 1 0 0 na na
10 59354.286350304602 0.011279791169 cfg1 2 1 0 0 na na
10 59354.303350254398 0.011279072540 cfg1 2 1 0 0 na na
10 59354.307350288474 0.011278892749 cfg1 2 1 0 0 na na
10 59354.321350330685 0.011278331990 cfg1 2 1 0 0 na na
10 59354.322350291908 0.011278292151 cfg1 2 1 0 0 na na
10 59354.335350313418 0.011277741866 cfg1 2 1 0 0 na na
10 59354.341350310434 0.011277488733 cfg1 2 1 0 0 na na
10 59354.347350346963 0.011277229064 cfg1 2 1 0 0 na na
10 59354.349350339245 0.011277153462 cfg1 2 1 0 0 na na
10 59354.372350355630 0.011276207277 cfg1 2 1 0 0 na na
10 59354.411350285775 0.011274562227 cfg1 2 1 0 0 na na
10 59354.444350318693 0.011273194396 cfg1 2 1 0 0 na na
10 59354.476350300037 0.011271851811 cfg1 2 1 0 0 na na
10 59354.484350338614 0.011271517682 cfg1 2 1 0 0 na na
10 59354.501350319896 0.011270823400 cfg1 2 1 0 0 na na
10 59354.509350345363 0.011270483662 cfg1 2 1 0 0 na na
10 59354.543350292603 0.011269075912 cfg1 2 1 0 0 na na
10 59354.561350335088 0.011268322383 cfg1 2 1 0 0 na na
10 59354.572350268828 0.011267866123 cfg1 2 1 0 0 na na
10 59354.596350277208 0.011266868994 cfg1 2 1 0 0 na na
10 59354.610350312578 0.011266271202 cfg1 2 1 0 0 na na
10 59354.622350252407 0.011265769594 cfg1 2 1 0 0 na na
10 59354.626350287632 0.011265616155 cfg1 2 1 0 0 na na
10 59354.629350303474 0.011265477088 cfg1 2 1 0 0 na na
10 59354.676350328694 0.011263505792 cfg1 2 1 0 0 na na
10 59354.678350286500 0.011263444884 cfg1 2 1 0 0 na na
10 59354.687350273672 0.011263052775 cfg1 2 1 0 0 na na
10 59354.703350290607 0.011262403188 cfg1 2 1 0 0 na na
10 59354.719350301282 0.011261722999 cfg1 2 1 0 0 na na
10 59354.732350288044 0.011261190275 cfg1 2 1 0 0 na na
10 59354.734350284894 0.011261098116 cfg1 2 1 0 0 na na
10 59354.754350342949 0.011260277937 cfg1 2 1 0 0 na na
10 59354.791350328514 0.011258709847 cfg1 2 1 0 0 na na
10 59354.796350275580 0.011258524815 cfg1 2 1 0 0 na na
10 59354.809350249015 0.011257977820 cfg1 2 1 0 0 na na
10 59354.811350315305 0.011257884685 cfg1 2 1 0 0 na na
10 59354.816350283947 0.011257696424 cfg1 2 1 0 0 na na
10 59354.841350309209 0.011256654141 cfg1 2 1 0 0 na na
10 59354.849350341809 0.011256293415 cfg1 2 1 0 0 na na
10 59354.859350345279 0.011255882634 cfg1 2 1 0 0 na na
10 59354.880350288926 0.011255004008 cfg1 2 1 0 0 na na
10 59354.886350326438 0.011254778051 cfg1 2 1 0 0 na na
10 59354.923350360812 0.011253230098 cfg1 2 1 0 0 na na
10 59354.926350333027 0.011253097202 cfg1 2 1 0 0 na na
10 59354.941350313424 0.011252474910 cfg1 2 1 0 0 na na
10 59354.952350313041 0.011252004886 cfg1 2 1 0 0 na na
10 59354.995350268483 0.011250228894 cfg1 2 1 0 0 na na
10 59354.998350276329 0.011250105288 cfg1 2 1 0 0 na na
10 59355.005350342514 0.011249816625 cfg1 2 1 0 0 na na
10 59355.015350311242 0.011249386941 cfg1 2 1 0 0 na na
10 59355.028350265086 0.011248831874 cfg1 2 1 0 0 na na
10 59355.042350256468 0.011248258247 cfg1 2 1 0 0 na na
10 59355.070350279920 0.011247106525 cfg1 2 1 0 0 na na
10 59355.072350302617 0.011247006632 cfg1 2 1 0 0 na na
10 59355.086350280494 0.011246437443 cfg1 2 1 0 0 na na
10 59355.097350314335 0.011245962988 cfg1 2 1 0 0 na na
10 59355.101350352563 0.011245804366 cfg1 2 1 0 0 na na
10 59355.102350306592 0.011245759413 cfg1 2 1 0 0 na na
10 59355.120350326472 0.011245000263 cfg1 2 1 0 0 na na
10 59355.124350285934 0.011244858319 cfg1 2 1 0 0 na na
10 59355.133350296173 0.011244477651 cfg1 2 1 0 0 na na
10 59355.143350313082 0.011244053594 cfg1 2 1 0 0 na na
10 59355.156350326472 0.011243513945 cfg1 2 1 0 0 na na
10 59355.160350299610 0.011243339556 cfg1 2 1 0 0 na na
10 59355.161350326764 0.011243301176 cfg1 2 1 0 0 na na
10 59355.173350314319 0.011242795830 cfg1 2 1 0 0 na na
10 59355.190350318890 0.011242102390 cfg1 2 1 0 0 na na
10 59355.220350343997 0.011240851955 cfg1 2 1 0 0 na na
10 59355.221350246385 0.011240805379 cfg1 2 1 0 0 na na
10 59355.224350310782 0.011240681927 cfg1 2 1 0 0 na na
10 59355.236350301422 0.011240170571 cfg1 2 1 0 0 na na
10 59355.265350310615 0.011238964302 cfg1 2 1 0 0 na na
10 59355.291350302019 0.011237886351 cfg1 2 1 0 0 na na
10 59355.323350320102 0.011236556604 cfg1 2 1 0 0 na na
10 59355.347350253436 0.011235548804 cfg1 2 1 0 0 na na
10 59355.354350295038 0.011235267302 cfg1 2 1 0 0 na na
10 59355.364350346427 0.011234852467 cfg1 2 1 0 0 na na
10 59355.374350323750 0.011234418901 cfg1 2 1 0 0 na na
10 59355.391350317884 0.011233709417 cfg1 2 1 0 0 na na
10 59355.440350314308 0.011231692040 cfg1 2 1 0 0 na na
10 59355.444350276414 0.011231519626 cfg1 2 1 0 0 na na
10 59355.476350289933 0.011230176650 cfg1 2 1 0 0 na na
10 59355.480350390376 0.011229999255 cfg1 2 1 0 0 na na
10 59355.538350346243 0.011227585819 cfg1 2 1 0 0 na na
10 59355.547350306121 0.011227225001 cfg1 2 1 0 0 na na
10 59355.569350268109 0.011226302188 cfg1 2 1 0 0 na na
10 59355.571350266773 0.011226212919 cfg1 2 1 0 0 na na
10 59355.575350289399 0.011226051723 cfg1 2 1 0 0 na na
10 59355.593350334910 0.011225305319 cfg1 2 1 0 0 na na
10 59355.600350371676 0.011225001753 cfg1 2 1 0 0 na na
10 59355.626350312571 0.011223923508 cfg1 2 1 0 0 na na
10 59355.634350338084 0.011223590600 cfg1 2 1 0 0 na na
10 59355.680350364788 0.011221677451 cfg1 2 1 0 0 na na
10 59355.692350269300 0.011221189845 cfg1 2 1 0 0 na na
10 59355.700350290792 0.011220858592 cfg1 2 1 0 0 na na
10 59355.702350328743 0.011220766051 cfg1 2 1 0 0 na na
10 59355.707350272244 0.011220553362 cfg1 2 1 0 0 na na
10 59355.722350313970 0.011219931946 cfg1 2 1 0 0 na na
10 59355.728350265907 0.011219670962 cfg1 2 1 0 0 na na
10 59355.737350329547 0.011219301244 cfg1 2 1 0 0 na na
10 59355.754350346978 0.011218591681 cfg1 2 1 0 0 na na
10 59355.775350340651 0.011217721526 cfg1 2 1 0 0 na na
10 59355.809350328301 0.011216300318 cfg1 2 1 0 0 na na
10 59355.829350328441 0.011215492435 cfg1 2 1 0 0 na na
10 59355.832350285348 0.011215368839 cfg1 2 1 0 0 na na
10 59355.847350262958 0.011214742659 cfg1 2 1 0 0 na na
10 59355.860350278719 0.011214177306 cfg1 2 1 0 0 na na
10 59355.867350349256 0.011213883067 cfg1 2 1 0 0 na na
10 59355.871350314474 0.011213744274 cfg1 2 1 0 0 na na
10 59355.893350331745 0.011212821907 cfg1 2 1 0 0 na na
10 59355.911350298354 0.011212070185 cfg1 2 1 0 0 na na
10 59355.919350280648 0.011211735431 cfg1 2 1 0 0 na na
10 59355.933350346266 0.011211157932 cfg1 2 1 0 0 na na
10 59355.934350331233 0.011211116631 cfg1 2 1 0 0 na na
10 59355.936350325897 0.011211035878 cfg1 2 1 0 0 na na
10 59355.971350299550 0.011209560160 cfg1 2 1 0 0 na na
10 59355.994350326079 0.011208597415 cfg1 2 1 0 0 na na
10 59356.002350334121 0.011208287466 cfg1 2 1 0 0 na na
10 59356.007350265253 0.011208056857 cfg1 2 1 0 0 na na
10 59356.053350308732 0.011206168392 cfg1 2 1 0 0 na na
10 59356.054350325727 0.011206125645 cfg1 2 1 0 0 na na
10 59356.062350303417 0.011205781589 cfg1 2 1 0 0 na na
10 59356.073350317097 0.011205325826 cfg1 2 1 0 0 na na
10 59356.094350342480 0.011204446270 cfg1 2 1 0 0 na na
10 59356.104350278243 0.011204043660 cfg1 2 1 0 0 na na
10 59356.109350308136 0.011203810142 cfg1 2 1 0 0 na na
10 59356.111350289469 0.011203742497 cfg1 2 1 0 0 na na
10 59356.143350365708 0.011202413556 cfg1 2 1 0 0 na na
10 59356.200350371520 0.011200036485 cfg1 2 1 0 0 na na
10 59356.207350265496 0.011199738444 cfg1 2 1 0 0 na na
10 59356.222350306872 0.011199109234 cfg1 2 1 0 0 na na
10 59356.248350286561 0.011198050895 cfg1 2 1 0 0 na na
10 59356.261350314633 0.011197489118 cfg1 2 1 0 0 na na
10 59356.274350300956 0.011196966710 cfg1 2 1 0 0 na na
10 59356.277350290719 0.011196832299 cfg1 2 1 0 0 na na
10 59356.297350288934 0.011195999286 cfg1 2 1 0 0 na na
10 59356.300350289077 0.011195882101 cfg1 2 1 0 0 na na
10 59356.396350349952 0.011191892733 cfg1 2 1 0 0 na na
10 59356.401350328699 0.011191667298 cfg1 2 1 0 0 na na
10 59356.419350281935 0.011190929555 cfg1 2 1 0 0 na na
10 59356.429350327392 0.011190511542 cfg1 2 1 0 0 na na
10 59356.458350310247 0.011189296644 cfg1 2 1 0 0 na na
10 59356.470350328298 0.011188799237 cfg1 2 1 0 0 na na
10 59356.486350338594 0.011188145384 cfg1 2 1 0 0 na na
10 59356.489350257601 0.011188004534 cfg1 2 1 0 0 na na
10 59356.494350263178 0.011187788567 cfg1 2 1 0 0 na na
10 59356.505350268479 0.011187341479 cfg1 2 1 0 0 na na
10 59356.519350288072 0.011186755590 cfg1 2 1 0 0 na na
10 59356.524350300851 0.011186567967 cfg1 2 1 0 0 na na
10 59356.553350273354 0.011185340305 cfg1 2 1 0 0 na na
10 59356.571350315372 0.011184588818 cfg1 2 1 0 0 na na
10 59356.593350276856 0.011183693658 cfg1 2 1 0 0 na na
10 59356.596350293216 0.011183562176 cfg1 2 1 0 0 na na
10 59356.601350266396 0.011183359044 cfg1 2 1 0 0 na na
10 59356.617350307889 0.011182672810 cfg1 2 1 0 0 na na
10 59356.628350305446 0.011182234097 cfg1 2 1 0 0 na na
10 59356.630350333234 0.011182149017 cfg1 2 1 0 0 na na
10 59356.652350324793 0.011181233134 cfg1 2 1 0 0 na na
10 59356.675350258618 0.011180268371 cfg1 2 1 0 0 na na
10 59356.676350298008 0.011180234310 cfg1 2 1 0 0 na na
10 59356.679350321177 0.011180092882 cfg1 2 1 0 0 na na
10 59356.692350257924 0.011179575834 cfg1 2 1 0 0 na na
10 59356.700350340460 0.011179226764 cfg1 2 1 0 0 na na
10 59356.720350300049 0.011178386402 cfg1 2 1 0 0 na na
10 59356.726350300536 0.011178154365 cfg1 2 1 0 0 na na
10 59356.740350323383 0.011177560898 cfg1 2 1 0 0 na na
10 59356.751350308882 0.011177097247 cfg1 2 1 0 0 na na
10 59356.765350314755 0.011176523259 cfg1 2 1 0 0 na na
10 59356.774350276873 0.011176152446 cfg1 2 1 0 0 na na
10 59356.787350304792 0.011175628266 cfg1 2 1 0 0 na na
10 59356.812350259130 0.011174574679 cfg1 2 1 0 0 na na
10 59356.827350344254 0.011173940381 cfg1 2 1 0 0 na na
10 59356.833350316579 0.011173711486 cfg1 2 1 0 0 na na
10 59356.883350288454 0.011171626757 cfg1 2 1 0 0 na na
10 59356.888350258882 0.011171408184 cfg1 2 1 0 0 na na
10 59356.948350272320 0.011168907640 cfg1 2 1 0 0 na na
10 59356.950350307565 0.011168834212 cfg1 2 1 0 0 na na
10 59356.953350281086 0.011168721134 cfg1 2 1 0 0 na na
10 59356.956350313014 0.011168581426 cfg1 2 1 0 0 na na
10 59356.961350269588 0.011168390953 cfg1 2 1 0 0 na na
10 59356.987350275941 0.011167287416 cfg1 2 1 0 0 na na
10 59356.993350319040 0.011167035324 cfg1 2 1 0 0 na na
10 59357.025350326814 0.011165728165 cfg1 2 1 0 0 na na
10 59357.029350290735 0.011165561871 cfg1 2 1 0 0 na na
10 59357.031350316539 0.011165466354 cfg1 2 1 0 0 na na
10 59357.038350334611 0.011165173257 cfg1 2 1 0 0 na na
10 59357.058350327958 0.011164359432 cfg1 2 1 0 0 na na
10 59357.062350341072 0.011164176884 cfg1 2 1 0 0 na na
10 59357.087350302827 0.011163127530 cfg1 2 1 0 0 na na
10 59357.093350245408 0.011162896616 cfg1 2 1 0 0 na na
10 59357.094350348509 0.011162856948 cfg1 2 1 0 0 na na
10 59357.098350341238 0.011162669867 cfg1 2 1 0 0 na na
10 59357.101350314564 0.011162556285 cfg1 2 1 0 0 na na
10 59357.105350355302 0.011162397790 cfg1 2 1 0 0 na na
10 59357.153350333282 0.011160381564 cfg1 2 1 0 0 na na
10 59357.229350306489 0.011157224398 cfg1 2 1 0 0 na na
10 59357.232350308157 0.011157119934 cfg1 2 1 0 0 na na
10 59357.241350291649 0.011156746429 cfg1 2 1 0 0 na na
10 59357.257350312559 0.011156056797 cfg1 2 1 0 0 na na
10 59357.272350279680 0.011155446707 cfg1 2 1 0 0 na na
10 59357.298350336296 0.011154379871 cfg1 2 1 0 0 na na
10 59357.337350264130 0.011152734264 cfg1 2 1 0 0 na na
10 59357.361350265081 0.011151750043 cfg1 2 1 0 0 na na
10 59357.396350290819 0.011150296543 cfg1 2 1 0 0 na na
10 59357.432350265108 0.011148786916 cfg1 2 1 0 0 na na
10 59357.445350291205 0.011148269990 cfg1 2 1 0 0 na na
10 59357.455350298780 0.011147835279 cfg1 2 1 0 0 na na
10 59357.457350310028 0.011147745496 cfg1 2 1 0 0 na na
10 59357.480350282408 0.011146798763 cfg1 2 1 0 0 na na
10 59357.497350293012 0.011146106391 cfg1 2 1 0 0 na na
10 59357.512350294657 0.011145462418 cfg1 2 1 0 0 na na
10 59357.537350344665 0.011144420739 cfg1 2 1 0 0 na na
10 59357.541350276284 0.011144266851 cfg1 2 1 0 0 na na
10 59357.579350302948 0.011142679283 cfg1 2 1 0 0 na na
10 59357.589350289340 0.011142284278 cfg1 2 1 0 0 na na
10 59357.601350304748 0.011141771368 cfg1 2 1 0 0 na na
10 59357.609350308450 0.011141437494 cfg1 2 1 0 0 na na
10 59357.642350306313 0.011140080614 cfg1 2 1 0 0 na na
10 59357.652350298986 0.011139651770 cfg1 2 1 0 0 na na
10 59357.662350333478 0.011139231375 cfg1 2 1 0 0 na na
10 59357.664350309784 0.011139146163 cfg1 2 1 0 0 na na
10 59357.687350340015 0.011138192718 cfg1 2 1 0 0 na na
10 59357.693350291397 0.011137941829 cfg1 2 1 0 0 na na
10 59357.708350266795 0.011137317758 cfg1 2 1 0 0 na na
10 59357.737350306178 0.011136126464 cfg1 2 1 0 0 na na
10 59357.741350363972 0.011135962126 cfg1 2 1 0 0 na na
10 59357.757350311951 0.011135282530 cfg1 2 1 0 0 na na
10 59357.765350312763 0.011134963929 cfg1 2 1 0 0 na na
10 59357.811350277624 0.011133040590 cfg1 2 1 0 0 na na
10 59357.827350329738 0.011132384113 cfg1 2 1 0 0 na na
10 59357.830350316768 0.011132249480 cfg1 2 1 0 0 na na
10 59357.838350264136 0.011131917833 cfg1 2 1 0 0 na na
10 59357.858350370183 0.011131084356 cfg1 2 1 0 0 na na
10 59357.901350287583 0.011129303803 cfg1 2 1 0 0 na na
10 59357.925350315769 0.011128304219 cfg1 2 1 0 0 na na
10 59357.950350317621 0.011127277621 cfg1 2 1 0 0 na na
10 59357.978350353058 0.011126124564 cfg1 2 1 0 0 na na
10 59358.030350314749 0.011123956941 cfg1 2 1 0 0 na na
10 59358.036350299700 0.011123702335 cfg1 2 1 0 0 na na
10 59358.038350365984 0.011123631216 cfg1 2 1 0 0 na na
10 59358.044350327191 0.011123381233 cfg1 2 1 0 0 na na
10 59358.055350280792 0.011122906111 cfg1 2 1 0 0 na na
10 59358.069350274410 0.011122337708 cfg1 2 1 0 0 na na
10 59358.070350325396 0.011122285820 cfg1 2 1 0 0 na na
10 59358.073350280213 0.011122172652 cfg1 2 1 0 0 na na
10 59358.086350323764 0.011121624485 cfg1 2 1 0 0 na na
10 59358.194350321293 0.011117159081 cfg1 2 1 0 0 na na
10 59358.245350272875 0.011115042187 cfg1 2 1 0 0 na na
10 59358.278350320005 0.011113672222 cfg1 2 1 0 0 na na
10 59358.285350368197 0.011113365245 cfg1 2 1 0 0 na na
10 59358.293350290786 0.011113028040 cfg1 2 1 0 0 na na
10 59358.348350301090 0.011110738754 cfg1 2 1 0 0 na na
10 59358.367350330230 0.011109956692 cfg1 2 1 0 0 na na
10 59358.372350324145 0.011109756540 cfg1 2 1 0 0 na na
10 59358.381350312039 0.011109397081 cfg1 2 1 0 0 na na
10 59358.390350323083 0.011109002558 cfg1 2 1 0 0 na na
10 59358.399350263778 0.011108632995 cfg1 2 1 0 0 na na
10 59358.406350325806 0.011108354382 cfg1 2 1 0 0 na na
10 59358.456350291775 0.011106258894 cfg1 2 1 0 0 na na
10 59358.460350256287 0.011106104747 cfg1 2 1 0 0 na na
10 59358.469350334825 0.011105733401 cfg1 2 1 0 0 na na
10 59358.473350263648 0.011105574352 cfg1 2 1 0 0 na na
10 59358.483350268173 0.011105134072 cfg1 2 1 0 0 na na
10 59358.489350373716 0.011104905797 cfg1 2 1 0 0 na na
10 59358.496350259641 0.011104602590 cfg1 2 1 0 0 na na
10 59358.498350304013 0.011104524192 cfg1 2 1 0 0 na na
10 59358.512350305100 0.011103946420 cfg1 2 1 0 0 na na
10 59358.515350294925 0.011103832814 cfg1 2 1 0 0 na na
10 59358.526350331475 0.011103361061 cfg1 2 1 0 0 na na
10 59358.565350288227 0.011101753627 cfg1 2 1 0 0 na na
10 59358.618350252138 0.011099547418 cfg1 2 1 0 0 na na
10 59358.638350310872 0.011098724634 cfg1 2 1 0 0 na na
10 59358.662350260557 0.011097711455 cfg1 2 1 0 0 na na
10 59358.794350357917 0.011092236521 cfg1 2 1 0 0 na na
10 59358.803350271018 0.011091855551 cfg1 2 1 0 0 na na
10 59358.805350294281 0.011091790377 cfg1 2 1 0 0 na na
10 59358.817350322590 0.011091300119 cfg1 2 1 0 0 na na
10 59358.850350342724 0.011089910546 cfg1 2 1 0 0 na na
10 59358.899350318046 0.011087895661 cfg1 2 1 0 0 na na
10 59358.926350269007 0.011086776177 cfg1 2 1 0 0 na na
10 59358.972350259850 0.011084851888 cfg1 2 1 0 0 na na
10 59358.983350321067 0.011084403342 cfg1 2 1 0 0 na na
10 59359.019350311946 0.011082921301 cfg1 2 1 0 0 na na
10 59359.038350313439 0.011082108053 cfg1 2 1 0 0 na na
10 59359.048350343027 0.011081693789 cfg1 2 1 0 0 na na
10 59359.064350275371 0.011081054368 cfg1 2 1 0 0 na na
10 59359.074350340069 0.011080628948 cfg1 2 1 0 0 na na
10 59359.120350264633 0.011078707336 cfg1 2 1 0 0 na na
10 59359.122350278887 0.011078636025 cfg1 2 1 0 0 na na
10 59359.128350335184 0.011078399365 cfg1 2 1 0 0 na na
10 59359.133350346367 0.011078191295 cfg1 2 1 0 0 na na
10 59359.147350295803 0.011077596673 cfg1 2 1 0 0 na na
10 59359.150350316146 0.011077488345 cfg1 2 1 0 0 na na
10 59359.166350338683 0.011076816765 cfg1 2 1 0 0 na na
10 59359.175350296560 0.011076451697 cfg1 2 1 0 0 na na
10 59359.203350285140 0.011075282758 cfg1 2 1 0 0 na na
10 59359.219350319043 0.011074628802 cfg1 2 1 0 0 na na
10 59359.222350257452 0.011074484398 cfg1 2 1 0 0 na na
10 59359.229350340321 0.011074207845 cfg1 2 1 0 0 na na
10 59359.267350341891 0.011072612800 cfg1 2 1 0 0 na na
10 59359.270350298952 0.011072495833 cfg1 2 1 0 0 na na
10 59359.280350316013 0.011072077074 cfg1 2 1 0 0 na na
10 59359.282350278166 0.011071993077 cfg1 2 1 0 0 na na
10 59359.294350322253 0.011071489927 cfg1 2 1 0 0 na na
10 59359.341350257059 0.011069557861 cfg1 2 1 0 0 na na
10 59359.351350321751 0.011069133609 cfg1 2 1 0 0 na na
10 59359.381350343918 0.011067895036 cfg1 2 1 0 0 na na
10 59359.438350285477 0.011065521437 cfg1 2 1 0 0 na na
10 59359.474350360167 0.011064033766 cfg1 2 1 0 0 na na
10 59359.551350358812 0.011060862114 cfg1 2 1 0 0 na na
10 59359.559350371880 0.011060516466 cfg1 2 1 0 0 na na
10 59359.562350312893 0.011060395779 cfg1 2 1 0 0 na na
10 59359.585350297231 0.011059435206 cfg1 2 1 0 0 na na
10 59359.589350308862 0.011059274348 cfg1 2 1 0 0 na na
10 59359.596350313995 0.011058991936 cfg1 2 1 0 0 na na
10 59359.688350311160 0.011055165004 cfg1 2 1 0 0 na na
10 59359.726350291866 0.011053592968 cfg1 2 1 0 0 na na
10 59359.747350310817 0.011052732316 cfg1 2 1 0 0 na na
10 59359.762350305164 0.011052100877 cfg1 2 1 0 0 na na
10 59359.777350366522 0.011051477350 cfg1 2 1 0 0 na na
10 59359.785350329629 0.011051149106 cfg1 2 1 0 0 na na
10 59359.827350333997 0.011049419213 cfg1 2 1 0 0 na na
10 59359.865350291433 0.011047821264 cfg1 2 1 0 0 na na
10 59359.872350316680 0.011047544803 cfg1 2 1 0 0 na na
10 59359.877350345267 0.011047325232 cfg1 2 1 0 0 na na
10 59359.886350261096 0.011046965477 cfg1 2 1 0 0 na na
10 59359.887350380777 0.011046920425 cfg1 2 1 0 0 na na
10 59359.894350319480 0.011046642369 cfg1 2 1 0 0 na na
10 59359.951350335917 0.011044266684 cfg1 2 1 0 0 na na
10 59359.964350342252 0.011043721144 cfg1 2 1 0 0 na na
10 59359.969350359786 0.011043527221 cfg1 2 1 0 0 na na
10 59359.989350252153 0.011042694705 cfg1 2 1 0 0 na na
10 59359.996350319686 0.011042420039 cfg1 2 1 0 0 na na
10 59360.007350312503 0.011041957020 cfg1 2 1 0 0 na na
10 59360.019350302314 0.011041455866 cfg1 2 1 0 0 na na
10 59360.075350269303 0.011039145646 cfg1 2 1 0 0 na na
10 59360.106350313512 0.011037846201 cfg1 2 1 0 0 na na
10 59360.142350306418 0.011036346675 cfg1 2 1 0 0 na na
10 59360.155350360864 0.011035834986 cfg1 2 1 0 0 na na
10 59360.157350321701 0.011035752431 cfg1 2 1 0 0 na na
10 59360.176350361457 0.011034965468 cfg1 2 1 0 0 na na
10 59360.205350357974 0.011033748390 cfg1 2 1 0 0 na na
10 59360.373350318528 0.011026779376 cfg1 2 1 0 0 na na
10 59360.374350400928 0.011026760690 cfg1 2 1 0 0 na na
10 59360.376350354660 0.011026680863 cfg1 2 1 0 0 na na
10 59360.412350350685 0.011025192351 cfg1 2 1 0 0 na na
10 59360.437350325612 0.011024151689 cfg1 2 1 0 0 na na
10 59360.447350321002 0.011023715900 cfg1 2 1 0 0 na na
10 59360.462350273869 0.011023107976 cfg1 2 1 0 0 na na
10 59360.488350282087 0.011022041915 cfg1 2 1 0 0 na na
10 59360.500350315021 0.011021540222 cfg1 2 1 0 0 na na
10 59360.503350350583 0.011021416022 cfg1 2 1 0 0 na na
10 59360.506350321942 0.011021289879 cfg1 2 1 0 0 na na
10 59360.511350301743 0.011021087316 cfg1 2 1 0 0 na na
10 59360.543350280462 0.011019741286 cfg1 2 1 0 0 na na
10 59360.588350353907 0.011017901792 cfg1 2 1 0 0 na na
10 59360.597350344210 0.011017525443 cfg1 2 1 0 0 na na
10 59360.607350307001 0.011017104601 cfg1 2 1 0 0 na na
10 59360.614350282756 0.011016806913 cfg1 2 1 0 0 na na
10 59360.630350313450 0.011016141123 cfg1 2 1 0 0 na na
10 59360.655350308591 0.011015115133 cfg1 2 1 0 0 na na
10 59360.665350292450 0.011014706532 cfg1 2 1 0 0 na na
10 59360.697350313143 0.011013383424 cfg1 2 1 0 0 na na
10 59360.706350338271 0.011013011733 cfg1 2 1 0 0 na na
10 59360.714350309572 0.011012682532 cfg1 2 1 0 0 na na
10 59360.755350335176 0.011010970954 cfg1 2 1 0 0 na na
10 59360.759350365610 0.011010807019 cfg1 2 1 0 0 na na
10 59360.771350261803 0.011010305289 cfg1 2 1 0 0 na na
10 59360.797350364704 0.011009255328 cfg1 2 1 0 0 na na
10 59360.809350338646 0.011008747135 cfg1 2 1 0 0 na na
10 59360.826350286030 0.011008042981 cfg1 2 1 0 0 na na
10 59360.829350294665 0.011007921962 cfg1 2 1 0 0 na na
10 59360.831350348365 0.011007839929 cfg1 2 1 0 0 na na
10 59360.854350301183 0.011006878909 cfg1 2 1 0 0 na na
10 59360.862350341936 0.011006557512 cfg1 2 1 0 0 na na
10 59360.926350371539 0.011003902786 cfg1 2 1 0 0 na na
10 59360.930350364300 0.011003733163 cfg1 2 1 0 0 na na
10 59360.941350285167 0.011003279842 cfg1 2 1 0 0 na na
10 59360.974350322112 0.011001910593 cfg1 2 1 0 0 na na
10 59360.989350279336 0.011001308943 cfg1 2 1 0 0 na na
10 59361.001350265240 0.011000786557 cfg1 2 1 0 0 na na
10 59361.003350253626 0.011000713506 cfg1 2 1 0 0 na na
10 59361.004350346071 0.011000677916 cfg1 2 1 0 0 na na
10 59361.011350270899 0.011000400045 cfg1 2 1 0 0 na na
10 59361.022350321993 0.010999927391 cfg1 2 1 0 0 na na
10 59361.028350269798 0.010999683807 cfg1 2 1 0 0 na na
10 59361.031350252682 0.010999559164 cfg1 2 1 0 0 na na
10 59361.035350301045 0.010999381943 cfg1 2 1 0 0 na na
10 59361.065350356883 0.010998154265 cfg1 2 1 0 0 na na
10 59361.072350323707 0.010997854874 cfg1 2 1 0 0 na na
10 59361.134350305989 0.010995306436 cfg1 2 1 0 0 na na
10 59361.137350302403 0.010995182994 cfg1 2 1 0 0 na na
10 59361.157350262125 0.010994334666 cfg1 2 1 0 0 na na
10 59361.172350256875 0.010993737387 cfg1 2 1 0 0 na na
10 59361.187350312058 0.010993113753 cfg1 2 1 0 0 na na
10 59361.195350281865 0.010992783029 cfg1 2 1 0 0 na na
10 59361.218350260362 0.010991811594 cfg1 2 1 0 0 na na
10 59361.255350330207 0.010990298462 cfg1 2 1 0 0 na na
10 59361.260350327236 0.010990090869 cfg1 2 1 0 0 na na
10 59361.265350334661 0.010989888575 cfg1 2 1 0 0 na na
10 59361.275350323008 0.010989472751 cfg1 2 1 0 0 na na
10 59361.300350258035 0.010988423897 cfg1 2 1 0 0 na na
10 59361.304350314310 0.010988275085 cfg1 2 1 0 0 na na
10 59361.330350303591 0.010987201541 cfg1 2 1 0 0 na na
10 59361.353350287826 0.010986227989 cfg1 2 1 0 0 na na
10 59361.354350306933 0.010986181966 cfg1 2 1 0 0 na na
10 59361.376350254606 0.010985282468 cfg1 2 1 0 0 na na
10 59361.402350294555 0.010984208134 cfg1 2 1 0 0 na na
10 59361.438350342586 0.010982723303 cfg1 2 1 0 0 na na
10 59361.445350351635 0.010982428933 cfg1 2 1 0 0 na na
10 59361.461350347530 0.010981779023 cfg1 2 1 0 0 na na
10 59361.465350297030 0.010981601341 cfg1 2 1 0 0 na na
10 59361.476350252032 0.010981158912 cfg1 2 1 0 0 na na
10 59361.481350298755 0.010980938327 cfg1 2 1 0 0 na na
10 59361.512350254878 0.010979656814 cfg1 2 1 0 0 na na
10 59361.514350295859 0.010979569594 cfg1 2 1 0 0 na na
10 59361.524350296215 0.010979180082 cfg1 2 1 0 0 na na
10 59361.542350262011 0.010978412016 cfg1 2 1 0 0 na na
10 59361.544350272422 0.010978329482 cfg1 2 1 0 0 na na
10 59361.554350271981 0.010977921305 cfg1 2 1 0 0 na na
10 59361.560350344423 0.010977685434 cfg1 2 1 0 0 na na
10 59361.601350318652 0.010975974651 cfg1 2 1 0 0 na na
10 59361.621350315193 0.010975167867 cfg1 2 1 0 0 na na
10 59361.644350285772 0.010974217140 cfg1 2 1 0 0 na na
10 59361.650350292509 0.010973943606 cfg1 2 1 0 0 na na
10 59361.669350300878 0.010973163803 cfg1 2 1 0 0 na na
10 59361.688350306165 0.010972386380 cfg1 2 1 0 0 na na
10 59361.764350261125 0.010969235782 cfg1 2 1 0 0 na na
10 59361.766350254763 0.010969169825 cfg1 2 1 0 0 na na
10 59361.788350340612 0.010968243909 cfg1 2 1 0 0 na na
10 59361.796350255190 0.010967916881 cfg1 2 1 0 0 na na
10 59361.824350309211 0.010966761363 cfg1 2 1 0 0 na na
10 59361.840350297049 0.010966100612 cfg1 2 1 0 0 na na
10 59361.846350274667 0.010965850318 cfg1 2 1 0 0 na na
10 59361.862350284810 0.010965189464 cfg1 2 1 0 0 na na
10 59361.910350293685 0.010963216517 cfg1 2 1 0 0 na na
10 59361.922350253327 0.010962713639 cfg1 2 1 0 0 na na
10 59361.923350296509 0.010962665410 cfg1 2 1 0 0 na na
10 59361.958350278219 0.010961234049 cfg1 2 1 0 0 na na
10 59361.962350330985 0.010961059768 cfg1 2 1 0 0 na na
10 59361.963350258954 0.010961018021 cfg1 2 1 0 0 na na
10 59361.968350347201 0.010960819768 cfg1 2 1 0 0 na na
10 59361.971350277492 0.010960677888 cfg1 2 1 0 0 na na
10 59361.981350302857 0.010960266317 cfg1 2 1 0 0 na na
10 59361.985350290565 0.010960117217 cfg1 2 1 0 0 na na
10 59361.999350307293 0.010959539498 cfg1 2 1 0 0 na na
10 59362.050350278151 0.010957425456 cfg1 2 1 0 0 na na
10 59362.067350334843 0.010956728572 cfg1 2 1 0 0 na na
10 59362.078350273854 0.010956269825 cfg1 2 1 0 0 na na
10 59362.096350306526 0.010955521683 cfg1 2 1 0 0 na na
10 59362.099350313216 0.010955397803 cfg1 2 1 0 0 na na
10 59362.108350306391 0.010955037400 cfg1 2 1 0 0 na na
10 59362.116350276571 0.010954690589 cfg1 2 1 0 0 na na
10 59362.127350295933 0.010954232307 cfg1 2 1 0 0 na na
10 59362.146350269991 0.010953466150 cfg1 2 1 0 0 na na
10 59362.188350270401 0.010951706535 cfg1 2 1 0 0 na na
10 59362.191350273469 0.010951583727 cfg1 2 1 0 0 na na
10 59362.196350260731 0.010951381292 cfg1 2 1 0 0 na na
10 59362.214350314314 0.010950632463 cfg1 2 1 0 0 na na
10 59362.226350298374 0.010950139598 cfg1 2 1 0 0 na na
10 59362.269350319816 0.010948374269 cfg1 2 1 0 0 na na
10 59362.284350353445 0.010947758087 cfg1 2 1 0 0 na na
10 59362.289350310937 0.010947548106 cfg1 2 1 0 0 na na
10 59362.294350315093 0.010947348187 cfg1 2 1 0 0 na na
10 59362.310350336390 0.010946679086 cfg1 2 1 0 0 na na
10 59362.314350290846 0.010946518205 cfg1 2 1 0 0 na na
10 59362.345350318215 0.010945221877 cfg1 2 1 0 0 na na
10 59362.347350349008 0.010945152881 cfg1 2 1 0 0 na na
10 59362.363350280103 0.010944495027 cfg1 2 1 0 0 na na
10 59362.373350293441 0.010944088154 cfg1 2 1 0 0 na na
10 59362.385350321273 0.010943568915 cfg1 2 1 0 0 na na
10 59362.403350309894 0.010942837379 cfg1 2 1 0 0 na na
10 59362.425350288842 0.010941939455 cfg1 2 1 0 0 na na
10 59362.428350330825 0.010941800982 cfg1 2 1 0 0 na na
10 59362.440350306256 0.010941309541 cfg1 2 1 0 0 na na
10 59362.499350367582 0.010938878079 cfg1 2 1 0 0 na na
10 59362.502350328822 0.010938765327 cfg1 2 1 0 0 na na
10 59362.512350273044 0.010938332979 cfg1 2 1 0 0 na na
10 59362.544350311257 0.010937005646 cfg1 2 1 0 0 na na
10 59362.549350358010 0.010936815092 cfg1 2 1 0 0 na na
10 59362.573350337497 0.010935821675 cfg1 2 1 0 0 na na
10 59362.582350262672 0.010935450828 cfg1 2 1 0 0 na na
10 59362.596350264757 0.010934861723 cfg1 2 1 0 0 na na
10 59362.604350324952 0.010934534065 cfg1 2 1 0 0 na na
10 59362.609350296465 0.010934343967 cfg1 2 1 0 0 na na
10 59362.635350324220 0.010933262107 cfg1 2 1 0 0 na na
10 59362.641350293925 0.010933021277 cfg1 2 1 0 0 na na
10 59362.653350314789 0.010932507400 cfg1 2 1 0 0 na na
10 59362.699350252910 0.010930619049 cfg1 2 1 0 0 na na
10 59362.756350283840 0.010928248575 cfg1 2 1 0 0 na na
10 59362.778350310881 0.010927353549 cfg1 2 1 0 0 na na
10 59362.781350260917 0.010927232400 cfg1 2 1 0 0 na na
10 59362.783350255933 0.010927146367 cfg1 2 1 0 0 na na
10 59362.784350331215 0.010927105264 cfg1 2 1 0 0 na na
10 59362.792350336863 0.010926767468 cfg1 2 1 0 0 na na
10 59362.793350287649 0.010926742927 cfg1 2 1 0 0 na na
10 59362.808350305261 0.010926118960 cfg1 2 1 0 0 na na
10 59362.816350358748 0.010925782339 cfg1 2 1 0 0 na na
10 59362.817350279244 0.010925753618 cfg1 2 1 0 0 na na
10 59362.818350285990 0.010925704672 cfg1 2 1 0 0 na na
10 59362.842350324728 0.010924725399 cfg1 2 1 0 0 na na
10 59362.880350313409 0.010923139833 cfg1 2 1 0 0 na na
10 59362.885350319245 0.010922947786 cfg1 2 1 0 0 na na
10 59362.913350347512 0.010921777643 cfg1 2 1 0 0 na na
10 59362.917350281930 0.010921630376 cfg1 2 1 0 0 na na
10 59362.919350282874 0.010921523422 cfg1 2 1 0 0 na na
10 59362.945350314675 0.010920446800 cfg1 2 1 0 0 na na
10 59362.948350287601 0.010920334092 cfg1 2 1 0 0 na na
10 59362.969350279129 0.010919469923 cfg1 2 1 0 0 na na
10 59362.977350261629 0.010919130377 cfg1 2 1 0 0 na na
10 59362.982350303577 0.010918921066 cfg1 2 1 0 0 na na
10 59362.994350295835 0.010918430682 cfg1 2 1 0 0 na na
10 59363.006350336316 0.010917934082 cfg1 2 1 0 0 na na
10 59363.008350333409 0.010917851541 cfg1 2 1 0 0 na na
10 59363.023350266679 0.010917238811 cfg1 2 1 0 0 na na
10 59363.049350313716 0.010916164168 cfg1 2 1 0 0 na na
10 59363.059350339930 0.010915741672 cfg1 2 1 0 0 na na
10 59363.092350256862 0.010914389964 cfg1 2 1 0 0 na na
10 59363.096350349633 0.010914242997 cfg1 2 1 0 0 na na
10 59363.102350308918 0.010913983250 cfg1 2 1 0 0 na na
10 59363.109350302871 0.010913702801 cfg1 2 1 0 0 na na
10 59363.114350304344 0.010913481414 cfg1 2 1 0 0 na na
10 59363.124350323728 0.010913068347 cfg1 2 1 0 0 na na
10 59363.140350316911 0.010912421133 cfg1 2 1 0 0 na na
10 59363.142350316557 0.010912325648 cfg1 2 1 0 0 na na
10 59363.163350407223 0.010911450930 cfg1 2 1 0 0 na na
10 59363.172350260647 0.010911086331 cfg1 2 1 0 0 na na
10 59363.180350320520 0.010910765793 cfg1 2 1 0 0 na na
10 59363.224350287492 0.010908950606 cfg1 2 1 0 0 na na
10 59363.235350327046 0.010908482654 cfg1 2 1 0 0 na na
10 59363.311350316382 0.010905350616 cfg1 2 1 0 0 na na
10 59363.318350351182 0.010905058105 cfg1 2 1 0 0 na na
10 59363.327350286178 0.010904691380 cfg1 2 1 0 0 na na
10 59363.328350307442 0.010904655660 cfg1 2 1 0 0 na na
10 59363.337350360023 0.010904277049 cfg1 2 1 0 0 na na
10 59363.361350268671 0.010903309841 cfg1 2 1 0 0 na na
10 59363.367350280662 0.010903047682 cfg1 2 1 0 0 na na
10 59363.427350296240 0.010900572346 cfg1 2 1 0 0 na na
10 59363.439350260876 0.010900071072 cfg1 2 1 0 0 na na
10 59363.450350281941 0.010899626880 cfg1 2 1 0 0 na na
10 59363.524350304697 0.010896578532 cfg1 2 1 0 0 na na
10 59363.532350333156 0.010896243291 cfg1 2 1 0 0 na na
10 59363.541350309395 0.010895871203 cfg1 2 1 0 0 na na
10 59363.542350337942 0.010895838466 cfg1 2 1 0 0 na na
10 59363.548350323229 0.010895568667 cfg1 2 1 0 0 na na
10 59363.577350320980 0.010894371717 cfg1 2 1 0 0 na na
10 59363.591350321169 0.010893813113 cfg1 2 1 0 0 na na
10 59363.654350335636 0.010891206058 cfg1 2 1 0 0 na na
10 59363.681350338133 0.010890083998 cfg1 2 1 0 0 na na
10 59363.686350293228 0.010889899855 cfg1 2 1 0 0 na na
10 59363.696350342865 0.010889466121 cfg1 2 1 0 0 na na
10 59363.709350246021 0.010888945930 cfg1 2 1 0 0 na na
10 59363.714350313028 0.010888745160 cfg1 2 1 0 0 na na
10 59363.723350347747 0.010888375612 cfg1 2 1 0 0 na na
10 59363.727350333929 0.010888209199 cfg1 2 1 0 0 na na
10 59363.737350325392 0.010887786011 cfg1 2 1 0 0 na na
10 59363.765350312395 0.010886622358 cfg1 2 1 0 0 na na
10 59363.769350335082 0.010886481339 cfg1 2 1 0 0 na na
10 59363.771350292949 0.010886397882 cfg1 2 1 0 0 na na
10 59363.773350333326 0.010886298108 cfg1 2 1 0 0 na na
10 59363.779350308865 0.010886059415 cfg1 2 1 0 0 na na
10 59363.817350318544 0.010884499456 cfg1 2 1 0 0 na na
10 59363.835350325673 0.010883746914 cfg1 2 1 0 0 na na
10 59363.853350291730 0.010883009496 cfg1 2 1 0 0 na na
10 59363.866350347406 0.010882470425 cfg1 2 1 0 0 na na
10 59363.904350317606 0.010880888903 cfg1 2 1 0 0 na na
10 59363.932350302596 0.010879753065 cfg1 2 1 0 0 na na
10 59363.945350328092 0.010879224632 cfg1 2 1 0 0 na na
10 59363.965350256224 0.010878403826 cfg1 2 1 0 0 na na
10 59363.979350327203 0.010877826161 cfg1 2 1 0 0 na na
10 59364.004350287354 0.010876779306 cfg1 2 1 0 0 na na
10 59364.020350342206 0.010876131100 cfg1 2 1 0 0 na na
10 59364.054350309862 0.010874734861 cfg1 2 1 0 0 na na
10 59364.059350285966 0.010874527998 cfg1 2 1 0 0 na na
10 59364.072350279055 0.010873974958 cfg1 2 1 0 0 na na
10 59364.080350333165 0.010873657848 cfg1 2 1 0 0 na na
10 59364.081350299829 0.010873604838 cfg1 2 1 0 0 na na
10 59364.118350327459 0.010872091476 cfg1 2 1 0 0 na na
10 59364.124350284461 0.010871831575 cfg1 2 1 0 0 na na
10 59364.138350285536 0.010871265467 cfg1 2 1 0 0 na na
10 59364.141350325185 0.010871137299 cfg1 2 1 0 0 na na
10 59364.186350299388 0.010869286823 cfg1 2 1 0 0 na na
10 59364.207350315231 0.010868406891 cfg1 2 1 0 0 na na
10 59364.239350298154 0.010867109405 cfg1 2 1 0 0 na na
10 59364.258350284715 0.010866321196 cfg1 2 1 0 0 na na
10 59364.270350284503 0.010865826416 cfg1 2 1 0 0 na na
10 59364.275350284045 0.010865621896 cfg1 2 1 0 0 na na
10 59364.284350311834 0.010865228655 cfg1 2 1 0 0 na na
10 59364.306350284743 0.010864339505 cfg1 2 1 0 0 na na
10 59364.318350279086 0.010863853791 cfg1 2 1 0 0 na na
10 59364.322350282790 0.010863683120 cfg1 2 1 0 0 na na
10 59364.330350305373 0.010863361590 cfg1 2 1 0 0 na na
10 59364.337350318597 0.010863053205 cfg1 2 1 0 0 na na
10 59364.400350281497 0.010860473581 cfg1 2 1 0 0 na na
10 59364.412350303601 0.010859981443 cfg1 2 1 0 0 na na
10 59364.433350304640 0.010859092688 cfg1 2 1 0 0 na na
10 59364.435350262753 0.010859009015 cfg1 2 1 0 0 na na
10 59364.448350332691 0.010858493740 cfg1 2 1 0 0 na na
10 59364.510350351259 0.010855925352 cfg1 2 1 0 0 na na
10 59364.511350309795 0.010855897462 cfg1 2 1 0 0 na na
10 59364.517350292177 0.010855653534 cfg1 2 1 0 0 na na
10 59364.527350300923 0.010855222846 cfg1 2 1 0 0 na na
10 59364.547350311195 0.010854394362 cfg1 2 1 0 0 na na
10 59364.607350356357 0.010851931388 cfg1 2 1 0 0 na na
10 59364.611350340482 0.010851770587 cfg1 2 1 0 0 na na
10 59364.612350343860 0.010851729600 cfg1 2 1 0 0 na na
10 59364.652350282148 0.010850090776 cfg1 2 1 0 0 na na
10 59364.654350339066 0.010850004207 cfg1 2 1 0 0 na na
10 59364.667350339129 0.010849451688 cfg1 2 1 0 0 na na
10 59364.671350306707 0.010849287869 cfg1 2 1 0 0 na na
10 59364.689350303149 0.010848570900 cfg1 2 1 0 0 na na
10 59364.690350263281 0.010848508545 cfg1 2 1 0 0 na na
10 59364.726350307023 0.010847034839 cfg1 2 1 0 0 na na
10 59364.749350326843 0.010846082428 cfg1 2 1 0 0 na na
10 59364.777350239476 0.010844947451 cfg1 2 1 0 0 na na
10 59364.791350298988 0.010844366059 cfg1 2 1 0 0 na na
10 59364.801350301259 0.010843949231 cfg1 2 1 0 0 na na
10 59364.824350312920 0.010842986802 cfg1 2 1 0 0 na na
10 59364.826350331746 0.010842922786 cfg1 2 1 0 0 na na
10 59364.834350367675 0.010842588292 cfg1 2 1 0 0 na na
10 59364.846350327912 0.010842098911 cfg1 2 1 0 0 na na
10 59364.865350266777 0.010841305167 cfg1 2 1 0 0 na na
10 59364.866350353354 0.010841281319 cfg1 2 1 0 0 na na
10 59364.894350336739 0.010840123034 cfg1 2 1 0 0 na na
10 59364.953350283881 0.010837694239 cfg1 2 1 0 0 na na
10 59365.001350280080 0.010835703437 cfg1 2 1 0 0 na na
10 59365.049350291938 0.010833734716 cfg1 2 1 0 0 na na
10 59365.059350290941 0.010833321520 cfg1 2 1 0 0 na na
10 59365.076350251300 0.010832625489 cfg1 2 1 0 0 na na
10 59365.080350315458 0.010832473914 cfg1 2 1 0 0 na na
10 59365.085350256091 0.010832250860 cfg1 2 1 0 0 na na
10 59365.101350301478 0.010831599052 cfg1 2 1 0 0 na na
10 59365.123350313543 0.010830702517 cfg1 2 1 0 0 na na
10 59365.128350334419 0.010830482689 cfg1 2 1 0 0 na na
10 59365.160350348350 0.010829174964 cfg1 2 1 0 0 na na
10 59365.161350298550 0.010829122418 cfg1 2 1 0 0 na na
10 59365.180350301682 0.010828341889 cfg1 2 1 0 0 na na
10 59365.186350321790 0.010828092122 cfg1 2 1 0 0 na na
10 59365.199350317717 0.010827552532 cfg1 2 1 0 0 na na
10 59365.206350335960 0.010827270275 cfg1 2 1 0 0 na na
10 59365.209350348896 0.010827141769 cfg1 2 1 0 0 na na
10 59365.239350356555 0.010825906129 cfg1 2 1 0 0 na na
10 59365.244350339792 0.010825726197 cfg1 2 1 0 0 na na
10 59365.262350291846 0.010824981258 cfg1 2 1 0 0 na na
10 59365.267350291364 0.010824776513 cfg1 2 1 0 0 na na
10 59365.337350303477 0.010821898731 cfg1 2 1 0 0 na na
10 59365.359350301543 0.010820973792 cfg1 2 1 0 0 na na
10 59365.360350327396 0.010820945081 cfg1 2 1 0 0 na na
10 59365.375350283895 0.010820328612 cfg1 2 1 0 0 na na
10 59365.388350309417 0.010819791607 cfg1 2 1 0 0 na na
10 59365.391350302350 0.010819659348 cfg1 2 1 0 0 na na
10 59365.400350307463 0.010819288871 cfg1 2 1 0 0 na na
10 59365.415350346368 0.010818673853 cfg1 2 1 0 0 na na
10 59365.425350291081 0.010818280296 cfg1 2 1 0 0 na na
10 59365.426350340306 0.010818233491 cfg1 2 1 0 0 na na
10 59365.434350367098 0.010817901740 cfg1 2 1 0 0 na na
10 59365.489350294868 0.010815635941 cfg1 2 1 0 0 na na
10 59365.496350266043 0.010815331000 cfg1 2 1 0 0 na na
10 59365.508350270136 0.010814846357 cfg1 2 1 0 0 na na
10 59365.520350257879 0.010814349120 cfg1 2 1 0 0 na na
10 59365.522350266559 0.010814277738 cfg1 2 1 0 0 na na
10 59365.532350257442 0.010813859259 cfg1 2 1 0 0 na na
10 59365.565350295206 0.010812504315 cfg1 2 1 0 0 na na
10 59365.567350294371 0.010812414953 cfg1 2 1 0 0 na na
10 59365.581350278743 0.010811845084 cfg1 2 1 0 0 na na
10 59365.585350253785 0.010811683074 cfg1 2 1 0 0 na na
10 59365.633350275066 0.010809710212 cfg1 2 1 0 0 na na
10 59365.635350336702 0.010809623492 cfg1 2 1 0 0 na na
10 59365.648350260861 0.010809080992 cfg1 2 1 0 0 na na
10 59365.676350318081 0.010807936402 cfg1 2 1 0 0 na na
10 59365.702350319780 0.010806857901 cfg1 2 1 0 0 na na
10 59365.724350263183 0.010805953588 cfg1 2 1 0 0 na na
10 59365.739350303606 0.010805337543 cfg1 2 1 0 0 na na
10 59365.745350247884 0.010805108944 cfg1 2 1 0 0 na na
10 59365.752350338617 0.010804800315 cfg1 2 1 0 0 na na
10 59365.757350370089 0.010804616211 cfg1 2 1 0 0 na na
10 59365.774350253720 0.010803914783 cfg1 2 1 0 0 na na
10 59365.810350311497 0.010802421420 cfg1 2 1 0 0 na na
10 59365.821350272842 0.010801980909 cfg1 2 1 0 0 na na
10 59365.840350304557 0.010801196324 cfg1 2 1 0 0 na na
10 59365.853350255678 0.010800656207 cfg1 2 1 0 0 na na
10 59365.902350279964 0.010798659069 cfg1 2 1 0 0 na na
10 59365.913350347414 0.010798204301 cfg1 2 1 0 0 na na
10 59365.916350291840 0.010798064371 cfg1 2 1 0 0 na na
10 59365.942350345282 0.010797008769 cfg1 2 1 0 0 na na
10 59365.944350282881 0.010796917327 cfg1 2 1 0 0 na na
10 59365.946350305441 0.010796825762 cfg1 2 1 0 0 na na
10 59365.970350275944 0.010795859638 cfg1 2 1 0 0 na na
10 59365.993350246276 0.010794910506 cfg1 2 1 0 0 na na
10 59366.032350302511 0.010793294116 cfg1 2 1 0 0 na na
10 59366.045350268328 0.010792780951 cfg1 2 1 0 0 na na
10 59366.047350291328 0.010792672777 cfg1 2 1 0 0 na na
10 59366.048350288886 0.010792655913 cfg1 2 1 0 0 na na
10 59366.053350302897 0.010792434238 cfg1 2 1 0 0 na na
10 59366.085350274172 0.010791126721 cfg1 2 1 0 0 na na
10 59366.087350395320 0.010791033432 cfg1 2 1 0 0 na na
10 59366.089350259282 0.010790955829 cfg1 2 1 0 0 na na
10 59366.106350322760 0.010790253168 cfg1 2 1 0 0 na na
10 59366.108350277372 0.010790183739 cfg1 2 1 0 0 na na
10 59366.126350265687 0.010789435116 cfg1 2 1 0 0 na na
10 59366.134350311154 0.010789110950 cfg1 2 1 0 0 na na
10 59366.139350288964 0.010788915590 cfg1 2 1 0 0 na na
10 59366.141350278997 0.010788816075 cfg1 2 1 0 0 na na
10 59366.146350292457 0.010788617375 cfg1 2 1 0 0 na na
10 59366.147350265515 0.010788561632 cfg1 2 1 0 0 na na
10 59366.166350305010 0.010787804612 cfg1 2 1 0 0 na na
10 59366.170350335307 0.010787635261 cfg1 2 1 0 0 na na
10 59366.188350322087 0.010786905420 cfg1 2 1 0 0 na na
10 59366.201350298202 0.010786349719 cfg1 2 1 0 0 na na
10 59366.203350279234 0.010786269798 cfg1 2 1 0 0 na na
10 59366.205350280092 0.010786193122 cfg1 2 1 0 0 na na
10 59366.208350305196 0.010786081912 cfg1 2 1 0 0 na na
10 59366.209350275562 0.010786041173 cfg1 2 1 0 0 na na
10 59366.215350293303 0.010785780375 cfg1 2 1 0 0 na na
10 59366.224350251434 0.010785412686 cfg1 2 1 0 0 na na
10 59366.230350301501 0.010785163448 cfg1 2 1 0 0 na na
10 59366.246350263624 0.010784493187 cfg1 2 1 0 0 na na
10 59366.266350251467 0.010783694725 cfg1 2 1 0 0 na na
10 59366.286350329323 0.010782849291 cfg1 2 1 0 0 na na
10 59366.294350293076 0.010782538905 cfg1 2 1 0 0 na na
10 59366.307350317376 0.010782003061 cfg1 2 1 0 0 na na
10 59366.313350305978 0.010781761418 cfg1 2 1 0 0 na na
10 59366.343350263116 0.010780509525 cfg1 2 1 0 0 na na
10 59366.366350254540 0.010779576639 cfg1 2 1 0 0 na na
10 59366.373350272531 0.010779295163 cfg1 2 1 0 0 na na
10 59366.380350314761 0.010778991393 cfg1 2 1 0 0 na na
10 59366.385350257786 0.010778788912 cfg1 2 1 0 0 na na
10 59366.387350322631 0.010778709018 cfg1 2 1 0 0 na na
10 59366.396350297912 0.010778350200 cfg1 2 1 0 0 na na
10 59366.403350304008 0.010778063429 cfg1 2 1 0 0 na na
10 59366.450350329973 0.010776113856 cfg1 2 1 0 0 na na
10 59366.467350303710 0.010775432854 cfg1 2 1 0 0 na na
10 59366.531350331504 0.010772799420 cfg1 2 1 0 0 na na
10 59366.534350307383 0.010772675495 cfg1 2 1 0 0 na na
10 59366.550350277124 0.010772010403 cfg1 2 1 0 0 na na
10 59366.553350316042 0.010771899164 cfg1 2 1 0 0 na na
10 59366.595350358478 0.010770161774 cfg1 2 1 0 0 na na
10 59366.598350249489 0.010770047324 cfg1 2 1 0 0 na na
10 59366.603350303907 0.010769837283 cfg1 2 1 0 0 na na
10 59366.609350371341 0.010769589025 cfg1 2 1 0 0 na na
10 59366.623350311098 0.010769009517 cfg1 2 1 0 0 na na
10 59366.629350256763 0.010768765949 cfg1 2 1 0 0 na na
10 59366.643350289778 0.010768198174 cfg1 2 1 0 0 na na
10 59366.656350310475 0.010767670128 cfg1 2 1 0 0 na na
10 59366.665350275150 0.010767289553 cfg1 2 1 0 0 na na
10 59366.676350262465 0.010766840967 cfg1 2 1 0 0 na na
10 59366.688350295983 0.010766334566 cfg1 2 1 0 0 na na
10 59366.728350321314 0.010764699002 cfg1 2 1 0 0 na na
10 59366.771350257140 0.010762942850 cfg1 2 1 0 0 na na
10 59366.778350321818 0.010762661063 cfg1 2 1 0 0 na na
10 59366.788350300277 0.010762244799 cfg1 2 1 0 0 na na
10 59366.797350280533 0.010761859305 cfg1 2 1 0 0 na na
10 59366.805350241160 0.010761550806 cfg1 2 1 0 0 na na
10 59366.811350274745 0.010761300305 cfg1 2 1 0 0 na na
10 59366.825350320460 0.010760723909 cfg1 2 1 0 0 na na
10 59366.831350286263 0.010760475316 cfg1 2 1 0 0 na na
10 59366.837350336217 0.010760243603 cfg1 2 1 0 0 na na
10 59366.844350241353 0.010759950586 cfg1 2 1 0 0 na na
10 59366.868350324549 0.010758945783 cfg1 2 1 0 0 na na
10 59366.878350284684 0.010758553905 cfg1 2 1 0 0 na na
10 59366.882350258756 0.010758373493 cfg1 2 1 0 0 na na
10 59366.887350292635 0.010758169309 cfg1 2 1 0 0 na na
10 59366.897350276554 0.010757775470 cfg1 2 1 0 0 na na
10 59366.915350330234 0.010757038246 cfg1 2 1 0 0 na na
10 59366.917350300536 0.010756957809 cfg1 2 1 0 0 na na
10 59366.928350293797 0.010756499886 cfg1 2 1 0 0 na na
10 59366.945350285506 0.010755800081 cfg1 2 1 0 0 na na
10 59366.956350267967 0.010755345644 cfg1 2 1 0 0 na na
10 59366.966350261017 0.010754920873 cfg1 2 1 0 0 na na
10 59366.970350254351 0.010754762421 cfg1 2 1 0 0 na na
10 59367.018350264022 0.010752812034 cfg1 2 1 0 0 na na
10 59367.022350291569 0.010752645925 cfg1 2 1 0 0 na na
10 59367.030350287608 0.010752306925 cfg1 2 1 0 0 na na
10 59367.054350255594 0.010751316366 cfg1 2 1 0 0 na na
10 59367.065350352755 0.010750868478 cfg1 2 1 0 0 na na
10 59367.113350340293 0.010748886669 cfg1 2 1 0 0 na na
10 59367.118350256732 0.010748699066 cfg1 2 1 0 0 na na
10 59367.138350318164 0.010747861403 cfg1 2 1 0 0 na na
10 59367.151350300205 0.010747339940 cfg1 2 1 0 0 na na
10 59367.152350360825 0.010747306003 cfg1 2 1 0 0 na na
10 59367.156350238934 0.010747142999 cfg1 2 1 0 0 na na
10 59367.168350325443 0.010746650735 cfg1 2 1 0 0 na na
10 59367.174350290679 0.010746389501 cfg1 2 1 0 0 na na
10 59367.183350276086 0.010746013070 cfg1 2 1 0 0 na na
10 59367.200350299443 0.010745337806 cfg1 2 1 0 0 na na
10 59367.210350256483 0.010744910485 cfg1 2 1 0 0 na na
10 59367.212350318048 0.010744835837 cfg1 2 1 0 0 na na
10 59367.215350293213 0.010744696907 cfg1 2 1 0 0 na na
10 59367.234350330542 0.010743936746 cfg1 2 1 0 0 na na
10 59367.236350295536 0.010743864002 cfg1 2 1 0 0 na na
10 59367.238350274371 0.010743753059 cfg1 2 1 0 0 na na
10 59367.240350286403 0.010743691173 cfg1 2 1 0 0 na na
10 59367.249350341558 0.010743314301 cfg1 2 1 0 0 na na
10 59367.269350262682 0.010742496947 cfg1 2 1 0 0 na na
10 59367.289350407033 0.010741684806 cfg1 2 1 0 0 na na
10 59367.293350319989 0.010741500612 cfg1 2 1 0 0 na na
10 59367.351350251005 0.010739130908 cfg1 2 1 0 0 na na
10 59367.370350263192 0.010738340226 cfg1 2 1 0 0 na na
10 59367.371350303393 0.010738299829 cfg1 2 1 0 0 na na
10 59367.373350278249 0.010738215453 cfg1 2 1 0 0 na na
10 59367.400350260549 0.010737122463 cfg1 2 1 0 0 na na
10 59367.403350332216 0.010736995521 cfg1 2 1 0 0 na na
10 59367.419350306259 0.010736351652 cfg1 2 1 0 0 na na
10 59367.427350321753 0.010736020958 cfg1 2 1 0 0 na na
10 59367.450350326799 0.010735070922 cfg1 2 1 0 0 na na
10 59367.466350295043 0.010734421928 cfg1 2 1 0 0 na na
10 59367.490350254290 0.010733435946 cfg1 2 1 0 0 na na
10 59367.494350272958 0.010733272497 cfg1 2 1 0 0 na na
10 59367.507350324582 0.010732741509 cfg1 2 1 0 0 na na
10 59367.520350304553 0.010732196027 cfg1 2 1 0 0 na na
10 59367.521350293559 0.010732163825 cfg1 2 1 0 0 na na
10 59367.523350308905 0.010732063813 cfg1 2 1 0 0 na na
10 59367.534350288370 0.010731609000 cfg1 2 1 0 0 na na
10 59367.560350291624 0.010730550069 cfg1 2 1 0 0 na na
10 59367.562350295706 0.010730487724 cfg1 2 1 0 0 na na
10 59367.570350264171 0.010730137949 cfg1 2 1 0 0 na na
10 59367.579350333176 0.010729787483 cfg1 2 1 0 0 na na
10 59367.589350286938 0.010729353784 cfg1 2 1 0 0 na na
10 59367.596350281515 0.010729077784 cfg1 2 1 0 0 na na
10 59367.633350325788 0.010727564390 cfg1 2 1 0 0 na na
10 59367.640350255272 0.010727271623 cfg1 2 1 0 0 na na
10 59367.644350326070 0.010727113917 cfg1 2 1 0 0 na na
10 59367.665350283586 0.010726252018 cfg1 2 1 0 0 na na
10 59367.672350301464 0.010725975687 cfg1 2 1 0 0 na na
10 59367.678350320312 0.010725705077 cfg1 2 1 0 0 na na
10 59367.688350283765 0.010725313457 cfg1 2 1 0 0 na na
10 59367.692350371835 0.010725153167 cfg1 2 1 0 0 na na
10 59367.701350330371 0.010724764667 cfg1 2 1 0 0 na na
10 59367.732350266708 0.010723508314 cfg1 2 1 0 0 na na
10 59367.752350293479 0.010722674111 cfg1 2 1 0 0 na na
10 59367.765350282909 0.010722161795 cfg1 2 1 0 0 na na
10 59367.794350318430 0.010720971122 cfg1 2 1 0 0 na na
10 59367.798350322507 0.010720799159 cfg1 2 1 0 0 na na
10 59367.800350287106 0.010720701741 cfg1 2 1 0 0 na na
10 59367.805350319188 0.010720519427 cfg1 2 1 0 0 na na
10 59367.851350309750 0.010718614430 cfg1 2 1 0 0 na na
10 59367.856350345194 0.010718422420 cfg1 2 1 0 0 na na
10 59367.877350299962 0.010717567159 cfg1 2 1 0 0 na na
10 59367.882350299466 0.010717348077 cfg1 2 1 0 0 na na
10 59367.888350301426 0.010717113779 cfg1 2 1 0 0 na na
10 59367.893350339965 0.010716886893 cfg1 2 1 0 0 na na
10 59367.936350340428 0.010715121216 cfg1 2 1 0 0 na na
10 59367.939350268899 0.010715015132 cfg1 2 1 0 0 na na
10 59367.968350292022 0.010713827969 cfg1 2 1 0 0 na na
10 59367.985350299592 0.010713131156 cfg1 2 1 0 0 na na
10 59367.994350336775 0.010712758532 cfg1 2 1 0 0 na na
10 59368.007350300488 0.010712212274 cfg1 2 1 0 0 na na
10 59368.014350274510 0.010711951621 cfg1 2 1 0 0 na na
10 59368.036350356041 0.010711029605 cfg1 2 1 0 0 na na
10 59368.054350284992 0.010710305619 cfg1 2 1 0 0 na na
10 59368.069350302863 0.010709688428 cfg1 2 1 0 0 na na
10 59368.074350300376 0.010709470287 cfg1 2 1 0 0 na na
10 59368.077350294007 0.010709342549 cfg1 2 1 0 0 na na
10 59368.103350253190 0.010708288941 cfg1 2 1 0 0 na na
10 59368.111350257404 0.010707954318 cfg1 2 1 0 0 na na
10 59368.117350299414 0.010707701248 cfg1 2 1 0 0 na na
10 59368.214350292019 0.010703753934 cfg1 2 1 0 0 na na
10 59368.221350319578 0.010703463607 cfg1 2 1 0 0 na na
10 59368.258350280622 0.010701921965 cfg1 2 1 0 0 na na
10 59368.264350337168 0.010701684054 cfg1 2 1 0 0 na na
10 59368.265350340440 0.010701639611 cfg1 2 1 0 0 na na
10 59368.284350270858 0.010700882864 cfg1 2 1 0 0 na na
10 59368.293350296811 0.010700499833 cfg1 2 1 0 0 na na
10 59368.337350329293 0.010698709954 cfg1 2 1 0 0 na na
10 59368.361350291110 0.010697718873 cfg1 2 1 0 0 na na
10 59368.380350240980 0.010696945887 cfg1 2 1 0 0 na na
10 59368.389350303333 0.010696558847 cfg1 2 1 0 0 na na
10 59368.401350262983 0.010696063931 cfg1 2 1 0 0 na na
10 59368.423350264124 0.010695181784 cfg1 2 1 0 0 na na
10 59368.425350274098 0.010695096604 cfg1 2 1 0 0 na na
10 59368.444350322911 0.010694303498 cfg1 2 1 0 0 na na
10 59368.463350344003 0.010693520865 cfg1 2 1 0 0 na na
10 59368.484350296838 0.010692674927 cfg1 2 1 0 0 na na
10 59368.556350259017 0.010689717682 cfg1 2 1 0 0 na na
10 59368.577350248360 0.010688868384 cfg1 2 1 0 0 na na
10 59368.598350294002 0.010688016640 cfg1 2 1 0 0 na na
10 59368.602350307162 0.010687844061 cfg1 2 1 0 0 na na
10 59368.609350299637 0.010687561249 cfg1 2 1 0 0 na na
10 59368.626350297459 0.010686862800 cfg1 2 1 0 0 na na
10 59368.641350252312 0.010686253618 cfg1 2 1 0 0 na na
10 59368.686350350425 0.010684391119 cfg1 2 1 0 0 na na
10 59368.724350256560 0.010682853293 cfg1 2 1 0 0 na na
10 59368.745350252441 0.010681984593 cfg1 2 1 0 0 na na
10 59368.795350321233 0.010679940837 cfg1 2 1 0 0 na na
10 59368.817350261680 0.010679025242 cfg1 2 1 0 0 na na
10 59368.859350321835 0.010677317251 cfg1 2 1 0 0 na na
10 59368.891350293816 0.010676009219 cfg1 2 1 0 0 na na
10 59368.923350321440 0.010674694348 cfg1 2 1 0 0 na na
10 59368.932350291709 0.010674316300 cfg1 2 1 0 0 na na
10 59368.942350319805 0.010673917691 cfg1 2 1 0 0 na na
10 59368.965350291769 0.010672971057 cfg1 2 1 0 0 na na
10 59369.016350294885 0.010670897206 cfg1 2 1 0 0 na na
10 59369.026350293983 0.010670475596 cfg1 2 1 0 0 na na
10 59369.075350258602 0.010668463404 cfg1 2 1 0 0 na na
10 59369.161350304701 0.010664955891 cfg1 2 1 0 0 na na
10 59369.176350393516 0.010664334528 cfg1 2 1 0 0 na na
10 59369.201350285041 0.010663314406 cfg1 2 1 0 0 na na
10 59369.237350307589 0.010661840476 cfg1 2 1 0 0 na na
10 59369.240350314290 0.010661720947 cfg1 2 1 0 0 na na
10 59369.254350333181 0.010661140821 cfg1 2 1 0 0 na na
10 59369.304350301637 0.010659113723 cfg1 2 1 0 0 na na
10 59369.311350281860 0.010658812008 cfg1 2 1 0 0 na na
10 59369.364350352753 0.010656643208 cfg1 2 1 0 0 na na
10 59369.401350246617 0.010655135243 cfg1 2 1 0 0 na na
10 59369.416350330232 0.010654506949 cfg1 2 1 0 0 na na
10 59369.433350318104 0.010653818157 cfg1 2 1 0 0 na na
10 59369.443350387955 0.010653410756 cfg1 2 1 0 0 na na
10 59369.451350357814 0.010653088060 cfg1 2 1 0 0 na na
10 59369.486350270456 0.010651662277 cfg1 2 1 0 0 na na
10 59369.514350331136 0.010650505921 cfg1 2 1 0 0 na na
10 59369.524350265174 0.010650097435 cfg1 2 1 0 0 na na
10 59369.535350292783 0.010649632899 cfg1 2 1 0 0 na na
10 59369.596350340659 0.010647151035 cfg1 2 1 0 0 na na
10 59369.626350310363 0.010645919132 cfg1 2 1 0 0 na na
10 59369.631350261260 0.010645718750 cfg1 2 1 0 0 na na
10 59369.700350283497 0.010642897406 cfg1 2 1 0 0 na na
10 59369.734350381545 0.010641510492 cfg1 2 1 0 0 na na
10 59369.788350267885 0.010639298475 cfg1 2 1 0 0 na na
10 59369.831350333460 0.010637540034 cfg1 2 1 0 0 na na
10 59369.836350321276 0.010637338021 cfg1 2 1 0 0 na na
10 59369.839350333485 0.010637209602 cfg1 2 1 0 0 na na
10 59369.891350260923 0.010635075971 cfg1 2 1 0 0 na na
10 59369.908350288602 0.010634391525 cfg1 2 1 0 0 na na
10 59369.912350302199 0.010634227888 cfg1 2 2 0 0 na na
10 59369.923350276871 0.010633778081 cfg1 2 2 0 0 na na
10 59369.924350265718 0.010633730343 cfg1 2 1 0 0 na na
10 59369.946350340020 0.010632824728 cfg1 2 1 0 0 na na
10 59369.981350297386 0.010631406758 cfg1 2 2 0 0 na na
10 59370.097350316434 0.010626666120 cfg1 2 1 0 0 na na
10 59370.126350309207 0.010625479204 cfg1 2 2 0 0 na na
10 59370.138350317654 0.010624982178 cfg1 2 1 0 0 na na
10 59370.142350282488 0.010624835502 cfg1 2 1 0 0 na na
10 59370.148350322439 0.010624581076 cfg1 2 1 0 0 na na
10 59370.233350282800 0.010621118318 cfg1 2 1 0 0 na na
10 59370.247350265664 0.010620521149 cfg1 2 1 0 0 na na
10 59370.253350317478 0.010620280868 cfg1 2 1 0 0 na na
10 59370.254350331483 0.010620242681 cfg1 2 1 0 0 na na
10 59370.268350316064 0.010619669301 cfg1 2 1 0 0 na na
10 59370.333350302222 0.010617029666 cfg1 2 1 0 0 na na
10 59370.369350281210 0.010615542398 cfg1 2 1 0 0 na na
10 59370.392350329647 0.010614605518 cfg1 2 1 0 0 na na
10 59370.401350275763 0.010614245011 cfg1 2 1 0 0 na na
10 59370.448350313813 0.010612335343 cfg1 2 1 0 0 na na
10 59370.477350253962 0.010611132810 cfg1 2 1 0 0 na na
10 59370.494350303596 0.010610435173 cfg1 2 1 0 0 na na
10 59370.522350341520 0.010609296711 cfg1 2 1 0 0 na na
10 59370.523350252309 0.010609260725 cfg1 2 1 0 0 na na
10 59370.537350284730 0.010608683430 cfg1 2 1 0 0 na na
10 59370.542350292087 0.010608477023 cfg1 2 1 0 0 na na
10 59370.543350263818 0.010608428105 cfg1 2 1 0 0 na na
10 59370.586350321049 0.010606673658 cfg1 2 1 0 0 na na
10 59370.593350249566 0.010606401928 cfg1 2 1 0 0 na na
10 59370.611350374340 0.010605661388 cfg1 2 1 0 0 na na
10 59370.701350344137 0.010601981003 cfg1 2 1 0 0 na na
10 59370.705350277634 0.010601832475 cfg1 2 1 0 0 na na
10 59370.711350296537 0.010601584802 cfg1 2 1 0 0 na na
10 59370.781350246435 0.010598727042 cfg1 2 1 0 0 na na
10 59370.787350245706 0.010598486160 cfg1 2 1 0 0 na na
10 59370.795350386043 0.010598134205 cfg1 2 1 0 0 na na
10 59370.816350293964 0.010597300864 cfg1 2 1 0 0 na na
10 59370.826350323784 0.010596885420 cfg1 2 1 0 0 na na
10 59370.848350299505 0.010595981267 cfg1 2 1 0 0 na na
10 59370.878350335686 0.010594772165 cfg1 2 1 0 0 na na
10 59370.932350375602 0.010592544965 cfg1 2 1 0 0 na na
10 59370.937350334633 0.010592345274 cfg1 2 1 0 0 na na
10 59371.000350259486 0.010589773662 cfg1 2 1 0 0 na na
10 59371.055350312863 0.010587536937 cfg1 2 1 0 0 na na
10 59371.061350267255 0.010587277031 cfg1 2 1 0 0 na na
10 59371.128350257661 0.010584544569 cfg1 2 1 0 0 na na
10 59371.131350338118 0.010584414385 cfg1 2 1 0 0 na na
10 59371.137350319604 0.010584177543 cfg1 2 1 0 0 na na
10 59371.149350256047 0.010583690955 cfg1 2 1 0 0 na na
10 59371.172350322743 0.010582747323 cfg1 2 1 0 0 na na
10 59371.194350277412 0.010581860948 cfg1 2 1 0 0 na na
10 59371.296350286691 0.010577700926 cfg1 2 1 0 0 na na
10 59371.299350340140 0.010577561635 cfg1 2 1 0 0 na na
10 59371.326350319174 0.010576482154 cfg1 2 1 0 0 na na
10 59371.349350321848 0.010575521323 cfg1 2 1 0 0 na na
10 59371.350350272688 0.010575482220 cfg1 2 1 0 0 na na
10 59371.354350243354 0.010575338550 cfg1 2 1 0 0 na na
10 59371.356350415820 0.010575258011 cfg1 2 1 0 0 na na
10 59371.358350289357 0.010575167183 cfg1 2 1 0 0 na na
10 59371.408350291524 0.010573116561 cfg1 2 1 0 0 na na
10 59371.431350263234 0.010572175829 cfg1 2 1 0 0 na na
10 59371.440350306677 0.010571807738 cfg1 2 1 0 0 na na
10 59371.448350316135 0.010571494586 cfg1 2 1 0 0 na na
10 59371.466350274322 0.010570761596 cfg1 2 1 0 0 na na
10 59371.499350258233 0.010569403747 cfg1 2 1 0 0 na na
10 59371.503350280756 0.010569257616 cfg1 2 1 0 0 na na
10 59371.527350263372 0.010568258476 cfg1 2 1 0 0 na na
10 59371.543350285662 0.010567625462 cfg1 2 1 0 0 na na
10 59371.589350305213 0.010565749618 cfg1 2 1 0 0 na na
10 59371.596350307931 0.010565440973 cfg1 2 1 0 0 na na
10 59371.605350329922 0.010565096838 cfg1 2 1 0 0 na na
10 59371.606350270855 0.010565046819 cfg1 2 1 0 0 na na
10 59371.608350274777 0.010564953468 cfg1 2 1 0 0 na na
10 59371.609350269183 0.010564922255 cfg1 2 1 0 0 na na
10 59371.624350328446 0.010564323995 cfg1 2 1 0 0 na na
10 59371.635350298091 0.010563876535 cfg1 2 1 0 0 na na
10 59371.638350320847 0.010563732603 cfg1 2 1 0 0 na na
10 59371.655350249172 0.010563052986 cfg1 2 1 0 0 na na
10 59371.660350304274 0.010562838136 cfg1 2 1 0 0 na na
10 59371.706350382494 0.010560959531 cfg1 2 1 0 0 na na
10 59371.718350322660 0.010560473251 cfg1 2 1 0 0 na na
10 59371.719350279702 0.010560447339 cfg1 2 1 0 0 na na
10 59371.740350246037 0.010559585769 cfg1 2 1 0 0 na na
10 59371.768350346459 0.010558442095 cfg1 2 1 0 0 na na
10 59371.778350316108 0.010558027512 cfg1 2 1 0 0 na na
10 59371.780350315384 0.010557940715 cfg1 2 1 0 0 na na
10 59371.783350349863 0.010557841013 cfg1 2 1 0 0 na na
10 59371.818350326324 0.010556390500 cfg1 2 1 0 0 na na
10 59371.845350267729 0.010555311947 cfg1 2 1 0 0 na na
10 59371.865350321221 0.010554492111 cfg1 2 1 0 0 na na
10 59371.870350255156 0.010554276879 cfg1 2 1 0 0 na na
10 59371.932350336204 0.010551742465 cfg1 2 1 0 0 na na
10 59371.942350302045 0.010551353359 cfg1 2 1 0 0 na na
10 59371.965350374124 0.010550402880 cfg1 2 1 0 0 na na
10 59372.021350371069 0.010548139029 cfg1 2 1 0 0 na na
10 59372.024350278773 0.010547990801 cfg1 2 1 0 0 na na
10 59372.036350290583 0.010547521181 cfg1 2 1 0 0 na na
10 59372.095350355598 0.010545106788 cfg1 2 1 0 0 na na
10 59372.118350339934 0.010544159322 cfg1 2 1 0 0 na na
10 59372.164350287795 0.010542284719 cfg1 2 1 0 0 na na
10 59372.197350350543 0.010540952174 cfg1 2 1 0 0 na na
10 59372.213350266708 0.010540290708 cfg1 2 1 0 0 na na
10 59372.229350283176 0.010539635564 cfg1 2 1 0 0 na na
10 59372.231350243486 0.010539574912 cfg1 2 1 0 0 na na
10 59372.246350311295 0.010538957360 cfg1 2 1 0 0 na na
10 59372.266350315464 0.010538154310 cfg1 2 1 0 0 na na
10 59372.280350328466 0.010537569751 cfg1 2 1 0 0 na na
10 59372.343350303233 0.010534993038 cfg1 2 1 0 0 na na
10 59372.353350365890 0.010534596475 cfg1 2 1 0 0 na na
10 59372.364350346342 0.010534152440 cfg1 2 1 0 0 na na
10 59372.376350319119 0.010533646440 cfg1 2 1 0 0 na na
10 59372.423350332509 0.010531750559 cfg1 2 1 0 0 na na
10 59372.434350328140 0.010531285742 cfg1 2 1 0 0 na na
10 59372.442350314145 0.010530958879 cfg1 2 1 0 0 na na
10 59372.471350298870 0.010529801821 cfg1 2 1 0 0 na na
10 59372.512350319425 0.010528108165 cfg1 2 1 0 0 na na
10 59372.537350316710 0.010527087608 cfg1 2 1 0 0 na na
10 59372.549350402261 0.010526599424 cfg1 2 1 0 0 na na
10 59372.550350264100 0.010526557844 cfg1 2 1 0 0 na na
10 59372.564350258687 0.010525993118 cfg1 2 1 0 0 na na
10 59372.583350344016 0.010525227468 cfg1 2 1 0 0 na na
10 59372.590350288009 0.010524949696 cfg1 2 1 0 0 na na
10 59372.610350319421 0.010524112967 cfg1 2 1 0 0 na na
10 59372.613350250547 0.010524006112 cfg1 2 1 0 0 na na
10 59372.636350333816 0.010523064675 cfg1 2 1 0 0 na na
10 59372.637350303970 0.010523023377 cfg1 2 1 0 0 na na
10 59372.662350274246 0.010522021341 cfg1 2 1 0 0 na na
10 59372.684350341636 0.010521118072 cfg1 2 1 0 0 na na
10 59372.686350304604 0.010521028130 cfg1 2 1 0 0 na na
10 59372.769350298853 0.010517635749 cfg1 2 1 0 0 na na
10 59372.770350244328 0.010517617792 cfg1 2 1 0 0 na na
10 59372.810350276555 0.010515971927 cfg1 2 1 0 0 na na
10 59372.865350329018 0.010513747980 cfg1 2 1 0 0 na na
10 59372.874350264858 0.010513362141 cfg1 2 1 0 0 na na
10 59372.947350257547 0.010510400023 cfg1 2 1 0 0 na na
10 59372.996350302716 0.010508410542 cfg1 2 1 0 0 na na
10 59373.026350326081 0.010507175363 cfg1 2 1 0 0 na na
10 59373.077350312359 0.010505109778 cfg1 2 1 0 0 na na
10 59373.154350302679 0.010501987995 cfg1 2 1 0 0 na na
10 59373.205350344163 0.010499909626 cfg1 2 1 0 0 na na
10 59373.259350389536 0.010497708844 cfg1 2 1 0 0 na na
10 59373.265350318992 0.010497458762 cfg1 2 1 0 0 na na
10 59373.266350287341 0.010497434789 cfg1 2 1 0 0 na na
10 59373.336350300292 0.010494572670 cfg1 2 1 0 0 na na
10 59373.386350335759 0.010492539071 cfg1 2 1 0 0 na na
10 59373.400350252664 0.010491969352 cfg1 2 1 0 0 na na
10 59373.438350253471 0.010490418576 cfg1 2 1 0 0 na na
10 59373.570350315253 0.010485052975 cfg1 2 1 0 0 na na
10 59373.589350293674 0.010484275619 cfg1 2 1 0 0 na na
10 59373.624350349184 0.010482869703 cfg1 2 1 0 0 na na
10 59373.690350256980 0.010480169932 cfg1 2 1 0 0 na na
10 59373.712350247031 0.010479290662 cfg1 2 1 0 0 na na
10 59373.713350296130 0.010479226770 cfg1 2 1 0 0 na na
10 59373.738350274336 0.010478236062 cfg1 2 1 0 0 na na
10 59373.824350401329 0.010474720247 cfg1 2 1 0 0 na na
10 59373.849350307453 0.010473722838 cfg1 2 1 0 0 na na
10 59373.886350333031 0.010472215901 cfg1 2 1 0 0 na na
10 59373.900350312178 0.010471645313 cfg1 2 1 0 0 na na
10 59373.903350301905 0.010471505128 cfg1 2 1 0 0 na na
10 59373.938350256704 0.010470099996 cfg1 2 1 0 0 na na
10 59373.941350294616 0.010469968438 cfg1 2 1 0 0 na na
10 59373.960350322511 0.010469202776 cfg1 2 1 0 0 na na
10 59373.987350280531 0.010468101589 cfg1 2 1 0 0 na na
10 59374.016350271825 0.010466919683 cfg1 2 1 0 0 na na
10 59374.032350340749 0.010466272879 cfg1 2 1 0 0 na na
10 59374.101350269199 0.010463460088 cfg1 2 1 0 0 na na
10 59374.127350268361 0.010462410687 cfg1 2 1 0 0 na na
10 59374.152350305570 0.010461388322 cfg1 2 1 0 0 na na
10 59374.172350280631 0.010460582649 cfg1 2 1 0 0 na na
10 59374.186350357534 0.010460019809 cfg1 2 1 0 0 na na
10 59374.207350272411 0.010459146582 cfg1 2 1 0 0 na na
10 59374.215350329315 0.010458844566 cfg1 2 1 0 0 na na
10 59374.251350315034 0.010457364126 cfg1 2 1 0 0 na na
10 59374.309350291588 0.010455001862 cfg1 2 1 0 0 na na
10 59374.328350296245 0.010454255974 cfg1 2 1 0 0 na na
10 59374.349350266487 0.010453375444 cfg1 2 1 0 0 na na
10 59374.364350354904 0.010452768023 cfg1 2 1 0 0 na na
10 59374.373350269538 0.010452413605 cfg1 2 1 0 0 na na
10 59374.377350299180 0.010452257902 cfg1 2 1 0 0 na na
10 59374.387350242987 0.010451858752 cfg1 2 1 0 0 na na
10 59374.418350272854 0.010450573054 cfg1 2 1 0 0 na na
10 59374.496350306351 0.010447408298 cfg1 2 1 0 0 na na
10 59374.500350295535 0.010447262946 cfg1 2 1 0 0 na na
10 59374.514350292625 0.010446700504 cfg1 2 1 0 0 na na
10 59374.517350276559 0.010446556569 cfg1 2 1 0 0 na na
10 59374.530350258068 0.010446028864 cfg1 2 1 0 0 na na
10 59374.533350298203 0.010445925072 cfg1 2 1 0 0 na na
10 59374.561350293038 0.010444789056 cfg1 2 1 0 0 na na
10 59374.562350325992 0.010444723389 cfg1 2 1 0 0 na na
10 59374.582350304878 0.010443917476 cfg1 2 1 0 0 na na
10 59374.591350333539 0.010443563300 cfg1 2 1 0 0 na na
10 59374.607350318953 0.010442899951 cfg1 2 1 0 0 na na
10 59374.609350251101 0.010442830735 cfg1 2 1 0 0 na na
10 59374.612350347925 0.010442720834 cfg1 2 1 0 0 na na
10 59374.704350328142 0.010438978299 cfg1 2 1 0 0 na na
10 59374.739350287262 0.010437547735 cfg1 2 1 0 0 na na
10 59374.745350301584 0.010437321887 cfg1 2 1 0 0 na na
10 59374.756350298046 0.010436860661 cfg1 2 1 0 0 na na
10 59374.786350329319 0.010435649854 cfg1 2 1 0 0 na na
10 59374.823350327906 0.010434130509 cfg1 2 1 0 0 na na
10 59374.853350266865 0.010432936506 cfg1 2 1 0 0 na na
10 59374.867350346249 0.010432364822 cfg1 2 1 0 0 na na
10 59374.872350378433 0.010432136436 cfg1 2 1 0 0 na na
10 59374.879350280026 0.010431871771 cfg1 2 1 0 0 na na
10 59374.891350297543 0.010431365200 cfg1 2 1 0 0 na na
10 59374.919350357479 0.010430240196 cfg1 2 1 0 0 na na
10 59374.948350314360 0.010429073181 cfg1 2 1 0 0 na na
10 59374.974350358105 0.010428021569 cfg1 2 1 0 0 na na
10 59375.031350264774 0.010425687238 cfg1 2 1 0 0 na na
10 59375.079350328287 0.010423744001 cfg1 2 1 0 0 na na
10 59375.081350289283 0.010423669487 cfg1 2 1 0 0 na na
10 59375.100350321581 0.010422887009 cfg1 2 1 0 0 na na
10 59375.140350246749 0.010421280216 cfg1 2 1 0 0 na na
10 59375.157350249850 0.010420587028 cfg1 2 1 0 0 na na
10 59375.180350338471 0.010419659481 cfg1 2 1 0 0 na na
10 59375.187350304971 0.010419382771 cfg1 2 1 0 0 na na
10 59375.197350286846 0.010418963599 cfg1 2 1 0 0 na na
10 59375.253350321880 0.010416699530 cfg1 2 1 0 0 na na
10 59375.260350336141 0.010416411833 cfg1 2 1 0 0 na na
10 59375.301350352542 0.010414757004 cfg1 2 1 0 0 na na
10 59375.313350242540 0.010414264347 cfg1 2 1 0 0 na na
10 59375.325350317956 0.010413764068 cfg1 2 1 0 0 na na
10 59375.360350329429 0.010412344162 cfg1 2 1 0 0 na na
10 59375.366350322670 0.010412102405 cfg1 2 1 0 0 na na
10 59375.372350252596 0.010411864301 cfg1 2 1 0 0 na na
10 59375.376350315498 0.010411708420 cfg1 2 1 0 0 na na
10 59375.388350299028 0.010411220069 cfg1 2 1 0 0 na na
10 59375.391350247016 0.010411099901 cfg1 2 1 0 0 na na
10 59375.394350331032 0.010410956520 cfg1 2 1 0 0 na na
10 59375.410350352653 0.010410318495 cfg1 2 1 0 0 na na
10 59375.434350315713 0.010409344146 cfg1 2 1 0 0 na na
10 59375.440350263266 0.010409093208 cfg1 2 1 0 0 na na
10 59375.462350313847 0.010408205271 cfg1 2 1 0 0 na na
10 59375.505350333047 0.010406468907 cfg1 2 1 0 0 na na
10 59375.553350306527 0.010404513180 cfg1 2 1 0 0 na na
10 59375.591350358870 0.010402992667 cfg1 2 1 0 0 na na
10 59375.618350297604 0.010401878025 cfg1 2 1 0 0 na na
10 59375.673350321753 0.010399650341 cfg1 2 1 0 0 na na
10 59375.699350329698 0.010398613159 cfg1 2 1 0 0 na na
10 59375.703350276092 0.010398441417 cfg1 2 1 0 0 na na
10 59375.715350320148 0.010397961280 cfg1 2 1 0 0 na na
10 59375.746350348738 0.010396702772 cfg1 2 1 0 0 na na
10 59375.788350293430 0.010394999584 cfg1 2 1 0 0 na na
10 59375.839350307965 0.010392927220 cfg1 2 1 0 0 na na
10 59375.848350313650 0.010392555574 cfg1 2 1 0 0 na na
10 59375.855350264512 0.010392281255 cfg1 2 1 0 0 na na
10 59375.869350357597 0.010391705153 cfg1 2 1 0 0 na na
10 59375.885350267319 0.010391049589 cfg1 2 1 0 0 na na
10 59375.941350256930 0.010388803139 cfg1 2 1 0 0 na na
10 59375.969350259648 0.010387661207 cfg1 2 1 0 0 na na
10 59375.970350278531 0.010387630052 cfg1 2 1 0 0 na na
10 59376.013350318597 0.010385865771 cfg1 2 1 0 0 na na
10 59376.066350312268 0.010383729906 cfg1 2 1 0 0 na na
10 59376.084350315127 0.010382992348 cfg1 2 1 0 0 na na
10 59376.171350300331 0.010379463359 cfg1 2 1 0 0 na na
10 59376.199350322971 0.010378335894 cfg1 2 1 0 0 na na
10 59376.208350285511 0.010377965806 cfg1 2 1 0 0 na na
10 59376.212350314375 0.010377808075 cfg1 2 1 0 0 na na
10 59376.250350279844 0.010376272725 cfg1 2 1 0 0 na na
10 59376.282350337014 0.010374982828 cfg1 2 1 0 0 na na
10 59376.289350273893 0.010374685494 cfg1 2 1 0 0 na na
10 59376.334350271783 0.010372862138 cfg1 2 1 0 0 na na
10 59376.358350276932 0.010371909296 cfg1 2 1 0 0 na na
10 59376.362350320323 0.010371740530 cfg1 2 1 0 0 na na
10 59376.403350295446 0.010370080854 cfg1 2 1 0 0 na na
10 59376.405350310354 0.010369986789 cfg1 2 1 0 0 na na
10 59376.419350294307 0.010369441168 cfg1 2 1 0 0 na na
10 59376.432350288478 0.010368901741 cfg1 2 1 0 0 na na
10 59376.436350326124 0.010368736649 cfg1 2 1 0 0 na na
10 59376.469350313651 0.010367410991 cfg1 2 1 0 0 na na
10 59376.486350277286 0.010366721963 cfg1 2 1 0 0 na na
10 59376.501350281829 0.010366117007 cfg1 2 1 0 0 na na
10 59376.511350355072 0.010365699102 cfg1 2 1 0 0 na na
10 59376.516350344512 0.010365502417 cfg1 2 1 0 0 na na
10 59376.537350304650 0.010364652487 cfg1 2 1 0 0 na na
10 59376.543350347812 0.010364398021 cfg1 2 1 0 0 na na
10 59376.566350315291 0.010363477021 cfg1 2 1 0 0 na na
10 59376.593350251906 0.010362380539 cfg1 2 1 0 0 na na
10 59376.613350315078 0.010361585591 cfg1 2 1 0 0 na na
10 59376.650350265918 0.010360066197 cfg1 2 1 0 0 na na
10 59376.652350333032 0.010359995945 cfg1 2 1 0 0 na na
10 59376.656350289012 0.010359828821 cfg1 2 1 0 0 na na
10 59376.660350241466 0.010359680541 cfg1 2 1 0 0 na na
10 59376.666350378873 0.010359429232 cfg1 2 1 0 0 na na
10 59376.688350339106 0.010358524170 cfg1 2 1 0 0 na na
10 59376.717350281667 0.010357358546 cfg1 2 1 0 0 na na
10 59376.727350305551 0.010356961070 cfg1 2 1 0 0 na na
10 59376.747350298953 0.010356138314 cfg1 2 1 0 0 na na
10 59376.754350289350 0.010355853816 cfg1 2 1 0 0 na na
10 59376.761350321959 0.010355574842 cfg1 2 1 0 0 na na
10 59376.769350312529 0.010355275386 cfg1 2 1 0 0 na na
10 59376.791350282684 0.010354359988 cfg1 2 1 0 0 na na
10 59376.794350295228 0.010354247990 cfg1 2 1 0 0 na na
10 59376.807350274536 0.010353731920 cfg1 2 1 0 0 na na
10 59376.863350321758 0.010351464033 cfg1 2 1 0 0 na na
10 59376.873350267593 0.010351045672 cfg1 2 1 0 0 na na
10 59376.903350335549 0.010349844096 cfg1 2 1 0 0 na na
10 59376.914350288662 0.010349397217 cfg1 2 1 0 0 na na
10 59376.932350259551 0.010348657808 cfg1 2 1 0 0 na na
10 59376.936350278578 0.010348487307 cfg1 2 1 0 0 na na
10 59376.949350303834 0.010347988419 cfg1 2 1 0 0 na na
10 59376.975350332116 0.010346938638 cfg1 2 1 0 0 na na
10 59376.981350260376 0.010346684204 cfg1 2 1 0 0 na na
10 59376.986350334298 0.010346479702 cfg1 2 1 0 0 na na
10 59376.999350270474 0.010345941575 cfg1 2 1 0 0 na na
10 59377.022350281065 0.010345031504 cfg1 2 1 0 0 na na
10 59377.028350293848 0.010344789891 cfg1 2 1 0 0 na na
10 59377.042350319444 0.010344213971 cfg1 2 1 0 0 na na
10 59377.044350254514 0.010344127567 cfg1 2 1 0 0 na na
10 59377.045350353028 0.010344084743 cfg1 2 1 0 0 na na
10 59377.054350283498 0.010343730950 cfg1 2 1 0 0 na na
10 59377.123350274618 0.010340937609 cfg1 2 1 0 0 na na
10 59377.135350345450 0.010340461209 cfg1 2 1 0 0 na na
10 59377.137350325790 0.010340357514 cfg1 2 1 0 0 na na
10 59377.152350273174 0.010339755784 cfg1 2 1 0 0 na na
10 59377.173350340205 0.010338924237 cfg1 2 1 0 0 na na
10 59377.207350341661 0.010337535725 cfg1 2 1 0 0 na na
10 59377.225350334612 0.010336802349 cfg1 2 1 0 0 na na
10 59377.228350303761 0.010336675674 cfg1 2 1 0 0 na na
10 59377.266350326736 0.010335151387 cfg1 2 1 0 0 na na
10 59377.355350251592 0.010331550711 cfg1 2 1 0 0 na na
10 59377.380350289032 0.010330530907 cfg1 2 1 0 0 na na
10 59377.425350310461 0.010328736500 cfg1 2 1 0 0 na na
10 59377.442350374419 0.010328036682 cfg1 2 1 0 0 na na
10 59377.450350311451 0.010327706209 cfg1 2 1 0 0 na na
10 59377.452350257313 0.010327624606 cfg1 2 1 0 0 na na
10 59377.464350276902 0.010327146786 cfg1 2 1 0 0 na na
10 59377.471350274268 0.010326852795 cfg1 2 1 0 0 na na
10 59377.500350321759 0.010325688131 cfg1 2 1 0 0 na na
10 59377.506350339959 0.010325436357 cfg1 2 1 0 0 na na
10 59377.514350331926 0.010325132237 cfg1 2 1 0 0 na na
10 59377.515350241420 0.010325095306 cfg1 2 1 0 0 na na
10 59377.520350321908 0.010324871032 cfg1 2 1 0 0 na na
10 59377.534350272627 0.010324312601 cfg1 2 1 0 0 na na
10 59377.547350301354 0.010323794823 cfg1 2 1 0 0 na na
10 59377.555350304258 0.010323453093 cfg1 2 1 0 0 na na
10 59377.558350284085 0.010323341529 cfg1 2 1 0 0 na na
10 59377.595350322634 0.010321859767 cfg1 2 1 0 0 na na
10 59377.620350281920 0.010320844014 cfg1 2 1 0 0 na na
10 59377.629350264389 0.010320462585 cfg1 2 1 0 0 na na
10 59377.646350344237 0.010319776484 cfg1 2 1 0 0 na na
10 59377.652350327782 0.010319539048 cfg1 2 1 0 0 na na
10 59377.654350298085 0.010319475673 cfg1 2 1 0 0 na na
10 59377.662350263409 0.010319128517 cfg1 2 1 0 0 na na
10 59377.664350281022 0.010319071369 cfg1 2 1 0 0 na na
10 59377.668350375025 0.010318892210 cfg1 2 1 0 0 na na
10 59377.671350305587 0.010318768561 cfg1 2 1 0 0 na na
10 59377.753350306760 0.010315459628 cfg1 2 1 0 0 na na
10 59377.808350299686 0.010313241750 cfg1 2 1 0 0 na na
10 59377.816350309622 0.010312930034 cfg1 2 1 0 0 na na
10 59377.840350282190 0.010311945607 cfg1 2 1 0 0 na na
10 59377.876350254661 0.010310492286 cfg1 2 1 0 0 na na
10 59377.879350314120 0.010310388367 cfg1 2 1 0 0 na na
10 59377.889350300595 0.010309972795 cfg1 2 1 0 0 na na
10 59377.940350263544 0.010307917959 cfg1 2 1 0 0 na na
10 59377.945350355710 0.010307714724 cfg1 2 1 0 0 na na
10 59377.948350352356 0.010307584847 cfg1 2 1 0 0 na na
10 59377.963350374328 0.010306970898 cfg1 2 1 0 0 na na
10 59377.964350322664 0.010306929498 cfg1 2 1 0 0 na na
10 59378.002350296966 0.010305403696 cfg1 2 1 0 0 na na
10 59378.023350325315 0.010304565497 cfg1 2 1 0 0 na na
10 59378.058350325231 0.010303155601 cfg1 2 1 0 0 na na
10 59378.066350324970 0.010302828618 cfg1 2 1 0 0 na na
10 59378.071350302629 0.010302626950 cfg1 2 1 0 0 na na
10 59378.095350282212 0.010301648825 cfg1 2 1 0 0 na na
10 59378.114350313706 0.010300872786 cfg1 2 1 0 0 na na
10 59378.123350269240 0.010300502756 cfg1 2 1 0 0 na na
10 59378.133350313583 0.010300128440 cfg1 2 1 0 0 na na
10 59378.155350283204 0.010299231607 cfg1 2 1 0 0 na na
10 59378.208350303346 0.010297072373 cfg1 2 1 0 0 na na
10 59378.222350292053 0.010296511930 cfg1 2 1 0 0 na na
10 59378.249350249238 0.010295432769 cfg1 2 1 0 0 na na
10 59378.250350304564 0.010295398783 cfg1 2 1 0 0 na na
10 59378.254350265777 0.010295216234 cfg1 2 1 0 0 na na
10 59378.329350295489 0.010292186089 cfg1 2 1 0 0 na na
10 59378.340350283780 0.010291748690 cfg1 2 1 0 0 na na
10 59378.363350280975 0.010290825210 cfg1 2 1 0 0 na na
10 59378.407350308942 0.010289053212 cfg1 2 1 0 0 na na
10 59378.412350312425 0.010288841105 cfg1 2 1 0 0 na na
10 59378.439350273626 0.010287768635 cfg1 2 1 0 0 na na
10 59378.461350352551 0.010286866273 cfg1 2 1 0 0 na na
10 59378.464350240082 0.010286762122 cfg1 2 1 0 0 na na
10 59378.536350319015 0.010283831371 cfg1 2 1 0 0 na na
10 59378.542350289920 0.010283588706 cfg1 2 1 0 0 na na
10 59378.544350293896 0.010283529643 cfg1 2 1 0 0 na na
10 59378.557350264982 0.010282982052 cfg1 2 1 0 0 na na
10 59378.565350270852 0.010282685807 cfg1 2 1 0 0 na na
10 59378.580350264384 0.010282052465 cfg1 2 1 0 0 na na
10 59378.592350343026 0.010281588293 cfg1 2 1 0 0 na na
10 59378.621350276809 0.010280406679 cfg1 2 1 0 0 na na
10 59378.624350263438 0.010280300477 cfg1 2 1 0 0 na na
10 59378.629350324826 0.010280077451 cfg1 2 1 0 0 na na
10 59378.646350320299 0.010279397186 cfg1 2 1 0 0 na na
10 59378.668350305260 0.010278515398 cfg1 2 1 0 0 na na
10 59378.731350345445 0.010275983077 cfg1 2 1 0 0 na na
10 59378.764350272886 0.010274641832 cfg1 2 1 0 0 na na
10 59378.768350258330 0.010274473522 cfg1 2 1 0 0 na na
10 59378.772350333893 0.010274318864 cfg1 2 1 0 0 na na
10 59378.791350312017 0.010273549093 cfg1 2 1 0 0 na na
10 59378.824350344044 0.010272228177 cfg1 2 1 0 0 na na
10 59378.844350310936 0.010271429827 cfg1 2 1 0 0 na na
10 59378.884350263990 0.010269812689 cfg1 2 1 0 0 na na
10 59378.991350295592 0.010265493958 cfg1 2 1 0 0 na na
10 59379.010350315837 0.010264713923 cfg1 2 1 0 0 na na
10 59379.032350354884 0.010263840059 cfg1 2 1 0 0 na na
10 59379.039350340100 0.010263556865 cfg1 2 1 0 0 na na
10 59379.065350341921 0.010262488822 cfg1 2 1 0 0 na na
10 59379.071350305645 0.010262268433 cfg1 2 1 0 0 na na
10 59379.074350308466 0.010262124814 cfg1 2 1 0 0 na na
10 59379.085350354730 0.010261682807 cfg1 2 1 0 0 na na
10 59379.092350275731 0.010261408507 cfg1 2 1 0 0 na na
10 59379.101350294701 0.010261037479 cfg1 2 1 0 0 na na
10 59379.114350272872 0.010260511872 cfg1 2 1 0 0 na na
10 59379.126350343370 0.010260048335 cfg1 2 1 0 0 na na
10 59379.131350359017 0.010259830318 cfg1 2 1 0 0 na na
10 59379.138350288720 0.010259547130 cfg1 2 1 0 0 na na
10 59379.144350298859 0.010259328930 cfg1 2 1 0 0 na na
10 59379.153350313805 0.010258938173 cfg1 2 1 0 0 na na
10 59379.164350358243 0.010258510367 cfg1 2 1 0 0 na na
10 59379.172350287915 0.010258199187 cfg1 2 1 0 0 na na
10 59379.174350259184 0.010258110869 cfg1 2 1 0 0 na na
10 59379.201350322715 0.010257005295 cfg1 2 1 0 0 na na
10 59379.203350333522 0.010256947399 cfg1 2 1 0 0 na na
10 59379.217350269797 0.010256363219 cfg1 2 1 0 0 na na
10 59379.223350321814 0.010256125000 cfg1 2 1 0 0 na na
10 59379.230350357025 0.010255859531 cfg1 2 1 0 0 na na
10 59379.231350260846 0.010255795869 cfg1 2 1 0 0 na na
10 59379.253350279767 0.010254922447 cfg1 2 1 0 0 na na
10 59379.257350299079 0.010254766709 cfg1 2 1 0 0 na na
10 59379.270350318175 0.010254238735 cfg1 2 1 0 0 na na
10 59379.320350291634 0.010252225857 cfg1 2 1 0 0 na na
10 59379.326350316690 0.010251982726 cfg1 2 1 0 0 na na
10 59379.348350256683 0.010251098336 cfg1 2 1 0 0 na na
10 59379.404350311836 0.010248838526 cfg1 2 1 0 0 na na
10 59379.415350360299 0.010248376268 cfg1 2 1 0 0 na na
10 59379.422350319559 0.010248100028 cfg1 2 1 0 0 na na
10 59379.423350340938 0.010248063929 cfg1 2 1 0 0 na na
10 59379.455350332717 0.010246774765 cfg1 2 1 0 0 na na
10 59379.483350290152 0.010245639826 cfg1 2 1 0 0 na na
10 59379.489350289153 0.010245416923 cfg1 2 1 0 0 na na
10 59379.502350282743 0.010244887171 cfg1 2 1 0 0 na na
10 59379.503350366548 0.010244833227 cfg1 2 1 0 0 na na
10 59379.514350261381 0.010244390361 cfg1 2 1 0 0 na na
10 59379.586350314073 0.010241508327 cfg1 2 1 0 0 na na
10 59379.614350319283 0.010240382002 cfg1 2 1 0 0 na na
10 59379.655350264044 0.010238721652 cfg1 2 1 0 0 na na
10 59379.670350259232 0.010238107980 cfg1 2 1 0 0 na na
10 59379.675350304758 0.010237906976 cfg1 2 1 0 0 na na
10 59379.700350288304 0.010236911680 cfg1 2 1 0 0 na na
10 59379.711350262529 0.010236460016 cfg1 2 1 0 0 na na
10 59379.742350346313 0.010235212668 cfg1 2 1 0 0 na na
10 59379.816350304264 0.010232226074 cfg1 2 1 0 0 na na
10 59379.833350296202 0.010231535172 cfg1 2 1 0 0 na na
10 59379.838350274488 0.010231350621 cfg1 2 1 0 0 na na
10 59379.851350292133 0.010230815860 cfg1 2 1 0 0 na na
10 59379.864350303513 0.010230294544 cfg1 2 1 0 0 na na
10 59379.891350355535 0.010229210375 cfg1 2 1 0 0 na na
10 59379.899350379069 0.010228890584 cfg1 2 1 0 0 na na
10 59379.969350295653 0.010226058612 cfg1 2 1 0 0 na na
10 59380.002350321641 0.010224733324 cfg1 2 1 0 0 na na
10 59380.017350354143 0.010224137539 cfg1 2 1 0 0 na na
10 59380.024350262645 0.010223849258 cfg1 2 1 0 0 na na
10 59380.032350290849 0.010223536516 cfg1 2 1 0 0 na na
10 59380.048350311048 0.010222881134 cfg1 2 1 0 0 na na
10 59380.052350334784 0.010222719450 cfg1 2 1 0 0 na na
10 59380.053350254460 0.010222687509 cfg1 2 1 0 0 na na
10 59380.113350273432 0.010220261881 cfg1 2 1 0 0 na na
10 59380.124350318849 0.010219833616 cfg1 2 1 0 0 na na
10 59380.166350287081 0.010218128541 cfg1 2 1 0 0 na na
10 59380.182350258004 0.010217493916 cfg1 2 1 0 0 na na
10 59380.232350306229 0.010215486342 cfg1 2 1 0 0 na na
10 59380.255350274934 0.010214556304 cfg1 2 1 0 0 na na
10 59380.285350275263 0.010213361771 cfg1 2 1 0 0 na na
10 59380.320350285580 0.010211944102 cfg1 2 1 0 0 na na
10 59380.419350345856 0.010207954380 cfg1 2 1 0 0 na na
10 59380.424350285536 0.010207762931 cfg1 2 1 0 0 na na
10 59380.440350286785 0.010207111644 cfg1 2 1 0 0 na na
10 59380.515350331430 0.010204097768 cfg1 2 1 0 0 na na
10 59380.526350351034 0.010203641529 cfg1 2 1 0 0 na na
10 59380.543350342622 0.010202962350 cfg1 2 1 0 0 na na
10 59380.554350241565 0.010202540265 cfg1 2 1 0 0 na na
10 59380.577350354446 0.010201592954 cfg1 2 1 0 0 na na
10 59380.583350277510 0.010201348492 cfg1 2 1 0 0 na na
10 59380.586350349482 0.010201233140 cfg1 2 1 0 0 na na
10 59380.696350253971 0.010196813079 cfg1 2 1 0 0 na na
10 59380.786350341236 0.010193187289 cfg1 2 1 0 0 na na
10 59380.878350341144 0.010189492510 cfg1 2 1 0 0 na na
10 59380.916350310975 0.010187954782 cfg1 2 1 0 0 na na
10 59380.983350335711 0.010185273670 cfg1 2 1 0 0 na na
10 59380.985350284461 0.010185194256 cfg1 2 1 0 0 na na
10 59381.031350293124 0.010183333884 cfg1 2 1 0 0 na na
10 59381.052350326899 0.010182492155 cfg1 2 1 0 0 na na
10 59381.066350328966 0.010181937605 cfg1 2 1 0 0 na na
10 59381.104350342971 0.010180407849 cfg1 2 1 0 0 na na
10 59381.126350319943 0.010179531347 cfg1 2 1 0 0 na na
10 59381.128350293292 0.010179443810 cfg1 2 1 0 0 na na
10 59381.154350347109 0.010178406599 cfg1 2 1 0 0 na na
10 59381.162350248443 0.010178083396 cfg1 2 1 0 0 na na
10 59381.186350338026 0.010177129367 cfg1 2 1 0 0 na na
10 59381.211350356518 0.010176120357 cfg1 2 1 0 0 na na
10 59381.215350289479 0.010175961573 cfg1 2 1 0 0 na na
10 59381.229350340220 0.010175397861 cfg1 2 1 0 0 na na
10 59381.232350370164 0.010175280929 cfg1 2 1 0 0 na na
10 59381.234350297775 0.010175186393 cfg1 2 1 0 0 na na
10 59381.288350324858 0.010173016617 cfg1 2 1 0 0 na na
10 59381.329350335759 0.010171382780 cfg1 2 1 0 0 na na
10 59381.359350316378 0.010170162481 cfg1 2 1 0 0 na na
10 59381.430350377493 0.010167297867 cfg1 2 1 0 0 na na
10 59381.472350248429 0.010165628445 cfg1 2 1 0 0 na na
10 59381.511350263439 0.010164057989 cfg1 2 1 0 0 na na
10 59381.531350293283 0.010163254700 cfg1 2 1 0 0 na na
10 59381.551350297076 0.010162451460 cfg1 2 1 0 0 na na
10 59381.555350301000 0.010162290769 cfg1 2 1 0 0 na na
10 59381.556350314715 0.010162250623 cfg1 2 1 0 0 na na
10 59381.565350297960 0.010161889263 cfg1 2 1 0 0 na na
10 59381.597350331636 0.010160603958 cfg1 2 1 0 0 na na
10 59381.603350328224 0.010160372657 cfg1 2 1 0 0 na na
10 59381.605350313341 0.010160282802 cfg1 2 1 0 0 na na
10 59381.613350311529 0.010159961465 cfg1 2 2 0 0 na na
10 59381.617350282673 0.010159800839 cfg1 2 2 0 0 na na
10 59381.634350257119 0.010159118185 cfg1 2 2 0 0 na na
10 59381.645350314682 0.010158676419 cfg1 2 2 0 0 na na
10 59381.646350293779 0.010158636309 cfg1 2 2 0 0 na na
10 59381.662350306475 0.010157993796 cfg1 2 2 0 0 na na
10 59381.668350310354 0.010157752907 cfg1 2 2 0 0 na na
10 59381.673350308973 0.010157552113 cfg1 2 2 0 0 na na
10 59381.691350300093 0.010156829279 cfg1 2 2 0 0 na na
10 59381.699350266425 0.010156508118 cfg1 2 2 0 0 na na
10 59381.705350286745 0.010156267221 cfg1 2 2 0 0 na na
10 59381.707350289980 0.010156186924 cfg1 2 2 0 0 na na
10 59381.737350346590 0.010154982339 cfg1 2 2 0 0 na na
10 59381.756350301417 0.010154226278 cfg1 2 1 0 0 na na
10 59381.784350343041 0.010153089940 cfg1 2 1 0 0 na na
10 59381.792350366091 0.010152774226 cfg1 2 2 0 0 na na
10 59381.799350292837 0.010152493209 cfg1 2 2 0 0 na na
10 59381.838350350105 0.010150927525 cfg1 2 2 0 0 na na
10 59381.844350315752 0.010150686631 cfg1 2 2 0 0 na na
10 59381.852350262885 0.010150353964 cfg1 2 1 0 0 na na
10 59381.856350322127 0.010150204916 cfg1 2 2 0 0 na na
10 59381.864350302465 0.010149883788 cfg1 2 2 0 0 na na
10 59381.868350407779 0.010149723232 cfg1 2 2 0 0 na na
10 59381.870350273355 0.010149642972 cfg1 2 2 0 0 na na
10 59381.885350328013 0.010149040860 cfg1 2 2 0 0 na na
10 59381.911350305006 0.010147997283 cfg1 2 2 0 0 na na
10 59381.919350311287 0.010147676101 cfg1 2 2 0 0 na na
10 59381.920350274117 0.010147636495 cfg1 2 1 0 0 na na
10 59381.931350302584 0.010147194479 cfg1 2 2 0 0 na na
10 59381.938350360259 0.010146913572 cfg1 2 2 0 0 na na
10 59381.939350307004 0.010146873395 cfg1 2 2 0 0 na na
10 59381.941350347448 0.010146793125 cfg1 2 2 0 0 na na
10 59381.945350250655 0.010146636257 cfg1 2 1 0 0 na na
10 59381.955350392090 0.010146231192 cfg1 2 2 0 0 na na
10 59381.965350276704 0.010145829853 cfg1 2 2 0 0 na na
10 59381.971350324782 0.010145589021 cfg1 2 2 0 0 na na
10 59381.977350298728 0.010145350056 cfg1 2 1 0 0 na na
10 59381.982350311859 0.010145147560 cfg1 2 2 0 0 na na
10 59381.990350319032 0.010144824045 cfg1 2 1 0 0 na na
10 59382.013350318306 0.010143903389 cfg1 2 2 0 0 na na
10 59382.025350352789 0.010143421866 cfg1 2 2 0 0 na na
10 59382.035350307890 0.010143020529 cfg1 2 2 0 0 na na
10 59382.036350311597 0.010142980358 cfg1 2 2 0 0 na na
10 59382.043350300471 0.010142712709 cfg1 2 1 0 0 na na
10 59382.048350332750 0.010142498804 cfg1 2 2 0 0 na na
10 59382.054350334036 0.010142258106 cfg1 2 2 0 0 na na
10 59382.063350308884 0.010141896983 cfg1 2 2 0 0 na na
10 59382.071350301908 0.010141575977 cfg1 2 2 0 0 na na
10 59382.072350292507 0.010141535825 cfg1 2 2 0 0 na na
10 59382.094350290371 0.010140653016 cfg1 2 2 0 0 na na
10 59382.101350297483 0.010140372146 cfg1 2 2 0 0 na na
10 59382.102350285869 0.010140331950 cfg1 2 2 0 0 na na
10 59382.124350291889 0.010139449300 cfg1 2 2 0 0 na na
10 59382.126350330959 0.010139369701 cfg1 2 1 0 0 na na
10 59382.128350357031 0.010139288738 cfg1 2 2 0 0 na na
10 59382.130350320034 0.010139208434 cfg1 2 2 0 0 na na
10 59382.131350332295 0.010139168302 cfg1 2 2 0 0 na na
10 59382.132350284951 0.010139128205 cfg1 2 2 0 0 na na
10 59382.143350313098 0.010138686829 cfg1 2 2 0 0 na na
10 59382.154350353769 0.010138245607 cfg1 2 2 0 0 na na
10 59382.156350319798 0.010138165249 cfg1 2 2 0 0 na na
10 59382.158350295655 0.010138085045 cfg1 2 2 0 0 na na
10 59382.159350347097 0.010138044876 cfg1 2 2 0 0 na na
10 59382.160350297181 0.010138004704 cfg1 2 1 0 0 na na
10 59382.161350299428 0.010137964729 cfg1 2 2 0 0 na na
10 59382.167350274804 0.010137738204 cfg1 2 1 0 0 na na
10 59382.177350348209 0.010137322752 cfg1 2 2 0 0 na na
10 59382.180350309611 0.010137202426 cfg1 2 2 0 0 na na
10 59382.182350290573 0.010137122199 cfg1 2 2 0 0 na na
10 59382.191350300148 0.010136761089 cfg1 2 2 0 0 na na
10 59382.196350322574 0.010136560506 cfg1 2 2 0 0 na na
10 59382.213350265289 0.010135878517 cfg1 2 2 0 0 na na
10 59382.214350351548 0.010135838374 cfg1 2 2 0 0 na na
10 59382.219350330218 0.010135637787 cfg1 2 2 0 0 na na
10 59382.221350302572 0.010135545137 cfg1 2 1 0 0 na na
10 59382.224350336169 0.010135437179 cfg1 2 2 0 0 na na
10 59382.227350299364 0.010135316851 cfg1 2 2 0 0 na na
10 59382.228350321520 0.010135276843 cfg1 2 2 0 0 na na
10 59382.229350282012 0.010135236574 cfg1 2 2 0 0 na na
10 59382.230350313812 0.010135196520 cfg1 2 2 0 0 na na
10 59382.231350272072 0.010135156428 cfg1 2 2 0 0 na na
10 59382.235350310688 0.010134995930 cfg1 2 2 0 0 na na
10 59382.269350281671 0.010133632035 cfg1 2 2 0 0 na na
10 59382.277350342141 0.010133311026 cfg1 2 2 0 0 na na
10 59382.281350283895 0.010133150572 cfg1 2 2 0 0 na na
10 59382.290350314391 0.010132789580 cfg1 2 2 0 0 na na
10 59382.292350284413 0.010132709385 cfg1 2 2 0 0 na na
10 59382.320350302651 0.010131586589 cfg1 2 1 0 0 na na
10 59382.324350327896 0.010131425776 cfg1 2 2 0 0 na na
10 59382.327350302168 0.010131305487 cfg1 2 2 0 0 na na
10 59382.328350296316 0.010131265357 cfg1 2 2 0 0 na na
10 59382.340350290891 0.010130783905 cfg1 2 2 0 0 na na
10 59382.365350308102 0.010129770610 cfg1 2 1 0 0 na na
10 59382.372350286303 0.010129500523 cfg1 2 2 0 0 na na
10 59382.373350266883 0.010129460495 cfg1 2 2 0 0 na na
10 59382.390350319257 0.010128778732 cfg1 2 2 0 0 na na
10 59382.394350335289 0.010128618224 cfg1 2 2 0 0 na na
10 59382.403350298828 0.010128257253 cfg1 2 2 0 0 na na
10 59382.412350294307 0.010127896269 cfg1 2 2 0 0 na na
10 59382.417350333633 0.010127695683 cfg1 2 2 0 0 na na
10 59382.418350287304 0.010127655612 cfg1 2 2 0 0 na na
10 59382.425350318101 0.010127374982 cfg1 2 2 0 0 na na
10 59382.427350299667 0.010127307367 cfg1 2 1 0 0 na na
10 59382.428350284456 0.010127254616 cfg1 2 2 0 0 na na
10 59382.433350292991 0.010127054143 cfg1 2 2 0 0 na na
10 59382.440350292343 0.010126773398 cfg1 2 2 0 0 na na
10 59382.443350296085 0.010126653150 cfg1 2 2 0 0 na na
10 59382.445350294616 0.010126572894 cfg1 2 2 0 0 na na
10 59382.455350320839 0.010126171820 cfg1 2 2 0 0 na na
10 59382.460350303921 0.010125971268 cfg1 2 2 0 0 na na
10 59382.461350274002 0.010125932514 cfg1 2 1 0 0 na na
10 59382.472350279983 0.010125490207 cfg1 2 2 0 0 na na
10 59382.477350288750 0.010125289637 cfg1 2 2 0 0 na na
10 59382.480350318310 0.010125169310 cfg1 2 2 0 0 na na
10 59382.484350336186 0.010125008915 cfg1 2 2 0 0 na na
10 59382.493350290987 0.010124648045 cfg1 2 2 0 0 na na
10 59382.498350358499 0.010124447516 cfg1 2 2 0 0 na na
10 59382.500350320762 0.010124367233 cfg1 2 2 0 0 na na
10 59382.501350306768 0.010124327179 cfg1 2 2 0 0 na na
10 59382.513350322526 0.010123846127 cfg1 2 2 0 0 na na
10 59382.524350292973 0.010123404995 cfg1 2 2 0 0 na na
10 59382.532350317759 0.010123084234 cfg1 2 2 0 0 na na
10 59382.555350324082 0.010122165960 cfg1 2 1 0 0 na na
10 59382.558350332419 0.010122041781 cfg1 2 2 0 0 na na
10 59382.563350277424 0.010121841417 cfg1 2 1 0 0 na na
10 59382.585350369075 0.010120960726 cfg1 2 1 0 0 na na
10 59382.602350384546 0.010120277657 cfg1 2 2 0 0 na na
10 59382.609350293588 0.010119996971 cfg1 2 2 0 0 na na
10 59382.612350318873 0.010119876710 cfg1 2 2 0 0 na na
10 59382.614350312048 0.010119796646 cfg1 2 2 0 0 na na
10 59382.621350270539 0.010119515851 cfg1 2 2 0 0 na na
10 59382.622350357296 0.010119475756 cfg1 2 2 0 0 na na
10 59382.623350308908 0.010119435585 cfg1 2 2 0 0 na na
10 59382.626350304002 0.010119315504 cfg1 2 2 0 0 na na
10 59382.627350307209 0.010119275402 cfg1 2 2 0 0 na na
10 59382.628350285058 0.010119235299 cfg1 2 2 0 0 na na
10 59382.636350326398 0.010118914555 cfg1 2 2 0 0 na na
10 59382.639350321459 0.010118794240 cfg1 2 2 0 0 na na
10 59382.641350347183 0.010118714131 cfg1 2 2 0 0 na na
10 59382.642350269520 0.010118673958 cfg1 2 2 0 0 na na
10 59382.647350374121 0.010118473535 cfg1 2 2 0 0 na na
10 59382.653350335214 0.010118233071 cfg1 2 2 0 0 na na
10 59382.676350314237 0.010117311014 cfg1 2 2 0 0 na na
10 59382.679350353518 0.010117190643 cfg1 2 2 0 0 na na
10 59382.680350263352 0.010117150659 cfg1 2 2 0 0 na na
10 59382.696350295217 0.010116509250 cfg1 2 2 0 0 na na
10 59382.697350357713 0.010116469740 cfg1 2 1 0 0 na na
10 59382.700350329550 0.010116348916 cfg1 2 2 0 0 na na
10 59382.702350393280 0.010116268790 cfg1 2 2 0 0 na na
10 59382.703350259746 0.010116228701 cfg1 2 2 0 0 na na
10 59382.704350282276 0.010116188592 cfg1 2 2 0 0 na na
10 59382.715350312388 0.010115748077 cfg1 2 1 0 0 na na
10 59382.720350260445 0.010115547330 cfg1 2 2 0 0 na na
10 59382.724350284834 0.010115386950 cfg1 2 2 0 0 na na
10 59382.728350336160 0.010115226767 cfg1 2 1 0 0 na na
10 59382.729350328327 0.010115186514 cfg1 2 2 0 0 na na
10 59382.739350381964 0.010114785821 cfg1 2 1 0 0 na na
10 59382.751350368065 0.010114294472 cfg1 2 1 0 0 na na
10 59382.752350285242 0.010114264649 cfg1 2 2 0 0 na na
10 59382.772350311131 0.010113462995 cfg1 2 2 0 0 na na
10 59382.781350263106 0.010113102274 cfg1 2 2 0 0 na na
10 59382.784350345610 0.010112982096 cfg1 2 2 0 0 na na
10 59382.804350340317 0.010112180470 cfg1 2 2 0 0 na na
10 59382.806350253081 0.010112100319 cfg1 2 2 0 0 na na
10 59382.808350279448 0.010112020129 cfg1 2 2 0 0 na na
10 59382.812350309718 0.010111859863 cfg1 2 2 0 0 na na
10 59382.813350351661 0.010111819795 cfg1 2 2 0 0 na na
10 59382.823350345071 0.010111419010 cfg1 2 2 0 0 na na
10 59382.825350363724 0.010111338850 cfg1 2 2 0 0 na na
10 59382.830350280524 0.010111138373 cfg1 2 2 0 0 na na
10 59382.832350270968 0.010111058382 cfg1 2 2 0 0 na na
10 59382.841350298088 0.010110697655 cfg1 2 2 0 0 na na
10 59382.843350297661 0.010110617489 cfg1 2 2 0 0 na na
10 59382.851350288643 0.010110296863 cfg1 2 2 0 0 na na
10 59382.852350303895 0.010110256828 cfg1 2 2 0 0 na na
10 59382.857350263957 0.010110056480 cfg1 2 2 0 0 na na
10 59382.859350258007 0.010109976322 cfg1 2 2 0 0 na na
10 59382.893350306611 0.010108613677 cfg1 2 2 0 0 na na
10 59382.895350370302 0.010108533655 cfg1 2 2 0 0 na na
10 59382.912350276080 0.010107839982 cfg1 2 1 0 0 na na
10 59382.928350281572 0.010107212677 cfg1 2 1 0 0 na na
10 59382.935350345535 0.010106930838 cfg1 2 2 0 0 na na
10 59382.936350299178 0.010106890809 cfg1 2 2 0 0 na na
10 59382.943350280820 0.010106610211 cfg1 2 2 0 0 na na
10 59382.946350317943 0.010106490048 cfg1 2 2 0 0 na na
10 59382.947350333308 0.010106449910 cfg1 2 2 0 0 na na
10 59382.949350323083 0.010106369900 cfg1 2 2 0 0 na na
10 59382.951350325188 0.010106289724 cfg1 2 2 0 0 na na
10 59382.958350332901 0.010106009304 cfg1 2 2 0 0 na na
10 59382.959350333068 0.010105969185 cfg1 2 2 0 0 na na
10 59382.986350287318 0.010104887396 cfg1 2 2 0 0 na na
10 59382.998350360005 0.010104406630 cfg1 2 2 0 0 na na
10 59383.006350324233 0.010104086099 cfg1 2 2 0 0 na na
10 59383.026350343114 0.010103284720 cfg1 2 2 0 0 na na
10 59383.028350344668 0.010103204678 cfg1 2 2 0 0 na na
10 59383.034350320178 0.010102964508 cfg1 2 1 0 0 na na
10 59383.035350353553 0.010102924272 cfg1 2 2 0 0 na na
10 59383.042350317998 0.010102643901 cfg1 2 2 0 0 na na
10 59383.070350333497 0.010101522067 cfg1 2 2 0 0 na na
10 59383.089350281624 0.010100760896 cfg1 2 2 0 0 na na
10 59383.099350308197 0.010100360426 cfg1 2 2 0 0 na na
10 59383.110350270691 0.010099915280 cfg1 2 1 0 0 na na
10 59383.111350324690 0.010099879724 cfg1 2 2 0 0 na na
10 59383.123350359089 0.010099399001 cfg1 2 2 0 0 na na
10 59383.126350245781 0.010099286250 cfg1 2 1 0 0 na na
10 59383.127350349087 0.010099238784 cfg1 2 2 0 0 na na
10 59383.128350299692 0.010099198784 cfg1 2 2 0 0 na na
10 59383.129350259113 0.010099158706 cfg1 2 2 0 0 na na
10 59383.146350304265 0.010098477776 cfg1 2 2 0 0 na na
10 59383.196350377566 0.010096475145 cfg1 2 2 0 0 na na
10 59383.202350307554 0.010096234746 cfg1 2 2 0 0 na na
10 59383.210350321598 0.010095914372 cfg1 2 2 0 0 na na
10 59383.212350353332 0.010095834295 cfg1 2 2 0 0 na na
10 59383.218350295155 0.010095594021 cfg1 2 2 0 0 na na
10 59383.223350327528 0.010095393822 cfg1 2 2 0 0 na na
10 59383.275350267037 0.010093311289 cfg1 2 2 0 0 na na
10 59383.287350358887 0.010092830768 cfg1 2 2 0 0 na na
10 59383.288350314806 0.010092790586 cfg1 2 2 0 0 na na
10 59383.290350247679 0.010092714405 cfg1 2 1 0 0 na na
10 59383.291350295602 0.010092671112 cfg1 2 1 0 0 na na
10 59383.293350271114 0.010092592162 cfg1 2 1 0 0 na na
10 59383.311350291344 0.010091869650 cfg1 2 2 0 0 na na
10 59383.314350320356 0.010091749530 cfg1 2 2 0 0 na na
10 59383.316350287959 0.010091669390 cfg1 2 2 0 0 na na
10 59383.322350276398 0.010091429201 cfg1 2 2 0 0 na na
10 59383.326350341603 0.010091268998 cfg1 2 2 0 0 na na
10 59383.327350268369 0.010091228913 cfg1 2 2 0 0 na na
10 59383.328350327115 0.010091188875 cfg1 2 2 0 0 na na
10 59383.352350264875 0.010090217081 cfg1 2 1 0 0 na na
10 59383.367350318578 0.010089627264 cfg1 2 2 0 0 na na
10 59383.371350332746 0.010089467158 cfg1 2 2 0 0 na na
10 59383.373350349839 0.010089387067 cfg1 2 2 0 0 na na
10 59383.391350296867 0.010088666411 cfg1 2 2 0 0 na na
10 59383.393350273536 0.010088586284 cfg1 2 2 0 0 na na
10 59383.396350309195 0.010088466870 cfg1 2 1 0 0 na na
10 59383.404350344745 0.010088145895 cfg1 2 2 0 0 na na
10 59383.408350367962 0.010087985685 cfg1 2 2 0 0 na na
10 59383.410350268325 0.010087905669 cfg1 2 2 0 0 na na
10 59383.425350320058 0.010087305032 cfg1 2 2 0 0 na na
10 59383.426350351374 0.010087273621 cfg1 2 1 0 0 na na
10 59383.433350258283 0.010086984888 cfg1 2 2 0 0 na na
10 59383.439350281347 0.010086744787 cfg1 2 1 0 0 na na
10 59383.454350286583 0.010086144015 cfg1 2 2 0 0 na na
10 59383.456350314549 0.010086064072 cfg1 2 2 0 0 na na
10 59383.457350298104 0.010086024037 cfg1 2 2 0 0 na na
10 59383.471350292276 0.010085463499 cfg1 2 2 0 0 na na
10 59383.473350319516 0.010085383440 cfg1 2 2 0 0 na na
10 59383.482350324865 0.010085023094 cfg1 2 2 0 0 na na
10 59383.488350322669 0.010084782973 cfg1 2 2 0 0 na na
10 59383.490350283524 0.010084702814 cfg1 2 2 0 0 na na
10 59383.494350309598 0.010084542736 cfg1 2 2 0 0 na na
10 59383.502350302393 0.010084222593 cfg1 2 2 0 0 na na
10 59383.513350334964 0.010083782201 cfg1 2 2 0 0 na na
10 59383.517350339300 0.010083622119 cfg1 2 2 0 0 na na
10 59383.527350323213 0.010083221848 cfg1 2 2 0 0 na na
10 59383.543350353251 0.010082581908 cfg1 2 1 0 0 na na
10 59383.544350346559 0.010082541369 cfg1 2 2 0 0 na na
10 59383.559350268050 0.010081940962 cfg1 2 2 0 0 na na
10 59383.560350332817 0.010081900855 cfg1 2 2 0 0 na na
10 59383.561350371139 0.010081860836 cfg1 2 2 0 0 na na
10 59383.562350286239 0.010081820824 cfg1 2 2 0 0 na na
10 59383.566350329639 0.010081660791 cfg1 2 2 0 0 na na
10 59383.574350313559 0.010081340598 cfg1 2 2 0 0 na na
10 59383.618350307383 0.010079579470 cfg1 2 2 0 0 na na
10 59383.622350319225 0.010079419424 cfg1 2 2 0 0 na na
10 59383.629350315868 0.010079139349 cfg1 2 2 0 0 na na
10 59383.630350272215 0.010079099202 cfg1 2 2 0 0 na na
10 59383.656350346750 0.010078058670 cfg1 2 2 0 0 na na
10 59383.659350318412 0.010077938643 cfg1 2 2 0 0 na na
10 59383.692350327502 0.010076618027 cfg1 2 2 0 0 na na
10 59383.697350334803 0.010076417905 cfg1 2 2 0 0 na na
10 59383.709350319901 0.010075937737 cfg1 2 2 0 0 na na
10 59383.710350324959 0.010075897780 cfg1 2 2 0 0 na na
10 59383.712350332465 0.010075817709 cfg1 2 2 0 0 na na
10 59383.713350351602 0.010075777713 cfg1 2 2 0 0 na na
10 59383.716350347007 0.010075657742 cfg1 2 2 0 0 na na
10 59383.717350316639 0.010075617703 cfg1 2 2 0 0 na na
10 59383.775350333744 0.010073296903 cfg1 2 2 0 0 na na
10 59383.789350328770 0.010072740073 cfg1 2 1 0 0 na na
10 59383.791350332907 0.010072656701 cfg1 2 2 0 0 na na
10 59383.796350326278 0.010072456681 cfg1 2 2 0 0 na na
10 59383.822350334446 0.010071416399 cfg1 2 2 0 0 na na
10 59383.827350340774 0.010071216313 cfg1 2 2 0 0 na na
10 59383.844350320136 0.010070536227 cfg1 2 2 0 0 na na
10 59383.852350310015 0.010070216163 cfg1 2 2 0 0 na na
10 59383.870350324260 0.010069496032 cfg1 2 2 0 0 na na
10 59383.871350303529 0.010069456123 cfg1 2 2 0 0 na na
10 59383.873350370556 0.010069375941 cfg1 2 2 0 0 na na
10 59383.876350253044 0.010069256010 cfg1 2 2 0 0 na na
10 59383.877350341433 0.010069216088 cfg1 2 2 0 0 na na
10 59383.892350350253 0.010068616006 cfg1 2 2 0 0 na na
10 59383.898350333917 0.010068375922 cfg1 2 2 0 0 na na
10 59383.906350298602 0.010068055909 cfg1 2 2 0 0 na na
10 59383.917350335016 0.010067615866 cfg1 2 2 0 0 na na
10 59383.926350304734 0.010067255897 cfg1 2 2 0 0 na na
10 59383.927350304806 0.010067215845 cfg1 2 2 0 0 na na
10 59383.929350340441 0.010067135895 cfg1 2 2 0 0 na na
10 59383.958350329830 0.010065975831 cfg1 2 2 0 0 na na
10 59383.963350302739 0.010065775920 cfg1 2 2 0 0 na na
10 59383.965350281642 0.010065696389 cfg1 2 1 0 0 na na
10 59383.966350308882 0.010065655883 cfg1 2 2 0 0 na na
10 59383.974350331071 0.010065335887 cfg1 2 2 0 0 na na
10 59384.005350344974 0.010064095988 cfg1 2 2 0 0 na na
10 59384.017350314972 0.010063616039 cfg1 2 2 0 0 na na
10 59384.032350304272 0.010063016086 cfg1 2 2 0 0 na na
10 59384.037350343565 0.010062816146 cfg1 2 2 0 0 na na
10 59384.039350278316 0.010062736169 cfg1 2 2 0 0 na na
10 59384.044350285216 0.010062536809 cfg1 2 1 0 0 na na
10 59384.048350325557 0.010062376239 cfg1 2 2 0 0 na na
10 59384.050350338087 0.010062296254 cfg1 2 2 0 0 na na
10 59384.052350283940 0.010062216286 cfg1 2 2 0 0 na na
10 59384.085350299174 0.010060896513 cfg1 2 2 0 0 na na
10 59384.094350358057 0.010060536650 cfg1 2 2 0 0 na na
10 59384.103350361263 0.010060176676 cfg1 2 2 0 0 na na
10 59384.115350312917 0.010059696939 cfg1 2 2 0 0 na na
10 59384.126350333014 0.010059256906 cfg1 2 2 0 0 na na
10 59384.145350313748 0.010058497289 cfg1 2 2 0 0 na na
10 59384.146350317665 0.010058463463 cfg1 2 1 0 0 na na
10 59384.148350319479 0.010058377374 cfg1 2 2 0 0 na na
10 59384.158350321445 0.010057977442 cfg1 2 2 0 0 na na
10 59384.159350308886 0.010057937431 cfg1 2 2 0 0 na na
10 59384.165350304927 0.010057698378 cfg1 2 1 0 0 na na
10 59384.167350322582 0.010057617601 cfg1 2 2 0 0 na na
10 59384.223350351722 0.010055378541 cfg1 2 2 0 0 na na
10 59384.225350281015 0.010055298659 cfg1 2 2 0 0 na na
10 59384.236350303540 0.010054858855 cfg1 2 2 0 0 na na
10 59384.242350252704 0.010054619181 cfg1 2 1 0 0 na na
10 59384.293350303102 0.010052580122 cfg1 2 2 0 0 na na
10 59384.301350299484 0.010052252530 cfg1 2 1 0 0 na na
10 59384.307350307255 0.010052020502 cfg1 2 2 0 0 na na
10 59384.326350306293 0.010051260876 cfg1 2 2 0 0 na na
10 59384.328350283470 0.010051180941 cfg1 2 2 0 0 na na
10 59384.330350338132 0.010051100839 cfg1 2 2 0 0 na na
10 59384.343350243429 0.010050588510 cfg1 2 1 0 0 na na
10 59384.347350304224 0.010050421502 cfg1 2 2 0 0 na na
10 59384.354350340175 0.010050141601 cfg1 2 2 0 0 na na
10 59384.358350264147 0.010049981772 cfg1 2 2 0 0 na na
10 59384.364350331619 0.010049741937 cfg1 2 2 0 0 na na
10 59384.372350310936 0.010049422131 cfg1 2 2 0 0 na na
10 59384.373350292016 0.010049382169 cfg1 2 2 0 0 na na
10 59384.375350293926 0.010049302295 cfg1 2 2 0 0 na na
10 59384.379350297579 0.010049142995 cfg1 2 1 0 0 na na
10 59384.395350289353 0.010048503320 cfg1 2 1 0 0 na na
10 59384.411350341805 0.010047863383 cfg1 2 2 0 0 na na
10 59384.428350381431 0.010047183950 cfg1 2 2 0 0 na na
10 59384.441350322310 0.010046664392 cfg1 2 2 0 0 na na
10 59384.473350281032 0.010045385579 cfg1 2 2 0 0 na na
10 59384.506350256502 0.010044066838 cfg1 2 2 0 0 na na
10 59384.511350303927 0.010043866919 cfg1 2 2 0 0 na na
10 59384.516350333090 0.010043667230 cfg1 2 2 0 0 na na
10 59384.527350317743 0.010043228337 cfg1 2 1 0 0 na na
10 59384.529350256676 0.010043147671 cfg1 2 2 0 0 na na
10 59384.542350294094 0.010042628278 cfg1 2 2 0 0 na na
10 59384.543350323480 0.010042588299 cfg1 2 2 0 0 na na
10 59384.559350277659 0.010041948898 cfg1 2 2 0 0 na na
10 59384.561350313532 0.010041869008 cfg1 2 2 0 0 na na
10 59384.563350286876 0.010041789159 cfg1 2 2 0 0 na na
10 59384.572350327645 0.010041429528 cfg1 2 2 0 0 na na
10 59384.587350352905 0.010040830086 cfg1 2 2 0 0 na na
10 59384.596350339824 0.010040470584 cfg1 2 2 0 0 na na
10 59384.597350278292 0.010040430575 cfg1 2 2 0 0 na na
10 59384.606350323623 0.010040071014 cfg1 2 2 0 0 na na
10 59384.610350368160 0.010039916020 cfg1 2 1 0 0 na na
10 59384.621350284892 0.010039471740 cfg1 2 2 0 0 na na
10 59384.626350322362 0.010039271948 cfg1 2 2 0 0 na na
10 59384.635350261350 0.010038912360 cfg1 2 2 0 0 na na
10 59384.636350329781 0.010038872386 cfg1 2 2 0 0 na na
10 59384.637350316888 0.010038831392 cfg1 2 1 0 0 na na
10 59384.642350286906 0.010038645351 cfg1 2 1 0 0 na na
10 59384.658350266607 0.010037993558 cfg1 2 2 0 0 na na
10 59384.671350368144 0.010037474407 cfg1 2 1 0 0 na na
10 59384.688350286366 0.010036795003 cfg1 2 2 0 0 na na
10 59384.700350322410 0.010036315631 cfg1 2 2 0 0 na na
10 59384.748350317300 0.010034398254 cfg1 2 2 0 0 na na
10 59384.754350297370 0.010034158528 cfg1 2 2 0 0 na na
10 59384.757350341093 0.010034049034 cfg1 2 1 0 0 na na
10 59384.765350295279 0.010033719238 cfg1 2 2 0 0 na na
10 59384.778350298404 0.010033199876 cfg1 2 2 0 0 na na
10 59384.787350305487 0.010032840490 cfg1 2 2 0 0 na na
10 59384.788350321857 0.010032800547 cfg1 2 2 0 0 na na
10 59384.815350336827 0.010031722102 cfg1 2 2 0 0 na na
10 59384.823350283122 0.010031402633 cfg1 2 2 0 0 na na
10 59384.824350322997 0.010031362760 cfg1 2 2 0 0 na na
10 59384.825350353027 0.010031322773 cfg1 2 2 0 0 na na
10 59384.843350320944 0.010030603863 cfg1 2 2 0 0 na na
10 59384.849350287614 0.010030364147 cfg1 2 2 0 0 na na
10 59384.850350287291 0.010030324203 cfg1 2 2 0 0 na na
10 59384.851350300650 0.010030270274 cfg1 2 1 0 0 na na
10 59384.852350299379 0.010030244453 cfg1 2 2 0 0 na na
10 59384.858350291186 0.010030004849 cfg1 2 2 0 0 na na
10 59384.859350293765 0.010029964797 cfg1 2 2 0 0 na na
10 59384.860350330790 0.010029924929 cfg1 2 2 0 0 na na
10 59384.882350297062 0.010029046307 cfg1 2 2 0 0 na na
10 59384.895350288034 0.010028527129 cfg1 2 2 0 0 na na
10 59384.924350334701 0.010027369133 cfg1 2 2 0 0 na na
10 59384.931350292529 0.010027089633 cfg1 2 2 0 0 na na
10 59384.936350289729 0.010026889943 cfg1 2 2 0 0 na na
10 59384.937350373377 0.010026850100 cfg1 2 2 0 0 na na
10 59384.948350320524 0.010026410798 cfg1 2 2 0 0 na na
10 59384.953350269931 0.010026210984 cfg1 2 2 0 0 na na
10 59384.956350317780 0.010026091441 cfg1 2 2 0 0 na na
10 59384.958350279409 0.010026011467 cfg1 2 2 0 0 na na
10 59384.965350359552 0.010025732071 cfg1 2 2 0 0 na na
10 59384.966350329297 0.010025692131 cfg1 2 2 0 0 na na
10 59384.983350349524 0.010025013323 cfg1 2 2 0 0 na na
10 59385.012350367030 0.010023855313 cfg1 2 2 0 0 na na
10 59385.043350311989 0.010022617712 cfg1 2 2 0 0 na na
10 59385.057350311765 0.010022058786 cfg1 2 2 0 0 na na
10 59385.059350333302 0.010021978977 cfg1 2 2 0 0 na na
10 59385.061350309388 0.010021904614 cfg1 2 1 0 0 na na
10 59385.064350313989 0.010021774580 cfg1 2 1 0 0 na na
10 59385.087350320569 0.010020861708 cfg1 2 1 0 0 na na
10 59385.096350293718 0.010020501822 cfg1 2 2 0 0 na na
10 59385.100350308316 0.010020342172 cfg1 2 2 0 0 na na
10 59385.101350362550 0.010020302288 cfg1 2 2 0 0 na na
10 59385.108350401384 0.010020030382 cfg1 2 1 0 0 na na
10 59385.111350353964 0.010019891758 cfg1 2 1 0 0 na na
10 59385.141350295669 0.010018705618 cfg1 2 2 0 0 na na
10 59385.146350345713 0.010018505973 cfg1 2 2 0 0 na na
10 59385.150350287098 0.010018346297 cfg1 2 2 0 0 na na
10 59385.154350339185 0.010018186645 cfg1 2 2 0 0 na na
10 59385.166350333456 0.010017707690 cfg1 2 2 0 0 na na
10 59385.173350313253 0.010017428333 cfg1 2 2 0 0 na na
10 59385.233350289003 0.010015033562 cfg1 2 2 0 0 na na
10 59385.259350294331 0.010013995929 cfg1 2 2 0 0 na na
10 59385.274350324288 0.010013395717 cfg1 2 1 0 0 na na
10 59385.279350358048 0.010013197742 cfg1 2 2 0 0 na na
10 59385.295350298380 0.010012559168 cfg1 2 2 0 0 na na
10 59385.329350325864 0.010011202505 cfg1 2 2 0 0 na na
10 59385.341350303710 0.010010723666 cfg1 2 2 0 0 na na
10 59385.346350317949 0.010010524136 cfg1 2 2 0 0 na na
10 59385.359350282507 0.010010005301 cfg1 2 2 0 0 na na
10 59385.362350319609 0.010009885691 cfg1 2 2 0 0 na na
10 59385.371350277759 0.010009526609 cfg1 2 2 0 0 na na
10 59385.379350321381 0.010009207399 cfg1 2 2 0 0 na na
10 59385.380350296674 0.010009167299 cfg1 2 2 0 0 na na
10 59385.440350371476 0.010006770742 cfg1 2 1 0 0 na na
10 59385.452350372484 0.010006295026 cfg1 2 1 0 0 na na
10 59385.457350321288 0.010006095437 cfg1 2 2 0 0 na na
10 59385.475350375184 0.010005377238 cfg1 2 2 0 0 na na
10 59385.498350288265 0.010004459775 cfg1 2 2 0 0 na na
10 59385.537350281262 0.010002904016 cfg1 2 2 0 0 na na
10 59385.553350338438 0.010002265761 cfg1 2 2 0 0 na na
10 59385.560350281471 0.010001986614 cfg1 2 2 0 0 na na
10 59385.584350336287 0.010001029368 cfg1 2 2 0 0 na na
10 59385.599350268845 0.010000431102 cfg1 2 2 0 0 na na
10 59385.636350353267 0.009998954126 cfg1 2 1 0 0 na na
10 59385.699350305806 0.009996443692 cfg1 2 1 0 0 na na
10 59385.705350337697 0.009996207167 cfg1 2 1 0 0 na na
10 59385.729350297776 0.009995252745 cfg1 2 1 0 0 na na
10 59385.749350312171 0.009994449174 cfg1 2 2 0 0 na na
10 59385.754350285743 0.009994260255 cfg1 2 1 0 0 na na
10 59385.757350327277 0.009994130194 cfg1 2 2 0 0 na na
10 59385.775350294219 0.009993412469 cfg1 2 2 0 0 na na
10 59385.779350311322 0.009993252962 cfg1 2 2 0 0 na na
10 59385.800350274313 0.009992415677 cfg1 2 2 0 0 na na
10 59385.805350270225 0.009992216318 cfg1 2 2 0 0 na na
10 59385.806350335105 0.009992176455 cfg1 2 2 0 0 na na
10 59385.814350308560 0.009991857487 cfg1 2 2 0 0 na na
10 59385.825350323681 0.009991418964 cfg1 2 2 0 0 na na
10 59385.833350357494 0.009991100038 cfg1 2 2 0 0 na na
10 59385.840350290238 0.009990820929 cfg1 2 2 0 0 na na
10 59385.907350318559 0.009988149965 cfg1 2 2 0 0 na na
10 59385.930350345930 0.009987233061 cfg1 2 2 0 0 na na
10 59385.940350353031 0.009986834526 cfg1 2 2 0 0 na na
10 59385.945350279854 0.009986635228 cfg1 2 2 0 0 na na
10 59385.960350379209 0.009986037326 cfg1 2 2 0 0 na na
10 59385.969350311002 0.009985676853 cfg1 2 1 0 0 na na
10 59385.993350327246 0.009984722005 cfg1 2 2 0 0 na na
10 59386.007350274827 0.009984154898 cfg1 2 1 0 0 na na
10 59386.053350308454 0.009982330835 cfg1 2 2 0 0 na na
10 59386.060350325449 0.009982051808 cfg1 2 2 0 0 na na
10 59386.062350323651 0.009981972095 cfg1 2 2 0 0 na na
10 59386.082350327796 0.009981175089 cfg1 2 2 0 0 na na
10 59386.092350288282 0.009980776541 cfg1 2 2 0 0 na na
10 59386.141350311694 0.009978823991 cfg1 2 2 0 0 na na
10 59386.188350349349 0.009976956323 cfg1 2 1 0 0 na na
10 59386.206350350017 0.009976234170 cfg1 2 2 0 0 na na
10 59386.211350309737 0.009976034907 cfg1 2 2 0 0 na na
10 59386.213350292236 0.009975955307 cfg1 2 2 0 0 na na
10 59386.231350319773 0.009975238084 cfg1 2 2 0 0 na na
10 59386.271350287671 0.009973644522 cfg1 2 2 0 0 na na
10 59386.292350316198 0.009972808124 cfg1 2 2 0 0 na na
10 59386.304350316736 0.009972329992 cfg1 2 2 0 0 na na
10 59386.320350374894 0.009971692631 cfg1 2 2 0 0 na na
10 59386.321350287420 0.009971652859 cfg1 2 2 0 0 na na
10 59386.327350299806 0.009971413797 cfg1 2 2 0 0 na na
10 59386.328350311973 0.009971373998 cfg1 2 2 0 0 na na
10 59386.354350305911 0.009970338338 cfg1 2 2 0 0 na na
10 59386.356350301905 0.009970258704 cfg1 2 2 0 0 na na
10 59386.988350318240 0.009945099709 cfg1 2 2 0 0 na na
10 59386.992350325702 0.009944940655 cfg1 2 2 0 0 na na
10 59493.012350381236 0.006401090659 cfg1 2 1 0 0 na na
10 59494.005350346758 0.006377943166 cfg1 2 1 0 0 na na
10 59494.025350261327 0.006377461354 cfg1 2 1 0 0 na na
10 59494.050350318871 0.006376876055 cfg1 2 1 0 0 na na
10 59494.056350286015 0.006376760540 cfg1 2 1 0 0 na na
10 59494.062350287401 0.006376621435 cfg1 2 1 0 0 na na
10 59494.073350306927 0.006376363355 cfg1 2 1 0 0 na na
10 59494.122350333687 0.006375225890 cfg1 2 1 0 0 na na
10 59494.125350331721 0.006375136721 cfg1 2 1 0 0 na na
10 59494.140350333893 0.006374789548 cfg1 2 1 0 0 na na
10 59494.152350303411 0.006374533602 cfg1 2 1 0 0 na na
10 59494.183350302791 0.006373819994 cfg1 2 1 0 0 na na
10 59494.185350309722 0.006373753809 cfg1 2 1 0 0 na na
10 59494.193350305257 0.006373567048 cfg1 2 1 0 0 na na
10 59494.218350314802 0.006372992673 cfg1 2 1 0 0 na na
10 59494.237350374102 0.006372570788 cfg1 2 1 0 0 na na
10 59494.239350328278 0.006372507323 cfg1 2 1 0 0 na na
10 59494.256350266116 0.006372125241 cfg1 2 1 0 0 na na
10 59494.257350320469 0.006372102031 cfg1 2 1 0 0 na na
10 59494.258350379066 0.006372060328 cfg1 2 1 0 0 na na
10 59494.270350286914 0.006371797406 cfg1 2 1 0 0 na na
10 59494.315350363717 0.006370767445 cfg1 2 1 0 0 na na
10 59494.324350265520 0.006370536737 cfg1 2 1 0 0 na na
10 59494.357350287134 0.006369801928 cfg1 2 1 0 0 na na
10 59494.396350284910 0.006368885704 cfg1 2 1 0 0 na na
10 59494.398350324319 0.006368834352 cfg1 2 1 0 0 na na
10 59494.425350246237 0.006368225817 cfg1 2 1 0 0 na na
10 59494.430350330053 0.006368101711 cfg1 2 1 0 0 na na
10 59494.467350320558 0.006367248889 cfg1 2 1 0 0 na na
10 59494.482350326702 0.006366921600 cfg1 2 1 0 0 na na
10 59494.485350350086 0.006366825665 cfg1 2 1 0 0 na na
10 59494.505350298182 0.006366375568 cfg1 2 1 0 0 na na
10 59494.515350258554 0.006366158048 cfg1 2 1 0 0 na na
10 59494.562350280452 0.006365070007 cfg1 2 1 0 0 na na
10 59494.598350334980 0.006364236070 cfg1 2 1 0 0 na na
10 59494.617350327306 0.006363802297 cfg1 2 1 0 0 na na
10 59494.629350323070 0.006363513883 cfg1 2 1 0 0 na na
10 59494.659350341104 0.006362826778 cfg1 2 1 0 0 na na
10 59494.669350317439 0.006362605596 cfg1 2 1 0 0 na na
10 59494.685350302295 0.006362250991 cfg1 2 1 0 0 na na
10 59494.696350311109 0.006361982891 cfg1 2 1 0 0 na na
10 59494.712350365593 0.006361625803 cfg1 2 1 0 0 na na
10 59494.718350303562 0.006361490718 cfg1 2 1 0 0 na na
10 59494.761350323440 0.006360504651 cfg1 2 1 0 0 na na
10 59494.770350249513 0.006360282430 cfg1 2 1 0 0 na na
10 59494.790350317429 0.006359815681 cfg1 2 1 0 0 na na
10 59494.793350347736 0.006359761860 cfg1 2 1 0 0 na na
10 59494.799350344008 0.006359609364 cfg1 2 1 0 0 na na
10 59494.800350334860 0.006359588216 cfg1 2 1 0 0 na na
10 59494.819350284956 0.006359156711 cfg1 2 1 0 0 na na
10 59494.828350335112 0.006358961289 cfg1 2 1 0 0 na na
10 59494.831350323198 0.006358880708 cfg1 2 1 0 0 na na
10 59494.896350362731 0.006357386523 cfg1 2 1 0 0 na na
10 59494.951350325137 0.006356120789 cfg1 2 1 0 0 na na
10 59494.963350329920 0.006355844708 cfg1 2 1 0 0 na na
10 59494.976350287011 0.006355557899 cfg1 2 1 0 0 na na
10 59494.978350303380 0.006355514200 cfg1 2 1 0 0 na na
10 59494.980350303165 0.006355468544 cfg1 2 1 0 0 na na
10 59494.992350253631 0.006355188329 cfg1 2 1 0 0 na na
10 59494.994350312103 0.006355142008 cfg1 2 1 0 0 na na
10 59494.996350267475 0.006355117661 cfg1 2 1 0 0 na na
10 59495.035350366441 0.006354200481 cfg1 2 1 0 0 na na
10 59495.037350328471 0.006354175331 cfg1 2 1 0 0 na na
10 59495.052350316441 0.006353806606 cfg1 2 1 0 0 na na
10 59495.054350375149 0.006353782624 cfg1 2 1 0 0 na na
10 59495.064350307013 0.006353536748 cfg1 2 1 0 0 na na
10 59495.080350334447 0.006353166370 cfg1 2 1 0 0 na na
10 59495.104350325632 0.006352631681 cfg1 2 1 0 0 na na
10 59495.165350261662 0.006351230454 cfg1 2 1 0 0 na na
10 59495.191350312736 0.006350637906 cfg1 2 1 0 0 na na
10 59495.198350300302 0.006350484363 cfg1 2 2 0 0 na na
10 59495.227350276467 0.006349813984 cfg1 2 1 0 0 na na
10 59495.228350270025 0.006349793353 cfg1 2 1 0 0 na na
10 59495.257350269525 0.006349145558 cfg1 2 1 0 0 na na
10 59495.280350331660 0.006348607914 cfg1 2 1 0 0 na na
10 59495.292350289973 0.006348326196 cfg1 2 1 0 0 na na
10 59495.317350329431 0.006347757337 cfg1 2 1 0 0 na na
10 59495.349350317711 0.006347035658 cfg1 2 1 0 0 na na
10 59495.359350300416 0.006346807724 cfg1 2 1 0 0 na na
10 59495.361350311323 0.006346780657 cfg1 2 1 0 0 na na
10 59495.376350332172 0.006346435437 cfg1 2 1 0 0 na na
10 59495.394350283450 0.006346012704 cfg1 2 1 0 0 na na
10 59495.397350283997 0.006345939403 cfg1 2 1 0 0 na na
10 59495.404350337898 0.006345790874 cfg1 2 1 0 0 na na
10 59495.411350373500 0.006345623002 cfg1 2 1 0 0 na na
10 59495.417350275864 0.006345486581 cfg1 2 1 0 0 na na
10 59495.421350287352 0.006345391865 cfg1 2 1 0 0 na na
10 59495.425350342221 0.006345320365 cfg1 2 1 0 0 na na
10 59495.441350330861 0.006344958551 cfg1 2 1 0 0 na na
10 59495.484350300693 0.006343978769 cfg1 2 1 0 0 na na
10 59495.494350300924 0.006343742784 cfg1 2 1 0 0 na na
10 59495.507350245808 0.006343451217 cfg1 2 1 0 0 na na
10 59495.509350305297 0.006343403920 cfg1 2 1 0 0 na na
10 59495.527350311553 0.006342987509 cfg1 2 1 0 0 na na
10 59495.534350293417 0.006342822950 cfg1 2 1 0 0 na na
10 59495.573350328825 0.006341952095 cfg1 2 1 0 0 na na
10 59495.600350263272 0.006341318682 cfg1 2 1 0 0 na na
10 59495.602350268669 0.006341268308 cfg1 2 1 0 0 na na
10 59495.605350327728 0.006341222424 cfg1 2 1 0 0 na na
10 59495.607350273217 0.006341164596 cfg1 2 1 0 0 na na
10 59495.614350305324 0.006340997271 cfg1 2 1 0 0 na na
10 59495.635350284097 0.006340523362 cfg1 2 1 0 0 na na
10 59495.642350301182 0.006340376087 cfg1 2 1 0 0 na na
10 59495.678350315084 0.006339550833 cfg1 2 1 0 0 na na
10 59495.682350305435 0.006339472969 cfg1 2 1 0 0 na na
10 59495.696350300168 0.006339149175 cfg1 2 1 0 0 na na
10 59495.710350345981 0.006338832453 cfg1 2 1 0 0 na na
10 59495.723350269156 0.006338544241 cfg1 2 1 0 0 na na
10 59495.732350303049 0.006338333473 cfg1 2 1 0 0 na na
10 59495.735350302811 0.006338264893 cfg1 2 1 0 0 na na
10 59495.743350247724 0.006338093989 cfg1 2 1 0 0 na na
10 59495.750350335425 0.006337930210 cfg1 2 1 0 0 na na
10 59495.753350321047 0.006337867177 cfg1 2 1 0 0 na na
10 59495.775350258266 0.006337348793 cfg1 2 1 0 0 na na
10 59495.776350329643 0.006337325268 cfg1 2 1 0 0 na na
10 59495.779350254817 0.006337261955 cfg1 2 1 0 0 na na
10 59495.827350287642 0.006336173784 cfg1 2 1 0 0 na na
10 59495.851350308331 0.006335643362 cfg1 2 1 0 0 na na
10 59495.861350288105 0.006335399299 cfg1 2 1 0 0 na na
10 59495.920350296215 0.006334084407 cfg1 2 1 0 0 na na
10 59495.962350250002 0.006333134404 cfg1 2 1 0 0 na na
10 59495.965350314135 0.006333069344 cfg1 2 1 0 0 na na
10 59495.966350308498 0.006333035323 cfg1 2 1 0 0 na na
10 59495.994350334544 0.006332405525 cfg1 2 1 0 0 na na
10 59496.007350311199 0.006332112583 cfg1 2 1 0 0 na na
10 59496.015350334588 0.006331914930 cfg1 2 1 0 0 na na
10 59496.019350310762 0.006331822584 cfg1 2 1 0 0 na na
10 59496.024350296474 0.006331718886 cfg1 2 1 0 0 na na
10 59496.034350365990 0.006331480964 cfg1 2 1 0 0 na na
10 59496.053350339220 0.006331071500 cfg1 2 1 0 0 na na
10 59496.063350304579 0.006330842828 cfg1 2 1 0 0 na na
10 59496.079350316061 0.006330468176 cfg1 2 1 0 0 na na
10 59496.100350348316 0.006330018167 cfg1 2 1 0 0 na na
10 59496.112350303721 0.006329735558 cfg1 2 1 0 0 na na
10 59496.125350281830 0.006329433365 cfg1 2 1 0 0 na na
10 59496.126350310090 0.006329403450 cfg1 2 1 0 0 na na
10 59496.128350321850 0.006329372624 cfg1 2 1 0 0 na na
10 59496.157350324920 0.006328714434 cfg1 2 1 0 0 na na
10 59496.162350318647 0.006328615340 cfg1 2 1 0 0 na na
10 59496.167350285821 0.006328504482 cfg1 2 1 0 0 na na
10 59496.184350286467 0.006328106411 cfg1 2 1 0 0 na na
10 59496.185350278954 0.006328071185 cfg1 2 1 0 0 na na
10 59496.204350281893 0.006327666530 cfg1 2 1 0 0 na na
10 59496.224350331949 0.006327199067 cfg1 2 1 0 0 na na
10 59496.233350295682 0.006326993045 cfg1 2 1 0 0 na na
10 59496.255350315529 0.006326502711 cfg1 2 1 0 0 na na
10 59496.275350285866 0.006326060617 cfg1 2 1 0 0 na na
10 59496.280350283241 0.006325941334 cfg1 2 1 0 0 na na
10 59496.292350324494 0.006325683069 cfg1 2 1 0 0 na na
10 59496.294350321726 0.006325626849 cfg1 2 1 0 0 na na
10 59496.320350340601 0.006325040105 cfg1 2 1 0 0 na na
10 59496.323350299825 0.006324991232 cfg1 2 1 0 0 na na
10 59496.326350336139 0.006324919619 cfg1 2 1 0 0 na na
10 59496.348350319838 0.006324415719 cfg1 2 1 0 0 na na
10 59496.368350307336 0.006323977555 cfg1 2 1 0 0 na na
10 59496.370350297959 0.006323931180 cfg1 2 1 0 0 na na
10 59496.372350354330 0.006323882858 cfg1 2 1 0 0 na na
10 59496.373350278693 0.006323845746 cfg1 2 1 0 0 na na
10 59496.388350260854 0.006323509445 cfg1 2 1 0 0 na na
10 59496.409350299701 0.006323030524 cfg1 2 1 0 0 na na
10 59496.420350323375 0.006322809332 cfg1 2 1 0 0 na na
10 59496.442350264579 0.006322292376 cfg1 2 1 0 0 na na
10 59496.445350289078 0.006322223444 cfg1 2 1 0 0 na na
10 59496.481350313468 0.006321422618 cfg1 2 1 0 0 na na
10 59496.486350284545 0.006321321294 cfg1 2 1 0 0 na na
10 59496.516350291433 0.006320648043 cfg1 2 1 0 0 na na
10 59496.535350323559 0.006320219061 cfg1 2 1 0 0 na na
10 59496.559350362578 0.006319675836 cfg1 2 1 0 0 na na
10 59496.578350264759 0.006319232104 cfg1 2 1 0 0 na na
10 59496.601350291620 0.006318721678 cfg1 2 1 0 0 na na
10 59496.617350332367 0.006318357454 cfg1 2 1 0 0 na na
10 59496.630350295393 0.006318086069 cfg1 2 1 0 0 na na
10 59496.632350257017 0.006318043844 cfg1 2 1 0 0 na na
10 59496.650350286803 0.006317632985 cfg1 2 1 0 0 na na
10 59496.665350285921 0.006317302445 cfg1 2 1 0 0 na na
10 59496.666350251709 0.006317270212 cfg1 2 1 0 0 na na
10 59496.676350292792 0.006317049262 cfg1 2 1 0 0 na na
10 59496.678350306230 0.006316997531 cfg1 2 1 0 0 na na
10 59496.692350356243 0.006316698192 cfg1 2 1 0 0 na na
10 59496.696350294224 0.006316608006 cfg1 2 1 0 0 na na
10 59496.744350299875 0.006315514848 cfg1 2 1 0 0 na na
10 59496.770350344476 0.006314929659 cfg1 2 1 0 0 na na
10 59496.786350243441 0.006314593377 cfg1 2 1 0 0 na na
10 59496.826350261198 0.006313680756 cfg1 2 1 0 0 na na
10 59496.847350312720 0.006313213923 cfg1 2 1 0 0 na na
10 59496.865350322716 0.006312816468 cfg1 2 1 0 0 na na
10 59496.876350316725 0.006312575183 cfg1 2 1 0 0 na na
10 59496.906350294277 0.006311891891 cfg1 2 1 0 0 na na
10 59496.921350278023 0.006311558610 cfg1 2 1 0 0 na na
10 59496.923350319444 0.006311528041 cfg1 2 1 0 0 na na
10 59496.962350336876 0.006310656613 cfg1 2 1 0 0 na na
10 59496.969350306523 0.006310491803 cfg1 2 1 0 0 na na
10 59496.987350283643 0.006310087950 cfg1 2 1 0 0 na na
10 59496.998350282310 0.006309841978 cfg1 2 1 0 0 na na
10 59497.022350321809 0.006309313529 cfg1 2 1 0 0 na na
10 59497.066350271768 0.006308325877 cfg1 2 1 0 0 na na
10 59497.069350337224 0.006308251079 cfg1 2 1 0 0 na na
10 59497.127350342189 0.006306962581 cfg1 2 1 0 0 na na
10 59497.156350317811 0.006306336689 cfg1 2 1 0 0 na na
10 59497.179350299540 0.006305822014 cfg1 2 1 0 0 na na
10 59497.182350293754 0.006305748650 cfg1 2 1 0 0 na na
10 59497.235350302687 0.006304556672 cfg1 2 1 0 0 na na
10 59497.251350300159 0.006304204544 cfg1 2 1 0 0 na na
10 59497.258350350336 0.006304062389 cfg1 2 1 0 0 na na
10 59497.271350297063 0.006303759554 cfg1 2 1 0 0 na na
10 59497.281350305839 0.006303547740 cfg1 2 1 0 0 na na
10 59497.315350335493 0.006302778389 cfg1 2 1 0 0 na na
10 59497.346350263913 0.006302091125 cfg1 2 1 0 0 na na
10 59497.356350305212 0.006301868591 cfg1 2 1 0 0 na na
10 59497.385350275492 0.006301222613 cfg1 2 1 0 0 na na
10 59497.422350323889 0.006300411342 cfg1 2 1 0 0 na na
10 59497.468350301821 0.006299390159 cfg1 2 1 0 0 na na
10 59497.479350320338 0.006299135361 cfg1 2 1 0 0 na na
10 59497.487350358483 0.006298955870 cfg1 2 1 0 0 na na
10 59497.495350302752 0.006298792719 cfg1 2 1 0 0 na na
10 59497.496350297481 0.006298775880 cfg1 2 1 0 0 na na
10 59497.511350283267 0.006298423148 cfg1 2 1 0 0 na na
10 59497.530350329660 0.006298021700 cfg1 2 1 0 0 na na
10 59497.538350359554 0.006297845490 cfg1 2 1 0 0 na na
10 59497.549350342750 0.006297586271 cfg1 2 1 0 0 na na
10 59497.565350291333 0.006297249705 cfg1 2 1 0 0 na na
10 59497.592350288474 0.006296637395 cfg1 2 1 0 0 na na
10 59497.647350296637 0.006295432653 cfg1 2 1 0 0 na na
10 59497.685350292127 0.006294579105 cfg1 2 1 0 0 na na
10 59497.687350298427 0.006294551659 cfg1 2 1 0 0 na na
10 59497.712350297955 0.006293984477 cfg1 2 1 0 0 na na
10 59497.734350327365 0.006293499401 cfg1 2 1 0 0 na na
10 59497.735350337378 0.006293468330 cfg1 2 1 0 0 na na
10 59497.743350259643 0.006293292173 cfg1 2 1 0 0 na na
10 59497.758350300451 0.006292961708 cfg1 2 1 0 0 na na
10 59497.759350293704 0.006292937898 cfg1 2 1 0 0 na na
10 59497.788350300491 0.006292319543 cfg1 2 1 0 0 na na
10 59497.836350337409 0.006291251658 cfg1 2 1 0 0 na na
10 59497.843350273650 0.006291097948 cfg1 2 1 0 0 na na
10 59497.875350315103 0.006290382974 cfg1 2 1 0 0 na na
10 59497.883350353146 0.006290225015 cfg1 2 1 0 0 na na
10 59497.887350331943 0.006290119410 cfg1 2 1 0 0 na na
10 59497.911350324869 0.006289582497 cfg1 2 1 0 0 na na
10 59497.912350300115 0.006289585578 cfg1 2 1 0 0 na na
10 59497.928350306934 0.006289217642 cfg1 2 1 0 0 na na
10 59497.937350322540 0.006289006140 cfg1 2 1 0 0 na na
10 59497.997350286411 0.006287712497 cfg1 2 1 0 0 na na
10 59498.002350365731 0.006287574694 cfg1 2 1 0 0 na na
10 59498.015350328389 0.006287306701 cfg1 2 1 0 0 na na
10 59498.039350329783 0.006286775090 cfg1 2 1 0 0 na na
10 59498.044350324097 0.006286649117 cfg1 2 1 0 0 na na
10 59498.051350263936 0.006286523218 cfg1 2 1 0 0 na na
10 59498.090350288330 0.006285638732 cfg1 2 1 0 0 na na
10 59498.094350316218 0.006285576323 cfg1 2 1 0 0 na na
10 59498.107350323775 0.006285266484 cfg1 2 1 0 0 na na
10 59498.112350313730 0.006285166292 cfg1 2 1 0 0 na na
10 59498.113350328926 0.006285151026 cfg1 2 1 0 0 na na
10 59498.170350264855 0.006283900837 cfg1 2 1 0 0 na na
10 59498.191350314100 0.006283423351 cfg1 2 1 0 0 na na
10 59498.208350281443 0.006283049297 cfg1 2 1 0 0 na na
10 59498.214350258665 0.006282918156 cfg1 2 1 0 0 na na
10 59498.238350295341 0.006282391398 cfg1 2 1 0 0 na na
10 59498.257350295292 0.006281977676 cfg1 2 1 0 0 na na
10 59498.267350317078 0.006281776250 cfg1 2 1 0 0 na na
10 59498.320350308634 0.006280610116 cfg1 2 1 0 0 na na
10 59498.360350268862 0.006279713477 cfg1 2 1 0 0 na na
10 59498.389350269875 0.006279086372 cfg1 2 1 0 0 na na
10 59498.430350282039 0.006278189777 cfg1 2 1 0 0 na na
10 59498.443350311114 0.006277908370 cfg1 2 1 0 0 na na
10 59498.447350306773 0.006277808738 cfg1 2 1 0 0 na na
10 59498.454350347036 0.006277656338 cfg1 2 1 0 0 na na
10 59498.461350277390 0.006277519158 cfg1 2 1 0 0 na na
10 59498.468350309885 0.006277347471 cfg1 2 1 0 0 na na
10 59498.492350253529 0.006276834023 cfg1 2 1 0 0 na na
10 59498.495350305778 0.006276762907 cfg1 2 1 0 0 na na
10 59498.500350313295 0.006276663695 cfg1 2 1 0 0 na na
10 59498.522350318797 0.006276174944 cfg1 2 1 0 0 na na
10 59498.551350291764 0.006275532048 cfg1 2 1 0 0 na na
10 59498.570350313108 0.006275122651 cfg1 2 1 0 0 na na
10 59498.581350285484 0.006274871459 cfg1 2 1 0 0 na na
10 59498.586350305238 0.006274785421 cfg1 2 1 0 0 na na
10 59498.623350293923 0.006273953794 cfg1 2 1 0 0 na na
10 59498.626350334316 0.006273912665 cfg1 2 1 0 0 na na
10 59498.677350304850 0.006272790570 cfg1 2 1 0 0 na na
10 59498.714350314908 0.006271982726 cfg1 2 1 0 0 na na
10 59498.720350275170 0.006271843796 cfg1 2 1 0 0 na na
10 59498.723350308376 0.006271797198 cfg1 2 1 0 0 na na
10 59498.739350295549 0.006271432423 cfg1 2 1 0 0 na na
10 59498.756350244248 0.006271072560 cfg1 2 1 0 0 na na
10 59498.772350323390 0.006270718588 cfg1 2 1 0 0 na na
10 59498.782350281877 0.006270499543 cfg1 2 1 0 0 na na
10 59498.797350293887 0.006270177514 cfg1 2 1 0 0 na na
10 59498.798350368226 0.006270161600 cfg1 2 1 0 0 na na
10 59498.815350322336 0.006269769454 cfg1 2 1 0 0 na na
10 59498.827350277772 0.006269531642 cfg1 2 1 0 0 na na
10 59498.835350285335 0.006269339126 cfg1 2 1 0 0 na na
10 59498.842350267846 0.006269179058 cfg1 2 1 0 0 na na
10 59498.849350358058 0.006269047515 cfg1 2 1 0 0 na na
10 59498.870350338539 0.006268576782 cfg1 2 1 0 0 na na
10 59498.920350322425 0.006267483286 cfg1 2 1 0 0 na na
10 59498.925350319244 0.006267393127 cfg1 2 1 0 0 na na
10 59498.952350307519 0.006266807848 cfg1 2 1 0 0 na na
10 59498.976350306587 0.006266275808 cfg1 2 1 0 0 na na
10 59498.977350322831 0.006266267415 cfg1 2 1 0 0 na na
10 59499.027350334570 0.006265172198 cfg1 2 1 0 0 na na
10 59499.048350346611 0.006264707137 cfg1 2 1 0 0 na na
10 59499.064350318109 0.006264380398 cfg1 2 1 0 0 na na
10 59499.069350277665 0.006264256521 cfg1 2 1 0 0 na na
10 59499.089350386321 0.006263825219 cfg1 2 1 0 0 na na
10 59499.098350289385 0.006263614508 cfg1 2 1 0 0 na na
10 59499.104350357626 0.006263506379 cfg1 2 1 0 0 na na
10 59499.132350359525 0.006262891395 cfg1 2 1 0 0 na na
10 59499.141350288863 0.006262706784 cfg1 2 1 0 0 na na
10 59499.146350301200 0.006262579388 cfg1 2 1 0 0 na na
10 59499.159350279182 0.006262315162 cfg1 2 1 0 0 na na
10 59499.164350356620 0.006262186974 cfg1 2 1 0 0 na na
10 59499.172350263724 0.006262008241 cfg1 2 1 0 0 na na
10 59499.188350341498 0.006261672694 cfg1 2 1 0 0 na na
10 59499.231350299897 0.006260747204 cfg1 2 1 0 0 na na
10 59499.237350285187 0.006260623690 cfg1 2 1 0 0 na na
10 59499.256350358212 0.006260216374 cfg1 2 1 0 0 na na
10 59499.280350270759 0.006259695502 cfg1 2 1 0 0 na na
10 59499.296350292281 0.006259329584 cfg1 2 1 0 0 na na
10 59499.395350347473 0.006257189492 cfg1 2 1 0 0 na na
10 59499.405350355830 0.006256986849 cfg1 2 1 0 0 na na
10 59499.449350359876 0.006256033694 cfg1 2 1 0 0 na na
10 59499.464350337026 0.006255701476 cfg1 2 1 0 0 na na
10 59499.471350320220 0.006255556066 cfg1 2 1 0 0 na na
10 59499.531350333990 0.006254244941 cfg1 2 1 0 0 na na
10 59499.532350299271 0.006254228813 cfg1 2 1 0 0 na na
10 59499.533350300731 0.006254206128 cfg1 2 1 0 0 na na
10 59499.541350345741 0.006254045375 cfg1 2 1 0 0 na na
10 59499.545350261826 0.006253945128 cfg1 2 1 0 0 na na
10 59499.575350290007 0.006253303554 cfg1 2 1 0 0 na na
10 59499.599350296115 0.006252794507 cfg1 2 1 0 0 na na
10 59499.604350273676 0.006252674947 cfg1 2 1 0 0 na na
10 59499.607350280286 0.006252619662 cfg1 2 1 0 0 na na
10 59499.659350322259 0.006251507349 cfg1 2 1 0 0 na na
10 59499.721350314019 0.006250170142 cfg1 2 1 0 0 na na
10 59499.808350328007 0.006248285744 cfg1 2 1 0 0 na na
10 59499.823350325380 0.006247970232 cfg1 2 1 0 0 na na
10 59499.875350322011 0.006246855037 cfg1 2 1 0 0 na na
10 59499.922350370361 0.006245848726 cfg1 2 1 0 0 na na
10 59499.941350368576 0.006245443184 cfg1 2 1 0 0 na na
10 59499.943350247085 0.006245399833 cfg1 2 1 0 0 na na
10 59499.963350317407 0.006244972982 cfg1 2 1 0 0 na na
10 59499.965350338971 0.006244934569 cfg1 2 1 0 0 na na
10 59499.971350288554 0.006244792099 cfg1 2 1 0 0 na na
10 59499.975350264599 0.006244701815 cfg1 2 1 0 0 na na
10 59499.990350321114 0.006244400732 cfg1 2 1 0 0 na na
10 59499.999350290608 0.006244208247 cfg1 2 1 0 0 na na
10 59500.039350301445 0.006243346249 cfg1 2 1 0 0 na na
10 59500.060350351998 0.006242879971 cfg1 2 1 0 0 na na
10 59500.062350295328 0.006242848250 cfg1 2 1 0 0 na na
10 59500.069350314500 0.006242708993 cfg1 2 1 0 0 na na
10 59500.086350329993 0.006242342341 cfg1 2 1 0 0 na na
10 59500.087350352303 0.006242320123 cfg1 2 1 0 0 na na
10 59500.091350272113 0.006242238042 cfg1 2 1 0 0 na na
10 59500.100350314582 0.006242025901 cfg1 2 1 0 0 na na
10 59500.109350248683 0.006241856794 cfg1 2 1 0 0 na na
10 59500.144350341927 0.006241079663 cfg1 2 1 0 0 na na
10 59500.157350321644 0.006240821397 cfg1 2 1 0 0 na na
10 59500.163350292811 0.006240675561 cfg1 2 1 0 0 na na
10 59500.173350297790 0.006240486619 cfg1 2 1 0 0 na na
10 59500.182350310080 0.006240282038 cfg1 2 1 0 0 na na
10 59500.228350279428 0.006239302232 cfg1 2 1 0 0 na na
10 59500.251350345654 0.006238794999 cfg1 2 1 0 0 na na
10 59500.253350291997 0.006238773875 cfg1 2 1 0 0 na na
10 59500.258350318353 0.006238660161 cfg1 2 1 0 0 na na
10 59500.270350337231 0.006238409379 cfg1 2 1 0 0 na na
10 59500.272350269637 0.006238358632 cfg1 2 1 0 0 na na
10 59500.279350305184 0.006238203352 cfg1 2 1 0 0 na na
10 59500.296350317971 0.006237853879 cfg1 2 1 0 0 na na
10 59500.328350293343 0.006237149779 cfg1 2 1 0 0 na na
10 59500.335350303043 0.006237020802 cfg1 2 1 0 0 na na
10 59500.365350308704 0.006236386191 cfg1 2 1 0 0 na na
10 59500.388350305350 0.006235869248 cfg1 2 1 0 0 na na
10 59500.396350311968 0.006235708205 cfg1 2 1 0 0 na na
10 59500.439350315367 0.006234794078 cfg1 2 1 0 0 na na
10 59500.460350355337 0.006234337458 cfg1 2 1 0 0 na na
10 59500.461350291821 0.006234321553 cfg1 2 1 0 0 na na
10 59500.464350261877 0.006234254973 cfg1 2 1 0 0 na na
10 59500.514350323534 0.006233204862 cfg1 2 1 0 0 na na
10 59500.549350302123 0.006232464213 cfg1 2 1 0 0 na na
10 59500.550350296878 0.006232438794 cfg1 2 1 0 0 na na
10 59500.559350296253 0.006232248928 cfg1 2 1 0 0 na na
10 59500.595350270362 0.006231472891 cfg1 2 1 0 0 na na
10 59500.610350279279 0.006231151512 cfg1 2 1 0 0 na na
10 59500.623350304396 0.006230871376 cfg1 2 1 0 0 na na
10 59500.632350260614 0.006230686375 cfg1 2 1 0 0 na na
10 59500.633350340271 0.006230669958 cfg1 2 1 0 0 na na
10 59500.645350348694 0.006230402271 cfg1 2 1 0 0 na na
10 59500.650350315696 0.006230314535 cfg1 2 1 0 0 na na
10 59500.661350301926 0.006230067459 cfg1 2 1 0 0 na na
10 59500.692350296836 0.006229426120 cfg1 2 1 0 0 na na
10 59500.726350288446 0.006228695455 cfg1 2 1 0 0 na na
10 59500.753350329093 0.006228109701 cfg1 2 1 0 0 na na
10 59500.807350281997 0.006226973405 cfg1 2 1 0 0 na na
10 59500.846350260778 0.006226160735 cfg1 2 1 0 0 na na
10 59500.877350327906 0.006225495202 cfg1 2 1 0 0 na na
10 59500.881350293095 0.006225417953 cfg1 2 1 0 0 na na
10 59500.914350302923 0.006224715490 cfg1 2 1 0 0 na na
10 59500.920350369497 0.006224579543 cfg1 2 1 0 0 na na
10 59500.968350317132 0.006223577247 cfg1 2 1 0 0 na na
10 59500.982350320228 0.006223277912 cfg1 2 1 0 0 na na
10 59500.989350320790 0.006223136744 cfg1 2 1 0 0 na na
10 59501.077350322119 0.006221282957 cfg1 2 1 0 0 na na
10 59501.082350278970 0.006221150327 cfg1 2 1 0 0 na na
10 59501.120350335866 0.006220360800 cfg1 2 1 0 0 na na
10 59501.125350321707 0.006220257492 cfg1 2 1 0 0 na na
10 59501.126350352588 0.006220236900 cfg1 2 1 0 0 na na
10 59501.131350308987 0.006220120255 cfg1 2 1 0 0 na na
10 59501.138350337076 0.006219979804 cfg1 2 1 0 0 na na
10 59501.148350359629 0.006219778854 cfg1 2 1 0 0 na na
10 59501.161350306085 0.006219494149 cfg1 2 1 0 0 na na
10 59501.175350308412 0.006219188957 cfg1 2 1 0 0 na na
10 59501.193350261195 0.006218827402 cfg1 2 1 0 0 na na
10 59501.195350314853 0.006218776000 cfg1 2 1 0 0 na na
10 59501.206350349028 0.006218545895 cfg1 2 1 0 0 na na
10 59501.251350351913 0.006217594723 cfg1 2 1 0 0 na na
10 59501.261350291680 0.006217399955 cfg1 2 1 0 0 na na
10 59501.277350296959 0.006217050631 cfg1 2 1 0 0 na na
10 59501.312350371949 0.006216331293 cfg1 2 1 0 0 na na
10 59501.333350336639 0.006215877134 cfg1 2 1 0 0 na na
10 59501.340350335009 0.006215742347 cfg1 2 1 0 0 na na
10 59501.381350320297 0.006214873525 cfg1 2 1 0 0 na na
10 59501.382350264859 0.006214837394 cfg1 2 1 0 0 na na
10 59501.385350288153 0.006214776888 cfg1 2 1 0 0 na na
10 59501.387350317983 0.006214744773 cfg1 2 1 0 0 na na
10 59501.390350286754 0.006214671160 cfg1 2 1 0 0 na na
10 59501.415350304960 0.006214164966 cfg1 2 1 0 0 na na
10 59501.424350264457 0.006213952153 cfg1 2 1 0 0 na na
10 59501.482350255288 0.006212746937 cfg1 2 1 0 0 na na
10 59501.489350294501 0.006212587113 cfg1 2 1 0 0 na na
10 59501.501350311300 0.006212346423 cfg1 2 1 0 0 na na
10 59501.507350340925 0.006212224407 cfg1 2 1 0 0 na na
10 59501.517350332025 0.006212001133 cfg1 2 1 0 0 na na
10 59501.546350295158 0.006211404040 cfg1 2 1 0 0 na na
10 59501.552350250387 0.006211281579 cfg1 2 1 0 0 na na
10 59501.565350342306 0.006210993190 cfg1 2 1 0 0 na na
10 59501.571350354013 0.006210869777 cfg1 2 1 0 0 na na
10 59501.611350340976 0.006210046612 cfg1 2 1 0 0 na na
10 59501.629350246556 0.006209675536 cfg1 2 1 0 0 na na
10 59501.632350332984 0.006209613468 cfg1 2 1 0 0 na na
10 59501.702350314128 0.006208129062 cfg1 2 1 0 0 na na
10 59501.731350259657 0.006207527516 cfg1 2 1 0 0 na na
10 59501.737350306132 0.006207409085 cfg1 2 1 0 0 na na
10 59501.739350321134 0.006207369490 cfg1 2 1 0 0 na na
10 59501.753350351998 0.006207071426 cfg1 2 1 0 0 na na
10 59501.765350303613 0.006206814909 cfg1 2 1 0 0 na na
10 59501.776350312439 0.006206581414 cfg1 2 1 0 0 na na
10 59501.787350310981 0.006206370219 cfg1 2 1 0 0 na na
10 59501.811350260219 0.006205851486 cfg1 2 1 0 0 na na
10 59501.816350317626 0.006205742357 cfg1 2 1 0 0 na na
10 59501.821350292606 0.006205645032 cfg1 2 1 0 0 na na
10 59501.826350351959 0.006205550439 cfg1 2 1 0 0 na na
10 59501.862350270515 0.006204782760 cfg1 2 1 0 0 na na
10 59501.871350313929 0.006204614424 cfg1 2 1 0 0 na na
10 59501.881350367127 0.006204401577 cfg1 2 1 0 0 na na
10 59501.890350321878 0.006204212677 cfg1 2 1 0 0 na na
10 59501.913350387270 0.006203744712 cfg1 2 1 0 0 na na
10 59501.914350326573 0.006203706791 cfg1 2 1 0 0 na na
10 59501.939350297092 0.006203187899 cfg1 2 1 0 0 na na
10 59501.962350291585 0.006202720700 cfg1 2 1 0 0 na na
10 59501.981350327110 0.006202302809 cfg1 2 1 0 0 na na
10 59501.992350329489 0.006202090516 cfg1 2 1 0 0 na na
10 59501.994350337630 0.006202031696 cfg1 2 1 0 0 na na
10 59502.004350351426 0.006201842689 cfg1 2 1 0 0 na na
10 59502.009350250897 0.006201731001 cfg1 2 1 0 0 na na
10 59502.021350337870 0.006201488097 cfg1 2 1 0 0 na na
10 59502.025350308560 0.006201409508 cfg1 2 1 0 0 na na
10 59502.049350294044 0.006200894991 cfg1 2 1 0 0 na na
10 59502.091350293383 0.006200012384 cfg1 2 1 0 0 na na
10 59502.112350378176 0.006199590773 cfg1 2 1 0 0 na na
10 59502.113350310730 0.006199571012 cfg1 2 1 0 0 na na
10 59502.129350299225 0.006199242775 cfg1 2 1 0 0 na na
10 59502.151350353312 0.006198786769 cfg1 2 1 0 0 na na
10 59502.179350278275 0.006198198203 cfg1 2 1 0 0 na na
10 59502.183350302227 0.006198114544 cfg1 2 1 0 0 na na
10 59502.192350327037 0.006197926306 cfg1 2 1 0 0 na na
10 59502.234350326146 0.006197063870 cfg1 2 1 0 0 na na
10 59502.244350369711 0.006196839490 cfg1 2 1 0 0 na na
10 59502.246350360429 0.006196810451 cfg1 2 1 0 0 na na
10 59502.254350390207 0.006196636975 cfg1 2 1 0 0 na na
10 59502.263350303683 0.006196459304 cfg1 2 1 0 0 na na
10 59502.287350366814 0.006195951142 cfg1 2 1 0 0 na na
10 59502.335350324144 0.006194949916 cfg1 2 1 0 0 na na
10 59502.339350335964 0.006194889794 cfg1 2 1 0 0 na na
10 59502.341350287033 0.006194841857 cfg1 2 1 0 0 na na
10 59502.345350383880 0.006194742414 cfg1 2 1 0 0 na na
10 59502.361350251035 0.006194420869 cfg1 2 1 0 0 na na
10 59502.365350299808 0.006194348703 cfg1 2 1 0 0 na na
10 59502.374350340021 0.006194138991 cfg1 2 1 0 0 na na
10 59502.423350342382 0.006193150656 cfg1 2 1 0 0 na na
10 59502.458350337627 0.006192426855 cfg1 2 1 0 0 na na
10 59502.479350293867 0.006191984937 cfg1 2 1 0 0 na na
10 59502.514350254214 0.006191252694 cfg1 2 1 0 0 na na
10 59502.536350309322 0.006190791159 cfg1 2 1 0 0 na na
10 59502.538350287349 0.006190762981 cfg1 2 1 0 0 na na
10 59502.543350332652 0.006190663527 cfg1 2 1 0 0 na na
10 59502.552350317446 0.006190464601 cfg1 2 1 0 0 na na
10 59502.555350314679 0.006190394645 cfg1 2 1 0 0 na na
10 59502.584350298731 0.006189799891 cfg1 2 1 0 0 na na
10 59502.590350398784 0.006189682098 cfg1 2 1 0 0 na na
10 59502.604350337822 0.006189399871 cfg1 2 1 0 0 na na
10 59502.622350261449 0.006189019022 cfg1 2 1 0 0 na na
10 59502.682350285153 0.006187779904 cfg1 2 1 0 0 na na
10 59502.697350279453 0.006187468449 cfg1 2 1 0 0 na na
10 59502.708350290293 0.006187254246 cfg1 2 1 0 0 na na
10 59502.734350305126 0.006186715026 cfg1 2 1 0 0 na na
10 59502.744350353982 0.006186499530 cfg1 2 1 0 0 na na
10 59502.753350297949 0.006186337818 cfg1 2 1 0 0 na na
10 59502.802350247842 0.006185319132 cfg1 2 1 0 0 na na
10 59502.830350346332 0.006184746871 cfg1 2 1 0 0 na na
10 59502.834350329812 0.006184659563 cfg1 2 1 0 0 na na
10 59502.847350251088 0.006184390828 cfg1 2 1 0 0 na na
10 59502.884350241507 0.006183640457 cfg1 2 1 0 0 na na
10 59502.904350330604 0.006183215049 cfg1 2 1 0 0 na na
10 59502.906350319292 0.006183168088 cfg1 2 1 0 0 na na
10 59502.924350292558 0.006182822205 cfg1 2 1 0 0 na na
10 59502.928350313709 0.006182732068 cfg1 2 1 0 0 na na
10 59502.976350296651 0.006181739785 cfg1 2 1 0 0 na na
10 59503.000350267569 0.006181246428 cfg1 2 1 0 0 na na
10 59503.024350323230 0.006180744524 cfg1 2 1 0 0 na na
10 59503.055350338997 0.006180115726 cfg1 2 1 0 0 na na
10 59503.070350300340 0.006179808420 cfg1 2 1 0 0 na na
10 59503.117350378738 0.006178845403 cfg1 2 1 0 0 na na
10 59503.154350317137 0.006178101676 cfg1 2 1 0 0 na na
10 59503.170350286444 0.006177753313 cfg1 2 1 0 0 na na
10 59503.182350287675 0.006177512994 cfg1 2 1 0 0 na na
10 59503.206350335570 0.006177032323 cfg1 2 1 0 0 na na
10 59503.211350271126 0.006176927016 cfg1 2 1 0 0 na na
10 59503.214350332601 0.006176878443 cfg1 2 1 0 0 na na
10 59503.228350294892 0.006176572731 cfg1 2 1 0 0 na na
10 59503.237350305590 0.006176391883 cfg1 2 1 0 0 na na
10 59503.246350277834 0.006176202831 cfg1 2 1 0 0 na na
10 59503.248350325302 0.006176177407 cfg1 2 1 0 0 na na
10 59503.292350281614 0.006175265539 cfg1 2 1 0 0 na na
10 59503.293350284365 0.006175236740 cfg1 2 1 0 0 na na
10 59503.322350321182 0.006174667320 cfg1 2 1 0 0 na na
10 59503.333350326025 0.006174427521 cfg1 2 1 0 0 na na
10 59503.346350277115 0.006174159108 cfg1 2 1 0 0 na na
10 59503.386350283177 0.006173358560 cfg1 2 1 0 0 na na
10 59503.393350327512 0.006173200326 cfg1 2 1 0 0 na na
10 59503.446350291947 0.006172139515 cfg1 2 1 0 0 na na
10 59503.463350380112 0.006171793476 cfg1 2 1 0 0 na na
10 59503.479350279308 0.006171448517 cfg1 2 1 0 0 na na
10 59503.507350334540 0.006170880972 cfg1 2 1 0 0 na na
10 59503.535350333081 0.006170326758 cfg1 2 1 0 0 na na
10 59503.589350364995 0.006169230101 cfg1 2 1 0 0 na na
10 59503.609350305187 0.006168807991 cfg1 2 1 0 0 na na
10 59503.612350296069 0.006168736823 cfg1 2 1 0 0 na na
10 59503.646350254901 0.006168056748 cfg1 2 1 0 0 na na
10 59503.677350277563 0.006167436199 cfg1 2 1 0 0 na na
10 59503.684350368445 0.006167282781 cfg1 2 1 0 0 na na
10 59503.715350267543 0.006166651531 cfg1 2 1 0 0 na na
10 59503.716350320965 0.006166627955 cfg1 2 1 0 0 na na
10 59503.717350265041 0.006166606979 cfg1 2 1 0 0 na na
10 59503.735350300927 0.006166238917 cfg1 2 1 0 0 na na
10 59503.746350361274 0.006166044090 cfg1 2 1 0 0 na na
10 59503.759350359293 0.006165755040 cfg1 2 1 0 0 na na
10 59503.763350355651 0.006165688398 cfg1 2 1 0 0 na na
10 59503.775350329346 0.006165431082 cfg1 2 1 0 0 na na
10 59503.786350319657 0.006165206474 cfg1 2 1 0 0 na na
10 59503.808350334582 0.006164785965 cfg1 2 1 0 0 na na
10 59503.824350257598 0.006164444700 cfg1 2 1 0 0 na na
10 59503.825350326427 0.006164440811 cfg1 2 1 0 0 na na
10 59503.845350380036 0.006164020479 cfg1 2 1 0 0 na na
10 59503.850350288377 0.006163909926 cfg1 2 1 0 0 na na
10 59503.852350322097 0.006163891339 cfg1 2 1 0 0 na na
10 59503.871350366557 0.006163483937 cfg1 2 1 0 0 na na
10 59503.878350281484 0.006163368244 cfg1 2 1 0 0 na na
10 59503.894350317459 0.006163027961 cfg1 2 1 0 0 na na
10 59503.904350271935 0.006162818390 cfg1 2 1 0 0 na na
10 59504.021350356420 0.006160464779 cfg1 2 1 0 0 na na
10 59504.023350344926 0.006160434357 cfg1 2 1 0 0 na na
10 59504.039350313452 0.006160108989 cfg1 2 1 0 0 na na
10 59504.042350351910 0.006160047663 cfg1 2 1 0 0 na na
10 59504.059350293204 0.006159696146 cfg1 2 1 0 0 na na
10 59504.078350302221 0.006159298664 cfg1 2 1 0 0 na na
10 59504.094350262928 0.006158978955 cfg1 2 1 0 0 na na
10 59504.096350289360 0.006158960135 cfg1 2 1 0 0 na na
10 59504.113350261018 0.006158595529 cfg1 2 1 0 0 na na
10 59504.153350275910 0.006157800531 cfg1 2 1 0 0 na na
10 59504.165350301349 0.006157552456 cfg1 2 1 0 0 na na
10 59504.185350349485 0.006157145636 cfg1 2 1 0 0 na na
10 59504.190350271443 0.006157043902 cfg1 2 1 0 0 na na
10 59504.196350288237 0.006156944282 cfg1 2 1 0 0 na na
10 59504.232350279653 0.006156201070 cfg1 2 1 0 0 na na
10 59504.242350328173 0.006156011483 cfg1 2 1 0 0 na na
10 59504.277350341245 0.006155295298 cfg1 2 1 0 0 na na
10 59504.282350377316 0.006155203275 cfg1 2 1 0 0 na na
10 59504.284350300232 0.006155157178 cfg1 2 1 0 0 na na
10 59504.301350340315 0.006154808978 cfg1 2 1 0 0 na na
10 59504.308350298862 0.006154666575 cfg1 2 1 0 0 na na
10 59504.313350286018 0.006154580044 cfg1 2 1 0 0 na na
10 59504.329350339283 0.006154243945 cfg1 2 1 0 0 na na
10 59504.334350284015 0.006154163900 cfg1 2 1 0 0 na na
10 59504.350350270854 0.006153841176 cfg1 2 1 0 0 na na
10 59504.354350272596 0.006153762297 cfg1 2 1 0 0 na na
10 59504.358350279270 0.006153674309 cfg1 2 1 0 0 na na
10 59504.363350267838 0.006153574639 cfg1 2 1 0 0 na na
10 59504.370350296575 0.006153438371 cfg1 2 1 0 0 na na
10 59504.373350294252 0.006153359541 cfg1 2 1 0 0 na na
10 59504.376350288228 0.006153307828 cfg1 2 1 0 0 na na
10 59504.381350325580 0.006153204987 cfg1 2 1 0 0 na na
10 59504.397350348481 0.006152885994 cfg1 2 1 0 0 na na
10 59504.405350283761 0.006152734760 cfg1 2 1 0 0 na na
10 59504.431350303099 0.006152200483 cfg1 2 1 0 0 na na
10 59504.432350266645 0.006152198470 cfg1 2 1 0 0 na na
10 59504.455350348503 0.006151723346 cfg1 2 1 0 0 na na
10 59504.473350315794 0.006151368129 cfg1 2 1 0 0 na na
10 59504.511350308062 0.006150600454 cfg1 2 1 0 0 na na
10 59504.517350299045 0.006150497294 cfg1 2 1 0 0 na na
10 59504.529350318670 0.006150232983 cfg1 2 1 0 0 na na
10 59504.534350307087 0.006150146084 cfg1 2 1 0 0 na na
10 59504.539350331968 0.006150055698 cfg1 2 1 0 0 na na
10 59504.548350302493 0.006149849924 cfg1 2 1 0 0 na na
10 59504.560350359054 0.006149609157 cfg1 2 1 0 0 na na
10 59504.561350281236 0.006149588032 cfg1 2 1 0 0 na na
10 59504.566350379669 0.006149507466 cfg1 2 1 0 0 na na
10 59504.582350292871 0.006149167583 cfg1 2 1 0 0 na na
10 59504.586350262867 0.006149089016 cfg1 2 1 0 0 na na
10 59504.601350282248 0.006148795078 cfg1 2 1 0 0 na na
10 59504.602350341162 0.006148768106 cfg1 2 1 0 0 na na
10 59504.621350309124 0.006148401533 cfg1 2 1 0 0 na na
10 59504.676350311623 0.006147307097 cfg1 2 1 0 0 na na
10 59504.700350321126 0.006146819573 cfg1 2 1 0 0 na na
10 59504.713350277201 0.006146549129 cfg1 2 1 0 0 na na
10 59504.739350297121 0.006146031308 cfg1 2 1 0 0 na na
10 59504.795350342467 0.006144925839 cfg1 2 1 0 0 na na
10 59504.837350285816 0.006144093625 cfg1 2 1 0 0 na na
10 59504.848350319665 0.006143858865 cfg1 2 1 0 0 na na
10 59504.866350330751 0.006143511875 cfg1 2 1 0 0 na na
10 59504.868350327741 0.006143479361 cfg1 2 1 0 0 na na
10 59504.873350286406 0.006143375567 cfg1 2 1 0 0 na na
10 59504.881350337009 0.006143216025 cfg1 2 1 0 0 na na
10 59504.893350313077 0.006142978499 cfg1 2 1 0 0 na na
10 59504.915350352028 0.006142522989 cfg1 2 1 0 0 na na
10 59504.919350293517 0.006142449439 cfg1 2 1 0 0 na na
10 59504.932350267660 0.006142204045 cfg1 2 1 0 0 na na
10 59505.015350311683 0.006140528163 cfg1 2 1 0 0 na na
10 59505.035350266620 0.006140150295 cfg1 2 1 0 0 na na
10 59505.058350351685 0.006139682851 cfg1 2 1 0 0 na na
10 59505.066350326826 0.006139532206 cfg1 2 1 0 0 na na
10 59505.068350258249 0.006139500620 cfg1 2 1 0 0 na na
10 59505.086350286084 0.006139132469 cfg1 2 1 0 0 na na
10 59505.125350318394 0.006138346304 cfg1 2 1 0 0 na na
10 59505.158350262758 0.006137713474 cfg1 2 1 0 0 na na
10 59505.185350271620 0.006137164022 cfg1 2 1 0 0 na na
10 59505.194350362471 0.006136977061 cfg1 2 1 0 0 na na
10 59505.207350332923 0.006136741847 cfg1 2 1 0 0 na na
10 59505.239350312031 0.006136107068 cfg1 2 1 0 0 na na
10 59505.246350310270 0.006135963667 cfg1 2 1 0 0 na na
10 59505.248350335966 0.006135902889 cfg1 2 1 0 0 na na
10 59505.251350241884 0.006135865043 cfg1 2 1 0 0 na na
10 59505.261350299002 0.006135652187 cfg1 2 1 0 0 na na
10 59505.294350342433 0.006135003520 cfg1 2 1 0 0 na na
10 59505.301350305456 0.006134876400 cfg1 2 1 0 0 na na
10 59505.306350336207 0.006134772270 cfg1 2 1 0 0 na na
10 59505.308350371856 0.006134723368 cfg1 2 1 0 0 na na
10 59505.330350330454 0.006134300401 cfg1 2 1 0 0 na na
10 59505.335350263219 0.006134178689 cfg1 2 1 0 0 na na
10 59505.363350318589 0.006133650738 cfg1 2 1 0 0 na na
10 59505.368350281639 0.006133530119 cfg1 2 1 0 0 na na
10 59505.420350322705 0.006132497772 cfg1 2 1 0 0 na na
10 59505.448350323762 0.006131967753 cfg1 2 1 0 0 na na
10 59505.462350283756 0.006131673195 cfg1 2 1 0 0 na na
10 59505.481350243597 0.006131313129 cfg1 2 1 0 0 na na
10 59505.526350303330 0.006130425533 cfg1 2 1 0 0 na na
10 59505.543350281701 0.006130080739 cfg1 2 1 0 0 na na
10 59505.544350298456 0.006130076493 cfg1 2 1 0 0 na na
10 59505.550350287541 0.006129936889 cfg1 2 1 0 0 na na
10 59505.552350287156 0.006129900818 cfg1 2 1 0 0 na na
10 59505.567350354393 0.006129609037 cfg1 2 1 0 0 na na
10 59505.569350322081 0.006129575577 cfg1 2 1 0 0 na na
10 59505.636350256694 0.006128245498 cfg1 2 1 0 0 na na
10 59505.645350257732 0.006128070729 cfg1 2 1 0 0 na na
10 59505.681350269936 0.006127379397 cfg1 2 1 0 0 na na
10 59505.688350385939 0.006127218557 cfg1 2 1 0 0 na na
10 59505.689350261505 0.006127200613 cfg1 2 1 0 0 na na
10 59505.708350301128 0.006126849238 cfg1 2 1 0 0 na na
10 59505.715350336255 0.006126702495 cfg1 2 1 0 0 na na
10 59505.720350322909 0.006126609785 cfg1 2 1 0 0 na na
10 59505.766350331769 0.006125707433 cfg1 2 1 0 0 na na
10 59505.785350341786 0.006125331598 cfg1 2 1 0 0 na na
10 59505.790350288186 0.006125214396 cfg1 2 1 0 0 na na
10 59505.791350336862 0.006125202404 cfg1 2 1 0 0 na na
10 59505.792350316806 0.006125176162 cfg1 2 1 0 0 na na
10 59505.830350267196 0.006124424676 cfg1 2 1 0 0 na na
10 59505.850350271717 0.006124054712 cfg1 2 1 0 0 na na
10 59505.853350256404 0.006123980518 cfg1 2 1 0 0 na na
10 59505.868350253675 0.006123688269 cfg1 2 1 0 0 na na
10 59505.916350288565 0.006122737632 cfg1 2 1 0 0 na na
10 59505.953350368642 0.006122021017 cfg1 2 1 0 0 na na
10 59505.962350302170 0.006121846947 cfg1 2 1 0 0 na na
10 59505.964350298881 0.006121817057 cfg1 2 1 0 0 na na
10 59506.013350303213 0.006120836375 cfg1 2 1 0 0 na na
10 59506.036350278341 0.006120414166 cfg1 2 1 0 0 na na
10 59506.080350318334 0.006119530481 cfg1 2 1 0 0 na na
10 59506.147350267029 0.006118224725 cfg1 2 1 0 0 na na
10 59506.154350301273 0.006118091075 cfg1 2 1 0 0 na na
10 59506.156350283669 0.006118046714 cfg1 2 1 0 0 na na
10 59506.195350291620 0.006117306615 cfg1 2 1 0 0 na na
10 59506.197350316596 0.006117241461 cfg1 2 1 0 0 na na
10 59506.212350317933 0.006116975159 cfg1 2 1 0 0 na na
10 59506.232350377966 0.006116560351 cfg1 2 1 0 0 na na
10 59506.251350326978 0.006116197942 cfg1 2 1 0 0 na na
10 59506.319350328669 0.006114867016 cfg1 2 1 0 0 na na
10 59506.328350328511 0.006114703685 cfg1 2 1 0 0 na na
10 59506.336350266098 0.006114544763 cfg1 2 1 0 0 na na
10 59506.365350298468 0.006113974610 cfg1 2 1 0 0 na na
10 59506.391350283477 0.006113479540 cfg1 2 1 0 0 na na
10 59506.393350347152 0.006113439131 cfg1 2 1 0 0 na na
10 59506.405350285135 0.006113202594 cfg1 2 1 0 0 na na
10 59506.438350384075 0.006112573465 cfg1 2 1 0 0 na na
10 59506.442350309995 0.006112475819 cfg1 2 1 0 0 na na
10 59506.445350337272 0.006112428809 cfg1 2 1 0 0 na na
10 59506.458350307782 0.006112165920 cfg1 2 1 0 0 na na
10 59506.493350271351 0.006111502088 cfg1 2 1 0 0 na na
10 59506.496350303035 0.006111435033 cfg1 2 1 0 0 na na
10 59506.499350327995 0.006111368956 cfg1 2 1 0 0 na na
10 59506.566350295704 0.006110073661 cfg1 2 1 0 0 na na
10 59506.593350294886 0.006109552956 cfg1 2 1 0 0 na na
10 59506.616350287962 0.006109098356 cfg1 2 1 0 0 na na
10 59506.629350248420 0.006108866354 cfg1 2 1 0 0 na na
10 59506.635350267587 0.006108730481 cfg1 2 1 0 0 na na
10 59506.642350298027 0.006108613579 cfg1 2 1 0 0 na na
10 59506.649350313306 0.006108460149 cfg1 2 1 0 0 na na
10 59506.650350354378 0.006108435798 cfg1 2 1 0 0 na na
10 59506.653350262224 0.006108379567 cfg1 2 1 0 0 na na
10 59506.657350255196 0.006108306805 cfg1 2 1 0 0 na na
10 59506.662350281020 0.006108226134 cfg1 2 1 0 0 na na
10 59506.713350333859 0.006107244952 cfg1 2 1 0 0 na na
10 59506.722350340144 0.006107056730 cfg1 2 1 0 0 na na
10 59506.726350336486 0.006106974263 cfg1 2 1 0 0 na na
10 59506.743350312862 0.006106642072 cfg1 2 1 0 0 na na
10 59506.747350320351 0.006106584927 cfg1 2 1 0 0 na na
10 59506.756350300084 0.006106411206 cfg1 2 1 0 0 na na
10 59506.762350285935 0.006106295600 cfg1 2 1 0 0 na na
10 59506.765350362755 0.006106224306 cfg1 2 1 0 0 na na
10 59506.772350260015 0.006106078415 cfg1 2 1 0 0 na na
10 59506.797350320546 0.006105600927 cfg1 2 1 0 0 na na
10 59506.808350285533 0.006105385304 cfg1 2 1 0 0 na na
10 59506.811350326044 0.006105334136 cfg1 2 1 0 0 na na
10 59506.826350308678 0.006105053658 cfg1 2 1 0 0 na na
10 59506.841350258079 0.006104748901 cfg1 2 1 0 0 na na
10 59506.850350300082 0.006104592434 cfg1 2 1 0 0 na na
10 59506.863350327323 0.006104325170 cfg1 2 1 0 0 na na
10 59506.869350283166 0.006104228007 cfg1 2 1 0 0 na na
10 59506.870350303479 0.006104184030 cfg1 2 1 0 0 na na
10 59506.878350312143 0.006104038671 cfg1 2 1 0 0 na na
10 59506.880350294876 0.006103996570 cfg1 2 1 0 0 na na
10 59506.889350303245 0.006103837497 cfg1 2 1 0 0 na na
10 59506.904350355140 0.006103533929 cfg1 2 1 0 0 na na
10 59506.911350258559 0.006103399678 cfg1 2 1 0 0 na na
10 59506.932350254000 0.006103001221 cfg1 2 1 0 0 na na
10 59506.943350361053 0.006102792500 cfg1 2 1 0 0 na na
10 59506.944350318471 0.006102780808 cfg1 2 1 0 0 na na
10 59506.964350296136 0.006102377736 cfg1 2 1 0 0 na na
10 59507.040350266924 0.006100929067 cfg1 2 1 0 0 na na
10 59507.041350350081 0.006100895969 cfg1 2 1 0 0 na na
10 59507.065350331834 0.006100444355 cfg1 2 1 0 0 na na
10 59507.069350332313 0.006100348302 cfg1 2 1 0 0 na na
10 59507.087350365445 0.006100003498 cfg1 2 1 0 0 na na
10 59507.088350289037 0.006099989688 cfg1 2 1 0 0 na na
10 59507.105350300981 0.006099657090 cfg1 2 1 0 0 na na
10 59507.106350274013 0.006099661308 cfg1 2 1 0 0 na na
10 59507.129350300708 0.006099218979 cfg1 2 1 0 0 na na
10 59507.141350309300 0.006098987629 cfg1 2 1 0 0 na na
10 59507.186350263449 0.006098109359 cfg1 2 1 0 0 na na
10 59507.218350352127 0.006097507898 cfg1 2 1 0 0 na na
10 59507.226350274018 0.006097340231 cfg1 2 1 0 0 na na
10 59507.227350333234 0.006097335483 cfg1 2 1 0 0 na na
10 59507.237350372403 0.006097148704 cfg1 2 1 0 0 na na
10 59507.269350355539 0.006096519076 cfg1 2 1 0 0 na na
10 59507.285350320820 0.006096211946 cfg1 2 1 0 0 na na
10 59507.289350257630 0.006096154612 cfg1 2 1 0 0 na na
10 59507.307350313124 0.006095795395 cfg1 2 1 0 0 na na
10 59507.313350284722 0.006095692324 cfg1 2 1 0 0 na na
10 59507.317350262170 0.006095604314 cfg1 2 1 0 0 na na
10 59507.365350253374 0.006094678435 cfg1 2 1 0 0 na na
10 59507.367350284830 0.006094659772 cfg1 2 1 0 0 na na
10 59507.378350251246 0.006094435557 cfg1 2 1 0 0 na na
10 59507.382350333585 0.006094370373 cfg1 2 1 0 0 na na
10 59507.439350300208 0.006093280008 cfg1 2 1 0 0 na na
10 59507.447350265208 0.006093109810 cfg1 2 1 0 0 na na
10 59507.463350283515 0.006092808794 cfg1 2 1 0 0 na na
10 59507.471350271761 0.006092657718 cfg1 2 1 0 0 na na
10 59507.536350271389 0.006091420748 cfg1 2 1 0 0 na na
10 59507.540350275285 0.006091333860 cfg1 2 1 0 0 na na
10 59507.544350258283 0.006091253592 cfg1 2 1 0 0 na na
10 59507.548350329973 0.006091176548 cfg1 2 1 0 0 na na
10 59507.594350295900 0.006090319290 cfg1 2 1 0 0 na na
10 59507.634350321770 0.006089551500 cfg1 2 1 0 0 na na
10 59507.664350255764 0.006088972256 cfg1 2 1 0 0 na na
10 59507.670350276553 0.006088873864 cfg1 2 1 0 0 na na
10 59507.679350353711 0.006088683427 cfg1 2 1 0 0 na na
10 59507.692350242048 0.006088458520 cfg1 2 1 0 0 na na
10 59507.697350323201 0.006088354747 cfg1 2 1 0 0 na na
10 59507.762350270311 0.006087108075 cfg1 2 1 0 0 na na
10 59507.820350297778 0.006085996809 cfg1 2 1 0 0 na na
10 59507.824350372772 0.006085947863 cfg1 2 1 0 0 na na
10 59507.829350296629 0.006085847046 cfg1 2 1 0 0 na na
10 59507.837350293998 0.006085685572 cfg1 2 1 0 0 na na
10 59507.856350303517 0.006085341421 cfg1 2 1 0 0 na na
10 59507.865350324911 0.006085163847 cfg1 2 1 0 0 na na
10 59507.909350282842 0.006084317497 cfg1 2 1 0 0 na na
10 59507.923350259504 0.006084065607 cfg1 2 1 0 0 na na
10 59507.927350262879 0.006083969606 cfg1 2 1 0 0 na na
10 59507.945350285403 0.006083648421 cfg1 2 1 0 0 na na
10 59507.957350306546 0.006083406188 cfg1 2 1 0 0 na na
10 59507.964350286616 0.006083293977 cfg1 2 1 0 0 na na
10 59508.006350259619 0.006082496793 cfg1 2 1 0 0 na na
10 59508.012350290702 0.006082366853 cfg1 2 1 0 0 na na
10 59508.035350301041 0.006081931671 cfg1 2 1 0 0 na na
10 59508.054350267091 0.006081581442 cfg1 2 1 0 0 na na
10 59508.062350246610 0.006081430187 cfg1 2 1 0 0 na na
10 59508.093350283980 0.006080848020 cfg1 2 1 0 0 na na
10 59508.102350286859 0.006080680673 cfg1 2 1 0 0 na na
10 59508.105350292427 0.006080608957 cfg1 2 1 0 0 na na
10 59508.117350272943 0.006080391598 cfg1 2 1 0 0 na na
10 59508.150350351948 0.006079767968 cfg1 2 1 0 0 na na
10 59508.156350325514 0.006079646262 cfg1 2 1 0 0 na na
10 59508.194350335885 0.006078929695 cfg1 2 1 0 0 na na
10 59508.207350282088 0.006078686950 cfg1 2 1 0 0 na na
10 59508.242350270151 0.006078038777 cfg1 2 1 0 0 na na
10 59508.260350327778 0.006077683862 cfg1 2 1 0 0 na na
10 59508.261350288774 0.006077678480 cfg1 2 1 0 0 na na
10 59508.307350340626 0.006076794580 cfg1 2 1 0 0 na na
10 59508.326350266082 0.006076444547 cfg1 2 1 0 0 na na
10 59508.337350332816 0.006076248094 cfg1 2 1 0 0 na na
10 59508.340350297499 0.006076175542 cfg1 2 1 0 0 na na
10 59508.381350337434 0.006075406676 cfg1 2 1 0 0 na na
10 59508.407350257627 0.006074921774 cfg1 2 1 0 0 na na
10 59508.436350322400 0.006074389575 cfg1 2 1 0 0 na na
10 59508.470350330368 0.006073747848 cfg1 2 1 0 0 na na
10 59508.483350328331 0.006073503931 cfg1 2 1 0 0 na na
10 59508.518350300427 0.006072834734 cfg1 2 1 0 0 na na
10 59508.540350259646 0.006072417226 cfg1 2 1 0 0 na na
10 59508.545350345300 0.006072324189 cfg1 2 1 0 0 na na
10 59508.547350287858 0.006072285178 cfg1 2 1 0 0 na na
10 59508.606350303652 0.006071192276 cfg1 2 1 0 0 na na
10 59508.607350295700 0.006071177558 cfg1 2 1 0 0 na na
10 59508.616350271802 0.006071012062 cfg1 2 1 0 0 na na
10 59508.667350282644 0.006070042797 cfg1 2 1 0 0 na na
10 59508.673350287226 0.006069928002 cfg1 2 1 0 0 na na
10 59508.677350300651 0.006069867665 cfg1 2 1 0 0 na na
10 59508.681350255053 0.006069776944 cfg1 2 1 0 0 na na
10 59508.711350298372 0.006069205359 cfg1 2 1 0 0 na na
10 59508.714350339342 0.006069156673 cfg1 2 1 0 0 na na
10 59508.746350329619 0.006068573479 cfg1 2 1 0 0 na na
10 59508.780350317644 0.006067919837 cfg1 2 1 0 0 na na
10 59508.809350312001 0.006067377272 cfg1 2 1 0 0 na na
10 59508.836350273131 0.006066870208 cfg1 2 1 0 0 na na
10 59508.873350280370 0.006066194947 cfg1 2 1 0 0 na na
10 59508.883350261641 0.006066014617 cfg1 2 1 0 0 na na
10 59508.893350272630 0.006065816688 cfg1 2 1 0 0 na na
10 59508.906350240565 0.006065591393 cfg1 2 1 0 0 na na
10 59508.928350310144 0.006065167317 cfg1 2 1 0 0 na na
10 59508.932350324842 0.006065096160 cfg1 2 1 0 0 na na
10 59508.971350261493 0.006064360402 cfg1 2 1 0 0 na na
10 59509.007350347286 0.006063698195 cfg1 2 1 0 0 na na
10 59509.016350307220 0.006063539893 cfg1 2 1 0 0 na na
10 59509.028350316373 0.006063311248 cfg1 2 1 0 0 na na
10 59509.032350275271 0.006063244447 cfg1 2 1 0 0 na na
10 59509.047350284573 0.006062958204 cfg1 2 1 0 0 na na
10 59509.071350331303 0.006062497924 cfg1 2 1 0 0 na na
10 59509.079350307191 0.006062347529 cfg1 2 1 0 0 na na
10 59509.084350252949 0.006062278349 cfg1 2 1 0 0 na na
10 59509.097350374352 0.006062025008 cfg1 2 1 0 0 na na
10 59509.105350351628 0.006061872298 cfg1 2 1 0 0 na na
10 59509.108350284956 0.006061823409 cfg1 2 1 0 0 na na
10 59509.141350313579 0.006061216298 cfg1 2 1 0 0 na na
10 59509.175350288508 0.006060567937 cfg1 2 1 0 0 na na
10 59509.229350285514 0.006059574200 cfg1 2 1 0 0 na na
10 59509.243350353137 0.006059331528 cfg1 2 1 0 0 na na
10 59509.249350288722 0.006059192678 cfg1 2 1 0 0 na na
10 59509.261350266377 0.006058983927 cfg1 2 1 0 0 na na
10 59509.303350277737 0.006058205720 cfg1 2 1 0 0 na na
10 59509.305350341466 0.006058156694 cfg1 2 1 0 0 na na
10 59509.321350263783 0.006057874850 cfg1 2 1 0 0 na na
10 59509.358350335517 0.006057185638 cfg1 2 1 0 0 na na
10 59509.363350296459 0.006057086287 cfg1 2 1 0 0 na na
10 59509.384350304703 0.006056702117 cfg1 2 1 0 0 na na
10 59509.398350254425 0.006056447734 cfg1 2 1 0 0 na na
10 59509.415350341665 0.006056149575 cfg1 2 1 0 0 na na
10 59509.426350239367 0.006055947506 cfg1 2 1 0 0 na na
10 59509.432350286194 0.006055821764 cfg1 2 1 0 0 na na
10 59509.444350262579 0.006055589312 cfg1 2 1 0 0 na na
10 59509.459350341393 0.006055317855 cfg1 2 1 0 0 na na
10 59509.460350304873 0.006055312175 cfg1 2 1 0 0 na na
10 59509.462350268047 0.006055262586 cfg1 2 1 0 0 na na
10 59509.470350321105 0.006055126408 cfg1 2 1 0 0 na na
10 59509.477350354867 0.006054980145 cfg1 2 1 0 0 na na
10 59509.478350263519 0.006054965976 cfg1 2 1 0 0 na na
10 59509.486350291230 0.006054833649 cfg1 2 1 0 0 na na
10 59509.490350284238 0.006054756971 cfg1 2 1 0 0 na na
10 59509.496350295609 0.006054655417 cfg1 2 1 0 0 na na
10 59509.505350329692 0.006054481627 cfg1 2 1 0 0 na na
10 59509.509350329731 0.006054408260 cfg1 2 1 0 0 na na
10 59509.532350272968 0.006053972598 cfg1 2 1 0 0 na na
10 59509.562350280886 0.006053411248 cfg1 2 1 0 0 na na
10 59509.580350326725 0.006053106518 cfg1 2 1 0 0 na na
10 59509.605350239339 0.006052647639 cfg1 2 1 0 0 na na
10 59509.610350302049 0.006052529825 cfg1 2 1 0 0 na na
10 59509.675350286827 0.006051340550 cfg1 2 1 0 0 na na
10 59509.704350319143 0.006050806266 cfg1 2 1 0 0 na na
10 59509.710350250251 0.006050701644 cfg1 2 1 0 0 na na
10 59509.718350271908 0.006050552802 cfg1 2 1 0 0 na na
10 59509.734350315182 0.006050256962 cfg1 2 1 0 0 na na
10 59509.738350273627 0.006050194661 cfg1 2 1 0 0 na na
10 59509.742350324972 0.006050126982 cfg1 2 1 0 0 na na
10 59509.809350305382 0.006048891409 cfg1 2 1 0 0 na na
10 59509.817350277557 0.006048740383 cfg1 2 1 0 0 na na
10 59509.831350307124 0.006048480300 cfg1 2 1 0 0 na na
10 59509.838350261854 0.006048345191 cfg1 2 1 0 0 na na
10 59509.853350328844 0.006048093326 cfg1 2 1 0 0 na na
10 59509.906350255967 0.006047108434 cfg1 2 1 0 0 na na
10 59509.923350318698 0.006046784845 cfg1 2 1 0 0 na na
10 59509.925350295967 0.006046750215 cfg1 2 1 0 0 na na
10 59509.945350296398 0.006046406985 cfg1 2 1 0 0 na na
10 59509.963350291341 0.006046057520 cfg1 2 1 0 0 na na
10 59510.014350253834 0.006045135340 cfg1 2 1 0 0 na na
10 59510.015350341006 0.006045103547 cfg1 2 1 0 0 na na
10 59510.018350266650 0.006045045268 cfg1 2 1 0 0 na na
10 59510.034350263833 0.006044764246 cfg1 2 1 0 0 na na
10 59510.059350264611 0.006044297508 cfg1 2 1 0 0 na na
10 59510.076350344077 0.006043986484 cfg1 2 1 0 0 na na
10 59510.088350288361 0.006043791414 cfg1 2 1 0 0 na na
10 59510.118350275781 0.006043222631 cfg1 2 1 0 0 na na
10 59510.135350287356 0.006042910053 cfg1 2 1 0 0 na na
10 59510.160350325645 0.006042481656 cfg1 2 1 0 0 na na
10 59510.163350347816 0.006042420014 cfg1 2 1 0 0 na na
10 59510.197350284476 0.006041796611 cfg1 2 1 0 0 na na
10 59510.211350318031 0.006041554665 cfg1 2 1 0 0 na na
10 59510.217350377477 0.006041421966 cfg1 2 1 0 0 na na
10 59510.227350327583 0.006041249463 cfg1 2 1 0 0 na na
10 59510.232350297154 0.006041164123 cfg1 2 1 0 0 na na
10 59510.320350273748 0.006039553630 cfg1 2 1 0 0 na na
10 59510.363350352307 0.006038766445 cfg1 2 1 0 0 na na
10 59510.389350345489 0.006038315061 cfg1 2 1 0 0 na na
10 59510.395350321583 0.006038186456 cfg1 2 1 0 0 na na
10 59510.414350275984 0.006037858065 cfg1 2 1 0 0 na na
10 59510.425350283092 0.006037647908 cfg1 2 1 0 0 na na
10 59510.432350346789 0.006037514165 cfg1 2 1 0 0 na na
10 59510.453350253546 0.006037143423 cfg1 2 1 0 0 na na
10 59510.467350266715 0.006036903042 cfg1 2 1 0 0 na na
10 59510.477350309518 0.006036700298 cfg1 2 1 0 0 na na
10 59510.482350323324 0.006036608682 cfg1 2 1 0 0 na na
10 59510.483350267960 0.006036602863 cfg1 2 1 0 0 na na
10 59510.489350274177 0.006036505935 cfg1 2 1 0 0 na na
10 59510.513350301162 0.006036050948 cfg1 2 1 0 0 na na
10 59510.541350369003 0.006035544024 cfg1 2 1 0 0 na na
10 59510.565350301315 0.006035116858 cfg1 2 1 0 0 na na
10 59510.591350267932 0.006034656212 cfg1 2 1 0 0 na na
10 59510.613350306850 0.006034254191 cfg1 2 1 0 0 na na
10 59510.630350288988 0.006033945214 cfg1 2 1 0 0 na na
10 59510.639350297053 0.006033791423 cfg1 2 1 0 0 na na
10 59510.646350257268 0.006033644847 cfg1 2 1 0 0 na na
10 59510.659350295317 0.006033407345 cfg1 2 1 0 0 na na
10 59510.672350265582 0.006033175482 cfg1 2 1 0 0 na na
10 59510.676350290550 0.006033101918 cfg1 2 1 0 0 na na
10 59510.684350269132 0.006032952130 cfg1 2 1 0 0 na na
10 59510.695350299876 0.006032760305 cfg1 2 1 0 0 na na
10 59510.741350269449 0.006031927506 cfg1 2 1 0 0 na na
10 59510.772350313734 0.006031371711 cfg1 2 1 0 0 na na
10 59510.818350320836 0.006030559194 cfg1 2 1 0 0 na na
10 59510.853350302760 0.006029934146 cfg1 2 1 0 0 na na
10 59510.874350259856 0.006029553343 cfg1 2 1 0 0 na na
10 59510.888350307634 0.006029289715 cfg1 2 1 0 0 na na
10 59510.907350322863 0.006028954032 cfg1 2 1 0 0 na na
10 59510.918350261900 0.006028759412 cfg1 2 1 0 0 na na
10 59510.943350308341 0.006028302833 cfg1 2 1 0 0 na na
10 59510.965350312941 0.006027909135 cfg1 2 1 0 0 na na
10 59510.997350275279 0.006027329933 cfg1 2 1 0 0 na na
10 59511.005350258613 0.006027183329 cfg1 2 1 0 0 na na
10 59511.048350292419 0.006026404968 cfg1 2 1 0 0 na na
10 59511.049350260208 0.006026391682 cfg1 2 1 0 0 na na
10 59511.051350241890 0.006026375037 cfg1 2 1 0 0 na na
10 59511.060350294486 0.006026207282 cfg1 2 1 0 0 na na
10 59511.061350276629 0.006026175134 cfg1 2 1 0 0 na na
10 59511.095350303697 0.006025578061 cfg1 2 1 0 0 na na
10 59511.100350266871 0.006025473150 cfg1 2 1 0 0 na na
10 59511.118350290300 0.006025152842 cfg1 2 1 0 0 na na
10 59511.121350284291 0.006025113888 cfg1 2 1 0 0 na na
10 59511.159350307805 0.006024423175 cfg1 2 1 0 0 na na
10 59511.161350311537 0.006024387802 cfg1 2 1 0 0 na na
10 59511.165350296639 0.006024334320 cfg1 2 1 0 0 na na
10 59511.202350331669 0.006023662445 cfg1 2 1 0 0 na na
10 59511.236350307102 0.006023041760 cfg1 2 1 0 0 na na
10 59511.238350263383 0.006023031959 cfg1 2 1 0 0 na na
10 59511.241350302174 0.006022978551 cfg1 2 1 0 0 na na
10 59511.255350268773 0.006022702376 cfg1 2 1 0 0 na na
10 59511.279350264006 0.006022296919 cfg1 2 1 0 0 na na
10 59511.305350286483 0.006021818745 cfg1 2 1 0 0 na na
10 59511.306350343372 0.006021809215 cfg1 2 1 0 0 na na
10 59511.317350290148 0.006021596082 cfg1 2 1 0 0 na na
10 59511.360350244800 0.006020847255 cfg1 2 1 0 0 na na
10 59511.370350282901 0.006020676536 cfg1 2 1 0 0 na na
10 59511.376350317796 0.006020544401 cfg1 2 1 0 0 na na
10 59511.389350313285 0.006020321016 cfg1 2 1 0 0 na na
10 59511.429350334301 0.006019604037 cfg1 2 1 0 0 na na
10 59511.451350335542 0.006019224917 cfg1 2 1 0 0 na na
10 59511.458350263578 0.006019083295 cfg1 2 1 0 0 na na
10 59511.466350323598 0.006018944518 cfg1 2 1 0 0 na na
10 59511.476350251890 0.006018786222 cfg1 2 1 0 0 na na
10 59511.497350351884 0.006018401512 cfg1 2 1 0 0 na na
10 59511.527350256025 0.006017880457 cfg1 2 1 0 0 na na
10 59511.528350338712 0.006017844976 cfg1 2 1 0 0 na na
10 59511.565350250808 0.006017196159 cfg1 2 1 0 0 na na
10 59511.567350314714 0.006017154067 cfg1 2 1 0 0 na na
10 59511.582350310589 0.006016880109 cfg1 2 1 0 0 na na
10 59511.583350334718 0.006016881630 cfg1 2 1 0 0 na na
10 59511.591350325620 0.006016746884 cfg1 2 1 0 0 na na
10 59511.603350365103 0.006016507821 cfg1 2 1 0 0 na na
10 59511.606350251489 0.006016465338 cfg1 2 1 0 0 na na
10 59511.624350313092 0.006016153609 cfg1 2 1 0 0 na na
10 59511.628350349713 0.006016079699 cfg1 2 1 0 0 na na
10 59511.635350281027 0.006015939212 cfg1 2 1 0 0 na na
10 59511.636350331679 0.006015930789 cfg1 2 1 0 0 na na
10 59511.641350281619 0.006015833773 cfg1 2 1 0 0 na na
10 59511.643350282465 0.006015797506 cfg1 2 1 0 0 na na
10 59511.666350264908 0.006015404195 cfg1 2 1 0 0 na na
10 59511.694350343262 0.006014916203 cfg1 2 1 0 0 na na
10 59511.702350261255 0.006014755699 cfg1 2 1 0 0 na na
10 59511.709350348491 0.006014637208 cfg1 2 1 0 0 na na
10 59511.715350306009 0.006014543949 cfg1 2 1 0 0 na na
10 59511.793350254009 0.006013152906 cfg1 2 1 0 0 na na
10 59511.804350351218 0.006012953492 cfg1 2 1 0 0 na na
10 59511.836350253335 0.006012393736 cfg1 2 1 0 0 na na
10 59511.890350257009 0.006011434934 cfg1 2 1 0 0 na na
10 59511.901350262386 0.006011239828 cfg1 2 1 0 0 na na
10 59511.935350320062 0.006010647019 cfg1 2 1 0 0 na na
10 59511.941350296158 0.006010540369 cfg1 2 1 0 0 na na
10 59511.956350284070 0.006010267815 cfg1 2 1 0 0 na na
10 59511.968350298996 0.006010071078 cfg1 2 1 0 0 na na
10 59511.970350282389 0.006010029321 cfg1 2 1 0 0 na na
10 59511.978350270122 0.006009882254 cfg1 2 1 0 0 na na
10 59512.046350323004 0.006008678881 cfg1 2 1 0 0 na na
10 59512.048350289857 0.006008650947 cfg1 2 1 0 0 na na
10 59512.062350310174 0.006008425183 cfg1 2 1 0 0 na na
10 59512.082350266096 0.006008068427 cfg1 2 1 0 0 na na
10 59512.085350312574 0.006007998875 cfg1 2 1 0 0 na na
10 59512.110350323498 0.006007568393 cfg1 2 1 0 0 na na
10 59512.129350268145 0.006007239476 cfg1 2 1 0 0 na na
10 59512.131350333419 0.006007193134 cfg1 2 1 0 0 na na
10 59512.138350293591 0.006007064322 cfg1 2 1 0 0 na na
10 59512.145350291857 0.006006962483 cfg1 2 1 0 0 na na
10 59512.166350253083 0.006006583811 cfg1 2 1 0 0 na na
10 59512.172350347871 0.006006493713 cfg1 2 1 0 0 na na
10 59512.190350299207 0.006006160886 cfg1 2 1 0 0 na na
10 59512.204350306198 0.006005929756 cfg1 2 1 0 0 na na
10 59512.208350332184 0.006005833825 cfg1 2 1 0 0 na na
10 59512.224350314163 0.006005573446 cfg1 2 1 0 0 na na
10 59512.275350313628 0.006004676343 cfg1 2 1 0 0 na na
10 59512.284350293958 0.006004514509 cfg1 2 1 0 0 na na
10 59512.311350304061 0.006004049966 cfg1 2 1 0 0 na na
10 59512.346350322128 0.006003429575 cfg1 2 1 0 0 na na
10 59512.362350258892 0.006003160733 cfg1 2 1 0 0 na na
10 59512.385350259360 0.006002742829 cfg1 2 1 0 0 na na
10 59512.390350284331 0.006002661643 cfg1 2 1 0 0 na na
10 59512.429350290101 0.006001971685 cfg1 2 1 0 0 na na
10 59512.482350310437 0.006001040145 cfg1 2 1 0 0 na na
10 59512.490350274827 0.006000925373 cfg1 2 1 0 0 na na
10 59512.497350367192 0.006000806074 cfg1 2 1 0 0 na na
10 59512.503350266536 0.006000675215 cfg1 2 1 0 0 na na
10 59512.510350276864 0.006000554845 cfg1 2 1 0 0 na na
10 59512.535350290940 0.006000144938 cfg1 2 1 0 0 na na
10 59512.547350312946 0.005999919133 cfg1 2 1 0 0 na na
10 59512.594350311146 0.005999090172 cfg1 2 1 0 0 na na
10 59512.596350330803 0.005999064254 cfg1 2 1 0 0 na na
10 59512.603350263829 0.005998938361 cfg1 2 1 0 0 na na
10 59512.620350309621 0.005998648945 cfg1 2 1 0 0 na na
10 59512.658350251763 0.005998000799 cfg1 2 1 0 0 na na
10 59512.718350266164 0.005996944065 cfg1 2 1 0 0 na na
10 59512.721350350445 0.005996904004 cfg1 2 1 0 0 na na
10 59512.743350285910 0.005996517937 cfg1 2 1 0 0 na na
10 59512.768350324351 0.005996090643 cfg1 2 1 0 0 na na
10 59512.779350311871 0.005995887540 cfg1 2 1 0 0 na na
10 59512.785350295385 0.005995771703 cfg1 2 1 0 0 na na
10 59512.790350280896 0.005995691168 cfg1 2 1 0 0 na na
10 59512.812350328818 0.005995302696 cfg1 2 1 0 0 na na
10 59512.835350302264 0.005994927198 cfg1 2 1 0 0 na na
10 59512.856350282689 0.005994549799 cfg1 2 1 0 0 na na
10 59512.869350321698 0.005994337639 cfg1 2 1 0 0 na na
10 59512.913350324430 0.005993563975 cfg1 2 1 0 0 na na
10 59512.922350280725 0.005993425842 cfg1 2 1 0 0 na na
10 59512.927350289989 0.005993324833 cfg1 2 1 0 0 na na
10 59512.938350310283 0.005993128063 cfg1 2 1 0 0 na na
10 59512.941350348559 0.005993070747 cfg1 2 1 0 0 na na
10 59512.973350246551 0.005992544020 cfg1 2 1 0 0 na na
10 59512.980350322767 0.005992405240 cfg1 2 1 0 0 na na
10 59513.000350285626 0.005992069811 cfg1 2 1 0 0 na na
10 59513.064350304889 0.005990948279 cfg1 2 1 0 0 na na
10 59513.087350293672 0.005990576682 cfg1 2 1 0 0 na na
10 59513.105350269809 0.005990255787 cfg1 2 1 0 0 na na
10 59513.134350266869 0.005989740034 cfg1 2 1 0 0 na na
10 59513.141350298046 0.005989639286 cfg1 2 1 0 0 na na
10 59513.143350361996 0.005989598782 cfg1 2 1 0 0 na na
10 59513.153350310553 0.005989417596 cfg1 2 1 0 0 na na
10 59513.156350270348 0.005989368970 cfg1 2 1 0 0 na na
10 59513.169350292236 0.005989145455 cfg1 2 1 0 0 na na
10 59513.186350321291 0.005988865230 cfg1 2 1 0 0 na na
10 59513.215350369933 0.005988347544 cfg1 2 1 0 0 na na
10 59513.242350350083 0.005987898608 cfg1 2 1 0 0 na na
10 59513.251350262602 0.005987729219 cfg1 2 1 0 0 na na
10 59513.270350388554 0.005987422031 cfg1 2 1 0 0 na na
10 59513.309350302252 0.005986745743 cfg1 2 1 0 0 na na
10 59513.311350328303 0.005986716779 cfg1 2 1 0 0 na na
10 59513.321350298598 0.005986530965 cfg1 2 1 0 0 na na
10 59513.344350367805 0.005986132918 cfg1 2 1 0 0 na na
10 59513.363350294987 0.005985820931 cfg1 2 1 0 0 na na
10 59513.365350360197 0.005985779809 cfg1 2 1 0 0 na na
10 59513.368350249962 0.005985731891 cfg1 2 1 0 0 na na
10 59513.384350356037 0.005985463825 cfg1 2 1 0 0 na na
10 59513.399350265067 0.005985186740 cfg1 2 1 0 0 na na
10 59513.406350319337 0.005985077623 cfg1 2 1 0 0 na na
10 59513.421350336414 0.005984835587 cfg1 2 1 0 0 na na
10 59513.425350331491 0.005984768534 cfg1 2 1 0 0 na na
10 59513.427350290001 0.005984724953 cfg1 2 1 0 0 na na
10 59513.445350247052 0.005984420023 cfg1 2 1 0 0 na na
10 59513.447350310401 0.005984363997 cfg1 2 1 0 0 na na
10 59513.457350309053 0.005984209117 cfg1 2 1 0 0 na na
10 59513.461350291173 0.005984152313 cfg1 2 1 0 0 na na
10 59513.462350284772 0.005984134794 cfg1 2 1 0 0 na na
10 59513.494350318368 0.005983577445 cfg1 2 1 0 0 na na
10 59513.505350312528 0.005983371147 cfg1 2 1 0 0 na na
10 59513.509350306269 0.005983310472 cfg1 2 1 0 0 na na
10 59513.551350299489 0.005982601785 cfg1 2 1 0 0 na na
10 59513.554350345539 0.005982541580 cfg1 2 1 0 0 na na
10 59513.562350280421 0.005982405378 cfg1 2 1 0 0 na na
10 59513.563350239862 0.005982407103 cfg1 2 1 0 0 na na
10 59513.573350276135 0.005982235242 cfg1 2 1 0 0 na na
10 59513.621350265213 0.005981391432 cfg1 2 1 0 0 na na
10 59513.637350251676 0.005981130229 cfg1 2 1 0 0 na na
10 59513.638350277914 0.005981111479 cfg1 2 1 0 0 na na
10 59513.675350333141 0.005980483585 cfg1 2 1 0 0 na na
10 59513.700350314501 0.005980061719 cfg1 2 1 0 0 na na
10 59513.703350306972 0.005980013146 cfg1 2 1 0 0 na na
10 59513.736350305132 0.005979439051 cfg1 2 1 0 0 na na
10 59513.762350261383 0.005979005099 cfg1 2 1 0 0 na na
10 59513.779350290685 0.005978720751 cfg1 2 1 0 0 na na
10 59513.783350312530 0.005978659743 cfg1 2 1 0 0 na na
10 59513.829350348841 0.005977860441 cfg1 2 1 0 0 na na
10 59513.851350295646 0.005977499385 cfg1 2 1 0 0 na na
10 59513.889350307668 0.005976841087 cfg1 2 1 0 0 na na
10 59513.900350270797 0.005976651570 cfg1 2 1 0 0 na na
10 59513.922350328322 0.005976271309 cfg1 2 1 0 0 na na
10 59513.941350265894 0.005975951060 cfg1 2 1 0 0 na na
10 59513.942350295038 0.005975935449 cfg1 2 1 0 0 na na
10 59513.944350317046 0.005975923431 cfg1 2 1 0 0 na na
10 59513.956350296821 0.005975703906 cfg1 2 1 0 0 na na
10 59513.971350256207 0.005975458475 cfg1 2 1 0 0 na na
10 59513.998350290536 0.005974988344 cfg1 2 1 0 0 na na
10 59514.002350335707 0.005974929952 cfg1 2 1 0 0 na na
10 59514.013350292980 0.005974750126 cfg1 2 1 0 0 na na
10 59514.041350370331 0.005974268706 cfg1 2 1 0 0 na na
10 59514.105350315949 0.005973191668 cfg1 2 1 0 0 na na
10 59514.109350297173 0.005973111242 cfg1 2 1 0 0 na na
10 59514.141350318492 0.005972578107 cfg1 2 1 0 0 na na
10 59514.149350293809 0.005972448325 cfg1 2 1 0 0 na na
10 59514.173350302700 0.005972030000 cfg1 2 1 0 0 na na
10 59514.178350372661 0.005971950542 cfg1 2 1 0 0 na na
10 59514.218350285176 0.005971286653 cfg1 2 1 0 0 na na
10 59514.246350310627 0.005970817856 cfg1 2 1 0 0 na na
10 59514.270350283133 0.005970408263 cfg1 2 1 0 0 na na
10 59514.282350327632 0.005970209725 cfg1 2 1 0 0 na na
10 59514.302350339381 0.005969859836 cfg1 2 1 0 0 na na
10 59514.303350264698 0.005969857147 cfg1 2 1 0 0 na na
10 59514.311350282104 0.005969721635 cfg1 2 1 0 0 na na
10 59514.330350315643 0.005969405428 cfg1 2 1 0 0 na na
10 59514.338350271113 0.005969270884 cfg1 2 1 0 0 na na
10 59514.340350263957 0.005969217798 cfg1 2 1 0 0 na na
10 59514.376350290568 0.005968635178 cfg1 2 1 0 0 na na
10 59514.394350286044 0.005968308851 cfg1 2 1 0 0 na na
10 59514.395350304867 0.005968296674 cfg1 2 1 0 0 na na
10 59514.423350283976 0.005967823431 cfg1 2 1 0 0 na na
10 59514.431350293280 0.005967695047 cfg1 2 1 0 0 na na
10 59514.444350328226 0.005967495773 cfg1 2 1 0 0 na na
10 59514.473350264266 0.005966982748 cfg1 2 1 0 0 na na
10 59514.480350273102 0.005966889046 cfg1 2 1 0 0 na na
10 59514.523350337447 0.005966160438 cfg1 2 1 0 0 na na
10 59514.530350323844 0.005966051520 cfg1 2 1 0 0 na na
10 59514.535350296348 0.005965955570 cfg1 2 1 0 0 na na
10 59514.540350280565 0.005965869182 cfg1 2 1 0 0 na na
10 59514.550350288146 0.005965715948 cfg1 2 1 0 0 na na
10 59514.579350304990 0.005965234271 cfg1 2 1 0 0 na na
10 59514.596350302920 0.005964928985 cfg1 2 1 0 0 na na
10 59514.610350294585 0.005964708395 cfg1 2 1 0 0 na na
10 59514.631350313481 0.005964341278 cfg1 2 1 0 0 na na
10 59514.636350286236 0.005964274352 cfg1 2 1 0 0 na na
10 59514.644350368043 0.005964148149 cfg1 2 1 0 0 na na
10 59514.669350325300 0.005963705362 cfg1 2 1 0 0 na na
10 59514.679350322758 0.005963551624 cfg1 2 1 0 0 na na
10 59514.738350257528 0.005962559380 cfg1 2 1 0 0 na na
10 59514.754350330658 0.005962311220 cfg1 2 1 0 0 na na
10 59514.763350304681 0.005962152104 cfg1 2 1 0 0 na na
10 59514.764350306391 0.005962117628 cfg1 2 1 0 0 na na
10 59514.766350286986 0.005962109783 cfg1 2 1 0 0 na na
10 59514.776350266341 0.005961929146 cfg1 2 1 0 0 na na
10 59514.808350303375 0.005961396062 cfg1 2 1 0 0 na na
10 59514.821350329801 0.005961173044 cfg1 2 1 0 0 na na
10 59514.839350304846 0.005960871096 cfg1 2 1 0 0 na na
10 59514.854350277403 0.005960633923 cfg1 2 1 0 0 na na
10 59514.861350274889 0.005960504096 cfg1 2 1 0 0 na na
10 59514.862350296150 0.005960488390 cfg1 2 1 0 0 na na
10 59514.863350348669 0.005960468334 cfg1 2 1 0 0 na na
10 59514.883350348128 0.005960140495 cfg1 2 1 0 0 na na
10 59514.890350268276 0.005960018701 cfg1 2 1 0 0 na na
10 59514.893350305397 0.005959991249 cfg1 2 1 0 0 na na
10 59514.902350260315 0.005959826513 cfg1 2 1 0 0 na na
10 59514.906350337640 0.005959773067 cfg1 2 1 0 0 na na
10 59514.922350321190 0.005959506051 cfg1 2 1 0 0 na na
10 59514.972350299489 0.005958676660 cfg1 2 1 0 0 na na
10 59514.973350281410 0.005958647843 cfg1 2 1 0 0 na na
10 59514.976350302164 0.005958611184 cfg1 2 1 0 0 na na
10 59515.011350264577 0.005958023011 cfg1 2 1 0 0 na na
10 59515.022350285656 0.005957845006 cfg1 2 1 0 0 na na
10 59515.057350284172 0.005957260617 cfg1 2 1 0 0 na na
10 59515.058350258727 0.005957257535 cfg1 2 1 0 0 na na
10 59515.072350282295 0.005956999595 cfg1 2 1 0 0 na na
10 59515.079350312746 0.005956886783 cfg1 2 1 0 0 na na
10 59515.096350281284 0.005956611722 cfg1 2 1 0 0 na na
10 59515.098350261126 0.005956595368 cfg1 2 1 0 0 na na
10 59515.115350340842 0.005956304240 cfg1 2 1 0 0 na na
10 59515.152350338447 0.005955676280 cfg1 2 1 0 0 na na
10 59515.155350284885 0.005955637472 cfg1 2 1 0 0 na na
10 59515.170350266537 0.005955391869 cfg1 2 1 0 0 na na
10 59515.171350313042 0.005955376182 cfg1 2 1 0 0 na na
10 59515.186350263885 0.005955136161 cfg1 2 1 0 0 na na
10 59515.197350315086 0.005954953771 cfg1 2 1 0 0 na na
10 59515.205350342476 0.005954826789 cfg1 2 1 0 0 na na
10 59515.215350289900 0.005954656053 cfg1 2 1 0 0 na na
10 59515.219350282934 0.005954591145 cfg1 2 1 0 0 na na
10 59515.227350308017 0.005954441604 cfg1 2 1 0 0 na na
10 59515.250350276171 0.005954073296 cfg1 2 1 0 0 na na
10 59515.256350269838 0.005953973166 cfg1 2 1 0 0 na na
10 59515.257350271040 0.005953955705 cfg1 2 1 0 0 na na
10 59515.279350242687 0.005953599293 cfg1 2 1 0 0 na na
10 59515.286350337946 0.005953477810 cfg1 2 1 0 0 na na
10 59515.295350268589 0.005953319679 cfg1 2 1 0 0 na na
10 59515.308350288735 0.005953125810 cfg1 2 1 0 0 na na
10 59515.328350317208 0.005952799143 cfg1 2 1 0 0 na na
10 59515.345350258752 0.005952499500 cfg1 2 1 0 0 na na
10 59515.361350251266 0.005952240697 cfg1 2 1 0 0 na na
10 59515.366350311900 0.005952161835 cfg1 2 1 0 0 na na
10 59515.380350272937 0.005951936733 cfg1 2 1 0 0 na na
10 59515.394350329958 0.005951685504 cfg1 2 1 0 0 na na
10 59515.406350315332 0.005951495157 cfg1 2 1 0 0 na na
10 59515.431350288306 0.005951105872 cfg1 2 1 0 0 na na
10 59515.435350282049 0.005951024961 cfg1 2 1 0 0 na na
10 59515.438350291846 0.005950986398 cfg1 2 1 0 0 na na
10 59515.461350326641 0.005950613167 cfg1 2 1 0 0 na na
10 59515.483350276839 0.005950247743 cfg1 2 1 0 0 na na
10 59515.494350336143 0.005950047571 cfg1 2 1 0 0 na na
10 59515.571350306797 0.005948779799 cfg1 2 1 0 0 na na
10 59515.575350298707 0.005948731385 cfg1 2 1 0 0 na na
10 59515.582350295111 0.005948625961 cfg1 2 1 0 0 na na
10 59515.591350246338 0.005948473740 cfg1 2 1 0 0 na na
10 59515.611350338681 0.005948137600 cfg1 2 1 0 0 na na
10 59515.613350268498 0.005948093065 cfg1 2 1 0 0 na na
10 59515.637350302557 0.005947710904 cfg1 2 1 0 0 na na
10 59515.650350279154 0.005947514382 cfg1 2 1 0 0 na na
10 59515.672350304586 0.005947147465 cfg1 2 1 0 0 na na
10 59515.708350317868 0.005946554630 cfg1 2 1 0 0 na na
10 59515.715350315118 0.005946433570 cfg1 2 1 0 0 na na
10 59515.792350354808 0.005945187313 cfg1 2 1 0 0 na na
10 59515.818350299031 0.005944771864 cfg1 2 1 0 0 na na
10 59515.822350293903 0.005944686665 cfg1 2 1 0 0 na na
10 59515.830350322699 0.005944559439 cfg1 2 1 0 0 na na
10 59515.848350302713 0.005944271475 cfg1 2 1 0 0 na na
10 59515.856350299128 0.005944146455 cfg1 2 1 0 0 na na
10 59515.865350305539 0.005943976532 cfg1 2 1 0 0 na na
10 59515.901350334004 0.005943405495 cfg1 2 1 0 0 na na
10 59515.945350271150 0.005942679023 cfg1 2 1 0 0 na na
10 59515.961350290831 0.005942437472 cfg1 2 1 0 0 na na
10 59515.980350295075 0.005942111138 cfg1 2 1 0 0 na na
10 59516.005350278449 0.005941706289 cfg1 2 1 0 0 na na
10 59516.064350276180 0.005940761280 cfg1 2 1 0 0 na na
10 59516.107350238330 0.005940073529 cfg1 2 1 0 0 na na
10 59516.113350293594 0.005939958901 cfg1 2 1 0 0 na na
10 59516.150350328411 0.005939376607 cfg1 2 1 0 0 na na
10 59516.167350304124 0.005939080011 cfg1 2 1 0 0 na na
10 59516.173350318481 0.005938996470 cfg1 2 1 0 0 na na
10 59516.211350301097 0.005938382127 cfg1 2 1 0 0 na na
10 59516.277350309611 0.005937309045 cfg1 2 1 0 0 na na
10 59516.279350288849 0.005937280864 cfg1 2 1 0 0 na na
10 59516.281350253041 0.005937245503 cfg1 2 1 0 0 na na
10 59516.289350337589 0.005937128540 cfg1 2 1 0 0 na na
10 59516.291350320109 0.005937096644 cfg1 2 1 0 0 na na
10 59516.356350340228 0.005936052219 cfg1 2 1 0 0 na na
10 59516.371350294340 0.005935803164 cfg1 2 1 0 0 na na
10 59516.375350286728 0.005935721889 cfg1 2 1 0 0 na na
10 59516.384350285546 0.005935594766 cfg1 2 1 0 0 na na
10 59516.385350270292 0.005935578694 cfg1 2 1 0 0 na na
10 59516.404350258588 0.005935258200 cfg1 2 1 0 0 na na
10 59516.412350294859 0.005935135009 cfg1 2 1 0 0 na na
10 59516.434350288124 0.005934783455 cfg1 2 1 0 0 na na
10 59516.439350332798 0.005934698225 cfg1 2 1 0 0 na na
10 59516.445350313876 0.005934613504 cfg1 2 1 0 0 na na
10 59516.446350278512 0.005934579389 cfg1 2 1 0 0 na na
10 59516.458350305997 0.005934409649 cfg1 2 1 0 0 na na
10 59516.525350292980 0.005933313517 cfg1 2 1 0 0 na na
10 59516.532350298756 0.005933193813 cfg1 2 1 0 0 na na
10 59516.578350329430 0.005932460574 cfg1 2 1 0 0 na na
10 59516.603350319640 0.005932065944 cfg1 2 1 0 0 na na
10 59516.610350312497 0.005931959664 cfg1 2 1 0 0 na na
10 59516.617350356531 0.005931831497 cfg1 2 1 0 0 na na
10 59516.654350338407 0.005931240493 cfg1 2 1 0 0 na na
10 59516.656350296338 0.005931233433 cfg1 2 1 0 0 na na
10 59516.664350315897 0.005931100169 cfg1 2 1 0 0 na na
10 59516.682350337808 0.005930806288 cfg1 2 1 0 0 na na
10 59516.700350298831 0.005930521185 cfg1 2 1 0 0 na na
10 59516.712350350708 0.005930323408 cfg1 2 1 0 0 na na
10 59516.719350261769 0.005930200401 cfg1 2 1 0 0 na na
10 59516.729350272668 0.005930051077 cfg1 2 1 0 0 na na
10 59516.772350290959 0.005929379638 cfg1 2 1 0 0 na na
10 59516.780350259198 0.005929227648 cfg1 2 1 0 0 na na
10 59516.810350255473 0.005928751406 cfg1 2 1 0 0 na na
10 59516.826350286152 0.005928507672 cfg1 2 1 0 0 na na
10 59516.838350345547 0.005928299245 cfg1 2 1 0 0 na na
10 59516.848350337573 0.005928154452 cfg1 2 1 0 0 na na
10 59516.849350292630 0.005928131195 cfg1 2 1 0 0 na na
10 59516.872350327315 0.005927771490 cfg1 2 1 0 0 na na
10 59516.969350254220 0.005926222704 cfg1 2 1 0 0 na na
10 59516.977350320466 0.005926097262 cfg1 2 1 0 0 na na
10 59516.993350264305 0.005925832606 cfg1 2 1 0 0 na na
10 59516.997350306698 0.005925790491 cfg1 2 1 0 0 na na
10 59517.033350263375 0.005925209720 cfg1 2 1 0 0 na na
10 59517.052350249784 0.005924912238 cfg1 2 1 0 0 na na
10 59517.058350257529 0.005924825588 cfg1 2 1 0 0 na na
10 59517.059350335921 0.005924786210 cfg1 2 1 0 0 na na
10 59517.065350288121 0.005924709834 cfg1 2 1 0 0 na na
10 59517.070350327655 0.005924616255 cfg1 2 1 0 0 na na
10 59517.097350300775 0.005924189745 cfg1 2 1 0 0 na na
10 59517.123350317741 0.005923775539 cfg1 2 1 0 0 na na
10 59517.161350316636 0.005923191147 cfg1 2 1 0 0 na na
10 59517.222350304712 0.005922202896 cfg1 2 1 0 0 na na
10 59517.231350276859 0.005922078578 cfg1 2 1 0 0 na na
10 59517.329350291813 0.005920533319 cfg1 2 1 0 0 na na
10 59517.341350309422 0.005920324485 cfg1 2 1 0 0 na na
10 59517.357350345448 0.005920091402 cfg1 2 1 0 0 na na
10 59517.358350265041 0.005920080455 cfg1 2 1 0 0 na na
10 59517.363350371849 0.005920004038 cfg1 2 1 0 0 na na
10 59517.364350258038 0.005919968921 cfg1 2 1 0 0 na na
10 59517.374350325964 0.005919805329 cfg1 2 1 0 0 na na
10 59517.379350325213 0.005919734788 cfg1 2 1 0 0 na na
10 59517.391350267023 0.005919535272 cfg1 2 1 0 0 na na
10 59517.399350317550 0.005919415283 cfg1 2 1 0 0 na na
10 59517.402350322970 0.005919385939 cfg1 2 1 0 0 na na
10 59517.468350269873 0.005918346206 cfg1 2 1 0 0 na na
10 59517.476350265807 0.005918213034 cfg1 2 1 0 0 na na
10 59517.482350299008 0.005918102748 cfg1 2 1 0 0 na na
10 59517.485350242648 0.005918079317 cfg1 2 1 0 0 na na
10 59517.486350340454 0.005918057758 cfg1 2 1 0 0 na na
10 59517.488350335409 0.005918032458 cfg1 2 1 0 0 na na
10 59517.500350286697 0.005917820504 cfg1 2 1 0 0 na na
10 59517.567350355525 0.005916795436 cfg1 2 1 0 0 na na
10 59517.570350318196 0.005916732342 cfg1 2 1 0 0 na na
10 59517.585350335697 0.005916489258 cfg1 2 1 0 0 na na
10 59517.627350305446 0.005915848732 cfg1 2 1 0 0 na na
10 59517.647350337452 0.005915521235 cfg1 2 1 0 0 na na
10 59517.672350289544 0.005915147887 cfg1 2 1 0 0 na na
10 59517.703350288025 0.005914653456 cfg1 2 1 0 0 na na
10 59517.729350315446 0.005914240489 cfg1 2 1 0 0 na na
10 59517.736350328328 0.005914137479 cfg1 2 1 0 0 na na
10 59517.741350303357 0.005914066055 cfg1 2 1 0 0 na na
10 59517.772350250522 0.005913576392 cfg1 2 1 0 0 na na
10 59517.778350272558 0.005913482430 cfg1 2 1 0 0 na na
10 59517.801350315643 0.005913107861 cfg1 2 1 0 0 na na
10 59517.824350327939 0.005912770842 cfg1 2 1 0 0 na na
10 59517.893350248748 0.005911693118 cfg1 2 1 0 0 na na
10 59517.909350277264 0.005911434752 cfg1 2 1 0 0 na na
10 59517.971350299477 0.005910469612 cfg1 2 1 0 0 na na
10 59517.975350316240 0.005910420769 cfg1 2 1 0 0 na na
10 59517.981350276803 0.005910307462 cfg1 2 1 0 0 na na
10 59518.002350265169 0.005910000092 cfg1 2 1 0 0 na na
10 59518.013350269680 0.005909808176 cfg1 2 1 0 0 na na
10 59518.022350284851 0.005909680551 cfg1 2 1 0 0 na na
10 59518.023350319190 0.005909678384 cfg1 2 1 0 0 na na
10 59518.043350311518 0.005909366108 cfg1 2 1 0 0 na na
10 59518.089350333028 0.005908634747 cfg1 2 1 0 0 na na
10 59518.094350292593 0.005908553029 cfg1 2 1 0 0 na na
10 59518.102350316272 0.005908427467 cfg1 2 1 0 0 na na
10 59518.127350264686 0.005908037558 cfg1 2 1 0 0 na na
10 59518.132350305257 0.005907966247 cfg1 2 1 0 0 na na
10 59518.153350297583 0.005907655965 cfg1 2 1 0 0 na na
10 59518.166350297519 0.005907462205 cfg1 2 1 0 0 na na
10 59518.198350338095 0.005906954662 cfg1 2 1 0 0 na na
10 59518.235350244072 0.005906387768 cfg1 2 1 0 0 na na
10 59518.266350292087 0.005905899499 cfg1 2 1 0 0 na na
10 59518.274350285839 0.005905789372 cfg1 2 1 0 0 na na
10 59518.289350240904 0.005905556018 cfg1 2 1 0 0 na na
10 59518.294350287814 0.005905464983 cfg1 2 1 0 0 na na
10 59518.334350319372 0.005904862259 cfg1 2 1 0 0 na na
10 59518.368350283428 0.005904328315 cfg1 2 1 0 0 na na
10 59518.405350271397 0.005903762783 cfg1 2 1 0 0 na na
10 59518.414350281996 0.005903609505 cfg1 2 1 0 0 na na
10 59518.428350278157 0.005903392719 cfg1 2 1 0 0 na na
10 59518.456350342347 0.005902987439 cfg1 2 1 0 0 na na
10 59518.497350324012 0.005902358295 cfg1 2 1 0 0 na na
10 59518.514350348821 0.005902070674 cfg1 2 1 0 0 na na
10 59518.531350330686 0.005901815950 cfg1 2 1 0 0 na na
10 59518.533350252362 0.005901789478 cfg1 2 1 0 0 na na
10 59518.536350296879 0.005901760846 cfg1 2 1 0 0 na na
10 59518.537350291223 0.005901723898 cfg1 2 1 0 0 na na
10 59518.541350256129 0.005901679745 cfg1 2 1 0 0 na na
10 59518.549350323995 0.005901551075 cfg1 2 1 0 0 na na
10 59518.550350329999 0.005901524181 cfg1 2 1 0 0 na na
10 59518.552350274183 0.005901499671 cfg1 2 1 0 0 na na
10 59518.554350306645 0.005901473742 cfg1 2 1 0 0 na na
10 59518.582350332479 0.005901033058 cfg1 2 1 0 0 na na
10 59518.745350297662 0.005898545506 cfg1 2 1 0 0 na na
10 59518.798350321122 0.005897729840 cfg1 2 1 0 0 na na
10 59518.802350277065 0.005897665027 cfg1 2 1 0 0 na na
10 59518.833350302059 0.005897191954 cfg1 2 1 0 0 na na
10 59518.889350286355 0.005896343431 cfg1 2 1 0 0 na na
10 59518.923350285749 0.005895841159 cfg1 2 1 0 0 na na
10 59518.925350301357 0.005895809842 cfg1 2 1 0 0 na na
10 59518.933350288282 0.005895673242 cfg1 2 1 0 0 na na
10 59518.934350283665 0.005895665015 cfg1 2 1 0 0 na na
10 59518.949350278499 0.005895439901 cfg1 2 1 0 0 na na
10 59518.999350266263 0.005894682534 cfg1 2 1 0 0 na na
10 59519.009350317189 0.005894528098 cfg1 2 1 0 0 na na
10 59519.048350298896 0.005893941802 cfg1 2 1 0 0 na na
10 59519.058350306367 0.005893785606 cfg1 2 1 0 0 na na
10 59519.088350267269 0.005893321180 cfg1 2 1 0 0 na na
10 59519.094350267570 0.005893227914 cfg1 2 1 0 0 na na
10 59519.098350336494 0.005893169998 cfg1 2 1 0 0 na na
10 59519.160350292243 0.005892229484 cfg1 2 1 0 0 na na
10 59519.163350312257 0.005892195314 cfg1 2 1 0 0 na na
10 59519.187350330358 0.005891822646 cfg1 2 1 0 0 na na
10 59519.221350364759 0.005891318417 cfg1 2 1 0 0 na na
10 59519.224350307043 0.005891264064 cfg1 2 1 0 0 na na
10 59519.257350332141 0.005890766362 cfg1 2 1 0 0 na na
10 59519.280350318206 0.005890438078 cfg1 2 1 0 0 na na
10 59519.284350319611 0.005890360599 cfg1 2 1 0 0 na na
10 59519.352350275279 0.005889347556 cfg1 2 1 0 0 na na
10 59519.369350343472 0.005889079586 cfg1 2 1 0 0 na na
10 59519.414350328801 0.005888401067 cfg1 2 1 0 0 na na
10 59519.421350301088 0.005888305911 cfg1 2 1 0 0 na na
10 59519.456350317658 0.005887778346 cfg1 2 1 0 0 na na
10 59519.457350297988 0.005887772955 cfg1 2 1 0 0 na na
10 59519.462350294879 0.005887690866 cfg1 2 1 0 0 na na
10 59519.487350335500 0.005887301228 cfg1 2 1 0 0 na na
10 59519.505350314322 0.005887032877 cfg1 2 1 0 0 na na
10 59519.508350258546 0.005886993306 cfg1 2 1 0 0 na na
10 59519.545350328627 0.005886430961 cfg1 2 1 0 0 na na
10 59519.554350327526 0.005886321915 cfg1 2 1 0 0 na na
10 59519.599350358301 0.005885650583 cfg1 2 1 0 0 na na
10 59519.603350300619 0.005885564283 cfg1 2 1 0 0 na na
10 59519.612350291059 0.005885437666 cfg1 2 1 0 0 na na
10 59519.613350319176 0.005885427405 cfg1 2 1 0 0 na na
10 59519.643350262872 0.005884968896 cfg1 2 1 0 0 na na
10 59519.650350265505 0.005884861317 cfg1 2 1 0 0 na na
10 59519.651350358925 0.005884848938 cfg1 2 1 0 0 na na
10 59519.664350307020 0.005884657921 cfg1 2 1 0 0 na na
10 59519.673350313895 0.005884533144 cfg1 2 1 0 0 na na
10 59519.675350273374 0.005884514855 cfg1 2 1 0 0 na na
10 59519.689350288224 0.005884295137 cfg1 2 1 0 0 na na
10 59519.692350329452 0.005884237884 cfg1 2 1 0 0 na na
10 59519.701350360300 0.005884104353 cfg1 2 1 0 0 na na
10 59519.705350311065 0.005884054536 cfg1 2 1 0 0 na na
10 59519.726350303637 0.005883738364 cfg1 2 1 0 0 na na
10 59519.744350324204 0.005883472301 cfg1 2 1 0 0 na na
10 59519.751350344869 0.005883368000 cfg1 2 1 0 0 na na
10 59519.753350342028 0.005883351693 cfg1 2 1 0 0 na na
10 59519.776350295823 0.005883005302 cfg1 2 1 0 0 na na
10 59519.814350324241 0.005882437108 cfg1 2 1 0 0 na na
10 59519.815350291492 0.005882400380 cfg1 2 1 0 0 na na
10 59519.819350362875 0.005882349684 cfg1 2 1 0 0 na na
10 59519.826350383016 0.005882259105 cfg1 2 1 0 0 na na
10 59519.828350344262 0.005882224807 cfg1 2 1 0 0 na na
10 59519.870350340708 0.005881593452 cfg1 2 1 0 0 na na
10 59519.873350319393 0.005881554670 cfg1 2 1 0 0 na na
10 59519.892350286717 0.005881264176 cfg1 2 1 0 0 na na
10 59519.920350342455 0.005880844687 cfg1 2 1 0 0 na na
10 59519.983350329301 0.005879909351 cfg1 2 1 0 0 na na
10 59519.987350314988 0.005879846627 cfg1 2 1 0 0 na na
10 59520.024350277300 0.005879319546 cfg1 2 1 0 0 na na
10 59520.059350257855 0.005878784031 cfg1 2 1 0 0 na na
10 59520.084350328718 0.005878432541 cfg1 2 1 0 0 na na
10 59520.091350358167 0.005878329184 cfg1 2 1 0 0 na na
10 59520.105350364598 0.005878112755 cfg1 2 1 0 0 na na
10 59520.113350311026 0.005877996123 cfg1 2 1 0 0 na na
10 59520.129350376109 0.005877768036 cfg1 2 1 0 0 na na
10 59520.138350331226 0.005877634957 cfg1 2 1 0 0 na na
10 59520.146350310174 0.005877514817 cfg1 2 1 0 0 na na
10 59520.153350324161 0.005877416280 cfg1 2 1 0 0 na na
10 59520.209350321437 0.005876576845 cfg1 2 1 0 0 na na
10 59520.247350284237 0.005876014038 cfg1 2 1 0 0 na na
10 59520.269350321731 0.005875689487 cfg1 2 1 0 0 na na
10 59520.273350271071 0.005875624171 cfg1 2 1 0 0 na na
10 59520.278350304092 0.005875558185 cfg1 2 1 0 0 na na
10 59520.281350313563 0.005875504961 cfg1 2 1 0 0 na na
10 59520.282350306722 0.005875488215 cfg1 2 1 0 0 na na
10 59520.288350341889 0.005875417530 cfg1 2 1 0 0 na na
10 59520.348350330771 0.005874525596 cfg1 2 1 0 0 na na
10 59520.364350300071 0.005874291740 cfg1 2 1 0 0 na na
10 59520.371350311146 0.005874206045 cfg1 2 1 0 0 na na
10 59520.388350321584 0.005873954818 cfg1 2 1 0 0 na na
10 59520.445350335468 0.005873112780 cfg1 2 1 0 0 na na
10 59520.446350359329 0.005873084045 cfg1 2 1 0 0 na na
10 59520.454350339418 0.005872963290 cfg1 2 1 0 0 na na
10 59520.461350329767 0.005872882388 cfg1 2 1 0 0 na na
10 59520.472350331804 0.005872722438 cfg1 2 1 0 0 na na
10 59520.495350336379 0.005872377531 cfg1 2 1 0 0 na na
10 59520.499350291353 0.005872320013 cfg1 2 1 0 0 na na
10 59520.506350317799 0.005872224425 cfg1 2 1 0 0 na na
10 59520.525350285820 0.005871926239 cfg1 2 1 0 0 na na
10 59520.534350368770 0.005871811054 cfg1 2 1 0 0 na na
10 59520.558350348681 0.005871440891 cfg1 2 1 0 0 na na
10 59520.574350329520 0.005871230471 cfg1 2 1 0 0 na na
10 59520.578350290004 0.005871146270 cfg1 2 1 0 0 na na
10 59520.588350342908 0.005871026490 cfg1 2 1 0 0 na na
10 59520.589350288516 0.005870992454 cfg1 2 1 0 0 na na
10 59520.603350284893 0.005870787175 cfg1 2 1 0 0 na na
10 59520.627350336355 0.005870448126 cfg1 2 1 0 0 na na
10 59520.635350343927 0.005870328021 cfg1 2 1 0 0 na na
10 59520.663350303281 0.005869906647 cfg1 2 1 0 0 na na
10 59520.669350339372 0.005869825562 cfg1 2 1 0 0 na na
10 59520.675350315290 0.005869736966 cfg1 2 1 0 0 na na
10 59520.685350253620 0.005869598304 cfg1 2 1 0 0 na na
10 59520.688350276058 0.005869556919 cfg1 2 1 0 0 na na
10 59520.749350340231 0.005868652125 cfg1 2 1 0 0 na na
10 59520.753350318149 0.005868607612 cfg1 2 1 0 0 na na
10 59520.763350317775 0.005868454691 cfg1 2 1 0 0 na na
10 59520.786350299419 0.005868133105 cfg1 2 1 0 0 na na
10 59520.822350329073 0.005867602525 cfg1 2 1 0 0 na na
10 59520.829350313162 0.005867514267 cfg1 2 1 0 0 na na
10 59520.837350263432 0.005867373480 cfg1 2 1 0 0 na na
10 59520.852350244060 0.005867177938 cfg1 2 1 0 0 na na
10 59520.855350343556 0.005867138754 cfg1 2 1 0 0 na na
10 59520.892350318598 0.005866595612 cfg1 2 1 0 0 na na
10 59520.913350347432 0.005866285211 cfg1 2 1 0 0 na na
10 59520.914350253919 0.005866268136 cfg1 2 1 0 0 na na
10 59520.938350331642 0.005865935860 cfg1 2 1 0 0 na na
10 59520.965350343380 0.005865525748 cfg1 2 1 0 0 na na
10 59520.966350300231 0.005865529462 cfg1 2 1 0 0 na na
10 59520.969350317725 0.005865478943 cfg1 2 1 0 0 na na
10 59520.972350284213 0.005865423261 cfg1 2 1 0 0 na na
10 59520.974350319536 0.005865403436 cfg1 2 1 0 0 na na
10 59520.981350278578 0.005865299065 cfg1 2 1 0 0 na na
10 59520.994350323815 0.005865120710 cfg1 2 1 0 0 na na
10 59521.023350253561 0.005864688412 cfg1 2 1 0 0 na na
10 59521.037350308414 0.005864476232 cfg1 2 1 0 0 na na
10 59521.045350297069 0.005864377737 cfg1 2 1 0 0 na na
10 59521.073350348530 0.005863962105 cfg1 2 1 0 0 na na
10 59521.092350319915 0.005863695732 cfg1 2 1 0 0 na na
10 59521.107350325816 0.005863483820 cfg1 2 1 0 0 na na
10 59521.137350332387 0.005863034758 cfg1 2 1 0 0 na na
10 59521.145350279118 0.005862924273 cfg1 2 1 0 0 na na
10 59521.155350301635 0.005862777408 cfg1 2 1 0 0 na na
10 59521.184350328707 0.005862356855 cfg1 2 1 0 0 na na
10 59521.210350333565 0.005861991181 cfg1 2 1 0 0 na na
10 59521.232350315740 0.005861683688 cfg1 2 1 0 0 na na
10 59521.241350348370 0.005861564895 cfg1 2 1 0 0 na na
10 59521.245350309057 0.005861501647 cfg1 2 1 0 0 na na
10 59521.262350273371 0.005861247804 cfg1 2 1 0 0 na na
10 59521.268350367643 0.005861148265 cfg1 2 1 0 0 na na
10 59521.269350290071 0.005861146929 cfg1 2 1 0 0 na na
10 59521.282350295508 0.005860967627 cfg1 2 1 0 0 na na
10 59521.292350357250 0.005860830901 cfg1 2 1 0 0 na na
10 59521.324350354976 0.005860364131 cfg1 2 1 0 0 na na
10 59521.379350290791 0.005859565483 cfg1 2 1 0 0 na na
10 59521.394350362017 0.005859347848 cfg1 2 1 0 0 na na
10 59521.408350312790 0.005859158339 cfg1 2 1 0 0 na na
10 59521.434350353377 0.005858780264 cfg1 2 1 0 0 na na
10 59521.472350348226 0.005858225422 cfg1 2 1 0 0 na na
10 59521.496350345236 0.005857897140 cfg1 2 1 0 0 na na
10 59521.506350330529 0.005857764561 cfg1 2 1 0 0 na na
10 59521.509350340202 0.005857714198 cfg1 2 1 0 0 na na
10 59521.532350266341 0.005857396095 cfg1 2 1 0 0 na na
10 59521.580350302810 0.005856689131 cfg1 2 1 0 0 na na
10 59521.594350378909 0.005856490339 cfg1 2 1 0 0 na na
10 59521.602350244268 0.005856395723 cfg1 2 1 0 0 na na
10 59521.603350370133 0.005856375048 cfg1 2 1 0 0 na na
10 59521.612350321628 0.005856257368 cfg1 2 1 0 0 na na
10 59521.628350316658 0.005856028799 cfg1 2 1 0 0 na na
10 59521.646350331673 0.005855751215 cfg1 2 1 0 0 na na
10 59521.671350328820 0.005855391783 cfg1 2 1 0 0 na na
10 59521.676350318748 0.005855329279 cfg1 2 1 0 0 na na
10 59521.742350324762 0.005854396717 cfg1 2 1 0 0 na na
10 59521.774350323904 0.005853937354 cfg1 2 1 0 0 na na
10 59521.784350331825 0.005853794318 cfg1 2 1 0 0 na na
10 59521.793350309716 0.005853663806 cfg1 2 1 0 0 na na
10 59521.794350320837 0.005853670101 cfg1 2 1 0 0 na na
10 59521.803350314664 0.005853525653 cfg1 2 1 0 0 na na
10 59521.833350345279 0.005853095565 cfg1 2 1 0 0 na na
10 59521.869350321270 0.005852602583 cfg1 2 1 0 0 na na
10 59521.881350251818 0.005852424964 cfg1 2 1 0 0 na na
10 59521.928350297518 0.005851752255 cfg1 2 1 0 0 na na
10 59521.932350295428 0.005851701924 cfg1 2 1 0 0 na na
10 59521.970350305441 0.005851180846 cfg1 2 1 0 0 na na
10 59521.976350335686 0.005851089253 cfg1 2 1 0 0 na na
10 59522.000350341408 0.005850749574 cfg1 2 1 0 0 na na
10 59522.012350332104 0.005850572713 cfg1 2 1 0 0 na na
10 59522.014350282756 0.005850557816 cfg1 2 1 0 0 na na
10 59522.019350343438 0.005850475011 cfg1 2 1 0 0 na na
10 59522.029350299656 0.005850335985 cfg1 2 1 0 0 na na
10 59522.034350269059 0.005850281749 cfg1 2 1 0 0 na na
10 59522.048350248039 0.005850073921 cfg1 2 1 0 0 na na
10 59522.077350281041 0.005849661499 cfg1 2 1 0 0 na na
10 59522.081350343505 0.005849614483 cfg1 2 1 0 0 na na
10 59522.088350337885 0.005849516730 cfg1 2 1 0 0 na na
10 59522.102350306794 0.005849308928 cfg1 2 1 0 0 na na
10 59522.163350314012 0.005848440590 cfg1 2 1 0 0 na na
10 59522.171350298507 0.005848343382 cfg1 2 1 0 0 na na
10 59522.214350300236 0.005847747220 cfg1 2 1 0 0 na na
10 59522.240350323114 0.005847370600 cfg1 2 1 0 0 na na
10 59522.244350304756 0.005847310617 cfg1 2 1 0 0 na na
10 59522.249350328583 0.005847247846 cfg1 2 1 0 0 na na
10 59522.251350315864 0.005847226864 cfg1 2 1 0 0 na na
10 59522.252350280457 0.005847203211 cfg1 2 1 0 0 na na
10 59522.260350329084 0.005847095643 cfg1 2 1 0 0 na na
10 59522.266350328068 0.005847016147 cfg1 2 1 0 0 na na
10 59522.275350243886 0.005846892979 cfg1 2 1 0 0 na na
10 59522.332350303187 0.005846098140 cfg1 2 1 0 0 na na
10 59522.370350291804 0.005845558717 cfg1 2 1 0 0 na na
10 59522.385350325204 0.005845342105 cfg1 2 1 0 0 na na
10 59522.417350293023 0.005844905109 cfg1 2 1 0 0 na na
10 59522.453350287592 0.005844401697 cfg1 2 1 0 0 na na
10 59522.462350302673 0.005844258993 cfg1 2 1 0 0 na na
10 59522.476350300720 0.005844067029 cfg1 2 1 0 0 na na
10 59522.492350320023 0.005843848245 cfg1 2 1 0 0 na na
10 59522.555350306235 0.005842965498 cfg1 2 1 0 0 na na
10 59522.556350324582 0.005842977891 cfg1 2 1 0 0 na na
10 59522.585350295132 0.005842571447 cfg1 2 1 0 0 na na
10 59522.588350284150 0.005842508562 cfg1 2 1 0 0 na na
10 59522.598350329995 0.005842384626 cfg1 2 1 0 0 na na
10 59522.605350309337 0.005842298429 cfg1 2 1 0 0 na na
10 59522.613350287207 0.005842162547 cfg1 2 1 0 0 na na
10 59522.626350273933 0.005841995711 cfg1 2 1 0 0 na na
10 59522.700350318694 0.005840955493 cfg1 2 1 0 0 na na
10 59522.705350330011 0.005840886359 cfg1 2 1 0 0 na na
10 59522.724350275688 0.005840640306 cfg1 2 1 0 0 na na
10 59522.771350371426 0.005839988906 cfg1 2 1 0 0 na na
10 59522.790350286028 0.005839718401 cfg1 2 1 0 0 na na
10 59522.791350359724 0.005839716041 cfg1 2 1 0 0 na na
10 59522.803350364893 0.005839536456 cfg1 2 1 0 0 na na
10 59522.822350334030 0.005839280049 cfg1 2 1 0 0 na na
10 59522.823350326108 0.005839257364 cfg1 2 1 0 0 na na
10 59522.833350357232 0.005839141137 cfg1 2 1 0 0 na na
10 59522.840350365452 0.005839025898 cfg1 2 1 0 0 na na
10 59522.868350327105 0.005838641465 cfg1 2 1 0 0 na na
10 59522.872350365517 0.005838606439 cfg1 2 1 0 0 na na
10 59522.902350326633 0.005838187463 cfg1 2 1 0 0 na na
10 59522.906350334135 0.005838133005 cfg1 2 1 0 0 na na
10 59522.933350293853 0.005837747613 cfg1 2 1 0 0 na na
10 59522.958350337139 0.005837404468 cfg1 2 1 0 0 na na
10 59522.972350323245 0.005837205761 cfg1 2 1 0 0 na na
10 59522.989350343327 0.005836989010 cfg1 2 1 0 0 na na
10 59522.995350270316 0.005836907094 cfg1 2 1 0 0 na na
10 59523.028350351963 0.005836458638 cfg1 2 1 0 0 na na
10 59523.032350309482 0.005836408271 cfg1 2 1 0 0 na na
10 59523.060350388676 0.005836002969 cfg1 2 1 0 0 na na
10 59523.074350312507 0.005835830839 cfg1 2 1 0 0 na na
10 59523.078350342837 0.005835750782 cfg1 2 1 0 0 na na
10 59523.085350266745 0.005835661910 cfg1 2 1 0 0 na na
10 59523.100350346467 0.005835449084 cfg1 2 1 0 0 na na
10 59523.102350336088 0.005835420958 cfg1 2 1 0 0 na na
10 59523.107350325135 0.005835381943 cfg1 2 1 0 0 na na
10 59523.109350300173 0.005835353000 cfg1 2 1 0 0 na na
10 59523.153350315289 0.005834728149 cfg1 2 1 0 0 na na
10 59523.155350301566 0.005834701159 cfg1 2 1 0 0 na na
10 59523.188350311186 0.005834260257 cfg1 2 1 0 0 na na
10 59523.199350294763 0.005834099165 cfg1 2 1 0 0 na na
10 59523.214350304660 0.005833899733 cfg1 2 1 0 0 na na
10 59523.225350311131 0.005833768815 cfg1 2 1 0 0 na na
10 59523.226350241877 0.005833750089 cfg1 2 1 0 0 na na
10 59523.239350317072 0.005833557269 cfg1 2 1 0 0 na na
10 59523.277350293485 0.005833053243 cfg1 2 1 0 0 na na
10 59523.307350289542 0.005832639630 cfg1 2 1 0 0 na na
10 59523.317350269993 0.005832514906 cfg1 2 1 0 0 na na
10 59523.434350311859 0.005830899111 cfg1 2 1 0 0 na na
10 59523.438350283419 0.005830865210 cfg1 2 1 0 0 na na
10 59523.444350299814 0.005830779838 cfg1 2 1 0 0 na na
10 59523.448350295075 0.005830711854 cfg1 2 1 0 0 na na
10 59523.452350307175 0.005830656369 cfg1 2 1 0 0 na na
10 59523.462350264421 0.005830517478 cfg1 2 1 0 0 na na
10 59523.493350320629 0.005830101285 cfg1 2 1 0 0 na na
10 59523.500350264135 0.005830002706 cfg1 2 1 0 0 na na
10 59523.526350358386 0.005829655188 cfg1 2 1 0 0 na na
10 59523.536350273940 0.005829520897 cfg1 2 1 0 0 na na
10 59523.539350296801 0.005829488173 cfg1 2 1 0 0 na na
10 59523.573350285067 0.005829033535 cfg1 2 1 0 0 na na
10 59523.592350288344 0.005828785343 cfg1 2 1 0 0 na na
10 59523.595350310710 0.005828734215 cfg1 2 1 0 0 na na
10 59523.604350328118 0.005828605624 cfg1 2 1 0 0 na na
10 59523.611350291476 0.005828506815 cfg1 2 1 0 0 na na
10 59523.614350327137 0.005828485666 cfg1 2 1 0 0 na na
10 59523.636350357729 0.005828179165 cfg1 2 1 0 0 na na
10 59523.641350327204 0.005828116945 cfg1 2 1 0 0 na na
10 59523.646350275816 0.005828034514 cfg1 2 1 0 0 na na
10 59523.671350313877 0.005827711388 cfg1 2 1 0 0 na na
10 59523.676350274420 0.005827642197 cfg1 2 1 0 0 na na
10 59523.679350319428 0.005827601841 cfg1 2 1 0 0 na na
10 59523.691350330682 0.005827423653 cfg1 2 1 0 0 na na
10 59523.719350337195 0.005827058426 cfg1 2 1 0 0 na na
10 59523.721350278540 0.005827028740 cfg1 2 1 0 0 na na
10 59523.744350299385 0.005826729376 cfg1 2 1 0 0 na na
10 59523.745350324797 0.005826702903 cfg1 2 1 0 0 na na
10 59523.754350257528 0.005826584349 cfg1 2 1 0 0 na na
10 59523.768350287652 0.005826398036 cfg1 2 1 0 0 na na
10 59523.773350301681 0.005826331850 cfg1 2 1 0 0 na na
10 59523.775350305694 0.005826313139 cfg1 2 1 0 0 na na
10 59523.797350309944 0.005826000960 cfg1 2 1 0 0 na na
10 59523.813350299824 0.005825788701 cfg1 2 1 0 0 na na
10 59523.819350298336 0.005825703340 cfg1 2 1 0 0 na na
10 59523.825350307834 0.005825627311 cfg1 2 1 0 0 na na
10 59523.845350247470 0.005825369444 cfg1 2 1 0 0 na na
10 59523.890350329476 0.005824774694 cfg1 2 1 0 0 na na
10 59523.906350307171 0.005824544051 cfg1 2 1 0 0 na na
10 59523.911350312923 0.005824485970 cfg1 2 1 0 0 na na
10 59523.948350308467 0.005823999257 cfg1 2 1 0 0 na na
10 59523.983350304383 0.005823501970 cfg1 2 1 0 0 na na
10 59524.010350299270 0.005823165362 cfg1 2 1 0 0 na na
10 59524.022350306243 0.005823003759 cfg1 2 1 0 0 na na
10 59524.023350289669 0.005822984188 cfg1 2 1 0 0 na na
10 59524.025350298354 0.005822953367 cfg1 2 1 0 0 na na
10 59524.033350276190 0.005822838431 cfg1 2 1 0 0 na na
10 59524.034350299133 0.005822844526 cfg1 2 1 0 0 na na
10 59524.037350257240 0.005822789731 cfg1 2 1 0 0 na na
10 59524.042350343543 0.005822736357 cfg1 2 1 0 0 na na
10 59524.085350331353 0.005822140824 cfg1 2 1 0 0 na na
10 59524.098350335755 0.005821987556 cfg1 2 1 0 0 na na
10 59524.113350252346 0.005821787875 cfg1 2 1 0 0 na na
10 59524.114350310156 0.005821765791 cfg1 2 1 0 0 na na
10 59524.134350280515 0.005821499064 cfg1 2 1 0 0 na na
10 59524.199350346763 0.005820643768 cfg1 2 1 0 0 na na
10 59524.228350305448 0.005820248239 cfg1 2 1 0 0 na na
10 59524.244350266087 0.005820025902 cfg1 2 1 0 0 na na
10 59524.255350286474 0.005819907866 cfg1 2 1 0 0 na na
10 59524.272350324899 0.005819657263 cfg1 2 1 0 0 na na
10 59524.273350332800 0.005819669453 cfg1 2 1 0 0 na na
10 59524.274350242148 0.005819654821 cfg1 2 1 0 0 na na
10 59524.278350306339 0.005819600580 cfg1 2 1 0 0 na na
10 59524.296350284307 0.005819360609 cfg1 2 1 0 0 na na
10 59524.298350237745 0.005819338980 cfg1 2 1 0 0 na na
10 59524.331350313734 0.005818895523 cfg1 2 1 0 0 na na
10 59524.356350268171 0.005818562649 cfg1 2 1 0 0 na na
10 59524.359350337510 0.005818502556 cfg1 2 1 0 0 na na
10 59524.391350319536 0.005818101630 cfg1 2 1 0 0 na na
10 59524.417350320219 0.005817742401 cfg1 2 1 0 0 na na
10 59524.438350248653 0.005817478344 cfg1 2 1 0 0 na na
10 59524.475350299650 0.005816976827 cfg1 2 1 0 0 na na
10 59524.480350283164 0.005816916543 cfg1 2 1 0 0 na na
10 59524.508350275154 0.005816537613 cfg1 2 1 0 0 na na
10 59524.509350331746 0.005816536897 cfg1 2 1 0 0 na na
10 59524.523350277943 0.005816355654 cfg1 2 1 0 0 na na
10 59524.531350338899 0.005816261189 cfg1 2 1 0 0 na na
10 59524.534350303384 0.005816197821 cfg1 2 1 0 0 na na
10 59524.538350275678 0.005816150518 cfg1 2 1 0 0 na na
10 59524.549350261148 0.005816002033 cfg1 2 1 0 0 na na
10 59524.551350349876 0.005815995206 cfg1 2 1 0 0 na na
10 59524.555350296633 0.005815936186 cfg1 2 1 0 0 na na
10 59524.565350299965 0.005815800689 cfg1 2 1 0 0 na na
10 59524.568350261588 0.005815750149 cfg1 2 1 0 0 na na
10 59524.573350302733 0.005815688401 cfg1 2 1 0 0 na na
10 59524.635350297031 0.005814867270 cfg1 2 1 0 0 na na
10 59524.686350291038 0.005814216161 cfg1 2 1 0 0 na na
10 59524.705350386752 0.005813968202 cfg1 2 1 0 0 na na
10 59524.716350333354 0.005813822873 cfg1 2 1 0 0 na na
10 59524.735350271186 0.005813584715 cfg1 2 1 0 0 na na
10 59524.811350354061 0.005812572633 cfg1 2 1 0 0 na na
10 59524.866350340416 0.005811860255 cfg1 2 1 0 0 na na
10 59524.871350304637 0.005811807075 cfg1 2 1 0 0 na na
10 59524.873350279213 0.005811762246 cfg1 2 1 0 0 na na
10 59524.885350330551 0.005811602453 cfg1 2 1 0 0 na na
10 59524.891350329949 0.005811537639 cfg1 2 1 0 0 na na
10 59524.929350293697 0.005811030877 cfg1 2 1 0 0 na na
10 59524.934350315133 0.005810963016 cfg1 2 1 0 0 na na
10 59524.939350335228 0.005810897028 cfg1 2 1 0 0 na na
10 59524.955350316471 0.005810687351 cfg1 2 1 0 0 na na
10 59524.959350326849 0.005810652301 cfg1 2 1 0 0 na na
10 59524.984350313462 0.005810329693 cfg1 2 1 0 0 na na
10 59524.986350322539 0.005810281830 cfg1 2 1 0 0 na na
10 59524.991350340312 0.005810241305 cfg1 2 1 0 0 na na
10 59525.010350276649 0.005809978200 cfg1 2 1 0 0 na na
10 59525.017350302827 0.005809904517 cfg1 2 1 0 0 na na
10 59525.032350336096 0.005809713274 cfg1 2 1 0 0 na na
10 59525.045350302087 0.005809531377 cfg1 2 1 0 0 na na
10 59525.055350317745 0.005809405980 cfg1 2 1 0 0 na na
10 59525.074350295815 0.005809141454 cfg1 2 1 0 0 na na
10 59525.090350311758 0.005808947291 cfg1 2 1 0 0 na na
10 59525.096350311994 0.005808880899 cfg1 2 1 0 0 na na
10 59525.121350360223 0.005808532769 cfg1 2 1 0 0 na na
10 59525.160350357588 0.005808035265 cfg1 2 1 0 0 na na
10 59525.163350302026 0.005807996320 cfg1 2 1 0 0 na na
10 59525.183350313972 0.005807733454 cfg1 2 1 0 0 na na
10 59525.207350333837 0.005807425726 cfg1 2 1 0 0 na na
10 59525.208350310667 0.005807417264 cfg1 2 1 0 0 na na
10 59525.225350255141 0.005807201458 cfg1 2 1 0 0 na na
10 59525.257350307263 0.005806801653 cfg1 2 1 0 0 na na
10 59525.265350299975 0.005806692530 cfg1 2 1 0 0 na na
10 59525.270350275666 0.005806610047 cfg1 2 1 0 0 na na
10 59525.274350304372 0.005806556765 cfg1 2 1 0 0 na na
10 59525.285350349711 0.005806420575 cfg1 2 1 0 0 na na
10 59525.293350310523 0.005806313875 cfg1 2 1 0 0 na na
10 59525.326350280953 0.005805894087 cfg1 2 1 0 0 na na
10 59525.341350326803 0.005805716859 cfg1 2 1 0 0 na na
10 59525.377350261065 0.005805253050 cfg1 2 1 0 0 na na
10 59525.383350305995 0.005805165632 cfg1 2 1 0 0 na na
10 59525.409350254503 0.005804832300 cfg1 2 1 0 0 na na
10 59525.412350282275 0.005804792819 cfg1 2 1 0 0 na na
10 59525.420350273027 0.005804680172 cfg1 2 1 0 0 na na
10 59525.441350317567 0.005804427342 cfg1 2 1 0 0 na na
10 59525.455350254902 0.005804242061 cfg1 2 1 0 0 na na
10 59525.463350300299 0.005804153068 cfg1 2 1 0 0 na na
10 59525.494350339370 0.005803741029 cfg1 2 1 0 0 na na
10 59525.549350281629 0.005803030334 cfg1 2 1 0 0 na na
10 59525.562350301088 0.005802862870 cfg1 2 1 0 0 na na
10 59525.563350310498 0.005802849713 cfg1 2 1 0 0 na na
10 59525.568350250368 0.005802801462 cfg1 2 1 0 0 na na
10 59525.588350274755 0.005802533970 cfg1 2 1 0 0 na na
10 59525.612350290447 0.005802243641 cfg1 2 1 0 0 na na
10 59525.616350327848 0.005802185063 cfg1 2 1 0 0 na na
10 59525.624350322256 0.005802074882 cfg1 2 1 0 0 na na
10 59525.667350321803 0.005801535022 cfg1 2 1 0 0 na na
10 59525.672350255048 0.005801485926 cfg1 2 1 0 0 na na
10 59525.701350303180 0.005801103283 cfg1 2 1 0 0 na na
10 59525.702350274743 0.005801078464 cfg1 2 1 0 0 na na
10 59525.731350341024 0.005800718839 cfg1 2 1 0 0 na na
10 59525.741350325476 0.005800607696 cfg1 2 1 0 0 na na
10 59525.768350318324 0.005800248625 cfg1 2 1 0 0 na na
10 59525.781350255608 0.005800081328 cfg1 2 1 0 0 na na
10 59525.788350282465 0.005800010369 cfg1 2 1 0 0 na na
10 59525.789350359261 0.005799980612 cfg1 2 1 0 0 na na
10 59525.792350321130 0.005799950421 cfg1 2 1 0 0 na na
10 59525.823350318072 0.005799560239 cfg1 2 1 0 0 na na
10 59525.842350302203 0.005799320413 cfg1 2 1 0 0 na na
10 59525.845350297074 0.005799258543 cfg1 2 1 0 0 na na
10 59525.849350318988 0.005799227647 cfg1 2 1 0 0 na na
10 59525.876350357736 0.005798870292 cfg1 2 1 0 0 na na
10 59525.889350342965 0.005798724209 cfg1 2 1 0 0 na na
10 59525.963350292762 0.005797770854 cfg1 2 1 0 0 na na
10 59525.983350317729 0.005797523778 cfg1 2 1 0 0 na na
10 59525.995350332516 0.005797385178 cfg1 2 1 0 0 na na
10 59526.001350302822 0.005797313267 cfg1 2 1 0 0 na na
10 59526.014350373053 0.005797145118 cfg1 2 1 0 0 na na
10 59526.017350311678 0.005797103293 cfg1 2 1 0 0 na na
10 59526.019350253146 0.005797068857 cfg1 2 1 0 0 na na
10 59526.025350321799 0.005796997012 cfg1 2 1 0 0 na na
10 59526.030350281794 0.005796920583 cfg1 2 1 0 0 na na
10 59526.031350326907 0.005796919962 cfg1 2 1 0 0 na na
10 59526.033350317130 0.005796902365 cfg1 2 1 0 0 na na
10 59526.036350313803 0.005796860228 cfg1 2 1 0 0 na na
10 59526.050350311661 0.005796668946 cfg1 2 1 0 0 na na
10 59526.057350354842 0.005796608414 cfg1 2 1 0 0 na na
10 59526.089350326144 0.005796195237 cfg1 2 1 0 0 na na
10 59526.099350278346 0.005796056354 cfg1 2 1 0 0 na na
10 59526.100350324883 0.005796041219 cfg1 2 1 0 0 na na
10 59526.134350329766 0.005795618134 cfg1 2 1 0 0 na na
10 59526.152350277870 0.005795408661 cfg1 2 1 0 0 na na
10 59526.153350311266 0.005795378134 cfg1 2 1 0 0 na na
10 59526.175350328194 0.005795107955 cfg1 2 1 0 0 na na
10 59526.188350336342 0.005794958570 cfg1 2 1 0 0 na na
10 59526.192350262760 0.005794884116 cfg1 2 1 0 0 na na
10 59526.202350257592 0.005794764465 cfg1 2 1 0 0 na na
10 59526.208350303958 0.005794704228 cfg1 2 1 0 0 na na
10 59526.268350289951 0.005793941162 cfg1 2 1 0 0 na na
10 59526.278350315829 0.005793807764 cfg1 2 1 0 0 na na
10 59526.282350265860 0.005793756146 cfg1 2 1 0 0 na na
10 59526.288350264419 0.005793704342 cfg1 2 1 0 0 na na
10 59526.296350292373 0.005793588173 cfg1 2 1 0 0 na na
10 59526.337350292774 0.005793069364 cfg1 2 1 0 0 na na
10 59526.341350304803 0.005793044444 cfg1 2 1 0 0 na na
10 59526.349350290188 0.005792939875 cfg1 2 1 0 0 na na
10 59526.367350339842 0.005792718938 cfg1 2 1 0 0 na na
10 59526.384350334563 0.005792491356 cfg1 2 1 0 0 na na
10 59526.403350365459 0.005792245765 cfg1 2 1 0 0 na na
10 59526.408350298400 0.005792205832 cfg1 2 1 0 0 na na
10 59526.426350331081 0.005791978982 cfg1 2 1 0 0 na na
10 59526.429350355214 0.005791930259 cfg1 2 1 0 0 na na
10 59526.440350324892 0.005791807131 cfg1 2 1 0 0 na na
10 59526.469350328410 0.005791434411 cfg1 2 1 0 0 na na
10 59526.488350316843 0.005791202492 cfg1 2 1 0 0 na na
10 59526.498350245947 0.005791080970 cfg1 2 1 0 0 na na
10 59526.544350259444 0.005790513509 cfg1 2 1 0 0 na na
10 59526.573350254724 0.005790152664 cfg1 2 1 0 0 na na
10 59526.587350303447 0.005789967976 cfg1 2 1 0 0 na na
10 59526.603350289163 0.005789776951 cfg1 2 1 0 0 na na
10 59526.622350242055 0.005789544964 cfg1 2 1 0 0 na na
10 59526.637350283480 0.005789368425 cfg1 2 1 0 0 na na
10 59526.643350322590 0.005789276285 cfg1 2 1 0 0 na na
10 59526.678350331810 0.005788861646 cfg1 2 1 0 0 na na
10 59526.679350357694 0.005788827064 cfg1 2 1 0 0 na na
10 59526.730350338584 0.005788197514 cfg1 2 1 0 0 na na
10 59526.745350349538 0.005788023560 cfg1 2 1 0 0 na na
10 59526.756350267374 0.005787880169 cfg1 2 1 0 0 na na
10 59526.773350267904 0.005787664516 cfg1 2 1 0 0 na na
10 59526.774350323645 0.005787660641 cfg1 2 1 0 0 na na
10 59526.807350280481 0.005787261930 cfg1 2 1 0 0 na na
10 59526.825350317873 0.005787044007 cfg1 2 1 0 0 na na
10 59526.851350296092 0.005786701631 cfg1 2 1 0 0 na na
10 59526.856350262206 0.005786639949 cfg1 2 1 0 0 na na
10 59526.861350315665 0.005786590316 cfg1 2 1 0 0 na na
10 59526.886350360208 0.005786294092 cfg1 2 1 0 0 na na
10 59526.890350293282 0.005786250118 cfg1 2 1 0 0 na na
10 59526.911350277782 0.005785976413 cfg1 2 1 0 0 na na
10 59526.913350269250 0.005785941808 cfg1 2 1 0 0 na na
10 59526.923350310974 0.005785828285 cfg1 2 1 0 0 na na
10 59526.926350348044 0.005785793336 cfg1 2 1 0 0 na na
10 59526.934350295597 0.005785699350 cfg1 2 1 0 0 na na
10 59526.963350288572 0.005785354136 cfg1 2 1 0 0 na na
10 59526.980350259340 0.005785122601 cfg1 2 1 0 0 na na
10 59527.007350266167 0.005784795602 cfg1 2 1 0 0 na na
10 59527.011350349247 0.005784749505 cfg1 2 1 0 0 na na
10 59527.033350327070 0.005784483355 cfg1 2 1 0 0 na na
10 59527.038350262989 0.005784408941 cfg1 2 1 0 0 na na
10 59527.052350314087 0.005784258417 cfg1 2 1 0 0 na na
10 59527.055350311705 0.005784227549 cfg1 2 1 0 0 na na
10 59527.092350298669 0.005783748559 cfg1 2 1 0 0 na na
10 59527.094350277380 0.005783735014 cfg1 2 1 0 0 na na
10 59527.098350297949 0.005783703344 cfg1 2 1 0 0 na na
10 59527.102350260637 0.005783643317 cfg1 2 1 0 0 na na
10 59527.136350284152 0.005783223703 cfg1 2 1 0 0 na na
10 59527.137350254447 0.005783212608 cfg1 2 1 0 0 na na
10 59527.146350273248 0.005783095421 cfg1 2 1 0 0 na na
10 59527.156350261790 0.005782970104 cfg1 2 1 0 0 na na
10 59527.193350334417 0.005782518264 cfg1 2 1 0 0 na na
10 59527.207350254005 0.005782357734 cfg1 2 1 0 0 na na
10 59527.211350325559 0.005782315096 cfg1 2 1 0 0 na na
10 59527.213350295202 0.005782279530 cfg1 2 1 0 0 na na
10 59527.218350258008 0.005782218972 cfg1 2 1 0 0 na na
10 59527.222350268132 0.005782190028 cfg1 2 1 0 0 na na
10 59527.257350302220 0.005781764049 cfg1 2 1 0 0 na na
10 59527.267350293850 0.005781631091 cfg1 2 1 0 0 na na
10 59527.300350282365 0.005781233909 cfg1 2 1 0 0 na na
10 59527.305350242705 0.005781179411 cfg1 2 1 0 0 na na
10 59527.333350339957 0.005780823097 cfg1 2 1 0 0 na na
10 59527.346350277588 0.005780686867 cfg1 2 1 0 0 na na
10 59527.354350321694 0.005780565344 cfg1 2 1 0 0 na na
10 59527.357350310468 0.005780556959 cfg1 2 1 0 0 na na
10 59527.370350329086 0.005780386198 cfg1 2 1 0 0 na na
10 59527.377350287694 0.005780293496 cfg1 2 1 0 0 na na
10 59527.456350323865 0.005779360318 cfg1 2 1 0 0 na na
10 59527.476350338877 0.005779118487 cfg1 2 1 0 0 na na
10 59527.494350278209 0.005778901685 cfg1 2 1 0 0 na na
10 59527.501350287690 0.005778800600 cfg1 2 1 0 0 na na
10 59527.505350272519 0.005778766116 cfg1 2 1 0 0 na na
10 59527.516350312986 0.005778629298 cfg1 2 1 0 0 na na
10 59527.562350326165 0.005778064547 cfg1 2 1 0 0 na na
10 59527.571350301448 0.005777967400 cfg1 2 1 0 0 na na
10 59527.573350315682 0.005777922842 cfg1 2 1 0 0 na na
10 59527.611350285262 0.005777471679 cfg1 2 1 0 0 na na
10 59527.615350331163 0.005777436142 cfg1 2 1 0 0 na na
10 59527.624350263633 0.005777313281 cfg1 2 1 0 0 na na
10 59527.625350312190 0.005777318964 cfg1 2 1 0 0 na na
10 59527.631350337125 0.005777239891 cfg1 2 1 0 0 na na
10 59527.643350277769 0.005777107245 cfg1 2 1 0 0 na na
10 59527.657350274862 0.005776926333 cfg1 2 1 0 0 na na
10 59527.665350371680 0.005776818794 cfg1 2 1 0 0 na na
10 59527.668350325675 0.005776798877 cfg1 2 1 0 0 na na
10 59527.675350302831 0.005776723890 cfg1 2 1 0 0 na na
10 59527.701350334820 0.005776413889 cfg1 2 1 0 0 na na
10 59527.708350290183 0.005776313725 cfg1 2 1 0 0 na na
10 59527.714350334766 0.005776253873 cfg1 2 1 0 0 na na
10 59527.722350323618 0.005776158371 cfg1 2 1 0 0 na na
10 59527.733350304531 0.005776011666 cfg1 2 1 0 0 na na
10 59527.740350300270 0.005775920809 cfg1 2 1 0 0 na na
10 59527.792350347912 0.005775324874 cfg1 2 1 0 0 na na
10 59527.793350320217 0.005775304244 cfg1 2 1 0 0 na na
10 59527.824350266480 0.005774936597 cfg1 2 1 0 0 na na
10 59527.851350312088 0.005774619273 cfg1 2 1 0 0 na na
10 59527.854350262362 0.005774564645 cfg1 2 1 0 0 na na
10 59527.864350288729 0.005774466485 cfg1 2 1 0 0 na na
10 59527.871350327757 0.005774386298 cfg1 2 1 0 0 na na
10 59527.877350306358 0.005774304555 cfg1 2 1 0 0 na na
10 59527.890350329030 0.005774133343 cfg1 2 1 0 0 na na
10 59527.918350324052 0.005773814231 cfg1 2 1 0 0 na na
10 59527.920350342868 0.005773787892 cfg1 2 1 0 0 na na
10 59527.924350248681 0.005773744043 cfg1 2 1 0 0 na na
10 59527.925350295819 0.005773736170 cfg1 2 1 0 0 na na
10 59527.938350284017 0.005773566675 cfg1 2 1 0 0 na na
10 59527.950350252684 0.005773439475 cfg1 2 1 0 0 na na
10 59527.999350302069 0.005772858067 cfg1 2 1 0 0 na na
10 59528.007350310137 0.005772763861 cfg1 2 1 0 0 na na
10 59528.012350285645 0.005772705826 cfg1 2 1 0 0 na na
10 59528.051350305124 0.005772248741 cfg1 2 1 0 0 na na
10 59528.087350297483 0.005771813039 cfg1 2 1 0 0 na na
10 59528.112350338905 0.005771516135 cfg1 2 1 0 0 na na
10 59528.123350290800 0.005771394187 cfg1 2 1 0 0 na na
10 59528.128350272398 0.005771336518 cfg1 2 1 0 0 na na
10 59528.131350305075 0.005771280336 cfg1 2 1 0 0 na na
10 59528.146350291508 0.005771125514 cfg1 2 1 0 0 na na
10 59528.150350297135 0.005771063478 cfg1 2 1 0 0 na na
10 59528.161350294668 0.005770926285 cfg1 2 1 0 0 na na
10 59528.171350254589 0.005770831258 cfg1 2 1 0 0 na na
10 59528.172350297980 0.005770799520 cfg1 2 1 0 0 na na
10 59528.174350327749 0.005770771337 cfg1 2 1 0 0 na na
10 59528.181350298910 0.005770702305 cfg1 2 1 0 0 na na
10 59528.199350282518 0.005770495374 cfg1 2 1 0 0 na na
10 59528.205350333106 0.005770421259 cfg1 2 1 0 0 na na
10 59528.221350334949 0.005770241439 cfg1 2 1 0 0 na na
10 59528.232350301773 0.005770086701 cfg1 2 1 0 0 na na
10 59528.234350286821 0.005770074765 cfg1 2 1 0 0 na na
10 59528.243350286764 0.005769980116 cfg1 2 1 0 0 na na
10 59528.279350309774 0.005769546094 cfg1 2 1 0 0 na na
10 59528.287350308985 0.005769442877 cfg1 2 1 0 0 na na
10 59528.290350259887 0.005769407152 cfg1 2 1 0 0 na na
10 59528.291350327207 0.005769400202 cfg1 2 1 0 0 na na
10 59528.302350289107 0.005769286619 cfg1 2 1 0 0 na na
10 59528.312350302008 0.005769172392 cfg1 2 1 0 0 na na
10 59528.324350309298 0.005769029209 cfg1 2 1 0 0 na na
10 59528.341350305863 0.005768811951 cfg1 2 1 0 0 na na
10 59528.344350328079 0.005768768197 cfg1 2 1 0 0 na na
10 59528.358350280642 0.005768632040 cfg1 2 1 0 0 na na
10 59528.366350262606 0.005768512603 cfg1 2 1 0 0 na na
10 59528.367350380797 0.005768525617 cfg1 2 1 0 0 na na
10 59528.392350338434 0.005768207589 cfg1 2 1 0 0 na na
10 59528.433350323306 0.005767739236 cfg1 2 1 0 0 na na
10 59528.442350321641 0.005767624070 cfg1 2 1 0 0 na na
10 59528.469350341285 0.005767312248 cfg1 2 1 0 0 na na
10 59528.495350291689 0.005767013339 cfg1 2 1 0 0 na na
10 59528.504350343716 0.005766901657 cfg1 2 1 0 0 na na
10 59528.567350315143 0.005766166160 cfg1 2 1 0 0 na na
10 59528.593350258945 0.005765887401 cfg1 2 1 0 0 na na
10 59528.597350340689 0.005765817911 cfg1 2 1 0 0 na na
10 59528.619350328564 0.005765559663 cfg1 2 1 0 0 na na
10 59528.625350333728 0.005765507607 cfg1 2 1 0 0 na na
10 59528.644350334779 0.005765279712 cfg1 2 1 0 0 na na
10 59528.697350285373 0.005764660413 cfg1 2 1 0 0 na na
10 59528.753350318811 0.005764015457 cfg1 2 1 0 0 na na
10 59528.759350394314 0.005763954243 cfg1 2 1 0 0 na na
10 59528.764350337393 0.005763898944 cfg1 2 1 0 0 na na
10 59528.781350350917 0.005763697331 cfg1 2 1 0 0 na na
10 59528.790350333395 0.005763599160 cfg1 2 1 0 0 na na
10 59528.815350339319 0.005763300814 cfg1 2 1 0 0 na na
10 59528.821350314005 0.005763235545 cfg1 2 1 0 0 na na
10 59528.839350319082 0.005763026001 cfg1 2 1 0 0 na na
10 59528.850350309707 0.005762887936 cfg1 2 1 0 0 na na
10 59528.862350332216 0.005762763661 cfg1 2 1 0 0 na na
10 59528.863350332031 0.005762738633 cfg1 2 1 0 0 na na
10 59528.877350363121 0.005762595515 cfg1 2 1 0 0 na na
10 59528.881350318494 0.005762552450 cfg1 2 1 0 0 na na
10 59528.895350303960 0.005762383745 cfg1 2 1 0 0 na na
10 59528.914350315793 0.005762144766 cfg1 2 1 0 0 na na
10 59528.953350293656 0.005761706395 cfg1 2 1 0 0 na na
10 59528.970350325877 0.005761519934 cfg1 2 1 0 0 na na
10 59529.015350266396 0.005761012621 cfg1 2 1 0 0 na na
10 59529.017350337000 0.005760982846 cfg1 2 1 0 0 na na
10 59529.018350253793 0.005760977697 cfg1 2 1 0 0 na na
10 59529.048350389174 0.005760622467 cfg1 2 1 0 0 na na
10 59529.056350318973 0.005760529736 cfg1 2 1 0 0 na na
10 59529.076350309516 0.005760298002 cfg1 2 1 0 0 na na
10 59529.102350301705 0.005760003345 cfg1 2 1 0 0 na na
10 59529.108350308731 0.005759932762 cfg1 2 1 0 0 na na
10 59529.142350258885 0.005759538038 cfg1 2 1 0 0 na na
10 59529.163350326104 0.005759304664 cfg1 2 1 0 0 na na
10 59529.182350256562 0.005759085371 cfg1 2 1 0 0 na na
10 59529.232350290440 0.005758531819 cfg1 2 1 0 0 na na
10 59529.244350350528 0.005758374238 cfg1 2 1 0 0 na na
10 59529.246350265219 0.005758346518 cfg1 2 1 0 0 na na
10 59529.252350262144 0.005758279750 cfg1 2 1 0 0 na na
10 59529.257350261908 0.005758231569 cfg1 2 1 0 0 na na
10 59529.272350315961 0.005758055497 cfg1 2 1 0 0 na na
10 59529.288350341350 0.005757883846 cfg1 2 1 0 0 na na
10 59529.291350331536 0.005757849865 cfg1 2 1 0 0 na na
10 59529.321350317987 0.005757493242 cfg1 2 1 0 0 na na
10 59529.356350265011 0.005757096884 cfg1 2 1 0 0 na na
10 59529.361350262127 0.005757051148 cfg1 2 1 0 0 na na
10 59529.376350273663 0.005756888967 cfg1 2 1 0 0 na na
10 59529.384350317497 0.005756794934 cfg1 2 1 0 0 na na
10 59529.389350280096 0.005756724480 cfg1 2 1 0 0 na na
10 59529.402350300098 0.005756599828 cfg1 2 1 0 0 na na
10 59529.476350275613 0.005755765222 cfg1 2 1 0 0 na na
10 59529.489350329816 0.005755612734 cfg1 2 1 0 0 na na
10 59529.501350344411 0.005755458079 cfg1 2 1 0 0 na na
10 59529.526350355614 0.005755189988 cfg1 2 1 0 0 na na
10 59529.533350271055 0.005755115572 cfg1 2 1 0 0 na na
10 59529.546350335377 0.005754955907 cfg1 2 1 0 0 na na
10 59529.571350263438 0.005754668584 cfg1 2 1 0 0 na na
10 59529.573350301593 0.005754649782 cfg1 2 1 0 0 na na
10 59529.577350301933 0.005754609219 cfg1 2 1 0 0 na na
10 59529.578350322242 0.005754600686 cfg1 2 1 0 0 na na
10 59529.585350326124 0.005754528954 cfg1 2 1 0 0 na na
10 59529.595350303824 0.005754398428 cfg1 2 1 0 0 na na
10 59529.627350361661 0.005754052790 cfg1 2 1 0 0 na na
10 59529.634350287318 0.005753965389 cfg1 2 1 0 0 na na
10 59529.644350342178 0.005753867517 cfg1 2 1 0 0 na na
10 59529.653350318456 0.005753744830 cfg1 2 1 0 0 na na
10 59529.674350265080 0.005753511770 cfg1 2 1 0 0 na na
10 59529.687350239952 0.005753387042 cfg1 2 1 0 0 na na
10 59529.696350273207 0.005753271356 cfg1 2 1 0 0 na na
10 59529.706350322674 0.005753164335 cfg1 2 1 0 0 na na
10 59529.708350268566 0.005753151692 cfg1 2 1 0 0 na na
10 59529.720350318727 0.005753020054 cfg1 2 1 0 0 na na
10 59529.746350257262 0.005752709801 cfg1 2 1 0 0 na na
10 59529.766350261313 0.005752480659 cfg1 2 1 0 0 na na
10 59529.774350325159 0.005752392167 cfg1 2 1 0 0 na na
10 59529.785350284411 0.005752279819 cfg1 2 1 0 0 na na
10 59529.791350276030 0.005752198024 cfg1 2 1 0 0 na na
10 59529.813350249326 0.005751967527 cfg1 2 1 0 0 na na
10 59529.814350334345 0.005751947979 cfg1 2 1 0 0 na na
10 59529.818350258489 0.005751903582 cfg1 2 1 0 0 na na
10 59529.834350313692 0.005751732156 cfg1 2 1 0 0 na na
10 59529.858350327787 0.005751459152 cfg1 2 1 0 0 na na
10 59529.868350314994 0.005751344593 cfg1 2 1 0 0 na na
10 59529.879350292969 0.005751244361 cfg1 2 1 0 0 na na
10 59529.894350324582 0.005751073319 cfg1 2 1 0 0 na na
10 59529.902350315312 0.005750963705 cfg1 2 1 0 0 na na
10 59529.910350308486 0.005750879353 cfg1 2 1 0 0 na na
10 59529.918350327587 0.005750799968 cfg1 2 1 0 0 na na
10 59529.929350301712 0.005750683545 cfg1 2 1 0 0 na na
10 59529.943350262586 0.005750509303 cfg1 2 1 0 0 na na
10 59529.950350285632 0.005750432868 cfg1 2 1 0 0 na na
10 59529.958350255065 0.005750365163 cfg1 2 1 0 0 na na
10 59529.963350367948 0.005750293984 cfg1 2 1 0 0 na na
10 59530.002350293507 0.005749857450 cfg1 2 1 0 0 na na
10 59530.021350264281 0.005749642552 cfg1 2 1 0 0 na na
10 59530.039350309311 0.005749460499 cfg1 2 1 0 0 na na
10 59530.049350322968 0.005749329024 cfg1 2 1 0 0 na na
10 59530.062350311951 0.005749202022 cfg1 2 1 0 0 na na
10 59530.068350373880 0.005749135010 cfg1 2 1 0 0 na na
10 59530.095350273690 0.005748843530 cfg1 2 1 0 0 na na
10 59530.134350284461 0.005748389600 cfg1 2 1 0 0 na na
10 59530.146350261835 0.005748284290 cfg1 2 1 0 0 na na
10 59530.177350303816 0.005747931334 cfg1 2 1 0 0 na na
10 59530.178350336375 0.005747931542 cfg1 2 1 0 0 na na
10 59530.180350307745 0.005747891622 cfg1 2 1 0 0 na na
10 59530.192350325226 0.005747762638 cfg1 2 1 0 0 na na
10 59530.219350349749 0.005747463117 cfg1 2 1 0 0 na na
10 59530.222350260249 0.005747426876 cfg1 2 1 0 0 na na
10 59530.223350348456 0.005747418250 cfg1 2 1 0 0 na na
10 59530.231350283017 0.005747337665 cfg1 2 1 0 0 na na
10 59530.233350314682 0.005747323845 cfg1 2 1 0 0 na na
10 59530.235350281662 0.005747290456 cfg1 2 1 0 0 na na
10 59530.240350331628 0.005747228151 cfg1 2 1 0 0 na na
10 59530.249350309922 0.005747145989 cfg1 2 1 0 0 na na
10 59530.259350325790 0.005747038192 cfg1 2 1 0 0 na na
10 59530.261350258482 0.005746998101 cfg1 2 1 0 0 na na
10 59530.292350296566 0.005746658434 cfg1 2 1 0 0 na na
10 59530.301350277356 0.005746559130 cfg1 2 1 0 0 na na
10 59530.324350277222 0.005746321313 cfg1 2 1 0 0 na na
10 59530.327350360962 0.005746291558 cfg1 2 1 0 0 na na
10 59530.331350241983 0.005746245042 cfg1 2 1 0 0 na na
10 59530.334350323951 0.005746191296 cfg1 2 1 0 0 na na
10 59530.361350263997 0.005745900639 cfg1 2 1 0 0 na na
10 59530.379350367033 0.005745723054 cfg1 2 1 0 0 na na
10 59530.391350258869 0.005745573063 cfg1 2 1 0 0 na na
10 59530.398350290490 0.005745500072 cfg1 2 1 0 0 na na
10 59530.405350316961 0.005745422112 cfg1 2 1 0 0 na na
10 59530.436350260974 0.005745087576 cfg1 2 1 0 0 na na
10 59530.449350305632 0.005744947449 cfg1 2 1 0 0 na na
10 59530.457350269701 0.005744870884 cfg1 2 1 0 0 na na
10 59530.464350265536 0.005744766410 cfg1 2 1 0 0 na na
10 59530.470350256674 0.005744710444 cfg1 2 1 0 0 na na
10 59530.479350341787 0.005744612469 cfg1 2 1 0 0 na na
10 59530.481350265067 0.005744592755 cfg1 2 1 0 0 na na
10 59530.489350294493 0.005744502321 cfg1 2 1 0 0 na na
10 59530.498350353534 0.005744416222 cfg1 2 1 0 0 na na
10 59530.501350251221 0.005744375772 cfg1 2 1 0 0 na na
10 59530.517350292026 0.005744196456 cfg1 2 1 0 0 na na
10 59530.529350251515 0.005744070341 cfg1 2 1 0 0 na na
10 59530.547350289126 0.005743867378 cfg1 2 1 0 0 na na
10 59530.570350340653 0.005743638853 cfg1 2 1 0 0 na na
10 59530.572350307765 0.005743598904 cfg1 2 1 0 0 na na
10 59530.574350331393 0.005743579449 cfg1 2 1 0 0 na na
10 59530.585350314330 0.005743464523 cfg1 2 1 0 0 na na
10 59530.599350249453 0.005743317340 cfg1 2 1 0 0 na na
10 59530.640350263906 0.005742852835 cfg1 2 1 0 0 na na
10 59530.657350311588 0.005742669327 cfg1 2 1 0 0 na na
10 59530.672350301536 0.005742522017 cfg1 2 1 0 0 na na
10 59530.675350353507 0.005742499297 cfg1 2 1 0 0 na na
10 59530.697350309230 0.005742235003 cfg1 2 1 0 0 na na
10 59530.699350325278 0.005742236611 cfg1 2 1 0 0 na na
10 59530.702350300927 0.005742194963 cfg1 2 1 0 0 na na
10 59530.742350294774 0.005741754000 cfg1 2 1 0 0 na na
10 59530.746350298671 0.005741730644 cfg1 2 1 0 0 na na
10 59530.780350340573 0.005741348612 cfg1 2 1 0 0 na na
10 59530.819350329028 0.005740918268 cfg1 2 1 0 0 na na
10 59530.835350315544 0.005740749619 cfg1 2 1 0 0 na na
10 59530.841350318559 0.005740700039 cfg1 2 1 0 0 na na
10 59530.855350316783 0.005740526919 cfg1 2 1 0 0 na na
10 59530.916350297813 0.005739897849 cfg1 2 1 0 0 na na
10 59530.927350297828 0.005739771636 cfg1 2 1 0 0 na na
10 59530.953350363950 0.005739501116 cfg1 2 1 0 0 na na
10 59530.970350291643 0.005739300461 cfg1 2 1 0 0 na na
10 59530.989350302516 0.005739113691 cfg1 2 1 0 0 na na
10 59530.997350268824 0.005739026061 cfg1 2 1 0 0 na na
10 59531.002350352964 0.005738964923 cfg1 2 1 0 0 na na
10 59531.026350270127 0.005738694785 cfg1 2 1 0 0 na na
10 59531.032350258030 0.005738638845 cfg1 2 1 0 0 na na
10 59531.051350282199 0.005738440675 cfg1 2 1 0 0 na na
10 59531.074350273513 0.005738202165 cfg1 2 1 0 0 na na
10 59531.085350318548 0.005738071363 cfg1 2 1 0 0 na na
10 59531.089350285231 0.005738022002 cfg1 2 1 0 0 na na
10 59531.102350313973 0.005737901894 cfg1 2 1 0 0 na na
10 59531.118350298406 0.005737735024 cfg1 2 1 0 0 na na
10 59531.151350303238 0.005737383373 cfg1 2 1 0 0 na na
10 59531.155350273626 0.005737315436 cfg1 2 1 0 0 na na
10 59531.163350312513 0.005737234886 cfg1 2 1 0 0 na na
10 59531.177350273054 0.005737089996 cfg1 2 1 0 0 na na
10 59531.184350275626 0.005737033798 cfg1 2 1 0 0 na na
10 59531.186350266584 0.005736991493 cfg1 2 1 0 0 na na
10 59531.199350277321 0.005736862508 cfg1 2 1 0 0 na na
10 59531.203350276428 0.005736813916 cfg1 2 1 0 0 na na
10 59531.218350293509 0.005736661640 cfg1 2 1 0 0 na na
10 59531.222350295058 0.005736627901 cfg1 2 1 0 0 na na
10 59531.224350332281 0.005736597657 cfg1 2 1 0 0 na na
10 59531.231350343565 0.005736518692 cfg1 2 1 0 0 na na
10 59531.235350294138 0.005736469253 cfg1 2 1 0 0 na na
10 59531.247350317756 0.005736339900 cfg1 2 1 0 0 na na
10 59531.259350309847 0.005736219171 cfg1 2 1 0 0 na na
10 59531.262350288514 0.005736180481 cfg1 2 1 0 0 na na
10 59531.271350276623 0.005736099828 cfg1 2 1 0 0 na na
10 59531.298350314248 0.005735811211 cfg1 2 1 0 0 na na
10 59531.316350262102 0.005735633350 cfg1 2 1 0 0 na na
10 59531.317350331902 0.005735598841 cfg1 2 1 0 0 na na
10 59531.342350330707 0.005735333796 cfg1 2 1 0 0 na na
10 59531.344350305824 0.005735324489 cfg1 2 1 0 0 na na
10 59531.345350268028 0.005735298938 cfg1 2 1 0 0 na na
10 59531.380350312352 0.005734941065 cfg1 2 1 0 0 na na
10 59531.408350304681 0.005734655165 cfg1 2 1 0 0 na na
10 59531.424350284889 0.005734485294 cfg1 2 1 0 0 na na
10 59531.429350337736 0.005734413815 cfg1 2 1 0 0 na na
10 59531.465350263645 0.005734038492 cfg1 2 1 0 0 na na
10 59531.477350325129 0.005733928223 cfg1 2 1 0 0 na na
10 59531.491350317543 0.005733763105 cfg1 2 1 0 0 na na
10 59531.492350313857 0.005733769741 cfg1 2 1 0 0 na na
10 59531.495350338196 0.005733726178 cfg1 2 1 0 0 na na
10 59531.509350247154 0.005733589695 cfg1 2 1 0 0 na na
10 59531.511350266274 0.005733550515 cfg1 2 1 0 0 na na
10 59531.515350258320 0.005733518623 cfg1 2 1 0 0 na na
10 59531.526350312971 0.005733395269 cfg1 2 1 0 0 na na
10 59531.540350337995 0.005733253024 cfg1 2 1 0 0 na na
10 59531.541350257033 0.005733245159 cfg1 2 1 0 0 na na
10 59531.542350323204 0.005733250777 cfg1 2 1 0 0 na na
10 59531.552350245014 0.005733141868 cfg1 2 1 0 0 na na
10 59531.555350290323 0.005733102576 cfg1 2 1 0 0 na na
10 59531.564350307004 0.005733009040 cfg1 2 1 0 0 na na
10 59531.594350274438 0.005732690340 cfg1 2 1 0 0 na na
10 59531.621350290912 0.005732423527 cfg1 2 1 0 0 na na
10 59531.638350299295 0.005732232186 cfg1 2 1 0 0 na na
10 59531.650350244606 0.005732117315 cfg1 2 1 0 0 na na
10 59531.656350254552 0.005732043567 cfg1 2 1 0 0 na na
10 59531.678350267656 0.005731807691 cfg1 2 1 0 0 na na
10 59531.686350262653 0.005731741417 cfg1 2 1 0 0 na na
10 59531.691350298190 0.005731686370 cfg1 2 1 0 0 na na
10 59531.709350280428 0.005731498719 cfg1 2 1 0 0 na na
10 59531.724350264905 0.005731348052 cfg1 2 1 0 0 na na
10 59531.755350332674 0.005730997013 cfg1 2 1 0 0 na na
10 59531.834350284901 0.005730184615 cfg1 2 1 0 0 na na
10 59531.835350263608 0.005730189067 cfg1 2 1 0 0 na na
10 59531.850350349833 0.005730029066 cfg1 2 1 0 0 na na
10 59531.856350278489 0.005729970437 cfg1 2 1 0 0 na na
10 59531.872350365708 0.005729786233 cfg1 2 1 0 0 na na
10 59531.881350347125 0.005729699477 cfg1 2 1 0 0 na na
10 59531.884350292064 0.005729659168 cfg1 2 1 0 0 na na
10 59531.926350318035 0.005729237955 cfg1 2 1 0 0 na na
10 59531.975350255899 0.005728725938 cfg1 2 1 0 0 na na
10 59531.986350305316 0.005728615475 cfg1 2 1 0 0 na na
10 59532.019350268672 0.005728285240 cfg1 2 1 0 0 na na
10 59532.025350293213 0.005728205930 cfg1 2 1 0 0 na na
10 59532.029350323273 0.005728174791 cfg1 2 1 0 0 na na
10 59532.035350264945 0.005728097080 cfg1 2 1 0 0 na na
10 59532.037350295403 0.005728091441 cfg1 2 1 0 0 na na
10 59532.047350307338 0.005727991521 cfg1 2 1 0 0 na na
10 59532.061350312672 0.005727853768 cfg1 2 1 0 0 na na
10 59532.100350259860 0.005727432030 cfg1 2 1 0 0 na na
10 59532.112350291891 0.005727320418 cfg1 2 1 0 0 na na
10 59532.148350268591 0.005726941653 cfg1 2 1 0 0 na na
10 59532.167350314250 0.005726759257 cfg1 2 1 0 0 na na
10 59532.169350276193 0.005726723339 cfg1 2 1 0 0 na na
10 59532.182350300191 0.005726604642 cfg1 2 1 0 0 na na
10 59532.185350262197 0.005726559751 cfg1 2 1 0 0 na na
10 59532.188350257173 0.005726539174 cfg1 2 1 0 0 na na
10 59532.198350281044 0.005726450289 cfg1 2 1 0 0 na na
10 59532.212350292600 0.005726286818 cfg1 2 1 0 0 na na
10 59532.230350284198 0.005726103296 cfg1 2 1 0 0 na na
10 59532.250350275799 0.005725903095 cfg1 2 1 0 0 na na
10 59532.272350322253 0.005725674886 cfg1 2 1 0 0 na na
10 59532.304350251560 0.005725363476 cfg1 2 1 0 0 na na
10 59532.331350299795 0.005725070165 cfg1 2 1 0 0 na na
10 59532.335350263543 0.005725026316 cfg1 2 1 0 0 na na
10 59532.356350306740 0.005724836739 cfg1 2 1 0 0 na na
10 59532.377350315830 0.005724619796 cfg1 2 1 0 0 na na
10 59532.398350260204 0.005724386623 cfg1 2 1 0 0 na na
10 59532.415350242143 0.005724234825 cfg1 2 1 0 0 na na
10 59532.421350297468 0.005724151864 cfg1 2 1 0 0 na na
10 59532.429350304069 0.005724085557 cfg1 2 1 0 0 na na
10 59532.435350338188 0.005724011976 cfg1 2 1 0 0 na na
10 59532.485350348282 0.005723509155 cfg1 2 1 0 0 na na
10 59532.488350284995 0.005723482318 cfg1 2 1 0 0 na na
10 59532.492350296771 0.005723443576 cfg1 2 1 0 0 na na
10 59532.501350296241 0.005723337235 cfg1 2 1 0 0 na na
10 59532.519350280845 0.005723167372 cfg1 2 1 0 0 na na
10 59532.542350378188 0.005722924457 cfg1 2 1 0 0 na na
10 59532.594350318361 0.005722408588 cfg1 2 1 0 0 na na
10 59532.602350345260 0.005722340365 cfg1 2 1 0 0 na na
10 59532.618350289110 0.005722178513 cfg1 2 1 0 0 na na
10 59532.623350327303 0.005722124918 cfg1 2 1 0 0 na na
10 59532.632350304119 0.005722019324 cfg1 2 1 0 0 na na
10 59532.646350251153 0.005721885805 cfg1 2 1 0 0 na na
10 59532.658350279523 0.005721759285 cfg1 2 1 0 0 na na
10 59532.669350282902 0.005721667353 cfg1 2 1 0 0 na na
10 59532.686350297501 0.005721476050 cfg1 2 1 0 0 na na
10 59532.698350298312 0.005721358615 cfg1 2 1 0 0 na na
10 59532.703350263527 0.005721303482 cfg1 2 1 0 0 na na
10 59532.717350299248 0.005721168364 cfg1 2 1 0 0 na na
10 59532.720350286954 0.005721131660 cfg1 2 1 0 0 na na
10 59532.728350322901 0.005721072860 cfg1 2 1 0 0 na na
10 59532.743350276644 0.005720919606 cfg1 2 1 0 0 na na
10 59532.767350265803 0.005720656155 cfg1 2 1 0 0 na na
10 59532.784350285010 0.005720508067 cfg1 2 1 0 0 na na
10 59532.785350284050 0.005720505600 cfg1 2 1 0 0 na na
10 59532.788350310025 0.005720462671 cfg1 2 1 0 0 na na
10 59532.791350292608 0.005720419084 cfg1 2 1 0 0 na na
10 59532.805350276867 0.005720286389 cfg1 2 1 0 0 na na
10 59532.835350322717 0.005719992514 cfg1 2 1 0 0 na na
10 59532.847350328649 0.005719874081 cfg1 2 1 0 0 na na
10 59532.871350265153 0.005719616645 cfg1 2 1 0 0 na na
10 59532.873350308430 0.005719623871 cfg1 2 1 0 0 na na
10 59532.876350301455 0.005719574504 cfg1 2 1 0 0 na na
10 59532.885350350961 0.005719480205 cfg1 2 1 0 0 na na
10 59532.890350279041 0.005719429195 cfg1 2 1 0 0 na na
10 59532.909350337321 0.005719247148 cfg1 2 1 0 0 na na
10 59532.912350282151 0.005719224973 cfg1 2 1 0 0 na na
10 59532.921350287937 0.005719144566 cfg1 2 1 0 0 na na
10 59532.925350325913 0.005719080850 cfg1 2 1 0 0 na na
10 59532.971350287045 0.005718635801 cfg1 2 1 0 0 na na
10 59533.047350343542 0.005717869645 cfg1 2 1 0 0 na na
10 59533.075350313489 0.005717598608 cfg1 2 1 0 0 na na
10 59533.093350321044 0.005717410509 cfg1 2 1 0 0 na na
10 59533.116350325819 0.005717208015 cfg1 2 1 0 0 na na
10 59533.121350290880 0.005717159981 cfg1 2 1 0 0 na na
10 59533.127350343552 0.005717079946 cfg1 2 1 0 0 na na
10 59533.136350339244 0.005717013842 cfg1 2 1 0 0 na na
10 59533.137350300535 0.005716992426 cfg1 2 1 0 0 na na
10 59533.140350329702 0.005716963238 cfg1 2 1 0 0 na na
10 59533.152350284044 0.005716846560 cfg1 2 1 0 0 na na
10 59533.156350302230 0.005716812622 cfg1 2 1 0 0 na na
10 59533.159350325115 0.005716768233 cfg1 2 1 0 0 na na
10 59533.168350329765 0.005716681134 cfg1 2 1 0 0 na na
10 59533.176350300931 0.005716596573 cfg1 2 1 0 0 na na
10 59533.180350305213 0.005716562309 cfg1 2 1 0 0 na na
10 59533.184350310288 0.005716534849 cfg1 2 1 0 0 na na
10 59533.201350293516 0.005716372131 cfg1 2 1 0 0 na na
10 59533.207350334759 0.005716307776 cfg1 2 1 0 0 na na
10 59533.208350287799 0.005716281119 cfg1 2 1 0 0 na na
10 59533.222350339332 0.005716141923 cfg1 2 1 0 0 na na
10 59533.242350331773 0.005715945322 cfg1 2 1 0 0 na na
10 59533.265350315156 0.005715744103 cfg1 2 1 0 0 na na
10 59533.269350330188 0.005715679554 cfg1 2 1 0 0 na na
10 59533.313350259456 0.005715260545 cfg1 2 1 0 0 na na
10 59533.331350377831 0.005715072687 cfg1 2 1 0 0 na na
10 59533.336350299686 0.005715046892 cfg1 2 1 0 0 na na
10 59533.368350294078 0.005714716597 cfg1 2 1 0 0 na na
10 59533.383350298377 0.005714580482 cfg1 2 1 0 0 na na
10 59533.396350268903 0.005714444202 cfg1 2 1 0 0 na na
10 59533.424350294821 0.005714163866 cfg1 2 1 0 0 na na
10 59533.425350312845 0.005714152354 cfg1 2 1 0 0 na na
10 59533.439350347920 0.005714024577 cfg1 2 1 0 0 na na
10 59533.440350292705 0.005714015726 cfg1 2 1 0 0 na na
10 59533.449350287274 0.005713922656 cfg1 2 1 0 0 na na
10 59533.460350274540 0.005713831830 cfg1 2 1 0 0 na na
10 59533.476350361885 0.005713651711 cfg1 2 1 0 0 na na
10 59533.480350307877 0.005713637379 cfg1 2 1 0 0 na na
10 59533.483350308594 0.005713591111 cfg1 2 1 0 0 na na
10 59533.519350285353 0.005713232004 cfg1 2 1 0 0 na na
10 59533.559350261360 0.005712845617 cfg1 2 1 0 0 na na
10 59533.579350350342 0.005712676544 cfg1 2 1 0 0 na na
10 59533.607350318460 0.005712393065 cfg1 2 1 0 0 na na
10 59533.615350322335 0.005712315966 cfg1 2 1 0 0 na na
10 59533.624350304034 0.005712225700 cfg1 2 1 0 0 na na
10 59533.645350261069 0.005712027791 cfg1 2 1 0 0 na na
10 59533.682350319237 0.005711671654 cfg1 2 1 0 0 na na
10 59533.696350346701 0.005711519142 cfg1 2 1 0 0 na na
10 59533.719350316514 0.005711316512 cfg1 2 1 0 0 na na
10 59533.728350297413 0.005711213202 cfg1 2 1 0 0 na na
10 59533.744350286344 0.005711078663 cfg1 2 1 0 0 na na
10 59533.763350335604 0.005710891006 cfg1 2 1 0 0 na na
10 59533.813350312910 0.005710394326 cfg1 2 1 0 0 na na
10 59533.822350301045 0.005710322692 cfg1 2 1 0 0 na na
10 59533.867350309587 0.005709878589 cfg1 2 1 0 0 na na
10 59533.876350338857 0.005709811600 cfg1 2 1 0 0 na na
10 59533.880350306188 0.005709769083 cfg1 2 1 0 0 na na
10 59533.885350333295 0.005709726205 cfg1 2 1 0 0 na na
10 59533.894350258420 0.005709618396 cfg1 2 1 0 0 na na
10 59533.912350389763 0.005709467028 cfg1 2 1 0 0 na na
10 59533.972350309041 0.005708886496 cfg1 2 1 0 0 na na
10 59533.984350292180 0.005708762080 cfg1 2 1 0 0 na na
10 59534.003350298578 0.005708588034 cfg1 2 1 0 0 na na
10 59534.006350307087 0.005708547965 cfg1 2 1 0 0 na na
10 59534.010350313026 0.005708511519 cfg1 2 1 0 0 na na
10 59534.014350259865 0.005708472136 cfg1 2 1 0 0 na na
10 59534.018350304304 0.005708440259 cfg1 2 1 0 0 na na
10 59534.039350262440 0.005708229552 cfg1 2 1 0 0 na na
10 59534.044350362630 0.005708189753 cfg1 2 1 0 0 na na
10 59534.067350315169 0.005707974820 cfg1 2 1 0 0 na na
10 59534.072350273885 0.005707919077 cfg1 2 1 0 0 na na
10 59534.135350299604 0.005707335346 cfg1 2 1 0 0 na na
10 59534.144350281923 0.005707233126 cfg1 2 1 0 0 na na
10 59534.161350292011 0.005707094576 cfg1 2 1 0 0 na na
10 59534.168350252593 0.005707014640 cfg1 2 1 0 0 na na
10 59534.191350348282 0.005706785370 cfg1 2 1 0 0 na na
10 59534.193350312730 0.005706787055 cfg1 2 1 0 0 na na
10 59534.207350278795 0.005706643939 cfg1 2 1 0 0 na na
10 59534.259350325815 0.005706151697 cfg1 2 1 0 0 na na
10 59534.349350334802 0.005705300579 cfg1 2 1 0 0 na na
10 59534.354350279335 0.005705271138 cfg1 2 1 0 0 na na
10 59534.361350293300 0.005705184183 cfg1 2 1 0 0 na na
10 59534.375350278476 0.005705060385 cfg1 2 1 0 0 na na
10 59534.445350306855 0.005704404900 cfg1 2 1 0 0 na na
10 59534.449350254496 0.005704367460 cfg1 2 1 0 0 na na
10 59534.483350318481 0.005704046452 cfg1 2 1 0 0 na na
10 59534.509350292998 0.005703795767 cfg1 2 1 0 0 na na
10 59534.516350296576 0.005703746968 cfg1 2 1 0 0 na na
10 59534.522350325664 0.005703689739 cfg1 2 1 0 0 na na
10 59534.530350325618 0.005703605738 cfg1 2 1 0 0 na na
10 59534.531350307291 0.005703613826 cfg1 2 1 0 0 na na
10 59534.556350298405 0.005703367725 cfg1 2 1 0 0 na na
10 59534.571350338461 0.005703243583 cfg1 2 1 0 0 na na
10 59534.572350306657 0.005703211116 cfg1 2 1 0 0 na na
10 59534.573350289682 0.005703219405 cfg1 2 1 0 0 na na
10 59534.574350275020 0.005703214803 cfg1 2 1 0 0 na na
10 59534.604350256955 0.005702919994 cfg1 2 1 0 0 na na
10 59534.608350313614 0.005702877279 cfg1 2 1 0 0 na na
10 59534.650350325855 0.005702484849 cfg1 2 1 0 0 na na
10 59534.659350297450 0.005702408746 cfg1 2 1 0 0 na na
10 59534.662350261249 0.005702375760 cfg1 2 1 0 0 na na
10 59534.697350264061 0.005702066494 cfg1 2 1 0 0 na na
10 59534.702350238119 0.005702028914 cfg1 2 1 0 0 na na
10 59534.703350310679 0.005702012983 cfg1 2 1 0 0 na na
10 59534.704350302360 0.005701983896 cfg1 2 1 0 0 na na
10 59534.722350301295 0.005701818209 cfg1 2 1 0 0 na na
10 59534.736350313337 0.005701708592 cfg1 2 1 0 0 na na
10 59534.737350327252 0.005701704172 cfg1 2 1 0 0 na na
10 59534.739350343362 0.005701688692 cfg1 2 1 0 0 na na
10 59534.740350261334 0.005701655387 cfg1 2 1 0 0 na na
10 59534.741350310488 0.005701641540 cfg1 2 1 0 0 na na
10 59534.747350327877 0.005701610988 cfg1 2 1 0 0 na na
10 59534.749350284298 0.005701584447 cfg1 2 1 0 0 na na
10 59534.765350261610 0.005701432788 cfg1 2 1 0 0 na na
10 59534.770350308839 0.005701400722 cfg1 2 1 0 0 na na
10 59534.773350252251 0.005701359503 cfg1 2 1 0 0 na na
10 59534.776350326102 0.005701326010 cfg1 2 1 0 0 na na
10 59534.790350378254 0.005701188075 cfg1 2 1 0 0 na na
10 59534.804350293871 0.005701065935 cfg1 2 1 0 0 na na
10 59534.813350276277 0.005700995432 cfg1 2 1 0 0 na na
10 59534.835350331770 0.005700791044 cfg1 2 1 0 0 na na
10 59534.837350328306 0.005700770405 cfg1 2 1 0 0 na na
10 59534.871350312426 0.005700468285 cfg1 2 1 0 0 na na
10 59534.909350311761 0.005700106456 cfg1 2 1 0 0 na na
10 59534.927350282471 0.005699956467 cfg1 2 1 0 0 na na
10 59534.937350349443 0.005699846276 cfg1 2 1 0 0 na na
10 59534.943350238000 0.005699808873 cfg1 2 1 0 0 na na
10 59534.944350309674 0.005699785097 cfg1 2 1 0 0 na na
10 59534.959350287283 0.005699644861 cfg1 2 1 0 0 na na
10 59534.963350299498 0.005699610471 cfg1 2 1 0 0 na na
10 59534.993350286120 0.005699341012 cfg1 2 1 0 0 na na
10 59534.998350312054 0.005699287041 cfg1 2 1 0 0 na na
10 59535.006350255019 0.005699228719 cfg1 2 1 0 0 na na
10 59535.019350305601 0.005699108793 cfg1 2 1 0 0 na na
10 59535.023350276922 0.005699059853 cfg1 2 1 0 0 na na
10 59535.033350250606 0.005698976366 cfg1 2 1 0 0 na na
10 59535.065350293207 0.005698666101 cfg1 2 1 0 0 na na
10 59535.067350279698 0.005698671013 cfg1 2 1 0 0 na na
10 59535.071350358074 0.005698628231 cfg1 2 1 0 0 na na
10 59535.082350302133 0.005698519307 cfg1 2 1 0 0 na na
10 59535.090350361947 0.005698439561 cfg1 2 1 0 0 na na
10 59535.095350367439 0.005698402809 cfg1 2 1 0 0 na na
10 59535.103350325010 0.005698349058 cfg1 2 1 0 0 na na
10 59535.111350242601 0.005698269178 cfg1 2 1 0 0 na na
10 59535.129350260482 0.005698107798 cfg1 2 1 0 0 na na
10 59535.130350306606 0.005698076230 cfg1 2 1 0 0 na na
10 59535.147350296254 0.005697933220 cfg1 2 1 0 0 na na
10 59535.149350251992 0.005697915064 cfg1 2 1 0 0 na na
10 59535.162350342554 0.005697803891 cfg1 2 1 0 0 na na
10 59535.165350309126 0.005697783511 cfg1 2 1 0 0 na na
10 59535.171350241662 0.005697725477 cfg1 2 1 0 0 na na
10 59535.189350331287 0.005697560476 cfg1 2 1 0 0 na na
10 59535.214350296281 0.005697326799 cfg1 2 1 0 0 na na
10 59535.242350274604 0.005697073698 cfg1 2 1 0 0 na na
10 59535.251350313884 0.005696987176 cfg1 2 1 0 0 na na
10 59535.260350311635 0.005696902398 cfg1 2 1 0 0 na na
10 59535.274350295413 0.005696781337 cfg1 2 1 0 0 na na
10 59535.303350310829 0.005696513968 cfg1 2 1 0 0 na na
10 59535.313350259115 0.005696441029 cfg1 2 1 0 0 na na
10 59535.315350306856 0.005696404043 cfg1 2 1 0 0 na na
10 59535.338350288768 0.005696217883 cfg1 2 1 0 0 na na
10 59535.339350296243 0.005696202200 cfg1 2 1 0 0 na na
10 59535.348350285713 0.005696127679 cfg1 2 1 0 0 na na
10 59535.360350295953 0.005696006640 cfg1 2 1 0 0 na na
10 59535.371350296966 0.005695919692 cfg1 2 1 0 0 na na
10 59535.397350294899 0.005695664765 cfg1 2 1 0 0 na na
10 59535.409350300685 0.005695563351 cfg1 2 1 0 0 na na
10 59535.432350339715 0.005695373557 cfg1 2 1 0 0 na na
10 59535.455350281347 0.005695154637 cfg1 2 1 0 0 na na
10 59535.466350332526 0.005695068273 cfg1 2 1 0 0 na na
10 59535.479350276198 0.005694931101 cfg1 2 1 0 0 na na
10 59535.501350292753 0.005694735716 cfg1 2 1 0 0 na na
10 59535.509350295091 0.005694684930 cfg1 2 1 0 0 na na
10 59535.523350249830 0.005694547215 cfg1 2 1 0 0 na na
10 59535.538350267986 0.005694401436 cfg1 2 1 0 0 na na
10 59535.557350256990 0.005694234956 cfg1 2 1 0 0 na na
10 59535.558350349207 0.005694224311 cfg1 2 1 0 0 na na
10 59535.566350256817 0.005694177090 cfg1 2 1 0 0 na na
10 59535.590350264104 0.005693936794 cfg1 2 1 0 0 na na
10 59535.591350329476 0.005693949737 cfg1 2 1 0 0 na na
10 59535.594350325006 0.005693899878 cfg1 2 1 0 0 na na
10 59535.596350290332 0.005693901798 cfg1 2 1 0 0 na na
10 59535.599350327224 0.005693856795 cfg1 2 1 0 0 na na
10 59535.604350323629 0.005693836392 cfg1 2 1 0 0 na na
10 59535.616350280017 0.005693719781 cfg1 2 1 0 0 na na
10 59535.629350305057 0.005693590590 cfg1 2 1 0 0 na na
10 59535.676350243868 0.005693188028 cfg1 2 1 0 0 na na
10 59535.689350302626 0.005693076838 cfg1 2 1 0 0 na na
10 59535.692350301182 0.005693030376 cfg1 2 1 0 0 na na
10 59535.697350322790 0.005692996240 cfg1 2 1 0 0 na na
10 59535.711350289682 0.005692870752 cfg1 2 1 0 0 na na
10 59535.713350323717 0.005692854974 cfg1 2 1 0 0 na na
10 59535.715350360434 0.005692850467 cfg1 2 1 0 0 na na
10 59535.716350290469 0.005692814782 cfg1 2 1 0 0 na na
10 59535.764350298005 0.005692416853 cfg1 2 1 0 0 na na
10 59535.772350252758 0.005692342966 cfg1 2 1 0 0 na na
10 59535.781350277233 0.005692247142 cfg1 2 1 0 0 na na
10 59535.811350337906 0.005691977907 cfg1 2 1 0 0 na na
10 59535.813350239201 0.005691982707 cfg1 2 1 0 0 na na
10 59535.820350319515 0.005691903483 cfg1 2 1 0 0 na na
10 59535.829350315353 0.005691837863 cfg1 2 1 0 0 na na
10 59535.834350322001 0.005691784473 cfg1 2 1 0 0 na na
10 59535.849350261166 0.005691641119 cfg1 2 1 0 0 na na
10 59535.856350351705 0.005691590278 cfg1 2 1 0 0 na na
10 59535.857350254830 0.005691576957 cfg1 2 1 0 0 na na
10 59535.861350286504 0.005691542457 cfg1 2 1 0 0 na na
10 59535.871350329347 0.005691473720 cfg1 2 1 0 0 na na
10 59535.884350241726 0.005691355108 cfg1 2 1 0 0 na na
10 59535.903350278041 0.005691171119 cfg1 2 1 0 0 na na
10 59535.904350304707 0.005691182402 cfg1 2 1 0 0 na na
10 59535.914350286818 0.005691077167 cfg1 2 1 0 0 na na
10 59535.936350305904 0.005690895860 cfg1 2 1 0 0 na na
10 59535.948350236235 0.005690795553 cfg1 2 1 0 0 na na
10 59535.974350365597 0.005690561697 cfg1 2 1 0 0 na na
10 59535.978350276468 0.005690516507 cfg1 2 1 0 0 na na
10 59535.982350337072 0.005690480248 cfg1 2 1 0 0 na na
10 59535.990350283116 0.005690425116 cfg1 2 1 0 0 na na
10 59536.024350284456 0.005690120397 cfg1 2 1 0 0 na na
10 59536.044350370758 0.005689936183 cfg1 2 1 0 0 na na
10 59536.060350302906 0.005689811469 cfg1 2 1 0 0 na na
10 59536.092350281322 0.005689536734 cfg1 2 1 0 0 na na
10 59536.118350290804 0.005689308363 cfg1 2 1 0 0 na na
10 59536.128350311710 0.005689208831 cfg1 2 1 0 0 na na
10 59536.136350289386 0.005689149217 cfg1 2 1 0 0 na na
10 59536.149350361649 0.005689026719 cfg1 2 1 0 0 na na
10 59536.195350322563 0.005688629258 cfg1 2 1 0 0 na na
10 59536.199350291743 0.005688596631 cfg1 2 1 0 0 na na
10 59536.239350267534 0.005688253688 cfg1 2 1 0 0 na na
10 59536.240350349271 0.005688232086 cfg1 2 1 0 0 na na
10 59536.247350300899 0.005688177662 cfg1 2 1 0 0 na na
10 59536.260350282456 0.005688081477 cfg1 2 1 0 0 na na
10 59536.284350331620 0.005687852687 cfg1 2 1 0 0 na na
10 59536.287350329061 0.005687840086 cfg1 2 1 0 0 na na
10 59536.289350272723 0.005687826705 cfg1 2 1 0 0 na na
10 59536.310350254921 0.005687646423 cfg1 2 1 0 0 na na
10 59536.333350325671 0.005687449144 cfg1 2 1 0 0 na na
10 59536.386350323892 0.005686996688 cfg1 2 1 0 0 na na
10 59536.400350264278 0.005686860982 cfg1 2 1 0 0 na na
10 59536.402350252609 0.005686858688 cfg1 2 1 0 0 na na
10 59536.470350301635 0.005686273960 cfg1 2 1 0 0 na na
10 59536.489350346504 0.005686113603 cfg1 2 1 0 0 na na
10 59536.500350296167 0.005685994717 cfg1 2 1 0 0 na na
10 59536.535350299821 0.005685720253 cfg1 2 1 0 0 na na
10 59536.573350345745 0.005685379434 cfg1 2 1 0 0 na na
10 59536.584350285543 0.005685285376 cfg1 2 1 0 0 na na
10 59536.587350284712 0.005685261446 cfg1 2 1 0 0 na na
10 59536.597350331160 0.005685185620 cfg1 2 1 0 0 na na
10 59536.600350321924 0.005685138854 cfg1 2 1 0 0 na na
10 59536.619350402320 0.005685005037 cfg1 2 1 0 0 na na
10 59536.624350341326 0.005684942768 cfg1 2 1 0 0 na na
10 59536.630350300917 0.005684895742 cfg1 2 1 0 0 na na
10 59536.631350287265 0.005684897825 cfg1 2 1 0 0 na na
10 59536.645350351813 0.005684778367 cfg1 2 1 0 0 na na
10 59536.658350276303 0.005684669638 cfg1 2 1 0 0 na na
10 59536.674350314393 0.005684512007 cfg1 2 1 0 0 na na
10 59536.724350294960 0.005684102948 cfg1 2 1 0 0 na na
10 59536.725350297377 0.005684084316 cfg1 2 1 0 0 na na
10 59536.734350349971 0.005684026685 cfg1 2 1 0 0 na na
10 59536.746350281130 0.005683902694 cfg1 2 1 0 0 na na
10 59536.776350286432 0.005683674685 cfg1 2 1 0 0 na na
10 59536.786350259938 0.005683588163 cfg1 2 1 0 0 na na
10 59536.803350294743 0.005683434361 cfg1 2 1 0 0 na na
10 59536.813350286085 0.005683359551 cfg1 2 1 0 0 na na
10 59536.872350281652 0.005682866485 cfg1 2 1 0 0 na na
10 59536.878350324668 0.005682796835 cfg1 2 1 0 0 na na
10 59536.899350277757 0.005682632426 cfg1 2 1 0 0 na na
10 59536.912350265937 0.005682513943 cfg1 2 1 0 0 na na
10 59536.915350334215 0.005682506190 cfg1 2 1 0 0 na na
10 59536.933350295855 0.005682351078 cfg1 2 1 0 0 na na
10 59536.936350290901 0.005682314947 cfg1 2 1 0 0 na na
10 59536.938350353855 0.005682301807 cfg1 2 1 0 0 na na
10 59536.942350290179 0.005682278762 cfg1 2 1 0 0 na na
10 59536.943350312394 0.005682250072 cfg1 2 1 0 0 na na
10 59536.955350242285 0.005682164621 cfg1 2 1 0 0 na na
10 59536.959350259948 0.005682111892 cfg1 2 1 0 0 na na
10 59536.961350262790 0.005682093753 cfg1 2 1 0 0 na na
10 59537.018350321507 0.005681635427 cfg1 2 1 0 0 na na
10 59537.038350300593 0.005681474783 cfg1 2 1 0 0 na na
10 59537.075350267515 0.005681158419 cfg1 2 1 0 0 na na
10 59537.083350276540 0.005681078951 cfg1 2 1 0 0 na na
10 59537.085350260891 0.005681066251 cfg1 2 1 0 0 na na
10 59537.103350265623 0.005680936881 cfg1 2 1 0 0 na na
10 59537.113350273211 0.005680837963 cfg1 2 1 0 0 na na
10 59537.120350253446 0.005680783645 cfg1 2 1 0 0 na na
10 59537.133350250886 0.005680676257 cfg1 2 1 0 0 na na
10 59537.141350290204 0.005680622336 cfg1 2 1 0 0 na na
10 59537.144350261205 0.005680575633 cfg1 2 1 0 0 na na
10 59537.168350331398 0.005680386336 cfg1 2 1 0 0 na na
10 59537.191350260936 0.005680209244 cfg1 2 1 0 0 na na
10 59537.202350301961 0.005680099944 cfg1 2 1 0 0 na na
10 59537.229350300017 0.005679887260 cfg1 2 1 0 0 na na
10 59537.231350319133 0.005679859578 cfg1 2 1 0 0 na na
10 59537.284350289763 0.005679442174 cfg1 2 1 0 0 na na
10 59537.300350280994 0.005679299520 cfg1 2 1 0 0 na na
10 59537.333350272346 0.005679021184 cfg1 2 1 0 0 na na
10 59537.334350327404 0.005679022244 cfg1 2 1 0 0 na na
10 59537.338350317893 0.005678972330 cfg1 2 1 0 0 na na
10 59537.357350289752 0.005678819331 cfg1 2 1 0 0 na na
10 59537.384350286239 0.005678598613 cfg1 2 1 0 0 na na
10 59537.391350285261 0.005678555182 cfg1 2 1 0 0 na na
10 59537.441350268699 0.005678134467 cfg1 2 1 0 0 na na
10 59537.454350297210 0.005678032014 cfg1 2 1 0 0 na na
10 59537.492350327666 0.005677718828 cfg1 2 1 0 0 na na
10 59537.496350248004 0.005677693858 cfg1 2 1 0 0 na na
10 59537.512350296080 0.005677569269 cfg1 2 1 0 0 na na
10 59537.530350296013 0.005677417874 cfg1 2 1 0 0 na na
10 59537.578350299319 0.005677034312 cfg1 2 1 0 0 na na
10 59537.584350298202 0.005676976903 cfg1 2 1 0 0 na na
10 59537.604350319991 0.005676798142 cfg1 2 1 0 0 na na
10 59537.632350312457 0.005676576745 cfg1 2 1 0 0 na na
10 59537.650350323475 0.005676428397 cfg1 2 1 0 0 na na
10 59537.652350300133 0.005676417330 cfg1 2 1 0 0 na na
10 59537.675350281277 0.005676223982 cfg1 2 1 0 0 na na
10 59537.696350262154 0.005676059701 cfg1 2 1 0 0 na na
10 59537.705350342811 0.005676004022 cfg1 2 1 0 0 na na
10 59537.715350277031 0.005675912708 cfg1 2 1 0 0 na na
10 59537.721350286660 0.005675870754 cfg1 2 1 0 0 na na
10 59537.725350278427 0.005675831250 cfg1 2 1 0 0 na na
10 59537.731350301255 0.005675788398 cfg1 2 1 0 0 na na
10 59537.735350297573 0.005675744076 cfg1 2 1 0 0 na na
10 59537.740350357293 0.005675707486 cfg1 2 1 0 0 na na
10 59537.742350313708 0.005675698670 cfg1 2 1 0 0 na na
10 59537.744350345070 0.005675690654 cfg1 2 1 0 0 na na
10 59537.754350250399 0.005675601483 cfg1 2 1 0 0 na na
10 59537.760350271178 0.005675539935 cfg1 2 1 0 0 na na
10 59537.770350256089 0.005675470876 cfg1 2 1 0 0 na na
10 59537.772350279228 0.005675452910 cfg1 2 1 0 0 na na
10 59537.787350347048 0.005675333764 cfg1 2 1 0 0 na na
10 59537.796350305617 0.005675249585 cfg1 2 1 0 0 na na
10 59537.802350315019 0.005675212446 cfg1 2 1 0 0 na na
10 59537.815350326746 0.005675107027 cfg1 2 1 0 0 na na
10 59537.820350298471 0.005675074284 cfg1 2 1 0 0 na na
10 59537.849350265283 0.005674826558 cfg1 2 1 0 0 na na
10 59537.851350266433 0.005674810274 cfg1 2 1 0 0 na na
10 59537.905350286447 0.005674382918 cfg1 2 1 0 0 na na
10 59537.912350287222 0.005674324002 cfg1 2 1 0 0 na na
10 59537.915350262380 0.005674302112 cfg1 2 1 0 0 na na
10 59537.930350279838 0.005674201847 cfg1 2 1 0 0 na na
10 59537.959350344876 0.005673963675 cfg1 2 1 0 0 na na
10 59537.976350275190 0.005673823687 cfg1 2 1 0 0 na na
10 59537.981350242212 0.005673794711 cfg1 2 1 0 0 na na
10 59537.989350331961 0.005673730415 cfg1 2 1 0 0 na na
10 59537.996350280987 0.005673679373 cfg1 2 1 0 0 na na
10 59538.034350265964 0.005673377435 cfg1 2 1 0 0 na na
10 59538.054350265921 0.005673206557 cfg1 2 1 0 0 na na
10 59538.056350283860 0.005673204416 cfg1 2 1 0 0 na na
10 59538.057350269244 0.005673171121 cfg1 2 1 0 0 na na
10 59538.065350341969 0.005673126450 cfg1 2 1 0 0 na na
10 59538.082350295609 0.005672996917 cfg1 2 1 0 0 na na
10 59538.111350314148 0.005672741640 cfg1 2 1 0 0 na na
10 59538.120350303548 0.005672682352 cfg1 2 1 0 0 na na
10 59538.136350302233 0.005672549285 cfg1 2 1 0 0 na na
10 59538.141350308755 0.005672525720 cfg1 2 1 0 0 na na
10 59538.160350331064 0.005672378358 cfg1 2 1 0 0 na na
10 59538.168350303089 0.005672290380 cfg1 2 1 0 0 na na
10 59538.174350290923 0.005672258006 cfg1 2 1 0 0 na na
10 59538.180350309002 0.005672197958 cfg1 2 1 0 0 na na
10 59538.190350263371 0.005672118714 cfg1 2 1 0 0 na na
10 59538.247350298309 0.005671694995 cfg1 2 1 0 0 na na
10 59538.258350341273 0.005671598881 cfg1 2 1 0 0 na na
10 59538.261350277494 0.005671561392 cfg1 2 1 0 0 na na
10 59538.265350264447 0.005671540587 cfg1 2 1 0 0 na na
10 59538.319350332787 0.005671128498 cfg1 2 1 0 0 na na
10 59538.353350333760 0.005670847052 cfg1 2 1 0 0 na na
10 59538.387350235456 0.005670601394 cfg1 2 1 0 0 na na
10 59538.389350290094 0.005670574616 cfg1 2 1 0 0 na na
10 59538.399350270549 0.005670487864 cfg1 2 1 0 0 na na
10 59538.451350248755 0.005670093113 cfg1 2 1 0 0 na na
10 59538.462350288389 0.005670015338 cfg1 2 1 0 0 na na
10 59538.473350272291 0.005669905369 cfg1 2 1 0 0 na na
10 59538.478350315418 0.005669885634 cfg1 2 1 0 0 na na
10 59538.492350283926 0.005669775382 cfg1 2 1 0 0 na na
10 59538.505350333433 0.005669673705 cfg1 2 1 0 0 na na
10 59538.509350291487 0.005669641082 cfg1 2 1 0 0 na na
10 59538.546350298368 0.005669366305 cfg1 2 1 0 0 na na
10 59538.565350259596 0.005669197075 cfg1 2 1 0 0 na na
10 59538.578350310526 0.005669119608 cfg1 2 1 0 0 na na
10 59538.594350311364 0.005668987562 cfg1 2 1 0 0 na na
10 59538.605350246518 0.005668900312 cfg1 2 1 0 0 na na
10 59538.609350353348 0.005668859058 cfg1 2 1 0 0 na na
10 59538.617350242170 0.005668814487 cfg1 2 1 0 0 na na
10 59538.624350285648 0.005668751458 cfg1 2 1 0 0 na na
10 59538.630350279691 0.005668702626 cfg1 2 1 0 0 na na
10 59538.671350317326 0.005668386559 cfg1 2 1 0 0 na na
10 59538.729350260927 0.005667936016 cfg1 2 1 0 0 na na
10 59538.746350329524 0.005667810320 cfg1 2 1 0 0 na na
10 59538.765350274559 0.005667683950 cfg1 2 1 0 0 na na
10 59538.768350365288 0.005667641191 cfg1 2 1 0 0 na na
10 59538.769350247749 0.005667644305 cfg1 2 1 0 0 na na
10 59538.771350318151 0.005667627657 cfg1 2 1 0 0 na na
10 59538.831350254265 0.005667162581 cfg1 2 1 0 0 na na
10 59538.840350261455 0.005667085554 cfg1 2 1 0 0 na na
10 59538.860350323322 0.005666934187 cfg1 2 1 0 0 na na
10 59538.864350277175 0.005666917584 cfg1 2 1 0 0 na na
10 59538.902350301229 0.005666634585 cfg1 2 1 0 0 na na
10 59538.923350305869 0.005666473929 cfg1 2 1 0 0 na na
10 59538.944350280906 0.005666323728 cfg1 2 1 0 0 na na
10 59538.951350291183 0.005666245333 cfg1 2 1 0 0 na na
10 59538.977350312094 0.005666045447 cfg1 2 1 0 0 na na
10 59539.005350285539 0.005665837322 cfg1 2 1 0 0 na na
10 59539.013350311216 0.005665802726 cfg1 2 1 0 0 na na
10 59539.032350310326 0.005665642135 cfg1 2 1 0 0 na na
10 59539.043350322731 0.005665569462 cfg1 2 1 0 0 na na
10 59539.044350257888 0.005665566760 cfg1 2 1 0 0 na na
10 59539.055350278456 0.005665465006 cfg1 2 1 0 0 na na
10 59539.056350283106 0.005665476043 cfg1 2 1 0 0 na na
10 59539.062350335090 0.005665431811 cfg1 2 1 0 0 na na
10 59539.071350294753 0.005665347313 cfg1 2 1 0 0 na na
10 59539.082350290711 0.005665269680 cfg1 2 1 0 0 na na
10 59539.111350262001 0.005665040324 cfg1 2 1 0 0 na na
10 59539.113350334434 0.005665042048 cfg1 2 1 0 0 na na
10 59539.120350337761 0.005664996359 cfg1 2 1 0 0 na na
10 59539.135350280424 0.005664857580 cfg1 2 1 0 0 na na
10 59539.139350341190 0.005664851034 cfg1 2 1 0 0 na na
10 59539.145350289909 0.005664803255 cfg1 2 1 0 0 na na
10 59539.153350263447 0.005664725032 cfg1 2 1 0 0 na na
10 59539.193350292542 0.005664434944 cfg1 2 1 0 0 na na
10 59539.204350263949 0.005664357344 cfg1 2 1 0 0 na na
10 59539.219350309572 0.005664253030 cfg1 2 1 0 0 na na
10 59539.251350307944 0.005663999392 cfg1 2 1 0 0 na na
10 59539.256350347228 0.005663969559 cfg1 2 1 0 0 na na
10 59539.267350310975 0.005663896061 cfg1 2 1 0 0 na na
10 59539.312350298798 0.005663539109 cfg1 2 1 0 0 na na
10 59539.346350322153 0.005663298813 cfg1 2 1 0 0 na na
10 59539.349350315711 0.005663278796 cfg1 2 1 0 0 na na
10 59539.370350328958 0.005663111354 cfg1 2 1 0 0 na na
10 59539.415350326393 0.005662799998 cfg1 2 1 0 0 na na
10 59539.430350266393 0.005662665425 cfg1 2 1 0 0 na na
10 59539.458350273951 0.005662458818 cfg1 2 1 0 0 na na
10 59539.477350277525 0.005662336115 cfg1 2 1 0 0 na na
10 59539.480350263712 0.005662305678 cfg1 2 1 0 0 na na
10 59539.486350264887 0.005662251962 cfg1 2 1 0 0 na na
10 59539.494350261044 0.005662200926 cfg1 2 1 0 0 na na
10 59539.511350313607 0.005662074018 cfg1 2 1 0 0 na na
10 59539.523350268460 0.005661997383 cfg1 2 1 0 0 na na
10 59539.557350273065 0.005661731300 cfg1 2 1 0 0 na na
10 59539.585350303470 0.005661539736 cfg1 2 1 0 0 na na
10 59539.594350270789 0.005661470025 cfg1 2 1 0 0 na na
10 59539.603350334797 0.005661410395 cfg1 2 1 0 0 na na
10 59539.628350267243 0.005661229819 cfg1 2 1 0 0 na na
10 59539.638350313450 0.005661166272 cfg1 2 1 0 0 na na
10 59539.640350316693 0.005661130490 cfg1 2 1 0 0 na na
10 59539.646350331205 0.005661102088 cfg1 2 1 0 0 na na
10 59539.727350374929 0.005660514586 cfg1 2 1 0 0 na na
10 59539.777350305120 0.005660157256 cfg1 2 1 0 0 na na
10 59539.786350311243 0.005660088254 cfg1 2 1 0 0 na na
10 59539.809350302513 0.005659924920 cfg1 2 1 0 0 na na
10 59539.836350330251 0.005659721402 cfg1 2 1 0 0 na na
10 59539.843350291300 0.005659671926 cfg1 2 1 0 0 na na
10 59539.844350282904 0.005659674849 cfg1 2 1 0 0 na na
10 59539.851350297232 0.005659621051 cfg1 2 1 0 0 na na
10 59539.852350294843 0.005659597817 cfg1 2 1 0 0 na na
10 59539.862350336677 0.005659518108 cfg1 2 1 0 0 na na
10 59539.876350315729 0.005659422279 cfg1 2 1 0 0 na na
10 59539.881350321269 0.005659387421 cfg1 2 1 0 0 na na
10 59539.891350288290 0.005659320201 cfg1 2 1 0 0 na na
10 59539.895350308530 0.005659286029 cfg1 2 1 0 0 na na
10 59539.956350256129 0.005658850800 cfg1 2 1 0 0 na na
10 59539.965350339191 0.005658802714 cfg1 2 1 0 0 na na
10 59539.970350317550 0.005658743417 cfg1 2 1 0 0 na na
10 59540.023350345181 0.005658363824 cfg1 2 1 0 0 na na
10 59540.141350286281 0.005657548112 cfg1 2 1 0 0 na na
10 59540.170350290547 0.005657340687 cfg1 2 1 0 0 na na
10 59540.175350253747 0.005657293280 cfg1 2 1 0 0 na na
10 59540.188350297507 0.005657195015 cfg1 2 1 0 0 na na
10 59540.194350299486 0.005657159466 cfg1 2 1 0 0 na na
10 59540.198350254577 0.005657127399 cfg1 2 1 0 0 na na
10 59540.209350322774 0.005657055209 cfg1 2 1 0 0 na na
10 59540.231350330669 0.005656904870 cfg1 2 1 0 0 na na
10 59540.238350242635 0.005656859730 cfg1 2 1 0 0 na na
10 59540.244350299225 0.005656811448 cfg1 2 1 0 0 na na
10 59540.295350277149 0.005656455848 cfg1 2 1 0 0 na na
10 59540.300350359575 0.005656414191 cfg1 2 1 0 0 na na
10 59540.313350274084 0.005656331511 cfg1 2 1 0 0 na na
10 59540.335350339512 0.005656176135 cfg1 2 1 0 0 na na
10 59540.362350286035 0.005655971052 cfg1 2 1 0 0 na na
10 59540.382350254899 0.005655837042 cfg1 2 1 0 0 na na
10 59540.403350310366 0.005655680220 cfg1 2 1 0 0 na na
10 59540.404350261952 0.005655699794 cfg1 2 1 0 0 na na
10 59540.420350263259 0.005655563642 cfg1 2 1 0 0 na na
10 59540.427350296201 0.005655538239 cfg1 2 1 0 0 na na
10 59540.428350261414 0.005655505723 cfg1 2 1 0 0 na na
10 59540.447350294916 0.005655397606 cfg1 2 1 0 0 na na
10 59540.452350285935 0.005655364776 cfg1 2 1 0 0 na na
10 59540.464350370228 0.005655254744 cfg1 2 1 0 0 na na
10 59540.520350306706 0.005654883596 cfg1 2 1 0 0 na na
10 59540.537350338917 0.005654776847 cfg1 2 1 0 0 na na
10 59540.550350290792 0.005654668668 cfg1 2 1 0 0 na na
10 59540.624350348923 0.005654148207 cfg1 2 1 0 0 na na
10 59540.660350266178 0.005653903578 cfg1 2 1 0 0 na na
10 59540.663350322908 0.005653884906 cfg1 2 1 0 0 na na
10 59540.698350312508 0.005653663392 cfg1 2 1 0 0 na na
10 59540.701350336688 0.005653634998 cfg1 2 1 0 0 na na
10 59540.702350304925 0.005653635011 cfg1 2 1 0 0 na na
10 59540.705350297494 0.005653614975 cfg1 2 1 0 0 na na
10 59540.726350313172 0.005653460011 cfg1 2 1 0 0 na na
10 59540.730350307718 0.005653431278 cfg1 2 1 0 0 na na
10 59540.735350291096 0.005653394572 cfg1 2 1 0 0 na na
10 59540.744350338473 0.005653335231 cfg1 2 1 0 0 na na
10 59540.770350285884 0.005653171912 cfg1 2 1 0 0 na na
10 59540.810350298411 0.005652898024 cfg1 2 1 0 0 na na
10 59540.852350325046 0.005652615398 cfg1 2 1 0 0 na na
10 59540.861350373410 0.005652540930 cfg1 2 1 0 0 na na
10 59540.880350294994 0.005652421092 cfg1 2 1 0 0 na na
10 59540.894350300435 0.005652318282 cfg1 2 1 0 0 na na
10 59540.935350317938 0.005652027119 cfg1 2 1 0 0 na na
10 59540.938350350809 0.005652011415 cfg1 2 1 0 0 na na
10 59540.968350285027 0.005651830021 cfg1 2 1 0 0 na na
10 59540.989350295152 0.005651664463 cfg1 2 1 0 0 na na
10 59540.996350305767 0.005651616961 cfg1 2 1 0 0 na na
10 59541.017350317466 0.005651477938 cfg1 2 1 0 0 na na
10 59541.030350296679 0.005651386497 cfg1 2 1 0 0 na na
10 59541.054350334215 0.005651224165 cfg1 2 1 0 0 na na
10 59541.069350325355 0.005651121166 cfg1 2 1 0 0 na na
10 59541.158350342023 0.005650545112 cfg1 2 1 0 0 na na
10 59541.194350333026 0.005650290851 cfg1 2 1 0 0 na na
10 59541.204350304864 0.005650244992 cfg1 2 1 0 0 na na
10 59541.209350323853 0.005650187294 cfg1 2 1 0 0 na na
10 59541.238350338150 0.005649995823 cfg1 2 1 0 0 na na
10 59541.254350308338 0.005649895482 cfg1 2 1 0 0 na na
10 59541.256350291262 0.005649895719 cfg1 2 1 0 0 na na
10 59541.271350271065 0.005649790913 cfg1 2 1 0 0 na na
10 59541.273350321882 0.005649779610 cfg1 2 1 0 0 na na
10 59541.295350289704 0.005649628135 cfg1 2 1 0 0 na na
10 59541.303350256058 0.005649570980 cfg1 2 1 0 0 na na
10 59541.321350292453 0.005649446484 cfg1 2 1 0 0 na na
10 59541.343350313251 0.005649308414 cfg1 2 1 0 0 na na
10 59541.352350308474 0.005649253363 cfg1 2 1 0 0 na na
10 59541.432350285582 0.005648737619 cfg1 2 1 0 0 na na
10 59541.443350273160 0.005648667951 cfg1 2 1 0 0 na na
10 59541.464350291290 0.005648519699 cfg1 2 1 0 0 na na
10 59541.488350297861 0.005648373436 cfg1 2 1 0 0 na na
10 59541.495350315148 0.005648301155 cfg1 2 1 0 0 na na
10 59541.497350261981 0.005648301138 cfg1 2 1 0 0 na na
10 59541.506350337805 0.005648239489 cfg1 2 1 0 0 na na
10 59541.514350318479 0.005648191725 cfg1 2 1 0 0 na na
10 59541.518350330363 0.005648167975 cfg1 2 1 0 0 na na
10 59541.551350339048 0.005647938977 cfg1 2 1 0 0 na na
10 59541.580350312544 0.005647770510 cfg1 2 1 0 0 na na
10 59541.602350305918 0.005647603998 cfg1 2 1 0 0 na na
10 59541.606350333036 0.005647600326 cfg1 2 1 0 0 na na
10 59541.661350277349 0.005647236701 cfg1 2 1 0 0 na na
10 59541.693350260428 0.005647028925 cfg1 2 1 0 0 na na
10 59541.703350327843 0.005646961854 cfg1 2 1 0 0 na na
10 59541.711350286529 0.005646898952 cfg1 2 1 0 0 na na
10 59541.731350337046 0.005646795495 cfg1 2 1 0 0 na na
10 59541.732350254278 0.005646772699 cfg1 2 1 0 0 na na
10 59541.749350309409 0.005646656628 cfg1 2 1 0 0 na na
10 59541.764350303798 0.005646570543 cfg1 2 1 0 0 na na
10 59541.787350261301 0.005646410463 cfg1 2 1 0 0 na na
10 59541.798350358057 0.005646338209 cfg1 2 1 0 0 na na
10 59541.814350361764 0.005646249895 cfg1 2 1 0 0 na na
10 59541.847350286537 0.005646025393 cfg1 2 1 0 0 na na
10 59541.848350318228 0.005646032798 cfg1 2 1 0 0 na na
10 59541.863350348590 0.005645926083 cfg1 2 1 0 0 na na
10 59541.886350287718 0.005645788579 cfg1 2 1 0 0 na na
10 59541.900350346991 0.005645689263 cfg1 2 1 0 0 na na
10 59541.961350307300 0.005645307728 cfg1 2 1 0 0 na na
10 59541.975350330424 0.005645220010 cfg1 2 1 0 0 na na
10 59541.985350316313 0.005645162128 cfg1 2 1 0 0 na na
10 59542.013350352236 0.005644984136 cfg1 2 1 0 0 na na
10 59542.014350289095 0.005644969273 cfg1 2 1 0 0 na na
10 59542.019350286284 0.005644944750 cfg1 2 1 0 0 na na
10 59542.020350383709 0.005644946015 cfg1 2 1 0 0 na na
10 59542.033350347273 0.005644852104 cfg1 2 1 0 0 na na
10 59542.042350313696 0.005644811294 cfg1 2 1 0 0 na na
10 59542.049350335224 0.005644738450 cfg1 2 1 0 0 na na
10 59542.063350320640 0.005644673846 cfg1 2 1 0 0 na na
10 59542.075350414328 0.005644591021 cfg1 2 1 0 0 na na
10 59542.104350313764 0.005644417864 cfg1 2 1 0 0 na na
10 59542.126350325635 0.005644268776 cfg1 2 1 0 0 na na
10 59542.129350273982 0.005644239784 cfg1 2 1 0 0 na na
10 59542.130350338814 0.005644234857 cfg1 2 1 0 0 na na
10 59542.167350323275 0.005644006414 cfg1 2 1 0 0 na na
10 59542.176350313153 0.005643965673 cfg1 2 1 0 0 na na
10 59542.206350301642 0.005643766417 cfg1 2 1 0 0 na na
10 59542.216350309063 0.005643701773 cfg1 2 1 0 0 na na
10 59542.232350325913 0.005643594313 cfg1 2 1 0 0 na na
10 59542.236350329032 0.005643590205 cfg1 2 1 0 0 na na
10 59542.241350316354 0.005643538679 cfg1 2 1 0 0 na na
10 59542.250350345747 0.005643491893 cfg1 2 1 0 0 na na
10 59542.255350269915 0.005643451340 cfg1 2 1 0 0 na na
10 59542.266350309649 0.005643385663 cfg1 2 1 0 0 na na
10 59542.272350283644 0.005643350730 cfg1 2 1 0 0 na na
10 59542.313350300772 0.005643108255 cfg1 2 1 0 0 na na
10 59542.334350330066 0.005642974437 cfg1 2 1 0 0 na na
10 59542.337350323867 0.005642946622 cfg1 2 1 0 0 na na
10 59542.371350316516 0.005642734436 cfg1 2 1 0 0 na na
10 59542.377350335562 0.005642695175 cfg1 2 1 0 0 na na
10 59542.391350306342 0.005642615175 cfg1 2 1 0 0 na na
10 59542.401350263124 0.005642564548 cfg1 2 1 0 0 na na
10 59542.412350257616 0.005642484384 cfg1 2 1 0 0 na na
10 59542.416350246292 0.005642470423 cfg1 2 1 0 0 na na
10 59542.421350301238 0.005642433463 cfg1 2 1 0 0 na na
10 59542.429350312677 0.005642389088 cfg1 2 1 0 0 na na
10 59542.430350361970 0.005642382640 cfg1 2 1 0 0 na na
10 59542.479350281765 0.005642084661 cfg1 2 1 0 0 na na
10 59542.490350320312 0.005642010681 cfg1 2 1 0 0 na na
10 59542.498350292397 0.005641969070 cfg1 2 1 0 0 na na
10 59542.499350314803 0.005641964147 cfg1 2 1 0 0 na na
10 59542.511350330735 0.005641878828 cfg1 2 1 0 0 na na
10 59542.540350332637 0.005641717607 cfg1 2 1 0 0 na na
10 59542.547350317826 0.005641670369 cfg1 2 1 0 0 na na
10 59542.552350295525 0.005641641935 cfg1 2 1 0 0 na na
10 59542.560350269615 0.005641582052 cfg1 2 1 0 0 na na
10 59542.566350359349 0.005641535532 cfg1 2 1 0 0 na na
10 59542.576350340148 0.005641475914 cfg1 2 1 0 0 na na
10 59542.588350257407 0.005641404547 cfg1 2 1 0 0 na na
10 59542.590350280211 0.005641403663 cfg1 2 1 0 0 na na
10 59542.605350296685 0.005641311564 cfg1 2 1 0 0 na na
10 59542.607350325579 0.005641294432 cfg1 2 1 0 0 na na
10 59542.628350275103 0.005641155910 cfg1 2 1 0 0 na na
10 59542.665350270418 0.005640936297 cfg1 2 1 0 0 na na
10 59542.666350327456 0.005640925615 cfg1 2 1 0 0 na na
10 59542.680350369752 0.005640856102 cfg1 2 1 0 0 na na
10 59542.683350308940 0.005640832518 cfg1 2 1 0 0 na na
10 59542.687350265717 0.005640796330 cfg1 2 1 0 0 na na
10 59542.701350297083 0.005640738805 cfg1 2 1 0 0 na na
10 59542.732350262175 0.005640534826 cfg1 2 1 0 0 na na
10 59542.756350310926 0.005640380493 cfg1 2 1 0 0 na na
10 59542.759350263714 0.005640363177 cfg1 2 1 0 0 na na
10 59542.782350324943 0.005640240981 cfg1 2 1 0 0 na na
10 59542.798350294897 0.005640124850 cfg1 2 1 0 0 na na
10 59542.802350325181 0.005640108976 cfg1 2 1 0 0 na na
10 59542.814350332055 0.005640040592 cfg1 2 1 0 0 na na
10 59542.815350285406 0.005640049236 cfg1 2 1 0 0 na na
10 59542.884350308586 0.005639615255 cfg1 2 1 0 0 na na
10 59542.899350256880 0.005639533010 cfg1 2 1 0 0 na na
10 59542.922350285227 0.005639391390 cfg1 2 1 0 0 na na
10 59542.982350306980 0.005639031471 cfg1 2 1 0 0 na na
10 59543.010350315573 0.005638888433 cfg1 2 1 0 0 na na
10 59543.029350357944 0.005638765364 cfg1 2 1 0 0 na na
10 59543.037350258351 0.005638708626 cfg1 2 1 0 0 na na
10 59543.087350318228 0.005638422876 cfg1 2 1 0 0 na na
10 59543.126350308486 0.005638180079 cfg1 2 1 0 0 na na
10 59543.127350241396 0.005638195578 cfg1 2 1 0 0 na na
10 59543.130350246025 0.005638170821 cfg1 2 1 0 0 na na
10 59543.143350302054 0.005638084011 cfg1 2 1 0 0 na na
10 59543.152350256873 0.005638034555 cfg1 2 1 0 0 na na
10 59543.168350240183 0.005637956758 cfg1 2 1 0 0 na na
10 59543.169350259656 0.005637933729 cfg1 2 1 0 0 na na
10 59543.183350301323 0.005637847620 cfg1 2 1 0 0 na na
10 59543.187350305101 0.005637822701 cfg1 2 1 0 0 na na
10 59543.216350268731 0.005637663144 cfg1 2 1 0 0 na na
10 59543.220350323517 0.005637645467 cfg1 2 1 0 0 na na
10 59543.239350261970 0.005637535027 cfg1 2 1 0 0 na na
10 59543.246350308265 0.005637481856 cfg1 2 1 0 0 na na
10 59543.251350285769 0.005637449990 cfg1 2 1 0 0 na na
10 59543.268350254820 0.005637356842 cfg1 2 1 0 0 na na
10 59543.298350343806 0.005637188228 cfg1 2 1 0 0 na na
10 59543.306350257058 0.005637134785 cfg1 2 1 0 0 na na
10 59543.349350301403 0.005636903172 cfg1 2 1 0 0 na na
10 59543.359350275700 0.005636846303 cfg1 2 1 0 0 na na
10 59543.367350277932 0.005636777156 cfg1 2 1 0 0 na na
10 59543.428350325000 0.005636439738 cfg1 2 1 0 0 na na
10 59543.433350315639 0.005636408406 cfg1 2 1 0 0 na na
10 59543.440350316265 0.005636368162 cfg1 2 1 0 0 na na
10 59543.476350275105 0.005636166956 cfg1 2 1 0 0 na na
10 59543.501350272437 0.005636017322 cfg1 2 1 0 0 na na
10 59543.502350289100 0.005636005301 cfg1 2 1 0 0 na na
10 59543.527350296929 0.005635854651 cfg1 2 1 0 0 na na
10 59543.539350315124 0.005635811998 cfg1 2 1 0 0 na na
10 59543.572350294860 0.005635617765 cfg1 2 1 0 0 na na
10 59543.575350350943 0.005635592109 cfg1 2 1 0 0 na na
10 59543.589350286105 0.005635517554 cfg1 2 1 0 0 na na
10 59543.590350297694 0.005635504124 cfg1 2 1 0 0 na na
10 59543.605350325563 0.005635419999 cfg1 2 1 0 0 na na
10 59543.606350292094 0.005635429087 cfg1 2 1 0 0 na na
10 59543.609350347707 0.005635404455 cfg1 2 1 0 0 na na
10 59543.615350261410 0.005635378683 cfg1 2 1 0 0 na na
10 59543.623350246358 0.005635325650 cfg1 2 1 0 0 na na
10 59543.645350295977 0.005635188823 cfg1 2 1 0 0 na na
10 59543.655350338671 0.005635151055 cfg1 2 1 0 0 na na
10 59543.662350255863 0.005635095996 cfg1 2 1 0 0 na na
10 59543.663350278934 0.005635106597 cfg1 2 1 0 0 na na
10 59543.667350306875 0.005635087191 cfg1 2 1 0 0 na na
10 59543.693350284933 0.005634940563 cfg1 2 1 0 0 na na
10 59543.720350275989 0.005634764642 cfg1 2 1 0 0 na na
10 59543.730350317364 0.005634703513 cfg1 2 1 0 0 na na
10 59543.737350334758 0.005634665047 cfg1 2 1 0 0 na na
10 59543.742350319238 0.005634635865 cfg1 2 1 0 0 na na
10 59543.791350323546 0.005634370524 cfg1 2 1 0 0 na na
10 59543.796350274443 0.005634360218 cfg1 2 1 0 0 na na
10 59543.810350267162 0.005634257586 cfg1 2 1 0 0 na na
10 59543.813350340193 0.005634252335 cfg1 2 1 0 0 na na
10 59543.815350356035 0.005634234373 cfg1 2 1 0 0 na na
10 59543.827350296161 0.005634179672 cfg1 2 1 0 0 na na
10 59543.833350278765 0.005634131327 cfg1 2 1 0 0 na na
10 59543.843350369238 0.005634071011 cfg1 2 1 0 0 na na
10 59543.851350323598 0.005634037646 cfg1 2 1 0 0 na na
10 59543.903350258199 0.005633747959 cfg1 2 1 0 0 na na
10 59543.912350288813 0.005633710273 cfg1 2 1 0 0 na na
10 59543.926350289265 0.005633630705 cfg1 2 1 0 0 na na
10 59543.938350260156 0.005633560017 cfg1 2 1 0 0 na na
10 59543.943350329109 0.005633528648 cfg1 2 1 0 0 na na
10 59543.955350352976 0.005633457628 cfg1 2 1 0 0 na na
10 59543.990350336665 0.005633259331 cfg1 2 1 0 0 na na
10 59544.027350277247 0.005633057642 cfg1 2 1 0 0 na na
10 59544.031350366055 0.005633044680 cfg1 2 1 0 0 na na
10 59544.032350264960 0.005633037248 cfg1 2 1 0 0 na na
10 59544.036350309319 0.005633021598 cfg1 2 1 0 0 na na
10 59544.038350304923 0.005633004769 cfg1 2 1 0 0 na na
10 59544.049350334655 0.005632944338 cfg1 2 1 0 0 na na
10 59544.090350255711 0.005632730147 cfg1 2 1 0 0 na na
10 59544.101350324261 0.005632661984 cfg1 2 1 0 0 na na
10 59544.125350334658 0.005632535024 cfg1 2 1 0 0 na na
10 59544.168350319558 0.005632283110 cfg1 2 1 0 0 na na
10 59544.191350259160 0.005632157725 cfg1 2 1 0 0 na na
10 59544.219350308518 0.005632010987 cfg1 2 1 0 0 na na
10 59544.233350295814 0.005631932237 cfg1 2 1 0 0 na na
10 59544.239350269780 0.005631900818 cfg1 2 1 0 0 na na
10 59544.244350305150 0.005631883381 cfg1 2 1 0 0 na na
10 59544.258350327417 0.005631804062 cfg1 2 1 0 0 na na
10 59544.263350273489 0.005631788272 cfg1 2 1 0 0 na na
10 59544.265350283316 0.005631752581 cfg1 2 1 0 0 na na
10 59544.307350283141 0.005631541448 cfg1 2 1 0 0 na na
10 59544.313350260786 0.005631515904 cfg1 2 1 0 0 na na
10 59544.325350279897 0.005631446484 cfg1 2 1 0 0 na na
10 59544.345350308273 0.005631323925 cfg1 2 1 0 0 na na
10 59544.350350273122 0.005631299076 cfg1 2 1 0 0 na na
10 59544.382350303203 0.005631145742 cfg1 2 1 0 0 na na
10 59544.391350245985 0.005631095939 cfg1 2 1 0 0 na na
10 59544.392350312928 0.005631066902 cfg1 2 1 0 0 na na
10 59544.404350336803 0.005631022592 cfg1 2 1 0 0 na na
10 59544.414350310604 0.005630959671 cfg1 2 1 0 0 na na
10 59544.437350253608 0.005630838365 cfg1 2 1 0 0 na na
10 59544.448350304714 0.005630790653 cfg1 2 1 0 0 na na
10 59544.523350354800 0.005630383187 cfg1 2 1 0 0 na na
10 59544.526350269343 0.005630353579 cfg1 2 1 0 0 na na
10 59544.550350296662 0.005630238997 cfg1 2 1 0 0 na na
10 59544.551350275756 0.005630240966 cfg1 2 1 0 0 na na
10 59544.568350266019 0.005630130901 cfg1 2 1 0 0 na na
10 59544.577350306540 0.005630106029 cfg1 2 1 0 0 na na
10 59544.602350331295 0.005629971450 cfg1 2 1 0 0 na na
10 59544.625350315090 0.005629849896 cfg1 2 1 0 0 na na
10 59544.642350306772 0.005629744459 cfg1 2 1 0 0 na na
10 59544.656350305230 0.005629675166 cfg1 2 1 0 0 na na
10 59544.662350344970 0.005629638112 cfg1 2 1 0 0 na na
10 59544.672350334872 0.005629607272 cfg1 2 1 0 0 na na
10 59544.688350344346 0.005629512866 cfg1 2 1 0 0 na na
10 59544.696350300759 0.005629466068 cfg1 2 1 0 0 na na
10 59544.714350254485 0.005629383062 cfg1 2 1 0 0 na na
10 59544.722350299816 0.005629324206 cfg1 2 1 0 0 na na
10 59544.724350372637 0.005629311560 cfg1 2 1 0 0 na na
10 59544.742350280619 0.005629227867 cfg1 2 1 0 0 na na
10 59544.774350342064 0.005629058573 cfg1 2 1 0 0 na na
10 59544.786350300934 0.005629008608 cfg1 2 1 0 0 na na
10 59544.790350270609 0.005628973255 cfg1 2 1 0 0 na na
10 59544.796350257938 0.005628944163 cfg1 2 1 0 0 na na
10 59544.882350306993 0.005628506503 cfg1 2 1 0 0 na na
10 59544.884350295261 0.005628482122 cfg1 2 1 0 0 na na
10 59544.903350295995 0.005628391570 cfg1 2 1 0 0 na na
10 59544.911350307240 0.005628365994 cfg1 2 1 0 0 na na
10 59544.934350251872 0.005628240046 cfg1 2 1 0 0 na na
10 59544.939350242253 0.005628224857 cfg1 2 1 0 0 na na
10 59544.953350284256 0.005628134554 cfg1 2 1 0 0 na na
10 59544.956350300077 0.005628114684 cfg1 2 1 0 0 na na
10 59544.973350267466 0.005628024388 cfg1 2 1 0 0 na na
10 59544.990350318157 0.005627938595 cfg1 2 1 0 0 na na
10 59545.004350302045 0.005627875918 cfg1 2 1 0 0 na na
10 59545.015350316966 0.005627837757 cfg1 2 1 0 0 na na
10 59545.019350336682 0.005627803991 cfg1 2 1 0 0 na na
10 59545.050350296393 0.005627647360 cfg1 2 1 0 0 na na
10 59545.060350350521 0.005627594692 cfg1 2 1 0 0 na na
10 59545.087350270816 0.005627463664 cfg1 2 1 0 0 na na
10 59545.091350280170 0.005627428576 cfg1 2 1 0 0 na na
10 59545.103350326531 0.005627389172 cfg1 2 1 0 0 na na
10 59545.117350337455 0.005627304212 cfg1 2 1 0 0 na na
10 59545.196350274363 0.005626902562 cfg1 2 1 0 0 na na
10 59545.201350270400 0.005626873695 cfg1 2 1 0 0 na na
10 59545.208350329097 0.005626842729 cfg1 2 1 0 0 na na
10 59545.210350250895 0.005626845407 cfg1 2 1 0 0 na na
10 59545.222350314250 0.005626765721 cfg1 2 1 0 0 na na
10 59545.229350287203 0.005626739247 cfg1 2 1 0 0 na na
10 59545.249350285196 0.005626644140 cfg1 2 1 0 0 na na
10 59545.262350369781 0.005626578845 cfg1 2 1 0 0 na na
10 59545.270350289476 0.005626526385 cfg1 2 1 0 0 na na
10 59545.281350269705 0.005626474670 cfg1 2 1 0 0 na na
10 59545.305350240825 0.005626370800 cfg1 2 1 0 0 na na
10 59545.339350300071 0.005626179898 cfg1 2 1 0 0 na na
10 59545.350350321993 0.005626137773 cfg1 2 1 0 0 na na
10 59545.405350306664 0.005625867196 cfg1 2 1 0 0 na na
10 59545.415350270403 0.005625811644 cfg1 2 1 0 0 na na
10 59545.438350281147 0.005625707058 cfg1 2 1 0 0 na na
10 59545.471350307013 0.005625555418 cfg1 2 1 0 0 na na
10 59545.476350283330 0.005625530698 cfg1 2 1 0 0 na na
10 59545.482350237395 0.005625499477 cfg1 2 1 0 0 na na
10 59545.490350241403 0.005625455613 cfg1 2 1 0 0 na na
10 59545.522350364899 0.005625277062 cfg1 2 1 0 0 na na
10 59545.550350250084 0.005625152167 cfg1 2 1 0 0 na na
10 59545.552350304691 0.005625152188 cfg1 2 1 0 0 na na
10 59545.555350307661 0.005625133064 cfg1 2 1 0 0 na na
10 59545.564350275124 0.005625096461 cfg1 2 1 0 0 na na
10 59545.578350315148 0.005625020141 cfg1 2 1 0 0 na na
10 59545.593350247413 0.005624959695 cfg1 2 1 0 0 na na
10 59545.609350280708 0.005624869413 cfg1 2 1 0 0 na na
10 59545.625350295237 0.005624777196 cfg1 2 1 0 0 na na
10 59545.649350270847 0.005624671590 cfg1 2 1 0 0 na na
10 59545.650350300396 0.005624665254 cfg1 2 1 0 0 na na
10 59545.657350319248 0.005624632159 cfg1 2 1 0 0 na na
10 59545.682350316018 0.005624499155 cfg1 2 1 0 0 na na
10 59545.699350320412 0.005624417267 cfg1 2 1 0 0 na na
10 59545.713350312828 0.005624354715 cfg1 2 1 0 0 na na
10 59545.731350275502 0.005624288204 cfg1 2 1 0 0 na na
10 59545.738350300978 0.005624259261 cfg1 2 1 0 0 na na
10 59545.743350269592 0.005624232313 cfg1 2 1 0 0 na na
10 59545.801350292737 0.005623928677 cfg1 2 1 0 0 na na
10 59545.856350318196 0.005623676368 cfg1 2 1 0 0 na na
10 59545.859350322805 0.005623676831 cfg1 2 1 0 0 na na
10 59545.860350274628 0.005623660982 cfg1 2 1 0 0 na na
10 59545.861350286622 0.005623665543 cfg1 2 1 0 0 na na
10 59545.863350355317 0.005623651005 cfg1 2 1 0 0 na na
10 59545.906350336999 0.005623433298 cfg1 2 1 0 0 na na
10 59545.923350317715 0.005623351137 cfg1 2 1 0 0 na na
10 59545.994350360026 0.005623019952 cfg1 2 1 0 0 na na
10 59545.996350284917 0.005623008554 cfg1 2 1 0 0 na na
10 59546.016350348361 0.005622931103 cfg1 2 1 0 0 na na
10 59546.028350291296 0.005622869397 cfg1 2 1 0 0 na na
10 59546.044350352745 0.005622807330 cfg1 2 1 0 0 na na
10 59546.072350310331 0.005622665805 cfg1 2 1 0 0 na na
10 59546.075350259865 0.005622644422 cfg1 2 1 0 0 na na
10 59546.097350240587 0.005622556485 cfg1 2 1 0 0 na na
10 59546.107350324417 0.005622514193 cfg1 2 1 0 0 na na
10 59546.135350309494 0.005622381251 cfg1 2 1 0 0 na na
10 59546.182350341722 0.005622147735 cfg1 2 1 0 0 na na
10 59546.191350301825 0.005622098981 cfg1 2 1 0 0 na na
10 59546.219350271986 0.005621989123 cfg1 2 1 0 0 na na
10 59546.233350330379 0.005621923660 cfg1 2 1 0 0 na na
10 59546.235350283995 0.005621914407 cfg1 2 1 0 0 na na
10 59546.246350314852 0.005621844386 cfg1 2 1 0 0 na na
10 59546.257350308564 0.005621792222 cfg1 2 1 0 0 na na
10 59546.266350353424 0.005621763655 cfg1 2 1 0 0 na na
10 59546.321350279292 0.005621505673 cfg1 2 1 0 0 na na
10 59546.329350323259 0.005621478557 cfg1 2 1 0 0 na na
10 59546.334350321869 0.005621453658 cfg1 2 1 0 0 na na
10 59546.381350275386 0.005621237966 cfg1 2 1 0 0 na na
10 59546.387350269939 0.005621200952 cfg1 2 1 0 0 na na
10 59546.390350288167 0.005621209444 cfg1 2 1 0 0 na na
10 59546.397350259834 0.005621156999 cfg1 2 1 0 0 na na
10 59546.426350328068 0.005621046792 cfg1 2 1 0 0 na na
10 59546.427350346734 0.005621042794 cfg1 2 1 0 0 na na
10 59546.454350304504 0.005620916519 cfg1 2 1 0 0 na na
10 59546.468350302125 0.005620833956 cfg1 2 1 0 0 na na
10 59546.502350297286 0.005620687114 cfg1 2 1 0 0 na na
10 59546.548350324403 0.005620479021 cfg1 2 1 0 0 na na
10 59546.557350337543 0.005620462598 cfg1 2 1 0 0 na na
10 59546.575350300550 0.005620370764 cfg1 2 1 0 0 na na
10 59546.576350351550 0.005620367551 cfg1 2 1 0 0 na na
10 59546.610350298569 0.005620220548 cfg1 2 1 0 0 na na
10 59546.615350341125 0.005620193322 cfg1 2 1 0 0 na na
10 59546.626350310223 0.005620153990 cfg1 2 1 0 0 na na
10 59546.666350320697 0.005619950347 cfg1 2 1 0 0 na na
10 59546.687350342865 0.005619882178 cfg1 2 1 0 0 na na
10 59546.690350313986 0.005619847910 cfg1 2 1 0 0 na na
10 59546.723350320759 0.005619709156 cfg1 2 1 0 0 na na
10 59546.735350266482 0.005619645242 cfg1 2 1 0 0 na na
10 59546.737350258551 0.005619643613 cfg1 2 1 0 0 na na
10 59546.768350370801 0.005619515308 cfg1 2 1 0 0 na na
10 59546.776350291624 0.005619495104 cfg1 2 1 0 0 na na
10 59546.780350271173 0.005619470554 cfg1 2 1 0 0 na na
10 59546.832350284660 0.005619223535 cfg1 2 1 0 0 na na
10 59546.850350307062 0.005619155823 cfg1 2 1 0 0 na na
10 59546.852350282631 0.005619154215 cfg1 2 1 0 0 na na
10 59546.857350249318 0.005619127663 cfg1 2 1 0 0 na na
10 59546.870350282541 0.005619065861 cfg1 2 1 0 0 na na
10 59546.883350251819 0.005619015336 cfg1 2 1 0 0 na na
10 59546.912350278995 0.005618900746 cfg1 2 1 0 0 na na
10 59546.926350288740 0.005618821933 cfg1 2 1 0 0 na na
10 59546.979350256515 0.005618595244 cfg1 2 1 0 0 na na
10 59547.000350344280 0.005618507160 cfg1 2 1 0 0 na na
10 59547.027350249710 0.005618397185 cfg1 2 1 0 0 na na
10 59547.034350291831 0.005618363705 cfg1 2 1 0 0 na na
10 59547.038350288803 0.005618359895 cfg1 2 1 0 0 na na
10 59547.050350251585 0.005618295357 cfg1 2 1 0 0 na na
10 59547.059350360832 0.005618270017 cfg1 2 1 0 0 na na
10 59547.062350312058 0.005618249245 cfg1 2 1 0 0 na na
10 59547.069350320635 0.005618204162 cfg1 2 1 0 0 na na
10 59547.077350291679 0.005618193148 cfg1 2 1 0 0 na na
10 59547.105350302291 0.005618062202 cfg1 2 1 0 0 na na
10 59547.112350288925 0.005618037634 cfg1 2 1 0 0 na na
10 59547.122350264736 0.005617977200 cfg1 2 1 0 0 na na
10 59547.130350310049 0.005617971864 cfg1 2 1 0 0 na na
10 59547.176350295362 0.005617750184 cfg1 2 1 0 0 na na
10 59547.179350287210 0.005617763845 cfg1 2 1 0 0 na na
10 59547.187350297020 0.005617702050 cfg1 2 1 0 0 na na
10 59547.214350312902 0.005617596830 cfg1 2 1 0 0 na na
10 59547.216350352854 0.005617600289 cfg1 2 1 0 0 na na
10 59547.257350253141 0.005617437291 cfg1 2 1 0 0 na na
10 59547.318350271291 0.005617166186 cfg1 2 1 0 0 na na
10 59547.331350300994 0.005617101476 cfg1 2 1 0 0 na na
10 59547.353350345910 0.005617020854 cfg1 2 1 0 0 na na
10 59547.359350314691 0.005616993062 cfg1 2 1 0 0 na na
10 59547.393350325490 0.005616846860 cfg1 2 1 0 0 na na
10 59547.403350306826 0.005616805509 cfg1 2 1 0 0 na na
10 59547.406350284925 0.005616803980 cfg1 2 1 0 0 na na
10 59547.421350284986 0.005616749810 cfg1 2 1 0 0 na na
10 59547.423350313262 0.005616743247 cfg1 2 1 0 0 na na
10 59547.448350251356 0.005616630443 cfg1 2 1 0 0 na na
10 59547.465350305135 0.005616564544 cfg1 2 1 0 0 na na
10 59547.469350287510 0.005616553076 cfg1 2 1 0 0 na na
10 59547.495350252453 0.005616439558 cfg1 2 1 0 0 na na
10 59547.505350265204 0.005616402995 cfg1 2 1 0 0 na na
10 59547.525350315363 0.005616311881 cfg1 2 1 0 0 na na
10 59547.529350294722 0.005616288175 cfg1 2 1 0 0 na na
10 59547.556350321699 0.005616193005 cfg1 2 1 0 0 na na
10 59547.559350257023 0.005616185196 cfg1 2 1 0 0 na na
10 59547.578350274616 0.005616100784 cfg1 2 1 0 0 na na
10 59547.590350310370 0.005616055373 cfg1 2 1 0 0 na na
10 59547.592350255542 0.005616050694 cfg1 2 1 0 0 na na
10 59547.594350299397 0.005616040169 cfg1 2 1 0 0 na na
10 59547.598350276516 0.005616018710 cfg1 2 1 0 0 na na
10 59547.620350289128 0.005615933139 cfg1 2 1 0 0 na na
10 59547.645350297908 0.005615843322 cfg1 2 1 0 0 na na
10 59547.668350270267 0.005615746273 cfg1 2 1 0 0 na na
10 59547.669350261927 0.005615725035 cfg1 2 1 0 0 na na
10 59547.690350270435 0.005615644787 cfg1 2 1 0 0 na na
10 59547.716350291003 0.005615559453 cfg1 2 1 0 0 na na
10 59547.723350276611 0.005615518879 cfg1 2 1 0 0 na na
10 59547.725350311276 0.005615507105 cfg1 2 1 0 0 na na
10 59547.734350321657 0.005615481116 cfg1 2 1 0 0 na na
10 59547.748350278727 0.005615419001 cfg1 2 1 0 0 na na
10 59547.750350320355 0.005615409334 cfg1 2 1 0 0 na na
10 59547.760350280236 0.005615361489 cfg1 2 1 0 0 na na
10 59547.767350331558 0.005615338788 cfg1 2 1 0 0 na na
10 59547.777350305888 0.005615320419 cfg1 2 1 0 0 na na
10 59547.820350293807 0.005615127717 cfg1 2 1 0 0 na na
10 59547.832350337387 0.005615091158 cfg1 2 1 0 0 na na
10 59547.854350313999 0.005614994862 cfg1 2 1 0 0 na na
10 59547.857350313494 0.005614978343 cfg1 2 1 0 0 na na
10 59547.890350350784 0.005614852635 cfg1 2 1 0 0 na na
10 59547.906350321726 0.005614791199 cfg1 2 1 0 0 na na
10 59547.913350277946 0.005614767708 cfg1 2 1 0 0 na na
10 59547.922350346628 0.005614747890 cfg1 2 1 0 0 na na
10 59547.939350283812 0.005614684144 cfg1 2 1 0 0 na na
10 59547.983350294879 0.005614492789 cfg1 2 1 0 0 na na
10 59547.995350329460 0.005614464954 cfg1 2 1 0 0 na na
10 59548.011350363036 0.005614381210 cfg1 2 1 0 0 na na
10 59548.031350325847 0.005614320474 cfg1 2 1 0 0 na na
10 59548.042350314609 0.005614279641 cfg1 2 1 0 0 na na
10 59548.082350297319 0.005614122994 cfg1 2 1 0 0 na na
10 59548.083350298674 0.005614124939 cfg1 2 1 0 0 na na
10 59548.084350349704 0.005614116360 cfg1 2 1 0 0 na na
10 59548.085350278016 0.005614102947 cfg1 2 1 0 0 na na
10 59548.106350267717 0.005614022594 cfg1 2 1 0 0 na na
10 59548.108350324160 0.005614013013 cfg1 2 1 0 0 na na
10 59548.150350326305 0.005613871818 cfg1 2 1 0 0 na na
10 59548.158350340116 0.005613838909 cfg1 2 1 0 0 na na
10 59548.162350284596 0.005613821899 cfg1 2 1 0 0 na na
10 59548.171350270868 0.005613787060 cfg1 2 1 0 0 na na
10 59548.176350316917 0.005613745431 cfg1 2 1 0 0 na na
10 59548.186350328398 0.005613719830 cfg1 2 1 0 0 na na
10 59548.202350288154 0.005613664566 cfg1 2 1 0 0 na na
10 59548.207350317920 0.005613627391 cfg1 2 1 0 0 na na
10 59548.252350353347 0.005613459763 cfg1 2 1 0 0 na na
10 59548.258350365061 0.005613442252 cfg1 2 1 0 0 na na
10 59548.274350324031 0.005613381595 cfg1 2 1 0 0 na na
10 59548.284350309684 0.005613360979 cfg1 2 1 0 0 na na
10 59548.290350352650 0.005613318761 cfg1 2 1 0 0 na na
10 59548.306350328048 0.005613273465 cfg1 2 1 0 0 na na
10 59548.313350266207 0.005613249902 cfg1 2 1 0 0 na na
10 59548.316350378991 0.005613218904 cfg1 2 1 0 0 na na
10 59548.342350350068 0.005613138088 cfg1 2 1 0 0 na na
10 59548.352350321521 0.005613090312 cfg1 2 1 0 0 na na
10 59548.374350262862 0.005613014856 cfg1 2 1 0 0 na na
10 59548.376350314372 0.005613000721 cfg1 2 1 0 0 na na
10 59548.387350314869 0.005612974646 cfg1 2 1 0 0 na na
10 59548.398350280804 0.005612935698 cfg1 2 1 0 0 na na
10 59548.421350335479 0.005612839722 cfg1 2 1 0 0 na na
10 59548.428350274369 0.005612803065 cfg1 2 1 0 0 na na
10 59548.433350249558 0.005612797385 cfg1 2 1 0 0 na na
10 59548.437350320785 0.005612773223 cfg1 2 1 0 0 na na
10 59548.451350367512 0.005612741980 cfg1 2 1 0 0 na na
10 59548.459350352611 0.005612702231 cfg1 2 1 0 0 na na
10 59548.505350331906 0.005612530567 cfg1 2 1 0 0 na na
10 59548.513350261553 0.005612495210 cfg1 2 1 0 0 na na
10 59548.518350343563 0.005612498340 cfg1 2 1 0 0 na na
10 59548.521350297263 0.005612477407 cfg1 2 1 0 0 na na
10 59548.540350241252 0.005612415470 cfg1 2 1 0 0 na na
10 59548.562350285867 0.005612327933 cfg1 2 1 0 0 na na
10 59548.570350344897 0.005612293736 cfg1 2 1 0 0 na na
10 59548.572350336122 0.005612295073 cfg1 2 1 0 0 na na
10 59548.596350341456 0.005612210588 cfg1 2 1 0 0 na na
10 59548.621350318219 0.005612114504 cfg1 2 1 0 0 na na
10 59548.627350274000 0.005612076745 cfg1 2 1 0 0 na na
10 59548.629350299900 0.005612080355 cfg1 2 1 0 0 na na
10 59548.658350326599 0.005611963528 cfg1 2 1 0 0 na na
10 59548.661350276374 0.005611970252 cfg1 2 1 0 0 na na
10 59548.664350324347 0.005611946115 cfg1 2 1 0 0 na na
10 59548.686350340994 0.005611874913 cfg1 2 1 0 0 na na
10 59548.743350330527 0.005611669624 cfg1 2 1 0 0 na na
10 59548.761350310178 0.005611609894 cfg1 2 1 0 0 na na
10 59548.790350272332 0.005611490442 cfg1 2 1 0 0 na na
10 59548.808350275230 0.005611442670 cfg1 2 1 0 0 na na
10 59548.811350336592 0.005611426575 cfg1 2 1 0 0 na na
10 59548.812350282923 0.005611427023 cfg1 2 1 0 0 na na
10 59548.830350307954 0.005611378745 cfg1 2 1 0 0 na na
10 59548.846350321317 0.005611306977 cfg1 2 1 0 0 na na
10 59548.852350281990 0.005611293246 cfg1 2 1 0 0 na na
10 59548.853350343245 0.005611277452 cfg1 2 1 0 0 na na
10 59548.862350361299 0.005611248605 cfg1 2 1 0 0 na na
10 59548.880350304837 0.005611177961 cfg1 2 1 0 0 na na
10 59548.889350367585 0.005611147911 cfg1 2 1 0 0 na na
10 59548.900350334284 0.005611118835 cfg1 2 1 0 0 na na
10 59548.906350374320 0.005611085509 cfg1 2 1 0 0 na na
10 59548.911350266101 0.005611065714 cfg1 2 1 0 0 na na
10 59548.950350365000 0.005610929559 cfg1 2 1 0 0 na na
10 59548.992350366679 0.005610800675 cfg1 2 1 0 0 na na
10 59549.022350298151 0.005610693987 cfg1 2 1 0 0 na na
10 59549.035350337109 0.005610659407 cfg1 2 1 0 0 na na
10 59549.055350289033 0.005610595423 cfg1 2 1 0 0 na na
10 59549.060350279293 0.005610576993 cfg1 2 1 0 0 na na
10 59549.070350283031 0.005610526825 cfg1 2 1 0 0 na na
10 59549.097350270489 0.005610443954 cfg1 2 1 0 0 na na
10 59549.103350337673 0.005610431370 cfg1 2 1 0 0 na na
10 59549.110350297772 0.005610388298 cfg1 2 1 0 0 na na
10 59549.117350322182 0.005610354623 cfg1 2 1 0 0 na na
10 59549.120350269005 0.005610355180 cfg1 2 1 0 0 na na
10 59549.134350267901 0.005610316139 cfg1 2 1 0 0 na na
10 59549.137350263825 0.005610287943 cfg1 2 1 0 0 na na
10 59549.138350308610 0.005610297551 cfg1 2 1 0 0 na na
10 59549.169350245238 0.005610198137 cfg1 2 1 0 0 na na
10 59549.175350331725 0.005610168218 cfg1 2 1 0 0 na na
10 59549.183350334573 0.005610148192 cfg1 2 1 0 0 na na
10 59549.185350359626 0.005610136312 cfg1 2 1 0 0 na na
10 59549.190350305843 0.005610109677 cfg1 2 1 0 0 na na
10 59549.207350324492 0.005610049605 cfg1 2 1 0 0 na na
10 59549.243350334382 0.005609936773 cfg1 2 1 0 0 na na
10 59549.254350335205 0.005609900286 cfg1 2 1 0 0 na na
10 59549.276350301057 0.005609832312 cfg1 2 1 0 0 na na
10 59549.306350316136 0.005609723635 cfg1 2 1 0 0 na na
10 59549.326350339425 0.005609678663 cfg1 2 1 0 0 na na
10 59549.329350327142 0.005609661012 cfg1 2 1 0 0 na na
10 59549.330350354098 0.005609654211 cfg1 2 1 0 0 na na
10 59549.461350347670 0.005609224724 cfg1 2 1 0 0 na na
10 59549.462350298586 0.005609222223 cfg1 2 1 0 0 na na
10 59549.474350321478 0.005609167454 cfg1 2 1 0 0 na na
10 59549.475350311931 0.005609178244 cfg1 2 1 0 0 na na
10 59549.497350330199 0.005609104758 cfg1 2 1 0 0 na na
10 59549.499350341853 0.005609100726 cfg1 2 1 0 0 na na
10 59549.520350292221 0.005609016393 cfg1 2 1 0 0 na na
10 59549.523350357393 0.005609030743 cfg1 2 1 0 0 na na
10 59549.571350312777 0.005608866493 cfg1 2 1 0 0 na na
10 59549.579350318447 0.005608825474 cfg1 2 1 0 0 na na
10 59549.590350348327 0.005608808375 cfg1 2 1 0 0 na na
10 59549.593350329321 0.005608792326 cfg1 2 1 0 0 na na
10 59549.633350290812 0.005608680539 cfg1 2 1 0 0 na na
10 59549.656350352162 0.005608606319 cfg1 2 1 0 0 na na
10 59549.676350285053 0.005608518020 cfg1 2 1 0 0 na na
10 59549.678350330288 0.005608509512 cfg1 2 1 0 0 na na
10 59549.685350296089 0.005608494509 cfg1 2 1 0 0 na na
10 59549.691350286390 0.005608478764 cfg1 2 1 0 0 na na
10 59549.722350292571 0.005608388970 cfg1 2 1 0 0 na na
10 59549.737350316621 0.005608326755 cfg1 2 1 0 0 na na
10 59549.768350316158 0.005608247131 cfg1 2 1 0 0 na na
10 59549.772350347795 0.005608215494 cfg1 2 1 0 0 na na
10 59549.818350318496 0.005608069155 cfg1 2 1 0 0 na na
10 59549.822350338576 0.005608058679 cfg1 2 1 0 0 na na
10 59549.830350252826 0.005608059264 cfg1 2 1 0 0 na na
10 59549.843350303960 0.005607998602 cfg1 2 1 0 0 na na
10 59549.854350327528 0.005607972019 cfg1 2 1 0 0 na na
10 59549.858350316288 0.005607952500 cfg1 2 1 0 0 na na
10 59549.875350261451 0.005607900717 cfg1 2 1 0 0 na na
10 59549.885350316801 0.005607872873 cfg1 2 1 0 0 na na
10 59549.906350250617 0.005607811424 cfg1 2 1 0 0 na na
10 59549.925350313782 0.005607748667 cfg1 2 1 0 0 na na
10 59549.950350274081 0.005607660077 cfg1 2 1 0 0 na na
10 59549.969350291748 0.005607612058 cfg1 2 1 0 0 na na
10 59549.970350342757 0.005607600475 cfg1 2 1 0 0 na na
10 59549.986350296941 0.005607559421 cfg1 2 1 0 0 na na
10 59550.052350332522 0.005607353473 cfg1 2 1 0 0 na na
10 59550.055350371943 0.005607365307 cfg1 2 1 0 0 na na
10 59550.065350368598 0.005607319421 cfg1 2 1 0 0 na na
10 59550.072350329444 0.005607304359 cfg1 2 1 0 0 na na
10 59550.098350345410 0.005607236100 cfg1 2 1 0 0 na na
10 59550.103350387042 0.005607203649 cfg1 2 1 0 0 na na
10 59550.112350305623 0.005607172957 cfg1 2 1 0 0 na na
10 59550.130350293462 0.005607125091 cfg1 2 1 0 0 na na
10 59550.191350248717 0.005606956358 cfg1 2 1 0 0 na na
10 59550.207350309829 0.005606907452 cfg1 2 1 0 0 na na
10 59550.236350307448 0.005606826763 cfg1 2 1 0 0 na na
10 59550.238350358996 0.005606813846 cfg1 2 1 0 0 na na
10 59550.259350275983 0.005606739037 cfg1 2 1 0 0 na na
10 59550.261350319718 0.005606755970 cfg1 2 1 0 0 na na
10 59550.265350281443 0.005606733587 cfg1 2 1 0 0 na na
10 59550.271350349250 0.005606719111 cfg1 2 1 0 0 na na
10 59550.275350331605 0.005606701972 cfg1 2 1 0 0 na na
10 59550.285350312513 0.005606679434 cfg1 2 1 0 0 na na
10 59550.298350266233 0.005606643282 cfg1 2 1 0 0 na na
10 59550.323350328543 0.005606553564 cfg1 2 1 0 0 na na
10 59550.334350360913 0.005606525822 cfg1 2 1 0 0 na na
10 59550.335350260275 0.005606525662 cfg1 2 1 0 0 na na
10 59550.383350327619 0.005606392837 cfg1 2 1 0 0 na na
10 59550.395350303432 0.005606339351 cfg1 2 1 0 0 na na
10 59550.401350316177 0.005606348031 cfg1 2 1 0 0 na na
10 59550.434350304637 0.005606254324 cfg1 2 1 0 0 na na
10 59550.437350307524 0.005606223145 cfg1 2 1 0 0 na na
10 59550.444350312011 0.005606217433 cfg1 2 1 0 0 na na
10 59550.451350302829 0.005606191490 cfg1 2 1 0 0 na na
10 59550.458350304420 0.005606167016 cfg1 2 1 0 0 na na
10 59550.463350331923 0.005606168716 cfg1 2 1 0 0 na na
10 59550.492350256508 0.005606080849 cfg1 2 1 0 0 na na
10 59550.496350303581 0.005606077167 cfg1 2 1 0 0 na na
10 59550.510350282053 0.005606028573 cfg1 2 1 0 0 na na
10 59550.526350287039 0.005605993346 cfg1 2 1 0 0 na na
10 59550.539350303802 0.005605949336 cfg1 2 1 0 0 na na
10 59550.547350329319 0.005605913410 cfg1 2 1 0 0 na na
10 59550.578350338599 0.005605846186 cfg1 2 1 0 0 na na
10 59550.588350307585 0.005605811680 cfg1 2 1 0 0 na na
10 59550.590350295159 0.005605797645 cfg1 2 1 0 0 na na
10 59550.596350319660 0.005605782808 cfg1 2 1 0 0 na na
10 59550.639350298184 0.005605661588 cfg1 2 1 0 0 na na
10 59550.640350332039 0.005605672042 cfg1 2 1 0 0 na na
10 59550.655350295003 0.005605623941 cfg1 2 1 0 0 na na
10 59550.657350292197 0.005605605545 cfg1 2 1 0 0 na na
10 59550.661350353395 0.005605614997 cfg1 2 1 0 0 na na
10 59550.667350303074 0.005605589780 cfg1 2 1 0 0 na na
10 59550.694350307714 0.005605503534 cfg1 2 1 0 0 na na
10 59550.707350278183 0.005605479358 cfg1 2 1 0 0 na na
10 59550.717350347993 0.005605445773 cfg1 2 1 0 0 na na
10 59550.729350288229 0.005605423352 cfg1 2 1 0 0 na na
10 59550.738350276927 0.005605389202 cfg1 2 1 0 0 na na
10 59550.745350314537 0.005605384274 cfg1 2 1 0 0 na na
10 59550.771350323300 0.005605301523 cfg1 2 1 0 0 na na
10 59550.776350317315 0.005605286089 cfg1 2 1 0 0 na na
10 59550.809350282902 0.005605197790 cfg1 2 1 0 0 na na
10 59550.822350299996 0.005605162327 cfg1 2 1 0 0 na na
10 59550.835350294246 0.005605120696 cfg1 2 1 0 0 na na
10 59550.845350290710 0.005605093753 cfg1 2 1 0 0 na na
10 59550.850350321776 0.005605098131 cfg1 2 1 0 0 na na
10 59550.867350281869 0.005605037259 cfg1 2 1 0 0 na na
10 59550.879350288613 0.005605008804 cfg1 2 1 0 0 na na
10 59550.895350278674 0.005604979917 cfg1 2 1 0 0 na na
10 59550.931350338435 0.005604884233 cfg1 2 1 0 0 na na
10 59550.970350293273 0.005604760310 cfg1 2 1 0 0 na na
10 59550.985350306537 0.005604731150 cfg1 2 1 0 0 na na
10 59550.995350266818 0.005604692474 cfg1 2 1 0 0 na na
10 59551.012350314018 0.005604656059 cfg1 2 1 0 0 na na
10 59551.018350305732 0.005604642999 cfg1 2 1 0 0 na na
10 59551.038350278569 0.005604592555 cfg1 2 1 0 0 na na
10 59551.052350300759 0.005604543753 cfg1 2 1 0 0 na na
10 59551.073350285729 0.005604489518 cfg1 2 1 0 0 na na
10 59551.079350338237 0.005604493780 cfg1 2 1 0 0 na na
10 59551.089350333193 0.005604469047 cfg1 2 1 0 0 na na
10 59551.090350348711 0.005604455169 cfg1 2 1 0 0 na na
10 59551.097350307841 0.005604424091 cfg1 2 1 0 0 na na
10 59551.108350293621 0.005604414046 cfg1 2 1 0 0 na na
10 59551.120350339171 0.005604390122 cfg1 2 1 0 0 na na
10 59551.129350317087 0.005604338674 cfg1 2 1 0 0 na na
10 59551.133350321954 0.005604328292 cfg1 2 1 0 0 na na
10 59551.154350321873 0.005604279276 cfg1 2 1 0 0 na na
10 59551.163350346035 0.005604264101 cfg1 2 1 0 0 na na
10 59551.172350332269 0.005604238808 cfg1 2 1 0 0 na na
10 59551.182350271877 0.005604205786 cfg1 2 1 0 0 na na
10 59551.195350317502 0.005604168942 cfg1 2 1 0 0 na na
10 59551.197350271727 0.005604178152 cfg1 2 1 0 0 na na
10 59551.199350280937 0.005604167584 cfg1 2 1 0 0 na na
10 59551.222350313204 0.005604119387 cfg1 2 1 0 0 na na
10 59551.275350280523 0.005603992612 cfg1 2 1 0 0 na na
10 59551.279350331811 0.005603970179 cfg1 2 1 0 0 na na
10 59551.285350296088 0.005603955413 cfg1 2 1 0 0 na na
10 59551.316350356669 0.005603869021 cfg1 2 1 0 0 na na
10 59551.320350290948 0.005603872456 cfg1 2 1 0 0 na na
10 59551.322350315232 0.005603872467 cfg1 2 1 0 0 na na
10 59551.329350331829 0.005603832187 cfg1 2 1 0 0 na na
10 59551.352350311456 0.005603781498 cfg1 2 1 0 0 na na
10 59551.363350303973 0.005603776232 cfg1 2 1 0 0 na na
10 59551.376350284895 0.005603716710 cfg1 2 1 0 0 na na
10 59551.388350366846 0.005603686236 cfg1 2 1 0 0 na na
10 59551.409350328760 0.005603659442 cfg1 2 1 0 0 na na
10 59551.435350273679 0.005603582371 cfg1 2 1 0 0 na na
10 59551.460350313688 0.005603538317 cfg1 2 1 0 0 na na
10 59551.473350387959 0.005603499242 cfg1 2 1 0 0 na na
10 59551.556350348085 0.005603280849 cfg1 2 1 0 0 na na
10 59551.565350384828 0.005603283338 cfg1 2 1 0 0 na na
10 59551.580350293577 0.005603247928 cfg1 2 1 0 0 na na
10 59551.582350319400 0.005603244852 cfg1 2 1 0 0 na na
10 59551.589350361240 0.005603209473 cfg1 2 1 0 0 na na
10 59551.595350322388 0.005603184295 cfg1 2 1 0 0 na na
10 59551.603350387408 0.005603181895 cfg1 2 1 0 0 na na
10 59551.621350262684 0.005603144171 cfg1 2 1 0 0 na na
10 59551.626350292142 0.005603119138 cfg1 2 1 0 0 na na
10 59551.627350341564 0.005603123330 cfg1 2 1 0 0 na na
10 59551.657350349259 0.005603053909 cfg1 2 1 0 0 na na
10 59551.670350270508 0.005603011957 cfg1 2 1 0 0 na na
10 59551.687350352313 0.005602989726 cfg1 2 1 0 0 na na
10 59551.704350290901 0.005602947548 cfg1 2 1 0 0 na na
10 59551.706350353352 0.005602923484 cfg1 2 1 0 0 na na
10 59551.724350300131 0.005602892673 cfg1 2 1 0 0 na na
10 59551.760350276027 0.005602805844 cfg1 2 1 0 0 na na
10 59551.786350280846 0.005602746915 cfg1 2 1 0 0 na na
10 59551.864350341236 0.005602563002 cfg1 2 1 0 0 na na
10 59551.913350343074 0.005602466511 cfg1 2 1 0 0 na na
10 59551.940350339253 0.005602392528 cfg1 2 1 0 0 na na
10 59551.946350340125 0.005602378461 cfg1 2 1 0 0 na na
10 59551.964350306104 0.005602350499 cfg1 2 1 0 0 na na
10 59551.967350294174 0.005602341035 cfg1 2 1 0 0 na na
10 59551.976350352326 0.005602320386 cfg1 2 1 0 0 na na
10 59551.984350277727 0.005602305669 cfg1 2 1 0 0 na na
10 59551.989350308295 0.005602287730 cfg1 2 1 0 0 na na
10 59551.997350304464 0.005602269636 cfg1 2 1 0 0 na na
10 59552.005350354957 0.005602247979 cfg1 2 1 0 0 na na
10 59552.051350311333 0.005602159789 cfg1 2 1 0 0 na na
10 59552.060350346939 0.005602129250 cfg1 2 1 0 0 na na
10 59552.069350312104 0.005602119021 cfg1 2 1 0 0 na na
10 59552.070350334698 0.005602118030 cfg1 2 1 0 0 na na
10 59552.075350338669 0.005602119311 cfg1 2 1 0 0 na na
10 59552.078350318172 0.005602110553 cfg1 2 1 0 0 na na
10 59552.110350309619 0.005602015472 cfg1 2 1 0 0 na na
10 59552.123350319386 0.005601987637 cfg1 2 1 0 0 na na
10 59552.137350339660 0.005601971618 cfg1 2 1 0 0 na na
10 59552.161350351964 0.005601914552 cfg1 2 1 0 0 na na
10 59552.196350341873 0.005601855374 cfg1 2 1 0 0 na na
10 59552.251350334918 0.005601739643 cfg1 2 1 0 0 na na
10 59552.257350342729 0.005601710583 cfg1 2 1 0 0 na na
10 59552.261350346186 0.005601704878 cfg1 2 1 0 0 na na
10 59552.291350340389 0.005601652663 cfg1 2 1 0 0 na na
10 59552.312350295854 0.005601597117 cfg1 2 1 0 0 na na
10 59552.321350328460 0.005601583644 cfg1 2 1 0 0 na na
10 59552.364350236599 0.005601505242 cfg1 2 1 0 0 na na
10 59552.375350277456 0.005601476728 cfg1 2 1 0 0 na na
10 59552.404350257830 0.005601404373 cfg1 2 1 0 0 na na
10 59552.422350269672 0.005601361424 cfg1 2 1 0 0 na na
10 59552.468350289335 0.005601272186 cfg1 2 1 0 0 na na
10 59552.474350312696 0.005601264142 cfg1 2 1 0 0 na na
10 59552.507350286901 0.005601206885 cfg1 2 1 0 0 na na
10 59552.520350323266 0.005601191871 cfg1 2 1 0 0 na na
10 59552.536350289460 0.005601135018 cfg1 2 1 0 0 na na
10 59552.550350323714 0.005601126567 cfg1 2 1 0 0 na na
10 59552.627350273472 0.005600962119 cfg1 2 1 0 0 na na
10 59552.648350274356 0.005600914016 cfg1 2 1 0 0 na na
10 59552.654350298111 0.005600912166 cfg1 2 1 0 0 na na
10 59552.711350300778 0.005600792825 cfg1 2 1 0 0 na na
10 59552.715350303115 0.005600806659 cfg1 2 1 0 0 na na
10 59552.731350303634 0.005600756721 cfg1 2 1 0 0 na na
10 59552.753350261900 0.005600714826 cfg1 2 1 0 0 na na
10 59552.764350283091 0.005600716223 cfg1 2 1 0 0 na na
10 59552.789350254856 0.005600652090 cfg1 2 1 0 0 na na
10 59552.812350251276 0.005600610753 cfg1 2 1 0 0 na na
10 59552.824350258809 0.005600582922 cfg1 2 1 0 0 na na
10 59552.856350259014 0.005600531127 cfg1 2 1 0 0 na na
10 59552.857350306154 0.005600534560 cfg1 2 1 0 0 na na
10 59552.887350271317 0.005600464764 cfg1 2 1 0 0 na na
10 59552.899350329508 0.005600450804 cfg1 2 1 0 0 na na
10 59552.918350299227 0.005600406616 cfg1 2 1 0 0 na na
10 59552.926350291990 0.005600396401 cfg1 2 1 0 0 na na
10 59552.929350362113 0.005600409737 cfg1 2 1 0 0 na na
10 59552.936350309749 0.005600377624 cfg1 2 1 0 0 na na
10 59552.943350291402 0.005600382186 cfg1 2 1 0 0 na na
10 59552.960350303843 0.005600327142 cfg1 2 1 0 0 na na
10 59552.967350328103 0.005600326789 cfg1 2 1 0 0 na na
10 59553.005350303812 0.005600263347 cfg1 2 1 0 0 na na
10 59553.009350317874 0.005600265189 cfg1 2 1 0 0 na na
10 59553.033350329084 0.005600208094 cfg1 2 1 0 0 na na
10 59553.040350321202 0.005600185551 cfg1 2 1 0 0 na na
10 59553.046350256942 0.005600180044 cfg1 2 1 0 0 na na
10 59553.057350335549 0.005600161143 cfg1 2 1 0 0 na na
10 59553.068350292422 0.005600140011 cfg1 2 1 0 0 na na
10 59553.077350302097 0.005600138299 cfg1 2 1 0 0 na na
10 59553.108350301508 0.005600070128 cfg1 2 1 0 0 na na
10 59553.112350318814 0.005600079276 cfg1 2 1 0 0 na na
10 59553.132350291386 0.005600037141 cfg1 2 1 0 0 na na
10 59553.133350316033 0.005600041960 cfg1 2 1 0 0 na na
10 59553.165350384536 0.005599983564 cfg1 2 1 0 0 na na
10 59553.198350275094 0.005599922894 cfg1 2 1 0 0 na na
10 59553.203350244852 0.005599922080 cfg1 2 1 0 0 na na
10 59553.204350333299 0.005599913402 cfg1 2 1 0 0 na na
10 59553.223350318154 0.005599870766 cfg1 2 1 0 0 na na
10 59553.225350297874 0.005599865429 cfg1 2 1 0 0 na na
10 59553.232350274460 0.005599862335 cfg1 2 1 0 0 na na
10 59553.239350256208 0.005599850540 cfg1 2 1 0 0 na na
10 59553.261350338499 0.005599826856 cfg1 2 1 0 0 na na
10 59553.271350289097 0.005599802369 cfg1 2 1 0 0 na na
10 59553.356350275707 0.005599644425 cfg1 2 1 0 0 na na
10 59553.358350287574 0.005599643429 cfg1 2 1 0 0 na na
10 59553.411350290923 0.005599563869 cfg1 2 1 0 0 na na
10 59553.434350310589 0.005599518464 cfg1 2 1 0 0 na na
10 59553.435350348949 0.005599530398 cfg1 2 1 0 0 na na
10 59553.452350369164 0.005599501060 cfg1 2 1 0 0 na na
10 59553.479350318780 0.005599443419 cfg1 2 1 0 0 na na
10 59553.485350284822 0.005599440368 cfg1 2 1 0 0 na na
10 59553.510350317925 0.005599396352 cfg1 2 1 0 0 na na
10 59553.513350280768 0.005599398920 cfg1 2 1 0 0 na na
10 59553.531350252028 0.005599375927 cfg1 2 1 0 0 na na
10 59553.549350334284 0.005599359899 cfg1 2 1 0 0 na na
10 59553.595350308132 0.005599265910 cfg1 2 1 0 0 na na
10 59553.601350322118 0.005599252408 cfg1 2 1 0 0 na na
10 59553.626350311209 0.005599220349 cfg1 2 1 0 0 na na
10 59553.637350272728 0.005599200702 cfg1 2 1 0 0 na na
10 59553.671350296943 0.005599144474 cfg1 2 1 0 0 na na
10 59553.728350295610 0.005599074662 cfg1 2 1 0 0 na na
10 59553.731350286907 0.005599057331 cfg1 2 1 0 0 na na
10 59553.754350329104 0.005599035215 cfg1 2 1 0 0 na na
10 59553.760350247624 0.005599029089 cfg1 2 1 0 0 na na
10 59553.766350315211 0.005599031517 cfg1 2 1 0 0 na na
10 59553.779350305317 0.005598995743 cfg1 2 1 0 0 na na
10 59553.819350292569 0.005598952655 cfg1 2 1 0 0 na na
10 59553.824350294039 0.005598946719 cfg1 2 1 0 0 na na
10 59553.825350289866 0.005598932694 cfg1 2 1 0 0 na na
10 59553.833350246503 0.005598925287 cfg1 2 1 0 0 na na
10 59553.841350318947 0.005598913846 cfg1 2 1 0 0 na na
10 59553.857350287167 0.005598879963 cfg1 2 1 0 0 na na
10 59553.876350301843 0.005598848722 cfg1 2 1 0 0 na na
10 59553.887350329062 0.005598843646 cfg1 2 1 0 0 na na
10 59553.905350277526 0.005598803952 cfg1 2 1 0 0 na na
10 59553.908350318394 0.005598808622 cfg1 2 1 0 0 na na
10 59553.973350313964 0.005598731311 cfg1 2 1 0 0 na na
10 59553.987350338354 0.005598712368 cfg1 2 1 0 0 na na
10 59554.004350311853 0.005598673128 cfg1 2 1 0 0 na na
10 59554.043350268591 0.005598616710 cfg1 2 1 0 0 na na
10 59554.054350275062 0.005598621024 cfg1 2 1 0 0 na na
10 59554.062350250275 0.005598601671 cfg1 2 1 0 0 na na
10 59554.106350323061 0.005598530058 cfg1 2 1 0 0 na na
10 59554.112350278853 0.005598527782 cfg1 2 1 0 0 na na
10 59554.120350315471 0.005598518690 cfg1 2 1 0 0 na na
10 59554.145350306312 0.005598497745 cfg1 2 1 0 0 na na
10 59554.152350303818 0.005598465710 cfg1 2 1 0 0 na na
10 59554.154350300370 0.005598462076 cfg1 2 1 0 0 na na
10 59554.158350272617 0.005598480988 cfg1 2 1 0 0 na na
10 59554.175350317155 0.005598453899 cfg1 2 1 0 0 na na
10 59554.193350297731 0.005598411777 cfg1 2 1 0 0 na na
10 59554.194350277946 0.005598432924 cfg1 2 1 0 0 na na
10 59554.211350284823 0.005598386964 cfg1 2 1 0 0 na na
10 59554.216350318525 0.005598384279 cfg1 2 1 0 0 na na
10 59554.224350349244 0.005598392514 cfg1 2 1 0 0 na na
10 59554.228350332266 0.005598367995 cfg1 2 1 0 0 na na
10 59554.241350264483 0.005598356613 cfg1 2 1 0 0 na na
10 59554.259350281764 0.005598329694 cfg1 2 1 0 0 na na
10 59554.276350294934 0.005598314246 cfg1 2 1 0 0 na na
10 59554.297350300080 0.005598285828 cfg1 2 1 0 0 na na
10 59554.307350273462 0.005598274698 cfg1 2 1 0 0 na na
10 59554.322350301343 0.005598275263 cfg1 2 1 0 0 na na
10 59554.348350259411 0.005598222565 cfg1 2 1 0 0 na na
10 59554.375350268040 0.005598183716 cfg1 2 1 0 0 na na
10 59554.417350295319 0.005598143951 cfg1 2 1 0 0 na na
10 59554.429350307416 0.005598130521 cfg1 2 1 0 0 na na
10 59554.442350317412 0.005598103333 cfg1 2 1 0 0 na na
10 59554.444350328929 0.005598115910 cfg1 2 1 0 0 na na
10 59554.473350342469 0.005598079529 cfg1 2 1 0 0 na na
10 59554.521350267272 0.005598009631 cfg1 2 1 0 0 na na
10 59554.522350267185 0.005598009595 cfg1 2 1 0 0 na na
10 59554.566350248142 0.005597974464 cfg1 2 1 0 0 na na
10 59554.571350295551 0.005597969826 cfg1 2 1 0 0 na na
10 59554.573350276626 0.005597975495 cfg1 2 1 0 0 na na
10 59554.577350274902 0.005597952920 cfg1 2 1 0 0 na na
10 59554.587350290762 0.005597955660 cfg1 2 1 0 0 na na
10 59554.639350263280 0.005597878482 cfg1 2 1 0 0 na na
10 59554.648350292006 0.005597871746 cfg1 2 1 0 0 na na
10 59554.669350292910 0.005597847316 cfg1 2 1 0 0 na na
10 59554.691350329532 0.005597832503 cfg1 2 1 0 0 na na
10 59554.752350318354 0.005597765572 cfg1 2 1 0 0 na na
10 59554.754350363716 0.005597761457 cfg1 2 1 0 0 na na
10 59554.755350259922 0.005597764556 cfg1 2 1 0 0 na na
10 59554.775350323973 0.005597739265 cfg1 2 1 0 0 na na
10 59554.833350321202 0.005597693088 cfg1 2 1 0 0 na na
10 59554.834350297728 0.005597693185 cfg1 2 1 0 0 na na
10 59554.842350292771 0.005597671015 cfg1 2 1 0 0 na na
10 59554.855350290946 0.005597649406 cfg1 2 1 0 0 na na
10 59554.886350283406 0.005597621233 cfg1 2 1 0 0 na na
10 59554.891350300627 0.005597619287 cfg1 2 1 0 0 na na
10 59554.893350278925 0.005597625114 cfg1 2 1 0 0 na na
10 59554.923350291726 0.005597603687 cfg1 2 1 0 0 na na
10 59554.949350340514 0.005597579380 cfg1 2 1 0 0 na na
10 59555.008350338581 0.005597521176 cfg1 2 1 0 0 na na
10 59555.020350296102 0.005597485942 cfg1 2 1 0 0 na na
10 59555.022350331327 0.005597485966 cfg1 2 1 0 0 na na
10 59555.024350282778 0.005597482935 cfg1 2 1 0 0 na na
10 59555.033350275406 0.005597485286 cfg1 2 1 0 0 na na
10 59555.034350289853 0.005597479329 cfg1 2 1 0 0 na na
10 59555.076350313975 0.005597444508 cfg1 2 1 0 0 na na
10 59555.080350278694 0.005597447224 cfg1 2 1 0 0 na na
10 59555.091350298655 0.005597428617 cfg1 2 1 0 0 na na
10 59555.093350268294 0.005597420907 cfg1 2 1 0 0 na na
10 59555.106350351818 0.005597404691 cfg1 2 1 0 0 na na
10 59555.107350304184 0.005597424285 cfg1 2 1 0 0 na na
10 59555.148350312940 0.005597377299 cfg1 2 1 0 0 na na
10 59555.166350324803 0.005597374003 cfg1 2 1 0 0 na na
10 59555.175350291756 0.005597349054 cfg1 2 1 0 0 na na
10 59555.182350253415 0.005597345396 cfg1 2 1 0 0 na na
10 59555.209350303989 0.005597331558 cfg1 2 1 0 0 na na
10 59555.243350270075 0.005597285196 cfg1 2 1 0 0 na na
10 59555.246350351662 0.005597292898 cfg1 2 1 0 0 na na
10 59555.272350342952 0.005597265918 cfg1 2 1 0 0 na na
10 59555.273350271809 0.005597262676 cfg1 2 1 0 0 na na
10 59555.279350338554 0.005597249619 cfg1 2 1 0 0 na na
10 59555.285350269996 0.005597262595 cfg1 2 1 0 0 na na
10 59555.311350334912 0.005597251503 cfg1 2 1 0 0 na na
10 59555.325350281240 0.005597228025 cfg1 2 1 0 0 na na
10 59555.342350259134 0.005597215681 cfg1 2 1 0 0 na na
10 59555.358350342936 0.005597201291 cfg1 2 1 0 0 na na
10 59555.361350258082 0.005597203391 cfg1 2 1 0 0 na na
10 59555.362350332739 0.005597197584 cfg1 2 1 0 0 na na
10 59555.399350322745 0.005597155089 cfg1 2 1 0 0 na na
10 59555.405350334902 0.005597165179 cfg1 2 1 0 0 na na
10 59555.429350355749 0.005597138270 cfg1 2 1 0 0 na na
10 59555.443350308652 0.005597135516 cfg1 2 1 0 0 na na
10 59555.449350322947 0.005597136566 cfg1 2 1 0 0 na na
10 59555.460350300753 0.005597126922 cfg1 2 1 0 0 na na
10 59555.472350358527 0.005597110066 cfg1 2 1 0 0 na na
10 59555.473350306645 0.005597110912 cfg1 2 1 0 0 na na
10 59555.495350310794 0.005597078499 cfg1 2 1 0 0 na na
10 59555.502350259331 0.005597077606 cfg1 2 1 0 0 na na
10 59555.509350297786 0.005597086773 cfg1 2 1 0 0 na na
10 59555.517350259242 0.005597090037 cfg1 2 1 0 0 na na
10 59555.549350256228 0.005597045972 cfg1 2 1 0 0 na na
10 59555.550350338361 0.005597055727 cfg1 2 1 0 0 na na
10 59555.567350346528 0.005597046347 cfg1 2 1 0 0 na na
10 59555.609350296927 0.005596999431 cfg1 2 1 0 0 na na
10 59555.617350279114 0.005596997276 cfg1 2 1 0 0 na na
10 59555.656350285736 0.005596983822 cfg1 2 1 0 0 na na
10 59555.660350266044 0.005596973221 cfg1 2 1 0 0 na na
10 59555.671350313678 0.005596979526 cfg1 2 1 0 0 na na
10 59555.678350330461 0.005596973245 cfg1 2 1 0 0 na na
10 59555.690350308763 0.005596944243 cfg1 2 1 0 0 na na
10 59555.719350318426 0.005596920322 cfg1 2 1 0 0 na na
10 59555.735350287731 0.005596917997 cfg1 2 1 0 0 na na
10 59555.742350325185 0.005596923999 cfg1 2 1 0 0 na na
10 59555.746350249801 0.005596917338 cfg1 2 1 0 0 na na
10 59555.757350293001 0.005596895628 cfg1 2 1 0 0 na na
10 59555.790350278602 0.005596876574 cfg1 2 1 0 0 na na
10 59555.812350394450 0.005596868456 cfg1 2 1 0 0 na na
10 59555.816350314620 0.005596874959 cfg1 2 1 0 0 na na
10 59555.835350295656 0.005596847560 cfg1 2 1 0 0 na na
10 59555.839350331157 0.005596843562 cfg1 2 1 0 0 na na
10 59555.882350312703 0.005596818031 cfg1 2 1 0 0 na na
10 59555.890350310507 0.005596838222 cfg1 2 1 0 0 na na
10 59555.957350256266 0.005596801300 cfg1 2 1 0 0 na na
10 59555.989350283542 0.005596763489 cfg1 2 1 0 0 na na
10 59555.991350392310 0.005596759558 cfg1 2 1 0 0 na na
10 59555.993350305230 0.005596773334 cfg1 2 1 0 0 na na
10 59555.997350295153 0.005596757603 cfg1 2 1 0 0 na na
10 59556.002350302205 0.005596757779 cfg1 2 1 0 0 na na
10 59556.024350280242 0.005596739655 cfg1 2 1 0 0 na na
10 59556.026350318922 0.005596757996 cfg1 2 1 0 0 na na
10 59556.030350328392 0.005596749767 cfg1 2 1 0 0 na na
10 59556.046350319614 0.005596737951 cfg1 2 1 0 0 na na
10 59556.050350328667 0.005596742088 cfg1 2 1 0 0 na na
10 59556.070350296087 0.005596729512 cfg1 2 1 0 0 na na
10 59556.084350298750 0.005596711653 cfg1 2 1 0 0 na na
10 59556.104350320306 0.005596700791 cfg1 2 1 0 0 na na
10 59556.106350313989 0.005596718113 cfg1 2 1 0 0 na na
10 59556.126350320275 0.005596685750 cfg1 2 1 0 0 na na
10 59556.127350333886 0.005596686353 cfg1 2 1 0 0 na na
10 59556.130350329611 0.005596695063 cfg1 2 1 0 0 na na
10 59556.145350273611 0.005596701636 cfg1 2 1 0 0 na na
10 59556.148350260775 0.005596681131 cfg1 2 1 0 0 na na
10 59556.159350332588 0.005596676548 cfg1 2 1 0 0 na na
10 59556.186350308473 0.005596681888 cfg1 2 1 0 0 na na
10 59556.203350253004 0.005596663695 cfg1 2 1 0 0 na na
10 59556.212350262687 0.005596649052 cfg1 2 1 0 0 na na
10 59556.271350267644 0.005596619292 cfg1 2 1 0 0 na na
10 59556.277350313161 0.005596616174 cfg1 2 1 0 0 na na
10 59556.283350289303 0.005596624741 cfg1 2 1 0 0 na na
10 59556.284350281432 0.005596615323 cfg1 2 1 0 0 na na
10 59556.290350273160 0.005596622151 cfg1 2 1 0 0 na na
10 59556.299350289765 0.005596630597 cfg1 2 1 0 0 na na
10 59556.313350256965 0.005596616375 cfg1 2 1 0 0 na na
10 59556.348350294031 0.005596598515 cfg1 2 1 0 0 na na
10 59556.356350335926 0.005596591814 cfg1 2 1 0 0 na na
10 59556.363350326058 0.005596607759 cfg1 2 1 0 0 na na
10 59556.371350292265 0.005596592930 cfg1 2 1 0 0 na na
10 59556.394350270398 0.005596585273 cfg1 2 1 0 0 na na
10 59556.412350279919 0.005596578442 cfg1 2 1 0 0 na na
10 59556.428350271692 0.005596563703 cfg1 2 1 0 0 na na
10 59556.440350272965 0.005596575512 cfg1 2 1 0 0 na na
10 59556.445350293927 0.005596575642 cfg1 2 1 0 0 na na
10 59556.452350283599 0.005596558076 cfg1 2 1 0 0 na na
10 59556.465350305830 0.005596553319 cfg1 2 1 0 0 na na
10 59556.498350252894 0.005596543915 cfg1 2 1 0 0 na na
10 59556.525350291277 0.005596543711 cfg1 2 1 0 0 na na
10 59556.527350297253 0.005596522781 cfg1 2 1 0 0 na na
10 59556.530350252198 0.005596545739 cfg1 2 1 0 0 na na
10 59556.535350262343 0.005596527069 cfg1 2 1 0 0 na na
10 59556.542350304467 0.005596543381 cfg1 2 1 0 0 na na
10 59556.564350330457 0.005596525131 cfg1 2 1 0 0 na na
10 59556.567350256271 0.005596532934 cfg1 2 1 0 0 na na
10 59556.586350272840 0.005596530956 cfg1 2 1 0 0 na na
10 59556.588350303994 0.005596507803 cfg1 2 1 0 0 na na
10 59556.592350331802 0.005596520702 cfg1 2 1 0 0 na na
10 59556.593350323165 0.005596523118 cfg1 2 1 0 0 na na
10 59556.594350260297 0.005596506717 cfg1 2 1 0 0 na na
10 59556.603350344902 0.005596515178 cfg1 2 1 0 0 na na
10 59556.605350265260 0.005596505598 cfg1 2 1 0 0 na na
10 59556.630350349843 0.005596506895 cfg1 2 1 0 0 na na
10 59556.655350306326 0.005596504417 cfg1 2 1 0 0 na na
10 59556.664350314268 0.005596504957 cfg1 2 1 0 0 na na
10 59556.702350282479 0.005596485687 cfg1 2 1 0 0 na na
10 59556.716350329278 0.005596493547 cfg1 2 1 0 0 na na
10 59556.733350349916 0.005596483534 cfg1 2 1 0 0 na na
10 59556.738350312514 0.005596466055 cfg1 2 1 0 0 na na
10 59556.745350329511 0.005596479106 cfg1 2 1 0 0 na na
10 59556.746350284762 0.005596485864 cfg1 2 1 0 0 na na
10 59556.759350320075 0.005596487040 cfg1 2 1 0 0 na na
10 59556.864350305727 0.005596458010 cfg1 2 1 0 0 na na
10 59556.927350349103 0.005596448738 cfg1 2 1 0 0 na na
10 59556.930350299732 0.005596445572 cfg1 2 1 0 0 na na
10 59556.974350327980 0.005596431902 cfg1 2 1 0 0 na na
10 59556.980350321712 0.005596443943 cfg1 2 1 0 0 na na
10 59556.994350322222 0.005596428473 cfg1 2 1 0 0 na na
10 59557.015350275989 0.005596424281 cfg1 2 1 0 0 na na
10 59557.022350299613 0.005596420652 cfg1 2 1 0 0 na na
10 59557.028350317228 0.005596424885 cfg1 2 1 0 0 na na
10 59557.058350316554 0.005596436155 cfg1 2 1 0 0 na na
10 59557.072350245364 0.005596426662 cfg1 2 1 0 0 na na
10 59557.104350248815 0.005596423182 cfg1 2 1 0 0 na na
10 59557.127350277243 0.005596432863 cfg1 2 1 0 0 na na
10 59557.130350303685 0.005596407436 cfg1 2 1 0 0 na na
10 59557.135350340049 0.005596408942 cfg1 2 1 0 0 na na
10 59557.147350308875 0.005596419631 cfg1 2 1 0 0 na na
10 59557.156350288925 0.005596421162 cfg1 2 1 0 0 na na
10 59557.171350337400 0.005596430003 cfg1 2 1 0 0 na na
10 59557.172350336384 0.005596417198 cfg1 2 1 0 0 na na
10 59557.210350289989 0.005596402311 cfg1 2 1 0 0 na na
10 59557.213350263764 0.005596403259 cfg1 2 1 0 0 na na
10 59557.228350321745 0.005596420325 cfg1 2 1 0 0 na na
10 59557.233350319193 0.005596419780 cfg1 2 1 0 0 na na
10 59557.237350279169 0.005596416785 cfg1 2 1 0 0 na na
10 59557.250350305693 0.005596414192 cfg1 2 1 0 0 na na
10 59557.260350359816 0.005596409337 cfg1 2 1 0 0 na na
10 59557.290350285847 0.005596406102 cfg1 2 1 0 0 na na
10 59557.291350300936 0.005596415016 cfg1 2 1 0 0 na na
10 59557.331350304587 0.005596399031 cfg1 2 1 0 0 na na
10 59557.347350289821 0.005596428174 cfg1 2 1 0 0 na na
10 59557.363350307858 0.005596404295 cfg1 2 1 0 0 na na
10 59557.366350292024 0.005596406492 cfg1 2 1 0 0 na na
10 59557.371350256680 0.005596405524 cfg1 2 1 0 0 na na
10 59557.416350280967 0.005596406207 cfg1 2 1 0 0 na na
10 59557.426350329281 0.005596403904 cfg1 2 1 0 0 na na
10 59557.429350318966 0.005596402147 cfg1 2 1 0 0 na na
10 59557.434350337325 0.005596411377 cfg1 2 1 0 0 na na
10 59557.443350309303 0.005596419625 cfg1 2 1 0 0 na na
10 59557.471350277431 0.005596426674 cfg1 2 1 0 0 na na
10 59557.474350302605 0.005596405809 cfg1 2 1 0 0 na na
10 59557.479350295699 0.005596431964 cfg1 2 1 0 0 na na
10 59557.487350338263 0.005596418506 cfg1 2 1 0 0 na na
10 59557.488350297800 0.005596410148 cfg1 2 1 0 0 na na
10 59557.495350312102 0.005596431470 cfg1 2 1 0 0 na na
10 59557.512350340113 0.005596409584 cfg1 2 1 0 0 na na
10 59557.520350314332 0.005596434343 cfg1 2 1 0 0 na na
10 59557.522350266261 0.005596429037 cfg1 2 1 0 0 na na
10 59557.553350312614 0.005596427399 cfg1 2 1 0 0 na na
10 59557.557350305193 0.005596425236 cfg1 2 1 0 0 na na
10 59557.590350337845 0.005596443374 cfg1 2 1 0 0 na na
10 59557.604350308775 0.005596424288 cfg1 2 1 0 0 na na
10 59557.609350291514 0.005596427855 cfg1 2 1 0 0 na na
10 59557.628350264972 0.005596421991 cfg1 2 1 0 0 na na
10 59557.629350328953 0.005596437083 cfg1 2 1 0 0 na na
10 59557.635350306357 0.005596440208 cfg1 2 1 0 0 na na
10 59557.668350374371 0.005596436944 cfg1 2 1 0 0 na na
10 59557.687350285674 0.005596441118 cfg1 2 1 0 0 na na
10 59557.699350317345 0.005596440870 cfg1 2 1 0 0 na na
10 59557.708350334061 0.005596450538 cfg1 2 1 0 0 na na
10 59557.710350294279 0.005596446244 cfg1 2 1 0 0 na na
10 59557.750350293302 0.005596458525 cfg1 2 1 0 0 na na
10 59557.781350330068 0.005596474381 cfg1 2 1 0 0 na na
10 59557.789350265170 0.005596477976 cfg1 2 1 0 0 na na
10 59557.806350321339 0.005596468224 cfg1 2 1 0 0 na na
10 59557.808350256108 0.005596460651 cfg1 2 1 0 0 na na
10 59557.832350296536 0.005596479748 cfg1 2 1 0 0 na na
10 59557.851350302373 0.005596488426 cfg1 2 1 0 0 na na
10 59557.867350337082 0.005596479022 cfg1 2 1 0 0 na na
10 59557.873350309315 0.005596473319 cfg1 2 1 0 0 na na
10 59557.898350301374 0.005596502821 cfg1 2 1 0 0 na na
10 59557.939350321411 0.005596490145 cfg1 2 1 0 0 na na
10 59557.957350268120 0.005596516726 cfg1 2 1 0 0 na na
10 59557.959350311284 0.005596493857 cfg1 2 1 0 0 na na
10 59557.982350314884 0.005596502698 cfg1 2 1 0 0 na na
10 59558.009350302039 0.005596524692 cfg1 2 1 0 0 na na
10 59558.021350342787 0.005596518026 cfg1 2 1 0 0 na na
10 59558.050350319983 0.005596544216 cfg1 2 1 0 0 na na
10 59558.098350261964 0.005596534868 cfg1 2 1 0 0 na na
10 59558.111350284115 0.005596561605 cfg1 2 1 0 0 na na
10 59558.113350281969 0.005596548981 cfg1 2 1 0 0 na na
10 59558.128350269343 0.005596546141 cfg1 2 1 0 0 na na
10 59558.145350286070 0.005596576650 cfg1 2 1 0 0 na na
10 59558.149350302700 0.005596575963 cfg1 2 1 0 0 na na
10 59558.165350302462 0.005596572049 cfg1 2 1 0 0 na na
10 59558.172350284841 0.005596558173 cfg1 2 1 0 0 na na
10 59558.188350299100 0.005596591028 cfg1 2 1 0 0 na na
10 59558.214350327110 0.005596577280 cfg1 2 1 0 0 na na
10 59558.232350367234 0.005596590205 cfg1 2 1 0 0 na na
10 59558.243350311671 0.005596586946 cfg1 2 1 0 0 na na
10 59558.254350272848 0.005596602728 cfg1 2 1 0 0 na na
10 59558.257350300371 0.005596597099 cfg1 2 1 0 0 na na
10 59558.262350287724 0.005596605788 cfg1 2 1 0 0 na na
10 59558.263350295038 0.005596596710 cfg1 2 1 0 0 na na
10 59558.267350300258 0.005596597453 cfg1 2 1 0 0 na na
10 59558.282350331857 0.005596613875 cfg1 2 1 0 0 na na
10 59558.288350284806 0.005596610803 cfg1 2 1 0 0 na na
10 59558.295350286914 0.005596606619 cfg1 2 1 0 0 na na
10 59558.303350263787 0.005596612963 cfg1 2 1 0 0 na na
10 59558.309350287860 0.005596632965 cfg1 2 1 0 0 na na
10 59558.320350323177 0.005596626503 cfg1 2 1 0 0 na na
10 59558.343350303268 0.005596648027 cfg1 2 1 0 0 na na
10 59558.350350343687 0.005596655935 cfg1 2 1 0 0 na na
10 59558.395350343063 0.005596657828 cfg1 2 1 0 0 na na
10 59558.404350334951 0.005596669801 cfg1 2 1 0 0 na na
10 59558.441350325919 0.005596673181 cfg1 2 1 0 0 na na
10 59558.448350309701 0.005596691180 cfg1 2 1 0 0 na na
10 59558.462350330004 0.005596708126 cfg1 2 1 0 0 na na
10 59558.464350358593 0.005596683080 cfg1 2 1 0 0 na na
10 59558.476350358619 0.005596692788 cfg1 2 1 0 0 na na
10 59558.539350263435 0.005596723365 cfg1 2 1 0 0 na na
10 59558.547350338550 0.005596731515 cfg1 2 1 0 0 na na
10 59558.584350268005 0.005596743864 cfg1 2 1 0 0 na na
10 59558.589350394199 0.005596750362 cfg1 2 1 0 0 na na
10 59558.599350337717 0.005596780764 cfg1 2 1 0 0 na na
10 59558.608350349801 0.005596756845 cfg1 2 1 0 0 na na
10 59558.619350307555 0.005596781912 cfg1 2 1 0 0 na na
10 59558.625350355265 0.005596793939 cfg1 2 1 0 0 na na
10 59558.636350272762 0.005596772814 cfg1 2 1 0 0 na na
10 59558.663350323415 0.005596814856 cfg1 2 1 0 0 na na
10 59558.694350275850 0.005596830952 cfg1 2 1 0 0 na na
10 59558.759350316250 0.005596870324 cfg1 2 1 0 0 na na
10 59558.765350317231 0.005596852675 cfg1 2 1 0 0 na na
10 59558.769350292509 0.005596868144 cfg1 2 1 0 0 na na
10 59558.771350296035 0.005596863164 cfg1 2 1 0 0 na na
10 59558.772350287241 0.005596854086 cfg1 2 1 0 0 na na
10 59558.781350308109 0.005596877014 cfg1 2 1 0 0 na na
10 59558.786350250576 0.005596881630 cfg1 2 1 0 0 na na
10 59558.789350363558 0.005596873701 cfg1 2 1 0 0 na na
10 59558.807350341443 0.005596889118 cfg1 2 1 0 0 na na
10 59558.833350346218 0.005596906875 cfg1 2 1 0 0 na na
10 59558.859350325224 0.005596924132 cfg1 2 1 0 0 na na
10 59558.862350349008 0.005596925807 cfg1 2 1 0 0 na na
10 59558.869350334499 0.005596934058 cfg1 2 1 0 0 na na
10 59558.873350259369 0.005596922520 cfg1 2 1 0 0 na na
10 59558.880350272796 0.005596933201 cfg1 2 1 0 0 na na
10 59558.934350293484 0.005596976266 cfg1 2 1 0 0 na na
10 59558.939350291972 0.005596978986 cfg1 2 1 0 0 na na
10 59558.943350285919 0.005596976823 cfg1 2 1 0 0 na na
10 59558.954350345888 0.005596971901 cfg1 2 1 0 0 na na
10 59558.955350308322 0.005596973448 cfg1 2 1 0 0 na na
10 59558.960350338956 0.005596979108 cfg1 2 1 0 0 na na
10 59558.978350360689 0.005597013937 cfg1 2 1 0 0 na na
10 59558.986350311048 0.005596993505 cfg1 2 1 0 0 na na
10 59558.998350322059 0.005597030641 cfg1 2 1 0 0 na na
10 59559.013350295159 0.005597028681 cfg1 2 1 0 0 na na
10 59559.038350343238 0.005597056582 cfg1 2 1 0 0 na na
10 59559.060350277200 0.005597062054 cfg1 2 1 0 0 na na
10 59559.110350305426 0.005597090497 cfg1 2 1 0 0 na na
10 59559.111350326786 0.005597101748 cfg1 2 1 0 0 na na
10 59559.112350298044 0.005597086362 cfg1 2 1 0 0 na na
10 59559.131350363892 0.005597125264 cfg1 2 1 0 0 na na
10 59559.165350336908 0.005597133094 cfg1 2 1 0 0 na na
10 59559.183350288040 0.005597148146 cfg1 2 1 0 0 na na
10 59559.205350329973 0.005597160179 cfg1 2 1 0 0 na na
10 59559.224350289836 0.005597196789 cfg1 2 1 0 0 na na
10 59559.225350344211 0.005597189141 cfg1 2 1 0 0 na na
10 59559.243350354580 0.005597195323 cfg1 2 1 0 0 na na
10 59559.277350327494 0.005597241827 cfg1 2 1 0 0 na na
10 59559.299350341574 0.005597253263 cfg1 2 1 0 0 na na
10 59559.301350348408 0.005597264869 cfg1 2 1 0 0 na na
10 59559.319350308336 0.005597268212 cfg1 2 1 0 0 na na
10 59559.320350292552 0.005597261234 cfg1 2 1 0 0 na na
10 59559.326350356116 0.005597266241 cfg1 2 1 0 0 na na
10 59559.341350324779 0.005597290990 cfg1 2 1 0 0 na na
10 59559.358350330735 0.005597304730 cfg1 2 1 0 0 na na
10 59559.375350270345 0.005597325355 cfg1 2 1 0 0 na na
10 59559.387350329899 0.005597339665 cfg1 2 1 0 0 na na
10 59559.399350273315 0.005597322933 cfg1 2 1 0 0 na na
10 59559.407350292285 0.005597355563 cfg1 2 1 0 0 na na
10 59559.411350296019 0.005597349019 cfg1 2 1 0 0 na na
10 59559.429350354553 0.005597360832 cfg1 2 1 0 0 na na
10 59559.434350307642 0.005597362892 cfg1 2 1 0 0 na na
10 59559.452350264260 0.005597378004 cfg1 2 1 0 0 na na
10 59559.454350282473 0.005597377476 cfg1 2 1 0 0 na na
10 59559.509350337880 0.005597447651 cfg1 2 1 0 0 na na
10 59559.518350295784 0.005597434256 cfg1 2 1 0 0 na na
10 59559.529350359430 0.005597438170 cfg1 2 1 0 0 na na
10 59559.549350298515 0.005597482733 cfg1 2 1 0 0 na na
10 59559.564350341493 0.005597496901 cfg1 2 1 0 0 na na
10 59559.584350272239 0.005597506996 cfg1 2 1 0 0 na na
10 59559.607350365549 0.005597529842 cfg1 2 1 0 0 na na
10 59559.609350295355 0.005597527726 cfg1 2 1 0 0 na na
10 59559.637350345913 0.005597555110 cfg1 2 1 0 0 na na
10 59559.639350317570 0.005597546436 cfg1 2 1 0 0 na na
10 59559.640350355558 0.005597568575 cfg1 2 1 0 0 na na
10 59559.668350310403 0.005597598740 cfg1 2 1 0 0 na na
10 59559.713350323850 0.005597624286 cfg1 2 1 0 0 na na
10 59559.748350303173 0.005597661037 cfg1 2 1 0 0 na na
10 59559.797350287345 0.005597723596 cfg1 2 1 0 0 na na
10 59559.810350263442 0.005597718395 cfg1 2 1 0 0 na na
10 59559.829350290031 0.005597739742 cfg1 2 1 0 0 na na
10 59559.831350281218 0.005597738449 cfg1 2 1 0 0 na na
10 59559.868350316119 0.005597798101 cfg1 2 1 0 0 na na
10 59559.912350335065 0.005597845269 cfg1 2 1 0 0 na na
10 59559.929350329737 0.005597872282 cfg1 2 1 0 0 na na
10 59559.937350325539 0.005597854636 cfg1 2 1 0 0 na na
10 59559.952350275911 0.005597871991 cfg1 2 1 0 0 na na
10 59559.973350263492 0.005597893103 cfg1 2 1 0 0 na na
10 59559.983350350702 0.005597908917 cfg1 2 1 0 0 na na
10 59559.985350296156 0.005597913852 cfg1 2 1 0 0 na na
10 59559.992350339167 0.005597931318 cfg1 2 1 0 0 na na
10 59560.008350304042 0.005597957373 cfg1 2 1 0 0 na na
10 59560.032350273697 0.005597980111 cfg1 2 1 0 0 na na
10 59560.037350364684 0.005597981049 cfg1 2 1 0 0 na na
10 59560.039350308527 0.005597993093 cfg1 2 1 0 0 na na
10 59560.051350332096 0.005597994039 cfg1 2 1 0 0 na na
10 59560.067350302681 0.005598020006 cfg1 2 1 0 0 na na
10 59560.081350310895 0.005598034785 cfg1 2 1 0 0 na na
10 59560.106350261810 0.005598064289 cfg1 2 1 0 0 na na
10 59560.118350279887 0.005598066948 cfg1 2 1 0 0 na na
10 59560.122350283679 0.005598074536 cfg1 2 1 0 0 na na
10 59560.125350326272 0.005598090451 cfg1 2 1 0 0 na na
10 59560.158350301805 0.005598119116 cfg1 2 1 0 0 na na
10 59560.163350252885 0.005598123988 cfg1 2 1 0 0 na na
10 59560.170350322878 0.005598132379 cfg1 2 1 0 0 na na
10 59560.185350272035 0.005598152118 cfg1 2 1 0 0 na na
10 59560.191350296961 0.005598175557 cfg1 2 1 0 0 na na
10 59560.199350348235 0.005598159274 cfg1 2 1 0 0 na na
10 59560.209350304070 0.005598191343 cfg1 2 1 0 0 na na
10 59560.211350259626 0.005598177206 cfg1 2 1 0 0 na na
10 59560.230350302478 0.005598206875 cfg1 2 1 0 0 na na
10 59560.236350299438 0.005598214723 cfg1 2 1 0 0 na na
10 59560.260350275794 0.005598242601 cfg1 2 1 0 0 na na
10 59560.274350255724 0.005598256106 cfg1 2 1 0 0 na na
10 59560.275350330795 0.005598251207 cfg1 2 1 0 0 na na
10 59560.305350261754 0.005598290697 cfg1 2 1 0 0 na na
10 59560.308350256472 0.005598300107 cfg1 2 1 0 0 na na
10 59560.311350303390 0.005598314703 cfg1 2 1 0 0 na na
10 59560.321350333582 0.005598309788 cfg1 2 1 0 0 na na
10 59560.322350258245 0.005598313679 cfg1 2 1 0 0 na na
10 59560.364350293259 0.005598372557 cfg1 2 1 0 0 na na
10 59560.366350263453 0.005598364618 cfg1 2 1 0 0 na na
10 59560.382350264287 0.005598411274 cfg1 2 1 0 0 na na
10 59560.387350337436 0.005598410425 cfg1 2 1 0 0 na na
10 59560.391350264927 0.005598402797 cfg1 2 1 0 0 na na
10 59560.406350278721 0.005598440953 cfg1 2 1 0 0 na na
10 59560.410350319418 0.005598422810 cfg1 2 1 0 0 na na
10 59560.413350290550 0.005598450653 cfg1 2 1 0 0 na na
10 59560.425350269945 0.005598448364 cfg1 2 1 0 0 na na
10 59560.435350290663 0.005598459625 cfg1 2 1 0 0 na na
10 59560.443350329550 0.005598479375 cfg1 2 1 0 0 na na
10 59560.459350316805 0.005598507103 cfg1 2 1 0 0 na na
10 59560.471350331645 0.005598505979 cfg1 2 1 0 0 na na
10 59560.474350329692 0.005598524701 cfg1 2 1 0 0 na na
10 59560.510350254402 0.005598562451 cfg1 2 1 0 0 na na
10 59560.518350239945 0.005598586978 cfg1 2 1 0 0 na na
10 59560.525350323636 0.005598586906 cfg1 2 1 0 0 na na
10 59560.535350296628 0.005598607929 cfg1 2 1 0 0 na na
10 59560.543350353396 0.005598604055 cfg1 2 1 0 0 na na
10 59560.547350273065 0.005598605872 cfg1 2 1 0 0 na na
10 59560.558350360875 0.005598622823 cfg1 2 1 0 0 na na
10 59560.565350256551 0.005598635267 cfg1 2 1 0 0 na na
10 59560.580350334487 0.005598663167 cfg1 2 1 0 0 na na
10 59560.591350275693 0.005598678003 cfg1 2 1 0 0 na na
10 59560.610350277293 0.005598699383 cfg1 2 1 0 0 na na
10 59560.618350329354 0.005598726648 cfg1 2 1 0 0 na na
10 59560.620350276917 0.005598703799 cfg1 2 1 0 0 na na
10 59560.626350345751 0.005598719186 cfg1 2 1 0 0 na na
10 59560.635350325163 0.005598736909 cfg1 2 1 0 0 na na
10 59560.645350307203 0.005598763981 cfg1 2 1 0 0 na na
10 59560.652350303833 0.005598769475 cfg1 2 1 0 0 na na
10 59560.677350291020 0.005598790242 cfg1 2 1 0 0 na na
10 59560.685350249854 0.005598806752 cfg1 2 1 0 0 na na
10 59560.695350303533 0.005598827522 cfg1 2 1 0 0 na na
10 59560.696350327624 0.005598825396 cfg1 2 1 0 0 na na
10 59560.698350351990 0.005598815407 cfg1 2 1 0 0 na na
10 59560.706350336228 0.005598853389 cfg1 2 1 0 0 na na
10 59560.722350302266 0.005598847966 cfg1 2 1 0 0 na na
10 59560.730350293704 0.005598869629 cfg1 2 1 0 0 na na
10 59560.767350277596 0.005598919501 cfg1 2 1 0 0 na na
10 59560.785350266576 0.005598965059 cfg1 2 1 0 0 na na
10 59560.787350247659 0.005598954492 cfg1 2 1 0 0 na na
10 59560.800350278595 0.005598965657 cfg1 2 1 0 0 na na
10 59560.858350295485 0.005599068475 cfg1 2 1 0 0 na na
10 59560.860350291843 0.005599066567 cfg1 2 1 0 0 na na
10 59560.863350261834 0.005599055113 cfg1 2 1 0 0 na na
10 59560.891350321359 0.005599102052 cfg1 2 1 0 0 na na
10 59560.945350303067 0.005599196324 cfg1 2 1 0 0 na na
10 59560.964350350778 0.005599220544 cfg1 2 1 0 0 na na
10 59560.968350258057 0.005599217831 cfg1 2 1 0 0 na na
10 59560.972350347942 0.005599222764 cfg1 2 1 0 0 na na
10 59560.991350335367 0.005599262433 cfg1 2 1 0 0 na na
10 59561.042350269569 0.005599330556 cfg1 2 1 0 0 na na
10 59561.043350309018 0.005599338437 cfg1 2 1 0 0 na na
10 59561.046350344104 0.005599354978 cfg1 2 1 0 0 na na
10 59561.058350328566 0.005599367210 cfg1 2 1 0 0 na na
10 59561.061350299649 0.005599375872 cfg1 2 1 0 0 na na
10 59561.067350289478 0.005599375765 cfg1 2 1 0 0 na na
10 59561.077350317219 0.005599380567 cfg1 2 1 0 0 na na
10 59561.087350350944 0.005599421561 cfg1 2 1 0 0 na na
10 59561.097350320734 0.005599441282 cfg1 2 1 0 0 na na
10 59561.183350290060 0.005599553003 cfg1 2 1 0 0 na na
10 59561.189350326183 0.005599560600 cfg1 2 1 0 0 na na
10 59561.193350277283 0.005599577187 cfg1 2 1 0 0 na na
10 59561.205350264415 0.005599609250 cfg1 2 1 0 0 na na
10 59561.210350279949 0.005599596005 cfg1 2 1 0 0 na na
10 59561.218350263399 0.005599616860 cfg1 2 1 0 0 na na
10 59561.226350264743 0.005599644981 cfg1 2 1 0 0 na na
10 59561.236350303785 0.005599649414 cfg1 2 1 0 0 na na
10 59561.240350294926 0.005599656812 cfg1 2 1 0 0 na na
10 59561.256350324447 0.005599694286 cfg1 2 1 0 0 na na
10 59561.267350255829 0.005599704130 cfg1 2 1 0 0 na na
10 59561.268350328613 0.005599715436 cfg1 2 1 0 0 na na
10 59561.293350298252 0.005599741830 cfg1 2 1 0 0 na na
10 59561.333350268066 0.005599798909 cfg1 2 1 0 0 na na
10 59561.346350274828 0.005599834125 cfg1 2 1 0 0 na na
10 59561.347350367632 0.005599835967 cfg1 2 1 0 0 na na
10 59561.365350329367 0.005599854565 cfg1 2 1 0 0 na na
10 59561.367350334749 0.005599873040 cfg1 2 1 0 0 na na
10 59561.380350286277 0.005599895205 cfg1 2 1 0 0 na na
10 59561.393350311755 0.005599905731 cfg1 2 1 0 0 na na
10 59561.396350362750 0.005599923377 cfg1 2 1 0 0 na na
10 59561.397350263551 0.005599908306 cfg1 2 1 0 0 na na
10 59561.401350256849 0.005599941615 cfg1 2 1 0 0 na na
10 59561.404350269803 0.005599920180 cfg1 2 1 0 0 na na
10 59561.442350242850 0.005600009019 cfg1 2 1 0 0 na na
10 59561.456350320872 0.005600019338 cfg1 2 1 0 0 na na
10 59561.459350265158 0.005600034892 cfg1 2 1 0 0 na na
10 59561.468350288376 0.005600056745 cfg1 2 1 0 0 na na
10 59561.479350291705 0.005600060507 cfg1 2 1 0 0 na na
10 59561.489350270591 0.005600073950 cfg1 2 1 0 0 na na
10 59561.505350266322 0.005600095759 cfg1 2 1 0 0 na na
10 59561.530350326557 0.005600158518 cfg1 2 1 0 0 na na
10 59561.558350280953 0.005600187460 cfg1 2 1 0 0 na na
10 59561.562350259894 0.005600202020 cfg1 2 1 0 0 na na
10 59561.564350347988 0.005600225560 cfg1 2 1 0 0 na na
10 59561.574350273073 0.005600224946 cfg1 2 1 0 0 na na
10 59561.575350344275 0.005600218907 cfg1 2 1 0 0 na na
10 59561.579350260954 0.005600230994 cfg1 2 1 0 0 na na
10 59561.600350262582 0.005600269434 cfg1 2 1 0 0 na na
10 59561.605350288962 0.005600275095 cfg1 2 1 0 0 na na
10 59561.616350334096 0.005600299766 cfg1 2 1 0 0 na na
10 59561.623350329591 0.005600322725 cfg1 2 1 0 0 na na
10 59561.637350348729 0.005600332688 cfg1 2 1 0 0 na na
10 59561.669350324878 0.005600411348 cfg1 2 1 0 0 na na
10 59561.683350349276 0.005600416885 cfg1 2 1 0 0 na na
10 59561.694350292871 0.005600442755 cfg1 2 1 0 0 na na
10 59561.704350329907 0.005600478252 cfg1 2 1 0 0 na na
10 59561.711350300728 0.005600487398 cfg1 2 1 0 0 na na
10 59561.732350254087 0.005600517889 cfg1 2 1 0 0 na na
10 59561.746350339455 0.005600548037 cfg1 2 1 0 0 na na
10 59561.793350279587 0.005600620198 cfg1 2 1 0 0 na na
10 59561.794350375340 0.005600625213 cfg1 2 1 0 0 na na
10 59561.798350291746 0.005600634001 cfg1 2 1 0 0 na na
10 59561.804350321110 0.005600664615 cfg1 2 1 0 0 na na
10 59561.819350304847 0.005600683892 cfg1 2 1 0 0 na na
10 59561.829350239251 0.005600712568 cfg1 2 1 0 0 na na
10 59561.860350309230 0.005600753306 cfg1 2 1 0 0 na na
10 59561.864350343416 0.005600775378 cfg1 2 1 0 0 na na
10 59561.865350349880 0.005600754462 cfg1 2 1 0 0 na na
10 59561.886350329843 0.005600814806 cfg1 2 1 0 0 na na
10 59561.924350273692 0.005600877425 cfg1 2 1 0 0 na na
10 59561.933350312745 0.005600885267 cfg1 2 1 0 0 na na
10 59561.943350298706 0.005600914447 cfg1 2 1 0 0 na na
10 59561.952350364885 0.005600921546 cfg1 2 1 0 0 na na
10 59561.954350247779 0.005600953162 cfg1 2 1 0 0 na na
10 59561.956350345625 0.005600957017 cfg1 2 1 0 0 na na
10 59561.958350269595 0.005600932594 cfg1 2 1 0 0 na na
10 59561.963350279957 0.005600942074 cfg1 2 1 0 0 na na
10 59561.970350303671 0.005600965244 cfg1 2 1 0 0 na na
10 59561.973350327171 0.005600965429 cfg1 2 1 0 0 na na
10 59561.995350310781 0.005601023904 cfg1 2 1 0 0 na na
10 59561.996350308161 0.005601009712 cfg1 2 1 0 0 na na
10 59561.999350261634 0.005601037085 cfg1 2 1 0 0 na na
10 59562.040350346274 0.005601094442 cfg1 2 1 0 0 na na
10 59562.056350320332 0.005601133889 cfg1 2 1 0 0 na na
10 59562.062350261105 0.005601148988 cfg1 2 1 0 0 na na
10 59562.066350260546 0.005601150882 cfg1 2 1 0 0 na na
10 59562.072350336947 0.005601160515 cfg1 2 1 0 0 na na
10 59562.074350294779 0.005601168393 cfg1 2 1 0 0 na na
10 59562.100350334193 0.005601212236 cfg1 2 1 0 0 na na
10 59562.113350317495 0.005601254324 cfg1 2 1 0 0 na na
10 59562.114350286044 0.005601259633 cfg1 2 1 0 0 na na
10 59562.126350290456 0.005601269626 cfg1 2 1 0 0 na na
10 59562.158350288295 0.005601331003 cfg1 2 1 0 0 na na
10 59562.164350278266 0.005601351034 cfg1 2 1 0 0 na na
10 59562.165350243734 0.005601363134 cfg1 2 1 0 0 na na
10 59562.167350311724 0.005601368039 cfg1 2 1 0 0 na na
10 59562.206350276606 0.005601427272 cfg1 2 1 0 0 na na
10 59562.221350356143 0.005601477487 cfg1 2 1 0 0 na na
10 59562.240350337368 0.005601517329 cfg1 2 1 0 0 na na
10 59562.243350316963 0.005601532597 cfg1 2 1 0 0 na na
10 59562.251350327844 0.005601533369 cfg1 2 1 0 0 na na
10 59562.258350370092 0.005601548324 cfg1 2 1 0 0 na na
10 59562.290350291282 0.005601629800 cfg1 2 1 0 0 na na
10 59562.295350254016 0.005601622881 cfg1 2 1 0 0 na na
10 59562.304350321695 0.005601652754 cfg1 2 1 0 0 na na
10 59562.305350337877 0.005601647969 cfg1 2 1 0 0 na na
10 59562.320350307056 0.005601669509 cfg1 2 1 0 0 na na
10 59562.343350327567 0.005601723158 cfg1 2 1 0 0 na na
10 59562.345350265687 0.005601728634 cfg1 2 1 0 0 na na
10 59562.346350286300 0.005601721010 cfg1 2 1 0 0 na na
10 59562.363350268580 0.005601757036 cfg1 2 1 0 0 na na
10 59562.364350340395 0.005601776372 cfg1 2 1 0 0 na na
10 59562.369350255149 0.005601776786 cfg1 2 1 0 0 na na
10 59562.377350301356 0.005601783828 cfg1 2 1 0 0 na na
10 59562.406350299986 0.005601846161 cfg1 2 1 0 0 na na
10 59562.409350297263 0.005601869684 cfg1 2 1 0 0 na na
10 59562.422350293821 0.005601884408 cfg1 2 1 0 0 na na
10 59562.427350300469 0.005601892748 cfg1 2 1 0 0 na na
10 59562.443350307041 0.005601941760 cfg1 2 1 0 0 na na
10 59562.448350323946 0.005601948832 cfg1 2 1 0 0 na na
10 59562.450350326626 0.005601947413 cfg1 2 1 0 0 na na
10 59562.452350309045 0.005601949373 cfg1 2 1 0 0 na na
10 59562.453350258203 0.005601952220 cfg1 2 1 0 0 na na
10 59562.456350280494 0.005601977041 cfg1 2 1 0 0 na na
10 59562.460350309353 0.005601963547 cfg1 2 1 0 0 na na
10 59562.470350295027 0.005601993549 cfg1 2 1 0 0 na na
10 59562.477350247842 0.005602014137 cfg1 2 1 0 0 na na
10 59562.520350268147 0.005602112340 cfg1 2 1 0 0 na na
10 59562.531350347262 0.005602124909 cfg1 2 1 0 0 na na
10 59562.545350307541 0.005602148426 cfg1 2 1 0 0 na na
10 59562.562350290559 0.005602190194 cfg1 2 1 0 0 na na
10 59562.566350295524 0.005602218242 cfg1 2 1 0 0 na na
10 59562.569350304248 0.005602222742 cfg1 2 1 0 0 na na
10 59562.583350316360 0.005602256287 cfg1 2 1 0 0 na na
10 59562.594350302071 0.005602263140 cfg1 2 1 0 0 na na
10 59562.603350274831 0.005602298126 cfg1 2 1 0 0 na na
10 59562.612350322798 0.005602303947 cfg1 2 1 0 0 na na
10 59562.656350250806 0.005602413097 cfg1 2 1 0 0 na na
10 59562.666350361167 0.005602414601 cfg1 2 1 0 0 na na
10 59562.700350247927 0.005602513824 cfg1 2 1 0 0 na na
10 59562.709350344848 0.005602519481 cfg1 2 1 0 0 na na
10 59562.712350295785 0.005602521602 cfg1 2 1 0 0 na na
10 59562.729350261091 0.005602555685 cfg1 2 1 0 0 na na
10 59562.748350332684 0.005602608091 cfg1 2 1 0 0 na na
10 59562.782350269934 0.005602695209 cfg1 2 1 0 0 na na
10 59562.794350316150 0.005602705551 cfg1 2 1 0 0 na na
10 59562.795350298766 0.005602722364 cfg1 2 1 0 0 na na
10 59562.796350295622 0.005602726657 cfg1 2 1 0 0 na na
10 59562.817350322002 0.005602767102 cfg1 2 1 0 0 na na
10 59562.833350295277 0.005602816054 cfg1 2 1 0 0 na na
10 59562.856350385475 0.005602856060 cfg1 2 1 0 0 na na
10 59562.858350333571 0.005602855634 cfg1 2 1 0 0 na na
10 59562.859350263882 0.005602853063 cfg1 2 1 0 0 na na
10 59562.876350333519 0.005602893268 cfg1 2 1 0 0 na na
10 59562.899350270932 0.005602962052 cfg1 2 1 0 0 na na
10 59562.944350318489 0.005603076798 cfg1 2 1 0 0 na na
10 59562.970350312272 0.005603118973 cfg1 2 1 0 0 na na
10 59562.973350282743 0.005603127994 cfg1 2 1 0 0 na na
10 59563.010350284855 0.005603212937 cfg1 2 1 0 0 na na
10 59563.025350306693 0.005603246360 cfg1 2 1 0 0 na na
10 59563.033350319099 0.005603279012 cfg1 2 1 0 0 na na
10 59563.034350315981 0.005603293417 cfg1 2 1 0 0 na na
10 59563.037350287691 0.005603291952 cfg1 2 1 0 0 na na
10 59563.052350240634 0.005603331264 cfg1 2 1 0 0 na na
10 59563.055350330891 0.005603344581 cfg1 2 1 0 0 na na
10 59563.058350287414 0.005603349109 cfg1 2 1 0 0 na na
10 59563.061350324467 0.005603341684 cfg1 2 1 0 0 na na
10 59563.068350311620 0.005603349793 cfg1 2 1 0 0 na na
10 59563.076350266448 0.005603388013 cfg1 2 1 0 0 na na
10 59563.089350312847 0.005603423922 cfg1 2 1 0 0 na na
10 59563.138350278166 0.005603530310 cfg1 2 1 0 0 na na
10 59563.151350320028 0.005603560389 cfg1 2 1 0 0 na na
10 59563.165350315683 0.005603584043 cfg1 2 1 0 0 na na
10 59563.184350300483 0.005603629888 cfg1 2 1 0 0 na na
10 59563.210350237004 0.005603719541 cfg1 2 1 0 0 na na
10 59563.215350317364 0.005603726583 cfg1 2 1 0 0 na na
10 59563.230350299815 0.005603746588 cfg1 2 1 0 0 na na
10 59563.266350326101 0.005603844167 cfg1 2 1 0 0 na na
10 59563.270350300031 0.005603857712 cfg1 2 1 0 0 na na
10 59563.312350300889 0.005603971360 cfg1 2 1 0 0 na na
10 59563.331350243697 0.005604013064 cfg1 2 1 0 0 na na
10 59563.333350349856 0.005604007784 cfg1 2 1 0 0 na na
10 59563.335350287215 0.005604005883 cfg1 2 1 0 0 na na
10 59563.355350292804 0.005604067329 cfg1 2 1 0 0 na na
10 59563.359350341806 0.005604079022 cfg1 2 1 0 0 na na
10 59563.383350281712 0.005604150425 cfg1 2 1 0 0 na na
10 59563.462350306156 0.005604347681 cfg1 2 1 0 0 na na
10 59563.466350292492 0.005604351236 cfg1 2 1 0 0 na na
10 59563.468350255402 0.005604351563 cfg1 2 1 0 0 na na
10 59563.471350323727 0.005604351995 cfg1 2 1 0 0 na na
10 59563.489350308483 0.005604422917 cfg1 2 1 0 0 na na
10 59563.496350301673 0.005604416510 cfg1 2 1 0 0 na na
10 59563.512350323551 0.005604465781 cfg1 2 1 0 0 na na
10 59563.515350258874 0.005604468163 cfg1 2 1 0 0 na na
10 59563.552350314985 0.005604565919 cfg1 2 1 0 0 na na
10 59563.555350327582 0.005604595599 cfg1 2 1 0 0 na na
10 59563.576350325466 0.005604645188 cfg1 2 1 0 0 na na
10 59563.580350267819 0.005604643638 cfg1 2 1 0 0 na na
10 59563.584350246793 0.005604668363 cfg1 2 1 0 0 na na
10 59563.590350316550 0.005604681661 cfg1 2 1 0 0 na na
10 59563.610350263596 0.005604722630 cfg1 2 1 0 0 na na
10 59563.619350303534 0.005604759259 cfg1 2 1 0 0 na na
10 59563.632350370592 0.005604777125 cfg1 2 1 0 0 na na
10 59563.653350279570 0.005604832813 cfg1 2 1 0 0 na na
10 59563.671350327842 0.005604875185 cfg1 2 1 0 0 na na
10 59563.690350297563 0.005604937355 cfg1 2 1 0 0 na na
10 59563.700350293292 0.005604952181 cfg1 2 1 0 0 na na
10 59563.704350299936 0.005604962831 cfg1 2 1 0 0 na na
10 59563.725350265065 0.005605029937 cfg1 2 1 0 0 na na
10 59563.729350341980 0.005605041245 cfg1 2 1 0 0 na na
10 59563.745350255863 0.005605080938 cfg1 2 1 0 0 na na
10 59563.757350325109 0.005605128730 cfg1 2 1 0 0 na na
10 59563.775350280022 0.005605162707 cfg1 2 1 0 0 na na
10 59563.778350274920 0.005605181175 cfg1 2 1 0 0 na na
10 59563.796350325819 0.005605227764 cfg1 2 1 0 0 na na
10 59563.805350293351 0.005605247716 cfg1 2 1 0 0 na na
10 59563.811350278091 0.005605278321 cfg1 2 1 0 0 na na
10 59563.846350327250 0.005605374336 cfg1 2 1 0 0 na na
10 59563.863350325338 0.005605413766 cfg1 2 1 0 0 na na
10 59563.878350281572 0.005605443323 cfg1 2 1 0 0 na na
10 59563.918350351028 0.005605568462 cfg1 2 1 0 0 na na
10 59563.940350352641 0.005605629122 cfg1 2 1 0 0 na na
10 59563.951350297590 0.005605663922 cfg1 2 1 0 0 na na
10 59563.980350364545 0.005605737189 cfg1 2 1 0 0 na na
10 59564.027350310321 0.005605850321 cfg1 2 1 0 0 na na
10 59564.081350313406 0.005606021140 cfg1 2 1 0 0 na na
10 59564.094350334206 0.005606040149 cfg1 2 1 0 0 na na
10 59564.102350344142 0.005606069521 cfg1 2 1 0 0 na na
10 59564.124350296923 0.005606142223 cfg1 2 1 0 0 na na
10 59564.131350314453 0.005606153298 cfg1 2 1 0 0 na na
10 59564.138350303685 0.005606185792 cfg1 2 1 0 0 na na
10 59564.148350328347 0.005606213828 cfg1 2 1 0 0 na na
10 59564.160350343619 0.005606243659 cfg1 2 1 0 0 na na
10 59564.180350309939 0.005606306176 cfg1 2 1 0 0 na na
10 59564.190350311521 0.005606312731 cfg1 2 1 0 0 na na
10 59564.191350292323 0.005606314998 cfg1 2 1 0 0 na na
10 59564.236350319532 0.005606460609 cfg1 2 1 0 0 na na
10 59564.239350338727 0.005606456698 cfg1 2 1 0 0 na na
10 59564.241350264182 0.005606457782 cfg1 2 1 0 0 na na
10 59564.242350319711 0.005606468290 cfg1 2 1 0 0 na na
10 59564.249350302239 0.005606508569 cfg1 2 1 0 0 na na
10 59564.252350290030 0.005606492317 cfg1 2 1 0 0 na na
10 59564.267350261515 0.005606535311 cfg1 2 1 0 0 na na
10 59564.268350318941 0.005606535679 cfg1 2 1 0 0 na na
10 59564.289350321053 0.005606597876 cfg1 2 1 0 0 na na
10 59564.300350320607 0.005606654177 cfg1 2 1 0 0 na na
10 59564.329350255720 0.005606739428 cfg1 2 1 0 0 na na
10 59564.332350288499 0.005606742176 cfg1 2 1 0 0 na na
10 59564.341350315120 0.005606750381 cfg1 2 1 0 0 na na
10 59564.362350336387 0.005606825615 cfg1 2 1 0 0 na na
10 59564.400350271278 0.005606935953 cfg1 2 1 0 0 na na
10 59564.411350307732 0.005606982664 cfg1 2 1 0 0 na na
10 59564.421350289437 0.005607007616 cfg1 2 1 0 0 na na
10 59564.467350316388 0.005607133072 cfg1 2 1 0 0 na na
10 59564.517350314092 0.005607300678 cfg1 2 1 0 0 na na
10 59564.518350314728 0.005607288468 cfg1 2 1 0 0 na na
10 59564.525350320017 0.005607307583 cfg1 2 1 0 0 na na
10 59564.527350279261 0.005607303489 cfg1 2 1 0 0 na na
10 59564.531350286767 0.005607337022 cfg1 2 1 0 0 na na
10 59564.542350272133 0.005607350911 cfg1 2 1 0 0 na na
10 59564.550350293399 0.005607378602 cfg1 2 1 0 0 na na
10 59564.556350267547 0.005607406157 cfg1 2 1 0 0 na na
10 59564.635350277663 0.005607658252 cfg1 2 1 0 0 na na
10 59564.674350301599 0.005607769292 cfg1 2 1 0 0 na na
10 59564.686350287205 0.005607787435 cfg1 2 1 0 0 na na
10 59564.694350253478 0.005607838817 cfg1 2 1 0 0 na na
10 59564.705350299412 0.005607864016 cfg1 2 1 0 0 na na
10 59564.721350312020 0.005607919140 cfg1 2 1 0 0 na na
10 59564.724350285960 0.005607916845 cfg1 2 1 0 0 na na
10 59564.733350323462 0.005607950008 cfg1 2 1 0 0 na na
10 59564.743350345021 0.005607986445 cfg1 2 1 0 0 na na
10 59564.750350260371 0.005608007706 cfg1 2 1 0 0 na na
10 59564.754350263563 0.005607998445 cfg1 2 1 0 0 na na
10 59564.767350323065 0.005608042709 cfg1 2 1 0 0 na na
10 59564.783350327455 0.005608111169 cfg1 2 1 0 0 na na
10 59564.790350357849 0.005608128139 cfg1 2 1 0 0 na na
10 59564.826350367350 0.005608247151 cfg1 2 1 0 0 na na
10 59564.837350310529 0.005608271209 cfg1 2 1 0 0 na na
10 59564.847350260943 0.005608290872 cfg1 2 1 0 0 na na
10 59564.861350272455 0.005608348952 cfg1 2 1 0 0 na na
10 59564.868350294443 0.005608360832 cfg1 2 1 0 0 na na
10 59564.914350292562 0.005608508273 cfg1 2 1 0 0 na na
10 59564.918350330536 0.005608530845 cfg1 2 1 0 0 na na
10 59564.919350317027 0.005608531578 cfg1 2 1 0 0 na na
10 59564.925350344364 0.005608558458 cfg1 2 1 0 0 na na
10 59564.952350294120 0.005608648614 cfg1 2 1 0 0 na na
10 59564.956350296999 0.005608634729 cfg1 2 1 0 0 na na
10 59564.964350349739 0.005608685729 cfg1 2 1 0 0 na na
10 59564.979350324762 0.005608733828 cfg1 2 1 0 0 na na
10 59564.996350294452 0.005608767733 cfg1 2 1 0 0 na na
10 59565.014350263937 0.005608828362 cfg1 2 1 0 0 na na
10 59565.028350340046 0.005608877159 cfg1 2 1 0 0 na na
10 59565.044350261179 0.005608920744 cfg1 2 1 0 0 na na
10 59565.061350286427 0.005608990514 cfg1 2 1 0 0 na na
10 59565.073350255778 0.005609016287 cfg1 2 1 0 0 na na
10 59565.099350291117 0.005609118392 cfg1 2 1 0 0 na na
10 59565.110350265537 0.005609144714 cfg1 2 1 0 0 na na
10 59565.120350313293 0.005609177790 cfg1 2 1 0 0 na na
10 59565.126350322137 0.005609186263 cfg1 2 1 0 0 na na
10 59565.132350298641 0.005609213796 cfg1 2 1 0 0 na na
10 59565.138350293256 0.005609227347 cfg1 2 1 0 0 na na
10 59565.165350314108 0.005609331186 cfg1 2 1 0 0 na na
10 59565.177350308942 0.005609348870 cfg1 2 1 0 0 na na
10 59565.180350286920 0.005609358011 cfg1 2 1 0 0 na na
10 59565.184350307699 0.005609370690 cfg1 2 1 0 0 na na
10 59565.198350317565 0.005609441061 cfg1 2 1 0 0 na na
10 59565.225350278738 0.005609505178 cfg1 2 1 0 0 na na
10 59565.231350285016 0.005609552898 cfg1 2 1 0 0 na na
10 59565.257350330068 0.005609640345 cfg1 2 1 0 0 na na
10 59565.263350311520 0.005609649743 cfg1 2 1 0 0 na na
10 59565.285350338677 0.005609732721 cfg1 2 1 0 0 na na
10 59565.292350335378 0.005609728231 cfg1 2 1 0 0 na na
10 59565.349350285328 0.005609941454 cfg1 2 1 0 0 na na
10 59565.377350329303 0.005610012244 cfg1 2 1 0 0 na na
10 59565.381350291230 0.005610041377 cfg1 2 1 0 0 na na
10 59565.393350261281 0.005610070615 cfg1 2 1 0 0 na na
10 59565.401350317038 0.005610109773 cfg1 2 1 0 0 na na
10 59565.428350344168 0.005610187985 cfg1 2 1 0 0 na na
10 59565.448350290796 0.005610264189 cfg1 2 1 0 0 na na
10 59565.464350332084 0.005610331789 cfg1 2 1 0 0 na na
10 59565.473350251631 0.005610350635 cfg1 2 1 0 0 na na
10 59565.474350314937 0.005610365165 cfg1 2 1 0 0 na na
10 59565.529350259110 0.005610532762 cfg1 2 1 0 0 na na
10 59565.537350257305 0.005610564720 cfg1 2 1 0 0 na na
10 59565.560350286467 0.005610638956 cfg1 2 1 0 0 na na
10 59565.576350290101 0.005610711313 cfg1 2 1 0 0 na na
10 59565.595350321099 0.005610775051 cfg1 2 1 0 0 na na
10 59565.607350268502 0.005610797939 cfg1 2 1 0 0 na na
10 59565.608350322233 0.005610825327 cfg1 2 1 0 0 na na
10 59565.610350325309 0.005610830197 cfg1 2 1 0 0 na na
10 59565.617350290296 0.005610861558 cfg1 2 1 0 0 na na
10 59565.649350287988 0.005610950457 cfg1 2 1 0 0 na na
10 59565.674350363518 0.005611057401 cfg1 2 1 0 0 na na
10 59565.679350313599 0.005611060060 cfg1 2 1 0 0 na na
10 59565.687350336162 0.005611076666 cfg1 2 1 0 0 na na
10 59565.711350356081 0.005611173835 cfg1 2 1 0 0 na na
10 59565.740350306042 0.005611273244 cfg1 2 1 0 0 na na
10 59565.741350263727 0.005611268082 cfg1 2 1 0 0 na na
10 59565.744350337577 0.005611281605 cfg1 2 1 0 0 na na
10 59565.800350279271 0.005611485374 cfg1 2 1 0 0 na na
10 59565.825350304250 0.005611568465 cfg1 2 1 0 0 na na
10 59565.835350282862 0.005611626817 cfg1 2 1 0 0 na na
10 59565.843350307361 0.005611637664 cfg1 2 1 0 0 na na
10 59565.847350314891 0.005611650771 cfg1 2 1 0 0 na na
10 59565.849350315197 0.005611670291 cfg1 2 1 0 0 na na
10 59565.852350301813 0.005611657787 cfg1 2 1 0 0 na na
10 59565.869350338714 0.005611734298 cfg1 2 1 0 0 na na
10 59565.871350337575 0.005611746013 cfg1 2 1 0 0 na na
10 59565.898350340738 0.005611830654 cfg1 2 1 0 0 na na
10 59565.900350311880 0.005611851850 cfg1 2 1 0 0 na na
10 59565.904350323518 0.005611853396 cfg1 2 1 0 0 na na
10 59565.916350311010 0.005611890287 cfg1 2 1 0 0 na na
10 59565.917350311221 0.005611899644 cfg1 2 1 0 0 na na
10 59565.929350340090 0.005611940053 cfg1 2 1 0 0 na na
10 59565.963350355033 0.005612072708 cfg1 2 1 0 0 na na
10 59565.964350305582 0.005612072596 cfg1 2 1 0 0 na na
10 59566.018350260931 0.005612267965 cfg1 2 1 0 0 na na
10 59566.033350306253 0.005612315429 cfg1 2 1 0 0 na na
10 59566.048350333196 0.005612384558 cfg1 2 1 0 0 na na
10 59566.052350338053 0.005612391669 cfg1 2 1 0 0 na na
10 59566.081350384761 0.005612502770 cfg1 2 1 0 0 na na
10 59566.086350278078 0.005612513309 cfg1 2 1 0 0 na na
10 59566.094350334238 0.005612548684 cfg1 2 1 0 0 na na
10 59566.116350308917 0.005612625226 cfg1 2 1 0 0 na na
10 59566.119350260642 0.005612626429 cfg1 2 1 0 0 na na
10 59566.140350280889 0.005612700801 cfg1 2 1 0 0 na na
10 59566.142350291107 0.005612725967 cfg1 2 1 0 0 na na
10 59566.156350276763 0.005612783874 cfg1 2 1 0 0 na na
10 59566.165350353570 0.005612817962 cfg1 2 1 0 0 na na
10 59566.175350350409 0.005612846086 cfg1 2 1 0 0 na na
10 59566.220350264132 0.005612997806 cfg1 2 1 0 0 na na
10 59566.227350306542 0.005613032553 cfg1 2 1 0 0 na na
10 59566.254350251303 0.005613135560 cfg1 2 1 0 0 na na
10 59566.268350365021 0.005613201645 cfg1 2 1 0 0 na na
10 59566.277350338161 0.005613216577 cfg1 2 1 0 0 na na
10 59566.295350277192 0.005613297803 cfg1 2 1 0 0 na na
10 59566.355350326198 0.005613505748 cfg1 2 1 0 0 na na
10 59566.362350257911 0.005613534087 cfg1 2 1 0 0 na na
10 59566.386350287270 0.005613621490 cfg1 2 1 0 0 na na
10 59566.400350269896 0.005613697896 cfg1 2 1 0 0 na na
10 59566.401350312952 0.005613686568 cfg1 2 1 0 0 na na
10 59566.405350319100 0.005613715864 cfg1 2 1 0 0 na na
10 59566.427350318768 0.005613792555 cfg1 2 1 0 0 na na
10 59566.474350319185 0.005613980841 cfg1 2 1 0 0 na na
10 59566.486350257188 0.005614004846 cfg1 2 1 0 0 na na
10 59566.491350301667 0.005614033541 cfg1 2 1 0 0 na na
10 59566.518350329737 0.005614126588 cfg1 2 1 0 0 na na
10 59566.524350284971 0.005614174526 cfg1 2 1 0 0 na na
10 59566.526350309975 0.005614165392 cfg1 2 1 0 0 na na
10 59566.584350296102 0.005614390227 cfg1 2 1 0 0 na na
10 59566.587350310775 0.005614401195 cfg1 2 1 0 0 na na
10 59566.593350340685 0.005614436088 cfg1 2 1 0 0 na na
10 59566.600350266027 0.005614459906 cfg1 2 1 0 0 na na
10 59566.610350259710 0.005614482158 cfg1 2 1 0 0 na na
10 59566.623350285148 0.005614533863 cfg1 2 1 0 0 na na
10 59566.640350357046 0.005614593827 cfg1 2 1 0 0 na na
10 59566.662350240006 0.005614706274 cfg1 2 1 0 0 na na
10 59566.672350311489 0.005614742400 cfg1 2 1 0 0 na na
10 59566.863350321050 0.005615486814 cfg1 2 1 0 0 na na
10 59566.864350261623 0.005615475284 cfg1 2 1 0 0 na na
10 59566.867350347823 0.005615505986 cfg1 2 1 0 0 na na
10 59566.883350270766 0.005615567466 cfg1 2 1 0 0 na na
10 59566.894350339220 0.005615594613 cfg1 2 1 0 0 na na
10 59566.895350283738 0.005615612522 cfg1 2 1 0 0 na na
10 59566.905350317748 0.005615658637 cfg1 2 1 0 0 na na
10 59566.941350317335 0.005615784151 cfg1 2 1 0 0 na na
10 59566.943350359588 0.005615796602 cfg1 2 1 0 0 na na
10 59566.946350330518 0.005615814530 cfg1 2 1 0 0 na na
10 59566.953350255601 0.005615841444 cfg1 2 1 0 0 na na
10 59566.987350327345 0.005615995874 cfg1 2 1 0 0 na na
10 59566.999350285212 0.005616030894 cfg1 2 1 0 0 na na
10 59567.003350300479 0.005616041095 cfg1 2 1 0 0 na na
10 59567.005350320640 0.005616045708 cfg1 2 1 0 0 na na
10 59567.006350330580 0.005616051791 cfg1 2 1 0 0 na na
10 59567.030350252957 0.005616158718 cfg1 2 1 0 0 na na
10 59567.037350237540 0.005616199333 cfg1 2 1 0 0 na na
10 59567.042350328258 0.005616205250 cfg1 2 1 0 0 na na
10 59567.051350251894 0.005616245075 cfg1 2 1 0 0 na na
10 59567.117350260137 0.005616502022 cfg1 2 1 0 0 na na
10 59567.135350252793 0.005616588764 cfg1 2 1 0 0 na na
10 59567.162350345262 0.005616687862 cfg1 2 1 0 0 na na
10 59567.185350306648 0.005616796747 cfg1 2 1 0 0 na na
10 59567.214350336777 0.005616901901 cfg1 2 1 0 0 na na
10 59567.253350323967 0.005617057761 cfg1 2 1 0 0 na na
10 59567.322350311052 0.005617352572 cfg1 2 1 0 0 na na
10 59567.350350316454 0.005617483739 cfg1 2 1 0 0 na na
10 59567.371350346341 0.005617555862 cfg1 2 1 0 0 na na
10 59567.414350277814 0.005617748714 cfg1 2 1 0 0 na na
10 59567.420350340948 0.005617766804 cfg1 2 1 0 0 na na
10 59567.444350324097 0.005617867640 cfg1 2 1 0 0 na na
10 59567.481350302826 0.005618015968 cfg1 2 1 0 0 na na
10 59567.483350327009 0.005618043776 cfg1 2 1 0 0 na na
10 59567.491350322892 0.005618057276 cfg1 2 1 0 0 na na
10 59567.510350267924 0.005618138069 cfg1 2 1 0 0 na na
10 59567.514350327963 0.005618175007 cfg1 2 1 0 0 na na
10 59567.541350293930 0.005618288725 cfg1 2 1 0 0 na na
10 59567.566350312204 0.005618371995 cfg1 2 1 0 0 na na
10 59567.567350305397 0.005618385227 cfg1 2 1 0 0 na na
10 59567.571350322097 0.005618406536 cfg1 2 1 0 0 na na
10 59567.573350268332 0.005618403588 cfg1 2 1 0 0 na na
10 59567.604350309718 0.005618564035 cfg1 2 1 0 0 na na
10 59567.613350302665 0.005618593224 cfg1 2 1 0 0 na na
10 59567.624350240498 0.005618646374 cfg1 2 1 0 0 na na
10 59567.632350335598 0.005618674875 cfg1 2 1 0 0 na na
10 59567.640350356382 0.005618692017 cfg1 2 1 0 0 na na
10 59567.673350319578 0.005618840639 cfg1 2 1 0 0 na na
10 59567.687350269393 0.005618892610 cfg1 2 1 0 0 na na
10 59567.689350308320 0.005618927080 cfg1 2 1 0 0 na na
10 59567.700350337959 0.005618949897 cfg1 2 1 0 0 na na
10 59567.720350318659 0.005619052943 cfg1 2 1 0 0 na na
10 59567.742350315934 0.005619151628 cfg1 2 1 0 0 na na
10 59567.743350290362 0.005619161557 cfg1 2 1 0 0 na na
10 59567.755350317606 0.005619208828 cfg1 2 1 0 0 na na
10 59567.773350328530 0.005619268602 cfg1 2 1 0 0 na na
10 59567.788350326937 0.005619347161 cfg1 2 1 0 0 na na
10 59567.802350302747 0.005619395235 cfg1 2 1 0 0 na na
10 59567.818350347014 0.005619486371 cfg1 2 1 0 0 na na
10 59567.845350248435 0.005619598459 cfg1 2 1 0 0 na na
10 59567.853350322517 0.005619635714 cfg1 2 1 0 0 na na
10 59567.861350344335 0.005619672949 cfg1 2 1 0 0 na na
10 59567.876350281848 0.005619725099 cfg1 2 1 0 0 na na
10 59567.895350271257 0.005619823910 cfg1 2 1 0 0 na na
10 59567.897350305365 0.005619832883 cfg1 2 1 0 0 na na
10 59567.918350341576 0.005619917852 cfg1 2 1 0 0 na na
10 59567.932350312672 0.005619972438 cfg1 2 1 0 0 na na
10 59567.933350320567 0.005619992768 cfg1 2 1 0 0 na na
10 59567.949350298908 0.005620061470 cfg1 2 1 0 0 na na
10 59567.960350308589 0.005620109475 cfg1 2 1 0 0 na na
10 59567.963350328450 0.005620102802 cfg1 2 1 0 0 na na
10 59567.979350373183 0.005620183711 cfg1 2 1 0 0 na na
10 59568.005350291189 0.005620312704 cfg1 2 1 0 0 na na
10 59568.011350255869 0.005620321093 cfg1 2 1 0 0 na na
10 59568.017350373765 0.005620365887 cfg1 2 1 0 0 na na
10 59568.043350328954 0.005620470756 cfg1 2 1 0 0 na na
10 59568.051350345389 0.005620495985 cfg1 2 1 0 0 na na
10 59568.054350274121 0.005620522123 cfg1 2 1 0 0 na na
10 59568.062350286912 0.005620564179 cfg1 2 1 0 0 na na
10 59568.089350315044 0.005620673350 cfg1 2 1 0 0 na na
10 59568.109350261258 0.005620755661 cfg1 2 1 0 0 na na
10 59568.120350323240 0.005620814727 cfg1 2 1 0 0 na na
10 59568.122350343540 0.005620811761 cfg1 2 1 0 0 na na
10 59568.164350300312 0.005621010595 cfg1 2 1 0 0 na na
10 59568.179350271113 0.005621079782 cfg1 2 1 0 0 na na
10 59568.187350260877 0.005621106227 cfg1 2 1 0 0 na na
10 59568.188350320134 0.005621113111 cfg1 2 1 0 0 na na
10 59568.198350271871 0.005621167088 cfg1 2 1 0 0 na na
10 59568.220350263282 0.005621278132 cfg1 2 1 0 0 na na
10 59568.230350367175 0.005621310089 cfg1 2 1 0 0 na na
10 59568.237350331865 0.005621348483 cfg1 2 1 0 0 na na
10 59568.238350323309 0.005621354289 cfg1 2 1 0 0 na na
10 59568.267350312230 0.005621492160 cfg1 2 1 0 0 na na
10 59568.288350319425 0.005621573259 cfg1 2 1 0 0 na na
10 59568.291350263083 0.005621578660 cfg1 2 1 0 0 na na
10 59568.309350243955 0.005621678075 cfg1 2 1 0 0 na na
10 59568.343350258058 0.005621823730 cfg1 2 1 0 0 na na
10 59568.357350326508 0.005621888711 cfg1 2 1 0 0 na na
10 59568.365350283093 0.005621919247 cfg1 2 1 0 0 na na
10 59568.371350279498 0.005621946560 cfg1 2 1 0 0 na na
10 59568.385350277204 0.005622010527 cfg1 2 1 0 0 na na
10 59568.386350333779 0.005622015347 cfg1 2 1 0 0 na na
10 59568.387350309182 0.005622040856 cfg1 2 1 0 0 na na
10 59568.421350312028 0.005622177381 cfg1 2 1 0 0 na na
10 59568.445350297479 0.005622287459 cfg1 2 1 0 0 na na
10 59568.446350347649 0.005622315295 cfg1 2 1 0 0 na na
10 59568.465350310962 0.005622381761 cfg1 2 1 0 0 na na
10 59568.471350382008 0.005622414534 cfg1 2 1 0 0 na na
10 59568.510350317069 0.005622605300 cfg1 2 1 0 0 na na
10 59568.514350338241 0.005622630086 cfg1 2 1 0 0 na na
10 59568.516350294979 0.005622635381 cfg1 2 1 0 0 na na
10 59568.524350332627 0.005622674976 cfg1 2 1 0 0 na na
10 59568.527350326332 0.005622669857 cfg1 2 1 0 0 na na
10 59568.541350263831 0.005622733057 cfg1 2 1 0 0 na na
10 59568.548350257902 0.005622768898 cfg1 2 1 0 0 na na
10 59568.568350311965 0.005622870288 cfg1 2 1 0 0 na na
10 59568.584350351896 0.005622948467 cfg1 2 1 0 0 na na
10 59568.592350317797 0.005622974001 cfg1 2 1 0 0 na na
10 59568.596350333507 0.005623013329 cfg1 2 1 0 0 na na
10 59568.600350341026 0.005623028485 cfg1 2 1 0 0 na na
10 59568.606350300977 0.005623043330 cfg1 2 1 0 0 na na
10 59568.612350269101 0.005623082938 cfg1 2 1 0 0 na na
10 59568.618350283960 0.005623113102 cfg1 2 1 0 0 na na
10 59568.620350350650 0.005623109439 cfg1 2 1 0 0 na na
10 59568.653350291703 0.005623270651 cfg1 2 1 0 0 na na
10 59568.674350310083 0.005623374764 cfg1 2 1 0 0 na na
10 59568.693350261804 0.005623469790 cfg1 2 1 0 0 na na
10 59568.697350246440 0.005623485319 cfg1 2 1 0 0 na na
10 59568.701350281916 0.005623495721 cfg1 2 1 0 0 na na
10 59568.723350313659 0.005623590559 cfg1 2 1 0 0 na na
10 59568.728350332909 0.005623641940 cfg1 2 1 0 0 na na
10 59568.734350318974 0.005623655586 cfg1 2 1 0 0 na na
10 59568.746350340580 0.005623706292 cfg1 2 1 0 0 na na
10 59568.764350296783 0.005623787657 cfg1 2 1 0 0 na na
10 59568.790350311905 0.005623931341 cfg1 2 1 0 0 na na
10 59568.838350317780 0.005624164236 cfg1 2 1 0 0 na na
10 59568.842350328282 0.005624170261 cfg1 2 1 0 0 na na
10 59568.868350321428 0.005624307354 cfg1 2 1 0 0 na na
10 59568.869350309747 0.005624295382 cfg1 2 1 0 0 na na
10 59568.906350311535 0.005624487808 cfg1 2 1 0 0 na na
10 59568.920350336528 0.005624536154 cfg1 2 1 0 0 na na
10 59568.931350329147 0.005624591330 cfg1 2 1 0 0 na na
10 59568.958350278325 0.005624735995 cfg1 2 1 0 0 na na
10 59568.975350333674 0.005624801466 cfg1 2 1 0 0 na na
10 59568.986350290437 0.005624878017 cfg1 2 1 0 0 na na
10 59569.000350319245 0.005624931376 cfg1 2 1 0 0 na na
10 59569.001350309264 0.005624935323 cfg1 2 1 0 0 na na
10 59569.013350287600 0.005624998470 cfg1 2 1 0 0 na na
10 59569.017350280732 0.005625021900 cfg1 2 1 0 0 na na
10 59569.037350373014 0.005625114692 cfg1 2 1 0 0 na na
10 59569.039350320562 0.005625117072 cfg1 2 1 0 0 na na
10 59569.070350312025 0.005625289149 cfg1 2 1 0 0 na na
10 59569.094350313477 0.005625387054 cfg1 2 1 0 0 na na
10 59569.109350327205 0.005625477574 cfg1 2 1 0 0 na na
10 59569.134350361673 0.005625586132 cfg1 2 1 0 0 na na
10 59569.150350340819 0.005625664934 cfg1 2 1 0 0 na na
10 59569.151350299830 0.005625688453 cfg1 2 1 0 0 na na
10 59569.165350310607 0.005625741705 cfg1 2 1 0 0 na na
10 59569.180350357439 0.005625822468 cfg1 2 1 0 0 na na
10 59569.195350288863 0.005625891730 cfg1 2 1 0 0 na na
10 59569.201350270503 0.005625924860 cfg1 2 1 0 0 na na
10 59569.211350303942 0.005625977229 cfg1 2 1 0 0 na na
10 59569.224350324189 0.005626035204 cfg1 2 1 0 0 na na
10 59569.244350282436 0.005626133072 cfg1 2 1 0 0 na na
10 59569.245350316486 0.005626145042 cfg1 2 1 0 0 na na
10 59569.258350248690 0.005626208113 cfg1 2 1 0 0 na na
10 59569.260350291657 0.005626222634 cfg1 2 1 0 0 na na
10 59569.262350253707 0.005626223025 cfg1 2 1 0 0 na na
10 59569.267350257265 0.005626244933 cfg1 2 1 0 0 na na
10 59569.272350287200 0.005626285995 cfg1 2 1 0 0 na na
10 59569.279350271968 0.005626314176 cfg1 2 1 0 0 na na
10 59569.284350257489 0.005626341781 cfg1 2 1 0 0 na na
10 59569.288350312631 0.005626344038 cfg1 2 1 0 0 na na
10 59569.299350262600 0.005626414670 cfg1 2 1 0 0 na na
10 59569.304350267469 0.005626446214 cfg1 2 1 0 0 na na
10 59569.316350322834 0.005626491816 cfg1 2 1 0 0 na na
10 59569.320350293962 0.005626504308 cfg1 2 1 0 0 na na
10 59569.327350305930 0.005626548042 cfg1 2 1 0 0 na na
10 59569.328350257081 0.005626549869 cfg1 2 1 0 0 na na
10 59569.375350266131 0.005626775796 cfg1 2 1 0 0 na na
10 59569.435350273434 0.005627079172 cfg1 2 1 0 0 na na
10 59569.448350303464 0.005627143671 cfg1 2 1 0 0 na na
10 59569.460350284950 0.005627228815 cfg1 2 1 0 0 na na
10 59569.467350331287 0.005627249510 cfg1 2 1 0 0 na na
10 59569.469350295298 0.005627253256 cfg1 2 1 0 0 na na
10 59569.471350312011 0.005627259438 cfg1 2 1 0 0 na na
10 59569.475350295242 0.005627287675 cfg1 2 1 0 0 na na
10 59569.486350322214 0.005627350315 cfg1 2 1 0 0 na na
10 59569.490350258597 0.005627363423 cfg1 2 1 0 0 na na
10 59569.502350337253 0.005627429243 cfg1 2 1 0 0 na na
10 59569.503350275990 0.005627428229 cfg1 2 1 0 0 na na
10 59569.511350319301 0.005627460227 cfg1 2 1 0 0 na na
10 59569.512350266218 0.005627491294 cfg1 2 1 0 0 na na
10 59569.524350335550 0.005627550434 cfg1 2 1 0 0 na na
10 59569.530350337754 0.005627583398 cfg1 2 1 0 0 na na
10 59569.531350287403 0.005627567446 cfg1 2 1 0 0 na na
10 59569.552350267497 0.005627669393 cfg1 2 1 0 0 na na
10 59569.554350281921 0.005627704092 cfg1 2 1 0 0 na na
10 59569.567350274301 0.005627760417 cfg1 2 1 0 0 na na
10 59569.571350264125 0.005627767876 cfg1 2 1 0 0 na na
10 59569.587350240434 0.005627871416 cfg1 2 1 0 0 na na
10 59569.610350311500 0.005627984647 cfg1 2 1 0 0 na na
10 59569.622350312817 0.005628042879 cfg1 2 1 0 0 na na
10 59569.623350321240 0.005628034987 cfg1 2 1 0 0 na na
10 59569.633350316511 0.005628105075 cfg1 2 1 0 0 na na
10 59569.643350356320 0.005628142878 cfg1 2 1 0 0 na na
10 59569.647350273470 0.005628159877 cfg1 2 1 0 0 na na
10 59569.649350338348 0.005628185627 cfg1 2 1 0 0 na na
10 59569.658350288669 0.005628230380 cfg1 2 1 0 0 na na
10 59569.664350301212 0.005628255534 cfg1 2 1 0 0 na na
10 59569.691350299323 0.005628389658 cfg1 2 1 0 0 na na
10 59569.709350280295 0.005628475016 cfg1 2 1 0 0 na na
10 59569.713350330769 0.005628507040 cfg1 2 1 0 0 na na
10 59569.715350314523 0.005628505540 cfg1 2 1 0 0 na na
10 59569.717350277255 0.005628525570 cfg1 2 1 0 0 na na
10 59569.727350280825 0.005628587270 cfg1 2 1 0 0 na na
10 59569.737350284137 0.005628632582 cfg1 2 1 0 0 na na
10 59569.746350298361 0.005628669550 cfg1 2 1 0 0 na na
10 59569.749350302161 0.005628689407 cfg1 2 1 0 0 na na
10 59569.762350315772 0.005628747758 cfg1 2 1 0 0 na na
10 59569.767350327288 0.005628777115 cfg1 2 1 0 0 na na
10 59569.775350311353 0.005628816574 cfg1 2 1 0 0 na na
10 59569.783350306261 0.005628857145 cfg1 2 1 0 0 na na
10 59569.789350301262 0.005628898912 cfg1 2 1 0 0 na na
10 59569.793350281378 0.005628930540 cfg1 2 1 0 0 na na
10 59569.797350332146 0.005628955679 cfg1 2 1 0 0 na na
10 59569.816350330326 0.005629047792 cfg1 2 1 0 0 na na
10 59569.830350288909 0.005629108259 cfg1 2 1 0 0 na na
10 59569.839350250107 0.005629174828 cfg1 2 1 0 0 na na
10 59569.845350242521 0.005629199496 cfg1 2 1 0 0 na na
10 59569.849350270593 0.005629197262 cfg1 2 1 0 0 na na
10 59569.870350281437 0.005629331371 cfg1 2 1 0 0 na na
10 59569.874350299816 0.005629329963 cfg1 2 1 0 0 na na
10 59569.875350341612 0.005629335552 cfg1 2 1 0 0 na na
10 59569.881350295036 0.005629375739 cfg1 2 1 0 0 na na
10 59569.886350270530 0.005629396187 cfg1 2 1 0 0 na na
10 59569.901350262466 0.005629474595 cfg1 2 1 0 0 na na
10 59569.926350325372 0.005629624061 cfg1 2 1 0 0 na na
10 59569.946350299930 0.005629714595 cfg1 2 1 0 0 na na
10 59569.952350300051 0.005629758023 cfg1 2 1 0 0 na na
10 59569.976350272053 0.005629864136 cfg1 2 1 0 0 na na
10 59569.977350314606 0.005629886248 cfg1 2 1 0 0 na na
10 59569.986350315065 0.005629930488 cfg1 2 1 0 0 na na
10 59569.988350308548 0.005629939435 cfg1 2 1 0 0 na na
10 59569.992350290932 0.005629963571 cfg1 2 1 0 0 na na
10 59569.997350280400 0.005629993795 cfg1 2 1 0 0 na na
10 59570.002350301786 0.005630006675 cfg1 2 1 0 0 na na
10 59570.007350344171 0.005630031302 cfg1 2 1 0 0 na na
10 59570.009350317574 0.005630056534 cfg1 2 1 0 0 na na
10 59570.011350276527 0.005630066600 cfg1 2 1 0 0 na na
10 59570.038350288238 0.005630198752 cfg1 2 1 0 0 na na
10 59570.039350322708 0.005630202754 cfg1 2 1 0 0 na na
10 59570.042350316664 0.005630232803 cfg1 2 1 0 0 na na
10 59570.049350321276 0.005630268575 cfg1 2 1 0 0 na na
10 59570.051350297802 0.005630282282 cfg1 2 1 0 0 na na
10 59570.062350283321 0.005630317525 cfg1 2 1 0 0 na na
10 59570.070350329198 0.005630362734 cfg1 2 1 0 0 na na
10 59570.073350308062 0.005630403500 cfg1 2 1 0 0 na na
10 59570.083350257969 0.005630433997 cfg1 2 1 0 0 na na
10 59570.084350369221 0.005630443340 cfg1 2 1 0 0 na na
10 59570.103350280890 0.005630545758 cfg1 2 1 0 0 na na
10 59570.122350332248 0.005630658231 cfg1 2 1 0 0 na na
10 59570.132350310777 0.005630706511 cfg1 2 1 0 0 na na
10 59570.141350305315 0.005630753510 cfg1 2 1 0 0 na na
10 59570.152350277111 0.005630797796 cfg1 2 1 0 0 na na
10 59570.155350299416 0.005630821865 cfg1 2 1 0 0 na na
10 59570.166350272007 0.005630886771 cfg1 2 1 0 0 na na
10 59570.181350319636 0.005630972834 cfg1 2 1 0 0 na na
10 59570.187350332047 0.005630997546 cfg1 2 1 0 0 na na
10 59570.188350248838 0.005631003099 cfg1 2 1 0 0 na na
10 59570.197350313696 0.005631060097 cfg1 2 1 0 0 na na
10 59570.228350293302 0.005631217711 cfg1 2 1 0 0 na na
10 59570.235350310161 0.005631260127 cfg1 2 1 0 0 na na
10 59570.243350306479 0.005631296771 cfg1 2 1 0 0 na na
10 59570.250350310317 0.005631342908 cfg1 2 1 0 0 na na
10 59570.251350293544 0.005631353812 cfg1 2 1 0 0 na na
10 59570.259350301262 0.005631394073 cfg1 2 1 0 0 na na
10 59570.288350257401 0.005631529401 cfg1 2 1 0 0 na na
10 59570.289350309367 0.005631553573 cfg1 2 1 0 0 na na
10 59570.305350294237 0.005631631002 cfg1 2 1 0 0 na na
10 59570.313350261581 0.005631660259 cfg1 2 1 0 0 na na
10 59570.314350298688 0.005631672848 cfg1 2 1 0 0 na na
10 59570.319350301681 0.005631702871 cfg1 2 1 0 0 na na
10 59570.324350285108 0.005631721741 cfg1 2 1 0 0 na na
10 59570.352350331657 0.005631895474 cfg1 2 1 0 0 na na
10 59570.374350317106 0.005632009500 cfg1 2 1 0 0 na na
10 59570.382350297627 0.005632039341 cfg1 2 1 0 0 na na
10 59570.383350248480 0.005632053688 cfg1 2 1 0 0 na na
10 59570.396350262306 0.005632109672 cfg1 2 1 0 0 na na
10 59570.419350321042 0.005632263347 cfg1 2 1 0 0 na na
10 59570.427350304268 0.005632293816 cfg1 2 1 0 0 na na
10 59570.438350320462 0.005632353398 cfg1 2 1 0 0 na na
10 59570.450350304457 0.005632405933 cfg1 2 1 0 0 na na
10 59570.460350291775 0.005632460622 cfg1 2 1 0 0 na na
10 59570.466350240342 0.005632516208 cfg1 2 1 0 0 na na
10 59570.469350301759 0.005632523926 cfg1 2 1 0 0 na na
10 59570.473350288540 0.005632553609 cfg1 2 1 0 0 na na
10 59570.479350297942 0.005632578007 cfg1 2 1 0 0 na na
10 59570.485350288775 0.005632603959 cfg1 2 1 0 0 na na
10 59570.506350262795 0.005632709184 cfg1 2 1 0 0 na na
10 59570.517350294610 0.005632793648 cfg1 2 1 0 0 na na
10 59570.528350311965 0.005632832601 cfg1 2 1 0 0 na na
10 59570.529350289137 0.005632854293 cfg1 2 1 0 0 na na
10 59570.544350302165 0.005632926821 cfg1 2 1 0 0 na na
10 59570.572350280565 0.005633099227 cfg1 2 1 0 0 na na
10 59570.583350358507 0.005633160218 cfg1 2 1 0 0 na na
10 59570.588350304342 0.005633164788 cfg1 2 1 0 0 na na
10 59570.619350318276 0.005633333414 cfg1 2 1 0 0 na na
10 59570.629350293762 0.005633387237 cfg1 2 1 0 0 na na
10 59570.630350328315 0.005633394930 cfg1 2 1 0 0 na na
10 59570.637350345641 0.005633434606 cfg1 2 1 0 0 na na
10 59570.643350302071 0.005633478276 cfg1 2 1 0 0 na na
10 59570.659350251240 0.005633565634 cfg1 2 1 0 0 na na
10 59570.660350330987 0.005633563477 cfg1 2 1 0 0 na na
10 59570.667350333753 0.005633601086 cfg1 2 1 0 0 na na
10 59570.681350297989 0.005633686141 cfg1 2 1 0 0 na na
10 59570.697350301569 0.005633771859 cfg1 2 1 0 0 na na
10 59570.705350342611 0.005633837262 cfg1 2 1 0 0 na na
10 59570.708350246865 0.005633840029 cfg1 2 1 0 0 na na
10 59570.719350299778 0.005633906988 cfg1 2 1 0 0 na na
10 59570.728350316841 0.005633954179 cfg1 2 1 0 0 na na
10 59570.731350288195 0.005633958010 cfg1 2 1 0 0 na na
10 59570.737350383459 0.005633987076 cfg1 2 1 0 0 na na
10 59570.752350335630 0.005634090980 cfg1 2 1 0 0 na na
10 59570.757350308034 0.005634100115 cfg1 2 1 0 0 na na
10 59570.772350248031 0.005634198941 cfg1 2 1 0 0 na na
10 59570.775350252216 0.005634209853 cfg1 2 1 0 0 na na
10 59570.790350356589 0.005634303527 cfg1 2 1 0 0 na na
10 59570.793350324078 0.005634325839 cfg1 2 1 0 0 na na
10 59570.798350325901 0.005634328507 cfg1 2 1 0 0 na na
10 59570.803350316847 0.005634371120 cfg1 2 1 0 0 na na
10 59570.808350272341 0.005634399803 cfg1 2 1 0 0 na na
10 59570.891350291705 0.005634850760 cfg1 2 1 0 0 na na
10 59570.905350314847 0.005634948263 cfg1 2 1 0 0 na na
10 59570.928350263273 0.005635087256 cfg1 2 1 0 0 na na
10 59570.946350303711 0.005635170040 cfg1 2 1 0 0 na na
10 59570.955350362798 0.005635224608 cfg1 2 1 0 0 na na
10 59570.956350281777 0.005635226635 cfg1 2 1 0 0 na na
10 59570.967350307252 0.005635282504 cfg1 2 1 0 0 na na
10 59570.980350262003 0.005635367506 cfg1 2 1 0 0 na na
10 59570.984350327816 0.005635386658 cfg1 2 1 0 0 na na
10 59570.996350308516 0.005635448706 cfg1 2 1 0 0 na na
10 59571.020350269433 0.005635593012 cfg1 2 1 0 0 na na
10 59571.034350318508 0.005635675032 cfg1 2 1 0 0 na na
10 59571.054350257240 0.005635789158 cfg1 2 1 0 0 na na
10 59571.059350350358 0.005635802961 cfg1 2 1 0 0 na na
10 59571.061350309151 0.005635835843 cfg1 2 1 0 0 na na
10 59571.067350296237 0.005635865438 cfg1 2 1 0 0 na na
10 59571.071350329956 0.005635871046 cfg1 2 1 0 0 na na
10 59571.073350267360 0.005635884628 cfg1 2 1 0 0 na na
10 59571.080350326046 0.005635940711 cfg1 2 1 0 0 na na
10 59571.084350337954 0.005635951067 cfg1 2 1 0 0 na na
10 59571.106350340473 0.005636088565 cfg1 2 1 0 0 na na
10 59571.113350268155 0.005636127881 cfg1 2 1 0 0 na na
10 59571.114350324125 0.005636128462 cfg1 2 1 0 0 na na
10 59571.124350314277 0.005636189501 cfg1 2 1 0 0 na na
10 59571.134350314826 0.005636259390 cfg1 2 1 0 0 na na
10 59571.151350275632 0.005636351090 cfg1 2 1 0 0 na na
10 59571.167350306917 0.005636433198 cfg1 2 1 0 0 na na
10 59571.172350320438 0.005636452670 cfg1 2 1 0 0 na na
10 59571.191350293182 0.005636580090 cfg1 2 1 0 0 na na
10 59571.199350306291 0.005636634544 cfg1 2 1 0 0 na na
10 59571.219350285011 0.005636724418 cfg1 2 1 0 0 na na
10 59571.220350312965 0.005636740837 cfg1 2 1 0 0 na na
10 59571.222350302470 0.005636745857 cfg1 2 1 0 0 na na
10 59571.250350317147 0.005636921561 cfg1 2 1 0 0 na na
10 59571.251350299897 0.005636906786 cfg1 2 1 0 0 na na
10 59571.254350320049 0.005636929843 cfg1 2 1 0 0 na na
10 59571.273350316068 0.005637052943 cfg1 2 1 0 0 na na
10 59571.330350254000 0.005637378816 cfg1 2 1 0 0 na na
10 59571.343350358869 0.005637443058 cfg1 2 1 0 0 na na
10 59571.344350287913 0.005637466705 cfg1 2 1 0 0 na na
10 59571.352350234945 0.005637521821 cfg1 2 1 0 0 na na
10 59571.363350313347 0.005637571865 cfg1 2 1 0 0 na na
10 59571.369350263648 0.005637593074 cfg1 2 1 0 0 na na
10 59571.374350278893 0.005637626598 cfg1 2 1 0 0 na na
10 59571.377350286833 0.005637646323 cfg1 2 1 0 0 na na
10 59571.392350327042 0.005637747670 cfg1 2 1 0 0 na na
10 59571.393350291671 0.005637751145 cfg1 2 1 0 0 na na
10 59571.432350343073 0.005637988919 cfg1 2 1 0 0 na na
10 59571.443350321777 0.005638036486 cfg1 2 1 0 0 na na
10 59571.450350313844 0.005638087593 cfg1 2 1 0 0 na na
10 59571.453350337958 0.005638102258 cfg1 2 1 0 0 na na
10 59571.455350274939 0.005638121315 cfg1 2 1 0 0 na na
10 59571.461350272427 0.005638137435 cfg1 2 1 0 0 na na
10 59571.464350274817 0.005638151988 cfg1 2 1 0 0 na na
10 59571.478350360855 0.005638239336 cfg1 2 1 0 0 na na
10 59571.481350317718 0.005638259076 cfg1 2 1 0 0 na na
10 59571.503350296977 0.005638398751 cfg1 2 1 0 0 na na
10 59571.527350283140 0.005638531637 cfg1 2 1 0 0 na na
10 59571.534350325441 0.005638571055 cfg1 2 1 0 0 na na
10 59571.557350319680 0.005638697026 cfg1 2 1 0 0 na na
10 59571.578350309504 0.005638819132 cfg1 2 1 0 0 na na
10 59571.579350312291 0.005638825285 cfg1 2 1 0 0 na na
10 59571.646350295262 0.005639243740 cfg1 2 1 0 0 na na
10 59571.652350287567 0.005639272990 cfg1 2 1 0 0 na na
10 59571.655350340555 0.005639283853 cfg1 2 1 0 0 na na
10 59571.656350262323 0.005639289504 cfg1 2 1 0 0 na na
10 59571.705350344144 0.005639602729 cfg1 2 1 0 0 na na
10 59571.708350294256 0.005639617507 cfg1 2 1 0 0 na na
10 59571.728350302853 0.005639713812 cfg1 2 1 0 0 na na
10 59571.738350259104 0.005639777707 cfg1 2 1 0 0 na na
10 59571.749350308773 0.005639841278 cfg1 2 1 0 0 na na
10 59571.750350320807 0.005639849261 cfg1 2 1 0 0 na na
10 59571.760350287753 0.005639915563 cfg1 2 1 0 0 na na
10 59571.789350245232 0.005640101648 cfg1 2 1 0 0 na na
10 59571.791350321331 0.005640097238 cfg1 2 1 0 0 na na
10 59571.808350273881 0.005640198961 cfg1 2 1 0 0 na na
10 59571.809350312500 0.005640202256 cfg1 2 1 0 0 na na
10 59571.813350329592 0.005640240666 cfg1 2 1 0 0 na na
10 59571.814350337021 0.005640233092 cfg1 2 1 0 0 na na
10 59571.816350278626 0.005640244946 cfg1 2 1 0 0 na na
10 59571.831350276621 0.005640338241 cfg1 2 1 0 0 na na
10 59571.833350288833 0.005640369836 cfg1 2 1 0 0 na na
10 59571.835350320867 0.005640367321 cfg1 2 1 0 0 na na
10 59571.837350300293 0.005640389817 cfg1 2 1 0 0 na na
10 59571.841350262281 0.005640394381 cfg1 2 1 0 0 na na
10 59571.849350250280 0.005640466898 cfg1 2 1 0 0 na na
10 59571.852350258077 0.005640463823 cfg1 2 1 0 0 na na
10 59571.864350248297 0.005640555177 cfg1 2 1 0 0 na na
10 59571.865350340516 0.005640543061 cfg1 2 1 0 0 na na
10 59571.884350309724 0.005640667900 cfg1 2 1 0 0 na na
10 59571.892350281455 0.005640714439 cfg1 2 1 0 0 na na
10 59571.899350303254 0.005640761142 cfg1 2 1 0 0 na na
10 59571.900350260403 0.005640751266 cfg1 2 1 0 0 na na
10 59571.921350279220 0.005640901314 cfg1 2 1 0 0 na na
10 59571.925350248991 0.005640918144 cfg1 2 1 0 0 na na
10 59571.928350310597 0.005640929003 cfg1 2 1 0 0 na na
10 59571.940350338659 0.005641015707 cfg1 2 1 0 0 na na
10 59571.943350270769 0.005641010237 cfg1 2 1 0 0 na na
10 59571.966350262102 0.005641149513 cfg1 2 1 0 0 na na
10 59571.970350281120 0.005641193125 cfg1 2 1 0 0 na na
10 59571.987350265535 0.005641301780 cfg1 2 1 0 0 na na
10 59571.992350262218 0.005641309609 cfg1 2 1 0 0 na na
10 59571.995350303153 0.005641350238 cfg1 2 1 0 0 na na
10 59572.002350330006 0.005641376739 cfg1 2 1 0 0 na na
10 59572.022350264342 0.005641487492 cfg1 2 1 0 0 na na
10 59572.023350315785 0.005641521793 cfg1 2 1 0 0 na na
10 59572.025350268369 0.005641519141 cfg1 2 1 0 0 na na
10 59572.028350307322 0.005641534599 cfg1 2 1 0 0 na na
10 59572.065350333449 0.005641768396 cfg1 2 1 0 0 na na
10 59572.066350310968 0.005641758614 cfg1 2 1 0 0 na na
10 59572.068350294015 0.005641772297 cfg1 2 1 0 0 na na
10 59572.069350312648 0.005641799753 cfg1 2 1 0 0 na na
10 59572.072350318443 0.005641795401 cfg1 2 1 0 0 na na
10 59572.089350312122 0.005641917248 cfg1 2 1 0 0 na na
10 59572.094350333665 0.005641930560 cfg1 2 1 0 0 na na
10 59572.108350297917 0.005642038237 cfg1 2 1 0 0 na na
10 59572.130350353435 0.005642169337 cfg1 2 1 0 0 na na
10 59572.131350339205 0.005642176919 cfg1 2 1 0 0 na na
10 59572.135350273571 0.005642203795 cfg1 2 1 0 0 na na
10 59572.146350298422 0.005642269112 cfg1 2 1 0 0 na na
10 59572.177350258081 0.005642444216 cfg1 2 1 0 0 na na
10 59572.180350260643 0.005642478970 cfg1 2 1 0 0 na na
10 59572.183350288534 0.005642480596 cfg1 2 1 0 0 na na
10 59572.190350331295 0.005642523651 cfg1 2 1 0 0 na na
10 59572.198350263774 0.005642568098 cfg1 2 1 0 0 na na
10 59572.203350339830 0.005642624950 cfg1 2 1 0 0 na na
10 59572.209350326702 0.005642649858 cfg1 2 1 0 0 na na
10 59572.224350341587 0.005642731270 cfg1 2 1 0 0 na na
10 59572.226350338579 0.005642747660 cfg1 2 1 0 0 na na
10 59572.230350276727 0.005642787751 cfg1 2 1 0 0 na na
10 59572.231350352750 0.005642795298 cfg1 2 1 0 0 na na
10 59572.233350307814 0.005642795829 cfg1 2 1 0 0 na na
10 59572.236350308818 0.005642824486 cfg1 2 1 0 0 na na
10 59572.242350317741 0.005642859433 cfg1 2 1 0 0 na na
10 59572.245350296307 0.005642863193 cfg1 2 1 0 0 na na
10 59572.248350309805 0.005642887505 cfg1 2 1 0 0 na na
10 59572.249350257649 0.005642889313 cfg1 2 1 0 0 na na
10 59572.253350310134 0.005642931880 cfg1 2 1 0 0 na na
10 59572.265350332656 0.005642994721 cfg1 2 1 0 0 na na
10 59572.268350291931 0.005643016763 cfg1 2 1 0 0 na na
10 59572.287350289566 0.005643122954 cfg1 2 1 0 0 na na
10 59572.289350273603 0.005643151842 cfg1 2 1 0 0 na na
10 59572.292350267741 0.005643158719 cfg1 2 1 0 0 na na
10 59572.312350304622 0.005643292072 cfg1 2 1 0 0 na na
10 59572.317350287872 0.005643312262 cfg1 2 1 0 0 na na
10 59572.333350330750 0.005643408277 cfg1 2 1 0 0 na na
10 59572.342350318622 0.005643461919 cfg1 2 1 0 0 na na
10 59572.356350302197 0.005643558257 cfg1 2 1 0 0 na na
10 59572.357350340168 0.005643560403 cfg1 2 1 0 0 na na
10 59572.367350358041 0.005643616959 cfg1 2 1 0 0 na na
10 59572.371350300390 0.005643659439 cfg1 2 1 0 0 na na
10 59572.382350368227 0.005643738063 cfg1 2 1 0 0 na na
10 59572.384350292950 0.005643724963 cfg1 2 1 0 0 na na
10 59572.385350287855 0.005643742237 cfg1 2 1 0 0 na na
10 59572.390350266578 0.005643760367 cfg1 2 1 0 0 na na
10 59572.393350307357 0.005643806026 cfg1 2 1 0 0 na na
10 59572.418350259266 0.005643942904 cfg1 2 1 0 0 na na
10 59572.421350294499 0.005643959017 cfg1 2 1 0 0 na na
10 59572.436350349139 0.005644062200 cfg1 2 1 0 0 na na
10 59572.443350372306 0.005644099436 cfg1 2 1 0 0 na na
10 59572.444350309760 0.005644106349 cfg1 2 1 0 0 na na
10 59572.455350280191 0.005644166871 cfg1 2 1 0 0 na na
10 59572.458350333168 0.005644188354 cfg1 2 1 0 0 na na
10 59572.469350356398 0.005644283554 cfg1 2 1 0 0 na na
10 59572.476350264610 0.005644302381 cfg1 2 1 0 0 na na
10 59572.480350326139 0.005644338558 cfg1 2 1 0 0 na na
10 59572.494350365057 0.005644425813 cfg1 2 1 0 0 na na
10 59572.498350290344 0.005644450418 cfg1 2 1 0 0 na na
10 59572.501350306939 0.005644460951 cfg1 2 1 0 0 na na
10 59572.502350286088 0.005644481978 cfg1 2 1 0 0 na na
10 59572.522350297680 0.005644615913 cfg1 2 1 0 0 na na
10 59572.544350349455 0.005644727173 cfg1 2 1 0 0 na na
10 59572.577350334004 0.005644959073 cfg1 2 1 0 0 na na
10 59572.583350313168 0.005644978705 cfg1 2 1 0 0 na na
10 59572.585350373232 0.005644989143 cfg1 2 1 0 0 na na
10 59572.588350269971 0.005645016572 cfg1 2 1 0 0 na na
10 59572.599350306908 0.005645090066 cfg1 2 1 0 0 na na
10 59572.610350356412 0.005645144635 cfg1 2 1 0 0 na na
10 59572.611350293355 0.005645177396 cfg1 2 1 0 0 na na
10 59572.612350316434 0.005645182190 cfg1 2 1 0 0 na na
10 59572.623350349425 0.005645234346 cfg1 2 1 0 0 na na
10 59572.626350256849 0.005645270377 cfg1 2 1 0 0 na na
10 59572.637350320899 0.005645316487 cfg1 2 1 0 0 na na
10 59572.668350342897 0.005645513942 cfg1 2 1 0 0 na na
10 59572.691350305208 0.005645688639 cfg1 2 1 0 0 na na
10 59572.708350315627 0.005645787769 cfg1 2 1 0 0 na na
10 59572.710350261062 0.005645785800 cfg1 2 1 0 0 na na
10 59572.712350329866 0.005645810446 cfg1 2 1 0 0 na na
10 59572.720350264734 0.005645846948 cfg1 2 1 0 0 na na
10 59572.726350263738 0.005645884545 cfg1 2 1 0 0 na na
10 59572.730350307924 0.005645913158 cfg1 2 1 0 0 na na
10 59572.752350279385 0.005646056423 cfg1 2 1 0 0 na na
10 59572.760350317352 0.005646121499 cfg1 2 1 0 0 na na
10 59572.763350274321 0.005646132591 cfg1 2 1 0 0 na na
10 59572.770350297809 0.005646176853 cfg1 2 1 0 0 na na
10 59572.774350326490 0.005646213360 cfg1 2 1 0 0 na na
10 59572.788350268828 0.005646295190 cfg1 2 1 0 0 na na
10 59572.792350303912 0.005646324524 cfg1 2 1 0 0 na na
10 59572.794350325668 0.005646321090 cfg1 2 1 0 0 na na
10 59572.798350302234 0.005646372327 cfg1 2 1 0 0 na na
10 59572.804350291763 0.005646394534 cfg1 2 1 0 0 na na
10 59572.808350288327 0.005646429988 cfg1 2 1 0 0 na na
10 59572.809350386015 0.005646433047 cfg1 2 1 0 0 na na
10 59572.815350293838 0.005646474695 cfg1 2 1 0 0 na na
10 59572.821350294956 0.005646511374 cfg1 2 1 0 0 na na
10 59572.824350324582 0.005646524402 cfg1 2 1 0 0 na na
10 59572.829350294300 0.005646543978 cfg1 2 1 0 0 na na
10 59572.840350357705 0.005646629900 cfg1 2 1 0 0 na na
10 59572.841350284650 0.005646635990 cfg1 2 1 0 0 na na
10 59572.865350310462 0.005646777845 cfg1 2 1 0 0 na na
10 59572.870350288017 0.005646834638 cfg1 2 1 0 0 na na
10 59572.873350308988 0.005646826522 cfg1 2 1 0 0 na na
10 59572.875350330534 0.005646845286 cfg1 2 1 0 0 na na
10 59572.884350338932 0.005646915661 cfg1 2 1 0 0 na na
10 59572.890350292904 0.005646958314 cfg1 2 1 0 0 na na
10 59572.895350248902 0.005646983544 cfg1 2 1 0 0 na na
10 59572.896350264224 0.005646987790 cfg1 2 1 0 0 na na
10 59572.904350265860 0.005647029727 cfg1 2 1 0 0 na na
10 59572.913350337121 0.005647093125 cfg1 2 1 0 0 na na
10 59572.914350357616 0.005647090682 cfg1 2 1 0 0 na na
10 59572.939350278209 0.005647257474 cfg1 2 1 0 0 na na
10 59572.954350332048 0.005647353816 cfg1 2 1 0 0 na na
10 59572.956350279303 0.005647372311 cfg1 2 1 0 0 na na
10 59572.959350319264 0.005647410311 cfg1 2 1 0 0 na na
10 59572.962350304842 0.005647402756 cfg1 2 1 0 0 na na
10 59572.974350264371 0.005647482443 cfg1 2 1 0 0 na na
10 59572.987350246290 0.005647580647 cfg1 2 1 0 0 na na
10 59573.009350322731 0.005647724152 cfg1 2 1 0 0 na na
10 59573.016350334351 0.005647781013 cfg1 2 1 0 0 na na
10 59573.026350300627 0.005647826311 cfg1 2 1 0 0 na na
10 59573.046350318591 0.005647958470 cfg1 2 1 0 0 na na
10 59573.051350288546 0.005647997199 cfg1 2 1 0 0 na na
10 59573.059350258671 0.005648048355 cfg1 2 1 0 0 na na
10 59573.064350267420 0.005648092351 cfg1 2 1 0 0 na na
10 59573.065350322693 0.005648081442 cfg1 2 1 0 0 na na
10 59573.069350255043 0.005648123273 cfg1 2 1 0 0 na na
10 59573.093350298436 0.005648278385 cfg1 2 1 0 0 na na
10 59573.098350273864 0.005648294499 cfg1 2 1 0 0 na na
10 59573.115350282846 0.005648409689 cfg1 2 1 0 0 na na
10 59573.118350265613 0.005648439738 cfg1 2 1 0 0 na na
10 59573.144350328501 0.005648602902 cfg1 2 1 0 0 na na
10 59573.149350321758 0.005648639244 cfg1 2 1 0 0 na na
10 59573.152350271380 0.005648647767 cfg1 2 1 0 0 na na
10 59573.164350263167 0.005648732699 cfg1 2 1 0 0 na na
10 59573.177350293253 0.005648819116 cfg1 2 1 0 0 na na
10 59573.184350343071 0.005648869413 cfg1 2 1 0 0 na na
10 59573.189350317614 0.005648908606 cfg1 2 1 0 0 na na
10 59573.195350256710 0.005648930250 cfg1 2 1 0 0 na na
10 59573.205350354138 0.005648997160 cfg1 2 1 0 0 na na
10 59573.206350280538 0.005649000131 cfg1 2 1 0 0 na na
10 59573.208350250140 0.005649026680 cfg1 2 1 0 0 na na
10 59573.216350295931 0.005649060743 cfg1 2 1 0 0 na na
10 59573.218350252348 0.005649089999 cfg1 2 1 0 0 na na
10 59573.219350329877 0.005649082155 cfg1 2 1 0 0 na na
10 59573.220350277002 0.005649097993 cfg1 2 1 0 0 na na
10 59573.227350337280 0.005649154232 cfg1 2 1 0 0 na na
10 59573.231350272969 0.005649173854 cfg1 2 1 0 0 na na
10 59573.240350303509 0.005649230024 cfg1 2 1 0 0 na na
10 59573.245350290725 0.005649259578 cfg1 2 1 0 0 na na
10 59573.257350348130 0.005649331149 cfg1 2 1 0 0 na na
10 59573.275350342865 0.005649463204 cfg1 2 1 0 0 na na
10 59573.280350261244 0.005649490555 cfg1 2 1 0 0 na na
10 59573.283350301254 0.005649529260 cfg1 2 1 0 0 na na
10 59573.288350294429 0.005649537419 cfg1 2 1 0 0 na na
10 59573.306350318471 0.005649675482 cfg1 2 1 0 0 na na
10 59573.312350270966 0.005649702761 cfg1 2 1 0 0 na na
10 59573.317350315070 0.005649756479 cfg1 2 1 0 0 na na
10 59573.323350305621 0.005649794755 cfg1 2 1 0 0 na na
10 59573.341350283409 0.005649911567 cfg1 2 1 0 0 na na
10 59573.357350296699 0.005649997852 cfg1 2 1 0 0 na na
10 59573.366350331209 0.005650073484 cfg1 2 1 0 0 na na
10 59573.367350299271 0.005650078625 cfg1 2 1 0 0 na na
10 59573.368350328508 0.005650072122 cfg1 2 1 0 0 na na
10 59573.371350295811 0.005650108659 cfg1 2 1 0 0 na na
10 59573.382350288358 0.005650182927 cfg1 2 1 0 0 na na
10 59573.383350371492 0.005650178987 cfg1 2 1 0 0 na na
10 59573.384350271260 0.005650198566 cfg1 2 1 0 0 na na
10 59573.390350270634 0.005650218772 cfg1 2 1 0 0 na na
10 59573.396350342846 0.005650265174 cfg1 2 1 0 0 na na
10 59573.405350265455 0.005650337643 cfg1 2 1 0 0 na na
10 59573.411350298739 0.005650365101 cfg1 2 1 0 0 na na
10 59573.424350260175 0.005650446799 cfg1 2 1 0 0 na na
10 59573.425350345688 0.005650475052 cfg1 2 1 0 0 na na
10 59573.434350315265 0.005650506234 cfg1 2 1 0 0 na na
10 59573.438350261630 0.005650535183 cfg1 2 1 0 0 na na
10 59573.444350311149 0.005650599139 cfg1 2 1 0 0 na na
10 59573.449350331288 0.005650630757 cfg1 2 1 0 0 na na
10 59573.458350289240 0.005650688349 cfg1 2 1 0 0 na na
10 59573.464350278451 0.005650732391 cfg1 2 1 0 0 na na
10 59573.466350388949 0.005650744521 cfg1 2 1 0 0 na na
10 59573.467350245933 0.005650745915 cfg1 2 1 0 0 na na
10 59573.471350277567 0.005650770437 cfg1 2 1 0 0 na na
10 59573.490350268806 0.005650889959 cfg1 2 1 0 0 na na
10 59573.491350330626 0.005650891262 cfg1 2 1 0 0 na na
10 59573.505350352616 0.005651000265 cfg1 2 1 0 0 na na
10 59573.516350299591 0.005651067027 cfg1 2 1 0 0 na na
10 59573.518350311790 0.005651081696 cfg1 2 1 0 0 na na
10 59573.532350272677 0.005651185261 cfg1 2 1 0 0 na na
10 59573.564350304757 0.005651386896 cfg1 2 1 0 0 na na
10 59573.569350299485 0.005651431338 cfg1 2 1 0 0 na na
10 59573.576350278576 0.005651477712 cfg1 2 1 0 0 na na
10 59573.581350284982 0.005651520580 cfg1 2 1 0 0 na na
10 59573.589350257592 0.005651554293 cfg1 2 1 0 0 na na
10 59573.591350273737 0.005651562722 cfg1 2 1 0 0 na na
10 59573.593350290354 0.005651584069 cfg1 2 1 0 0 na na
10 59573.612350309278 0.005651729031 cfg1 2 1 0 0 na na
10 59573.613350302672 0.005651716507 cfg1 2 1 0 0 na na
10 59573.615350323586 0.005651739905 cfg1 2 1 0 0 na na
10 59573.616350282575 0.005651731366 cfg1 2 1 0 0 na na
10 59573.621350351720 0.005651784049 cfg1 2 1 0 0 na na
10 59573.623350262956 0.005651787572 cfg1 2 1 0 0 na na
10 59573.631350291077 0.005651839838 cfg1 2 1 0 0 na na
10 59573.632350342941 0.005651842590 cfg1 2 1 0 0 na na
10 59573.635350358245 0.005651864314 cfg1 2 1 0 0 na na
10 59573.638350327275 0.005651878082 cfg1 2 1 0 0 na na
10 59573.652350283337 0.005651982853 cfg1 2 1 0 0 na na
10 59573.673350312572 0.005652115054 cfg1 2 1 0 0 na na
10 59573.675350349431 0.005652137261 cfg1 2 1 0 0 na na
10 59573.678350274541 0.005652175092 cfg1 2 1 0 0 na na
10 59573.701350342774 0.005652305569 cfg1 2 1 0 0 na na
10 59573.712350317195 0.005652396874 cfg1 2 1 0 0 na na
10 59573.714350301291 0.005652394810 cfg1 2 1 0 0 na na
10 59573.719350337427 0.005652438110 cfg1 2 1 0 0 na na
10 59573.727350338030 0.005652504224 cfg1 2 1 0 0 na na
10 59573.754350338136 0.005652686436 cfg1 2 1 0 0 na na
10 59573.773350326494 0.005652810493 cfg1 2 1 0 0 na na
10 59573.781350318295 0.005652851870 cfg1 2 1 0 0 na na
10 59573.820350316817 0.005653138623 cfg1 2 1 0 0 na na
10 59573.827350376930 0.005653184367 cfg1 2 1 0 0 na na
10 59573.829350281515 0.005653202576 cfg1 2 1 0 0 na na
10 59573.861350322894 0.005653402517 cfg1 2 1 0 0 na na
10 59573.865350263010 0.005653426731 cfg1 2 1 0 0 na na
10 59573.866350301641 0.005653442058 cfg1 2 1 0 0 na na
10 59573.870350328273 0.005653473440 cfg1 2 1 0 0 na na
10 59573.875350333732 0.005653516791 cfg1 2 1 0 0 na na
10 59573.882350306294 0.005653542049 cfg1 2 1 0 0 na na
10 59573.886350298402 0.005653571934 cfg1 2 1 0 0 na na
10 59573.887350304917 0.005653579835 cfg1 2 1 0 0 na na
10 59573.952350349731 0.005654019370 cfg1 2 1 0 0 na na
10 59573.956350327534 0.005654062752 cfg1 2 1 0 0 na na
10 59573.986350323380 0.005654252653 cfg1 2 1 0 0 na na
10 59573.992350293645 0.005654302723 cfg1 2 1 0 0 na na
10 59573.997350298765 0.005654346103 cfg1 2 1 0 0 na na
10 59574.006350317786 0.005654415212 cfg1 2 1 0 0 na na
10 59574.040350260966 0.005654631143 cfg1 2 1 0 0 na na
10 59574.067350248606 0.005654836707 cfg1 2 1 0 0 na na
10 59574.072350356455 0.005654859047 cfg1 2 1 0 0 na na
10 59574.087350262953 0.005654953939 cfg1 2 1 0 0 na na
10 59574.090350313769 0.005654986530 cfg1 2 1 0 0 na na
10 59574.097350319989 0.005655045262 cfg1 2 1 0 0 na na
10 59574.119350317609 0.005655188159 cfg1 2 1 0 0 na na
10 59574.143350339449 0.005655364045 cfg1 2 1 0 0 na na
10 59574.146350280823 0.005655370510 cfg1 2 1 0 0 na na
10 59574.151350345473 0.005655425106 cfg1 2 1 0 0 na na
10 59574.160350330884 0.005655460298 cfg1 2 1 0 0 na na
10 59574.185350304977 0.005655656978 cfg1 2 1 0 0 na na
10 59574.188350322130 0.005655660444 cfg1 2 1 0 0 na na
10 59574.194350325348 0.005655709504 cfg1 2 1 0 0 na na
10 59574.198350305820 0.005655729744 cfg1 2 1 0 0 na na
10 59574.213350338457 0.005655852820 cfg1 2 1 0 0 na na
10 59574.222350294444 0.005655903504 cfg1 2 1 0 0 na na
10 59574.237350251606 0.005656010506 cfg1 2 1 0 0 na na
10 59574.238350333259 0.005656015491 cfg1 2 1 0 0 na na
10 59574.242350359453 0.005656038540 cfg1 2 1 0 0 na na
10 59574.267350347002 0.005656206158 cfg1 2 1 0 0 na na
10 59574.269350255964 0.005656231072 cfg1 2 1 0 0 na na
10 59574.274350342986 0.005656265425 cfg1 2 1 0 0 na na
10 59574.315350306018 0.005656564560 cfg1 2 1 0 0 na na
10 59574.355350291565 0.005656827545 cfg1 2 1 0 0 na na
10 59574.356350347209 0.005656857503 cfg1 2 1 0 0 na na
10 59574.384350269697 0.005657033483 cfg1 2 1 0 0 na na
10 59574.395350371141 0.005657130913 cfg1 2 1 0 0 na na
10 59574.410350340515 0.005657235094 cfg1 2 1 0 0 na na
10 59574.417350325983 0.005657267271 cfg1 2 1 0 0 na na
10 59574.425350300592 0.005657345984 cfg1 2 1 0 0 na na
10 59574.446350344291 0.005657480341 cfg1 2 1 0 0 na na
10 59574.452350333986 0.005657537114 cfg1 2 1 0 0 na na
10 59574.482350263655 0.005657723236 cfg1 2 1 0 0 na na
10 59574.547350322467 0.005658202567 cfg1 2 1 0 0 na na
10 59574.557350276064 0.005658271350 cfg1 2 1 0 0 na na
10 59574.561350310534 0.005658287172 cfg1 2 1 0 0 na na
10 59574.566350344890 0.005658337782 cfg1 2 1 0 0 na na
10 59574.573350310244 0.005658394464 cfg1 2 1 0 0 na na
10 59574.647350316318 0.005658900798 cfg1 2 1 0 0 na na
10 59574.656350353080 0.005658978836 cfg1 2 1 0 0 na na
10 59574.663350302949 0.005659043683 cfg1 2 1 0 0 na na
10 59574.665350274890 0.005659036608 cfg1 2 1 0 0 na na
10 59574.680350267323 0.005659156275 cfg1 2 1 0 0 na na
10 59574.681350314893 0.005659160189 cfg1 2 1 0 0 na na
10 59574.689350281054 0.005659219566 cfg1 2 1 0 0 na na
10 59574.693350288724 0.005659243991 cfg1 2 1 0 0 na na
10 59574.696350260920 0.005659255795 cfg1 2 1 0 0 na na
10 59574.717350289914 0.005659426057 cfg1 2 1 0 0 na na
10 59574.750350288147 0.005659640952 cfg1 2 1 0 0 na na
10 59574.768350304233 0.005659786358 cfg1 2 1 0 0 na na
10 59574.779350326565 0.005659852081 cfg1 2 1 0 0 na na
10 59574.829350321969 0.005660227207 cfg1 2 1 0 0 na na
10 59574.848350301930 0.005660359184 cfg1 2 1 0 0 na na
10 59574.932350273928 0.005660987482 cfg1 2 1 0 0 na na
10 59574.962350262123 0.005661193339 cfg1 2 1 0 0 na na
10 59574.968350282275 0.005661233122 cfg1 2 1 0 0 na na
10 59574.999350265094 0.005661446626 cfg1 2 1 0 0 na na
10 59575.002350353843 0.005661477915 cfg1 2 1 0 0 na na
10 59575.033350295617 0.005661712149 cfg1 2 1 0 0 na na
10 59575.054350299106 0.005661856220 cfg1 2 1 0 0 na na
10 59575.056350343526 0.005661893327 cfg1 2 1 0 0 na na
10 59575.064350315545 0.005661930884 cfg1 2 1 0 0 na na
10 59575.113350321242 0.005662284637 cfg1 2 1 0 0 na na
10 59575.117350291475 0.005662326679 cfg1 2 1 0 0 na na
10 59575.131350347821 0.005662421436 cfg1 2 1 0 0 na na
10 59575.151350318926 0.005662564296 cfg1 2 1 0 0 na na
10 59575.170350341615 0.005662708805 cfg1 2 1 0 0 na na
10 59575.173350328460 0.005662741502 cfg1 2 1 0 0 na na
10 59575.253350249909 0.005663340142 cfg1 2 1 0 0 na na
10 59575.264350296951 0.005663406947 cfg1 2 1 0 0 na na
10 59575.268350321114 0.005663431797 cfg1 2 1 0 0 na na
10 59575.298350358471 0.005663653510 cfg1 2 1 0 0 na na
10 59575.343350327654 0.005664000953 cfg1 2 1 0 0 na na
10 59575.367350318212 0.005664184586 cfg1 2 1 0 0 na na
10 59575.386350335659 0.005664318395 cfg1 2 1 0 0 na na
10 59575.389350322282 0.005664329859 cfg1 2 1 0 0 na na
10 59575.432350341390 0.005664651932 cfg1 2 1 0 0 na na
10 59575.486350308581 0.005665078852 cfg1 2 1 0 0 na na
10 59575.517350317451 0.005665303815 cfg1 2 1 0 0 na na
10 59575.543350285727 0.005665493964 cfg1 2 1 0 0 na na
10 59575.558350337976 0.005665604319 cfg1 2 1 0 0 na na
10 59575.564350287951 0.005665668053 cfg1 2 1 0 0 na na
10 59575.609350273980 0.005665982025 cfg1 2 1 0 0 na na
10 59575.625350346447 0.005666103788 cfg1 2 1 0 0 na na
10 59575.677350250756 0.005666505771 cfg1 2 1 0 0 na na
10 59575.685350292285 0.005666569287 cfg1 2 1 0 0 na na
10 59575.810350329693 0.005667514057 cfg1 2 1 0 0 na na
10 59575.834350332453 0.005667700937 cfg1 2 1 0 0 na na
10 59575.839350343934 0.005667736736 cfg1 2 1 0 0 na na
10 59575.860350281715 0.005667914767 cfg1 2 1 0 0 na na
10 59575.895350305496 0.005668183444 cfg1 2 1 0 0 na na
10 59575.904350312125 0.005668253962 cfg1 2 1 0 0 na na
10 59575.933350269849 0.005668448519 cfg1 2 1 0 0 na na
10 59576.042350338997 0.005669297490 cfg1 2 1 0 0 na na
10 59576.050350299909 0.005669368155 cfg1 2 1 0 0 na na
10 59576.051350335505 0.005669371329 cfg1 2 1 0 0 na na
10 59576.058350313317 0.005669433777 cfg1 2 1 0 0 na na
10 59576.065350265743 0.005669481629 cfg1 2 1 0 0 na na
10 59576.081350318115 0.005669612407 cfg1 2 1 0 0 na na
10 59576.144350258845 0.005670105523 cfg1 2 1 0 0 na na
10 59576.148350307524 0.005670132576 cfg1 2 1 0 0 na na
10 59576.149350287725 0.005670123597 cfg1 2 1 0 0 na na
10 59576.159350316934 0.005670207991 cfg1 2 1 0 0 na na
10 59576.178350308763 0.005670355699 cfg1 2 1 0 0 na na
10 59576.179350312725 0.005670351462 cfg1 2 1 0 0 na na
10 59576.187350322946 0.005670435398 cfg1 2 1 0 0 na na
10 59576.198350320140 0.005670504204 cfg1 2 1 0 0 na na
10 59576.206350258359 0.005670587614 cfg1 2 1 0 0 na na
10 59576.249350316828 0.005670915583 cfg1 2 1 0 0 na na
10 59576.271350323283 0.005671092738 cfg1 2 1 0 0 na na
10 59576.319350321122 0.005671464233 cfg1 2 1 0 0 na na
10 59576.371350281005 0.005671867630 cfg1 2 1 0 0 na na
10 59576.395350315055 0.005672046905 cfg1 2 1 0 0 na na
10 59576.405350339825 0.005672132116 cfg1 2 1 0 0 na na
10 59576.430350328079 0.005672332117 cfg1 2 1 0 0 na na
10 59576.502350323648 0.005672905603 cfg1 2 1 0 0 na na
10 59576.525350332449 0.005673081800 cfg1 2 1 0 0 na na
10 59576.526350247062 0.005673094728 cfg1 2 1 0 0 na na
10 59576.537350280490 0.005673185801 cfg1 2 1 0 0 na na
10 59576.628350301942 0.005673899075 cfg1 2 1 0 0 na na
10 59576.651350314817 0.005674080614 cfg1 2 1 0 0 na na
10 59576.664350284375 0.005674194381 cfg1 2 1 0 0 na na
10 59576.683350292711 0.005674326480 cfg1 2 1 0 0 na na
10 59576.733350311655 0.005674742053 cfg1 2 1 0 0 na na
10 59576.737350308897 0.005674767481 cfg1 2 1 0 0 na na
10 59576.799350340115 0.005675259672 cfg1 2 1 0 0 na na
10 59576.858350297167 0.005675732834 cfg1 2 1 0 0 na na
10 59576.899350316808 0.005676066154 cfg1 2 1 0 0 na na
10 59576.942350284208 0.005676431974 cfg1 2 1 0 0 na na
10 59577.006350333873 0.005676923954 cfg1 2 1 0 0 na na
10 59577.044350292218 0.005677253374 cfg1 2 1 0 0 na na
10 59577.138350289477 0.005678006643 cfg1 2 1 0 0 na na
10 59577.142350354693 0.005678033106 cfg1 2 1 0 0 na na
10 59577.448350241382 0.005680570421 cfg1 2 1 0 0 na na
10 59577.459350299087 0.005680651532 cfg1 2 1 0 0 na na
10 59577.526350258315 0.005681203715 cfg1 2 1 0 0 na na
10 59577.548350269943 0.005681382657 cfg1 2 1 0 0 na na
10 59577.560350324687 0.005681480115 cfg1 2 1 0 0 na na
10 59577.561350293593 0.005681509109 cfg1 2 1 0 0 na na
10 59577.573350343478 0.005681612698 cfg1 2 1 0 0 na na
10 59577.685350317925 0.005682552266 cfg1 2 1 0 0 na na
10 59577.990350341964 0.005685123711 cfg1 2 1 0 0 na na
10 59578.101350293960 0.005686046258 cfg1 2 1 0 0 na na
10 59578.165350260345 0.005686601764 cfg1 2 1 0 0 na na
10 59578.300350284008 0.005687775276 cfg1 2 1 0 0 na na
10 59578.301350291205 0.005687790422 cfg1 2 1 0 0 na na
10 59578.359350332987 0.005688285492 cfg1 2 1 0 0 na na
10 59578.411350275984 0.005688734987 cfg1 2 1 0 0 na na
10 59578.425350354108 0.005688852410 cfg1 2 1 0 0 na na
10 59578.488350321144 0.005689412508 cfg1 2 1 0 0 na na
10 59578.569350313836 0.005690104176 cfg1 2 1 0 0 na na
10 59578.570350356662 0.005690116539 cfg1 2 1 0 0 na na
10 59578.625350375921 0.005690609179 cfg1 2 1 0 0 na na
10 59578.645350273950 0.005690760185 cfg1 2 1 0 0 na na
10 59578.678350282682 0.005691056945 cfg1 2 1 0 0 na na
10 59578.717350273501 0.005691392727 cfg1 2 1 0 0 na na
10 59578.741350255250 0.005691611747 cfg1 2 1 0 0 na na
10 59578.747350333376 0.005691653859 cfg1 2 1 0 0 na na
10 59578.876350348325 0.005692802332 cfg1 2 1 0 0 na na
10 59578.992350282723 0.005693840670 cfg1 2 1 0 0 na na
10 59579.000350321745 0.005693909711 cfg1 2 1 0 0 na na
10 59579.042350317488 0.005694276305 cfg1 2 1 0 0 na na
10 59579.108350357610 0.005694870819 cfg1 2 1 0 0 na na
10 59579.141350263283 0.005695158630 cfg1 2 1 0 0 na na
10 59579.223350388407 0.005695902620 cfg1 2 1 0 0 na na
10 59579.228350310933 0.005695956370 cfg1 2 1 0 0 na na
10 59579.267350296294 0.005696297655 cfg1 2 1 0 0 na na
10 59579.310350294640 0.005696688472 cfg1 2 1 0 0 na na
10 59579.314350355616 0.005696709697 cfg1 2 1 0 0 na na
10 59579.356350324031 0.005697108134 cfg1 2 1 0 0 na na
10 59579.371350294529 0.005697242545 cfg1 2 1 0 0 na na
10 59579.426350333074 0.005697729525 cfg1 2 1 0 0 na na
10 59579.533350300090 0.005698717002 cfg1 2 1 0 0 na na
10 59579.598350313232 0.005699312918 cfg1 2 1 0 0 na na
10 59579.846350292445 0.005701587068 cfg1 2 1 0 0 na na
10 59579.899350271155 0.005702064673 cfg1 2 1 0 0 na na
10 59579.933350270558 0.005702393217 cfg1 2 1 0 0 na na
10 59579.934350325801 0.005702394189 cfg1 2 1 0 0 na na
10 59579.948350311924 0.005702519764 cfg1 2 1 0 0 na na
10 59579.973350316963 0.005702773333 cfg1 2 1 0 0 na na
10 59580.100350288774 0.005703953147 cfg1 2 1 0 0 na na
10 59580.159350280028 0.005704488728 cfg1 2 1 0 0 na na
10 59580.168350331306 0.005704575898 cfg1 2 1 0 0 na na
10 59580.172350317034 0.005704630706 cfg1 2 1 0 0 na na
10 59580.194350312804 0.005704828733 cfg1 2 1 0 0 na na
10 59580.296350293375 0.005705793260 cfg1 2 1 0 0 na na
10 59580.302350308043 0.005705828547 cfg1 2 1 0 0 na na
10 59580.333350343103 0.005706128855 cfg1 2 1 0 0 na na
10 59580.349350297403 0.005706292904 cfg1 2 1 0 0 na na
10 59580.353350312586 0.005706327226 cfg1 2 1 0 0 na na
10 59580.367350321875 0.005706447202 cfg1 2 1 0 0 na na
10 59580.373350280235 0.005706505044 cfg1 2 1 0 0 na na
10 59580.439350257261 0.005707129550 cfg1 2 1 0 0 na na
10 59580.442350290115 0.005707154230 cfg1 2 1 0 0 na na
10 59580.471350309551 0.005707440382 cfg1 2 1 0 0 na na
10 59580.578350309119 0.005708443655 cfg1 2 1 0 0 na na
10 59580.635350261686 0.005708990186 cfg1 2 1 0 0 na na
10 59580.683350294820 0.005709456599 cfg1 2 1 0 0 na na
10 59580.733350329282 0.005709941220 cfg1 2 1 0 0 na na
10 59580.820350331133 0.005710788366 cfg1 2 1 0 0 na na
10 59580.828350356372 0.005710852910 cfg1 2 1 0 0 na na
10 59580.869350321959 0.005711259149 cfg1 2 1 0 0 na na
10 59580.897350321510 0.005711527285 cfg1 2 1 0 0 na na
10 59580.900350341318 0.005711547213 cfg1 2 2 0 0 na na
10 59580.908350265031 0.005711630994 cfg1 2 1 0 0 na na
10 59580.927350342829 0.005711811486 cfg1 2 1 0 0 na na
10 59580.935350287793 0.005711877488 cfg1 2 1 0 0 na na
10 59580.940350262645 0.005711942905 cfg1 2 1 0 0 na na
10 59581.052350241473 0.005713030523 cfg1 2 1 0 0 na na
10 59581.060350272514 0.005713081783 cfg1 2 1 0 0 na na
10 59581.072350313450 0.005713213751 cfg1 2 1 0 0 na na
10 59581.089350291852 0.005713386907 cfg1 2 1 0 0 na na
10 59581.104350312896 0.005713528453 cfg1 2 1 0 0 na na
10 59581.114350289718 0.005713616127 cfg1 2 1 0 0 na na
10 59581.138350320318 0.005713857620 cfg1 2 1 0 0 na na
10 59581.140350325618 0.005713878083 cfg1 2 1 0 0 na na
10 59581.157350345860 0.005714048893 cfg1 2 1 0 0 na na
10 59581.172350263929 0.005714173066 cfg1 2 1 0 0 na na
10 59581.190350311218 0.005714360336 cfg1 2 1 0 0 na na
10 59581.228350345181 0.005714723297 cfg1 2 1 0 0 na na
10 59581.330350259123 0.005715727760 cfg1 2 1 0 0 na na
10 59581.416350315866 0.005716571103 cfg1 2 1 0 0 na na
10 59581.439350296566 0.005716800403 cfg1 2 1 0 0 na na
10 59581.457350339644 0.005716971371 cfg1 2 1 0 0 na na
10 59581.539350290702 0.005717811139 cfg1 2 1 0 0 na na
10 59581.540350361401 0.005717818867 cfg1 2 1 0 0 na na
10 59581.586350346846 0.005718252765 cfg1 2 1 0 0 na na
10 59581.604350328375 0.005718452989 cfg1 2 1 0 0 na na
10 59581.633350337569 0.005718735772 cfg1 2 1 0 0 na na
10 59581.708350326899 0.005719482927 cfg1 2 1 0 0 na na
10 59581.741350328476 0.005719807485 cfg1 2 1 0 0 na na
10 59581.775350322971 0.005720137887 cfg1 2 1 0 0 na na
10 59581.795350345686 0.005720353153 cfg1 2 1 0 0 na na
10 59581.850350324842 0.005720905716 cfg1 2 1 0 0 na na
10 59581.858350235815 0.005720991153 cfg1 2 1 0 0 na na
10 59581.871350295046 0.005721121416 cfg1 2 1 0 0 na na
10 59581.888350344370 0.005721290500 cfg1 2 1 0 0 na na
10 59581.962350308195 0.005722016162 cfg1 2 1 0 0 na na
10 59582.068350255478 0.005723092967 cfg1 2 1 0 0 na na
10 59582.084350283092 0.005723258044 cfg1 2 1 0 0 na na
10 59582.120350309992 0.005723614349 cfg1 2 1 0 0 na na
10 59582.160350338774 0.005724037693 cfg1 2 1 0 0 na na
10 59582.187350370961 0.005724302250 cfg1 2 1 0 0 na na
10 59582.235350282001 0.005724781639 cfg1 2 1 0 0 na na
10 59582.254350297734 0.005724982653 cfg1 2 1 0 0 na na
10 59582.262350354319 0.005725062592 cfg1 2 1 0 0 na na
10 59582.265350310348 0.005725094640 cfg1 2 1 0 0 na na
10 59582.287350324676 0.005725321988 cfg1 2 1 0 0 na na
10 59582.298350318251 0.005725430767 cfg1 2 1 0 0 na na
10 59582.301350341992 0.005725466774 cfg1 2 1 0 0 na na
10 59582.344350312227 0.005725895073 cfg1 2 1 0 0 na na
10 59582.363350278070 0.005726086704 cfg1 2 1 0 0 na na
10 59582.386350337225 0.005726330245 cfg1 2 2 0 0 na na
10 59582.394350244960 0.005726417175 cfg1 2 1 0 0 na na
10 59582.406350277218 0.005726520141 cfg1 2 1 0 0 na na
10 59582.457350271356 0.005727042446 cfg1 2 1 0 0 na na
10 59582.528350317152 0.005727788055 cfg1 2 2 0 0 na na
10 59582.548350261397 0.005728002736 cfg1 2 1 0 0 na na
10 59582.596350282721 0.005728474548 cfg1 2 1 0 0 na na
10 59582.675350288932 0.005729305412 cfg1 2 1 0 0 na na
10 59582.750350284208 0.005730068894 cfg1 2 1 0 0 na na
10 59582.783350316640 0.005730408742 cfg1 2 1 0 0 na na
10 59582.956350340267 0.005732219782 cfg1 2 1 0 0 na na
10 59582.970350258768 0.005732368147 cfg1 2 1 0 0 na na
10 59583.021350331471 0.005732915476 cfg1 2 1 0 0 na na
10 59583.031350353611 0.005733015015 cfg1 2 2 0 0 na na
10 59583.058350345414 0.005733298408 cfg1 2 2 0 0 na na
10 59583.170350347898 0.005734474335 cfg1 2 1 0 0 na na
10 59583.204350266235 0.005734820593 cfg1 2 1 0 0 na na
10 59583.207350317893 0.005734863349 cfg1 2 1 0 0 na na
10 59583.299350295490 0.005735825147 cfg1 2 1 0 0 na na
10 59583.384350325629 0.005736743514 cfg1 2 1 0 0 na na
10 59583.410350283421 0.005737025609 cfg1 2 1 0 0 na na
10 59583.422350308902 0.005737146322 cfg1 2 1 0 0 na na
10 59583.448350304351 0.005737420253 cfg1 2 1 0 0 na na
10 59583.473350310948 0.005737689337 cfg1 2 2 0 0 na na
10 59583.484350361082 0.005737815115 cfg1 2 1 0 0 na na
10 59583.510350310595 0.005738084009 cfg1 2 1 0 0 na na
10 59583.578350278773 0.005738814133 cfg1 2 1 0 0 na na
10 59583.602350319892 0.005739056389 cfg1 2 1 0 0 na na
10 59583.663350291939 0.005739729019 cfg1 2 1 0 0 na na
10 59583.679350278633 0.005739894478 cfg1 2 1 0 0 na na
10 59583.691350323884 0.005740030512 cfg1 2 1 0 0 na na
10 59583.713350307233 0.005740259043 cfg1 2 2 0 0 na na
10 59583.714350333947 0.005740268409 cfg1 2 1 0 0 na na
10 59583.820350268684 0.005741401763 cfg1 2 1 0 0 na na
10 59583.822350314981 0.005741441899 cfg1 2 1 0 0 na na
10 59583.873350310326 0.005741983819 cfg1 2 1 0 0 na na
10 59583.883350328650 0.005742090469 cfg1 2 1 0 0 na na
10 59583.892350289023 0.005742186635 cfg1 2 1 0 0 na na
10 59583.938350298061 0.005742688403 cfg1 2 1 0 0 na na
10 59584.008350262431 0.005743449931 cfg1 2 1 0 0 na na
10 59584.110350352655 0.005744548470 cfg1 2 1 0 0 na na
10 59584.137350294528 0.005744844714 cfg1 2 1 0 0 na na
10 59584.140350305127 0.005744886158 cfg1 2 2 0 0 na na
10 59584.395350290897 0.005747682962 cfg1 2 2 0 0 na na
10 59584.434350331471 0.005748097764 cfg1 2 1 0 0 na na
10 59584.470350359739 0.005748513160 cfg1 2 1 0 0 na na
10 59584.513350301367 0.005748986366 cfg1 2 1 0 0 na na
10 59584.514350315041 0.005748996752 cfg1 2 2 0 0 na na
10 59584.552350289939 0.005749400796 cfg1 2 1 0 0 na na
10 59584.579350311108 0.005749727607 cfg1 2 1 0 0 na na
10 59584.588350261048 0.005749806101 cfg1 2 1 0 0 na na
10 59584.599350329820 0.005749926993 cfg1 2 1 0 0 na na
10 59584.609350262277 0.005750049569 cfg1 2 1 0 0 na na
10 59584.628350313034 0.005750256794 cfg1 2 1 0 0 na na
10 59584.704350320373 0.005751110486 cfg1 2 1 0 0 na na
10 59584.706350273263 0.005751136597 cfg1 2 1 0 0 na na
10 59584.715350354265 0.005751236938 cfg1 2 1 0 0 na na
10 59584.801350320682 0.005752186740 cfg1 2 1 0 0 na na
10 59584.807350353675 0.005752260552 cfg1 2 1 0 0 na na
10 59584.830350289749 0.005752514663 cfg1 2 1 0 0 na na
10 59584.839350311200 0.005752604429 cfg1 2 1 0 0 na na
10 59584.852350305360 0.005752757592 cfg1 2 1 0 0 na na
10 59584.880350296445 0.005753067989 cfg1 2 1 0 0 na na
10 59584.907350363190 0.005753374242 cfg1 2 1 0 0 na na
10 59584.925350317654 0.005753568470 cfg1 2 1 0 0 na na
10 59584.950350277410 0.005753848309 cfg1 2 1 0 0 na na
10 59584.968350305765 0.005754043831 cfg1 2 1 0 0 na na
10 59584.971350297056 0.005754097560 cfg1 2 1 0 0 na na
10 59585.033350245674 0.005754791169 cfg1 2 1 0 0 na na
10 59585.050350307013 0.005754981846 cfg1 2 2 0 0 na na
10 59585.091350318556 0.005755448953 cfg1 2 1 0 0 na na
10 59585.101350328178 0.005755569841 cfg1 2 1 0 0 na na
10 59585.119350303780 0.005755755082 cfg1 2 1 0 0 na na
10 59585.130350291133 0.005755872361 cfg1 2 1 0 0 na na
10 59585.137350326008 0.005755958211 cfg1 2 1 0 0 na na
10 59585.161350287016 0.005756218309 cfg1 2 1 0 0 na na
10 59585.174350249701 0.005756377304 cfg1 2 1 0 0 na na
10 59585.217350283258 0.005756853154 cfg1 2 1 0 0 na na
10 59585.238350310173 0.005757108863 cfg1 2 1 0 0 na na
10 59585.317350319672 0.005758004059 cfg1 2 1 0 0 na na
10 59585.337350293196 0.005758236190 cfg1 2 1 0 0 na na
10 59585.340350295683 0.005758249938 cfg1 2 1 0 0 na na
10 59585.421350310176 0.005759199961 cfg1 2 1 0 0 na na
10 59585.436350303052 0.005759363044 cfg1 2 1 0 0 na na
10 59585.491350330612 0.005759988719 cfg1 2 1 0 0 na na
10 59585.493350301799 0.005760011567 cfg1 2 1 0 0 na na
10 59585.503350307200 0.005760136995 cfg1 2 1 0 0 na na
10 59585.564350369284 0.005760824734 cfg1 2 2 0 0 na na
10 59585.581350255647 0.005761011354 cfg1 2 1 0 0 na na
10 59585.641350284733 0.005761714002 cfg1 2 1 0 0 na na
10 59585.736350328778 0.005762809701 cfg1 2 1 0 0 na na
10 59585.759350270267 0.005763079740 cfg1 2 1 0 0 na na
10 59585.799350340917 0.005763526970 cfg1 2 1 0 0 na na
10 59585.843350306300 0.005764038899 cfg1 2 1 0 0 na na
10 59585.852350315893 0.005764133170 cfg1 2 1 0 0 na na
10 59585.878350312940 0.005764443996 cfg1 2 2 0 0 na na
10 59585.887350267772 0.005764541783 cfg1 2 1 0 0 na na
10 59585.890350302109 0.005764592497 cfg1 2 1 0 0 na na
10 59585.900350340619 0.005764702222 cfg1 2 1 0 0 na na
10 59585.914350320591 0.005764861266 cfg1 2 2 0 0 na na
10 59585.917350274698 0.005764907879 cfg1 2 1 0 0 na na
10 59585.936350259268 0.005765102823 cfg1 2 1 0 0 na na
10 59585.965350332591 0.005765447594 cfg1 2 1 0 0 na na
10 59585.976350291285 0.005765588513 cfg1 2 1 0 0 na na
10 59585.985350313277 0.005765685860 cfg1 2 2 0 0 na na
10 59585.999350298215 0.005765844654 cfg1 2 1 0 0 na na
10 59586.005350312643 0.005765911035 cfg1 2 1 0 0 na na
10 59586.023350306860 0.005766121501 cfg1 2 1 0 0 na na
10 59586.024350337872 0.005766129956 cfg1 2 1 0 0 na na
10 59586.040350276141 0.005766317498 cfg1 2 1 0 0 na na
10 59586.050350297462 0.005766434847 cfg1 2 1 0 0 na na
10 59586.106350365573 0.005767097071 cfg1 2 1 0 0 na na
10 59586.146350276109 0.005767562003 cfg1 2 1 0 0 na na
10 59586.218350254691 0.005768406854 cfg1 2 1 0 0 na na
10 59586.259350303712 0.005768885952 cfg1 2 2 0 0 na na
10 59586.320350287261 0.005769600984 cfg1 2 1 0 0 na na
10 59586.331350322586 0.005769715671 cfg1 2 1 0 0 na na
10 59586.333350327048 0.005769766462 cfg1 2 1 0 0 na na
10 59586.336350310017 0.005769796893 cfg1 2 1 0 0 na na
10 59586.380350315510 0.005770317531 cfg1 2 1 0 0 na na
10 59586.554350270174 0.005772359873 cfg1 2 1 0 0 na na
10 59586.556350346853 0.005772386936 cfg1 2 1 0 0 na na
10 59586.557350357165 0.005772396662 cfg1 2 1 0 0 na na
10 59586.572350309038 0.005772571341 cfg1 2 1 0 0 na na
10 59586.584350337589 0.005772724045 cfg1 2 1 0 0 na na
10 59586.594350330660 0.005772834857 cfg1 2 1 0 0 na na
10 59586.617350268917 0.005773094021 cfg1 2 1 0 0 na na
10 59586.638350286805 0.005773344780 cfg1 2 1 0 0 na na
10 59586.673350373851 0.005773760660 cfg1 2 1 0 0 na na
10 59586.687350333103 0.005773936933 cfg1 2 1 0 0 na na
10 59586.744350370461 0.005774632099 cfg1 2 1 0 0 na na
10 59586.868350267414 0.005776101013 cfg1 2 2 0 0 na na
10 59586.891350267723 0.005776376295 cfg1 2 2 0 0 na na
10 59586.898350362397 0.005776460097 cfg1 2 2 0 0 na na
10 59586.917350357773 0.005776680869 cfg1 2 1 0 0 na na
10 59586.951350260561 0.005777093159 cfg1 2 1 0 0 na na
10 59586.954350338460 0.005777139759 cfg1 2 1 0 0 na na
10 59586.990350263371 0.005777548260 cfg1 2 1 0 0 na na
10 59587.099350358180 0.005778857856 cfg1 2 1 0 0 na na
10 59587.132350353510 0.005779263798 cfg1 2 1 0 0 na na
10 59587.136350332426 0.005779310124 cfg1 2 1 0 0 na na
10 59587.150350308622 0.005779475865 cfg1 2 1 0 0 na na
10 59587.170350258622 0.005779718310 cfg1 2 1 0 0 na na
10 59587.182350314602 0.005779888257 cfg1 2 1 0 0 na na
10 59587.223350317118 0.005780371834 cfg1 2 2 0 0 na na
10 59587.233350306106 0.005780486430 cfg1 2 1 0 0 na na
10 59587.296350283624 0.005781247585 cfg1 2 1 0 0 na na
10 59587.366350279999 0.005782105698 cfg1 2 2 0 0 na na
10 59587.381350303137 0.005782288045 cfg1 2 2 0 0 na na
10 59587.387350275067 0.005782363362 cfg1 2 1 0 0 na na
10 59587.388350282617 0.005782373102 cfg1 2 2 0 0 na na
10 59587.395350361826 0.005782441531 cfg1 2 1 0 0 na na
10 59587.409350293530 0.005782625972 cfg1 2 1 0 0 na na
10 59587.444350310011 0.005783064822 cfg1 2 1 0 0 na na
10 59587.512350333834 0.005783867247 cfg1 2 1 0 0 na na
10 59587.559350282214 0.005784469878 cfg1 2 1 0 0 na na
10 59587.579350356864 0.005784713765 cfg1 2 1 0 0 na na
10 59587.587350283824 0.005784790532 cfg1 2 1 0 0 na na
10 59587.609350287424 0.005785078448 cfg1 2 1 0 0 na na
10 59587.619350358805 0.005785199446 cfg1 2 1 0 0 na na
10 59587.620350270122 0.005785205732 cfg1 2 1 0 0 na na
10 59587.638350300692 0.005785425714 cfg1 2 1 0 0 na na
10 59587.641350284077 0.005785471004 cfg1 2 1 0 0 na na
10 59587.660350346402 0.005785694635 cfg1 2 2 0 0 na na
10 59587.693350346806 0.005786099568 cfg1 2 2 0 0 na na
10 59587.766350285223 0.005786987160 cfg1 2 1 0 0 na na
10 59587.777350365511 0.005787128484 cfg1 2 1 0 0 na na
10 59587.837350325110 0.005787865383 cfg1 2 1 0 0 na na
10 59587.861350295093 0.005788156202 cfg1 2 1 0 0 na na
10 59587.913350340523 0.005788816952 cfg1 2 1 0 0 na na
10 59587.916350300089 0.005788833418 cfg1 2 1 0 0 na na
10 59587.948350325277 0.005789242140 cfg1 2 2 0 0 na na
10 59588.027350276991 0.005790218099 cfg1 2 1 0 0 na na
10 59588.033350263703 0.005790308128 cfg1 2 1 0 0 na na
10 59588.046350313868 0.005790465584 cfg1 2 1 0 0 na na
10 59588.056350322509 0.005790588844 cfg1 2 1 0 0 na na
10 59588.074350350474 0.005790804020 cfg1 2 2 0 0 na na
10 59588.082350356734 0.005790910957 cfg1 2 1 0 0 na na
10 59588.142350295710 0.005791635359 cfg1 2 1 0 0 na na
10 59588.160350288736 0.005791870374 cfg1 2 1 0 0 na na
10 59588.169350285650 0.005791985408 cfg1 2 2 0 0 na na
10 59588.203350306382 0.005792412387 cfg1 2 1 0 0 na na
10 59588.206350288178 0.005792445909 cfg1 2 1 0 0 na na
10 59588.209350328392 0.005792484030 cfg1 2 2 0 0 na na
10 59588.217350276753 0.005792583998 cfg1 2 1 0 0 na na
10 59588.240350282798 0.005792870764 cfg1 2 2 0 0 na na
10 59588.248350345913 0.005792958237 cfg1 2 1 0 0 na na
10 59588.292350314768 0.005793520428 cfg1 2 2 0 0 na na
10 59588.339350292187 0.005794096760 cfg1 2 1 0 0 na na
10 59588.340350358540 0.005794107854 cfg1 2 1 0 0 na na
10 59588.390350304128 0.005794738379 cfg1 2 1 0 0 na na
10 59588.431350307481 0.005795254029 cfg1 2 1 0 0 na na
10 59588.434350271793 0.005795299978 cfg1 2 1 0 0 na na
10 59588.446350313103 0.005795451184 cfg1 2 1 0 0 na na
10 59588.485350257634 0.005795935858 cfg1 2 1 0 0 na na
10 59588.517350360027 0.005796352810 cfg1 2 1 0 0 na na
10 59588.528350313330 0.005796480650 cfg1 2 1 0 0 na na
10 59588.575350323766 0.005797081440 cfg1 2 1 0 0 na na
10 59588.577350311927 0.005797090085 cfg1 2 1 0 0 na na
10 59588.585350344598 0.005797190465 cfg1 2 1 0 0 na na
10 59588.599350365828 0.005797379414 cfg1 2 1 0 0 na na
10 59588.608350308860 0.005797495253 cfg1 2 1 0 0 na na
10 59588.642350276384 0.005797917155 cfg1 2 1 0 0 na na
10 59588.714350243509 0.005798833377 cfg1 2 1 0 0 na na
10 59588.719350290527 0.005798885426 cfg1 2 1 0 0 na na
10 59588.735350309635 0.005799081620 cfg1 2 1 0 0 na na
10 59588.741350308146 0.005799166948 cfg1 2 1 0 0 na na
10 59588.762350365789 0.005799452068 cfg1 2 1 0 0 na na
10 59588.781350329859 0.005799681469 cfg1 2 1 0 0 na na
10 59588.828350330619 0.005800274979 cfg1 2 2 0 0 na na
10 59588.910350307159 0.005801317828 cfg1 2 2 0 0 na na
10 59588.938350339697 0.005801661311 cfg1 2 1 0 0 na na
10 59588.982350276522 0.005802247886 cfg1 2 1 0 0 na na
10 59589.003350313858 0.005802501232 cfg1 2 1 0 0 na na
10 59589.020350344512 0.005802713961 cfg1 2 1 0 0 na na
10 59589.021350289003 0.005802733613 cfg1 2 2 0 0 na na
10 59589.052350300981 0.005803141489 cfg1 2 1 0 0 na na
10 59589.078350254375 0.005803457301 cfg1 2 1 0 0 na na
10 59589.079350359124 0.005803474678 cfg1 2 1 0 0 na na
10 59589.080350267887 0.005803485184 cfg1 2 1 0 0 na na
10 59589.086350302113 0.005803558802 cfg1 2 1 0 0 na na
10 59589.108350261007 0.005803835911 cfg1 2 1 0 0 na na
10 59589.116350270218 0.005803939751 cfg1 2 1 0 0 na na
10 59589.124350350782 0.005804051452 cfg1 2 2 0 0 na na
10 59589.127350332251 0.005804079522 cfg1 2 1 0 0 na na
10 59589.128350324183 0.005804105179 cfg1 2 1 0 0 na na
10 59589.138350285369 0.005804224406 cfg1 2 1 0 0 na na
10 59589.141350300002 0.005804274085 cfg1 2 1 0 0 na na
10 59589.166350278761 0.005804583935 cfg1 2 1 0 0 na na
10 59589.213350303292 0.005805201872 cfg1 2 1 0 0 na na
10 59589.221350258345 0.005805299149 cfg1 2 1 0 0 na na
10 59589.239350267596 0.005805527583 cfg1 2 2 0 0 na na
10 59589.242350307962 0.005805560621 cfg1 2 1 0 0 na na
10 59589.260350310642 0.005805797504 cfg1 2 2 0 0 na na
10 59589.261350291394 0.005805810488 cfg1 2 2 0 0 na na
10 59589.267350332377 0.005805901199 cfg1 2 1 0 0 na na
10 59589.289350298704 0.005806179991 cfg1 2 1 0 0 na na
10 59589.323350281148 0.005806616046 cfg1 2 1 0 0 na na
10 59589.354350278145 0.005806999368 cfg1 2 1 0 0 na na
10 59589.402350309946 0.005807636607 cfg1 2 1 0 0 na na
10 59589.454350319801 0.005808300682 cfg1 2 1 0 0 na na
10 59589.487350341973 0.005808720464 cfg1 2 1 0 0 na na
10 59589.528350305837 0.005809244769 cfg1 2 1 0 0 na na
10 59589.546350305277 0.005809498843 cfg1 2 1 0 0 na na
10 59589.623350351257 0.005810491883 cfg1 2 2 0 0 na na
10 59589.672350298134 0.005811138275 cfg1 2 1 0 0 na na
10 59589.755350324580 0.005812216054 cfg1 2 1 0 0 na na
10 59589.759350362774 0.005812267203 cfg1 2 1 0 0 na na
10 59589.805350291698 0.005812866976 cfg1 2 1 0 0 na na
10 59589.809350299795 0.005812905458 cfg1 2 1 0 0 na na
10 59589.840350319797 0.005813330393 cfg1 2 1 0 0 na na
10 59589.958350300864 0.005814867829 cfg1 2 2 0 0 na na
10 59590.029350324290 0.005815811778 cfg1 2 1 0 0 na na
10 59590.099350273080 0.005816726391 cfg1 2 1 0 0 na na
10 59590.110350301843 0.005816873021 cfg1 2 1 0 0 na na
10 59590.111350288004 0.005816883927 cfg1 2 1 0 0 na na
10 59590.130350281186 0.005817122934 cfg1 2 1 0 0 na na
10 59590.150350366094 0.005817396792 cfg1 2 1 0 0 na na
10 59590.160350300376 0.005817517940 cfg1 2 1 0 0 na na
10 59590.189350318053 0.005817921493 cfg1 2 1 0 0 na na
10 59590.216350361291 0.005818258215 cfg1 2 1 0 0 na na
10 59590.224350326636 0.005818372972 cfg1 2 1 0 0 na na
10 59590.226350282861 0.005818411037 cfg1 2 1 0 0 na na
10 59590.249350268506 0.005818704671 cfg1 2 1 0 0 na na
10 59590.250350352393 0.005818721989 cfg1 2 1 0 0 na na
10 59590.262350307734 0.005818889100 cfg1 2 1 0 0 na na
10 59590.296350349941 0.005819313437 cfg1 2 1 0 0 na na
10 59590.307350273296 0.005819479721 cfg1 2 1 0 0 na na
10 59590.329350301958 0.005819757159 cfg1 2 1 0 0 na na
10 59590.396350302643 0.005820640637 cfg1 2 1 0 0 na na
10 59590.411350297651 0.005820864796 cfg1 2 1 0 0 na na
10 59590.490350291026 0.005821908211 cfg1 2 1 0 0 na na
10 59590.496350317655 0.005821990644 cfg1 2 1 0 0 na na
10 59590.509350308897 0.005822143631 cfg1 2 1 0 0 na na
10 59590.518350350803 0.005822280259 cfg1 2 1 0 0 na na
10 59590.537350261703 0.005822515113 cfg1 2 1 0 0 na na
10 59590.557350278282 0.005822796131 cfg1 2 2 0 0 na na
10 59590.597350301359 0.005823330320 cfg1 2 2 0 0 na na
10 59590.605350313196 0.005823448101 cfg1 2 1 0 0 na na
10 59590.610350339297 0.005823494866 cfg1 2 1 0 0 na na
10 59590.612350305088 0.005823520201 cfg1 2 1 0 0 na na
10 59590.669350320312 0.005824290048 cfg1 2 1 0 0 na na
10 59590.685350298065 0.005824494554 cfg1 2 1 0 0 na na
10 59590.702350299865 0.005824725187 cfg1 2 1 0 0 na na
10 59590.729350279900 0.005825097394 cfg1 2 2 0 0 na na
10 59590.751350339398 0.005825387736 cfg1 2 1 0 0 na na
10 59590.786350257640 0.005825868355 cfg1 2 1 0 0 na na
10 59590.790350375967 0.005825902971 cfg1 2 1 0 0 na na
10 59590.802350344493 0.005826091076 cfg1 2 1 0 0 na na
10 59590.812350316170 0.005826205364 cfg1 2 1 0 0 na na
10 59590.813350390758 0.005826213983 cfg1 2 1 0 0 na na
10 59590.830350284082 0.005826462471 cfg1 2 1 0 0 na na
10 59590.866350322439 0.005826926654 cfg1 2 1 0 0 na na
10 59590.872350310145 0.005827030626 cfg1 2 1 0 0 na na
10 59590.899350324486 0.005827382610 cfg1 2 2 0 0 na na
10 59590.933350385287 0.005827834850 cfg1 2 1 0 0 na na
10 59590.936350341013 0.005827889916 cfg1 2 1 0 0 na na
10 59590.954350310569 0.005828130912 cfg1 2 1 0 0 na na
10 59591.088350301137 0.005829930889 cfg1 2 1 0 0 na na
10 59591.109350323105 0.005830215534 cfg1 2 1 0 0 na na
10 59591.117350350999 0.005830316200 cfg1 2 1 0 0 na na
10 59591.135350315111 0.005830582255 cfg1 2 1 0 0 na na
10 59591.140350302508 0.005830643808 cfg1 2 1 0 0 na na
10 59591.213350297050 0.005831639422 cfg1 2 1 0 0 na na
10 59591.236350326550 0.005831944110 cfg1 2 2 0 0 na na
10 59591.252350354754 0.005832157333 cfg1 2 1 0 0 na na
10 59591.317350321097 0.005833049901 cfg1 2 1 0 0 na na
10 59591.364350326393 0.005833676767 cfg1 2 1 0 0 na na
10 59591.376350301324 0.005833856703 cfg1 2 1 0 0 na na
10 59591.401350290852 0.005834198692 cfg1 2 1 0 0 na na
10 59591.437350324003 0.005834695137 cfg1 2 1 0 0 na na
10 59591.446350368041 0.005834811675 cfg1 2 1 0 0 na na
10 59591.452350261090 0.005834880729 cfg1 2 1 0 0 na na
10 59591.464350286782 0.005835049758 cfg1 2 1 0 0 na na
10 59591.531350281188 0.005835964494 cfg1 2 1 0 0 na na
10 59591.556350336412 0.005836325919 cfg1 2 1 0 0 na na
10 59591.597350362172 0.005836886066 cfg1 2 1 0 0 na na
10 59591.628350308750 0.005837314975 cfg1 2 1 0 0 na na
10 59591.629350320074 0.005837316628 cfg1 2 2 0 0 na na
10 59591.651350341919 0.005837632132 cfg1 2 1 0 0 na na
10 59591.661350269038 0.005837742705 cfg1 2 1 0 0 na na
10 59591.674350354796 0.005837933212 cfg1 2 1 0 0 na na
10 59591.709350334077 0.005838403499 cfg1 2 1 0 0 na na
10 59591.777350251122 0.005839355821 cfg1 2 1 0 0 na na
10 59591.791350324639 0.005839548373 cfg1 2 1 0 0 na na
10 59591.798350297778 0.005839644363 cfg1 2 2 0 0 na na
10 59591.818350334007 0.005839922947 cfg1 2 1 0 0 na na
10 59591.829350344715 0.005840077569 cfg1 2 1 0 0 na na
10 59591.832350330193 0.005840107641 cfg1 2 1 0 0 na na
10 59591.846350306125 0.005840300504 cfg1 2 1 0 0 na na
10 59591.854350335369 0.005840407173 cfg1 2 1 0 0 na na
10 59591.863350312418 0.005840547726 cfg1 2 1 0 0 na na
10 59591.929350300163 0.005841463047 cfg1 2 1 0 0 na na
10 59592.004350334178 0.005842485830 cfg1 2 1 0 0 na na
10 59592.034350317282 0.005842908155 cfg1 2 1 0 0 na na
10 59592.038350354017 0.005842958186 cfg1 2 1 0 0 na na
10 59592.067350298886 0.005843384790 cfg1 2 1 0 0 na na
10 59592.085350287261 0.005843622413 cfg1 2 1 0 0 na na
10 59592.110350294569 0.005843959224 cfg1 2 1 0 0 na na
10 59592.272350330764 0.005846219590 cfg1 2 1 0 0 na na
10 59592.326350266434 0.005846970412 cfg1 2 1 0 0 na na
10 59592.335350351712 0.005847116558 cfg1 2 1 0 0 na na
10 59592.337350339596 0.005847148015 cfg1 2 1 0 0 na na
10 59592.387350276287 0.005847840850 cfg1 2 1 0 0 na na
10 59592.392350310910 0.005847919105 cfg1 2 1 0 0 na na
10 59592.409350346385 0.005848147736 cfg1 2 2 0 0 na na
10 59592.438350309153 0.005848553567 cfg1 2 1 0 0 na na
10 59592.571350330887 0.005850415400 cfg1 2 1 0 0 na na
10 59592.592350320321 0.005850711535 cfg1 2 1 0 0 na na
10 59592.637350323203 0.005851348920 cfg1 2 1 0 0 na na
10 59592.642350340689 0.005851413443 cfg1 2 1 0 0 na na
10 59592.653350298018 0.005851574711 cfg1 2 1 0 0 na na
10 59592.655350333683 0.005851615083 cfg1 2 1 0 0 na na
10 59592.697350322310 0.005852204167 cfg1 2 1 0 0 na na
10 59592.713350380713 0.005852430083 cfg1 2 1 0 0 na na
10 59592.734350294532 0.005852738088 cfg1 2 1 0 0 na na
10 59592.740350290932 0.005852807328 cfg1 2 1 0 0 na na
10 59592.767350287727 0.005853192562 cfg1 2 1 0 0 na na
10 59592.782350275801 0.005853392401 cfg1 2 1 0 0 na na
10 59592.791350340877 0.005853539125 cfg1 2 1 0 0 na na
10 59592.859350344725 0.005854502535 cfg1 2 1 0 0 na na
10 59592.865350327831 0.005854593848 cfg1 2 1 0 0 na na
10 59592.915350315660 0.005855284061 cfg1 2 1 0 0 na na
10 59592.928350288564 0.005855485731 cfg1 2 1 0 0 na na
10 59592.934350366248 0.005855554526 cfg1 2 1 0 0 na na
10 59592.948350352208 0.005855774694 cfg1 2 1 0 0 na na
10 59593.107350305720 0.005858041102 cfg1 2 1 0 0 na na
10 59593.121350310131 0.005858219382 cfg1 2 1 0 0 na na
10 59593.129350350080 0.005858353974 cfg1 2 1 0 0 na na
10 59593.150350245348 0.005858646749 cfg1 2 1 0 0 na na
10 59593.177350276814 0.005859036660 cfg1 2 1 0 0 na na
10 59593.220350353063 0.005859645188 cfg1 2 1 0 0 na na
10 59593.285350275502 0.005860574586 cfg1 2 1 0 0 na na
10 59593.290350345854 0.005860647912 cfg1 2 1 0 0 na na
10 59593.296350338605 0.005860745569 cfg1 2 1 0 0 na na
10 59593.312350341486 0.005860964646 cfg1 2 2 0 0 na na
10 59593.323350336627 0.005861110004 cfg1 2 1 0 0 na na
10 59593.353350280365 0.005861553663 cfg1 2 2 0 0 na na
10 59593.354350274803 0.005861576170 cfg1 2 1 0 0 na na
10 59593.355350264533 0.005861586351 cfg1 2 1 0 0 na na
10 59593.386350321768 0.005862028684 cfg1 2 1 0 0 na na
10 59593.388350353183 0.005862063896 cfg1 2 1 0 0 na na
10 59593.403350266643 0.005862286978 cfg1 2 1 0 0 na na
10 59593.425350309965 0.005862576810 cfg1 2 1 0 0 na na
10 59593.466350255000 0.005863191134 cfg1 2 1 0 0 na na
10 59593.503350278956 0.005863704696 cfg1 2 1 0 0 na na
10 59593.533350379862 0.005864139647 cfg1 2 1 0 0 na na
10 59593.573350321374 0.005864718436 cfg1 2 1 0 0 na na
10 59593.577350340650 0.005864789858 cfg1 2 1 0 0 na na
10 59593.578350332693 0.005864784087 cfg1 2 1 0 0 na na
10 59593.592350329012 0.005865004271 cfg1 2 1 0 0 na na
10 59593.594350334955 0.005865033524 cfg1 2 1 0 0 na na
10 59593.772350250168 0.005867606509 cfg1 2 1 0 0 na na
10 59593.789350303112 0.005867851273 cfg1 2 1 0 0 na na
10 59593.794350284143 0.005867915045 cfg1 2 1 0 0 na na
10 59593.798350299656 0.005867985540 cfg1 2 2 0 0 na na
10 59593.898350264539 0.005869427321 cfg1 2 1 0 0 na na
10 59593.996350340464 0.005870868918 cfg1 2 1 0 0 na na
10 59594.042350320115 0.005871534295 cfg1 2 1 0 0 na na
10 59594.064350304767 0.005871864486 cfg1 2 2 0 0 na na
10 59594.100350342476 0.005872393437 cfg1 2 1 0 0 na na
10 59594.203350270645 0.005873912740 cfg1 2 1 0 0 na na
10 59594.210350364011 0.005873993208 cfg1 2 1 0 0 na na
10 59594.216350276015 0.005874086790 cfg1 2 1 0 0 na na
10 59594.218350316143 0.005874126011 cfg1 2 1 0 0 na na
10 59594.250350279513 0.005874600643 cfg1 2 1 0 0 na na
10 59594.290350325047 0.005875180220 cfg1 2 2 0 0 na na
10 59594.317350314526 0.005875592090 cfg1 2 1 0 0 na na
10 59594.318350254585 0.005875592223 cfg1 2 2 0 0 na na
10 59594.359350297703 0.005876199099 cfg1 2 1 0 0 na na
10 59594.377350317309 0.005876458729 cfg1 2 1 0 0 na na
10 59594.385350325997 0.005876567006 cfg1 2 1 0 0 na na
10 59594.397350338422 0.005876758916 cfg1 2 1 0 0 na na
10 59594.418350269408 0.005877076121 cfg1 2 1 0 0 na na
10 59594.423350338805 0.005877144512 cfg1 2 1 0 0 na na
10 59594.445350277987 0.005877454064 cfg1 2 1 0 0 na na
10 59594.512350302407 0.005878462748 cfg1 2 1 0 0 na na
10 59594.517350368282 0.005878532782 cfg1 2 1 0 0 na na
10 59594.540350264815 0.005878881040 cfg1 2 1 0 0 na na
10 59594.551350311262 0.005879034340 cfg1 2 1 0 0 na na
10 59594.628350339342 0.005880182383 cfg1 2 1 0 0 na na
10 59594.711350274305 0.005881405655 cfg1 2 1 0 0 na na
10 59594.760350265295 0.005882134218 cfg1 2 1 0 0 na na
10 59594.772350314920 0.005882300598 cfg1 2 1 0 0 na na
10 59594.781350326132 0.005882442313 cfg1 2 1 0 0 na na
10 59594.790350315062 0.005882584961 cfg1 2 1 0 0 na na
10 59594.793350255991 0.005882636548 cfg1 2 1 0 0 na na
10 59594.812350334042 0.005882919442 cfg1 2 1 0 0 na na
10 59594.827350294082 0.005883129402 cfg1 2 1 0 0 na na
10 59594.847350296955 0.005883423128 cfg1 2 1 0 0 na na
10 59594.860350326580 0.005883631955 cfg1 2 1 0 0 na na
10 59594.928350282370 0.005884626380 cfg1 2 1 0 0 na na
10 59594.946350298312 0.005884919231 cfg1 2 1 0 0 na na
10 59594.950350299145 0.005884979825 cfg1 2 1 0 0 na na
10 59594.957350345795 0.005885063603 cfg1 2 1 0 0 na na
10 59594.958350347940 0.005885081681 cfg1 2 1 0 0 na na
10 59595.018350379747 0.005885989837 cfg1 2 1 0 0 na na
10 59595.036350321144 0.005886258794 cfg1 2 1 0 0 na na
10 59595.058350316326 0.005886576333 cfg1 2 1 0 0 na na
10 59595.063350298918 0.005886668025 cfg1 2 1 0 0 na na
10 59595.127350331374 0.005887629878 cfg1 2 1 0 0 na na
10 59595.148350340678 0.005887942507 cfg1 2 1 0 0 na na
10 59595.162350286098 0.005888156785 cfg1 2 1 0 0 na na
10 59595.175350341312 0.005888328722 cfg1 2 1 0 0 na na
10 59595.178350302601 0.005888399168 cfg1 2 1 0 0 na na
10 59595.189350290698 0.005888551864 cfg1 2 1 0 0 na na
10 59595.237350342933 0.005889279086 cfg1 2 1 0 0 na na
10 59595.289350398945 0.005890057005 cfg1 2 1 0 0 na na
10 59595.294350305178 0.005890124472 cfg1 2 1 0 0 na na
10 59595.356350350283 0.005891069074 cfg1 2 1 0 0 na na
10 59595.357350258017 0.005891073838 cfg1 2 1 0 0 na na
10 59595.430350270456 0.005892185694 cfg1 2 2 0 0 na na
10 59595.477350296645 0.005892883351 cfg1 2 1 0 0 na na
10 59595.509350263471 0.005893369703 cfg1 2 1 0 0 na na
10 59595.515350348833 0.005893472960 cfg1 2 1 0 0 na na
10 59595.593350321750 0.005894643698 cfg1 2 1 0 0 na na
10 59595.607350295536 0.005894879167 cfg1 2 1 0 0 na na
10 59595.629350323457 0.005895202047 cfg1 2 2 0 0 na na
10 59595.630350294236 0.005895227272 cfg1 2 1 0 0 na na
10 59595.645350341494 0.005895449238 cfg1 2 1 0 0 na na
10 59595.658350332187 0.005895642300 cfg1 2 1 0 0 na na
10 59595.713350301535 0.005896486374 cfg1 2 1 0 0 na na
10 59595.759350324908 0.005897193767 cfg1 2 1 0 0 na na
10 59595.775350312086 0.005897420699 cfg1 2 1 0 0 na na
10 59595.787350317965 0.005897609736 cfg1 2 1 0 0 na na
10 59595.797350334799 0.005897753774 cfg1 2 1 0 0 na na
10 59595.915350331400 0.005899552348 cfg1 2 1 0 0 na na
10 59595.935350274512 0.005899869950 cfg1 2 1 0 0 na na
10 59595.949350315685 0.005900069696 cfg1 2 1 0 0 na na
10 59596.008350262669 0.005900974281 cfg1 2 1 0 0 na na
10 59596.112350294481 0.005902581648 cfg1 2 1 0 0 na na
10 59596.145350333165 0.005903104040 cfg1 2 1 0 0 na na
10 59596.152350356586 0.005903183519 cfg1 2 1 0 0 na na
10 59596.156350328295 0.005903271229 cfg1 2 1 0 0 na na
10 59596.164350330363 0.005903380990 cfg1 2 2 0 0 na na
10 59596.172350253630 0.005903515604 cfg1 2 1 0 0 na na
10 59596.174350402778 0.005903545755 cfg1 2 1 0 0 na na
10 59596.189350329031 0.005903762554 cfg1 2 1 0 0 na na
10 59596.277350353702 0.005905123811 cfg1 2 1 0 0 na na
10 59596.302350299862 0.005905497803 cfg1 2 1 0 0 na na
10 59596.319350285755 0.005905782247 cfg1 2 1 0 0 na na
10 59596.334350340764 0.005905988164 cfg1 2 1 0 0 na na
10 59596.343350350270 0.005906133450 cfg1 2 1 0 0 na na
10 59596.361350353083 0.005906411565 cfg1 2 1 0 0 na na
10 59596.372350317522 0.005906583515 cfg1 2 1 0 0 na na
10 59596.404350360370 0.005907074437 cfg1 2 1 0 0 na na
10 59596.494350340409 0.005908473380 cfg1 2 1 0 0 na na
10 59596.498350328534 0.005908535396 cfg1 2 1 0 0 na na
10 59596.501350328729 0.005908583473 cfg1 2 1 0 0 na na
10 59596.526350318170 0.005908977749 cfg1 2 1 0 0 na na
10 59596.537350292736 0.005909135428 cfg1 2 1 0 0 na na
10 59596.567350312334 0.005909597404 cfg1 2 1 0 0 na na
10 59596.603350300838 0.005910168438 cfg1 2 1 0 0 na na
10 59596.655350312836 0.005910968567 cfg1 2 1 0 0 na na
10 59596.707350287153 0.005911786444 cfg1 2 2 0 0 na na
10 59596.709350351499 0.005911817604 cfg1 2 2 0 0 na na
10 59596.728350313406 0.005912120118 cfg1 2 1 0 0 na na
10 59596.730350329512 0.005912132899 cfg1 2 1 0 0 na na
10 59596.734350319754 0.005912197209 cfg1 2 1 0 0 na na
10 59596.904350292907 0.005914861717 cfg1 2 2 0 0 na na
10 59596.915350325063 0.005915021542 cfg1 2 1 0 0 na na
10 59596.938350353219 0.005915405380 cfg1 2 1 0 0 na na
10 59596.945350301427 0.005915503933 cfg1 2 1 0 0 na na
10 59596.947350344016 0.005915541625 cfg1 2 1 0 0 na na
10 59596.958350318684 0.005915707166 cfg1 2 2 0 0 na na
10 59596.961350331619 0.005915754114 cfg1 2 2 0 0 na na
10 59596.967350373053 0.005915855553 cfg1 2 1 0 0 na na
10 59596.995350271554 0.005916274839 cfg1 2 1 0 0 na na
10 59597.067350339490 0.005917416656 cfg1 2 2 0 0 na na
10 59597.108350346511 0.005918052993 cfg1 2 1 0 0 na na
10 59597.128350309960 0.005918384410 cfg1 2 1 0 0 na na
10 59597.138350319376 0.005918545718 cfg1 2 1 0 0 na na
10 59597.159350298370 0.005918870793 cfg1 2 1 0 0 na na
10 59597.163350312239 0.005918925779 cfg1 2 2 0 0 na na
10 59597.203350245469 0.005919564236 cfg1 2 1 0 0 na na
10 59597.207350325320 0.005919625679 cfg1 2 1 0 0 na na
10 59597.237350303887 0.005920089205 cfg1 2 1 0 0 na na
10 59597.252350331344 0.005920327940 cfg1 2 1 0 0 na na
10 59597.253350274734 0.005920354516 cfg1 2 1 0 0 na na
10 59597.259350294616 0.005920438119 cfg1 2 2 0 0 na na
10 59597.321350257651 0.005921409465 cfg1 2 1 0 0 na na
10 59597.356350361743 0.005921955611 cfg1 2 1 0 0 na na
10 59597.381350339275 0.005922364747 cfg1 2 2 0 0 na na
10 59597.409350351818 0.005922807666 cfg1 2 2 0 0 na na
10 59597.427350322471 0.005923092636 cfg1 2 2 0 0 na na
10 59597.432350259570 0.005923173647 cfg1 2 1 0 0 na na
10 59597.436350297672 0.005923247612 cfg1 2 1 0 0 na na
10 59597.443350337588 0.005923331883 cfg1 2 1 0 0 na na
10 59597.450350290027 0.005923450582 cfg1 2 1 0 0 na na
10 59597.458350290300 0.005923585391 cfg1 2 1 0 0 na na
10 59597.473350352003 0.005923821125 cfg1 2 2 0 0 na na
10 59597.480350342947 0.005923946131 cfg1 2 1 0 0 na na
10 59597.493350336545 0.005924138531 cfg1 2 1 0 0 na na
10 59597.536350355668 0.005924820110 cfg1 2 2 0 0 na na
10 59597.562350296645 0.005925242939 cfg1 2 1 0 0 na na
10 59597.611350309242 0.005926003345 cfg1 2 1 0 0 na na
10 59597.614350292892 0.005926058954 cfg1 2 2 0 0 na na
10 59597.616350334821 0.005926086217 cfg1 2 1 0 0 na na
10 59597.632350266298 0.005926335622 cfg1 2 1 0 0 na na
10 59597.640350358358 0.005926468199 cfg1 2 1 0 0 na na
10 59597.676350251108 0.005927045883 cfg1 2 1 0 0 na na
10 59597.705350309820 0.005927510480 cfg1 2 1 0 0 na na
10 59597.736350267769 0.005928002757 cfg1 2 1 0 0 na na
10 59597.750350315995 0.005928223503 cfg1 2 1 0 0 na na
10 59597.761350294197 0.005928409805 cfg1 2 1 0 0 na na
10 59597.775350327013 0.005928608979 cfg1 2 1 0 0 na na
10 59597.783350291562 0.005928754014 cfg1 2 1 0 0 na na
10 59597.801350340357 0.005929036781 cfg1 2 1 0 0 na na
10 59597.807350312752 0.005929148599 cfg1 2 1 0 0 na na
10 59597.814350335440 0.005929239079 cfg1 2 1 0 0 na na
10 59597.818350329821 0.005929299844 cfg1 2 1 0 0 na na
10 59597.926350369622 0.005931045236 cfg1 2 1 0 0 na na
10 59597.932350338745 0.005931131551 cfg1 2 2 0 0 na na
10 59597.960350322151 0.005931577844 cfg1 2 1 0 0 na na
10 59597.965350319249 0.005931673622 cfg1 2 1 0 0 na na
10 59598.000350341024 0.005932217182 cfg1 2 1 0 0 na na
10 59598.002350327569 0.005932252494 cfg1 2 1 0 0 na na
10 59598.014350308626 0.005932450027 cfg1 2 1 0 0 na na
10 59598.017350353573 0.005932493456 cfg1 2 2 0 0 na na
10 59598.028350277792 0.005932656386 cfg1 2 1 0 0 na na
10 59598.041350287362 0.005932877260 cfg1 2 1 0 0 na na
10 59598.051350319635 0.005933038870 cfg1 2 2 0 0 na na
10 59598.067350286521 0.005933296968 cfg1 2 1 0 0 na na
10 59598.075350340316 0.005933431314 cfg1 2 1 0 0 na na
10 59598.108350352465 0.005933940627 cfg1 2 1 0 0 na na
10 59598.133350324968 0.005934359165 cfg1 2 1 0 0 na na
10 59598.153350277127 0.005934688854 cfg1 2 1 0 0 na na
10 59598.184350341830 0.005935176551 cfg1 2 2 0 0 na na
10 59598.196350338112 0.005935361130 cfg1 2 1 0 0 na na
10 59598.229350340503 0.005935901124 cfg1 2 2 0 0 na na
10 59598.252350257201 0.005936277809 cfg1 2 1 0 0 na na
10 59598.253350313687 0.005936300400 cfg1 2 1 0 0 na na
10 59598.258350308975 0.005936379004 cfg1 2 1 0 0 na na
10 59598.268350302503 0.005936532267 cfg1 2 1 0 0 na na
10 59598.362350329527 0.005938047035 cfg1 2 2 0 0 na na
10 59598.367350301219 0.005938138541 cfg1 2 1 0 0 na na
10 59598.371350348818 0.005938200082 cfg1 2 1 0 0 na na
10 59598.428350309052 0.005939120797 cfg1 2 1 0 0 na na
10 59598.441350311636 0.005939328056 cfg1 2 1 0 0 na na
10 59598.454350271098 0.005939540732 cfg1 2 1 0 0 na na
10 59598.465350330378 0.005939702619 cfg1 2 1 0 0 na na
10 59598.474350259263 0.005939858366 cfg1 2 1 0 0 na na
10 59598.486350342720 0.005940068177 cfg1 2 1 0 0 na na
10 59598.504350309237 0.005940348765 cfg1 2 1 0 0 na na
10 59598.511350273831 0.005940452665 cfg1 2 1 0 0 na na
10 59598.548350260146 0.005941051556 cfg1 2 1 0 0 na na
10 59598.549350320693 0.005941072261 cfg1 2 1 0 0 na na
10 59598.557350358009 0.005941193718 cfg1 2 1 0 0 na na
10 59598.569350292715 0.005941399223 cfg1 2 2 0 0 na na
10 59598.577350267320 0.005941536133 cfg1 2 1 0 0 na na
10 59598.605350330561 0.005941987839 cfg1 2 1 0 0 na na
10 59598.639350327764 0.005942536206 cfg1 2 2 0 0 na na
10 59598.642350328261 0.005942587587 cfg1 2 1 0 0 na na
10 59598.647350328824 0.005942658118 cfg1 2 1 0 0 na na
10 59598.652350275728 0.005942758718 cfg1 2 1 0 0 na na
10 59598.682350349617 0.005943248699 cfg1 2 1 0 0 na na
10 59598.709350346255 0.005943674295 cfg1 2 1 0 0 na na
10 59598.739350301010 0.005944164079 cfg1 2 1 0 0 na na
10 59598.741350304625 0.005944195865 cfg1 2 2 0 0 na na
10 59598.769350310469 0.005944648505 cfg1 2 1 0 0 na na
10 59598.791350301537 0.005944999534 cfg1 2 1 0 0 na na
10 59598.827350259636 0.005945587175 cfg1 2 1 0 0 na na
10 59598.839350303807 0.005945794023 cfg1 2 2 0 0 na na
10 59598.923350263042 0.005947153854 cfg1 2 1 0 0 na na
10 59598.959350307547 0.005947751945 cfg1 2 1 0 0 na na
10 59598.963350289731 0.005947833391 cfg1 2 1 0 0 na na
10 59598.994350262510 0.005948314382 cfg1 2 1 0 0 na na
10 59599.044350306339 0.005949140424 cfg1 2 1 0 0 na na
10 59599.064350329365 0.005949469962 cfg1 2 1 0 0 na na
10 59599.111350273175 0.005950246469 cfg1 2 1 0 0 na na
10 59599.169350281464 0.005951213389 cfg1 2 1 0 0 na na
10 59599.247350308623 0.005952490077 cfg1 2 1 0 0 na na
10 59599.276350335155 0.005952946914 cfg1 2 1 0 0 na na
10 59599.280350324626 0.005953013116 cfg1 2 1 0 0 na na
10 59599.314350333922 0.005953586937 cfg1 2 1 0 0 na na
10 59599.316350304833 0.005953620017 cfg1 2 2 0 0 na na
10 59599.378350324482 0.005954644360 cfg1 2 1 0 0 na na
10 59599.395350286123 0.005954928786 cfg1 2 1 0 0 na na
10 59599.424350312847 0.005955403615 cfg1 2 1 0 0 na na
10 59599.438350373199 0.005955644335 cfg1 2 1 0 0 na na
10 59599.464350265256 0.005956051588 cfg1 2 1 0 0 na na
10 59599.515350356445 0.005956894708 cfg1 2 1 0 0 na na
10 59599.529350354076 0.005957132018 cfg1 2 1 0 0 na na
10 59599.539350307083 0.005957315543 cfg1 2 1 0 0 na na
10 59599.570350385918 0.005957819570 cfg1 2 2 0 0 na na
10 59599.584350307349 0.005958040953 cfg1 2 1 0 0 na na
10 59599.585350297547 0.005958074531 cfg1 2 1 0 0 na na
10 59599.612350293971 0.005958509262 cfg1 2 1 0 0 na na
10 59599.633350283376 0.005958854495 cfg1 2 1 0 0 na na
10 59599.643350342446 0.005959023685 cfg1 2 1 0 0 na na
10 59599.684350336995 0.005959710546 cfg1 2 1 0 0 na na
10 59599.685350336721 0.005959719515 cfg1 2 1 0 0 na na
10 59599.707350321102 0.005960093917 cfg1 2 2 0 0 na na
10 59599.732350329429 0.005960509666 cfg1 2 2 0 0 na na
10 59599.757350317309 0.005960939898 cfg1 2 1 0 0 na na
10 59599.805350322372 0.005961724802 cfg1 2 2 0 0 na na
10 59599.823350314313 0.005962019385 cfg1 2 1 0 0 na na
10 59599.853350350588 0.005962526373 cfg1 2 1 0 0 na na
10 59599.913350348402 0.005963525969 cfg1 2 2 0 0 na na
10 59599.931350327754 0.005963826629 cfg1 2 2 0 0 na na
10 59599.959350362239 0.005964287798 cfg1 2 1 0 0 na na
10 59599.972350359760 0.005964511633 cfg1 2 2 0 0 na na
10 59599.977350326943 0.005964586853 cfg1 2 1 0 0 na na
10 59599.989350245046 0.005964801879 cfg1 2 1 0 0 na na
10 59600.016350276851 0.005965262604 cfg1 2 1 0 0 na na
10 59600.134350258019 0.005967226299 cfg1 2 1 0 0 na na
10 59600.204350335780 0.005968411112 cfg1 2 1 0 0 na na
10 59600.225350352407 0.005968747767 cfg1 2 1 0 0 na na
10 59600.259350302185 0.005969318612 cfg1 2 1 0 0 na na
10 59600.265350319694 0.005969435832 cfg1 2 1 0 0 na na
10 59600.282350352175 0.005969712653 cfg1 2 1 0 0 na na
10 59600.315350282397 0.005970265619 cfg1 2 2 0 0 na na
10 59600.327350276169 0.005970455169 cfg1 2 1 0 0 na na
10 59600.335350311624 0.005970588875 cfg1 2 1 0 0 na na
10 59600.358350315130 0.005971001711 cfg1 2 1 0 0 na na
10 59600.379350299167 0.005971351993 cfg1 2 1 0 0 na na
10 59600.386350335060 0.005971450201 cfg1 2 1 0 0 na na
10 59600.390350268588 0.005971532225 cfg1 2 1 0 0 na na
10 59600.411350305535 0.005971883331 cfg1 2 2 0 0 na na
10 59600.475350368059 0.005972963470 cfg1 2 2 0 0 na na
10 59600.485350316750 0.005973126463 cfg1 2 1 0 0 na na
10 59600.500350354844 0.005973397734 cfg1 2 1 0 0 na na
10 59600.519350275887 0.005973708198 cfg1 2 1 0 0 na na
10 59600.523350342614 0.005973774518 cfg1 2 1 0 0 na na
10 59600.545350336580 0.005974146588 cfg1 2 2 0 0 na na
10 59600.567350293293 0.005974518754 cfg1 2 2 0 0 na na
10 59600.600350302065 0.005975077356 cfg1 2 2 0 0 na na
10 59600.622350316820 0.005975435520 cfg1 2 1 0 0 na na
10 59600.625350322798 0.005975488936 cfg1 2 1 0 0 na na
10 59600.626350321566 0.005975521402 cfg1 2 1 0 0 na na
10 59600.635350329691 0.005975671333 cfg1 2 1 0 0 na na
10 59600.645350339261 0.005975831621 cfg1 2 1 0 0 na na
10 59600.656350318244 0.005976035010 cfg1 2 1 0 0 na na
10 59600.669350292341 0.005976242670 cfg1 2 1 0 0 na na
10 59600.682350243960 0.005976478034 cfg1 2 1 0 0 na na
10 59600.719350316411 0.005977089151 cfg1 2 1 0 0 na na
10 59600.720350277880 0.005977111678 cfg1 2 2 0 0 na na
10 59600.826350289825 0.005978912766 cfg1 2 2 0 0 na na
10 59600.919350269498 0.005980482306 cfg1 2 1 0 0 na na
10 59600.921350289225 0.005980544126 cfg1 2 1 0 0 na na
10 59600.944350307246 0.005980923841 cfg1 2 1 0 0 na na
10 59600.961350325393 0.005981212723 cfg1 2 1 0 0 na na
10 59600.972350311786 0.005981410037 cfg1 2 1 0 0 na na
10 59600.975350362058 0.005981450994 cfg1 2 2 0 0 na na
10 59601.059350329750 0.005982893576 cfg1 2 1 0 0 na na
10 59601.091350279859 0.005983432273 cfg1 2 2 0 0 na na
10 59601.096350292582 0.005983505283 cfg1 2 1 0 0 na na
10 59601.175350326934 0.005984856618 cfg1 2 1 0 0 na na
10 59601.221350319046 0.005985668937 cfg1 2 1 0 0 na na
10 59601.226350398068 0.005985732042 cfg1 2 1 0 0 na na
10 59601.270350290275 0.005986509395 cfg1 2 1 0 0 na na
10 59601.352350345393 0.005987893311 cfg1 2 1 0 0 na na
10 59601.381350296504 0.005988404958 cfg1 2 1 0 0 na na
10 59601.389350343096 0.005988547047 cfg1 2 1 0 0 na na
10 59601.398350341159 0.005988698136 cfg1 2 2 0 0 na na
10 59601.409350336867 0.005988886473 cfg1 2 1 0 0 na na
10 59601.412350242141 0.005988944715 cfg1 2 1 0 0 na na
10 59601.476350254447 0.005990041096 cfg1 2 2 0 0 na na
10 59601.484350326069 0.005990175346 cfg1 2 1 0 0 na na
10 59601.541350300838 0.005991161873 cfg1 2 2 0 0 na na
10 59601.557350275919 0.005991445385 cfg1 2 1 0 0 na na
10 59601.558350379093 0.005991461929 cfg1 2 1 0 0 na na
10 59601.569350299298 0.005991645059 cfg1 2 2 0 0 na na
10 59601.604350311765 0.005992235584 cfg1 2 1 0 0 na na
10 59601.612350298709 0.005992397473 cfg1 2 1 0 0 na na
10 59601.657350242745 0.005993174069 cfg1 2 1 0 0 na na
10 59601.662350320858 0.005993265340 cfg1 2 1 0 0 na na
10 59601.668350357140 0.005993354426 cfg1 2 1 0 0 na na
10 59601.670350290933 0.005993377680 cfg1 2 1 0 0 na na
10 59601.677350259498 0.005993502531 cfg1 2 1 0 0 na na
10 59601.678350328434 0.005993533225 cfg1 2 1 0 0 na na
10 59601.703350329810 0.005993956050 cfg1 2 1 0 0 na na
10 59601.714350339134 0.005994146950 cfg1 2 1 0 0 na na
10 59601.729350280107 0.005994401952 cfg1 2 1 0 0 na na
10 59601.735350314363 0.005994508153 cfg1 2 1 0 0 na na
10 59601.749350312398 0.005994770538 cfg1 2 1 0 0 na na
10 59601.826350316137 0.005996095591 cfg1 2 1 0 0 na na
10 59601.840350328505 0.005996335753 cfg1 2 2 0 0 na na
10 59601.926350352253 0.005997834239 cfg1 2 1 0 0 na na
10 59601.983350373855 0.005998828558 cfg1 2 1 0 0 na na
10 59601.984350268238 0.005998838441 cfg1 2 2 0 0 na na
10 59601.994350314525 0.005998999685 cfg1 2 1 0 0 na na
10 59602.040350249210 0.005999817932 cfg1 2 1 0 0 na na
10 59602.055350288302 0.006000081222 cfg1 2 1 0 0 na na
10 59602.076350345975 0.006000441052 cfg1 2 2 0 0 na na
10 59602.110350302952 0.006001042217 cfg1 2 1 0 0 na na
10 59602.113350300345 0.006001101302 cfg1 2 1 0 0 na na
10 59602.119350323063 0.006001191050 cfg1 2 2 0 0 na na
10 59602.125350297179 0.006001307702 cfg1 2 1 0 0 na na
10 59602.180350305666 0.006002256047 cfg1 2 2 0 0 na na
10 59602.181350268877 0.006002259810 cfg1 2 1 0 0 na na
10 59602.193350294391 0.006002471038 cfg1 2 1 0 0 na na
10 59602.226350257684 0.006003054113 cfg1 2 1 0 0 na na
10 59602.233350285918 0.006003182481 cfg1 2 2 0 0 na na
10 59602.242350322776 0.006003328508 cfg1 2 1 0 0 na na
10 59602.248350286997 0.006003454730 cfg1 2 1 0 0 na na
10 59602.323350325359 0.006004757649 cfg1 2 1 0 0 na na
10 59602.330350267642 0.006004880550 cfg1 2 2 0 0 na na
10 59602.337350311210 0.006004994069 cfg1 2 1 0 0 na na
10 59602.369350309531 0.006005562288 cfg1 2 1 0 0 na na
10 59602.378350341193 0.006005723241 cfg1 2 1 0 0 na na
10 59602.425350334225 0.006006548718 cfg1 2 1 0 0 na na
10 59602.432350317554 0.006006669229 cfg1 2 2 0 0 na na
10 59602.460350311221 0.006007160889 cfg1 2 2 0 0 na na
10 59602.467350352310 0.006007286907 cfg1 2 1 0 0 na na
10 59602.486350275905 0.006007606143 cfg1 2 1 0 0 na na
10 59602.509350304457 0.006008021931 cfg1 2 2 0 0 na na
10 59602.545350336787 0.006008659663 cfg1 2 1 0 0 na na
10 59602.548350326895 0.006008697024 cfg1 2 1 0 0 na na
10 59602.563350300069 0.006008971826 cfg1 2 2 0 0 na na
10 59602.601350320127 0.006009640893 cfg1 2 2 0 0 na na
10 59602.604350286865 0.006009679231 cfg1 2 1 0 0 na na
10 59602.645350340727 0.006010416160 cfg1 2 2 0 0 na na
10 59602.654350292103 0.006010582385 cfg1 2 1 0 0 na na
10 59602.656350290259 0.006010618631 cfg1 2 1 0 0 na na
10 59602.663350338857 0.006010729011 cfg1 2 1 0 0 na na
10 59602.680350280334 0.006011048155 cfg1 2 1 0 0 na na
10 59602.698350332736 0.006011351968 cfg1 2 1 0 0 na na
10 59602.771350279254 0.006012637463 cfg1 2 1 0 0 na na
10 59602.795350311764 0.006013063946 cfg1 2 2 0 0 na na
10 59602.830350323053 0.006013686253 cfg1 2 1 0 0 na na
10 59602.839350289860 0.006013842145 cfg1 2 2 0 0 na na
10 59602.845350343464 0.006013949634 cfg1 2 1 0 0 na na
10 59602.850350314883 0.006014035405 cfg1 2 1 0 0 na na
10 59602.852350343174 0.006014065956 cfg1 2 1 0 0 na na
10 59602.868350277541 0.006014355266 cfg1 2 2 0 0 na na
10 59602.893350260981 0.006014798004 cfg1 2 2 0 0 na na
10 59602.908350314679 0.006015078750 cfg1 2 1 0 0 na na
10 59602.912350302795 0.006015144981 cfg1 2 1 0 0 na na
10 59602.939350298258 0.006015609225 cfg1 2 1 0 0 na na
10 59602.975350265582 0.006016236788 cfg1 2 1 0 0 na na
10 59603.000350359803 0.006016709892 cfg1 2 1 0 0 na na
10 59603.039350327931 0.006017378068 cfg1 2 1 0 0 na na
10 59603.166350308527 0.006019648809 cfg1 2 1 0 0 na na
10 59603.173350339248 0.006019770527 cfg1 2 1 0 0 na na
10 59603.182350323196 0.006019930284 cfg1 2 2 0 0 na na
10 59603.237350334695 0.006020899788 cfg1 2 1 0 0 na na
10 59603.277350300882 0.006021623518 cfg1 2 2 0 0 na na
10 59603.283350343099 0.006021730515 cfg1 2 2 0 0 na na
10 59603.296350297452 0.006021967047 cfg1 2 1 0 0 na na
10 59603.332350333647 0.006022615903 cfg1 2 1 0 0 na na
10 59603.339350289552 0.006022729834 cfg1 2 1 0 0 na na
10 59603.446350287837 0.006024653571 cfg1 2 1 0 0 na na
10 59603.506350325674 0.006025713649 cfg1 2 1 0 0 na na
10 59603.510350304744 0.006025789056 cfg1 2 2 0 0 na na
10 59603.679350336958 0.006028828002 cfg1 2 1 0 0 na na
10 59603.734350395910 0.006029821762 cfg1 2 1 0 0 na na
10 59603.770350333903 0.006030447359 cfg1 2 1 0 0 na na
10 59603.773350285946 0.006030509114 cfg1 2 1 0 0 na na
10 59603.804350344977 0.006031071131 cfg1 2 2 0 0 na na
10 59603.815350305913 0.006031269414 cfg1 2 2 0 0 na na
10 59603.853350332335 0.006031960800 cfg1 2 1 0 0 na na
10 59603.896350261695 0.006032731820 cfg1 2 1 0 0 na na
10 59603.902350322970 0.006032838182 cfg1 2 2 0 0 na na
10 59603.928350295758 0.006033296401 cfg1 2 1 0 0 na na
10 59603.934350330834 0.006033403518 cfg1 2 1 0 0 na na
10 59603.955350311587 0.006033800900 cfg1 2 1 0 0 na na
10 59603.956350322390 0.006033828323 cfg1 2 1 0 0 na na
10 59604.085350279123 0.006036133467 cfg1 2 1 0 0 na na
10 59604.165350376115 0.006037598470 cfg1 2 1 0 0 na na
10 59604.169350259919 0.006037668898 cfg1 2 2 0 0 na na
10 59604.210350298621 0.006038426951 cfg1 2 1 0 0 na na
10 59604.230350293233 0.006038770851 cfg1 2 1 0 0 na na
10 59604.233350315334 0.006038837117 cfg1 2 1 0 0 na na
10 59604.261350293841 0.006039347463 cfg1 2 1 0 0 na na
10 59604.290350297884 0.006039858673 cfg1 2 1 0 0 na na
10 59604.312350323403 0.006040265825 cfg1 2 2 0 0 na na
10 59604.321350342953 0.006040417011 cfg1 2 1 0 0 na na
10 59604.327350392175 0.006040552001 cfg1 2 1 0 0 na na
10 59604.436350300746 0.006042524522 cfg1 2 1 0 0 na na
10 59604.473350343737 0.006043202267 cfg1 2 1 0 0 na na
10 59604.475350340623 0.006043234174 cfg1 2 2 0 0 na na
10 59604.511350304674 0.006043891193 cfg1 2 2 0 0 na na
10 59604.520350291282 0.006044065812 cfg1 2 1 0 0 na na
10 59604.554350299593 0.006044665095 cfg1 2 1 0 0 na na
10 59604.566350327703 0.006044887896 cfg1 2 1 0 0 na na
10 59604.586350295899 0.006045261443 cfg1 2 1 0 0 na na
10 59604.591350294345 0.006045352102 cfg1 2 2 0 0 na na
10 59604.599350303597 0.006045495542 cfg1 2 1 0 0 na na
10 59604.638350304771 0.006046211453 cfg1 2 2 0 0 na na
10 59604.652350328991 0.006046453587 cfg1 2 1 0 0 na na
10 59604.653350290190 0.006046471309 cfg1 2 1 0 0 na na
10 59604.724350357433 0.006047776331 cfg1 2 1 0 0 na na
10 59604.730350355704 0.006047892178 cfg1 2 1 0 0 na na
10 59604.735350302189 0.006047986434 cfg1 2 1 0 0 na na
10 59604.783350313995 0.006048880208 cfg1 2 1 0 0 na na
10 59604.792350363180 0.006049021688 cfg1 2 1 0 0 na na
10 59604.800350354111 0.006049181320 cfg1 2 1 0 0 na na
10 59604.807350346366 0.006049321361 cfg1 2 1 0 0 na na
10 59604.839350367410 0.006049891412 cfg1 2 1 0 0 na na
10 59604.842350370686 0.006049945333 cfg1 2 1 0 0 na na
10 59604.862350329502 0.006050306261 cfg1 2 1 0 0 na na
10 59604.878350261988 0.006050600090 cfg1 2 1 0 0 na na
10 59604.883350311528 0.006050709809 cfg1 2 1 0 0 na na
10 59604.895350302498 0.006050930974 cfg1 2 1 0 0 na na
10 59604.933350257300 0.006051614716 cfg1 2 1 0 0 na na
10 59604.959350350332 0.006052109136 cfg1 2 1 0 0 na na
10 59604.971350328319 0.006052322208 cfg1 2 1 0 0 na na
10 59604.975350321565 0.006052399371 cfg1 2 1 0 0 na na
10 59604.996350341077 0.006052779203 cfg1 2 1 0 0 na na
10 59605.041350239089 0.006053622941 cfg1 2 1 0 0 na na
10 59605.049350328818 0.006053757358 cfg1 2 2 0 0 na na
10 59605.067350251743 0.006054090380 cfg1 2 1 0 0 na na
10 59605.069350315005 0.006054116314 cfg1 2 1 0 0 na na
10 59605.075350314370 0.006054236672 cfg1 2 2 0 0 na na
10 59605.076350302918 0.006054246640 cfg1 2 1 0 0 na na
10 59605.096350349559 0.006054614161 cfg1 2 1 0 0 na na
10 59605.124350323881 0.006055148168 cfg1 2 1 0 0 na na
10 59605.151350316773 0.006055649941 cfg1 2 1 0 0 na na
10 59605.152350394984 0.006055657171 cfg1 2 2 0 0 na na
10 59605.155350321024 0.006055727458 cfg1 2 1 0 0 na na
10 59605.179350302110 0.006056151903 cfg1 2 1 0 0 na na
10 59605.221350274030 0.006056940973 cfg1 2 1 0 0 na na
10 59605.238350321057 0.006057239111 cfg1 2 1 0 0 na na
10 59605.247350315301 0.006057425506 cfg1 2 1 0 0 na na
10 59605.266350315104 0.006057759205 cfg1 2 1 0 0 na na
10 59605.288350370302 0.006058162348 cfg1 2 1 0 0 na na
10 59605.289350305207 0.006058193300 cfg1 2 1 0 0 na na
10 59605.297350310697 0.006058332927 cfg1 2 1 0 0 na na
10 59605.307350297377 0.006058516495 cfg1 2 1 0 0 na na
10 59605.323350301360 0.006058820032 cfg1 2 1 0 0 na na
10 59605.328350327605 0.006058911642 cfg1 2 2 0 0 na na
10 59605.333350289232 0.006058991543 cfg1 2 1 0 0 na na
10 59605.338350307870 0.006059087645 cfg1 2 1 0 0 na na
10 59605.346350320898 0.006059245899 cfg1 2 1 0 0 na na
10 59605.354350352627 0.006059405027 cfg1 2 1 0 0 na na
10 59605.381350318581 0.006059898754 cfg1 2 1 0 0 na na
10 59605.392350335923 0.006060098555 cfg1 2 1 0 0 na na
10 59605.395350291366 0.006060143347 cfg1 2 1 0 0 na na
10 59605.397350299435 0.006060176226 cfg1 2 1 0 0 na na
10 59605.401350336823 0.006060250526 cfg1 2 1 0 0 na na
10 59605.421350261599 0.006060625313 cfg1 2 1 0 0 na na
10 59605.426350303228 0.006060719599 cfg1 2 1 0 0 na na
10 59605.442350311074 0.006061024946 cfg1 2 2 0 0 na na
10 59605.460350359457 0.006061372575 cfg1 2 1 0 0 na na
10 59605.464350280037 0.006061436542 cfg1 2 1 0 0 na na
10 59605.480350323078 0.006061721583 cfg1 2 1 0 0 na na
10 59605.487350244420 0.006061867515 cfg1 2 1 0 0 na na
10 59605.493350302677 0.006061971674 cfg1 2 1 0 0 na na
10 59605.503350262944 0.006062148802 cfg1 2 1 0 0 na na
10 59605.514350253693 0.006062363021 cfg1 2 1 0 0 na na
10 59605.552350288461 0.006063060010 cfg1 2 1 0 0 na na
10 59605.554350307753 0.006063104963 cfg1 2 1 0 0 na na
10 59605.572350330267 0.006063429417 cfg1 2 1 0 0 na na
10 59605.582350315839 0.006063630650 cfg1 2 1 0 0 na na
10 59605.585350281558 0.006063671071 cfg1 2 1 0 0 na na
10 59605.624350307096 0.006064417255 cfg1 2 1 0 0 na na
10 59605.651350312822 0.006064923440 cfg1 2 1 0 0 na na
10 59605.692350342851 0.006065684142 cfg1 2 1 0 0 na na
10 59605.715350253050 0.006066103753 cfg1 2 1 0 0 na na
10 59605.723350291469 0.006066254265 cfg1 2 1 0 0 na na
10 59605.729350317671 0.006066362383 cfg1 2 1 0 0 na na
10 59605.731350271655 0.006066400380 cfg1 2 1 0 0 na na
10 59605.739350248909 0.006066553328 cfg1 2 1 0 0 na na
10 59605.750350304304 0.006066746629 cfg1 2 1 0 0 na na
10 59605.766350239097 0.006067068891 cfg1 2 1 0 0 na na
10 59605.770350277547 0.006067143949 cfg1 2 1 0 0 na na
10 59605.782350304352 0.006067353185 cfg1 2 1 0 0 na na
10 59605.784350264314 0.006067377561 cfg1 2 1 0 0 na na
10 59605.827350304707 0.006068203120 cfg1 2 1 0 0 na na
10 59605.846350301835 0.006068561945 cfg1 2 1 0 0 na na
10 59605.856350309101 0.006068732266 cfg1 2 1 0 0 na na
10 59605.857350346542 0.006068742758 cfg1 2 1 0 0 na na
10 59605.864350313718 0.006068875284 cfg1 2 1 0 0 na na
10 59605.872350364117 0.006069048091 cfg1 2 1 0 0 na na
10 59605.881350309995 0.006069212096 cfg1 2 1 0 0 na na
10 59605.884350291636 0.006069245587 cfg1 2 1 0 0 na na
10 59605.897350297942 0.006069510983 cfg1 2 1 0 0 na na
10 59605.898350318917 0.006069517360 cfg1 2 1 0 0 na na
10 59605.907350340188 0.006069701655 cfg1 2 1 0 0 na na
10 59605.917350240927 0.006069890884 cfg1 2 1 0 0 na na
10 59605.924350292503 0.006070021313 cfg1 2 1 0 0 na na
10 59605.949350310799 0.006070463324 cfg1 2 1 0 0 na na
10 59605.989350286839 0.006071215738 cfg1 2 1 0 0 na na
10 59606.000350301964 0.006071424728 cfg1 2 1 0 0 na na
10 59606.002350332276 0.006071458668 cfg1 2 1 0 0 na na
10 59606.003350288706 0.006071484531 cfg1 2 1 0 0 na na
10 59606.018350257387 0.006071764710 cfg1 2 1 0 0 na na
10 59606.022350264368 0.006071832462 cfg1 2 1 0 0 na na
10 59606.041350360514 0.006072205972 cfg1 2 1 0 0 na na
10 59606.044350293429 0.006072241402 cfg1 2 1 0 0 na na
10 59606.051350363475 0.006072400711 cfg1 2 1 0 0 na na
10 59606.053350347289 0.006072438272 cfg1 2 1 0 0 na na
10 59606.062350333983 0.006072578929 cfg1 2 1 0 0 na na
10 59606.071350314808 0.006072771676 cfg1 2 1 0 0 na na
10 59606.073350290253 0.006072792796 cfg1 2 1 0 0 na na
10 59606.085350297234 0.006073013313 cfg1 2 1 0 0 na na
10 59606.106350285810 0.006073420943 cfg1 2 1 0 0 na na
10 59606.133350308206 0.006073911890 cfg1 2 1 0 0 na na
10 59606.134350331771 0.006073952490 cfg1 2 1 0 0 na na
10 59606.145350335459 0.006074156159 cfg1 2 1 0 0 na na
10 59606.151350380508 0.006074267760 cfg1 2 1 0 0 na na
10 59606.171350342054 0.006074630581 cfg1 2 1 0 0 na na
10 59606.182350312194 0.006074837318 cfg1 2 1 0 0 na na
10 59606.185350355078 0.006074891768 cfg1 2 1 0 0 na na
10 59606.202350280124 0.006075225554 cfg1 2 1 0 0 na na
10 59606.213350250513 0.006075433075 cfg1 2 1 0 0 na na
10 59606.215350280006 0.006075478654 cfg1 2 1 0 0 na na
10 59606.253350262198 0.006076174669 cfg1 2 1 0 0 na na
10 59606.260350364044 0.006076323812 cfg1 2 1 0 0 na na
10 59606.267350326776 0.006076453844 cfg1 2 1 0 0 na na
10 59606.284350294648 0.006076758131 cfg1 2 1 0 0 na na
10 59606.285350321721 0.006076792929 cfg1 2 1 0 0 na na
10 59606.314350320448 0.006077329655 cfg1 2 1 0 0 na na
10 59606.361350257002 0.006078230603 cfg1 2 1 0 0 na na
10 59606.363350257124 0.006078252578 cfg1 2 1 0 0 na na
10 59606.405350368317 0.006079042179 cfg1 2 1 0 0 na na
10 59606.412350299906 0.006079166577 cfg1 2 1 0 0 na na
10 59606.430350309287 0.006079527324 cfg1 2 1 0 0 na na
10 59606.457350306941 0.006080017321 cfg1 2 1 0 0 na na
10 59606.458350317159 0.006080047934 cfg1 2 1 0 0 na na
10 59606.474350287647 0.006080355170 cfg1 2 1 0 0 na na
10 59606.498350290190 0.006080801128 cfg1 2 1 0 0 na na
10 59606.522350280870 0.006081248632 cfg1 2 1 0 0 na na
10 59606.525350316156 0.006081328973 cfg1 2 1 0 0 na na
10 59606.528350298725 0.006081371606 cfg1 2 1 0 0 na na
10 59606.540350310448 0.006081605770 cfg1 2 1 0 0 na na
10 59606.543350279263 0.006081643081 cfg1 2 1 0 0 na na
10 59606.561350327571 0.006081991017 cfg1 2 1 0 0 na na
10 59606.614350317362 0.006082994012 cfg1 2 1 0 0 na na
10 59606.632350338208 0.006083353164 cfg1 2 1 0 0 na na
10 59606.670350317357 0.006084045881 cfg1 2 1 0 0 na na
10 59606.676350261706 0.006084173907 cfg1 2 1 0 0 na na
10 59606.693350288667 0.006084496263 cfg1 2 1 0 0 na na
10 59606.705350308434 0.006084721659 cfg1 2 1 0 0 na na
10 59606.732350247700 0.006085239286 cfg1 2 1 0 0 na na
10 59606.762350337119 0.006085817951 cfg1 2 1 0 0 na na
10 59606.766350260849 0.006085874847 cfg1 2 1 0 0 na na
10 59606.791350332867 0.006086357620 cfg1 2 1 0 0 na na
10 59606.795350340379 0.006086424354 cfg1 2 1 0 0 na na
10 59606.812350269798 0.006086770172 cfg1 2 1 0 0 na na
10 59606.837350352901 0.006087239606 cfg1 2 1 0 0 na na
10 59606.844350318451 0.006087360088 cfg1 2 1 0 0 na na
10 59606.883350341057 0.006088104978 cfg1 2 2 0 0 na na
10 59606.891350306968 0.006088260186 cfg1 2 1 0 0 na na
10 59606.926350327426 0.006088932433 cfg1 2 1 0 0 na na
10 59606.939350352792 0.006089172015 cfg1 2 1 0 0 na na
10 59606.946350313111 0.006089312418 cfg1 2 1 0 0 na na
10 59606.951350325894 0.006089407725 cfg1 2 1 0 0 na na
10 59606.958350341927 0.006089530700 cfg1 2 1 0 0 na na
10 59606.969350261463 0.006089748711 cfg1 2 1 0 0 na na
10 59606.985350330526 0.006090051348 cfg1 2 1 0 0 na na
10 59606.986350314639 0.006090063867 cfg1 2 1 0 0 na na
10 59606.991350303578 0.006090168907 cfg1 2 1 0 0 na na
10 59606.999350346224 0.006090303292 cfg1 2 1 0 0 na na
10 59607.018350313824 0.006090675276 cfg1 2 1 0 0 na na
10 59607.019350266715 0.006090689662 cfg1 2 1 0 0 na na
10 59607.021350318013 0.006090748170 cfg1 2 1 0 0 na na
10 59607.025350357743 0.006090817646 cfg1 2 1 0 0 na na
10 59607.040350297990 0.006091086670 cfg1 2 1 0 0 na na
10 59607.054350292464 0.006091352430 cfg1 2 1 0 0 na na
10 59607.055350321673 0.006091390746 cfg1 2 1 0 0 na na
10 59607.067350283082 0.006091605365 cfg1 2 1 0 0 na na
10 59607.092350316364 0.006092078397 cfg1 2 1 0 0 na na
10 59607.100350356354 0.006092246684 cfg1 2 1 0 0 na na
10 59607.126350330831 0.006092749578 cfg1 2 1 0 0 na na
10 59607.131350359435 0.006092843916 cfg1 2 1 0 0 na na
10 59607.132350312991 0.006092841158 cfg1 2 1 0 0 na na
10 59607.135350292394 0.006092908384 cfg1 2 1 0 0 na na
10 59607.140350297624 0.006093009025 cfg1 2 1 0 0 na na
10 59607.162350314057 0.006093433076 cfg1 2 1 0 0 na na
10 59607.180350301720 0.006093767650 cfg1 2 1 0 0 na na
10 59607.214350319275 0.006094421072 cfg1 2 1 0 0 na na
10 59607.238350351113 0.006094876808 cfg1 2 1 0 0 na na
10 59607.239350261318 0.006094889332 cfg1 2 1 0 0 na na
10 59607.240350305334 0.006094927418 cfg1 2 1 0 0 na na
10 59607.264350298468 0.006095388371 cfg1 2 1 0 0 na na
10 59607.265350308258 0.006095388602 cfg1 2 1 0 0 na na
10 59607.266350320428 0.006095412584 cfg1 2 1 0 0 na na
10 59607.269350311756 0.006095481601 cfg1 2 1 0 0 na na
10 59607.272350309311 0.006095535634 cfg1 2 1 0 0 na na
10 59607.274350290443 0.006095584130 cfg1 2 1 0 0 na na
10 59607.275350275594 0.006095583563 cfg1 2 1 0 0 na na
10 59607.279350276574 0.006095673651 cfg1 2 1 0 0 na na
10 59607.301350340196 0.006096095189 cfg1 2 1 0 0 na na
10 59607.308350292977 0.006096230079 cfg1 2 1 0 0 na na
10 59607.341350288085 0.006096859746 cfg1 2 1 0 0 na na
10 59607.345350260794 0.006096921160 cfg1 2 1 0 0 na na
10 59607.350350293308 0.006097011374 cfg1 2 1 0 0 na na
10 59607.360350303501 0.006097214968 cfg1 2 1 0 0 na na
10 59607.371350271312 0.006097424928 cfg1 2 1 0 0 na na
10 59607.372350269978 0.006097444868 cfg1 2 1 0 0 na na
10 59607.381350368614 0.006097617710 cfg1 2 1 0 0 na na
10 59607.384350241888 0.006097685003 cfg1 2 1 0 0 na na
10 59607.392350309529 0.006097846723 cfg1 2 1 0 0 na na
10 59607.396350249104 0.006097907654 cfg1 2 1 0 0 na na
10 59607.403350314841 0.006098033654 cfg1 2 1 0 0 na na
10 59607.406350310378 0.006098107114 cfg1 2 1 0 0 na na
10 59607.427350397960 0.006098508430 cfg1 2 1 0 0 na na
10 59607.437350288102 0.006098691780 cfg1 2 1 0 0 na na
10 59607.438350319686 0.006098710562 cfg1 2 1 0 0 na na
10 59607.457350329292 0.006099068813 cfg1 2 1 0 0 na na
10 59607.469350346834 0.006099297636 cfg1 2 1 0 0 na na
10 59607.478350261709 0.006099486803 cfg1 2 1 0 0 na na
10 59607.481350251469 0.006099540422 cfg1 2 1 0 0 na na
10 59607.484350344511 0.006099596614 cfg1 2 1 0 0 na na
10 59607.485350285918 0.006099615080 cfg1 2 1 0 0 na na
10 59607.509350283683 0.006100066706 cfg1 2 1 0 0 na na
10 59607.522350318294 0.006100344241 cfg1 2 1 0 0 na na
10 59607.529350322097 0.006100465840 cfg1 2 1 0 0 na na
10 59607.537350338542 0.006100623235 cfg1 2 1 0 0 na na
10 59607.557350266334 0.006101014771 cfg1 2 1 0 0 na na
10 59607.561350266993 0.006101064945 cfg1 2 1 0 0 na na
10 59607.563350265944 0.006101128364 cfg1 2 1 0 0 na na
10 59607.564350308560 0.006101138970 cfg1 2 1 0 0 na na
10 59607.572350300164 0.006101284727 cfg1 2 1 0 0 na na
10 59607.585350298852 0.006101554446 cfg1 2 1 0 0 na na
10 59607.605350335449 0.006101933307 cfg1 2 1 0 0 na na
10 59607.612350335943 0.006102059296 cfg1 2 1 0 0 na na
10 59607.616350305365 0.006102136446 cfg1 2 1 0 0 na na
10 59607.622350350791 0.006102239594 cfg1 2 1 0 0 na na
10 59607.649350279662 0.006102764464 cfg1 2 1 0 0 na na
10 59607.653350269808 0.006102837709 cfg1 2 1 0 0 na na
10 59607.679350310764 0.006103361358 cfg1 2 1 0 0 na na
10 59607.696350328416 0.006103667047 cfg1 2 1 0 0 na na
10 59607.706350331983 0.006103861469 cfg1 2 1 0 0 na na
10 59607.707350327229 0.006103889233 cfg1 2 1 0 0 na na
10 59607.747350274049 0.006104657816 cfg1 2 1 0 0 na na
10 59607.767350260578 0.006105041579 cfg1 2 1 0 0 na na
10 59607.777350343860 0.006105249707 cfg1 2 1 0 0 na na
10 59607.790350316862 0.006105510229 cfg1 2 1 0 0 na na
10 59607.791350280408 0.006105513936 cfg1 2 1 0 0 na na
10 59607.795350302954 0.006105595770 cfg1 2 1 0 0 na na
10 59607.797350344938 0.006105623372 cfg1 2 1 0 0 na na
10 59607.803350279343 0.006105761300 cfg1 2 1 0 0 na na
10 59607.810350262869 0.006105877069 cfg1 2 1 0 0 na na
10 59607.813350283230 0.006105934726 cfg1 2 1 0 0 na na
10 59607.818350283167 0.006106049094 cfg1 2 1 0 0 na na
10 59607.824350334446 0.006106144539 cfg1 2 1 0 0 na na
10 59607.828350301150 0.006106223642 cfg1 2 1 0 0 na na
10 59607.830350291783 0.006106280361 cfg1 2 1 0 0 na na
10 59607.838350273245 0.006106426233 cfg1 2 1 0 0 na na
10 59607.862350304297 0.006106883991 cfg1 2 1 0 0 na na
10 59607.869350352584 0.006107010699 cfg1 2 1 0 0 na na
10 59607.870350275476 0.006107036261 cfg1 2 1 0 0 na na
10 59607.872350300088 0.006107070239 cfg1 2 1 0 0 na na
10 59607.885350320086 0.006107332626 cfg1 2 1 0 0 na na
10 59607.900350278180 0.006107609254 cfg1 2 1 0 0 na na
10 59607.902350338168 0.006107676139 cfg1 2 1 0 0 na na
10 59607.904350335588 0.006107711733 cfg1 2 1 0 0 na na
10 59607.919350261226 0.006107997509 cfg1 2 1 0 0 na na
10 59607.935350379279 0.006108301463 cfg1 2 1 0 0 na na
10 59607.941350323433 0.006108419590 cfg1 2 1 0 0 na na
10 59607.967350365381 0.006108914388 cfg1 2 1 0 0 na na
10 59607.969350269271 0.006108958352 cfg1 2 1 0 0 na na
10 59607.971350311263 0.006109006378 cfg1 2 1 0 0 na na
10 59607.974350308785 0.006109045779 cfg1 2 1 0 0 na na
10 59607.976350302130 0.006109093338 cfg1 2 1 0 0 na na
10 59607.984350239980 0.006109262387 cfg1 2 1 0 0 na na
10 59607.987350325806 0.006109304334 cfg1 2 1 0 0 na na
10 59607.994350322324 0.006109444406 cfg1 2 1 0 0 na na
10 59608.023350311804 0.006110015312 cfg1 2 1 0 0 na na
10 59608.043350369012 0.006110408591 cfg1 2 1 0 0 na na
10 59608.054350273869 0.006110593383 cfg1 2 1 0 0 na na
10 59608.055350300268 0.006110635330 cfg1 2 1 0 0 na na
10 59608.064350296169 0.006110812618 cfg1 2 1 0 0 na na
10 59608.065350342805 0.006110822116 cfg1 2 1 0 0 na na
10 59608.066350329083 0.006110830236 cfg1 2 1 0 0 na na
10 59608.079350316725 0.006111089853 cfg1 2 1 0 0 na na
10 59608.103350325165 0.006111568805 cfg1 2 1 0 0 na na
10 59608.144350273541 0.006112363331 cfg1 2 1 0 0 na na
10 59608.150350378935 0.006112475189 cfg1 2 1 0 0 na na
10 59608.153350280924 0.006112515477 cfg1 2 1 0 0 na na
10 59608.157350322877 0.006112595872 cfg1 2 1 0 0 na na
10 59608.163350343720 0.006112724054 cfg1 2 1 0 0 na na
10 59608.197350316288 0.006113376839 cfg1 2 1 0 0 na na
10 59608.203350285564 0.006113513236 cfg1 2 1 0 0 na na
10 59608.227350306701 0.006113982697 cfg1 2 1 0 0 na na
10 59608.231350299851 0.006114052923 cfg1 2 1 0 0 na na
10 59608.243350324512 0.006114266736 cfg1 2 1 0 0 na na
10 59608.246350342826 0.006114335117 cfg1 2 1 0 0 na na
10 59608.284350313024 0.006115074510 cfg1 2 1 0 0 na na
10 59608.297350252922 0.006115328908 cfg1 2 1 0 0 na na
10 59608.311350292026 0.006115596210 cfg1 2 1 0 0 na na
10 59608.324350257901 0.006115848994 cfg1 2 1 0 0 na na
10 59608.331350341090 0.006115992267 cfg1 2 1 0 0 na na
10 59608.364350316782 0.006116624447 cfg1 2 1 0 0 na na
10 59608.379350313262 0.006116944098 cfg1 2 1 0 0 na na
10 59608.397350310199 0.006117277161 cfg1 2 1 0 0 na na
10 59608.411350306679 0.006117542986 cfg1 2 1 0 0 na na
10 59608.427350320490 0.006117876303 cfg1 2 1 0 0 na na
10 59608.433350363381 0.006117989064 cfg1 2 1 0 0 na na
10 59608.448350311405 0.006118277762 cfg1 2 1 0 0 na na
10 59608.455350282436 0.006118416279 cfg1 2 1 0 0 na na
10 59608.456350329981 0.006118426343 cfg1 2 1 0 0 na na
10 59608.462350273624 0.006118548665 cfg1 2 1 0 0 na na
10 59608.464350304736 0.006118590680 cfg1 2 1 0 0 na na
10 59608.470350252513 0.006118712525 cfg1 2 1 0 0 na na
10 59608.479350302220 0.006118877037 cfg1 2 1 0 0 na na
10 59608.481350304790 0.006118924153 cfg1 2 1 0 0 na na
10 59608.488350245337 0.006119061573 cfg1 2 1 0 0 na na
10 59608.490350353970 0.006119111272 cfg1 2 1 0 0 na na
10 59608.502350274988 0.006119333592 cfg1 2 1 0 0 na na
10 59608.507350359247 0.006119424128 cfg1 2 1 0 0 na na
10 59608.509350301490 0.006119466486 cfg1 2 1 0 0 na na
10 59608.511350278220 0.006119495735 cfg1 2 1 0 0 na na
10 59608.522350252857 0.006119732044 cfg1 2 1 0 0 na na
10 59608.527350259788 0.006119812055 cfg1 2 1 0 0 na na
10 59608.530350270855 0.006119884195 cfg1 2 1 0 0 na na
10 59608.536350284037 0.006119995901 cfg1 2 1 0 0 na na
10 59608.539350339295 0.006120045918 cfg1 2 1 0 0 na na
10 59608.540350304596 0.006120074532 cfg1 2 1 0 0 na na
10 59608.553350338967 0.006120339278 cfg1 2 1 0 0 na na
10 59608.579350260956 0.006120838703 cfg1 2 1 0 0 na na
10 59608.589350330769 0.006121041262 cfg1 2 1 0 0 na na
10 59608.590350353095 0.006121041075 cfg1 2 1 0 0 na na
10 59608.627350297904 0.006121774258 cfg1 2 1 0 0 na na
10 59608.633350355204 0.006121896371 cfg1 2 1 0 0 na na
10 59608.634350276096 0.006121919299 cfg1 2 1 0 0 na na
10 59608.652350306731 0.006122264432 cfg1 2 1 0 0 na na
10 59608.663350321854 0.006122480770 cfg1 2 1 0 0 na na
10 59608.664350261799 0.006122490107 cfg1 2 1 0 0 na na
10 59608.671350264566 0.006122631993 cfg1 2 1 0 0 na na
10 59608.686350289321 0.006122935876 cfg1 2 1 0 0 na na
10 59608.703350283953 0.006123269397 cfg1 2 1 0 0 na na
10 59608.709350336262 0.006123382016 cfg1 2 1 0 0 na na
10 59608.710350361776 0.006123399439 cfg1 2 1 0 0 na na
10 59608.714350275970 0.006123493745 cfg1 2 1 0 0 na na
10 59608.717350272371 0.006123528562 cfg1 2 1 0 0 na na
10 59608.727350302085 0.006123732624 cfg1 2 1 0 0 na na
10 59608.735350248009 0.006123903964 cfg1 2 1 0 0 na na
10 59608.739350336707 0.006123970897 cfg1 2 1 0 0 na na
10 59608.740350318773 0.006124002795 cfg1 2 1 0 0 na na
10 59608.744350337466 0.006124073450 cfg1 2 1 0 0 na na
10 59608.773350246605 0.006124645364 cfg1 2 1 0 0 na na
10 59608.779350311461 0.006124761235 cfg1 2 1 0 0 na na
10 59608.792350267745 0.006125017949 cfg1 2 1 0 0 na na
10 59608.796350311017 0.006125102395 cfg1 2 1 0 0 na na
10 59608.799350334794 0.006125158213 cfg1 2 1 0 0 na na
10 59608.804350323883 0.006125248516 cfg1 2 1 0 0 na na
10 59608.805350287395 0.006125282529 cfg1 2 1 0 0 na na
10 59608.807350287858 0.006125305254 cfg1 2 1 0 0 na na
10 59608.812350315373 0.006125408581 cfg1 2 1 0 0 na na
10 59608.840350288550 0.006125953877 cfg1 2 1 0 0 na na
10 59608.844350348892 0.006126031075 cfg1 2 1 0 0 na na
10 59608.892350347186 0.006126970300 cfg1 2 1 0 0 na na
10 59608.893350260246 0.006126986584 cfg1 2 1 0 0 na na
10 59608.896350292893 0.006127057825 cfg1 2 1 0 0 na na
10 59608.911350248312 0.006127353808 cfg1 2 1 0 0 na na
10 59608.913350254923 0.006127387029 cfg1 2 1 0 0 na na
10 59608.917350251837 0.006127470242 cfg1 2 1 0 0 na na
10 59608.937350339517 0.006127863526 cfg1 2 1 0 0 na na
10 59608.946350245579 0.006128046296 cfg1 2 1 0 0 na na
10 59608.972350316186 0.006128562014 cfg1 2 1 0 0 na na
10 59608.974350358405 0.006128607680 cfg1 2 1 0 0 na na
10 59608.977350234292 0.006128667973 cfg1 2 1 0 0 na na
10 59608.979350304918 0.006128684377 cfg1 2 1 0 0 na na
10 59608.985350327888 0.006128820122 cfg1 2 1 0 0 na na
10 59608.986350334926 0.006128843810 cfg1 2 1 0 0 na na
10 59608.987350306531 0.006128857303 cfg1 2 1 0 0 na na
10 59608.990350349830 0.006128913540 cfg1 2 1 0 0 na na
10 59608.991350274174 0.006128915488 cfg1 2 1 0 0 na na
10 59609.015350341900 0.006129398525 cfg1 2 1 0 0 na na
10 59609.022350348384 0.006129545059 cfg1 2 1 0 0 na na
10 59609.046350315881 0.006130023236 cfg1 2 1 0 0 na na
10 59609.050350289953 0.006130093725 cfg1 2 1 0 0 na na
10 59609.054350346007 0.006130171578 cfg1 2 1 0 0 na na
10 59609.060350301982 0.006130293100 cfg1 2 1 0 0 na na
10 59609.077350343455 0.006130638003 cfg1 2 1 0 0 na na
10 59609.086350271563 0.006130796126 cfg1 2 1 0 0 na na
10 59609.091350311446 0.006130886636 cfg1 2 1 0 0 na na
10 59609.095350312149 0.006130993398 cfg1 2 1 0 0 na na
10 59609.100350276890 0.006131081240 cfg1 2 1 0 0 na na
10 59609.103350324707 0.006131147858 cfg1 2 1 0 0 na na
10 59609.110350323964 0.006131264100 cfg1 2 1 0 0 na na
10 59609.111350282321 0.006131287711 cfg1 2 1 0 0 na na
10 59609.119350285946 0.006131440833 cfg1 2 1 0 0 na na
10 59609.130350304992 0.006131660799 cfg1 2 1 0 0 na na
10 59609.135350279455 0.006131760870 cfg1 2 1 0 0 na na
10 59609.165350262896 0.006132354099 cfg1 2 1 0 0 na na
10 59609.183350276056 0.006132723838 cfg1 2 1 0 0 na na
10 59609.184350310858 0.006132734845 cfg1 2 1 0 0 na na
10 59609.191350295821 0.006132877860 cfg1 2 1 0 0 na na
10 59609.193350332795 0.006132921801 cfg1 2 1 0 0 na na
10 59609.225350298126 0.006133556674 cfg1 2 1 0 0 na na
10 59609.252350300217 0.006134081343 cfg1 2 1 0 0 na na
10 59609.253350288962 0.006134116979 cfg1 2 1 0 0 na na
10 59609.258350290054 0.006134190517 cfg1 2 1 0 0 na na
10 59609.261350324378 0.006134246918 cfg1 2 1 0 0 na na
10 59609.264350307759 0.006134315417 cfg1 2 1 0 0 na na
10 59609.268350329949 0.006134404986 cfg1 2 1 0 0 na na
10 59609.287350281443 0.006134785122 cfg1 2 1 0 0 na na
10 59609.289350318522 0.006134818296 cfg1 2 1 0 0 na na
10 59609.290350306400 0.006134838405 cfg1 2 1 0 0 na na
10 59609.294350338971 0.006134920304 cfg1 2 1 0 0 na na
10 59609.308350344937 0.006135194036 cfg1 2 1 0 0 na na
10 59609.309350275885 0.006135196048 cfg1 2 1 0 0 na na
10 59609.310350309550 0.006135219914 cfg1 2 1 0 0 na na
10 59609.331350288434 0.006135648484 cfg1 2 1 0 0 na na
10 59609.337350305511 0.006135754766 cfg1 2 1 0 0 na na
10 59609.342350349747 0.006135859249 cfg1 2 1 0 0 na na
10 59609.346350274088 0.006135949189 cfg1 2 1 0 0 na na
10 59609.347350315350 0.006135960525 cfg1 2 1 0 0 na na
10 59609.358350288197 0.006136180575 cfg1 2 1 0 0 na na
10 59609.359350335140 0.006136210304 cfg1 2 1 0 0 na na
10 59609.362350301401 0.006136273005 cfg1 2 1 0 0 na na
10 59609.374350314308 0.006136503201 cfg1 2 1 0 0 na na
10 59609.383350293596 0.006136674200 cfg1 2 1 0 0 na na
10 59609.393350292120 0.006136865560 cfg1 2 1 0 0 na na
10 59609.400350337619 0.006137021797 cfg1 2 1 0 0 na na
10 59609.413350329012 0.006137272449 cfg1 2 1 0 0 na na
10 59609.427350319520 0.006137552468 cfg1 2 1 0 0 na na
10 59609.432350346794 0.006137637952 cfg1 2 1 0 0 na na
10 59609.433350257177 0.006137672407 cfg1 2 1 0 0 na na
10 59609.436350277479 0.006137714725 cfg1 2 1 0 0 na na
10 59609.440350328586 0.006137801541 cfg1 2 1 0 0 na na
10 59609.456350309499 0.006138136769 cfg1 2 1 0 0 na na
10 59609.458350327447 0.006138164694 cfg1 2 1 0 0 na na
10 59609.463350264147 0.006138278550 cfg1 2 1 0 0 na na
10 59609.470350312966 0.006138408087 cfg1 2 1 0 0 na na
10 59609.471350291005 0.006138410844 cfg1 2 1 0 0 na na
10 59609.481350253192 0.006138625825 cfg1 2 1 0 0 na na
10 59609.485350311705 0.006138708413 cfg1 2 1 0 0 na na
10 59609.492350300332 0.006138847335 cfg1 2 1 0 0 na na
10 59609.494350301343 0.006138894345 cfg1 2 1 0 0 na na
10 59609.497350317786 0.006138940254 cfg1 2 1 0 0 na na
10 59609.498350302301 0.006138944968 cfg1 2 1 0 0 na na
10 59609.506350264501 0.006139123406 cfg1 2 1 0 0 na na
10 59609.507350346385 0.006139145437 cfg1 2 1 0 0 na na
10 59609.528350258172 0.006139548710 cfg1 2 1 0 0 na na
10 59609.540350321096 0.006139785810 cfg1 2 1 0 0 na na
10 59609.541350264610 0.006139813881 cfg1 2 1 0 0 na na
10 59609.551350291170 0.006140025676 cfg1 2 1 0 0 na na
10 59609.560350281518 0.006140192720 cfg1 2 1 0 0 na na
10 59609.564350304533 0.006140264035 cfg1 2 1 0 0 na na
10 59609.570350324806 0.006140401632 cfg1 2 1 0 0 na na
10 59609.573350249800 0.006140452467 cfg1 2 1 0 0 na na
10 59609.580350332991 0.006140591812 cfg1 2 1 0 0 na na
10 59609.587350240966 0.006140741069 cfg1 2 1 0 0 na na
10 59609.596350329520 0.006140896810 cfg1 2 1 0 0 na na
10 59609.608350322790 0.006141131351 cfg1 2 1 0 0 na na
10 59609.610350307780 0.006141185462 cfg1 2 1 0 0 na na
10 59609.613350255774 0.006141241335 cfg1 2 1 0 0 na na
10 59609.615350273165 0.006141276582 cfg1 2 1 0 0 na na
10 59609.619350262295 0.006141354484 cfg1 2 1 0 0 na na
10 59609.623350265806 0.006141437424 cfg1 2 1 0 0 na na
10 59609.626350312222 0.006141499454 cfg1 2 1 0 0 na na
10 59609.628350312643 0.006141540667 cfg1 2 1 0 0 na na
10 59609.629350326676 0.006141565521 cfg1 2 1 0 0 na na
10 59609.632350274962 0.006141622318 cfg1 2 1 0 0 na na
10 59609.634350297011 0.006141653876 cfg1 2 1 0 0 na na
10 59609.661350311697 0.006142201407 cfg1 2 1 0 0 na na
10 59609.663350265413 0.006142226562 cfg1 2 1 0 0 na na
10 59609.668350251640 0.006142340264 cfg1 2 1 0 0 na na
10 59609.672350318376 0.006142428171 cfg1 2 1 0 0 na na
10 59609.673350245307 0.006142446721 cfg1 2 1 0 0 na na
10 59609.678350262717 0.006142529226 cfg1 2 1 0 0 na na
10 59609.690350332397 0.006142765981 cfg1 2 1 0 0 na na
10 59609.698350294914 0.006142945708 cfg1 2 1 0 0 na na
10 59609.722350278764 0.006143425688 cfg1 2 1 0 0 na na
10 59609.723350321384 0.006143422143 cfg1 2 1 0 0 na na
10 59609.748350311575 0.006143930833 cfg1 2 1 0 0 na na
10 59609.768350312203 0.006144344542 cfg1 2 1 0 0 na na
10 59609.782350294947 0.006144600424 cfg1 2 1 0 0 na na
10 59609.810350302927 0.006145170757 cfg1 2 1 0 0 na na
10 59609.826350266232 0.006145494255 cfg1 2 1 0 0 na na
10 59609.831350273597 0.006145592290 cfg1 2 1 0 0 na na
10 59609.833350335656 0.006145622418 cfg1 2 1 0 0 na na
10 59609.844350268581 0.006145836908 cfg1 2 1 0 0 na na
10 59609.855350263464 0.006146058480 cfg1 2 1 0 0 na na
10 59609.863350279790 0.006146240968 cfg1 2 1 0 0 na na
10 59609.869350287534 0.006146361842 cfg1 2 1 0 0 na na
10 59609.872350239677 0.006146422389 cfg1 2 1 0 0 na na
10 59609.875350288244 0.006146483514 cfg1 2 1 0 0 na na
10 59609.881350368925 0.006146601798 cfg1 2 1 0 0 na na
10 59609.898350290731 0.006146930040 cfg1 2 1 0 0 na na
10 59609.902350293581 0.006147017405 cfg1 2 1 0 0 na na
10 59609.903350298720 0.006147014878 cfg1 2 1 0 0 na na
10 59609.942350249694 0.006147812278 cfg1 2 1 0 0 na na
10 59609.943350322425 0.006147827429 cfg1 2 1 0 0 na na
10 59609.947350259360 0.006147902701 cfg1 2 1 0 0 na na
10 59609.976350382112 0.006148487988 cfg1 2 1 0 0 na na
10 59609.980350238597 0.006148583367 cfg1 2 1 0 0 na na
10 59609.985350315520 0.006148663862 cfg1 2 1 0 0 na na
10 59609.990350256068 0.006148765870 cfg1 2 1 0 0 na na
10 59609.996350310711 0.006148892742 cfg1 2 1 0 0 na na
10 59610.003350305109 0.006149022090 cfg1 2 1 0 0 na na
10 59610.019350323884 0.006149345856 cfg1 2 1 0 0 na na
10 59610.031350260675 0.006149581227 cfg1 2 1 0 0 na na
10 59610.041350266680 0.006149782965 cfg1 2 1 0 0 na na
10 59610.045350335254 0.006149874890 cfg1 2 1 0 0 na na
10 59610.061350312540 0.006150194543 cfg1 2 1 0 0 na na
10 59610.064350312999 0.006150265439 cfg1 2 1 0 0 na na
10 59610.080350262524 0.006150559498 cfg1 2 1 0 0 na na
10 59610.085350285563 0.006150658467 cfg1 2 1 0 0 na na
10 59610.093350292721 0.006150846710 cfg1 2 1 0 0 na na
10 59610.104350263122 0.006151039256 cfg1 2 1 0 0 na na
10 59610.111350316258 0.006151191697 cfg1 2 1 0 0 na na
10 59610.116350279466 0.006151308430 cfg1 2 1 0 0 na na
10 59610.129350265493 0.006151567292 cfg1 2 1 0 0 na na
10 59610.131350285140 0.006151581478 cfg1 2 1 0 0 na na
10 59610.132350287459 0.006151607127 cfg1 2 1 0 0 na na
10 59610.151350276327 0.006152002651 cfg1 2 1 0 0 na na
10 59610.154350237812 0.006152068982 cfg1 2 1 0 0 na na
10 59610.156350256499 0.006152090284 cfg1 2 1 0 0 na na
10 59610.158350340259 0.006152130638 cfg1 2 1 0 0 na na
10 59610.163350308453 0.006152229629 cfg1 2 1 0 0 na na
10 59610.164350311486 0.006152272903 cfg1 2 1 0 0 na na
10 59610.165350304049 0.006152287368 cfg1 2 1 0 0 na na
10 59610.169350282244 0.006152346078 cfg1 2 1 0 0 na na
10 59610.173350341693 0.006152430160 cfg1 2 1 0 0 na na
10 59610.177350427448 0.006152505143 cfg1 2 1 0 0 na na
10 59610.180350295161 0.006152574435 cfg1 2 1 0 0 na na
10 59610.181350303328 0.006152590164 cfg1 2 1 0 0 na na
10 59610.192350291436 0.006152810213 cfg1 2 1 0 0 na na
10 59610.194350330594 0.006152862441 cfg1 2 1 0 0 na na
10 59610.207350330264 0.006153121942 cfg1 2 1 0 0 na na
10 59610.212350258130 0.006153214237 cfg1 2 1 0 0 na na
10 59610.220350263357 0.006153368548 cfg1 2 1 0 0 na na
10 59610.224350327908 0.006153456144 cfg1 2 1 0 0 na na
10 59610.226350341065 0.006153498792 cfg1 2 1 0 0 na na
10 59610.234350270246 0.006153652102 cfg1 2 1 0 0 na na
10 59610.246350296911 0.006153892734 cfg1 2 1 0 0 na na
10 59610.264350282148 0.006154257237 cfg1 2 1 0 0 na na
10 59610.265350311895 0.006154286449 cfg1 2 1 0 0 na na
10 59610.267350256902 0.006154320006 cfg1 2 1 0 0 na na
10 59610.280350326925 0.006154578124 cfg1 2 1 0 0 na na
10 59610.281350267504 0.006154610591 cfg1 2 1 0 0 na na
10 59610.282350306925 0.006154642396 cfg1 2 1 0 0 na na
10 59610.298350265556 0.006154964358 cfg1 2 1 0 0 na na
10 59610.310350336832 0.006155206075 cfg1 2 1 0 0 na na
10 59610.321350255379 0.006155406575 cfg1 2 1 0 0 na na
10 59610.326350306118 0.006155522331 cfg1 2 1 0 0 na na
10 59610.327350290803 0.006155546404 cfg1 2 1 0 0 na na
10 59610.342350372012 0.006155826761 cfg1 2 1 0 0 na na
10 59610.354350323450 0.006156076317 cfg1 2 1 0 0 na na
10 59610.356350292318 0.006156122304 cfg1 2 1 0 0 na na
10 59610.365350260494 0.006156297367 cfg1 2 1 0 0 na na
10 59610.369350346860 0.006156394001 cfg1 2 1 0 0 na na
10 59610.380350342746 0.006156594145 cfg1 2 1 0 0 na na
10 59610.384350285430 0.006156679759 cfg1 2 1 0 0 na na
10 59610.415350249677 0.006157306991 cfg1 2 1 0 0 na na
10 59610.420350315438 0.006157406787 cfg1 2 1 0 0 na na
10 59610.441350338489 0.006157828909 cfg1 2 1 0 0 na na
10 59610.456350289223 0.006158143497 cfg1 2 1 0 0 na na
10 59610.458350295572 0.006158170092 cfg1 2 1 0 0 na na
10 59610.459350308330 0.006158198074 cfg1 2 1 0 0 na na
10 59610.464350288241 0.006158302048 cfg1 2 1 0 0 na na
10 59610.466350238953 0.006158342900 cfg1 2 1 0 0 na na
10 59610.473350231284 0.006158490611 cfg1 2 1 0 0 na na
10 59610.491350291128 0.006158839598 cfg1 2 1 0 0 na na
10 59610.495350325533 0.006158909843 cfg1 2 1 0 0 na na
10 59610.499350300913 0.006159000480 cfg1 2 1 0 0 na na
10 59610.502350341692 0.006159061941 cfg1 2 1 0 0 na na
10 59610.505350348327 0.006159119158 cfg1 2 1 0 0 na na
10 59610.522350261045 0.006159467360 cfg1 2 1 0 0 na na
10 59610.535350255377 0.006159721496 cfg1 2 1 0 0 na na
10 59610.537350283087 0.006159761097 cfg1 2 1 0 0 na na
10 59610.541350302639 0.006159859155 cfg1 2 1 0 0 na na
10 59610.550350410101 0.006160035313 cfg1 2 1 0 0 na na
10 59610.557350322904 0.006160179357 cfg1 2 1 0 0 na na
10 59610.586350395265 0.006160744166 cfg1 2 1 0 0 na na
10 59610.604350247851 0.006161119120 cfg1 2 1 0 0 na na
10 59610.628350280261 0.006161597470 cfg1 2 1 0 0 na na
10 59610.636350270772 0.006161773569 cfg1 2 1 0 0 na na
10 59610.648350288923 0.006162010575 cfg1 2 1 0 0 na na
10 59610.664350261252 0.006162320765 cfg1 2 1 0 0 na na
10 59610.672350299702 0.006162492085 cfg1 2 1 0 0 na na
10 59610.687350331335 0.006162802464 cfg1 2 1 0 0 na na
10 59610.689350351947 0.006162844377 cfg1 2 1 0 0 na na
10 59610.691350285800 0.006162869576 cfg1 2 1 0 0 na na
10 59610.693350324708 0.006162920053 cfg1 2 1 0 0 na na
10 59610.694350339037 0.006162932556 cfg1 2 1 0 0 na na
10 59610.702350245977 0.006163105965 cfg1 2 1 0 0 na na
10 59610.723350285204 0.006163520286 cfg1 2 1 0 0 na na
10 59610.741350339220 0.006163886268 cfg1 2 1 0 0 na na
10 59610.746350274820 0.006164002302 cfg1 2 1 0 0 na na
10 59610.755350282054 0.006164164380 cfg1 2 1 0 0 na na
10 59610.770350317586 0.006164468894 cfg1 2 1 0 0 na na
10 59610.778350310953 0.006164633976 cfg1 2 1 0 0 na na
10 59610.793350303357 0.006164957830 cfg1 2 1 0 0 na na
10 59610.806350259046 0.006165199613 cfg1 2 1 0 0 na na
10 59610.819350352600 0.006165464650 cfg1 2 1 0 0 na na
10 59610.821350293482 0.006165517434 cfg1 2 1 0 0 na na
10 59610.856350324783 0.006166218397 cfg1 2 1 0 0 na na
10 59610.881350311499 0.006166718416 cfg1 2 1 0 0 na na
10 59610.886350357756 0.006166829117 cfg1 2 1 0 0 na na
10 59610.888350341873 0.006166885978 cfg1 2 1 0 0 na na
10 59610.921350341661 0.006167554153 cfg1 2 1 0 0 na na
10 59610.940350290434 0.006167915027 cfg1 2 1 0 0 na na
10 59610.949350350594 0.006168104502 cfg1 2 1 0 0 na na
10 59610.953350301415 0.006168201689 cfg1 2 1 0 0 na na
10 59610.960350280698 0.006168331818 cfg1 2 1 0 0 na na
10 59610.984350300639 0.006168820915 cfg1 2 1 0 0 na na
10 59610.994350344391 0.006169040085 cfg1 2 1 0 0 na na
10 59611.001350301295 0.006169166142 cfg1 2 1 0 0 na na
10 59611.018350238001 0.006169529242 cfg1 2 1 0 0 na na
10 59611.026350319359 0.006169687779 cfg1 2 1 0 0 na na
10 59611.032350314634 0.006169805913 cfg1 2 1 0 0 na na
10 59611.040350329793 0.006169968807 cfg1 2 1 0 0 na na
10 59611.052350296347 0.006170208389 cfg1 2 1 0 0 na na
10 59611.058350288870 0.006170333777 cfg1 2 1 0 0 na na
10 59611.080350378580 0.006170762469 cfg1 2 1 0 0 na na
10 59611.084350253259 0.006170857585 cfg1 2 1 0 0 na na
10 59611.092350255973 0.006171018190 cfg1 2 1 0 0 na na
10 59611.140350293445 0.006171992094 cfg1 2 1 0 0 na na
10 59611.142350324942 0.006172028361 cfg1 2 1 0 0 na na
10 59611.151350338765 0.006172208181 cfg1 2 1 0 0 na na
10 59611.153350301259 0.006172269616 cfg1 2 1 0 0 na na
10 59611.157350320229 0.006172346821 cfg1 2 1 0 0 na na
10 59611.163350309287 0.006172480453 cfg1 2 1 0 0 na na
10 59611.186350239742 0.006172947292 cfg1 2 1 0 0 na na
10 59611.204350326983 0.006173296915 cfg1 2 1 0 0 na na
10 59611.208350302837 0.006173387986 cfg1 2 1 0 0 na na
10 59611.219350308072 0.006173624122 cfg1 2 1 0 0 na na
10 59611.230350309322 0.006173834255 cfg1 2 1 0 0 na na
10 59611.256350310176 0.006174361944 cfg1 2 1 0 0 na na
10 59611.265350294031 0.006174547550 cfg1 2 1 0 0 na na
10 59611.280350331564 0.006174840950 cfg1 2 1 0 0 na na
10 59611.296350335505 0.006175187898 cfg1 2 1 0 0 na na
10 59611.315350301035 0.006175554345 cfg1 2 1 0 0 na na
10 59611.333350322685 0.006175951901 cfg1 2 1 0 0 na na
10 59611.348350338627 0.006176230763 cfg1 2 1 0 0 na na
10 59611.368350319335 0.006176654918 cfg1 2 1 0 0 na na
10 59611.376350295949 0.006176816730 cfg1 2 1 0 0 na na
10 59611.379350344186 0.006176892477 cfg1 2 1 0 0 na na
10 59611.400350307983 0.006177319496 cfg1 2 1 0 0 na na
10 59611.402350340812 0.006177340072 cfg1 2 1 0 0 na na
10 59611.406350352757 0.006177420297 cfg1 2 1 0 0 na na
10 59611.411350321083 0.006177528565 cfg1 2 1 0 0 na na
10 59611.500350306056 0.006179342350 cfg1 2 1 0 0 na na
10 59611.501350329238 0.006179383389 cfg1 2 1 0 0 na na
10 59611.509350353789 0.006179527540 cfg1 2 1 0 0 na na
10 59611.541350306062 0.006180203387 cfg1 2 1 0 0 na na
10 59611.549350331775 0.006180351907 cfg1 2 1 0 0 na na
10 59611.565350363034 0.006180687614 cfg1 2 1 0 0 na na
10 59611.624350276782 0.006181885407 cfg1 2 1 0 0 na na
10 59611.630350312790 0.006182030126 cfg1 2 1 0 0 na na
10 59611.640350257496 0.006182219181 cfg1 2 1 0 0 na na
10 59611.652350331380 0.006182472091 cfg1 2 1 0 0 na na
10 59611.679350314482 0.006183042144 cfg1 2 1 0 0 na na
10 59611.681350312889 0.006183068514 cfg1 2 1 0 0 na na
10 59611.697350281756 0.006183397625 cfg1 2 1 0 0 na na
10 59611.717350258243 0.006183810249 cfg1 2 1 0 0 na na
10 59611.723350315063 0.006183919038 cfg1 2 1 0 0 na na
10 59611.730350300171 0.006184074875 cfg1 2 1 0 0 na na
10 59611.745350328457 0.006184373121 cfg1 2 1 0 0 na na
10 59611.769350284453 0.006184876977 cfg1 2 1 0 0 na na
10 59611.775350358195 0.006185013551 cfg1 2 1 0 0 na na
10 59611.783350334572 0.006185174621 cfg1 2 1 0 0 na na
10 59611.788350349904 0.006185270010 cfg1 2 1 0 0 na na
10 59611.816350296137 0.006185833436 cfg1 2 1 0 0 na na
10 59611.827350280580 0.006186059803 cfg1 2 1 0 0 na na
10 59611.873350273938 0.006187024662 cfg1 2 1 0 0 na na
10 59611.882350267560 0.006187198240 cfg1 2 1 0 0 na na
10 59611.896350238013 0.006187503911 cfg1 2 1 0 0 na na
10 59611.906350333927 0.006187684080 cfg1 2 1 0 0 na na
10 59611.931350277034 0.006188213778 cfg1 2 1 0 0 na na
10 59611.964350315444 0.006188893506 cfg1 2 1 0 0 na na
10 59611.991350308408 0.006189441418 cfg1 2 1 0 0 na na
10 59612.023350365124 0.006190125056 cfg1 2 1 0 0 na na
10 59612.026350295742 0.006190183142 cfg1 2 1 0 0 na na
10 59612.035350330443 0.006190361141 cfg1 2 1 0 0 na na
10 59612.038350295860 0.006190435126 cfg1 2 1 0 0 na na
10 59612.040350335989 0.006190452781 cfg1 2 1 0 0 na na
10 59612.047350267542 0.006190594786 cfg1 2 1 0 0 na na
10 59612.086350289357 0.006191422039 cfg1 2 1 0 0 na na
10 59612.089350253125 0.006191473795 cfg1 2 1 0 0 na na
10 59612.112350312230 0.006191941673 cfg1 2 1 0 0 na na
10 59612.119350279218 0.006192102447 cfg1 2 1 0 0 na na
10 59612.184350305232 0.006193430692 cfg1 2 1 0 0 na na
10 59612.193350313989 0.006193619429 cfg1 2 1 0 0 na na
10 59612.235350385404 0.006194497979 cfg1 2 1 0 0 na na
10 59612.237350357974 0.006194535631 cfg1 2 1 0 0 na na
10 59612.250350289218 0.006194807427 cfg1 2 1 0 0 na na
10 59612.326350353196 0.006196385460 cfg1 2 1 0 0 na na
10 59612.344350240567 0.006196766328 cfg1 2 1 0 0 na na
10 59612.347350334344 0.006196816455 cfg1 2 1 0 0 na na
10 59612.359350281615 0.006197063591 cfg1 2 1 0 0 na na
10 59612.376350258124 0.006197413790 cfg1 2 1 0 0 na na
10 59612.380350249341 0.006197507408 cfg1 2 1 0 0 na na
10 59612.381350327451 0.006197525200 cfg1 2 1 0 0 na na
10 59612.394350333156 0.006197797265 cfg1 2 1 0 0 na na
10 59612.409350310521 0.006198115981 cfg1 2 1 0 0 na na
10 59612.421350338583 0.006198342920 cfg1 2 1 0 0 na na
10 59612.426350256542 0.006198455758 cfg1 2 1 0 0 na na
10 59612.454350274785 0.006199041566 cfg1 2 1 0 0 na na
10 59612.457350314765 0.006199095809 cfg1 2 1 0 0 na na
10 59612.463350300265 0.006199228670 cfg1 2 1 0 0 na na
10 59612.473350317845 0.006199431958 cfg1 2 1 0 0 na na
10 59612.488350346813 0.006199759950 cfg1 2 1 0 0 na na
10 59612.541350412202 0.006200845859 cfg1 2 1 0 0 na na
10 59612.551350261338 0.006201064975 cfg1 2 1 0 0 na na
10 59612.570350299051 0.006201466816 cfg1 2 1 0 0 na na
10 59612.577350343570 0.006201600299 cfg1 2 2 0 0 na na
10 59612.609350262068 0.006202254805 cfg1 2 1 0 0 na na
10 59612.614350292194 0.006202373780 cfg1 2 1 0 0 na na
10 59612.677350290604 0.006203690765 cfg1 2 1 0 0 na na
10 59612.697350279019 0.006204101230 cfg1 2 1 0 0 na na
10 59612.704350317334 0.006204239354 cfg1 2 1 0 0 na na
10 59612.710350314315 0.006204358781 cfg1 2 1 0 0 na na
10 59612.744350255140 0.006205076780 cfg1 2 1 0 0 na na
10 59612.775350265016 0.006205729039 cfg1 2 1 0 0 na na
10 59612.793350254438 0.006206104835 cfg1 2 2 0 0 na na
10 59612.878350330412 0.006207872381 cfg1 2 1 0 0 na na
10 59612.903350286385 0.006208412104 cfg1 2 1 0 0 na na
10 59612.914350331227 0.006208621533 cfg1 2 1 0 0 na na
10 59612.951350263508 0.006209398427 cfg1 2 1 0 0 na na
10 59612.963350330242 0.006209663891 cfg1 2 1 0 0 na na
10 59612.983350275181 0.006210090576 cfg1 2 1 0 0 na na
10 59612.988350345412 0.006210176205 cfg1 2 1 0 0 na na
10 59612.997350321548 0.006210362652 cfg1 2 1 0 0 na na
10 59612.999350301476 0.006210414896 cfg1 2 1 0 0 na na
10 59613.045350311707 0.006211383690 cfg1 2 1 0 0 na na
10 59613.048350267583 0.006211437670 cfg1 2 1 0 0 na na
10 59613.070350257809 0.006211893950 cfg1 2 1 0 0 na na
10 59613.117350297109 0.006212895732 cfg1 2 1 0 0 na na
10 59613.140350288347 0.006213358511 cfg1 2 1 0 0 na na
10 59613.227350319220 0.006215198922 cfg1 2 1 0 0 na na
10 59613.255350308184 0.006215791037 cfg1 2 1 0 0 na na
10 59613.300350321401 0.006216730360 cfg1 2 1 0 0 na na
10 59613.310350341360 0.006216957314 cfg1 2 1 0 0 na na
10 59613.343350284810 0.006217627581 cfg1 2 1 0 0 na na
10 59613.418350326578 0.006219207538 cfg1 2 1 0 0 na na
10 59613.478350287474 0.006220484341 cfg1 2 1 0 0 na na
10 59613.538350342524 0.006221756156 cfg1 2 1 0 0 na na
10 59613.539350291981 0.006221771674 cfg1 2 2 0 0 na na
10 59613.553350300534 0.006222061787 cfg1 2 1 0 0 na na
10 59613.594350333330 0.006222948433 cfg1 2 1 0 0 na na
10 59613.611350236912 0.006223305047 cfg1 2 1 0 0 na na
10 59613.623350321598 0.006223544582 cfg1 2 1 0 0 na na
10 59613.624350265133 0.006223570656 cfg1 2 1 0 0 na na
10 59613.662350264487 0.006224382082 cfg1 2 1 0 0 na na
10 59613.699350304654 0.006225163416 cfg1 2 1 0 0 na na
10 59613.706350321482 0.006225289523 cfg1 2 1 0 0 na na
10 59613.727350347667 0.006225746563 cfg1 2 2 0 0 na na
10 59613.754350335622 0.006226318361 cfg1 2 2 0 0 na na
10 59613.812350306167 0.006227533692 cfg1 2 1 0 0 na na
10 59613.827350351285 0.006227877618 cfg1 2 1 0 0 na na
10 59613.867350261314 0.006228700702 cfg1 2 1 0 0 na na
10 59613.887350328985 0.006229144528 cfg1 2 1 0 0 na na
10 59613.892350273572 0.006229253462 cfg1 2 1 0 0 na na
10 59613.967350317907 0.006230836474 cfg1 2 2 0 0 na na
10 59613.992350320145 0.006231376022 cfg1 2 1 0 0 na na
10 59614.007350275977 0.006231688817 cfg1 2 1 0 0 na na
10 59614.014350315533 0.006231848489 cfg1 2 1 0 0 na na
10 59614.019350367661 0.006231954172 cfg1 2 1 0 0 na na
10 59614.092350302078 0.006233491325 cfg1 2 1 0 0 na na
10 59614.117350262252 0.006234037080 cfg1 2 1 0 0 na na
10 59614.137350340482 0.006234452290 cfg1 2 2 0 0 na na
10 59614.162350294147 0.006234990081 cfg1 2 1 0 0 na na
10 59614.165350303908 0.006235061669 cfg1 2 1 0 0 na na
10 59614.181350276351 0.006235393244 cfg1 2 1 0 0 na na
10 59614.220350367968 0.006236220835 cfg1 2 2 0 0 na na
10 59614.222350280386 0.006236275226 cfg1 2 1 0 0 na na
10 59614.227350301167 0.006236361532 cfg1 2 1 0 0 na na
10 59614.241350362221 0.006236664321 cfg1 2 1 0 0 na na
10 59614.268350296058 0.006237239129 cfg1 2 1 0 0 na na
10 59614.272350275563 0.006237332708 cfg1 2 1 0 0 na na
10 59614.301350329760 0.006237938216 cfg1 2 1 0 0 na na
10 59614.314350309215 0.006238241711 cfg1 2 1 0 0 na na
10 59614.323350260479 0.006238411486 cfg1 2 1 0 0 na na
10 59614.332350334274 0.006238623195 cfg1 2 1 0 0 na na
10 59614.334350319853 0.006238663272 cfg1 2 1 0 0 na na
10 59614.336350336027 0.006238707129 cfg1 2 1 0 0 na na
10 59614.371350263048 0.006239440524 cfg1 2 1 0 0 na na
10 59614.395350289519 0.006239958503 cfg1 2 1 0 0 na na
10 59614.411350279015 0.006240299007 cfg1 2 1 0 0 na na
10 59614.420350290651 0.006240502351 cfg1 2 1 0 0 na na
10 59614.430350294616 0.006240704744 cfg1 2 2 0 0 na na
10 59614.441350296433 0.006240952891 cfg1 2 1 0 0 na na
10 59614.453350295502 0.006241192076 cfg1 2 1 0 0 na na
10 59614.465350280274 0.006241453450 cfg1 2 2 0 0 na na
10 59614.489350265842 0.006241953434 cfg1 2 1 0 0 na na
10 59614.500350360966 0.006242192317 cfg1 2 1 0 0 na na
10 59614.510350343887 0.006242416449 cfg1 2 2 0 0 na na
10 59614.517350292808 0.006242566964 cfg1 2 1 0 0 na na
10 59614.527350269646 0.006242780385 cfg1 2 2 0 0 na na
10 59614.548350298043 0.006243245354 cfg1 2 1 0 0 na na
10 59614.607350317452 0.006244506784 cfg1 2 1 0 0 na na
10 59614.616350303052 0.006244672914 cfg1 2 1 0 0 na na
10 59614.694350338778 0.006246362949 cfg1 2 1 0 0 na na
10 59614.698350280403 0.006246444974 cfg1 2 1 0 0 na na
10 59614.705350277714 0.006246591565 cfg1 2 1 0 0 na na
10 59614.721350336065 0.006246940183 cfg1 2 2 0 0 na na
10 59614.804350294510 0.006248724482 cfg1 2 1 0 0 na na
10 59614.824350281595 0.006249146509 cfg1 2 1 0 0 na na
10 59614.844350327042 0.006249581940 cfg1 2 1 0 0 na na
10 59614.853350315237 0.006249777487 cfg1 2 1 0 0 na na
10 59614.886350330901 0.006250495950 cfg1 2 1 0 0 na na
10 59614.897350323204 0.006250718752 cfg1 2 1 0 0 na na
10 59614.913350276795 0.006251081168 cfg1 2 1 0 0 na na
10 59614.967350242699 0.006252239333 cfg1 2 1 0 0 na na
10 59614.991350374542 0.006252758459 cfg1 2 1 0 0 na na
10 59614.997350334728 0.006252865632 cfg1 2 1 0 0 na na
10 59615.012350279960 0.006253187523 cfg1 2 1 0 0 na na
10 59615.047350304950 0.006253955502 cfg1 2 1 0 0 na na
10 59615.053350366427 0.006254081616 cfg1 2 1 0 0 na na
10 59615.083350328402 0.006254725917 cfg1 2 1 0 0 na na
10 59615.126350286527 0.006255661002 cfg1 2 1 0 0 na na
10 59615.147350292750 0.006256112076 cfg1 2 1 0 0 na na
10 59615.174350318862 0.006256684031 cfg1 2 1 0 0 na na
10 59615.230350297343 0.006257895365 cfg1 2 1 0 0 na na
10 59615.237350285620 0.006258058906 cfg1 2 2 0 0 na na
10 59615.251350308953 0.006258354166 cfg1 2 1 0 0 na na
10 59615.304350289225 0.006259494998 cfg1 2 1 0 0 na na
10 59615.305350310524 0.006259542970 cfg1 2 1 0 0 na na
10 59615.324350330749 0.006259932331 cfg1 2 1 0 0 na na
10 59615.348350254917 0.006260456849 cfg1 2 1 0 0 na na
10 59615.389350307837 0.006261351145 cfg1 2 1 0 0 na na
10 59615.435350304758 0.006262338384 cfg1 2 1 0 0 na na
10 59615.440350283921 0.006262446947 cfg1 2 1 0 0 na na
10 59615.441350298012 0.006262486468 cfg1 2 1 0 0 na na
10 59615.461350335060 0.006262914998 cfg1 2 1 0 0 na na
10 59615.467350316714 0.006263042984 cfg1 2 1 0 0 na na
10 59615.488350300252 0.006263510511 cfg1 2 1 0 0 na na
10 59615.506350328969 0.006263883162 cfg1 2 1 0 0 na na
10 59615.518350310363 0.006264139391 cfg1 2 1 0 0 na na
10 59615.558350272464 0.006265010875 cfg1 2 1 0 0 na na
10 59615.568350267489 0.006265243686 cfg1 2 1 0 0 na na
10 59615.573350303780 0.006265327497 cfg1 2 1 0 0 na na
10 59615.579350309795 0.006265477247 cfg1 2 1 0 0 na na
10 59615.588350283743 0.006265663961 cfg1 2 1 0 0 na na
10 59615.589350315533 0.006265682208 cfg1 2 1 0 0 na na
10 59615.599350302073 0.006265915576 cfg1 2 1 0 0 na na
10 59615.602350365577 0.006265968473 cfg1 2 1 0 0 na na
10 59615.633350346260 0.006266645836 cfg1 2 1 0 0 na na
10 59615.647350292514 0.006266961223 cfg1 2 1 0 0 na na
10 59615.675350339504 0.006267570473 cfg1 2 1 0 0 na na
10 59615.721350341597 0.006268575029 cfg1 2 1 0 0 na na
10 59615.753350294937 0.006269250939 cfg1 2 1 0 0 na na
10 59615.827350300562 0.006270877930 cfg1 2 1 0 0 na na
10 59615.852350316745 0.006271405080 cfg1 2 1 0 0 na na
10 59615.874350279198 0.006271895100 cfg1 2 1 0 0 na na
10 59615.884350296890 0.006272099135 cfg1 2 1 0 0 na na
10 59615.892350279774 0.006272291869 cfg1 2 1 0 0 na na
10 59615.914350296872 0.006272769734 cfg1 2 1 0 0 na na
10 59615.929350312497 0.006273100423 cfg1 2 1 0 0 na na
10 59615.966350293571 0.006273895452 cfg1 2 1 0 0 na na
10 59615.967350305653 0.006273929040 cfg1 2 1 0 0 na na
10 59615.972350332138 0.006274019469 cfg1 2 1 0 0 na na
10 59616.022350338157 0.006275133342 cfg1 2 1 0 0 na na
10 59616.030350349055 0.006275287638 cfg1 2 1 0 0 na na
10 59616.051350300460 0.006275772118 cfg1 2 1 0 0 na na
10 59616.097350329784 0.006276774801 cfg1 2 1 0 0 na na
10 59616.127350267936 0.006277419428 cfg1 2 1 0 0 na na
10 59616.154350298147 0.006278009213 cfg1 2 1 0 0 na na
10 59616.202350293885 0.006279063038 cfg1 2 1 0 0 na na
10 59616.222350252534 0.006279519141 cfg1 2 1 0 0 na na
10 59616.226350303618 0.006279592575 cfg1 2 1 0 0 na na
10 59616.228350299140 0.006279625040 cfg1 2 1 0 0 na na
10 59616.237350308875 0.006279845521 cfg1 2 1 0 0 na na
10 59616.244350273611 0.006279974225 cfg1 2 1 0 0 na na
10 59616.266350326551 0.006280459040 cfg1 2 1 0 0 na na
10 59616.273350310391 0.006280608908 cfg1 2 1 0 0 na na
10 59616.286350315120 0.006280911347 cfg1 2 1 0 0 na na
10 59616.301350269964 0.006281221859 cfg1 2 1 0 0 na na
10 59616.317350306143 0.006281588579 cfg1 2 1 0 0 na na
10 59616.318350272602 0.006281609132 cfg1 2 1 0 0 na na
10 59616.328350336135 0.006281818644 cfg1 2 1 0 0 na na
10 59616.353350291054 0.006282377423 cfg1 2 1 0 0 na na
10 59616.360350329049 0.006282544248 cfg1 2 1 0 0 na na
10 59616.382350323687 0.006283028895 cfg1 2 1 0 0 na na
10 59616.419350251064 0.006283830789 cfg1 2 1 0 0 na na
10 59616.445350311301 0.006284387916 cfg1 2 1 0 0 na na
10 59616.473350353611 0.006285021812 cfg1 2 1 0 0 na na
10 59616.501350336216 0.006285621326 cfg1 2 1 0 0 na na
10 59616.511350297800 0.006285861809 cfg1 2 1 0 0 na na
10 59616.561350296954 0.006286946344 cfg1 2 1 0 0 na na
10 59616.570350285535 0.006287150988 cfg1 2 1 0 0 na na
10 59616.576350324372 0.006287284266 cfg1 2 1 0 0 na na
10 59616.605350300379 0.006287929134 cfg1 2 1 0 0 na na
10 59616.622350311245 0.006288285971 cfg1 2 1 0 0 na na
10 59616.637350310267 0.006288622655 cfg1 2 1 0 0 na na
10 59616.659350274637 0.006289120697 cfg1 2 1 0 0 na na
10 59616.665350347304 0.006289250363 cfg1 2 1 0 0 na na
10 59616.674350318022 0.006289436434 cfg1 2 1 0 0 na na
10 59616.704350338004 0.006290092953 cfg1 2 1 0 0 na na
10 59616.740350311731 0.006290907859 cfg1 2 1 0 0 na na
10 59616.760350316746 0.006291335644 cfg1 2 1 0 0 na na
10 59616.765350346533 0.006291457527 cfg1 2 1 0 0 na na
10 59616.793350299169 0.006292075344 cfg1 2 1 0 0 na na
10 59616.838350358402 0.006293055814 cfg1 2 1 0 0 na na
10 59616.853350256565 0.006293390302 cfg1 2 1 0 0 na na
10 59616.882350324846 0.006294033202 cfg1 2 1 0 0 na na
10 59616.886350310030 0.006294133893 cfg1 2 1 0 0 na na
10 59616.890350292467 0.006294211842 cfg1 2 1 0 0 na na
10 59616.893350282078 0.006294274731 cfg1 2 1 0 0 na na
10 59616.926350264065 0.006294998058 cfg1 2 1 0 0 na na
10 59616.927350342565 0.006295016432 cfg1 2 1 0 0 na na
10 59616.933350286691 0.006295166568 cfg1 2 1 0 0 na na
10 59616.949350334120 0.006295509147 cfg1 2 1 0 0 na na
10 59616.954350308389 0.006295617841 cfg1 2 1 0 0 na na
10 59617.001350290588 0.006296678478 cfg1 2 1 0 0 na na
10 59617.034350336835 0.006297408127 cfg1 2 1 0 0 na na
10 59617.042350332323 0.006297578834 cfg1 2 1 0 0 na na
10 59617.050350338878 0.006297749989 cfg1 2 1 0 0 na na
10 59617.069350355935 0.006298172454 cfg1 2 1 0 0 na na
10 59617.080350242753 0.006298430475 cfg1 2 1 0 0 na na
10 59617.095350308804 0.006298737757 cfg1 2 1 0 0 na na
10 59617.200350337395 0.006301071378 cfg1 2 1 0 0 na na
10 59617.279350328489 0.006302834418 cfg1 2 1 0 0 na na
10 59617.300350265859 0.006303314305 cfg1 2 1 0 0 na na
10 59617.326350284482 0.006303871405 cfg1 2 1 0 0 na na
10 59617.349350289529 0.006304399086 cfg1 2 1 0 0 na na
10 59617.368350318613 0.006304814277 cfg1 2 1 0 0 na na
10 59617.370350264405 0.006304860806 cfg1 2 1 0 0 na na
10 59617.373350292153 0.006304926333 cfg1 2 1 0 0 na na
10 59617.390350318670 0.006305299903 cfg1 2 1 0 0 na na
10 59617.416350322460 0.006305882248 cfg1 2 2 0 0 na na
10 59617.426350279103 0.006306115314 cfg1 2 1 0 0 na na
10 59617.452350333355 0.006306697471 cfg1 2 1 0 0 na na
10 59617.478350289649 0.006307269943 cfg1 2 1 0 0 na na
10 59617.500350305043 0.006307753343 cfg1 2 1 0 0 na na
10 59617.504350302259 0.006307842899 cfg1 2 2 0 0 na na
10 59617.513350255322 0.006308036519 cfg1 2 1 0 0 na na
10 59617.517350290762 0.006308132609 cfg1 2 1 0 0 na na
10 59617.578350259701 0.006309491202 cfg1 2 1 0 0 na na
10 59617.588350323521 0.006309715342 cfg1 2 1 0 0 na na
10 59617.655350313645 0.006311227894 cfg1 2 1 0 0 na na
10 59617.657350364938 0.006311250612 cfg1 2 1 0 0 na na
10 59617.685350327793 0.006311869000 cfg1 2 1 0 0 na na
10 59617.690350316260 0.006312001240 cfg1 2 1 0 0 na na
10 59617.709350288084 0.006312433646 cfg1 2 1 0 0 na na
10 59617.724350338736 0.006312755752 cfg1 2 1 0 0 na na
10 59617.728350284193 0.006312834080 cfg1 2 1 0 0 na na
10 59617.746350306005 0.006313259718 cfg1 2 1 0 0 na na
10 59617.760350291583 0.006313570260 cfg1 2 1 0 0 na na
10 59617.772350313636 0.006313814109 cfg1 2 1 0 0 na na
10 59617.799350278603 0.006314437717 cfg1 2 1 0 0 na na
10 59617.816350308464 0.006314803332 cfg1 2 1 0 0 na na
10 59617.826350256132 0.006315038140 cfg1 2 1 0 0 na na
10 59617.838350240809 0.006315315748 cfg1 2 1 0 0 na na
10 59617.842350265378 0.006315390451 cfg1 2 1 0 0 na na
10 59617.899350268427 0.006316658877 cfg1 2 1 0 0 na na
10 59617.903350303396 0.006316750818 cfg1 2 1 0 0 na na
10 59617.905350341735 0.006316814769 cfg1 2 1 0 0 na na
10 59617.910350289309 0.006316931270 cfg1 2 1 0 0 na na
10 59617.914350286632 0.006317011500 cfg1 2 1 0 0 na na
10 59617.930350297315 0.006317363729 cfg1 2 1 0 0 na na
10 59617.936350350055 0.006317503765 cfg1 2 1 0 0 na na
10 59617.961350357663 0.006318049675 cfg1 2 1 0 0 na na
10 59617.996350338358 0.006318845026 cfg1 2 1 0 0 na na
10 59618.022350243926 0.006319441800 cfg1 2 1 0 0 na na
10 59618.035350294718 0.006319718455 cfg1 2 1 0 0 na na
10 59618.044350342337 0.006319938514 cfg1 2 1 0 0 na na
10 59618.052350352360 0.006320097309 cfg1 2 1 0 0 na na
10 59618.055350284796 0.006320181678 cfg1 2 1 0 0 na na
10 59618.082350257274 0.006320776600 cfg1 2 1 0 0 na na
10 59618.090350288936 0.006320964022 cfg1 2 1 0 0 na na
10 59618.096350286367 0.006321093857 cfg1 2 1 0 0 na na
10 59618.120350322465 0.006321641649 cfg1 2 1 0 0 na na
10 59618.122350319290 0.006321672199 cfg1 2 1 0 0 na na
10 59618.136350244050 0.006321998035 cfg1 2 1 0 0 na na
10 59618.179350331980 0.006322942498 cfg1 2 1 0 0 na na
10 59618.188350275298 0.006323170079 cfg1 2 1 0 0 na na
10 59618.209350334489 0.006323624319 cfg1 2 1 0 0 na na
10 59618.218350239117 0.006323847810 cfg1 2 1 0 0 na na
10 59618.220350345813 0.006323893588 cfg1 2 1 0 0 na na
10 59618.238350301272 0.006324278992 cfg1 2 1 0 0 na na
10 59618.255350365025 0.006324664556 cfg1 2 1 0 0 na na
10 59618.268350259692 0.006324951943 cfg1 2 1 0 0 na na
10 59618.274350256173 0.006325090549 cfg1 2 1 0 0 na na
10 59618.286350304246 0.006325351583 cfg1 2 1 0 0 na na
10 59618.287350300809 0.006325378042 cfg1 2 1 0 0 na na
10 59618.300350276378 0.006325666959 cfg1 2 1 0 0 na na
10 59618.325350361229 0.006326243001 cfg1 2 1 0 0 na na
10 59618.339350331750 0.006326559998 cfg1 2 1 0 0 na na
10 59618.348350294478 0.006326748665 cfg1 2 1 0 0 na na
10 59618.349350303340 0.006326798435 cfg1 2 1 0 0 na na
10 59618.354350315521 0.006326882149 cfg1 2 1 0 0 na na
10 59618.361350328361 0.006327068072 cfg1 2 1 0 0 na na
10 59618.362350337076 0.006327066251 cfg1 2 1 0 0 na na
10 59618.376350332928 0.006327392562 cfg1 2 1 0 0 na na
10 59618.382350365668 0.006327524576 cfg1 2 1 0 0 na na
10 59618.392350303985 0.006327756777 cfg1 2 1 0 0 na na
10 59618.404350297661 0.006328016226 cfg1 2 1 0 0 na na
10 59618.430350265826 0.006328615558 cfg1 2 1 0 0 na na
10 59618.444350303482 0.006328930930 cfg1 2 1 0 0 na na
10 59618.450350262485 0.006329054254 cfg1 2 1 0 0 na na
10 59618.498350267917 0.006330154751 cfg1 2 1 0 0 na na
10 59618.506350332689 0.006330333244 cfg1 2 1 0 0 na na
10 59618.512350294785 0.006330447992 cfg1 2 1 0 0 na na
10 59618.526350287286 0.006330767134 cfg1 2 1 0 0 na na
10 59618.549350320428 0.006331285456 cfg1 2 1 0 0 na na
10 59618.554350304505 0.006331407080 cfg1 2 1 0 0 na na
10 59618.557350333892 0.006331473886 cfg1 2 1 0 0 na na
10 59618.559350315078 0.006331516432 cfg1 2 1 0 0 na na
10 59618.563350265672 0.006331609562 cfg1 2 1 0 0 na na
10 59618.567350274843 0.006331710675 cfg1 2 1 0 0 na na
10 59618.599350316042 0.006332433253 cfg1 2 1 0 0 na na
10 59618.603350244228 0.006332527603 cfg1 2 1 0 0 na na
10 59618.610350299182 0.006332665178 cfg1 2 1 0 0 na na
10 59618.613350310861 0.006332743794 cfg1 2 1 0 0 na na
10 59618.616350260909 0.006332806146 cfg1 2 1 0 0 na na
10 59618.618350249857 0.006332865701 cfg1 2 1 0 0 na na
10 59618.627350303630 0.006333063285 cfg1 2 1 0 0 na na
10 59618.637350324184 0.006333272408 cfg1 2 1 0 0 na na
10 59618.650350328240 0.006333591546 cfg1 2 1 0 0 na na
10 59618.655350343990 0.006333695759 cfg1 2 1 0 0 na na
10 59618.660350282494 0.006333795023 cfg1 2 1 0 0 na na
10 59618.663350339786 0.006333872335 cfg1 2 1 0 0 na na
10 59618.734350302684 0.006335491736 cfg1 2 1 0 0 na na
10 59618.757350295604 0.006336001823 cfg1 2 1 0 0 na na
10 59618.799350320401 0.006336966753 cfg1 2 1 0 0 na na
10 59618.800350332669 0.006336972315 cfg1 2 1 0 0 na na
10 59618.804350304855 0.006337075967 cfg1 2 1 0 0 na na
10 59618.808350305129 0.006337163755 cfg1 2 1 0 0 na na
10 59618.814350293162 0.006337302381 cfg1 2 1 0 0 na na
10 59618.827350279683 0.006337594746 cfg1 2 1 0 0 na na
10 59618.837350317238 0.006337803227 cfg1 2 1 0 0 na na
10 59618.838350327414 0.006337826308 cfg1 2 1 0 0 na na
10 59618.845350253656 0.006337998123 cfg1 2 1 0 0 na na
10 59618.857350354582 0.006338278352 cfg1 2 1 0 0 na na
10 59618.877350333725 0.006338722895 cfg1 2 1 0 0 na na
10 59618.916350302593 0.006339600233 cfg1 2 1 0 0 na na
10 59618.928350256477 0.006339880390 cfg1 2 1 0 0 na na
10 59618.956350314606 0.006340525110 cfg1 2 1 0 0 na na
10 59618.982350325820 0.006341111756 cfg1 2 1 0 0 na na
10 59618.991350304041 0.006341312342 cfg1 2 1 0 0 na na
10 59619.003350253607 0.006341587320 cfg1 2 1 0 0 na na
10 59619.009350338130 0.006341713889 cfg1 2 1 0 0 na na
10 59619.020350264537 0.006341983260 cfg1 2 1 0 0 na na
10 59619.041350327687 0.006342434619 cfg1 2 1 0 0 na na
10 59619.050350271097 0.006342667856 cfg1 2 1 0 0 na na
10 59619.056350326740 0.006342802960 cfg1 2 1 0 0 na na
10 59619.059350287566 0.006342870956 cfg1 2 1 0 0 na na
10 59619.068350291233 0.006343049438 cfg1 2 1 0 0 na na
10 59619.072350269457 0.006343161347 cfg1 2 1 0 0 na na
10 59619.095350342660 0.006343668422 cfg1 2 1 0 0 na na
10 59619.112350297420 0.006344060441 cfg1 2 1 0 0 na na
10 59619.117350300376 0.006344181105 cfg1 2 1 0 0 na na
10 59619.130350349536 0.006344469399 cfg1 2 1 0 0 na na
10 59619.141350322165 0.006344726535 cfg1 2 1 0 0 na na
10 59619.144350350630 0.006344797401 cfg1 2 1 0 0 na na
10 59619.168350260115 0.006345350303 cfg1 2 1 0 0 na na
10 59619.223350292822 0.006346600380 cfg1 2 1 0 0 na na
10 59619.233350291375 0.006346812684 cfg1 2 1 0 0 na na
10 59619.236350247764 0.006346894156 cfg1 2 1 0 0 na na
10 59619.239350318461 0.006346945106 cfg1 2 1 0 0 na na
10 59619.277350365250 0.006347816128 cfg1 2 1 0 0 na na
10 59619.292350314545 0.006348168119 cfg1 2 1 0 0 na na
10 59619.299350262446 0.006348314282 cfg1 2 1 0 0 na na
10 59619.310350264437 0.006348574849 cfg1 2 1 0 0 na na
10 59619.316350261110 0.006348705951 cfg1 2 1 0 0 na na
10 59619.339350313433 0.006349232903 cfg1 2 1 0 0 na na
10 59619.345350274066 0.006349388726 cfg1 2 1 0 0 na na
10 59619.390350319257 0.006350402512 cfg1 2 1 0 0 na na
10 59619.416350306114 0.006350994985 cfg1 2 1 0 0 na na
10 59619.442350302656 0.006351597568 cfg1 2 1 0 0 na na
10 59619.445350346352 0.006351648737 cfg1 2 1 0 0 na na
10 59619.452350336592 0.006351817367 cfg1 2 1 0 0 na na
10 59619.459350274443 0.006351976947 cfg1 2 1 0 0 na na
10 59619.461350290750 0.006352017624 cfg1 2 1 0 0 na na
10 59619.463350252222 0.006352069576 cfg1 2 1 0 0 na na
10 59619.490350294767 0.006352675447 cfg1 2 1 0 0 na na
10 59619.497350256156 0.006352848036 cfg1 2 1 0 0 na na
10 59619.501350293315 0.006352932912 cfg1 2 1 0 0 na na
10 59619.525350263867 0.006353478077 cfg1 2 1 0 0 na na
10 59619.550350362961 0.006354066953 cfg1 2 1 0 0 na na
10 59619.553350326470 0.006354121035 cfg1 2 1 0 0 na na
10 59619.616350358173 0.006355555829 cfg1 2 1 0 0 na na
10 59619.626350281558 0.006355786476 cfg1 2 1 0 0 na na
10 59619.627350337796 0.006355813859 cfg1 2 1 0 0 na na
10 59619.653350320502 0.006356421921 cfg1 2 1 0 0 na na
10 59619.678350325733 0.006356977700 cfg1 2 1 0 0 na na
10 59619.701350247020 0.006357524817 cfg1 2 1 0 0 na na
10 59619.710350294974 0.006357717333 cfg1 2 1 0 0 na na
10 59619.716350316880 0.006357860907 cfg1 2 1 0 0 na na
10 59619.725350328575 0.006358063095 cfg1 2 1 0 0 na na
10 59619.736350334094 0.006358319112 cfg1 2 1 0 0 na na
10 59619.758350260291 0.006358816558 cfg1 2 1 0 0 na na
10 59619.768350313954 0.006359050295 cfg1 2 1 0 0 na na
10 59619.818350302269 0.006360202992 cfg1 2 1 0 0 na na
10 59619.849350326495 0.006360910173 cfg1 2 1 0 0 na na
10 59619.854350313579 0.006361023165 cfg1 2 1 0 0 na na
10 59619.873350271923 0.006361455323 cfg1 2 1 0 0 na na
10 59619.919350376263 0.006362529150 cfg1 2 1 0 0 na na
10 59619.928350253877 0.006362728192 cfg1 2 1 0 0 na na
10 59619.968350348427 0.006363634597 cfg1 2 1 0 0 na na
10 59619.977350362015 0.006363855812 cfg1 2 1 0 0 na na
10 59619.979350307596 0.006363902056 cfg1 2 1 0 0 na na
10 59619.987350352090 0.006364095399 cfg1 2 1 0 0 na na
10 59619.992350308512 0.006364191749 cfg1 2 1 0 0 na na
10 59619.997350320292 0.006364305916 cfg1 2 1 0 0 na na
10 59620.023350365437 0.006364910622 cfg1 2 1 0 0 na na
10 59620.025350336547 0.006364971581 cfg1 2 1 0 0 na na
10 59620.051350289880 0.006365543491 cfg1 2 1 0 0 na na
10 59620.059350369885 0.006365744509 cfg1 2 1 0 0 na na
10 59620.071350327195 0.006366019680 cfg1 2 1 0 0 na na
10 59620.105350304975 0.006366809343 cfg1 2 1 0 0 na na
10 59620.124350356596 0.006367241780 cfg1 2 1 0 0 na na
10 59620.136350304627 0.006367529120 cfg1 2 1 0 0 na na
10 59620.150350324297 0.006367846756 cfg1 2 1 0 0 na na
10 59620.158350278226 0.006368035438 cfg1 2 1 0 0 na na
10 59620.178350322861 0.006368473902 cfg1 2 1 0 0 na na
10 59620.183350339040 0.006368593512 cfg1 2 1 0 0 na na
10 59620.193350333203 0.006368834323 cfg1 2 1 0 0 na na
10 59620.199350332377 0.006368968997 cfg1 2 1 0 0 na na
10 59620.204350329540 0.006369088736 cfg1 2 1 0 0 na na
10 59620.213350353876 0.006369283684 cfg1 2 1 0 0 na na
10 59620.221350275810 0.006369472861 cfg1 2 1 0 0 na na
10 59620.235350328453 0.006369812741 cfg1 2 1 0 0 na na
10 59620.242350265391 0.006369960901 cfg1 2 1 0 0 na na
10 59620.253350280366 0.006370201403 cfg1 2 1 0 0 na na
10 59620.284350300321 0.006370920072 cfg1 2 1 0 0 na na
10 59620.285350330897 0.006370960602 cfg1 2 1 0 0 na na
10 59620.289350373698 0.006371050026 cfg1 2 1 0 0 na na
10 59620.299350349956 0.006371274895 cfg1 2 1 0 0 na na
10 59620.304350324190 0.006371378540 cfg1 2 1 0 0 na na
10 59620.339350374199 0.006372209652 cfg1 2 1 0 0 na na
10 59620.343350242084 0.006372299793 cfg1 2 1 0 0 na na
10 59620.358350370235 0.006372627540 cfg1 2 1 0 0 na na
10 59620.362350286972 0.006372731196 cfg1 2 1 0 0 na na
10 59620.391350330917 0.006373402989 cfg1 2 1 0 0 na na
10 59620.392350300634 0.006373418399 cfg1 2 1 0 0 na na
10 59620.398350274139 0.006373561384 cfg1 2 1 0 0 na na
10 59620.405350330777 0.006373714370 cfg1 2 1 0 0 na na
10 59620.410350282490 0.006373834246 cfg1 2 1 0 0 na na
10 59620.412350318991 0.006373892590 cfg1 2 1 0 0 na na
10 59620.417350324860 0.006374004589 cfg1 2 1 0 0 na na
10 59620.424350291227 0.006374151270 cfg1 2 1 0 0 na na
10 59620.457350288199 0.006374919638 cfg1 2 1 0 0 na na
10 59620.468350334091 0.006375180139 cfg1 2 1 0 0 na na
10 59620.478350295316 0.006375425990 cfg1 2 1 0 0 na na
10 59620.481350317212 0.006375499766 cfg1 2 1 0 0 na na
10 59620.496350298602 0.006375825547 cfg1 2 1 0 0 na na
10 59620.497350369726 0.006375845866 cfg1 2 1 0 0 na na
10 59620.534350327903 0.006376718108 cfg1 2 1 0 0 na na
10 59620.536350268897 0.006376768977 cfg1 2 1 0 0 na na
10 59620.565350324987 0.006377428771 cfg1 2 1 0 0 na na
10 59620.575350307291 0.006377673961 cfg1 2 1 0 0 na na
10 59620.592350349983 0.006378048268 cfg1 2 1 0 0 na na
10 59620.593350303668 0.006378089579 cfg1 2 1 0 0 na na
10 59620.602350325873 0.006378286843 cfg1 2 1 0 0 na na
10 59620.618350289110 0.006378643444 cfg1 2 1 0 0 na na
10 59620.643350344987 0.006379247688 cfg1 2 1 0 0 na na
10 59620.683350282726 0.006380171494 cfg1 2 1 0 0 na na
10 59620.688350349190 0.006380273633 cfg1 2 1 0 0 na na
10 59620.689350321952 0.006380305261 cfg1 2 1 0 0 na na
10 59620.730350296542 0.006381247692 cfg1 2 1 0 0 na na
10 59620.734350342061 0.006381359902 cfg1 2 1 0 0 na na
10 59620.735350282463 0.006381373012 cfg1 2 1 0 0 na na
10 59620.748350268961 0.006381666263 cfg1 2 1 0 0 na na
10 59620.750350331575 0.006381728118 cfg1 2 1 0 0 na na
10 59620.755350305963 0.006381831197 cfg1 2 1 0 0 na na
10 59620.760350320640 0.006381952589 cfg1 2 1 0 0 na na
10 59620.762350307401 0.006382010292 cfg1 2 1 0 0 na na
10 59620.768350330469 0.006382150250 cfg1 2 1 0 0 na na
10 59620.769350315396 0.006382173951 cfg1 2 1 0 0 na na
10 59620.807350349609 0.006383045584 cfg1 2 1 0 0 na na
10 59620.808350305816 0.006383074372 cfg1 2 1 0 0 na na
10 59620.812350288471 0.006383167544 cfg1 2 1 0 0 na na
10 59620.822350306683 0.006383401529 cfg1 2 1 0 0 na na
10 59620.831350327469 0.006383610570 cfg1 2 1 0 0 na na
10 59620.832350313887 0.006383625456 cfg1 2 1 0 0 na na
10 59620.838350304599 0.006383756274 cfg1 2 1 0 0 na na
10 59620.839350286975 0.006383797792 cfg1 2 1 0 0 na na
10 59620.845350285643 0.006383922704 cfg1 2 1 0 0 na na
10 59620.855350331949 0.006384165864 cfg1 2 1 0 0 na na
10 59620.857350334967 0.006384220051 cfg1 2 1 0 0 na na
10 59620.861350294396 0.006384305286 cfg1 2 1 0 0 na na
10 59620.868350288202 0.006384453675 cfg1 2 1 0 0 na na
10 59620.876350302225 0.006384645862 cfg1 2 1 0 0 na na
10 59620.896350274754 0.006385125879 cfg1 2 1 0 0 na na
10 59620.908350321964 0.006385393393 cfg1 2 1 0 0 na na
10 59620.914350341989 0.006385529109 cfg1 2 1 0 0 na na
10 59620.946350388535 0.006386289950 cfg1 2 1 0 0 na na
10 59620.947350281979 0.006386287094 cfg1 2 1 0 0 na na
10 59620.950350308588 0.006386360272 cfg1 2 1 0 0 na na
10 59620.990350321393 0.006387309969 cfg1 2 1 0 0 na na
10 59620.993350295794 0.006387360991 cfg1 2 1 0 0 na na
10 59620.994350342905 0.006387383951 cfg1 2 1 0 0 na na
10 59621.067350296557 0.006389100396 cfg1 2 1 0 0 na na
10 59621.071350320280 0.006389186303 cfg1 2 1 0 0 na na
10 59621.079350300598 0.006389379920 cfg1 2 1 0 0 na na
10 59621.085350300331 0.006389521195 cfg1 2 1 0 0 na na
10 59621.115350318508 0.006390210331 cfg1 2 1 0 0 na na
10 59621.123350348322 0.006390402504 cfg1 2 1 0 0 na na
10 59621.135350286377 0.006390679744 cfg1 2 1 0 0 na na
10 59621.137350292763 0.006390719637 cfg1 2 1 0 0 na na
10 59621.140350303542 0.006390799764 cfg1 2 1 0 0 na na
10 59621.149350352070 0.006391006195 cfg1 2 1 0 0 na na
10 59621.151350347224 0.006391050854 cfg1 2 1 0 0 na na
10 59621.166350269256 0.006391394526 cfg1 2 1 0 0 na na
10 59621.176350301593 0.006391650339 cfg1 2 1 0 0 na na
10 59621.180350318118 0.006391731656 cfg1 2 1 0 0 na na
10 59621.181350312712 0.006391746735 cfg1 2 1 0 0 na na
10 59621.194350321763 0.006392072147 cfg1 2 1 0 0 na na
10 59621.206350319406 0.006392332651 cfg1 2 1 0 0 na na
10 59621.228350308123 0.006392847062 cfg1 2 1 0 0 na na
10 59621.253350314872 0.006393439217 cfg1 2 1 0 0 na na
10 59621.257350289400 0.006393532056 cfg1 2 1 0 0 na na
10 59621.277350375355 0.006394009267 cfg1 2 1 0 0 na na
10 59621.292350338632 0.006394341841 cfg1 2 1 0 0 na na
10 59621.295350278795 0.006394409759 cfg1 2 1 0 0 na na
10 59621.298350277644 0.006394488250 cfg1 2 1 0 0 na na
10 59621.301350270156 0.006394550969 cfg1 2 1 0 0 na na
10 59621.312350330593 0.006394815288 cfg1 2 1 0 0 na na
10 59621.318350299449 0.006394942439 cfg1 2 1 0 0 na na
10 59621.334350333785 0.006395341528 cfg1 2 1 0 0 na na
10 59621.339350332883 0.006395440420 cfg1 2 1 0 0 na na
10 59621.345350308402 0.006395594156 cfg1 2 1 0 0 na na
10 59621.357350258283 0.006395858421 cfg1 2 1 0 0 na na
10 59621.366350293204 0.006396092301 cfg1 2 1 0 0 na na
10 59621.367350252370 0.006396100181 cfg1 2 1 0 0 na na
10 59621.370350283922 0.006396159869 cfg1 2 1 0 0 na na
10 59621.381350317223 0.006396425317 cfg1 2 1 0 0 na na
10 59621.389350265216 0.006396607646 cfg1 2 1 0 0 na na
10 59621.392350284800 0.006396698365 cfg1 2 1 0 0 na na
10 59621.397350285422 0.006396802944 cfg1 2 1 0 0 na na
10 59621.403350257437 0.006396934465 cfg1 2 1 0 0 na na
10 59621.404350287963 0.006396957698 cfg1 2 1 0 0 na na
10 59621.405350315895 0.006396991314 cfg1 2 1 0 0 na na
10 59621.412350303923 0.006397159255 cfg1 2 1 0 0 na na
10 59621.433350287825 0.006397655748 cfg1 2 1 0 0 na na
10 59621.439350238847 0.006397797985 cfg1 2 1 0 0 na na
10 59621.454350270867 0.006398129546 cfg1 2 1 0 0 na na
10 59621.465350290191 0.006398393160 cfg1 2 1 0 0 na na
10 59621.493350305009 0.006399059602 cfg1 2 1 0 0 na na
10 59621.516350331267 0.006399590830 cfg1 2 1 0 0 na na
10 59621.519350326011 0.006399670671 cfg1 2 1 0 0 na na
10 59621.539350394009 0.006400129207 cfg1 2 1 0 0 na na
10 59621.575350368319 0.006400962637 cfg1 2 1 0 0 na na
10 59621.581350300015 0.006401125363 cfg1 2 1 0 0 na na
10 59621.586350321937 0.006401240754 cfg1 2 1 0 0 na na
10 59621.622350305107 0.006402084460 cfg1 2 1 0 0 na na
10 59621.635350304476 0.006402394253 cfg1 2 1 0 0 na na
10 59621.640350338638 0.006402488617 cfg1 2 1 0 0 na na
10 59621.642350314382 0.006402545634 cfg1 2 1 0 0 na na
10 59621.660350299086 0.006402974241 cfg1 2 1 0 0 na na
10 59621.665350342605 0.006403077611 cfg1 2 1 0 0 na na
10 59621.673350256189 0.006403265791 cfg1 2 1 0 0 na na
10 59621.696350308019 0.006403803251 cfg1 2 1 0 0 na na
10 59621.698350326927 0.006403846366 cfg1 2 1 0 0 na na
10 59621.715350319146 0.006404254198 cfg1 2 1 0 0 na na
10 59621.723350308913 0.006404455127 cfg1 2 1 0 0 na na
10 59621.743350292309 0.006404914247 cfg1 2 1 0 0 na na
10 59621.748350349453 0.006405040188 cfg1 2 1 0 0 na na
10 59621.750350303054 0.006405080061 cfg1 2 1 0 0 na na
10 59621.756350286315 0.006405208457 cfg1 2 1 0 0 na na
10 59621.761350283494 0.006405337610 cfg1 2 1 0 0 na na
10 59621.763350256827 0.006405379997 cfg1 2 1 0 0 na na
10 59621.765350249290 0.006405437595 cfg1 2 1 0 0 na na
10 59621.766350292569 0.006405468567 cfg1 2 1 0 0 na na
10 59621.767350313160 0.006405470636 cfg1 2 1 0 0 na na
10 59621.768350334052 0.006405506434 cfg1 2 1 0 0 na na
10 59621.774350290424 0.006405639294 cfg1 2 1 0 0 na na
10 59621.779350283501 0.006405752477 cfg1 2 1 0 0 na na
10 59621.783350339781 0.006405847303 cfg1 2 1 0 0 na na
10 59621.784350335610 0.006405889200 cfg1 2 1 0 0 na na
10 59621.786350284833 0.006405941884 cfg1 2 1 0 0 na na
10 59621.788350319430 0.006405961304 cfg1 2 1 0 0 na na
10 59621.794350305363 0.006406110614 cfg1 2 1 0 0 na na
10 59621.804350266408 0.006406353418 cfg1 2 1 0 0 na na
10 59621.808350275566 0.006406441131 cfg1 2 1 0 0 na na
10 59621.811350312631 0.006406522276 cfg1 2 1 0 0 na na
10 59621.840350303853 0.006407204868 cfg1 2 1 0 0 na na
10 59621.842350348013 0.006407257908 cfg1 2 1 0 0 na na
10 59621.856350358548 0.006407584220 cfg1 2 1 0 0 na na
10 59621.858350324402 0.006407631752 cfg1 2 1 0 0 na na
10 59621.875350342720 0.006408015192 cfg1 2 1 0 0 na na
10 59621.878350319327 0.006408091823 cfg1 2 1 0 0 na na
10 59621.891350292306 0.006408393090 cfg1 2 1 0 0 na na
10 59621.897350290876 0.006408538953 cfg1 2 1 0 0 na na
10 59621.903350254475 0.006408677510 cfg1 2 1 0 0 na na
10 59621.904350364642 0.006408693701 cfg1 2 1 0 0 na na
10 59621.940350268516 0.006409552043 cfg1 2 1 0 0 na na
10 59621.944350304560 0.006409651056 cfg1 2 1 0 0 na na
10 59621.953350290289 0.006409863160 cfg1 2 1 0 0 na na
10 59621.969350240066 0.006410246754 cfg1 2 1 0 0 na na
10 59621.972350317691 0.006410309148 cfg1 2 1 0 0 na na
10 59621.992350240941 0.006410786004 cfg1 2 1 0 0 na na
10 59622.001350310695 0.006410997056 cfg1 2 1 0 0 na na
10 59622.004350286528 0.006411061444 cfg1 2 1 0 0 na na
10 59622.005350260159 0.006411086325 cfg1 2 1 0 0 na na
10 59622.006350338189 0.006411099263 cfg1 2 1 0 0 na na
10 59622.007350263848 0.006411118024 cfg1 2 1 0 0 na na
10 59622.024350263847 0.006411518224 cfg1 2 1 0 0 na na
10 59622.037350329694 0.006411852299 cfg1 2 1 0 0 na na
10 59622.047350289938 0.006412076245 cfg1 2 1 0 0 na na
10 59622.054350317162 0.006412241709 cfg1 2 1 0 0 na na
10 59622.068350275149 0.006412578927 cfg1 2 1 0 0 na na
10 59622.088350275089 0.006413039969 cfg1 2 1 0 0 na na
10 59622.097350333639 0.006413253260 cfg1 2 1 0 0 na na
10 59622.099350337270 0.006413311825 cfg1 2 1 0 0 na na
10 59622.105350290680 0.006413440336 cfg1 2 1 0 0 na na
10 59622.108350343335 0.006413523403 cfg1 2 1 0 0 na na
10 59622.109350288917 0.006413539101 cfg1 2 1 0 0 na na
10 59622.116350263960 0.006413688023 cfg1 2 1 0 0 na na
10 59622.124350298464 0.006413878257 cfg1 2 1 0 0 na na
10 59622.130350269891 0.006414037816 cfg1 2 1 0 0 na na
10 59622.144350320203 0.006414364516 cfg1 2 1 0 0 na na
10 59622.153350299958 0.006414588635 cfg1 2 1 0 0 na na
10 59622.157350309412 0.006414668868 cfg1 2 1 0 0 na na
10 59622.163350289640 0.006414822920 cfg1 2 1 0 0 na na
10 59622.165350273415 0.006414845445 cfg1 2 1 0 0 na na
10 59622.174350302978 0.006415069076 cfg1 2 1 0 0 na na
10 59622.185350286499 0.006415325093 cfg1 2 1 0 0 na na
10 59622.196350322853 0.006415600101 cfg1 2 1 0 0 na na
10 59622.202350285440 0.006415719753 cfg1 2 1 0 0 na na
10 59622.207350324247 0.006415836332 cfg1 2 1 0 0 na na
10 59622.212350272431 0.006415972400 cfg1 2 1 0 0 na na
10 59622.224350309693 0.006416263418 cfg1 2 1 0 0 na na
10 59622.227350273086 0.006416336524 cfg1 2 1 0 0 na na
10 59622.231350308638 0.006416422024 cfg1 2 1 0 0 na na
10 59622.245350311164 0.006416739803 cfg1 2 1 0 0 na na
10 59622.246350315647 0.006416786364 cfg1 2 1 0 0 na na
10 59622.254350314823 0.006416948418 cfg1 2 1 0 0 na na
10 59622.262350302562 0.006417153059 cfg1 2 1 0 0 na na
10 59622.297350353016 0.006417968018 cfg1 2 1 0 0 na na
10 59622.307350342572 0.006418215165 cfg1 2 1 0 0 na na
10 59622.308350291899 0.006418241649 cfg1 2 1 0 0 na na
10 59622.311350255863 0.006418300823 cfg1 2 1 0 0 na na
10 59622.317350312386 0.006418443095 cfg1 2 1 0 0 na na
10 59622.318350285905 0.006418478717 cfg1 2 1 0 0 na na
10 59622.319350336623 0.006418495919 cfg1 2 1 0 0 na na
10 59622.331350284788 0.006418768859 cfg1 2 1 0 0 na na
10 59622.336350277404 0.006418907820 cfg1 2 1 0 0 na na
10 59622.343350273813 0.006419061060 cfg1 2 1 0 0 na na
10 59622.349350310971 0.006419222228 cfg1 2 1 0 0 na na
10 59622.357350340230 0.006419389411 cfg1 2 1 0 0 na na
10 59622.364350298391 0.006419554312 cfg1 2 1 0 0 na na
10 59622.369350313166 0.006419685241 cfg1 2 1 0 0 na na
10 59622.373350307733 0.006419777846 cfg1 2 1 0 0 na na
10 59622.377350281125 0.006419884606 cfg1 2 1 0 0 na na
10 59622.394350280354 0.006420283176 cfg1 2 1 0 0 na na
10 59622.414350309205 0.006420746006 cfg1 2 1 0 0 na na
10 59622.417350350141 0.006420833134 cfg1 2 1 0 0 na na
10 59622.425350288203 0.006421005065 cfg1 2 1 0 0 na na
10 59622.434350306482 0.006421223324 cfg1 2 1 0 0 na na
10 59622.437350281307 0.006421294616 cfg1 2 1 0 0 na na
10 59622.460350280589 0.006421824043 cfg1 2 1 0 0 na na
10 59622.461350285523 0.006421858627 cfg1 2 1 0 0 na na
10 59622.462350320196 0.006421889910 cfg1 2 1 0 0 na na
10 59622.466350310627 0.006421981030 cfg1 2 1 0 0 na na
10 59622.470350254694 0.006422067236 cfg1 2 1 0 0 na na
10 59622.482350260806 0.006422346875 cfg1 2 1 0 0 na na
10 59622.490350278993 0.006422541012 cfg1 2 1 0 0 na na
10 59622.494350318215 0.006422628932 cfg1 2 1 0 0 na na
10 59622.498350262675 0.006422724142 cfg1 2 1 0 0 na na
10 59622.509350363278 0.006423006226 cfg1 2 1 0 0 na na
10 59622.511350313333 0.006423037833 cfg1 2 1 0 0 na na
10 59622.518350299431 0.006423201912 cfg1 2 1 0 0 na na
10 59622.546350262524 0.006423864299 cfg1 2 1 0 0 na na
10 59622.548350255352 0.006423916514 cfg1 2 1 0 0 na na
10 59622.565350314116 0.006424329455 cfg1 2 1 0 0 na na
10 59622.567350294215 0.006424379592 cfg1 2 1 0 0 na na
10 59622.569350276387 0.006424418573 cfg1 2 1 0 0 na na
10 59622.572350273521 0.006424504756 cfg1 2 1 0 0 na na
10 59622.582350283699 0.006424739359 cfg1 2 1 0 0 na na
10 59622.621350321218 0.006425651964 cfg1 2 1 0 0 na na
10 59622.632350255810 0.006425912581 cfg1 2 1 0 0 na na
10 59622.646350347262 0.006426254590 cfg1 2 1 0 0 na na
10 59622.647350350558 0.006426283537 cfg1 2 1 0 0 na na
10 59622.653350312901 0.006426407023 cfg1 2 1 0 0 na na
10 59622.655350344352 0.006426457953 cfg1 2 1 0 0 na na
10 59622.664350317320 0.006426688238 cfg1 2 1 0 0 na na
10 59622.666350262148 0.006426730705 cfg1 2 1 0 0 na na
10 59622.710350238495 0.006427778208 cfg1 2 1 0 0 na na
10 59622.713350298411 0.006427837724 cfg1 2 1 0 0 na na
10 59622.722350294291 0.006428059170 cfg1 2 1 0 0 na na
10 59622.726350326348 0.006428154783 cfg1 2 1 0 0 na na
10 59622.727350269915 0.006428171345 cfg1 2 1 0 0 na na
10 59622.737350281856 0.006428409920 cfg1 2 1 0 0 na na
10 59622.744350324219 0.006428589138 cfg1 2 1 0 0 na na
10 59622.746350321124 0.006428615008 cfg1 2 1 0 0 na na
10 59622.759350320312 0.006428920696 cfg1 2 1 0 0 na na
10 59622.774350289996 0.006429300012 cfg1 2 1 0 0 na na
10 59622.778350259213 0.006429377761 cfg1 2 1 0 0 na na
10 59622.788350341368 0.006429618366 cfg1 2 1 0 0 na na
10 59622.794350341745 0.006429772494 cfg1 2 1 0 0 na na
10 59622.795350321929 0.006429799631 cfg1 2 1 0 0 na na
10 59622.834350253887 0.006430713155 cfg1 2 1 0 0 na na
10 59622.836350298561 0.006430768703 cfg1 2 1 0 0 na na
10 59622.841350298970 0.006430874498 cfg1 2 1 0 0 na na
10 59622.855350297630 0.006431223477 cfg1 2 1 0 0 na na
10 59622.893350321980 0.006432125083 cfg1 2 1 0 0 na na
10 59622.897350294345 0.006432214330 cfg1 2 1 0 0 na na
10 59622.914350281645 0.006432611703 cfg1 2 1 0 0 na na
10 59622.927350296261 0.006432943404 cfg1 2 1 0 0 na na
10 59622.928350274446 0.006432950024 cfg1 2 1 0 0 na na
10 59622.952350260712 0.006433516033 cfg1 2 1 0 0 na na
10 59622.991350324719 0.006434446640 cfg1 2 1 0 0 na na
10 59622.994350260550 0.006434524090 cfg1 2 1 0 0 na na
10 59623.002350353619 0.006434728271 cfg1 2 1 0 0 na na
10 59623.003350282542 0.006434738592 cfg1 2 1 0 0 na na
10 59623.009350320800 0.006434883922 cfg1 2 1 0 0 na na
10 59623.019350236212 0.006435140729 cfg1 2 1 0 0 na na
10 59623.024350283201 0.006435253861 cfg1 2 1 0 0 na na
10 59623.025350338906 0.006435278632 cfg1 2 1 0 0 na na
10 59623.035350277626 0.006435522296 cfg1 2 1 0 0 na na
10 59623.043350282809 0.006435690787 cfg1 2 1 0 0 na na
10 59623.060350291108 0.006436108600 cfg1 2 1 0 0 na na
10 59623.061350266984 0.006436114963 cfg1 2 1 0 0 na na
10 59623.064350340897 0.006436208555 cfg1 2 1 0 0 na na
10 59623.068350340662 0.006436300923 cfg1 2 1 0 0 na na
10 59623.073350286363 0.006436418377 cfg1 2 1 0 0 na na
10 59623.078350332254 0.006436520213 cfg1 2 1 0 0 na na
10 59623.080350349163 0.006436592326 cfg1 2 1 0 0 na na
10 59623.100350305094 0.006437049280 cfg1 2 1 0 0 na na
10 59623.108350315677 0.006437263252 cfg1 2 1 0 0 na na
10 59623.112350293096 0.006437341478 cfg1 2 1 0 0 na na
10 59623.118350297181 0.006437483268 cfg1 2 1 0 0 na na
10 59623.123350259775 0.006437622501 cfg1 2 1 0 0 na na
10 59623.127350269179 0.006437693389 cfg1 2 1 0 0 na na
10 59623.137350276082 0.006437937360 cfg1 2 1 0 0 na na
10 59623.143350252198 0.006438084821 cfg1 2 1 0 0 na na
10 59623.145350300669 0.006438148398 cfg1 2 1 0 0 na na
10 59623.149350267056 0.006438218883 cfg1 2 1 0 0 na na
10 59623.158350321706 0.006438437688 cfg1 2 1 0 0 na na
10 59623.169350303688 0.006438697375 cfg1 2 1 0 0 na na
10 59623.172350266041 0.006438766013 cfg1 2 1 0 0 na na
10 59623.173350356671 0.006438799063 cfg1 2 1 0 0 na na
10 59623.198350254671 0.006439397175 cfg1 2 1 0 0 na na
10 59623.240350294461 0.006440408800 cfg1 2 1 0 0 na na
10 59623.250350275404 0.006440637905 cfg1 2 1 0 0 na na
10 59623.251350356740 0.006440660914 cfg1 2 1 0 0 na na
10 59623.252350272579 0.006440688395 cfg1 2 1 0 0 na na
10 59623.265350307058 0.006441001552 cfg1 2 1 0 0 na na
10 59623.270350363907 0.006441128515 cfg1 2 1 0 0 na na
10 59623.272350293782 0.006441156763 cfg1 2 1 0 0 na na
10 59623.286350318429 0.006441489984 cfg1 2 1 0 0 na na
10 59623.314350291419 0.006442186107 cfg1 2 1 0 0 na na
10 59623.316350251980 0.006442219947 cfg1 2 1 0 0 na na
10 59623.322350255168 0.006442361711 cfg1 2 1 0 0 na na
10 59623.324350281114 0.006442409302 cfg1 2 1 0 0 na na
10 59623.325350300207 0.006442450306 cfg1 2 1 0 0 na na
10 59623.331350320247 0.006442571383 cfg1 2 1 0 0 na na
10 59623.334350263074 0.006442650562 cfg1 2 1 0 0 na na
10 59623.346350322687 0.006442942757 cfg1 2 1 0 0 na na
10 59623.350350264750 0.006443022206 cfg1 2 1 0 0 na na
10 59623.351350247757 0.006443064029 cfg1 2 1 0 0 na na
10 59623.355350332743 0.006443161240 cfg1 2 1 0 0 na na
10 59623.362350322387 0.006443336024 cfg1 2 1 0 0 na na
10 59623.363350238434 0.006443358522 cfg1 2 1 0 0 na na
10 59623.369350262197 0.006443479628 cfg1 2 1 0 0 na na
10 59623.377350310686 0.006443675686 cfg1 2 1 0 0 na na
10 59623.386350293644 0.006443907786 cfg1 2 1 0 0 na na
10 59623.393350314875 0.006444076374 cfg1 2 1 0 0 na na
10 59623.397350267585 0.006444163664 cfg1 2 1 0 0 na na
10 59623.410350369945 0.006444484621 cfg1 2 1 0 0 na na
10 59623.414350281634 0.006444557825 cfg1 2 1 0 0 na na
10 59623.415350327857 0.006444600671 cfg1 2 1 0 0 na na
10 59623.433350300387 0.006445026801 cfg1 2 1 0 0 na na
10 59623.434350274060 0.006445049133 cfg1 2 1 0 0 na na
10 59623.437350311347 0.006445113171 cfg1 2 1 0 0 na na
10 59623.447350280896 0.006445369015 cfg1 2 1 0 0 na na
10 59623.452350305524 0.006445494064 cfg1 2 1 0 0 na na
10 59623.455350281694 0.006445563928 cfg1 2 1 0 0 na na
10 59623.466350308782 0.006445818890 cfg1 2 1 0 0 na na
10 59623.468350333442 0.006445856716 cfg1 2 1 0 0 na na
10 59623.469350278346 0.006445878967 cfg1 2 1 0 0 na na
10 59623.476350318785 0.006446043598 cfg1 2 1 0 0 na na
10 59623.485350294671 0.006446261949 cfg1 2 1 0 0 na na
10 59623.486350321416 0.006446303962 cfg1 2 1 0 0 na na
10 59623.495350322194 0.006446499943 cfg1 2 1 0 0 na na
10 59623.525350307404 0.006447217642 cfg1 2 1 0 0 na na
10 59623.531350266156 0.006447386178 cfg1 2 1 0 0 na na
10 59623.534350349377 0.006447452844 cfg1 2 1 0 0 na na
10 59623.542350295846 0.006447631305 cfg1 2 1 0 0 na na
10 59623.543350331827 0.006447659032 cfg1 2 1 0 0 na na
10 59623.549350372041 0.006447808697 cfg1 2 1 0 0 na na
10 59623.557350278742 0.006447994861 cfg1 2 1 0 0 na na
10 59623.560350267134 0.006448054849 cfg1 2 1 0 0 na na
10 59623.566350283966 0.006448215510 cfg1 2 1 0 0 na na
10 59623.578350250213 0.006448501682 cfg1 2 1 0 0 na na
10 59623.582350274892 0.006448589350 cfg1 2 1 0 0 na na
10 59623.583350325978 0.006448613063 cfg1 2 1 0 0 na na
10 59623.591350278811 0.006448805223 cfg1 2 1 0 0 na na
10 59623.606350336554 0.006449167204 cfg1 2 1 0 0 na na
10 59623.610350290133 0.006449258602 cfg1 2 1 0 0 na na
10 59623.611350296566 0.006449294012 cfg1 2 1 0 0 na na
10 59623.618350256292 0.006449469723 cfg1 2 1 0 0 na na
10 59623.629350290037 0.006449723261 cfg1 2 1 0 0 na na
10 59623.632350298132 0.006449799130 cfg1 2 1 0 0 na na
10 59623.638350304417 0.006449939203 cfg1 2 1 0 0 na na
10 59623.640350262436 0.006449979389 cfg1 2 1 0 0 na na
10 59623.647350262617 0.006450165232 cfg1 2 1 0 0 na na
10 59623.648350359223 0.006450177030 cfg1 2 1 0 0 na na
10 59623.649350284476 0.006450192596 cfg1 2 1 0 0 na na
10 59623.651350300351 0.006450265149 cfg1 2 1 0 0 na na
10 59623.661350260444 0.006450486419 cfg1 2 1 0 0 na na
10 59623.666350338275 0.006450615075 cfg1 2 1 0 0 na na
10 59623.680350261650 0.006450940603 cfg1 2 1 0 0 na na
10 59623.681350327362 0.006450970012 cfg1 2 1 0 0 na na
10 59623.685350253233 0.006451068713 cfg1 2 1 0 0 na na
10 59623.698350273725 0.006451388206 cfg1 2 1 0 0 na na
10 59623.700350352490 0.006451442586 cfg1 2 1 0 0 na na
10 59623.712350257942 0.006451723354 cfg1 2 1 0 0 na na
10 59623.727350282310 0.006452081352 cfg1 2 1 0 0 na na
10 59623.738350238457 0.006452358296 cfg1 2 1 0 0 na na
10 59623.739350264525 0.006452357595 cfg1 2 1 0 0 na na
10 59623.742350293994 0.006452432114 cfg1 2 1 0 0 na na
10 59623.752350317659 0.006452668830 cfg1 2 1 0 0 na na
10 59623.765350350211 0.006453006894 cfg1 2 1 0 0 na na
10 59623.767350303413 0.006453038475 cfg1 2 1 0 0 na na
10 59623.771350276858 0.006453129136 cfg1 2 1 0 0 na na
10 59623.785350325121 0.006453487433 cfg1 2 1 0 0 na na
10 59623.810350296573 0.006454066766 cfg1 2 1 0 0 na na
10 59623.812350253290 0.006454123467 cfg1 2 1 0 0 na na
10 59623.817350302601 0.006454250721 cfg1 2 1 0 0 na na
10 59623.821350303390 0.006454356387 cfg1 2 1 0 0 na na
10 59623.823350244481 0.006454397482 cfg1 2 1 0 0 na na
10 59623.824350311264 0.006454416725 cfg1 2 1 0 0 na na
10 59623.834350345111 0.006454646039 cfg1 2 1 0 0 na na
10 59623.843350257009 0.006454865075 cfg1 2 1 0 0 na na
10 59623.876350298576 0.006455662136 cfg1 2 1 0 0 na na
10 59623.877350301859 0.006455682384 cfg1 2 1 0 0 na na
10 59623.881350345870 0.006455795627 cfg1 2 1 0 0 na na
10 59623.891350291514 0.006456019246 cfg1 2 1 0 0 na na
10 59623.895350309382 0.006456124600 cfg1 2 1 0 0 na na
10 59623.902350265123 0.006456281779 cfg1 2 1 0 0 na na
10 59623.910350292819 0.006456477982 cfg1 2 1 0 0 na na
10 59623.914350290588 0.006456572508 cfg1 2 1 0 0 na na
10 59623.919350275491 0.006456698282 cfg1 2 1 0 0 na na
10 59623.929350332906 0.006456953561 cfg1 2 1 0 0 na na
10 59623.937350255208 0.006457131733 cfg1 2 1 0 0 na na
10 59623.947350313682 0.006457366416 cfg1 2 1 0 0 na na
10 59623.950350301764 0.006457460089 cfg1 2 1 0 0 na na
10 59623.962350257475 0.006457738288 cfg1 2 1 0 0 na na
10 59623.968350283443 0.006457873720 cfg1 2 1 0 0 na na
10 59623.971350250371 0.006457956594 cfg1 2 1 0 0 na na
10 59623.976350283916 0.006458068553 cfg1 2 1 0 0 na na
10 59623.983350363586 0.006458254838 cfg1 2 1 0 0 na na
10 59623.984350258828 0.006458262997 cfg1 2 1 0 0 na na
10 59623.989350279387 0.006458394802 cfg1 2 1 0 0 na na
10 59623.992350298266 0.006458469738 cfg1 2 1 0 0 na na
10 59624.010350332968 0.006458905261 cfg1 2 1 0 0 na na
10 59624.011350283319 0.006458933691 cfg1 2 1 0 0 na na
10 59624.012350297655 0.006458956583 cfg1 2 1 0 0 na na
10 59624.027350332514 0.006459320588 cfg1 2 1 0 0 na na
10 59624.029350333072 0.006459342742 cfg1 2 1 0 0 na na
10 59624.033350323828 0.006459442759 cfg1 2 1 0 0 na na
10 59624.044350277554 0.006459708806 cfg1 2 1 0 0 na na
10 59624.045350291223 0.006459742858 cfg1 2 1 0 0 na na
10 59624.048350310712 0.006459807001 cfg1 2 1 0 0 na na
10 59624.064350331745 0.006460198209 cfg1 2 1 0 0 na na
10 59624.067350249443 0.006460272558 cfg1 2 1 0 0 na na
10 59624.075350331075 0.006460452581 cfg1 2 1 0 0 na na
10 59624.077350284899 0.006460500396 cfg1 2 1 0 0 na na
10 59624.082350291368 0.006460628384 cfg1 2 1 0 0 na na
10 59624.093350314908 0.006460911733 cfg1 2 1 0 0 na na
10 59624.099350318671 0.006461033039 cfg1 2 1 0 0 na na
10 59624.106350284347 0.006461224650 cfg1 2 1 0 0 na na
10 59624.122350303673 0.006461597672 cfg1 2 1 0 0 na na
10 59624.128350311415 0.006461746148 cfg1 2 1 0 0 na na
10 59624.140350260921 0.006462020933 cfg1 2 1 0 0 na na
10 59624.144350294158 0.006462134709 cfg1 2 1 0 0 na na
10 59624.148350257604 0.006462219237 cfg1 2 1 0 0 na na
10 59624.157350341698 0.006462457076 cfg1 2 1 0 0 na na
10 59624.162350261724 0.006462555256 cfg1 2 1 0 0 na na
10 59624.165350306793 0.006462643578 cfg1 2 1 0 0 na na
10 59624.182350326615 0.006463063271 cfg1 2 1 0 0 na na
10 59624.183350285315 0.006463070423 cfg1 2 1 0 0 na na
10 59624.187350268170 0.006463184064 cfg1 2 1 0 0 na na
10 59624.193350295297 0.006463306167 cfg1 2 1 0 0 na na
10 59624.195350277575 0.006463358608 cfg1 2 1 0 0 na na
10 59624.196350339953 0.006463401632 cfg1 2 1 0 0 na na
10 59624.211350323344 0.006463741716 cfg1 2 1 0 0 na na
10 59624.214350281154 0.006463822577 cfg1 2 1 0 0 na na
10 59624.216350258753 0.006463863201 cfg1 2 1 0 0 na na
10 59624.235350349017 0.006464320075 cfg1 2 1 0 0 na na
10 59624.243350333754 0.006464516023 cfg1 2 1 0 0 na na
10 59624.256350258368 0.006464828577 cfg1 2 1 0 0 na na
10 59624.267350295563 0.006465109806 cfg1 2 1 0 0 na na
10 59624.275350353348 0.006465298405 cfg1 2 1 0 0 na na
10 59624.285350258718 0.006465533214 cfg1 2 1 0 0 na na
10 59624.298350301948 0.006465843135 cfg1 2 1 0 0 na na
10 59624.301350289559 0.006465926740 cfg1 2 1 0 0 na na
10 59624.315350291891 0.006466258421 cfg1 2 1 0 0 na na
10 59624.321350316032 0.006466397201 cfg1 2 1 0 0 na na
10 59624.324350316252 0.006466478972 cfg1 2 1 0 0 na na
10 59624.328350290048 0.006466573268 cfg1 2 1 0 0 na na
10 59624.330350344570 0.006466622166 cfg1 2 1 0 0 na na
10 59624.336350260655 0.006466778946 cfg1 2 1 0 0 na na
10 59624.340350287338 0.006466863204 cfg1 2 1 0 0 na na
10 59624.350350262637 0.006467119157 cfg1 2 1 0 0 na na
10 59624.356350277368 0.006467266176 cfg1 2 1 0 0 na na
10 59624.361350299268 0.006467372721 cfg1 2 1 0 0 na na
10 59624.371350324665 0.006467614569 cfg1 2 1 0 0 na na
10 59624.383350282598 0.006467923335 cfg1 2 1 0 0 na na
10 59624.384350334704 0.006467934015 cfg1 2 1 0 0 na na
10 59624.387350319648 0.006468003479 cfg1 2 1 0 0 na na
10 59624.394350306122 0.006468181891 cfg1 2 1 0 0 na na
10 59624.408350368652 0.006468524048 cfg1 2 1 0 0 na na
10 59624.411350266769 0.006468575272 cfg1 2 1 0 0 na na
10 59624.419350315954 0.006468785036 cfg1 2 1 0 0 na na
10 59624.439350318814 0.006469253931 cfg1 2 1 0 0 na na
10 59624.452350344997 0.006469571250 cfg1 2 1 0 0 na na
10 59624.462350327208 0.006469823249 cfg1 2 1 0 0 na na
10 59624.463350326975 0.006469865224 cfg1 2 1 0 0 na na
10 59624.472350306421 0.006470067990 cfg1 2 1 0 0 na na
10 59624.478350321219 0.006470217694 cfg1 2 1 0 0 na na
10 59624.483350291195 0.006470324916 cfg1 2 1 0 0 na na
10 59624.489350291884 0.006470494748 cfg1 2 1 0 0 na na
10 59624.490350294745 0.006470498322 cfg1 2 1 0 0 na na
10 59624.494350270893 0.006470616919 cfg1 2 1 0 0 na na
10 59624.495350305542 0.006470629480 cfg1 2 1 0 0 na na
10 59624.504350289747 0.006470834861 cfg1 2 1 0 0 na na
10 59624.524350293742 0.006471341897 cfg1 2 1 0 0 na na
10 59624.526350298330 0.006471392355 cfg1 2 1 0 0 na na
10 59624.527350288319 0.006471392700 cfg1 2 1 0 0 na na
10 59624.530350277530 0.006471473805 cfg1 2 1 0 0 na na
10 59624.533350350444 0.006471562508 cfg1 2 1 0 0 na na
10 59624.540350302959 0.006471711158 cfg1 2 1 0 0 na na
10 59624.548350319927 0.006471897507 cfg1 2 1 0 0 na na
10 59624.556350313357 0.006472118943 cfg1 2 1 0 0 na na
10 59624.562350313438 0.006472248434 cfg1 2 1 0 0 na na
10 59624.567350282097 0.006472367859 cfg1 2 1 0 0 na na
10 59624.589350315449 0.006472896237 cfg1 2 1 0 0 na na
10 59624.599350363581 0.006473160696 cfg1 2 1 0 0 na na
10 59624.612350321952 0.006473478397 cfg1 2 1 0 0 na na
10 59624.639350287800 0.006474123646 cfg1 2 1 0 0 na na
10 59624.646350269077 0.006474298692 cfg1 2 1 0 0 na na
10 59624.647350333553 0.006474312029 cfg1 2 1 0 0 na na
10 59624.651350283206 0.006474422054 cfg1 2 1 0 0 na na
10 59624.664350291436 0.006474719103 cfg1 2 1 0 0 na na
10 59624.667350274314 0.006474799272 cfg1 2 1 0 0 na na
10 59624.675350253243 0.006474995497 cfg1 2 1 0 0 na na
10 59624.696350339896 0.006475514629 cfg1 2 1 0 0 na na
10 59624.697350275602 0.006475520624 cfg1 2 1 0 0 na na
10 59624.699350261996 0.006475571672 cfg1 2 1 0 0 na na
10 59624.702350255798 0.006475665628 cfg1 2 1 0 0 na na
10 59624.719350265188 0.006476051623 cfg1 2 1 0 0 na na
10 59624.730350331430 0.006476337883 cfg1 2 1 0 0 na na
10 59624.737350281751 0.006476490051 cfg1 2 1 0 0 na na
10 59624.738350324585 0.006476519679 cfg1 2 1 0 0 na na
10 59624.744350303599 0.006476663546 cfg1 2 1 0 0 na na
10 59624.752350255403 0.006476861296 cfg1 2 1 0 0 na na
10 59624.754350344243 0.006476910072 cfg1 2 1 0 0 na na
10 59624.758350316347 0.006477027954 cfg1 2 1 0 0 na na
10 59624.780350300734 0.006477555702 cfg1 2 1 0 0 na na
10 59624.782350353443 0.006477612342 cfg1 2 1 0 0 na na
10 59624.788350313102 0.006477730308 cfg1 2 1 0 0 na na
10 59624.791350306378 0.006477809927 cfg1 2 1 0 0 na na
10 59624.795350294521 0.006477925490 cfg1 2 1 0 0 na na
10 59624.805350291980 0.006478162559 cfg1 2 1 0 0 na na
10 59624.811350296983 0.006478299377 cfg1 2 1 0 0 na na
10 59624.814350247567 0.006478379379 cfg1 2 1 0 0 na na
10 59624.819350268304 0.006478507756 cfg1 2 1 0 0 na na
10 59624.842350305154 0.006479066044 cfg1 2 1 0 0 na na
10 59624.844350322983 0.006479093880 cfg1 2 1 0 0 na na
10 59624.874350326841 0.006479836925 cfg1 2 1 0 0 na na
10 59624.886350286838 0.006480116624 cfg1 2 1 0 0 na na
10 59624.898350327988 0.006480431500 cfg1 2 1 0 0 na na
10 59624.903350284474 0.006480544189 cfg1 2 1 0 0 na na
10 59624.916350349273 0.006480852341 cfg1 2 1 0 0 na na
10 59624.925350351067 0.006481077511 cfg1 2 1 0 0 na na
10 59624.930350281843 0.006481194948 cfg1 2 1 0 0 na na
10 59624.935350335563 0.006481329707 cfg1 2 1 0 0 na na
10 59624.937350249922 0.006481372106 cfg1 2 1 0 0 na na
10 59624.957350323962 0.006481855686 cfg1 2 1 0 0 na na
10 59624.959350325858 0.006481922817 cfg1 2 1 0 0 na na
10 59624.968350308622 0.006482134019 cfg1 2 1 0 0 na na
10 59624.972350265491 0.006482211323 cfg1 2 1 0 0 na na
10 59624.974350289604 0.006482261321 cfg1 2 1 0 0 na na
10 59624.975350315463 0.006482297406 cfg1 2 1 0 0 na na
10 59624.979350296479 0.006482381352 cfg1 2 1 0 0 na na
10 59624.984350380013 0.006482515108 cfg1 2 1 0 0 na na
10 59625.005350270399 0.006483015013 cfg1 2 1 0 0 na na
10 59625.011350288721 0.006483163820 cfg1 2 1 0 0 na na
10 59625.016350330443 0.006483287218 cfg1 2 1 0 0 na na
10 59625.018350317280 0.006483355853 cfg1 2 1 0 0 na na
10 59625.034350337640 0.006483722565 cfg1 2 1 0 0 na na
10 59625.039350284242 0.006483851617 cfg1 2 1 0 0 na na
10 59625.046350332273 0.006484017819 cfg1 2 1 0 0 na na
10 59625.049350311048 0.006484103535 cfg1 2 1 0 0 na na
10 59625.052350293276 0.006484168167 cfg1 2 1 0 0 na na
10 59625.059350279732 0.006484338812 cfg1 2 1 0 0 na na
10 59625.074350338636 0.006484719760 cfg1 2 1 0 0 na na
10 59625.080350307671 0.006484857804 cfg1 2 1 0 0 na na
10 59625.082350315038 0.006484913787 cfg1 2 1 0 0 na na
10 59625.089350305959 0.006485071477 cfg1 2 1 0 0 na na
10 59625.102350293885 0.006485404453 cfg1 2 1 0 0 na na
10 59625.107350324336 0.006485530502 cfg1 2 1 0 0 na na
10 59625.109350347002 0.006485565357 cfg1 2 1 0 0 na na
10 59625.111350296949 0.006485604548 cfg1 2 1 0 0 na na
10 59625.121350257038 0.006485854726 cfg1 2 1 0 0 na na
10 59625.132350291174 0.006486127782 cfg1 2 1 0 0 na na
10 59625.134350281096 0.006486190445 cfg1 2 1 0 0 na na
10 59625.140350302986 0.006486330914 cfg1 2 1 0 0 na na
10 59625.141350298964 0.006486353929 cfg1 2 1 0 0 na na
10 59625.152350335741 0.006486625398 cfg1 2 1 0 0 na na
10 59625.180350280648 0.006487311502 cfg1 2 1 0 0 na na
10 59625.181350305327 0.006487324934 cfg1 2 1 0 0 na na
10 59625.187350289090 0.006487475379 cfg1 2 1 0 0 na na
10 59625.193350248748 0.006487623083 cfg1 2 1 0 0 na na
10 59625.202350319812 0.006487833665 cfg1 2 1 0 0 na na
10 59625.211350262808 0.006488071517 cfg1 2 1 0 0 na na
10 59625.216350313032 0.006488174881 cfg1 2 1 0 0 na na
10 59625.229350297284 0.006488489518 cfg1 2 1 0 0 na na
10 59625.232350318650 0.006488570778 cfg1 2 1 0 0 na na
10 59625.243350321035 0.006488851670 cfg1 2 1 0 0 na na
10 59625.246350320865 0.006488928228 cfg1 2 1 0 0 na na
10 59625.247350274232 0.006488950938 cfg1 2 1 0 0 na na
10 59625.260350305732 0.006489256079 cfg1 2 1 0 0 na na
10 59625.266350344701 0.006489389674 cfg1 2 1 0 0 na na
10 59625.277350334012 0.006489666956 cfg1 2 1 0 0 na na
10 59625.292350311584 0.006490043094 cfg1 2 1 0 0 na na
10 59625.301350311020 0.006490255581 cfg1 2 1 0 0 na na
10 59625.309350297212 0.006490470539 cfg1 2 1 0 0 na na
10 59625.312350287105 0.006490531133 cfg1 2 1 0 0 na na
10 59625.323350324081 0.006490788755 cfg1 2 1 0 0 na na
10 59625.326350311941 0.006490871995 cfg1 2 1 0 0 na na
10 59625.329350311377 0.006490934100 cfg1 2 1 0 0 na na
10 59625.338350334678 0.006491160834 cfg1 2 1 0 0 na na
10 59625.361350307098 0.006491734089 cfg1 2 1 0 0 na na
10 59625.376350267873 0.006492099531 cfg1 2 1 0 0 na na
10 59625.378350331814 0.006492149690 cfg1 2 1 0 0 na na
10 59625.418350340387 0.006493114155 cfg1 2 1 0 0 na na
10 59625.419350292431 0.006493154986 cfg1 2 1 0 0 na na
10 59625.443350309484 0.006493750571 cfg1 2 1 0 0 na na
10 59625.449350277743 0.006493883977 cfg1 2 1 0 0 na na
10 59625.457350369499 0.006494093328 cfg1 2 1 0 0 na na
10 59625.466350327932 0.006494294749 cfg1 2 1 0 0 na na
10 59625.469350352231 0.006494389225 cfg1 2 1 0 0 na na
10 59625.488350281246 0.006494825893 cfg1 2 1 0 0 na na
10 59625.490350303211 0.006494880695 cfg1 2 1 0 0 na na
10 59625.491350314894 0.006494922427 cfg1 2 1 0 0 na na
10 59625.499350296475 0.006495112838 cfg1 2 1 0 0 na na
10 59625.509350314545 0.006495340729 cfg1 2 1 0 0 na na
10 59625.550350317842 0.006496370172 cfg1 2 1 0 0 na na
10 59625.554350319378 0.006496463109 cfg1 2 1 0 0 na na
10 59625.567350280502 0.006496774388 cfg1 2 1 0 0 na na
10 59625.574350318707 0.006496956285 cfg1 2 1 0 0 na na
10 59625.584350333515 0.006497206375 cfg1 2 1 0 0 na na
10 59625.592350293692 0.006497383489 cfg1 2 1 0 0 na na
10 59625.603350258331 0.006497674060 cfg1 2 1 0 0 na na
10 59625.614350343662 0.006497941881 cfg1 2 1 0 0 na na
10 59625.618350247930 0.006498033909 cfg1 2 1 0 0 na na
10 59625.619350295163 0.006498040669 cfg1 2 1 0 0 na na
10 59625.636350318967 0.006498462562 cfg1 2 1 0 0 na na
10 59625.653350340037 0.006498878368 cfg1 2 1 0 0 na na
10 59625.654350280151 0.006498915359 cfg1 2 1 0 0 na na
10 59625.657350258079 0.006498983742 cfg1 2 1 0 0 na na
10 59625.682350318180 0.006499596855 cfg1 2 1 0 0 na na
10 59625.688350263189 0.006499747573 cfg1 2 1 0 0 na na
10 59625.697350289003 0.006499961110 cfg1 2 1 0 0 na na
10 59625.727350292813 0.006500703512 cfg1 2 1 0 0 na na
10 59625.750350342411 0.006501277158 cfg1 2 1 0 0 na na
10 59625.761350270555 0.006501549422 cfg1 2 1 0 0 na na
10 59625.804350305386 0.006502611342 cfg1 2 1 0 0 na na
10 59625.806350282194 0.006502657754 cfg1 2 1 0 0 na na
10 59625.807350258894 0.006502668104 cfg1 2 1 0 0 na na
10 59625.817350315602 0.006502914571 cfg1 2 1 0 0 na na
10 59625.825350298496 0.006503116056 cfg1 2 1 0 0 na na
10 59625.827350287441 0.006503176008 cfg1 2 1 0 0 na na
10 59625.830350257448 0.006503255499 cfg1 2 1 0 0 na na
10 59625.841350322310 0.006503524145 cfg1 2 1 0 0 na na
10 59625.843350284796 0.006503545821 cfg1 2 1 0 0 na na
10 59625.856350338407 0.006503886629 cfg1 2 1 0 0 na na
10 59625.878350273995 0.006504412482 cfg1 2 1 0 0 na na
10 59625.883350323319 0.006504553087 cfg1 2 1 0 0 na na
10 59625.885350300350 0.006504581712 cfg1 2 1 0 0 na na
10 59625.889350283371 0.006504697511 cfg1 2 1 0 0 na na
10 59625.892350381964 0.006504769604 cfg1 2 1 0 0 na na
10 59625.896350306073 0.006504871528 cfg1 2 1 0 0 na na
10 59625.915350311212 0.006505334715 cfg1 2 1 0 0 na na
10 59625.918350295292 0.006505418723 cfg1 2 1 0 0 na na
10 59625.922350276050 0.006505504356 cfg1 2 1 0 0 na na
10 59625.924350243683 0.006505563189 cfg1 2 1 0 0 na na
10 59625.927350309147 0.006505625694 cfg1 2 1 0 0 na na
10 59625.929350295923 0.006505669187 cfg1 2 1 0 0 na na
10 59625.930350272345 0.006505708067 cfg1 2 1 0 0 na na
10 59625.931350392127 0.006505727980 cfg1 2 1 0 0 na na
10 59625.939350354718 0.006505918798 cfg1 2 1 0 0 na na
10 59625.942350265824 0.006505986051 cfg1 2 1 0 0 na na
10 59625.955350333412 0.006506324184 cfg1 2 1 0 0 na na
10 59625.959350312537 0.006506407959 cfg1 2 1 0 0 na na
10 59625.961350324077 0.006506475706 cfg1 2 1 0 0 na na
10 59625.964350314517 0.006506545523 cfg1 2 1 0 0 na na
10 59625.966350367042 0.006506577560 cfg1 2 1 0 0 na na
10 59626.007350267354 0.006507612866 cfg1 2 1 0 0 na na
10 59626.020350301981 0.006507917004 cfg1 2 1 0 0 na na
10 59626.021350254977 0.006507953385 cfg1 2 1 0 0 na na
10 59626.051350292665 0.006508690398 cfg1 2 1 0 0 na na
10 59626.052350295206 0.006508720702 cfg1 2 1 0 0 na na
10 59626.057350292224 0.006508836397 cfg1 2 1 0 0 na na
10 59626.091350306503 0.006509662214 cfg1 2 1 0 0 na na
10 59626.092350299318 0.006509682880 cfg1 2 1 0 0 na na
10 59626.093350288663 0.006509709391 cfg1 2 1 0 0 na na
10 59626.100350313486 0.006509889216 cfg1 2 1 0 0 na na
10 59626.109350287805 0.006510104106 cfg1 2 1 0 0 na na
10 59626.122350313834 0.006510440786 cfg1 2 1 0 0 na na
10 59626.127350242909 0.006510569010 cfg1 2 1 0 0 na na
10 59626.131350300295 0.006510650497 cfg1 2 1 0 0 na na
10 59626.132350310760 0.006510675450 cfg1 2 1 0 0 na na
10 59626.142350311479 0.006510920778 cfg1 2 1 0 0 na na
10 59626.148350286171 0.006511070813 cfg1 2 1 0 0 na na
10 59626.159350296068 0.006511353840 cfg1 2 1 0 0 na na
10 59626.187350339683 0.006512051624 cfg1 2 1 0 0 na na
10 59626.205350263682 0.006512499073 cfg1 2 1 0 0 na na
10 59626.226350369300 0.006513000867 cfg1 2 1 0 0 na na
10 59626.230350300775 0.006513099724 cfg1 2 1 0 0 na na
10 59626.240350357007 0.006513341664 cfg1 2 1 0 0 na na
10 59626.249350262971 0.006513563915 cfg1 2 1 0 0 na na
10 59626.251350291726 0.006513613659 cfg1 2 1 0 0 na na
10 59626.285350298871 0.006514475499 cfg1 2 1 0 0 na na
10 59626.287350280175 0.006514500361 cfg1 2 1 0 0 na na
10 59626.292350305328 0.006514629633 cfg1 2 1 0 0 na na
10 59626.296350316951 0.006514723469 cfg1 2 1 0 0 na na
10 59626.301350308875 0.006514861461 cfg1 2 1 0 0 na na
10 59626.343350334576 0.006515891296 cfg1 2 1 0 0 na na
10 59626.348350276990 0.006516015987 cfg1 2 1 0 0 na na
10 59626.367350316070 0.006516493251 cfg1 2 1 0 0 na na
10 59626.412350265372 0.006517596774 cfg1 2 1 0 0 na na
10 59626.419350338970 0.006517788527 cfg1 2 1 0 0 na na
10 59626.422350289810 0.006517845547 cfg1 2 1 0 0 na na
10 59626.427350336717 0.006517991714 cfg1 2 1 0 0 na na
10 59626.428350274634 0.006518005245 cfg1 2 1 0 0 na na
10 59626.449350296396 0.006518515961 cfg1 2 1 0 0 na na
10 59626.458350326367 0.006518732811 cfg1 2 1 0 0 na na
10 59626.479350313789 0.006519277478 cfg1 2 1 0 0 na na
10 59626.499350256523 0.006519760379 cfg1 2 1 0 0 na na
10 59626.506350344926 0.006519933260 cfg1 2 1 0 0 na na
10 59626.512350372257 0.006520097521 cfg1 2 1 0 0 na na
10 59626.513350317343 0.006520103926 cfg1 2 1 0 0 na na
10 59626.519350388717 0.006520259518 cfg1 2 1 0 0 na na
10 59626.531350316308 0.006520556294 cfg1 2 1 0 0 na na
10 59626.536350296005 0.006520681391 cfg1 2 1 0 0 na na
10 59626.560350362158 0.006521284101 cfg1 2 1 0 0 na na
10 59626.564350282426 0.006521383249 cfg1 2 1 0 0 na na
10 59626.572350308134 0.006521560541 cfg1 2 1 0 0 na na
10 59626.581350318258 0.006521786241 cfg1 2 1 0 0 na na
10 59626.610350328732 0.006522501790 cfg1 2 1 0 0 na na
10 59626.611350350756 0.006522548643 cfg1 2 1 0 0 na na
10 59626.618350343806 0.006522719152 cfg1 2 1 0 0 na na
10 59626.629350326381 0.006522982425 cfg1 2 1 0 0 na na
10 59626.639350317356 0.006523228455 cfg1 2 1 0 0 na na
10 59626.645350323916 0.006523376493 cfg1 2 1 0 0 na na
10 59626.663350365895 0.006523840840 cfg1 2 1 0 0 na na
10 59626.690350316958 0.006524513764 cfg1 2 1 0 0 na na
10 59626.696350280834 0.006524655462 cfg1 2 1 0 0 na na
10 59626.707350342522 0.006524910437 cfg1 2 1 0 0 na na
10 59626.718350269609 0.006525182346 cfg1 2 1 0 0 na na
10 59626.719350326878 0.006525226966 cfg1 2 1 0 0 na na
10 59626.729350269806 0.006525457022 cfg1 2 1 0 0 na na
10 59626.738350320501 0.006525700812 cfg1 2 1 0 0 na na
10 59626.748350331064 0.006525936563 cfg1 2 1 0 0 na na
10 59626.759350307408 0.006526220700 cfg1 2 1 0 0 na na
10 59626.778350246463 0.006526695518 cfg1 2 1 0 0 na na
10 59626.791350289459 0.006527021897 cfg1 2 1 0 0 na na
10 59626.797350324247 0.006527154099 cfg1 2 1 0 0 na na
10 59626.807350319623 0.006527413391 cfg1 2 1 0 0 na na
10 59626.823350355521 0.006527795124 cfg1 2 1 0 0 na na
10 59626.824350369482 0.006527839062 cfg1 2 1 0 0 na na
10 59626.826350308154 0.006527893584 cfg1 2 1 0 0 na na
10 59626.831350317420 0.006528004903 cfg1 2 1 0 0 na na
10 59626.836350333067 0.006528142776 cfg1 2 1 0 0 na na
10 59626.853350351902 0.006528563186 cfg1 2 1 0 0 na na
10 59626.870350246396 0.006528980521 cfg1 2 1 0 0 na na
10 59626.915350343198 0.006530091068 cfg1 2 1 0 0 na na
10 59626.953350330779 0.006531033147 cfg1 2 1 0 0 na na
10 59626.972350308854 0.006531514555 cfg1 2 1 0 0 na na
10 59626.977350312259 0.006531630007 cfg1 2 1 0 0 na na
10 59626.986350364768 0.006531869429 cfg1 2 1 0 0 na na
10 59626.995350305430 0.006532084702 cfg1 2 1 0 0 na na
10 59627.001350265941 0.006532252226 cfg1 2 1 0 0 na na
10 59627.006350334917 0.006532355172 cfg1 2 1 0 0 na na
10 59627.023350334036 0.006532798928 cfg1 2 1 0 0 na na
10 59627.046350328271 0.006533345531 cfg1 2 1 0 0 na na
10 59627.049350333690 0.006533430988 cfg1 2 1 0 0 na na
10 59627.053350358327 0.006533526882 cfg1 2 1 0 0 na na
10 59627.056350325820 0.006533610341 cfg1 2 1 0 0 na na
10 59627.077350352582 0.006534122766 cfg1 2 1 0 0 na na
10 59627.081350360539 0.006534218376 cfg1 2 1 0 0 na na
10 59627.087350345727 0.006534392712 cfg1 2 1 0 0 na na
10 59627.093350360101 0.006534534698 cfg1 2 1 0 0 na na
10 59627.095350339592 0.006534569591 cfg1 2 1 0 0 na na
10 59627.112350264755 0.006534991949 cfg1 2 1 0 0 na na
10 59627.114350325167 0.006535067595 cfg1 2 1 0 0 na na
10 59627.165350262658 0.006536333089 cfg1 2 1 0 0 na na
10 59627.178350325265 0.006536667202 cfg1 2 1 0 0 na na
10 59627.183350322644 0.006536769295 cfg1 2 1 0 0 na na
10 59627.184350298394 0.006536789688 cfg1 2 1 0 0 na na
10 59627.192350328077 0.006537011285 cfg1 2 1 0 0 na na
10 59627.204350295403 0.006537314612 cfg1 2 1 0 0 na na
10 59627.210350347840 0.006537447743 cfg1 2 1 0 0 na na
10 59627.214350301645 0.006537539851 cfg1 2 1 0 0 na na
10 59627.217350335477 0.006537627549 cfg1 2 1 0 0 na na
10 59627.224350349484 0.006537789928 cfg1 2 1 0 0 na na
10 59627.234350300938 0.006538037928 cfg1 2 1 0 0 na na
10 59627.242350293168 0.006538261447 cfg1 2 1 0 0 na na
10 59627.250350350435 0.006538463043 cfg1 2 1 0 0 na na
10 59627.259350279816 0.006538689032 cfg1 2 1 0 0 na na
10 59627.266350263666 0.006538852969 cfg1 2 1 0 0 na na
10 59627.287350318870 0.006539364138 cfg1 2 1 0 0 na na
10 59627.292350344704 0.006539507142 cfg1 2 1 0 0 na na
10 59627.293350308530 0.006539536381 cfg1 2 1 0 0 na na
10 59627.300350279680 0.006539694755 cfg1 2 1 0 0 na na
10 59627.310350262227 0.006539961937 cfg1 2 1 0 0 na na
10 59627.342350275588 0.006540746544 cfg1 2 1 0 0 na na
10 59627.352350292804 0.006541005662 cfg1 2 1 0 0 na na
10 59627.379350283720 0.006541673713 cfg1 2 1 0 0 na na
10 59627.381350295342 0.006541737224 cfg1 2 1 0 0 na na
10 59627.401350322254 0.006542216120 cfg1 2 1 0 0 na na
10 59627.404350260646 0.006542291138 cfg1 2 1 0 0 na na
10 59627.442350331102 0.006543254165 cfg1 2 1 0 0 na na
10 59627.447350305239 0.006543362953 cfg1 2 1 0 0 na na
10 59627.457350275038 0.006543633154 cfg1 2 1 0 0 na na
10 59627.469350320674 0.006543923562 cfg1 2 1 0 0 na na
10 59627.472350304524 0.006543990419 cfg1 2 1 0 0 na na
10 59627.475350346797 0.006544087835 cfg1 2 1 0 0 na na
10 59627.482350311924 0.006544244225 cfg1 2 1 0 0 na na
10 59627.484350347715 0.006544311645 cfg1 2 1 0 0 na na
10 59627.488350341670 0.006544417497 cfg1 2 1 0 0 na na
10 59627.490350238824 0.006544468077 cfg1 2 1 0 0 na na
10 59627.496350321845 0.006544607865 cfg1 2 1 0 0 na na
10 59627.508350287527 0.006544902114 cfg1 2 1 0 0 na na
10 59627.531350274943 0.006545489042 cfg1 2 1 0 0 na na
10 59627.554350321743 0.006546045229 cfg1 2 1 0 0 na na
10 59627.557350322626 0.006546128949 cfg1 2 1 0 0 na na
10 59627.558350324007 0.006546150377 cfg1 2 1 0 0 na na
10 59627.563350331190 0.006546271948 cfg1 2 1 0 0 na na
10 59627.565350309542 0.006546334039 cfg1 2 1 0 0 na na
10 59627.569350339801 0.006546424561 cfg1 2 1 0 0 na na
10 59627.581350343601 0.006546720270 cfg1 2 1 0 0 na na
10 59627.586350327861 0.006546872772 cfg1 2 1 0 0 na na
10 59627.597350281776 0.006547146644 cfg1 2 1 0 0 na na
10 59627.602350335746 0.006547263522 cfg1 2 1 0 0 na na
10 59627.603350308447 0.006547277626 cfg1 2 1 0 0 na na
10 59627.604350272821 0.006547305461 cfg1 2 1 0 0 na na
10 59627.628350309749 0.006547911754 cfg1 2 1 0 0 na na
10 59627.661350246490 0.006548745365 cfg1 2 1 0 0 na na
10 59627.681350263374 0.006549228688 cfg1 2 1 0 0 na na
10 59627.688350328738 0.006549406183 cfg1 2 1 0 0 na na
10 59627.703350256207 0.006549790836 cfg1 2 1 0 0 na na
10 59627.718350325854 0.006550158487 cfg1 2 1 0 0 na na
10 59627.726350286707 0.006550377083 cfg1 2 1 0 0 na na
10 59627.729350309684 0.006550447777 cfg1 2 1 0 0 na na
10 59627.741350317306 0.006550747566 cfg1 2 1 0 0 na na
10 59627.751350302137 0.006551012313 cfg1 2 1 0 0 na na
10 59627.754350262868 0.006551063960 cfg1 2 1 0 0 na na
10 59627.759350274518 0.006551191584 cfg1 2 1 0 0 na na
10 59627.762350286108 0.006551286173 cfg1 2 1 0 0 na na
10 59627.781350269860 0.006551763904 cfg1 2 1 0 0 na na
10 59627.782350378332 0.006551788503 cfg1 2 1 0 0 na na
10 59627.789350258634 0.006551948222 cfg1 2 1 0 0 na na
10 59627.793350247140 0.006552059745 cfg1 2 1 0 0 na na
10 59627.810350318518 0.006552494293 cfg1 2 1 0 0 na na
10 59627.811350293681 0.006552504735 cfg1 2 1 0 0 na na
10 59627.821350264847 0.006552758331 cfg1 2 1 0 0 na na
10 59627.831350251521 0.006553010499 cfg1 2 1 0 0 na na
10 59627.832350339103 0.006553030883 cfg1 2 1 0 0 na na
10 59627.833350291441 0.006553067365 cfg1 2 1 0 0 na na
10 59627.834350310021 0.006553081868 cfg1 2 1 0 0 na na
10 59627.838350306971 0.006553172135 cfg1 2 1 0 0 na na
10 59627.853350305075 0.006553575443 cfg1 2 1 0 0 na na
10 59627.859350288429 0.006553727474 cfg1 2 1 0 0 na na
10 59627.863350340277 0.006553815719 cfg1 2 1 0 0 na na
10 59627.882350267062 0.006554280820 cfg1 2 1 0 0 na na
10 59627.888350326313 0.006554429440 cfg1 2 1 0 0 na na
10 59627.889350327841 0.006554476829 cfg1 2 1 0 0 na na
10 59627.890350332989 0.006554498377 cfg1 2 1 0 0 na na
10 59627.894350332833 0.006554607066 cfg1 2 1 0 0 na na
10 59627.899350325278 0.006554708391 cfg1 2 1 0 0 na na
10 59627.906350261850 0.006554884964 cfg1 2 1 0 0 na na
10 59627.915350277612 0.006555133350 cfg1 2 1 0 0 na na
10 59627.927350271411 0.006555428051 cfg1 2 1 0 0 na na
10 59627.943350260710 0.006555815955 cfg1 2 1 0 0 na na
10 59627.975350289240 0.006556644714 cfg1 2 1 0 0 na na
10 59627.986350337289 0.006556911918 cfg1 2 1 0 0 na na
10 59627.993350344967 0.006557097751 cfg1 2 1 0 0 na na
10 59628.021350264177 0.006557777758 cfg1 2 1 0 0 na na
10 59628.029350333168 0.006557996912 cfg1 2 1 0 0 na na
10 59628.031350328216 0.006558033332 cfg1 2 1 0 0 na na
10 59628.037350307247 0.006558191339 cfg1 2 1 0 0 na na
10 59628.038350257944 0.006558209203 cfg1 2 1 0 0 na na
10 59628.040350340293 0.006558266518 cfg1 2 1 0 0 na na
10 59628.041350265523 0.006558284487 cfg1 2 1 0 0 na na
10 59628.046350269894 0.006558407882 cfg1 2 1 0 0 na na
10 59628.050350299478 0.006558518724 cfg1 2 1 0 0 na na
10 59628.070350242487 0.006559029460 cfg1 2 1 0 0 na na
10 59628.074350269578 0.006559125026 cfg1 2 1 0 0 na na
10 59628.077350259780 0.006559206837 cfg1 2 1 0 0 na na
10 59628.087350279574 0.006559453679 cfg1 2 1 0 0 na na
10 59628.088350247528 0.006559479585 cfg1 2 1 0 0 na na
10 59628.108350253328 0.006559978651 cfg1 2 1 0 0 na na
10 59628.112350245145 0.006560086945 cfg1 2 1 0 0 na na
10 59628.122350300281 0.006560333594 cfg1 2 1 0 0 na na
10 59628.133350338238 0.006560614477 cfg1 2 1 0 0 na na
10 59628.134350269001 0.006560639058 cfg1 2 1 0 0 na na
10 59628.135350266426 0.006560662509 cfg1 2 1 0 0 na na
10 59628.148350328155 0.006560994862 cfg1 2 1 0 0 na na
10 59628.158350282002 0.006561253556 cfg1 2 1 0 0 na na
10 59628.170350342474 0.006561557691 cfg1 2 1 0 0 na na
10 59628.186350284278 0.006561956230 cfg1 2 1 0 0 na na
10 59628.198350286925 0.006562251600 cfg1 2 1 0 0 na na
10 59628.202350253747 0.006562348816 cfg1 2 1 0 0 na na
10 59628.214350254682 0.006562647593 cfg1 2 1 0 0 na na
10 59628.215350276543 0.006562671210 cfg1 2 1 0 0 na na
10 59628.218350253941 0.006562753039 cfg1 2 1 0 0 na na
10 59628.226350327448 0.006562955629 cfg1 2 1 0 0 na na
10 59628.236350267713 0.006563195194 cfg1 2 1 0 0 na na
10 59628.250350256260 0.006563555350 cfg1 2 1 0 0 na na
10 59628.264350309868 0.006563909242 cfg1 2 1 0 0 na na
10 59628.281350311026 0.006564331702 cfg1 2 1 0 0 na na
10 59628.282350279738 0.006564358712 cfg1 2 1 0 0 na na
10 59628.288350295807 0.006564521968 cfg1 2 1 0 0 na na
10 59628.289350329750 0.006564552380 cfg1 2 1 0 0 na na
10 59628.291350317711 0.006564605553 cfg1 2 1 0 0 na na
10 59628.294350293395 0.006564662840 cfg1 2 1 0 0 na na
10 59628.309350256631 0.006565045674 cfg1 2 1 0 0 na na
10 59628.315350262175 0.006565189700 cfg1 2 1 0 0 na na
10 59628.328350287466 0.006565537695 cfg1 2 1 0 0 na na
10 59628.333350304163 0.006565670412 cfg1 2 1 0 0 na na
10 59628.336350262107 0.006565724760 cfg1 2 1 0 0 na na
10 59628.338350320809 0.006565777660 cfg1 2 1 0 0 na na
10 59628.349350254665 0.006566056907 cfg1 2 1 0 0 na na
10 59628.386350263628 0.006566989596 cfg1 2 1 0 0 na na
10 59628.390350270940 0.006567085318 cfg1 2 1 0 0 na na
10 59628.394350257225 0.006567194593 cfg1 2 1 0 0 na na
10 59628.395350330403 0.006567211048 cfg1 2 1 0 0 na na
10 59628.397350282709 0.006567288269 cfg1 2 1 0 0 na na
10 59628.408350294419 0.006567550229 cfg1 2 1 0 0 na na
10 59628.433350323450 0.006568175815 cfg1 2 1 0 0 na na
10 59628.436350260140 0.006568251519 cfg1 2 1 0 0 na na
10 59628.439350334290 0.006568348313 cfg1 2 1 0 0 na na
10 59628.458350284408 0.006568819904 cfg1 2 1 0 0 na na
10 59628.465350249907 0.006568997150 cfg1 2 1 0 0 na na
10 59628.481350306899 0.006569408353 cfg1 2 1 0 0 na na
10 59628.486350319601 0.006569513667 cfg1 2 1 0 0 na na
10 59628.500350273937 0.006569892913 cfg1 2 1 0 0 na na
10 59628.511350293410 0.006570149083 cfg1 2 1 0 0 na na
10 59628.518350275358 0.006570322107 cfg1 2 1 0 0 na na
10 59628.523350330401 0.006570456442 cfg1 2 1 0 0 na na
10 59628.542350328436 0.006570947321 cfg1 2 1 0 0 na na
10 59628.548350274560 0.006571098205 cfg1 2 1 0 0 na na
10 59628.563350251866 0.006571475089 cfg1 2 1 0 0 na na
10 59628.565350273256 0.006571527870 cfg1 2 1 0 0 na na
10 59628.590350247030 0.006572164676 cfg1 2 1 0 0 na na
10 59628.594350269786 0.006572266725 cfg1 2 1 0 0 na na
10 59628.595350318511 0.006572272335 cfg1 2 1 0 0 na na
10 59628.599350266471 0.006572373645 cfg1 2 1 0 0 na na
10 59628.613350245461 0.006572746584 cfg1 2 1 0 0 na na
10 59628.615350261798 0.006572780306 cfg1 2 1 0 0 na na
10 59628.619350334168 0.006572894429 cfg1 2 1 0 0 na na
10 59628.625350299308 0.006573053734 cfg1 2 1 0 0 na na
10 59628.626350282516 0.006573073357 cfg1 2 1 0 0 na na
10 59628.648350261125 0.006573620643 cfg1 2 1 0 0 na na
10 59628.658350262303 0.006573871742 cfg1 2 1 0 0 na na
10 59628.660350253296 0.006573928672 cfg1 2 1 0 0 na na
10 59628.670350296826 0.006574175991 cfg1 2 1 0 0 na na
10 59628.679350342537 0.006574421497 cfg1 2 1 0 0 na na
10 59628.681350342418 0.006574465839 cfg1 2 1 0 0 na na
10 59628.683350315908 0.006574525355 cfg1 2 1 0 0 na na
10 59628.689350249033 0.006574667721 cfg1 2 1 0 0 na na
10 59628.713350264336 0.006575262529 cfg1 2 1 0 0 na na
10 59628.724350298918 0.006575546191 cfg1 2 1 0 0 na na
10 59628.733350287310 0.006575786372 cfg1 2 1 0 0 na na
10 59628.735350314294 0.006575822995 cfg1 2 1 0 0 na na
10 59628.736350255026 0.006575856755 cfg1 2 1 0 0 na na
10 59628.740350316984 0.006575952117 cfg1 2 1 0 0 na na
10 59628.747350256005 0.006576148543 cfg1 2 1 0 0 na na
10 59628.751350275284 0.006576244052 cfg1 2 1 0 0 na na
10 59628.755350248986 0.006576342866 cfg1 2 1 0 0 na na
10 59628.766350293793 0.006576611484 cfg1 2 1 0 0 na na
10 59628.780350277872 0.006576969366 cfg1 2 1 0 0 na na
10 59628.783350240469 0.006577061761 cfg1 2 1 0 0 na na
10 59628.785350275924 0.006577109584 cfg1 2 1 0 0 na na
10 59628.805350271323 0.006577620666 cfg1 2 1 0 0 na na
10 59628.809350270418 0.006577721651 cfg1 2 1 0 0 na na
10 59628.824350269386 0.006578082530 cfg1 2 1 0 0 na na
10 59628.842350284019 0.006578553491 cfg1 2 1 0 0 na na
10 59628.845350330810 0.006578634743 cfg1 2 1 0 0 na na
10 59628.851350295105 0.006578793201 cfg1 2 1 0 0 na na
10 59628.866350340366 0.006579155992 cfg1 2 1 0 0 na na
10 59628.869350283972 0.006579229157 cfg1 2 1 0 0 na na
10 59628.870350303261 0.006579259767 cfg1 2 1 0 0 na na
10 59628.874350266037 0.006579356436 cfg1 2 1 0 0 na na
10 59628.876350327344 0.006579408215 cfg1 2 1 0 0 na na
10 59628.910350282645 0.006580283684 cfg1 2 1 0 0 na na
10 59628.912350271776 0.006580340362 cfg1 2 1 0 0 na na
10 59628.920350252166 0.006580529757 cfg1 2 1 0 0 na na
10 59628.939350313916 0.006581005553 cfg1 2 1 0 0 na na
10 59628.945350284042 0.006581162125 cfg1 2 1 0 0 na na
10 59628.958350307386 0.006581506520 cfg1 2 1 0 0 na na
10 59628.968350247153 0.006581755019 cfg1 2 1 0 0 na na
10 59628.975350253272 0.006581928693 cfg1 2 1 0 0 na na
10 59628.983350244210 0.006582142789 cfg1 2 1 0 0 na na
10 59629.008350322164 0.006582770362 cfg1 2 1 0 0 na na
10 59629.010350282921 0.006582829137 cfg1 2 1 0 0 na na
10 59629.037350255627 0.006583501220 cfg1 2 1 0 0 na na
10 59629.048350254104 0.006583791911 cfg1 2 1 0 0 na na
10 59629.050350265342 0.006583830178 cfg1 2 1 0 0 na na
10 59629.065350241882 0.006584230111 cfg1 2 1 0 0 na na
10 59629.074350289972 0.006584460995 cfg1 2 1 0 0 na na
10 59629.089350308384 0.006584828351 cfg1 2 1 0 0 na na
10 59629.091350292404 0.006584890115 cfg1 2 1 0 0 na na
10 59629.145350276489 0.006586254408 cfg1 2 1 0 0 na na
10 59629.149350293404 0.006586366021 cfg1 2 1 0 0 na na
10 59629.153350292356 0.006586463433 cfg1 2 1 0 0 na na
10 59629.165350286348 0.006586767219 cfg1 2 1 0 0 na na
10 59629.179350354489 0.006587117626 cfg1 2 1 0 0 na na
10 59629.186350302102 0.006587297310 cfg1 2 1 0 0 na na
10 59629.188350327819 0.006587337656 cfg1 2 1 0 0 na na
10 59629.192350259873 0.006587461168 cfg1 2 1 0 0 na na
10 59629.195350289391 0.006587522771 cfg1 2 1 0 0 na na
10 59629.199350292047 0.006587622895 cfg1 2 1 0 0 na na
10 59629.207350252630 0.006587834190 cfg1 2 1 0 0 na na
10 59629.211350313881 0.006587926339 cfg1 2 1 0 0 na na
10 59629.216350294250 0.006588066050 cfg1 2 1 0 0 na na
10 59629.218350325060 0.006588116330 cfg1 2 1 0 0 na na
10 59629.220350352125 0.006588175579 cfg1 2 1 0 0 na na
10 59629.223350267007 0.006588230007 cfg1 2 1 0 0 na na
10 59629.237350289341 0.006588597883 cfg1 2 1 0 0 na na
10 59629.238350276236 0.006588612831 cfg1 2 1 0 0 na na
10 59629.239350260707 0.006588641501 cfg1 2 1 0 0 na na
10 59629.248350319639 0.006588881396 cfg1 2 1 0 0 na na
10 59629.249350287747 0.006588899924 cfg1 2 1 0 0 na na
10 59629.254350300378 0.006589035771 cfg1 2 1 0 0 na na
10 59629.261350277605 0.006589206060 cfg1 2 1 0 0 na na
10 59629.265350264318 0.006589302585 cfg1 2 1 0 0 na na
10 59629.269350286529 0.006589412019 cfg1 2 1 0 0 na na
10 59629.287350258634 0.006589868298 cfg1 2 1 0 0 na na
10 59629.289350293962 0.006589927610 cfg1 2 1 0 0 na na
10 59629.292350304559 0.006590011962 cfg1 2 1 0 0 na na
10 59629.305350283647 0.006590344175 cfg1 2 1 0 0 na na
10 59629.307350263128 0.006590373629 cfg1 2 1 0 0 na na
10 59629.316350327030 0.006590608669 cfg1 2 1 0 0 na na
10 59629.320350297341 0.006590731164 cfg1 2 1 0 0 na na
10 59629.322350287958 0.006590774370 cfg1 2 1 0 0 na na
10 59629.340350306207 0.006591237197 cfg1 2 1 0 0 na na
10 59629.359350288530 0.006591708850 cfg1 2 1 0 0 na na
10 59629.362350316891 0.006591782750 cfg1 2 1 0 0 na na
10 59629.365350255798 0.006591860905 cfg1 2 1 0 0 na na
10 59629.382350249397 0.006592313028 cfg1 2 1 0 0 na na
10 59629.392350289078 0.006592558880 cfg1 2 1 0 0 na na
10 59629.406350236627 0.006592925268 cfg1 2 1 0 0 na na
10 59629.415350304827 0.006593149297 cfg1 2 1 0 0 na na
10 59629.428350245830 0.006593481139 cfg1 2 1 0 0 na na
10 59629.444350300660 0.006593892455 cfg1 2 1 0 0 na na
10 59629.451350313537 0.006594075897 cfg1 2 1 0 0 na na
10 59629.457350262554 0.006594223142 cfg1 2 1 0 0 na na
10 59629.461350286589 0.006594306881 cfg1 2 1 0 0 na na
10 59629.479350269645 0.006594783597 cfg1 2 1 0 0 na na
10 59629.521350298359 0.006595855436 cfg1 2 1 0 0 na na
10 59629.528350296702 0.006596027394 cfg1 2 1 0 0 na na
10 59629.531350292941 0.006596117199 cfg1 2 1 0 0 na na
10 59629.534350343250 0.006596173754 cfg1 2 1 0 0 na na
10 59629.545350262413 0.006596454398 cfg1 2 1 0 0 na na
10 59629.556350260365 0.006596736518 cfg1 2 1 0 0 na na
10 59629.557350389772 0.006596776410 cfg1 2 1 0 0 na na
10 59629.559350291445 0.006596824046 cfg1 2 1 0 0 na na
10 59629.572350263412 0.006597154067 cfg1 2 1 0 0 na na
10 59629.575350305879 0.006597232723 cfg1 2 1 0 0 na na
10 59629.580350252862 0.006597358768 cfg1 2 1 0 0 na na
10 59629.599350324708 0.006597858724 cfg1 2 1 0 0 na na
10 59629.604350301098 0.006597974920 cfg1 2 1 0 0 na na
10 59629.615350328119 0.006598252985 cfg1 2 1 0 0 na na
10 59629.619350291449 0.006598372823 cfg1 2 1 0 0 na na
10 59629.623350338659 0.006598454152 cfg1 2 1 0 0 na na
10 59629.650350277053 0.006599163181 cfg1 2 1 0 0 na na
10 59629.655350341921 0.006599276694 cfg1 2 1 0 0 na na
10 59629.661350308852 0.006599443008 cfg1 2 1 0 0 na na
10 59629.684350344509 0.006600030456 cfg1 2 1 0 0 na na
10 59629.687350257319 0.006600108742 cfg1 2 1 0 0 na na
10 59629.689350254116 0.006600148056 cfg1 2 1 0 0 na na
10 59629.726350363221 0.006601112288 cfg1 2 1 0 0 na na
10 59629.728350301034 0.006601156931 cfg1 2 1 0 0 na na
10 59629.733350273222 0.006601285789 cfg1 2 1 0 0 na na
10 59629.748350275193 0.006601671815 cfg1 2 1 0 0 na na
10 59629.755350287477 0.006601834462 cfg1 2 1 0 0 na na
10 59629.777350287946 0.006602409374 cfg1 2 1 0 0 na na
10 59629.804350245423 0.006603101510 cfg1 2 1 0 0 na na
10 59629.807350256308 0.006603165685 cfg1 2 1 0 0 na na
10 59629.815350318294 0.006603375783 cfg1 2 1 0 0 na na
10 59629.818350274368 0.006603459720 cfg1 2 1 0 0 na na
10 59629.823350322367 0.006603588156 cfg1 2 1 0 0 na na
10 59629.836350299478 0.006603931030 cfg1 2 1 0 0 na na
10 59629.838350268618 0.006603956034 cfg1 2 1 0 0 na na
10 59629.878350276384 0.006604996403 cfg1 2 1 0 0 na na
10 59629.887350297790 0.006605234593 cfg1 2 1 0 0 na na
10 59629.927350300037 0.006606258011 cfg1 2 1 0 0 na na
10 59629.932350302931 0.006606376525 cfg1 2 1 0 0 na na
10 59629.934350297923 0.006606437999 cfg1 2 1 0 0 na na
10 59629.936350318233 0.006606487895 cfg1 2 1 0 0 na na
10 59629.942350296070 0.006606632373 cfg1 2 1 0 0 na na
10 59629.948350290963 0.006606787635 cfg1 2 1 0 0 na na
10 59629.951350266775 0.006606870724 cfg1 2 1 0 0 na na
10 59629.961350320801 0.006607135170 cfg1 2 1 0 0 na na
10 59629.965350288420 0.006607234621 cfg1 2 1 0 0 na na
10 59629.985350257167 0.006607749101 cfg1 2 1 0 0 na na
10 59630.008350327039 0.006608343370 cfg1 2 1 0 0 na na
10 59630.015350365155 0.006608505822 cfg1 2 1 0 0 na na
10 59630.026350326009 0.006608782100 cfg1 2 1 0 0 na na
10 59630.028350259641 0.006608837247 cfg1 2 1 0 0 na na
10 59630.030350304332 0.006608888982 cfg1 2 1 0 0 na na
10 59630.032350276625 0.006608963149 cfg1 2 1 0 0 na na
10 59630.037350323175 0.006609069415 cfg1 2 1 0 0 na na
10 59630.044350326484 0.006609249963 cfg1 2 1 0 0 na na
10 59630.047350314646 0.006609335966 cfg1 2 1 0 0 na na
10 59630.050350259186 0.006609406396 cfg1 2 1 0 0 na na
10 59630.069350331186 0.006609894876 cfg1 2 1 0 0 na na
10 59630.073350285788 0.006610000858 cfg1 2 1 0 0 na na
10 59630.091350327841 0.006610452768 cfg1 2 1 0 0 na na
10 59630.094350320044 0.006610542201 cfg1 2 1 0 0 na na
10 59630.101350348017 0.006610723411 cfg1 2 1 0 0 na na
10 59630.102350241122 0.006610759355 cfg1 2 1 0 0 na na
10 59630.106350320574 0.006610838031 cfg1 2 1 0 0 na na
10 59630.108350262769 0.006610890337 cfg1 2 1 0 0 na na
10 59630.111350234500 0.006610992429 cfg1 2 1 0 0 na na
10 59630.116350261375 0.006611095351 cfg1 2 1 0 0 na na
10 59630.118350333760 0.006611151742 cfg1 2 1 0 0 na na
10 59630.154350340657 0.006612100147 cfg1 2 1 0 0 na na
10 59630.164350265894 0.006612352418 cfg1 2 1 0 0 na na
10 59630.176350285252 0.006612659941 cfg1 2 1 0 0 na na
10 59630.183350344775 0.006612838756 cfg1 2 1 0 0 na na
10 59630.184350237809 0.006612869221 cfg1 2 1 0 0 na na
10 59630.201350315643 0.006613297458 cfg1 2 1 0 0 na na
10 59630.204350249059 0.006613372920 cfg1 2 1 0 0 na na
10 59630.226350247362 0.006613939710 cfg1 2 1 0 0 na na
10 59630.245350336421 0.006614428752 cfg1 2 1 0 0 na na
10 59630.249350282335 0.006614518111 cfg1 2 1 0 0 na na
10 59630.251350363153 0.006614575348 cfg1 2 1 0 0 na na
10 59630.258350268828 0.006614776027 cfg1 2 1 0 0 na na
10 59630.260350280416 0.006614806469 cfg1 2 1 0 0 na na
10 59630.272350326849 0.006615110561 cfg1 2 1 0 0 na na
10 59630.274350394881 0.006615172431 cfg1 2 1 0 0 na na
10 59630.277350256571 0.006615249321 cfg1 2 1 0 0 na na
10 59630.279350335388 0.006615302973 cfg1 2 1 0 0 na na
10 59630.281350287547 0.006615360255 cfg1 2 1 0 0 na na
10 59630.286350292559 0.006615469669 cfg1 2 1 0 0 na na
10 59630.291350274986 0.006615623018 cfg1 2 1 0 0 na na
10 59630.300350291849 0.006615847396 cfg1 2 1 0 0 na na
10 59630.302350244851 0.006615910298 cfg1 2 1 0 0 na na
10 59630.315350291270 0.006616231591 cfg1 2 1 0 0 na na
10 59630.320350252064 0.006616354779 cfg1 2 1 0 0 na na
10 59630.321350312660 0.006616384299 cfg1 2 1 0 0 na na
10 59630.333350287189 0.006616699446 cfg1 2 1 0 0 na na
10 59630.343350285846 0.006616959164 cfg1 2 1 0 0 na na
10 59630.347350278602 0.006617059221 cfg1 2 1 0 0 na na
10 59630.356350302584 0.006617299652 cfg1 2 1 0 0 na na
10 59630.364350288527 0.006617497214 cfg1 2 1 0 0 na na
10 59630.393350298553 0.006618229566 cfg1 2 1 0 0 na na
10 59630.399350314977 0.006618393943 cfg1 2 1 0 0 na na
10 59630.404350264856 0.006618537058 cfg1 2 1 0 0 na na
10 59630.424350315397 0.006619056295 cfg1 2 1 0 0 na na
10 59630.440350293050 0.006619458698 cfg1 2 1 0 0 na na
10 59630.446350250385 0.006619620906 cfg1 2 1 0 0 na na
10 59630.454350342399 0.006619812424 cfg1 2 1 0 0 na na
10 59630.461350311985 0.006619983168 cfg1 2 1 0 0 na na
10 59630.462350302562 0.006620008018 cfg1 2 1 0 0 na na
10 59630.470350327909 0.006620241526 cfg1 2 1 0 0 na na
10 59630.501350302406 0.006621020392 cfg1 2 1 0 0 na na
10 59630.524350297160 0.006621626255 cfg1 2 1 0 0 na na
10 59630.532350314929 0.006621829255 cfg1 2 1 0 0 na na
10 59630.536350335287 0.006621927061 cfg1 2 1 0 0 na na
10 59630.542350320550 0.006622088721 cfg1 2 1 0 0 na na
10 59630.549350286215 0.006622278526 cfg1 2 1 0 0 na na
10 59630.559350322227 0.006622513255 cfg1 2 1 0 0 na na
10 59630.567350317192 0.006622726724 cfg1 2 1 0 0 na na
10 59630.585350354949 0.006623189952 cfg1 2 1 0 0 na na
10 59630.586350337025 0.006623231167 cfg1 2 1 0 0 na na
10 59630.587350291426 0.006623236410 cfg1 2 1 0 0 na na
10 59630.588350278981 0.006623271900 cfg1 2 1 0 0 na na
10 59630.598350247700 0.006623534272 cfg1 2 1 0 0 na na
10 59630.602350273295 0.006623651990 cfg1 2 1 0 0 na na
10 59630.608350292069 0.006623781731 cfg1 2 1 0 0 na na
10 59630.609350314493 0.006623828810 cfg1 2 1 0 0 na na
10 59630.619350304662 0.006624072232 cfg1 2 1 0 0 na na
10 59630.630350304383 0.006624352327 cfg1 2 1 0 0 na na
10 59630.653350285457 0.006624948958 cfg1 2 1 0 0 na na
10 59630.667350315385 0.006625312178 cfg1 2 1 0 0 na na
10 59630.672350306968 0.006625437024 cfg1 2 1 0 0 na na
10 59630.674350296196 0.006625486754 cfg1 2 1 0 0 na na
10 59630.677350275185 0.006625586968 cfg1 2 1 0 0 na na
10 59630.679350358065 0.006625620225 cfg1 2 1 0 0 na na
10 59630.680350242455 0.006625659702 cfg1 2 1 0 0 na na
10 59630.683350347858 0.006625725472 cfg1 2 1 0 0 na na
10 59630.691350332878 0.006625927689 cfg1 2 1 0 0 na na
10 59630.700350278306 0.006626160492 cfg1 2 1 0 0 na na
10 59630.702350327228 0.006626211706 cfg1 2 1 0 0 na na
10 59630.746350371518 0.006627357197 cfg1 2 1 0 0 na na
10 59630.747350264921 0.006627397128 cfg1 2 1 0 0 na na
10 59630.754350291381 0.006627559903 cfg1 2 1 0 0 na na
10 59630.757350354195 0.006627659820 cfg1 2 1 0 0 na na
10 59630.764350252276 0.006627824491 cfg1 2 1 0 0 na na
10 59630.766350330122 0.006627874420 cfg1 2 1 0 0 na na
10 59630.769350259823 0.006627952991 cfg1 2 1 0 0 na na
10 59630.778350295398 0.006628183217 cfg1 2 1 0 0 na na
10 59630.780350260692 0.006628231190 cfg1 2 1 0 0 na na
10 59630.821350287038 0.006629288338 cfg1 2 1 0 0 na na
10 59630.831350307550 0.006629561632 cfg1 2 1 0 0 na na
10 59630.839350298265 0.006629782303 cfg1 2 1 0 0 na na
10 59630.844350263347 0.006629883516 cfg1 2 1 0 0 na na
10 59630.846350258766 0.006629937953 cfg1 2 1 0 0 na na
10 59630.850350318522 0.006630040618 cfg1 2 1 0 0 na na
10 59630.853350260498 0.006630124979 cfg1 2 1 0 0 na na
10 59630.865350275651 0.006630453993 cfg1 2 1 0 0 na na
10 59630.871350262187 0.006630584633 cfg1 2 1 0 0 na na
10 59630.873350319882 0.006630661278 cfg1 2 1 0 0 na na
10 59630.881350255533 0.006630851432 cfg1 2 1 0 0 na na
10 59630.884350285320 0.006630941571 cfg1 2 1 0 0 na na
10 59630.896350283028 0.006631235372 cfg1 2 1 0 0 na na
10 59630.909350322261 0.006631569890 cfg1 2 1 0 0 na na
10 59630.915350308363 0.006631724571 cfg1 2 1 0 0 na na
10 59630.925350340068 0.006632001731 cfg1 2 1 0 0 na na
10 59630.929350271809 0.006632090646 cfg1 2 1 0 0 na na
10 59630.951350346529 0.006632669379 cfg1 2 1 0 0 na na
10 59630.957350296091 0.006632832928 cfg1 2 1 0 0 na na
10 59630.959350321322 0.006632864096 cfg1 2 1 0 0 na na
10 59630.976350323665 0.006633304427 cfg1 2 1 0 0 na na
10 59630.978350330898 0.006633370353 cfg1 2 1 0 0 na na
10 59630.982350284371 0.006633479547 cfg1 2 1 0 0 na na
10 59630.988350322791 0.006633640992 cfg1 2 1 0 0 na na
10 59630.989350311374 0.006633662751 cfg1 2 1 0 0 na na
10 59630.993350371714 0.006633750746 cfg1 2 1 0 0 na na
10 59631.004350321647 0.006634049328 cfg1 2 1 0 0 na na
10 59631.012350326550 0.006634240724 cfg1 2 1 0 0 na na
10 59631.013350303367 0.006634268895 cfg1 2 1 0 0 na na
10 59631.014350321497 0.006634291434 cfg1 2 1 0 0 na na
10 59631.023350311291 0.006634542796 cfg1 2 1 0 0 na na
10 59631.032350322867 0.006634764458 cfg1 2 1 0 0 na na
10 59631.036350343298 0.006634866179 cfg1 2 1 0 0 na na
10 59631.041350275491 0.006635013371 cfg1 2 1 0 0 na na
10 59631.042350318130 0.006635034042 cfg1 2 1 0 0 na na
10 59631.054350279455 0.006635328111 cfg1 2 1 0 0 na na
10 59631.061350317888 0.006635516937 cfg1 2 1 0 0 na na
10 59631.080350305995 0.006636023377 cfg1 2 1 0 0 na na
10 59631.084350249249 0.006636122629 cfg1 2 1 0 0 na na
10 59631.095350291149 0.006636410067 cfg1 2 1 0 0 na na
10 59631.108350301899 0.006636743442 cfg1 2 1 0 0 na na
10 59631.123350329319 0.006637125234 cfg1 2 1 0 0 na na
10 59631.163350254985 0.006638166950 cfg1 2 1 0 0 na na
10 59631.191350260049 0.006638891694 cfg1 2 1 0 0 na na
10 59631.194350278553 0.006638965283 cfg1 2 1 0 0 na na
10 59631.198350325753 0.006639074790 cfg1 2 1 0 0 na na
10 59631.206350321177 0.006639299817 cfg1 2 1 0 0 na na
10 59631.209350355736 0.006639362655 cfg1 2 1 0 0 na na
10 59631.221350247839 0.006639684232 cfg1 2 1 0 0 na na
10 59631.223350248934 0.006639732972 cfg1 2 1 0 0 na na
10 59631.228350310740 0.006639874506 cfg1 2 1 0 0 na na
10 59631.234350306079 0.006640004346 cfg1 2 1 0 0 na na
10 59631.244350268208 0.006640276422 cfg1 2 1 0 0 na na
10 59631.248350331891 0.006640384853 cfg1 2 1 0 0 na na
10 59631.255350305697 0.006640576146 cfg1 2 1 0 0 na na
10 59631.258350263572 0.006640628347 cfg1 2 1 0 0 na na
10 59631.259350355556 0.006640665455 cfg1 2 1 0 0 na na
10 59631.261350283928 0.006640721861 cfg1 2 1 0 0 na na
10 59631.270350311933 0.006640942408 cfg1 2 1 0 0 na na
10 59631.285350298334 0.006641351898 cfg1 2 1 0 0 na na
10 59631.294350323693 0.006641582260 cfg1 2 1 0 0 na na
10 59631.297350293603 0.006641659390 cfg1 2 1 0 0 na na
10 59631.305350274994 0.006641862067 cfg1 2 1 0 0 na na
10 59631.307350291676 0.006641927647 cfg1 2 1 0 0 na na
10 59631.311350276115 0.006642034968 cfg1 2 1 0 0 na na
10 59631.314350326515 0.006642084413 cfg1 2 1 0 0 na na
10 59631.318350307547 0.006642209785 cfg1 2 1 0 0 na na
10 59631.326350355475 0.006642402693 cfg1 2 1 0 0 na na
10 59631.333350272720 0.006642585023 cfg1 2 1 0 0 na na
10 59631.339350313461 0.006642756295 cfg1 2 1 0 0 na na
10 59631.350350328785 0.006643040328 cfg1 2 1 0 0 na na
10 59631.364350296748 0.006643413186 cfg1 2 1 0 0 na na
10 59631.367350330601 0.006643484405 cfg1 2 1 0 0 na na
10 59631.370350261748 0.006643545176 cfg1 2 1 0 0 na na
10 59631.432350254678 0.006645167187 cfg1 2 1 0 0 na na
10 59631.434350294930 0.006645221240 cfg1 2 1 0 0 na na
10 59631.445350313417 0.006645506315 cfg1 2 1 0 0 na na
10 59631.447350304003 0.006645572951 cfg1 2 1 0 0 na na
10 59631.452350295561 0.006645676896 cfg1 2 1 0 0 na na
10 59631.468350298471 0.006646112564 cfg1 2 1 0 0 na na
10 59631.469350250363 0.006646140761 cfg1 2 1 0 0 na na
10 59631.475350258569 0.006646295544 cfg1 2 1 0 0 na na
10 59631.480350265823 0.006646428567 cfg1 2 1 0 0 na na
10 59631.483350273209 0.006646503504 cfg1 2 1 0 0 na na
10 59631.489350362075 0.006646657094 cfg1 2 1 0 0 na na
10 59631.491350274778 0.006646715223 cfg1 2 1 0 0 na na
10 59631.494350303942 0.006646776053 cfg1 2 1 0 0 na na
10 59631.497350330110 0.006646859841 cfg1 2 1 0 0 na na
10 59631.509350317470 0.006647177076 cfg1 2 1 0 0 na na
10 59631.519350322546 0.006647425447 cfg1 2 1 0 0 na na
10 59631.520350288658 0.006647471074 cfg1 2 1 0 0 na na
10 59631.522350271693 0.006647527193 cfg1 2 1 0 0 na na
10 59631.524350280778 0.006647560083 cfg1 2 1 0 0 na na
10 59631.534350324722 0.006647815358 cfg1 2 1 0 0 na na
10 59631.550350250038 0.006648246776 cfg1 2 1 0 0 na na
10 59631.591350345000 0.006649330332 cfg1 2 1 0 0 na na
10 59631.603350297431 0.006649627805 cfg1 2 1 0 0 na na
10 59631.622350280688 0.006650110638 cfg1 2 1 0 0 na na
10 59631.627350296250 0.006650249802 cfg1 2 1 0 0 na na
10 59631.646350277218 0.006650746714 cfg1 2 1 0 0 na na
10 59631.653350271209 0.006650940319 cfg1 2 1 0 0 na na
10 59631.667350337294 0.006651310900 cfg1 2 1 0 0 na na
10 59631.673350343551 0.006651454616 cfg1 2 1 0 0 na na
10 59631.681350301086 0.006651665962 cfg1 2 1 0 0 na na
10 59631.708350337070 0.006652376063 cfg1 2 1 0 0 na na
10 59631.738350327071 0.006653139603 cfg1 2 1 0 0 na na
10 59631.743350277132 0.006653269389 cfg1 2 1 0 0 na na
10 59631.746350359303 0.006653375763 cfg1 2 1 0 0 na na
10 59631.751350265194 0.006653481432 cfg1 2 1 0 0 na na
10 59631.765350289801 0.006653859904 cfg1 2 1 0 0 na na
10 59631.773350347088 0.006654061455 cfg1 2 1 0 0 na na
10 59631.780350332968 0.006654258699 cfg1 2 1 0 0 na na
10 59631.788350289124 0.006654450512 cfg1 2 1 0 0 na na
10 59631.795350323103 0.006654654898 cfg1 2 1 0 0 na na
10 59631.799350311992 0.006654746309 cfg1 2 1 0 0 na na
10 59631.800350327195 0.006654763724 cfg1 2 1 0 0 na na
10 59631.811350342373 0.006655066380 cfg1 2 1 0 0 na na
10 59631.812350295953 0.006655089420 cfg1 2 1 0 0 na na
10 59631.816350321436 0.006655195505 cfg1 2 1 0 0 na na
10 59631.821350329818 0.006655327131 cfg1 2 1 0 0 na na
10 59631.846350264186 0.006655962636 cfg1 2 1 0 0 na na
10 59631.848350301189 0.006656018420 cfg1 2 1 0 0 na na
10 59631.849350332146 0.006656051104 cfg1 2 1 0 0 na na
10 59631.855350260082 0.006656202021 cfg1 2 1 0 0 na na
10 59631.865350328477 0.006656469632 cfg1 2 1 0 0 na na
10 59631.884350325810 0.006656969606 cfg1 2 1 0 0 na na
10 59631.892350289218 0.006657177693 cfg1 2 1 0 0 na na
10 59631.893350350261 0.006657196360 cfg1 2 1 0 0 na na
10 59631.900350295111 0.006657389731 cfg1 2 1 0 0 na na
10 59631.909350318639 0.006657611338 cfg1 2 1 0 0 na na
10 59631.915350267743 0.006657768957 cfg1 2 1 0 0 na na
10 59631.960350341007 0.006658965175 cfg1 2 1 0 0 na na
10 59631.970350335591 0.006659219842 cfg1 2 1 0 0 na na
10 59631.982350331441 0.006659546277 cfg1 2 1 0 0 na na
10 59631.985350333017 0.006659626720 cfg1 2 1 0 0 na na
10 59632.004350308743 0.006660122176 cfg1 2 1 0 0 na na
10 59632.011350276911 0.006660307754 cfg1 2 1 0 0 na na
10 59632.030350296692 0.006660782659 cfg1 2 1 0 0 na na
10 59632.045350353629 0.006661176090 cfg1 2 1 0 0 na na
10 59632.082350328356 0.006662167942 cfg1 2 1 0 0 na na
10 59632.091350339205 0.006662381023 cfg1 2 1 0 0 na na
10 59632.096350283955 0.006662522467 cfg1 2 1 0 0 na na
10 59632.099350332390 0.006662599654 cfg1 2 1 0 0 na na
10 59632.127350235745 0.006663346146 cfg1 2 1 0 0 na na
10 59632.142350273938 0.006663738406 cfg1 2 1 0 0 na na
10 59632.143350340952 0.006663738032 cfg1 2 1 0 0 na na
10 59632.144350298461 0.006663770561 cfg1 2 1 0 0 na na
10 59632.149350296256 0.006663910909 cfg1 2 1 0 0 na na
10 59632.158350306474 0.006664134840 cfg1 2 1 0 0 na na
10 59632.177350356688 0.006664654880 cfg1 2 1 0 0 na na
10 59632.180350300068 0.006664731201 cfg1 2 1 0 0 na na
10 59632.182350254606 0.006664772235 cfg1 2 1 0 0 na na
10 59632.197350336640 0.006665169319 cfg1 2 1 0 0 na na
10 59632.198350332199 0.006665191011 cfg1 2 1 0 0 na na
10 59632.199350305325 0.006665228573 cfg1 2 1 0 0 na na
10 59632.202350323264 0.006665302495 cfg1 2 1 0 0 na na
10 59632.209350286367 0.006665482883 cfg1 2 1 0 0 na na
10 59632.216350327345 0.006665657006 cfg1 2 1 0 0 na na
10 59632.222350271826 0.006665811771 cfg1 2 1 0 0 na na
10 59632.242350301154 0.006666361287 cfg1 2 1 0 0 na na
10 59632.252350326890 0.006666605905 cfg1 2 1 0 0 na na
10 59632.255350356806 0.006666697333 cfg1 2 1 0 0 na na
10 59632.266350339715 0.006666973513 cfg1 2 1 0 0 na na
10 59632.274350295708 0.006667188264 cfg1 2 1 0 0 na na
10 59632.277350277298 0.006667281297 cfg1 2 1 0 0 na na
10 59632.292350280870 0.006667665081 cfg1 2 1 0 0 na na
10 59632.295350257741 0.006667734283 cfg1 2 1 0 0 na na
10 59632.301350320471 0.006667902763 cfg1 2 1 0 0 na na
10 59632.307350270311 0.006668044376 cfg1 2 1 0 0 na na
10 59632.317350300110 0.006668318991 cfg1 2 1 0 0 na na
10 59632.330350338772 0.006668671665 cfg1 2 1 0 0 na na
10 59632.347350287209 0.006669111734 cfg1 2 1 0 0 na na
10 59632.349350256099 0.006669155619 cfg1 2 1 0 0 na na
10 59632.358350247368 0.006669399467 cfg1 2 1 0 0 na na
10 59632.359350328105 0.006669412065 cfg1 2 1 0 0 na na
10 59632.362350339990 0.006669512826 cfg1 2 1 0 0 na na
10 59632.373350340901 0.006669781181 cfg1 2 1 0 0 na na
10 59632.374350268387 0.006669803181 cfg1 2 1 0 0 na na
10 59632.384350299920 0.006670067259 cfg1 2 1 0 0 na na
10 59632.393350342937 0.006670306820 cfg1 2 1 0 0 na na
10 59632.407350310271 0.006670692205 cfg1 2 1 0 0 na na
10 59632.411350259235 0.006670782558 cfg1 2 1 0 0 na na
10 59632.417350244475 0.006670952478 cfg1 2 1 0 0 na na
10 59632.422350252172 0.006671074708 cfg1 2 1 0 0 na na
10 59632.431350248031 0.006671318968 cfg1 2 1 0 0 na na
10 59632.445350259087 0.006671672714 cfg1 2 1 0 0 na na
10 59632.447350285176 0.006671726959 cfg1 2 1 0 0 na na
10 59632.454350297728 0.006671933306 cfg1 2 1 0 0 na na
10 59632.461350261466 0.006672095174 cfg1 2 1 0 0 na na
10 59632.464350341505 0.006672171364 cfg1 2 1 0 0 na na
10 59632.468350297667 0.006672298157 cfg1 2 1 0 0 na na
10 59632.483350324536 0.006672678375 cfg1 2 1 0 0 na na
10 59632.494350304393 0.006672959810 cfg1 2 1 0 0 na na
10 59632.495350346382 0.006673000791 cfg1 2 1 0 0 na na
10 59632.501350335728 0.006673146521 cfg1 2 1 0 0 na na
10 59632.506350328748 0.006673292953 cfg1 2 1 0 0 na na
10 59632.542350281466 0.006674247959 cfg1 2 1 0 0 na na
10 59632.552350337501 0.006674506259 cfg1 2 1 0 0 na na
10 59632.555350280246 0.006674565358 cfg1 2 1 0 0 na na
10 59632.559350272834 0.006674671047 cfg1 2 1 0 0 na na
10 59632.562350369903 0.006674753123 cfg1 2 1 0 0 na na
10 59632.580350305506 0.006675227229 cfg1 2 1 0 0 na na
10 59632.584350325521 0.006675333478 cfg1 2 1 0 0 na na
10 59632.586350342505 0.006675399583 cfg1 2 1 0 0 na na
10 59632.589350330671 0.006675480971 cfg1 2 1 0 0 na na
10 59632.623350314849 0.006676366688 cfg1 2 1 0 0 na na
10 59632.630350282981 0.006676540847 cfg1 2 1 0 0 na na
10 59632.641350298500 0.006676831520 cfg1 2 1 0 0 na na
10 59632.642350295419 0.006676871206 cfg1 2 1 0 0 na na
10 59632.679350279990 0.006677856478 cfg1 2 1 0 0 na na
10 59632.690350283378 0.006678128444 cfg1 2 1 0 0 na na
10 59632.692350381939 0.006678172843 cfg1 2 1 0 0 na na
10 59632.694350289665 0.006678229866 cfg1 2 1 0 0 na na
10 59632.711350310491 0.006678680730 cfg1 2 1 0 0 na na
10 59632.721350302121 0.006678955077 cfg1 2 1 0 0 na na
10 59632.722350260956 0.006678975830 cfg1 2 1 0 0 na na
10 59632.742350332886 0.006679516759 cfg1 2 1 0 0 na na
10 59632.749350288196 0.006679694564 cfg1 2 1 0 0 na na
10 59632.750350270612 0.006679710702 cfg1 2 1 0 0 na na
10 59632.757350284070 0.006679908021 cfg1 2 1 0 0 na na
10 59632.762350256268 0.006680025612 cfg1 2 1 0 0 na na
10 59632.763350321100 0.006680053862 cfg1 2 1 0 0 na na
10 59632.777350293210 0.006680431913 cfg1 2 1 0 0 na na
10 59632.795350269697 0.006680892635 cfg1 2 1 0 0 na na
10 59632.798350317870 0.006680972821 cfg1 2 1 0 0 na na
10 59632.804350331230 0.006681147660 cfg1 2 1 0 0 na na
10 59632.815350341941 0.006681428474 cfg1 2 1 0 0 na na
10 59632.816350307497 0.006681468121 cfg1 2 1 0 0 na na
10 59632.822350291831 0.006681629735 cfg1 2 1 0 0 na na
10 59632.824350302796 0.006681680082 cfg1 2 1 0 0 na na
10 59632.830350256489 0.006681820440 cfg1 2 1 0 0 na na
10 59632.854350347194 0.006682452388 cfg1 2 1 0 0 na na
10 59632.870350264249 0.006682867651 cfg1 2 1 0 0 na na
10 59632.897350261614 0.006683585407 cfg1 2 1 0 0 na na
10 59632.906350268961 0.006683831239 cfg1 2 1 0 0 na na
10 59632.931350332146 0.006684489787 cfg1 2 1 0 0 na na
10 59632.953350298797 0.006685077152 cfg1 2 1 0 0 na na
10 59632.961350250143 0.006685294178 cfg1 2 1 0 0 na na
10 59632.968350300427 0.006685485104 cfg1 2 1 0 0 na na
10 59632.975350264827 0.006685641998 cfg1 2 1 0 0 na na
10 59632.981350291044 0.006685819140 cfg1 2 1 0 0 na na
10 59632.985350327192 0.006685910663 cfg1 2 1 0 0 na na
10 59633.011350315957 0.006686597470 cfg1 2 1 0 0 na na
10 59633.030350369393 0.006687098510 cfg1 2 1 0 0 na na
10 59633.038350269018 0.006687319461 cfg1 2 1 0 0 na na
10 59633.040350303746 0.006687375007 cfg1 2 1 0 0 na na
10 59633.049350310693 0.006687622529 cfg1 2 1 0 0 na na
10 59633.050350355352 0.006687646942 cfg1 2 1 0 0 na na
10 59633.073350318028 0.006688237497 cfg1 2 1 0 0 na na
10 59633.076350289434 0.006688318993 cfg1 2 1 0 0 na na
10 59633.080350251587 0.006688430263 cfg1 2 1 0 0 na na
10 59633.085350272785 0.006688558533 cfg1 2 1 0 0 na na
10 59633.114350331848 0.006689341400 cfg1 2 1 0 0 na na
10 59633.131350290477 0.006689779046 cfg1 2 1 0 0 na na
10 59633.135350290687 0.006689886321 cfg1 2 1 0 0 na na
10 59633.146350310893 0.006690173562 cfg1 2 1 0 0 na na
10 59633.157350324587 0.006690465090 cfg1 2 1 0 0 na na
10 59633.161350258402 0.006690587787 cfg1 2 1 0 0 na na
10 59633.170350300884 0.006690823640 cfg1 2 1 0 0 na na
10 59633.224350352132 0.006692245495 cfg1 2 1 0 0 na na
10 59633.228350353559 0.006692347615 cfg1 2 1 0 0 na na
10 59633.243350308893 0.006692757189 cfg1 2 1 0 0 na na
10 59633.246350338700 0.006692816179 cfg1 2 1 0 0 na na
10 59633.248350246312 0.006692880697 cfg1 2 1 0 0 na na
10 59633.252350330211 0.006692991741 cfg1 2 1 0 0 na na
10 59633.253350279043 0.006693017825 cfg1 2 1 0 0 na na
10 59633.258350290831 0.006693134222 cfg1 2 1 0 0 na na
10 59633.260350357616 0.006693202405 cfg1 2 1 0 0 na na
10 59633.261350292758 0.006693234976 cfg1 2 1 0 0 na na
10 59633.284350291285 0.006693825786 cfg1 2 1 0 0 na na
10 59633.290350297652 0.006693988285 cfg1 2 1 0 0 na na
10 59633.292350285476 0.006694057644 cfg1 2 1 0 0 na na
10 59633.297350343074 0.006694164339 cfg1 2 1 0 0 na na
10 59633.313350312973 0.006694601460 cfg1 2 1 0 0 na na
10 59633.321350301002 0.006694812942 cfg1 2 1 0 0 na na
10 59633.334350287825 0.006695169781 cfg1 2 1 0 0 na na
10 59633.335350332929 0.006695195365 cfg1 2 1 0 0 na na
10 59633.339350324408 0.006695304995 cfg1 2 1 0 0 na na
10 59633.343350396127 0.006695389474 cfg1 2 1 0 0 na na
10 59633.345350285508 0.006695437288 cfg1 2 1 0 0 na na
10 59633.389350304464 0.006696616621 cfg1 2 1 0 0 na na
10 59633.392350318295 0.006696709083 cfg1 2 1 0 0 na na
10 59633.418350308632 0.006697383124 cfg1 2 1 0 0 na na
10 59633.454350298026 0.006698347183 cfg1 2 1 0 0 na na
10 59633.469350350025 0.006698746231 cfg1 2 1 0 0 na na
10 59633.534350322679 0.006700467243 cfg1 2 1 0 0 na na
10 59633.556350305994 0.006701040646 cfg1 2 1 0 0 na na
10 59633.565350307610 0.006701289404 cfg1 2 1 0 0 na na
10 59633.606350288252 0.006702379592 cfg1 2 1 0 0 na na
10 59633.616350261556 0.006702654430 cfg1 2 1 0 0 na na
10 59633.647350275757 0.006703474647 cfg1 2 1 0 0 na na
10 59633.652350326162 0.006703610780 cfg1 2 1 0 0 na na
10 59633.660350357461 0.006703826013 cfg1 2 1 0 0 na na
10 59633.662350307518 0.006703874819 cfg1 2 1 0 0 na na
10 59633.678350294634 0.006704294335 cfg1 2 1 0 0 na na
10 59633.680350302753 0.006704355118 cfg1 2 1 0 0 na na
10 59633.686350356079 0.006704503332 cfg1 2 1 0 0 na na
10 59633.692350316911 0.006704668779 cfg1 2 1 0 0 na na
10 59633.694350315419 0.006704709551 cfg1 2 1 0 0 na na
10 59633.695350334974 0.006704748128 cfg1 2 1 0 0 na na
10 59633.701350296500 0.006704897774 cfg1 2 1 0 0 na na
10 59633.714350291863 0.006705261252 cfg1 2 1 0 0 na na
10 59633.764350279033 0.006706585051 cfg1 2 1 0 0 na na
10 59633.805350299078 0.006707664994 cfg1 2 1 0 0 na na
10 59633.844350365350 0.006708719840 cfg1 2 1 0 0 na na
10 59633.846350327892 0.006708751834 cfg1 2 1 0 0 na na
10 59633.860350287609 0.006709127719 cfg1 2 1 0 0 na na
10 59633.920350312470 0.006710727310 cfg1 2 1 0 0 na na
10 59633.926350328200 0.006710895166 cfg1 2 1 0 0 na na
10 59633.948350320242 0.006711498462 cfg1 2 1 0 0 na na
10 59633.949350322968 0.006711501037 cfg1 2 1 0 0 na na
10 59633.977350325525 0.006712257715 cfg1 2 1 0 0 na na
10 59633.988350296302 0.006712551845 cfg1 2 1 0 0 na na
10 59633.999350302720 0.006712855226 cfg1 2 1 0 0 na na
10 59634.014350258271 0.006713241680 cfg1 2 1 0 0 na na
10 59634.061350347995 0.006714494323 cfg1 2 1 0 0 na na
10 59634.065350335041 0.006714609359 cfg1 2 1 0 0 na na
10 59634.073350318328 0.006714805614 cfg1 2 1 0 0 na na
10 59634.077350276792 0.006714930199 cfg1 2 1 0 0 na na
10 59634.089350282704 0.006715260377 cfg1 2 1 0 0 na na
10 59634.091350331163 0.006715311522 cfg1 2 1 0 0 na na
10 59634.098350326728 0.006715482774 cfg1 2 1 0 0 na na
10 59634.137350306795 0.006716514312 cfg1 2 1 0 0 na na
10 59634.162350303561 0.006717204536 cfg1 2 1 0 0 na na
10 59634.165350305003 0.006717261460 cfg1 2 1 0 0 na na
10 59634.176350287937 0.006717569070 cfg1 2 1 0 0 na na
10 59634.188350260967 0.006717881101 cfg1 2 1 0 0 na na
10 59634.206350341813 0.006718385742 cfg1 2 1 0 0 na na
10 59634.227350258359 0.006718923513 cfg1 2 1 0 0 na na
10 59634.246350313385 0.006719449537 cfg1 2 1 0 0 na na
10 59634.259350313234 0.006719789071 cfg1 2 1 0 0 na na
10 59634.260350326339 0.006719815881 cfg1 2 1 0 0 na na
10 59634.319350307576 0.006721383261 cfg1 2 1 0 0 na na
10 59634.340350256096 0.006721964310 cfg1 2 1 0 0 na na
10 59634.354350299012 0.006722322512 cfg1 2 1 0 0 na na
10 59634.373350295819 0.006722823522 cfg1 2 1 0 0 na na
10 59634.379350284872 0.006723009070 cfg1 2 1 0 0 na na
10 59634.380350289425 0.006723011782 cfg1 2 1 0 0 na na
10 59634.389350350236 0.006723266391 cfg1 2 1 0 0 na na
10 59634.408350322918 0.006723767832 cfg1 2 1 0 0 na na
10 59634.411350310336 0.006723847216 cfg1 2 1 0 0 na na
10 59634.427350283906 0.006724271115 cfg1 2 1 0 0 na na
10 59634.481350287244 0.006725727628 cfg1 2 1 0 0 na na
10 59634.483350260789 0.006725771056 cfg1 2 1 0 0 na na
10 59634.484350365052 0.006725824069 cfg1 2 1 0 0 na na
10 59634.495350249676 0.006726115654 cfg1 2 1 0 0 na na
10 59634.511350307811 0.006726535150 cfg1 2 1 0 0 na na
10 59634.527350329983 0.006726974117 cfg1 2 1 0 0 na na
10 59634.551350272272 0.006727598419 cfg1 2 1 0 0 na na
10 59634.572350283211 0.006728170775 cfg1 2 1 0 0 na na
10 59634.604350314164 0.006729018785 cfg1 2 1 0 0 na na
10 59634.614350291427 0.006729285713 cfg1 2 1 0 0 na na
10 59634.620350325555 0.006729468064 cfg1 2 1 0 0 na na
10 59634.632350298279 0.006729790199 cfg1 2 1 0 0 na na
10 59634.653350310829 0.006730329631 cfg1 2 1 0 0 na na
10 59634.658350304618 0.006730490316 cfg1 2 1 0 0 na na
10 59634.705350296218 0.006731729897 cfg1 2 1 0 0 na na
10 59634.716350342313 0.006732020455 cfg1 2 1 0 0 na na
10 59634.777350330203 0.006733672833 cfg1 2 1 0 0 na na
10 59634.781350281417 0.006733772961 cfg1 2 1 0 0 na na
10 59634.792350320834 0.006734083125 cfg1 2 1 0 0 na na
10 59634.817350308569 0.006734758879 cfg1 2 1 0 0 na na
10 59634.819350302793 0.006734806601 cfg1 2 1 0 0 na na
10 59634.852350310606 0.006735699757 cfg1 2 1 0 0 na na
10 59634.913350263416 0.006737339586 cfg1 2 1 0 0 na na
10 59634.965350295153 0.006738714158 cfg1 2 1 0 0 na na
10 59635.000350311028 0.006739652669 cfg1 2 1 0 0 na na
10 59635.002350315188 0.006739715108 cfg1 2 1 0 0 na na
10 59635.011350326880 0.006739959055 cfg1 2 1 0 0 na na
10 59635.036350318036 0.006740640335 cfg1 2 1 0 0 na na
10 59635.064350273507 0.006741389223 cfg1 2 1 0 0 na na
10 59635.073350367192 0.006741637216 cfg1 2 1 0 0 na na
10 59635.132350254982 0.006743216907 cfg1 2 1 0 0 na na
10 59635.172350279171 0.006744312932 cfg1 2 1 0 0 na na
10 59635.216350356616 0.006745491728 cfg1 2 1 0 0 na na
10 59635.300350305476 0.006747747937 cfg1 2 1 0 0 na na
10 59635.319350315687 0.006748273952 cfg1 2 1 0 0 na na
10 59635.333350302086 0.006748643939 cfg1 2 1 0 0 na na
10 59635.334350319376 0.006748667543 cfg1 2 1 0 0 na na
10 59635.346350335063 0.006749003219 cfg1 2 1 0 0 na na
10 59635.359350328291 0.006749344833 cfg1 2 1 0 0 na na
10 59635.384350338371 0.006750017721 cfg1 2 1 0 0 na na
10 59635.395350340044 0.006750327693 cfg1 2 1 0 0 na na
10 59635.398350313482 0.006750406499 cfg1 2 1 0 0 na na
10 59635.412350334584 0.006750778422 cfg1 2 1 0 0 na na
10 59635.477350295521 0.006752543077 cfg1 2 1 0 0 na na
10 59635.486350317392 0.006752780259 cfg1 2 1 0 0 na na
10 59635.497350319430 0.006753060341 cfg1 2 1 0 0 na na
10 59635.546350325430 0.006754404638 cfg1 2 1 0 0 na na
10 59635.556350320890 0.006754657682 cfg1 2 1 0 0 na na
10 59635.578350345035 0.006755256921 cfg1 2 1 0 0 na na
10 59635.588350265341 0.006755540883 cfg1 2 1 0 0 na na
10 59635.594350323945 0.006755696108 cfg1 2 1 0 0 na na
10 59635.631350287665 0.006756704468 cfg1 2 1 0 0 na na
10 59635.642350244095 0.006757002760 cfg1 2 1 0 0 na na
10 59635.645350310648 0.006757084860 cfg1 2 1 0 0 na na
10 59635.699350303630 0.006758551044 cfg1 2 1 0 0 na na
10 59635.722350289713 0.006759173275 cfg1 2 1 0 0 na na
10 59635.752350324332 0.006759961484 cfg1 2 1 0 0 na na
10 59635.765350297742 0.006760314411 cfg1 2 1 0 0 na na
10 59635.792350241365 0.006761065543 cfg1 2 1 0 0 na na
10 59635.799350321840 0.006761249713 cfg1 2 1 0 0 na na
10 59635.801350260878 0.006761290881 cfg1 2 1 0 0 na na
10 59635.827350278120 0.006761997291 cfg1 2 1 0 0 na na
10 59635.831350337293 0.006762113473 cfg1 2 1 0 0 na na
10 59635.834350306099 0.006762200238 cfg1 2 1 0 0 na na
10 59635.849350365865 0.006762615567 cfg1 2 1 0 0 na na
10 59635.891350255544 0.006763752697 cfg1 2 1 0 0 na na
10 59635.894350315717 0.006763825853 cfg1 2 1 0 0 na na
10 59635.952350275761 0.006765411185 cfg1 2 1 0 0 na na
10 59635.953350322518 0.006765429734 cfg1 2 1 0 0 na na
10 59635.972350318822 0.006765953974 cfg1 2 1 0 0 na na
10 59635.973350274100 0.006765969683 cfg1 2 1 0 0 na na
10 59635.977350310558 0.006766077637 cfg1 2 1 0 0 na na
10 59635.990350276265 0.006766426168 cfg1 2 1 0 0 na na
10 59635.992350262165 0.006766497484 cfg1 2 1 0 0 na na
10 59636.006350298500 0.006766866965 cfg1 2 1 0 0 na na
10 59636.035350297630 0.006767644659 cfg1 2 1 0 0 na na
10 59636.065350322936 0.006768473312 cfg1 2 1 0 0 na na
10 59636.073350272863 0.006768670689 cfg1 2 1 0 0 na na
10 59636.090350306299 0.006769139099 cfg1 2 1 0 0 na na
10 59636.096350315250 0.006769323393 cfg1 2 1 0 0 na na
10 59636.103350309714 0.006769502074 cfg1 2 1 0 0 na na
10 59636.107350300789 0.006769610705 cfg1 2 1 0 0 na na
10 59636.120350303848 0.006769971826 cfg1 2 1 0 0 na na
10 59636.125350314922 0.006770104361 cfg1 2 1 0 0 na na
10 59636.135350261951 0.006770354893 cfg1 2 1 0 0 na na
10 59636.140350296675 0.006770499153 cfg1 2 1 0 0 na na
10 59636.141350319704 0.006770535724 cfg1 2 1 0 0 na na
10 59636.153350297151 0.006770846456 cfg1 2 1 0 0 na na
10 59636.154350335471 0.006770878289 cfg1 2 1 0 0 na na
10 59636.165350341678 0.006771189637 cfg1 2 1 0 0 na na
10 59636.170350313155 0.006771305181 cfg1 2 1 0 0 na na
10 59636.179350287370 0.006771563650 cfg1 2 1 0 0 na na
10 59636.181350267830 0.006771626478 cfg1 2 1 0 0 na na
10 59636.191350298646 0.006771904042 cfg1 2 1 0 0 na na
10 59636.200350327442 0.006772130286 cfg1 2 1 0 0 na na
10 59636.223350329995 0.006772758389 cfg1 2 1 0 0 na na
10 59636.261350247529 0.006773807958 cfg1 2 1 0 0 na na
10 59636.266350356440 0.006773935711 cfg1 2 1 0 0 na na
10 59636.279350295176 0.006774284431 cfg1 2 1 0 0 na na
10 59636.284350300271 0.006774415722 cfg1 2 1 0 0 na na
10 59636.285350333735 0.006774434327 cfg1 2 1 0 0 na na
10 59636.296350297022 0.006774748215 cfg1 2 1 0 0 na na
10 59636.305350324302 0.006774979458 cfg1 2 1 0 0 na na
10 59636.319350266715 0.006775360171 cfg1 2 1 0 0 na na
10 59636.324350272758 0.006775503109 cfg1 2 1 0 0 na na
10 59636.334350250297 0.006775783490 cfg1 2 1 0 0 na na
10 59636.339350271370 0.006775906812 cfg1 2 1 0 0 na na
10 59636.341350261862 0.006775960067 cfg1 2 1 0 0 na na
10 59636.348350255934 0.006776158921 cfg1 2 1 0 0 na na
10 59636.360350265261 0.006776476729 cfg1 2 1 0 0 na na
10 59636.383350309428 0.006777127276 cfg1 2 1 0 0 na na
10 59636.400350255521 0.006777576243 cfg1 2 1 0 0 na na
10 59636.405350285252 0.006777720133 cfg1 2 1 0 0 na na
10 59636.504350315910 0.006780414767 cfg1 2 1 0 0 na na
10 59636.505350289850 0.006780445956 cfg1 2 1 0 0 na na
10 59636.516350304133 0.006780756589 cfg1 2 1 0 0 na na
10 59636.517350315966 0.006780757054 cfg1 2 1 0 0 na na
10 59636.526350296352 0.006781006462 cfg1 2 1 0 0 na na
10 59636.542350287921 0.006781445469 cfg1 2 1 0 0 na na
10 59636.548350269867 0.006781626153 cfg1 2 1 0 0 na na
10 59636.556350317924 0.006781818890 cfg1 2 1 0 0 na na
10 59636.560350279268 0.006781931217 cfg1 2 1 0 0 na na
10 59636.563350309275 0.006782037469 cfg1 2 1 0 0 na na
10 59636.635350277173 0.006783990365 cfg1 2 1 0 0 na na
10 59636.682350340529 0.006785287956 cfg1 2 1 0 0 na na
10 59636.711350328986 0.006786053371 cfg1 2 1 0 0 na na
10 59636.733350273383 0.006786677252 cfg1 2 1 0 0 na na
10 59636.734350349467 0.006786706328 cfg1 2 1 0 0 na na
10 59636.769350315986 0.006787655082 cfg1 2 1 0 0 na na
10 59636.786350317828 0.006788109722 cfg1 2 1 0 0 na na
10 59636.794350286370 0.006788320255 cfg1 2 1 0 0 na na
10 59636.815350322977 0.006788895104 cfg1 2 1 0 0 na na
10 59636.823350301339 0.006789120818 cfg1 2 1 0 0 na na
10 59636.876350280643 0.006790572889 cfg1 2 1 0 0 na na
10 59636.882350283155 0.006790738271 cfg1 2 1 0 0 na na
10 59636.890350272897 0.006790958004 cfg1 2 1 0 0 na na
10 59636.973350324187 0.006793229778 cfg1 2 1 0 0 na na
10 59636.999350289644 0.006793951184 cfg1 2 1 0 0 na na
10 59637.004350301094 0.006794071567 cfg1 2 1 0 0 na na
10 59637.036350276689 0.006794957322 cfg1 2 1 0 0 na na
10 59637.070350311667 0.006795898922 cfg1 2 1 0 0 na na
10 59637.092350296471 0.006796479569 cfg1 2 1 0 0 na na
10 59637.111350308805 0.006797007591 cfg1 2 1 0 0 na na
10 59637.116350358180 0.006797142511 cfg1 2 1 0 0 na na
10 59637.131350278788 0.006797545542 cfg1 2 1 0 0 na na
10 59637.135350313073 0.006797668244 cfg1 2 1 0 0 na na
10 59637.156350255938 0.006798244165 cfg1 2 1 0 0 na na
10 59637.165350334447 0.006798500698 cfg1 2 1 0 0 na na
10 59637.195350329958 0.006799313889 cfg1 2 1 0 0 na na
10 59637.221350311052 0.006800020073 cfg1 2 1 0 0 na na
10 59637.312350304396 0.006802513963 cfg1 2 1 0 0 na na
10 59637.378350286650 0.006804344517 cfg1 2 1 0 0 na na
10 59637.394350320852 0.006804777964 cfg1 2 1 0 0 na na
10 59637.396350255629 0.006804831154 cfg1 2 1 0 0 na na
10 59637.408350310976 0.006805162125 cfg1 2 1 0 0 na na
10 59637.494350308981 0.006807541448 cfg1 2 1 0 0 na na
10 59637.525350287456 0.006808376435 cfg1 2 1 0 0 na na
10 59637.763350307660 0.006814931327 cfg1 2 1 0 0 na na
10 59637.766350318870 0.006815015704 cfg1 2 1 0 0 na na
10 59637.907350282645 0.006818893249 cfg1 2 1 0 0 na na
10 59637.913350283475 0.006819057367 cfg1 2 1 0 0 na na
10 59637.915350317888 0.006819123934 cfg1 2 1 0 0 na na
10 59637.932350328110 0.006819586604 cfg1 2 1 0 0 na na
10 59637.937350351775 0.006819731131 cfg1 2 1 0 0 na na
10 59637.968350256611 0.006820586998 cfg1 2 1 0 0 na na
10 59637.982350308514 0.006820973509 cfg1 2 1 0 0 na na
10 59638.025350294740 0.006822174333 cfg1 2 1 0 0 na na
10 59638.233350323880 0.006827921408 cfg1 2 1 0 0 na na
10 59638.257350313708 0.006828575662 cfg1 2 1 0 0 na na
10 59638.275350360785 0.006829073797 cfg1 2 1 0 0 na na
10 59638.287350304347 0.006829403681 cfg1 2 1 0 0 na na
10 59638.349350358478 0.006831126094 cfg1 2 1 0 0 na na
10 59638.365350325199 0.006831558229 cfg1 2 1 0 0 na na
10 59638.512350318870 0.006835640412 cfg1 2 1 0 0 na na
10 59638.682350305252 0.006840347461 cfg1 2 1 0 0 na na
10 59638.747350257848 0.006842164496 cfg1 2 1 0 0 na na
10 59638.834350323357 0.006844582518 cfg1 2 1 0 0 na na
10 59638.864350324703 0.006845416759 cfg1 2 1 0 0 na na
10 59638.870350309368 0.006845583192 cfg1 2 1 0 0 na na
10 59638.931350268121 0.006847276795 cfg1 2 1 0 0 na na
10 59638.949350328413 0.006847773357 cfg1 2 1 0 0 na na
10 59638.955350328095 0.006847947686 cfg1 2 1 0 0 na na
10 59638.984350331377 0.006848749642 cfg1 2 1 0 0 na na
10 59638.998350254094 0.006849142727 cfg1 2 1 0 0 na na
10 59639.001350336344 0.006849229445 cfg1 2 2 0 0 na na
10 59639.053350332198 0.006850686449 cfg1 2 1 0 0 na na
10 59639.126350300917 0.006852709369 cfg1 2 1 0 0 na na
10 59639.246350300932 0.006856073506 cfg1 2 1 0 0 na na
10 59639.298350301032 0.006857509354 cfg1 2 1 0 0 na na
10 59639.325350329916 0.006858263077 cfg1 2 1 0 0 na na
10 59639.342350321136 0.006858745953 cfg1 2 1 0 0 na na
10 59639.485350293099 0.006862723426 cfg1 2 1 0 0 na na
10 59639.539350279430 0.006864242476 cfg1 2 1 0 0 na na
10 59639.736350294417 0.006869756743 cfg1 2 2 0 0 na na
10 59639.748350293120 0.006870092788 cfg1 2 2 0 0 na na
10 59639.899350296129 0.006874326516 cfg1 2 1 0 0 na na
10 59639.934350344681 0.006875323127 cfg1 2 1 0 0 na na
10 59639.955350301547 0.006875896377 cfg1 2 1 0 0 na na
10 59640.010350310635 0.006877447114 cfg1 2 1 0 0 na na
10 59640.183350332339 0.006882299998 cfg1 2 1 0 0 na na
10 59640.197350392182 0.006882709011 cfg1 2 1 0 0 na na
10 59640.318350320184 0.006886094937 cfg1 2 1 0 0 na na
10 59640.419350314575 0.006888940337 cfg1 2 1 0 0 na na
10 59640.494350321710 0.006891046273 cfg1 2 1 0 0 na na
10 59640.540350333117 0.006892363766 cfg1 2 1 0 0 na na
10 59640.573350321735 0.006893283093 cfg1 2 1 0 0 na na
10 59640.583350282072 0.006893569159 cfg1 2 1 0 0 na na
10 59640.606350294329 0.006894200454 cfg1 2 1 0 0 na na
10 59640.618350345995 0.006894549321 cfg1 2 1 0 0 na na
10 59640.681350349556 0.006896313467 cfg1 2 1 0 0 na na
10 59640.696350295281 0.006896750345 cfg1 2 1 0 0 na na
10 59640.708350318982 0.006897088989 cfg1 2 2 0 0 na na
10 59640.714350341883 0.006897260284 cfg1 2 1 0 0 na na
10 59640.737350333735 0.006897907698 cfg1 2 2 0 0 na na
10 59640.774350332404 0.006898956691 cfg1 2 1 0 0 na na
10 59640.782350320629 0.006899178492 cfg1 2 2 0 0 na na
10 59640.807350376680 0.006899884798 cfg1 2 2 0 0 na na
10 59640.999350333790 0.006905312690 cfg1 2 1 0 0 na na
10 59641.116350310846 0.006908624635 cfg1 2 2 0 0 na na
10 59641.220350366455 0.006911572699 cfg1 2 1 0 0 na na
10 59641.473350345830 0.006918745422 cfg1 2 1 0 0 na na
10 59641.561350292690 0.006921251431 cfg1 2 1 0 0 na na
10 59641.562350310017 0.006921276467 cfg1 2 1 0 0 na na
10 59641.569350341475 0.006921475349 cfg1 2 1 0 0 na na
10 59641.691350327573 0.006924944032 cfg1 2 2 0 0 na na
10 59641.748350338479 0.006926565795 cfg1 2 2 0 0 na na
10 59641.841350311550 0.006929214323 cfg1 2 1 0 0 na na
10 59641.849350330702 0.006929444911 cfg1 2 1 0 0 na na
10 59641.880350259629 0.006930321640 cfg1 2 1 0 0 na na
10 59641.973350286693 0.006932974216 cfg1 2 1 0 0 na na
10 59641.987350339919 0.006933364739 cfg1 2 1 0 0 na na
10 59641.992350340779 0.006933502057 cfg1 2 1 0 0 na na
10 59642.030350341205 0.006934604218 cfg1 2 1 0 0 na na
10 59642.074350306860 0.006935859506 cfg1 2 1 0 0 na na
10 59642.087350335974 0.006936225360 cfg1 2 1 0 0 na na
10 59642.163350319959 0.006938394460 cfg1 2 2 0 0 na na
10 59642.170350366084 0.006938581862 cfg1 2 1 0 0 na na
10 59642.441350302789 0.006946347931 cfg1 2 1 0 0 na na
10 59642.486350291722 0.006947613490 cfg1 2 1 0 0 na na
10 59642.520350270906 0.006948611181 cfg1 2 1 0 0 na na
10 59642.533350367759 0.006948969326 cfg1 2 1 0 0 na na
10 59642.562350311679 0.006949815066 cfg1 2 1 0 0 na na
10 59642.628350270647 0.006951692829 cfg1 2 1 0 0 na na
10 59642.637350338226 0.006951947516 cfg1 2 1 0 0 na na
10 59642.744350281386 0.006955007576 cfg1 2 1 0 0 na na
10 59642.804350319549 0.006956731964 cfg1 2 1 0 0 na na
10 59642.898350303905 0.006959442431 cfg1 2 1 0 0 na na
10 59642.922350309639 0.006960125181 cfg1 2 2 0 0 na na
10 59642.967350300851 0.006961421479 cfg1 2 1 0 0 na na
10 59642.969350299523 0.006961474907 cfg1 2 2 0 0 na na
10 59643.011350267617 0.006962681461 cfg1 2 2 0 0 na na
10 59643.113350283799 0.006965608412 cfg1 2 1 0 0 na na
10 59643.260350377249 0.006969854590 cfg1 2 1 0 0 na na
10 59643.276350294017 0.006970302936 cfg1 2 1 0 0 na na
10 59643.285350356850 0.006970562005 cfg1 2 2 0 0 na na
10 59643.348350344150 0.006972387390 cfg1 2 1 0 0 na na
10 59643.370350304675 0.006973018800 cfg1 2 1 0 0 na na
10 59643.459350321479 0.006975574967 cfg1 2 2 0 0 na na
10 59643.470350361230 0.006975885724 cfg1 2 1 0 0 na na
10 59643.520350373215 0.006977328175 cfg1 2 1 0 0 na na
10 59643.566350334730 0.006978675764 cfg1 2 1 0 0 na na
10 59643.607350291140 0.006979855244 cfg1 2 1 0 0 na na
10 59643.626350285913 0.006980407227 cfg1 2 1 0 0 na na
10 59643.655350281968 0.006981241655 cfg1 2 1 0 0 na na
10 59643.671350340049 0.006981694948 cfg1 2 1 0 0 na na
10 59643.697350293750 0.006982431456 cfg1 2 1 0 0 na na
10 59643.758350352912 0.006984208612 cfg1 2 1 0 0 na na
10 59643.821350284749 0.006986015764 cfg1 2 1 0 0 na na
10 59643.849350319086 0.006986824325 cfg1 2 1 0 0 na na
10 59643.870350298684 0.006987450550 cfg1 2 1 0 0 na na
10 59643.899350307518 0.006988289036 cfg1 2 1 0 0 na na
10 59643.934350361126 0.006989303092 cfg1 2 1 0 0 na na
10 59643.954350312868 0.006989875901 cfg1 2 1 0 0 na na
10 59643.995350291071 0.006991060276 cfg1 2 1 0 0 na na
10 59644.073350337034 0.006993310945 cfg1 2 1 0 0 na na
10 59644.122350342184 0.006994735983 cfg1 2 1 0 0 na na
10 59644.139350285057 0.006995229358 cfg1 2 1 0 0 na na
10 59644.633350326099 0.007009566694 cfg1 2 2 0 0 na na
10 59644.761350275550 0.007013285208 cfg1 2 1 0 0 na na
10 59644.780350302941 0.007013839712 cfg1 2 1 0 0 na na
10 59644.908350337828 0.007017559350 cfg1 2 1 0 0 na na
10 59644.920350269652 0.007017930866 cfg1 2 1 0 0 na na
10 59645.059350362268 0.007021981749 cfg1 2 1 0 0 na na
10 59645.074350268792 0.007022410698 cfg1 2 2 0 0 na na
10 59645.084350310884 0.007022702268 cfg1 2 1 0 0 na na
10 59645.112350304419 0.007023529439 cfg1 2 1 0 0 na na
10 59645.275350262702 0.007028269053 cfg1 2 1 0 0 na na
10 59645.372350354564 0.007031126667 cfg1 2 1 0 0 na na
10 59645.463350382795 0.007033774199 cfg1 2 1 0 0 na na
10 59645.579350310919 0.007037168913 cfg1 2 2 0 0 na na
10 59645.652350347027 0.007039304894 cfg1 2 1 0 0 na na
10 59645.679350332369 0.007040112982 cfg1 2 1 0 0 na na
10 59645.738350351351 0.007041826636 cfg1 2 2 0 0 na na
10 59645.918350317954 0.007047104113 cfg1 2 1 0 0 na na
10 59646.056350294050 0.007051165555 cfg1 2 1 0 0 na na
10 59646.062350295403 0.007051334115 cfg1 2 1 0 0 na na
10 59646.121350302724 0.007053071501 cfg1 2 1 0 0 na na
10 59646.160350327108 0.007054214682 cfg1 2 1 0 0 na na
10 59646.169350337644 0.007054493548 cfg1 2 1 0 0 na na
10 59646.209350326700 0.007055643813 cfg1 2 1 0 0 na na
10 59646.242350283851 0.007056638960 cfg1 2 1 0 0 na na
10 59646.253350308144 0.007056963517 cfg1 2 1 0 0 na na
10 59646.281350297834 0.007057772797 cfg1 2 2 0 0 na na
10 59646.302350326119 0.007058392119 cfg1 2 1 0 0 na na
10 59646.479350300834 0.007063602667 cfg1 2 2 0 0 na na
10 59646.508350312014 0.007064457234 cfg1 2 2 0 0 na na
10 59646.655350315397 0.007068790209 cfg1 2 1 0 0 na na
10 59646.674350321410 0.007069340867 cfg1 2 1 0 0 na na
10 59646.675350312728 0.007069397111 cfg1 2 1 0 0 na na
10 59646.700350363453 0.007070105575 cfg1 2 1 0 0 na na
10 59646.827350322273 0.007073878585 cfg1 2 1 0 0 na na
10 59646.874350360549 0.007075251382 cfg1 2 1 0 0 na na
10 59646.930350298928 0.007076902102 cfg1 2 1 0 0 na na
10 59647.129350313773 0.007082800657 cfg1 2 1 0 0 na na
10 59647.153350343710 0.007083514901 cfg1 2 1 0 0 na na
10 59647.213350320865 0.007085286617 cfg1 2 1 0 0 na na
10 59647.243350293688 0.007086177207 cfg1 2 1 0 0 na na
10 59647.385350335231 0.007090367880 cfg1 2 1 0 0 na na
10 59647.391350371834 0.007090552866 cfg1 2 1 0 0 na na
10 59647.441350396438 0.007092033868 cfg1 2 1 0 0 na na
10 59647.546350277213 0.007095159812 cfg1 2 1 0 0 na na
10 59647.669350339123 0.007098814002 cfg1 2 1 0 0 na na
10 59647.701350306608 0.007099747339 cfg1 2 1 0 0 na na
10 59647.761350343013 0.007101544310 cfg1 2 2 0 0 na na
10 59647.839350291521 0.007103858986 cfg1 2 1 0 0 na na
10 59648.011350315956 0.007108989954 cfg1 2 1 0 0 na na
10 59648.103350271035 0.007111716382 cfg1 2 1 0 0 na na
10 59648.201350312172 0.007114648618 cfg1 2 1 0 0 na na
10 59648.240350339079 0.007115812329 cfg1 2 1 0 0 na na
10 59648.256350330562 0.007116281964 cfg1 2 1 0 0 na na
10 59648.284350328220 0.007117126870 cfg1 2 1 0 0 na na
10 59648.561350315757 0.007125404619 cfg1 2 1 0 0 na na
10 59648.610350364198 0.007126865902 cfg1 2 1 0 0 na na
10 59648.821350353989 0.007133174769 cfg1 2 1 0 0 na na
10 59648.844350324241 0.007133854986 cfg1 2 1 0 0 na na
10 59648.860350305406 0.007134341981 cfg1 2 1 0 0 na na
10 59648.864350371998 0.007134455653 cfg1 2 1 0 0 na na
10 59648.906350380980 0.007135713753 cfg1 2 2 0 0 na na
10 59648.993350343551 0.007138326756 cfg1 2 1 0 0 na na
10 59649.036350314432 0.007139609915 cfg1 2 2 0 0 na na
10 59649.046350327063 0.007139905537 cfg1 2 1 0 0 na na
10 59649.153350361525 0.007143118578 cfg1 2 1 0 0 na na
10 59649.172350313228 0.007143681172 cfg1 2 1 0 0 na na
10 59649.578350352251 0.007155897237 cfg1 2 1 0 0 na na
10 59649.607350351682 0.007156762483 cfg1 2 1 0 0 na na
10 59649.629350335727 0.007157425153 cfg1 2 1 0 0 na na
10 59649.679350346811 0.007158918184 cfg1 2 1 0 0 na na
10 59649.746350308032 0.007160948397 cfg1 2 2 0 0 na na
10 59649.816350369753 0.007163061624 cfg1 2 1 0 0 na na
10 59649.865350288949 0.007164523668 cfg1 2 1 0 0 na na
10 59649.867350309276 0.007164594967 cfg1 2 2 0 0 na na
10 59649.870350264820 0.007164672143 cfg1 2 1 0 0 na na
10 59649.960350328653 0.007167398608 cfg1 2 1 0 0 na na
10 59650.098350295444 0.007171574804 cfg1 2 1 0 0 na na
10 59650.336350308580 0.007178767610 cfg1 2 1 0 0 na na
10 59650.368350292410 0.007179738592 cfg1 2 1 0 0 na na
10 59650.386350326612 0.007180280378 cfg1 2 1 0 0 na na
10 59650.445350304825 0.007182064198 cfg1 2 1 0 0 na na
10 59650.562350311920 0.007185595859 cfg1 2 1 0 0 na na
10 59650.667350348695 0.007188775554 cfg1 2 1 0 0 na na
10 59650.686350331878 0.007189348152 cfg1 2 1 0 0 na na
10 59650.771350322501 0.007191916946 cfg1 2 1 0 0 na na
10 59650.901350333855 0.007195883135 cfg1 2 1 0 0 na na
10 59650.940350290202 0.007197064966 cfg1 2 1 0 0 na na
10 59650.950350322575 0.007197355603 cfg1 2 1 0 0 na na
10 59651.023350331766 0.007199572426 cfg1 2 1 0 0 na na
10 59651.103350336754 0.007202009961 cfg1 2 1 0 0 na na
10 59651.226350346960 0.007205758554 cfg1 2 1 0 0 na na
10 59651.275350287901 0.007207242482 cfg1 2 1 0 0 na na
10 59651.375350312834 0.007210273545 cfg1 2 1 0 0 na na
10 59651.495350304315 0.007213940228 cfg1 2 1 0 0 na na
10 59651.613350294727 0.007217529836 cfg1 2 1 0 0 na na
10 59651.645350313880 0.007218504653 cfg1 2 1 0 0 na na
10 59651.759350338996 0.007221991405 cfg1 2 1 0 0 na na
10 59651.835350287918 0.007224322571 cfg1 2 1 0 0 na na
10 59651.948350272144 0.007227759558 cfg1 2 1 0 0 na na
10 59651.957350331661 0.007228033706 cfg1 2 1 0 0 na na
10 59651.969350335863 0.007228413772 cfg1 2 1 0 0 na na
10 59652.082350338362 0.007231854759 cfg1 2 1 0 0 na na
10 59652.102350242608 0.007232479319 cfg1 2 1 0 0 na na
10 59652.131350333900 0.007233357502 cfg1 2 1 0 0 na na
10 59652.147350340754 0.007233853543 cfg1 2 1 0 0 na na
10 59652.366350335260 0.007240539662 cfg1 2 1 0 0 na na
10 59652.449350279318 0.007243080091 cfg1 2 1 0 0 na na
10 59652.488350334962 0.007244296356 cfg1 2 1 0 0 na na
10 59652.532350281970 0.007245645808 cfg1 2 1 0 0 na na
10 59652.545350291098 0.007246048430 cfg1 2 1 0 0 na na
10 59652.581350296993 0.007247141974 cfg1 2 1 0 0 na na
10 59652.639350334615 0.007248926498 cfg1 2 1 0 0 na na
10 59652.729350339409 0.007251680519 cfg1 2 1 0 0 na na
10 59652.805350353907 0.007254010221 cfg1 2 1 0 0 na na
10 59652.843350307925 0.007255193356 cfg1 2 1 0 0 na na
10 59652.918350286706 0.007257501183 cfg1 2 1 0 0 na na
10 59653.051350361259 0.007261577580 cfg1 2 1 0 0 na na
10 59653.058350350704 0.007261782588 cfg1 2 1 0 0 na na
10 59653.131350328605 0.007264039038 cfg1 2 1 0 0 na na
10 59653.132350299281 0.007264071791 cfg1 2 1 0 0 na na
10 59653.148350351893 0.007264562901 cfg1 2 1 0 0 na na
10 59653.322350298946 0.007269929010 cfg1 2 1 0 0 na na
10 59653.483350365107 0.007274890570 cfg1 2 1 0 0 na na
10 59653.490350379806 0.007275101995 cfg1 2 1 0 0 na na
10 59653.512350370620 0.007275780297 cfg1 2 2 0 0 na na
10 59653.516350294419 0.007275903720 cfg1 2 2 0 0 na na
10 59653.600350293160 0.007278496095 cfg1 2 2 0 0 na na
10 59653.603350267100 0.007278598328 cfg1 2 1 0 0 na na
10 59653.635350270004 0.007279566132 cfg1 2 1 0 0 na na
10 59653.717350325431 0.007282109058 cfg1 2 1 0 0 na na
10 59653.751350336131 0.007283160073 cfg1 2 1 0 0 na na
10 59653.779350332973 0.007284040867 cfg1 2 1 0 0 na na
10 59653.855350339740 0.007286376308 cfg1 2 1 0 0 na na
10 59654.191350270825 0.007296773316 cfg1 2 1 0 0 na na
10 59654.205350328336 0.007297206498 cfg1 2 1 0 0 na na
10 59654.263350334183 0.007299006046 cfg1 2 1 0 0 na na
10 59654.309350311088 0.007300429777 cfg1 2 2 0 0 na na
10 59654.702350286752 0.007312627832 cfg1 2 1 0 0 na na
10 59654.747350312772 0.007314020611 cfg1 2 1 0 0 na na
10 59654.797350350010 0.007315584106 cfg1 2 1 0 0 na na
10 59654.810350320373 0.007315992817 cfg1 2 1 0 0 na na
10 59654.905350257450 0.007318934428 cfg1 2 1 0 0 na na
10 59654.924350294904 0.007319531483 cfg1 2 1 0 0 na na
10 59655.093350315904 0.007324792924 cfg1 2 1 0 0 na na
10 59655.138350305065 0.007326194771 cfg1 2 2 0 0 na na
10 59655.139350328278 0.007326228480 cfg1 2 1 0 0 na na
10 59655.160350354642 0.007326877916 cfg1 2 1 0 0 na na
10 59655.206350311281 0.007328324448 cfg1 2 1 0 0 na na
10 59655.261350281924 0.007330027405 cfg1 2 1 0 0 na na
10 59655.262350347282 0.007330049540 cfg1 2 1 0 0 na na
10 59655.292350274995 0.007330988963 cfg1 2 1 0 0 na na
10 59655.302350276789 0.007331317127 cfg1 2 1 0 0 na na
10 59655.442350297148 0.007335674877 cfg1 2 1 0 0 na na
10 59655.465350326056 0.007336392890 cfg1 2 2 0 0 na na
10 59655.486350309760 0.007337048423 cfg1 2 2 0 0 na na
10 59655.490350292886 0.007337173235 cfg1 2 1 0 0 na na
10 59655.509350347442 0.007337770840 cfg1 2 1 0 0 na na
10 59655.550350311193 0.007339033714 cfg1 2 1 0 0 na na
10 59655.576350323489 0.007339855030 cfg1 2 1 0 0 na na
10 59655.591350323242 0.007340327689 cfg1 2 2 0 0 na na
10 59655.592350297642 0.007340358905 cfg1 2 2 0 0 na na
10 59655.625350312552 0.007341376761 cfg1 2 1 0 0 na na
10 59655.709350309719 0.007344012216 cfg1 2 1 0 0 na na
10 59655.848350258731 0.007348352887 cfg1 2 1 0 0 na na
10 59655.877350308154 0.007349269711 cfg1 2 2 0 0 na na
10 59655.895350351137 0.007349829923 cfg1 2 1 0 0 na na
10 59655.986350318389 0.007352669703 cfg1 2 1 0 0 na na
10 59655.989350343880 0.007352775564 cfg1 2 2 0 0 na na
10 59656.053350299092 0.007354791727 cfg1 2 1 0 0 na na
10 59656.075350324450 0.007355460793 cfg1 2 1 0 0 na na
10 59656.151350255267 0.007357846980 cfg1 2 1 0 0 na na
10 59656.244350310725 0.007360758706 cfg1 2 1 0 0 na na
10 59656.329350325081 0.007363419470 cfg1 2 1 0 0 na na
10 59656.509350357264 0.007369082999 cfg1 2 1 0 0 na na
10 59656.511350287849 0.007369162116 cfg1 2 1 0 0 na na
10 59656.540350314872 0.007370056622 cfg1 2 1 0 0 na na
10 59656.563350321603 0.007370785960 cfg1 2 1 0 0 na na
10 59656.756350300933 0.007376846138 cfg1 2 2 0 0 na na
10 59656.828350349490 0.007379098973 cfg1 2 1 0 0 na na
10 59656.891350315348 0.007381091549 cfg1 2 1 0 0 na na
10 59656.971350289145 0.007383628153 cfg1 2 1 0 0 na na
10 59657.140350306235 0.007388953270 cfg1 2 1 0 0 na na
10 59657.143350354684 0.007389031658 cfg1 2 1 0 0 na na
10 59657.203350359608 0.007390916738 cfg1 2 1 0 0 na na
10 59657.207350305587 0.007391063318 cfg1 2 1 0 0 na na
10 59657.260350353895 0.007392720988 cfg1 2 2 0 0 na na
10 59657.269350329049 0.007393019496 cfg1 2 1 0 0 na na
10 59657.455350321410 0.007398875356 cfg1 2 2 0 0 na na
10 59657.462350260794 0.007399085937 cfg1 2 1 0 0 na na
10 59657.500350321024 0.007400301729 cfg1 2 1 0 0 na na
10 59657.519350246260 0.007400900744 cfg1 2 1 0 0 na na
10 59657.608350352290 0.007403699118 cfg1 2 1 0 0 na na
10 59657.614350264715 0.007403887009 cfg1 2 1 0 0 na na
10 59657.654350275546 0.007405161412 cfg1 2 1 0 0 na na
10 59657.658350330712 0.007405289472 cfg1 2 2 0 0 na na
10 59657.733350307163 0.007407668074 cfg1 2 1 0 0 na na
10 59657.828350312971 0.007410666548 cfg1 2 2 0 0 na na
10 59657.870350322753 0.007411999419 cfg1 2 1 0 0 na na
10 59657.908350336597 0.007413210369 cfg1 2 1 0 0 na na
10 59658.091350332781 0.007418995565 cfg1 2 2 0 0 na na
10 59658.097350330673 0.007419185441 cfg1 2 2 0 0 na na
10 59658.116350326288 0.007419787597 cfg1 2 2 0 0 na na
10 59658.284350291327 0.007425115275 cfg1 2 2 0 0 na na
10 59658.344350286710 0.007427019058 cfg1 2 2 0 0 na na
10 59658.374350319500 0.007427969623 cfg1 2 1 0 0 na na
10 59658.401350338260 0.007428831954 cfg1 2 1 0 0 na na
10 59658.402350329721 0.007428860051 cfg1 2 2 0 0 na na
10 59658.584350321818 0.007434650544 cfg1 2 1 0 0 na na
10 59658.651350273176 0.007436770509 cfg1 2 1 0 0 na na
10 59659.015350333652 0.007448350589 cfg1 2 1 0 0 na na
10 59659.053350344102 0.007449564785 cfg1 2 2 0 0 na na
10 59659.089350268508 0.007450711826 cfg1 2 2 0 0 na na
10 59659.095350343838 0.007450893484 cfg1 2 1 0 0 na na
10 59659.149350310966 0.007452627043 cfg1 2 1 0 0 na na
10 59659.167350361284 0.007453198042 cfg1 2 2 0 0 na na
10 59659.205350372377 0.007454411076 cfg1 2 1 0 0 na na
10 59659.248350335601 0.007455781153 cfg1 2 2 0 0 na na
10 59659.305350339069 0.007457603357 cfg1 2 1 0 0 na na
10 59659.396350331299 0.007460509855 cfg1 2 1 0 0 na na
10 59659.414350342781 0.007461074603 cfg1 2 1 0 0 na na
10 59659.436350318485 0.007461787207 cfg1 2 1 0 0 na na
10 59659.517350367575 0.007464379665 cfg1 2 1 0 0 na na
10 59659.732350278766 0.007471239295 cfg1 2 2 0 0 na na
10 59659.769350314523 0.007472430155 cfg1 2 1 0 0 na na
10 59659.772350331314 0.007472519062 cfg1 2 1 0 0 na na
10 59659.844350330140 0.007474828531 cfg1 2 1 0 0 na na
10 59659.907350346402 0.007476838503 cfg1 2 2 0 0 na na
10 59660.051350332834 0.007481443503 cfg1 2 1 0 0 na na
10 59660.068350353806 0.007482010501 cfg1 2 1 0 0 na na
10 59660.331350342868 0.007490426674 cfg1 2 2 0 0 na na
10 59660.478350347281 0.007495144934 cfg1 2 2 0 0 na na
10 59660.491350325811 0.007495565648 cfg1 2 1 0 0 na na
10 59660.534350279641 0.007496956995 cfg1 2 1 0 0 na na
10 59660.556350317598 0.007497639136 cfg1 2 1 0 0 na na
10 59660.721350315851 0.007502941457 cfg1 2 1 0 0 na na
10 59660.733350323418 0.007503344004 cfg1 2 1 0 0 na na
10 59660.805350299865 0.007505665116 cfg1 2 1 0 0 na na
10 59660.806350304195 0.007505686232 cfg1 2 2 0 0 na na
10 59660.885350341507 0.007508220643 cfg1 2 1 0 0 na na
10 59660.942350315137 0.007510062439 cfg1 2 2 0 0 na na
10 59660.954350289603 0.007510446334 cfg1 2 1 0 0 na na
10 59660.983350339063 0.007511370483 cfg1 2 1 0 0 na na
10 59660.991350295567 0.007511649811 cfg1 2 1 0 0 na na
10 59661.015350292257 0.007512416912 cfg1 2 1 0 0 na na
10 59661.017350326454 0.007512476955 cfg1 2 1 0 0 na na
10 59661.066350341797 0.007514055104 cfg1 2 1 0 0 na na
10 59661.130350322127 0.007516108273 cfg1 2 1 0 0 na na
10 59661.148350323390 0.007516696936 cfg1 2 2 0 0 na na
10 59661.248350336029 0.007519921010 cfg1 2 1 0 0 na na
10 59661.299350330737 0.007521568918 cfg1 2 1 0 0 na na
10 59661.312350309247 0.007521984127 cfg1 2 2 0 0 na na
10 59661.332350322763 0.007522644731 cfg1 2 1 0 0 na na
10 59661.364350285960 0.007523655657 cfg1 2 1 0 0 na na
10 59661.432350322334 0.007525855728 cfg1 2 2 0 0 na na
10 59661.438350327502 0.007526049613 cfg1 2 2 0 0 na na
10 59661.450350321580 0.007526436567 cfg1 2 2 0 0 na na
10 59661.482350277218 0.007527484619 cfg1 2 1 0 0 na na
10 59661.497350344925 0.007527953857 cfg1 2 2 0 0 na na
10 59661.534350342068 0.007529148415 cfg1 2 2 0 0 na na
10 59661.608350307196 0.007531538334 cfg1 2 2 0 0 na na
10 59661.611350311583 0.007531635252 cfg1 2 2 0 0 na na
10 59661.616350307939 0.007531796806 cfg1 2 2 0 0 na na
10 59661.667350319552 0.007533437559 cfg1 2 1 0 0 na na
10 59661.717350328696 0.007535072664 cfg1 2 1 0 0 na na
10 59661.780350303020 0.007537097038 cfg1 2 2 0 0 na na
10 59661.852350335449 0.007539425361 cfg1 2 2 0 0 na na
10 59661.934350344612 0.007542087330 cfg1 2 1 0 0 na na
10 59661.955350307207 0.007542758405 cfg1 2 1 0 0 na na
10 59661.981350343421 0.007543593928 cfg1 2 1 0 0 na na
10 59662.107350301701 0.007547666496 cfg1 2 1 0 0 na na
10 59662.117350286680 0.007548011297 cfg1 2 1 0 0 na na
10 59662.128350287976 0.007548368017 cfg1 2 1 0 0 na na
10 59662.155350295093 0.007549228826 cfg1 2 1 0 0 na na
10 59662.157350313838 0.007549298249 cfg1 2 1 0 0 na na
10 59662.243350342875 0.007552076816 cfg1 2 1 0 0 na na
10 59662.326350340750 0.007554775594 cfg1 2 2 0 0 na na
10 59662.455350277459 0.007558955308 cfg1 2 1 0 0 na na
10 59662.506350327575 0.007560615346 cfg1 2 1 0 0 na na
10 59662.553350272529 0.007562133017 cfg1 2 1 0 0 na na
10 59662.615350340595 0.007564142668 cfg1 2 1 0 0 na na
10 59662.787350309824 0.007569741082 cfg1 2 2 0 0 na na
10 59662.850350312469 0.007571791756 cfg1 2 1 0 0 na na
10 59662.930350319754 0.007574390545 cfg1 2 2 0 0 na na
10 59662.974350288863 0.007575817045 cfg1 2 1 0 0 na na
10 59662.979350330926 0.007575984484 cfg1 2 2 0 0 na na
10 59663.014350331006 0.007577123228 cfg1 2 2 0 0 na na
10 59663.137350315794 0.007581128991 cfg1 2 1 0 0 na na
10 59663.141350343950 0.007581270161 cfg1 2 1 0 0 na na
10 59663.189350342605 0.007582820226 cfg1 2 2 0 0 na na
10 59663.200350347522 0.007583182335 cfg1 2 1 0 0 na na
10 59663.278350332643 0.007585719490 cfg1 2 2 0 0 na na
10 59663.374350319912 0.007588848310 cfg1 2 2 0 0 na na
10 59663.614350345729 0.007596682284 cfg1 2 1 0 0 na na
10 59663.886350326663 0.007605576910 cfg1 2 1 0 0 na na
10 59663.948350306173 0.007607587712 cfg1 2 2 0 0 na na
10 59663.967350294813 0.007608210695 cfg1 2 1 0 0 na na
10 59663.970350341459 0.007608306975 cfg1 2 1 0 0 na na
10 59664.017350327559 0.007609858886 cfg1 2 1 0 0 na na
10 59664.044350330832 0.007610725101 cfg1 2 1 0 0 na na
10 59664.075350296656 0.007611735293 cfg1 2 1 0 0 na na
10 59664.104350287915 0.007612690022 cfg1 2 2 0 0 na na
10 59664.113350321865 0.007612985122 cfg1 2 1 0 0 na na
10 59664.270350310156 0.007618123765 cfg1 2 1 0 0 na na
10 59664.311350264107 0.007619467043 cfg1 2 1 0 0 na na
10 59664.409350302845 0.007622682605 cfg1 2 1 0 0 na na
10 59664.426350290187 0.007623234406 cfg1 2 2 0 0 na na
10 59664.523350285174 0.007626423771 cfg1 2 1 0 0 na na
10 59664.537350335833 0.007626873264 cfg1 2 2 0 0 na na
10 59664.551350309592 0.007627332288 cfg1 2 2 0 0 na na
10 59664.563350294114 0.007627725822 cfg1 2 2 0 0 na na
10 59664.580350343494 0.007628283039 cfg1 2 1 0 0 na na
10 59664.648350317209 0.007630514091 cfg1 2 2 0 0 na na
10 59664.848350341715 0.007637079121 cfg1 2 2 0 0 na na
10 59664.908350341779 0.007639049861 cfg1 2 2 0 0 na na
10 59664.923350349316 0.007639542633 cfg1 2 2 0 0 na na
10 59664.984350282291 0.007641558554 cfg1 2 1 0 0 na na
10 59665.009350303563 0.007642365758 cfg1 2 1 0 0 na na
10 59665.044350302189 0.007643519273 cfg1 2 2 0 0 na na
10 59665.218350342968 0.007649241659 cfg1 2 2 0 0 na na
10 59665.256350274895 0.007650493980 cfg1 2 1 0 0 na na
10 59665.268350318988 0.007650886950 cfg1 2 2 0 0 na na
10 59665.280350330148 0.007651272761 cfg1 2 1 0 0 na na
10 59665.313350361599 0.007652368073 cfg1 2 2 0 0 na na
10 59665.370350346367 0.007654244688 cfg1 2 2 0 0 na na
10 59665.424350283140 0.007656027522 cfg1 2 1 0 0 na na
10 59665.455350312298 0.007657043967 cfg1 2 2 0 0 na na
10 59665.489350317817 0.007658164048 cfg1 2 2 0 0 na na
10 59665.490350338344 0.007658196944 cfg1 2 2 0 0 na na
10 59665.502350286436 0.007658592317 cfg1 2 2 0 0 na na
10 59665.543350335811 0.007659941832 cfg1 2 1 0 0 na na
10 59665.707350276691 0.007665353530 cfg1 2 1 0 0 na na
10 59665.765350314096 0.007667279289 cfg1 2 1 0 0 na na
10 59665.768350332377 0.007667362167 cfg1 2 2 0 0 na na
10 59665.858350286009 0.007670331898 cfg1 2 2 0 0 na na
10 59665.863350320893 0.007670511340 cfg1 2 1 0 0 na na
10 59665.992350324277 0.007674756089 cfg1 2 2 0 0 na na
10 59666.000350343741 0.007675034853 cfg1 2 1 0 0 na na
10 59666.069350333946 0.007677299547 cfg1 2 2 0 0 na na
10 59666.144350358366 0.007679777093 cfg1 2 1 0 0 na na
10 59666.155350296286 0.007680145968 cfg1 2 1 0 0 na na
10 59666.163350344340 0.007680421809 cfg1 2 1 0 0 na na
10 59666.199350314250 0.007681596015 cfg1 2 2 0 0 na na
10 59666.230350323219 0.007682620875 cfg1 2 2 0 0 na na
10 59666.251350307684 0.007683315765 cfg1 2 1 0 0 na na
10 59666.328350315636 0.007685862013 cfg1 2 2 0 0 na na
10 59666.333350319476 0.007686036638 cfg1 2 1 0 0 na na
10 59666.355350312653 0.007686755254 cfg1 2 2 0 0 na na
10 59666.370350300176 0.007687251510 cfg1 2 2 0 0 na na
10 59666.386350250499 0.007687781208 cfg1 2 2 0 0 na na
10 59666.420350304900 0.007688906046 cfg1 2 2 0 0 na na
10 59666.426350301403 0.007689097425 cfg1 2 1 0 0 na na
10 59666.616350310244 0.007695395947 cfg1 2 2 0 0 na na
10 59666.671350359053 0.007697217912 cfg1 2 2 0 0 na na
10 59666.683350381647 0.007697629073 cfg1 2 1 0 0 na na
10 59666.737350333765 0.007699405258 cfg1 2 2 0 0 na na
10 59666.754350367973 0.007699955542 cfg1 2 1 0 0 na na
10 59666.814350361055 0.007701957952 cfg1 2 2 0 0 na na
10 59666.819350308880 0.007702123726 cfg1 2 2 0 0 na na
10 59666.892350317721 0.007704550091 cfg1 2 1 0 0 na na
10 59667.058350267673 0.007710053059 cfg1 2 2 0 0 na na
10 59667.060350304652 0.007710119450 cfg1 2 2 0 0 na na
10 59667.085350368361 0.007710964099 cfg1 2 1 0 0 na na
10 59667.093350300051 0.007711209016 cfg1 2 1 0 0 na na
10 59667.224350311874 0.007715554898 cfg1 2 1 0 0 na na
10 59667.278350336310 0.007717375210 cfg1 2 1 0 0 na na
10 59667.342350284006 0.007719481776 cfg1 2 1 0 0 na na
10 59667.421350298841 0.007722113692 cfg1 2 2 0 0 na na
10 59667.505350299833 0.007724923400 cfg1 2 1 0 0 na na
10 59667.545350330839 0.007726243918 cfg1 2 1 0 0 na na
10 59667.570350364198 0.007727070236 cfg1 2 2 0 0 na na
10 59667.644350337071 0.007729533177 cfg1 2 2 0 0 na na
10 59667.680350323517 0.007730725870 cfg1 2 1 0 0 na na
10 59667.681350333810 0.007730778180 cfg1 2 1 0 0 na na
10 59667.798350308535 0.007734661554 cfg1 2 2 0 0 na na
10 59667.883350300358 0.007737493617 cfg1 2 2 0 0 na na
10 59667.941350320861 0.007739426825 cfg1 2 2 0 0 na na
10 59667.987350374228 0.007740951729 cfg1 2 1 0 0 na na
10 59668.052350351230 0.007743134820 cfg1 2 1 0 0 na na
10 59668.103350308327 0.007744829097 cfg1 2 2 0 0 na na
10 59668.211350350849 0.007748440897 cfg1 2 1 0 0 na na
10 59668.222350322581 0.007748800074 cfg1 2 2 0 0 na na
10 59668.244350300642 0.007749534582 cfg1 2 2 0 0 na na
10 59668.270350332517 0.007750395964 cfg1 2 1 0 0 na na
10 59668.322350308653 0.007752132322 cfg1 2 1 0 0 na na
10 59668.342350299227 0.007752806661 cfg1 2 2 0 0 na na
10 59668.414350333217 0.007755205775 cfg1 2 1 0 0 na na
10 59668.437350351859 0.007755972665 cfg1 2 1 0 0 na na
10 59668.603350262510 0.007761528834 cfg1 2 2 0 0 na na
10 59668.730350282940 0.007765776670 cfg1 2 2 0 0 na na
10 59668.931350308079 0.007772504806 cfg1 2 2 0 0 na na
10 59668.933350270515 0.007772575650 cfg1 2 1 0 0 na na
10 59668.943350274728 0.007772906623 cfg1 2 2 0 0 na na
10 59669.203350369546 0.007781617782 cfg1 2 1 0 0 na na
10 59669.227350280315 0.007782424254 cfg1 2 2 0 0 na na
10 59669.298350340051 0.007784797067 cfg1 2 1 0 0 na na
10 59669.326350327946 0.007785744845 cfg1 2 2 0 0 na na
10 59669.452350331954 0.007789973390 cfg1 2 2 0 0 na na
10 59669.571350330819 0.007793976369 cfg1 2 1 0 0 na na
10 59669.592350283120 0.007794663480 cfg1 2 1 0 0 na na
10 59669.631350272514 0.007795978359 cfg1 2 1 0 0 na na
10 59669.671350341939 0.007797328620 cfg1 2 2 0 0 na na
10 59669.951350283372 0.007806739858 cfg1 2 1 0 0 na na
10 59669.988350358869 0.007807984968 cfg1 2 1 0 0 na na
10 59670.081350270620 0.007811118441 cfg1 2 2 0 0 na na
10 59670.139350272622 0.007813071206 cfg1 2 2 0 0 na na
10 59670.141350314356 0.007813129548 cfg1 2 1 0 0 na na
10 59670.273350282991 0.007817584850 cfg1 2 2 0 0 na na
10 59670.419350294976 0.007822505786 cfg1 2 2 0 0 na na
10 59670.543350264947 0.007826698314 cfg1 2 1 0 0 na na
10 59670.632350378496 0.007829690809 cfg1 2 2 0 0 na na
10 59670.633350292868 0.007829739084 cfg1 2 1 0 0 na na
10 59670.710350315842 0.007832340065 cfg1 2 1 0 0 na na
10 59670.717350337614 0.007832550981 cfg1 2 1 0 0 na na
10 59670.899350323310 0.007838718741 cfg1 2 1 0 0 na na
10 59670.915350314793 0.007839257476 cfg1 2 1 0 0 na na
10 59670.962350349962 0.007840839432 cfg1 2 1 0 0 na na
10 59671.039350306204 0.007843438791 cfg1 2 2 0 0 na na
10 59671.086350320049 0.007845036834 cfg1 2 1 0 0 na na
10 59671.097350295620 0.007845400000 cfg1 2 2 0 0 na na
10 59671.127350327759 0.007846420897 cfg1 2 1 0 0 na na
10 59671.159350360096 0.007847507691 cfg1 2 1 0 0 na na
10 59671.310350297270 0.007852604162 cfg1 2 1 0 0 na na
10 59671.407350286958 0.007855890838 cfg1 2 2 0 0 na na
10 59671.426350324163 0.007856549478 cfg1 2 1 0 0 na na
10 59671.519350281521 0.007859684587 cfg1 2 2 0 0 na na
10 59671.535350311170 0.007860226987 cfg1 2 2 0 0 na na
10 59671.642350251891 0.007863866250 cfg1 2 1 0 0 na na
10 59671.799350335445 0.007869185108 cfg1 2 1 0 0 na na
10 59671.953350281364 0.007874398564 cfg1 2 1 0 0 na na
10 59671.964350316706 0.007874767270 cfg1 2 1 0 0 na na
10 59672.007350311178 0.007876225424 cfg1 2 1 0 0 na na
10 59672.450350257413 0.007891294807 cfg1 2 1 0 0 na na
10 59672.485350350435 0.007892483141 cfg1 2 1 0 0 na na
10 59672.519350343335 0.007893633847 cfg1 2 1 0 0 na na
10 59672.565350330373 0.007895211521 cfg1 2 1 0 0 na na
10 59672.659350357241 0.007898413852 cfg1 2 1 0 0 na na
10 59672.714350336864 0.007900285944 cfg1 2 1 0 0 na na
10 59672.767350271893 0.007902089289 cfg1 2 1 0 0 na na
10 59672.881350302081 0.007905966053 cfg1 2 1 0 0 na na
10 59672.885350292685 0.007906104696 cfg1 2 2 0 0 na na
10 59672.926350362325 0.007907497756 cfg1 2 1 0 0 na na
10 59672.960350285788 0.007908661288 cfg1 2 2 0 0 na na
10 59672.983350302240 0.007909445564 cfg1 2 2 0 0 na na
10 59673.080350358561 0.007912753573 cfg1 2 1 0 0 na na
10 59673.349350281980 0.007921949533 cfg1 2 1 0 0 na na
10 59673.720350259478 0.007934607610 cfg1 2 1 0 0 na na
10 59673.801350285804 0.007937376808 cfg1 2 1 0 0 na na
10 59673.847350316154 0.007938960048 cfg1 2 2 0 0 na na
10 59673.888350332991 0.007940363289 cfg1 2 2 0 0 na na
10 59673.950350277316 0.007942485758 cfg1 2 2 0 0 na na
10 59674.348350300109 0.007956123922 cfg1 2 2 0 0 na na
10 59674.443350308070 0.007959382595 cfg1 2 2 0 0 na na
10 59674.454350296569 0.007959759958 cfg1 2 1 0 0 na na
10 59674.474350266262 0.007960453095 cfg1 2 1 0 0 na na
10 59674.539350276721 0.007962676991 cfg1 2 2 0 0 na na
10 59674.676350286653 0.007967380396 cfg1 2 1 0 0 na na
10 59674.679350335168 0.007967483465 cfg1 2 2 0 0 na na
10 59674.693350297075 0.007967978278 cfg1 2 1 0 0 na na
10 59674.747350290825 0.007969819106 cfg1 2 2 0 0 na na
10 59674.781350280202 0.007970984422 cfg1 2 1 0 0 na na
10 59674.877350312551 0.007974286191 cfg1 2 2 0 0 na na
10 59674.894350320518 0.007974870407 cfg1 2 2 0 0 na na
10 59674.935350326018 0.007976289704 cfg1 2 1 0 0 na na
10 59674.958350366030 0.007977070620 cfg1 2 2 0 0 na na
10 59674.981350359876 0.007977869040 cfg1 2 1 0 0 na na
10 59674.989350350777 0.007978134612 cfg1 2 1 0 0 na na
10 59675.007350356531 0.007978755568 cfg1 2 2 0 0 na na
10 59675.013350338252 0.007978969198 cfg1 2 1 0 0 na na
10 59675.030350304770 0.007979547237 cfg1 2 1 0 0 na na
10 59675.200350302801 0.007985390946 cfg1 2 1 0 0 na na
10 59675.248350321939 0.007987050984 cfg1 2 1 0 0 na na
10 59675.259350309065 0.007987438833 cfg1 2 1 0 0 na na
10 59675.314350307952 0.007989319819 cfg1 2 2 0 0 na na
10 59675.347350318255 0.007990457870 cfg1 2 1 0 0 na na
10 59675.658350302387 0.008001173149 cfg1 2 2 0 0 na na
10 59675.720350340326 0.008003311352 cfg1 2 2 0 0 na na
10 59675.723350305877 0.008003413046 cfg1 2 1 0 0 na na
10 59675.729350275641 0.008003621667 cfg1 2 1 0 0 na na
10 59675.775350275793 0.008005208477 cfg1 2 2 0 0 na na
10 59675.824350297203 0.008006899124 cfg1 2 2 0 0 na na
10 59675.833350267374 0.008007209665 cfg1 2 2 0 0 na na
10 59675.901350304634 0.008009564403 cfg1 2 1 0 0 na na
10 59676.029350252566 0.008013979451 cfg1 2 1 0 0 na na
10 59676.101350330734 0.008016460690 cfg1 2 1 0 0 na na
10 59676.116350307366 0.008016980536 cfg1 2 1 0 0 na na
10 59676.126350341128 0.008017326604 cfg1 2 1 0 0 na na
10 59676.235350314608 0.008021102756 cfg1 2 1 0 0 na na
10 59676.251350293177 0.008021634779 cfg1 2 1 0 0 na na
10 59676.263350268031 0.008022060405 cfg1 2 2 0 0 na na
10 59676.275350415161 0.008022475215 cfg1 2 2 0 0 na na
10 59676.284350287608 0.008022801670 cfg1 2 1 0 0 na na
10 59676.324350310924 0.008024169224 cfg1 2 2 0 0 na na
10 59676.336350331212 0.008024584152 cfg1 2 2 0 0 na na
10 59676.391350401735 0.008026486016 cfg1 2 1 0 0 na na
10 59676.435350303369 0.008028007946 cfg1 2 2 0 0 na na
10 59676.495350370612 0.008030083663 cfg1 2 2 0 0 na na
10 59676.535350327732 0.008031483242 cfg1 2 1 0 0 na na
10 59676.544350313928 0.008031781154 cfg1 2 1 0 0 na na
10 59676.568350309473 0.008032626494 cfg1 2 1 0 0 na na
10 59676.593350297253 0.008033476977 cfg1 2 1 0 0 na na
10 59676.609350341020 0.008034028871 cfg1 2 2 0 0 na na
10 59676.611350341657 0.008034098127 cfg1 2 2 0 0 na na
10 59676.915350289512 0.008044637163 cfg1 2 1 0 0 na na
10 59677.190350311263 0.008054174163 cfg1 2 1 0 0 na na
10 59677.192350303711 0.008054241869 cfg1 2 1 0 0 na na
10 59677.491350290585 0.008064613370 cfg1 2 1 0 0 na na
10 59677.506350315995 0.008065134490 cfg1 2 2 0 0 na na
10 59677.549350312341 0.008066628396 cfg1 2 2 0 0 na na
10 59677.569350276763 0.008067323413 cfg1 2 2 0 0 na na
10 59677.572350318533 0.008067427687 cfg1 2 2 0 0 na na
10 59677.578350348058 0.008067626691 cfg1 2 1 0 0 na na
10 59677.668350255322 0.008070763644 cfg1 2 1 0 0 na na
10 59677.795350273081 0.008075179929 cfg1 2 2 0 0 na na
10 59677.806350315960 0.008075556592 cfg1 2 1 0 0 na na
10 59677.869350377785 0.008077754567 cfg1 2 1 0 0 na na
10 59677.878350320956 0.008078067010 cfg1 2 2 0 0 na na
10 59677.881350254323 0.008078172600 cfg1 2 1 0 0 na na
10 59677.893350307713 0.008078588927 cfg1 2 2 0 0 na na
10 59677.901350308356 0.008078867347 cfg1 2 2 0 0 na na
10 59677.921350308312 0.008079569783 cfg1 2 1 0 0 na na
10 59677.957350300360 0.008080815945 cfg1 2 2 0 0 na na
10 59678.076350314842 0.008084948995 cfg1 2 1 0 0 na na
10 59678.148350344657 0.008087460450 cfg1 2 1 0 0 na na
10 59678.197350236540 0.008089185363 cfg1 2 1 0 0 na na
10 59678.279350351872 0.008092029128 cfg1 2 2 0 0 na na
10 59678.355350299739 0.008094683437 cfg1 2 1 0 0 na na
10 59678.362350350486 0.008094926653 cfg1 2 1 0 0 na na
10 59678.417350298848 0.008096844049 cfg1 2 1 0 0 na na
10 59678.556350238663 0.008101698327 cfg1 2 1 0 0 na na
10 59678.564350281350 0.008101978115 cfg1 2 1 0 0 na na
10 59678.570350273750 0.008102186588 cfg1 2 1 0 0 na na
10 59678.577350254110 0.008102419022 cfg1 2 2 0 0 na na
10 59678.647350321521 0.008104864531 cfg1 2 1 0 0 na na
10 59678.650350307858 0.008104966045 cfg1 2 2 0 0 na na
10 59678.773350337495 0.008109259846 cfg1 2 1 0 0 na na
10 59678.781350264904 0.008109526989 cfg1 2 1 0 0 na na
10 59678.819350285949 0.008110865394 cfg1 2 2 0 0 na na
10 59678.865350287501 0.008112465092 cfg1 2 1 0 0 na na
10 59678.890350341303 0.008113344894 cfg1 2 2 0 0 na na
10 59678.911350292994 0.008114078468 cfg1 2 2 0 0 na na
10 59679.172350313676 0.008123200065 cfg1 2 2 0 0 na na
10 59679.201350296455 0.008124214176 cfg1 2 2 0 0 na na
10 59679.215350298576 0.008124703794 cfg1 2 2 0 0 na na
10 59679.300350294256 0.008127687532 cfg1 2 1 0 0 na na
10 59679.363350253174 0.008129884378 cfg1 2 1 0 0 na na
10 59679.424350301570 0.008132015898 cfg1 2 2 0 0 na na
10 59679.457350317174 0.008133170992 cfg1 2 2 0 0 na na
10 59679.480350349213 0.008133984954 cfg1 2 1 0 0 na na
10 59679.482350337486 0.008134048247 cfg1 2 1 0 0 na na
10 59679.559350290238 0.008136742129 cfg1 2 2 0 0 na na
10 59679.640350317179 0.008139579123 cfg1 2 2 0 0 na na
10 59679.742350294247 0.008143152841 cfg1 2 2 0 0 na na
10 59679.778350307705 0.008144411594 cfg1 2 1 0 0 na na
10 59679.794350277683 0.008144977809 cfg1 2 1 0 0 na na
10 59679.835350357562 0.008146412389 cfg1 2 2 0 0 na na
10 59679.943350315005 0.008150204795 cfg1 2 1 0 0 na na
10 59679.996350321077 0.008152055523 cfg1 2 1 0 0 na na
10 59680.005350302019 0.008152373737 cfg1 2 2 0 0 na na
10 59680.127350347996 0.008156654794 cfg1 2 1 0 0 na na
10 59680.149350309695 0.008157426304 cfg1 2 2 0 0 na na
10 59680.156350326390 0.008157671927 cfg1 2 2 0 0 na na
10 59680.170350279742 0.008158163383 cfg1 2 2 0 0 na na
10 59680.198350299952 0.008159146259 cfg1 2 2 0 0 na na
10 59680.219350322247 0.008159883477 cfg1 2 2 0 0 na na
10 59680.253350302469 0.008161077098 cfg1 2 2 0 0 na na
10 59680.334350277191 0.008163921552 cfg1 2 2 0 0 na na
10 59680.343350284518 0.008164237601 cfg1 2 2 0 0 na na
10 59680.382350333712 0.008165607510 cfg1 2 2 0 0 na na
10 59680.455350308398 0.008168172312 cfg1 2 2 0 0 na na
10 59680.458350299449 0.008168277664 cfg1 2 2 0 0 na na
10 59680.482350328667 0.008169121052 cfg1 2 2 0 0 na na
10 59680.524350310103 0.008170597064 cfg1 2 2 0 0 na na
10 59680.610350311520 0.008173620165 cfg1 2 2 0 0 na na
10 59680.622350352961 0.008174048923 cfg1 2 1 0 0 na na
10 59680.633350289356 0.008174428895 cfg1 2 2 0 0 na na
10 59680.660350292889 0.008175378225 cfg1 2 2 0 0 na na
10 59680.690350312494 0.008176422771 cfg1 2 1 0 0 na na
10 59680.752350288818 0.008178613989 cfg1 2 2 0 0 na na
10 59680.790350325790 0.008179950836 cfg1 2 2 0 0 na na
10 59680.890350322682 0.008183469707 cfg1 2 2 0 0 na na
10 59680.924350325313 0.008184666512 cfg1 2 2 0 0 na na
10 59680.993350291369 0.008187095478 cfg1 2 2 0 0 na na
10 59681.055350322125 0.008189285480 cfg1 2 1 0 0 na na
10 59681.132350296793 0.008191997223 cfg1 2 1 0 0 na na
10 59681.178350273850 0.008193624081 cfg1 2 1 0 0 na na
10 59681.192350328164 0.008194104629 cfg1 2 2 0 0 na na
10 59681.240350261846 0.008195799006 cfg1 2 1 0 0 na na
10 59681.347350300822 0.008199575698 cfg1 2 1 0 0 na na
10 59681.357350296887 0.008199921057 cfg1 2 1 0 0 na na
10 59681.374350296366 0.008200508177 cfg1 2 1 0 0 na na
10 59681.379350299854 0.008200695936 cfg1 2 2 0 0 na na
10 59681.646350304280 0.008210122874 cfg1 2 1 0 0 na na
10 59681.679350309309 0.008211267906 cfg1 2 1 0 0 na na
10 59681.811350293576 0.008215940165 cfg1 2 2 0 0 na na
10 59681.817350336159 0.008216150897 cfg1 2 1 0 0 na na
10 59681.868350312091 0.008217953521 cfg1 2 2 0 0 na na
10 59681.903350299680 0.008219189725 cfg1 2 2 0 0 na na
10 59682.065350316836 0.008224906188 cfg1 2 1 0 0 na na
10 59682.172350342059 0.008228690009 cfg1 2 1 0 0 na na
10 59682.394350318331 0.008236551356 cfg1 2 2 0 0 na na
10 59682.452350337210 0.008238604280 cfg1 2 2 0 0 na na
10 59682.509350335479 0.008240611805 cfg1 2 1 0 0 na na
10 59682.525350284221 0.008241189288 cfg1 2 1 0 0 na na
10 59682.653350329209 0.008245738232 cfg1 2 1 0 0 na na
10 59682.682350255807 0.008246746299 cfg1 2 1 0 0 na na
10 59682.784350295393 0.008250357276 cfg1 2 1 0 0 na na
10 59682.833350324895 0.008252100600 cfg1 2 2 0 0 na na
10 59682.914350352720 0.008254972294 cfg1 2 2 0 0 na na
10 59683.049350286860 0.008259760352 cfg1 2 2 0 0 na na
10 59683.103350338238 0.008261676205 cfg1 2 2 0 0 na na
10 59683.355350300946 0.008270627964 cfg1 2 1 0 0 na na
10 59683.359350275109 0.008270755973 cfg1 2 1 0 0 na na
10 59683.416350321508 0.008272785660 cfg1 2 1 0 0 na na
10 59683.490350328729 0.008275417519 cfg1 2 2 0 0 na na
10 59683.513350306448 0.008276234826 cfg1 2 2 0 0 na na
10 59683.617350305999 0.008279931054 cfg1 2 2 0 0 na na
10 59683.692350312193 0.008282602057 cfg1 2 1 0 0 na na
10 59683.757350317420 0.008284909052 cfg1 2 2 0 0 na na
10 59683.804350335889 0.008286580883 cfg1 2 2 0 0 na na
10 59683.973350290909 0.008292599107 cfg1 2 1 0 0 na na
10 59684.007350313964 0.008293797891 cfg1 2 1 0 0 na na
10 59684.283350280799 0.008303634536 cfg1 2 2 0 0 na na
10 59684.392350333470 0.008307516171 cfg1 2 1 0 0 na na
10 59684.507350341071 0.008311619345 cfg1 2 2 0 0 na na
10 59684.656350298910 0.008316937884 cfg1 2 1 0 0 na na
10 59684.684350295207 0.008317946859 cfg1 2 1 0 0 na na
10 59684.732350289904 0.008319648333 cfg1 2 1 0 0 na na
10 59684.737350293258 0.008319824225 cfg1 2 2 0 0 na na
10 59684.960350316927 0.008327786026 cfg1 2 2 0 0 na na
10 59685.062350318638 0.008331432404 cfg1 2 1 0 0 na na
10 59685.095350305422 0.008332608989 cfg1 2 2 0 0 na na
10 59685.184350299527 0.008335789778 cfg1 2 2 0 0 na na
10 59685.277350363621 0.008339104894 cfg1 2 1 0 0 na na
10 59685.325350313040 0.008340827786 cfg1 2 1 0 0 na na
10 59685.396350292776 0.008343370527 cfg1 2 2 0 0 na na
10 59685.404350304925 0.008343668926 cfg1 2 1 0 0 na na
10 59685.428350332908 0.008344515321 cfg1 2 2 0 0 na na
10 59685.605350363782 0.008350849459 cfg1 2 2 0 0 na na
10 59685.681350257977 0.008353570446 cfg1 2 2 0 0 na na
10 59685.717350320315 0.008354859539 cfg1 2 2 0 0 na na
10 59685.815350299610 0.008358382013 cfg1 2 1 0 0 na na
10 59685.849350302339 0.008359581712 cfg1 2 1 0 0 na na
10 59685.953350311270 0.008363304448 cfg1 2 1 0 0 na na
10 59686.006350296069 0.008365214173 cfg1 2 2 0 0 na na
10 59686.077350333072 0.008367747052 cfg1 2 1 0 0 na na
10 59686.114350301341 0.008369086300 cfg1 2 2 0 0 na na
10 59686.136350285325 0.008369886543 cfg1 2 1 0 0 na na
10 59686.151350258429 0.008370408778 cfg1 2 1 0 0 na na
10 59686.175350309003 0.008371268784 cfg1 2 1 0 0 na na
10 59686.283350288451 0.008375148428 cfg1 2 2 0 0 na na
10 59686.363350268492 0.008378029877 cfg1 2 1 0 0 na na
10 59686.483350373901 0.008382327060 cfg1 2 2 0 0 na na
10 59686.544350306725 0.008384519549 cfg1 2 1 0 0 na na
10 59686.586350343182 0.008386025979 cfg1 2 2 0 0 na na
10 59686.758350311110 0.008392197629 cfg1 2 1 0 0 na na
10 59686.773350312228 0.008392754758 cfg1 2 1 0 0 na na
10 59686.857350269002 0.008395764183 cfg1 2 1 0 0 na na
10 59686.900350322736 0.008397309895 cfg1 2 1 0 0 na na
10 59687.034350333242 0.008402140734 cfg1 2 1 0 0 na na
10 59687.103350312841 0.008404611873 cfg1 2 2 0 0 na na
10 59687.218350368476 0.008408749565 cfg1 2 1 0 0 na na
10 59687.268350314126 0.008410544006 cfg1 2 1 0 0 na na
10 59687.318350320297 0.008412350535 cfg1 2 2 0 0 na na
10 59687.382350262432 0.008414644270 cfg1 2 1 0 0 na na
10 59687.570350314643 0.008421423098 cfg1 2 1 0 0 na na
10 59687.613350327842 0.008422977916 cfg1 2 2 0 0 na na
10 59687.637350372561 0.008423851183 cfg1 2 1 0 0 na na
10 59687.727350321393 0.008427092631 cfg1 2 1 0 0 na na
10 59687.793350285917 0.008429463704 cfg1 2 1 0 0 na na
10 59687.908350241570 0.008433625303 cfg1 2 1 0 0 na na
10 59687.951350352581 0.008435158139 cfg1 2 1 0 0 na na
10 59688.025350314195 0.008437841198 cfg1 2 1 0 0 na na
10 59688.036350306180 0.008438236745 cfg1 2 1 0 0 na na
10 59688.109350347019 0.008440869794 cfg1 2 2 0 0 na na
10 59688.153350378330 0.008442469331 cfg1 2 1 0 0 na na
10 59688.236350332406 0.008445454377 cfg1 2 1 0 0 na na
10 59688.287350323143 0.008447297863 cfg1 2 2 0 0 na na
10 59688.291350351173 0.008447442367 cfg1 2 2 0 0 na na
10 59688.448350334559 0.008453125306 cfg1 2 1 0 0 na na
10 59688.586350301872 0.008458095596 cfg1 2 1 0 0 na na
10 59688.604350289164 0.008458754967 cfg1 2 1 0 0 na na
10 59688.739350298481 0.008463646584 cfg1 2 1 0 0 na na
10 59688.856350323262 0.008467871372 cfg1 2 1 0 0 na na
10 59688.885350331574 0.008468921034 cfg1 2 2 0 0 na na
10 59689.003350305933 0.008473192778 cfg1 2 2 0 0 na na
10 59689.031350333668 0.008474206629 cfg1 2 1 0 0 na na
10 59689.049350284256 0.008474858477 cfg1 2 2 0 0 na na
10 59689.096350419426 0.008476565217 cfg1 2 1 0 0 na na
10 59689.118350334060 0.008477357539 cfg1 2 2 0 0 na na
10 59689.154350324949 0.008478661608 cfg1 2 2 0 0 na na
10 59689.181350312536 0.008479639682 cfg1 2 1 0 0 na na
10 59689.331350322199 0.008485075650 cfg1 2 2 0 0 na na
10 59689.441350257113 0.008489063490 cfg1 2 2 0 0 na na
10 59689.673350245422 0.008497486529 cfg1 2 1 0 0 na na
10 59689.708350326754 0.008498752487 cfg1 2 1 0 0 na na
10 59689.709350252386 0.008498789514 cfg1 2 1 0 0 na na
10 59689.747350271120 0.008500164599 cfg1 2 1 0 0 na na
10 59689.861350303290 0.008504307896 cfg1 2 1 0 0 na na
10 59689.901350311469 0.008505747717 cfg1 2 1 0 0 na na
10 59689.999350299395 0.008509315016 cfg1 2 2 0 0 na na
10 59690.060350316432 0.008511531047 cfg1 2 2 0 0 na na
10 59690.067350304312 0.008511777258 cfg1 2 1 0 0 na na
10 59690.102350312144 0.008513046269 cfg1 2 1 0 0 na na
10 59690.112350247871 0.008513424160 cfg1 2 1 0 0 na na
10 59690.142350311543 0.008514510688 cfg1 2 1 0 0 na na
10 59690.183350261163 0.008516000901 cfg1 2 2 0 0 na na
10 59690.270350297617 0.008519163571 cfg1 2 2 0 0 na na
10 59690.288350319812 0.008519823429 cfg1 2 1 0 0 na na
10 59690.387350359975 0.008523417679 cfg1 2 1 0 0 na na
10 59690.480350311394 0.008526801079 cfg1 2 1 0 0 na na
10 59690.581350283602 0.008530476255 cfg1 2 2 0 0 na na
10 59690.637350278690 0.008532525407 cfg1 2 1 0 0 na na
10 59690.639350320296 0.008532587310 cfg1 2 2 0 0 na na
10 59690.687350304748 0.008534323391 cfg1 2 1 0 0 na na
10 59690.755350350493 0.008536798403 cfg1 2 1 0 0 na na
10 59690.797350304245 0.008538339919 cfg1 2 2 0 0 na na
10 59690.838350323258 0.008539838046 cfg1 2 1 0 0 na na
10 59690.865350286986 0.008540822918 cfg1 2 1 0 0 na na
10 59690.920350325742 0.008542820075 cfg1 2 1 0 0 na na
10 59690.962350320238 0.008544354332 cfg1 2 1 0 0 na na
10 59691.038350316381 0.008547125038 cfg1 2 1 0 0 na na
10 59691.052350366271 0.008547622301 cfg1 2 1 0 0 na na
10 59691.140350258358 0.008550833817 cfg1 2 1 0 0 na na
10 59691.144350291663 0.008550984083 cfg1 2 2 0 0 na na
10 59691.345350335845 0.008558324448 cfg1 2 1 0 0 na na
10 59691.390350331126 0.008559960005 cfg1 2 1 0 0 na na
10 59691.410350320952 0.008560679928 cfg1 2 1 0 0 na na
10 59691.630350329478 0.008568720001 cfg1 2 1 0 0 na na
10 59691.641350303605 0.008569116452 cfg1 2 1 0 0 na na
10 59691.644350251898 0.008569230095 cfg1 2 1 0 0 na na
10 59691.653350269754 0.008569556248 cfg1 2 2 0 0 na na
10 59691.694350306147 0.008571047635 cfg1 2 1 0 0 na na
10 59691.727350317058 0.008572260534 cfg1 2 1 0 0 na na
10 59691.738350276691 0.008572660613 cfg1 2 2 0 0 na na
10 59691.792350283944 0.008574642041 cfg1 2 1 0 0 na na
10 59691.805350333591 0.008575109222 cfg1 2 1 0 0 na na
10 59691.888350303335 0.008578140784 cfg1 2 2 0 0 na na
10 59691.919350351563 0.008579283181 cfg1 2 1 0 0 na na
10 59691.920350272436 0.008579310275 cfg1 2 2 0 0 na na
10 59691.933350323892 0.008579785495 cfg1 2 2 0 0 na na
10 59691.999350330787 0.008582197889 cfg1 2 2 0 0 na na
10 59692.010350318777 0.008582600075 cfg1 2 2 0 0 na na
10 59692.051350290735 0.008584095206 cfg1 2 1 0 0 na na
10 59692.091350295842 0.008585561864 cfg1 2 2 0 0 na na
10 59692.144350312606 0.008587508824 cfg1 2 1 0 0 na na
10 59692.235350274040 0.008590828303 cfg1 2 2 0 0 na na
10 59692.283350276620 0.008592584421 cfg1 2 2 0 0 na na
10 59692.295350344624 0.008593023565 cfg1 2 2 0 0 na na
10 59692.347350306317 0.008594926328 cfg1 2 2 0 0 na na
10 59692.394350302892 0.008596655532 cfg1 2 1 0 0 na na
10 59692.395350369227 0.008596683054 cfg1 2 2 0 0 na na
10 59692.436350340673 0.008598183805 cfg1 2 2 0 0 na na
10 59692.442350304253 0.008598395544 cfg1 2 1 0 0 na na
10 59692.450350297749 0.008598696302 cfg1 2 2 0 0 na na
10 59692.467350324094 0.008599318719 cfg1 2 2 0 0 na na
10 59692.508350351274 0.008600819702 cfg1 2 2 0 0 na na
10 59692.566350319603 0.008602934037 cfg1 2 1 0 0 na na
10 59692.592350313737 0.008603895650 cfg1 2 2 0 0 na na
10 59692.602350345242 0.008604261903 cfg1 2 2 0 0 na na
10 59692.607350320592 0.008604445033 cfg1 2 2 0 0 na na
10 59692.764350304150 0.008610190140 cfg1 2 1 0 0 na na
10 59692.892350308996 0.008614887947 cfg1 2 2 0 0 na na
10 59692.897350294672 0.008615071085 cfg1 2 2 0 0 na na
10 59692.940350305018 0.008616647458 cfg1 2 2 0 0 na na
10 59692.943350278495 0.008616757482 cfg1 2 2 0 0 na na
10 59692.970350290635 0.008617747372 cfg1 2 2 0 0 na na
10 59693.040350331801 0.008620322520 cfg1 2 1 0 0 na na
10 59693.041350321982 0.008620354481 cfg1 2 1 0 0 na na
10 59693.049350326326 0.008620644341 cfg1 2 2 0 0 na na
10 59693.057350323309 0.008620937745 cfg1 2 2 0 0 na na
10 59693.106350309788 0.008622735005 cfg1 2 2 0 0 na na
10 59693.147350297113 0.008624238985 cfg1 2 2 0 0 na na
10 59693.148350325275 0.008624275693 cfg1 2 2 0 0 na na
10 59693.155350333669 0.008624532480 cfg1 2 2 0 0 na na
10 59693.211350351921 0.008626587132 cfg1 2 2 0 0 na na
10 59693.246350340898 0.008627858874 cfg1 2 1 0 0 na na
10 59693.282350315867 0.008629209605 cfg1 2 1 0 0 na na
10 59693.304350320223 0.008629988850 cfg1 2 1 0 0 na na
10 59693.370350298231 0.008632418934 cfg1 2 1 0 0 na na
10 59693.437350332968 0.008634882645 cfg1 2 2 0 0 na na
10 59693.453350318978 0.008635470137 cfg1 2 2 0 0 na na
10 59693.476350314771 0.008636314740 cfg1 2 2 0 0 na na
10 59693.509350259335 0.008637526628 cfg1 2 2 0 0 na na
10 59693.520350330800 0.008637930614 cfg1 2 2 0 0 na na
10 59693.533350279783 0.008638422565 cfg1 2 1 0 0 na na
10 59693.561350321823 0.008639436623 cfg1 2 2 0 0 na na
10 59693.632350259468 0.008642037462 cfg1 2 1 0 0 na na
10 59693.640350306520 0.008642338725 cfg1 2 2 0 0 na na
10 59693.670350343474 0.008643440966 cfg1 2 2 0 0 na na
10 59693.732350284604 0.008645710414 cfg1 2 1 0 0 na na
10 59693.791350299866 0.008647887859 cfg1 2 2 0 0 na na
10 59693.795350312249 0.008648034905 cfg1 2 2 0 0 na na
10 59693.805350306732 0.008648403283 cfg1 2 1 0 0 na na
10 59693.831350356536 0.008649360878 cfg1 2 1 0 0 na na
10 59693.848350327050 0.008649983253 cfg1 2 2 0 0 na na
10 59693.869350306918 0.008650745176 cfg1 2 1 0 0 na na
10 59693.899350251751 0.008651871491 cfg1 2 1 0 0 na na
10 59693.908350315422 0.008652183128 cfg1 2 1 0 0 na na
10 59693.933350318890 0.008653097812 cfg1 2 1 0 0 na na
10 59693.958350316611 0.008654020012 cfg1 2 1 0 0 na na
10 59694.006350332731 0.008655798506 cfg1 2 1 0 0 na na
10 59694.014350289195 0.008656087544 cfg1 2 2 0 0 na na
10 59694.070350309554 0.008658147571 cfg1 2 2 0 0 na na
10 59694.107350324727 0.008659508871 cfg1 2 2 0 0 na na
10 59694.109350327834 0.008659572341 cfg1 2 1 0 0 na na
10 59694.161350263207 0.008661487651 cfg1 2 1 0 0 na na
10 59694.165350280614 0.008661635765 cfg1 2 1 0 0 na na
10 59694.168350354734 0.008661750020 cfg1 2 1 0 0 na na
10 59694.230350329508 0.008664022731 cfg1 2 1 0 0 na na
10 59694.235350311464 0.008664211839 cfg1 2 1 0 0 na na
10 59694.273350325727 0.008665617971 cfg1 2 2 0 0 na na
10 59694.287350324797 0.008666133367 cfg1 2 2 0 0 na na
10 59694.306350313659 0.008666832753 cfg1 2 2 0 0 na na
10 59694.349350303390 0.008668415905 cfg1 2 2 0 0 na na
10 59694.354350334995 0.008668588576 cfg1 2 1 0 0 na na
10 59694.424350297670 0.008671177726 cfg1 2 2 0 0 na na
10 59694.501350311414 0.008674013747 cfg1 2 2 0 0 na na
10 59694.523350316989 0.008674824136 cfg1 2 2 0 0 na na
10 59694.557350307395 0.008676070083 cfg1 2 1 0 0 na na
10 59694.579350320585 0.008676893313 cfg1 2 1 0 0 na na
10 59694.631350353934 0.008678808704 cfg1 2 1 0 0 na na
10 59694.652350262373 0.008679577197 cfg1 2 2 0 0 na na
10 59694.665350294937 0.008680056343 cfg1 2 2 0 0 na na
10 59694.747350263548 0.008683068338 cfg1 2 1 0 0 na na
10 59694.764350306132 0.008683705482 cfg1 2 2 0 0 na na
10 59694.772350274645 0.008684000458 cfg1 2 2 0 0 na na
10 59694.875350378851 0.008687798146 cfg1 2 2 0 0 na na
10 59694.888350340692 0.008688291007 cfg1 2 1 0 0 na na
10 59694.908350315067 0.008689015263 cfg1 2 2 0 0 na na
10 59694.912350278255 0.008689151592 cfg1 2 1 0 0 na na
10 59694.914350327085 0.008689236508 cfg1 2 2 0 0 na na
10 59694.925350324252 0.008689642120 cfg1 2 2 0 0 na na
10 59694.981350289300 0.008691704900 cfg1 2 1 0 0 na na
10 59694.990350318918 0.008692039806 cfg1 2 2 0 0 na na
10 59695.007350329350 0.008692658680 cfg1 2 1 0 0 na na
10 59695.050350303720 0.008694255105 cfg1 2 1 0 0 na na
10 59695.090350319798 0.008695729314 cfg1 2 2 0 0 na na
10 59695.218350300078 0.008700452938 cfg1 2 1 0 0 na na
10 59695.231350305452 0.008700934919 cfg1 2 1 0 0 na na
10 59695.240350337238 0.008701267587 cfg1 2 1 0 0 na na
10 59695.258350292519 0.008701930205 cfg1 2 2 0 0 na na
10 59695.337350307026 0.008704849228 cfg1 2 1 0 0 na na
10 59695.391350344095 0.008706841403 cfg1 2 2 0 0 na na
10 59695.445350300957 0.008708836001 cfg1 2 2 0 0 na na
10 59695.450350335905 0.008709020763 cfg1 2 2 0 0 na na
10 59695.513350294806 0.008711347384 cfg1 2 1 0 0 na na
10 59695.515350313210 0.008711421697 cfg1 2 1 0 0 na na
10 59695.599350309372 0.008714536284 cfg1 2 1 0 0 na na
10 59695.640350282862 0.008716031095 cfg1 2 1 0 0 na na
10 59695.722350293542 0.008719059919 cfg1 2 1 0 0 na na
10 59695.732350325018 0.008719430704 cfg1 2 1 0 0 na na
10 59695.747350313430 0.008719987977 cfg1 2 1 0 0 na na
10 59695.778350307320 0.008721154573 cfg1 2 1 0 0 na na
10 59695.787350315105 0.008721491250 cfg1 2 1 0 0 na na
10 59695.810350330924 0.008722329123 cfg1 2 1 0 0 na na
10 59695.849350324340 0.008723776476 cfg1 2 1 0 0 na na
10 59695.862350372503 0.008724236717 cfg1 2 1 0 0 na na
10 59695.867350304685 0.008724450799 cfg1 2 1 0 0 na na
10 59695.873350294577 0.008724661418 cfg1 2 1 0 0 na na
10 59695.878350325295 0.008724851689 cfg1 2 1 0 0 na na
10 59695.881350302203 0.008724962507 cfg1 2 1 0 0 na na
10 59695.901350312901 0.008725692257 cfg1 2 1 0 0 na na
10 59695.940350269596 0.008727123842 cfg1 2 1 0 0 na na
10 59695.972350317259 0.008728317251 cfg1 2 1 0 0 na na
10 59695.997350331147 0.008729234752 cfg1 2 1 0 0 na na
10 59696.029350316633 0.008730421334 cfg1 2 1 0 0 na na
10 59696.047350299151 0.008731097856 cfg1 2 1 0 0 na na
10 59696.056350333172 0.008731433628 cfg1 2 1 0 0 na na
10 59696.073350338709 0.008732052658 cfg1 2 1 0 0 na na
10 59696.138350359760 0.008734467594 cfg1 2 1 0 0 na na
10 59696.157350325970 0.008735160932 cfg1 2 1 0 0 na na
10 59696.160350366777 0.008735283941 cfg1 2 1 0 0 na na
10 59696.170350352356 0.008735661388 cfg1 2 1 0 0 na na
10 59696.174350309820 0.008735787503 cfg1 2 1 0 0 na na
10 59696.194350321629 0.008736548282 cfg1 2 1 0 0 na na
10 59696.218350311890 0.008737431797 cfg1 2 1 0 0 na na
10 59696.229350299257 0.008737817152 cfg1 2 1 0 0 na na
10 59696.233350343400 0.008737979909 cfg1 2 1 0 0 na na
10 59696.237350360973 0.008738142870 cfg1 2 1 0 0 na na
10 59696.257350260129 0.008738861991 cfg1 2 1 0 0 na na
10 59696.285350302143 0.008739892591 cfg1 2 1 0 0 na na
10 59696.298350308787 0.008740375969 cfg1 2 1 0 0 na na
10 59696.307350314446 0.008740728835 cfg1 2 1 0 0 na na
10 59696.314350273375 0.008740987559 cfg1 2 1 0 0 na na
10 59696.335350285205 0.008741745286 cfg1 2 1 0 0 na na
10 59696.348350286237 0.008742233744 cfg1 2 1 0 0 na na
10 59696.351350305412 0.008742353238 cfg1 2 1 0 0 na na
10 59696.371350333570 0.008743093971 cfg1 2 1 0 0 na na
10 59696.374350330754 0.008743209635 cfg1 2 1 0 0 na na
10 59696.410350305016 0.008744544705 cfg1 2 1 0 0 na na
10 59696.422350297677 0.008744967016 cfg1 2 1 0 0 na na
10 59696.441350351627 0.008745697519 cfg1 2 1 0 0 na na
10 59696.445350248800 0.008745838132 cfg1 2 1 0 0 na na
10 59696.467350278346 0.008746661130 cfg1 2 1 0 0 na na
10 59696.482350370607 0.008747198171 cfg1 2 1 0 0 na na
10 59696.485350255038 0.008747327366 cfg1 2 1 0 0 na na
10 59696.491350350876 0.008747539983 cfg1 2 1 0 0 na na
10 59696.500350299701 0.008747863165 cfg1 2 1 0 0 na na
10 59696.507350312456 0.008748116466 cfg1 2 1 0 0 na na
10 59696.511350300347 0.008748263403 cfg1 2 1 0 0 na na
10 59696.518350333607 0.008748535647 cfg1 2 1 0 0 na na
10 59696.535350304434 0.008749174948 cfg1 2 1 0 0 na na
10 59696.556350260486 0.008749936314 cfg1 2 1 0 0 na na
10 59696.561350348903 0.008750142319 cfg1 2 1 0 0 na na
10 59696.567350304447 0.008750358362 cfg1 2 1 0 0 na na
10 59696.574350304111 0.008750605762 cfg1 2 1 0 0 na na
10 59696.600350352343 0.008751577731 cfg1 2 1 0 0 na na
10 59696.613350303548 0.008752060468 cfg1 2 1 0 0 na na
10 59696.619350364138 0.008752284095 cfg1 2 1 0 0 na na
10 59696.630350288084 0.008752672533 cfg1 2 1 0 0 na na
10 59696.653350310253 0.008753544750 cfg1 2 1 0 0 na na
10 59696.654350296417 0.008753573183 cfg1 2 1 0 0 na na
10 59696.657350290889 0.008753694835 cfg1 2 1 0 0 na na
10 59696.662350286727 0.008753884313 cfg1 2 1 0 0 na na
10 59696.673350282595 0.008754270737 cfg1 2 1 0 0 na na
10 59696.677350345194 0.008754433683 cfg1 2 1 0 0 na na
10 59696.680350323117 0.008754552500 cfg1 2 1 0 0 na na
10 59696.686350326570 0.008754768618 cfg1 2 1 0 0 na na
10 59696.694350261050 0.008755050623 cfg1 2 1 0 0 na na
10 59696.698350312842 0.008755198555 cfg1 2 1 0 0 na na
10 59696.734350310248 0.008756544212 cfg1 2 1 0 0 na na
10 59696.774350328473 0.008758016176 cfg1 2 1 0 0 na na
10 59696.775350338633 0.008758072864 cfg1 2 1 0 0 na na
10 59696.784350250893 0.008758401837 cfg1 2 1 0 0 na na
10 59696.803350269820 0.008759086919 cfg1 2 1 0 0 na na
10 59696.807350329631 0.008759257029 cfg1 2 1 0 0 na na
10 59696.818350296489 0.008759669957 cfg1 2 1 0 0 na na
10 59696.833350295915 0.008760204801 cfg1 2 1 0 0 na na
10 59696.836350327789 0.008760318059 cfg1 2 1 0 0 na na
10 59696.876350277432 0.008761819705 cfg1 2 1 0 0 na na
10 59696.878350330307 0.008761874601 cfg1 2 1 0 0 na na
10 59696.893350310430 0.008762430725 cfg1 2 1 0 0 na na
10 59696.926350268782 0.008763663862 cfg1 2 1 0 0 na na
10 59696.934350298203 0.008763953997 cfg1 2 1 0 0 na na
10 59696.942350307885 0.008764260259 cfg1 2 1 0 0 na na
10 59696.957350329809 0.008764808882 cfg1 2 1 0 0 na na
10 59696.962350263871 0.008764987883 cfg1 2 1 0 0 na na
10 59696.976350340047 0.008765505954 cfg1 2 1 0 0 na na
10 59696.999350318140 0.008766380305 cfg1 2 1 0 0 na na
10 59697.006350312715 0.008766621535 cfg1 2 1 0 0 na na
10 59697.025350333518 0.008767338654 cfg1 2 1 0 0 na na
10 59697.047350322165 0.008768168324 cfg1 2 1 0 0 na na
10 59697.057350344257 0.008768535009 cfg1 2 1 0 0 na na
10 59697.072350246164 0.008769096407 cfg1 2 1 0 0 na na
10 59697.073350359273 0.008769108706 cfg1 2 1 0 0 na na
10 59697.076350293138 0.008769224511 cfg1 2 1 0 0 na na
10 59697.098350285182 0.008770060026 cfg1 2 1 0 0 na na
10 59697.116350279500 0.008770723764 cfg1 2 1 0 0 na na
10 59697.128350294188 0.008771173200 cfg1 2 1 0 0 na na
10 59697.136350337378 0.008771464468 cfg1 2 1 0 0 na na
10 59697.158350338671 0.008772276657 cfg1 2 1 0 0 na na
10 59697.177350330145 0.008772982225 cfg1 2 1 0 0 na na
10 59697.179350350513 0.008773055103 cfg1 2 1 0 0 na na
10 59697.182350367200 0.008773176859 cfg1 2 1 0 0 na na
10 59697.214350378301 0.008774343963 cfg1 2 1 0 0 na na
10 59697.226350300181 0.008774792192 cfg1 2 1 0 0 na na
10 59697.256350333796 0.008775915580 cfg1 2 1 0 0 na na
10 59697.269350361904 0.008776399289 cfg1 2 1 0 0 na na
10 59697.272350309992 0.008776505219 cfg1 2 1 0 0 na na
10 59697.273350326891 0.008776542026 cfg1 2 1 0 0 na na
10 59697.290350325202 0.008777187161 cfg1 2 1 0 0 na na
10 59697.316350323054 0.008778141613 cfg1 2 1 0 0 na na
10 59697.329350334685 0.008778627568 cfg1 2 1 0 0 na na
10 59697.364350341136 0.008779927517 cfg1 2 1 0 0 na na
10 59697.380350311414 0.008780520989 cfg1 2 1 0 0 na na
10 59697.382350333390 0.008780586227 cfg1 2 1 0 0 na na
10 59697.384350341365 0.008780675676 cfg1 2 1 0 0 na na
10 59697.398350277147 0.008781199436 cfg1 2 1 0 0 na na
10 59697.412350307822 0.008781707296 cfg1 2 1 0 0 na na
10 59697.422350326011 0.008782084140 cfg1 2 1 0 0 na na
10 59697.425350298752 0.008782190161 cfg1 2 1 0 0 na na
10 59697.426350314437 0.008782235702 cfg1 2 1 0 0 na na
10 59697.439350287728 0.008782714888 cfg1 2 1 0 0 na na
10 59697.444350291586 0.008782905703 cfg1 2 1 0 0 na na
10 59697.459350351082 0.008783446230 cfg1 2 1 0 0 na na
10 59697.467350308458 0.008783742778 cfg1 2 1 0 0 na na
10 59697.474350353456 0.008784002798 cfg1 2 1 0 0 na na
10 59697.475350262697 0.008784058137 cfg1 2 1 0 0 na na
10 59697.487350317877 0.008784478987 cfg1 2 1 0 0 na na
10 59697.538350353634 0.008786387128 cfg1 2 1 0 0 na na
10 59697.543350307426 0.008786580686 cfg1 2 1 0 0 na na
10 59697.552350345036 0.008786895058 cfg1 2 1 0 0 na na
10 59697.581350324482 0.008787982004 cfg1 2 1 0 0 na na
10 59697.585350246155 0.008788140790 cfg1 2 1 0 0 na na
10 59697.594350266517 0.008788455540 cfg1 2 1 0 0 na na
10 59697.612350304415 0.008789125345 cfg1 2 1 0 0 na na
10 59697.614350298554 0.008789214427 cfg1 2 1 0 0 na na
10 59697.623350326121 0.008789562015 cfg1 2 1 0 0 na na
10 59697.646350312440 0.008790408152 cfg1 2 1 0 0 na na
10 59697.664350282756 0.008791085237 cfg1 2 1 0 0 na na
10 59697.696350257714 0.008792270229 cfg1 2 1 0 0 na na
10 59697.704350379866 0.008792560402 cfg1 2 1 0 0 na na
10 59697.752350314859 0.008794338963 cfg1 2 1 0 0 na na
10 59697.769350283240 0.008794969949 cfg1 2 1 0 0 na na
10 59697.786350316020 0.008795601903 cfg1 2 1 0 0 na na
10 59697.817350313014 0.008796766666 cfg1 2 1 0 0 na na
10 59697.834350327280 0.008797381975 cfg1 2 1 0 0 na na
10 59697.849350315872 0.008797955395 cfg1 2 1 0 0 na na
10 59697.871350261415 0.008798780229 cfg1 2 1 0 0 na na
10 59697.877350332901 0.008798991511 cfg1 2 1 0 0 na na
10 59697.894350310040 0.008799611208 cfg1 2 1 0 0 na na
10 59697.907350285278 0.008800107683 cfg1 2 1 0 0 na na
10 59697.909350301104 0.008800190217 cfg1 2 1 0 0 na na
10 59697.912350375994 0.008800282163 cfg1 2 1 0 0 na na
10 59697.915350244195 0.008800412551 cfg1 2 1 0 0 na na
10 59697.923350334114 0.008800707572 cfg1 2 1 0 0 na na
10 59697.926350257954 0.008800829799 cfg1 2 1 0 0 na na
10 59697.930350338969 0.008800972906 cfg1 2 1 0 0 na na
10 59697.936350334584 0.008801178619 cfg1 2 1 0 0 na na
10 59697.941350307007 0.008801375964 cfg1 2 1 0 0 na na
10 59697.962350299486 0.008802164148 cfg1 2 1 0 0 na na
10 59697.965350264686 0.008802256399 cfg1 2 1 0 0 na na
10 59697.972350363335 0.008802518391 cfg1 2 1 0 0 na na
10 59697.973350255788 0.008802576959 cfg1 2 1 0 0 na na
10 59697.974350312731 0.008802600205 cfg1 2 1 0 0 na na
10 59698.017350312509 0.008804200385 cfg1 2 1 0 0 na na
10 59698.026350297586 0.008804542813 cfg1 2 1 0 0 na na
10 59698.031350286975 0.008804718436 cfg1 2 1 0 0 na na
10 59698.053350302521 0.008805527837 cfg1 2 1 0 0 na na
10 59698.075350316999 0.008806354718 cfg1 2 1 0 0 na na
10 59698.077350328653 0.008806431042 cfg1 2 1 0 0 na na
10 59698.093350316936 0.008807020267 cfg1 2 1 0 0 na na
10 59698.102350302821 0.008807364005 cfg1 2 1 0 0 na na
10 59698.111350313281 0.008807691381 cfg1 2 1 0 0 na na
10 59698.129350288438 0.008808371920 cfg1 2 1 0 0 na na
10 59698.137350302099 0.008808678982 cfg1 2 1 0 0 na na
10 59698.169350294124 0.008809848860 cfg1 2 1 0 0 na na
10 59698.175350313588 0.008810075879 cfg1 2 1 0 0 na na
10 59698.206350257067 0.008811229823 cfg1 2 1 0 0 na na
10 59698.215350324585 0.008811561547 cfg1 2 1 0 0 na na
10 59698.221350385532 0.008811785515 cfg1 2 1 0 0 na na
10 59698.229350342209 0.008812096942 cfg1 2 1 0 0 na na
10 59698.232350288426 0.008812200872 cfg1 2 1 0 0 na na
10 59698.235350310880 0.008812303489 cfg1 2 1 0 0 na na
10 59698.262350345800 0.008813310709 cfg1 2 1 0 0 na na
10 59698.265350326509 0.008813437462 cfg1 2 1 0 0 na na
10 59698.271350303480 0.008813653729 cfg1 2 1 0 0 na na
10 59698.294350303387 0.008814524302 cfg1 2 1 0 0 na na
10 59698.319350337345 0.008815438905 cfg1 2 1 0 0 na na
10 59698.321350328241 0.008815533823 cfg1 2 1 0 0 na na
10 59698.329350286850 0.008815810338 cfg1 2 1 0 0 na na
10 59698.334350348606 0.008816013111 cfg1 2 1 0 0 na na
10 59698.358350292275 0.008816889741 cfg1 2 1 0 0 na na
10 59698.363350334050 0.008817088203 cfg1 2 1 0 0 na na
10 59698.390350338997 0.008818088809 cfg1 2 1 0 0 na na
10 59698.419350321490 0.008819179587 cfg1 2 1 0 0 na na
10 59698.426350306047 0.008819422631 cfg1 2 1 0 0 na na
10 59698.437350319082 0.008819854497 cfg1 2 1 0 0 na na
10 59698.455350330378 0.008820512146 cfg1 2 1 0 0 na na
10 59698.473350322377 0.008821191948 cfg1 2 1 0 0 na na
10 59698.480350327473 0.008821434141 cfg1 2 1 0 0 na na
10 59698.486350309761 0.008821671862 cfg1 2 1 0 0 na na
10 59698.489350359124 0.008821780274 cfg1 2 1 0 0 na na
10 59698.504350312652 0.008822351907 cfg1 2 1 0 0 na na
10 59698.519350328413 0.008822892602 cfg1 2 1 0 0 na na
10 59698.541350260199 0.008823706856 cfg1 2 1 0 0 na na
10 59698.559350294858 0.008824400883 cfg1 2 1 0 0 na na
10 59698.584350354336 0.008825304784 cfg1 2 1 0 0 na na
10 59698.587350337870 0.008825421024 cfg1 2 1 0 0 na na
10 59698.591350251333 0.008825580642 cfg1 2 1 0 0 na na
10 59698.627350300819 0.008826928186 cfg1 2 1 0 0 na na
10 59698.631350337313 0.008827069366 cfg1 2 1 0 0 na na
10 59698.635350283725 0.008827211221 cfg1 2 1 0 0 na na
10 59698.644350315851 0.008827550718 cfg1 2 1 0 0 na na
10 59698.649350361281 0.008827737869 cfg1 2 1 0 0 na na
10 59698.675350332959 0.008828718993 cfg1 2 1 0 0 na na
10 59698.692350320256 0.008829356617 cfg1 2 1 0 0 na na
10 59698.694350326007 0.008829431367 cfg1 2 1 0 0 na na
10 59698.719350331062 0.008830350885 cfg1 2 1 0 0 na na
10 59698.726350319949 0.008830625046 cfg1 2 1 0 0 na na
10 59698.761350325741 0.008831926609 cfg1 2 1 0 0 na na
10 59698.823350324945 0.008834241035 cfg1 2 1 0 0 na na
10 59698.825350340985 0.008834299634 cfg1 2 1 0 0 na na
10 59698.843350308764 0.008834975888 cfg1 2 1 0 0 na na
10 59698.903350318443 0.008837220608 cfg1 2 1 0 0 na na
10 59698.911350349207 0.008837517263 cfg1 2 1 0 0 na na
10 59698.940350322723 0.008838603594 cfg1 2 1 0 0 na na
10 59698.961350323299 0.008839378820 cfg1 2 1 0 0 na na
10 59699.046350249569 0.008842552650 cfg1 2 1 0 0 na na
10 59699.056350327530 0.008842915048 cfg1 2 1 0 0 na na
10 59699.061350335382 0.008843118880 cfg1 2 1 0 0 na na
10 59699.109350306444 0.008844909345 cfg1 2 1 0 0 na na
10 59699.123350365009 0.008845418046 cfg1 2 1 0 0 na na
10 59699.133350313424 0.008845810815 cfg1 2 1 0 0 na na
10 59699.156350323573 0.008846659719 cfg1 2 1 0 0 na na
10 59699.196350319867 0.008848139004 cfg1 2 1 0 0 na na
10 59699.197350318061 0.008848173749 cfg1 2 1 0 0 na na
10 59699.204350292763 0.008848444462 cfg1 2 1 0 0 na na
10 59699.219350304833 0.008849004282 cfg1 2 1 0 0 na na
10 59699.228350261683 0.008849335044 cfg1 2 1 0 0 na na
10 59699.280350310456 0.008851275912 cfg1 2 1 0 0 na na
10 59699.283350331618 0.008851405990 cfg1 2 1 0 0 na na
10 59699.372350296680 0.008854736025 cfg1 2 1 0 0 na na
10 59699.390350356182 0.008855390943 cfg1 2 1 0 0 na na
10 59699.392350325053 0.008855469721 cfg1 2 1 0 0 na na
10 59699.397350322189 0.008855659297 cfg1 2 1 0 0 na na
10 59699.408350304616 0.008856063508 cfg1 2 1 0 0 na na
10 59699.424350301899 0.008856669125 cfg1 2 1 0 0 na na
10 59699.426350321231 0.008856752050 cfg1 2 1 0 0 na na
10 59699.446350321000 0.008857499394 cfg1 2 1 0 0 na na
10 59699.450350310507 0.008857645944 cfg1 2 1 0 0 na na
10 59699.461350313020 0.008858058403 cfg1 2 1 0 0 na na
10 59699.492350304290 0.008859219300 cfg1 2 1 0 0 na na
10 59699.502350303737 0.008859588334 cfg1 2 1 0 0 na na
10 59699.508350288617 0.008859802566 cfg1 2 1 0 0 na na
10 59699.515350332879 0.008860068579 cfg1 2 1 0 0 na na
10 59699.543350253693 0.008861108329 cfg1 2 1 0 0 na na
10 59699.572350348966 0.008862185437 cfg1 2 1 0 0 na na
10 59699.612350352189 0.008863692063 cfg1 2 1 0 0 na na
10 59699.619350281769 0.008863950160 cfg1 2 1 0 0 na na
10 59699.631350332569 0.008864387912 cfg1 2 1 0 0 na na
10 59699.677350335642 0.008866128079 cfg1 2 1 0 0 na na
10 59699.747350328232 0.008868733875 cfg1 2 1 0 0 na na
10 59699.758350309560 0.008869154626 cfg1 2 1 0 0 na na
10 59699.818350326707 0.008871399622 cfg1 2 1 0 0 na na
10 59699.842350304286 0.008872292089 cfg1 2 1 0 0 na na
10 59699.861350320868 0.008872988678 cfg1 2 1 0 0 na na
10 59699.886350262791 0.008873923995 cfg1 2 1 0 0 na na
10 59699.888350323728 0.008874001318 cfg1 2 1 0 0 na na
10 59699.933350320277 0.008875686881 cfg1 2 1 0 0 na na
10 59699.938350331908 0.008875877741 cfg1 2 1 0 0 na na
10 59699.945350317691 0.008876137526 cfg1 2 1 0 0 na na
10 59699.980350307867 0.008877462631 cfg1 2 1 0 0 na na
10 59700.011350278553 0.008878607513 cfg1 2 1 0 0 na na
10 59700.132350277567 0.008883135868 cfg1 2 1 0 0 na na
10 59700.133350338134 0.008883169803 cfg1 2 1 0 0 na na
10 59700.138350314399 0.008883368743 cfg1 2 1 0 0 na na
10 59700.149350269677 0.008883786790 cfg1 2 1 0 0 na na
10 59700.162350349241 0.008884259862 cfg1 2 1 0 0 na na
10 59700.182350310999 0.008885009119 cfg1 2 1 0 0 na na
10 59700.187350277826 0.008885215412 cfg1 2 1 0 0 na na
10 59700.202350273376 0.008885763445 cfg1 2 1 0 0 na na
10 59700.221350253032 0.008886473891 cfg1 2 1 0 0 na na
10 59700.236350293848 0.008887032472 cfg1 2 1 0 0 na na
10 59700.241350343728 0.008887237494 cfg1 2 1 0 0 na na
10 59700.274350272828 0.008888455853 cfg1 2 1 0 0 na na
10 59700.287350295218 0.008888955269 cfg1 2 1 0 0 na na
10 59700.317350314636 0.008890085151 cfg1 2 1 0 0 na na
10 59700.380350344667 0.008892438934 cfg1 2 1 0 0 na na
10 59700.417350295067 0.008893810817 cfg1 2 1 0 0 na na
10 59700.442350306832 0.008894749314 cfg1 2 1 0 0 na na
10 59700.449350288950 0.008895014401 cfg1 2 1 0 0 na na
10 59700.450350290302 0.008895063406 cfg1 2 1 0 0 na na
10 59700.465350302777 0.008895624728 cfg1 2 1 0 0 na na
10 59700.478350336626 0.008896112744 cfg1 2 1 0 0 na na
10 59700.531350339169 0.008898080734 cfg1 2 1 0 0 na na
10 59700.586350362893 0.008900142663 cfg1 2 1 0 0 na na
10 59700.592350341306 0.008900368986 cfg1 2 1 0 0 na na
10 59700.638350350990 0.008902108872 cfg1 2 1 0 0 na na
10 59700.666350339818 0.008903150256 cfg1 2 1 0 0 na na
10 59700.677350354839 0.008903554115 cfg1 2 1 0 0 na na
10 59700.685350300352 0.008903858006 cfg1 2 1 0 0 na na
10 59700.693350305252 0.008904159375 cfg1 2 1 0 0 na na
10 59700.702350334457 0.008904497743 cfg1 2 1 0 0 na na
10 59700.703350337674 0.008904548677 cfg1 2 1 0 0 na na
10 59700.706350320068 0.008904660450 cfg1 2 1 0 0 na na
10 59700.772350263055 0.008907108969 cfg1 2 1 0 0 na na
10 59700.797350285449 0.008908063134 cfg1 2 1 0 0 na na
10 59700.810350331835 0.008908559439 cfg1 2 1 0 0 na na
10 59700.821350317526 0.008908952637 cfg1 2 1 0 0 na na
10 59700.830350342151 0.008909304621 cfg1 2 1 0 0 na na
10 59700.852350300420 0.008910110655 cfg1 2 1 0 0 na na
10 59700.853350328436 0.008910166673 cfg1 2 1 0 0 na na
10 59700.864350284698 0.008910576489 cfg1 2 1 0 0 na na
10 59700.887350322643 0.008911434084 cfg1 2 1 0 0 na na
10 59700.898350310181 0.008911855857 cfg1 2 1 0 0 na na
10 59700.930350288429 0.008913051796 cfg1 2 1 0 0 na na
10 59700.949350302586 0.008913773622 cfg1 2 1 0 0 na na
10 59700.963350328589 0.008914281170 cfg1 2 1 0 0 na na
10 59700.965350332469 0.008914360756 cfg1 2 1 0 0 na na
10 59700.982350333060 0.008914987662 cfg1 2 1 0 0 na na
10 59701.016350260252 0.008916267798 cfg1 2 1 0 0 na na
10 59701.037350264737 0.008917065185 cfg1 2 1 0 0 na na
10 59701.069350264485 0.008918270945 cfg1 2 1 0 0 na na
10 59701.072350314161 0.008918371130 cfg1 2 1 0 0 na na
10 59701.074350311900 0.008918446531 cfg1 2 1 0 0 na na
10 59701.111350330586 0.008919826260 cfg1 2 1 0 0 na na
10 59701.112350295359 0.008919863110 cfg1 2 1 0 0 na na
10 59701.136350335208 0.008920767000 cfg1 2 1 0 0 na na
10 59701.152350335869 0.008921364937 cfg1 2 1 0 0 na na
10 59701.172350280283 0.008922127307 cfg1 2 1 0 0 na na
10 59701.192350283380 0.008922889369 cfg1 2 1 0 0 na na
10 59701.195350325729 0.008923000589 cfg1 2 1 0 0 na na
10 59701.215350314780 0.008923739573 cfg1 2 1 0 0 na na
10 59701.227350316425 0.008924184392 cfg1 2 1 0 0 na na
10 59701.258350261827 0.008925363582 cfg1 2 1 0 0 na na
10 59701.260350294826 0.008925422113 cfg1 2 1 0 0 na na
10 59701.380350305627 0.008929936774 cfg1 2 1 0 0 na na
10 59701.411350319879 0.008931118536 cfg1 2 1 0 0 na na
10 59701.431350319744 0.008931867199 cfg1 2 1 0 0 na na
10 59701.493350287210 0.008934190005 cfg1 2 1 0 0 na na
10 59701.503350342571 0.008934546752 cfg1 2 1 0 0 na na
10 59701.528350310895 0.008935497727 cfg1 2 1 0 0 na na
10 59701.542350316938 0.008936037626 cfg1 2 1 0 0 na na
10 59701.549350279314 0.008936302179 cfg1 2 1 0 0 na na
10 59701.553350329810 0.008936440358 cfg1 2 1 0 0 na na
10 59701.648350330498 0.008940003660 cfg1 2 1 0 0 na na
10 59701.673350308439 0.008940944332 cfg1 2 1 0 0 na na
10 59701.690350255022 0.008941581767 cfg1 2 1 0 0 na na
10 59701.698350300669 0.008941901304 cfg1 2 1 0 0 na na
10 59701.739350307995 0.008943436243 cfg1 2 1 0 0 na na
10 59701.790350292067 0.008945339356 cfg1 2 1 0 0 na na
10 59701.801350297907 0.008945758901 cfg1 2 1 0 0 na na
10 59701.833350346699 0.008946953096 cfg1 2 1 0 0 na na
10 59701.850350263501 0.008947593070 cfg1 2 1 0 0 na na
10 59701.952350273455 0.008951452340 cfg1 2 1 0 0 na na
10 59701.968350347089 0.008952041598 cfg1 2 1 0 0 na na
10 59701.994350332641 0.008953032482 cfg1 2 1 0 0 na na
10 59702.021350282064 0.008954042088 cfg1 2 1 0 0 na na
10 59702.083350290464 0.008956359372 cfg1 2 1 0 0 na na
10 59702.087350300503 0.008956524132 cfg1 2 1 0 0 na na
10 59702.094350280728 0.008956792878 cfg1 2 1 0 0 na na
10 59702.100350302680 0.008957002440 cfg1 2 1 0 0 na na
10 59702.101350304424 0.008957041617 cfg1 2 1 0 0 na na
10 59702.175350292197 0.008959841271 cfg1 2 1 0 0 na na
10 59702.252350324599 0.008962743318 cfg1 2 1 0 0 na na
10 59702.253350331417 0.008962777579 cfg1 2 1 0 0 na na
10 59702.282350328854 0.008963874933 cfg1 2 1 0 0 na na
10 59702.287350318178 0.008964037386 cfg1 2 1 0 0 na na
10 59702.305350312288 0.008964718715 cfg1 2 1 0 0 na na
10 59702.307350296792 0.008964806466 cfg1 2 1 0 0 na na
10 59702.316350370741 0.008965141474 cfg1 2 1 0 0 na na
10 59702.325350334808 0.008965484990 cfg1 2 1 0 0 na na
10 59702.326350327993 0.008965513271 cfg1 2 1 0 0 na na
10 59702.339350447213 0.008965999201 cfg1 2 1 0 0 na na
10 59702.381350312135 0.008967603380 cfg1 2 1 0 0 na na
10 59702.394350362797 0.008968086262 cfg1 2 1 0 0 na na
10 59702.396350332037 0.008968164478 cfg1 2 1 0 0 na na
10 59702.399350345950 0.008968269408 cfg1 2 1 0 0 na na
10 59702.428350328288 0.008969351704 cfg1 2 1 0 0 na na
10 59702.444350286136 0.008969962295 cfg1 2 1 0 0 na na
10 59702.464350307845 0.008970719545 cfg1 2 1 0 0 na na
10 59702.470350346109 0.008970940520 cfg1 2 1 0 0 na na
10 59702.494350255209 0.008971841681 cfg1 2 1 0 0 na na
10 59702.527350265487 0.008973091931 cfg1 2 1 0 0 na na
10 59702.538350330259 0.008973515002 cfg1 2 1 0 0 na na
10 59702.573350317066 0.008974830260 cfg1 2 1 0 0 na na
10 59702.614350321639 0.008976376117 cfg1 2 1 0 0 na na
10 59702.621350289145 0.008976634187 cfg1 2 1 0 0 na na
10 59702.631350254922 0.008977007215 cfg1 2 1 0 0 na na
10 59702.662350301236 0.008978171152 cfg1 2 1 0 0 na na
10 59702.676350324096 0.008978697806 cfg1 2 1 0 0 na na
10 59702.688350316316 0.008979150486 cfg1 2 1 0 0 na na
10 59702.692350314406 0.008979316481 cfg1 2 1 0 0 na na
10 59702.747350315363 0.008981383355 cfg1 2 1 0 0 na na
10 59702.753350297531 0.008981613124 cfg1 2 1 0 0 na na
10 59702.758350275921 0.008981799842 cfg1 2 1 0 0 na na
10 59702.778350338712 0.008982559624 cfg1 2 1 0 0 na na
10 59702.780350343905 0.008982622565 cfg1 2 1 0 0 na na
10 59702.801350302837 0.008983411562 cfg1 2 1 0 0 na na
10 59702.839350318370 0.008984857519 cfg1 2 1 0 0 na na
10 59702.848350344564 0.008985179406 cfg1 2 1 0 0 na na
10 59702.922350281829 0.008987985868 cfg1 2 1 0 0 na na
10 59702.949350313101 0.008989007556 cfg1 2 1 0 0 na na
10 59702.955350321118 0.008989213593 cfg1 2 1 0 0 na na
10 59703.039350356174 0.008992386563 cfg1 2 1 0 0 na na
10 59703.057350321980 0.008993079099 cfg1 2 1 0 0 na na
10 59703.074350343905 0.008993712016 cfg1 2 1 0 0 na na
10 59703.089350294897 0.008994286785 cfg1 2 1 0 0 na na
10 59703.107350309667 0.008994943441 cfg1 2 1 0 0 na na
10 59703.109350296827 0.008995038338 cfg1 2 1 0 0 na na
10 59703.121350302282 0.008995474075 cfg1 2 1 0 0 na na
10 59703.144350333035 0.008996351801 cfg1 2 1 0 0 na na
10 59703.190350322499 0.008998078518 cfg1 2 1 0 0 na na
10 59703.197350319033 0.008998350476 cfg1 2 1 0 0 na na
10 59703.253350314831 0.009000474224 cfg1 2 1 0 0 na na
10 59703.273350323040 0.009001232252 cfg1 2 1 0 0 na na
10 59703.346350337951 0.009003973327 cfg1 2 1 0 0 na na
10 59703.357350286974 0.009004393630 cfg1 2 1 0 0 na na
10 59703.367350320274 0.009004774606 cfg1 2 1 0 0 na na
10 59703.381350309529 0.009005310416 cfg1 2 1 0 0 na na
10 59703.434350298928 0.009007297523 cfg1 2 1 0 0 na na
10 59703.447350290282 0.009007785971 cfg1 2 1 0 0 na na
10 59703.451350260058 0.009007939851 cfg1 2 1 0 0 na na
10 59703.465350340993 0.009008480385 cfg1 2 1 0 0 na na
10 59703.470350362125 0.009008646820 cfg1 2 1 0 0 na na
10 59703.496350320603 0.009009638895 cfg1 2 1 0 0 na na
10 59703.498350297232 0.009009701918 cfg1 2 1 0 0 na na
10 59703.522350335781 0.009010617721 cfg1 2 1 0 0 na na
10 59703.561350318128 0.009012092782 cfg1 2 1 0 0 na na
10 59703.583350304967 0.009012931529 cfg1 2 1 0 0 na na
10 59703.625350324703 0.009014506969 cfg1 2 1 0 0 na na
10 59703.706350315614 0.009017570145 cfg1 2 1 0 0 na na
10 59703.714350267456 0.009017869049 cfg1 2 1 0 0 na na
10 59703.725350300763 0.009018306867 cfg1 2 1 0 0 na na
10 59703.732350266377 0.009018569250 cfg1 2 1 0 0 na na
10 59703.739350338486 0.009018832719 cfg1 2 1 0 0 na na
10 59703.742350320354 0.009018926607 cfg1 2 1 0 0 na na
10 59703.750350326021 0.009019249852 cfg1 2 1 0 0 na na
10 59703.800350290719 0.009021128024 cfg1 2 1 0 0 na na
10 59703.816350332218 0.009021729817 cfg1 2 1 0 0 na na
10 59703.842350334737 0.009022714768 cfg1 2 1 0 0 na na
10 59703.876350315824 0.009023999944 cfg1 2 1 0 0 na na
10 59703.879350300721 0.009024123952 cfg1 2 1 0 0 na na
10 59703.936350344524 0.009026280666 cfg1 2 1 0 0 na na
10 59703.941350312516 0.009026473177 cfg1 2 1 0 0 na na
10 59703.961350300865 0.009027218340 cfg1 2 1 0 0 na na
10 59703.962350321884 0.009027267364 cfg1 2 1 0 0 na na
10 59703.963350331408 0.009027284364 cfg1 2 1 0 0 na na
10 59704.002350378008 0.009028775997 cfg1 2 1 0 0 na na
10 59704.011350339757 0.009029112717 cfg1 2 1 0 0 na na
10 59704.042350343141 0.009030268419 cfg1 2 1 0 0 na na
10 59704.089350337872 0.009032042787 cfg1 2 1 0 0 na na
10 59704.113350258621 0.009032974469 cfg1 2 1 0 0 na na
10 59704.115350277420 0.009033033012 cfg1 2 1 0 0 na na
10 59704.127350344102 0.009033507605 cfg1 2 1 0 0 na na
10 59704.151350319800 0.009034405834 cfg1 2 1 0 0 na na
10 59704.152350305700 0.009034428328 cfg1 2 1 0 0 na na
10 59704.197350310791 0.009036128838 cfg1 2 1 0 0 na na
10 59704.214350307499 0.009036799374 cfg1 2 1 0 0 na na
10 59704.220350298219 0.009037008296 cfg1 2 1 0 0 na na
10 59704.237350377488 0.009037650884 cfg1 2 1 0 0 na na
10 59704.270350283945 0.009038904225 cfg1 2 1 0 0 na na
10 59704.282350353199 0.009039354777 cfg1 2 1 0 0 na na
10 59704.289350333243 0.009039631089 cfg1 2 1 0 0 na na
10 59704.321350337530 0.009040820459 cfg1 2 1 0 0 na na
10 59704.332350299823 0.009041243881 cfg1 2 1 0 0 na na
10 59704.356350376627 0.009042169190 cfg1 2 1 0 0 na na
10 59704.430350331254 0.009044948298 cfg1 2 1 0 0 na na
10 59704.447350283027 0.009045610599 cfg1 2 1 0 0 na na
10 59704.456350317089 0.009045959873 cfg1 2 1 0 0 na na
10 59704.465350318915 0.009046289509 cfg1 2 1 0 0 na na
10 59704.481350305807 0.009046904542 cfg1 2 1 0 0 na na
10 59704.514350260230 0.009048133094 cfg1 2 1 0 0 na na
10 59704.516350343354 0.009048230742 cfg1 2 1 0 0 na na
10 59704.521350344401 0.009048397760 cfg1 2 1 0 0 na na
10 59704.522350258556 0.009048438340 cfg1 2 1 0 0 na na
10 59704.558350332460 0.009049804400 cfg1 2 1 0 0 na na
10 59704.628350289460 0.009052469917 cfg1 2 1 0 0 na na
10 59704.664350313272 0.009053824366 cfg1 2 1 0 0 na na
10 59704.679350256922 0.009054384804 cfg1 2 1 0 0 na na
10 59704.740350328959 0.009056708843 cfg1 2 1 0 0 na na
10 59704.743350306702 0.009056806896 cfg1 2 1 0 0 na na
10 59704.824350331841 0.009059894451 cfg1 2 1 0 0 na na
10 59704.834350362927 0.009060270029 cfg1 2 1 0 0 na na
10 59704.870350311252 0.009061638950 cfg1 2 1 0 0 na na
10 59704.871350289520 0.009061675008 cfg1 2 1 0 0 na na
10 59704.891350293090 0.009062433581 cfg1 2 1 0 0 na na
10 59704.959350311350 0.009064993631 cfg1 2 1 0 0 na na
10 59704.984350321374 0.009065958389 cfg1 2 1 0 0 na na
10 59704.995350279523 0.009066357142 cfg1 2 1 0 0 na na
10 59705.161350362632 0.009072676153 cfg1 2 1 0 0 na na
10 59705.165350335246 0.009072822942 cfg1 2 1 0 0 na na
10 59705.171350360477 0.009073052117 cfg1 2 1 0 0 na na
10 59705.198350292866 0.009074059131 cfg1 2 1 0 0 na na
10 59705.217350315012 0.009074794426 cfg1 2 1 0 0 na na
10 59705.247350323226 0.009075926554 cfg1 2 1 0 0 na na
10 59705.281350373441 0.009077214790 cfg1 2 1 0 0 na na
10 59705.355350373035 0.009080025954 cfg1 2 1 0 0 na na
10 59705.359350316938 0.009080167356 cfg1 2 1 0 0 na na
10 59705.362350338346 0.009080285904 cfg1 2 1 0 0 na na
10 59705.391350324104 0.009081400405 cfg1 2 1 0 0 na na
10 59705.405350317319 0.009081907697 cfg1 2 1 0 0 na na
10 59705.453350336910 0.009083738259 cfg1 2 1 0 0 na na
10 59705.454350306637 0.009083792796 cfg1 2 1 0 0 na na
10 59705.458350293627 0.009083938696 cfg1 2 1 0 0 na na
10 59705.532350275866 0.009086730809 cfg1 2 1 0 0 na na
10 59705.547350339030 0.009087313035 cfg1 2 1 0 0 na na
10 59705.593350331690 0.009089061455 cfg1 2 1 0 0 na na
10 59705.641350350845 0.009090876541 cfg1 2 1 0 0 na na
10 59705.679350264917 0.009092322812 cfg1 2 1 0 0 na na
10 59705.686350305381 0.009092583689 cfg1 2 1 0 0 na na
10 59705.733350350999 0.009094367110 cfg1 2 1 0 0 na na
10 59705.799350316070 0.009096884589 cfg1 2 1 0 0 na na
10 59705.884350299525 0.009100101702 cfg1 2 1 0 0 na na
10 59705.888350276818 0.009100265130 cfg1 2 1 0 0 na na
10 59705.914350353065 0.009101255247 cfg1 2 1 0 0 na na
10 59705.925350348655 0.009101677730 cfg1 2 1 0 0 na na
10 59705.953350359753 0.009102746938 cfg1 2 1 0 0 na na
10 59706.076350334237 0.009107415309 cfg1 2 1 0 0 na na
10 59706.080350332415 0.009107547755 cfg1 2 1 0 0 na na
10 59706.113350338105 0.009108819260 cfg1 2 1 0 0 na na
10 59706.151350256797 0.009110254906 cfg1 2 1 0 0 na na
10 59706.174350353971 0.009111151486 cfg1 2 1 0 0 na na
10 59706.222350353958 0.009112973345 cfg1 2 1 0 0 na na
10 59706.226350301428 0.009113109782 cfg1 2 1 0 0 na na
10 59706.231350325775 0.009113313830 cfg1 2 1 0 0 na na
10 59706.239350321356 0.009113615183 cfg1 2 1 0 0 na na
10 59706.242350289591 0.009113733706 cfg1 2 1 0 0 na na
10 59706.254350246516 0.009114180309 cfg1 2 1 0 0 na na
10 59706.303350316258 0.009116054939 cfg1 2 1 0 0 na na
10 59706.378350316899 0.009118889000 cfg1 2 1 0 0 na na
10 59706.390350357300 0.009119344231 cfg1 2 1 0 0 na na
10 59706.412350304095 0.009120187203 cfg1 2 1 0 0 na na
10 59706.415350296846 0.009120293019 cfg1 2 1 0 0 na na
10 59706.431350347205 0.009120912837 cfg1 2 1 0 0 na na
10 59706.434350298922 0.009121039330 cfg1 2 1 0 0 na na
10 59706.441350273489 0.009121304115 cfg1 2 1 0 0 na na
10 59706.460350319284 0.009122007959 cfg1 2 1 0 0 na na
10 59706.465350269171 0.009122221733 cfg1 2 1 0 0 na na
10 59706.468350302338 0.009122330807 cfg1 2 1 0 0 na na
10 59706.472350306185 0.009122476258 cfg1 2 1 0 0 na na
10 59706.485350343877 0.009122967165 cfg1 2 1 0 0 na na
10 59706.576350355284 0.009126423865 cfg1 2 1 0 0 na na
10 59706.579350286545 0.009126544337 cfg1 2 1 0 0 na na
10 59706.595350349971 0.009127143210 cfg1 2 1 0 0 na na
10 59706.617350342279 0.009127977403 cfg1 2 1 0 0 na na
10 59706.633350289063 0.009128615286 cfg1 2 1 0 0 na na
10 59706.637350305445 0.009128754021 cfg1 2 1 0 0 na na
10 59706.714350338395 0.009131673606 cfg1 2 1 0 0 na na
10 59706.718350336958 0.009131851677 cfg1 2 1 0 0 na na
10 59706.720350282536 0.009131904402 cfg1 2 1 0 0 na na
10 59706.725350355392 0.009132103577 cfg1 2 1 0 0 na na
10 59706.763350357094 0.009133558588 cfg1 2 1 0 0 na na
10 59706.823350306326 0.009135844743 cfg1 2 1 0 0 na na
10 59706.850350303975 0.009136851676 cfg1 2 1 0 0 na na
10 59706.869350310399 0.009137574651 cfg1 2 1 0 0 na na
10 59706.901350336190 0.009138802890 cfg1 2 1 0 0 na na
10 59706.932350306564 0.009140001357 cfg1 2 1 0 0 na na
10 59706.937350351362 0.009140183170 cfg1 2 1 0 0 na na
10 59706.963350343464 0.009141174041 cfg1 2 1 0 0 na na
10 59706.967350365823 0.009141331275 cfg1 2 1 0 0 na na
10 59707.032350304580 0.009143798742 cfg1 2 1 0 0 na na
10 59707.047350335076 0.009144368146 cfg1 2 1 0 0 na na
10 59707.087350320306 0.009145902822 cfg1 2 1 0 0 na na
10 59707.136350315152 0.009147757768 cfg1 2 1 0 0 na na
10 59707.144350320963 0.009148053546 cfg1 2 1 0 0 na na
10 59707.162350334883 0.009148750379 cfg1 2 1 0 0 na na
10 59707.185350322957 0.009149635602 cfg1 2 1 0 0 na na
10 59707.223350349917 0.009151093144 cfg1 2 1 0 0 na na
10 59707.270350286714 0.009152884670 cfg1 2 1 0 0 na na
10 59707.282350310253 0.009153325433 cfg1 2 1 0 0 na na
10 59707.314350342382 0.009154563306 cfg1 2 1 0 0 na na
10 59707.322350320653 0.009154857202 cfg1 2 1 0 0 na na
10 59707.333350327617 0.009155273712 cfg1 2 1 0 0 na na
10 59707.345350329282 0.009155722176 cfg1 2 1 0 0 na na
10 59707.369350308962 0.009156634212 cfg1 2 1 0 0 na na
10 59707.372350355527 0.009156775986 cfg1 2 1 0 0 na na
10 59707.425350291030 0.009158790540 cfg1 2 1 0 0 na na
10 59707.437350316236 0.009159247789 cfg1 2 1 0 0 na na
10 59707.461350348729 0.009160164098 cfg1 2 1 0 0 na na
10 59707.475350327920 0.009160698482 cfg1 2 1 0 0 na na
10 59707.513350257624 0.009162152520 cfg1 2 1 0 0 na na
10 59707.536350335359 0.009163031779 cfg1 2 1 0 0 na na
10 59707.548350251890 0.009163485914 cfg1 2 1 0 0 na na
10 59707.565350253095 0.009164123781 cfg1 2 1 0 0 na na
10 59707.583350336459 0.009164802759 cfg1 2 1 0 0 na na
10 59707.634350262468 0.009166744392 cfg1 2 1 0 0 na na
10 59707.662350251627 0.009167825126 cfg1 2 1 0 0 na na
10 59707.671350311299 0.009168180511 cfg1 2 1 0 0 na na
10 59707.682350298473 0.009168584464 cfg1 2 1 0 0 na na
10 59707.691350266920 0.009168933361 cfg1 2 1 0 0 na na
10 59707.729350294617 0.009170380464 cfg1 2 1 0 0 na na
10 59707.739350312359 0.009170760696 cfg1 2 1 0 0 na na
10 59707.741350304626 0.009170852593 cfg1 2 1 0 0 na na
10 59707.754350351933 0.009171346912 cfg1 2 1 0 0 na na
10 59707.795350336888 0.009172909004 cfg1 2 1 0 0 na na
10 59707.804350325879 0.009173253610 cfg1 2 1 0 0 na na
10 59707.819350317642 0.009173815131 cfg1 2 1 0 0 na na
10 59707.845350336885 0.009174805594 cfg1 2 1 0 0 na na
10 59707.850350349142 0.009175006171 cfg1 2 1 0 0 na na
10 59707.897350312197 0.009176784649 cfg1 2 1 0 0 na na
10 59707.919350276694 0.009177626843 cfg1 2 1 0 0 na na
10 59707.921350304664 0.009177718217 cfg1 2 1 0 0 na na
10 59707.930350299767 0.009178063725 cfg1 2 1 0 0 na na
10 59707.947350337683 0.009178708696 cfg1 2 1 0 0 na na
10 59707.960350349321 0.009179207609 cfg1 2 1 0 0 na na
10 59707.968350363016 0.009179496866 cfg1 2 1 0 0 na na
10 59708.030350272299 0.009181878200 cfg1 2 1 0 0 na na
10 59708.037350326223 0.009182158145 cfg1 2 1 0 0 na na
10 59708.050350340514 0.009182641818 cfg1 2 1 0 0 na na
10 59708.052350329806 0.009182731194 cfg1 2 1 0 0 na na
10 59708.053350306859 0.009182748641 cfg1 2 1 0 0 na na
10 59708.068350305533 0.009183336590 cfg1 2 1 0 0 na na
10 59708.073350321804 0.009183515648 cfg1 2 1 0 0 na na
10 59708.090350312137 0.009184162601 cfg1 2 1 0 0 na na
10 59708.199350380501 0.009188346650 cfg1 2 1 0 0 na na
10 59708.221350338745 0.009189175634 cfg1 2 1 0 0 na na
10 59708.250350317901 0.009190294502 cfg1 2 1 0 0 na na
10 59708.251350295384 0.009190314397 cfg1 2 1 0 0 na na
10 59708.291350323125 0.009191855393 cfg1 2 1 0 0 na na
10 59708.314350350919 0.009192718547 cfg1 2 1 0 0 na na
10 59708.363350286002 0.009194600677 cfg1 2 1 0 0 na na
10 59708.365350321456 0.009194686537 cfg1 2 1 0 0 na na
10 59708.369350251490 0.009194847776 cfg1 2 1 0 0 na na
10 59708.394350262167 0.009195789109 cfg1 2 1 0 0 na na
10 59708.400350248663 0.009196023295 cfg1 2 1 0 0 na na
10 59708.406350298638 0.009196239784 cfg1 2 1 0 0 na na
10 59708.441350340127 0.009197593182 cfg1 2 1 0 0 na na
10 59708.447350288013 0.009197828744 cfg1 2 1 0 0 na na
10 59708.464350283665 0.009198469963 cfg1 2 1 0 0 na na
10 59708.470350293797 0.009198708549 cfg1 2 1 0 0 na na
10 59708.487350264757 0.009199336164 cfg1 2 1 0 0 na na
10 59708.513350331443 0.009200330328 cfg1 2 1 0 0 na na
10 59708.516350333324 0.009200446593 cfg1 2 1 0 0 na na
10 59708.530350293925 0.009201004319 cfg1 2 1 0 0 na na
10 59708.610350325666 0.009204063645 cfg1 2 1 0 0 na na
10 59708.621350345835 0.009204477027 cfg1 2 1 0 0 na na
10 59708.638350301317 0.009205131563 cfg1 2 1 0 0 na na
10 59708.640350309416 0.009205199326 cfg1 2 1 0 0 na na
10 59708.658350265968 0.009205875956 cfg1 2 1 0 0 na na
10 59708.663350264158 0.009206067908 cfg1 2 1 0 0 na na
10 59708.694350339119 0.009207255286 cfg1 2 1 0 0 na na
10 59708.709350315143 0.009207829493 cfg1 2 1 0 0 na na
10 59708.766350311890 0.009210013615 cfg1 2 1 0 0 na na
10 59708.788350361369 0.009210854306 cfg1 2 1 0 0 na na
10 59708.802350307597 0.009211395757 cfg1 2 1 0 0 na na
10 59708.856350296823 0.009213464295 cfg1 2 1 0 0 na na
10 59708.931350344853 0.009216330218 cfg1 2 1 0 0 na na
10 59708.942350297203 0.009216769074 cfg1 2 1 0 0 na na
10 59709.031350327575 0.009220176058 cfg1 2 1 0 0 na na
10 59709.050350280981 0.009220897968 cfg1 2 1 0 0 na na
10 59709.057350334606 0.009221173501 cfg1 2 1 0 0 na na
10 59709.086350339041 0.009222263986 cfg1 2 1 0 0 na na
10 59709.091350259941 0.009222451762 cfg1 2 1 0 0 na na
10 59709.116350325017 0.009223425505 cfg1 2 1 0 0 na na
10 59709.119350288424 0.009223542256 cfg1 2 1 0 0 na na
10 59709.137350308804 0.009224223632 cfg1 2 1 0 0 na na
10 59709.177350311267 0.009225768909 cfg1 2 1 0 0 na na
10 59709.182350363934 0.009225933710 cfg1 2 1 0 0 na na
10 59709.223350316621 0.009227505834 cfg1 2 1 0 0 na na
10 59709.236350342743 0.009228025127 cfg1 2 1 0 0 na na
10 59709.287350328000 0.009229963512 cfg1 2 1 0 0 na na
10 59709.296350326390 0.009230311193 cfg1 2 1 0 0 na na
10 59709.300350300998 0.009230456047 cfg1 2 1 0 0 na na
10 59709.311350301419 0.009230901615 cfg1 2 1 0 0 na na
10 59709.378350350018 0.009233445793 cfg1 2 1 0 0 na na
10 59709.463350328748 0.009236709974 cfg1 2 1 0 0 na na
10 59709.497350362501 0.009238024357 cfg1 2 1 0 0 na na
10 59709.554350331848 0.009240194537 cfg1 2 1 0 0 na na
10 59709.590350278764 0.009241593343 cfg1 2 1 0 0 na na
10 59709.599350334078 0.009241921294 cfg1 2 1 0 0 na na
10 59709.612350357152 0.009242438403 cfg1 2 1 0 0 na na
10 59709.627350323008 0.009243004131 cfg1 2 1 0 0 na na
10 59709.663350300720 0.009244369637 cfg1 2 1 0 0 na na
10 59709.683350326007 0.009245144071 cfg1 2 1 0 0 na na
10 59709.704350285996 0.009245945006 cfg1 2 1 0 0 na na
10 59709.779350310806 0.009248841437 cfg1 2 1 0 0 na na
10 59709.798350280941 0.009249559222 cfg1 2 1 0 0 na na
10 59709.821350252994 0.009250438938 cfg1 2 1 0 0 na na
10 59709.829350356989 0.009250763637 cfg1 2 1 0 0 na na
10 59709.886350329256 0.009252933319 cfg1 2 1 0 0 na na
10 59709.894350293290 0.009253246392 cfg1 2 1 0 0 na na
10 59709.915350258050 0.009254046225 cfg1 2 1 0 0 na na
10 59709.923350314195 0.009254350853 cfg1 2 1 0 0 na na
10 59709.932350313855 0.009254706782 cfg1 2 1 0 0 na na
10 59709.952350303519 0.009255465195 cfg1 2 1 0 0 na na
10 59709.980350303559 0.009256547532 cfg1 2 1 0 0 na na
10 59710.010350261282 0.009257709981 cfg1 2 1 0 0 na na
10 59710.048350254105 0.009259148067 cfg1 2 1 0 0 na na
10 59710.059350341424 0.009259568415 cfg1 2 1 0 0 na na
10 59710.084350290211 0.009260547286 cfg1 2 1 0 0 na na
10 59710.085350332440 0.009260567237 cfg1 2 1 0 0 na na
10 59710.086350312366 0.009260615541 cfg1 2 1 0 0 na na
10 59710.128350303687 0.009262222502 cfg1 2 1 0 0 na na
10 59710.131350338900 0.009262346026 cfg1 2 1 0 0 na na
10 59710.140350307323 0.009262671806 cfg1 2 1 0 0 na na
10 59710.143350288476 0.009262795110 cfg1 2 1 0 0 na na
10 59710.221350325995 0.009265797076 cfg1 2 1 0 0 na na
10 59710.257350298554 0.009267192363 cfg1 2 1 0 0 na na
10 59710.268350327888 0.009267603087 cfg1 2 1 0 0 na na
10 59710.284350267887 0.009268229031 cfg1 2 1 0 0 na na
10 59710.288350350722 0.009268366725 cfg1 2 1 0 0 na na
10 59710.309350288007 0.009269175968 cfg1 2 1 0 0 na na
10 59710.337350328313 0.009270263463 cfg1 2 1 0 0 na na
10 59710.343350317167 0.009270486295 cfg1 2 1 0 0 na na
10 59710.365350310832 0.009271330535 cfg1 2 1 0 0 na na
10 59710.392350295159 0.009272371122 cfg1 2 1 0 0 na na
10 59710.404350269220 0.009272837335 cfg1 2 1 0 0 na na
10 59710.462350313881 0.009275044823 cfg1 2 1 0 0 na na
10 59710.500350337705 0.009276527869 cfg1 2 1 0 0 na na
10 59710.515350334849 0.009277091731 cfg1 2 1 0 0 na na
10 59710.518350255020 0.009277217374 cfg1 2 1 0 0 na na
10 59710.668350291528 0.009282965462 cfg1 2 1 0 0 na na
10 59710.727350323035 0.009285224071 cfg1 2 1 0 0 na na
10 59710.742350253586 0.009285808690 cfg1 2 1 0 0 na na
10 59710.797350292206 0.009287930838 cfg1 2 1 0 0 na na
10 59710.903350296151 0.009292006552 cfg1 2 1 0 0 na na
10 59710.969350321709 0.009294549137 cfg1 2 1 0 0 na na
10 59711.003350338340 0.009295864443 cfg1 2 1 0 0 na na
10 59711.017350291469 0.009296402040 cfg1 2 1 0 0 na na
10 59711.019350335816 0.009296480007 cfg1 2 1 0 0 na na
10 59711.041350289232 0.009297323260 cfg1 2 1 0 0 na na
10 59711.072350352518 0.009298521326 cfg1 2 1 0 0 na na
10 59711.105350344672 0.009299769067 cfg1 2 1 0 0 na na
10 59711.111350338774 0.009300015962 cfg1 2 1 0 0 na na
10 59711.122350343885 0.009300419991 cfg1 2 1 0 0 na na
10 59711.128350294503 0.009300670204 cfg1 2 1 0 0 na na
10 59711.137350343774 0.009301016986 cfg1 2 1 0 0 na na
10 59711.140350302983 0.009301135571 cfg1 2 1 0 0 na na
10 59711.148350381097 0.009301443071 cfg1 2 1 0 0 na na
10 59711.155350338316 0.009301702295 cfg1 2 1 0 0 na na
10 59711.163350257659 0.009302013023 cfg1 2 1 0 0 na na
10 59711.183350343771 0.009302784480 cfg1 2 1 0 0 na na
10 59711.194350335776 0.009303212214 cfg1 2 1 0 0 na na
10 59711.220350329957 0.009304188326 cfg1 2 1 0 0 na na
10 59711.234350385876 0.009304733581 cfg1 2 1 0 0 na na
10 59711.249350312750 0.009305308372 cfg1 2 1 0 0 na na
10 59711.388350290968 0.009310671283 cfg1 2 1 0 0 na na
10 59711.402350302164 0.009311210967 cfg1 2 1 0 0 na na
10 59711.433350339327 0.009312405558 cfg1 2 1 0 0 na na
10 59711.451350328707 0.009313100142 cfg1 2 1 0 0 na na
10 59711.470350271299 0.009313836728 cfg1 2 1 0 0 na na
10 59711.486350321226 0.009314456291 cfg1 2 1 0 0 na na
10 59711.488350324774 0.009314519393 cfg1 2 1 0 0 na na
10 59711.494350297995 0.009314745239 cfg1 2 1 0 0 na na
10 59711.566350304792 0.009317523359 cfg1 2 1 0 0 na na
10 59711.574350315682 0.009317836890 cfg1 2 1 0 0 na na
10 59711.581350389838 0.009318108625 cfg1 2 1 0 0 na na
10 59711.597350312403 0.009318712975 cfg1 2 1 0 0 na na
10 59711.601350281293 0.009318884382 cfg1 2 1 0 0 na na
10 59711.612350338848 0.009319289651 cfg1 2 1 0 0 na na
10 59711.633350354123 0.009320109442 cfg1 2 1 0 0 na na
10 59711.673350342222 0.009321642501 cfg1 2 1 0 0 na na
10 59711.714350291846 0.009323226861 cfg1 2 1 0 0 na na
10 59711.718350297406 0.009323374434 cfg1 2 1 0 0 na na
10 59711.720350307140 0.009323469431 cfg1 2 1 0 0 na na
10 59711.729350348372 0.009323791336 cfg1 2 1 0 0 na na
10 59711.736350344424 0.009324070725 cfg1 2 1 0 0 na na
10 59711.742350320819 0.009324297220 cfg1 2 1 0 0 na na
10 59711.749350403076 0.009324586781 cfg1 2 1 0 0 na na
10 59711.754350318581 0.009324772146 cfg1 2 1 0 0 na na
10 59711.787350330968 0.009326032937 cfg1 2 1 0 0 na na
10 59711.816350309636 0.009327155820 cfg1 2 1 0 0 na na
10 59711.830350347431 0.009327702552 cfg1 2 1 0 0 na na
10 59711.952350321602 0.009332412531 cfg1 2 1 0 0 na na
10 59711.981350355290 0.009333528723 cfg1 2 1 0 0 na na
10 59711.999350276404 0.009334206076 cfg1 2 1 0 0 na na
10 59712.016350289765 0.009334882149 cfg1 2 1 0 0 na na
10 59712.033350248565 0.009335523431 cfg1 2 1 0 0 na na
10 59712.048350335986 0.009336099724 cfg1 2 1 0 0 na na
10 59712.064350253571 0.009336713424 cfg1 2 1 0 0 na na
10 59712.094350335926 0.009337885900 cfg1 2 1 0 0 na na
10 59712.150350300054 0.009340043786 cfg1 2 1 0 0 na na
10 59712.227350332318 0.009343013238 cfg1 2 1 0 0 na na
10 59712.236350320417 0.009343345616 cfg1 2 1 0 0 na na
10 59712.253350311564 0.009344011068 cfg1 2 1 0 0 na na
10 59712.273350304630 0.009344783494 cfg1 2 1 0 0 na na
10 59712.287350341007 0.009345330936 cfg1 2 1 0 0 na na
10 59712.289350339726 0.009345393083 cfg1 2 1 0 0 na na
10 59712.334350354065 0.009347119659 cfg1 2 1 0 0 na na
10 59712.384350324825 0.009349075541 cfg1 2 1 0 0 na na
10 59712.399350331852 0.009349632610 cfg1 2 1 0 0 na na
10 59712.436350330624 0.009351070050 cfg1 2 1 0 0 na na
10 59712.448350309648 0.009351545070 cfg1 2 1 0 0 na na
10 59712.452350312916 0.009351702610 cfg1 2 1 0 0 na na
10 59712.501350286150 0.009353585288 cfg1 2 1 0 0 na na
10 59712.569350308553 0.009356208286 cfg1 2 1 0 0 na na
10 59712.580350333131 0.009356630331 cfg1 2 1 0 0 na na
10 59712.614350366620 0.009357928415 cfg1 2 1 0 0 na na
10 59712.636350283800 0.009358804324 cfg1 2 1 0 0 na na
10 59712.686350293878 0.009360719221 cfg1 2 1 0 0 na na
10 59712.699350337025 0.009361220636 cfg1 2 1 0 0 na na
10 59712.706350312335 0.009361487129 cfg1 2 1 0 0 na na
10 59712.740350304614 0.009362817144 cfg1 2 1 0 0 na na
10 59712.804350246923 0.009365280082 cfg1 2 1 0 0 na na
10 59712.807350334533 0.009365384094 cfg1 2 1 0 0 na na
10 59712.839350359164 0.009366627035 cfg1 2 1 0 0 na na
10 59712.944350328915 0.009370700224 cfg1 2 1 0 0 na na
10 59712.957350263496 0.009371178440 cfg1 2 1 0 0 na na
10 59712.966350313083 0.009371527514 cfg1 2 1 0 0 na na
10 59713.001350270679 0.009372897794 cfg1 2 1 0 0 na na
10 59713.002350327195 0.009372933195 cfg1 2 1 0 0 na na
10 59713.016350341970 0.009373486020 cfg1 2 1 0 0 na na
10 59713.035350253129 0.009374219056 cfg1 2 1 0 0 na na
10 59713.037350304920 0.009374297007 cfg1 2 1 0 0 na na
10 59713.048350301566 0.009374711761 cfg1 2 1 0 0 na na
10 59713.075350342387 0.009375739485 cfg1 2 1 0 0 na na
10 59713.076350329600 0.009375798891 cfg1 2 1 0 0 na na
10 59713.079350294309 0.009375908705 cfg1 2 1 0 0 na na
10 59713.093350320149 0.009376443650 cfg1 2 1 0 0 na na
10 59713.120350250253 0.009377491823 cfg1 2 1 0 0 na na
10 59713.131350343277 0.009377910443 cfg1 2 1 0 0 na na
10 59713.138350305696 0.009378182308 cfg1 2 1 0 0 na na
10 59713.182350340624 0.009379898721 cfg1 2 1 0 0 na na
10 59713.186350298453 0.009380031605 cfg1 2 1 0 0 na na
10 59713.188350324195 0.009380124487 cfg1 2 1 0 0 na na
10 59713.251350335784 0.009382563580 cfg1 2 1 0 0 na na
10 59713.260350316017 0.009382888476 cfg1 2 1 0 0 na na
10 59713.264350327261 0.009383068202 cfg1 2 1 0 0 na na
10 59713.302350320536 0.009384529982 cfg1 2 1 0 0 na na
10 59713.354350312997 0.009386538364 cfg1 2 1 0 0 na na
10 59713.394350306780 0.009388092357 cfg1 2 1 0 0 na na
10 59713.439350330792 0.009389830232 cfg1 2 1 0 0 na na
10 59713.465350307357 0.009390833706 cfg1 2 1 0 0 na na
10 59713.519350357966 0.009392923653 cfg1 2 1 0 0 na na
10 59713.588350368441 0.009395583324 cfg1 2 1 0 0 na na
10 59713.602350342650 0.009396141962 cfg1 2 1 0 0 na na
10 59713.676350263836 0.009398988090 cfg1 2 1 0 0 na na
10 59713.686350323261 0.009399391174 cfg1 2 1 0 0 na na
10 59713.690350368813 0.009399525242 cfg1 2 1 0 0 na na
10 59713.692350322655 0.009399601582 cfg1 2 1 0 0 na na
10 59713.752350259563 0.009401932291 cfg1 2 1 0 0 na na
10 59713.763350360782 0.009402353674 cfg1 2 1 0 0 na na
10 59713.766350284917 0.009402479411 cfg1 2 1 0 0 na na
10 59713.805350255573 0.009403986189 cfg1 2 1 0 0 na na
10 59713.815350322484 0.009404385624 cfg1 2 1 0 0 na na
10 59713.868350318031 0.009406444131 cfg1 2 1 0 0 na na
10 59713.897350349740 0.009407555496 cfg1 2 1 0 0 na na
10 59713.982350329224 0.009410837382 cfg1 2 1 0 0 na na
10 59713.989350372285 0.009411113380 cfg1 2 1 0 0 na na
10 59714.058350391365 0.009413781143 cfg1 2 1 0 0 na na
10 59714.072350332572 0.009414343527 cfg1 2 1 0 0 na na
10 59714.075350272245 0.009414447580 cfg1 2 1 0 0 na na
10 59714.080350368649 0.009414636525 cfg1 2 1 0 0 na na
10 59714.097350306281 0.009415302096 cfg1 2 1 0 0 na na
10 59714.102350276680 0.009415500422 cfg1 2 1 0 0 na na
10 59714.112350367748 0.009415891238 cfg1 2 1 0 0 na na
10 59714.162350316245 0.009417811123 cfg1 2 1 0 0 na na
10 59714.172350352032 0.009418199234 cfg1 2 1 0 0 na na
10 59714.273350361423 0.009422117795 cfg1 2 1 0 0 na na
10 59714.348350342006 0.009425011599 cfg1 2 1 0 0 na na
10 59714.353350282540 0.009425225928 cfg1 2 1 0 0 na na
10 59714.386350330699 0.009426507359 cfg1 2 1 0 0 na na
10 59714.413350299303 0.009427559195 cfg1 2 1 0 0 na na
10 59714.441350323045 0.009428626408 cfg1 2 1 0 0 na na
10 59714.477350304655 0.009430017133 cfg1 2 1 0 0 na na
10 59714.508350345627 0.009431212426 cfg1 2 1 0 0 na na
10 59714.511350386205 0.009431355090 cfg1 2 1 0 0 na na
10 59714.522350331871 0.009431777555 cfg1 2 1 0 0 na na
10 59714.530350345937 0.009432075766 cfg1 2 1 0 0 na na
10 59714.584350356954 0.009434186777 cfg1 2 1 0 0 na na
10 59714.641350373808 0.009436389913 cfg1 2 1 0 0 na na
10 59714.673350346672 0.009437622479 cfg1 2 1 0 0 na na
10 59714.675350316623 0.009437705465 cfg1 2 1 0 0 na na
10 59714.689350336444 0.009438235744 cfg1 2 1 0 0 na na
10 59714.696350314498 0.009438529006 cfg1 2 1 0 0 na na
10 59714.702350267659 0.009438754738 cfg1 2 1 0 0 na na
10 59714.705350379308 0.009438879364 cfg1 2 1 0 0 na na
10 59714.719350278327 0.009439413439 cfg1 2 1 0 0 na na
10 59714.755350346262 0.009440808975 cfg1 2 1 0 0 na na
10 59714.793350291251 0.009442284738 cfg1 2 1 0 0 na na
10 59714.797350299659 0.009442446315 cfg1 2 1 0 0 na na
10 59714.861350311377 0.009444932343 cfg1 2 1 0 0 na na
10 59714.905350359499 0.009446620798 cfg1 2 1 0 0 na na
10 59714.915350347443 0.009447015989 cfg1 2 1 0 0 na na
10 59714.937350299926 0.009447854423 cfg1 2 1 0 0 na na
10 59714.984350348973 0.009449681844 cfg1 2 1 0 0 na na
10 59715.006350299810 0.009450533251 cfg1 2 1 0 0 na na
10 59715.060350427236 0.009452643271 cfg1 2 1 0 0 na na
10 59715.173350311707 0.009457028894 cfg1 2 1 0 0 na na
10 59715.184350305713 0.009457472475 cfg1 2 1 0 0 na na
10 59715.200350327223 0.009458084918 cfg1 2 1 0 0 na na
10 59715.204350313690 0.009458243060 cfg1 2 1 0 0 na na
10 59715.212350262393 0.009458555211 cfg1 2 1 0 0 na na
10 59715.213350352997 0.009458586247 cfg1 2 1 0 0 na na
10 59715.215350316525 0.009458666565 cfg1 2 1 0 0 na na
10 59715.296350336391 0.009461822003 cfg1 2 1 0 0 na na
10 59715.297350324345 0.009461847016 cfg1 2 1 0 0 na na
10 59715.320350318333 0.009462725451 cfg1 2 1 0 0 na na
10 59715.362350312872 0.009464375530 cfg1 2 1 0 0 na na
10 59715.375350357534 0.009464887563 cfg1 2 1 0 0 na na
10 59715.382350311236 0.009465137829 cfg1 2 1 0 0 na na
10 59715.398350319447 0.009465755316 cfg1 2 1 0 0 na na
10 59715.451350296799 0.009467840639 cfg1 2 1 0 0 na na
10 59715.457350344131 0.009468071608 cfg1 2 1 0 0 na na
10 59715.467350295414 0.009468460331 cfg1 2 1 0 0 na na
10 59715.507350317122 0.009470003230 cfg1 2 1 0 0 na na
10 59715.538350335837 0.009471195281 cfg1 2 1 0 0 na na
10 59715.563350300551 0.009472181434 cfg1 2 1 0 0 na na
10 59715.590350316303 0.009473228177 cfg1 2 1 0 0 na na
10 59715.793350302413 0.009481132874 cfg1 2 1 0 0 na na
10 59715.804350278303 0.009481546203 cfg1 2 1 0 0 na na
10 59715.812350315147 0.009481868133 cfg1 2 1 0 0 na na
10 59715.820350330154 0.009482185041 cfg1 2 1 0 0 na na
10 59715.882350314316 0.009484569942 cfg1 2 1 0 0 na na
10 59715.909350337593 0.009485627915 cfg1 2 1 0 0 na na
10 59715.930350322434 0.009486438053 cfg1 2 1 0 0 na na
10 59716.005350315790 0.009489370855 cfg1 2 1 0 0 na na
10 59716.052350265161 0.009491208927 cfg1 2 1 0 0 na na
10 59716.066350363063 0.009491744218 cfg1 2 1 0 0 na na
10 59716.081350335189 0.009492321236 cfg1 2 1 0 0 na na
10 59716.109350262774 0.009493404217 cfg1 2 1 0 0 na na
10 59716.128350324648 0.009494153340 cfg1 2 1 0 0 na na
10 59716.130350334900 0.009494235761 cfg1 2 1 0 0 na na
10 59716.155350275502 0.009495194955 cfg1 2 1 0 0 na na
10 59716.160350297338 0.009495406547 cfg1 2 1 0 0 na na
10 59716.193350326254 0.009496695911 cfg1 2 1 0 0 na na
10 59716.211350289300 0.009497374872 cfg1 2 1 0 0 na na
10 59716.268350327404 0.009499604594 cfg1 2 1 0 0 na na
10 59716.271350328031 0.009499729817 cfg1 2 1 0 0 na na
10 59716.288350292890 0.009500379849 cfg1 2 1 0 0 na na
10 59716.290350338326 0.009500458968 cfg1 2 1 0 0 na na
10 59716.294350303160 0.009500599854 cfg1 2 1 0 0 na na
10 59716.307350291306 0.009501105983 cfg1 2 1 0 0 na na
10 59716.311350321301 0.009501287953 cfg1 2 1 0 0 na na
10 59716.357350261748 0.009503055102 cfg1 2 1 0 0 na na
10 59716.368350311310 0.009503481062 cfg1 2 1 0 0 na na
10 59716.395350280170 0.009504545097 cfg1 2 1 0 0 na na
10 59716.413350337724 0.009505255979 cfg1 2 1 0 0 na na
10 59716.428350325120 0.009505814647 cfg1 2 1 0 0 na na
10 59716.444350328647 0.009506444885 cfg1 2 1 0 0 na na
10 59716.458350312138 0.009506999577 cfg1 2 1 0 0 na na
10 59716.469350294541 0.009507411554 cfg1 2 1 0 0 na na
10 59716.519350302837 0.009509360642 cfg1 2 1 0 0 na na
10 59716.524350340312 0.009509577115 cfg1 2 1 0 0 na na
10 59716.567350280320 0.009511240710 cfg1 2 1 0 0 na na
10 59716.574350290631 0.009511513028 cfg1 2 1 0 0 na na
10 59716.575350304309 0.009511554133 cfg1 2 1 0 0 na na
10 59716.581350351022 0.009511785189 cfg1 2 1 0 0 na na
10 59716.587350271665 0.009512012693 cfg1 2 1 0 0 na na
10 59716.629350283907 0.009513667292 cfg1 2 1 0 0 na na
10 59716.637350268353 0.009513974958 cfg1 2 1 0 0 na na
10 59716.652350305342 0.009514556446 cfg1 2 1 0 0 na na
10 59716.728350294372 0.009517507563 cfg1 2 1 0 0 na na
10 59716.756350354785 0.009518597700 cfg1 2 1 0 0 na na
10 59716.783350310199 0.009519644818 cfg1 2 1 0 0 na na
10 59716.798350276312 0.009520249284 cfg1 2 1 0 0 na na
10 59716.835350284681 0.009521696963 cfg1 2 1 0 0 na na
10 59716.846350305813 0.009522104088 cfg1 2 1 0 0 na na
10 59716.927350342375 0.009525263875 cfg1 2 1 0 0 na na
10 59716.928350289459 0.009525308072 cfg1 2 1 0 0 na na
10 59716.938350314006 0.009525689052 cfg1 2 1 0 0 na na
10 59716.985350282783 0.009527534620 cfg1 2 1 0 0 na na
10 59717.079350331504 0.009531183033 cfg1 2 1 0 0 na na
10 59717.090350336744 0.009531609964 cfg1 2 1 0 0 na na
10 59717.098350289028 0.009531938143 cfg1 2 1 0 0 na na
10 59717.130350351432 0.009533183625 cfg1 2 1 0 0 na na
10 59717.156350281212 0.009534209382 cfg1 2 1 0 0 na na
10 59717.209350327665 0.009536271752 cfg1 2 1 0 0 na na
10 59717.290350331075 0.009539420035 cfg1 2 1 0 0 na na
10 59717.342350241155 0.009541464980 cfg1 2 1 0 0 na na
10 59717.390350299084 0.009543325834 cfg1 2 1 0 0 na na
10 59717.401350274100 0.009543761929 cfg1 2 1 0 0 na na
10 59717.406350298068 0.009543939971 cfg1 2 1 0 0 na na
10 59717.422350276529 0.009544580312 cfg1 2 1 0 0 na na
10 59717.431350366907 0.009544931894 cfg1 2 1 0 0 na na
10 59717.444350296330 0.009545429931 cfg1 2 1 0 0 na na
10 59717.453350310252 0.009545769377 cfg1 2 1 0 0 na na
10 59717.478350332821 0.009546766770 cfg1 2 1 0 0 na na
10 59717.489350333125 0.009547186573 cfg1 2 1 0 0 na na
10 59717.515350311830 0.009548187254 cfg1 2 1 0 0 na na
10 59717.518350308708 0.009548332452 cfg1 2 1 0 0 na na
10 59717.520350310185 0.009548399811 cfg1 2 1 0 0 na na
10 59717.566350335795 0.009550180909 cfg1 2 1 0 0 na na
10 59717.637350345129 0.009552975744 cfg1 2 1 0 0 na na
10 59717.655350288410 0.009553675941 cfg1 2 1 0 0 na na
10 59717.727350261699 0.009556465317 cfg1 2 1 0 0 na na
10 59717.759350266455 0.009557732664 cfg1 2 1 0 0 na na
10 59717.826350329340 0.009560338164 cfg1 2 1 0 0 na na
10 59717.892350311310 0.009562927270 cfg1 2 1 0 0 na na
10 59717.904350322712 0.009563398829 cfg1 2 1 0 0 na na
10 59717.905350352596 0.009563440542 cfg1 2 1 0 0 na na
10 59717.951350279347 0.009565215368 cfg1 2 1 0 0 na na
10 59718.026350300413 0.009568146948 cfg1 2 1 0 0 na na
10 59718.030350267267 0.009568294790 cfg1 2 1 0 0 na na
10 59718.039350314114 0.009568670935 cfg1 2 1 0 0 na na
10 59718.066350311655 0.009569715239 cfg1 2 1 0 0 na na
10 59718.085350302015 0.009570465739 cfg1 2 1 0 0 na na
10 59718.115350262501 0.009571626131 cfg1 2 1 0 0 na na
10 59718.125350290437 0.009572031526 cfg1 2 1 0 0 na na
10 59718.166350342534 0.009573624488 cfg1 2 1 0 0 na na
10 59718.170350293927 0.009573780436 cfg1 2 1 0 0 na na
10 59718.204350294378 0.009575104963 cfg1 2 1 0 0 na na
10 59718.215350328878 0.009575534990 cfg1 2 1 0 0 na na
10 59718.239350311198 0.009576463903 cfg1 2 1 0 0 na na
10 59718.249350321926 0.009576860685 cfg1 2 1 0 0 na na
10 59718.275350310239 0.009577888802 cfg1 2 1 0 0 na na
10 59718.277350288853 0.009577959114 cfg1 2 1 0 0 na na
10 59718.288350341178 0.009578387774 cfg1 2 1 0 0 na na
10 59718.324350308238 0.009579790992 cfg1 2 1 0 0 na na
10 59718.325350328646 0.009579843738 cfg1 2 1 0 0 na na
10 59718.331350267014 0.009580060017 cfg1 2 1 0 0 na na
10 59718.339350294496 0.009580398311 cfg1 2 1 0 0 na na
10 59718.373350278655 0.009581720000 cfg1 2 1 0 0 na na
10 59718.430350381193 0.009583927896 cfg1 2 1 0 0 na na
10 59718.452350345325 0.009584809311 cfg1 2 1 0 0 na na
10 59718.488350327336 0.009586198554 cfg1 2 1 0 0 na na
10 59718.530350285164 0.009587859506 cfg1 2 1 0 0 na na
10 59718.564350273868 0.009589193448 cfg1 2 1 0 0 na na
10 59718.570350293083 0.009589420109 cfg1 2 1 0 0 na na
10 59718.578350348624 0.009589718626 cfg1 2 1 0 0 na na
10 59718.587350296529 0.009590075561 cfg1 2 1 0 0 na na
10 59718.596350299505 0.009590421154 cfg1 2 1 0 0 na na
10 59718.667350249376 0.009593212669 cfg1 2 1 0 0 na na
10 59718.685350318598 0.009593902659 cfg1 2 1 0 0 na na
10 59718.704350323241 0.009594647767 cfg1 2 1 0 0 na na
10 59718.725350299289 0.009595494429 cfg1 2 1 0 0 na na
10 59718.755350347500 0.009596642439 cfg1 2 1 0 0 na na
10 59718.793350278647 0.009598153578 cfg1 2 1 0 0 na na
10 59718.824350299989 0.009599357580 cfg1 2 1 0 0 na na
10 59718.855350284353 0.009600571736 cfg1 2 1 0 0 na na
10 59718.871350260265 0.009601186746 cfg1 2 1 0 0 na na
10 59718.872350340859 0.009601227877 cfg1 2 1 0 0 na na
10 59718.887350285980 0.009601813371 cfg1 2 1 0 0 na na
10 59718.905350330909 0.009602526533 cfg1 2 1 0 0 na na
10 59718.947350266846 0.009604164693 cfg1 2 1 0 0 na na
10 59718.978350308583 0.009605392099 cfg1 2 1 0 0 na na
10 59719.004350298012 0.009606390926 cfg1 2 1 0 0 na na
10 59719.028350288904 0.009607343820 cfg1 2 1 0 0 na na
10 59719.048350265944 0.009608106194 cfg1 2 1 0 0 na na
10 59719.049350360814 0.009608146466 cfg1 2 1 0 0 na na
10 59719.097350298133 0.009610051000 cfg1 2 1 0 0 na na
10 59719.112350301062 0.009610635688 cfg1 2 1 0 0 na na
10 59719.115350253430 0.009610757360 cfg1 2 1 0 0 na na
10 59719.137350323530 0.009611616406 cfg1 2 1 0 0 na na
10 59719.149350325539 0.009612068931 cfg1 2 1 0 0 na na
10 59719.178350306465 0.009613206828 cfg1 2 1 0 0 na na
10 59719.199350342101 0.009614024811 cfg1 2 1 0 0 na na
10 59719.220350331400 0.009614864145 cfg1 2 1 0 0 na na
10 59719.299350297414 0.009617950913 cfg1 2 1 0 0 na na
10 59719.337350301072 0.009619439221 cfg1 2 1 0 0 na na
10 59719.339350258226 0.009619508717 cfg1 2 1 0 0 na na
10 59719.355350263655 0.009620128337 cfg1 2 1 0 0 na na
10 59719.397350303666 0.009621793978 cfg1 2 1 0 0 na na
10 59719.418350249347 0.009622612707 cfg1 2 1 0 0 na na
10 59719.439350261075 0.009623446083 cfg1 2 1 0 0 na na
10 59719.480350325232 0.009625037987 cfg1 2 1 0 0 na na
10 59719.489350291855 0.009625401085 cfg1 2 1 0 0 na na
10 59719.541350263482 0.009627418312 cfg1 2 1 0 0 na na
10 59719.569350249459 0.009628533902 cfg1 2 1 0 0 na na
10 59719.581350334758 0.009628999424 cfg1 2 1 0 0 na na
10 59719.593350270876 0.009629463902 cfg1 2 1 0 0 na na
10 59719.626350289225 0.009630769477 cfg1 2 1 0 0 na na
10 59719.648350253732 0.009631618273 cfg1 2 1 0 0 na na
10 59719.697350296902 0.009633551678 cfg1 2 1 0 0 na na
10 59719.702350267995 0.009633726078 cfg1 2 1 0 0 na na
10 59719.720350308556 0.009634442417 cfg1 2 1 0 0 na na
10 59719.752350254771 0.009635697042 cfg1 2 1 0 0 na na
10 59719.768350287374 0.009636318451 cfg1 2 1 0 0 na na
10 59719.774350339377 0.009636550579 cfg1 2 1 0 0 na na
10 59719.795350268153 0.009637390461 cfg1 2 1 0 0 na na
10 59719.808350281137 0.009637882789 cfg1 2 1 0 0 na na
10 59719.864350352143 0.009640086488 cfg1 2 1 0 0 na na
10 59719.907350276725 0.009641791615 cfg1 2 1 0 0 na na
10 59719.920350261595 0.009642302068 cfg1 2 1 0 0 na na
10 59719.924350305782 0.009642434661 cfg1 2 1 0 0 na na
10 59720.000350279489 0.009645433500 cfg1 2 1 0 0 na na
10 59720.006350310090 0.009645663811 cfg1 2 1 0 0 na na
10 59720.009350354713 0.009645771010 cfg1 2 1 0 0 na na
10 59720.018350292055 0.009646137966 cfg1 2 1 0 0 na na
10 59720.040350301270 0.009646997379 cfg1 2 1 0 0 na na
10 59720.041350301837 0.009647045177 cfg1 2 1 0 0 na na
10 59720.063350291826 0.009647909458 cfg1 2 1 0 0 na na
10 59720.066350284723 0.009648007201 cfg1 2 1 0 0 na na
10 59720.081350303296 0.009648606419 cfg1 2 1 0 0 na na
10 59720.092350281840 0.009649048133 cfg1 2 1 0 0 na na
10 59720.121350247773 0.009650174151 cfg1 2 1 0 0 na na
10 59720.130350297764 0.009650511257 cfg1 2 1 0 0 na na
10 59720.133350300210 0.009650644445 cfg1 2 1 0 0 na na
10 59720.143350308909 0.009651034930 cfg1 2 1 0 0 na na
10 59720.180350258500 0.009652478410 cfg1 2 1 0 0 na na
10 59720.209350295574 0.009653639410 cfg1 2 1 0 0 na na
10 59720.254350263661 0.009655378237 cfg1 2 1 0 0 na na
10 59720.284350290416 0.009656554564 cfg1 2 1 0 0 na na
10 59720.378350300534 0.009660252799 cfg1 2 1 0 0 na na
10 59720.407350300275 0.009661391641 cfg1 2 1 0 0 na na
10 59720.424350364415 0.009662059812 cfg1 2 1 0 0 na na
10 59720.430350298851 0.009662293045 cfg1 2 1 0 0 na na
10 59720.451350268386 0.009663114843 cfg1 2 1 0 0 na na
10 59720.600350326438 0.009668989463 cfg1 2 1 0 0 na na
10 59720.611350324369 0.009669406850 cfg1 2 1 0 0 na na
10 59720.673350249971 0.009671841934 cfg1 2 1 0 0 na na
10 59720.690350298173 0.009672517794 cfg1 2 1 0 0 na na
10 59720.696350309218 0.009672738235 cfg1 2 1 0 0 na na
10 59720.702350345334 0.009672995148 cfg1 2 1 0 0 na na
10 59720.730350337680 0.009674089910 cfg1 2 1 0 0 na na
10 59720.771350272352 0.009675682766 cfg1 2 1 0 0 na na
10 59720.825350301072 0.009677826769 cfg1 2 1 0 0 na na
10 59720.860350309146 0.009679201315 cfg1 2 1 0 0 na na
10 59720.872350333875 0.009679669486 cfg1 2 1 0 0 na na
10 59720.897350302795 0.009680639274 cfg1 2 1 0 0 na na
10 59720.898350334421 0.009680685605 cfg1 2 1 0 0 na na
10 59720.919350318636 0.009681516458 cfg1 2 1 0 0 na na
10 59720.946350254442 0.009682562284 cfg1 2 1 0 0 na na
10 59720.990350301843 0.009684305135 cfg1 2 1 0 0 na na
10 59721.018350265704 0.009685399393 cfg1 2 1 0 0 na na
10 59721.019350305756 0.009685438399 cfg1 2 1 0 0 na na
10 59721.062350315377 0.009687128902 cfg1 2 1 0 0 na na
10 59721.083350334998 0.009687960149 cfg1 2 1 0 0 na na
10 59721.121350314573 0.009689433728 cfg1 2 1 0 0 na na
10 59721.131350322443 0.009689833895 cfg1 2 1 0 0 na na
10 59721.138350263282 0.009690104758 cfg1 2 1 0 0 na na
10 59721.180350298579 0.009691755690 cfg1 2 1 0 0 na na
10 59721.187350316841 0.009692051675 cfg1 2 1 0 0 na na
10 59721.194350308639 0.009692308880 cfg1 2 1 0 0 na na
10 59721.244350263975 0.009694267860 cfg1 2 1 0 0 na na
10 59721.271350306168 0.009695345499 cfg1 2 1 0 0 na na
10 59721.284350272606 0.009695863343 cfg1 2 1 0 0 na na
10 59721.286350259180 0.009695948552 cfg1 2 1 0 0 na na
10 59721.314350291131 0.009697022798 cfg1 2 1 0 0 na na
10 59721.330350334241 0.009697671336 cfg1 2 1 0 0 na na
10 59721.340350302656 0.009698070140 cfg1 2 1 0 0 na na
10 59721.345350299516 0.009698251967 cfg1 2 1 0 0 na na
10 59721.354350309945 0.009698602159 cfg1 2 1 0 0 na na
10 59721.385350288581 0.009699816709 cfg1 2 1 0 0 na na
10 59721.386350289184 0.009699877769 cfg1 2 1 0 0 na na
10 59721.394350345237 0.009700180020 cfg1 2 1 0 0 na na
10 59721.412350291397 0.009700896900 cfg1 2 1 0 0 na na
10 59721.419350291003 0.009701152366 cfg1 2 1 0 0 na na
10 59721.468350295227 0.009703087654 cfg1 2 1 0 0 na na
10 59721.520350336771 0.009705132070 cfg1 2 1 0 0 na na
10 59721.547350340940 0.009706210080 cfg1 2 1 0 0 na na
10 59721.569350260493 0.009707056325 cfg1 2 1 0 0 na na
10 59721.608350335046 0.009708602048 cfg1 2 1 0 0 na na
10 59721.616350284576 0.009708910938 cfg1 2 1 0 0 na na
10 59721.641350276828 0.009709912730 cfg1 2 1 0 0 na na
10 59721.643350345901 0.009709964809 cfg1 2 1 0 0 na na
10 59721.646350282713 0.009710104809 cfg1 2 1 0 0 na na
10 59721.680350344204 0.009711422553 cfg1 2 1 0 0 na na
10 59721.706350285429 0.009712463545 cfg1 2 1 0 0 na na
10 59721.725350302119 0.009713209898 cfg1 2 1 0 0 na na
10 59721.738350277055 0.009713707606 cfg1 2 1 0 0 na na
10 59721.751350322309 0.009714226851 cfg1 2 1 0 0 na na
10 59721.772350333656 0.009715064573 cfg1 2 1 0 0 na na
10 59721.792350278755 0.009715833404 cfg1 2 1 0 0 na na
10 59721.833350311432 0.009717453596 cfg1 2 1 0 0 na na
10 59721.850350293096 0.009718113366 cfg1 2 1 0 0 na na
10 59721.895350304486 0.009719905638 cfg1 2 1 0 0 na na
10 59721.972350335512 0.009722916519 cfg1 2 1 0 0 na na
10 59721.985350275685 0.009723435490 cfg1 2 1 0 0 na na
10 59721.987350295521 0.009723520812 cfg1 2 1 0 0 na na
10 59722.004350327865 0.009724190451 cfg1 2 1 0 0 na na
10 59722.014350273378 0.009724594952 cfg1 2 1 0 0 na na
10 59722.090350308847 0.009727578336 cfg1 2 1 0 0 na na
10 59722.106350315254 0.009728204735 cfg1 2 1 0 0 na na
10 59722.120350375112 0.009728743231 cfg1 2 1 0 0 na na
10 59722.131350312550 0.009729196578 cfg1 2 1 0 0 na na
10 59722.151350325778 0.009729972466 cfg1 2 1 0 0 na na
10 59722.160350344653 0.009730320095 cfg1 2 1 0 0 na na
10 59722.183350362881 0.009731250091 cfg1 2 1 0 0 na na
10 59722.204350256108 0.009732060659 cfg1 2 1 0 0 na na
10 59722.288350284040 0.009735378823 cfg1 2 1 0 0 na na
10 59722.327350335348 0.009736925208 cfg1 2 1 0 0 na na
10 59722.345350257135 0.009737631038 cfg1 2 1 0 0 na na
10 59722.370350347846 0.009738605936 cfg1 2 1 0 0 na na
10 59722.377350271825 0.009738888017 cfg1 2 1 0 0 na na
10 59722.383350305409 0.009739132885 cfg1 2 1 0 0 na na
10 59722.387350286741 0.009739268072 cfg1 2 1 0 0 na na
10 59722.409350367380 0.009740137874 cfg1 2 1 0 0 na na
10 59722.436350278317 0.009741208119 cfg1 2 1 0 0 na na
10 59722.449350317605 0.009741723846 cfg1 2 1 0 0 na na
10 59722.510350349820 0.009744121280 cfg1 2 1 0 0 na na
10 59722.550350278836 0.009745715389 cfg1 2 1 0 0 na na
10 59722.580350339173 0.009746893193 cfg1 2 1 0 0 na na
10 59722.604350308219 0.009747823899 cfg1 2 1 0 0 na na
10 59722.612350283998 0.009748143324 cfg1 2 1 0 0 na na
10 59722.631350358551 0.009748897733 cfg1 2 1 0 0 na na
10 59722.642350353765 0.009749342122 cfg1 2 1 0 0 na na
10 59722.685350346105 0.009751039910 cfg1 2 1 0 0 na na
10 59722.686350366777 0.009751066281 cfg1 2 1 0 0 na na
10 59722.708350247483 0.009751934410 cfg1 2 1 0 0 na na
10 59722.736350318769 0.009753046882 cfg1 2 1 0 0 na na
10 59722.777350335072 0.009754650706 cfg1 2 1 0 0 na na
10 59722.801350357110 0.009755594139 cfg1 2 1 0 0 na na
10 59722.807350263242 0.009755846084 cfg1 2 1 0 0 na na
10 59722.822350344658 0.009756427072 cfg1 2 1 0 0 na na
10 59722.823350254576 0.009756462151 cfg1 2 1 0 0 na na
10 59722.831350290339 0.009756780805 cfg1 2 1 0 0 na na
10 59722.840350341521 0.009757130721 cfg1 2 1 0 0 na na
10 59722.861350300889 0.009757981276 cfg1 2 1 0 0 na na
10 59722.883350293173 0.009758841874 cfg1 2 1 0 0 na na
10 59722.935350297095 0.009760879658 cfg1 2 1 0 0 na na
10 59722.977350303253 0.009762546849 cfg1 2 1 0 0 na na
10 59722.978350304461 0.009762573654 cfg1 2 1 0 0 na na
10 59722.985350275816 0.009762868662 cfg1 2 1 0 0 na na
10 59722.986350325257 0.009762898395 cfg1 2 1 0 0 na na
10 59723.054350352149 0.009765575378 cfg1 2 1 0 0 na na
10 59723.098350357083 0.009767317723 cfg1 2 1 0 0 na na
10 59723.136350350289 0.009768831178 cfg1 2 1 0 0 na na
10 59723.137350339984 0.009768860753 cfg1 2 1 0 0 na na
10 59723.186350332134 0.009770802910 cfg1 2 1 0 0 na na
10 59723.190350286734 0.009770951107 cfg1 2 1 0 0 na na
10 59723.217350266960 0.009771999985 cfg1 2 1 0 0 na na
10 59723.254350259349 0.009773467619 cfg1 2 1 0 0 na na
10 59723.258350275043 0.009773644538 cfg1 2 1 0 0 na na
10 59723.406350302464 0.009779473240 cfg1 2 1 0 0 na na
10 59723.423350283926 0.009780153451 cfg1 2 1 0 0 na na
10 59723.427350309573 0.009780304374 cfg1 2 1 0 0 na na
10 59723.444350340817 0.009780984941 cfg1 2 1 0 0 na na
10 59723.481350336517 0.009782441350 cfg1 2 1 0 0 na na
10 59723.482350384084 0.009782490720 cfg1 2 1 0 0 na na
10 59723.488350320889 0.009782720714 cfg1 2 1 0 0 na na
10 59723.496350345219 0.009783040426 cfg1 2 1 0 0 na na
10 59723.536350337900 0.009784617888 cfg1 2 1 0 0 na na
10 59723.545350296513 0.009784978661 cfg1 2 1 0 0 na na
10 59723.553350309838 0.009785274978 cfg1 2 1 0 0 na na
10 59723.560350331255 0.009785569209 cfg1 2 1 0 0 na na
10 59723.603350302016 0.009787244843 cfg1 2 1 0 0 na na
10 59723.628350337282 0.009788247217 cfg1 2 1 0 0 na na
10 59723.634350265189 0.009788466654 cfg1 2 1 0 0 na na
10 59723.659350299265 0.009789470567 cfg1 2 1 0 0 na na
10 59723.677350369462 0.009790172836 cfg1 2 1 0 0 na na
10 59723.685350339646 0.009790495885 cfg1 2 1 0 0 na na
10 59723.698350325452 0.009791005289 cfg1 2 1 0 0 na na
10 59723.726350335922 0.009792105918 cfg1 2 1 0 0 na na
10 59723.740350264250 0.009792678788 cfg1 2 1 0 0 na na
10 59723.741350341131 0.009792713806 cfg1 2 1 0 0 na na
10 59723.742350303652 0.009792753047 cfg1 2 1 0 0 na na
10 59723.758350322560 0.009793381700 cfg1 2 1 0 0 na na
10 59723.779350259057 0.009794202962 cfg1 2 1 0 0 na na
10 59723.786350333623 0.009794491823 cfg1 2 1 0 0 na na
10 59723.809350329584 0.009795394856 cfg1 2 1 0 0 na na
10 59723.870350325771 0.009797805453 cfg1 2 1 0 0 na na
10 59723.889350305201 0.009798559920 cfg1 2 1 0 0 na na
10 59723.899350281011 0.009798965862 cfg1 2 1 0 0 na na
10 59723.901350311910 0.009799044686 cfg1 2 1 0 0 na na
10 59723.913350311338 0.009799511173 cfg1 2 1 0 0 na na
10 59723.918350284876 0.009799695302 cfg1 2 1 0 0 na na
10 59724.005350362032 0.009803144927 cfg1 2 1 0 0 na na
10 59724.037350332206 0.009804410270 cfg1 2 1 0 0 na na
10 59724.052350302214 0.009805002186 cfg1 2 1 0 0 na na
10 59724.067350317383 0.009805602635 cfg1 2 1 0 0 na na
10 59724.091350379584 0.009806535460 cfg1 2 1 0 0 na na
10 59724.095350314494 0.009806696820 cfg1 2 1 0 0 na na
10 59724.098350285510 0.009806828479 cfg1 2 1 0 0 na na
10 59724.110350350699 0.009807295329 cfg1 2 1 0 0 na na
10 59724.112350285358 0.009807364769 cfg1 2 1 0 0 na na
10 59724.121350286556 0.009807732845 cfg1 2 1 0 0 na na
10 59724.154350295108 0.009809024231 cfg1 2 1 0 0 na na
10 59724.213350362431 0.009811366778 cfg1 2 1 0 0 na na
10 59724.224350289070 0.009811809614 cfg1 2 1 0 0 na na
10 59724.235350311175 0.009812225005 cfg1 2 1 0 0 na na
10 59724.248350315197 0.009812741447 cfg1 2 1 0 0 na na
10 59724.299350303489 0.009814774298 cfg1 2 1 0 0 na na
10 59724.300350344942 0.009814817306 cfg1 2 1 0 0 na na
10 59724.316350304133 0.009815440722 cfg1 2 1 0 0 na na
10 59724.322350306564 0.009815687531 cfg1 2 1 0 0 na na
10 59724.343350300074 0.009816508437 cfg1 2 1 0 0 na na
10 59724.367350326803 0.009817454709 cfg1 2 1 0 0 na na
10 59724.414350284574 0.009819311979 cfg1 2 1 0 0 na na
10 59724.457350322535 0.009821008987 cfg1 2 1 0 0 na na
10 59724.468350298486 0.009821445105 cfg1 2 1 0 0 na na
10 59724.470350322347 0.009821541211 cfg1 2 1 0 0 na na
10 59724.488350317946 0.009822240094 cfg1 2 1 0 0 na na
10 59724.497350297406 0.009822593467 cfg1 2 1 0 0 na na
10 59724.531350268214 0.009823962560 cfg1 2 1 0 0 na na
10 59724.620350333999 0.009827463266 cfg1 2 1 0 0 na na
10 59724.623350354335 0.009827585796 cfg1 2 1 0 0 na na
10 59724.639350323859 0.009828227002 cfg1 2 1 0 0 na na
10 59724.667350371378 0.009829330600 cfg1 2 1 0 0 na na
10 59724.668350314813 0.009829367188 cfg1 2 1 0 0 na na
10 59724.699350298528 0.009830603747 cfg1 2 1 0 0 na na
10 59724.718350338954 0.009831364144 cfg1 2 1 0 0 na na
10 59724.726350314463 0.009831677998 cfg1 2 1 0 0 na na
10 59724.734350361149 0.009831986007 cfg1 2 1 0 0 na na
10 59724.762350364453 0.009833097717 cfg1 2 1 0 0 na na
10 59724.769350396574 0.009833353655 cfg1 2 1 0 0 na na
10 59724.777350360727 0.009833697075 cfg1 2 1 0 0 na na
10 59724.783350344577 0.009833921667 cfg1 2 1 0 0 na na
10 59724.857350294198 0.009836864724 cfg1 2 1 0 0 na na
10 59724.866350303332 0.009837198066 cfg1 2 1 0 0 na na
10 59724.887350361383 0.009838031205 cfg1 2 1 0 0 na na
10 59724.923350348652 0.009839457663 cfg1 2 1 0 0 na na
10 59724.925350320965 0.009839531207 cfg1 2 1 0 0 na na
10 59724.942350341601 0.009840216188 cfg1 2 1 0 0 na na
10 59724.971350312214 0.009841374907 cfg1 2 1 0 0 na na
10 59724.979350354253 0.009841672667 cfg1 2 1 0 0 na na
10 59724.985350356207 0.009841922229 cfg1 2 1 0 0 na na
10 59725.038350375846 0.009844029289 cfg1 2 1 0 0 na na
10 59725.064350326354 0.009845045776 cfg1 2 1 0 0 na na
10 59725.091350375347 0.009846122828 cfg1 2 1 0 0 na na
10 59725.101350315776 0.009846519850 cfg1 2 1 0 0 na na
10 59725.131350365317 0.009847712249 cfg1 2 1 0 0 na na
10 59725.135350396490 0.009847849374 cfg1 2 1 0 0 na na
10 59725.141350317074 0.009848088878 cfg1 2 1 0 0 na na
10 59725.144350356144 0.009848208365 cfg1 2 1 0 0 na na
10 59725.154350346530 0.009848626326 cfg1 2 1 0 0 na na
10 59725.173350314318 0.009849367687 cfg1 2 1 0 0 na na
10 59725.188350266963 0.009849957337 cfg1 2 1 0 0 na na
10 59725.190350353265 0.009850046935 cfg1 2 1 0 0 na na
10 59725.203350292115 0.009850571018 cfg1 2 1 0 0 na na
10 59725.232350345973 0.009851708709 cfg1 2 1 0 0 na na
10 59725.242350323778 0.009852090205 cfg1 2 1 0 0 na na
10 59725.259350336817 0.009852776517 cfg1 2 1 0 0 na na
10 59725.281350274526 0.009853660860 cfg1 2 1 0 0 na na
10 59725.287350315951 0.009853871690 cfg1 2 1 0 0 na na
10 59725.291350294111 0.009854031498 cfg1 2 1 0 0 na na
10 59725.302350339566 0.009854480662 cfg1 2 1 0 0 na na
10 59725.346350367809 0.009856209496 cfg1 2 1 0 0 na na
10 59725.388350322166 0.009857901705 cfg1 2 1 0 0 na na
10 59725.406350292560 0.009858593185 cfg1 2 1 0 0 na na
10 59725.428350311673 0.009859481819 cfg1 2 1 0 0 na na
10 59725.440350304671 0.009859960468 cfg1 2 1 0 0 na na
10 59725.453350312587 0.009860452293 cfg1 2 1 0 0 na na
10 59725.498350324177 0.009862249696 cfg1 2 1 0 0 na na
10 59725.501350298048 0.009862382268 cfg1 2 1 0 0 na na
10 59725.508350382086 0.009862632157 cfg1 2 1 0 0 na na
10 59725.509350305814 0.009862697097 cfg1 2 1 0 0 na na
10 59725.526350327222 0.009863353791 cfg1 2 1 0 0 na na
10 59725.530350371016 0.009863520193 cfg1 2 1 0 0 na na
10 59725.531350252098 0.009863556396 cfg1 2 1 0 0 na na
10 59725.538350318591 0.009863835756 cfg1 2 1 0 0 na na
10 59725.547350356411 0.009864179821 cfg1 2 1 0 0 na na
10 59725.583350320974 0.009865621660 cfg1 2 1 0 0 na na
10 59725.604350328502 0.009866446999 cfg1 2 1 0 0 na na
10 59725.641350301990 0.009867933644 cfg1 2 1 0 0 na na
10 59725.667350375034 0.009868961799 cfg1 2 1 0 0 na na
10 59725.680350290005 0.009869474725 cfg1 2 1 0 0 na na
10 59725.722350351941 0.009871123550 cfg1 2 1 0 0 na na
10 59725.724350342893 0.009871220429 cfg1 2 1 0 0 na na
10 59725.740350318463 0.009871859296 cfg1 2 1 0 0 na na
10 59725.749350305816 0.009872189813 cfg1 2 1 0 0 na na
10 59725.764350302096 0.009872804623 cfg1 2 1 0 0 na na
10 59725.766350359397 0.009872875584 cfg1 2 1 0 0 na na
10 59725.780350333189 0.009873427424 cfg1 2 1 0 0 na na
10 59725.815350295661 0.009874825081 cfg1 2 1 0 0 na na
10 59725.839350285952 0.009875767266 cfg1 2 1 0 0 na na
10 59725.879350330620 0.009877348213 cfg1 2 1 0 0 na na
10 59725.919350360513 0.009878959814 cfg1 2 1 0 0 na na
10 59725.934350397621 0.009879543314 cfg1 2 1 0 0 na na
10 59725.941350364065 0.009879812312 cfg1 2 1 0 0 na na
10 59726.073350315100 0.009885050737 cfg1 2 1 0 0 na na
10 59726.094350293132 0.009885884393 cfg1 2 1 0 0 na na
10 59726.100350352138 0.009886118700 cfg1 2 1 0 0 na na
10 59726.107350351212 0.009886404145 cfg1 2 1 0 0 na na
10 59726.118350374673 0.009886851593 cfg1 2 1 0 0 na na
10 59726.124350377189 0.009887085588 cfg1 2 1 0 0 na na
10 59726.127350364559 0.009887208623 cfg1 2 1 0 0 na na
10 59726.141350268590 0.009887742964 cfg1 2 1 0 0 na na
10 59726.150350312121 0.009888102858 cfg1 2 1 0 0 na na
10 59726.184350306824 0.009889468529 cfg1 2 1 0 0 na na
10 59726.190350313967 0.009889711083 cfg1 2 1 0 0 na na
10 59726.202350304449 0.009890187608 cfg1 2 1 0 0 na na
10 59726.213350343023 0.009890610239 cfg1 2 1 0 0 na na
10 59726.219350308200 0.009890848515 cfg1 2 1 0 0 na na
10 59726.238350307765 0.009891605160 cfg1 2 1 0 0 na na
10 59726.245350377541 0.009891874183 cfg1 2 1 0 0 na na
10 59726.253350356843 0.009892205697 cfg1 2 1 0 0 na na
10 59726.258350337665 0.009892394921 cfg1 2 1 0 0 na na
10 59726.261350320188 0.009892522824 cfg1 2 1 0 0 na na
10 59726.281350358993 0.009893327351 cfg1 2 1 0 0 na na
10 59726.297350285219 0.009893947252 cfg1 2 1 0 0 na na
10 59726.319350354297 0.009894836581 cfg1 2 1 0 0 na na
10 59726.344350283602 0.009895825147 cfg1 2 1 0 0 na na
10 59726.352350279566 0.009896129254 cfg1 2 1 0 0 na na
10 59726.353350347948 0.009896182762 cfg1 2 1 0 0 na na
10 59726.356350325061 0.009896292009 cfg1 2 1 0 0 na na
10 59726.359350287027 0.009896411715 cfg1 2 1 0 0 na na
10 59726.360350333430 0.009896461268 cfg1 2 1 0 0 na na
10 59726.369350296983 0.009896793630 cfg1 2 1 0 0 na na
10 59726.378350354158 0.009897163288 cfg1 2 1 0 0 na na
10 59726.384350375817 0.009897406029 cfg1 2 1 0 0 na na
10 59726.385350294612 0.009897449386 cfg1 2 1 0 0 na na
10 59726.409350260153 0.009898407758 cfg1 2 1 0 0 na na
10 59726.411350258120 0.009898468729 cfg1 2 1 0 0 na na
10 59726.414350295752 0.009898595463 cfg1 2 1 0 0 na na
10 59726.417350440339 0.009898718834 cfg1 2 1 0 0 na na
10 59726.422350305479 0.009898902164 cfg1 2 1 0 0 na na
10 59726.430350322586 0.009899234287 cfg1 2 1 0 0 na na
10 59726.446350322947 0.009899860704 cfg1 2 1 0 0 na na
10 59726.492350307148 0.009901703727 cfg1 2 1 0 0 na na
10 59726.493350358327 0.009901744829 cfg1 2 1 0 0 na na
10 59726.499350316828 0.009901967205 cfg1 2 1 0 0 na na
10 59726.502350325182 0.009902088054 cfg1 2 1 0 0 na na
10 59726.523350276492 0.009902910051 cfg1 2 1 0 0 na na
10 59726.542350316232 0.009903664641 cfg1 2 1 0 0 na na
10 59726.559350262030 0.009904340129 cfg1 2 1 0 0 na na
10 59726.571350312010 0.009904815794 cfg1 2 1 0 0 na na
10 59726.572350374512 0.009904857244 cfg1 2 1 0 0 na na
10 59726.576350344676 0.009905041738 cfg1 2 1 0 0 na na
10 59726.617350314060 0.009906642371 cfg1 2 1 0 0 na na
10 59726.618350304922 0.009906703346 cfg1 2 1 0 0 na na
10 59726.622350322991 0.009906842095 cfg1 2 1 0 0 na na
10 59726.641350249313 0.009907612805 cfg1 2 1 0 0 na na
10 59726.648350272153 0.009907897434 cfg1 2 1 0 0 na na
10 59726.660350310307 0.009908352136 cfg1 2 1 0 0 na na
10 59726.662350263975 0.009908438973 cfg1 2 1 0 0 na na
10 59726.665350296601 0.009908564366 cfg1 2 1 0 0 na na
10 59726.690350325345 0.009909545885 cfg1 2 1 0 0 na na
10 59726.700350363288 0.009909959432 cfg1 2 1 0 0 na na
10 59726.712350298588 0.009910435758 cfg1 2 1 0 0 na na
10 59726.727350308078 0.009911012587 cfg1 2 1 0 0 na na
10 59726.729350277542 0.009911121034 cfg1 2 1 0 0 na na
10 59726.738350322449 0.009911468385 cfg1 2 1 0 0 na na
10 59726.742350267168 0.009911619028 cfg1 2 1 0 0 na na
10 59726.751350244572 0.009911987204 cfg1 2 1 0 0 na na
10 59726.755350283516 0.009912131939 cfg1 2 1 0 0 na na
10 59726.780350279489 0.009913147366 cfg1 2 1 0 0 na na
10 59726.830350346086 0.009915106104 cfg1 2 1 0 0 na na
10 59726.838350336415 0.009915437893 cfg1 2 1 0 0 na na
10 59726.864350286895 0.009916457424 cfg1 2 1 0 0 na na
10 59726.870350271052 0.009916696696 cfg1 2 1 0 0 na na
10 59726.871350329664 0.009916750815 cfg1 2 1 0 0 na na
10 59726.872350350429 0.009916796612 cfg1 2 1 0 0 na na
10 59726.877350268487 0.009916973477 cfg1 2 1 0 0 na na
10 59726.900350358533 0.009917911285 cfg1 2 1 0 0 na na
10 59726.909350334722 0.009918262616 cfg1 2 1 0 0 na na
10 59726.929350251392 0.009919055568 cfg1 2 1 0 0 na na
10 59726.932350312797 0.009919160836 cfg1 2 1 0 0 na na
10 59726.954350282674 0.009920039618 cfg1 2 1 0 0 na na
10 59726.964350310679 0.009920460271 cfg1 2 1 0 0 na na
10 59726.974350309457 0.009920856045 cfg1 2 1 0 0 na na
10 59726.989350346332 0.009921442052 cfg1 2 1 0 0 na na
10 59727.004350334252 0.009922027417 cfg1 2 1 0 0 na na
10 59727.028350329278 0.009922977530 cfg1 2 1 0 0 na na
10 59727.029350363226 0.009923025902 cfg1 2 1 0 0 na na
10 59727.034350314482 0.009923214847 cfg1 2 1 0 0 na na
10 59727.035350321360 0.009923271964 cfg1 2 1 0 0 na na
10 59727.077350295403 0.009924932715 cfg1 2 1 0 0 na na
10 59727.082350342681 0.009925135145 cfg1 2 1 0 0 na na
10 59727.085350333013 0.009925254049 cfg1 2 1 0 0 na na
10 59727.098350290022 0.009925768831 cfg1 2 1 0 0 na na
10 59727.105350351367 0.009926065061 cfg1 2 1 0 0 na na
10 59727.114350281374 0.009926397210 cfg1 2 1 0 0 na na
10 59727.125350294971 0.009926853224 cfg1 2 1 0 0 na na
10 59727.128350284442 0.009926958183 cfg1 2 1 0 0 na na
10 59727.159350280109 0.009928199212 cfg1 2 1 0 0 na na
10 59727.167350276253 0.009928503968 cfg1 2 1 0 0 na na
10 59727.193350303439 0.009929549469 cfg1 2 1 0 0 na na
10 59727.224350359184 0.009930792693 cfg1 2 1 0 0 na na
10 59727.244350327084 0.009931568585 cfg1 2 1 0 0 na na
10 59727.251350275199 0.009931868301 cfg1 2 1 0 0 na na
10 59727.281350346772 0.009933050618 cfg1 2 1 0 0 na na
10 59727.319350331920 0.009934559189 cfg1 2 1 0 0 na na
10 59727.324350308282 0.009934759618 cfg1 2 1 0 0 na na
10 59727.333350364724 0.009935126333 cfg1 2 1 0 0 na na
10 59727.334350315887 0.009935166942 cfg1 2 1 0 0 na na
10 59727.338350326924 0.009935310071 cfg1 2 1 0 0 na na
10 59727.341350335365 0.009935423653 cfg1 2 1 0 0 na na
10 59727.375350342767 0.009936778235 cfg1 2 1 0 0 na na
10 59727.387350327160 0.009937253294 cfg1 2 1 0 0 na na
10 59727.394350341144 0.009937532638 cfg1 2 1 0 0 na na
10 59727.427350283446 0.009938847981 cfg1 2 1 0 0 na na
10 59727.465350275313 0.009940367444 cfg1 2 1 0 0 na na
10 59727.477350331045 0.009940844825 cfg1 2 1 0 0 na na
10 59727.495350366915 0.009941550668 cfg1 2 1 0 0 na na
10 59727.500350278319 0.009941764094 cfg1 2 1 0 0 na na
10 59727.517350266027 0.009942430153 cfg1 2 1 0 0 na na
10 59727.518350340129 0.009942481965 cfg1 2 1 0 0 na na
10 59727.574350304322 0.009944703633 cfg1 2 1 0 0 na na
10 59727.650350318110 0.009947739748 cfg1 2 1 0 0 na na
10 59727.651350296835 0.009947761884 cfg1 2 1 0 0 na na
10 59727.679350265650 0.009948879388 cfg1 2 1 0 0 na na
10 59727.699350309211 0.009949694251 cfg1 2 1 0 0 na na
10 59727.706350275510 0.009949962075 cfg1 2 1 0 0 na na
10 59727.713350266504 0.009950225581 cfg1 2 1 0 0 na na
10 59727.752350267705 0.009951807695 cfg1 2 1 0 0 na na
10 59727.774350376583 0.009952666975 cfg1 2 1 0 0 na na
10 59727.803350302131 0.009953826342 cfg1 2 1 0 0 na na
10 59727.804350282025 0.009953864230 cfg1 2 1 0 0 na na
10 59727.835350292726 0.009955094245 cfg1 2 1 0 0 na na
10 59727.839350304424 0.009955262491 cfg1 2 1 0 0 na na
10 59727.846350270661 0.009955522384 cfg1 2 1 0 0 na na
10 59727.884350259500 0.009957042684 cfg1 2 1 0 0 na na
10 59727.903350334325 0.009957791279 cfg1 2 1 0 0 na na
10 59727.930350295363 0.009958881295 cfg1 2 1 0 0 na na
10 59727.950350322139 0.009959666330 cfg1 2 1 0 0 na na
10 59727.951350343742 0.009959717733 cfg1 2 1 0 0 na na
10 59727.961350266522 0.009960100459 cfg1 2 1 0 0 na na
10 59728.013350318624 0.009962188880 cfg1 2 1 0 0 na na
10 59728.022350335807 0.009962541452 cfg1 2 1 0 0 na na
10 59728.079350291501 0.009964807399 cfg1 2 1 0 0 na na
10 59728.087350306421 0.009965143235 cfg1 2 1 0 0 na na
10 59728.092350325994 0.009965317616 cfg1 2 1 0 0 na na
10 59728.096350295290 0.009965502904 cfg1 2 1 0 0 na na
10 59728.104350315991 0.009965823304 cfg1 2 1 0 0 na na
10 59728.106350288978 0.009965899015 cfg1 2 1 0 0 na na
10 59728.153350311899 0.009967762358 cfg1 2 1 0 0 na na
10 59728.154350307304 0.009967801238 cfg1 2 1 0 0 na na
10 59728.177350349866 0.009968711997 cfg1 2 1 0 0 na na
10 59728.181350296139 0.009968866073 cfg1 2 1 0 0 na na
10 59728.198350314487 0.009969556465 cfg1 2 1 0 0 na na
10 59728.218350358732 0.009970352102 cfg1 2 1 0 0 na na
10 59728.236350266447 0.009971055534 cfg1 2 1 0 0 na na
10 59728.252350351602 0.009971714663 cfg1 2 1 0 0 na na
10 59728.253350307113 0.009971739963 cfg1 2 1 0 0 na na
10 59728.261350319754 0.009972053688 cfg1 2 1 0 0 na na
10 59728.263350290662 0.009972154730 cfg1 2 1 0 0 na na
10 59728.267350305569 0.009972312017 cfg1 2 1 0 0 na na
10 59728.274350301175 0.009972585320 cfg1 2 1 0 0 na na
10 59728.275350287332 0.009972635957 cfg1 2 1 0 0 na na
10 59728.277350322411 0.009972699711 cfg1 2 1 0 0 na na
10 59728.285350320968 0.009973028260 cfg1 2 1 0 0 na na
10 59728.315350294005 0.009974207417 cfg1 2 1 0 0 na na
10 59728.327350357867 0.009974681206 cfg1 2 1 0 0 na na
10 59728.341350321712 0.009975261490 cfg1 2 1 0 0 na na
10 59728.358350339943 0.009975925394 cfg1 2 1 0 0 na na
10 59728.361350381886 0.009976053860 cfg1 2 1 0 0 na na
10 59728.367350281088 0.009976284279 cfg1 2 1 0 0 na na
10 59728.375350339316 0.009976601766 cfg1 2 1 0 0 na na
10 59728.381350310246 0.009976831152 cfg1 2 1 0 0 na na
10 59728.387350276969 0.009977081008 cfg1 2 1 0 0 na na
10 59728.413350266490 0.009978110302 cfg1 2 1 0 0 na na
10 59728.446350310758 0.009979435502 cfg1 2 1 0 0 na na
10 59728.450350264238 0.009979587685 cfg1 2 1 0 0 na na
10 59728.466350315040 0.009980221491 cfg1 2 1 0 0 na na
10 59728.469350303611 0.009980341236 cfg1 2 1 0 0 na na
10 59728.471350312473 0.009980429475 cfg1 2 1 0 0 na na
10 59728.495350348617 0.009981380820 cfg1 2 1 0 0 na na
10 59728.501350329700 0.009981637311 cfg1 2 1 0 0 na na
10 59728.513350307165 0.009982107565 cfg1 2 1 0 0 na na
10 59728.514350317033 0.009982155079 cfg1 2 1 0 0 na na
10 59728.520350345975 0.009982380461 cfg1 2 1 0 0 na na
10 59728.546350309292 0.009983418907 cfg1 2 1 0 0 na na
10 59728.560350334011 0.009983974101 cfg1 2 1 0 0 na na
10 59728.571350311983 0.009984414586 cfg1 2 1 0 0 na na
10 59728.592350298769 0.009985261254 cfg1 2 1 0 0 na na
10 59728.598350292808 0.009985493262 cfg1 2 1 0 0 na na
10 59728.631350350950 0.009986818632 cfg1 2 1 0 0 na na
10 59728.638350303338 0.009987083389 cfg1 2 1 0 0 na na
10 59728.647350366311 0.009987454501 cfg1 2 1 0 0 na na
10 59728.648350293421 0.009987477520 cfg1 2 1 0 0 na na
10 59728.653350378004 0.009987675662 cfg1 2 1 0 0 na na
10 59728.673350356220 0.009988500181 cfg1 2 1 0 0 na na
10 59728.678350355588 0.009988677454 cfg1 2 1 0 0 na na
10 59728.692350291152 0.009989246718 cfg1 2 1 0 0 na na
10 59728.695350319851 0.009989369310 cfg1 2 1 0 0 na na
10 59728.724350338870 0.009990525001 cfg1 2 1 0 0 na na
10 59728.737350318575 0.009991030564 cfg1 2 1 0 0 na na
10 59728.757350312647 0.009991838707 cfg1 2 1 0 0 na na
10 59728.765350325307 0.009992167763 cfg1 2 1 0 0 na na
10 59728.768350299826 0.009992261196 cfg1 2 1 0 0 na na
10 59728.800350282940 0.009993561067 cfg1 2 1 0 0 na na
10 59728.805350313883 0.009993745124 cfg1 2 1 0 0 na na
10 59728.816350316111 0.009994195642 cfg1 2 1 0 0 na na
10 59728.825350332407 0.009994547456 cfg1 2 1 0 0 na na
10 59728.835350297701 0.009994949041 cfg1 2 1 0 0 na na
10 59728.858350290164 0.009995878051 cfg1 2 1 0 0 na na
10 59728.890350311152 0.009997127007 cfg1 2 1 0 0 na na
10 59728.893350294911 0.009997249349 cfg1 2 1 0 0 na na
10 59728.901350270746 0.009997568742 cfg1 2 1 0 0 na na
10 59728.902350300582 0.009997608424 cfg1 2 1 0 0 na na
10 59728.914350288621 0.009998112024 cfg1 2 1 0 0 na na
10 59728.917350316240 0.009998224937 cfg1 2 1 0 0 na na
10 59728.935350353873 0.009998945480 cfg1 2 1 0 0 na na
10 59728.939350338107 0.009999099469 cfg1 2 1 0 0 na na
10 59728.969350277357 0.010000292823 cfg1 2 1 0 0 na na
10 59728.970350338144 0.010000329179 cfg1 2 1 0 0 na na
10 59728.972350357925 0.010000405061 cfg1 2 1 0 0 na na
10 59728.983350281728 0.010000859447 cfg1 2 1 0 0 na na
10 59728.993350299254 0.010001263215 cfg1 2 1 0 0 na na
10 59729.016350364342 0.010002181030 cfg1 2 1 0 0 na na
10 59729.032350296333 0.010002813000 cfg1 2 1 0 0 na na
10 59729.033350321192 0.010002860099 cfg1 2 1 0 0 na na
10 59729.071350350001 0.010004376262 cfg1 2 1 0 0 na na
10 59729.072350309011 0.010004409615 cfg1 2 1 0 0 na na
10 59729.086350288244 0.010004959391 cfg1 2 1 0 0 na na
10 59729.094350288966 0.010005285713 cfg1 2 1 0 0 na na
10 59729.104350349653 0.010005680246 cfg1 2 1 0 0 na na
10 59729.114350272467 0.010006091339 cfg1 2 1 0 0 na na
10 59729.118350334743 0.010006241179 cfg1 2 1 0 0 na na
10 59729.122350358375 0.010006401114 cfg1 2 1 0 0 na na
10 59729.179350271889 0.010008682637 cfg1 2 1 0 0 na na
10 59729.204350337917 0.010009658589 cfg1 2 1 0 0 na na
10 59729.223350303049 0.010010426756 cfg1 2 1 0 0 na na
10 59729.227350328865 0.010010594745 cfg1 2 1 0 0 na na
10 59729.236350345530 0.010010949634 cfg1 2 1 0 0 na na
10 59729.259350331759 0.010011878301 cfg1 2 1 0 0 na na
10 59729.262350299089 0.010011973965 cfg1 2 1 0 0 na na
10 59729.296350252725 0.010013339183 cfg1 2 1 0 0 na na
10 59729.324350280522 0.010014458596 cfg1 2 1 0 0 na na
10 59729.327350374351 0.010014584073 cfg1 2 1 0 0 na na
10 59729.376350368302 0.010016529387 cfg1 2 1 0 0 na na
10 59729.403350282778 0.010017608030 cfg1 2 1 0 0 na na
10 59729.429350307131 0.010018660516 cfg1 2 1 0 0 na na
10 59729.438350303308 0.010019010082 cfg1 2 1 0 0 na na
10 59729.441350259321 0.010019122528 cfg1 2 1 0 0 na na
10 59729.457350259270 0.010019762783 cfg1 2 1 0 0 na na
10 59729.478350328334 0.010020597461 cfg1 2 1 0 0 na na
10 59729.492350321968 0.010021155256 cfg1 2 1 0 0 na na
10 59729.539350313177 0.010023034388 cfg1 2 1 0 0 na na
10 59729.540350342423 0.010023097886 cfg1 2 1 0 0 na na
10 59729.555350327083 0.010023679241 cfg1 2 1 0 0 na na
10 59729.562350365781 0.010023956087 cfg1 2 1 0 0 na na
10 59729.566350365922 0.010024129636 cfg1 2 1 0 0 na na
10 59729.577350305132 0.010024567726 cfg1 2 1 0 0 na na
10 59729.605350328014 0.010025666883 cfg1 2 1 0 0 na na
10 59729.621350363522 0.010026307809 cfg1 2 1 0 0 na na
10 59729.622350320754 0.010026366511 cfg1 2 1 0 0 na na
10 59729.625350329686 0.010026479843 cfg1 2 1 0 0 na na
10 59729.629350313054 0.010026644848 cfg1 2 1 0 0 na na
10 59729.646350295559 0.010027325286 cfg1 2 1 0 0 na na
10 59729.663350295257 0.010028004815 cfg1 2 1 0 0 na na
10 59729.679350301369 0.010028645747 cfg1 2 1 0 0 na na
10 59729.702350374352 0.010029541282 cfg1 2 1 0 0 na na
10 59729.723350313891 0.010030386963 cfg1 2 1 0 0 na na
10 59729.752350339036 0.010031556405 cfg1 2 1 0 0 na na
10 59729.827350285208 0.010034533102 cfg1 2 1 0 0 na na
10 59729.851350278579 0.010035492129 cfg1 2 1 0 0 na na
10 59729.872350325147 0.010036331284 cfg1 2 1 0 0 na na
10 59729.873350336608 0.010036372599 cfg1 2 1 0 0 na na
10 59729.916350307207 0.010038108749 cfg1 2 1 0 0 na na
10 59729.958350296914 0.010039776075 cfg1 2 1 0 0 na na
10 59729.985350335074 0.010040863341 cfg1 2 1 0 0 na na
10 59730.016350379154 0.010042096405 cfg1 2 1 0 0 na na
10 59730.031350286492 0.010042708480 cfg1 2 1 0 0 na na
10 59730.040350256076 0.010043062595 cfg1 2 1 0 0 na na
10 59730.050350305686 0.010043469997 cfg1 2 1 0 0 na na
10 59730.057350291929 0.010043731868 cfg1 2 1 0 0 na na
10 59730.062350287160 0.010043930121 cfg1 2 1 0 0 na na
10 59730.064350257691 0.010044015486 cfg1 2 1 0 0 na na
10 59730.067350343664 0.010044132011 cfg1 2 1 0 0 na na
10 59730.068350322262 0.010044167501 cfg1 2 1 0 0 na na
10 59730.081350354673 0.010044691518 cfg1 2 1 0 0 na na
10 59730.083350266120 0.010044787744 cfg1 2 1 0 0 na na
10 59730.104350338659 0.010045613950 cfg1 2 1 0 0 na na
10 59730.131350315546 0.010046684961 cfg1 2 1 0 0 na na
10 59730.132350290030 0.010046747552 cfg1 2 1 0 0 na na
10 59730.141350308101 0.010047105804 cfg1 2 1 0 0 na na
10 59730.143350294158 0.010047189027 cfg1 2 1 0 0 na na
10 59730.169350245501 0.010048221630 cfg1 2 1 0 0 na na
10 59730.183350318269 0.010048775898 cfg1 2 1 0 0 na na
10 59730.202350350829 0.010049549228 cfg1 2 1 0 0 na na
10 59730.221350326144 0.010050308700 cfg1 2 1 0 0 na na
10 59730.239350351229 0.010051012736 cfg1 2 1 0 0 na na
10 59730.244350294444 0.010051209403 cfg1 2 1 0 0 na na
10 59730.283350342102 0.010052785270 cfg1 2 1 0 0 na na
10 59730.337350314172 0.010054938285 cfg1 2 1 0 0 na na
10 59730.354350297624 0.010055627820 cfg1 2 1 0 0 na na
10 59730.373350343071 0.010056361823 cfg1 2 1 0 0 na na
10 59730.377350342792 0.010056538928 cfg1 2 1 0 0 na na
10 59730.385350311031 0.010056843556 cfg1 2 1 0 0 na na
10 59730.400350293851 0.010057441327 cfg1 2 1 0 0 na na
10 59730.450350334560 0.010059439495 cfg1 2 1 0 0 na na
10 59730.473350377714 0.010060377893 cfg1 2 1 0 0 na na
10 59730.511350317534 0.010061898628 cfg1 2 1 0 0 na na
10 59730.514350313226 0.010062016286 cfg1 2 1 0 0 na na
10 59730.543350317212 0.010063172305 cfg1 2 1 0 0 na na
10 59730.548350279372 0.010063381729 cfg1 2 1 0 0 na na
10 59730.555350362863 0.010063664898 cfg1 2 1 0 0 na na
10 59730.564350326722 0.010063999182 cfg1 2 1 0 0 na na
10 59730.610350343878 0.010065842566 cfg1 2 1 0 0 na na
10 59730.616350366875 0.010066103817 cfg1 2 1 0 0 na na
10 59730.629350320702 0.010066626710 cfg1 2 1 0 0 na na
10 59730.646350321455 0.010067292692 cfg1 2 1 0 0 na na
10 59730.651350283282 0.010067503381 cfg1 2 1 0 0 na na
10 59730.654350341152 0.010067606474 cfg1 2 1 0 0 na na
10 59730.666350300032 0.010068082245 cfg1 2 1 0 0 na na
10 59730.688350323160 0.010068972312 cfg1 2 1 0 0 na na
10 59730.700350349986 0.010069444712 cfg1 2 1 0 0 na na
10 59730.704350325363 0.010069625797 cfg1 2 1 0 0 na na
10 59730.728350361784 0.010070587014 cfg1 2 1 0 0 na na
10 59730.730350292109 0.010070644323 cfg1 2 1 0 0 na na
10 59730.782350277531 0.010072747377 cfg1 2 1 0 0 na na
10 59730.796350310896 0.010073292181 cfg1 2 1 0 0 na na
10 59730.800350302768 0.010073464070 cfg1 2 1 0 0 na na
10 59730.807350285943 0.010073732359 cfg1 2 1 0 0 na na
10 59730.810350320903 0.010073868628 cfg1 2 1 0 0 na na
10 59730.833350322697 0.010074774467 cfg1 2 1 0 0 na na
10 59730.843350376406 0.010075188446 cfg1 2 1 0 0 na na
10 59730.853350277345 0.010075562891 cfg1 2 1 0 0 na na
10 59730.858350299883 0.010075763647 cfg1 2 1 0 0 na na
10 59730.888350343403 0.010076991031 cfg1 2 1 0 0 na na
10 59730.932350339086 0.010078739620 cfg1 2 1 0 0 na na
10 59730.946350327776 0.010079298945 cfg1 2 1 0 0 na na
10 59730.962350273449 0.010079929614 cfg1 2 1 0 0 na na
10 59730.991350332890 0.010081105782 cfg1 2 1 0 0 na na
10 59730.992350286990 0.010081137541 cfg1 2 1 0 0 na na
10 59731.000350334890 0.010081465473 cfg1 2 1 0 0 na na
10 59731.022350348669 0.010082356417 cfg1 2 1 0 0 na na
10 59731.037350350646 0.010082944900 cfg1 2 1 0 0 na na
10 59731.044350350520 0.010083214214 cfg1 2 1 0 0 na na
10 59731.052350358430 0.010083554656 cfg1 2 1 0 0 na na
10 59731.067350329552 0.010084154434 cfg1 2 1 0 0 na na
10 59731.083350360170 0.010084784331 cfg1 2 1 0 0 na na
10 59731.134350308878 0.010086820197 cfg1 2 1 0 0 na na
10 59731.150350294929 0.010087473272 cfg1 2 1 0 0 na na
10 59731.168350324435 0.010088177151 cfg1 2 1 0 0 na na
10 59731.219350317055 0.010090239767 cfg1 2 1 0 0 na na
10 59731.224350300794 0.010090428180 cfg1 2 1 0 0 na na
10 59731.235350352418 0.010090879421 cfg1 2 1 0 0 na na
10 59731.240350281277 0.010091076563 cfg1 2 1 0 0 na na
10 59731.254350332886 0.010091630414 cfg1 2 1 0 0 na na
10 59731.286350332921 0.010092911350 cfg1 2 1 0 0 na na
10 59731.303350325377 0.010093609380 cfg1 2 1 0 0 na na
10 59731.314350372484 0.010094044562 cfg1 2 1 0 0 na na
10 59731.322350322208 0.010094343317 cfg1 2 1 0 0 na na
10 59731.331350295049 0.010094719087 cfg1 2 1 0 0 na na
10 59731.344350358141 0.010095250074 cfg1 2 1 0 0 na na
10 59731.345350333461 0.010095291925 cfg1 2 1 0 0 na na
10 59731.399350339542 0.010097456190 cfg1 2 1 0 0 na na
10 59731.421350335104 0.010098334624 cfg1 2 1 0 0 na na
10 59731.427350285338 0.010098576048 cfg1 2 1 0 0 na na
10 59731.429350318500 0.010098643980 cfg1 2 1 0 0 na na
10 59731.443350314807 0.010099198305 cfg1 2 1 0 0 na na
10 59731.445350350934 0.010099296060 cfg1 2 1 0 0 na na
10 59731.458350249765 0.010099806933 cfg1 2 1 0 0 na na
10 59731.544350319069 0.010103266551 cfg1 2 1 0 0 na na
10 59731.548350341187 0.010103403633 cfg1 2 1 0 0 na na
10 59731.606350325811 0.010105743600 cfg1 2 1 0 0 na na
10 59731.622350377604 0.010106365125 cfg1 2 1 0 0 na na
10 59731.689350320005 0.010109074511 cfg1 2 1 0 0 na na
10 59731.725350306141 0.010110494499 cfg1 2 1 0 0 na na
10 59731.729350265807 0.010110678208 cfg1 2 1 0 0 na na
10 59731.742350307219 0.010111190858 cfg1 2 1 0 0 na na
10 59731.746350328313 0.010111340544 cfg1 2 1 0 0 na na
10 59731.750350276890 0.010111506266 cfg1 2 1 0 0 na na
10 59731.760350327171 0.010111918989 cfg1 2 1 0 0 na na
10 59731.764350299234 0.010112059564 cfg1 2 1 0 0 na na
10 59731.765350351233 0.010112123653 cfg1 2 1 0 0 na na
10 59731.792350310769 0.010113203122 cfg1 2 1 0 0 na na
10 59731.795350314733 0.010113310579 cfg1 2 1 0 0 na na
10 59731.808350299593 0.010113839925 cfg1 2 1 0 0 na na
10 59731.809350303868 0.010113874694 cfg1 2 1 0 0 na na
10 59731.819350298359 0.010114273671 cfg1 2 1 0 0 na na
10 59731.828350310774 0.010114646466 cfg1 2 1 0 0 na na
10 59731.836350306233 0.010114969320 cfg1 2 1 0 0 na na
10 59731.839350292130 0.010115061968 cfg1 2 1 0 0 na na
10 59731.845350333880 0.010115331346 cfg1 2 1 0 0 na na
10 59731.851350327697 0.010115542677 cfg1 2 1 0 0 na na
10 59731.863350242771 0.010116044143 cfg1 2 1 0 0 na na
10 59731.864350345647 0.010116067373 cfg1 2 1 0 0 na na
10 59731.866350299435 0.010116170794 cfg1 2 1 0 0 na na
10 59731.909350354788 0.010117881483 cfg1 2 1 0 0 na na
10 59731.927350321933 0.010118598742 cfg1 2 1 0 0 na na
10 59731.934350330368 0.010118894284 cfg1 2 1 0 0 na na
10 59731.939350336370 0.010119094218 cfg1 2 1 0 0 na na
10 59731.958350297864 0.010119835844 cfg1 2 1 0 0 na na
10 59731.961350306529 0.010119977384 cfg1 2 1 0 0 na na
10 59731.964350318512 0.010120097613 cfg1 2 1 0 0 na na
10 59731.965350335411 0.010120120801 cfg1 2 1 0 0 na na
10 59731.971350334068 0.010120367046 cfg1 2 1 0 0 na na
10 59731.981350351296 0.010120767910 cfg1 2 1 0 0 na na
10 59732.043350299495 0.010123259712 cfg1 2 1 0 0 na na
10 59732.046350260545 0.010123366582 cfg1 2 1 0 0 na na
10 59732.052350282146 0.010123621835 cfg1 2 1 0 0 na na
10 59732.059350362061 0.010123903117 cfg1 2 1 0 0 na na
10 59732.107350304060 0.010125815079 cfg1 2 1 0 0 na na
10 59732.112350302875 0.010126025898 cfg1 2 1 0 0 na na
10 59732.113350345984 0.010126069342 cfg1 2 1 0 0 na na
10 59732.123350289299 0.010126454782 cfg1 2 1 0 0 na na
10 59732.131350340550 0.010126778482 cfg1 2 1 0 0 na na
10 59732.150350304254 0.010127560545 cfg1 2 1 0 0 na na
10 59732.164350307885 0.010128117089 cfg1 2 1 0 0 na na
10 59732.196350264865 0.010129407755 cfg1 2 1 0 0 na na
10 59732.198350282231 0.010129471506 cfg1 2 1 0 0 na na
10 59732.210350279585 0.010129951574 cfg1 2 1 0 0 na na
10 59732.221350317962 0.010130407906 cfg1 2 1 0 0 na na
10 59732.224350308102 0.010130518145 cfg1 2 1 0 0 na na
10 59732.245350368231 0.010131347121 cfg1 2 1 0 0 na na
10 59732.253350320994 0.010131677909 cfg1 2 1 0 0 na na
10 59732.269350291617 0.010132308815 cfg1 2 1 0 0 na na
10 59732.271350283140 0.010132394992 cfg1 2 1 0 0 na na
10 59732.276350297465 0.010132615641 cfg1 2 1 0 0 na na
10 59732.297350337437 0.010133436402 cfg1 2 1 0 0 na na
10 59732.298350267430 0.010133476861 cfg1 2 1 0 0 na na
10 59732.322350366165 0.010134456268 cfg1 2 1 0 0 na na
10 59732.344350316635 0.010135341096 cfg1 2 1 0 0 na na
10 59732.350350338371 0.010135574311 cfg1 2 1 0 0 na na
10 59732.351350323654 0.010135604980 cfg1 2 1 0 0 na na
10 59732.362350311952 0.010136067359 cfg1 2 1 0 0 na na
10 59732.366350289115 0.010136207000 cfg1 2 1 0 0 na na
10 59732.417350337823 0.010138247824 cfg1 2 1 0 0 na na
10 59732.427350343707 0.010138652038 cfg1 2 1 0 0 na na
10 59732.444350290249 0.010139335453 cfg1 2 1 0 0 na na
10 59732.452350313975 0.010139670920 cfg1 2 1 0 0 na na
10 59732.459350278947 0.010139960557 cfg1 2 1 0 0 na na
10 59732.467350295584 0.010140260766 cfg1 2 1 0 0 na na
10 59732.502350309169 0.010141675575 cfg1 2 1 0 0 na na
10 59732.508350327319 0.010141904374 cfg1 2 1 0 0 na na
10 59732.516350325574 0.010142223761 cfg1 2 1 0 0 na na
10 59732.534350275498 0.010142946771 cfg1 2 1 0 0 na na
10 59732.549350322993 0.010143573544 cfg1 2 1 0 0 na na
10 59732.562350389430 0.010144075594 cfg1 2 1 0 0 na na
10 59732.563350264636 0.010144128222 cfg1 2 1 0 0 na na
10 59732.613350306862 0.010146129882 cfg1 2 1 0 0 na na
10 59732.615350336876 0.010146210880 cfg1 2 1 0 0 na na
10 59732.662350290730 0.010148103783 cfg1 2 1 0 0 na na
10 59732.665350323512 0.010148217412 cfg1 2 1 0 0 na na
10 59732.689350309850 0.010149190623 cfg1 2 1 0 0 na na
10 59732.691350285873 0.010149249215 cfg1 2 1 0 0 na na
10 59732.704350267339 0.010149777691 cfg1 2 1 0 0 na na
10 59732.722350351511 0.010150500178 cfg1 2 1 0 0 na na
10 59732.726350310785 0.010150678245 cfg1 2 1 0 0 na na
10 59732.738350260714 0.010151150981 cfg1 2 1 0 0 na na
10 59732.757350283472 0.010151901669 cfg1 2 1 0 0 na na
10 59732.761350299464 0.010152079700 cfg1 2 1 0 0 na na
10 59732.771350248964 0.010152472888 cfg1 2 1 0 0 na na
10 59732.788350312707 0.010153153654 cfg1 2 1 0 0 na na
10 59732.790350311111 0.010153248238 cfg1 2 1 0 0 na na
10 59732.798350350303 0.010153556482 cfg1 2 1 0 0 na na
10 59732.817350341259 0.010154312944 cfg1 2 1 0 0 na na
10 59732.837350319828 0.010155130986 cfg1 2 1 0 0 na na
10 59732.853350322256 0.010155767553 cfg1 2 1 0 0 na na
10 59732.854350356941 0.010155793862 cfg1 2 1 0 0 na na
10 59732.877350321086 0.010156742521 cfg1 2 1 0 0 na na
10 59732.891350292003 0.010157282291 cfg1 2 1 0 0 na na
10 59732.894350278492 0.010157418468 cfg1 2 1 0 0 na na
10 59732.916350327705 0.010158300182 cfg1 2 1 0 0 na na
10 59732.917350285048 0.010158340652 cfg1 2 1 0 0 na na
10 59732.920350315052 0.010158451850 cfg1 2 1 0 0 na na
10 59732.938350304960 0.010159191309 cfg1 2 1 0 0 na na
10 59732.973350278892 0.010160588151 cfg1 2 1 0 0 na na
10 59732.986350233901 0.010161122628 cfg1 2 1 0 0 na na
10 59732.997350333393 0.010161555885 cfg1 2 1 0 0 na na
10 59733.007350308829 0.010161964483 cfg1 2 1 0 0 na na
10 59733.011350311918 0.010162112389 cfg1 2 1 0 0 na na
10 59733.037350350831 0.010163161783 cfg1 2 1 0 0 na na
10 59733.052350286459 0.010163745292 cfg1 2 1 0 0 na na
10 59733.061350275869 0.010164121548 cfg1 2 1 0 0 na na
10 59733.078350267272 0.010164789477 cfg1 2 1 0 0 na na
10 59733.109350296515 0.010166039869 cfg1 2 1 0 0 na na
10 59733.152350319287 0.010167784604 cfg1 2 1 0 0 na na
10 59733.169350299428 0.010168471895 cfg1 2 1 0 0 na na
10 59733.170350330370 0.010168510926 cfg1 2 1 0 0 na na
10 59733.196350327962 0.010169557214 cfg1 2 1 0 0 na na
10 59733.213350290867 0.010170237168 cfg1 2 1 0 0 na na
10 59733.221350360124 0.010170550356 cfg1 2 1 0 0 na na
10 59733.223350308859 0.010170631618 cfg1 2 1 0 0 na na
10 59733.225350326824 0.010170713518 cfg1 2 1 0 0 na na
10 59733.227350325081 0.010170801344 cfg1 2 1 0 0 na na
10 59733.251350299158 0.010171753109 cfg1 2 1 0 0 na na
10 59733.256350305035 0.010171950354 cfg1 2 1 0 0 na na
10 59733.264350311270 0.010172277850 cfg1 2 1 0 0 na na
10 59733.265350309002 0.010172325324 cfg1 2 1 0 0 na na
10 59733.269350338845 0.010172483799 cfg1 2 1 0 0 na na
10 59733.291350304432 0.010173374240 cfg1 2 1 0 0 na na
10 59733.321350285579 0.010174559108 cfg1 2 1 0 0 na na
10 59733.323350301515 0.010174642961 cfg1 2 1 0 0 na na
10 59733.353350314214 0.010175849769 cfg1 2 1 0 0 na na
10 59733.356350303908 0.010175976324 cfg1 2 1 0 0 na na
10 59733.361350349821 0.010176168727 cfg1 2 1 0 0 na na
10 59733.362350246307 0.010176221140 cfg1 2 1 0 0 na na
10 59733.363350309772 0.010176264484 cfg1 2 1 0 0 na na
10 59733.394350322809 0.010177488987 cfg1 2 1 0 0 na na
10 59733.397350296245 0.010177616702 cfg1 2 1 0 0 na na
10 59733.398350277246 0.010177671200 cfg1 2 1 0 0 na na
10 59733.421350255223 0.010178586704 cfg1 2 1 0 0 na na
10 59733.446350330536 0.010179585529 cfg1 2 1 0 0 na na
10 59733.457350311304 0.010180048687 cfg1 2 1 0 0 na na
10 59733.476350355010 0.010180786555 cfg1 2 1 0 0 na na
10 59733.477350256292 0.010180837996 cfg1 2 1 0 0 na na
10 59733.503350307582 0.010181890479 cfg1 2 1 0 0 na na
10 59733.504350337013 0.010181931277 cfg1 2 1 0 0 na na
10 59733.510350398540 0.010182177475 cfg1 2 1 0 0 na na
10 59733.521350310054 0.010182615026 cfg1 2 1 0 0 na na
10 59733.523350316702 0.010182684624 cfg1 2 1 0 0 na na
10 59733.546350246846 0.010183620206 cfg1 2 1 0 0 na na
10 59733.553350299517 0.010183888502 cfg1 2 1 0 0 na na
10 59733.554350302566 0.010183942333 cfg1 2 1 0 0 na na
10 59733.576350278766 0.010184818336 cfg1 2 1 0 0 na na
10 59733.579350322324 0.010184941349 cfg1 2 1 0 0 na na
10 59733.592350307836 0.010185478447 cfg1 2 1 0 0 na na
10 59733.612350310176 0.010186266805 cfg1 2 1 0 0 na na
10 59733.659350345061 0.010188155177 cfg1 2 1 0 0 na na
10 59733.661350326636 0.010188226365 cfg1 2 1 0 0 na na
10 59733.670350280627 0.010188608575 cfg1 2 1 0 0 na na
10 59733.673350283634 0.010188719079 cfg1 2 1 0 0 na na
10 59733.675350303348 0.010188803463 cfg1 2 1 0 0 na na
10 59733.711350286421 0.010190235560 cfg1 2 1 0 0 na na
10 59733.713350274280 0.010190316913 cfg1 2 1 0 0 na na
10 59733.720350334322 0.010190626358 cfg1 2 1 0 0 na na
10 59733.730350300332 0.010191002446 cfg1 2 1 0 0 na na
10 59733.750350321458 0.010191825318 cfg1 2 1 0 0 na na
10 59733.759350273985 0.010192176902 cfg1 2 1 0 0 na na
10 59733.767350290852 0.010192510253 cfg1 2 1 0 0 na na
10 59733.768350298681 0.010192531211 cfg1 2 1 0 0 na na
10 59733.786350257408 0.010193259349 cfg1 2 1 0 0 na na
10 59733.799350268161 0.010193787516 cfg1 2 1 0 0 na na
10 59733.800350321147 0.010193814535 cfg1 2 1 0 0 na na
10 59733.820350312012 0.010194619025 cfg1 2 1 0 0 na na
10 59733.833350347097 0.010195143117 cfg1 2 1 0 0 na na
10 59733.850350339314 0.010195838931 cfg1 2 1 0 0 na na
10 59733.853350306586 0.010195964833 cfg1 2 1 0 0 na na
10 59733.861350307470 0.010196279206 cfg1 2 1 0 0 na na
10 59733.871350285666 0.010196686992 cfg1 2 1 0 0 na na
10 59733.911350310471 0.010198298883 cfg1 2 1 0 0 na na
10 59733.928350305167 0.010198968802 cfg1 2 1 0 0 na na
10 59733.934350252436 0.010199219448 cfg1 2 1 0 0 na na
10 59733.935350315253 0.010199261225 cfg1 2 1 0 0 na na
10 59733.946350234654 0.010199717097 cfg1 2 1 0 0 na na
10 59733.955350329075 0.010200078935 cfg1 2 1 0 0 na na
10 59733.963350265613 0.010200396528 cfg1 2 1 0 0 na na
10 59733.964350327621 0.010200417251 cfg1 2 1 0 0 na na
10 59733.971350306162 0.010200709223 cfg1 2 1 0 0 na na
10 59733.985350262575 0.010201259400 cfg1 2 1 0 0 na na
10 59733.990350292677 0.010201460296 cfg1 2 1 0 0 na na
10 59734.005350302574 0.010202079228 cfg1 2 1 0 0 na na
10 59734.017350307543 0.010202558367 cfg1 2 1 0 0 na na
10 59734.033350287083 0.010203191762 cfg1 2 1 0 0 na na
10 59734.042350292202 0.010203557176 cfg1 2 1 0 0 na na
10 59734.060350247626 0.010204303820 cfg1 2 1 0 0 na na
10 59734.087350274347 0.010205371963 cfg1 2 1 0 0 na na
10 59734.091350290312 0.010205550067 cfg1 2 1 0 0 na na
10 59734.092350310405 0.010205570560 cfg1 2 1 0 0 na na
10 59734.101350304399 0.010205942400 cfg1 2 1 0 0 na na
10 59734.115350306333 0.010206490684 cfg1 2 1 0 0 na na
10 59734.136350336119 0.010207338052 cfg1 2 1 0 0 na na
10 59734.152350308150 0.010208000329 cfg1 2 1 0 0 na na
10 59734.153350298108 0.010208042441 cfg1 2 1 0 0 na na
10 59734.158350312991 0.010208243110 cfg1 2 1 0 0 na na
10 59734.159350279241 0.010208275260 cfg1 2 1 0 0 na na
10 59734.162350303455 0.010208396233 cfg1 2 1 0 0 na na
10 59734.164350294690 0.010208465501 cfg1 2 1 0 0 na na
10 59734.168350309734 0.010208650314 cfg1 2 1 0 0 na na
10 59734.232350278685 0.010211212432 cfg1 2 1 0 0 na na
10 59734.248350292237 0.010211868867 cfg1 2 1 0 0 na na
10 59734.255350306969 0.010212137692 cfg1 2 1 0 0 na na
10 59734.258350266409 0.010212245329 cfg1 2 1 0 0 na na
10 59734.282350320327 0.010213211587 cfg1 2 1 0 0 na na
10 59734.283350309907 0.010213258044 cfg1 2 1 0 0 na na
10 59734.287350339220 0.010213419053 cfg1 2 1 0 0 na na
10 59734.288350284939 0.010213455194 cfg1 2 1 0 0 na na
10 59734.293350367017 0.010213671877 cfg1 2 1 0 0 na na
10 59734.305350323105 0.010214155712 cfg1 2 1 0 0 na na
10 59734.306350278752 0.010214177510 cfg1 2 1 0 0 na na
10 59734.324350329178 0.010214901742 cfg1 2 1 0 0 na na
10 59734.331350309101 0.010215201485 cfg1 2 1 0 0 na na
10 59734.340350329939 0.010215555959 cfg1 2 1 0 0 na na
10 59734.351350274506 0.010216009092 cfg1 2 1 0 0 na na
10 59734.360350349999 0.010216365450 cfg1 2 1 0 0 na na
10 59734.376350266355 0.010216995606 cfg1 2 1 0 0 na na
10 59734.379350322639 0.010217144829 cfg1 2 1 0 0 na na
10 59734.382350301535 0.010217257447 cfg1 2 1 0 0 na na
10 59734.396350293048 0.010217809717 cfg1 2 1 0 0 na na
10 59734.421350286564 0.010218809478 cfg1 2 1 0 0 na na
10 59734.427350281230 0.010219061977 cfg1 2 1 0 0 na na
10 59734.443350278758 0.010219698780 cfg1 2 1 0 0 na na
10 59734.474350324759 0.010220946481 cfg1 2 1 0 0 na na
10 59734.477350351184 0.010221078058 cfg1 2 1 0 0 na na
10 59734.498350338615 0.010221924706 cfg1 2 1 0 0 na na
10 59734.501350321430 0.010222038963 cfg1 2 1 0 0 na na
10 59734.504350304227 0.010222166552 cfg1 2 1 0 0 na na
10 59734.517350386683 0.010222685038 cfg1 2 1 0 0 na na
10 59734.520350294984 0.010222804392 cfg1 2 1 0 0 na na
10 59734.525350279409 0.010222999302 cfg1 2 1 0 0 na na
10 59734.529350256159 0.010223184791 cfg1 2 1 0 0 na na
10 59734.562350261670 0.010224490224 cfg1 2 1 0 0 na na
10 59734.566350282209 0.010224661616 cfg1 2 1 0 0 na na
10 59734.589350305184 0.010225585097 cfg1 2 1 0 0 na na
10 59734.590350339021 0.010225621470 cfg1 2 1 0 0 na na
10 59734.611350338019 0.010226482207 cfg1 2 1 0 0 na na
10 59734.622350311639 0.010226925926 cfg1 2 1 0 0 na na
10 59734.652350329596 0.010228130320 cfg1 2 1 0 0 na na
10 59734.658350307723 0.010228363124 cfg1 2 1 0 0 na na
10 59734.674350338163 0.010229000552 cfg1 2 1 0 0 na na
10 59734.676350279178 0.010229091588 cfg1 2 1 0 0 na na
10 59734.689350304909 0.010229612172 cfg1 2 1 0 0 na na
10 59734.707350329948 0.010230334912 cfg1 2 1 0 0 na na
10 59734.727350347734 0.010231161236 cfg1 2 1 0 0 na na
10 59734.736350322558 0.010231503967 cfg1 2 1 0 0 na na
10 59734.740350262090 0.010231673066 cfg1 2 1 0 0 na na
10 59734.743350340445 0.010231784150 cfg1 2 1 0 0 na na
10 59734.751350267000 0.010232107554 cfg1 2 1 0 0 na na
10 59734.755350332377 0.010232280658 cfg1 2 1 0 0 na na
10 59734.783350322595 0.010233388450 cfg1 2 1 0 0 na na
10 59734.802350321117 0.010234175236 cfg1 2 1 0 0 na na
10 59734.818350291303 0.010234798146 cfg1 2 1 0 0 na na
10 59734.822350319993 0.010234964858 cfg1 2 1 0 0 na na
10 59734.846350333167 0.010235926740 cfg1 2 1 0 0 na na
10 59734.855350252533 0.010236299326 cfg1 2 1 0 0 na na
10 59734.871350343860 0.010236951779 cfg1 2 1 0 0 na na
10 59734.887350269289 0.010237593240 cfg1 2 1 0 0 na na
10 59734.903350294045 0.010238239179 cfg1 2 1 0 0 na na
10 59734.915350314284 0.010238707685 cfg1 2 1 0 0 na na
10 59734.918350298714 0.010238833107 cfg1 2 1 0 0 na na
10 59734.927350320746 0.010239217587 cfg1 2 1 0 0 na na
10 59734.933350302037 0.010239443767 cfg1 2 1 0 0 na na
10 59734.939350321018 0.010239689597 cfg1 2 1 0 0 na na
10 59734.943350294488 0.010239850888 cfg1 2 1 0 0 na na
10 59734.946350297673 0.010239960655 cfg1 2 1 0 0 na na
10 59734.948350285338 0.010240042353 cfg1 2 1 0 0 na na
10 59734.983350341814 0.010241469206 cfg1 2 1 0 0 na na
10 59734.989350287004 0.010241713235 cfg1 2 1 0 0 na na
10 59734.996350284147 0.010241974311 cfg1 2 1 0 0 na na
10 59735.047350322656 0.010244030115 cfg1 2 1 0 0 na na
10 59735.055350342055 0.010244363322 cfg1 2 1 0 0 na na
10 59735.076350291924 0.010245216090 cfg1 2 1 0 0 na na
10 59735.077350290368 0.010245239603 cfg1 2 1 0 0 na na
10 59735.098350263007 0.010246109697 cfg1 2 1 0 0 na na
10 59735.112350300225 0.010246666506 cfg1 2 1 0 0 na na
10 59735.116350294587 0.010246814157 cfg1 2 1 0 0 na na
10 59735.117350306325 0.010246856595 cfg1 2 1 0 0 na na
10 59735.129350357932 0.010247359635 cfg1 2 1 0 0 na na
10 59735.134350304286 0.010247558362 cfg1 2 1 0 0 na na
10 59735.137350293658 0.010247672762 cfg1 2 1 0 0 na na
10 59735.149350346174 0.010248139949 cfg1 2 1 0 0 na na
10 59735.170350343047 0.010248993943 cfg1 2 1 0 0 na na
10 59735.171350307275 0.010249037715 cfg1 2 1 0 0 na na
10 59735.174350309326 0.010249164009 cfg1 2 1 0 0 na na
10 59735.186350290829 0.010249642781 cfg1 2 1 0 0 na na
10 59735.200350295693 0.010250203740 cfg1 2 1 0 0 na na
10 59735.218350308482 0.010250947707 cfg1 2 1 0 0 na na
10 59735.222350329691 0.010251098723 cfg1 2 1 0 0 na na
10 59735.280350289431 0.010253432384 cfg1 2 1 0 0 na na
10 59735.281350372045 0.010253488312 cfg1 2 1 0 0 na na
10 59735.292350258970 0.010253907955 cfg1 2 1 0 0 na na
10 59735.303350306432 0.010254349127 cfg1 2 1 0 0 na na
10 59735.313350313141 0.010254757239 cfg1 2 1 0 0 na na
10 59735.324350322049 0.010255222477 cfg1 2 1 0 0 na na
10 59735.343350286608 0.010255967908 cfg1 2 1 0 0 na na
10 59735.347350303845 0.010256125942 cfg1 2 1 0 0 na na
10 59735.351350313127 0.010256308684 cfg1 2 1 0 0 na na
10 59735.359350329901 0.010256615226 cfg1 2 1 0 0 na na
10 59735.364350281411 0.010256817167 cfg1 2 1 0 0 na na
10 59735.379350353563 0.010257418578 cfg1 2 1 0 0 na na
10 59735.389350336868 0.010257816703 cfg1 2 1 0 0 na na
10 59735.405350296131 0.010258482240 cfg1 2 1 0 0 na na
10 59735.418350317474 0.010258989712 cfg1 2 1 0 0 na na
10 59735.424350350088 0.010259240563 cfg1 2 1 0 0 na na
10 59735.426350310699 0.010259337247 cfg1 2 1 0 0 na na
10 59735.433350278136 0.010259605328 cfg1 2 1 0 0 na na
10 59735.434350371401 0.010259653515 cfg1 2 1 0 0 na na
10 59735.463350324451 0.010260805316 cfg1 2 1 0 0 na na
10 59735.550350329492 0.010264321974 cfg1 2 1 0 0 na na
10 59735.552350315238 0.010264390820 cfg1 2 1 0 0 na na
10 59735.553350279224 0.010264434349 cfg1 2 1 0 0 na na
10 59735.564350368691 0.010264887115 cfg1 2 1 0 0 na na
10 59735.580350311565 0.010265521550 cfg1 2 1 0 0 na na
10 59735.591350389268 0.010265975534 cfg1 2 1 0 0 na na
10 59735.592350335596 0.010266017189 cfg1 2 1 0 0 na na
10 59735.610350344305 0.010266742748 cfg1 2 1 0 0 na na
10 59735.615350339853 0.010266942432 cfg1 2 1 0 0 na na
10 59735.626350329278 0.010267391542 cfg1 2 1 0 0 na na
10 59735.632350295593 0.010267620690 cfg1 2 1 0 0 na na
10 59735.652350324221 0.010268436865 cfg1 2 1 0 0 na na
10 59735.684350278317 0.010269731393 cfg1 2 1 0 0 na na
10 59735.690350291413 0.010269965351 cfg1 2 1 0 0 na na
10 59735.709350308989 0.010270737808 cfg1 2 1 0 0 na na
10 59735.725350383933 0.010271377627 cfg1 2 1 0 0 na na
10 59735.762350333171 0.010272872632 cfg1 2 1 0 0 na na
10 59735.806350295164 0.010274659172 cfg1 2 1 0 0 na na
10 59735.812350384019 0.010274890761 cfg1 2 1 0 0 na na
10 59735.840350356317 0.010276036249 cfg1 2 1 0 0 na na
10 59735.844350306587 0.010276186509 cfg1 2 1 0 0 na na
10 59735.845350276994 0.010276220247 cfg1 2 1 0 0 na na
10 59735.865350281237 0.010277033475 cfg1 2 1 0 0 na na
10 59735.867350313531 0.010277119113 cfg1 2 1 0 0 na na
10 59735.878350353674 0.010277570647 cfg1 2 1 0 0 na na
10 59735.893350305179 0.010278160539 cfg1 2 1 0 0 na na
10 59735.931350257033 0.010279689913 cfg1 2 1 0 0 na na
10 59735.966350327409 0.010281112114 cfg1 2 1 0 0 na na
10 59735.969350336560 0.010281219766 cfg1 2 1 0 0 na na
10 59735.972350361154 0.010281365413 cfg1 2 1 0 0 na na
10 59735.985350294780 0.010281870613 cfg1 2 1 0 0 na na
10 59735.989350273573 0.010282048963 cfg1 2 1 0 0 na na
10 59736.000350274278 0.010282471440 cfg1 2 1 0 0 na na
10 59736.022350354198 0.010283366128 cfg1 2 1 0 0 na na
10 59736.023350265338 0.010283401763 cfg1 2 1 0 0 na na
10 59736.055350320809 0.010284712062 cfg1 2 1 0 0 na na
10 59736.114350300100 0.010287085011 cfg1 2 1 0 0 na na
10 59736.119350286626 0.010287284927 cfg1 2 1 0 0 na na
10 59736.124350334517 0.010287476467 cfg1 2 1 0 0 na na
10 59736.129350259435 0.010287694872 cfg1 2 1 0 0 na na
10 59736.133350308039 0.010287839773 cfg1 2 1 0 0 na na
10 59736.134350292768 0.010287884760 cfg1 2 1 0 0 na na
10 59736.147350329889 0.010288414523 cfg1 2 1 0 0 na na
10 59736.151350333050 0.010288570646 cfg1 2 1 0 0 na na
10 59736.162350307594 0.010289017366 cfg1 2 1 0 0 na na
10 59736.192350352785 0.010290239697 cfg1 2 1 0 0 na na
10 59736.200350338002 0.010290554973 cfg1 2 1 0 0 na na
10 59736.218350331113 0.010291297235 cfg1 2 1 0 0 na na
10 59736.231350307000 0.010291799068 cfg1 2 1 0 0 na na
10 59736.242350291101 0.010292251311 cfg1 2 1 0 0 na na
10 59736.246350382766 0.010292428870 cfg1 2 1 0 0 na na
10 59736.267350307812 0.010293279319 cfg1 2 1 0 0 na na
10 59736.282350299860 0.010293857570 cfg1 2 1 0 0 na na
10 59736.303350322030 0.010294707211 cfg1 2 1 0 0 na na
10 59736.315350299763 0.010295207565 cfg1 2 1 0 0 na na
10 59736.322350327029 0.010295500618 cfg1 2 1 0 0 na na
10 59736.337350343102 0.010296087289 cfg1 2 1 0 0 na na
10 59736.349350309151 0.010296584479 cfg1 2 1 0 0 na na
10 59736.413350282031 0.010299153833 cfg1 2 1 0 0 na na
10 59736.450350321031 0.010300648068 cfg1 2 1 0 0 na na
10 59736.465350462835 0.010301258704 cfg1 2 1 0 0 na na
10 59736.473350331779 0.010301589717 cfg1 2 1 0 0 na na
10 59736.482350299588 0.010301953143 cfg1 2 1 0 0 na na
10 59736.501350295228 0.010302730245 cfg1 2 1 0 0 na na
10 59736.525350298843 0.010303685457 cfg1 2 1 0 0 na na
10 59736.533350348157 0.010303999630 cfg1 2 1 0 0 na na
10 59736.542350326149 0.010304365761 cfg1 2 1 0 0 na na
10 59736.634350347482 0.010308090014 cfg1 2 1 0 0 na na
10 59736.659350320877 0.010309100302 cfg1 2 1 0 0 na na
10 59736.691350407450 0.010310407366 cfg1 2 1 0 0 na na
10 59736.692350286858 0.010310435979 cfg1 2 1 0 0 na na
10 59736.724350367911 0.010311730725 cfg1 2 1 0 0 na na
10 59736.735350331504 0.010312161966 cfg1 2 1 0 0 na na
10 59736.747350311458 0.010312644688 cfg1 2 1 0 0 na na
10 59736.763350304614 0.010313301732 cfg1 2 1 0 0 na na
10 59736.774350343832 0.010313739089 cfg1 2 1 0 0 na na
10 59736.827350327721 0.010315893593 cfg1 2 1 0 0 na na
10 59736.831350358302 0.010316039600 cfg1 2 1 0 0 na na
10 59736.864350329854 0.010317390445 cfg1 2 1 0 0 na na
10 59736.944350320568 0.010320626166 cfg1 2 1 0 0 na na
10 59736.958350326492 0.010321199987 cfg1 2 1 0 0 na na
10 59736.999350305192 0.010322838148 cfg1 2 1 0 0 na na
10 59737.005350333840 0.010323100124 cfg1 2 1 0 0 na na
10 59737.023350267318 0.010323803450 cfg1 2 1 0 0 na na
10 59737.066350354883 0.010325554612 cfg1 2 1 0 0 na na
10 59737.116350268438 0.010327574528 cfg1 2 1 0 0 na na
10 59737.124350285364 0.010327907156 cfg1 2 1 0 0 na na
10 59737.147350318001 0.010328824325 cfg1 2 1 0 0 na na
10 59737.151350301584 0.010328989343 cfg1 2 1 0 0 na na
10 59737.152350306623 0.010329044912 cfg1 2 1 0 0 na na
10 59737.159350271960 0.010329329081 cfg1 2 1 0 0 na na
10 59737.172350252673 0.010329839324 cfg1 2 1 0 0 na na
10 59737.185350333581 0.010330366598 cfg1 2 1 0 0 na na
10 59737.191350327234 0.010330611309 cfg1 2 1 0 0 na na
10 59737.198350314893 0.010330891243 cfg1 2 1 0 0 na na
10 59737.224350313430 0.010331949818 cfg1 2 1 0 0 na na
10 59737.241350281444 0.010332640594 cfg1 2 1 0 0 na na
10 59737.249350333410 0.010332966245 cfg1 2 1 0 0 na na
10 59737.293350259221 0.010334727568 cfg1 2 1 0 0 na na
10 59737.324350337212 0.010335980253 cfg1 2 1 0 0 na na
10 59737.353350310549 0.010337161215 cfg1 2 1 0 0 na na
10 59737.357350325791 0.010337332167 cfg1 2 1 0 0 na na
10 59737.372350337707 0.010337930042 cfg1 2 1 0 0 na na
10 59737.387350254210 0.010338551773 cfg1 2 1 0 0 na na
10 59737.411350325725 0.010339520222 cfg1 2 1 0 0 na na
10 59737.413350323859 0.010339597320 cfg1 2 1 0 0 na na
10 59737.433350298322 0.010340397874 cfg1 2 1 0 0 na na
10 59737.450350320044 0.010341081838 cfg1 2 1 0 0 na na
10 59737.470350300224 0.010341903944 cfg1 2 1 0 0 na na
10 59737.484350319084 0.010342451800 cfg1 2 1 0 0 na na
10 59737.507350297740 0.010343393583 cfg1 2 1 0 0 na na
10 59737.511350292712 0.010343561446 cfg1 2 1 0 0 na na
10 59737.519350311179 0.010343876320 cfg1 2 1 0 0 na na
10 59737.529350308214 0.010344284107 cfg1 2 1 0 0 na na
10 59737.535350261133 0.010344536386 cfg1 2 1 0 0 na na
10 59737.537350264357 0.010344610885 cfg1 2 1 0 0 na na
10 59737.583350389078 0.010346454422 cfg1 2 1 0 0 na na
10 59737.592350319201 0.010346837365 cfg1 2 1 0 0 na na
10 59737.616350333196 0.010347789696 cfg1 2 1 0 0 na na
10 59737.678350314401 0.010350321064 cfg1 2 1 0 0 na na
10 59737.679350379303 0.010350358273 cfg1 2 1 0 0 na na
10 59737.683350349121 0.010350501754 cfg1 2 1 0 0 na na
10 59737.688350292390 0.010350727877 cfg1 2 1 0 0 na na
10 59737.718350302058 0.010351927159 cfg1 2 1 0 0 na na
10 59737.740350312843 0.010352817771 cfg1 2 1 0 0 na na
10 59737.756350347007 0.010353463083 cfg1 2 1 0 0 na na
10 59737.763350350723 0.010353766562 cfg1 2 1 0 0 na na
10 59737.766350325951 0.010353878659 cfg1 2 1 0 0 na na
10 59737.783350326164 0.010354556560 cfg1 2 1 0 0 na na
10 59737.803350339647 0.010355376133 cfg1 2 1 0 0 na na
10 59737.812350304180 0.010355747812 cfg1 2 1 0 0 na na
10 59737.815350330572 0.010355861469 cfg1 2 1 0 0 na na
10 59737.847350366897 0.010357141580 cfg1 2 1 0 0 na na
10 59737.851350331741 0.010357321442 cfg1 2 1 0 0 na na
10 59737.874350341975 0.010358235402 cfg1 2 1 0 0 na na
10 59737.879350325143 0.010358446343 cfg1 2 1 0 0 na na
10 59737.888350285758 0.010358813961 cfg1 2 1 0 0 na na
10 59737.924350304092 0.010360260477 cfg1 2 1 0 0 na na
10 59737.933350284302 0.010360647460 cfg1 2 1 0 0 na na
10 59737.941350358909 0.010360955481 cfg1 2 1 0 0 na na
10 59737.951350328172 0.010361377042 cfg1 2 1 0 0 na na
10 59737.967350293980 0.010362000208 cfg1 2 1 0 0 na na
10 59737.990350255161 0.010362943439 cfg1 2 1 0 0 na na
10 59738.006350266961 0.010363603137 cfg1 2 1 0 0 na na
10 59738.054350302853 0.010365546538 cfg1 2 1 0 0 na na
10 59738.056350287819 0.010365606401 cfg1 2 1 0 0 na na
10 59738.062350295997 0.010365862911 cfg1 2 1 0 0 na na
10 59738.108350326086 0.010367710669 cfg1 2 1 0 0 na na
10 59738.112350349704 0.010367882196 cfg1 2 1 0 0 na na
10 59738.116350300880 0.010368046087 cfg1 2 1 0 0 na na
10 59738.196350298722 0.010371295895 cfg1 2 1 0 0 na na
10 59738.208350350435 0.010371765856 cfg1 2 1 0 0 na na
10 59738.238350329248 0.010373001614 cfg1 2 1 0 0 na na
10 59738.253350310630 0.010373603842 cfg1 2 1 0 0 na na
10 59738.264350333922 0.010374030534 cfg1 2 1 0 0 na na
10 59738.271350374218 0.010374313954 cfg1 2 1 0 0 na na
10 59738.290350333230 0.010375096679 cfg1 2 1 0 0 na na
10 59738.293350263527 0.010375222126 cfg1 2 1 0 0 na na
10 59738.322350323278 0.010376398818 cfg1 2 1 0 0 na na
10 59738.386350309657 0.010378987405 cfg1 2 1 0 0 na na
10 59738.447350380214 0.010381455145 cfg1 2 1 0 0 na na
10 59738.453350258441 0.010381699067 cfg1 2 1 0 0 na na
10 59738.497350368487 0.010383481555 cfg1 2 1 0 0 na na
10 59738.516350307329 0.010384267396 cfg1 2 1 0 0 na na
10 59738.557350271255 0.010385916860 cfg1 2 1 0 0 na na
10 59738.578350347825 0.010386766140 cfg1 2 1 0 0 na na
10 59738.598350272877 0.010387574081 cfg1 2 1 0 0 na na
10 59738.607350261164 0.010387955596 cfg1 2 1 0 0 na na
10 59738.630350293827 0.010388871651 cfg1 2 1 0 0 na na
10 59738.644350328732 0.010389430887 cfg1 2 1 0 0 na na
10 59738.661350315496 0.010390126111 cfg1 2 1 0 0 na na
10 59738.684350298581 0.010391077651 cfg1 2 1 0 0 na na
10 59738.722350303906 0.010392591364 cfg1 2 1 0 0 na na
10 59738.737350363637 0.010393210962 cfg1 2 1 0 0 na na
10 59738.738350266278 0.010393240617 cfg1 2 1 0 0 na na
10 59738.828350307101 0.010396904846 cfg1 2 1 0 0 na na
10 59738.829350317697 0.010396941351 cfg1 2 1 0 0 na na
10 59738.832350301411 0.010397068101 cfg1 2 1 0 0 na na
10 59738.846350330103 0.010397646608 cfg1 2 1 0 0 na na
10 59738.873350330247 0.010398719217 cfg1 2 1 0 0 na na
10 59738.877350321026 0.010398900598 cfg1 2 1 0 0 na na
10 59738.930350336936 0.010401026207 cfg1 2 1 0 0 na na
10 59738.950350384609 0.010401845368 cfg1 2 1 0 0 na na
10 59738.951350294930 0.010401880602 cfg1 2 1 0 0 na na
10 59739.003350345724 0.010404006295 cfg1 2 1 0 0 na na
10 59739.052350315413 0.010405983880 cfg1 2 1 0 0 na na
10 59739.079350262455 0.010407074484 cfg1 2 1 0 0 na na
10 59739.087350285710 0.010407413497 cfg1 2 1 0 0 na na
10 59739.115350326835 0.010408533763 cfg1 2 1 0 0 na na
10 59739.152350320357 0.010410034950 cfg1 2 1 0 0 na na
10 59739.228350348290 0.010413132931 cfg1 2 1 0 0 na na
10 59739.230350323868 0.010413199204 cfg1 2 1 0 0 na na
10 59739.269350308649 0.010414778073 cfg1 2 1 0 0 na na
10 59739.290350369381 0.010415629762 cfg1 2 1 0 0 na na
10 59739.330350363838 0.010417268699 cfg1 2 1 0 0 na na
10 59739.350350311234 0.010418082019 cfg1 2 1 0 0 na na
10 59739.368350329498 0.010418805715 cfg1 2 1 0 0 na na
10 59739.484350252197 0.010423524892 cfg1 2 1 0 0 na na
10 59739.514350298959 0.010424733761 cfg1 2 1 0 0 na na
10 59739.686350286734 0.010431707803 cfg1 2 1 0 0 na na
10 59739.692350291331 0.010431967653 cfg1 2 1 0 0 na na
10 59739.711350318863 0.010432736854 cfg1 2 1 0 0 na na
10 59739.723350293050 0.010433213453 cfg1 2 1 0 0 na na
10 59739.733350347896 0.010433622624 cfg1 2 1 0 0 na na
10 59739.735350334215 0.010433700457 cfg1 2 1 0 0 na na
10 59739.747350377240 0.010434188538 cfg1 2 1 0 0 na na
10 59739.754350363254 0.010434468989 cfg1 2 1 0 0 na na
10 59739.826350254794 0.010437397566 cfg1 2 1 0 0 na na
10 59739.837350287872 0.010437862618 cfg1 2 1 0 0 na na
10 59739.866350276947 0.010439038490 cfg1 2 1 0 0 na na
10 59739.902350274756 0.010440493226 cfg1 2 1 0 0 na na
10 59739.980350262660 0.010443670645 cfg1 2 1 0 0 na na
10 59740.058350328054 0.010446822674 cfg1 2 1 0 0 na na
10 59740.062350301605 0.010447000252 cfg1 2 1 0 0 na na
10 59740.083350299984 0.010447842590 cfg1 2 1 0 0 na na
10 59740.092350288278 0.010448198609 cfg1 2 1 0 0 na na
10 59740.126350264704 0.010449577366 cfg1 2 1 0 0 na na
10 59740.182350345274 0.010451872717 cfg1 2 1 0 0 na na
10 59740.205350333010 0.010452800391 cfg1 2 1 0 0 na na
10 59740.208350312306 0.010452925483 cfg1 2 1 0 0 na na
10 59740.247350266471 0.010454490168 cfg1 2 1 0 0 na na
10 59740.296350294939 0.010456488391 cfg1 2 1 0 0 na na
10 59740.309350334409 0.010457010803 cfg1 2 1 0 0 na na
10 59740.375350315305 0.010459720303 cfg1 2 1 0 0 na na
10 59740.389350291402 0.010460261636 cfg1 2 1 0 0 na na
10 59740.396350261375 0.010460550351 cfg1 2 1 0 0 na na
10 59740.475350251146 0.010463774514 cfg1 2 1 0 0 na na
10 59740.514350321511 0.010465362731 cfg1 2 1 0 0 na na
10 59740.535350345038 0.010466221064 cfg1 2 1 0 0 na na
10 59740.553350304650 0.010466937876 cfg1 2 1 0 0 na na
10 59740.567350296296 0.010467524490 cfg1 2 1 0 0 na na
10 59740.643350305655 0.010470613798 cfg1 2 1 0 0 na na
10 59740.681350276185 0.010472135870 cfg1 2 1 0 0 na na
10 59740.720350333838 0.010473741225 cfg1 2 1 0 0 na na
10 59740.733350320808 0.010474246558 cfg1 2 1 0 0 na na
10 59740.760350342399 0.010475350002 cfg1 2 1 0 0 na na
10 59740.828350282231 0.010478116095 cfg1 2 1 0 0 na na
10 59740.871350346327 0.010479884124 cfg1 2 1 0 0 na na
10 59740.877350354524 0.010480104129 cfg1 2 1 0 0 na na
10 59740.890350323418 0.010480659881 cfg1 2 1 0 0 na na
10 59740.921350301829 0.010481913338 cfg1 2 1 0 0 na na
10 59740.939350300179 0.010482652090 cfg1 2 1 0 0 na na
10 59741.008350313122 0.010485450843 cfg1 2 1 0 0 na na
10 59741.038350307129 0.010486661126 cfg1 2 1 0 0 na na
10 59741.085350350574 0.010488586848 cfg1 2 1 0 0 na na
10 59741.089350319433 0.010488744573 cfg1 2 1 0 0 na na
10 59741.100350325926 0.010489176649 cfg1 2 1 0 0 na na
10 59741.131350363156 0.010490459925 cfg1 2 1 0 0 na na
10 59741.134350401387 0.010490559329 cfg1 2 1 0 0 na na
10 59741.141350297344 0.010490851633 cfg1 2 1 0 0 na na
10 59741.158350303798 0.010491558214 cfg1 2 1 0 0 na na
10 59741.170350299981 0.010492048152 cfg1 2 1 0 0 na na
10 59741.198350279455 0.010493169415 cfg1 2 1 0 0 na na
10 59741.208350289901 0.010493578145 cfg1 2 1 0 0 na na
10 59741.236350318471 0.010494720891 cfg1 2 1 0 0 na na
10 59741.241350291632 0.010494927585 cfg1 2 1 0 0 na na
10 59741.283350325699 0.010496634163 cfg1 2 1 0 0 na na
10 59741.405350331259 0.010501603311 cfg1 2 1 0 0 na na
10 59741.420350376056 0.010502203594 cfg1 2 1 0 0 na na
10 59741.434350288307 0.010502797616 cfg1 2 1 0 0 na na
10 59741.468350263821 0.010504152910 cfg1 2 1 0 0 na na
10 59741.524350306460 0.010506455183 cfg1 2 1 0 0 na na
10 59741.550350303447 0.010507498961 cfg1 2 1 0 0 na na
10 59741.584350330498 0.010508888808 cfg1 2 1 0 0 na na
10 59741.601350264802 0.010509577470 cfg1 2 1 0 0 na na
10 59741.614350298121 0.010510115811 cfg1 2 1 0 0 na na
10 59741.653350254430 0.010511708228 cfg1 2 1 0 0 na na
10 59741.671350314592 0.010512444098 cfg1 2 1 0 0 na na
10 59741.716350330292 0.010514265740 cfg1 2 1 0 0 na na
10 59741.724350263102 0.010514578939 cfg1 2 1 0 0 na na
10 59741.736350352779 0.010515071236 cfg1 2 1 0 0 na na
10 59741.751350334679 0.010515682144 cfg1 2 1 0 0 na na
10 59741.770350319931 0.010516473075 cfg1 2 1 0 0 na na
10 59741.791350265040 0.010517306851 cfg1 2 1 0 0 na na
10 59741.815350284378 0.010518282727 cfg1 2 1 0 0 na na
10 59741.816350279171 0.010518324191 cfg1 2 1 0 0 na na
10 59741.829350313706 0.010518864635 cfg1 2 1 0 0 na na
10 59741.841350340799 0.010519364244 cfg1 2 1 0 0 na na
10 59741.856350327293 0.010519958781 cfg1 2 1 0 0 na na
10 59741.859350317036 0.010520083472 cfg1 2 1 0 0 na na
10 59741.865350348952 0.010520324150 cfg1 2 1 0 0 na na
10 59741.875350300986 0.010520747747 cfg1 2 1 0 0 na na
10 59741.887350285384 0.010521230917 cfg1 2 1 0 0 na na
10 59741.889350313596 0.010521322633 cfg1 2 1 0 0 na na
10 59741.907350279337 0.010522051362 cfg1 2 1 0 0 na na
10 59741.920350267932 0.010522566470 cfg1 2 1 0 0 na na
10 59741.940350308288 0.010523387039 cfg1 2 1 0 0 na na
10 59742.010350288183 0.010526247381 cfg1 2 1 0 0 na na
10 59742.039350314174 0.010527422994 cfg1 2 1 0 0 na na
10 59742.040350337524 0.010527465007 cfg1 2 1 0 0 na na
10 59742.086350278905 0.010529329151 cfg1 2 1 0 0 na na
10 59742.137350287795 0.010531424762 cfg1 2 1 0 0 na na
10 59742.147350333442 0.010531817784 cfg1 2 1 0 0 na na
10 59742.187350338295 0.010533445773 cfg1 2 1 0 0 na na
10 59742.240350328290 0.010535622030 cfg1 2 1 0 0 na na
10 59742.246350374075 0.010535859318 cfg1 2 1 0 0 na na
10 59742.247350247459 0.010535904283 cfg1 2 1 0 0 na na
10 59742.254350329140 0.010536196834 cfg1 2 1 0 0 na na
10 59742.308350313505 0.010538396244 cfg1 2 1 0 0 na na
10 59742.311350396600 0.010538510522 cfg1 2 1 0 0 na na
10 59742.317350357560 0.010538757952 cfg1 2 1 0 0 na na
10 59742.399350318759 0.010542081623 cfg1 2 1 0 0 na na
10 59742.418350295679 0.010542860804 cfg1 2 1 0 0 na na
10 59742.428350320175 0.010543266362 cfg1 2 1 0 0 na na
10 59742.515350322151 0.010546811457 cfg1 2 1 0 0 na na
10 59742.535350290020 0.010547642927 cfg1 2 1 0 0 na na
10 59742.544350273512 0.010547991829 cfg1 2 1 0 0 na na
10 59742.558350346228 0.010548583123 cfg1 2 1 0 0 na na
10 59742.647350347016 0.010552218798 cfg1 2 1 0 0 na na
10 59742.675350286317 0.010553358287 cfg1 2 1 0 0 na na
10 59742.689350318745 0.010553906958 cfg1 2 1 0 0 na na
10 59742.696350308068 0.010554217858 cfg1 2 1 0 0 na na
10 59742.758350283716 0.010556720259 cfg1 2 1 0 0 na na
10 59742.807350303098 0.010558738823 cfg1 2 1 0 0 na na
10 59742.870350316853 0.010561296850 cfg1 2 1 0 0 na na
10 59742.889350310973 0.010562084183 cfg1 2 1 0 0 na na
10 59742.896350306497 0.010562368500 cfg1 2 1 0 0 na na
10 59742.963350328564 0.010565093314 cfg1 2 1 0 0 na na
10 59743.015350283519 0.010567222385 cfg1 2 1 0 0 na na
10 59743.130350276326 0.010571917863 cfg1 2 1 0 0 na na
10 59743.153350249849 0.010572852521 cfg1 2 1 0 0 na na
10 59743.170350279146 0.010573541862 cfg1 2 1 0 0 na na
10 59743.179350309495 0.010573907526 cfg1 2 1 0 0 na na
10 59743.189350353333 0.010574316711 cfg1 2 1 0 0 na na
10 59743.191350326536 0.010574415089 cfg1 2 1 0 0 na na
10 59743.250350299977 0.010576801683 cfg1 2 1 0 0 na na
10 59743.291350283352 0.010578467089 cfg1 2 1 0 0 na na
10 59743.326350329543 0.010579901831 cfg1 2 1 0 0 na na
10 59743.327350304202 0.010579961983 cfg1 2 1 0 0 na na
10 59743.351350304880 0.010580922163 cfg1 2 1 0 0 na na
10 59743.363350314902 0.010581418832 cfg1 2 1 0 0 na na
10 59743.367350305262 0.010581578218 cfg1 2 1 0 0 na na
10 59743.380350335658 0.010582110494 cfg1 2 1 0 0 na na
10 59743.396350285358 0.010582780192 cfg1 2 1 0 0 na na
10 59743.448350339146 0.010584906070 cfg1 2 1 0 0 na na
10 59743.459350293886 0.010585331585 cfg1 2 1 0 0 na na
10 59743.461350338130 0.010585410533 cfg1 2 1 0 0 na na
10 59743.469350343626 0.010585735972 cfg1 2 1 0 0 na na
10 59743.474350310456 0.010585947416 cfg1 2 1 0 0 na na
10 59743.522350331594 0.010587916424 cfg1 2 1 0 0 na na
10 59743.609350304266 0.010591456764 cfg1 2 1 0 0 na na
10 59743.666350256768 0.010593784974 cfg1 2 1 0 0 na na
10 59743.722350298626 0.010596084365 cfg1 2 1 0 0 na na
10 59743.766350344401 0.010597870254 cfg1 2 1 0 0 na na
10 59743.774350304368 0.010598192457 cfg1 2 1 0 0 na na
10 59743.844350329839 0.010601049774 cfg1 2 1 0 0 na na
10 59743.864350287353 0.010601877536 cfg1 2 1 0 0 na na
10 59743.866350296354 0.010601959829 cfg1 2 1 0 0 na na
10 59743.885350310376 0.010602739417 cfg1 2 1 0 0 na na
10 59743.920350356339 0.010604162015 cfg1 2 1 0 0 na na
10 59743.942350358652 0.010605079902 cfg1 2 1 0 0 na na
10 59743.997350326890 0.010607308942 cfg1 2 1 0 0 na na
10 59744.002350302890 0.010607517459 cfg1 2 1 0 0 na na
10 59744.012350333210 0.010607923048 cfg1 2 1 0 0 na na
10 59744.047350330538 0.010609367717 cfg1 2 1 0 0 na na
10 59744.053350323111 0.010609589825 cfg1 2 1 0 0 na na
10 59744.056350270128 0.010609721185 cfg1 2 1 0 0 na na
10 59744.094350330994 0.010611271635 cfg1 2 1 0 0 na na
10 59744.159350315345 0.010613939957 cfg1 2 1 0 0 na na
10 59744.194350309569 0.010615362005 cfg1 2 1 0 0 na na
10 59744.203350282194 0.010615722679 cfg1 2 1 0 0 na na
10 59744.216350266522 0.010616267262 cfg1 2 1 0 0 na na
10 59744.253350313708 0.010617782165 cfg1 2 1 0 0 na na
10 59744.259350312699 0.010618033129 cfg1 2 1 0 0 na na
10 59744.298350311356 0.010619609853 cfg1 2 1 0 0 na na
10 59744.318350335954 0.010620441763 cfg1 2 1 0 0 na na
10 59744.330350329306 0.010620936215 cfg1 2 1 0 0 na na
10 59744.333350296229 0.010621060162 cfg1 2 1 0 0 na na
10 59744.378350351794 0.010622892471 cfg1 2 1 0 0 na na
10 59744.406350327199 0.010624025073 cfg1 2 1 0 0 na na
10 59744.420350301097 0.010624592912 cfg1 2 1 0 0 na na
10 59744.517350298416 0.010628581897 cfg1 2 1 0 0 na na
10 59744.539350322122 0.010629483918 cfg1 2 1 0 0 na na
10 59744.615350340855 0.010632576298 cfg1 2 1 0 0 na na
10 59744.619350304504 0.010632748233 cfg1 2 1 0 0 na na
10 59744.649350289901 0.010633979892 cfg1 2 1 0 0 na na
10 59744.671350304838 0.010634858000 cfg1 2 1 0 0 na na
10 59744.686350276839 0.010635485074 cfg1 2 1 0 0 na na
10 59744.688350349965 0.010635568591 cfg1 2 1 0 0 na na
10 59744.703350325283 0.010636167351 cfg1 2 1 0 0 na na
10 59744.763350361954 0.010638619595 cfg1 2 1 0 0 na na
10 59744.777350319713 0.010639191097 cfg1 2 1 0 0 na na
10 59744.855350305259 0.010642382885 cfg1 2 1 0 0 na na
10 59744.861350338233 0.010642654536 cfg1 2 1 0 0 na na
10 59744.943350391562 0.010645988919 cfg1 2 1 0 0 na na
10 59744.946350331531 0.010646111306 cfg1 2 1 0 0 na na
10 59744.979350348151 0.010647462960 cfg1 2 1 0 0 na na
10 59744.989350335319 0.010647892313 cfg1 2 1 0 0 na na
10 59745.033350299290 0.010649674544 cfg1 2 1 0 0 na na
10 59745.065350325435 0.010650992226 cfg1 2 1 0 0 na na
10 59745.085350351195 0.010651815520 cfg1 2 1 0 0 na na
10 59745.092350264164 0.010652082671 cfg1 2 1 0 0 na na
10 59745.120350271128 0.010653224261 cfg1 2 1 0 0 na na
10 59745.145350305530 0.010654266009 cfg1 2 1 0 0 na na
10 59745.159350273043 0.010654845096 cfg1 2 1 0 0 na na
10 59745.162350246207 0.010654965523 cfg1 2 1 0 0 na na
10 59745.164350310659 0.010655028403 cfg1 2 1 0 0 na na
10 59745.165350327879 0.010655070664 cfg1 2 1 0 0 na na
10 59745.187350324531 0.010655970995 cfg1 2 1 0 0 na na
10 59745.244350312266 0.010658327720 cfg1 2 1 0 0 na na
10 59745.359350327149 0.010663031960 cfg1 2 1 0 0 na na
10 59745.361350363577 0.010663090850 cfg1 2 1 0 0 na na
10 59745.418350328589 0.010665434211 cfg1 2 1 0 0 na na
10 59745.422350355381 0.010665604236 cfg1 2 1 0 0 na na
10 59745.457350300216 0.010667030183 cfg1 2 1 0 0 na na
10 59745.459350317115 0.010667112267 cfg1 2 1 0 0 na na
10 59745.475350353441 0.010667762096 cfg1 2 1 0 0 na na
10 59745.500350320867 0.010668782413 cfg1 2 1 0 0 na na
10 59745.549350317119 0.010670808728 cfg1 2 1 0 0 na na
10 59745.563350330441 0.010671366579 cfg1 2 1 0 0 na na
10 59745.643350340759 0.010674663307 cfg1 2 1 0 0 na na
10 59745.654350326164 0.010675101229 cfg1 2 1 0 0 na na
10 59745.675350321717 0.010675948142 cfg1 2 1 0 0 na na
10 59745.692350307399 0.010676663433 cfg1 2 1 0 0 na na
10 59745.699350251087 0.010676953751 cfg1 2 1 0 0 na na
10 59745.785350300878 0.010680467219 cfg1 2 1 0 0 na na
10 59745.789350335816 0.010680638141 cfg1 2 1 0 0 na na
10 59745.803350261467 0.010681196569 cfg1 2 1 0 0 na na
10 59745.829350256932 0.010682265165 cfg1 2 1 0 0 na na
10 59745.832350322901 0.010682380022 cfg1 2 1 0 0 na na
10 59745.834350371000 0.010682463126 cfg1 2 1 0 0 na na
10 59745.891350331720 0.010684798266 cfg1 2 1 0 0 na na
10 59745.913350288554 0.010685707896 cfg1 2 1 0 0 na na
10 59745.923350295659 0.010686107020 cfg1 2 1 0 0 na na
10 59745.945350430861 0.010687034612 cfg1 2 1 0 0 na na
10 59746.003350307171 0.010689383832 cfg1 2 1 0 0 na na
10 59746.045350328506 0.010691121209 cfg1 2 1 0 0 na na
10 59746.091350333086 0.010692995791 cfg1 2 1 0 0 na na
10 59746.113350339556 0.010693893143 cfg1 2 1 0 0 na na
10 59746.132350323419 0.010694680956 cfg1 2 1 0 0 na na
10 59746.158350330140 0.010695736306 cfg1 2 1 0 0 na na
10 59746.239350317529 0.010699067396 cfg1 2 1 0 0 na na
10 59746.298350319167 0.010701480174 cfg1 2 1 0 0 na na
10 59746.355350306722 0.010703822862 cfg1 2 1 0 0 na na
10 59746.437350330806 0.010707202142 cfg1 2 1 0 0 na na
10 59746.442350345911 0.010707404995 cfg1 2 1 0 0 na na
10 59746.522350363959 0.010710683440 cfg1 2 1 0 0 na na
10 59746.561350309332 0.010712265998 cfg1 2 1 0 0 na na
10 59746.571350311857 0.010712686951 cfg1 2 1 0 0 na na
10 59746.583350343743 0.010713173600 cfg1 2 1 0 0 na na
10 59746.593350367960 0.010713587941 cfg1 2 1 0 0 na na
10 59746.660350339981 0.010716335271 cfg1 2 1 0 0 na na
10 59746.669350335438 0.010716691040 cfg1 2 1 0 0 na na
10 59746.688350345189 0.010717480494 cfg1 2 1 0 0 na na
10 59746.704350267504 0.010718134155 cfg1 2 1 0 0 na na
10 59746.721350327774 0.010718840671 cfg1 2 1 0 0 na na
10 59746.740350289438 0.010719606850 cfg1 2 1 0 0 na na
10 59746.757350340481 0.010720322074 cfg1 2 1 0 0 na na
10 59746.786350344383 0.010721500245 cfg1 2 1 0 0 na na
10 59746.839350301148 0.010723662094 cfg1 2 1 0 0 na na
10 59746.918350327714 0.010726926038 cfg1 2 1 0 0 na na
10 59746.922350316253 0.010727066923 cfg1 2 1 0 0 na na
10 59747.007350342122 0.010730553109 cfg1 2 1 0 0 na na
10 59747.163350337061 0.010736966767 cfg1 2 1 0 0 na na
10 59747.171350355014 0.010737297577 cfg1 2 1 0 0 na na
10 59747.222350337900 0.010739402859 cfg1 2 1 0 0 na na
10 59747.351350317848 0.010744687816 cfg1 2 1 0 0 na na
10 59747.378350298810 0.010745780862 cfg1 2 1 0 0 na na
10 59747.423350268729 0.010747628771 cfg1 2 1 0 0 na na
10 59747.469350367694 0.010749528315 cfg1 2 1 0 0 na na
10 59747.489350281128 0.010750356006 cfg1 2 1 0 0 na na
10 59747.510350319933 0.010751222052 cfg1 2 1 0 0 na na
10 59747.573350260120 0.010753791860 cfg1 2 1 0 0 na na
10 59747.601350336727 0.010754943321 cfg1 2 1 0 0 na na
10 59747.602350322774 0.010754991591 cfg1 2 1 0 0 na na
10 59747.630350291068 0.010756139617 cfg1 2 1 0 0 na na
10 59747.633350292328 0.010756260891 cfg1 2 1 0 0 na na
10 59747.644350328241 0.010756714595 cfg1 2 1 0 0 na na
10 59747.713350307816 0.010759555778 cfg1 2 1 0 0 na na
10 59747.730350342644 0.010760246733 cfg1 2 1 0 0 na na
10 59747.738350318353 0.010760568548 cfg1 2 1 0 0 na na
10 59747.774350304493 0.010762054041 cfg1 2 1 0 0 na na
10 59747.806350258013 0.010763367211 cfg1 2 1 0 0 na na
10 59747.815350313164 0.010763751744 cfg1 2 1 0 0 na na
10 59747.836350330207 0.010764613464 cfg1 2 1 0 0 na na
10 59747.848350355118 0.010765096925 cfg1 2 1 0 0 na na
10 59747.932350339534 0.010768544856 cfg1 2 1 0 0 na na
10 59747.957350280462 0.010769571989 cfg1 2 2 0 0 na na
10 59747.992350340158 0.010771021547 cfg1 2 1 0 0 na na
10 59747.996350325097 0.010771174395 cfg1 2 2 0 0 na na
10 59748.026350316474 0.010772407123 cfg1 2 2 0 0 na na
10 59748.056350339934 0.010773628484 cfg1 2 1 0 0 na na
10 59748.070350256162 0.010774210967 cfg1 2 1 0 0 na na
10 59748.121350302949 0.010776310995 cfg1 2 2 0 0 na na
10 59748.179350260862 0.010778686068 cfg1 2 1 0 0 na na
10 59748.187350267210 0.010779038080 cfg1 2 1 0 0 na na
10 59748.207350284379 0.010779846562 cfg1 2 1 0 0 na na
10 59748.245350294027 0.010781407280 cfg1 2 2 0 0 na na
10 59748.341350303236 0.010785367075 cfg1 2 1 0 0 na na
10 59748.476350326752 0.010790921517 cfg1 2 1 0 0 na na
10 59748.502350339734 0.010791972534 cfg1 2 1 0 0 na na
10 59748.526350365302 0.010792959380 cfg1 2 2 0 0 na na
10 59748.548350300127 0.010793878891 cfg1 2 1 0 0 na na
10 59748.625350346276 0.010797030431 cfg1 2 2 0 0 na na
10 59748.642350321293 0.010797729492 cfg1 2 2 0 0 na na
10 59748.718350320653 0.010800849407 cfg1 2 1 0 0 na na
10 59748.726350319482 0.010801184159 cfg1 2 2 0 0 na na
10 59748.729350287240 0.010801307641 cfg1 2 2 0 0 na na
10 59748.732350284326 0.010801430878 cfg1 2 2 0 0 na na
10 59748.759350339912 0.010802558977 cfg1 2 1 0 0 na na
10 59748.776350316281 0.010803249554 cfg1 2 1 0 0 na na
10 59748.830350335040 0.010805463126 cfg1 2 1 0 0 na na
10 59748.840350310213 0.010805873275 cfg1 2 2 0 0 na na
10 59748.861350262168 0.010806729770 cfg1 2 1 0 0 na na
10 59748.878350329324 0.010807453875 cfg1 2 1 0 0 na na
10 59748.895350319095 0.010808135873 cfg1 2 2 0 0 na na
10 59748.897350358709 0.010808218140 cfg1 2 2 0 0 na na
10 59748.910350351035 0.010808752930 cfg1 2 2 0 0 na na
10 59748.918350352928 0.010809082163 cfg1 2 1 0 0 na na
10 59749.001350395623 0.010812496803 cfg1 2 2 0 0 na na
10 59749.033350287645 0.010813807108 cfg1 2 1 0 0 na na
10 59749.243350326593 0.010822448779 cfg1 2 1 0 0 na na
10 59749.263350271526 0.010823288452 cfg1 2 1 0 0 na na
10 59749.284350370356 0.010824136092 cfg1 2 1 0 0 na na
10 59749.338350303981 0.010826365698 cfg1 2 2 0 0 na na
10 59749.368350369812 0.010827605460 cfg1 2 1 0 0 na na
10 59749.375350296396 0.010827890250 cfg1 2 1 0 0 na na
10 59749.402350292144 0.010829000215 cfg1 2 2 0 0 na na
10 59749.486350263469 0.010832455522 cfg1 2 1 0 0 na na
10 59749.509350295342 0.010833398135 cfg1 2 1 0 0 na na
10 59749.534350339303 0.010834434689 cfg1 2 2 0 0 na na
10 59749.683350276955 0.010840570116 cfg1 2 2 0 0 na na
10 59749.721350259027 0.010842132943 cfg1 2 1 0 0 na na
10 59749.725350324248 0.010842299902 cfg1 2 2 0 0 na na
10 59749.741350288189 0.010842972975 cfg1 2 1 0 0 na na
10 59749.770350338244 0.010844155783 cfg1 2 1 0 0 na na
10 59749.773350279073 0.010844276752 cfg1 2 2 0 0 na na
10 59749.803350306731 0.010845500978 cfg1 2 1 0 0 na na
10 59749.836350336404 0.010846871623 cfg1 2 2 0 0 na na
10 59749.837350319390 0.010846912853 cfg1 2 2 0 0 na na
10 59749.902350326860 0.010849589557 cfg1 2 1 0 0 na na
10 59749.903350277747 0.010849628578 cfg1 2 1 0 0 na na
10 59749.949350329781 0.010851516913 cfg1 2 1 0 0 na na
10 59749.964350285137 0.010852150018 cfg1 2 1 0 0 na na
10 59749.992350312016 0.010853298606 cfg1 2 1 0 0 na na
10 59750.041350311044 0.010855323234 cfg1 2 1 0 0 na na
10 59750.044350292371 0.010855440494 cfg1 2 2 0 0 na na
10 59750.060350326044 0.010856099607 cfg1 2 2 0 0 na na
10 59750.105350345648 0.010857953743 cfg1 2 2 0 0 na na
10 59750.111350306540 0.010858201083 cfg1 2 2 0 0 na na
10 59750.133350359842 0.010859107517 cfg1 2 2 0 0 na na
10 59750.157350354152 0.010860108810 cfg1 2 1 0 0 na na
10 59750.175350292632 0.010860856076 cfg1 2 1 0 0 na na
10 59750.187350349649 0.010861331277 cfg1 2 1 0 0 na na
10 59750.194350316504 0.010861620236 cfg1 2 1 0 0 na na
10 59750.202350338200 0.010861951560 cfg1 2 1 0 0 na na
10 59750.216350247448 0.010862534478 cfg1 2 1 0 0 na na
10 59750.238350318942 0.010863445528 cfg1 2 1 0 0 na na
10 59750.239350353335 0.010863475742 cfg1 2 2 0 0 na na
10 59750.247350314771 0.010863805399 cfg1 2 2 0 0 na na
10 59750.258350338420 0.010864258695 cfg1 2 2 0 0 na na
10 59750.266350357495 0.010864599387 cfg1 2 1 0 0 na na
10 59750.275350348271 0.010864959316 cfg1 2 2 0 0 na na
10 59750.280350338602 0.010865165376 cfg1 2 2 0 0 na na
10 59750.288350309403 0.010865489165 cfg1 2 1 0 0 na na
10 59750.294350270769 0.010865742464 cfg1 2 2 0 0 na na
10 59750.300350324467 0.010865978661 cfg1 2 1 0 0 na na
10 59750.318350298087 0.010866731557 cfg1 2 2 0 0 na na
10 59750.326350298573 0.010867061331 cfg1 2 2 0 0 na na
10 59750.328350258168 0.010867138653 cfg1 2 1 0 0 na na
10 59750.353350362617 0.010868167635 cfg1 2 1 0 0 na na
10 59750.396350328109 0.010869946639 cfg1 2 2 0 0 na na
10 59750.404350325429 0.010870276419 cfg1 2 2 0 0 na na
10 59750.405350310867 0.010870317616 cfg1 2 2 0 0 na na
10 59750.463350321614 0.010872709032 cfg1 2 1 0 0 na na
10 59750.584350347046 0.010877706212 cfg1 2 1 0 0 na na
10 59750.607350257448 0.010878645413 cfg1 2 2 0 0 na na
10 59750.629350281238 0.010879564882 cfg1 2 1 0 0 na na
10 59750.660350338602 0.010880844840 cfg1 2 1 0 0 na na
10 59750.673350285790 0.010881356213 cfg1 2 1 0 0 na na
10 59750.711350298477 0.010882944749 cfg1 2 1 0 0 na na
10 59750.713350349253 0.010883009243 cfg1 2 1 0 0 na na
10 59750.720350340760 0.010883296906 cfg1 2 1 0 0 na na
10 59750.725350331303 0.010883519407 cfg1 2 1 0 0 na na
10 59750.742350339193 0.010884203006 cfg1 2 1 0 0 na na
10 59750.795350288336 0.010886412654 cfg1 2 1 0 0 na na
10 59750.822350319857 0.010887501832 cfg1 2 1 0 0 na na
10 59750.924350331143 0.010891721613 cfg1 2 1 0 0 na na
10 59750.932350325325 0.010892063765 cfg1 2 1 0 0 na na
10 59750.939350290360 0.010892330611 cfg1 2 1 0 0 na na
10 59750.976350339384 0.010893868560 cfg1 2 1 0 0 na na
10 59751.046350330503 0.010896757942 cfg1 2 1 0 0 na na
10 59751.048350412795 0.010896823926 cfg1 2 1 0 0 na na
10 59751.082350398326 0.010898226177 cfg1 2 1 0 0 na na
10 59751.117350287663 0.010899692406 cfg1 2 1 0 0 na na
10 59751.125350343613 0.010900004261 cfg1 2 1 0 0 na na
10 59751.141350350712 0.010900659498 cfg1 2 1 0 0 na na
10 59751.154350309256 0.010901217735 cfg1 2 1 0 0 na na
10 59751.171350250027 0.010901912230 cfg1 2 1 0 0 na na
10 59751.174350306477 0.010902041217 cfg1 2 1 0 0 na na
10 59751.178350291779 0.010902200336 cfg1 2 1 0 0 na na
10 59751.202350379153 0.010903182106 cfg1 2 1 0 0 na na
10 59751.218350298800 0.010903842112 cfg1 2 1 0 0 na na
10 59751.229350276739 0.010904293819 cfg1 2 1 0 0 na na
10 59751.234350295927 0.010904502085 cfg1 2 1 0 0 na na
10 59751.371350328303 0.010910156012 cfg1 2 1 0 0 na na
10 59751.382350317774 0.010910633372 cfg1 2 1 0 0 na na
10 59751.450350302167 0.010913440568 cfg1 2 1 0 0 na na
10 59751.458350269339 0.010913741828 cfg1 2 1 0 0 na na
10 59751.466350313127 0.010914086575 cfg1 2 1 0 0 na na
10 59751.476350319072 0.010914484638 cfg1 2 1 0 0 na na
10 59751.479350342651 0.010914621390 cfg1 2 1 0 0 na na
10 59751.494350285076 0.010915242350 cfg1 2 1 0 0 na na
10 59751.504350320771 0.010915660934 cfg1 2 1 0 0 na na
10 59751.508350351665 0.010915835185 cfg1 2 1 0 0 na na
10 59751.511350253810 0.010915938122 cfg1 2 1 0 0 na na
10 59751.519350299242 0.010916273010 cfg1 2 1 0 0 na na
10 59751.522350313300 0.010916410543 cfg1 2 1 0 0 na na
10 59751.523350283261 0.010916447712 cfg1 2 1 0 0 na na
10 59751.596350257851 0.010919444376 cfg1 2 1 0 0 na na
10 59751.619350321129 0.010920402575 cfg1 2 1 0 0 na na
10 59751.692350356911 0.010923426845 cfg1 2 1 0 0 na na
10 59751.706350310389 0.010923996131 cfg1 2 1 0 0 na na
10 59751.717350327925 0.010924457749 cfg1 2 1 0 0 na na
10 59751.788350359593 0.010927379464 cfg1 2 1 0 0 na na
10 59751.790350327091 0.010927472500 cfg1 2 1 0 0 na na
10 59751.797350320103 0.010927767076 cfg1 2 1 0 0 na na
10 59751.822350337493 0.010928794376 cfg1 2 1 0 0 na na
10 59751.941350361565 0.010933695867 cfg1 2 1 0 0 na na
10 59751.953350290275 0.010934207640 cfg1 2 1 0 0 na na
10 59751.974350325348 0.010935052392 cfg1 2 1 0 0 na na
10 59751.982350342411 0.010935397914 cfg1 2 1 0 0 na na
10 59752.048350323403 0.010938123024 cfg1 2 1 0 0 na na
10 59752.064350333003 0.010938772938 cfg1 2 1 0 0 na na
10 59752.136350321968 0.010941752776 cfg1 2 1 0 0 na na
10 59752.167350318866 0.010943034942 cfg1 2 1 0 0 na na
10 59752.177350316127 0.010943461072 cfg1 2 1 0 0 na na
10 59752.411350306888 0.010953129486 cfg1 2 1 0 0 na na
10 59752.425350323832 0.010953701256 cfg1 2 1 0 0 na na
10 59752.463350304900 0.010955261670 cfg1 2 1 0 0 na na
10 59752.473350311028 0.010955690794 cfg1 2 1 0 0 na na
10 59752.519350310153 0.010957570754 cfg1 2 1 0 0 na na
10 59752.567350276777 0.010959562697 cfg1 2 2 0 0 na na
10 59752.578350276408 0.010960024673 cfg1 2 1 0 0 na na
10 59752.594350264310 0.010960667540 cfg1 2 1 0 0 na na
10 59752.599350292127 0.010960886044 cfg1 2 1 0 0 na na
10 59752.646350336137 0.010962833093 cfg1 2 1 0 0 na na
10 59752.753350283480 0.010967266678 cfg1 2 1 0 0 na na
10 59752.762350346613 0.010967615246 cfg1 2 1 0 0 na na
10 59752.764350347078 0.010967698799 cfg1 2 1 0 0 na na
10 59752.766350322085 0.010967789696 cfg1 2 2 0 0 na na
10 59752.862350272521 0.010971775044 cfg1 2 1 0 0 na na
10 59752.887350369232 0.010972792995 cfg1 2 2 0 0 na na
10 59752.902350331878 0.010973401797 cfg1 2 1 0 0 na na
10 59752.961350298371 0.010975853272 cfg1 2 2 0 0 na na
10 59753.102350308518 0.010981673719 cfg1 2 1 0 0 na na
10 59753.115350339806 0.010982222883 cfg1 2 2 0 0 na na
10 59753.130350320932 0.010982859426 cfg1 2 1 0 0 na na
10 59753.152350366520 0.010983753531 cfg1 2 2 0 0 na na
10 59753.173350310557 0.010984640259 cfg1 2 1 0 0 na na
10 59753.220350318902 0.010986569049 cfg1 2 1 0 0 na na
10 59753.262350332101 0.010988304082 cfg1 2 2 0 0 na na
10 59753.332350345510 0.010991200249 cfg1 2 1 0 0 na na
10 59753.353350337517 0.010992069242 cfg1 2 2 0 0 na na
10 59753.408350281197 0.010994346107 cfg1 2 1 0 0 na na
10 59753.438350292236 0.010995602404 cfg1 2 1 0 0 na na
10 59753.473350318290 0.010997024410 cfg1 2 1 0 0 na na
10 59753.533350344120 0.010999519032 cfg1 2 1 0 0 na na
10 59753.553350332310 0.011000337412 cfg1 2 1 0 0 na na
10 59753.582350334997 0.011001546062 cfg1 2 2 0 0 na na
10 59753.610350295072 0.011002705026 cfg1 2 2 0 0 na na
10 59753.653350299546 0.011004498815 cfg1 2 1 0 0 na na
10 59753.654350281074 0.011004541932 cfg1 2 1 0 0 na na
10 59753.655350326859 0.011004567613 cfg1 2 2 0 0 na na
10 59753.664350316965 0.011004940143 cfg1 2 2 0 0 na na
10 59753.773350334025 0.011009452363 cfg1 2 2 0 0 na na
10 59753.794350311216 0.011010321827 cfg1 2 2 0 0 na na
10 59753.796350353505 0.011010416737 cfg1 2 1 0 0 na na
10 59753.800350296354 0.011010573472 cfg1 2 1 0 0 na na
10 59753.815350286033 0.011011184287 cfg1 2 1 0 0 na na
10 59753.860350378132 0.011013054368 cfg1 2 2 0 0 na na
10 59753.864350358123 0.011013219924 cfg1 2 2 0 0 na na
10 59753.892350314943 0.011014379290 cfg1 2 2 0 0 na na
10 59753.938350282925 0.011016302293 cfg1 2 1 0 0 na na
10 59753.958350344837 0.011017112166 cfg1 2 2 0 0 na na
10 59753.964350328996 0.011017360564 cfg1 2 2 0 0 na na
10 59753.988350309781 0.011018343408 cfg1 2 1 0 0 na na
10 59754.026350339834 0.011019928054 cfg1 2 2 0 0 na na
10 59754.039350303932 0.011020478603 cfg1 2 1 0 0 na na
10 59754.069350331821 0.011021708839 cfg1 2 2 0 0 na na
10 59754.071350256847 0.011021791668 cfg1 2 2 0 0 na na
10 59754.081350323647 0.011022217228 cfg1 2 1 0 0 na na
10 59754.140350334461 0.011024649414 cfg1 2 2 0 0 na na
10 59754.141350311551 0.011024690806 cfg1 2 2 0 0 na na
10 59754.144350270890 0.011024815066 cfg1 2 2 0 0 na na
10 59754.148350323172 0.011024983601 cfg1 2 1 0 0 na na
10 59754.160350329163 0.011025475037 cfg1 2 1 0 0 na na
10 59754.260350329174 0.011029623299 cfg1 2 1 0 0 na na
10 59754.331350275017 0.011032577757 cfg1 2 1 0 0 na na
10 59754.382350339061 0.011034673021 cfg1 2 1 0 0 na na
10 59754.406350296785 0.011035662288 cfg1 2 1 0 0 na na
10 59754.460350325062 0.011037920449 cfg1 2 1 0 0 na na
10 59754.466350349025 0.011038152106 cfg1 2 1 0 0 na na
10 59754.473350335876 0.011038444541 cfg1 2 2 0 0 na na
10 59754.483350334516 0.011038871343 cfg1 2 1 0 0 na na
10 59754.510350294096 0.011039979921 cfg1 2 1 0 0 na na
10 59754.532350330103 0.011040907552 cfg1 2 1 0 0 na na
10 59754.652350339019 0.011045880643 cfg1 2 1 0 0 na na
10 59754.703350341900 0.011047972258 cfg1 2 1 0 0 na na
10 59754.714350349809 0.011048443316 cfg1 2 1 0 0 na na
10 59754.733350360748 0.011049213964 cfg1 2 1 0 0 na na
10 59754.736350307500 0.011049353559 cfg1 2 1 0 0 na na
10 59754.768350318487 0.011050669313 cfg1 2 1 0 0 na na
10 59754.813350257408 0.011052537710 cfg1 2 1 0 0 na na
10 59754.825350319941 0.011053032987 cfg1 2 2 0 0 na na
10 59754.843350305163 0.011053793906 cfg1 2 1 0 0 na na
10 59754.882350274984 0.011055387954 cfg1 2 1 0 0 na na
10 59754.904350326902 0.011056299462 cfg1 2 1 0 0 na na
10 59754.917350290017 0.011056839869 cfg1 2 1 0 0 na na
10 59754.927350388991 0.011057251320 cfg1 2 1 0 0 na na
10 59754.963350309104 0.011058768873 cfg1 2 1 0 0 na na
10 59755.043350303478 0.011062083179 cfg1 2 1 0 0 na na
10 59755.047350316500 0.011062250782 cfg1 2 1 0 0 na na
10 59755.049350306550 0.011062333440 cfg1 2 1 0 0 na na
10 59755.085350404488 0.011063816736 cfg1 2 1 0 0 na na
10 59755.106350300277 0.011064683475 cfg1 2 2 0 0 na na
10 59755.178350325395 0.011067669701 cfg1 2 1 0 0 na na
10 59755.187350358658 0.011068038754 cfg1 2 1 0 0 na na
10 59755.211350338900 0.011069037958 cfg1 2 2 0 0 na na
10 59755.289350350291 0.011072268949 cfg1 2 1 0 0 na na
10 59755.342350344691 0.011074488030 cfg1 2 1 0 0 na na
10 59755.344350296069 0.011074559104 cfg1 2 1 0 0 na na
10 59755.391350343262 0.011076495818 cfg1 2 1 0 0 na na
10 59755.464350370434 0.011079541144 cfg1 2 1 0 0 na na
10 59755.520350322365 0.011081855657 cfg1 2 2 0 0 na na
10 59755.522350303640 0.011081936768 cfg1 2 1 0 0 na na
10 59755.528350330487 0.011082176299 cfg1 2 1 0 0 na na
10 59755.535350315994 0.011082487882 cfg1 2 1 0 0 na na
10 59755.545350335545 0.011082892753 cfg1 2 2 0 0 na na
10 59755.550350319821 0.011083100163 cfg1 2 2 0 0 na na
10 59755.554350304480 0.011083262884 cfg1 2 1 0 0 na na
10 59755.566350325328 0.011083769082 cfg1 2 1 0 0 na na
10 59755.600350331469 0.011085185558 cfg1 2 1 0 0 na na
10 59755.632350273529 0.011086502698 cfg1 2 2 0 0 na na
10 59755.667350309318 0.011087954943 cfg1 2 2 0 0 na na
10 59755.702350374149 0.011089407581 cfg1 2 2 0 0 na na
10 59755.722350303340 0.011090237325 cfg1 2 2 0 0 na na
10 59755.751350333828 0.011091452967 cfg1 2 1 0 0 na na
10 59755.793350340242 0.011093194068 cfg1 2 1 0 0 na na
10 59755.826350331038 0.011094544521 cfg1 2 1 0 0 na na
10 59755.839350322878 0.011095104251 cfg1 2 1 0 0 na na
10 59755.843350376442 0.011095264036 cfg1 2 1 0 0 na na
10 59755.844350321109 0.011095293463 cfg1 2 1 0 0 na na
10 59755.847350351086 0.011095424576 cfg1 2 1 0 0 na na
10 59755.852350377684 0.011095626679 cfg1 2 1 0 0 na na
10 59755.864350341390 0.011096129134 cfg1 2 1 0 0 na na
10 59755.871350326051 0.011096418500 cfg1 2 1 0 0 na na
10 59755.904350338074 0.011097780834 cfg1 2 1 0 0 na na
10 59755.908350337789 0.011097948806 cfg1 2 1 0 0 na na
10 59755.933350291569 0.011098994795 cfg1 2 2 0 0 na na
10 59755.946350361524 0.011099537846 cfg1 2 1 0 0 na na
10 59755.959350317413 0.011100068804 cfg1 2 1 0 0 na na
10 59756.013350340620 0.011102306070 cfg1 2 1 0 0 na na
10 59756.038350352947 0.011103358662 cfg1 2 1 0 0 na na
10 59756.063350322070 0.011104393968 cfg1 2 1 0 0 na na
10 59756.067350323466 0.011104557561 cfg1 2 2 0 0 na na
10 59756.084350368975 0.011105267308 cfg1 2 1 0 0 na na
10 59756.099350295084 0.011105886159 cfg1 2 2 0 0 na na
10 59756.155350320766 0.011108199977 cfg1 2 1 0 0 na na
10 59756.188350317560 0.011109581732 cfg1 2 1 0 0 na na
10 59756.190350334088 0.011109679353 cfg1 2 1 0 0 na na
10 59756.203350289171 0.011110209718 cfg1 2 1 0 0 na na
10 59756.211350368103 0.011110552524 cfg1 2 1 0 0 na na
10 59756.303350264336 0.011114347595 cfg1 2 1 0 0 na na
10 59756.328350273226 0.011115390210 cfg1 2 1 0 0 na na
10 59756.367350335991 0.011117013692 cfg1 2 1 0 0 na na
10 59756.371350310461 0.011117192922 cfg1 2 1 0 0 na na
10 59756.423350359778 0.011119356975 cfg1 2 1 0 0 na na
10 59756.428350345523 0.011119544301 cfg1 2 1 0 0 na na
10 59756.447350331491 0.011120338764 cfg1 2 1 0 0 na na
10 59756.449350353183 0.011120411213 cfg1 2 1 0 0 na na
10 59756.533350338808 0.011123901347 cfg1 2 1 0 0 na na
10 59756.566350313228 0.011125268971 cfg1 2 1 0 0 na na
10 59756.608350298316 0.011127021661 cfg1 2 1 0 0 na na
10 59756.644350260626 0.011128516250 cfg1 2 1 0 0 na na
10 59756.667350291375 0.011129474595 cfg1 2 1 0 0 na na
10 59756.710350361335 0.011131275906 cfg1 2 1 0 0 na na
10 59756.766350399930 0.011133604819 cfg1 2 1 0 0 na na
10 59756.789350356334 0.011134563116 cfg1 2 1 0 0 na na
10 59756.811350287331 0.011135478060 cfg1 2 1 0 0 na na
10 59756.834350322991 0.011136431058 cfg1 2 1 0 0 na na
10 59756.860350347677 0.011137499369 cfg1 2 1 0 0 na na
10 59756.874350360118 0.011138089641 cfg1 2 1 0 0 na na
10 59757.038350347359 0.011144884428 cfg1 2 1 0 0 na na
10 59757.046350330742 0.011145225860 cfg1 2 1 0 0 na na
10 59757.070350274872 0.011146223821 cfg1 2 1 0 0 na na
10 59757.130350265265 0.011148706691 cfg1 2 1 0 0 na na
10 59757.197350351362 0.011151517699 cfg1 2 1 0 0 na na
10 59757.230350335126 0.011152871064 cfg1 2 1 0 0 na na
10 59757.233350368984 0.011152999982 cfg1 2 2 0 0 na na
10 59757.237350303663 0.011153162504 cfg1 2 1 0 0 na na
10 59757.251350315435 0.011153741883 cfg1 2 1 0 0 na na
10 59757.265350316941 0.011154338298 cfg1 2 1 0 0 na na
10 59757.313350348438 0.011156329438 cfg1 2 1 0 0 na na
10 59757.320350315898 0.011156617143 cfg1 2 2 0 0 na na
10 59757.387350320242 0.011159416065 cfg1 2 1 0 0 na na
10 59757.402350334897 0.011160031475 cfg1 2 1 0 0 na na
10 59757.413350283919 0.011160481543 cfg1 2 1 0 0 na na
10 59757.504350295481 0.011164269106 cfg1 2 1 0 0 na na
10 59757.541350339960 0.011165812279 cfg1 2 1 0 0 na na
10 59757.587350274389 0.011167734856 cfg1 2 1 0 0 na na
10 59757.640350335109 0.011169919420 cfg1 2 1 0 0 na na
10 59757.648350292130 0.011170257866 cfg1 2 2 0 0 na na
10 59757.690350353352 0.011171994996 cfg1 2 1 0 0 na na
10 59757.717350275656 0.011173131278 cfg1 2 1 0 0 na na
10 59757.732350274045 0.011173753181 cfg1 2 1 0 0 na na
10 59757.734350307305 0.011173835295 cfg1 2 2 0 0 na na
10 59757.736350337620 0.011173907026 cfg1 2 1 0 0 na na
10 59757.767350284437 0.011175208072 cfg1 2 2 0 0 na na
10 59757.784350366777 0.011175925740 cfg1 2 1 0 0 na na
10 59757.799350327436 0.011176533590 cfg1 2 1 0 0 na na
10 59757.815350295643 0.011177203983 cfg1 2 1 0 0 na na
10 59757.818350304644 0.011177329761 cfg1 2 2 0 0 na na
10 59757.851350307457 0.011178709544 cfg1 2 1 0 0 na na
10 59757.880350331389 0.011179909333 cfg1 2 2 0 0 na na
10 59757.936350305253 0.011182239396 cfg1 2 2 0 0 na na
10 59757.938350299912 0.011182331791 cfg1 2 1 0 0 na na
10 59758.032350347752 0.011186234496 cfg1 2 1 0 0 na na
10 59758.066350263544 0.011187661687 cfg1 2 1 0 0 na na
10 59758.099350263052 0.011189022454 cfg1 2 2 0 0 na na
10 59758.106350271295 0.011189313766 cfg1 2 2 0 0 na na
10 59758.114350341739 0.011189647031 cfg1 2 1 0 0 na na
10 59758.153350309299 0.011191269796 cfg1 2 2 0 0 na na
10 59758.180350291532 0.011192393749 cfg1 2 2 0 0 na na
10 59758.217350293970 0.011193948158 cfg1 2 1 0 0 na na
10 59758.224350322286 0.011194225013 cfg1 2 2 0 0 na na
10 59758.254350359441 0.011195468183 cfg1 2 1 0 0 na na
10 59758.268350295608 0.011196056574 cfg1 2 2 0 0 na na
10 59758.281350281144 0.011196597682 cfg1 2 2 0 0 na na
10 59758.323350339297 0.011198349027 cfg1 2 1 0 0 na na
10 59758.327350340306 0.011198512561 cfg1 2 2 0 0 na na
10 59758.371350323681 0.011200338691 cfg1 2 1 0 0 na na
10 59758.396350293824 0.011201396604 cfg1 2 1 0 0 na na
10 59758.439350359808 0.011203188958 cfg1 2 1 0 0 na na
10 59758.442350285536 0.011203288794 cfg1 2 1 0 0 na na
10 59758.467350348278 0.011204341299 cfg1 2 1 0 0 na na
10 59758.470350268562 0.011204468054 cfg1 2 1 0 0 na na
10 59758.531350326546 0.011207013127 cfg1 2 1 0 0 na na
10 59758.553350364006 0.011207917955 cfg1 2 1 0 0 na na
10 59758.554350259883 0.011207957070 cfg1 2 1 0 0 na na
10 59758.593350310155 0.011209592903 cfg1 2 1 0 0 na na
10 59758.679350360473 0.011213161349 cfg1 2 1 0 0 na na
10 59758.712350379495 0.011214543241 cfg1 2 1 0 0 na na
10 59758.736350295192 0.011215540623 cfg1 2 1 0 0 na na
10 59758.744350372662 0.011215884959 cfg1 2 1 0 0 na na
10 59758.818350339880 0.011218972171 cfg1 2 1 0 0 na na
10 59758.852350324278 0.011220385667 cfg1 2 1 0 0 na na
10 59758.858350334833 0.011220638171 cfg1 2 1 0 0 na na
10 59758.860350337574 0.011220720909 cfg1 2 1 0 0 na na
10 59758.877350336676 0.011221422529 cfg1 2 1 0 0 na na
10 59758.881350290720 0.011221583820 cfg1 2 1 0 0 na na
10 59758.889350396860 0.011221924580 cfg1 2 1 0 0 na na
10 59758.914350344707 0.011222956506 cfg1 2 1 0 0 na na
10 59758.977350310158 0.011225597184 cfg1 2 1 0 0 na na
10 59758.987350322699 0.011226001963 cfg1 2 1 0 0 na na
10 59759.016350302270 0.011227218228 cfg1 2 1 0 0 na na
10 59759.088350335782 0.011230198131 cfg1 2 1 0 0 na na
10 59759.098350297762 0.011230624635 cfg1 2 1 0 0 na na
10 59759.110350349520 0.011231133348 cfg1 2 1 0 0 na na
10 59759.135350349190 0.011232174272 cfg1 2 1 0 0 na na
10 59759.207350304995 0.011235182003 cfg1 2 1 0 0 na na
10 59759.227350318130 0.011235993623 cfg1 2 1 0 0 na na
10 59759.326350328056 0.011240134507 cfg1 2 1 0 0 na na
10 59759.373350302976 0.011242075008 cfg1 2 1 0 0 na na
10 59759.458350314563 0.011245639811 cfg1 2 1 0 0 na na
10 59759.486350337986 0.011246787108 cfg1 2 1 0 0 na na
10 59759.576350326863 0.011250545473 cfg1 2 1 0 0 na na
10 59759.596350308071 0.011251396314 cfg1 2 1 0 0 na na
10 59759.713350361143 0.011256267548 cfg1 2 1 0 0 na na
10 59759.747350349941 0.011257669628 cfg1 2 1 0 0 na na
10 59759.812350330924 0.011260393314 cfg1 2 1 0 0 na na
10 59759.855350336373 0.011262180170 cfg1 2 1 0 0 na na
10 59759.861350365309 0.011262420111 cfg1 2 1 0 0 na na
10 59759.931350302143 0.011265364756 cfg1 2 1 0 0 na na
10 59759.953350370763 0.011266265651 cfg1 2 2 0 0 na na
10 59759.958350307354 0.011266485754 cfg1 2 1 0 0 na na
10 59760.068350302603 0.011271068734 cfg1 2 1 0 0 na na
10 59760.105350304440 0.011272605820 cfg1 2 2 0 0 na na
10 59760.106350323971 0.011272641127 cfg1 2 1 0 0 na na
10 59760.118350330002 0.011273148207 cfg1 2 2 0 0 na na
10 59760.130350340878 0.011273663605 cfg1 2 1 0 0 na na
10 59760.155350317704 0.011274703054 cfg1 2 1 0 0 na na
10 59760.169350309833 0.011275293483 cfg1 2 1 0 0 na na
10 59760.194350316387 0.011276318657 cfg1 2 2 0 0 na na
10 59760.240350331369 0.011278237840 cfg1 2 2 0 0 na na
10 59760.261350326557 0.011279113959 cfg1 2 2 0 0 na na
10 59760.276350336221 0.011279752896 cfg1 2 1 0 0 na na
10 59760.284350332085 0.011280085686 cfg1 2 1 0 0 na na
10 59760.322350321936 0.011281673257 cfg1 2 1 0 0 na na
10 59760.346350281118 0.011282660487 cfg1 2 2 0 0 na na
10 59760.403350314180 0.011285045339 cfg1 2 1 0 0 na na
10 59760.426350369118 0.011285993070 cfg1 2 1 0 0 na na
10 59760.475350323932 0.011288050017 cfg1 2 1 0 0 na na
10 59760.483350283612 0.011288391924 cfg1 2 1 0 0 na na
10 59760.493350367906 0.011288805254 cfg1 2 1 0 0 na na
10 59760.513350325120 0.011289633121 cfg1 2 1 0 0 na na
10 59760.595350320139 0.011293052226 cfg1 2 1 0 0 na na
10 59760.657350328984 0.011295636574 cfg1 2 1 0 0 na na
10 59760.664350306112 0.011295939704 cfg1 2 1 0 0 na na
10 59760.699350351880 0.011297393111 cfg1 2 2 0 0 na na
10 59760.723350353515 0.011298404919 cfg1 2 1 0 0 na na
10 59760.743350320974 0.011299229833 cfg1 2 2 0 0 na na
10 59760.764350260845 0.011300108256 cfg1 2 1 0 0 na na
10 59760.809350321831 0.011301985110 cfg1 2 2 0 0 na na
10 59760.844350294632 0.011303438500 cfg1 2 1 0 0 na na
10 59760.845350331205 0.011303479579 cfg1 2 1 0 0 na na
10 59760.890350314165 0.011305363375 cfg1 2 1 0 0 na na
10 59760.905350324459 0.011305993321 cfg1 2 2 0 0 na na
10 59760.912350356908 0.011306296311 cfg1 2 1 0 0 na na
10 59761.086350368887 0.011313553620 cfg1 2 1 0 0 na na
10 59761.135350252889 0.011315606348 cfg1 2 1 0 0 na na
10 59761.174350344575 0.011317232823 cfg1 2 1 0 0 na na
10 59761.188350333452 0.011317802030 cfg1 2 1 0 0 na na
10 59761.254350324563 0.011320566987 cfg1 2 1 0 0 na na
10 59761.267350279146 0.011321125572 cfg1 2 1 0 0 na na
10 59761.270350309464 0.011321236423 cfg1 2 1 0 0 na na
10 59761.314350322966 0.011323074352 cfg1 2 2 0 0 na na
10 59761.331350283195 0.011323784557 cfg1 2 2 0 0 na na
10 59761.400350362687 0.011326667851 cfg1 2 1 0 0 na na
10 59761.424350239823 0.011327686994 cfg1 2 1 0 0 na na
10 59761.504350265206 0.011331016032 cfg1 2 1 0 0 na na
10 59761.531350323907 0.011332151031 cfg1 2 1 0 0 na na
10 59761.541350337052 0.011332564170 cfg1 2 1 0 0 na na
10 59761.574350296606 0.011333927316 cfg1 2 1 0 0 na na
10 59761.598350333619 0.011334939787 cfg1 2 2 0 0 na na
10 59761.613350363114 0.011335566579 cfg1 2 2 0 0 na na
10 59761.617350335922 0.011335741689 cfg1 2 1 0 0 na na
10 59761.669350308408 0.011337906748 cfg1 2 2 0 0 na na
10 59761.694350331246 0.011338951478 cfg1 2 2 0 0 na na
10 59761.695350353063 0.011338993315 cfg1 2 2 0 0 na na
10 59761.723350269099 0.011340166879 cfg1 2 1 0 0 na na
10 59761.747350329146 0.011341156185 cfg1 2 1 0 0 na na
10 59761.852350306122 0.011345555017 cfg1 2 2 0 0 na na
10 59761.859350349579 0.011345847686 cfg1 2 2 0 0 na na
10 59761.870350334204 0.011346310105 cfg1 2 1 0 0 na na
10 59761.880350321975 0.011346722177 cfg1 2 1 0 0 na na
10 59761.896350376999 0.011347409764 cfg1 2 1 0 0 na na
10 59761.916350318374 0.011348225941 cfg1 2 1 0 0 na na
10 59761.928350301862 0.011348723962 cfg1 2 1 0 0 na na
10 59761.931350277687 0.011348857182 cfg1 2 2 0 0 na na
10 59761.940350375790 0.011349248960 cfg1 2 1 0 0 na na
10 59761.979350297701 0.011350864445 cfg1 2 1 0 0 na na
10 59762.006350387837 0.011352000828 cfg1 2 1 0 0 na na
10 59762.007350274598 0.011352033144 cfg1 2 1 0 0 na na
10 59762.030350286934 0.011352995811 cfg1 2 2 0 0 na na
10 59762.044350345728 0.011353581115 cfg1 2 2 0 0 na na
10 59762.049350340606 0.011353790149 cfg1 2 2 0 0 na na
10 59762.050350328394 0.011353840118 cfg1 2 1 0 0 na na
10 59762.072350344780 0.011354760436 cfg1 2 1 0 0 na na
10 59762.083350319993 0.011355200277 cfg1 2 1 0 0 na na
10 59762.148350316505 0.011357932760 cfg1 2 1 0 0 na na
10 59762.181350322840 0.011359309239 cfg1 2 2 0 0 na na
10 59762.189350333445 0.011359656246 cfg1 2 1 0 0 na na
10 59762.190350294757 0.011359685469 cfg1 2 2 0 0 na na
10 59762.322350321632 0.011365205307 cfg1 2 2 0 0 na na
10 59762.335350334959 0.011365743293 cfg1 2 1 0 0 na na
10 59762.344350349173 0.011366135337 cfg1 2 1 0 0 na na
10 59762.370350361209 0.011367210978 cfg1 2 1 0 0 na na
10 59762.466350321254 0.011371235217 cfg1 2 1 0 0 na na
10 59762.526350299052 0.011373737594 cfg1 2 2 0 0 na na
10 59762.531350296610 0.011373946802 cfg1 2 2 0 0 na na
10 59762.542350280702 0.011374406867 cfg1 2 2 0 0 na na
10 59762.543350314204 0.011374448769 cfg1 2 2 0 0 na na
10 59762.563350288613 0.011375278972 cfg1 2 1 0 0 na na
10 59762.577350376795 0.011375871877 cfg1 2 1 0 0 na na
10 59762.591350327439 0.011376459938 cfg1 2 1 0 0 na na
10 59762.605350272439 0.011377034035 cfg1 2 1 0 0 na na
10 59762.629350324186 0.011378037271 cfg1 2 1 0 0 na na
10 59762.642350314055 0.011378583866 cfg1 2 1 0 0 na na
10 59762.653350300218 0.011379066720 cfg1 2 1 0 0 na na
10 59762.658350326966 0.011379259570 cfg1 2 2 0 0 na na
10 59762.700350317283 0.011381016677 cfg1 2 2 0 0 na na
10 59762.724350326144 0.011382021653 cfg1 2 1 0 0 na na
10 59762.741350320995 0.011382732072 cfg1 2 2 0 0 na na
10 59762.755350348949 0.011383316239 cfg1 2 1 0 0 na na
10 59762.775350293703 0.011384154675 cfg1 2 2 0 0 na na
10 59762.812350333457 0.011385703003 cfg1 2 2 0 0 na na
10 59762.823350297399 0.011386158303 cfg1 2 1 0 0 na na
10 59762.870350336780 0.011388133390 cfg1 2 1 0 0 na na
10 59762.907350298931 0.011389678130 cfg1 2 2 0 0 na na
10 59762.910350341031 0.011389819387 cfg1 2 1 0 0 na na
10 59762.915350291357 0.011390012856 cfg1 2 2 0 0 na na
10 59762.917350293510 0.011390102243 cfg1 2 1 0 0 na na
10 59762.922350280816 0.011390306446 cfg1 2 1 0 0 na na
10 59762.942350338738 0.011391142923 cfg1 2 2 0 0 na na
10 59762.943350294202 0.011391184661 cfg1 2 2 0 0 na na
10 59762.985350284483 0.011392960011 cfg1 2 1 0 0 na na
10 59762.996350340050 0.011393413015 cfg1 2 1 0 0 na na
10 59762.998350318235 0.011393488514 cfg1 2 1 0 0 na na
10 59763.025350355327 0.011394610082 cfg1 2 1 0 0 na na
10 59763.047350317021 0.011395537224 cfg1 2 2 0 0 na na
10 59763.056350329283 0.011395904475 cfg1 2 1 0 0 na na
10 59763.078350297160 0.011396848299 cfg1 2 1 0 0 na na
10 59763.116350400191 0.011398425238 cfg1 2 2 0 0 na na
10 59763.117350271969 0.011398467174 cfg1 2 2 0 0 na na
10 59763.123350321319 0.011398710007 cfg1 2 1 0 0 na na
10 59763.130350295983 0.011399002679 cfg1 2 1 0 0 na na
10 59763.172350367210 0.011400765855 cfg1 2 1 0 0 na na
10 59763.191350345814 0.011401564650 cfg1 2 2 0 0 na na
10 59763.220350291104 0.011402778638 cfg1 2 2 0 0 na na
10 59763.221350376962 0.011402819813 cfg1 2 1 0 0 na na
10 59763.248350293419 0.011403950794 cfg1 2 2 0 0 na na
10 59763.256350329741 0.011404285722 cfg1 2 2 0 0 na na
10 59763.322350322789 0.011407048872 cfg1 2 2 0 0 na na
10 59763.368350311628 0.011408974675 cfg1 2 2 0 0 na na
10 59763.372350335221 0.011409132692 cfg1 2 1 0 0 na na
10 59763.440350290607 0.011412003999 cfg1 2 1 0 0 na na
10 59763.457350386671 0.011412701229 cfg1 2 2 0 0 na na
10 59763.475350293412 0.011413469207 cfg1 2 1 0 0 na na
10 59763.493350358405 0.011414222940 cfg1 2 1 0 0 na na
10 59763.505350366561 0.011414714939 cfg1 2 1 0 0 na na
10 59763.524350345952 0.011415512592 cfg1 2 1 0 0 na na
10 59763.558350296019 0.011416932865 cfg1 2 1 0 0 na na
10 59763.597350284105 0.011418563810 cfg1 2 2 0 0 na na
10 59763.599350365043 0.011418641058 cfg1 2 1 0 0 na na
10 59763.601350349872 0.011418731496 cfg1 2 2 0 0 na na
10 59763.642350371958 0.011420448480 cfg1 2 2 0 0 na na
10 59763.659350376595 0.011421160477 cfg1 2 2 0 0 na na
10 59763.668350341223 0.011421545715 cfg1 2 1 0 0 na na
10 59763.670350303303 0.011421621208 cfg1 2 2 0 0 na na
10 59763.695350315854 0.011422668257 cfg1 2 2 0 0 na na
10 59763.707350321357 0.011423167402 cfg1 2 1 0 0 na na
10 59763.777350304850 0.011426102918 cfg1 2 2 0 0 na na
10 59763.780350370028 0.011426228516 cfg1 2 2 0 0 na na
10 59763.781350276728 0.011426270496 cfg1 2 2 0 0 na na
10 59763.803350356868 0.011427200929 cfg1 2 1 0 0 na na
10 59763.834350324015 0.011428492702 cfg1 2 1 0 0 na na
10 59763.845350272568 0.011428956698 cfg1 2 1 0 0 na na
10 59763.846350318315 0.011428993207 cfg1 2 2 0 0 na na
10 59763.920350359585 0.011432094686 cfg1 2 1 0 0 na na
10 59763.933350255463 0.011432641459 cfg1 2 1 0 0 na na
10 59763.938350348608 0.011432847378 cfg1 2 2 0 0 na na
10 59763.952350419147 0.011433443097 cfg1 2 1 0 0 na na
10 59763.985350328978 0.011434833551 cfg1 2 1 0 0 na na
10 59764.065350343843 0.011438171713 cfg1 2 1 0 0 na na
10 59764.071350384050 0.011438419865 cfg1 2 2 0 0 na na
10 59764.109350314411 0.011440012078 cfg1 2 2 0 0 na na
10 59764.138350342150 0.011441227312 cfg1 2 2 0 0 na na
10 59764.159350294752 0.011442117280 cfg1 2 1 0 0 na na
10 59764.200350293838 0.011443827715 cfg1 2 1 0 0 na na
10 59764.229350322888 0.011445038415 cfg1 2 1 0 0 na na
10 59764.264350351167 0.011446507607 cfg1 2 2 0 0 na na
10 59764.280350335999 0.011447193228 cfg1 2 1 0 0 na na
10 59764.311350300982 0.011448493547 cfg1 2 1 0 0 na na
10 59764.336350300225 0.011449526824 cfg1 2 1 0 0 na na
10 59764.424350293202 0.011453213718 cfg1 2 2 0 0 na na
10 59764.445350366990 0.011454094051 cfg1 2 2 0 0 na na
10 59764.460350364811 0.011454736546 cfg1 2 1 0 0 na na
10 59764.468350369193 0.011455056340 cfg1 2 1 0 0 na na
10 59764.487350343443 0.011455854565 cfg1 2 2 0 0 na na
10 59764.525350287207 0.011457443970 cfg1 2 1 0 0 na na
10 59764.602350303847 0.011460677273 cfg1 2 1 0 0 na na
10 59764.619350282798 0.011461383193 cfg1 2 1 0 0 na na
10 59764.717350292437 0.011465497571 cfg1 2 2 0 0 na na
10 59764.740350298782 0.011466461852 cfg1 2 2 0 0 na na
10 59764.783350332369 0.011468281376 cfg1 2 1 0 0 na na
10 59764.848350268655 0.011470989049 cfg1 2 1 0 0 na na
10 59764.871350333655 0.011471955650 cfg1 2 1 0 0 na na
10 59764.884350294706 0.011472501034 cfg1 2 1 0 0 na na
10 59764.894350357902 0.011472919877 cfg1 2 2 0 0 na na
10 59764.902350359767 0.011473247010 cfg1 2 1 0 0 na na
10 59764.921350272599 0.011474052243 cfg1 2 2 0 0 na na
10 59764.935350315751 0.011474645207 cfg1 2 1 0 0 na na
10 59764.952350261660 0.011475370273 cfg1 2 1 0 0 na na
10 59764.953350334325 0.011475394302 cfg1 2 2 0 0 na na
10 59764.964350319964 0.011475855679 cfg1 2 2 0 0 na na
10 59764.988350361077 0.011476863255 cfg1 2 1 0 0 na na
10 59765.002350356836 0.011477443076 cfg1 2 1 0 0 na na
10 59765.022350283246 0.011478288700 cfg1 2 1 0 0 na na
10 59765.024350298715 0.011478363477 cfg1 2 1 0 0 na na
10 59765.039350362906 0.011478999262 cfg1 2 1 0 0 na na
10 59765.045350291476 0.011479257624 cfg1 2 1 0 0 na na
10 59765.066350327191 0.011480133940 cfg1 2 2 0 0 na na
10 59765.112350338588 0.011482055021 cfg1 2 1 0 0 na na
10 59765.118350351802 0.011482319381 cfg1 2 1 0 0 na na
10 59765.119350312487 0.011482350341 cfg1 2 1 0 0 na na
10 59765.156350296050 0.011483909427 cfg1 2 2 0 0 na na
10 59765.179350277654 0.011484882582 cfg1 2 1 0 0 na na
10 59765.192350352282 0.011485409589 cfg1 2 1 0 0 na na
10 59765.227350336613 0.011486887848 cfg1 2 2 0 0 na na
10 59765.250350275660 0.011487843237 cfg1 2 1 0 0 na na
10 59765.257350326509 0.011488146529 cfg1 2 2 0 0 na na
10 59765.273350284085 0.011488834383 cfg1 2 1 0 0 na na
10 59765.281350284316 0.011489171665 cfg1 2 1 0 0 na na
10 59765.298350343359 0.011489880611 cfg1 2 1 0 0 na na
10 59765.355350295248 0.011492252664 cfg1 2 1 0 0 na na
10 59765.370350283848 0.011492884069 cfg1 2 1 0 0 na na
10 59765.382350356294 0.011493406300 cfg1 2 1 0 0 na na
10 59765.416350344639 0.011494817887 cfg1 2 2 0 0 na na
10 59765.507350270522 0.011498635039 cfg1 2 1 0 0 na na
10 59765.524350292094 0.011499344085 cfg1 2 1 0 0 na na
10 59765.569350357940 0.011501243571 cfg1 2 1 0 0 na na
10 59765.581350338772 0.011501754536 cfg1 2 1 0 0 na na
10 59765.638350287293 0.011504150269 cfg1 2 1 0 0 na na
10 59765.645350341195 0.011504424996 cfg1 2 1 0 0 na na
10 59765.783350282112 0.011510227293 cfg1 2 1 0 0 na na
10 59765.789350354951 0.011510467392 cfg1 2 1 0 0 na na
10 59765.807350310650 0.011511244589 cfg1 2 1 0 0 na na
10 59765.811350276742 0.011511396406 cfg1 2 2 0 0 na na
10 59765.827350352946 0.011512070547 cfg1 2 1 0 0 na na
10 59765.845350272434 0.011512831664 cfg1 2 1 0 0 na na
10 59765.859350311565 0.011513403848 cfg1 2 1 0 0 na na
10 59765.889350342044 0.011514684121 cfg1 2 1 0 0 na na
10 59765.891350262607 0.011514748979 cfg1 2 1 0 0 na na
10 59765.906350309261 0.011515403213 cfg1 2 1 0 0 na na
10 59765.925350356293 0.011516192208 cfg1 2 1 0 0 na na
10 59765.960350353561 0.011517662001 cfg1 2 1 0 0 na na
10 59765.980350300236 0.011518499570 cfg1 2 1 0 0 na na
10 59765.984350300251 0.011518676786 cfg1 2 1 0 0 na na
10 59766.032350311888 0.011520688071 cfg1 2 1 0 0 na na
10 59766.084350331023 0.011522865107 cfg1 2 1 0 0 na na
10 59766.105350339019 0.011523732432 cfg1 2 1 0 0 na na
10 59766.128350306808 0.011524706298 cfg1 2 2 0 0 na na
10 59766.172350301192 0.011526564631 cfg1 2 1 0 0 na na
10 59766.199350256108 0.011527685665 cfg1 2 1 0 0 na na
10 59766.205350358861 0.011527942865 cfg1 2 1 0 0 na na
10 59766.209350368732 0.011528111602 cfg1 2 1 0 0 na na
10 59766.226350335221 0.011528829296 cfg1 2 1 0 0 na na
10 59766.307350331013 0.011532229753 cfg1 2 1 0 0 na na
10 59766.308350319121 0.011532258905 cfg1 2 1 0 0 na na
10 59766.309350321607 0.011532298827 cfg1 2 1 0 0 na na
10 59766.319350332061 0.011532724050 cfg1 2 1 0 0 na na
10 59766.336350309033 0.011533435424 cfg1 2 1 0 0 na na
10 59766.337350268195 0.011533498505 cfg1 2 1 0 0 na na
10 59766.364350323820 0.011534610284 cfg1 2 1 0 0 na na
10 59766.378350309523 0.011535206191 cfg1 2 2 0 0 na na
10 59766.388350280113 0.011535637421 cfg1 2 1 0 0 na na
10 59766.438350385520 0.011537739328 cfg1 2 1 0 0 na na
10 59766.447350361551 0.011538120432 cfg1 2 1 0 0 na na
10 59766.453350368633 0.011538373349 cfg1 2 1 0 0 na na
10 59766.467350267733 0.011538934539 cfg1 2 1 0 0 na na
10 59766.488350361597 0.011539825492 cfg1 2 1 0 0 na na
10 59766.506350316601 0.011540592677 cfg1 2 1 0 0 na na
10 59766.514350343247 0.011540919473 cfg1 2 2 0 0 na na
10 59766.519350325373 0.011541134847 cfg1 2 1 0 0 na na
10 59766.529350307229 0.011541548113 cfg1 2 1 0 0 na na
10 59766.555350339119 0.011542637776 cfg1 2 1 0 0 na na
10 59766.577350378950 0.011543561856 cfg1 2 1 0 0 na na
10 59766.587350362466 0.011543995082 cfg1 2 1 0 0 na na
10 59766.592350334625 0.011544190234 cfg1 2 1 0 0 na na
10 59766.596350290929 0.011544356360 cfg1 2 1 0 0 na na
10 59766.600350360044 0.011544537220 cfg1 2 1 0 0 na na
10 59766.617350303734 0.011545260394 cfg1 2 1 0 0 na na
10 59766.628350312031 0.011545727207 cfg1 2 1 0 0 na na
10 59766.721350320588 0.011549622584 cfg1 2 1 0 0 na na
10 59766.725350295786 0.011549783643 cfg1 2 1 0 0 na na
10 59766.729350324544 0.011549943758 cfg1 2 1 0 0 na na
10 59766.787350343225 0.011552402280 cfg1 2 1 0 0 na na
10 59766.788350333708 0.011552423410 cfg1 2 1 0 0 na na
10 59766.869350289596 0.011555834773 cfg1 2 1 0 0 na na
10 59766.871350314583 0.011555926548 cfg1 2 1 0 0 na na
10 59766.901350338768 0.011557180963 cfg1 2 2 0 0 na na
10 59766.930350317641 0.011558405723 cfg1 2 1 0 0 na na
10 59766.957350291898 0.011559542496 cfg1 2 1 0 0 na na
10 59766.965350312908 0.011559874479 cfg1 2 1 0 0 na na
10 59766.975350303923 0.011560288966 cfg1 2 1 0 0 na na
10 59766.997350294198 0.011561211817 cfg1 2 1 0 0 na na
10 59767.056350294305 0.011563705276 cfg1 2 1 0 0 na na
10 59767.078350324821 0.011564613664 cfg1 2 1 0 0 na na
10 59767.092350370231 0.011565216177 cfg1 2 1 0 0 na na
10 59767.096350339649 0.011565387847 cfg1 2 1 0 0 na na
10 59767.111350323679 0.011566022449 cfg1 2 1 0 0 na na
10 59767.126350299965 0.011566633931 cfg1 2 1 0 0 na na
10 59767.138350296112 0.011567154171 cfg1 2 1 0 0 na na
10 59767.159350319066 0.011568025459 cfg1 2 1 0 0 na na
10 59767.183350336520 0.011569031245 cfg1 2 1 0 0 na na
10 59767.195350318157 0.011569548965 cfg1 2 1 0 0 na na
10 59767.229350312343 0.011570976011 cfg1 2 1 0 0 na na
10 59767.242350295416 0.011571527365 cfg1 2 1 0 0 na na
10 59767.264350312587 0.011572458026 cfg1 2 1 0 0 na na
10 59767.274350388644 0.011572860685 cfg1 2 2 0 0 na na
10 59767.279350345957 0.011573075118 cfg1 2 1 0 0 na na
10 59767.285350309560 0.011573328251 cfg1 2 1 0 0 na na
10 59767.295350290791 0.011573753025 cfg1 2 1 0 0 na na
10 59767.349350298515 0.011576002857 cfg1 2 1 0 0 na na
10 59767.352350319705 0.011576137463 cfg1 2 1 0 0 na na
10 59767.361350284691 0.011576522002 cfg1 2 1 0 0 na na
10 59767.373350340432 0.011577033912 cfg1 2 1 0 0 na na
10 59767.384350297446 0.011577481167 cfg1 2 1 0 0 na na
10 59767.388350348934 0.011577672168 cfg1 2 1 0 0 na na
10 59767.406350307313 0.011578423105 cfg1 2 1 0 0 na na
10 59767.479350339555 0.011581476663 cfg1 2 1 0 0 na na
10 59767.545350289376 0.011584250755 cfg1 2 1 0 0 na na
10 59767.565350316827 0.011585095044 cfg1 2 1 0 0 na na
10 59767.567350292521 0.011585177219 cfg1 2 1 0 0 na na
10 59767.617350353043 0.011587275900 cfg1 2 1 0 0 na na
10 59767.637350290010 0.011588127051 cfg1 2 1 0 0 na na
10 59767.667350305781 0.011589376421 cfg1 2 1 0 0 na na
10 59767.679350356085 0.011589901895 cfg1 2 1 0 0 na na
10 59767.690350330723 0.011590353440 cfg1 2 1 0 0 na na
10 59767.706350312847 0.011591017123 cfg1 2 1 0 0 na na
10 59767.710350332747 0.011591206131 cfg1 2 1 0 0 na na
10 59767.712350365283 0.011591295842 cfg1 2 1 0 0 na na
10 59767.717350301935 0.011591485792 cfg1 2 1 0 0 na na
10 59767.718350335587 0.011591548794 cfg1 2 1 0 0 na na
10 59767.725350288693 0.011591820698 cfg1 2 1 0 0 na na
10 59767.747350374248 0.011592748228 cfg1 2 1 0 0 na na
10 59767.779350278727 0.011594103007 cfg1 2 1 0 0 na na
10 59767.783350312000 0.011594276109 cfg1 2 1 0 0 na na
10 59767.785350264700 0.011594348427 cfg1 2 1 0 0 na na
10 59767.788350335686 0.011594472557 cfg1 2 1 0 0 na na
10 59767.791350345785 0.011594602822 cfg1 2 1 0 0 na na
10 59767.794350343891 0.011594719252 cfg1 2 1 0 0 na na
10 59767.812350326044 0.011595488731 cfg1 2 1 0 0 na na
10 59767.825350282693 0.011596026211 cfg1 2 1 0 0 na na
10 59767.864350308044 0.011597676183 cfg1 2 1 0 0 na na
10 59767.872350327156 0.011598019561 cfg1 2 1 0 0 na na
10 59767.902350335389 0.011599290563 cfg1 2 1 0 0 na na
10 59767.975350301659 0.011602346303 cfg1 2 1 0 0 na na
10 59767.998350280792 0.011603329311 cfg1 2 1 0 0 na na
10 59768.062350362993 0.011606005298 cfg1 2 1 0 0 na na
10 59768.077350337261 0.011606645346 cfg1 2 1 0 0 na na
10 59768.088350300113 0.011607117757 cfg1 2 1 0 0 na na
10 59768.100350305855 0.011607613068 cfg1 2 1 0 0 na na
10 59768.159350351177 0.011610081829 cfg1 2 1 0 0 na na
10 59768.184350292634 0.011611154034 cfg1 2 1 0 0 na na
10 59768.206350347890 0.011612068375 cfg1 2 1 0 0 na na
10 59768.208350327255 0.011612167398 cfg1 2 1 0 0 na na
10 59768.230350290588 0.011613083085 cfg1 2 1 0 0 na na
10 59768.234350293049 0.011613235221 cfg1 2 1 0 0 na na
10 59768.241350320001 0.011613548269 cfg1 2 1 0 0 na na
10 59768.253350347821 0.011614045860 cfg1 2 1 0 0 na na
10 59768.269350321378 0.011614734612 cfg1 2 1 0 0 na na
10 59768.274350370092 0.011614937249 cfg1 2 1 0 0 na na
10 59768.278350337380 0.011615085333 cfg1 2 1 0 0 na na
10 59768.282350358644 0.011615278019 cfg1 2 1 0 0 na na
10 59768.292350322289 0.011615687145 cfg1 2 1 0 0 na na
10 59768.302350300280 0.011616108777 cfg1 2 1 0 0 na na
10 59768.303350378396 0.011616164143 cfg1 2 1 0 0 na na
10 59768.308350373809 0.011616374319 cfg1 2 1 0 0 na na
10 59768.320350290446 0.011616858198 cfg1 2 1 0 0 na na
10 59768.321350383684 0.011616903143 cfg1 2 1 0 0 na na
10 59768.329350318728 0.011617255029 cfg1 2 1 0 0 na na
10 59768.332350340941 0.011617365827 cfg1 2 1 0 0 na na
10 59768.335350313976 0.011617502914 cfg1 2 1 0 0 na na
10 59768.355350337485 0.011618327669 cfg1 2 1 0 0 na na
10 59768.385350292519 0.011619589951 cfg1 2 1 0 0 na na
10 59768.442350290315 0.011621988752 cfg1 2 1 0 0 na na
10 59768.495350290620 0.011624242239 cfg1 2 1 0 0 na na
10 59768.497350340936 0.011624321390 cfg1 2 1 0 0 na na
10 59768.503350353992 0.011624562762 cfg1 2 1 0 0 na na
10 59768.517350363012 0.011625174113 cfg1 2 1 0 0 na na
10 59768.539350335369 0.011626096499 cfg1 2 1 0 0 na na
10 59768.551350330264 0.011626584830 cfg1 2 1 0 0 na na
10 59768.554350364988 0.011626709777 cfg1 2 1 0 0 na na
10 59768.576350428801 0.011627635660 cfg1 2 1 0 0 na na
10 59768.587350313156 0.011628101890 cfg1 2 1 0 0 na na
10 59768.617350319850 0.011629375985 cfg1 2 1 0 0 na na
10 59768.625350344746 0.011629707278 cfg1 2 1 0 0 na na
10 59768.716350359089 0.011633534255 cfg1 2 1 0 0 na na
10 59768.723350275060 0.011633845125 cfg1 2 1 0 0 na na
10 59768.736350295247 0.011634374036 cfg1 2 1 0 0 na na
10 59768.770350286683 0.011635810725 cfg1 2 1 0 0 na na
10 59768.787350283190 0.011636529591 cfg1 2 1 0 0 na na
10 59768.788350360485 0.011636579698 cfg1 2 1 0 0 na na
10 59768.789350316099 0.011636614558 cfg1 2 1 0 0 na na
10 59768.799350314741 0.011637043886 cfg1 2 1 0 0 na na
10 59768.831350285120 0.011638370070 cfg1 2 1 0 0 na na
10 59768.850350344277 0.011639179855 cfg1 2 1 0 0 na na
10 59768.877350285592 0.011640315342 cfg1 2 1 0 0 na na
10 59768.883350340541 0.011640567270 cfg1 2 1 0 0 na na
10 59768.907350316767 0.011641582104 cfg1 2 1 0 0 na na
10 59768.912350260050 0.011641781804 cfg1 2 1 0 0 na na
10 59768.936350346125 0.011642788456 cfg1 2 1 0 0 na na
10 59768.973350315297 0.011644347418 cfg1 2 1 0 0 na na
10 59768.981350332432 0.011644699689 cfg1 2 1 0 0 na na
10 59769.000350377598 0.011645496126 cfg1 2 1 0 0 na na
10 59769.033350348584 0.011646890186 cfg1 2 1 0 0 na na
10 59769.061350275492 0.011648080190 cfg1 2 1 0 0 na na
10 59769.074350319824 0.011648630541 cfg1 2 1 0 0 na na
10 59769.081350349767 0.011648901344 cfg1 2 1 0 0 na na
10 59769.101350341162 0.011649749719 cfg1 2 1 0 0 na na
10 59769.132350336128 0.011651048860 cfg1 2 1 0 0 na na
10 59769.136350301921 0.011651241752 cfg1 2 1 0 0 na na
10 59769.152350312665 0.011651894991 cfg1 2 1 0 0 na na
10 59769.218350303091 0.011654687611 cfg1 2 1 0 0 na na
10 59769.230350360185 0.011655184426 cfg1 2 1 0 0 na na
10 59769.249350323225 0.011655999039 cfg1 2 1 0 0 na na
10 59769.269350315985 0.011656818899 cfg1 2 1 0 0 na na
10 59769.277350321154 0.011657177138 cfg1 2 1 0 0 na na
10 59769.278350323648 0.011657206081 cfg1 2 1 0 0 na na
10 59769.279350371496 0.011657248934 cfg1 2 1 0 0 na na
10 59769.281350318740 0.011657343425 cfg1 2 1 0 0 na na
10 59769.316350284817 0.011658796076 cfg1 2 1 0 0 na na
10 59769.329350352212 0.011659348158 cfg1 2 1 0 0 na na
10 59769.366350287860 0.011660923969 cfg1 2 1 0 0 na na
10 59769.394350320906 0.011662083995 cfg1 2 1 0 0 na na
10 59769.430350334763 0.011663602815 cfg1 2 1 0 0 na na
10 59769.442350377813 0.011664109491 cfg1 2 1 0 0 na na
10 59769.455350329057 0.011664671858 cfg1 2 1 0 0 na na
10 59769.463350357890 0.011664997041 cfg1 2 1 0 0 na na
10 59769.503350355315 0.011666677240 cfg1 2 1 0 0 na na
10 59769.517350369865 0.011667285523 cfg1 2 1 0 0 na na
10 59769.521350265790 0.011667440549 cfg1 2 1 0 0 na na
10 59769.524350330518 0.011667572628 cfg1 2 1 0 0 na na
10 59769.526350343913 0.011667660883 cfg1 2 1 0 0 na na
10 59769.545350324632 0.011668469413 cfg1 2 1 0 0 na na
10 59769.563350274612 0.011669231770 cfg1 2 1 0 0 na na
10 59769.569350322660 0.011669480178 cfg1 2 1 0 0 na na
10 59769.571350331746 0.011669545119 cfg1 2 1 0 0 na na
10 59769.586350334108 0.011670202846 cfg1 2 1 0 0 na na
10 59769.609350287397 0.011671154260 cfg1 2 1 0 0 na na
10 59769.618350349872 0.011671534106 cfg1 2 1 0 0 na na
10 59769.647350379486 0.011672746362 cfg1 2 1 0 0 na na
10 59769.678350327373 0.011674074970 cfg1 2 1 0 0 na na
10 59769.688350346542 0.011674474209 cfg1 2 1 0 0 na na
10 59769.692350326700 0.011674668093 cfg1 2 1 0 0 na na
10 59769.711350316967 0.011675463167 cfg1 2 1 0 0 na na
10 59769.727350311267 0.011676133453 cfg1 2 1 0 0 na na
10 59769.729350340174 0.011676218066 cfg1 2 1 0 0 na na
10 59769.733350276841 0.011676383692 cfg1 2 1 0 0 na na
10 59769.755350365563 0.011677303748 cfg1 2 1 0 0 na na
10 59769.775350364474 0.011678142549 cfg1 2 1 0 0 na na
10 59769.777350321518 0.011678249392 cfg1 2 1 0 0 na na
10 59769.782350303546 0.011678448842 cfg1 2 1 0 0 na na
10 59769.791350332463 0.011678831453 cfg1 2 1 0 0 na na
10 59769.795350351227 0.011678988170 cfg1 2 1 0 0 na na
10 59769.803350309146 0.011679321376 cfg1 2 1 0 0 na na
10 59769.805350318098 0.011679428891 cfg1 2 1 0 0 na na
10 59769.858350278217 0.011681638946 cfg1 2 1 0 0 na na
10 59769.870350357456 0.011682152185 cfg1 2 1 0 0 na na
10 59769.893350312778 0.011683134677 cfg1 2 1 0 0 na na
10 59769.902350339070 0.011683502894 cfg1 2 1 0 0 na na
10 59769.923350339049 0.011684408684 cfg1 2 1 0 0 na na
10 59769.926350335425 0.011684517975 cfg1 2 1 0 0 na na
10 59769.958350303413 0.011685871196 cfg1 2 1 0 0 na na
10 59769.959350334396 0.011685922069 cfg1 2 1 0 0 na na
10 59769.978350324079 0.011686705750 cfg1 2 1 0 0 na na
10 59770.002350341811 0.011687718762 cfg1 2 1 0 0 na na
10 59770.005350286708 0.011687859482 cfg1 2 1 0 0 na na
10 59770.015350391750 0.011688279911 cfg1 2 1 0 0 na na
10 59770.026350373923 0.011688725395 cfg1 2 1 0 0 na na
10 59770.048350261324 0.011689658552 cfg1 2 1 0 0 na na
10 59770.083350293905 0.011691129276 cfg1 2 1 0 0 na na
10 59770.089350301632 0.011691379776 cfg1 2 1 0 0 na na
10 59770.094350331783 0.011691610571 cfg1 2 1 0 0 na na
10 59770.103350365515 0.011691972012 cfg1 2 1 0 0 na na
10 59770.133350252869 0.011693254895 cfg1 2 1 0 0 na na
10 59770.168350267871 0.011694709133 cfg1 2 1 0 0 na na
10 59770.176350290857 0.011695066520 cfg1 2 1 0 0 na na
10 59770.183350354371 0.011695351619 cfg1 2 1 0 0 na na
10 59770.187350325799 0.011695523681 cfg1 2 1 0 0 na na
10 59770.201350327834 0.011696119663 cfg1 2 1 0 0 na na
10 59770.213350325926 0.011696634598 cfg1 2 1 0 0 na na
10 59770.219350307780 0.011696872846 cfg1 2 1 0 0 na na
10 59770.231350312716 0.011697384259 cfg1 2 1 0 0 na na
10 59770.252350279484 0.011698267227 cfg1 2 1 0 0 na na
10 59770.338350318817 0.011701895618 cfg1 2 1 0 0 na na
10 59770.344350295922 0.011702135302 cfg1 2 1 0 0 na na
10 59770.350350313242 0.011702396384 cfg1 2 1 0 0 na na
10 59770.356350311758 0.011702654084 cfg1 2 1 0 0 na na
10 59770.359350320819 0.011702777830 cfg1 2 1 0 0 na na
10 59770.365350290973 0.011703043345 cfg1 2 1 0 0 na na
10 59770.371350331476 0.011703283410 cfg1 2 1 0 0 na na
10 59770.387350297858 0.011703954546 cfg1 2 1 0 0 na na
10 59770.420350297241 0.011705359982 cfg1 2 1 0 0 na na
10 59770.429350368090 0.011705741046 cfg1 2 1 0 0 na na
10 59770.445350336637 0.011706409525 cfg1 2 1 0 0 na na
10 59770.451350333547 0.011706653149 cfg1 2 1 0 0 na na
10 59770.459350350794 0.011706992812 cfg1 2 1 0 0 na na
10 59770.506350349903 0.011708983784 cfg1 2 1 0 0 na na
10 59770.510350317354 0.011709160541 cfg1 2 1 0 0 na na
10 59770.516350297801 0.011709414747 cfg1 2 1 0 0 na na
10 59770.525350285616 0.011709790723 cfg1 2 1 0 0 na na
10 59770.546350271139 0.011710681252 cfg1 2 1 0 0 na na
10 59770.548350315854 0.011710752772 cfg1 2 1 0 0 na na
10 59770.573350261888 0.011711794762 cfg1 2 1 0 0 na na
10 59770.584350331911 0.011712269443 cfg1 2 1 0 0 na na
10 59770.585350279362 0.011712317152 cfg1 2 1 0 0 na na
10 59770.615350339225 0.011713592434 cfg1 2 1 0 0 na na
10 59770.626350344233 0.011714047285 cfg1 2 1 0 0 na na
10 59770.646350305947 0.011714898058 cfg1 2 1 0 0 na na
10 59770.673350278436 0.011716025337 cfg1 2 1 0 0 na na
10 59770.724350312514 0.011718186731 cfg1 2 1 0 0 na na
10 59770.738350282459 0.011718753790 cfg1 2 1 0 0 na na
10 59770.742350301724 0.011718924955 cfg1 2 1 0 0 na na
10 59770.745350313219 0.011719073664 cfg1 2 1 0 0 na na
10 59770.747350321389 0.011719147481 cfg1 2 1 0 0 na na
10 59770.756350326925 0.011719514264 cfg1 2 1 0 0 na na
10 59770.807350365973 0.011721681302 cfg1 2 1 0 0 na na
10 59770.818350307231 0.011722154449 cfg1 2 1 0 0 na na
10 59770.845350335282 0.011723287511 cfg1 2 1 0 0 na na
10 59770.850350350728 0.011723504390 cfg1 2 1 0 0 na na
10 59770.853350335412 0.011723632350 cfg1 2 1 0 0 na na
10 59770.859350327661 0.011723871066 cfg1 2 1 0 0 na na
10 59770.876350339518 0.011724591592 cfg1 2 1 0 0 na na
10 59770.887350263488 0.011725043565 cfg1 2 1 0 0 na na
10 59770.888350341954 0.011725095193 cfg1 2 1 0 0 na na
10 59770.907350253221 0.011725903349 cfg1 2 1 0 0 na na
10 59770.913350278570 0.011726137585 cfg1 2 1 0 0 na na
10 59770.914350398575 0.011726187638 cfg1 2 1 0 0 na na
10 59770.915350251504 0.011726235433 cfg1 2 1 0 0 na na
10 59770.960350311839 0.011728131372 cfg1 2 1 0 0 na na
10 59770.975350337043 0.011728770201 cfg1 2 1 0 0 na na
10 59770.977350335207 0.011728849796 cfg1 2 1 0 0 na na
10 59770.999350342205 0.011729769306 cfg1 2 1 0 0 na na
10 59771.011350318032 0.011730289538 cfg1 2 1 0 0 na na
10 59771.035350329030 0.011731311815 cfg1 2 1 0 0 na na
10 59771.088350350958 0.011733523516 cfg1 2 1 0 0 na na
10 59771.093350318485 0.011733737403 cfg1 2 1 0 0 na na
10 59771.098350310675 0.011733948388 cfg1 2 1 0 0 na na
10 59771.111350346574 0.011734509507 cfg1 2 1 0 0 na na
10 59771.126350298109 0.011735127684 cfg1 2 1 0 0 na na
10 59771.134350344766 0.011735483714 cfg1 2 1 0 0 na na
10 59771.152350267118 0.011736235229 cfg1 2 1 0 0 na na
10 59771.157350302693 0.011736440450 cfg1 2 1 0 0 na na
10 59771.168350305664 0.011736925956 cfg1 2 1 0 0 na na
10 59771.192350344152 0.011737921016 cfg1 2 1 0 0 na na
10 59771.202350353555 0.011738342197 cfg1 2 1 0 0 na na
10 59771.257350338166 0.011740667303 cfg1 2 1 0 0 na na
10 59771.261350348593 0.011740849941 cfg1 2 1 0 0 na na
10 59771.265350328400 0.011740996151 cfg1 2 1 0 0 na na
10 59771.288350319953 0.011741979075 cfg1 2 1 0 0 na na
10 59771.304350378606 0.011742652144 cfg1 2 1 0 0 na na
10 59771.316350309468 0.011743173072 cfg1 2 1 0 0 na na
10 59771.338350354602 0.011744094246 cfg1 2 1 0 0 na na
10 59771.374350306377 0.011745604661 cfg1 2 1 0 0 na na
10 59771.390350321473 0.011746286276 cfg1 2 1 0 0 na na
10 59771.397350315020 0.011746569413 cfg1 2 1 0 0 na na
10 59771.399350316783 0.011746660906 cfg1 2 1 0 0 na na
10 59771.404350347338 0.011746871439 cfg1 2 1 0 0 na na
10 59771.419350289588 0.011747513855 cfg1 2 1 0 0 na na
10 59771.425350328639 0.011747774448 cfg1 2 1 0 0 na na
10 59771.459350295271 0.011749186788 cfg1 2 1 0 0 na na
10 59771.465350292449 0.011749448332 cfg1 2 1 0 0 na na
10 59771.480350402841 0.011750081873 cfg1 2 1 0 0 na na
10 59771.488350395785 0.011750413621 cfg1 2 1 0 0 na na
10 59771.505350336828 0.011751140632 cfg1 2 1 0 0 na na
10 59771.519350351902 0.011751734026 cfg1 2 1 0 0 na na
10 59771.526350285103 0.011752041619 cfg1 2 1 0 0 na na
10 59771.540350284947 0.011752626856 cfg1 2 1 0 0 na na
10 59771.541350374295 0.011752654571 cfg1 2 1 0 0 na na
10 59771.549350335011 0.011753006330 cfg1 2 1 0 0 na na
10 59771.574350319927 0.011754070385 cfg1 2 1 0 0 na na
10 59771.587350303507 0.011754599340 cfg1 2 1 0 0 na na
10 59771.637350303675 0.011756712817 cfg1 2 1 0 0 na na
10 59771.651350363327 0.011757308233 cfg1 2 1 0 0 na na
10 59771.655350298241 0.011757477320 cfg1 2 1 0 0 na na
20 59333.000000000000 911.805 290.66 42.10 0
20 59351.000000000000 911.835 290.52 42.10 0
20 59392.000000000000 911.815 290.27 42.00 0
20 59407.000000000000 911.815 290.21 42.00 0
20 59412.000000000000 911.825 290.17 42.00 0
20 59422.000000000000 911.825 290.13 42.20 0
20 59441.000000000000 911.835 290.09 41.80 0
20 59452.000000000000 911.835 290.07 41.80 0
20 59475.000000000000 911.815 290.06 41.70 0
20 59482.000000000000 911.815 290.05 41.20 0
20 59492.000000000000 911.825 290.04 41.60 0
20 59501.000000000000 911.835 290.04 42.10 0
20 59521.000000000000 911.825 290.05 42.50 0
20 59532.000000000000 911.805 290.06 42.20 0
20 59540.000000000000 911.825 290.06 42.40 0
20 59552.000000000000 911.845 290.07 43.20 0
20 59560.000000000000 911.875 290.11 43.40 0
20 59584.000000000000 911.865 290.14 42.10 0
20 59592.000000000000 911.845 290.14 41.50 0
20 59610.000000000000 911.835 290.14 42.00 0
20 59620.000000000000 911.825 290.13 42.20 0
20 59631.000000000000 911.835 290.15 43.40 0
20 59652.000000000000 911.835 290.19 43.50 0
20 59661.000000000000 911.835 290.22 43.70 0
20 59672.000000000000 911.855 290.26 44.00 0
20 59681.000000000000 911.875 290.29 44.40 0
20 59701.000000000000 911.865 290.32 43.40 0
20 59721.000000000000 911.875 290.35 43.70 0
20 59731.000000000000 911.855 290.35 42.50 0
20 59742.000000000000 911.835 290.35 42.60 0
20 59751.000000000000 911.845 290.36 43.20 0
20 59762.000000000000 911.835 290.38 43.80 0
20 59772.000000000000 911.835 290.42 43.60 0
H8
H9
