H1 CRD 2 2025 5 20 8
H2 YEBL 7817 62 01 4 ILRS
C1 0 las2 Nd_YAG 1064.00 1000.00 0.40 10.0 20.00 0
C2 0 det2 SPAD 1064.000 40.00 5.0 0.4 NIM 10.0 0.40 50.0 30.0 none na na na
C3 0 tim1 gps Lantime A033-ET 033201 0.0
C6 0 met1 Vaisala Indigo520 T3430159 Vaisala Indigo520 T3930918 Vaisala Indigo520 T3930918
C0 0 1064.00 cfg1 las2 det2 tim1 met1   
H3 lares2 2208001 5988 53105 0 1 1
H4 0 2025 5 19 16 57 32 2025 5 19 17 9 29 0 0 0 0 0 0 2 0
40 64558.000000000000 0 cfg1 13467 9991 1.038 63359.5 31.0 49.5 0.276 -0.625 -2.6 4 0 0 3 0.0
41 60909.000000000000 0 cfg1 13483 9471 1.038 63344.0 0.0 39.0 0.189 -0.560 2.2 4 0 0 3 4.9
41 68207.000000000000 0 cfg1 13452 10512 1.038 63375.0 0.0 60.0 0.363 -0.690 -7.4 4 0 0 3 5.9
10 61053.015350308638 0.043936390672 cfg1 2 1 0 0 na na
10 61053.025350338746 0.043936360778 cfg1 2 1 0 0 na na
10 61053.033350371291 0.043936352899 cfg1 2 1 0 0 na na
10 61053.040350301931 0.043936330160 cfg1 2 1 0 0 na na
10 61053.043350307434 0.043936323322 cfg1 2 1 0 0 na na
10 61053.056350362299 0.043936300606 cfg1 2 1 0 0 na na
10 61053.064350308412 0.043936298636 cfg1 2 1 0 0 na na
10 61053.065350376136 0.043936276154 cfg1 2 1 0 0 na na
10 61053.074350332041 0.043936285724 cfg1 2 1 0 0 na na
10 61053.087350407477 0.043936244506 cfg1 2 1 0 0 na na
10 61053.097350372734 0.043936241570 cfg1 2 1 0 0 na na
10 61053.210350415093 0.043936009389 cfg1 2 1 0 0 na na
10 61053.762350421549 0.043934940407 cfg1 2 1 0 0 na na
10 61053.837350394589 0.043934796257 cfg1 2 1 0 0 na na
10 61053.874350366757 0.043934715194 cfg1 2 1 0 0 na na
10 61053.901350352450 0.043934649680 cfg1 2 1 0 0 na na
10 61053.915350341798 0.043934637348 cfg1 2 1 0 0 na na
10 61053.923350350288 0.043934613422 cfg1 2 1 0 0 na na
10 61053.934350386691 0.043934603433 cfg1 2 1 0 0 na na
10 61053.939350337235 0.043934586760 cfg1 2 1 0 0 na na
10 61053.940350318818 0.043934573146 cfg1 2 1 0 0 na na
10 61053.947350352734 0.043934567388 cfg1 2 1 0 0 na na
10 61053.958350360474 0.043934537453 cfg1 2 1 0 0 na na
10 61053.988350299221 0.043934476861 cfg1 2 1 0 0 na na
10 61054.005350299960 0.043934451029 cfg1 2 1 0 0 na na
10 61054.022350390155 0.043934424678 cfg1 2 1 0 0 na na
10 61054.048350291620 0.043934380693 cfg1 2 1 0 0 na na
10 61054.085350318676 0.043934302794 cfg1 2 1 0 0 na na
10 61054.122350395653 0.043934215997 cfg1 2 1 0 0 na na
10 61054.130350266569 0.043934200422 cfg1 2 1 0 0 na na
10 61054.140350328156 0.043934207473 cfg1 2 1 0 0 na na
10 61054.141350329143 0.043934205837 cfg1 2 1 0 0 na na
10 61054.147350358545 0.043934168204 cfg1 2 1 0 0 na na
10 61054.157350340836 0.043934160238 cfg1 2 1 0 0 na na
10 61054.201350364335 0.043934083585 cfg1 2 1 0 0 na na
10 61054.220350339035 0.043934045970 cfg1 2 1 0 0 na na
10 61054.246350407254 0.043933987566 cfg1 2 1 0 0 na na
10 61054.307350353434 0.043933863231 cfg1 2 1 0 0 na na
10 61054.308350412214 0.043933857732 cfg1 2 1 0 0 na na
10 61054.328350308533 0.043933830614 cfg1 2 1 0 0 na na
10 61054.378350328632 0.043933738734 cfg1 2 1 0 0 na na
10 61054.389350329607 0.043933704548 cfg1 2 1 0 0 na na
10 61054.392350351899 0.043933698305 cfg1 2 1 0 0 na na
10 61054.406350357601 0.043933693720 cfg1 2 1 0 0 na na
10 61054.408350294859 0.043933669059 cfg1 2 1 0 0 na na
10 61054.413350288892 0.043933676249 cfg1 2 1 0 0 na na
10 61054.429350381200 0.043933633761 cfg1 2 1 0 0 na na
10 61054.443350348761 0.043933609989 cfg1 2 1 0 0 na na
10 61054.465350259531 0.043933562322 cfg1 2 1 0 0 na na
10 61054.504350331784 0.043933477827 cfg1 2 1 0 0 na na
10 61054.532350248236 0.043933443756 cfg1 2 1 0 0 na na
10 61054.545350334923 0.043933407528 cfg1 2 1 0 0 na na
10 61054.550350287247 0.043933388134 cfg1 2 1 0 0 na na
10 61054.553350379273 0.043933388173 cfg1 2 1 0 0 na na
10 61054.556350338091 0.043933380311 cfg1 2 1 0 0 na na
10 61054.585350278889 0.043933337032 cfg1 2 1 0 0 na na
10 61054.590350360428 0.043933336527 cfg1 2 1 0 0 na na
10 61054.625350299242 0.043933261090 cfg1 2 1 0 0 na na
10 61054.640350334364 0.043933223154 cfg1 2 1 0 0 na na
10 61054.644350297747 0.043933216385 cfg1 2 1 0 0 na na
10 61054.693350311266 0.043933127948 cfg1 2 1 0 0 na na
10 61054.714350305116 0.043933086038 cfg1 2 1 0 0 na na
10 61054.778350345115 0.043932950086 cfg1 2 1 0 0 na na
10 61054.788350350559 0.043932945482 cfg1 2 1 0 0 na na
10 61054.790350291791 0.043932934332 cfg1 2 1 0 0 na na
10 61054.801350355656 0.043932911731 cfg1 2 1 0 0 na na
10 61054.804350271419 0.043932915041 cfg1 2 1 0 0 na na
10 61054.823350301226 0.043932868324 cfg1 2 1 0 0 na na
10 61054.860350356659 0.043932805636 cfg1 2 1 0 0 na na
10 61054.881350370597 0.043932749372 cfg1 2 1 0 0 na na
10 61054.900350399648 0.043932731940 cfg1 2 1 0 0 na na
10 61054.933350320210 0.043932673921 cfg1 2 1 0 0 na na
10 61054.941350305724 0.043932643788 cfg1 2 1 0 0 na na
10 61054.956350337617 0.043932622992 cfg1 2 1 0 0 na na
10 61054.960350353267 0.043932614953 cfg1 2 1 0 0 na na
10 61054.971350380576 0.043932595358 cfg1 2 1 0 0 na na
10 61054.983350282596 0.043932564050 cfg1 2 1 0 0 na na
10 61054.989350338103 0.043932544425 cfg1 2 1 0 0 na na
10 61054.995350329928 0.043932542882 cfg1 2 1 0 0 na na
10 61055.035350371818 0.043932472699 cfg1 2 1 0 0 na na
10 61055.073350327647 0.043932390555 cfg1 2 1 0 0 na na
10 61055.100350336486 0.043932337650 cfg1 2 1 0 0 na na
10 61055.106350333885 0.043932327888 cfg1 2 1 0 0 na na
10 61055.120350336245 0.043932306886 cfg1 2 1 0 0 na na
10 61055.123350242168 0.043932304880 cfg1 2 1 0 0 na na
10 61055.175350344979 0.043932190283 cfg1 2 1 0 0 na na
10 61055.187350329339 0.043932161288 cfg1 2 1 0 0 na na
10 61055.194350245536 0.043932166121 cfg1 2 1 0 0 na na
10 61055.215350358004 0.043932129633 cfg1 2 1 0 0 na na
10 61055.236350260578 0.043932071299 cfg1 2 1 0 0 na na
10 61055.250350328910 0.043932061547 cfg1 2 1 0 0 na na
10 61055.275350417624 0.043932005635 cfg1 2 1 0 0 na na
10 61055.285350354206 0.043931979503 cfg1 2 1 0 0 na na
10 61055.333350395435 0.043931886885 cfg1 2 1 0 0 na na
10 61055.337350366994 0.043931882482 cfg1 2 1 0 0 na na
10 61055.341350352622 0.043931871019 cfg1 2 1 0 0 na na
10 61055.387350321327 0.043931772317 cfg1 2 1 0 0 na na
10 61055.394350355673 0.043931783277 cfg1 2 1 0 0 na na
10 61055.416350318263 0.043931719847 cfg1 2 1 0 0 na na
10 61055.435350387475 0.043931684901 cfg1 2 1 0 0 na na
10 61055.461350379601 0.043931656333 cfg1 2 1 0 0 na na
10 61055.486350315954 0.043931607343 cfg1 2 1 0 0 na na
10 61055.503350354990 0.043931573951 cfg1 2 1 0 0 na na
10 61055.524350351378 0.043931533964 cfg1 2 1 0 0 na na
10 61055.540350329652 0.043931479397 cfg1 2 1 0 0 na na
10 61055.556350318593 0.043931451659 cfg1 2 1 0 0 na na
10 61055.589350308203 0.043931390983 cfg1 2 1 0 0 na na
10 61055.592350390300 0.043931396391 cfg1 2 1 0 0 na na
10 61055.596350352185 0.043931394127 cfg1 2 1 0 0 na na
10 61055.644350326862 0.043931285498 cfg1 2 1 0 0 na na
10 61055.671350378874 0.043931238831 cfg1 2 1 0 0 na na
10 61055.690350258100 0.043931204194 cfg1 2 1 0 0 na na
10 61055.706350309693 0.043931171712 cfg1 2 1 0 0 na na
10 61055.707350312205 0.043931167174 cfg1 2 1 0 0 na na
10 61055.744350341588 0.043931106822 cfg1 2 1 0 0 na na
10 61055.747350379384 0.043931101639 cfg1 2 1 0 0 na na
10 61055.775350349573 0.043931053980 cfg1 2 1 0 0 na na
10 61055.777350335856 0.043931030565 cfg1 2 1 0 0 na na
10 61055.789350315907 0.043931012974 cfg1 2 1 0 0 na na
10 61055.811350311756 0.043930970126 cfg1 2 1 0 0 na na
10 61055.813350404598 0.043930975208 cfg1 2 1 0 0 na na
10 61055.847350368764 0.043930907796 cfg1 2 1 0 0 na na
10 61055.851350340861 0.043930887027 cfg1 2 1 0 0 na na
10 61055.854350367645 0.043930894318 cfg1 2 1 0 0 na na
10 61055.866350277383 0.043930860296 cfg1 2 1 0 0 na na
10 61055.869350340468 0.043930868772 cfg1 2 1 0 0 na na
10 61055.892350335330 0.043930813610 cfg1 2 1 0 0 na na
10 61055.899350354862 0.043930799597 cfg1 2 1 0 0 na na
10 61055.913350326245 0.043930786793 cfg1 2 1 0 0 na na
10 61055.944350280814 0.043930715501 cfg1 2 1 0 0 na na
10 61055.945350270746 0.043930701114 cfg1 2 1 0 0 na na
10 61055.973350264410 0.043930652532 cfg1 2 1 0 0 na na
10 61055.997350338179 0.043930615582 cfg1 2 1 0 0 na na
10 61056.002350344998 0.043930609281 cfg1 2 1 0 0 na na
10 61056.009350243793 0.043930603163 cfg1 2 1 0 0 na na
10 61056.019350285613 0.043930571517 cfg1 2 1 0 0 na na
10 61056.029350358252 0.043930550548 cfg1 2 1 0 0 na na
10 61056.040350251619 0.043930540383 cfg1 2 1 0 0 na na
10 61056.061350351610 0.043930485948 cfg1 2 1 0 0 na na
10 61056.076350289882 0.043930464267 cfg1 2 1 0 0 na na
10 61056.100350306640 0.043930420984 cfg1 2 1 0 0 na na
10 61056.115350368553 0.043930393686 cfg1 2 1 0 0 na na
10 61056.132350382611 0.043930351510 cfg1 2 1 0 0 na na
10 61056.145350416787 0.043930346715 cfg1 2 1 0 0 na na
10 61056.161350336504 0.043930287004 cfg1 2 1 0 0 na na
10 61056.166350387282 0.043930292677 cfg1 2 1 0 0 na na
10 61056.206350343758 0.043930204620 cfg1 2 1 0 0 na na
10 61056.223350329722 0.043930177708 cfg1 2 1 0 0 na na
10 61056.258350308909 0.043930126645 cfg1 2 1 0 0 na na
10 61056.274350302272 0.043930075628 cfg1 2 1 0 0 na na
10 61056.292350339609 0.043930055950 cfg1 2 1 0 0 na na
10 61056.298350447033 0.043930037510 cfg1 2 1 0 0 na na
10 61056.308350368611 0.043930022315 cfg1 2 1 0 0 na na
10 61056.312350344961 0.043930015915 cfg1 2 1 0 0 na na
10 61056.324350276927 0.043929994816 cfg1 2 1 0 0 na na
10 61056.362350308671 0.043929903559 cfg1 2 1 0 0 na na
10 61056.376350315389 0.043929890914 cfg1 2 1 0 0 na na
10 61056.381350338093 0.043929882177 cfg1 2 1 0 0 na na
10 61056.394350299002 0.043929854438 cfg1 2 1 0 0 na na
10 61056.395350299438 0.043929846979 cfg1 2 1 0 0 na na
10 61056.410350313739 0.043929814973 cfg1 2 1 0 0 na na
10 61056.428350373185 0.043929804917 cfg1 2 1 0 0 na na
10 61056.447350243067 0.043929768632 cfg1 2 1 0 0 na na
10 61056.468350397438 0.043929708516 cfg1 2 1 0 0 na na
10 61056.472350304453 0.043929715111 cfg1 2 1 0 0 na na
10 61056.488350385715 0.043929681847 cfg1 2 1 0 0 na na
10 61056.531350384837 0.043929585818 cfg1 2 1 0 0 na na
10 61056.536350365135 0.043929578464 cfg1 2 1 0 0 na na
10 61056.537350300037 0.043929571500 cfg1 2 1 0 0 na na
10 61056.547350327749 0.043929566802 cfg1 2 1 0 0 na na
10 61056.558350307356 0.043929541159 cfg1 2 1 0 0 na na
10 61056.563350343043 0.043929540658 cfg1 2 1 0 0 na na
10 61056.567350381903 0.043929532856 cfg1 2 1 0 0 na na
10 61056.569350297466 0.043929532271 cfg1 2 1 0 0 na na
10 61056.574350362957 0.043929522480 cfg1 2 1 0 0 na na
10 61056.584350274022 0.043929501803 cfg1 2 1 0 0 na na
10 61056.601350300394 0.043929447384 cfg1 2 1 0 0 na na
10 61056.602350288005 0.043929444760 cfg1 2 1 0 0 na na
10 61056.636350291365 0.043929381946 cfg1 2 1 0 0 na na
10 61056.653350420831 0.043929346836 cfg1 2 1 0 0 na na
10 61056.656350284988 0.043929353109 cfg1 2 1 0 0 na na
10 61056.690350357686 0.043929298160 cfg1 2 1 0 0 na na
10 61056.704350300376 0.043929260846 cfg1 2 1 0 0 na na
10 61056.709350277930 0.043929243525 cfg1 2 1 0 0 na na
10 61056.723350350679 0.043929238283 cfg1 2 1 0 0 na na
10 61056.741350325322 0.043929202281 cfg1 2 1 0 0 na na
10 61056.763350319816 0.043929152620 cfg1 2 1 0 0 na na
10 61056.765350329543 0.043929150300 cfg1 2 1 0 0 na na
10 61056.789350322449 0.043929102700 cfg1 2 1 0 0 na na
10 61056.799350344637 0.043929069211 cfg1 2 1 0 0 na na
10 61056.806350329051 0.043929075935 cfg1 2 1 0 0 na na
10 61056.815350329849 0.043929060208 cfg1 2 1 0 0 na na
10 61056.826350368140 0.043929019000 cfg1 2 1 0 0 na na
10 61056.850350374225 0.043928986520 cfg1 2 1 0 0 na na
10 61056.859350283259 0.043928983017 cfg1 2 1 0 0 na na
10 61056.896350374938 0.043928905882 cfg1 2 1 0 0 na na
10 61056.929350314084 0.043928840954 cfg1 2 1 0 0 na na
10 61056.941350326144 0.043928798040 cfg1 2 1 0 0 na na
10 61056.942350245350 0.043928821738 cfg1 2 1 0 0 na na
10 61056.946350320702 0.043928800980 cfg1 2 1 0 0 na na
10 61056.973350373769 0.043928742753 cfg1 2 1 0 0 na na
10 61056.979350250239 0.043928746664 cfg1 2 1 0 0 na na
10 61056.992350294703 0.043928713966 cfg1 2 1 0 0 na na
10 61057.040350257475 0.043928634551 cfg1 2 1 0 0 na na
10 61057.050350368729 0.043928613346 cfg1 2 1 0 0 na na
10 61057.054350297812 0.043928609231 cfg1 2 1 0 0 na na
10 61057.098350265593 0.043928506415 cfg1 2 1 0 0 na na
10 61057.101350326726 0.043928522639 cfg1 2 1 0 0 na na
10 61057.102350281417 0.043928510585 cfg1 2 1 0 0 na na
10 61057.105350271556 0.043928515346 cfg1 2 1 0 0 na na
10 61057.117350418623 0.043928478719 cfg1 2 1 0 0 na na
10 61057.118350274478 0.043928485632 cfg1 2 1 0 0 na na
10 61057.128350271457 0.043928456167 cfg1 2 1 0 0 na na
10 61057.151350344516 0.043928409225 cfg1 2 1 0 0 na na
10 61057.155350367967 0.043928401311 cfg1 2 1 0 0 na na
10 61057.157350298947 0.043928413479 cfg1 2 1 0 0 na na
10 61057.167350266121 0.043928397716 cfg1 2 1 0 0 na na
10 61057.168350381020 0.043928372401 cfg1 2 1 0 0 na na
10 61057.230350266477 0.043928250291 cfg1 2 1 0 0 na na
10 61057.290350266433 0.043928140481 cfg1 2 1 0 0 na na
10 61057.303350267036 0.043928114995 cfg1 2 1 0 0 na na
10 61057.311350389025 0.043928115697 cfg1 2 1 0 0 na na
10 61057.321350300006 0.043928094989 cfg1 2 1 0 0 na na
10 61057.336350371913 0.043928050449 cfg1 2 1 0 0 na na
10 61057.355350251717 0.043928030259 cfg1 2 1 0 0 na na
10 61057.371350393562 0.043927983870 cfg1 2 1 0 0 na na
10 61057.372350323153 0.043927985556 cfg1 2 1 0 0 na na
10 61057.375350338031 0.043927973772 cfg1 2 1 0 0 na na
10 61057.376350399063 0.043927972243 cfg1 2 1 0 0 na na
10 61057.383350333187 0.043927970850 cfg1 2 1 0 0 na na
10 61057.404350328715 0.043927938141 cfg1 2 1 0 0 na na
10 61057.435350363518 0.043927878336 cfg1 2 1 0 0 na na
10 61057.439350301766 0.043927875665 cfg1 2 1 0 0 na na
10 61057.446350344765 0.043927853271 cfg1 2 1 0 0 na na
10 61057.458350379238 0.043927839531 cfg1 2 1 0 0 na na
10 61057.463350272372 0.043927813341 cfg1 2 1 0 0 na na
10 61057.489350321323 0.043927769171 cfg1 2 1 0 0 na na
10 61057.509350309249 0.043927725293 cfg1 2 1 0 0 na na
10 61057.522350303370 0.043927722128 cfg1 2 1 0 0 na na
10 61057.568350349045 0.043927636707 cfg1 2 1 0 0 na na
10 61057.594350395898 0.043927580158 cfg1 2 1 0 0 na na
10 61057.602350286396 0.043927551040 cfg1 2 1 0 0 na na
10 61057.605350271624 0.043927545418 cfg1 2 1 0 0 na na
10 61057.616350392484 0.043927523003 cfg1 2 1 0 0 na na
10 61057.624350361335 0.043927503591 cfg1 2 1 0 0 na na
10 61057.627350268474 0.043927511669 cfg1 2 1 0 0 na na
10 61057.658350290561 0.043927448461 cfg1 2 1 0 0 na na
10 61057.666350318818 0.043927429226 cfg1 2 1 0 0 na na
10 61057.692350364843 0.043927383817 cfg1 2 1 0 0 na na
10 61057.696350272773 0.043927371086 cfg1 2 1 0 0 na na
10 61057.729350324516 0.043927319982 cfg1 2 1 0 0 na na
10 61057.752350289393 0.043927278743 cfg1 2 1 0 0 na na
10 61057.765350411306 0.043927241675 cfg1 2 1 0 0 na na
10 61057.795350296334 0.043927199844 cfg1 2 1 0 0 na na
10 61057.838350348104 0.043927124753 cfg1 2 1 0 0 na na
10 61057.889350246700 0.043927025282 cfg1 2 1 0 0 na na
10 61057.920350305279 0.043926957234 cfg1 2 1 0 0 na na
10 61057.926350250340 0.043926952088 cfg1 2 1 0 0 na na
10 61057.940350330903 0.043926910074 cfg1 2 1 0 0 na na
10 61057.966350331461 0.043926865514 cfg1 2 1 0 0 na na
10 61057.969350307075 0.043926862776 cfg1 2 1 0 0 na na
10 61057.979350343470 0.043926858199 cfg1 2 1 0 0 na na
10 61057.994350259769 0.043926821815 cfg1 2 1 0 0 na na
10 61058.008350312422 0.043926786565 cfg1 2 1 0 0 na na
10 61058.053350298791 0.043926708565 cfg1 2 1 0 0 na na
10 61058.077350301826 0.043926673975 cfg1 2 1 0 0 na na
10 61058.127350385090 0.043926556535 cfg1 2 1 0 0 na na
10 61058.129350352155 0.043926546965 cfg1 2 1 0 0 na na
10 61058.141350286903 0.043926525574 cfg1 2 1 0 0 na na
10 61058.158350423661 0.043926494064 cfg1 2 1 0 0 na na
10 61058.161350295199 0.043926510291 cfg1 2 1 0 0 na na
10 61058.166350318635 0.043926491175 cfg1 2 1 0 0 na na
10 61058.176350330513 0.043926470076 cfg1 2 1 0 0 na na
10 61058.214350300159 0.043926411156 cfg1 2 1 0 0 na na
10 61058.226350380100 0.043926379845 cfg1 2 1 0 0 na na
10 61058.253350359785 0.043926315610 cfg1 2 1 0 0 na na
10 61058.255350269517 0.043926312387 cfg1 2 1 0 0 na na
10 61058.267350400528 0.043926301482 cfg1 2 1 0 0 na na
10 61058.299350332808 0.043926228780 cfg1 2 1 0 0 na na
10 61058.321350264138 0.043926192429 cfg1 2 1 0 0 na na
10 61058.339350264177 0.043926161962 cfg1 2 1 0 0 na na
10 61058.371350274789 0.043926101366 cfg1 2 1 0 0 na na
10 61058.450350323181 0.043925943715 cfg1 2 1 0 0 na na
10 61058.455350322219 0.043925960607 cfg1 2 1 0 0 na na
10 61058.464350328139 0.043925933492 cfg1 2 1 0 0 na na
10 61058.483350267537 0.043925884273 cfg1 2 1 0 0 na na
10 61058.524350279133 0.043925803066 cfg1 2 1 0 0 na na
10 61058.569350352826 0.043925732786 cfg1 2 1 0 0 na na
10 61058.581350343010 0.043925695777 cfg1 2 1 0 0 na na
10 61058.611350377596 0.043925649686 cfg1 2 1 0 0 na na
10 61058.626350308731 0.043925615436 cfg1 2 1 0 0 na na
10 61058.653350326984 0.043925562459 cfg1 2 1 0 0 na na
10 61058.739350263874 0.043925424830 cfg1 2 1 0 0 na na
10 61058.740350360854 0.043925403129 cfg1 2 1 0 0 na na
10 61058.758350289830 0.043925377899 cfg1 2 1 0 0 na na
10 61058.777350308137 0.043925356375 cfg1 2 1 0 0 na na
10 61058.802350304914 0.043925284865 cfg1 2 1 0 0 na na
10 61058.816350254095 0.043925282760 cfg1 2 1 0 0 na na
10 61058.826350361186 0.043925258921 cfg1 2 1 0 0 na na
10 61058.829350258580 0.043925238370 cfg1 2 1 0 0 na na
10 61058.856350424332 0.043925204842 cfg1 2 1 0 0 na na
10 61058.859350372906 0.043925196321 cfg1 2 1 0 0 na na
10 61058.870350322530 0.043925166304 cfg1 2 1 0 0 na na
10 61058.887350297433 0.043925148162 cfg1 2 1 0 0 na na
10 61058.889350322139 0.043925134487 cfg1 2 1 0 0 na na
10 61058.934350262954 0.043925039230 cfg1 2 1 0 0 na na
10 61058.978350346170 0.043924960446 cfg1 2 1 0 0 na na
10 61058.989350299648 0.043924945046 cfg1 2 1 0 0 na na
10 61058.992350266425 0.043924925529 cfg1 2 1 0 0 na na
10 61058.998350398313 0.043924931172 cfg1 2 1 0 0 na na
10 61059.009350311019 0.043924896072 cfg1 2 1 0 0 na na
10 61059.044350336294 0.043924848994 cfg1 2 1 0 0 na na
10 61059.117350319359 0.043924688625 cfg1 2 1 0 0 na na
10 61059.130350368168 0.043924692187 cfg1 2 1 0 0 na na
10 61059.148350312823 0.043924632980 cfg1 2 1 0 0 na na
10 61059.152350287500 0.043924637563 cfg1 2 1 0 0 na na
10 61059.163350336912 0.043924602338 cfg1 2 1 0 0 na na
10 61059.167350265614 0.043924596509 cfg1 2 1 0 0 na na
10 61059.183350363965 0.043924591340 cfg1 2 1 0 0 na na
10 61059.259350364938 0.043924430807 cfg1 2 1 0 0 na na
10 61059.263350361830 0.043924415043 cfg1 2 1 0 0 na na
10 61059.300350388336 0.043924351705 cfg1 2 1 0 0 na na
10 61059.301350281975 0.043924351790 cfg1 2 1 0 0 na na
10 61059.321350339492 0.043924332724 cfg1 2 1 0 0 na na
10 61059.329350375918 0.043924319564 cfg1 2 1 0 0 na na
10 61059.358350320379 0.043924242217 cfg1 2 1 0 0 na na
10 61059.401350354965 0.043924162778 cfg1 2 1 0 0 na na
10 61059.403350310754 0.043924180432 cfg1 2 1 0 0 na na
10 61059.404350308265 0.043924170249 cfg1 2 1 0 0 na na
10 61059.408350256058 0.043924155502 cfg1 2 1 0 0 na na
10 61059.420350369872 0.043924124692 cfg1 2 1 0 0 na na
10 61059.433350347125 0.043924097125 cfg1 2 1 0 0 na na
10 61059.435350422958 0.043924120049 cfg1 2 1 0 0 na na
10 61059.443350426427 0.043924081707 cfg1 2 1 0 0 na na
10 61059.444350357699 0.043924079092 cfg1 2 1 0 0 na na
10 61059.450350316551 0.043924070895 cfg1 2 1 0 0 na na
10 61059.455350372276 0.043924063885 cfg1 2 1 0 0 na na
10 61059.471350349464 0.043924052862 cfg1 2 1 0 0 na na
10 61059.503350378271 0.043923969440 cfg1 2 1 0 0 na na
10 61059.510350375211 0.043923970347 cfg1 2 1 0 0 na na
10 61059.511350298775 0.043923956968 cfg1 2 1 0 0 na na
10 61059.544350418518 0.043923899943 cfg1 2 1 0 0 na na
10 61059.618350283385 0.043923772892 cfg1 2 1 0 0 na na
10 61059.639350271344 0.043923719256 cfg1 2 1 0 0 na na
10 61059.654350348649 0.043923691875 cfg1 2 1 0 0 na na
10 61059.664350378389 0.043923676771 cfg1 2 1 0 0 na na
10 61059.708350348881 0.043923598879 cfg1 2 1 0 0 na na
10 61059.720350266199 0.043923565719 cfg1 2 1 0 0 na na
10 61059.729350394897 0.043923554233 cfg1 2 1 0 0 na na
10 61059.741350380285 0.043923546429 cfg1 2 1 0 0 na na
10 61059.762350302432 0.043923484197 cfg1 2 1 0 0 na na
10 61059.782350272928 0.043923461632 cfg1 2 1 0 0 na na
10 61059.792350389297 0.043923453742 cfg1 2 1 0 0 na na
10 61059.810350361796 0.043923417085 cfg1 2 1 0 0 na na
10 61059.812350316539 0.043923398805 cfg1 2 1 0 0 na na
10 61059.814350311574 0.043923389189 cfg1 2 1 0 0 na na
10 61059.857350327308 0.043923325638 cfg1 2 1 0 0 na na
10 61059.859350275290 0.043923330084 cfg1 2 1 0 0 na na
10 61060.005350361413 0.043923034509 cfg1 2 1 0 0 na na
10 61060.028350281367 0.043922991997 cfg1 2 1 0 0 na na
10 61060.049350318422 0.043922973600 cfg1 2 1 0 0 na na
10 61060.052350344827 0.043922968601 cfg1 2 1 0 0 na na
10 61060.077350266570 0.043922900568 cfg1 2 1 0 0 na na
10 61060.103350408728 0.043922859701 cfg1 2 1 0 0 na na
10 61060.130350320889 0.043922812004 cfg1 2 1 0 0 na na
10 61060.172350311650 0.043922747462 cfg1 2 1 0 0 na na
10 61060.189350332901 0.043922702370 cfg1 2 1 0 0 na na
10 61060.195350273174 0.043922701071 cfg1 2 1 0 0 na na
10 61060.243350356124 0.043922603087 cfg1 2 1 0 0 na na
10 61060.266350348812 0.043922553555 cfg1 2 1 0 0 na na
10 61060.310350303711 0.043922479981 cfg1 2 1 0 0 na na
10 61060.323350269908 0.043922441823 cfg1 2 1 0 0 na na
10 61060.332350371491 0.043922421806 cfg1 2 1 0 0 na na
10 61060.360350351587 0.043922385049 cfg1 2 1 0 0 na na
10 61060.362350314065 0.043922390602 cfg1 2 1 0 0 na na
10 61060.377350309702 0.043922343590 cfg1 2 1 0 0 na na
10 61060.415350367336 0.043922268816 cfg1 2 1 0 0 na na
10 61060.436350357620 0.043922240351 cfg1 2 1 0 0 na na
10 61060.457350340083 0.043922215171 cfg1 2 1 0 0 na na
10 61060.462350337436 0.043922181167 cfg1 2 1 0 0 na na
10 61060.490350318111 0.043922156807 cfg1 2 1 0 0 na na
10 61060.556350261632 0.043922015217 cfg1 2 1 0 0 na na
10 61060.572350331956 0.043922001869 cfg1 2 1 0 0 na na
10 61060.599350361637 0.043921930328 cfg1 2 1 0 0 na na
10 61060.672350292976 0.043921797923 cfg1 2 1 0 0 na na
10 61060.793350343919 0.043921586829 cfg1 2 1 0 0 na na
10 61060.811350313524 0.043921543989 cfg1 2 1 0 0 na na
10 61060.828350407679 0.043921529721 cfg1 2 1 0 0 na na
10 61060.840350344990 0.043921486139 cfg1 2 1 0 0 na na
10 61060.841350319132 0.043921498364 cfg1 2 1 0 0 na na
10 61060.846350335675 0.043921484059 cfg1 2 1 0 0 na na
10 61060.863350324771 0.043921459074 cfg1 2 1 0 0 na na
10 61060.873350345169 0.043921426975 cfg1 2 1 0 0 na na
10 61060.885350292455 0.043921415321 cfg1 2 1 0 0 na na
10 61060.897350347016 0.043921382663 cfg1 2 1 0 0 na na
10 61060.900350296859 0.043921397537 cfg1 2 1 0 0 na na
10 61060.914350275895 0.043921346775 cfg1 2 1 0 0 na na
10 61060.927350364992 0.043921339797 cfg1 2 1 0 0 na na
10 61060.945350323962 0.043921305398 cfg1 2 1 0 0 na na
10 61060.957350300044 0.043921276990 cfg1 2 1 0 0 na na
10 61061.016350363810 0.043921177965 cfg1 2 1 0 0 na na
10 61061.019350379810 0.043921161329 cfg1 2 1 0 0 na na
10 61061.022350257659 0.043921167242 cfg1 2 1 0 0 na na
10 61061.037350351194 0.043921116091 cfg1 2 1 0 0 na na
10 61061.050350327592 0.043921110746 cfg1 2 1 0 0 na na
10 61061.059350301166 0.043921098243 cfg1 2 1 0 0 na na
10 61061.109350261068 0.043920993442 cfg1 2 1 0 0 na na
10 61061.159350372099 0.043920899122 cfg1 2 1 0 0 na na
10 61061.205350381631 0.043920808975 cfg1 2 1 0 0 na na
10 61061.219350331469 0.043920801812 cfg1 2 1 0 0 na na
10 61061.231350368266 0.043920780080 cfg1 2 1 0 0 na na
10 61061.234350312463 0.043920760346 cfg1 2 1 0 0 na na
10 61061.241350343730 0.043920742515 cfg1 2 1 0 0 na na
10 61061.246350359412 0.043920751598 cfg1 2 1 0 0 na na
10 61061.277350326761 0.043920688282 cfg1 2 1 0 0 na na
10 61061.311350267207 0.043920611566 cfg1 2 1 0 0 na na
10 61061.320350354668 0.043920599958 cfg1 2 1 0 0 na na
10 61061.329350374322 0.043920577967 cfg1 2 1 0 0 na na
10 61061.342350323872 0.043920569480 cfg1 2 1 0 0 na na
10 61061.346350331260 0.043920553765 cfg1 2 1 0 0 na na
10 61061.347350303306 0.043920554030 cfg1 2 1 0 0 na na
10 61061.354350361968 0.043920542353 cfg1 2 1 0 0 na na
10 61061.357350352907 0.043920543726 cfg1 2 1 0 0 na na
10 61061.364350363995 0.043920534162 cfg1 2 1 0 0 na na
10 61061.380350301042 0.043920500914 cfg1 2 1 0 0 na na
10 61061.391350308607 0.043920490866 cfg1 2 1 0 0 na na
10 61061.401350381942 0.043920465323 cfg1 2 1 0 0 na na
10 61061.452350374825 0.043920350139 cfg1 2 1 0 0 na na
10 61061.476350353166 0.043920325369 cfg1 2 1 0 0 na na
10 61061.510350315105 0.043920248410 cfg1 2 1 0 0 na na
10 61061.566350376679 0.043920153183 cfg1 2 1 0 0 na na
10 61061.579350278886 0.043920125507 cfg1 2 1 0 0 na na
10 61061.582350315939 0.043920114603 cfg1 2 1 0 0 na na
10 61061.597350290116 0.043920081790 cfg1 2 1 0 0 na na
10 61061.628350314775 0.043920046808 cfg1 2 1 0 0 na na
10 61061.644350315775 0.043920023359 cfg1 2 1 0 0 na na
10 61061.659350342977 0.043919972966 cfg1 2 1 0 0 na na
10 61061.712350297611 0.043919877526 cfg1 2 1 0 0 na na
10 61061.744350358811 0.043919836431 cfg1 2 1 0 0 na na
10 61061.759350339147 0.043919797568 cfg1 2 1 0 0 na na
10 61061.794350357593 0.043919747459 cfg1 2 1 0 0 na na
10 61061.800350292352 0.043919725639 cfg1 2 1 0 0 na na
10 61061.812350353753 0.043919697351 cfg1 2 1 0 0 na na
10 61061.821350305167 0.043919677947 cfg1 2 1 0 0 na na
10 61061.830350360583 0.043919665483 cfg1 2 1 0 0 na na
10 61061.831350385325 0.043919679659 cfg1 2 1 0 0 na na
10 61061.843350290508 0.043919649663 cfg1 2 1 0 0 na na
10 61061.893350353245 0.043919556249 cfg1 2 1 0 0 na na
10 61061.936350359151 0.043919468250 cfg1 2 1 0 0 na na
10 61061.939350300781 0.043919476978 cfg1 2 1 0 0 na na
10 61061.953350299544 0.043919431809 cfg1 2 1 0 0 na na
10 61061.964350344066 0.043919429100 cfg1 2 1 0 0 na na
10 61062.017350335495 0.043919323452 cfg1 2 1 0 0 na na
10 61062.024350321361 0.043919324750 cfg1 2 1 0 0 na na
10 61062.038350277592 0.043919291808 cfg1 2 1 0 0 na na
10 61062.090350313141 0.043919202383 cfg1 2 1 0 0 na na
10 61062.098350332012 0.043919171447 cfg1 2 1 0 0 na na
10 61062.119350360742 0.043919124412 cfg1 2 1 0 0 na na
10 61062.135350392561 0.043919114591 cfg1 2 1 0 0 na na
10 61062.186350377158 0.043919024975 cfg1 2 1 0 0 na na
10 61062.197350269581 0.043918982255 cfg1 2 1 0 0 na na
10 61062.334350373237 0.043918740292 cfg1 2 1 0 0 na na
10 61062.336350338974 0.043918750605 cfg1 2 1 0 0 na na
10 61062.364350350040 0.043918688290 cfg1 2 1 0 0 na na
10 61062.402350375184 0.043918610640 cfg1 2 1 0 0 na na
10 61062.423350306205 0.043918573092 cfg1 2 1 0 0 na na
10 61062.453350326385 0.043918536216 cfg1 2 1 0 0 na na
10 61062.468350346800 0.043918505303 cfg1 2 1 0 0 na na
10 61062.501350307250 0.043918441982 cfg1 2 1 0 0 na na
10 61062.533350331532 0.043918392470 cfg1 2 1 0 0 na na
10 61062.562350352577 0.043918339204 cfg1 2 1 0 0 na na
10 61062.619350342119 0.043918226884 cfg1 2 1 0 0 na na
10 61062.649350353486 0.043918173768 cfg1 2 1 0 0 na na
10 61062.808350328473 0.043917876214 cfg1 2 1 0 0 na na
10 61062.847350378088 0.043917800750 cfg1 2 1 0 0 na na
10 61062.935350321618 0.043917636302 cfg1 2 1 0 0 na na
10 61063.081350388359 0.043917375663 cfg1 2 1 0 0 na na
10 61063.279350308000 0.043917023958 cfg1 2 1 0 0 na na
10 61063.341350385118 0.043916910213 cfg1 2 1 0 0 na na
10 61063.438350308797 0.043916719498 cfg1 2 1 0 0 na na
10 61063.440350323671 0.043916722666 cfg1 2 1 0 0 na na
10 61063.463350312866 0.043916674131 cfg1 2 1 0 0 na na
10 61063.518350323017 0.043916595211 cfg1 2 1 0 0 na na
10 61063.539350278404 0.043916553749 cfg1 2 1 0 0 na na
10 61063.554350281200 0.043916514504 cfg1 2 1 0 0 na na
10 61063.564350354250 0.043916500429 cfg1 2 1 0 0 na na
10 61063.618350330791 0.043916403425 cfg1 2 1 0 0 na na
10 61063.638350265384 0.043916363396 cfg1 2 1 0 0 na na
10 61063.656350306520 0.043916319564 cfg1 2 1 0 0 na na
10 61063.663350371432 0.043916307299 cfg1 2 1 0 0 na na
10 61063.855350318133 0.043915980251 cfg1 2 1 0 0 na na
10 61063.889350339543 0.043915897677 cfg1 2 1 0 0 na na
10 61063.936350304921 0.043915829974 cfg1 2 1 0 0 na na
10 61063.958350377082 0.043915782758 cfg1 2 1 0 0 na na
10 61063.960350283089 0.043915780875 cfg1 2 1 0 0 na na
10 61064.120350287643 0.043915488993 cfg1 2 1 0 0 na na
10 61064.181350371490 0.043915369307 cfg1 2 1 0 0 na na
10 61064.185350341050 0.043915367932 cfg1 2 1 0 0 na na
10 61064.196350359273 0.043915357626 cfg1 2 1 0 0 na na
10 61064.302350250446 0.043915173464 cfg1 2 1 0 0 na na
10 61064.317350336567 0.043915149839 cfg1 2 1 0 0 na na
10 61064.363350398825 0.043915067542 cfg1 2 1 0 0 na na
10 61064.381350247993 0.043915028815 cfg1 2 1 0 0 na na
10 61064.391350297316 0.043915014276 cfg1 2 1 0 0 na na
10 61064.441350269909 0.043914917487 cfg1 2 1 0 0 na na
10 61064.466350283278 0.043914862910 cfg1 2 1 0 0 na na
10 61064.479350348649 0.043914852073 cfg1 2 1 0 0 na na
10 61064.495350311028 0.043914804480 cfg1 2 1 0 0 na na
10 61064.511350325493 0.043914794980 cfg1 2 1 0 0 na na
10 61064.557350370042 0.043914719741 cfg1 2 1 0 0 na na
10 61064.613350297532 0.043914619084 cfg1 2 1 0 0 na na
10 61064.725350310782 0.043914407017 cfg1 2 1 0 0 na na
10 61064.839350341773 0.043914199766 cfg1 2 1 0 0 na na
10 61064.895350386440 0.043914106553 cfg1 2 1 0 0 na na
10 61064.947350266805 0.043913989871 cfg1 2 1 0 0 na na
10 61065.041350361498 0.043913835371 cfg1 2 1 0 0 na na
10 61065.104350303321 0.043913725528 cfg1 2 1 0 0 na na
10 61065.141350293574 0.043913661705 cfg1 2 1 0 0 na na
10 61065.203350347296 0.043913556723 cfg1 2 1 0 0 na na
10 61065.271350284290 0.043913434750 cfg1 2 1 0 0 na na
10 61065.298350291003 0.043913366049 cfg1 2 1 0 0 na na
10 61065.322350262857 0.043913319002 cfg1 2 1 0 0 na na
10 61065.373350326008 0.043913227610 cfg1 2 1 0 0 na na
10 61065.380350378486 0.043913217515 cfg1 2 1 0 0 na na
10 61065.453350311802 0.043913093405 cfg1 2 1 0 0 na na
10 61065.475350298460 0.043913063644 cfg1 2 1 0 0 na na
10 61065.503350322726 0.043913009444 cfg1 2 1 0 0 na na
10 61065.543350346567 0.043912949788 cfg1 2 1 0 0 na na
10 61065.551350329052 0.043912918767 cfg1 2 1 0 0 na na
10 61065.561350354218 0.043912914464 cfg1 2 1 0 0 na na
10 61065.597350360952 0.043912848125 cfg1 2 1 0 0 na na
10 61065.658350371087 0.043912738474 cfg1 2 1 0 0 na na
10 61065.738350323809 0.043912597374 cfg1 2 1 0 0 na na
10 61065.748350322572 0.043912577305 cfg1 2 1 0 0 na na
10 61065.905350393083 0.043912303411 cfg1 2 1 0 0 na na
10 61066.007350337186 0.043912107488 cfg1 2 1 0 0 na na
10 61066.012350365476 0.043912095918 cfg1 2 1 0 0 na na
10 61066.022350299779 0.043912066847 cfg1 2 1 0 0 na na
10 61066.024350314427 0.043912078262 cfg1 2 1 0 0 na na
10 61066.132350350891 0.043911879028 cfg1 2 1 0 0 na na
10 61066.162350338051 0.043911829458 cfg1 2 1 0 0 na na
10 61066.168350257882 0.043911814149 cfg1 2 1 0 0 na na
10 61066.182350369479 0.043911801680 cfg1 2 1 0 0 na na
10 61066.201350328331 0.043911754436 cfg1 2 1 0 0 na na
10 61066.264350242419 0.043911659848 cfg1 2 1 0 0 na na
10 61066.328350381018 0.043911544108 cfg1 2 1 0 0 na na
10 61066.349350311174 0.043911510460 cfg1 2 1 0 0 na na
10 61066.353350354708 0.043911476990 cfg1 2 1 0 0 na na
10 61066.359350326575 0.043911484451 cfg1 2 1 0 0 na na
10 61066.364350343785 0.043911461248 cfg1 2 1 0 0 na na
10 61066.372350349118 0.043911456231 cfg1 2 1 0 0 na na
10 61066.430350315810 0.043911346557 cfg1 2 1 0 0 na na
10 61066.462350351549 0.043911297581 cfg1 2 1 0 0 na na
10 61066.501350372643 0.043911230826 cfg1 2 1 0 0 na na
10 61066.585350385515 0.043911084834 cfg1 2 1 0 0 na na
10 61066.598350357004 0.043911045390 cfg1 2 1 0 0 na na
10 61066.614350316333 0.043911016757 cfg1 2 1 0 0 na na
10 61066.729350266571 0.043910810270 cfg1 2 1 0 0 na na
10 61066.750350265433 0.043910771390 cfg1 2 1 0 0 na na
10 61066.799350318774 0.043910686558 cfg1 2 1 0 0 na na
10 61066.899350333820 0.043910520858 cfg1 2 1 0 0 na na
10 61066.907350269336 0.043910500588 cfg1 2 1 0 0 na na
10 61066.961350261693 0.043910405326 cfg1 2 1 0 0 na na
10 61066.970350326197 0.043910403132 cfg1 2 1 0 0 na na
10 61066.993350376028 0.043910356009 cfg1 2 1 0 0 na na
10 61067.005350336650 0.043910335344 cfg1 2 1 0 0 na na
10 61067.038350321725 0.043910266859 cfg1 2 1 0 0 na na
10 61067.050350360223 0.043910257701 cfg1 2 1 0 0 na na
10 61067.086350311200 0.043910181339 cfg1 2 1 0 0 na na
10 61067.135350318270 0.043910103464 cfg1 2 1 0 0 na na
10 61067.182350374225 0.043910032609 cfg1 2 1 0 0 na na
10 61067.327350326210 0.043909753247 cfg1 2 1 0 0 na na
10 61067.344350276338 0.043909729710 cfg1 2 1 0 0 na na
10 61067.429350285608 0.043909580183 cfg1 2 1 0 0 na na
10 61067.444350373486 0.043909564122 cfg1 2 1 0 0 na na
10 61067.469350364875 0.043909513752 cfg1 2 1 0 0 na na
10 61067.535350389928 0.043909396322 cfg1 2 1 0 0 na na
10 61067.550350340075 0.043909383561 cfg1 2 1 0 0 na na
10 61067.565350357874 0.043909332894 cfg1 2 1 0 0 na na
10 61067.606350334722 0.043909272731 cfg1 2 1 0 0 na na
10 61067.659350347424 0.043909185746 cfg1 2 1 0 0 na na
10 61067.705350316991 0.043909091996 cfg1 2 1 0 0 na na
10 61067.741350409857 0.043909043278 cfg1 2 1 0 0 na na
10 61067.763350337799 0.043909006780 cfg1 2 1 0 0 na na
10 61067.921350346627 0.043908717477 cfg1 2 1 0 0 na na
10 61067.949350321672 0.043908678519 cfg1 2 1 0 0 na na
10 61067.957350322199 0.043908650706 cfg1 2 1 0 0 na na
10 61067.966350293447 0.043908632792 cfg1 2 1 0 0 na na
10 61067.981350321459 0.043908607975 cfg1 2 1 0 0 na na
10 61068.056350367560 0.043908485586 cfg1 2 1 0 0 na na
10 61068.058350343341 0.043908471268 cfg1 2 1 0 0 na na
10 61068.059350351443 0.043908487661 cfg1 2 1 0 0 na na
10 61068.106350314937 0.043908391637 cfg1 2 1 0 0 na na
10 61068.217350337643 0.043908190339 cfg1 2 1 0 0 na na
10 61068.232350278678 0.043908172000 cfg1 2 1 0 0 na na
10 61068.254350284022 0.043908126233 cfg1 2 1 0 0 na na
10 61068.281350299534 0.043908100645 cfg1 2 1 0 0 na na
10 61068.328350338271 0.043908018377 cfg1 2 1 0 0 na na
10 61068.346350323129 0.043907988249 cfg1 2 1 0 0 na na
10 61068.377350359969 0.043907916784 cfg1 2 1 0 0 na na
10 61068.391350338659 0.043907900314 cfg1 2 1 0 0 na na
10 61068.443350333395 0.043907810684 cfg1 2 1 0 0 na na
10 61068.476350374242 0.043907734219 cfg1 2 1 0 0 na na
10 61068.487350368988 0.043907735335 cfg1 2 1 0 0 na na
10 61068.559350322643 0.043907607535 cfg1 2 1 0 0 na na
10 61068.578350339062 0.043907563007 cfg1 2 1 0 0 na na
10 61068.640350279080 0.043907445737 cfg1 2 1 0 0 na na
10 61068.658350292141 0.043907417612 cfg1 2 1 0 0 na na
10 61068.727350339899 0.043907299812 cfg1 2 1 0 0 na na
10 61068.855350347318 0.043907080664 cfg1 2 1 0 0 na na
10 61068.863350307821 0.043907063730 cfg1 2 1 0 0 na na
10 61068.902350275038 0.043906989205 cfg1 2 1 0 0 na na
10 61068.921350351300 0.043906971848 cfg1 2 1 0 0 na na
10 61068.932350324841 0.043906953857 cfg1 2 1 0 0 na na
10 61068.969350332947 0.043906886777 cfg1 2 1 0 0 na na
10 61068.975350336239 0.043906874064 cfg1 2 1 0 0 na na
10 61068.987350329462 0.043906865815 cfg1 2 1 0 0 na na
10 61068.989350287187 0.043906842849 cfg1 2 1 0 0 na na
10 61068.995350328054 0.043906828390 cfg1 2 1 0 0 na na
10 61069.010350351923 0.043906813112 cfg1 2 1 0 0 na na
10 61069.080350332900 0.043906705609 cfg1 2 1 0 0 na na
10 61069.103350305944 0.043906660052 cfg1 2 1 0 0 na na
10 61069.138350339525 0.043906593688 cfg1 2 1 0 0 na na
10 61069.162350312386 0.043906546998 cfg1 2 1 0 0 na na
10 61069.243350414584 0.043906394257 cfg1 2 1 0 0 na na
10 61069.245350339041 0.043906393624 cfg1 2 1 0 0 na na
10 61069.260350365997 0.043906375692 cfg1 2 1 0 0 na na
10 61069.287350411140 0.043906329597 cfg1 2 1 0 0 na na
10 61069.321350291321 0.043906270455 cfg1 2 1 0 0 na na
10 61069.355350284077 0.043906219050 cfg1 2 1 0 0 na na
10 61069.378350358849 0.043906178094 cfg1 2 1 0 0 na na
10 61069.395350335504 0.043906147508 cfg1 2 1 0 0 na na
10 61069.418350418176 0.043906112317 cfg1 2 1 0 0 na na
10 61069.435350322816 0.043906079715 cfg1 2 1 0 0 na na
10 61069.443350401008 0.043906063976 cfg1 2 1 0 0 na na
10 61069.495350253508 0.043905973367 cfg1 2 1 0 0 na na
10 61069.508350327492 0.043905958922 cfg1 2 1 0 0 na na
10 61069.518350315927 0.043905943044 cfg1 2 1 0 0 na na
10 61069.612350333605 0.043905758138 cfg1 2 1 0 0 na na
10 61069.619350349826 0.043905748641 cfg1 2 1 0 0 na na
10 61069.656350304580 0.043905685998 cfg1 2 1 0 0 na na
10 61069.663350374314 0.043905681165 cfg1 2 1 0 0 na na
10 61069.669350371299 0.043905657758 cfg1 2 1 0 0 na na
10 61069.691350351121 0.043905632493 cfg1 2 1 0 0 na na
10 61069.725350342673 0.043905583293 cfg1 2 1 0 0 na na
10 61069.729350335019 0.043905572469 cfg1 2 1 0 0 na na
10 61069.809350354583 0.043905421280 cfg1 2 1 0 0 na na
10 61069.833350365837 0.043905392387 cfg1 2 1 0 0 na na
10 61069.848350314914 0.043905351254 cfg1 2 1 0 0 na na
10 61069.858350427860 0.043905327686 cfg1 2 1 0 0 na na
10 61069.860350378074 0.043905345594 cfg1 2 1 0 0 na na
10 61069.871350363855 0.043905305130 cfg1 2 1 0 0 na na
10 61069.910350299425 0.043905247297 cfg1 2 1 0 0 na na
10 61069.911350393116 0.043905248380 cfg1 2 1 0 0 na na
10 61069.913350317958 0.043905235948 cfg1 2 1 0 0 na na
10 61069.923350281641 0.043905234613 cfg1 2 1 0 0 na na
10 61069.925350342829 0.043905212085 cfg1 2 1 0 0 na na
10 61069.941350308822 0.043905203708 cfg1 2 1 0 0 na na
10 61070.186350298706 0.043904784027 cfg1 2 1 0 0 na na
10 61070.238350308770 0.043904684141 cfg1 2 1 0 0 na na
10 61070.245350284984 0.043904666369 cfg1 2 1 0 0 na na
10 61070.299350319977 0.043904588470 cfg1 2 1 0 0 na na
10 61070.328350316178 0.043904518063 cfg1 2 1 0 0 na na
10 61070.387350346312 0.043904417075 cfg1 2 1 0 0 na na
10 61070.393350340304 0.043904406900 cfg1 2 1 0 0 na na
10 61070.545350296480 0.043904158132 cfg1 2 1 0 0 na na
10 61070.595350322661 0.043904076648 cfg1 2 1 0 0 na na
10 61070.603350303376 0.043904049930 cfg1 2 1 0 0 na na
10 61070.623350302425 0.043904008620 cfg1 2 1 0 0 na na
10 61070.639350319820 0.043903991417 cfg1 2 1 0 0 na na
10 61070.651350383185 0.043903968495 cfg1 2 1 0 0 na na
10 61070.820350317098 0.043903670253 cfg1 2 1 0 0 na na
10 61070.824350299315 0.043903666606 cfg1 2 1 0 0 na na
10 61070.831350311086 0.043903666985 cfg1 2 1 0 0 na na
10 61070.881350298894 0.043903575955 cfg1 2 1 0 0 na na
10 61070.909350317980 0.043903533625 cfg1 2 1 0 0 na na
10 61070.914350388617 0.043903526022 cfg1 2 1 0 0 na na
10 61070.944350324658 0.043903477357 cfg1 2 1 0 0 na na
10 61070.961350315420 0.043903431159 cfg1 2 1 0 0 na na
10 61070.973350289550 0.043903410211 cfg1 2 1 0 0 na na
10 61070.984350281097 0.043903400833 cfg1 2 1 0 0 na na
10 61071.007350450344 0.043903358602 cfg1 2 1 0 0 na na
10 61071.044350349524 0.043903308352 cfg1 2 1 0 0 na na
10 61071.083350337605 0.043903243180 cfg1 2 1 0 0 na na
10 61071.158350326879 0.043903116943 cfg1 2 1 0 0 na na
10 61071.165350323586 0.043903085996 cfg1 2 1 0 0 na na
10 61071.174350299572 0.043903070361 cfg1 2 1 0 0 na na
10 61071.212350359079 0.043903013783 cfg1 2 1 0 0 na na
10 61071.321350369645 0.043902821240 cfg1 2 1 0 0 na na
10 61071.401350355905 0.043902680046 cfg1 2 1 0 0 na na
10 61071.424350285360 0.043902641695 cfg1 2 1 0 0 na na
10 61071.507350306287 0.043902492476 cfg1 2 1 0 0 na na
10 61071.511350351415 0.043902487293 cfg1 2 1 0 0 na na
10 61071.543350361041 0.043902446133 cfg1 2 1 0 0 na na
10 61071.545350323703 0.043902440753 cfg1 2 1 0 0 na na
10 61071.559350366794 0.043902416966 cfg1 2 1 0 0 na na
10 61071.565350312846 0.043902392619 cfg1 2 1 0 0 na na
10 61071.593350377771 0.043902368982 cfg1 2 1 0 0 na na
10 61071.629350263593 0.043902288273 cfg1 2 1 0 0 na na
10 61071.646350371823 0.043902281379 cfg1 2 1 0 0 na na
10 61071.687350312038 0.043902186504 cfg1 2 1 0 0 na na
10 61071.692350334050 0.043902186081 cfg1 2 1 0 0 na na
10 61071.774350307990 0.043902042637 cfg1 2 1 0 0 na na
10 61071.874350315686 0.043901873357 cfg1 2 1 0 0 na na
10 61071.904350361771 0.043901839547 cfg1 2 1 0 0 na na
10 61071.907350266255 0.043901810551 cfg1 2 1 0 0 na na
10 61071.949350274837 0.043901754343 cfg1 2 1 0 0 na na
10 61071.989350351702 0.043901685114 cfg1 2 1 0 0 na na
10 61071.999350321134 0.043901677438 cfg1 2 1 0 0 na na
10 61072.037350346137 0.043901602424 cfg1 2 1 0 0 na na
10 61072.090350285413 0.043901500755 cfg1 2 1 0 0 na na
10 61072.099350305061 0.043901491598 cfg1 2 1 0 0 na na
10 61072.137350392978 0.043901417131 cfg1 2 1 0 0 na na
10 61072.150350357075 0.043901413071 cfg1 2 1 0 0 na na
10 61072.184350285349 0.043901347571 cfg1 2 1 0 0 na na
10 61072.229350256556 0.043901270536 cfg1 2 1 0 0 na na
10 61072.247350332866 0.043901247250 cfg1 2 1 0 0 na na
10 61072.302350343709 0.043901143434 cfg1 2 1 0 0 na na
10 61072.347350327600 0.043901083618 cfg1 2 1 0 0 na na
10 61072.458350250107 0.043900886876 cfg1 2 1 0 0 na na
10 61072.513350332851 0.043900787349 cfg1 2 1 0 0 na na
10 61072.554350365604 0.043900731349 cfg1 2 1 0 0 na na
10 61072.678350313272 0.043900499644 cfg1 2 1 0 0 na na
10 61072.683350367748 0.043900517644 cfg1 2 1 0 0 na na
10 61072.711350327643 0.043900451976 cfg1 2 1 0 0 na na
10 61072.728350340614 0.043900436930 cfg1 2 1 0 0 na na
10 61072.747350350607 0.043900404078 cfg1 2 1 0 0 na na
10 61072.864350369695 0.043900206029 cfg1 2 1 0 0 na na
10 61072.926350294823 0.043900097752 cfg1 2 1 0 0 na na
10 61072.931350370441 0.043900073110 cfg1 2 1 0 0 na na
10 61072.986350316061 0.043900003970 cfg1 2 1 0 0 na na
10 61073.016350282336 0.043899944144 cfg1 2 1 0 0 na na
10 61073.029350251436 0.043899920460 cfg1 2 1 0 0 na na
10 61073.038350256827 0.043899900364 cfg1 2 1 0 0 na na
10 61073.039350350790 0.043899897360 cfg1 2 1 0 0 na na
10 61073.042350334403 0.043899906169 cfg1 2 1 0 0 na na
10 61073.088350259734 0.043899812431 cfg1 2 1 0 0 na na
10 61073.090350323476 0.043899828644 cfg1 2 1 0 0 na na
10 61073.134350365338 0.043899734384 cfg1 2 1 0 0 na na
10 61073.140350306287 0.043899743035 cfg1 2 1 0 0 na na
10 61073.227350375030 0.043899598365 cfg1 2 1 0 0 na na
10 61073.271350323496 0.043899498850 cfg1 2 1 0 0 na na
10 61073.276350357066 0.043899504866 cfg1 2 1 0 0 na na
10 61073.288350268091 0.043899477768 cfg1 2 1 0 0 na na
10 61073.315350246956 0.043899449533 cfg1 2 1 0 0 na na
10 61073.462350280595 0.043899184032 cfg1 2 1 0 0 na na
10 61073.478350312725 0.043899161644 cfg1 2 1 0 0 na na
10 61073.555350352616 0.043899040512 cfg1 2 1 0 0 na na
10 61073.588350386823 0.043898989556 cfg1 2 1 0 0 na na
10 61073.593350251525 0.043898978950 cfg1 2 1 0 0 na na
10 61073.637350270726 0.043898894113 cfg1 2 1 0 0 na na
10 61073.641350304559 0.043898875670 cfg1 2 1 0 0 na na
10 61073.657350267365 0.043898866535 cfg1 2 1 0 0 na na
10 61073.702350335221 0.043898776739 cfg1 2 1 0 0 na na
10 61073.723350401380 0.043898748968 cfg1 2 1 0 0 na na
10 61073.817350305140 0.043898598868 cfg1 2 1 0 0 na na
10 61073.846350342681 0.043898549366 cfg1 2 1 0 0 na na
10 61073.882350298195 0.043898480182 cfg1 2 1 0 0 na na
10 61073.932350362154 0.043898398691 cfg1 2 1 0 0 na na
10 61073.950350356070 0.043898377639 cfg1 2 1 0 0 na na
10 61074.002350330055 0.043898278292 cfg1 2 1 0 0 na na
10 61074.112350360366 0.043898086530 cfg1 2 1 0 0 na na
10 61074.240350327407 0.043897877076 cfg1 2 1 0 0 na na
10 61074.281350336300 0.043897809923 cfg1 2 1 0 0 na na
10 61074.316350331944 0.043897758221 cfg1 2 1 0 0 na na
10 61074.323350316036 0.043897748119 cfg1 2 1 0 0 na na
10 61074.440350405317 0.043897542516 cfg1 2 1 0 0 na na
10 61074.454350251207 0.043897530609 cfg1 2 1 0 0 na na
10 61074.475350296791 0.043897486346 cfg1 2 1 0 0 na na
10 61074.492350333048 0.043897461233 cfg1 2 1 0 0 na na
10 61074.500350263612 0.043897454441 cfg1 2 1 0 0 na na
10 61074.501350447855 0.043897437838 cfg1 2 1 0 0 na na
10 61074.504350310557 0.043897431370 cfg1 2 1 0 0 na na
10 61074.505350283696 0.043897436161 cfg1 2 1 0 0 na na
10 61074.529350263363 0.043897393359 cfg1 2 1 0 0 na na
10 61074.692350329199 0.043897136787 cfg1 2 1 0 0 na na
10 61074.698350385851 0.043897105920 cfg1 2 1 0 0 na na
10 61074.835350293564 0.043896884147 cfg1 2 1 0 0 na na
10 61074.853350363675 0.043896861782 cfg1 2 1 0 0 na na
10 61074.876350343987 0.043896811461 cfg1 2 1 0 0 na na
10 61074.906350372752 0.043896775526 cfg1 2 1 0 0 na na
10 61074.952350296700 0.043896704184 cfg1 2 1 0 0 na na
10 61074.960350288514 0.043896683311 cfg1 2 1 0 0 na na
10 61075.013350297783 0.043896607633 cfg1 2 1 0 0 na na
10 61075.021350256590 0.043896580320 cfg1 2 1 0 0 na na
10 61075.064350306186 0.043896507291 cfg1 2 1 0 0 na na
10 61075.068350306180 0.043896514852 cfg1 2 1 0 0 na na
10 61075.073350294920 0.043896482083 cfg1 2 1 0 0 na na
10 61075.087350295610 0.043896477808 cfg1 2 1 0 0 na na
10 61075.115350350007 0.043896426410 cfg1 2 1 0 0 na na
10 61075.149350365263 0.043896355765 cfg1 2 1 0 0 na na
10 61075.152350323172 0.043896363040 cfg1 2 1 0 0 na na
10 61075.236350321015 0.043896221873 cfg1 2 1 0 0 na na
10 61075.273350347089 0.043896162506 cfg1 2 1 0 0 na na
10 61075.297350353710 0.043896125665 cfg1 2 1 0 0 na na
10 61075.306350357785 0.043896113691 cfg1 2 1 0 0 na na
10 61075.328350428560 0.043896075123 cfg1 2 1 0 0 na na
10 61075.338350316559 0.043896062602 cfg1 2 1 0 0 na na
10 61075.389350295130 0.043895984141 cfg1 2 1 0 0 na na
10 61075.426350339873 0.043895908098 cfg1 2 1 0 0 na na
10 61075.427350430267 0.043895907948 cfg1 2 1 0 0 na na
10 61075.469350269079 0.043895845384 cfg1 2 1 0 0 na na
10 61075.551350374974 0.043895704250 cfg1 2 1 0 0 na na
10 61075.560350352693 0.043895674575 cfg1 2 1 0 0 na na
10 61075.596350387452 0.043895636761 cfg1 2 1 0 0 na na
10 61075.690350296483 0.043895478195 cfg1 2 1 0 0 na na
10 61075.783350321417 0.043895327707 cfg1 2 1 0 0 na na
10 61075.819350334189 0.043895253264 cfg1 2 1 0 0 na na
10 61075.883350254616 0.043895152222 cfg1 2 1 0 0 na na
10 61075.933350408967 0.043895071122 cfg1 2 1 0 0 na na
10 61075.960350340829 0.043895037359 cfg1 2 1 0 0 na na
10 61075.977350365277 0.043895004236 cfg1 2 1 0 0 na na
10 61075.982350370493 0.043894980882 cfg1 2 1 0 0 na na
10 61076.068350324941 0.043894851691 cfg1 2 1 0 0 na na
10 61076.111350318597 0.043894782934 cfg1 2 1 0 0 na na
10 61076.161350247275 0.043894699635 cfg1 2 1 0 0 na na
10 61076.184350328370 0.043894648059 cfg1 2 1 0 0 na na
10 61076.260350301605 0.043894542704 cfg1 2 1 0 0 na na
10 61076.342350349249 0.043894399410 cfg1 2 1 0 0 na na
10 61076.375350368916 0.043894351805 cfg1 2 1 0 0 na na
10 61076.448350296471 0.043894208829 cfg1 2 1 0 0 na na
10 61076.449350335790 0.043894229790 cfg1 2 1 0 0 na na
10 61076.534350374628 0.043894090488 cfg1 2 1 0 0 na na
10 61076.564350247124 0.043894041650 cfg1 2 1 0 0 na na
10 61076.593350338008 0.043893990792 cfg1 2 1 0 0 na na
10 61076.624350329793 0.043893948158 cfg1 2 1 0 0 na na
10 61076.646350337178 0.043893883205 cfg1 2 1 0 0 na na
10 61076.650350339499 0.043893886816 cfg1 2 1 0 0 na na
10 61076.714350298325 0.043893775725 cfg1 2 1 0 0 na na
10 61076.723350288031 0.043893767501 cfg1 2 1 0 0 na na
10 61076.749350389500 0.043893737117 cfg1 2 1 0 0 na na
10 61076.834350335908 0.043893574637 cfg1 2 1 0 0 na na
10 61077.037350337651 0.043893260317 cfg1 2 1 0 0 na na
10 61077.045350383838 0.043893242590 cfg1 2 1 0 0 na na
10 61077.152350375540 0.043893080556 cfg1 2 1 0 0 na na
10 61077.171350355797 0.043893047648 cfg1 2 1 0 0 na na
10 61077.215350312498 0.043892951686 cfg1 2 1 0 0 na na
10 61077.257350333218 0.043892907582 cfg1 2 1 0 0 na na
10 61077.287350321086 0.043892848448 cfg1 2 1 0 0 na na
10 61077.290350342645 0.043892853739 cfg1 2 1 0 0 na na
10 61077.293350249953 0.043892851610 cfg1 2 1 0 0 na na
10 61077.297350344144 0.043892834715 cfg1 2 1 0 0 na na
10 61077.399350289341 0.043892679488 cfg1 2 1 0 0 na na
10 61077.488350351556 0.043892534463 cfg1 2 1 0 0 na na
10 61077.509350353091 0.043892497966 cfg1 2 1 0 0 na na
10 61077.537350334743 0.043892439468 cfg1 2 1 0 0 na na
10 61077.580350246936 0.043892382490 cfg1 2 1 0 0 na na
10 61077.588350370785 0.043892343479 cfg1 2 1 0 0 na na
10 61077.629350414979 0.043892282932 cfg1 2 1 0 0 na na
10 61077.723350303442 0.043892152515 cfg1 2 1 0 0 na na
10 61077.731350352956 0.043892120792 cfg1 2 1 0 0 na na
10 61077.807350304517 0.043892000505 cfg1 2 1 0 0 na na
10 61077.819350307864 0.043891968830 cfg1 2 1 0 0 na na
10 61077.842350328292 0.043891945491 cfg1 2 1 0 0 na na
10 61077.901350432460 0.043891848518 cfg1 2 1 0 0 na na
10 61077.903350380345 0.043891831466 cfg1 2 1 0 0 na na
10 61077.937350365740 0.043891784533 cfg1 2 1 0 0 na na
10 61078.009350417892 0.043891660881 cfg1 2 1 0 0 na na
10 61078.063350366869 0.043891579900 cfg1 2 1 0 0 na na
10 61078.067350383403 0.043891571891 cfg1 2 1 0 0 na na
10 61078.130350369248 0.043891484997 cfg1 2 1 0 0 na na
10 61078.172350368725 0.043891420741 cfg1 2 1 0 0 na na
10 61078.202350292584 0.043891347138 cfg1 2 1 0 0 na na
10 61078.214350293565 0.043891345367 cfg1 2 1 0 0 na na
10 61078.309350293874 0.043891196735 cfg1 2 1 0 0 na na
10 61078.407350327801 0.043891038907 cfg1 2 1 0 0 na na
10 61078.448350377069 0.043890960198 cfg1 2 1 0 0 na na
10 61078.495350345774 0.043890883917 cfg1 2 1 0 0 na na
10 61078.505350430601 0.043890862069 cfg1 2 1 0 0 na na
10 61078.526350327895 0.043890846721 cfg1 2 1 0 0 na na
10 61078.536350382399 0.043890808458 cfg1 2 1 0 0 na na
10 61078.595350325601 0.043890716605 cfg1 2 1 0 0 na na
10 61078.599350310712 0.043890715006 cfg1 2 1 0 0 na na
10 61078.606350351581 0.043890715283 cfg1 2 1 0 0 na na
10 61078.630350299605 0.043890659790 cfg1 2 1 0 0 na na
10 61078.634350316344 0.043890664482 cfg1 2 1 0 0 na na
10 61078.698350335331 0.043890555630 cfg1 2 1 0 0 na na
10 61078.799350384908 0.043890396761 cfg1 2 1 0 0 na na
10 61078.851350368461 0.043890307372 cfg1 2 1 0 0 na na
10 61078.872350341894 0.043890286037 cfg1 2 1 0 0 na na
10 61078.885350332829 0.043890266931 cfg1 2 1 0 0 na na
10 61079.004350336653 0.043890075493 cfg1 2 1 0 0 na na
10 61079.067350401819 0.043889960129 cfg1 2 1 0 0 na na
10 61079.092350372948 0.043889925967 cfg1 2 1 0 0 na na
10 61079.197350368155 0.043889765597 cfg1 2 1 0 0 na na
10 61079.228350416503 0.043889692057 cfg1 2 1 0 0 na na
10 61079.247350402720 0.043889690016 cfg1 2 1 0 0 na na
10 61079.278350300491 0.043889634419 cfg1 2 1 0 0 na na
10 61079.360350444528 0.043889506157 cfg1 2 1 0 0 na na
10 61079.563350375053 0.043889181576 cfg1 2 1 0 0 na na
10 61079.613350338220 0.043889082360 cfg1 2 1 0 0 na na
10 61079.652350325301 0.043889023437 cfg1 2 1 0 0 na na
10 61079.734350265970 0.043888886055 cfg1 2 1 0 0 na na
10 61079.740350299438 0.043888878576 cfg1 2 1 0 0 na na
10 61079.747350296132 0.043888863693 cfg1 2 1 0 0 na na
10 61079.800350390460 0.043888797640 cfg1 2 1 0 0 na na
10 61079.853350269140 0.043888705244 cfg1 2 1 0 0 na na
10 61079.929350346261 0.043888593593 cfg1 2 1 0 0 na na
10 61079.961350317860 0.043888535101 cfg1 2 1 0 0 na na
10 61079.997350352629 0.043888460127 cfg1 2 1 0 0 na na
10 61080.020350366094 0.043888452150 cfg1 2 1 0 0 na na
10 61080.021350332879 0.043888444923 cfg1 2 1 0 0 na na
10 61080.078350371451 0.043888346173 cfg1 2 1 0 0 na na
10 61080.090350380931 0.043888321818 cfg1 2 1 0 0 na na
10 61080.097350337632 0.043888319203 cfg1 2 1 0 0 na na
10 61080.167350264851 0.043888197124 cfg1 2 1 0 0 na na
10 61080.177350319793 0.043888181769 cfg1 2 1 0 0 na na
10 61080.183350350593 0.043888173955 cfg1 2 1 0 0 na na
10 61080.293350372109 0.043888000974 cfg1 2 1 0 0 na na
10 61080.340350322816 0.043887938464 cfg1 2 1 0 0 na na
10 61080.516350317075 0.043887648246 cfg1 2 1 0 0 na na
10 61080.521350271526 0.043887625308 cfg1 2 1 0 0 na na
10 61080.527350344825 0.043887644948 cfg1 2 1 0 0 na na
10 61080.606350381705 0.043887508530 cfg1 2 1 0 0 na na
10 61080.696350273131 0.043887356185 cfg1 2 1 0 0 na na
10 61080.839350295677 0.043887138487 cfg1 2 1 0 0 na na
10 61080.859350454482 0.043887090856 cfg1 2 1 0 0 na na
10 61080.905350265877 0.043887021077 cfg1 2 1 0 0 na na
10 61080.978350309163 0.043886907215 cfg1 2 1 0 0 na na
10 61080.991350329072 0.043886883665 cfg1 2 1 0 0 na na
10 61081.027350340491 0.043886846205 cfg1 2 1 0 0 na na
10 61081.049350336020 0.043886811731 cfg1 2 1 0 0 na na
10 61081.061350332419 0.043886794786 cfg1 2 1 0 0 na na
10 61081.065350372694 0.043886783405 cfg1 2 1 0 0 na na
10 61081.097350321364 0.043886725396 cfg1 2 1 0 0 na na
10 61081.179350243748 0.043886603213 cfg1 2 1 0 0 na na
10 61081.198350361259 0.043886566970 cfg1 2 1 0 0 na na
10 61081.257350362071 0.043886462640 cfg1 2 1 0 0 na na
10 61081.302350312952 0.043886389813 cfg1 2 1 0 0 na na
10 61081.386350283135 0.043886261028 cfg1 2 1 0 0 na na
10 61081.539350328445 0.043886044317 cfg1 2 1 0 0 na na
10 61081.568350364281 0.043885996139 cfg1 2 1 0 0 na na
10 61081.586350302071 0.043885970000 cfg1 2 1 0 0 na na
10 61081.594350376664 0.043885952473 cfg1 2 1 0 0 na na
10 61081.610350271522 0.043885910334 cfg1 2 1 0 0 na na
10 61081.684350348774 0.043885808968 cfg1 2 1 0 0 na na
10 61081.773350286099 0.043885666562 cfg1 2 1 0 0 na na
10 61081.856350342200 0.043885524600 cfg1 2 1 0 0 na na
10 61081.911350331580 0.043885435400 cfg1 2 1 0 0 na na
10 61082.021350308770 0.043885264316 cfg1 2 1 0 0 na na
10 61082.025350360579 0.043885266768 cfg1 2 1 0 0 na na
10 61082.030350323319 0.043885271251 cfg1 2 1 0 0 na na
10 61082.079350276759 0.043885184128 cfg1 2 1 0 0 na na
10 61082.124350289206 0.043885116954 cfg1 2 1 0 0 na na
10 61082.256350307439 0.043884899934 cfg1 2 1 0 0 na na
10 61082.266350387017 0.043884891597 cfg1 2 1 0 0 na na
10 61082.317350408671 0.043884793089 cfg1 2 1 0 0 na na
10 61082.354350320178 0.043884741107 cfg1 2 1 0 0 na na
10 61082.362350361471 0.043884728496 cfg1 2 1 0 0 na na
10 61082.403350365403 0.043884676518 cfg1 2 1 0 0 na na
10 61082.423350355148 0.043884642295 cfg1 2 1 0 0 na na
10 61082.453350275980 0.043884599422 cfg1 2 1 0 0 na na
10 61082.454350465141 0.043884589097 cfg1 2 1 0 0 na na
10 61082.457350401781 0.043884599096 cfg1 2 1 0 0 na na
10 61082.513350263489 0.043884501873 cfg1 2 1 0 0 na na
10 61082.566350361540 0.043884430438 cfg1 2 1 0 0 na na
10 61082.603350376895 0.043884348445 cfg1 2 1 0 0 na na
10 61082.655350437541 0.043884289347 cfg1 2 1 0 0 na na
10 61082.863350425884 0.043883961943 cfg1 2 1 0 0 na na
10 61082.880350402222 0.043883931437 cfg1 2 1 0 0 na na
10 61083.109350356833 0.043883563215 cfg1 2 1 0 0 na na
10 61083.147350331350 0.043883520636 cfg1 2 1 0 0 na na
10 61083.198350339519 0.043883443731 cfg1 2 1 0 0 na na
10 61083.218350332455 0.043883401946 cfg1 2 1 0 0 na na
10 61083.224350302503 0.043883402788 cfg1 2 1 0 0 na na
10 61083.261350315110 0.043883336273 cfg1 2 1 0 0 na na
10 61083.279350397873 0.043883307279 cfg1 2 1 0 0 na na
10 61083.315350285533 0.043883247268 cfg1 2 1 0 0 na na
10 61083.337350380063 0.043883231535 cfg1 2 1 0 0 na na
10 61083.346350363816 0.043883191757 cfg1 2 1 0 0 na na
10 61083.450350329241 0.043883039685 cfg1 2 1 0 0 na na
10 61083.505350336383 0.043882970879 cfg1 2 1 0 0 na na
10 61083.513350270289 0.043882931899 cfg1 2 1 0 0 na na
10 61083.539350313317 0.043882899605 cfg1 2 1 0 0 na na
10 61083.583350262603 0.043882832389 cfg1 2 1 0 0 na na
10 61083.609350310558 0.043882791247 cfg1 2 1 0 0 na na
10 61083.653350302297 0.043882721977 cfg1 2 1 0 0 na na
10 61083.739350410941 0.043882585220 cfg1 2 1 0 0 na na
10 61083.745350353275 0.043882575436 cfg1 2 1 0 0 na na
10 61083.802350347507 0.043882496896 cfg1 2 1 0 0 na na
10 61083.807350327969 0.043882497403 cfg1 2 1 0 0 na na
10 61083.832350324937 0.043882442276 cfg1 2 1 0 0 na na
10 61083.917350257241 0.043882325745 cfg1 2 1 0 0 na na
10 61083.960350325311 0.043882242533 cfg1 2 1 0 0 na na
10 61083.962350316174 0.043882264098 cfg1 2 1 0 0 na na
10 61083.969350384352 0.043882244458 cfg1 2 1 0 0 na na
10 61084.084350368749 0.043882049834 cfg1 2 1 0 0 na na
10 61084.098350265889 0.043882031148 cfg1 2 1 0 0 na na
10 61084.153350255599 0.043881965054 cfg1 2 1 0 0 na na
10 61084.156350338282 0.043881950848 cfg1 2 1 0 0 na na
10 61084.232350291663 0.043881834075 cfg1 2 1 0 0 na na
10 61084.283350324864 0.043881746013 cfg1 2 1 0 0 na na
10 61084.302350364408 0.043881733670 cfg1 2 1 0 0 na na
10 61084.324350367058 0.043881700910 cfg1 2 1 0 0 na na
10 61084.360350428288 0.043881636939 cfg1 2 1 0 0 na na
10 61084.361350320766 0.043881623052 cfg1 2 1 0 0 na na
10 61084.408350352673 0.043881557079 cfg1 2 1 0 0 na na
10 61084.425350364743 0.043881550997 cfg1 2 1 0 0 na na
10 61084.450350371503 0.043881498485 cfg1 2 1 0 0 na na
10 61084.460350327938 0.043881485431 cfg1 2 1 0 0 na na
10 61084.512350277183 0.043881412632 cfg1 2 1 0 0 na na
10 61084.515350254213 0.043881397532 cfg1 2 1 0 0 na na
10 61084.564350438257 0.043881333337 cfg1 2 1 0 0 na na
10 61084.585350266533 0.043881280503 cfg1 2 1 0 0 na na
10 61084.587350347003 0.043881289052 cfg1 2 1 0 0 na na
10 61084.606350343812 0.043881272696 cfg1 2 1 0 0 na na
10 61084.715350374727 0.043881095300 cfg1 2 1 0 0 na na
10 61084.767350362809 0.043881001477 cfg1 2 1 0 0 na na
10 61084.961350267870 0.043880704854 cfg1 2 1 0 0 na na
10 61085.008350259975 0.043880657311 cfg1 2 1 0 0 na na
10 61085.009350434627 0.043880653543 cfg1 2 1 0 0 na na
10 61085.045350333829 0.043880588963 cfg1 2 1 0 0 na na
10 61085.072350366115 0.043880535459 cfg1 2 1 0 0 na na
10 61085.183350323785 0.043880390166 cfg1 2 1 0 0 na na
10 61085.201350320801 0.043880359891 cfg1 2 1 0 0 na na
10 61085.243350370010 0.043880279785 cfg1 2 1 0 0 na na
10 61085.274350329826 0.043880231967 cfg1 2 1 0 0 na na
10 61085.341350364298 0.043880122861 cfg1 2 1 0 0 na na
10 61085.377350337909 0.043880083300 cfg1 2 1 0 0 na na
10 61085.383350373233 0.043880068123 cfg1 2 1 0 0 na na
10 61085.447350284545 0.043879978861 cfg1 2 1 0 0 na na
10 61085.465350325723 0.043879940156 cfg1 2 1 0 0 na na
10 61085.485350345781 0.043879926680 cfg1 2 1 0 0 na na
10 61085.489350318310 0.043879924667 cfg1 2 1 0 0 na na
10 61085.510350360435 0.043879866191 cfg1 2 1 0 0 na na
10 61085.611350342577 0.043879713069 cfg1 2 1 0 0 na na
10 61085.727350340081 0.043879534930 cfg1 2 1 0 0 na na
10 61085.776350323102 0.043879483291 cfg1 2 1 0 0 na na
10 61085.789350382661 0.043879445023 cfg1 2 1 0 0 na na
10 61085.806350378560 0.043879423826 cfg1 2 1 0 0 na na
10 61085.814350358736 0.043879427106 cfg1 2 1 0 0 na na
10 61085.880350317433 0.043879320124 cfg1 2 1 0 0 na na
10 61085.895350269698 0.043879281975 cfg1 2 1 0 0 na na
10 61085.924350309903 0.043879264175 cfg1 2 1 0 0 na na
10 61085.945350357265 0.043879225657 cfg1 2 1 0 0 na na
10 61085.958350321765 0.043879200501 cfg1 2 1 0 0 na na
10 61086.082350305019 0.043879022099 cfg1 2 1 0 0 na na
10 61086.231350289435 0.043878782688 cfg1 2 1 0 0 na na
10 61086.257350386493 0.043878753788 cfg1 2 1 0 0 na na
10 61086.284350289180 0.043878694184 cfg1 2 1 0 0 na na
10 61086.348350307655 0.043878603828 cfg1 2 1 0 0 na na
10 61086.364350369341 0.043878595413 cfg1 2 1 0 0 na na
10 61086.372350421436 0.043878580453 cfg1 2 1 0 0 na na
10 61086.413350355214 0.043878510488 cfg1 2 1 0 0 na na
10 61086.443350379984 0.043878453869 cfg1 2 1 0 0 na na
10 61086.569350361024 0.043878283549 cfg1 2 1 0 0 na na
10 61086.676350358878 0.043878124823 cfg1 2 1 0 0 na na
10 61086.680350401398 0.043878117530 cfg1 2 1 0 0 na na
10 61086.687350346136 0.043878081883 cfg1 2 1 0 0 na na
10 61086.920350315859 0.043877757684 cfg1 2 1 0 0 na na
10 61086.998350296387 0.043877619272 cfg1 2 1 0 0 na na
10 61087.024350345991 0.043877576010 cfg1 2 1 0 0 na na
10 61087.040350251263 0.043877565692 cfg1 2 1 0 0 na na
10 61087.108350337127 0.043877467863 cfg1 2 1 0 0 na na
10 61087.141350301610 0.043877402957 cfg1 2 1 0 0 na na
10 61087.142350392220 0.043877401665 cfg1 2 1 0 0 na na
10 61087.150350349435 0.043877396178 cfg1 2 1 0 0 na na
10 61087.220350350002 0.043877303875 cfg1 2 1 0 0 na na
10 61087.254350301833 0.043877256729 cfg1 2 1 0 0 na na
10 61087.306350419202 0.043877156651 cfg1 2 1 0 0 na na
10 61087.318350327559 0.043877147870 cfg1 2 1 0 0 na na
10 61087.380350416554 0.043877047129 cfg1 2 1 0 0 na na
10 61087.390350353158 0.043877042342 cfg1 2 1 0 0 na na
10 61087.406350292861 0.043877030277 cfg1 2 1 0 0 na na
10 61087.429350325529 0.043876990265 cfg1 2 1 0 0 na na
10 61087.499350397039 0.043876875386 cfg1 2 1 0 0 na na
10 61087.512350392716 0.043876852265 cfg1 2 1 0 0 na na
10 61087.598350286880 0.043876742641 cfg1 2 1 0 0 na na
10 61087.633350344901 0.043876666791 cfg1 2 1 0 0 na na
10 61087.668350344946 0.043876619039 cfg1 2 1 0 0 na na
10 61087.692350343270 0.043876596355 cfg1 2 1 0 0 na na
10 61087.702350414282 0.043876578074 cfg1 2 1 0 0 na na
10 61087.703350357782 0.043876580966 cfg1 2 1 0 0 na na
10 61087.706350363878 0.043876572739 cfg1 2 1 0 0 na na
10 61087.743350293210 0.043876520072 cfg1 2 1 0 0 na na
10 61087.765350341916 0.043876481976 cfg1 2 1 0 0 na na
10 61087.815350366997 0.043876393330 cfg1 2 1 0 0 na na
10 61087.840350359028 0.043876377443 cfg1 2 1 0 0 na na
10 61087.849350305195 0.043876348845 cfg1 2 1 0 0 na na
10 61087.992350337816 0.043876137187 cfg1 2 1 0 0 na na
10 61088.028350387537 0.043876091316 cfg1 2 1 0 0 na na
10 61088.079350266109 0.043876015436 cfg1 2 1 0 0 na na
10 61088.127350346589 0.043875929648 cfg1 2 1 0 0 na na
10 61088.165350378251 0.043875886333 cfg1 2 1 0 0 na na
10 61088.173350344315 0.043875873159 cfg1 2 1 0 0 na na
10 61088.242350393750 0.043875769588 cfg1 2 1 0 0 na na
10 61088.284350328772 0.043875711553 cfg1 2 1 0 0 na na
10 61088.295350411618 0.043875681677 cfg1 2 1 0 0 na na
10 61088.354350247944 0.043875608798 cfg1 2 1 0 0 na na
10 61088.376350313041 0.043875559664 cfg1 2 1 0 0 na na
10 61088.529350351699 0.043875328601 cfg1 2 1 0 0 na na
10 61088.535350333965 0.043875324037 cfg1 2 1 0 0 na na
10 61088.609350341426 0.043875237007 cfg1 2 1 0 0 na na
10 61088.639350373326 0.043875170159 cfg1 2 1 0 0 na na
10 61088.656350397038 0.043875155781 cfg1 2 1 0 0 na na
10 61088.697350265680 0.043875081131 cfg1 2 1 0 0 na na
10 61088.741350433978 0.043875019494 cfg1 2 1 0 0 na na
10 61088.860350359310 0.043874854853 cfg1 2 1 0 0 na na
10 61088.929350250691 0.043874756256 cfg1 2 1 0 0 na na
10 61089.035350265385 0.043874586539 cfg1 2 1 0 0 na na
10 61089.083350292393 0.043874523176 cfg1 2 1 0 0 na na
10 61089.184350348988 0.043874383673 cfg1 2 1 0 0 na na
10 61089.261350321189 0.043874271772 cfg1 2 1 0 0 na na
10 61089.319350418583 0.043874189106 cfg1 2 1 0 0 na na
10 61089.455350296044 0.043873983581 cfg1 2 1 0 0 na na
10 61089.523350363429 0.043873877741 cfg1 2 1 0 0 na na
10 61089.542350390075 0.043873851284 cfg1 2 1 0 0 na na
10 61089.601350288909 0.043873754798 cfg1 2 1 0 0 na na
10 61089.633350363039 0.043873728643 cfg1 2 1 0 0 na na
10 61089.684350361487 0.043873637361 cfg1 2 1 0 0 na na
10 61089.688350355579 0.043873647596 cfg1 2 1 0 0 na na
10 61089.710350417535 0.043873598484 cfg1 2 1 0 0 na na
10 61089.722350260080 0.043873576894 cfg1 2 1 0 0 na na
10 61089.729350347332 0.043873575874 cfg1 2 1 0 0 na na
10 61089.754350241543 0.043873550406 cfg1 2 1 0 0 na na
10 61089.897350317797 0.043873325180 cfg1 2 1 0 0 na na
10 61089.917350350667 0.043873310676 cfg1 2 1 0 0 na na
10 61089.921350276109 0.043873295313 cfg1 2 1 0 0 na na
10 61089.925350332827 0.043873272434 cfg1 2 1 0 0 na na
10 61089.930350418530 0.043873267490 cfg1 2 1 0 0 na na
10 61090.017350316606 0.043873140726 cfg1 2 1 0 0 na na
10 61090.097350370311 0.043873036101 cfg1 2 1 0 0 na na
10 61090.172350330708 0.043872930392 cfg1 2 1 0 0 na na
10 61090.205350300728 0.043872881459 cfg1 2 1 0 0 na na
10 61090.302350373040 0.043872742379 cfg1 2 1 0 0 na na
10 61090.324350344119 0.043872702553 cfg1 2 1 0 0 na na
10 61090.345350291669 0.043872683695 cfg1 2 1 0 0 na na
10 61090.374350313401 0.043872635580 cfg1 2 1 0 0 na na
10 61090.454350406719 0.043872527968 cfg1 2 1 0 0 na na
10 61090.541350402216 0.043872399283 cfg1 2 1 0 0 na na
10 61090.570350316939 0.043872342122 cfg1 2 1 0 0 na na
10 61090.589350343983 0.043872329590 cfg1 2 1 0 0 na na
10 61090.686350300077 0.043872178412 cfg1 2 1 0 0 na na
10 61090.827350403549 0.043871982335 cfg1 2 1 0 0 na na
10 61090.934350352643 0.043871813586 cfg1 2 1 0 0 na na
10 61090.953350324164 0.043871803768 cfg1 2 1 0 0 na na
10 61091.130350268859 0.043871539816 cfg1 2 1 0 0 na na
10 61091.188350315598 0.043871435762 cfg1 2 1 0 0 na na
10 61091.304350291386 0.043871273657 cfg1 2 1 0 0 na na
10 61091.323350268938 0.043871249467 cfg1 2 1 0 0 na na
10 61091.366350259793 0.043871205083 cfg1 2 1 0 0 na na
10 61091.376350353407 0.043871180458 cfg1 2 1 0 0 na na
10 61091.423350305089 0.043871107657 cfg1 2 1 0 0 na na
10 61091.436350398634 0.043871094709 cfg1 2 1 0 0 na na
10 61091.457350357113 0.043871050610 cfg1 2 1 0 0 na na
10 61091.516350270924 0.043870977313 cfg1 2 1 0 0 na na
10 61091.569350317900 0.043870906058 cfg1 2 1 0 0 na na
10 61091.742350361511 0.043870636809 cfg1 2 1 0 0 na na
10 61091.866350283417 0.043870466465 cfg1 2 1 0 0 na na
10 61091.928350406723 0.043870392265 cfg1 2 1 0 0 na na
10 61091.945350286421 0.043870347958 cfg1 2 1 0 0 na na
10 61092.068350279920 0.043870184673 cfg1 2 1 0 0 na na
10 61092.159350298884 0.043870051773 cfg1 2 1 0 0 na na
10 61092.196350275164 0.043870001210 cfg1 2 1 0 0 na na
10 61092.213350359213 0.043869986724 cfg1 2 1 0 0 na na
10 61092.234350328328 0.043869954728 cfg1 2 1 0 0 na na
10 61092.274350329430 0.043869878957 cfg1 2 1 0 0 na na
10 61092.374350290352 0.043869740939 cfg1 2 1 0 0 na na
10 61092.530350301846 0.043869526399 cfg1 2 1 0 0 na na
10 61092.542350300842 0.043869500083 cfg1 2 1 0 0 na na
10 61092.590350318913 0.043869436640 cfg1 2 1 0 0 na na
10 61092.611350429429 0.043869404149 cfg1 2 1 0 0 na na
10 61092.632350279528 0.043869361271 cfg1 2 1 0 0 na na
10 61092.646350354732 0.043869342044 cfg1 2 1 0 0 na na
10 61092.701350421964 0.043869268560 cfg1 2 1 0 0 na na
10 61092.719350347066 0.043869239361 cfg1 2 1 0 0 na na
10 61092.744350385980 0.043869225088 cfg1 2 1 0 0 na na
10 61092.753350305515 0.043869187955 cfg1 2 1 0 0 na na
10 61092.768350327432 0.043869192244 cfg1 2 1 0 0 na na
10 61092.793350385426 0.043869155182 cfg1 2 1 0 0 na na
10 61092.802350326372 0.043869125557 cfg1 2 1 0 0 na na
10 61092.804350398008 0.043869131421 cfg1 2 1 0 0 na na
10 61092.848350350218 0.043869065500 cfg1 2 1 0 0 na na
10 61092.856350309151 0.043869047752 cfg1 2 1 0 0 na na
10 61092.927350330120 0.043868968284 cfg1 2 1 0 0 na na
10 61092.960350372065 0.043868894868 cfg1 2 1 0 0 na na
10 61092.984350242034 0.043868884844 cfg1 2 1 0 0 na na
10 61093.043350340344 0.043868785615 cfg1 2 1 0 0 na na
10 61093.099350298454 0.043868700231 cfg1 2 1 0 0 na na
10 61093.129350348120 0.043868655091 cfg1 2 1 0 0 na na
10 61093.153350249673 0.043868637260 cfg1 2 1 0 0 na na
10 61093.260350270228 0.043868466660 cfg1 2 1 0 0 na na
10 61093.266350270546 0.043868469520 cfg1 2 1 0 0 na na
10 61093.375350341324 0.043868327454 cfg1 2 1 0 0 na na
10 61093.425350308201 0.043868254162 cfg1 2 1 0 0 na na
10 61093.448350275653 0.043868214230 cfg1 2 1 0 0 na na
10 61093.454350312313 0.043868203831 cfg1 2 1 0 0 na na
10 61093.486350310258 0.043868174855 cfg1 2 1 0 0 na na
10 61093.487350294027 0.043868157724 cfg1 2 1 0 0 na na
10 61093.511350340448 0.043868126556 cfg1 2 1 0 0 na na
10 61093.519350307571 0.043868120222 cfg1 2 1 0 0 na na
10 61093.541350339931 0.043868092417 cfg1 2 1 0 0 na na
10 61093.629350345212 0.043867945525 cfg1 2 1 0 0 na na
10 61093.651350311163 0.043867914259 cfg1 2 1 0 0 na na
10 61093.702350310315 0.043867866360 cfg1 2 1 0 0 na na
10 61093.736350290196 0.043867812330 cfg1 2 1 0 0 na na
10 61093.806350354758 0.043867708328 cfg1 2 1 0 0 na na
10 61093.884350381031 0.043867606744 cfg1 2 1 0 0 na na
10 61093.904350265837 0.043867561032 cfg1 2 1 0 0 na na
10 61093.912350295431 0.043867549145 cfg1 2 1 0 0 na na
10 61093.925350289425 0.043867545279 cfg1 2 1 0 0 na na
10 61093.945350253061 0.043867513956 cfg1 2 1 0 0 na na
10 61094.006350367218 0.043867427696 cfg1 2 1 0 0 na na
10 61094.024350300611 0.043867406444 cfg1 2 1 0 0 na na
10 61094.054350340211 0.043867352762 cfg1 2 1 0 0 na na
10 61094.105350336864 0.043867272308 cfg1 2 1 0 0 na na
10 61094.137350286540 0.043867242603 cfg1 2 1 0 0 na na
10 61094.254350247641 0.043867084418 cfg1 2 1 0 0 na na
10 61094.327350305707 0.043866980855 cfg1 2 1 0 0 na na
10 61094.355350306792 0.043866943711 cfg1 2 1 0 0 na na
10 61094.363350274566 0.043866913149 cfg1 2 1 0 0 na na
10 61094.436350288718 0.043866832079 cfg1 2 1 0 0 na na
10 61094.640350392187 0.043866542155 cfg1 2 1 0 0 na na
10 61094.819350293161 0.043866290776 cfg1 2 1 0 0 na na
10 61094.833350343203 0.043866257412 cfg1 2 1 0 0 na na
10 61094.879350306374 0.043866187050 cfg1 2 1 0 0 na na
10 61094.949350346118 0.043866101508 cfg1 2 1 0 0 na na
10 61094.961350331436 0.043866099052 cfg1 2 1 0 0 na na
10 61094.995350319021 0.043866027945 cfg1 2 1 0 0 na na
10 61095.047350269978 0.043865952110 cfg1 2 1 0 0 na na
10 61095.095350340141 0.043865884340 cfg1 2 1 0 0 na na
10 61095.112350317000 0.043865886340 cfg1 2 1 0 0 na na
10 61095.121350282377 0.043865863882 cfg1 2 1 0 0 na na
10 61095.155350300159 0.043865823208 cfg1 2 1 0 0 na na
10 61095.185350291246 0.043865774019 cfg1 2 1 0 0 na na
10 61095.211350329253 0.043865739532 cfg1 2 1 0 0 na na
10 61095.230350337592 0.043865711557 cfg1 2 1 0 0 na na
10 61095.253350329134 0.043865685344 cfg1 2 1 0 0 na na
10 61095.319350247586 0.043865594189 cfg1 2 1 0 0 na na
10 61095.325350319113 0.043865570740 cfg1 2 1 0 0 na na
10 61095.373350371260 0.043865516415 cfg1 2 1 0 0 na na
10 61095.379350350100 0.043865516056 cfg1 2 1 0 0 na na
10 61095.444350352591 0.043865426624 cfg1 2 1 0 0 na na
10 61095.591350300018 0.043865219556 cfg1 2 1 0 0 na na
10 61095.602350296742 0.043865187668 cfg1 2 1 0 0 na na
10 61095.609350306977 0.043865184250 cfg1 2 1 0 0 na na
10 61095.639350317410 0.043865129321 cfg1 2 1 0 0 na na
10 61095.696350328600 0.043865055973 cfg1 2 1 0 0 na na
10 61095.697350259952 0.043865067660 cfg1 2 1 0 0 na na
10 61095.763350290445 0.043864972523 cfg1 2 1 0 0 na na
10 61095.919350267274 0.043864756423 cfg1 2 1 0 0 na na
10 61095.946350306904 0.043864711009 cfg1 2 1 0 0 na na
10 61096.001350351606 0.043864653132 cfg1 2 1 0 0 na na
10 61096.072350322240 0.043864538685 cfg1 2 1 0 0 na na
10 61096.077350313529 0.043864533044 cfg1 2 1 0 0 na na
10 61096.136350283895 0.043864464711 cfg1 2 1 0 0 na na
10 61096.137350249018 0.043864467690 cfg1 2 1 0 0 na na
10 61096.202350290585 0.043864352005 cfg1 2 1 0 0 na na
10 61096.382350247331 0.043864119625 cfg1 2 1 0 0 na na
10 61096.510350297400 0.043863935732 cfg1 2 1 0 0 na na
10 61096.590350316059 0.043863838747 cfg1 2 1 0 0 na na
10 61096.623350297655 0.043863784781 cfg1 2 1 0 0 na na
10 61096.833350263923 0.043863487979 cfg1 2 1 0 0 na na
10 61096.908350361521 0.043863393920 cfg1 2 1 0 0 na na
10 61096.930350321849 0.043863372378 cfg1 2 1 0 0 na na
10 61096.946350257689 0.043863339046 cfg1 2 1 0 0 na na
10 61096.953350330165 0.043863327553 cfg1 2 1 0 0 na na
10 61096.964350285212 0.043863324457 cfg1 2 1 0 0 na na
10 61096.984350263620 0.043863278319 cfg1 2 1 0 0 na na
10 61096.999350355926 0.043863255718 cfg1 2 1 0 0 na na
10 61097.018350380973 0.043863238679 cfg1 2 1 0 0 na na
10 61097.024350305165 0.043863233963 cfg1 2 1 0 0 na na
10 61097.038350275826 0.043863216987 cfg1 2 1 0 0 na na
10 61097.042350390906 0.043863223966 cfg1 2 1 0 0 na na
10 61097.096350314878 0.043863140921 cfg1 2 1 0 0 na na
10 61097.106350270533 0.043863127811 cfg1 2 1 0 0 na na
10 61097.150350327497 0.043863051450 cfg1 2 1 0 0 na na
10 61097.188350330096 0.043863021924 cfg1 2 1 0 0 na na
10 61097.259350340819 0.043862915817 cfg1 2 1 0 0 na na
10 61097.293350365135 0.043862868864 cfg1 2 1 0 0 na na
10 61097.319350276024 0.043862817843 cfg1 2 1 0 0 na na
10 61097.454350292641 0.043862648372 cfg1 2 1 0 0 na na
10 61097.473350360551 0.043862628191 cfg1 2 1 0 0 na na
10 61097.523350332325 0.043862561037 cfg1 2 1 0 0 na na
10 61097.622350319143 0.043862430905 cfg1 2 1 0 0 na na
10 61097.685350366489 0.043862344446 cfg1 2 1 0 0 na na
10 61097.724350275498 0.043862267391 cfg1 2 1 0 0 na na
10 61097.758350280624 0.043862245519 cfg1 2 1 0 0 na na
10 61097.764350272837 0.043862215324 cfg1 2 1 0 0 na na
10 61097.796350251857 0.043862186969 cfg1 2 1 0 0 na na
10 61097.886350344646 0.043862050962 cfg1 2 1 0 0 na na
10 61097.923350345599 0.043862001995 cfg1 2 1 0 0 na na
10 61097.935350301617 0.043861985946 cfg1 2 1 0 0 na na
10 61098.011350296864 0.043861878025 cfg1 2 1 0 0 na na
10 61098.026350318315 0.043861880722 cfg1 2 1 0 0 na na
10 61098.044350323766 0.043861846940 cfg1 2 1 0 0 na na
10 61098.065350306764 0.043861824045 cfg1 2 1 0 0 na na
10 61098.100350341230 0.043861755733 cfg1 2 1 0 0 na na
10 61098.103350425011 0.043861757879 cfg1 2 1 0 0 na na
10 61098.109350365279 0.043861760052 cfg1 2 1 0 0 na na
10 61098.166350312681 0.043861665899 cfg1 2 1 0 0 na na
10 61098.196350343230 0.043861627754 cfg1 2 1 0 0 na na
10 61098.225350275861 0.043861592734 cfg1 2 1 0 0 na na
10 61098.236350264851 0.043861571951 cfg1 2 1 0 0 na na
10 61098.293350266431 0.043861495552 cfg1 2 1 0 0 na na
10 61098.350350334754 0.043861436217 cfg1 2 1 0 0 na na
10 61098.393350275593 0.043861370867 cfg1 2 1 0 0 na na
10 61098.461350307422 0.043861292245 cfg1 2 1 0 0 na na
10 61098.469350289370 0.043861269697 cfg1 2 1 0 0 na na
10 61098.506350402883 0.043861231924 cfg1 2 1 0 0 na na
10 61098.587350329693 0.043861102432 cfg1 2 1 0 0 na na
10 61098.602350301875 0.043861085934 cfg1 2 1 0 0 na na
10 61098.633350281905 0.043861062687 cfg1 2 1 0 0 na na
10 61098.639350287119 0.043861032873 cfg1 2 1 0 0 na na
10 61098.669350306721 0.043860986009 cfg1 2 1 0 0 na na
10 61098.692350285680 0.043860968864 cfg1 2 1 0 0 na na
10 61098.750350323608 0.043860893525 cfg1 2 1 0 0 na na
10 61098.793350333222 0.043860841549 cfg1 2 1 0 0 na na
10 61098.829350261016 0.043860780926 cfg1 2 1 0 0 na na
10 61098.838350307944 0.043860769101 cfg1 2 1 0 0 na na
10 61098.845350281219 0.043860753891 cfg1 2 1 0 0 na na
10 61098.884350255002 0.043860724976 cfg1 2 1 0 0 na na
10 61098.955350313466 0.043860619216 cfg1 2 1 0 0 na na
10 61099.033350271755 0.043860522047 cfg1 2 1 0 0 na na
10 61099.051350277734 0.043860501403 cfg1 2 1 0 0 na na
10 61099.054350285130 0.043860489251 cfg1 2 1 0 0 na na
10 61099.062350310217 0.043860477690 cfg1 2 1 0 0 na na
10 61099.073350298663 0.043860446628 cfg1 2 1 0 0 na na
10 61099.094350332643 0.043860427190 cfg1 2 1 0 0 na na
10 61099.106350306529 0.043860422695 cfg1 2 1 0 0 na na
10 61099.218350300576 0.043860264542 cfg1 2 1 0 0 na na
10 61099.263350281143 0.043860216481 cfg1 2 1 0 0 na na
10 61099.286350319250 0.043860159921 cfg1 2 1 0 0 na na
10 61099.296350339793 0.043860159031 cfg1 2 1 0 0 na na
10 61099.301350304956 0.043860141347 cfg1 2 1 0 0 na na
10 61099.441350354588 0.043859966977 cfg1 2 1 0 0 na na
10 61099.475350289639 0.043859929787 cfg1 2 1 0 0 na na
10 61099.492350351212 0.043859903029 cfg1 2 1 0 0 na na
10 61099.532350370634 0.043859845808 cfg1 2 1 0 0 na na
10 61099.535350333007 0.043859833075 cfg1 2 1 0 0 na na
10 61099.586350252534 0.043859774426 cfg1 2 1 0 0 na na
10 61099.626350379403 0.043859725615 cfg1 2 1 0 0 na na
10 61099.629350345105 0.043859700237 cfg1 2 1 0 0 na na
10 61099.694350262143 0.043859619768 cfg1 2 1 0 0 na na
10 61099.719350264901 0.043859608391 cfg1 2 1 0 0 na na
10 61099.820350318614 0.043859447522 cfg1 2 1 0 0 na na
10 61099.860350297181 0.043859398317 cfg1 2 1 0 0 na na
10 61099.871350338915 0.043859390386 cfg1 2 1 0 0 na na
10 61099.876350302868 0.043859373416 cfg1 2 1 0 0 na na
10 61099.891350324488 0.043859356411 cfg1 2 1 0 0 na na
10 61099.896350240521 0.043859371167 cfg1 2 1 0 0 na na
10 61099.902350260861 0.043859341400 cfg1 2 1 0 0 na na
10 61099.935350362660 0.043859292054 cfg1 2 1 0 0 na na
10 61099.948350309593 0.043859301226 cfg1 2 1 0 0 na na
10 61099.957350277331 0.043859267500 cfg1 2 1 0 0 na na
10 61100.038350364452 0.043859163635 cfg1 2 1 0 0 na na
10 61100.059350306969 0.043859144350 cfg1 2 1 0 0 na na
10 61100.072350285733 0.043859118985 cfg1 2 1 0 0 na na
10 61100.211350341484 0.043858944578 cfg1 2 1 0 0 na na
10 61100.294350321114 0.043858833927 cfg1 2 1 0 0 na na
10 61100.301350298113 0.043858831584 cfg1 2 1 0 0 na na
10 61100.307350282772 0.043858822632 cfg1 2 1 0 0 na na
10 61100.349350336381 0.043858761445 cfg1 2 1 0 0 na na
10 61100.360350300880 0.043858729478 cfg1 2 1 0 0 na na
10 61100.384350274224 0.043858700888 cfg1 2 1 0 0 na na
10 61100.485350321570 0.043858572422 cfg1 2 1 0 0 na na
10 61100.494350261790 0.043858554870 cfg1 2 1 0 0 na na
10 61100.497350262376 0.043858549327 cfg1 2 1 0 0 na na
10 61100.510350267200 0.043858534365 cfg1 2 1 0 0 na na
10 61100.663350403750 0.043858333170 cfg1 2 1 0 0 na na
10 61100.689350356115 0.043858294160 cfg1 2 1 0 0 na na
10 61100.817350316212 0.043858129186 cfg1 2 1 0 0 na na
10 61100.896350274712 0.043858021328 cfg1 2 1 0 0 na na
10 61101.100350284241 0.043857761980 cfg1 2 1 0 0 na na
10 61101.230350376745 0.043857580123 cfg1 2 1 0 0 na na
10 61101.237350338229 0.043857586375 cfg1 2 1 0 0 na na
10 61101.327350288266 0.043857459203 cfg1 2 1 0 0 na na
10 61101.423350286799 0.043857334297 cfg1 2 1 0 0 na na
10 61101.444350262340 0.043857325058 cfg1 2 1 0 0 na na
10 61101.470350265743 0.043857271070 cfg1 2 1 0 0 na na
10 61101.486350329398 0.043857251711 cfg1 2 1 0 0 na na
10 61101.501350258569 0.043857233368 cfg1 2 1 0 0 na na
10 61101.546350247140 0.043857189743 cfg1 2 1 0 0 na na
10 61101.560350305164 0.043857166922 cfg1 2 1 0 0 na na
10 61101.650350324581 0.043857047038 cfg1 2 1 0 0 na na
10 61101.719350348678 0.043856948355 cfg1 2 1 0 0 na na
10 61101.789350329114 0.043856873511 cfg1 2 1 0 0 na na
10 61101.880350302988 0.043856736296 cfg1 2 1 0 0 na na
10 61101.911350250909 0.043856705885 cfg1 2 1 0 0 na na
10 61101.942350269555 0.043856666653 cfg1 2 1 0 0 na na
10 61102.144350278420 0.043856411723 cfg1 2 1 0 0 na na
10 61102.146350298878 0.043856398344 cfg1 2 1 0 0 na na
10 61102.192350319140 0.043856345558 cfg1 2 1 0 0 na na
10 61102.209350306603 0.043856318472 cfg1 2 1 0 0 na na
10 61102.217350350823 0.043856301578 cfg1 2 1 0 0 na na
10 61102.253350337066 0.043856255005 cfg1 2 1 0 0 na na
10 61102.283350257336 0.043856230082 cfg1 2 1 0 0 na na
10 61102.289350284065 0.043856210113 cfg1 2 1 0 0 na na
10 61102.310350332825 0.043856185866 cfg1 2 1 0 0 na na
10 61102.322350338288 0.043856177173 cfg1 2 1 0 0 na na
10 61102.352350328376 0.043856136033 cfg1 2 1 0 0 na na
10 61102.502350348997 0.043855940777 cfg1 2 1 0 0 na na
10 61102.541350326490 0.043855881166 cfg1 2 1 0 0 na na
10 61102.556350384512 0.043855854249 cfg1 2 1 0 0 na na
10 61102.557350263676 0.043855852987 cfg1 2 1 0 0 na na
10 61102.609350286734 0.043855796633 cfg1 2 1 0 0 na na
10 61102.636350342155 0.043855750980 cfg1 2 1 0 0 na na
10 61102.740350276841 0.043855616053 cfg1 2 1 0 0 na na
10 61102.765350318967 0.043855604301 cfg1 2 1 0 0 na na
10 61102.811350363567 0.043855533325 cfg1 2 1 0 0 na na
10 61102.853350335472 0.043855478433 cfg1 2 1 0 0 na na
10 61102.862350306715 0.043855456757 cfg1 2 1 0 0 na na
10 61102.878350275127 0.043855447209 cfg1 2 1 0 0 na na
10 61102.891350332123 0.043855418802 cfg1 2 1 0 0 na na
10 61102.920350312838 0.043855406295 cfg1 2 1 0 0 na na
10 61102.959350292159 0.043855330637 cfg1 2 1 0 0 na na
10 61103.003350265847 0.043855275941 cfg1 2 1 0 0 na na
10 61103.020350309316 0.043855276012 cfg1 2 1 0 0 na na
10 61103.048350357642 0.043855244350 cfg1 2 1 0 0 na na
10 61103.082350343517 0.043855189397 cfg1 2 1 0 0 na na
10 61103.102350269504 0.043855151417 cfg1 2 1 0 0 na na
10 61103.127350334252 0.043855134848 cfg1 2 1 0 0 na na
10 61103.319350345888 0.043854888229 cfg1 2 1 0 0 na na
10 61103.362350349468 0.043854836576 cfg1 2 1 0 0 na na
10 61103.384350282737 0.043854792908 cfg1 2 1 0 0 na na
10 61103.385350264037 0.043854787766 cfg1 2 1 0 0 na na
10 61103.408350290728 0.043854759655 cfg1 2 1 0 0 na na
10 61103.422350329441 0.043854755405 cfg1 2 1 0 0 na na
10 61103.455350311173 0.043854706449 cfg1 2 1 0 0 na na
10 61103.490350346821 0.043854677001 cfg1 2 1 0 0 na na
10 61103.549350375145 0.043854578214 cfg1 2 1 0 0 na na
10 61103.559350339574 0.043854583942 cfg1 2 1 0 0 na na
10 61103.603350308392 0.043854515561 cfg1 2 1 0 0 na na
10 61103.661350388109 0.043854444183 cfg1 2 1 0 0 na na
10 61103.732350277734 0.043854366877 cfg1 2 1 0 0 na na
10 61103.772350304617 0.043854294654 cfg1 2 1 0 0 na na
10 61103.774350332658 0.043854292262 cfg1 2 1 0 0 na na
10 61103.787350333994 0.043854271378 cfg1 2 1 0 0 na na
10 61103.816350306584 0.043854231562 cfg1 2 1 0 0 na na
10 61103.848350330479 0.043854206781 cfg1 2 1 0 0 na na
10 61103.899350299205 0.043854130410 cfg1 2 1 0 0 na na
10 61103.962350267081 0.043854068297 cfg1 2 1 0 0 na na
10 61104.064350317133 0.043853923346 cfg1 2 1 0 0 na na
10 61104.152350271276 0.043853806154 cfg1 2 1 0 0 na na
10 61104.185350248471 0.043853783492 cfg1 2 1 0 0 na na
10 61104.342350254688 0.043853585270 cfg1 2 1 0 0 na na
10 61104.398350339045 0.043853511831 cfg1 2 1 0 0 na na
10 61104.413350253289 0.043853499028 cfg1 2 1 0 0 na na
10 61104.491350286235 0.043853390850 cfg1 2 1 0 0 na na
10 61104.501350311405 0.043853367914 cfg1 2 1 0 0 na na
10 61104.525350368171 0.043853342132 cfg1 2 1 0 0 na na
10 61104.616350349719 0.043853231280 cfg1 2 1 0 0 na na
10 61104.646350306364 0.043853183726 cfg1 2 1 0 0 na na
10 61104.688350347717 0.043853123290 cfg1 2 1 0 0 na na
10 61104.733350333553 0.043853074869 cfg1 2 1 0 0 na na
10 61104.786350345242 0.043853002204 cfg1 2 1 0 0 na na
10 61104.787350307517 0.043853022996 cfg1 2 1 0 0 na na
10 61104.808350349228 0.043852972522 cfg1 2 1 0 0 na na
10 61104.851350271469 0.043852925031 cfg1 2 1 0 0 na na
10 61104.854350313092 0.043852920800 cfg1 2 1 0 0 na na
10 61104.859350342721 0.043852933812 cfg1 2 1 0 0 na na
10 61104.951350380997 0.043852798217 cfg1 2 1 0 0 na na
10 61105.000350336537 0.043852734845 cfg1 2 1 0 0 na na
10 61105.102350282551 0.043852598641 cfg1 2 1 0 0 na na
10 61105.115350338659 0.043852592232 cfg1 2 1 0 0 na na
10 61105.175350351187 0.043852512465 cfg1 2 1 0 0 na na
10 61105.218350333555 0.043852478170 cfg1 2 1 0 0 na na
10 61105.324350338611 0.043852327005 cfg1 2 1 0 0 na na
10 61105.326350274575 0.043852316515 cfg1 2 1 0 0 na na
10 61105.373350296213 0.043852285502 cfg1 2 1 0 0 na na
10 61105.374350318702 0.043852260203 cfg1 2 1 0 0 na na
10 61105.430350334593 0.043852202780 cfg1 2 1 0 0 na na
10 61105.433350316177 0.043852195231 cfg1 2 1 0 0 na na
10 61105.556350360973 0.043852032382 cfg1 2 1 0 0 na na
10 61105.565350300370 0.043852041594 cfg1 2 1 0 0 na na
10 61105.605350328945 0.043851972177 cfg1 2 1 0 0 na na
10 61105.623350367554 0.043851967630 cfg1 2 1 0 0 na na
10 61105.640350337223 0.043851935098 cfg1 2 1 0 0 na na
10 61105.642350320706 0.043851932959 cfg1 2 1 0 0 na na
10 61105.718350308345 0.043851846176 cfg1 2 1 0 0 na na
10 61105.719350342094 0.043851843625 cfg1 2 1 0 0 na na
10 61105.830350368847 0.043851684491 cfg1 2 1 0 0 na na
10 61105.838350317534 0.043851678539 cfg1 2 1 0 0 na na
10 61105.868350301595 0.043851642520 cfg1 2 1 0 0 na na
10 61105.895350251758 0.043851621992 cfg1 2 1 0 0 na na
10 61105.945350305856 0.043851542004 cfg1 2 1 0 0 na na
10 61105.949350267517 0.043851539375 cfg1 2 1 0 0 na na
10 61105.969350295811 0.043851527008 cfg1 2 1 0 0 na na
10 61105.985350317683 0.043851490865 cfg1 2 1 0 0 na na
10 61106.011350298812 0.043851460529 cfg1 2 1 0 0 na na
10 61106.069350287097 0.043851403274 cfg1 2 1 0 0 na na
10 61106.073350335168 0.043851396687 cfg1 2 1 0 0 na na
10 61106.210350342897 0.043851209334 cfg1 2 1 0 0 na na
10 61106.257350277579 0.043851178131 cfg1 2 1 0 0 na na
10 61106.291350325525 0.043851114348 cfg1 2 1 0 0 na na
10 61106.368350322912 0.043851030219 cfg1 2 1 0 0 na na
10 61106.434350302737 0.043850949300 cfg1 2 1 0 0 na na
10 61106.575350351065 0.043850782744 cfg1 2 1 0 0 na na
10 61106.588350278949 0.043850756443 cfg1 2 1 0 0 na na
10 61106.590350249832 0.043850758959 cfg1 2 1 0 0 na na
10 61106.612350278984 0.043850736801 cfg1 2 1 0 0 na na
10 61106.685350329479 0.043850620007 cfg1 2 1 0 0 na na
10 61106.694350317792 0.043850617634 cfg1 2 1 0 0 na na
10 61106.765350263673 0.043850523215 cfg1 2 1 0 0 na na
10 61106.782350318666 0.043850504263 cfg1 2 1 0 0 na na
10 61106.790350257851 0.043850498769 cfg1 2 1 0 0 na na
10 61106.888350276401 0.043850396269 cfg1 2 1 0 0 na na
10 61107.004350343026 0.043850223623 cfg1 2 1 0 0 na na
10 61107.069350317689 0.043850158036 cfg1 2 1 0 0 na na
10 61107.118350245429 0.043850106430 cfg1 2 1 0 0 na na
10 61107.142350262645 0.043850059496 cfg1 2 1 0 0 na na
10 61107.143350338906 0.043850078695 cfg1 2 1 0 0 na na
10 61107.239350256987 0.043849945202 cfg1 2 1 0 0 na na
10 61107.261350292608 0.043849930755 cfg1 2 1 0 0 na na
10 61107.267350336522 0.043849921727 cfg1 2 1 0 0 na na
10 61107.355350292000 0.043849809309 cfg1 2 1 0 0 na na
10 61107.441350325409 0.043849701542 cfg1 2 1 0 0 na na
10 61107.525350290258 0.043849583855 cfg1 2 1 0 0 na na
10 61107.558350324333 0.043849560422 cfg1 2 1 0 0 na na
10 61107.570350290721 0.043849537302 cfg1 2 1 0 0 na na
10 61107.576350263364 0.043849545046 cfg1 2 1 0 0 na na
10 61107.581350400089 0.043849515547 cfg1 2 1 0 0 na na
10 61107.589350336122 0.043849518175 cfg1 2 1 0 0 na na
10 61107.591350304012 0.043849512621 cfg1 2 1 0 0 na na
10 61107.602350257339 0.043849499221 cfg1 2 1 0 0 na na
10 61107.605350284838 0.043849488102 cfg1 2 1 0 0 na na
10 61107.608350335781 0.043849494424 cfg1 2 1 0 0 na na
10 61107.625350278524 0.043849474454 cfg1 2 1 0 0 na na
10 61107.646350332516 0.043849436988 cfg1 2 1 0 0 na na
10 61107.713350320882 0.043849351209 cfg1 2 1 0 0 na na
10 61107.735350274401 0.043849343601 cfg1 2 1 0 0 na na
10 61107.752350394239 0.043849317790 cfg1 2 1 0 0 na na
10 61107.758350348346 0.043849296685 cfg1 2 1 0 0 na na
10 61107.764350358398 0.043849304385 cfg1 2 1 0 0 na na
10 61107.765350300412 0.043849308459 cfg1 2 1 0 0 na na
10 61107.816350402240 0.043849227479 cfg1 2 1 0 0 na na
10 61107.829350307088 0.043849238643 cfg1 2 1 0 0 na na
10 61107.868350284265 0.043849172420 cfg1 2 1 0 0 na na
10 61107.990350316863 0.043849024179 cfg1 2 1 0 0 na na
10 61108.011350340176 0.043849002101 cfg1 2 1 0 0 na na
10 61108.050350320072 0.043848957420 cfg1 2 1 0 0 na na
10 61108.088350322630 0.043848900029 cfg1 2 1 0 0 na na
10 61108.102350310953 0.043848885372 cfg1 2 1 0 0 na na
10 61108.103350324975 0.043848900509 cfg1 2 1 0 0 na na
10 61108.125350335869 0.043848861665 cfg1 2 1 0 0 na na
10 61108.132350316894 0.043848856351 cfg1 2 1 0 0 na na
10 61108.148350304908 0.043848845318 cfg1 2 1 0 0 na na
10 61108.187350274838 0.043848775095 cfg1 2 1 0 0 na na
10 61108.311350362897 0.043848626767 cfg1 2 1 0 0 na na
10 61108.321350245144 0.043848631519 cfg1 2 1 0 0 na na
10 61108.540350362330 0.043848360969 cfg1 2 1 0 0 na na
10 61108.593350334236 0.043848300871 cfg1 2 1 0 0 na na
10 61108.605350378545 0.043848268372 cfg1 2 1 0 0 na na
10 61108.623350367760 0.043848246584 cfg1 2 1 0 0 na na
10 61108.627350306017 0.043848251484 cfg1 2 1 0 0 na na
10 61108.649350361801 0.043848234387 cfg1 2 1 0 0 na na
10 61108.705350314264 0.043848156197 cfg1 2 1 0 0 na na
10 61108.722350316259 0.043848144471 cfg1 2 1 0 0 na na
10 61108.785350341024 0.043848068268 cfg1 2 1 0 0 na na
10 61108.792350353673 0.043848052096 cfg1 2 1 0 0 na na
10 61108.852350261525 0.043847993024 cfg1 2 1 0 0 na na
10 61109.105350289953 0.043847675977 cfg1 2 1 0 0 na na
10 61109.159350295558 0.043847608885 cfg1 2 1 0 0 na na
10 61109.169350359540 0.043847595910 cfg1 2 1 0 0 na na
10 61109.181350302446 0.043847585720 cfg1 2 1 0 0 na na
10 61109.196350336004 0.043847575278 cfg1 2 1 0 0 na na
10 61109.208350330997 0.043847550647 cfg1 2 1 0 0 na na
10 61109.217350326433 0.043847541479 cfg1 2 1 0 0 na na
10 61109.255350347811 0.043847479729 cfg1 2 1 0 0 na na
10 61109.378350285713 0.043847350285 cfg1 2 1 0 0 na na
10 61109.397350302139 0.043847316441 cfg1 2 1 0 0 na na
10 61109.414350263030 0.043847288931 cfg1 2 1 0 0 na na
10 61109.426350322376 0.043847284954 cfg1 2 1 0 0 na na
10 61109.474350345078 0.043847232636 cfg1 2 1 0 0 na na
10 61109.501350276124 0.043847200257 cfg1 2 1 0 0 na na
10 61109.546350256806 0.043847153997 cfg1 2 1 0 0 na na
10 61109.554350310748 0.043847121887 cfg1 2 1 0 0 na na
10 61109.646350286283 0.043847023071 cfg1 2 1 0 0 na na
10 61109.659350284432 0.043847002727 cfg1 2 1 0 0 na na
10 61109.733350320208 0.043846911930 cfg1 2 1 0 0 na na
10 61109.739350302214 0.043846914159 cfg1 2 1 0 0 na na
10 61109.760350340292 0.043846874363 cfg1 2 1 0 0 na na
10 61109.802350322606 0.043846822038 cfg1 2 1 0 0 na na
10 61109.820350335435 0.043846819586 cfg1 2 1 0 0 na na
10 61109.844350267461 0.043846769319 cfg1 2 1 0 0 na na
10 61109.854350314145 0.043846764165 cfg1 2 1 0 0 na na
10 61109.951350321788 0.043846640740 cfg1 2 1 0 0 na na
10 61110.046350361764 0.043846544204 cfg1 2 1 0 0 na na
10 61110.074350283409 0.043846517754 cfg1 2 1 0 0 na na
10 61110.108350306721 0.043846472644 cfg1 2 1 0 0 na na
10 61110.128350328464 0.043846435254 cfg1 2 1 0 0 na na
10 61110.188350305961 0.043846378915 cfg1 2 1 0 0 na na
10 61110.279350338467 0.043846277366 cfg1 2 1 0 0 na na
10 61110.415350316485 0.043846116420 cfg1 2 1 0 0 na na
10 61110.491350298595 0.043846012968 cfg1 2 1 0 0 na na
10 61110.496350303744 0.043845995505 cfg1 2 1 0 0 na na
10 61110.550350351610 0.043845951767 cfg1 2 1 0 0 na na
10 61110.670350306546 0.043845794835 cfg1 2 1 0 0 na na
10 61110.683350305493 0.043845788513 cfg1 2 1 0 0 na na
10 61110.783350293743 0.043845662240 cfg1 2 1 0 0 na na
10 61110.810350334000 0.043845623174 cfg1 2 1 0 0 na na
10 61110.818350257715 0.043845619099 cfg1 2 1 0 0 na na
10 61110.861350288855 0.043845571901 cfg1 2 1 0 0 na na
10 61110.867350271384 0.043845554577 cfg1 2 1 0 0 na na
10 61110.909350325362 0.043845517539 cfg1 2 1 0 0 na na
10 61110.923350322005 0.043845486530 cfg1 2 1 0 0 na na
10 61110.926350254834 0.043845492212 cfg1 2 1 0 0 na na
10 61110.940350299224 0.043845474332 cfg1 2 1 0 0 na na
10 61110.984350328200 0.043845439491 cfg1 2 1 0 0 na na
10 61111.025350291369 0.043845365218 cfg1 2 1 0 0 na na
10 61111.086350276053 0.043845307888 cfg1 2 1 0 0 na na
10 61111.094350321063 0.043845287649 cfg1 2 1 0 0 na na
10 61111.097350317524 0.043845307661 cfg1 2 1 0 0 na na
10 61111.282350310483 0.043845084845 cfg1 2 1 0 0 na na
10 61111.294350291026 0.043845067064 cfg1 2 1 0 0 na na
10 61111.301350279744 0.043845058531 cfg1 2 1 0 0 na na
10 61111.314350355305 0.043845036767 cfg1 2 1 0 0 na na
10 61111.348350326945 0.043845012080 cfg1 2 1 0 0 na na
10 61111.359350282813 0.043844999197 cfg1 2 1 0 0 na na
10 61111.446350315031 0.043844882820 cfg1 2 1 0 0 na na
10 61111.522350285011 0.043844781765 cfg1 2 1 0 0 na na
10 61111.541350287687 0.043844773996 cfg1 2 1 0 0 na na
10 61111.591350322700 0.043844716953 cfg1 2 1 0 0 na na
10 61111.603350300187 0.043844699194 cfg1 2 1 0 0 na na
10 61111.657350293933 0.043844624220 cfg1 2 1 0 0 na na
10 61111.684350257186 0.043844599465 cfg1 2 1 0 0 na na
10 61111.691350316934 0.043844608903 cfg1 2 1 0 0 na na
10 61111.730350350530 0.043844545388 cfg1 2 1 0 0 na na
10 61111.737350285998 0.043844546066 cfg1 2 1 0 0 na na
10 61111.777350260687 0.043844486162 cfg1 2 1 0 0 na na
10 61111.849350258439 0.043844418046 cfg1 2 1 0 0 na na
10 61111.860350309795 0.043844388750 cfg1 2 1 0 0 na na
10 61111.903350274132 0.043844358347 cfg1 2 1 0 0 na na
10 61111.921350243848 0.043844339645 cfg1 2 1 0 0 na na
10 61111.976350355425 0.043844252824 cfg1 2 1 0 0 na na
10 61111.978350321657 0.043844269208 cfg1 2 1 0 0 na na
10 61112.007350302279 0.043844210460 cfg1 2 1 0 0 na na
10 61112.010350257660 0.043844219298 cfg1 2 1 0 0 na na
10 61112.058350290265 0.043844179309 cfg1 2 1 0 0 na na
10 61112.193350247353 0.043844014654 cfg1 2 1 0 0 na na
10 61112.213350322427 0.043843994112 cfg1 2 1 0 0 na na
10 61112.302350305839 0.043843879100 cfg1 2 1 0 0 na na
10 61112.335350334961 0.043843827470 cfg1 2 1 0 0 na na
10 61112.351350333377 0.043843815388 cfg1 2 1 0 0 na na
10 61112.384350276119 0.043843777840 cfg1 2 1 0 0 na na
10 61112.515350311739 0.043843624558 cfg1 2 1 0 0 na na
10 61112.560350329540 0.043843592741 cfg1 2 1 0 0 na na
10 61112.687350285224 0.043843421923 cfg1 2 1 0 0 na na
10 61112.740350294232 0.043843366186 cfg1 2 1 0 0 na na
10 61112.764350297604 0.043843329136 cfg1 2 1 0 0 na na
10 61112.770350349484 0.043843351125 cfg1 2 1 0 0 na na
10 61113.007350293501 0.043843055875 cfg1 2 1 0 0 na na
10 61113.190350370303 0.043842841077 cfg1 2 1 0 0 na na
10 61113.227350281528 0.043842801752 cfg1 2 1 0 0 na na
10 61113.280350323833 0.043842735737 cfg1 2 1 0 0 na na
10 61113.291350357465 0.043842726144 cfg1 2 1 0 0 na na
10 61113.323350316844 0.043842697675 cfg1 2 1 0 0 na na
10 61113.346350343877 0.043842670801 cfg1 2 1 0 0 na na
10 61113.349350281304 0.043842657967 cfg1 2 1 0 0 na na
10 61113.470350337116 0.043842524002 cfg1 2 1 0 0 na na
10 61113.537350259901 0.043842449773 cfg1 2 1 0 0 na na
10 61113.540350350556 0.043842434692 cfg1 2 1 0 0 na na
10 61113.544350305915 0.043842450015 cfg1 2 1 0 0 na na
10 61113.641350271975 0.043842329274 cfg1 2 1 0 0 na na
10 61113.701350268781 0.043842258338 cfg1 2 1 0 0 na na
10 61113.756350339956 0.043842200278 cfg1 2 1 0 0 na na
10 61113.789350278333 0.043842161165 cfg1 2 1 0 0 na na
10 61113.822350271389 0.043842110496 cfg1 2 1 0 0 na na
10 61113.991350324161 0.043841919234 cfg1 2 1 0 0 na na
10 61114.136350342395 0.043841774851 cfg1 2 1 0 0 na na
10 61114.171350246272 0.043841735647 cfg1 2 1 0 0 na na
10 61114.188350338190 0.043841720248 cfg1 2 1 0 0 na na
10 61114.193350326974 0.043841707441 cfg1 2 1 0 0 na na
10 61114.285350352920 0.043841606520 cfg1 2 1 0 0 na na
10 61114.319350367793 0.043841558506 cfg1 2 1 0 0 na na
10 61114.349350316233 0.043841509665 cfg1 2 1 0 0 na na
10 61114.420350280406 0.043841447974 cfg1 2 1 0 0 na na
10 61114.427350266529 0.043841425390 cfg1 2 1 0 0 na na
10 61114.479350343769 0.043841366642 cfg1 2 1 0 0 na na
10 61114.585350314297 0.043841253645 cfg1 2 1 0 0 na na
10 61114.603350279014 0.043841248527 cfg1 2 1 0 0 na na
10 61114.607350312047 0.043841221466 cfg1 2 1 0 0 na na
10 61114.651350260247 0.043841176558 cfg1 2 1 0 0 na na
10 61114.793350300179 0.043841033318 cfg1 2 1 0 0 na na
10 61114.797350266693 0.043841022704 cfg1 2 1 0 0 na na
10 61114.809350329249 0.043840989725 cfg1 2 1 0 0 na na
10 61114.811350326243 0.043841002093 cfg1 2 1 0 0 na na
10 61114.874350253030 0.043840943049 cfg1 2 1 0 0 na na
10 61114.983350288711 0.043840807259 cfg1 2 1 0 0 na na
10 61115.011350294566 0.043840774954 cfg1 2 1 0 0 na na
10 61115.127350286878 0.043840646591 cfg1 2 1 0 0 na na
10 61115.157350242656 0.043840619521 cfg1 2 1 0 0 na na
10 61115.184350255433 0.043840576570 cfg1 2 1 0 0 na na
10 61115.210350338938 0.043840560672 cfg1 2 1 0 0 na na
10 61115.233350350120 0.043840538945 cfg1 2 1 0 0 na na
10 61115.250350276617 0.043840497902 cfg1 2 1 0 0 na na
10 61115.258350281056 0.043840490916 cfg1 2 1 0 0 na na
10 61115.279350293043 0.043840464723 cfg1 2 1 0 0 na na
10 61115.291350273891 0.043840452162 cfg1 2 1 0 0 na na
10 61115.357350279814 0.043840369532 cfg1 2 1 0 0 na na
10 61115.462350283133 0.043840254908 cfg1 2 1 0 0 na na
10 61115.613350270038 0.043840087313 cfg1 2 1 0 0 na na
10 61115.759350351517 0.043839923713 cfg1 2 1 0 0 na na
10 61115.861350307253 0.043839827723 cfg1 2 1 0 0 na na
10 61115.866350295496 0.043839825520 cfg1 2 1 0 0 na na
10 61116.052350319960 0.043839608334 cfg1 2 1 0 0 na na
10 61116.083350308068 0.043839565222 cfg1 2 1 0 0 na na
10 61116.153350270819 0.043839487682 cfg1 2 1 0 0 na na
10 61116.209350337194 0.043839421677 cfg1 2 1 0 0 na na
10 61116.210350266047 0.043839416000 cfg1 2 1 0 0 na na
10 61116.249350306648 0.043839402316 cfg1 2 1 0 0 na na
10 61116.273350338564 0.043839353295 cfg1 2 1 0 0 na na
10 61116.293350303426 0.043839328869 cfg1 2 1 0 0 na na
10 61116.302350320354 0.043839339697 cfg1 2 1 0 0 na na
10 61116.312350332172 0.043839314628 cfg1 2 1 0 0 na na
10 61116.323350343377 0.043839308483 cfg1 2 1 0 0 na na
10 61116.327350335112 0.043839314041 cfg1 2 1 0 0 na na
10 61116.340350357034 0.043839292336 cfg1 2 1 0 0 na na
10 61116.412350280048 0.043839194509 cfg1 2 1 0 0 na na
10 61116.532350272533 0.043839088035 cfg1 2 1 0 0 na na
10 61116.546350278943 0.043839059848 cfg1 2 1 0 0 na na
10 61116.571350281178 0.043839031601 cfg1 2 1 0 0 na na
10 61116.604350343936 0.043838981710 cfg1 2 1 0 0 na na
10 61116.608350350976 0.043838997524 cfg1 2 1 0 0 na na
10 61116.659350285031 0.043838940698 cfg1 2 1 0 0 na na
10 61116.688350256761 0.043838909220 cfg1 2 1 0 0 na na
10 61116.704350331738 0.043838879521 cfg1 2 1 0 0 na na
10 61116.706350416193 0.043838879035 cfg1 2 1 0 0 na na
10 61116.717350318027 0.043838858162 cfg1 2 1 0 0 na na
10 61116.772350274274 0.043838793477 cfg1 2 1 0 0 na na
10 61116.963350366782 0.043838593503 cfg1 2 1 0 0 na na
10 61117.191350312321 0.043838343063 cfg1 2 1 0 0 na na
10 61117.201350277699 0.043838327430 cfg1 2 1 0 0 na na
10 61117.246350333195 0.043838280078 cfg1 2 1 0 0 na na
10 61117.250350352192 0.043838281407 cfg1 2 1 0 0 na na
10 61117.339350308538 0.043838178884 cfg1 2 1 0 0 na na
10 61117.380350306531 0.043838141993 cfg1 2 1 0 0 na na
10 61117.453350329482 0.043838044702 cfg1 2 1 0 0 na na
10 61117.467350316185 0.043838031355 cfg1 2 1 0 0 na na
10 61117.525350317812 0.043837979782 cfg1 2 1 0 0 na na
10 61117.554350309063 0.043837950902 cfg1 2 1 0 0 na na
10 61117.562350370787 0.043837945709 cfg1 2 1 0 0 na na
10 61117.677350309113 0.043837810602 cfg1 2 1 0 0 na na
10 61117.725350313591 0.043837763918 cfg1 2 1 0 0 na na
10 61117.746350348512 0.043837736369 cfg1 2 1 0 0 na na
10 61117.810350301537 0.043837655205 cfg1 2 1 0 0 na na
10 61117.875350307463 0.043837593641 cfg1 2 1 0 0 na na
10 61117.925350241852 0.043837552936 cfg1 2 1 0 0 na na
10 61117.927350273283 0.043837539434 cfg1 2 1 0 0 na na
10 61117.968350314862 0.043837506345 cfg1 2 1 0 0 na na
10 61118.001350323574 0.043837470008 cfg1 2 1 0 0 na na
10 61118.003350291873 0.043837443345 cfg1 2 1 0 0 na na
10 61118.028350326202 0.043837423547 cfg1 2 1 0 0 na na
10 61118.070350300998 0.043837370102 cfg1 2 1 0 0 na na
10 61118.101350347026 0.043837349666 cfg1 2 1 0 0 na na
10 61118.252350325794 0.043837195545 cfg1 2 1 0 0 na na
10 61118.269350325452 0.043837153557 cfg1 2 1 0 0 na na
10 61118.273350280812 0.043837158003 cfg1 2 1 0 0 na na
10 61118.439350323912 0.043836970063 cfg1 2 1 0 0 na na
10 61118.576350324124 0.043836847319 cfg1 2 1 0 0 na na
10 61118.671350304708 0.043836748167 cfg1 2 1 0 0 na na
10 61118.704350295700 0.043836689772 cfg1 2 1 0 0 na na
10 61118.730350355775 0.043836657582 cfg1 2 1 0 0 na na
10 61118.761350293936 0.043836633403 cfg1 2 1 0 0 na na
10 61118.843350313946 0.043836549892 cfg1 2 1 0 0 na na
10 61118.850350299934 0.043836551111 cfg1 2 1 0 0 na na
10 61118.886350283278 0.043836490846 cfg1 2 1 0 0 na na
10 61118.934350355876 0.043836446967 cfg1 2 1 0 0 na na
10 61118.980350278860 0.043836401274 cfg1 2 1 0 0 na na
10 61119.005350336899 0.043836361220 cfg1 2 1 0 0 na na
10 61119.011350285894 0.043836362080 cfg1 2 1 0 0 na na
10 61119.042350308161 0.043836327446 cfg1 2 1 0 0 na na
10 61119.058350289378 0.043836319122 cfg1 2 1 0 0 na na
10 61119.085350296361 0.043836277611 cfg1 2 1 0 0 na na
10 61119.086350342449 0.043836279955 cfg1 2 1 0 0 na na
10 61119.126350339607 0.043836248351 cfg1 2 1 0 0 na na
10 61119.175350270758 0.043836180979 cfg1 2 1 0 0 na na
10 61119.193350307462 0.043836169198 cfg1 2 1 0 0 na na
10 61119.232350328227 0.043836141386 cfg1 2 1 0 0 na na
10 61119.261350290077 0.043836091957 cfg1 2 1 0 0 na na
10 61119.271350292493 0.043836091722 cfg1 2 1 0 0 na na
10 61119.279350330312 0.043836067987 cfg1 2 1 0 0 na na
10 61119.321350329849 0.043836034835 cfg1 2 1 0 0 na na
10 61119.368350304113 0.043835976338 cfg1 2 1 0 0 na na
10 61119.425350365150 0.043835911724 cfg1 2 1 0 0 na na
10 61119.580350311157 0.043835756812 cfg1 2 1 0 0 na na
10 61119.608350298621 0.043835736995 cfg1 2 1 0 0 na na
10 61119.684350300289 0.043835639835 cfg1 2 1 0 0 na na
10 61119.770350377466 0.043835548011 cfg1 2 1 0 0 na na
10 61119.935350329986 0.043835372031 cfg1 2 1 0 0 na na
10 61119.952350255688 0.043835361062 cfg1 2 1 0 0 na na
10 61119.965350304783 0.043835361215 cfg1 2 1 0 0 na na
10 61119.993350341164 0.043835328080 cfg1 2 1 0 0 na na
10 61120.030350299242 0.043835271630 cfg1 2 1 0 0 na na
10 61120.069350292878 0.043835251236 cfg1 2 1 0 0 na na
10 61120.080350330970 0.043835235411 cfg1 2 1 0 0 na na
10 61120.164350285364 0.043835140533 cfg1 2 1 0 0 na na
10 61120.212350302084 0.043835089725 cfg1 2 1 0 0 na na
10 61120.252350317399 0.043835029380 cfg1 2 1 0 0 na na
10 61120.255350323281 0.043835027761 cfg1 2 1 0 0 na na
10 61120.257350336728 0.043835040234 cfg1 2 1 0 0 na na
10 61120.284350255989 0.043835011041 cfg1 2 1 0 0 na na
10 61120.325350322984 0.043834954706 cfg1 2 1 0 0 na na
10 61120.329350302574 0.043834974344 cfg1 2 1 0 0 na na
10 61120.408350288348 0.043834886714 cfg1 2 1 0 0 na na
10 61120.489350301129 0.043834801920 cfg1 2 1 0 0 na na
10 61120.492350296144 0.043834804260 cfg1 2 1 0 0 na na
10 61120.506350338696 0.043834775045 cfg1 2 1 0 0 na na
10 61120.524350281504 0.043834754284 cfg1 2 1 0 0 na na
10 61120.602350291150 0.043834688572 cfg1 2 1 0 0 na na
10 61120.696350290909 0.043834587756 cfg1 2 1 0 0 na na
10 61120.708350325188 0.043834558095 cfg1 2 1 0 0 na na
10 61120.718350284628 0.043834548453 cfg1 2 1 0 0 na na
10 61120.720350326527 0.043834545564 cfg1 2 1 0 0 na na
10 61120.836350309650 0.043834435186 cfg1 2 1 0 0 na na
10 61120.849350362340 0.043834422197 cfg1 2 1 0 0 na na
10 61120.854350335863 0.043834406148 cfg1 2 1 0 0 na na
10 61120.874350309964 0.043834400184 cfg1 2 1 0 0 na na
10 61120.897350324938 0.043834354149 cfg1 2 1 0 0 na na
10 61120.924350298263 0.043834347226 cfg1 2 1 0 0 na na
10 61120.930350277446 0.043834330192 cfg1 2 1 0 0 na na
10 61120.938350319412 0.043834319409 cfg1 2 1 0 0 na na
10 61120.947350315679 0.043834321251 cfg1 2 1 0 0 na na
10 61120.964350338970 0.043834286065 cfg1 2 1 0 0 na na
10 61120.982350285769 0.043834265143 cfg1 2 1 0 0 na na
10 61121.035350276329 0.043834215486 cfg1 2 1 0 0 na na
10 61121.136350309070 0.043834118464 cfg1 2 1 0 0 na na
10 61121.240350292214 0.043833992149 cfg1 2 1 0 0 na na
10 61121.331350332821 0.043833906646 cfg1 2 1 0 0 na na
10 61121.341350288057 0.043833889117 cfg1 2 1 0 0 na na
10 61121.367350325219 0.043833881365 cfg1 2 1 0 0 na na
10 61121.403350337521 0.043833841423 cfg1 2 1 0 0 na na
10 61121.410350347560 0.043833829999 cfg1 2 1 0 0 na na
10 61121.413350295021 0.043833818391 cfg1 2 1 0 0 na na
10 61121.425350264200 0.043833802858 cfg1 2 1 0 0 na na
10 61121.459350304249 0.043833776596 cfg1 2 1 0 0 na na
10 61121.507350294789 0.043833728973 cfg1 2 1 0 0 na na
10 61121.519350294385 0.043833719927 cfg1 2 1 0 0 na na
10 61121.547350279476 0.043833673019 cfg1 2 1 0 0 na na
10 61121.576350302119 0.043833659517 cfg1 2 1 0 0 na na
10 61121.634350328728 0.043833581273 cfg1 2 1 0 0 na na
10 61121.683350296570 0.043833531732 cfg1 2 1 0 0 na na
10 61121.844350334494 0.043833361242 cfg1 2 1 0 0 na na
10 61121.875350406339 0.043833338608 cfg1 2 1 0 0 na na
10 61121.913350272028 0.043833290114 cfg1 2 1 0 0 na na
10 61121.923350325274 0.043833303503 cfg1 2 1 0 0 na na
10 61121.977350303440 0.043833238947 cfg1 2 1 0 0 na na
10 61121.982350304126 0.043833236643 cfg1 2 1 0 0 na na
10 61121.987350359074 0.043833218725 cfg1 2 1 0 0 na na
10 61122.018350297585 0.043833182960 cfg1 2 1 0 0 na na
10 61122.054350352854 0.043833147586 cfg1 2 1 0 0 na na
10 61122.323350343998 0.043832873220 cfg1 2 1 0 0 na na
10 61122.330350270899 0.043832878974 cfg1 2 1 0 0 na na
10 61122.336350293867 0.043832872161 cfg1 2 1 0 0 na na
10 61122.354350317625 0.043832842598 cfg1 2 1 0 0 na na
10 61122.375350315062 0.043832812321 cfg1 2 1 0 0 na na
10 61122.579350328811 0.043832611402 cfg1 2 1 0 0 na na
10 61122.694350335408 0.043832506429 cfg1 2 1 0 0 na na
10 61122.773350299512 0.043832425814 cfg1 2 1 0 0 na na
10 61122.783350306657 0.043832413118 cfg1 2 1 0 0 na na
10 61122.817350300330 0.043832385534 cfg1 2 1 0 0 na na
10 61122.938350261396 0.043832240966 cfg1 2 1 0 0 na na
10 61122.966350319221 0.043832224489 cfg1 2 1 0 0 na na
10 61122.987350299903 0.043832205495 cfg1 2 1 0 0 na na
10 61123.031350342030 0.043832138624 cfg1 2 1 0 0 na na
10 61123.040350257711 0.043832139243 cfg1 2 1 0 0 na na
10 61123.088350332061 0.043832109185 cfg1 2 1 0 0 na na
10 61123.150350318698 0.043832024484 cfg1 2 1 0 0 na na
10 61123.180350331839 0.043831994543 cfg1 2 1 0 0 na na
10 61123.258350285139 0.043831918451 cfg1 2 1 0 0 na na
10 61123.280350380271 0.043831913479 cfg1 2 1 0 0 na na
10 61123.340350277387 0.043831829384 cfg1 2 1 0 0 na na
10 61123.405350328935 0.043831763230 cfg1 2 1 0 0 na na
10 61123.428350333735 0.043831761618 cfg1 2 1 0 0 na na
10 61123.440350323883 0.043831745793 cfg1 2 1 0 0 na na
10 61123.455350330361 0.043831710812 cfg1 2 1 0 0 na na
10 61123.472350351272 0.043831694892 cfg1 2 1 0 0 na na
10 61123.492350267262 0.043831669623 cfg1 2 1 0 0 na na
10 61123.516350287998 0.043831655947 cfg1 2 1 0 0 na na
10 61123.637350324042 0.043831542157 cfg1 2 1 0 0 na na
10 61123.744350267131 0.043831414892 cfg1 2 1 0 0 na na
10 61123.780350250825 0.043831406035 cfg1 2 1 0 0 na na
10 61123.783350366361 0.043831395637 cfg1 2 1 0 0 na na
10 61123.806350298134 0.043831369791 cfg1 2 1 0 0 na na
10 61123.877350290053 0.043831289331 cfg1 2 1 0 0 na na
10 61123.903350277754 0.043831269411 cfg1 2 1 0 0 na na
10 61123.912350299164 0.043831248410 cfg1 2 1 0 0 na na
10 61123.933350323537 0.043831247602 cfg1 2 1 0 0 na na
10 61123.964350251619 0.043831210407 cfg1 2 1 0 0 na na
10 61123.976350278653 0.043831187811 cfg1 2 1 0 0 na na
10 61124.028350351083 0.043831139631 cfg1 2 1 0 0 na na
10 61124.035350300779 0.043831130300 cfg1 2 1 0 0 na na
10 61124.061350272411 0.043831115176 cfg1 2 1 0 0 na na
10 61124.074350327380 0.043831108484 cfg1 2 1 0 0 na na
10 61124.139350333092 0.043831017304 cfg1 2 1 0 0 na na
10 61124.142350266478 0.043831015458 cfg1 2 1 0 0 na na
10 61124.226350292909 0.043830939977 cfg1 2 1 0 0 na na
10 61124.285350289585 0.043830888431 cfg1 2 1 0 0 na na
10 61124.369350331090 0.043830812726 cfg1 2 1 0 0 na na
10 61124.397350304170 0.043830770101 cfg1 2 1 0 0 na na
10 61124.408350254864 0.043830761909 cfg1 2 1 0 0 na na
10 61124.409350335163 0.043830764027 cfg1 2 1 0 0 na na
10 61124.593350361653 0.043830562996 cfg1 2 1 0 0 na na
10 61124.667350304707 0.043830504973 cfg1 2 1 0 0 na na
10 61124.718350305757 0.043830462308 cfg1 2 1 0 0 na na
10 61124.736350306391 0.043830445525 cfg1 2 1 0 0 na na
10 61124.787350347092 0.043830392682 cfg1 2 1 0 0 na na
10 61124.813350277908 0.043830350051 cfg1 2 1 0 0 na na
10 61124.854350349604 0.043830308712 cfg1 2 1 0 0 na na
10 61124.880350328476 0.043830291799 cfg1 2 1 0 0 na na
10 61124.883350303659 0.043830296835 cfg1 2 1 0 0 na na
10 61124.896350319844 0.043830283951 cfg1 2 1 0 0 na na
10 61124.903350314746 0.043830264177 cfg1 2 1 0 0 na na
10 61124.921350254782 0.043830247457 cfg1 2 1 0 0 na na
10 61124.993350243578 0.043830183506 cfg1 2 1 0 0 na na
10 61125.015350269825 0.043830158855 cfg1 2 1 0 0 na na
10 61125.038350315291 0.043830127248 cfg1 2 1 0 0 na na
10 61125.101350286455 0.043830067923 cfg1 2 1 0 0 na na
10 61125.291350321245 0.043829890701 cfg1 2 1 0 0 na na
10 61125.315350282256 0.043829856189 cfg1 2 1 0 0 na na
10 61125.323350298931 0.043829849975 cfg1 2 1 0 0 na na
10 61125.334350297208 0.043829849495 cfg1 2 1 0 0 na na
10 61125.336350365364 0.043829837563 cfg1 2 1 0 0 na na
10 61125.365350362641 0.043829791943 cfg1 2 1 0 0 na na
10 61125.366350263127 0.043829815755 cfg1 2 1 0 0 na na
10 61125.426350297988 0.043829737246 cfg1 2 1 0 0 na na
10 61125.500350326287 0.043829675729 cfg1 2 1 0 0 na na
10 61125.537350243476 0.043829643444 cfg1 2 1 0 0 na na
10 61125.549350311500 0.043829617301 cfg1 2 1 0 0 na na
10 61125.564350304241 0.043829612035 cfg1 2 1 0 0 na na
10 61125.590350358706 0.043829569984 cfg1 2 1 0 0 na na
10 61125.609350321454 0.043829566812 cfg1 2 1 0 0 na na
10 61125.640350266393 0.043829525809 cfg1 2 1 0 0 na na
10 61125.743350266883 0.043829443359 cfg1 2 1 0 0 na na
10 61125.749350361134 0.043829436147 cfg1 2 1 0 0 na na
10 61125.757350279610 0.043829431723 cfg1 2 1 0 0 na na
10 61125.782350310350 0.043829386599 cfg1 2 1 0 0 na na
10 61125.793350300984 0.043829389003 cfg1 2 1 0 0 na na
10 61125.805350294686 0.043829379857 cfg1 2 1 0 0 na na
10 61125.811350329448 0.043829379130 cfg1 2 1 0 0 na na
10 61125.857350257034 0.043829314843 cfg1 2 1 0 0 na na
10 61126.027350275679 0.043829168068 cfg1 2 1 0 0 na na
10 61126.051350317980 0.043829117499 cfg1 2 1 0 0 na na
10 61126.063350303886 0.043829116137 cfg1 2 1 0 0 na na
10 61126.104350278971 0.043829089995 cfg1 2 1 0 0 na na
10 61126.147350347249 0.043829044032 cfg1 2 1 0 0 na na
10 61126.218350320940 0.043828973760 cfg1 2 1 0 0 na na
10 61126.239350357362 0.043828938100 cfg1 2 1 0 0 na na
10 61126.242350322968 0.043828938997 cfg1 2 1 0 0 na na
10 61126.259350277980 0.043828915506 cfg1 2 1 0 0 na na
10 61126.277350305711 0.043828899108 cfg1 2 1 0 0 na na
10 61126.322350302987 0.043828877469 cfg1 2 1 0 0 na na
10 61126.438350283883 0.043828739622 cfg1 2 1 0 0 na na
10 61126.465350311663 0.043828729048 cfg1 2 1 0 0 na na
10 61126.524350317039 0.043828652545 cfg1 2 1 0 0 na na
10 61126.685350336432 0.043828523046 cfg1 2 1 0 0 na na
10 61126.701350276547 0.043828507518 cfg1 2 1 0 0 na na
10 61126.724350293672 0.043828486862 cfg1 2 1 0 0 na na
10 61126.726350339547 0.043828478835 cfg1 2 1 0 0 na na
10 61126.727350309797 0.043828476831 cfg1 2 1 0 0 na na
10 61126.729350280973 0.043828467998 cfg1 2 1 0 0 na na
10 61126.805350297252 0.043828400044 cfg1 2 1 0 0 na na
10 61126.903350347320 0.043828290276 cfg1 2 1 0 0 na na
10 61126.926350298828 0.043828277125 cfg1 2 1 0 0 na na
10 61126.935350328164 0.043828273959 cfg1 2 1 0 0 na na
10 61126.972350266170 0.043828220760 cfg1 2 1 0 0 na na
10 61127.098350313855 0.043828108249 cfg1 2 1 0 0 na na
10 61127.107350315999 0.043828088658 cfg1 2 1 0 0 na na
10 61127.109350332544 0.043828089956 cfg1 2 1 0 0 na na
10 61127.124350273791 0.043828073027 cfg1 2 1 0 0 na na
10 61127.244350315139 0.043827983476 cfg1 2 1 0 0 na na
10 61127.330350327632 0.043827882675 cfg1 2 1 0 0 na na
10 61127.355350300465 0.043827857611 cfg1 2 1 0 0 na na
10 61127.379350376151 0.043827824746 cfg1 2 1 0 0 na na
10 61127.399350292053 0.043827834536 cfg1 2 1 0 0 na na
10 61127.413350343312 0.043827795807 cfg1 2 1 0 0 na na
10 61127.423350286052 0.043827788989 cfg1 2 1 0 0 na na
10 61127.431350310214 0.043827796463 cfg1 2 1 0 0 na na
10 61127.475350305572 0.043827756965 cfg1 2 1 0 0 na na
10 61127.491350378214 0.043827738149 cfg1 2 1 0 0 na na
10 61127.547350324059 0.043827662791 cfg1 2 1 0 0 na na
10 61127.549350288934 0.043827684966 cfg1 2 1 0 0 na na
10 61127.701350297519 0.043827524440 cfg1 2 1 0 0 na na
10 61127.802350379555 0.043827429571 cfg1 2 1 0 0 na na
10 61127.807350304579 0.043827424435 cfg1 2 1 0 0 na na
10 61127.837350303180 0.043827395912 cfg1 2 1 0 0 na na
10 61127.856350351387 0.043827369464 cfg1 2 1 0 0 na na
10 61127.921350278597 0.043827309100 cfg1 2 1 0 0 na na
10 61127.976350377045 0.043827269215 cfg1 2 1 0 0 na na
10 61128.019350319040 0.043827210903 cfg1 2 1 0 0 na na
10 61128.045350291415 0.043827195808 cfg1 2 1 0 0 na na
10 61128.091350323288 0.043827153479 cfg1 2 1 0 0 na na
10 61128.137350274985 0.043827098276 cfg1 2 1 0 0 na na
10 61128.161350351137 0.043827099275 cfg1 2 1 0 0 na na
10 61128.163350310931 0.043827100235 cfg1 2 1 0 0 na na
10 61128.198350334136 0.043827068159 cfg1 2 1 0 0 na na
10 61128.213350363717 0.043827041680 cfg1 2 1 0 0 na na
10 61128.222350368468 0.043827017678 cfg1 2 1 0 0 na na
10 61128.259350284967 0.043827004071 cfg1 2 1 0 0 na na
10 61128.326350290718 0.043826935739 cfg1 2 1 0 0 na na
10 61128.384350282267 0.043826878344 cfg1 2 1 0 0 na na
10 61128.385350304740 0.043826869057 cfg1 2 1 0 0 na na
10 61128.438350276844 0.043826813084 cfg1 2 1 0 0 na na
10 61128.459350325144 0.043826802888 cfg1 2 1 0 0 na na
10 61128.480350321947 0.043826774766 cfg1 2 1 0 0 na na
10 61128.504350257398 0.043826759341 cfg1 2 1 0 0 na na
10 61128.509350323881 0.043826770741 cfg1 2 1 0 0 na na
10 61128.652350330046 0.043826638100 cfg1 2 1 0 0 na na
10 61128.702350353104 0.043826565439 cfg1 2 1 0 0 na na
10 61128.711350285508 0.043826573665 cfg1 2 1 0 0 na na
10 61128.740350301676 0.043826545540 cfg1 2 1 0 0 na na
10 61128.767350308283 0.043826524711 cfg1 2 1 0 0 na na
10 61128.809350335017 0.043826488226 cfg1 2 1 0 0 na na
10 61128.948350320514 0.043826342719 cfg1 2 1 0 0 na na
10 61128.967350286780 0.043826329637 cfg1 2 1 0 0 na na
10 61128.992350320872 0.043826298343 cfg1 2 1 0 0 na na
10 61129.005350354070 0.043826298305 cfg1 2 1 0 0 na na
10 61129.043350342972 0.043826246834 cfg1 2 1 0 0 na na
10 61129.072350269814 0.043826228495 cfg1 2 1 0 0 na na
10 61129.080350294294 0.043826231790 cfg1 2 1 0 0 na na
10 61129.105350281317 0.043826203408 cfg1 2 1 0 0 na na
10 61129.219350320342 0.043826096760 cfg1 2 1 0 0 na na
10 61129.225350337148 0.043826097840 cfg1 2 1 0 0 na na
10 61129.229350296797 0.043826075980 cfg1 2 1 0 0 na na
10 61129.313350316744 0.043826005024 cfg1 2 1 0 0 na na
10 61129.335350339527 0.043825977462 cfg1 2 1 0 0 na na
10 61129.399350277171 0.043825922608 cfg1 2 1 0 0 na na
10 61129.407350269297 0.043825911015 cfg1 2 1 0 0 na na
10 61129.520350301466 0.043825803951 cfg1 2 1 0 0 na na
10 61129.542350288019 0.043825773208 cfg1 2 1 0 0 na na
10 61129.598350334595 0.043825738847 cfg1 2 1 0 0 na na
10 61129.652350312691 0.043825676992 cfg1 2 1 0 0 na na
10 61129.667350310197 0.043825662666 cfg1 2 1 0 0 na na
10 61129.738350365393 0.043825590655 cfg1 2 1 0 0 na na
10 61129.795350335794 0.043825559057 cfg1 2 1 0 0 na na
10 61129.802350366650 0.043825532780 cfg1 2 1 0 0 na na
10 61129.837350328740 0.043825520558 cfg1 2 1 0 0 na na
10 61129.841350310023 0.043825509965 cfg1 2 1 0 0 na na
10 61129.851350263627 0.043825488300 cfg1 2 1 0 0 na na
10 61129.905350280274 0.043825447121 cfg1 2 1 0 0 na na
10 61129.915350272067 0.043825452321 cfg1 2 1 0 0 na na
10 61129.933350289276 0.043825426266 cfg1 2 1 0 0 na na
10 61129.976350320281 0.043825371116 cfg1 2 1 0 0 na na
10 61130.015350322053 0.043825343350 cfg1 2 1 0 0 na na
10 61130.036350266425 0.043825336628 cfg1 2 1 0 0 na na
10 61130.050350336188 0.043825316328 cfg1 2 1 0 0 na na
10 61130.063350320865 0.043825299169 cfg1 2 1 0 0 na na
10 61130.087350350124 0.043825281575 cfg1 2 1 0 0 na na
10 61130.164350322369 0.043825213742 cfg1 2 1 0 0 na na
10 61130.202350349373 0.043825158742 cfg1 2 1 0 0 na na
10 61130.233350278797 0.043825134777 cfg1 2 1 0 0 na na
10 61130.272350340987 0.043825120816 cfg1 2 1 0 0 na na
10 61130.343350301675 0.043825032867 cfg1 2 1 0 0 na na
10 61130.436350350164 0.043824965665 cfg1 2 1 0 0 na na
10 61130.532350322338 0.043824877378 cfg1 2 1 0 0 na na
10 61130.604350260723 0.043824791120 cfg1 2 1 0 0 na na
10 61130.666350287694 0.043824730952 cfg1 2 1 0 0 na na
10 61130.679350291293 0.043824747388 cfg1 2 1 0 0 na na
10 61130.716350346741 0.043824701736 cfg1 2 1 0 0 na na
10 61130.750350321884 0.043824656944 cfg1 2 1 0 0 na na
10 61130.807350338420 0.043824605782 cfg1 2 1 0 0 na na
10 61130.838350402075 0.043824594647 cfg1 2 1 0 0 na na
10 61130.840350341960 0.043824599149 cfg1 2 1 0 0 na na
10 61130.878350340051 0.043824548535 cfg1 2 1 0 0 na na
10 61130.892350317674 0.043824533152 cfg1 2 1 0 0 na na
10 61130.921350267809 0.043824520440 cfg1 2 1 0 0 na na
10 61130.924350349778 0.043824506346 cfg1 2 1 0 0 na na
10 61131.002350332551 0.043824423454 cfg1 2 1 0 0 na na
10 61131.010350343166 0.043824426841 cfg1 2 1 0 0 na na
10 61131.046350291055 0.043824385450 cfg1 2 1 0 0 na na
10 61131.110350273292 0.043824346630 cfg1 2 1 0 0 na na
10 61131.172350326846 0.043824268192 cfg1 2 1 0 0 na na
10 61131.185350340049 0.043824284028 cfg1 2 1 0 0 na na
10 61131.206350289080 0.043824242729 cfg1 2 1 0 0 na na
10 61131.220350284389 0.043824230225 cfg1 2 1 0 0 na na
10 61131.229350300573 0.043824222243 cfg1 2 1 0 0 na na
10 61131.249350267500 0.043824199616 cfg1 2 1 0 0 na na
10 61131.295350308434 0.043824167589 cfg1 2 1 0 0 na na
10 61131.322350268301 0.043824140941 cfg1 2 1 0 0 na na
10 61131.342350293300 0.043824126469 cfg1 2 1 0 0 na na
10 61131.361350282016 0.043824104014 cfg1 2 1 0 0 na na
10 61131.363350267232 0.043824094628 cfg1 2 1 0 0 na na
10 61131.396350283929 0.043824071318 cfg1 2 1 0 0 na na
10 61131.404350323324 0.043824078438 cfg1 2 1 0 0 na na
10 61131.511350300814 0.043823973198 cfg1 2 1 0 0 na na
10 61131.522350334994 0.043823965002 cfg1 2 1 0 0 na na
10 61131.533350298874 0.043823940586 cfg1 2 1 0 0 na na
10 61131.609350302343 0.043823887193 cfg1 2 1 0 0 na na
10 61131.675350326322 0.043823815480 cfg1 2 1 0 0 na na
10 61131.710350376052 0.043823782800 cfg1 2 1 0 0 na na
10 61131.736350266968 0.043823754978 cfg1 2 1 0 0 na na
10 61131.749350343741 0.043823759591 cfg1 2 1 0 0 na na
10 61131.768350318161 0.043823751456 cfg1 2 1 0 0 na na
10 61131.786350363161 0.043823719232 cfg1 2 1 0 0 na na
10 61131.799350291269 0.043823719177 cfg1 2 1 0 0 na na
10 61131.801350268682 0.043823707688 cfg1 2 1 0 0 na na
10 61131.901350359829 0.043823615193 cfg1 2 1 0 0 na na
10 61131.959350300057 0.043823569849 cfg1 2 1 0 0 na na
10 61131.961350292899 0.043823568635 cfg1 2 1 0 0 na na
10 61131.997350321152 0.043823534232 cfg1 2 1 0 0 na na
10 61132.004350318486 0.043823529318 cfg1 2 1 0 0 na na
10 61132.036350309210 0.043823511169 cfg1 2 1 0 0 na na
10 61132.041350267497 0.043823499058 cfg1 2 1 0 0 na na
10 61132.160350356860 0.043823390923 cfg1 2 1 0 0 na na
10 61132.219350267105 0.043823324726 cfg1 2 1 0 0 na na
10 61132.264350333304 0.043823303900 cfg1 2 1 0 0 na na
10 61132.311350304481 0.043823246567 cfg1 2 1 0 0 na na
10 61132.352350253305 0.043823218692 cfg1 2 1 0 0 na na
10 61132.426350315610 0.043823134925 cfg1 2 1 0 0 na na
10 61132.488350263067 0.043823084222 cfg1 2 1 0 0 na na
10 61132.514350264033 0.043823063005 cfg1 2 1 0 0 na na
10 61132.518350297350 0.043823059874 cfg1 2 1 0 0 na na
10 61132.519350288881 0.043823071351 cfg1 2 1 0 0 na na
10 61132.536350344984 0.043823059475 cfg1 2 1 0 0 na na
10 61132.632350311040 0.043822974629 cfg1 2 1 0 0 na na
10 61132.640350346434 0.043822969479 cfg1 2 1 0 0 na na
10 61132.684350294546 0.043822931931 cfg1 2 1 0 0 na na
10 61132.703350248759 0.043822907886 cfg1 2 1 0 0 na na
10 61132.732350301673 0.043822883952 cfg1 2 1 0 0 na na
10 61132.762350248407 0.043822861267 cfg1 2 1 0 0 na na
10 61132.788350250144 0.043822833474 cfg1 2 1 0 0 na na
10 61132.958350263773 0.043822663207 cfg1 2 1 0 0 na na
10 61132.970350258788 0.043822658013 cfg1 2 1 0 0 na na
10 61133.056350300271 0.043822585905 cfg1 2 1 0 0 na na
10 61133.059350372964 0.043822593481 cfg1 2 1 0 0 na na
10 61133.074350269760 0.043822557176 cfg1 2 1 0 0 na na
10 61133.104350296448 0.043822543077 cfg1 2 1 0 0 na na
10 61133.225350354050 0.043822428407 cfg1 2 1 0 0 na na
10 61133.273350256805 0.043822395070 cfg1 2 1 0 0 na na
10 61133.340350291667 0.043822328651 cfg1 2 1 0 0 na na
10 61133.342350285544 0.043822340173 cfg1 2 1 0 0 na na
10 61133.424350327756 0.043822249521 cfg1 2 1 0 0 na na
10 61133.428350292356 0.043822261106 cfg1 2 1 0 0 na na
10 61133.433350306855 0.043822265938 cfg1 2 1 0 0 na na
10 61133.485350323885 0.043822208600 cfg1 2 1 0 0 na na
10 61133.494350347138 0.043822192317 cfg1 2 1 0 0 na na
10 61133.513350319270 0.043822179345 cfg1 2 1 0 0 na na
10 61133.541350279930 0.043822167813 cfg1 2 1 0 0 na na
10 61133.587350355786 0.043822112278 cfg1 2 1 0 0 na na
10 61133.617350337510 0.043822098464 cfg1 2 1 0 0 na na
10 61133.620350312743 0.043822078079 cfg1 2 1 0 0 na na
10 61133.698350310619 0.043822015838 cfg1 2 1 0 0 na na
10 61133.705350267486 0.043822021845 cfg1 2 1 0 0 na na
10 61133.711350358862 0.043822014294 cfg1 2 1 0 0 na na
10 61133.718350304598 0.043822003138 cfg1 2 1 0 0 na na
10 61133.759350281554 0.043821957965 cfg1 2 1 0 0 na na
10 61133.794350360373 0.043821936514 cfg1 2 1 0 0 na na
10 61133.814350285315 0.043821923925 cfg1 2 1 0 0 na na
10 61133.874350296690 0.043821853005 cfg1 2 1 0 0 na na
10 61133.965350283153 0.043821774575 cfg1 2 1 0 0 na na
10 61133.976350337825 0.043821790553 cfg1 2 1 0 0 na na
10 61133.989350262821 0.043821775414 cfg1 2 1 0 0 na na
10 61134.026350359761 0.043821722979 cfg1 2 1 0 0 na na
10 61134.042350297009 0.043821706452 cfg1 2 1 0 0 na na
10 61134.107350267550 0.043821652746 cfg1 2 1 0 0 na na
10 61134.109350271599 0.043821645378 cfg1 2 1 0 0 na na
10 61134.114350362838 0.043821667507 cfg1 2 1 0 0 na na
10 61134.154350313957 0.043821634352 cfg1 2 1 0 0 na na
10 61134.180350352002 0.043821590508 cfg1 2 1 0 0 na na
10 61134.296350270199 0.043821507931 cfg1 2 1 0 0 na na
10 61134.306350312372 0.043821484444 cfg1 2 1 0 0 na na
10 61134.342350355621 0.043821442994 cfg1 2 1 0 0 na na
10 61134.379350307826 0.043821424641 cfg1 2 1 0 0 na na
10 61134.446350297525 0.043821360901 cfg1 2 1 0 0 na na
10 61134.522350283753 0.043821294587 cfg1 2 1 0 0 na na
10 61134.523350323809 0.043821307793 cfg1 2 1 0 0 na na
10 61134.587350261862 0.043821240272 cfg1 2 1 0 0 na na
10 61134.654350244232 0.043821197640 cfg1 2 1 0 0 na na
10 61134.665350260755 0.043821178610 cfg1 2 1 0 0 na na
10 61134.680350289722 0.043821159531 cfg1 2 1 0 0 na na
10 61134.756350324275 0.043821083605 cfg1 2 1 0 0 na na
10 61134.809350378782 0.043821051091 cfg1 2 1 0 0 na na
10 61134.810350259429 0.043821047569 cfg1 2 1 0 0 na na
10 61134.861350280075 0.043821013091 cfg1 2 1 0 0 na na
10 61134.967350268220 0.043820903933 cfg1 2 1 0 0 na na
10 61134.974350312644 0.043820900869 cfg1 2 1 0 0 na na
10 61135.002350327747 0.043820894837 cfg1 2 1 0 0 na na
10 61135.017350302025 0.043820864017 cfg1 2 1 0 0 na na
10 61135.050350301094 0.043820856061 cfg1 2 1 0 0 na na
10 61135.105350306773 0.043820803007 cfg1 2 1 0 0 na na
10 61135.183350355659 0.043820726916 cfg1 2 1 0 0 na na
10 61135.201350349132 0.043820717092 cfg1 2 1 0 0 na na
10 61135.294350293688 0.043820626891 cfg1 2 1 0 0 na na
10 61135.378350253679 0.043820563116 cfg1 2 1 0 0 na na
10 61135.485350323864 0.043820477480 cfg1 2 1 0 0 na na
10 61135.546350324036 0.043820417730 cfg1 2 1 0 0 na na
10 61135.702350345047 0.043820279127 cfg1 2 1 0 0 na na
10 61135.828350276189 0.043820177299 cfg1 2 1 0 0 na na
10 61135.843350323488 0.043820166953 cfg1 2 1 0 0 na na
10 61135.916350405385 0.043820109759 cfg1 2 1 0 0 na na
10 61135.917350260689 0.043820095960 cfg1 2 1 0 0 na na
10 61135.932350396161 0.043820085725 cfg1 2 1 0 0 na na
10 61135.942350293669 0.043820080092 cfg1 2 1 0 0 na na
10 61135.946350291703 0.043820076138 cfg1 2 1 0 0 na na
10 61135.972350313524 0.043820051243 cfg1 2 1 0 0 na na
10 61135.977350280051 0.043820044535 cfg1 2 1 0 0 na na
10 61135.989350300946 0.043820032746 cfg1 2 1 0 0 na na
10 61136.015350288896 0.043820033630 cfg1 2 1 0 0 na na
10 61136.057350301170 0.043819988876 cfg1 2 1 0 0 na na
10 61136.161350289948 0.043819900856 cfg1 2 1 0 0 na na
10 61136.180350288821 0.043819870072 cfg1 2 1 0 0 na na
10 61136.199350319449 0.043819860671 cfg1 2 1 0 0 na na
10 61136.228350271791 0.043819843498 cfg1 2 1 0 0 na na
10 61136.260350270574 0.043819807009 cfg1 2 1 0 0 na na
10 61136.299350284763 0.043819766970 cfg1 2 1 0 0 na na
10 61136.383350278980 0.043819715076 cfg1 2 1 0 0 na na
10 61136.440350269769 0.043819646954 cfg1 2 1 0 0 na na
10 61136.488350260242 0.043819616500 cfg1 2 1 0 0 na na
10 61136.619350291819 0.043819508671 cfg1 2 1 0 0 na na
10 61136.705350308935 0.043819431645 cfg1 2 1 0 0 na na
10 61136.776350292933 0.043819374041 cfg1 2 1 0 0 na na
10 61136.785350289134 0.043819385179 cfg1 2 1 0 0 na na
10 61136.791350356070 0.043819355396 cfg1 2 1 0 0 na na
10 61136.800350342031 0.043819367851 cfg1 2 1 0 0 na na
10 61136.889350368788 0.043819284307 cfg1 2 1 0 0 na na
10 61136.953350269115 0.043819237344 cfg1 2 1 0 0 na na
10 61136.980350378873 0.043819207642 cfg1 2 1 0 0 na na
10 61136.984350309259 0.043819207613 cfg1 2 1 0 0 na na
10 61137.017350278360 0.043819171690 cfg1 2 1 0 0 na na
10 61137.021350279952 0.043819172334 cfg1 2 1 0 0 na na
10 61137.031350347547 0.043819160072 cfg1 2 1 0 0 na na
10 61137.101350306744 0.043819114291 cfg1 2 1 0 0 na na
10 61137.107350303049 0.043819091963 cfg1 2 1 0 0 na na
10 61137.294350276230 0.043818961405 cfg1 2 1 0 0 na na
10 61137.312350268905 0.043818918033 cfg1 2 1 0 0 na na
10 61137.355350348350 0.043818903816 cfg1 2 1 0 0 na na
10 61137.373350312680 0.043818882125 cfg1 2 1 0 0 na na
10 61137.393350296956 0.043818861227 cfg1 2 1 0 0 na na
10 61137.402350292123 0.043818861670 cfg1 2 1 0 0 na na
10 61137.426350277359 0.043818835387 cfg1 2 1 0 0 na na
10 61137.472350362070 0.043818788972 cfg1 2 1 0 0 na na
10 61137.477350283878 0.043818801099 cfg1 2 1 0 0 na na
10 61137.506350268785 0.043818777010 cfg1 2 1 0 0 na na
10 61137.600350309609 0.043818695472 cfg1 2 1 0 0 na na
10 61137.679350362682 0.043818624028 cfg1 2 1 0 0 na na
10 61137.717350277198 0.043818592927 cfg1 2 1 0 0 na na
10 61137.835350266073 0.043818485864 cfg1 2 1 0 0 na na
10 61137.869350313543 0.043818477858 cfg1 2 1 0 0 na na
10 61137.894350292340 0.043818445129 cfg1 2 1 0 0 na na
10 61137.896350318416 0.043818435000 cfg1 2 1 0 0 na na
10 61137.946350308081 0.043818396947 cfg1 2 1 0 0 na na
10 61137.950350297976 0.043818409456 cfg1 2 1 0 0 na na
10 61137.960350311529 0.043818395600 cfg1 2 1 0 0 na na
10 61137.989350302239 0.043818387325 cfg1 2 1 0 0 na na
10 61137.990350256021 0.043818371049 cfg1 2 1 0 0 na na
10 61138.000350340220 0.043818358889 cfg1 2 1 0 0 na na
10 61138.032350312269 0.043818324606 cfg1 2 1 0 0 na na
10 61138.085350307844 0.043818286663 cfg1 2 1 0 0 na na
10 61138.097350304245 0.043818285130 cfg1 2 1 0 0 na na
10 61138.168350258206 0.043818224765 cfg1 2 1 0 0 na na
10 61138.184350302961 0.043818216630 cfg1 2 1 0 0 na na
10 61138.237350308649 0.043818175670 cfg1 2 1 0 0 na na
10 61138.257350315127 0.043818165112 cfg1 2 1 0 0 na na
10 61138.388350327622 0.043818035330 cfg1 2 1 0 0 na na
10 61138.404350282508 0.043818033387 cfg1 2 1 0 0 na na
10 61138.445350361329 0.043817987250 cfg1 2 1 0 0 na na
10 61138.448350337802 0.043818001233 cfg1 2 1 0 0 na na
10 61138.491350325331 0.043817961379 cfg1 2 1 0 0 na na
10 61138.528350290542 0.043817926225 cfg1 2 1 0 0 na na
10 61138.535350288009 0.043817930256 cfg1 2 1 0 0 na na
10 61138.546350289421 0.043817903221 cfg1 2 1 0 0 na na
10 61138.592350357232 0.043817874151 cfg1 2 1 0 0 na na
10 61138.596350361802 0.043817884063 cfg1 2 1 0 0 na na
10 61138.713350334500 0.043817772338 cfg1 2 1 0 0 na na
10 61138.906350277262 0.043817612312 cfg1 2 1 0 0 na na
10 61139.028350281578 0.043817511815 cfg1 2 1 0 0 na na
10 61139.090350281893 0.043817470038 cfg1 2 1 0 0 na na
10 61139.140350301833 0.043817443894 cfg1 2 1 0 0 na na
10 61139.243350250235 0.043817364056 cfg1 2 1 0 0 na na
10 61139.256350285453 0.043817339549 cfg1 2 1 0 0 na na
10 61139.281350283793 0.043817313896 cfg1 2 1 0 0 na na
10 61139.323350336096 0.043817282910 cfg1 2 1 0 0 na na
10 61139.369350337465 0.043817255603 cfg1 2 1 0 0 na na
10 61139.376350312094 0.043817233448 cfg1 2 1 0 0 na na
10 61139.440350261890 0.043817185059 cfg1 2 1 0 0 na na
10 61139.454350345724 0.043817176107 cfg1 2 1 0 0 na na
10 61139.521350342104 0.043817143443 cfg1 2 1 0 0 na na
10 61139.569350257768 0.043817089252 cfg1 2 1 0 0 na na
10 61139.580350256726 0.043817094461 cfg1 2 1 0 0 na na
10 61139.659350264382 0.043817026551 cfg1 2 1 0 0 na na
10 61139.665350265357 0.043817001695 cfg1 2 1 0 0 na na
10 61139.797350335120 0.043816909735 cfg1 2 1 0 0 na na
10 61139.934350255322 0.043816796589 cfg1 2 1 0 0 na na
10 61139.945350290999 0.043816781111 cfg1 2 1 0 0 na na
10 61139.958350247445 0.043816795267 cfg1 2 1 0 0 na na
10 61139.960350317288 0.043816787027 cfg1 2 1 0 0 na na
10 61139.961350274567 0.043816791341 cfg1 2 1 0 0 na na
10 61139.973350252154 0.043816769778 cfg1 2 1 0 0 na na
10 61139.992350289376 0.043816768747 cfg1 2 1 0 0 na na
10 61139.994350347936 0.043816749165 cfg1 2 1 0 0 na na
10 61140.031350274188 0.043816738190 cfg1 2 1 0 0 na na
10 61140.068350283501 0.043816687586 cfg1 2 1 0 0 na na
10 61140.198350337873 0.043816580740 cfg1 2 1 0 0 na na
10 61140.261350300779 0.043816530534 cfg1 2 1 0 0 na na
10 61140.308350308283 0.043816513747 cfg1 2 1 0 0 na na
10 61140.358350306983 0.043816458750 cfg1 2 1 0 0 na na
10 61140.372350282969 0.043816463586 cfg1 2 1 0 0 na na
10 61140.405350301295 0.043816432770 cfg1 2 1 0 0 na na
10 61140.431350351482 0.043816416362 cfg1 2 1 0 0 na na
10 61140.433350312992 0.043816410998 cfg1 2 1 0 0 na na
10 61140.544350273738 0.043816311037 cfg1 2 1 0 0 na na
10 61140.552350284228 0.043816322803 cfg1 2 1 0 0 na na
10 61140.601350276875 0.043816272598 cfg1 2 1 0 0 na na
10 61140.683350278755 0.043816218834 cfg1 2 1 0 0 na na
10 61140.704350243855 0.043816203087 cfg1 2 1 0 0 na na
10 61140.752350369421 0.043816158840 cfg1 2 1 0 0 na na
10 61140.798350300985 0.043816128667 cfg1 2 1 0 0 na na
10 61140.845350285853 0.043816080655 cfg1 2 1 0 0 na na
10 61140.867350284389 0.043816074429 cfg1 2 1 0 0 na na
10 61140.892350292116 0.043816039906 cfg1 2 1 0 0 na na
10 61140.939350268473 0.043816008672 cfg1 2 1 0 0 na na
10 61140.958350304307 0.043816000434 cfg1 2 1 0 0 na na
10 61140.960350340304 0.043815980388 cfg1 2 1 0 0 na na
10 61141.010350281722 0.043815966816 cfg1 2 1 0 0 na na
10 61141.088350258650 0.043815901907 cfg1 2 1 0 0 na na
10 61141.115350337445 0.043815867191 cfg1 2 1 0 0 na na
10 61141.135350322188 0.043815858599 cfg1 2 1 0 0 na na
10 61141.166350324095 0.043815833301 cfg1 2 1 0 0 na na
10 61141.205350289529 0.043815790612 cfg1 2 1 0 0 na na
10 61141.265350323449 0.043815745038 cfg1 2 1 0 0 na na
10 61141.268350339657 0.043815765387 cfg1 2 1 0 0 na na
10 61141.269350323170 0.043815759664 cfg1 2 1 0 0 na na
10 61141.291350295845 0.043815748074 cfg1 2 1 0 0 na na
10 61141.342350338733 0.043815696724 cfg1 2 1 0 0 na na
10 61141.373350328201 0.043815663196 cfg1 2 1 0 0 na na
10 61141.411350287079 0.043815631371 cfg1 2 1 0 0 na na
10 61141.459350288104 0.043815595280 cfg1 2 1 0 0 na na
10 61141.464350320511 0.043815590031 cfg1 2 1 0 0 na na
10 61141.473350286828 0.043815579639 cfg1 2 1 0 0 na na
10 61141.517350310374 0.043815553383 cfg1 2 1 0 0 na na
10 61141.543350340529 0.043815552845 cfg1 2 1 0 0 na na
10 61141.545350303217 0.043815522362 cfg1 2 1 0 0 na na
10 61141.552350376287 0.043815535938 cfg1 2 1 0 0 na na
10 61141.627350327319 0.043815466813 cfg1 2 1 0 0 na na
10 61141.653350305124 0.043815462899 cfg1 2 1 0 0 na na
10 61141.684350294720 0.043815420140 cfg1 2 1 0 0 na na
10 61141.725350284667 0.043815384752 cfg1 2 1 0 0 na na
10 61141.728350331197 0.043815405423 cfg1 2 1 0 0 na na
10 61141.741350307814 0.043815377562 cfg1 2 1 0 0 na na
10 61141.864350319409 0.043815294937 cfg1 2 1 0 0 na na
10 61141.947350283502 0.043815217950 cfg1 2 1 0 0 na na
10 61141.958350350356 0.043815214183 cfg1 2 1 0 0 na na
10 61141.978350283141 0.043815191782 cfg1 2 1 0 0 na na
10 61142.027350306224 0.043815168420 cfg1 2 1 0 0 na na
10 61142.062350269114 0.043815125487 cfg1 2 1 0 0 na na
10 61142.129350298908 0.043815080693 cfg1 2 1 0 0 na na
10 61142.148350306960 0.043815086204 cfg1 2 1 0 0 na na
10 61142.238350336506 0.043814995095 cfg1 2 1 0 0 na na
10 61142.254350333594 0.043814991001 cfg1 2 1 0 0 na na
10 61142.260350295903 0.043814998004 cfg1 2 1 0 0 na na
10 61142.261350350558 0.043814999627 cfg1 2 1 0 0 na na
10 61142.325350340882 0.043814930750 cfg1 2 1 0 0 na na
10 61142.339350246293 0.043814937902 cfg1 2 1 0 0 na na
10 61142.408350310952 0.043814865038 cfg1 2 1 0 0 na na
10 61142.511350308288 0.043814789244 cfg1 2 1 0 0 na na
10 61142.530350282193 0.043814767061 cfg1 2 1 0 0 na na
10 61142.573350312718 0.043814758511 cfg1 2 1 0 0 na na
10 61142.683350308157 0.043814674205 cfg1 2 1 0 0 na na
10 61142.777350301670 0.043814600806 cfg1 2 1 0 0 na na
10 61142.889350313598 0.043814501566 cfg1 2 1 0 0 na na
10 61142.897350257008 0.043814494861 cfg1 2 1 0 0 na na
10 61142.978350306755 0.043814437924 cfg1 2 1 0 0 na na
10 61142.982350297342 0.043814450382 cfg1 2 1 0 0 na na
10 61143.006350298834 0.043814427524 cfg1 2 1 0 0 na na
10 61143.009350333682 0.043814419835 cfg1 2 1 0 0 na na
10 61143.061350336287 0.043814368563 cfg1 2 1 0 0 na na
10 61143.080350329057 0.043814371969 cfg1 2 1 0 0 na na
10 61143.136350351988 0.043814313182 cfg1 2 1 0 0 na na
10 61143.183350289143 0.043814288145 cfg1 2 1 0 0 na na
10 61143.186350336892 0.043814291448 cfg1 2 1 0 0 na na
10 61143.189350265941 0.043814271090 cfg1 2 1 0 0 na na
10 61143.224350330991 0.043814259795 cfg1 2 1 0 0 na na
10 61143.227350293436 0.043814251429 cfg1 2 1 0 0 na na
10 61143.238350294943 0.043814252600 cfg1 2 1 0 0 na na
10 61143.259350271547 0.043814232333 cfg1 2 1 0 0 na na
10 61143.336350291314 0.043814179476 cfg1 2 1 0 0 na na
10 61143.339350349062 0.043814169665 cfg1 2 1 0 0 na na
10 61143.356350352587 0.043814168281 cfg1 2 1 0 0 na na
10 61143.391350334215 0.043814143107 cfg1 2 1 0 0 na na
10 61143.468350298118 0.043814080387 cfg1 2 1 0 0 na na
10 61143.546350263877 0.043814007447 cfg1 2 1 0 0 na na
10 61143.612350296455 0.043813963703 cfg1 2 1 0 0 na na
10 61143.630350327181 0.043813962466 cfg1 2 1 0 0 na na
10 61143.634350337954 0.043813957169 cfg1 2 1 0 0 na na
10 61143.648350329120 0.043813949963 cfg1 2 1 0 0 na na
10 61143.695350237892 0.043813918704 cfg1 2 1 0 0 na na
10 61143.725350328890 0.043813873186 cfg1 2 1 0 0 na na
10 61143.755350337240 0.043813861485 cfg1 2 1 0 0 na na
10 61143.787350244335 0.043813842529 cfg1 2 1 0 0 na na
10 61143.798350310832 0.043813833298 cfg1 2 1 0 0 na na
10 61143.896350347965 0.043813765230 cfg1 2 1 0 0 na na
10 61144.190350295931 0.043813522257 cfg1 2 1 0 0 na na
10 61144.269350290622 0.043813484948 cfg1 2 1 0 0 na na
10 61144.349350315563 0.043813428429 cfg1 2 1 0 0 na na
10 61144.380350281262 0.043813398181 cfg1 2 1 0 0 na na
10 61144.383350283213 0.043813382867 cfg1 2 1 0 0 na na
10 61144.386350313366 0.043813389522 cfg1 2 1 0 0 na na
10 61144.518350346713 0.043813284496 cfg1 2 1 0 0 na na
10 61144.599350298457 0.043813222262 cfg1 2 1 0 0 na na
10 61144.600350385274 0.043813245828 cfg1 2 1 0 0 na na
10 61144.611350339529 0.043813216765 cfg1 2 1 0 0 na na
10 61144.657350299337 0.043813201161 cfg1 2 1 0 0 na na
10 61144.697350311016 0.043813166815 cfg1 2 1 0 0 na na
10 61144.713350363061 0.043813147093 cfg1 2 1 0 0 na na
10 61144.755350328423 0.043813130649 cfg1 2 1 0 0 na na
10 61144.773350364148 0.043813113382 cfg1 2 1 0 0 na na
10 61144.809350285815 0.043813077314 cfg1 2 1 0 0 na na
10 61144.958350305916 0.043812964544 cfg1 2 1 0 0 na na
10 61144.977350251212 0.043812960544 cfg1 2 1 0 0 na na
10 61145.085350382253 0.043812881606 cfg1 2 1 0 0 na na
10 61145.100350303934 0.043812883803 cfg1 2 1 0 0 na na
10 61145.374350302200 0.043812678609 cfg1 2 1 0 0 na na
10 61145.403350278118 0.043812656203 cfg1 2 1 0 0 na na
10 61145.489350299793 0.043812593631 cfg1 2 1 0 0 na na
10 61145.534350303743 0.043812554141 cfg1 2 1 0 0 na na
10 61145.551350321514 0.043812537619 cfg1 2 1 0 0 na na
10 61145.610350250549 0.043812506117 cfg1 2 1 0 0 na na
10 61145.682350299585 0.043812435567 cfg1 2 1 0 0 na na
10 61145.697350313096 0.043812442058 cfg1 2 1 0 0 na na
10 61145.711350371461 0.043812423223 cfg1 2 1 0 0 na na
10 61145.737350281104 0.043812398793 cfg1 2 1 0 0 na na
10 61145.849350362087 0.043812320518 cfg1 2 1 0 0 na na
10 61145.862350270084 0.043812309221 cfg1 2 1 0 0 na na
10 61145.881350339387 0.043812318933 cfg1 2 1 0 0 na na
10 61145.893350331645 0.043812306341 cfg1 2 1 0 0 na na
10 61146.042350349714 0.043812182528 cfg1 2 1 0 0 na na
10 61146.048350329417 0.043812199238 cfg1 2 1 0 0 na na
10 61146.077350318669 0.043812174363 cfg1 2 1 0 0 na na
10 61146.157350283556 0.043812099901 cfg1 2 1 0 0 na na
10 61146.206350279547 0.043812080413 cfg1 2 1 0 0 na na
10 61146.210350324804 0.043812084285 cfg1 2 1 0 0 na na
10 61146.281350276080 0.043812007394 cfg1 2 1 0 0 na na
10 61146.349350280962 0.043811984778 cfg1 2 1 0 0 na na
10 61146.381350321190 0.043811951690 cfg1 2 1 0 0 na na
10 61146.491350301963 0.043811875057 cfg1 2 1 0 0 na na
10 61146.495350262215 0.043811864658 cfg1 2 1 0 0 na na
10 61146.643350327836 0.043811761336 cfg1 2 1 0 0 na na
10 61146.670350321739 0.043811733064 cfg1 2 1 0 0 na na
10 61146.708350314635 0.043811733408 cfg1 2 1 0 0 na na
10 61146.784350288756 0.043811665668 cfg1 2 1 0 0 na na
10 61146.842350301065 0.043811611733 cfg1 2 1 0 0 na na
10 61146.872350258283 0.043811607871 cfg1 2 1 0 0 na na
10 61146.947350299916 0.043811546719 cfg1 2 1 0 0 na na
10 61147.030350295521 0.043811504108 cfg1 2 1 0 0 na na
10 61147.053350296805 0.043811463495 cfg1 2 1 0 0 na na
10 61147.080350335353 0.043811469763 cfg1 2 1 0 0 na na
10 61147.145350350116 0.043811403945 cfg1 2 1 0 0 na na
10 61147.226350370861 0.043811366761 cfg1 2 1 0 0 na na
10 61147.380350297772 0.043811246082 cfg1 2 1 0 0 na na
10 61147.381350351734 0.043811239078 cfg1 2 1 0 0 na na
10 61147.399350314261 0.043811245010 cfg1 2 1 0 0 na na
10 61147.454350292933 0.043811190604 cfg1 2 1 0 0 na na
10 61147.469350290420 0.043811198141 cfg1 2 1 0 0 na na
10 61147.561350280188 0.043811110716 cfg1 2 1 0 0 na na
10 61147.563350301362 0.043811129205 cfg1 2 1 0 0 na na
10 61147.647350297089 0.043811056322 cfg1 2 1 0 0 na na
10 61147.720350285279 0.043811026221 cfg1 2 1 0 0 na na
10 61147.728350289508 0.043811001333 cfg1 2 1 0 0 na na
10 61147.730350282507 0.043811019078 cfg1 2 1 0 0 na na
10 61147.742350345585 0.043810983868 cfg1 2 1 0 0 na na
10 61147.783350409276 0.043810982703 cfg1 2 1 0 0 na na
10 61147.784350238777 0.043810983202 cfg1 2 1 0 0 na na
10 61147.788350255662 0.043810966422 cfg1 2 1 0 0 na na
10 61147.832350353831 0.043810932022 cfg1 2 1 0 0 na na
10 61147.851350316923 0.043810919927 cfg1 2 1 0 0 na na
10 61147.893350357300 0.043810905585 cfg1 2 1 0 0 na na
10 61147.937350287397 0.043810867189 cfg1 2 1 0 0 na na
10 61148.086350272554 0.043810774054 cfg1 2 1 0 0 na na
10 61148.311350260844 0.043810610850 cfg1 2 1 0 0 na na
10 61148.325350287544 0.043810599864 cfg1 2 1 0 0 na na
10 61148.460350381245 0.043810500488 cfg1 2 1 0 0 na na
10 61148.502350336520 0.043810483147 cfg1 2 1 0 0 na na
10 61148.571350348340 0.043810424449 cfg1 2 1 0 0 na na
10 61148.572350259196 0.043810422787 cfg1 2 1 0 0 na na
10 61148.603350310216 0.043810396188 cfg1 2 1 0 0 na na
10 61148.645350385456 0.043810385539 cfg1 2 1 0 0 na na
10 61148.742350354417 0.043810309416 cfg1 2 1 0 0 na na
10 61148.815350330115 0.043810273530 cfg1 2 1 0 0 na na
10 61148.834350350309 0.043810264309 cfg1 2 1 0 0 na na
10 61148.898350362834 0.043810212579 cfg1 2 1 0 0 na na
10 61148.980350319915 0.043810165274 cfg1 2 1 0 0 na na
10 61149.140350330252 0.043810055130 cfg1 2 1 0 0 na na
10 61149.169350259771 0.043810028607 cfg1 2 1 0 0 na na
10 61149.210350332265 0.043810000453 cfg1 2 1 0 0 na na
10 61149.230350306911 0.043809984362 cfg1 2 1 0 0 na na
10 61149.276350317280 0.043809969373 cfg1 2 1 0 0 na na
10 61149.376350291097 0.043809886238 cfg1 2 1 0 0 na na
10 61149.434350283101 0.043809863665 cfg1 2 1 0 0 na na
10 61149.467350290258 0.043809835014 cfg1 2 1 0 0 na na
10 61149.479350295217 0.043809826476 cfg1 2 1 0 0 na na
10 61149.579350253949 0.043809761556 cfg1 2 1 0 0 na na
10 61149.590350316411 0.043809742270 cfg1 2 1 0 0 na na
10 61149.634350300129 0.043809708890 cfg1 2 1 0 0 na na
10 61149.640350262422 0.043809700974 cfg1 2 1 0 0 na na
10 61149.696350252866 0.043809674156 cfg1 2 1 0 0 na na
10 61149.759350300196 0.043809643320 cfg1 2 1 0 0 na na
10 61149.792350311505 0.043809595514 cfg1 2 1 0 0 na na
10 61149.861350276977 0.043809570519 cfg1 2 1 0 0 na na
10 61149.882350323669 0.043809564970 cfg1 2 1 0 0 na na
10 61149.892350362139 0.043809548660 cfg1 2 1 0 0 na na
10 61149.925350304526 0.043809512936 cfg1 2 1 0 0 na na
10 61149.933350335887 0.043809521398 cfg1 2 1 0 0 na na
10 61149.978350266043 0.043809475753 cfg1 2 1 0 0 na na
10 61150.056350347181 0.043809429660 cfg1 2 1 0 0 na na
10 61150.063350247282 0.043809439773 cfg1 2 1 0 0 na na
10 61150.085350286768 0.043809415569 cfg1 2 1 0 0 na na
10 61150.097350248977 0.043809413091 cfg1 2 1 0 0 na na
10 61150.135350307540 0.043809380406 cfg1 2 1 0 0 na na
10 61150.138350258812 0.043809378207 cfg1 2 1 0 0 na na
10 61150.180350295362 0.043809361260 cfg1 2 1 0 0 na na
10 61150.249350273137 0.043809307803 cfg1 2 1 0 0 na na
10 61150.268350315899 0.043809299697 cfg1 2 1 0 0 na na
10 61150.360350309778 0.043809242154 cfg1 2 1 0 0 na na
10 61150.367350306390 0.043809231240 cfg1 2 1 0 0 na na
10 61150.381350299907 0.043809219932 cfg1 2 1 0 0 na na
10 61150.446350350005 0.043809180656 cfg1 2 1 0 0 na na
10 61150.486350353766 0.043809167182 cfg1 2 1 0 0 na na
10 61150.493350266079 0.043809162065 cfg1 2 1 0 0 na na
10 61150.509350239176 0.043809152745 cfg1 2 1 0 0 na na
10 61150.543350315417 0.043809111462 cfg1 2 1 0 0 na na
10 61150.574350241845 0.043809109964 cfg1 2 1 0 0 na na
10 61150.618350299078 0.043809052594 cfg1 2 1 0 0 na na
10 61150.628350330077 0.043809050232 cfg1 2 1 0 0 na na
10 61150.655350307395 0.043809037254 cfg1 2 1 0 0 na na
10 61150.671350356382 0.043809033792 cfg1 2 1 0 0 na na
10 61150.861350290917 0.043808907998 cfg1 2 1 0 0 na na
10 61150.867350307235 0.043808919261 cfg1 2 1 0 0 na na
10 61150.946350323096 0.043808840789 cfg1 2 1 0 0 na na
10 61151.039350289657 0.043808799966 cfg1 2 1 0 0 na na
10 61151.043350291018 0.043808795475 cfg1 2 1 0 0 na na
10 61151.050350317220 0.043808784032 cfg1 2 1 0 0 na na
10 61151.070350331491 0.043808763988 cfg1 2 1 0 0 na na
10 61151.108350292356 0.043808763728 cfg1 2 1 0 0 na na
10 61151.138350273917 0.043808744265 cfg1 2 1 0 0 na na
10 61151.147350302007 0.043808716893 cfg1 2 1 0 0 na na
10 61151.152350324261 0.043808731491 cfg1 2 1 0 0 na na
10 61151.273350291500 0.043808637922 cfg1 2 1 0 0 na na
10 61151.284350320320 0.043808639470 cfg1 2 1 0 0 na na
10 61151.306350393413 0.043808634734 cfg1 2 1 0 0 na na
10 61151.353350309249 0.043808588968 cfg1 2 1 0 0 na na
10 61151.393350387548 0.043808563999 cfg1 2 1 0 0 na na
10 61151.396350326412 0.043808568460 cfg1 2 1 0 0 na na
10 61151.411350317207 0.043808558905 cfg1 2 1 0 0 na na
10 61151.504350357429 0.043808479494 cfg1 2 1 0 0 na na
10 61151.626350311170 0.043808426300 cfg1 2 1 0 0 na na
10 61151.659350292367 0.043808409878 cfg1 2 1 0 0 na na
10 61151.668350282053 0.043808383200 cfg1 2 1 0 0 na na
10 61151.706350348524 0.043808354967 cfg1 2 1 0 0 na na
10 61151.712350269581 0.043808347260 cfg1 2 1 0 0 na na
10 61151.727350366925 0.043808363516 cfg1 2 1 0 0 na na
10 61151.776350299379 0.043808319640 cfg1 2 1 0 0 na na
10 61151.903350324377 0.043808238198 cfg1 2 1 0 0 na na
10 61151.948350348214 0.043808223339 cfg1 2 1 0 0 na na
10 61152.032350299830 0.043808171570 cfg1 2 1 0 0 na na
10 61152.034350267175 0.043808166432 cfg1 2 1 0 0 na na
10 61152.102350263519 0.043808103716 cfg1 2 1 0 0 na na
10 61152.128350321510 0.043808106090 cfg1 2 1 0 0 na na
10 61152.153350330828 0.043808083046 cfg1 2 1 0 0 na na
10 61152.170350263706 0.043808058322 cfg1 2 1 0 0 na na
10 61152.301350326511 0.043807988987 cfg1 2 1 0 0 na na
10 61152.321350326548 0.043807970620 cfg1 2 1 0 0 na na
10 61152.369350284790 0.043807954103 cfg1 2 1 0 0 na na
10 61152.428350287412 0.043807922635 cfg1 2 1 0 0 na na
10 61152.466350276660 0.043807876358 cfg1 2 1 0 0 na na
10 61152.742350291194 0.043807725046 cfg1 2 1 0 0 na na
10 61152.765350306885 0.043807710132 cfg1 2 1 0 0 na na
10 61152.778350313623 0.043807701808 cfg1 2 1 0 0 na na
10 61152.951350336990 0.043807589787 cfg1 2 1 0 0 na na
10 61153.015350303148 0.043807541972 cfg1 2 1 0 0 na na
10 61153.080350357747 0.043807511968 cfg1 2 1 0 0 na na
10 61153.130350318279 0.043807456644 cfg1 2 1 0 0 na na
10 61153.165350295302 0.043807443376 cfg1 2 1 0 0 na na
10 61153.295350348766 0.043807380379 cfg1 2 1 0 0 na na
10 61153.329350306066 0.043807335546 cfg1 2 1 0 0 na na
10 61153.343350325592 0.043807339375 cfg1 2 1 0 0 na na
10 61153.393350344808 0.043807311812 cfg1 2 1 0 0 na na
10 61153.401350311642 0.043807294642 cfg1 2 1 0 0 na na
10 61153.407350300246 0.043807310987 cfg1 2 1 0 0 na na
10 61153.453350305983 0.043807282874 cfg1 2 1 0 0 na na
10 61153.536350319367 0.043807206316 cfg1 2 1 0 0 na na
10 61153.554350306358 0.043807198281 cfg1 2 1 0 0 na na
10 61153.606350264394 0.043807167506 cfg1 2 1 0 0 na na
10 61153.653350322723 0.043807145117 cfg1 2 1 0 0 na na
10 61153.658350305926 0.043807132109 cfg1 2 1 0 0 na na
10 61153.781350351197 0.043807070803 cfg1 2 1 0 0 na na
10 61153.918350361326 0.043806980625 cfg1 2 1 0 0 na na
10 61153.980350307573 0.043806947073 cfg1 2 1 0 0 na na
10 61154.009350332756 0.043806927623 cfg1 2 1 0 0 na na
10 61154.034350367713 0.043806925098 cfg1 2 1 0 0 na na
10 61154.035350256657 0.043806923176 cfg1 2 1 0 0 na na
10 61154.042350327895 0.043806914359 cfg1 2 1 0 0 na na
10 61154.184350361714 0.043806831598 cfg1 2 1 0 0 na na
10 61154.269350263510 0.043806787172 cfg1 2 1 0 0 na na
10 61154.306350286352 0.043806751357 cfg1 2 1 0 0 na na
10 61154.319350282735 0.043806751224 cfg1 2 1 0 0 na na
10 61154.320350352752 0.043806740140 cfg1 2 1 0 0 na na
10 61154.350350311873 0.043806737453 cfg1 2 1 0 0 na na
10 61154.421350338326 0.043806677613 cfg1 2 1 0 0 na na
10 61154.446350325757 0.043806682609 cfg1 2 1 0 0 na na
10 61154.456350299015 0.043806666644 cfg1 2 1 0 0 na na
10 61154.474350352391 0.043806664990 cfg1 2 1 0 0 na na
10 61154.498350340841 0.043806626508 cfg1 2 1 0 0 na na
10 61154.594350293346 0.043806574667 cfg1 2 1 0 0 na na
10 61154.763350277822 0.043806486634 cfg1 2 1 0 0 na na
10 61154.770350290640 0.043806472291 cfg1 2 1 0 0 na na
10 61154.834350355629 0.043806428312 cfg1 2 1 0 0 na na
10 61154.875350284774 0.043806414164 cfg1 2 1 0 0 na na
10 61154.921350286865 0.043806386051 cfg1 2 1 0 0 na na
10 61154.974350254111 0.043806352725 cfg1 2 1 0 0 na na
10 61154.975350345357 0.043806343842 cfg1 2 1 0 0 na na
10 61155.070350308578 0.043806287655 cfg1 2 1 0 0 na na
10 61155.239350329147 0.043806207735 cfg1 2 1 0 0 na na
10 61155.371350324909 0.043806109713 cfg1 2 1 0 0 na na
10 61155.373350348345 0.043806127026 cfg1 2 1 0 0 na na
10 61155.413350332269 0.043806086026 cfg1 2 1 0 0 na na
10 61155.452350258010 0.043806071197 cfg1 2 1 0 0 na na
10 61155.458350316204 0.043806054852 cfg1 2 1 0 0 na na
10 61155.463350301845 0.043806060444 cfg1 2 1 0 0 na na
10 61155.472350320847 0.043806055520 cfg1 2 1 0 0 na na
10 61155.484350316573 0.043806038205 cfg1 2 1 0 0 na na
10 61155.574350283477 0.043806008337 cfg1 2 1 0 0 na na
10 61155.605350353750 0.043805965342 cfg1 2 1 0 0 na na
10 61155.664350317582 0.043805947553 cfg1 2 1 0 0 na na
10 61155.673350299028 0.043805933152 cfg1 2 1 0 0 na na
10 61155.723350267799 0.043805899277 cfg1 2 1 0 0 na na
10 61155.735350279617 0.043805904114 cfg1 2 1 0 0 na na
10 61155.747350303090 0.043805911562 cfg1 2 1 0 0 na na
10 61155.750350277315 0.043805886144 cfg1 2 1 0 0 na na
10 61155.760350305355 0.043805883516 cfg1 2 1 0 0 na na
10 61155.794350337601 0.043805856399 cfg1 2 1 0 0 na na
10 61155.801350319466 0.043805868000 cfg1 2 1 0 0 na na
10 61156.029350284075 0.043805737239 cfg1 2 1 0 0 na na
10 61156.107350344065 0.043805685373 cfg1 2 1 0 0 na na
10 61156.146350307990 0.043805678826 cfg1 2 1 0 0 na na
10 61156.160350340156 0.043805663163 cfg1 2 1 0 0 na na
10 61156.249350279388 0.043805608771 cfg1 2 1 0 0 na na
10 61156.293350302149 0.043805590051 cfg1 2 1 0 0 na na
10 61156.295350328123 0.043805570606 cfg1 2 1 0 0 na na
10 61156.298350327672 0.043805570140 cfg1 2 1 0 0 na na
10 61156.306350356146 0.043805581579 cfg1 2 1 0 0 na na
10 61156.336350323170 0.043805558073 cfg1 2 1 0 0 na na
10 61156.351350335956 0.043805541667 cfg1 2 1 0 0 na na
10 61156.441350348155 0.043805494242 cfg1 2 1 0 0 na na
10 61156.460350311194 0.043805487844 cfg1 2 1 0 0 na na
10 61156.473350302680 0.043805462366 cfg1 2 1 0 0 na na
10 61156.572350284796 0.043805409269 cfg1 2 1 0 0 na na
10 61156.591350327168 0.043805402719 cfg1 2 1 0 0 na na
10 61156.596350326554 0.043805394891 cfg1 2 1 0 0 na na
10 61156.610350324559 0.043805409539 cfg1 2 1 0 0 na na
10 61156.678350293838 0.043805370784 cfg1 2 1 0 0 na na
10 61156.768350346773 0.043805302848 cfg1 2 1 0 0 na na
10 61156.816350338391 0.043805282830 cfg1 2 1 0 0 na na
10 61156.976350316433 0.043805187049 cfg1 2 1 0 0 na na
10 61157.003350321769 0.043805173508 cfg1 2 1 0 0 na na
10 61157.182350327720 0.043805086894 cfg1 2 1 0 0 na na
10 61157.247350309812 0.043805026829 cfg1 2 1 0 0 na na
10 61157.304350385563 0.043805018374 cfg1 2 1 0 0 na na
10 61157.322350259120 0.043804998317 cfg1 2 1 0 0 na na
10 61157.328350344301 0.043804985770 cfg1 2 1 0 0 na na
10 61157.392350344187 0.043804956009 cfg1 2 1 0 0 na na
10 61157.447350327937 0.043804916944 cfg1 2 1 0 0 na na
10 61157.464350339536 0.043804928798 cfg1 2 1 0 0 na na
10 61157.505350303669 0.043804885957 cfg1 2 1 0 0 na na
10 61157.533350292264 0.043804881073 cfg1 2 1 0 0 na na
10 61157.548350329459 0.043804869017 cfg1 2 1 0 0 na na
10 61157.563350383395 0.043804867794 cfg1 2 1 0 0 na na
10 61157.647350308215 0.043804806141 cfg1 2 1 0 0 na na
10 61157.685350283552 0.043804787208 cfg1 2 1 0 0 na na
10 61157.715350330231 0.043804771176 cfg1 2 1 0 0 na na
10 61157.827350336974 0.043804710175 cfg1 2 1 0 0 na na
10 61157.830350310559 0.043804700293 cfg1 2 1 0 0 na na
10 61157.841350256401 0.043804716327 cfg1 2 1 0 0 na na
10 61158.003350315582 0.043804604682 cfg1 2 1 0 0 na na
10 61158.010350282721 0.043804612329 cfg1 2 1 0 0 na na
10 61158.017350246095 0.043804615987 cfg1 2 1 0 0 na na
10 61158.084350309749 0.043804566357 cfg1 2 1 0 0 na na
10 61158.159350304931 0.043804534091 cfg1 2 1 0 0 na na
10 61158.306350309629 0.043804451084 cfg1 2 1 0 0 na na
10 61158.359350313245 0.043804408356 cfg1 2 1 0 0 na na
10 61158.376350300631 0.043804418378 cfg1 2 1 0 0 na na
10 61158.418350330312 0.043804388681 cfg1 2 1 0 0 na na
10 61158.431350293848 0.043804390263 cfg1 2 1 0 0 na na
10 61158.435350310153 0.043804388517 cfg1 2 1 0 0 na na
10 61158.538350308870 0.043804317558 cfg1 2 1 0 0 na na
10 61158.554350334020 0.043804303268 cfg1 2 1 0 0 na na
10 61158.641350290068 0.043804256148 cfg1 2 1 0 0 na na
10 61158.715350304254 0.043804210657 cfg1 2 1 0 0 na na
10 61158.741350356271 0.043804202915 cfg1 2 1 0 0 na na
10 61158.850350258151 0.043804144141 cfg1 2 1 0 0 na na
10 61159.123350295267 0.043804002676 cfg1 2 1 0 0 na na
10 61159.270350342006 0.043803922948 cfg1 2 1 0 0 na na
10 61159.324350304529 0.043803883246 cfg1 2 1 0 0 na na
10 61159.475350280768 0.043803828538 cfg1 2 1 0 0 na na
10 61159.477350313309 0.043803818638 cfg1 2 1 0 0 na na
10 61159.481350292997 0.043803802671 cfg1 2 1 0 0 na na
10 61159.504350296734 0.043803789431 cfg1 2 1 0 0 na na
10 61159.519350252568 0.043803801739 cfg1 2 1 0 0 na na
10 61159.520350298916 0.043803791135 cfg1 2 1 0 0 na na
10 61159.620350252560 0.043803739459 cfg1 2 1 0 0 na na
10 61159.629350284506 0.043803729905 cfg1 2 1 0 0 na na
10 61159.643350328456 0.043803712025 cfg1 2 1 0 0 na na
10 61159.759350387398 0.043803670686 cfg1 2 1 0 0 na na
10 61159.789350305632 0.043803650449 cfg1 2 1 0 0 na na
10 61159.791350317149 0.043803659686 cfg1 2 1 0 0 na na
10 61159.793350328765 0.043803649952 cfg1 2 1 0 0 na na
10 61159.824350292347 0.043803624474 cfg1 2 1 0 0 na na
10 61159.840350289184 0.043803629229 cfg1 2 1 0 0 na na
10 61159.862350297616 0.043803620494 cfg1 2 1 0 0 na na
10 61159.877350322130 0.043803603885 cfg1 2 1 0 0 na na
10 61159.940350312833 0.043803578391 cfg1 2 1 0 0 na na
10 61159.979350307365 0.043803545597 cfg1 2 1 0 0 na na
10 61160.007350251441 0.043803535380 cfg1 2 1 0 0 na na
10 61160.059350307001 0.043803508615 cfg1 2 1 0 0 na na
10 61160.063350359172 0.043803505207 cfg1 2 1 0 0 na na
10 61160.081350315583 0.043803506636 cfg1 2 1 0 0 na na
10 61160.086350328483 0.043803475377 cfg1 2 1 0 0 na na
10 61160.103350341643 0.043803482338 cfg1 2 1 0 0 na na
10 61160.219350291002 0.043803427299 cfg1 2 1 0 0 na na
10 61160.247350299391 0.043803407937 cfg1 2 1 0 0 na na
10 61160.268350318290 0.043803384505 cfg1 2 1 0 0 na na
10 61160.270350334325 0.043803380229 cfg1 2 1 0 0 na na
10 61160.313350278188 0.043803361904 cfg1 2 1 0 0 na na
10 61160.351350350781 0.043803337391 cfg1 2 1 0 0 na na
10 61160.355350259954 0.043803346956 cfg1 2 1 0 0 na na
10 61160.370350330469 0.043803347288 cfg1 2 1 0 0 na na
10 61160.437350340133 0.043803293563 cfg1 2 1 0 0 na na
10 61160.489350321584 0.043803283262 cfg1 2 1 0 0 na na
10 61160.530350334272 0.043803272364 cfg1 2 1 0 0 na na
10 61160.564350312890 0.043803249091 cfg1 2 1 0 0 na na
10 61160.592350340490 0.043803223516 cfg1 2 1 0 0 na na
10 61160.609350305660 0.043803229883 cfg1 2 1 0 0 na na
10 61160.648350252123 0.043803199862 cfg1 2 1 0 0 na na
10 61160.690350326725 0.043803165164 cfg1 2 1 0 0 na na
10 61160.827350304585 0.043803097805 cfg1 2 1 0 0 na na
10 61161.043350297462 0.043802981480 cfg1 2 1 0 0 na na
10 61161.061350365069 0.043802998214 cfg1 2 1 0 0 na na
10 61161.122350335211 0.043802964219 cfg1 2 1 0 0 na na
10 61161.144350241024 0.043802955926 cfg1 2 1 0 0 na na
10 61161.179350326590 0.043802912254 cfg1 2 1 0 0 na na
10 61161.271350255207 0.043802884885 cfg1 2 1 0 0 na na
10 61161.272350343832 0.043802879111 cfg1 2 1 0 0 na na
10 61161.283350290101 0.043802856787 cfg1 2 1 0 0 na na
10 61161.307350311484 0.043802848763 cfg1 2 1 0 0 na na
10 61161.448350293081 0.043802793406 cfg1 2 1 0 0 na na
10 61161.449350290048 0.043802796707 cfg1 2 1 0 0 na na
10 61161.501350297284 0.043802746594 cfg1 2 1 0 0 na na
10 61161.545350313116 0.043802747746 cfg1 2 1 0 0 na na
10 61161.639350250347 0.043802696751 cfg1 2 1 0 0 na na
10 61161.641350254569 0.043802687351 cfg1 2 1 0 0 na na
10 61161.651350257185 0.043802679819 cfg1 2 1 0 0 na na
10 61161.745350298485 0.043802647670 cfg1 2 1 0 0 na na
10 61161.766350303521 0.043802621425 cfg1 2 1 0 0 na na
10 61161.778350242868 0.043802628977 cfg1 2 1 0 0 na na
10 61161.790350313173 0.043802606604 cfg1 2 1 0 0 na na
10 61161.862350365027 0.043802573165 cfg1 2 1 0 0 na na
10 61161.942350323054 0.043802548168 cfg1 2 1 0 0 na na
10 61161.980350266925 0.043802505002 cfg1 2 1 0 0 na na
10 61161.989350363521 0.043802507311 cfg1 2 1 0 0 na na
10 61162.033350327045 0.043802503395 cfg1 2 1 0 0 na na
10 61162.043350279193 0.043802486798 cfg1 2 1 0 0 na na
10 61162.101350316325 0.043802449827 cfg1 2 1 0 0 na na
10 61162.105350298774 0.043802460399 cfg1 2 1 0 0 na na
10 61162.173350332276 0.043802412691 cfg1 2 1 0 0 na na
10 61162.200350307199 0.043802400482 cfg1 2 1 0 0 na na
10 61162.265350332144 0.043802374807 cfg1 2 1 0 0 na na
10 61162.410350313071 0.043802298988 cfg1 2 1 0 0 na na
10 61162.507350334645 0.043802247717 cfg1 2 1 0 0 na na
10 61162.521350353886 0.043802236110 cfg1 2 1 0 0 na na
10 61162.545350328524 0.043802236652 cfg1 2 1 0 0 na na
10 61162.584350325661 0.043802233216 cfg1 2 1 0 0 na na
10 61162.641350345638 0.043802190069 cfg1 2 1 0 0 na na
10 61162.705350279390 0.043802144204 cfg1 2 1 0 0 na na
10 61162.708350337697 0.043802162576 cfg1 2 1 0 0 na na
10 61162.716350266038 0.043802140981 cfg1 2 1 0 0 na na
10 61162.727350266847 0.043802143329 cfg1 2 1 0 0 na na
10 61162.746350290105 0.043802136352 cfg1 2 1 0 0 na na
10 61162.823350336613 0.043802096602 cfg1 2 1 0 0 na na
10 61162.829350306644 0.043802098791 cfg1 2 1 0 0 na na
10 61162.876350268548 0.043802082305 cfg1 2 1 0 0 na na
10 61162.903350315199 0.043802056325 cfg1 2 1 0 0 na na
10 61162.920350321979 0.043802048595 cfg1 2 1 0 0 na na
10 61162.944350259800 0.043802037191 cfg1 2 1 0 0 na na
10 61162.989350272703 0.043802025390 cfg1 2 1 0 0 na na
10 61163.021350259457 0.043802002832 cfg1 2 1 0 0 na na
10 61163.142350376895 0.043801947980 cfg1 2 1 0 0 na na
10 61163.149350367070 0.043801935068 cfg1 2 1 0 0 na na
10 61163.237350291221 0.043801912600 cfg1 2 1 0 0 na na
10 61163.312350292857 0.043801873054 cfg1 2 1 0 0 na na
10 61163.499350307578 0.043801773662 cfg1 2 1 0 0 na na
10 61163.507350280144 0.043801757479 cfg1 2 1 0 0 na na
10 61163.527350356268 0.043801751650 cfg1 2 1 0 0 na na
10 61163.671350324889 0.043801679399 cfg1 2 1 0 0 na na
10 61163.749350293809 0.043801667378 cfg1 2 1 0 0 na na
10 61163.764350324368 0.043801651507 cfg1 2 1 0 0 na na
10 61163.775350355243 0.043801635195 cfg1 2 1 0 0 na na
10 61163.840350365135 0.043801621393 cfg1 2 1 0 0 na na
10 61163.862350289960 0.043801594384 cfg1 2 1 0 0 na na
10 61163.897350319411 0.043801595259 cfg1 2 1 0 0 na na
10 61163.900350279335 0.043801584204 cfg1 2 1 0 0 na na
10 61163.903350322842 0.043801595374 cfg1 2 1 0 0 na na
10 61163.921350331709 0.043801558006 cfg1 2 1 0 0 na na
10 61163.940350344813 0.043801570331 cfg1 2 1 0 0 na na
10 61163.978350275349 0.043801549582 cfg1 2 1 0 0 na na
10 61164.035350344653 0.043801509006 cfg1 2 1 0 0 na na
10 61164.048350300210 0.043801518033 cfg1 2 1 0 0 na na
10 61164.053350355414 0.043801495029 cfg1 2 1 0 0 na na
10 61164.115350301724 0.043801482916 cfg1 2 1 0 0 na na
10 61164.121350322204 0.043801471821 cfg1 2 1 0 0 na na
10 61164.178350312325 0.043801440845 cfg1 2 1 0 0 na na
10 61164.206350382888 0.043801432869 cfg1 2 1 0 0 na na
10 61164.233350313072 0.043801413915 cfg1 2 1 0 0 na na
10 61164.321350266352 0.043801375646 cfg1 2 1 0 0 na na
10 61164.330350280646 0.043801391107 cfg1 2 1 0 0 na na
10 61164.389350313536 0.043801366190 cfg1 2 1 0 0 na na
10 61164.448350336164 0.043801325190 cfg1 2 1 0 0 na na
10 61164.482350335626 0.043801295398 cfg1 2 1 0 0 na na
10 61164.558350336438 0.043801279821 cfg1 2 1 0 0 na na
10 61164.644350262295 0.043801225532 cfg1 2 1 0 0 na na
10 61164.668350309378 0.043801213054 cfg1 2 1 0 0 na na
10 61164.697350276060 0.043801201165 cfg1 2 1 0 0 na na
10 61164.712350315887 0.043801194201 cfg1 2 1 0 0 na na
10 61164.761350333806 0.043801180225 cfg1 2 1 0 0 na na
10 61164.911350330543 0.043801108997 cfg1 2 1 0 0 na na
10 61164.930350352196 0.043801111100 cfg1 2 1 0 0 na na
10 61164.988350291322 0.043801070204 cfg1 2 1 0 0 na na
10 61165.068350327085 0.043801026773 cfg1 2 1 0 0 na na
10 61165.097350322729 0.043801021012 cfg1 2 1 0 0 na na
10 61165.101350290754 0.043801016645 cfg1 2 1 0 0 na na
10 61165.102350328333 0.043801006562 cfg1 2 1 0 0 na na
10 61165.107350351058 0.043801011189 cfg1 2 1 0 0 na na
10 61165.130350325874 0.043800998854 cfg1 2 1 0 0 na na
10 61165.135350267882 0.043800994366 cfg1 2 1 0 0 na na
10 61165.176350326151 0.043800987261 cfg1 2 1 0 0 na na
10 61165.276350344780 0.043800934546 cfg1 2 1 0 0 na na
10 61165.305350267147 0.043800923373 cfg1 2 1 0 0 na na
10 61165.324350310864 0.043800915709 cfg1 2 1 0 0 na na
10 61165.382350266211 0.043800889786 cfg1 2 1 0 0 na na
10 61165.416350310334 0.043800887767 cfg1 2 1 0 0 na na
10 61165.432350347842 0.043800880047 cfg1 2 1 0 0 na na
10 61165.451350324560 0.043800876243 cfg1 2 1 0 0 na na
10 61165.453350297517 0.043800867736 cfg1 2 1 0 0 na na
10 61165.505350342286 0.043800828815 cfg1 2 1 0 0 na na
10 61165.536350259956 0.043800834164 cfg1 2 1 0 0 na na
10 61165.541350316801 0.043800832598 cfg1 2 1 0 0 na na
10 61165.576350298407 0.043800800417 cfg1 2 1 0 0 na na
10 61165.619350278785 0.043800792263 cfg1 2 1 0 0 na na
10 61165.670350303906 0.043800777364 cfg1 2 1 0 0 na na
10 61165.736350334531 0.043800722703 cfg1 2 1 0 0 na na
10 61165.741350336500 0.043800743658 cfg1 2 1 0 0 na na
10 61165.760350357509 0.043800736286 cfg1 2 1 0 0 na na
10 61165.770350344778 0.043800723829 cfg1 2 1 0 0 na na
10 61165.873350328387 0.043800683637 cfg1 2 1 0 0 na na
10 61165.991350302777 0.043800632956 cfg1 2 1 0 0 na na
10 61166.008350360835 0.043800612043 cfg1 2 1 0 0 na na
10 61166.097350320565 0.043800567196 cfg1 2 1 0 0 na na
10 61166.196350321304 0.043800532503 cfg1 2 1 0 0 na na
10 61166.286350268396 0.043800478811 cfg1 2 1 0 0 na na
10 61166.344350321060 0.043800476987 cfg1 2 1 0 0 na na
10 61166.359350267510 0.043800444252 cfg1 2 1 0 0 na na
10 61166.369350361203 0.043800444953 cfg1 2 1 0 0 na na
10 61166.380350310643 0.043800443470 cfg1 2 1 0 0 na na
10 61166.441350283893 0.043800417322 cfg1 2 1 0 0 na na
10 61166.444350325885 0.043800406585 cfg1 2 1 0 0 na na
10 61166.459350352366 0.043800399441 cfg1 2 1 0 0 na na
10 61166.509350279875 0.043800393719 cfg1 2 1 0 0 na na
10 61166.524350297604 0.043800396007 cfg1 2 1 0 0 na na
10 61166.604350307074 0.043800345850 cfg1 2 1 0 0 na na
10 61166.611350272112 0.043800329985 cfg1 2 1 0 0 na na
10 61166.623350277366 0.043800338308 cfg1 2 1 0 0 na na
10 61166.627350347039 0.043800335428 cfg1 2 1 0 0 na na
10 61166.652350265362 0.043800316511 cfg1 2 1 0 0 na na
10 61166.659350348010 0.043800335256 cfg1 2 1 0 0 na na
10 61166.711350328708 0.043800305219 cfg1 2 1 0 0 na na
10 61166.716350316878 0.043800296030 cfg1 2 1 0 0 na na
10 61166.835350294595 0.043800239074 cfg1 2 1 0 0 na na
10 61166.855350350877 0.043800224569 cfg1 2 1 0 0 na na
10 61166.871350333230 0.043800219440 cfg1 2 1 0 0 na na
10 61166.917350311594 0.043800209392 cfg1 2 1 0 0 na na
10 61166.969350366326 0.043800174013 cfg1 2 1 0 0 na na
10 61167.056350297654 0.043800159651 cfg1 2 1 0 0 na na
10 61167.123350323685 0.043800136600 cfg1 2 1 0 0 na na
10 61167.136350326749 0.043800105463 cfg1 2 1 0 0 na na
10 61167.255350301403 0.043800079780 cfg1 2 1 0 0 na na
10 61167.388350267531 0.043799994538 cfg1 2 1 0 0 na na
10 61167.395350290956 0.043800019254 cfg1 2 1 0 0 na na
10 61167.397350276089 0.043800007818 cfg1 2 1 0 0 na na
10 61167.430350245816 0.043800001042 cfg1 2 1 0 0 na na
10 61167.431350364203 0.043799994404 cfg1 2 1 0 0 na na
10 61167.440350273393 0.043799978919 cfg1 2 1 0 0 na na
10 61167.513350271326 0.043799940346 cfg1 2 1 0 0 na na
10 61167.534350258034 0.043799944174 cfg1 2 1 0 0 na na
10 61167.570350265915 0.043799920920 cfg1 2 1 0 0 na na
10 61167.700350300822 0.043799866693 cfg1 2 1 0 0 na na
10 61167.770350269256 0.043799838778 cfg1 2 1 0 0 na na
10 61167.806350248216 0.043799833789 cfg1 2 1 0 0 na na
10 61167.828350285740 0.043799807500 cfg1 2 1 0 0 na na
10 61168.072350350822 0.043799722328 cfg1 2 1 0 0 na na
10 61168.095350312530 0.043799701630 cfg1 2 1 0 0 na na
10 61168.111350317335 0.043799701164 cfg1 2 1 0 0 na na
10 61168.132350335742 0.043799694514 cfg1 2 1 0 0 na na
10 61168.160350241515 0.043799695441 cfg1 2 1 0 0 na na
10 61168.198350295966 0.043799661551 cfg1 2 1 0 0 na na
10 61168.201350284330 0.043799668480 cfg1 2 1 0 0 na na
10 61168.289350265063 0.043799636604 cfg1 2 1 0 0 na na
10 61168.307350309695 0.043799609094 cfg1 2 1 0 0 na na
10 61168.308350286233 0.043799622895 cfg1 2 1 0 0 na na
10 61168.315350284417 0.043799603001 cfg1 2 1 0 0 na na
10 61168.324350346033 0.043799604921 cfg1 2 1 0 0 na na
10 61168.342350283959 0.043799602262 cfg1 2 1 0 0 na na
10 61168.350350316671 0.043799600130 cfg1 2 1 0 0 na na
10 61168.364350252318 0.043799599415 cfg1 2 1 0 0 na na
10 61168.429350356155 0.043799569596 cfg1 2 1 0 0 na na
10 61168.480350385201 0.043799543036 cfg1 2 1 0 0 na na
10 61168.493350370399 0.043799555476 cfg1 2 1 0 0 na na
10 61168.496350292511 0.043799550899 cfg1 2 1 0 0 na na
10 61168.647350317410 0.043799472080 cfg1 2 1 0 0 na na
10 61168.663350305036 0.043799459114 cfg1 2 1 0 0 na na
10 61168.677350332716 0.043799464207 cfg1 2 1 0 0 na na
10 61168.776350336707 0.043799431109 cfg1 2 1 0 0 na na
10 61168.806350313533 0.043799411834 cfg1 2 1 0 0 na na
10 61168.814350293474 0.043799424869 cfg1 2 1 0 0 na na
10 61168.825350320985 0.043799410074 cfg1 2 1 0 0 na na
10 61168.881350331448 0.043799390270 cfg1 2 1 0 0 na na
10 61168.939350293056 0.043799366480 cfg1 2 1 0 0 na na
10 61169.030350316897 0.043799335928 cfg1 2 1 0 0 na na
10 61169.048350318752 0.043799303896 cfg1 2 1 0 0 na na
10 61169.124350312883 0.043799289322 cfg1 2 1 0 0 na na
10 61169.130350339133 0.043799282147 cfg1 2 1 0 0 na na
10 61169.167350312121 0.043799276983 cfg1 2 1 0 0 na na
10 61169.172350353366 0.043799266412 cfg1 2 1 0 0 na na
10 61169.210350288591 0.043799236418 cfg1 2 1 0 0 na na
10 61169.407350295771 0.043799157422 cfg1 2 1 0 0 na na
10 61169.411350285839 0.043799166096 cfg1 2 1 0 0 na na
10 61169.423350256794 0.043799165110 cfg1 2 1 0 0 na na
10 61169.434350363650 0.043799160023 cfg1 2 1 0 0 na na
10 61169.463350285429 0.043799136335 cfg1 2 1 0 0 na na
10 61169.467350252603 0.043799149564 cfg1 2 1 0 0 na na
10 61169.494350275381 0.043799131122 cfg1 2 1 0 0 na na
10 61169.510350306346 0.043799128366 cfg1 2 1 0 0 na na
10 61169.579350306906 0.043799097521 cfg1 2 1 0 0 na na
10 61169.599350312365 0.043799088469 cfg1 2 1 0 0 na na
10 61169.600350332916 0.043799094014 cfg1 2 1 0 0 na na
10 61169.634350270457 0.043799088299 cfg1 2 1 0 0 na na
10 61169.763350334541 0.043799022820 cfg1 2 1 0 0 na na
10 61169.767350310058 0.043799031495 cfg1 2 1 0 0 na na
10 61169.902350312740 0.043798966141 cfg1 2 1 0 0 na na
10 61169.925350285445 0.043798965511 cfg1 2 1 0 0 na na
10 61169.952350355080 0.043798941746 cfg1 2 1 0 0 na na
10 61169.969350333276 0.043798954161 cfg1 2 1 0 0 na na
10 61169.976350324988 0.043798944052 cfg1 2 1 0 0 na na
10 61170.001350335019 0.043798921329 cfg1 2 1 0 0 na na
10 61170.024350329030 0.043798922265 cfg1 2 1 0 0 na na
10 61170.031350296450 0.043798928809 cfg1 2 1 0 0 na na
10 61170.192350335209 0.043798868644 cfg1 2 1 0 0 na na
10 61170.223350351905 0.043798857304 cfg1 2 1 0 0 na na
10 61170.240350255501 0.043798854423 cfg1 2 1 0 0 na na
10 61170.256350267649 0.043798839475 cfg1 2 1 0 0 na na
10 61170.310350249018 0.043798823005 cfg1 2 1 0 0 na na
10 61170.420350299345 0.043798780392 cfg1 2 1 0 0 na na
10 61170.497350350188 0.043798739832 cfg1 2 1 0 0 na na
10 61170.516350281948 0.043798738928 cfg1 2 1 0 0 na na
10 61170.523350270823 0.043798733197 cfg1 2 1 0 0 na na
10 61170.548350259828 0.043798717127 cfg1 2 1 0 0 na na
10 61170.566350301448 0.043798718624 cfg1 2 1 0 0 na na
10 61170.587350341428 0.043798705673 cfg1 2 1 0 0 na na
10 61170.635350338483 0.043798680935 cfg1 2 1 0 0 na na
10 61170.651350334892 0.043798677411 cfg1 2 1 0 0 na na
10 61170.721350300188 0.043798657148 cfg1 2 1 0 0 na na
10 61170.760350256835 0.043798652894 cfg1 2 1 0 0 na na
10 61170.807350372467 0.043798621345 cfg1 2 1 0 0 na na
10 61170.840350348847 0.043798608605 cfg1 2 1 0 0 na na
10 61170.895350273412 0.043798587695 cfg1 2 1 0 0 na na
10 61170.913350321805 0.043798572945 cfg1 2 1 0 0 na na
10 61170.968350276853 0.043798554059 cfg1 2 1 0 0 na na
10 61170.993350278641 0.043798540368 cfg1 2 1 0 0 na na
10 61171.001350348038 0.043798551407 cfg1 2 1 0 0 na na
10 61171.055350308084 0.043798523405 cfg1 2 1 0 0 na na
10 61171.085350326539 0.043798502414 cfg1 2 1 0 0 na na
10 61171.094350264977 0.043798526702 cfg1 2 1 0 0 na na
10 61171.126350334624 0.043798513407 cfg1 2 1 0 0 na na
10 61171.147350346745 0.043798497016 cfg1 2 1 0 0 na na
10 61171.151350260937 0.043798486135 cfg1 2 1 0 0 na na
10 61171.158350261408 0.043798480483 cfg1 2 1 0 0 na na
10 61171.199350300363 0.043798466748 cfg1 2 1 0 0 na na
10 61171.253350277231 0.043798452356 cfg1 2 1 0 0 na na
10 61171.306350286767 0.043798432782 cfg1 2 1 0 0 na na
10 61171.348350286550 0.043798403175 cfg1 2 1 0 0 na na
10 61171.372350349649 0.043798404791 cfg1 2 1 0 0 na na
10 61171.391350319566 0.043798390266 cfg1 2 1 0 0 na na
10 61171.438350282535 0.043798386974 cfg1 2 1 0 0 na na
10 61171.474350329697 0.043798355845 cfg1 2 1 0 0 na na
10 61171.486350264027 0.043798357921 cfg1 2 1 0 0 na na
10 61171.556350313883 0.043798331218 cfg1 2 1 0 0 na na
10 61171.575350248881 0.043798345501 cfg1 2 1 0 0 na na
10 61171.578350309248 0.043798319346 cfg1 2 1 0 0 na na
10 61171.581350329756 0.043798319164 cfg1 2 1 0 0 na na
10 61171.645350350511 0.043798316916 cfg1 2 1 0 0 na na
10 61171.657350327154 0.043798297921 cfg1 2 1 0 0 na na
10 61171.664350248943 0.043798302959 cfg1 2 1 0 0 na na
10 61171.676350324472 0.043798282249 cfg1 2 1 0 0 na na
10 61171.691350343907 0.043798292236 cfg1 2 1 0 0 na na
10 61171.731350331449 0.043798276280 cfg1 2 1 0 0 na na
10 61171.740350294274 0.043798265200 cfg1 2 1 0 0 na na
10 61171.860350319180 0.043798237531 cfg1 2 1 0 0 na na
10 61171.879350261988 0.043798219228 cfg1 2 1 0 0 na na
10 61171.884350306835 0.043798207552 cfg1 2 1 0 0 na na
10 61172.002350356515 0.043798178967 cfg1 2 1 0 0 na na
10 61172.035350275414 0.043798156724 cfg1 2 1 0 0 na na
10 61172.042350362064 0.043798147418 cfg1 2 1 0 0 na na
10 61172.155350328251 0.043798111305 cfg1 2 1 0 0 na na
10 61172.201350345040 0.043798094953 cfg1 2 1 0 0 na na
10 61172.216350294017 0.043798096693 cfg1 2 1 0 0 na na
10 61172.237350261152 0.043798085752 cfg1 2 1 0 0 na na
10 61172.363350299282 0.043798050942 cfg1 2 1 0 0 na na
10 61172.370350317097 0.043798033516 cfg1 2 1 0 0 na na
10 61172.377350253338 0.043798053125 cfg1 2 1 0 0 na na
10 61172.387350360872 0.043798030944 cfg1 2 1 0 0 na na
10 61172.416350271405 0.043798010538 cfg1 2 1 0 0 na na
10 61172.417350328543 0.043798011234 cfg1 2 1 0 0 na na
10 61172.476350301213 0.043797995768 cfg1 2 1 0 0 na na
10 61172.482350288283 0.043798002674 cfg1 2 1 0 0 na na
10 61172.490350286440 0.043797995453 cfg1 2 1 0 0 na na
10 61172.510350317593 0.043798005045 cfg1 2 1 0 0 na na
10 61172.617350360697 0.043797959539 cfg1 2 1 0 0 na na
10 61172.624350297002 0.043797948217 cfg1 2 1 0 0 na na
10 61172.631350257057 0.043797945191 cfg1 2 1 0 0 na na
10 61172.650350329611 0.043797940045 cfg1 2 1 0 0 na na
10 61172.741350366850 0.043797904005 cfg1 2 1 0 0 na na
10 61172.773350275100 0.043797893581 cfg1 2 1 0 0 na na
10 61172.784350302797 0.043797901077 cfg1 2 1 0 0 na na
10 61172.806350295934 0.043797884310 cfg1 2 1 0 0 na na
10 61172.875350363774 0.043797859791 cfg1 2 1 0 0 na na
10 61172.881350278170 0.043797853831 cfg1 2 1 0 0 na na
10 61172.889350297102 0.043797870105 cfg1 2 1 0 0 na na
10 61172.931350272397 0.043797853945 cfg1 2 1 0 0 na na
10 61172.943350300795 0.043797833851 cfg1 2 1 0 0 na na
10 61173.027350299665 0.043797804239 cfg1 2 1 0 0 na na
10 61173.032350281017 0.043797798614 cfg1 2 1 0 0 na na
10 61173.048350271706 0.043797798645 cfg1 2 1 0 0 na na
10 61173.059350330899 0.043797809015 cfg1 2 1 0 0 na na
10 61173.092350271675 0.043797780859 cfg1 2 1 0 0 na na
10 61173.134350341947 0.043797777950 cfg1 2 1 0 0 na na
10 61173.155350268345 0.043797748609 cfg1 2 1 0 0 na na
10 61173.196350259986 0.043797742220 cfg1 2 1 0 0 na na
10 61173.222350292166 0.043797742251 cfg1 2 1 0 0 na na
10 61173.244350286018 0.043797742345 cfg1 2 1 0 0 na na
10 61173.330350261428 0.043797695066 cfg1 2 1 0 0 na na
10 61173.343350307448 0.043797683320 cfg1 2 1 0 0 na na
10 61173.366350351629 0.043797696585 cfg1 2 1 0 0 na na
10 61173.396350264858 0.043797666952 cfg1 2 1 0 0 na na
10 61173.420350255828 0.043797671175 cfg1 2 1 0 0 na na
10 61173.500350304482 0.043797656313 cfg1 2 1 0 0 na na
10 61173.611350289382 0.043797595969 cfg1 2 1 0 0 na na
10 61173.619350281815 0.043797586953 cfg1 2 1 0 0 na na
10 61173.751350328777 0.043797543071 cfg1 2 1 0 0 na na
10 61173.837350302305 0.043797539493 cfg1 2 1 0 0 na na
10 61173.874350334290 0.043797501280 cfg1 2 1 0 0 na na
10 61173.901350275808 0.043797512925 cfg1 2 1 0 0 na na
10 61173.913350318340 0.043797495606 cfg1 2 1 0 0 na na
10 61173.914350304879 0.043797509293 cfg1 2 1 0 0 na na
10 61173.915350270924 0.043797485748 cfg1 2 1 0 0 na na
10 61173.926350317483 0.043797502487 cfg1 2 1 0 0 na na
10 61173.930350289052 0.043797492277 cfg1 2 1 0 0 na na
10 61173.970350292233 0.043797481749 cfg1 2 1 0 0 na na
10 61173.993350358809 0.043797472189 cfg1 2 1 0 0 na na
10 61174.035350292397 0.043797468407 cfg1 2 1 0 0 na na
10 61174.041350318422 0.043797445353 cfg1 2 1 0 0 na na
10 61174.064350353031 0.043797454228 cfg1 2 1 0 0 na na
10 61174.088350309604 0.043797445401 cfg1 2 1 0 0 na na
10 61174.106350344867 0.043797427321 cfg1 2 1 0 0 na na
10 61174.134350267711 0.043797414216 cfg1 2 1 0 0 na na
10 61174.235350337401 0.043797404422 cfg1 2 1 0 0 na na
10 61174.254350342581 0.043797379291 cfg1 2 1 0 0 na na
10 61174.317350271853 0.043797350116 cfg1 2 1 0 0 na na
10 61174.394350345277 0.043797352191 cfg1 2 1 0 0 na na
10 61174.415350326096 0.043797332668 cfg1 2 1 0 0 na na
10 61174.445350257843 0.043797319113 cfg1 2 1 0 0 na na
10 61174.530350269577 0.043797277225 cfg1 2 1 0 0 na na
10 61174.584350292206 0.043797266208 cfg1 2 1 0 0 na na
10 61174.759350358206 0.043797224038 cfg1 2 1 0 0 na na
10 61174.784350359007 0.043797205646 cfg1 2 1 0 0 na na
10 61174.838350307396 0.043797190051 cfg1 2 1 0 0 na na
10 61175.036350304139 0.043797124665 cfg1 2 1 0 0 na na
10 61175.114350331015 0.043797099274 cfg1 2 1 0 0 na na
10 61175.115350257952 0.043797094054 cfg1 2 1 0 0 na na
10 61175.143350352607 0.043797089995 cfg1 2 1 0 0 na na
10 61175.151350297113 0.043797094936 cfg1 2 1 0 0 na na
10 61175.159350280567 0.043797080700 cfg1 2 1 0 0 na na
10 61175.197350269379 0.043797060851 cfg1 2 1 0 0 na na
10 61175.238350298077 0.043797070676 cfg1 2 1 0 0 na na
10 61175.242350340161 0.043797069117 cfg1 2 1 0 0 na na
10 61175.254350345877 0.043797053996 cfg1 2 1 0 0 na na
10 61175.339350288275 0.043797027675 cfg1 2 1 0 0 na na
10 61175.355350321815 0.043797029666 cfg1 2 1 0 0 na na
10 61175.364350366677 0.043797008819 cfg1 2 1 0 0 na na
10 61175.396350255292 0.043797006652 cfg1 2 1 0 0 na na
10 61175.504350242877 0.043796984033 cfg1 2 1 0 0 na na
10 61175.507350244836 0.043796982209 cfg1 2 1 0 0 na na
10 61175.542350327707 0.043796962245 cfg1 2 1 0 0 na na
10 61175.598350330446 0.043796957815 cfg1 2 1 0 0 na na
10 61175.661350334717 0.043796923670 cfg1 2 1 0 0 na na
10 61175.674350320317 0.043796924853 cfg1 2 1 0 0 na na
10 61175.698350285104 0.043796901857 cfg1 2 1 0 0 na na
10 61175.719350323391 0.043796905699 cfg1 2 1 0 0 na na
10 61175.727350267799 0.043796912101 cfg1 2 1 0 0 na na
10 61175.765350272763 0.043796892084 cfg1 2 1 0 0 na na
10 61175.769350318845 0.043796889524 cfg1 2 2 0 0 na na
10 61175.829350292819 0.043796870385 cfg1 2 1 0 0 na na
10 61175.868350250995 0.043796860832 cfg1 2 1 0 0 na na
10 61175.885350308307 0.043796864442 cfg1 2 1 0 0 na na
10 61175.894350319237 0.043796862842 cfg1 2 1 0 0 na na
10 61176.003350333376 0.043796820508 cfg1 2 1 0 0 na na
10 61176.019350305070 0.043796810958 cfg1 2 1 0 0 na na
10 61176.143350365975 0.043796772219 cfg1 2 2 0 0 na na
10 61176.219350316418 0.043796747137 cfg1 2 1 0 0 na na
10 61176.253350266059 0.043796725919 cfg1 2 1 0 0 na na
10 61176.282350308912 0.043796730891 cfg1 2 1 0 0 na na
10 61176.315350299022 0.043796718449 cfg1 2 1 0 0 na na
10 61176.319350349279 0.043796711650 cfg1 2 1 0 0 na na
10 61176.333350299321 0.043796728248 cfg1 2 1 0 0 na na
10 61176.343350351942 0.043796724338 cfg1 2 1 0 0 na na
10 61176.346350263160 0.043796718178 cfg1 2 1 0 0 na na
10 61176.374350282037 0.043796688636 cfg1 2 1 0 0 na na
10 61176.556350269110 0.043796633006 cfg1 2 1 0 0 na na
10 61176.666350312720 0.043796618712 cfg1 2 1 0 0 na na
10 61176.667350299829 0.043796612074 cfg1 2 1 0 0 na na
10 61176.668350273737 0.043796622074 cfg1 2 1 0 0 na na
10 61176.929350286007 0.043796530322 cfg1 2 1 0 0 na na
10 61177.010350332743 0.043796507304 cfg1 2 1 0 0 na na
10 61177.090350338833 0.043796476283 cfg1 2 1 0 0 na na
10 61177.113350313597 0.043796476145 cfg1 2 1 0 0 na na
10 61177.154350331619 0.043796476537 cfg1 2 1 0 0 na na
10 61177.207350325221 0.043796461513 cfg1 2 1 0 0 na na
10 61177.274350265140 0.043796421738 cfg1 2 1 0 0 na na
10 61177.297350316972 0.043796429774 cfg1 2 1 0 0 na na
10 61177.308350309160 0.043796417266 cfg1 2 1 0 0 na na
10 61177.337350286288 0.043796407828 cfg1 2 1 0 0 na na
10 61177.414350349082 0.043796392216 cfg1 2 1 0 0 na na
10 61177.418350325699 0.043796380059 cfg1 2 1 0 0 na na
10 61177.479350334057 0.043796381156 cfg1 2 1 0 0 na na
10 61177.480350323967 0.043796376606 cfg1 2 1 0 0 na na
10 61177.487350336814 0.043796357446 cfg1 2 1 0 0 na na
10 61177.491350295197 0.043796361547 cfg1 2 1 0 0 na na
10 61177.538350302540 0.043796358155 cfg1 2 1 0 0 na na
10 61177.642350291248 0.043796324641 cfg1 2 1 0 0 na na
10 61177.660350311605 0.043796311561 cfg1 2 1 0 0 na na
10 61177.664350318371 0.043796323719 cfg1 2 1 0 0 na na
10 61177.699350318600 0.043796294748 cfg1 2 1 0 0 na na
10 61177.711350319437 0.043796311650 cfg1 2 1 0 0 na na
10 61177.724350289173 0.043796308785 cfg1 2 1 0 0 na na
10 61177.796350306811 0.043796271313 cfg1 2 1 0 0 na na
10 61177.801350335182 0.043796265404 cfg1 2 1 0 0 na na
10 61177.840350308731 0.043796269835 cfg1 2 1 0 0 na na
10 61177.866350326301 0.043796246545 cfg1 2 1 0 0 na na
10 61177.901350339797 0.043796252785 cfg1 2 1 0 0 na na
10 61177.999350250507 0.043796221595 cfg1 2 1 0 0 na na
10 61178.007350335846 0.043796223088 cfg1 2 1 0 0 na na
10 61178.011350293328 0.043796211629 cfg1 2 1 0 0 na na
10 61178.185350266457 0.043796180462 cfg1 2 1 0 0 na na
10 61178.207350347796 0.043796160737 cfg1 2 1 0 0 na na
10 61178.266350300148 0.043796147875 cfg1 2 1 0 0 na na
10 61178.267350291652 0.043796138255 cfg1 2 1 0 0 na na
10 61178.298350322616 0.043796127558 cfg1 2 1 0 0 na na
10 61178.312350343270 0.043796123924 cfg1 2 1 0 0 na na
10 61178.314350337802 0.043796119141 cfg1 2 1 0 0 na na
10 61178.320350319601 0.043796127250 cfg1 2 1 0 0 na na
10 61178.327350291560 0.043796128033 cfg1 2 1 0 0 na na
10 61178.333350277822 0.043796126099 cfg1 2 1 0 0 na na
10 61178.347350330036 0.043796117421 cfg1 2 1 0 0 na na
10 61178.350350293517 0.043796121076 cfg1 2 1 0 0 na na
10 61178.369350293546 0.043796128143 cfg1 2 1 0 0 na na
10 61178.398350336878 0.043796115838 cfg1 2 1 0 0 na na
10 61178.485350289731 0.043796093672 cfg1 2 1 0 0 na na
10 61178.539350345942 0.043796060033 cfg1 2 1 0 0 na na
10 61178.541350301326 0.043796062277 cfg1 2 1 0 0 na na
10 61178.564350265083 0.043796046732 cfg1 2 1 0 0 na na
10 61178.637350308093 0.043796032834 cfg1 2 1 0 0 na na
10 61178.645350287422 0.043796048499 cfg1 2 1 0 0 na na
10 61178.674350261560 0.043796020462 cfg1 2 1 0 0 na na
10 61178.703350257111 0.043796031435 cfg1 2 1 0 0 na na
10 61178.724350308638 0.043796016722 cfg1 2 1 0 0 na na
10 61178.783350349015 0.043795987009 cfg1 2 1 0 0 na na
10 61178.951350262634 0.043795944324 cfg1 2 1 0 0 na na
10 61179.031350279336 0.043795917391 cfg1 2 1 0 0 na na
10 61179.062350306272 0.043795924745 cfg1 2 1 0 0 na na
10 61179.099350266150 0.043795900844 cfg1 2 1 0 0 na na
10 61179.101350262460 0.043795899579 cfg1 2 1 0 0 na na
10 61179.196350262171 0.043795874798 cfg1 2 1 0 0 na na
10 61179.221350269847 0.043795880194 cfg1 2 1 0 0 na na
10 61179.237350270587 0.043795887659 cfg1 2 1 0 0 na na
10 61179.330350264168 0.043795839222 cfg1 2 1 0 0 na na
10 61179.379350300598 0.043795834369 cfg1 2 1 0 0 na na
10 61179.410350312933 0.043795814215 cfg1 2 1 0 0 na na
10 61179.413350303236 0.043795829021 cfg1 2 1 0 0 na na
10 61179.449350248120 0.043795829574 cfg1 2 1 0 0 na na
10 61179.458350300523 0.043795801808 cfg1 2 1 0 0 na na
10 61179.509350306713 0.043795797665 cfg1 2 1 0 0 na na
10 61179.536350326229 0.043795807860 cfg1 2 1 0 0 na na
10 61179.746350261354 0.043795730548 cfg1 2 1 0 0 na na
10 61179.763350282380 0.043795729839 cfg1 2 1 0 0 na na
10 61179.877350363326 0.043795698582 cfg1 2 1 0 0 na na
10 61179.894350274593 0.043795689219 cfg1 2 1 0 0 na na
10 61179.919350284971 0.043795691322 cfg1 2 1 0 0 na na
10 61179.950350271144 0.043795673886 cfg1 2 1 0 0 na na
10 61179.983350319032 0.043795687757 cfg1 2 1 0 0 na na
10 61179.996350362524 0.043795683752 cfg1 2 1 0 0 na na
10 61180.006350368855 0.043795669265 cfg1 2 1 0 0 na na
10 61180.019350347756 0.043795660914 cfg1 2 1 0 0 na na
10 61180.061350285181 0.043795662644 cfg1 2 1 0 0 na na
10 61180.112350255409 0.043795658057 cfg1 2 1 0 0 na na
10 61180.118350325246 0.043795655961 cfg1 2 1 0 0 na na
10 61180.183350283946 0.043795618093 cfg1 2 1 0 0 na na
10 61180.221350300655 0.043795622294 cfg1 2 1 0 0 na na
10 61180.305350262418 0.043795584446 cfg1 2 1 0 0 na na
10 61180.374350261622 0.043795577686 cfg1 2 1 0 0 na na
10 61180.499350349818 0.043795546001 cfg1 2 1 0 0 na na
10 61180.503350312415 0.043795557016 cfg1 2 1 0 0 na na
10 61180.568350313808 0.043795513335 cfg1 2 1 0 0 na na
10 61180.572350303264 0.043795531102 cfg1 2 1 0 0 na na
10 61180.586350327436 0.043795515068 cfg1 2 1 0 0 na na
10 61180.596350315137 0.043795513145 cfg1 2 1 0 0 na na
10 61180.603350312616 0.043795520153 cfg1 2 1 0 0 na na
10 61180.638350332838 0.043795497406 cfg1 2 1 0 0 na na
10 61180.661350358019 0.043795507300 cfg1 2 1 0 0 na na
10 61180.677350346590 0.043795510248 cfg1 2 1 0 0 na na
10 61180.701350326520 0.043795501306 cfg1 2 1 0 0 na na
10 61180.709350299724 0.043795483029 cfg1 2 1 0 0 na na
10 61180.733350331531 0.043795476193 cfg1 2 1 0 0 na na
10 61180.836350303596 0.043795449231 cfg1 2 1 0 0 na na
10 61180.890350319223 0.043795434682 cfg1 2 1 0 0 na na
10 61180.911350320430 0.043795439940 cfg1 2 1 0 0 na na
10 61181.000350324847 0.043795419508 cfg1 2 1 0 0 na na
10 61181.043350324614 0.043795397677 cfg1 2 1 0 0 na na
10 61181.122350361411 0.043795376186 cfg1 2 1 0 0 na na
10 61181.200350366772 0.043795361588 cfg1 2 1 0 0 na na
10 61181.205350303696 0.043795383206 cfg1 2 1 0 0 na na
10 61181.259350310183 0.043795350816 cfg1 2 1 0 0 na na
10 61181.305350281426 0.043795348098 cfg1 2 1 0 0 na na
10 61181.321350324000 0.043795339659 cfg1 2 1 0 0 na na
10 61181.331350329736 0.043795347472 cfg1 2 1 0 0 na na
10 61181.421350319480 0.043795318934 cfg1 2 1 0 0 na na
10 61181.463350291537 0.043795310000 cfg1 2 1 0 0 na na
10 61181.503350318439 0.043795290693 cfg1 2 1 0 0 na na
10 61181.563350262883 0.043795274014 cfg1 2 1 0 0 na na
10 61181.582350327296 0.043795271597 cfg1 2 1 0 0 na na
10 61181.611350342193 0.043795259478 cfg1 2 1 0 0 na na
10 61181.617350347604 0.043795282930 cfg1 2 1 0 0 na na
10 61181.665350282776 0.043795259815 cfg1 2 1 0 0 na na
10 61181.700350293797 0.043795241623 cfg1 2 1 0 0 na na
10 61181.872350322121 0.043795204555 cfg1 2 1 0 0 na na
10 61181.874350346525 0.043795203062 cfg1 2 1 0 0 na na
10 61181.915350315724 0.043795202865 cfg1 2 1 0 0 na na
10 61182.029350271492 0.043795160452 cfg1 2 1 0 0 na na
10 61182.053350314336 0.043795178100 cfg1 2 1 0 0 na na
10 61182.071350323762 0.043795156084 cfg1 2 1 0 0 na na
10 61182.128350334635 0.043795140216 cfg1 2 1 0 0 na na
10 61182.221350361030 0.043795142694 cfg1 2 1 0 0 na na
10 61182.247350315996 0.043795132320 cfg1 2 1 0 0 na na
10 61182.269350268530 0.043795127380 cfg1 2 1 0 0 na na
10 61182.301350309821 0.043795111108 cfg1 2 1 0 0 na na
10 61182.309350323643 0.043795095602 cfg1 2 1 0 0 na na
10 61182.346350309899 0.043795107278 cfg1 2 1 0 0 na na
10 61182.354350292153 0.043795094015 cfg1 2 1 0 0 na na
10 61182.407350324737 0.043795080366 cfg1 2 1 0 0 na na
10 61182.409350334512 0.043795084912 cfg1 2 1 0 0 na na
10 61182.444350270533 0.043795066320 cfg1 2 1 0 0 na na
10 61182.447350323701 0.043795066838 cfg1 2 1 0 0 na na
10 61182.452350352627 0.043795062883 cfg1 2 1 0 0 na na
10 61182.474350330051 0.043795086134 cfg1 2 1 0 0 na na
10 61182.608350247066 0.043795049719 cfg1 2 1 0 0 na na
10 61182.643350303120 0.043795027396 cfg1 2 1 0 0 na na
10 61182.727350305137 0.043795002876 cfg1 2 1 0 0 na na
10 61182.813350341890 0.043794984700 cfg1 2 1 0 0 na na
10 61182.835350248416 0.043794998556 cfg1 2 1 0 0 na na
10 61182.914350280459 0.043794962040 cfg1 2 1 0 0 na na
10 61182.924350338635 0.043794959126 cfg1 2 1 0 0 na na
10 61182.948350333292 0.043794979265 cfg1 2 1 0 0 na na
10 61182.982350349217 0.043794962465 cfg1 2 1 0 0 na na
10 61183.005350301975 0.043794957234 cfg1 2 1 0 0 na na
10 61183.027350337175 0.043794947781 cfg1 2 1 0 0 na na
10 61183.064350241961 0.043794955070 cfg1 2 1 0 0 na na
10 61183.140350317441 0.043794912340 cfg1 2 1 0 0 na na
10 61183.186350271188 0.043794900819 cfg1 2 1 0 0 na na
10 61183.190350287958 0.043794922193 cfg1 2 1 0 0 na na
10 61183.236350330466 0.043794912500 cfg1 2 1 0 0 na na
10 61183.254350357809 0.043794888926 cfg1 2 1 0 0 na na
10 61183.350350335426 0.043794891268 cfg1 2 1 0 0 na na
10 61183.405350261843 0.043794869426 cfg1 2 1 0 0 na na
10 61183.433350332948 0.043794848409 cfg1 2 1 0 0 na na
10 61183.519350305149 0.043794856592 cfg1 2 1 0 0 na na
10 61183.528350278178 0.043794829244 cfg1 2 1 0 0 na na
10 61183.590350289734 0.043794838396 cfg1 2 1 0 0 na na
10 61183.674350320740 0.043794802995 cfg1 2 1 0 0 na na
10 61183.688350295656 0.043794811036 cfg1 2 1 0 0 na na
10 61183.700350300468 0.043794790300 cfg1 2 1 0 0 na na
10 61183.709350269340 0.043794803511 cfg1 2 1 0 0 na na
10 61183.718350337178 0.043794806583 cfg1 2 1 0 0 na na
10 61183.839350271257 0.043794786784 cfg1 2 1 0 0 na na
10 61183.871350316504 0.043794767198 cfg1 2 1 0 0 na na
10 61183.875350280457 0.043794766328 cfg1 2 1 0 0 na na
10 61183.876350304523 0.043794757260 cfg1 2 1 0 0 na na
10 61183.899350267293 0.043794754036 cfg1 2 1 0 0 na na
10 61184.004350315954 0.043794728463 cfg1 2 1 0 0 na na
10 61184.029350295950 0.043794731948 cfg1 2 1 0 0 na na
10 61184.067350312865 0.043794727141 cfg1 2 1 0 0 na na
10 61184.090350286902 0.043794737508 cfg1 2 1 0 0 na na
10 61184.123350327959 0.043794729821 cfg1 2 1 0 0 na na
10 61184.183350291197 0.043794701853 cfg1 2 1 0 0 na na
10 61184.231350330401 0.043794682265 cfg1 2 1 0 0 na na
10 61184.241350289336 0.043794683929 cfg1 2 1 0 0 na na
10 61184.246350362151 0.043794689429 cfg1 2 1 0 0 na na
10 61184.255350336027 0.043794685971 cfg1 2 1 0 0 na na
10 61184.345350339370 0.043794664351 cfg1 2 1 0 0 na na
10 61184.378350316711 0.043794670184 cfg1 2 1 0 0 na na
10 61184.382350332149 0.043794672707 cfg1 2 1 0 0 na na
10 61184.399350357187 0.043794659482 cfg1 2 1 0 0 na na
10 61184.406350257779 0.043794653899 cfg1 2 1 0 0 na na
10 61184.500350279829 0.043794644936 cfg1 2 1 0 0 na na
10 61184.517350331384 0.043794645067 cfg1 2 1 0 0 na na
10 61184.521350328457 0.043794642877 cfg1 2 1 0 0 na na
10 61184.597350330428 0.043794621035 cfg1 2 1 0 0 na na
10 61184.606350287185 0.043794626518 cfg1 2 1 0 0 na na
10 61184.648350291921 0.043794614250 cfg1 2 1 0 0 na na
10 61184.665350333934 0.043794621895 cfg1 2 1 0 0 na na
10 61184.684350342772 0.043794615569 cfg1 2 1 0 0 na na
10 61184.707350323280 0.043794600024 cfg1 2 1 0 0 na na
10 61184.731350290404 0.043794595552 cfg1 2 1 0 0 na na
10 61184.833350275520 0.043794561631 cfg1 2 1 0 0 na na
10 61184.888350373259 0.043794552083 cfg1 2 1 0 0 na na
10 61184.922350268420 0.043794557763 cfg1 2 1 0 0 na na
10 61184.990350323440 0.043794554898 cfg1 2 1 0 0 na na
10 61184.993350357737 0.043794542560 cfg1 2 1 0 0 na na
10 61185.028350340256 0.043794543941 cfg1 2 1 0 0 na na
10 61185.032350353272 0.043794544266 cfg1 2 1 0 0 na na
10 61185.115350339971 0.043794512182 cfg1 2 1 0 0 na na
10 61185.125350265786 0.043794531618 cfg1 2 1 0 0 na na
10 61185.127350331350 0.043794531479 cfg1 2 1 0 0 na na
10 61185.234350315828 0.043794488964 cfg1 2 1 0 0 na na
10 61185.284350348433 0.043794494088 cfg1 2 1 0 0 na na
10 61185.293350328184 0.043794492216 cfg1 2 1 0 0 na na
10 61185.294350304414 0.043794497084 cfg1 2 1 0 0 na na
10 61185.321350324142 0.043794478817 cfg1 2 1 0 0 na na
10 61185.361350271827 0.043794482959 cfg1 2 1 0 0 na na
10 61185.462350299110 0.043794449463 cfg1 2 1 0 0 na na
10 61185.536350243585 0.043794453456 cfg1 2 1 0 0 na na
10 61185.562350249356 0.043794442663 cfg1 2 1 0 0 na na
10 61185.583350307909 0.043794420178 cfg1 2 1 0 0 na na
10 61185.603350334272 0.043794433295 cfg1 2 1 0 0 na na
10 61185.607350342161 0.043794439856 cfg1 2 1 0 0 na na
10 61185.653350284959 0.043794413758 cfg1 2 1 0 0 na na
10 61185.655350265856 0.043794428899 cfg1 2 1 0 0 na na
10 61185.665350341011 0.043794416083 cfg1 2 1 0 0 na na
10 61185.691350340675 0.043794409864 cfg1 2 1 0 0 na na
10 61185.849350266584 0.043794371046 cfg1 2 1 0 0 na na
10 61185.890350327827 0.043794383853 cfg1 2 1 0 0 na na
10 61185.951350326820 0.043794373507 cfg1 2 1 0 0 na na
10 61185.972350335693 0.043794364266 cfg1 2 1 0 0 na na
10 61186.147350329518 0.043794340223 cfg1 2 1 0 0 na na
10 61186.256350307701 0.043794320797 cfg1 2 1 0 0 na na
10 61186.314350294291 0.043794293992 cfg1 2 1 0 0 na na
10 61186.341350266364 0.043794285538 cfg1 2 1 0 0 na na
10 61186.407350269254 0.043794272626 cfg1 2 1 0 0 na na
10 61186.499350278833 0.043794271627 cfg1 2 1 0 0 na na
10 61186.532350300261 0.043794265162 cfg1 2 1 0 0 na na
10 61186.620350295319 0.043794240480 cfg1 2 1 0 0 na na
10 61186.629350343364 0.043794246457 cfg1 2 1 0 0 na na
10 61186.746350318719 0.043794217376 cfg1 2 1 0 0 na na
10 61186.813350346020 0.043794225560 cfg1 2 1 0 0 na na
10 61186.850350354000 0.043794204627 cfg1 2 1 0 0 na na
10 61186.888350279479 0.043794209120 cfg1 2 1 0 0 na na
10 61186.898350321689 0.043794198671 cfg1 2 1 0 0 na na
10 61186.899350356286 0.043794197935 cfg1 2 1 0 0 na na
10 61186.907350290621 0.043794197666 cfg1 2 1 0 0 na na
10 61186.993350345272 0.043794200287 cfg1 2 1 0 0 na na
10 61187.103350287612 0.043794167514 cfg1 2 1 0 0 na na
10 61187.152350338313 0.043794153059 cfg1 2 1 0 0 na na
10 61187.179350288795 0.043794161916 cfg1 2 1 0 0 na na
10 61187.182350353285 0.043794140643 cfg1 2 1 0 0 na na
10 61187.207350287005 0.043794165231 cfg1 2 1 0 0 na na
10 61187.222350280499 0.043794140335 cfg1 2 1 0 0 na na
10 61187.278350342288 0.043794125565 cfg1 2 1 0 0 na na
10 61187.279350247037 0.043794144856 cfg1 2 1 0 0 na na
10 61187.306350378605 0.043794128599 cfg1 2 1 0 0 na na
10 61187.374350340691 0.043794111899 cfg1 2 1 0 0 na na
10 61187.384350318642 0.043794121720 cfg1 2 1 0 0 na na
10 61187.389350345109 0.043794122771 cfg1 2 1 0 0 na na
10 61187.506350257489 0.043794099073 cfg1 2 1 0 0 na na
10 61187.551350352976 0.043794082055 cfg1 2 1 0 0 na na
10 61187.622350292356 0.043794076063 cfg1 2 1 0 0 na na
10 61187.695350285854 0.043794068200 cfg1 2 1 0 0 na na
10 61187.747350313399 0.043794073419 cfg1 2 1 0 0 na na
10 61187.798350345755 0.043794047449 cfg1 2 1 0 0 na na
10 61187.843350349700 0.043794041767 cfg1 2 1 0 0 na na
10 61187.899350347452 0.043794050952 cfg1 2 1 0 0 na na
10 61187.904350295874 0.043794027340 cfg1 2 1 0 0 na na
10 61187.916350265907 0.043794029908 cfg1 2 1 0 0 na na
10 61187.928350275071 0.043794039386 cfg1 2 1 0 0 na na
10 61187.947350262766 0.043794029204 cfg1 2 1 0 0 na na
10 61188.000350248149 0.043794033924 cfg1 2 1 0 0 na na
10 61188.057350244796 0.043794027118 cfg1 2 1 0 0 na na
10 61188.058350311609 0.043794023438 cfg1 2 1 0 0 na na
10 61188.081350309623 0.043794012267 cfg1 2 1 0 0 na na
10 61188.138350266934 0.043794020401 cfg1 2 1 0 0 na na
10 61188.146350316146 0.043794006791 cfg1 2 1 0 0 na na
10 61188.158350279759 0.043794014710 cfg1 2 1 0 0 na na
10 61188.235350277254 0.043793982184 cfg1 2 1 0 0 na na
10 61188.241350293001 0.043794002936 cfg1 2 1 0 0 na na
10 61188.316350306517 0.043793990146 cfg1 2 1 0 0 na na
10 61188.323350302350 0.043793992478 cfg1 2 1 0 0 na na
10 61188.332350257502 0.043793989711 cfg1 2 1 0 0 na na
10 61188.350350352863 0.043793983238 cfg1 2 1 0 0 na na
10 61188.443350269646 0.043793964318 cfg1 2 1 0 0 na na
10 61188.455350314810 0.043793959700 cfg1 2 1 0 0 na na
10 61188.458350385124 0.043793961598 cfg1 2 1 0 0 na na
10 61188.474350264062 0.043793958906 cfg1 2 1 0 0 na na
10 61188.501350260010 0.043793958811 cfg1 2 1 0 0 na na
10 61188.576350292384 0.043793950994 cfg1 2 1 0 0 na na
10 61188.583350270925 0.043793928432 cfg1 2 1 0 0 na na
10 61188.598350301908 0.043793950084 cfg1 2 1 0 0 na na
10 61188.639350317186 0.043793918191 cfg1 2 1 0 0 na na
10 61188.755350279775 0.043793918359 cfg1 2 1 0 0 na na
10 61188.797350285171 0.043793916893 cfg1 2 1 0 0 na na
10 61188.813350251349 0.043793910730 cfg1 2 1 0 0 na na
10 61188.827350305646 0.043793918860 cfg1 2 1 0 0 na na
10 61188.861350330909 0.043793885740 cfg1 2 1 0 0 na na
10 61188.933350377874 0.043793894326 cfg1 2 1 0 0 na na
10 61188.969350283413 0.043793890421 cfg1 2 1 0 0 na na
10 61188.996350263404 0.043793868452 cfg1 2 1 0 0 na na
10 61189.023350332068 0.043793865847 cfg1 2 1 0 0 na na
10 61189.054350286403 0.043793865357 cfg1 2 1 0 0 na na
10 61189.081350301102 0.043793866602 cfg1 2 1 0 0 na na
10 61189.109350336625 0.043793853107 cfg1 2 1 0 0 na na
10 61189.113350367890 0.043793852198 cfg1 2 1 0 0 na na
10 61189.150350334665 0.043793856639 cfg1 2 1 0 0 na na
10 61189.167350238028 0.043793868778 cfg1 2 1 0 0 na na
10 61189.206350308675 0.043793842436 cfg1 2 1 0 0 na na
10 61189.253350331433 0.043793854414 cfg1 2 1 0 0 na na
10 61189.268350334298 0.043793857265 cfg1 2 1 0 0 na na
10 61189.307350330564 0.043793842966 cfg1 2 1 0 0 na na
10 61189.311350301297 0.043793837531 cfg1 2 1 0 0 na na
10 61189.316350331872 0.043793843668 cfg1 2 1 0 0 na na
10 61189.372350256721 0.043793825193 cfg1 2 1 0 0 na na
10 61189.417350303124 0.043793836589 cfg1 2 1 0 0 na na
10 61189.450350256159 0.043793815810 cfg1 2 1 0 0 na na
10 61189.531350281052 0.043793814528 cfg1 2 1 0 0 na na
10 61189.555350330678 0.043793795278 cfg1 2 1 0 0 na na
10 61189.576350288209 0.043793801756 cfg1 2 1 0 0 na na
10 61189.578350279341 0.043793792971 cfg1 2 1 0 0 na na
10 61189.595350312957 0.043793796710 cfg1 2 1 0 0 na na
10 61189.625350317029 0.043793809661 cfg1 2 1 0 0 na na
10 61189.653350286580 0.043793807258 cfg1 2 1 0 0 na na
10 61189.712350303049 0.043793786227 cfg1 2 1 0 0 na na
10 61189.798350314007 0.043793783936 cfg1 2 1 0 0 na na
10 61189.817350313327 0.043793777713 cfg1 2 1 0 0 na na
10 61189.886350349746 0.043793758670 cfg1 2 1 0 0 na na
10 61189.962350308760 0.043793761831 cfg1 2 1 0 0 na na
10 61190.241350306247 0.043793731407 cfg1 2 1 0 0 na na
10 61190.270350335537 0.043793720110 cfg1 2 1 0 0 na na
10 61190.318350375660 0.043793719405 cfg1 2 1 0 0 na na
10 61190.351350339738 0.043793718622 cfg1 2 1 0 0 na na
10 61190.403350317528 0.043793688789 cfg1 2 1 0 0 na na
10 61190.454350298519 0.043793689955 cfg1 2 1 0 0 na na
10 61190.520350327479 0.043793692166 cfg1 2 1 0 0 na na
10 61190.531350288707 0.043793668592 cfg1 2 1 0 0 na na
10 61190.534350306364 0.043793685531 cfg1 2 1 0 0 na na
10 61190.539350314257 0.043793673674 cfg1 2 1 0 0 na na
10 61190.540350308326 0.043793677000 cfg1 2 1 0 0 na na
10 61190.551350326299 0.043793690465 cfg1 2 1 0 0 na na
10 61190.611350327469 0.043793687185 cfg1 2 1 0 0 na na
10 61190.615350331005 0.043793661942 cfg1 2 1 0 0 na na
10 61190.831350267860 0.043793639077 cfg1 2 1 0 0 na na
10 61190.857350330424 0.043793641315 cfg1 2 1 0 0 na na
10 61190.861350329889 0.043793645194 cfg1 2 1 0 0 na na
10 61190.877350335683 0.043793642856 cfg1 2 1 0 0 na na
10 61190.889350290822 0.043793632777 cfg1 2 1 0 0 na na
10 61190.947350261906 0.043793630023 cfg1 2 1 0 0 na na
10 61191.048350296783 0.043793625506 cfg1 2 1 0 0 na na
10 61191.108350381389 0.043793624605 cfg1 2 1 0 0 na na
10 61191.119350308368 0.043793605650 cfg1 2 1 0 0 na na
10 61191.134350341551 0.043793622439 cfg1 2 1 0 0 na na
10 61191.325350279984 0.043793599419 cfg1 2 1 0 0 na na
10 61191.329350303947 0.043793595132 cfg1 2 1 0 0 na na
10 61191.360350320161 0.043793582465 cfg1 2 1 0 0 na na
10 61191.363350321713 0.043793580592 cfg1 2 1 0 0 na na
10 61191.407350265347 0.043793576561 cfg1 2 1 0 0 na na
10 61191.413350344292 0.043793570790 cfg1 2 1 0 0 na na
10 61191.504350329849 0.043793579572 cfg1 2 1 0 0 na na
10 61191.613350317050 0.043793548933 cfg1 2 1 0 0 na na
10 61191.757350328843 0.043793551768 cfg1 2 1 0 0 na na
10 61191.799350321171 0.043793545452 cfg1 2 1 0 0 na na
10 61191.829350307547 0.043793537301 cfg1 2 1 0 0 na na
10 61191.858350266211 0.043793525728 cfg1 2 1 0 0 na na
10 61191.868350327968 0.043793549137 cfg1 2 1 0 0 na na
10 61191.935350288408 0.043793540123 cfg1 2 1 0 0 na na
10 61192.168350356303 0.043793495424 cfg1 2 1 0 0 na na
10 61192.219350352400 0.043793491704 cfg1 2 1 0 0 na na
10 61192.220350263310 0.043793493318 cfg1 2 1 0 0 na na
10 61192.296350325720 0.043793481209 cfg1 2 1 0 0 na na
10 61192.411350328018 0.043793480017 cfg1 2 1 0 0 na na
10 61192.426350329003 0.043793470619 cfg1 2 1 0 0 na na
10 61192.493350294533 0.043793474160 cfg1 2 1 0 0 na na
10 61192.505350363177 0.043793482887 cfg1 2 1 0 0 na na
10 61192.511350296559 0.043793467391 cfg1 2 1 0 0 na na
10 61192.527350250158 0.043793482368 cfg1 2 1 0 0 na na
10 61192.557350331397 0.043793466232 cfg1 2 1 0 0 na na
10 61192.685350364881 0.043793472958 cfg1 2 1 0 0 na na
10 61192.714350337622 0.043793447394 cfg1 2 1 0 0 na na
10 61192.731350352253 0.043793448572 cfg1 2 1 0 0 na na
10 61192.737350307801 0.043793440059 cfg1 2 1 0 0 na na
10 61192.755350288150 0.043793443265 cfg1 2 1 0 0 na na
10 61192.846350316236 0.043793453801 cfg1 2 1 0 0 na na
10 61192.851350305413 0.043793454305 cfg1 2 1 0 0 na na
10 61192.855350303246 0.043793452791 cfg1 2 1 0 0 na na
10 61192.859350359209 0.043793450392 cfg1 2 1 0 0 na na
10 61192.892350294068 0.043793439677 cfg1 2 1 0 0 na na
10 61192.931350315833 0.043793449376 cfg1 2 1 0 0 na na
10 61192.934350355365 0.043793445095 cfg1 2 1 0 0 na na
10 61192.969350320336 0.043793443081 cfg1 2 1 0 0 na na
10 61193.023350304243 0.043793416791 cfg1 2 1 0 0 na na
10 61193.062350276936 0.043793427481 cfg1 2 1 0 0 na na
10 61193.094350395490 0.043793413041 cfg1 2 1 0 0 na na
10 61193.106350270224 0.043793426860 cfg1 2 1 0 0 na na
10 61193.156350352591 0.043793410014 cfg1 2 1 0 0 na na
10 61193.175350304472 0.043793412790 cfg1 2 1 0 0 na na
10 61193.183350337403 0.043793428042 cfg1 2 1 0 0 na na
10 61193.209350305900 0.043793400241 cfg1 2 1 0 0 na na
10 61193.216350273441 0.043793406059 cfg1 2 1 0 0 na na
10 61193.267350250363 0.043793416620 cfg1 2 1 0 0 na na
10 61193.309350308718 0.043793401028 cfg1 2 1 0 0 na na
10 61193.336350289518 0.043793396860 cfg1 2 1 0 0 na na
10 61193.431350299154 0.043793404208 cfg1 2 1 0 0 na na
10 61193.441350312743 0.043793406489 cfg1 2 1 0 0 na na
10 61193.446350332154 0.043793401940 cfg1 2 1 0 0 na na
10 61193.489350302763 0.043793387303 cfg1 2 1 0 0 na na
10 61193.495350260963 0.043793397858 cfg1 2 1 0 0 na na
10 61193.541350387483 0.043793374792 cfg1 2 1 0 0 na na
10 61193.626350331951 0.043793374998 cfg1 2 1 0 0 na na
10 61193.685350323056 0.043793380111 cfg1 2 1 0 0 na na
10 61193.700350336983 0.043793386664 cfg1 2 1 0 0 na na
10 61193.912350314610 0.043793360365 cfg1 2 1 0 0 na na
10 61193.933350264579 0.043793358899 cfg1 2 1 0 0 na na
10 61193.955350335091 0.043793344695 cfg1 2 1 0 0 na na
10 61193.971350293730 0.043793354737 cfg1 2 1 0 0 na na
10 61194.052350317264 0.043793345003 cfg1 2 1 0 0 na na
10 61194.103350291875 0.043793359922 cfg1 2 1 0 0 na na
10 61194.200350312325 0.043793337310 cfg1 2 1 0 0 na na
10 61194.224350305453 0.043793339564 cfg1 2 1 0 0 na na
10 61194.237350309672 0.043793322118 cfg1 2 1 0 0 na na
10 61194.242350268095 0.043793323796 cfg1 2 1 0 0 na na
10 61194.258350340224 0.043793339729 cfg1 2 1 0 0 na na
10 61194.338350295048 0.043793328802 cfg1 2 1 0 0 na na
10 61194.358350303640 0.043793330124 cfg1 2 1 0 0 na na
10 61194.382350307318 0.043793317672 cfg1 2 1 0 0 na na
10 61194.420350260797 0.043793326503 cfg1 2 1 0 0 na na
10 61194.515350345065 0.043793308666 cfg1 2 1 0 0 na na
10 61194.559350316767 0.043793326726 cfg1 2 1 0 0 na na
10 61194.598350265443 0.043793301614 cfg1 2 1 0 0 na na
10 61194.695350352716 0.043793293675 cfg1 2 1 0 0 na na
10 61194.724350284869 0.043793303919 cfg1 2 1 0 0 na na
10 61194.894350302948 0.043793300227 cfg1 2 1 0 0 na na
10 61194.937350353758 0.043793279801 cfg1 2 1 0 0 na na
10 61194.978350260253 0.043793292532 cfg1 2 1 0 0 na na
10 61195.022350268500 0.043793298922 cfg1 2 1 0 0 na na
10 61195.034350326033 0.043793292215 cfg1 2 1 0 0 na na
10 61195.281350335510 0.043793270491 cfg1 2 1 0 0 na na
10 61195.307350313796 0.043793258471 cfg1 2 1 0 0 na na
10 61195.432350321863 0.043793256962 cfg1 2 1 0 0 na na
10 61195.592350342821 0.043793255974 cfg1 2 1 0 0 na na
10 61195.608350326580 0.043793244871 cfg1 2 1 0 0 na na
10 61195.609350319019 0.043793267135 cfg1 2 1 0 0 na na
10 61195.612350305107 0.043793259936 cfg1 2 1 0 0 na na
10 61195.643350350005 0.043793262193 cfg1 2 1 0 0 na na
10 61195.679350316568 0.043793258184 cfg1 2 1 0 0 na na
10 61195.683350359471 0.043793253556 cfg1 2 1 0 0 na na
10 61195.700350357263 0.043793264148 cfg1 2 1 0 0 na na
10 61195.737350323146 0.043793253066 cfg1 2 1 0 0 na na
10 61195.745350376044 0.043793253666 cfg1 2 1 0 0 na na
10 61195.811350249382 0.043793256073 cfg1 2 1 0 0 na na
10 61195.880350287778 0.043793229178 cfg1 2 1 0 0 na na
10 61195.893350345143 0.043793227291 cfg1 2 1 0 0 na na
10 61195.902350325300 0.043793249052 cfg1 2 1 0 0 na na
10 61195.960350296611 0.043793251878 cfg1 2 1 0 0 na na
10 61196.014350298249 0.043793240178 cfg1 2 1 0 0 na na
10 61196.053350337381 0.043793247613 cfg1 2 1 0 0 na na
10 61196.077350324360 0.043793230928 cfg1 2 1 0 0 na na
10 61196.198350290817 0.043793234572 cfg1 2 1 0 0 na na
10 61196.201350319744 0.043793213863 cfg1 2 1 0 0 na na
10 61196.223350383355 0.043793212159 cfg1 2 1 0 0 na na
10 61196.287350323774 0.043793220730 cfg1 2 1 0 0 na na
10 61196.304350347600 0.043793215990 cfg1 2 1 0 0 na na
10 61196.308350355038 0.043793234209 cfg1 2 1 0 0 na na
10 61196.311350288991 0.043793214456 cfg1 2 1 0 0 na na
10 61196.316350307748 0.043793230406 cfg1 2 1 0 0 na na
10 61196.318350308070 0.043793220034 cfg1 2 1 0 0 na na
10 61196.321350331377 0.043793228190 cfg1 2 1 0 0 na na
10 61196.360350292277 0.043793224191 cfg1 2 1 0 0 na na
10 61196.429350316892 0.043793205335 cfg1 2 1 0 0 na na
10 61196.456350316995 0.043793226849 cfg1 2 1 0 0 na na
10 61196.491350297413 0.043793202232 cfg1 2 1 0 0 na na
10 61196.518350343377 0.043793210866 cfg1 2 1 0 0 na na
10 61196.671350263553 0.043793198406 cfg1 2 1 0 0 na na
10 61196.706350293193 0.043793209768 cfg1 2 1 0 0 na na
10 61196.733350349749 0.043793194096 cfg1 2 1 0 0 na na
10 61196.789350270756 0.043793208808 cfg1 2 1 0 0 na na
10 61196.796350357558 0.043793199452 cfg1 2 1 0 0 na na
10 61197.002350297121 0.043793181876 cfg1 2 1 0 0 na na
10 61197.052350361890 0.043793205073 cfg1 2 1 0 0 na na
10 61197.098350302862 0.043793207292 cfg1 2 1 0 0 na na
10 61197.130350280884 0.043793201610 cfg1 2 1 0 0 na na
10 61197.173350254686 0.043793192279 cfg1 2 1 0 0 na na
10 61197.278350319502 0.043793191841 cfg1 2 1 0 0 na na
10 61197.279350301663 0.043793187822 cfg1 2 1 0 0 na na
10 61197.288350354637 0.043793190182 cfg1 2 1 0 0 na na
10 61197.290350319114 0.043793177702 cfg1 2 1 0 0 na na
10 61197.370350307323 0.043793179188 cfg1 2 1 0 0 na na
10 61197.416350364463 0.043793187466 cfg1 2 1 0 0 na na
10 61197.471350353504 0.043793172554 cfg1 2 1 0 0 na na
10 61197.479350308852 0.043793171874 cfg1 2 1 0 0 na na
10 61197.502350339691 0.043793173914 cfg1 2 1 0 0 na na
10 61197.522350334736 0.043793194738 cfg1 2 1 0 0 na na
10 61197.572350306664 0.043793183370 cfg1 2 1 0 0 na na
10 61197.594350397940 0.043793169506 cfg1 2 1 0 0 na na
10 61197.597350338450 0.043793189247 cfg1 2 1 0 0 na na
10 61197.602350260224 0.043793176658 cfg1 2 1 0 0 na na
10 61197.612350318775 0.043793183097 cfg1 2 1 0 0 na na
10 61197.654350306293 0.043793188541 cfg1 2 1 0 0 na na
10 61197.665350303568 0.043793176837 cfg1 2 1 0 0 na na
10 61197.677350265641 0.043793166367 cfg1 2 1 0 0 na na
10 61197.730350354679 0.043793189605 cfg1 2 1 0 0 na na
10 61197.752350301463 0.043793188497 cfg1 2 1 0 0 na na
10 61197.827350325511 0.043793171227 cfg1 2 1 0 0 na na
10 61197.860350298434 0.043793163021 cfg1 2 1 0 0 na na
10 61197.891350341989 0.043793168708 cfg1 2 1 0 0 na na
10 61197.897350360097 0.043793178889 cfg1 2 1 0 0 na na
10 61197.910350323768 0.043793174868 cfg1 2 1 0 0 na na
10 61197.966350311200 0.043793184547 cfg1 2 1 0 0 na na
10 61197.968350295024 0.043793177596 cfg1 2 1 0 0 na na
10 61197.971350277592 0.043793158140 cfg1 2 1 0 0 na na
10 61197.976350352193 0.043793168946 cfg1 2 1 0 0 na na
10 61198.127350357987 0.043793160499 cfg1 2 1 0 0 na na
10 61198.136350308282 0.043793180271 cfg1 2 1 0 0 na na
10 61198.149350327373 0.043793169849 cfg1 2 1 0 0 na na
10 61198.166350246079 0.043793176041 cfg1 2 1 0 0 na na
10 61198.214350262892 0.043793166997 cfg1 2 1 0 0 na na
10 61198.238350285238 0.043793154270 cfg1 2 1 0 0 na na
10 61198.297350270700 0.043793151270 cfg1 2 1 0 0 na na
10 61198.305350292425 0.043793156300 cfg1 2 1 0 0 na na
10 61198.322350253350 0.043793175985 cfg1 2 1 0 0 na na
10 61198.356350304807 0.043793164109 cfg1 2 1 0 0 na na
10 61198.366350337715 0.043793166895 cfg1 2 1 0 0 na na
10 61198.508350341764 0.043793176118 cfg1 2 1 0 0 na na
10 61198.514350372690 0.043793155724 cfg1 2 1 0 0 na na
10 61198.574350267756 0.043793149070 cfg1 2 1 0 0 na na
10 61198.719350273217 0.043793175119 cfg1 2 1 0 0 na na
10 61198.744350294758 0.043793154045 cfg1 2 1 0 0 na na
10 61198.824350286969 0.043793149637 cfg1 2 1 0 0 na na
10 61198.841350261850 0.043793149885 cfg1 2 1 0 0 na na
10 61198.947350298098 0.043793158041 cfg1 2 1 0 0 na na
10 61198.962350357456 0.043793148444 cfg1 2 1 0 0 na na
10 61199.060350354767 0.043793161108 cfg1 2 1 0 0 na na
10 61199.068350345335 0.043793158251 cfg1 2 1 0 0 na na
10 61199.182350271544 0.043793144000 cfg1 2 1 0 0 na na
10 61199.235350358217 0.043793159773 cfg1 2 1 0 0 na na
10 61199.256350317792 0.043793147176 cfg1 2 1 0 0 na na
10 61199.311350336932 0.043793160466 cfg1 2 1 0 0 na na
10 61199.344350266929 0.043793144817 cfg1 2 1 0 0 na na
10 61199.389350276297 0.043793148887 cfg1 2 1 0 0 na na
10 61199.425350303953 0.043793166686 cfg1 2 1 0 0 na na
10 61199.476350323964 0.043793153359 cfg1 2 1 0 0 na na
10 61199.487350347786 0.043793166751 cfg1 2 1 0 0 na na
10 61199.516350382833 0.043793160239 cfg1 2 1 0 0 na na
10 61199.570350382847 0.043793149635 cfg1 2 1 0 0 na na
10 61199.580350337280 0.043793166417 cfg1 2 1 0 0 na na
10 61199.608350314034 0.043793144659 cfg1 2 1 0 0 na na
10 61199.657350307704 0.043793163625 cfg1 2 1 0 0 na na
10 61199.693350310932 0.043793171082 cfg1 2 1 0 0 na na
10 61199.725350319970 0.043793158305 cfg1 2 1 0 0 na na
10 61199.782350261518 0.043793150184 cfg1 2 1 0 0 na na
10 61199.833350310344 0.043793166985 cfg1 2 1 0 0 na na
10 61199.872350318959 0.043793151663 cfg1 2 1 0 0 na na
10 61199.907350293190 0.043793169066 cfg1 2 1 0 0 na na
10 61199.935350287438 0.043793158521 cfg1 2 1 0 0 na na
10 61199.942350342403 0.043793168903 cfg1 2 1 0 0 na na
10 61200.099350264056 0.043793147748 cfg1 2 1 0 0 na na
10 61200.123350300799 0.043793168850 cfg1 2 1 0 0 na na
10 61200.191350280060 0.043793156284 cfg1 2 1 0 0 na na
10 61200.215350355521 0.043793164545 cfg1 2 1 0 0 na na
10 61200.219350332410 0.043793159544 cfg1 2 1 0 0 na na
10 61200.241350325653 0.043793175771 cfg1 2 1 0 0 na na
10 61200.254350315597 0.043793154758 cfg1 2 1 0 0 na na
10 61200.336350335757 0.043793171599 cfg1 2 1 0 0 na na
10 61200.545350296232 0.043793179932 cfg1 2 1 0 0 na na
10 61200.553350329382 0.043793168894 cfg1 2 1 0 0 na na
10 61200.649350264548 0.043793169909 cfg1 2 1 0 0 na na
10 61200.661350322906 0.043793169480 cfg1 2 1 0 0 na na
10 61200.672350309007 0.043793154105 cfg1 2 1 0 0 na na
10 61200.707350328810 0.043793171821 cfg1 2 1 0 0 na na
10 61200.723350315582 0.043793182461 cfg1 2 1 0 0 na na
10 61200.746350303958 0.043793176627 cfg1 2 1 0 0 na na
10 61200.808350326644 0.043793162353 cfg1 2 1 0 0 na na
10 61200.897350320823 0.043793169470 cfg1 2 1 0 0 na na
10 61200.927350294278 0.043793170104 cfg1 2 1 0 0 na na
10 61200.997350346826 0.043793164477 cfg1 2 1 0 0 na na
10 61201.026350309104 0.043793163786 cfg1 2 1 0 0 na na
10 61201.058350340331 0.043793164571 cfg1 2 1 0 0 na na
10 61201.158350322577 0.043793187693 cfg1 2 1 0 0 na na
10 61201.185350342822 0.043793194017 cfg1 2 1 0 0 na na
10 61201.264350329193 0.043793193394 cfg1 2 1 0 0 na na
10 61201.267350299341 0.043793179257 cfg1 2 1 0 0 na na
10 61201.281350315769 0.043793173414 cfg1 2 1 0 0 na na
10 61201.295350323008 0.043793188113 cfg1 2 1 0 0 na na
10 61201.326350300075 0.043793194881 cfg1 2 1 0 0 na na
10 61201.343350327368 0.043793196298 cfg1 2 1 0 0 na na
10 61201.344350262577 0.043793179350 cfg1 2 1 0 0 na na
10 61201.371350290940 0.043793180610 cfg1 2 1 0 0 na na
10 61201.376350261401 0.043793180429 cfg1 2 1 0 0 na na
10 61201.577350261794 0.043793185052 cfg1 2 1 0 0 na na
10 61201.627350388270 0.043793182074 cfg1 2 1 0 0 na na
10 61201.656350254591 0.043793199319 cfg1 2 1 0 0 na na
10 61201.779350255800 0.043793195915 cfg1 2 1 0 0 na na
10 61201.913350297554 0.043793210083 cfg1 2 1 0 0 na na
10 61202.196350335234 0.043793196872 cfg1 2 1 0 0 na na
10 61202.210350310462 0.043793214047 cfg1 2 1 0 0 na na
10 61202.284350361007 0.043793221820 cfg1 2 1 0 0 na na
10 61202.349350258098 0.043793209006 cfg1 2 1 0 0 na na
10 61202.409350334022 0.043793224241 cfg1 2 1 0 0 na na
10 61202.536350295075 0.043793220152 cfg1 2 1 0 0 na na
10 61202.563350354181 0.043793213425 cfg1 2 1 0 0 na na
10 61202.650350267087 0.043793225846 cfg1 2 1 0 0 na na
10 61202.759350364345 0.043793230503 cfg1 2 1 0 0 na na
10 61202.784350339137 0.043793248169 cfg1 2 1 0 0 na na
10 61202.804350254363 0.043793232579 cfg1 2 1 0 0 na na
10 61202.819350319193 0.043793249707 cfg1 2 1 0 0 na na
10 61202.852350281219 0.043793229489 cfg1 2 1 0 0 na na
10 61202.867350279123 0.043793230097 cfg1 2 1 0 0 na na
10 61202.935350336451 0.043793251125 cfg1 2 1 0 0 na na
10 61202.939350322413 0.043793235947 cfg1 2 1 0 0 na na
10 61202.941350311154 0.043793244235 cfg1 2 1 0 0 na na
10 61202.945350361806 0.043793238287 cfg1 2 1 0 0 na na
10 61202.997350316540 0.043793232611 cfg1 2 1 0 0 na na
10 61203.018350394708 0.043793250441 cfg1 2 1 0 0 na na
10 61203.028350332599 0.043793247735 cfg1 2 1 0 0 na na
10 61203.060350273742 0.043793245086 cfg1 2 1 0 0 na na
10 61203.178350311262 0.043793264722 cfg1 2 1 0 0 na na
10 61203.189350326130 0.043793267958 cfg1 2 1 0 0 na na
10 61203.210350247587 0.043793259293 cfg1 2 1 0 0 na na
10 61203.250350323485 0.043793270580 cfg1 2 1 0 0 na na
10 61203.273350320637 0.043793259958 cfg1 2 1 0 0 na na
10 61203.333350294734 0.043793263294 cfg1 2 1 0 0 na na
10 61203.334350334923 0.043793249101 cfg1 2 1 0 0 na na
10 61203.339350276301 0.043793253637 cfg1 2 1 0 0 na na
10 61203.390350306753 0.043793264247 cfg1 2 1 0 0 na na
10 61203.460350311383 0.043793275015 cfg1 2 1 0 0 na na
10 61203.511350317588 0.043793283705 cfg1 2 1 0 0 na na
10 61203.530350296967 0.043793258502 cfg1 2 1 0 0 na na
10 61203.553350318246 0.043793287296 cfg1 2 1 0 0 na na
10 61203.628350300326 0.043793279221 cfg1 2 1 0 0 na na
10 61203.631350294695 0.043793285454 cfg1 2 1 0 0 na na
10 61203.646350282847 0.043793292878 cfg1 2 1 0 0 na na
10 61203.778350290608 0.043793283671 cfg1 2 1 0 0 na na
10 61203.815350374841 0.043793300456 cfg1 2 1 0 0 na na
10 61203.849350326707 0.043793304698 cfg1 2 1 0 0 na na
10 61203.856350275776 0.043793277951 cfg1 2 1 0 0 na na
10 61203.860350294772 0.043793298554 cfg1 2 1 0 0 na na
10 61203.872350280655 0.043793290930 cfg1 2 1 0 0 na na
10 61203.901350327562 0.043793307157 cfg1 2 1 0 0 na na
10 61203.919350315819 0.043793282865 cfg1 2 1 0 0 na na
10 61203.920350327175 0.043793290769 cfg1 2 1 0 0 na na
10 61203.951350323032 0.043793311146 cfg1 2 1 0 0 na na
10 61204.024350329952 0.043793297869 cfg1 2 1 0 0 na na
10 61204.087350311182 0.043793305431 cfg1 2 1 0 0 na na
10 61204.153350292805 0.043793299641 cfg1 2 1 0 0 na na
10 61204.181350264706 0.043793324327 cfg1 2 1 0 0 na na
10 61204.190350274136 0.043793297062 cfg1 2 1 0 0 na na
10 61204.231350311251 0.043793299004 cfg1 2 1 0 0 na na
10 61204.262350264193 0.043793306953 cfg1 2 1 0 0 na na
10 61204.279350318219 0.043793316323 cfg1 2 1 0 0 na na
10 61204.289350320623 0.043793317513 cfg1 2 1 0 0 na na
10 61204.290350241389 0.043793330622 cfg1 2 1 0 0 na na
10 61204.320350352188 0.043793305090 cfg1 2 1 0 0 na na
10 61204.332350302343 0.043793332778 cfg1 2 1 0 0 na na
10 61204.352350318208 0.043793309363 cfg1 2 1 0 0 na na
10 61204.381350298925 0.043793338436 cfg1 2 1 0 0 na na
10 61204.394350343967 0.043793318892 cfg1 2 1 0 0 na na
10 61204.437350308525 0.043793330534 cfg1 2 1 0 0 na na
10 61204.501350306326 0.043793321675 cfg1 2 1 0 0 na na
10 61204.540350309781 0.043793337890 cfg1 2 1 0 0 na na
10 61204.559350369587 0.043793338167 cfg1 2 1 0 0 na na
10 61204.629350318691 0.043793347365 cfg1 2 1 0 0 na na
10 61204.648350279839 0.043793335452 cfg1 2 1 0 0 na na
10 61204.661350297554 0.043793340360 cfg1 2 1 0 0 na na
10 61204.672350308107 0.043793355103 cfg1 2 1 0 0 na na
10 61204.704350294117 0.043793352116 cfg1 2 1 0 0 na na
10 61204.705350274393 0.043793344487 cfg1 2 1 0 0 na na
10 61204.853350294022 0.043793362692 cfg1 2 1 0 0 na na
10 61204.896350310728 0.043793366321 cfg1 2 1 0 0 na na
10 61204.914350250267 0.043793366652 cfg1 2 1 0 0 na na
10 61204.930350268816 0.043793348145 cfg1 2 1 0 0 na na
10 61204.946350323102 0.043793376626 cfg1 2 1 0 0 na na
10 61204.962350302971 0.043793379295 cfg1 2 1 0 0 na na
10 61205.073350328053 0.043793361681 cfg1 2 1 0 0 na na
10 61205.100350265717 0.043793366188 cfg1 2 1 0 0 na na
10 61205.108350298627 0.043793376580 cfg1 2 1 0 0 na na
10 61205.125350306644 0.043793373239 cfg1 2 1 0 0 na na
10 61205.168350262071 0.043793374709 cfg1 2 1 0 0 na na
10 61205.202350306494 0.043793382954 cfg1 2 1 0 0 na na
10 61205.216350264382 0.043793372696 cfg1 2 1 0 0 na na
10 61205.257350279117 0.043793373586 cfg1 2 1 0 0 na na
10 61205.296350327988 0.043793375276 cfg1 2 1 0 0 na na
10 61205.323350328813 0.043793403159 cfg1 2 1 0 0 na na
10 61205.324350265512 0.043793381273 cfg1 2 1 0 0 na na
10 61205.347350363312 0.043793409000 cfg1 2 1 0 0 na na
10 61205.404350317792 0.043793409756 cfg1 2 1 0 0 na na
10 61205.429350260855 0.043793395965 cfg1 2 1 0 0 na na
10 61205.437350268605 0.043793403442 cfg1 2 1 0 0 na na
10 61205.522350268290 0.043793393621 cfg1 2 1 0 0 na na
10 61205.662350298334 0.043793406607 cfg1 2 1 0 0 na na
10 61205.757350261856 0.043793442633 cfg1 2 1 0 0 na na
10 61205.767350341269 0.043793413925 cfg1 2 1 0 0 na na
10 61205.838350312765 0.043793447757 cfg1 2 1 0 0 na na
10 61205.841350359683 0.043793446663 cfg1 2 1 0 0 na na
10 61205.901350369184 0.043793455097 cfg1 2 1 0 0 na na
10 61205.939350314347 0.043793440405 cfg1 2 1 0 0 na na
10 61205.966350265919 0.043793456718 cfg1 2 1 0 0 na na
10 61206.015350271836 0.043793439039 cfg1 2 1 0 0 na na
10 61206.079350305316 0.043793450452 cfg1 2 1 0 0 na na
10 61206.254350336527 0.043793476393 cfg1 2 1 0 0 na na
10 61206.260350268969 0.043793474235 cfg1 2 1 0 0 na na
10 61206.275350250430 0.043793476423 cfg1 2 1 0 0 na na
10 61206.294350346266 0.043793482207 cfg1 2 1 0 0 na na
10 61206.339350312096 0.043793483110 cfg1 2 1 0 0 na na
10 61206.374350346373 0.043793494930 cfg1 2 1 0 0 na na
10 61206.384350353067 0.043793478657 cfg1 2 1 0 0 na na
10 61206.410350302171 0.043793489983 cfg1 2 1 0 0 na na
10 61206.456350259800 0.043793488581 cfg1 2 1 0 0 na na
10 61206.467350304320 0.043793487708 cfg1 2 1 0 0 na na
10 61206.492350266517 0.043793494928 cfg1 2 1 0 0 na na
10 61206.513350277185 0.043793502688 cfg1 2 1 0 0 na na
10 61206.558350280252 0.043793512360 cfg1 2 1 0 0 na na
10 61206.582350313462 0.043793501571 cfg1 2 1 0 0 na na
10 61206.596350303612 0.043793511214 cfg1 2 1 0 0 na na
10 61206.611350355063 0.043793500918 cfg1 2 1 0 0 na na
10 61206.655350344589 0.043793523938 cfg1 2 1 0 0 na na
10 61206.695350293172 0.043793509168 cfg1 2 1 0 0 na na
10 61206.700350300110 0.043793512260 cfg1 2 1 0 0 na na
10 61206.847350301570 0.043793517172 cfg1 2 1 0 0 na na
10 61206.978350307517 0.043793543003 cfg1 2 1 0 0 na na
10 61206.994350367499 0.043793545722 cfg1 2 1 0 0 na na
10 61207.185350290564 0.043793563625 cfg1 2 1 0 0 na na
10 61207.269350275050 0.043793575567 cfg1 2 1 0 0 na na
10 61207.327350286383 0.043793589205 cfg1 2 1 0 0 na na
10 61207.394350419933 0.043793576708 cfg1 2 1 0 0 na na
10 61207.403350294972 0.043793571952 cfg1 2 1 0 0 na na
10 61207.414350263743 0.043793578155 cfg1 2 1 0 0 na na
10 61207.478350335139 0.043793598404 cfg1 2 1 0 0 na na
10 61207.543350358711 0.043793592259 cfg1 2 1 0 0 na na
10 61207.616350263862 0.043793598235 cfg1 2 1 0 0 na na
10 61207.629350290316 0.043793601387 cfg1 2 1 0 0 na na
10 61207.643350379916 0.043793616630 cfg1 2 1 0 0 na na
10 61207.682350333254 0.043793612842 cfg1 2 1 0 0 na na
10 61207.698350352949 0.043793619036 cfg1 2 1 0 0 na na
10 61207.756350318004 0.043793633144 cfg1 2 1 0 0 na na
10 61207.882350314138 0.043793644122 cfg1 2 1 0 0 na na
10 61208.109350279698 0.043793651360 cfg1 2 1 0 0 na na
10 61208.134350286735 0.043793673101 cfg1 2 1 0 0 na na
10 61208.136350295559 0.043793671641 cfg1 2 1 0 0 na na
10 61208.153350304220 0.043793659102 cfg1 2 1 0 0 na na
10 61208.204350251240 0.043793680663 cfg1 2 1 0 0 na na
10 61208.238350257574 0.043793679350 cfg1 2 1 0 0 na na
10 61208.265350330051 0.043793678560 cfg1 2 1 0 0 na na
10 61208.306350326146 0.043793688206 cfg1 2 1 0 0 na na
10 61208.336350320351 0.043793692593 cfg1 2 1 0 0 na na
10 61208.391350316338 0.043793707401 cfg1 2 1 0 0 na na
10 61208.411350290345 0.043793707054 cfg1 2 1 0 0 na na
10 61208.433350287104 0.043793703748 cfg1 2 1 0 0 na na
10 61208.442350301831 0.043793712501 cfg1 2 1 0 0 na na
10 61208.474350257409 0.043793704656 cfg1 2 1 0 0 na na
10 61208.477350268820 0.043793698164 cfg1 2 1 0 0 na na
10 61208.585350369641 0.043793715910 cfg1 2 1 0 0 na na
10 61208.657350291202 0.043793740730 cfg1 2 1 0 0 na na
10 61208.672350293043 0.043793745313 cfg1 2 1 0 0 na na
10 61208.707350270113 0.043793725046 cfg1 2 1 0 0 na na
10 61208.740350343081 0.043793750661 cfg1 2 1 0 0 na na
10 61208.791350307134 0.043793737010 cfg1 2 1 0 0 na na
10 61208.861350263350 0.043793748317 cfg1 2 1 0 0 na na
10 61208.882350283283 0.043793771488 cfg1 2 1 0 0 na na
10 61208.904350282908 0.043793775093 cfg1 2 1 0 0 na na
10 61209.021350320185 0.043793782261 cfg1 2 1 0 0 na na
10 61209.059350293997 0.043793768268 cfg1 2 1 0 0 na na
10 61209.078350318153 0.043793789870 cfg1 2 1 0 0 na na
10 61209.083350296623 0.043793777293 cfg1 2 1 0 0 na na
10 61209.260350336809 0.043793806071 cfg1 2 1 0 0 na na
10 61209.337350302591 0.043793830144 cfg1 2 1 0 0 na na
10 61209.421350326520 0.043793835868 cfg1 2 1 0 0 na na
10 61209.481350301307 0.043793826504 cfg1 2 1 0 0 na na
10 61209.506350306888 0.043793835440 cfg1 2 1 0 0 na na
10 61209.520350345287 0.043793834831 cfg1 2 1 0 0 na na
10 61209.529350330378 0.043793835483 cfg1 2 1 0 0 na na
10 61209.573350308643 0.043793859725 cfg1 2 1 0 0 na na
10 61209.624350331815 0.043793846348 cfg1 2 1 0 0 na na
10 61209.684350279880 0.043793858348 cfg1 2 1 0 0 na na
10 61209.692350302172 0.043793867674 cfg1 2 1 0 0 na na
10 61209.749350267828 0.043793859113 cfg1 2 1 0 0 na na
10 61209.848350294975 0.043793873563 cfg1 2 1 0 0 na na
10 61209.854350258874 0.043793886809 cfg1 2 1 0 0 na na
10 61209.864350321237 0.043793900686 cfg1 2 1 0 0 na na
10 61209.886350287889 0.043793879323 cfg1 2 1 0 0 na na
10 61209.889350278557 0.043793901203 cfg1 2 1 0 0 na na
10 61209.917350266155 0.043793885805 cfg1 2 1 0 0 na na
10 61209.953350344526 0.043793903259 cfg1 2 1 0 0 na na
10 61209.955350357924 0.043793907421 cfg1 2 1 0 0 na na
10 61210.010350369732 0.043793921402 cfg1 2 1 0 0 na na
10 61210.030350246020 0.043793924631 cfg1 2 1 0 0 na na
10 61210.100350304455 0.043793924895 cfg1 2 1 0 0 na na
10 61210.116350270423 0.043793939395 cfg1 2 1 0 0 na na
10 61210.308350239920 0.043793966999 cfg1 2 1 0 0 na na
10 61210.313350299512 0.043793940939 cfg1 2 1 0 0 na na
10 61210.320350367360 0.043793954193 cfg1 2 1 0 0 na na
10 61210.362350318784 0.043793950873 cfg1 2 1 0 0 na na
10 61210.365350352257 0.043793951152 cfg1 2 1 0 0 na na
10 61210.472350335446 0.043793969624 cfg1 2 1 0 0 na na
10 61210.510350264165 0.043793972832 cfg1 2 1 0 0 na na
10 61210.576350334509 0.043794002112 cfg1 2 1 0 0 na na
10 61210.584350314943 0.043794005254 cfg1 2 1 0 0 na na
10 61210.598350303370 0.043794004090 cfg1 2 1 0 0 na na
10 61210.657350349398 0.043793991066 cfg1 2 1 0 0 na na
10 61210.662350303893 0.043794010914 cfg1 2 1 0 0 na na
10 61210.706350310583 0.043794011934 cfg1 2 1 0 0 na na
10 61210.786350360613 0.043794031724 cfg1 2 1 0 0 na na
10 61210.791350268333 0.043794023932 cfg1 2 1 0 0 na na
10 61210.821350280069 0.043794036209 cfg1 2 1 0 0 na na
10 61210.903350314878 0.043794039298 cfg1 2 1 0 0 na na
10 61210.908350271869 0.043794042805 cfg1 2 1 0 0 na na
10 61210.910350329846 0.043794038936 cfg1 2 1 0 0 na na
10 61210.982350299345 0.043794051222 cfg1 2 1 0 0 na na
10 61211.014350352286 0.043794067524 cfg1 2 1 0 0 na na
10 61211.025350301952 0.043794046300 cfg1 2 1 0 0 na na
10 61211.026350280924 0.043794048684 cfg1 2 1 0 0 na na
10 61211.052350299306 0.043794061833 cfg1 2 1 0 0 na na
10 61211.080350306134 0.043794058851 cfg1 2 1 0 0 na na
10 61211.116350348215 0.043794088572 cfg1 2 1 0 0 na na
10 61211.178350326115 0.043794086115 cfg1 2 1 0 0 na na
10 61211.186350301148 0.043794075618 cfg1 2 1 0 0 na na
10 61211.197350261470 0.043794080468 cfg1 2 1 0 0 na na
10 61211.225350283173 0.043794101918 cfg1 2 1 0 0 na na
10 61211.227350275991 0.043794087461 cfg1 2 1 0 0 na na
10 61211.242350315618 0.043794084259 cfg1 2 1 0 0 na na
10 61211.265350295282 0.043794095353 cfg1 2 1 0 0 na na
10 61211.275350349897 0.043794095227 cfg1 2 1 0 0 na na
10 61211.333350305024 0.043794113814 cfg1 2 1 0 0 na na
10 61211.393350335307 0.043794125513 cfg1 2 1 0 0 na na
10 61211.535350268467 0.043794128463 cfg1 2 1 0 0 na na
10 61211.589350262024 0.043794144936 cfg1 2 1 0 0 na na
10 61211.593350278678 0.043794147283 cfg1 2 1 0 0 na na
10 61211.647350281296 0.043794159275 cfg1 2 1 0 0 na na
10 61211.662350368805 0.043794162378 cfg1 2 1 0 0 na na
10 61211.711350313753 0.043794167990 cfg1 2 1 0 0 na na
10 61211.751350326327 0.043794165210 cfg1 2 1 0 0 na na
10 61211.803350303176 0.043794198512 cfg1 2 1 0 0 na na
10 61211.907350343812 0.043794195425 cfg1 2 1 0 0 na na
10 61211.909350329781 0.043794196485 cfg1 2 1 0 0 na na
10 61211.944350257132 0.043794206877 cfg1 2 1 0 0 na na
10 61211.975350296734 0.043794207558 cfg1 2 1 0 0 na na
10 61211.981350351576 0.043794211955 cfg1 2 1 0 0 na na
10 61212.077350299590 0.043794221159 cfg1 2 1 0 0 na na
10 61212.147350290775 0.043794247565 cfg1 2 1 0 0 na na
10 61212.174350308456 0.043794261067 cfg1 2 1 0 0 na na
10 61212.227350294322 0.043794270158 cfg1 2 1 0 0 na na
10 61212.289350251989 0.043794271212 cfg1 2 1 0 0 na na
10 61212.403350349865 0.043794279024 cfg1 2 1 0 0 na na
10 61212.429350265935 0.043794291306 cfg1 2 1 0 0 na na
10 61212.442350258909 0.043794290548 cfg1 2 1 0 0 na na
10 61212.450350330225 0.043794283096 cfg1 2 1 0 0 na na
10 61212.455350327554 0.043794285778 cfg1 2 1 0 0 na na
10 61212.466350287368 0.043794297720 cfg1 2 1 0 0 na na
10 61212.473350319157 0.043794302552 cfg1 2 1 0 0 na na
10 61212.499350336141 0.043794307051 cfg1 2 1 0 0 na na
10 61212.549350321113 0.043794324313 cfg1 2 1 0 0 na na
10 61212.551350316856 0.043794313792 cfg1 2 1 0 0 na na
10 61212.628350345527 0.043794320561 cfg1 2 1 0 0 na na
10 61212.693350330940 0.043794333075 cfg1 2 1 0 0 na na
10 61212.714350338992 0.043794340768 cfg1 2 1 0 0 na na
10 61212.731350282180 0.043794343717 cfg1 2 1 0 0 na na
10 61212.831350322541 0.043794350230 cfg1 2 1 0 0 na na
10 61212.886350277674 0.043794375761 cfg1 2 1 0 0 na na
10 61212.923350329332 0.043794379434 cfg1 2 1 0 0 na na
10 61212.977350331562 0.043794403234 cfg1 2 1 0 0 na na
10 61213.016350332771 0.043794397972 cfg1 2 1 0 0 na na
10 61213.034350253607 0.043794398328 cfg1 2 1 0 0 na na
10 61213.052350354326 0.043794397674 cfg1 2 1 0 0 na na
10 61213.083350315281 0.043794408224 cfg1 2 1 0 0 na na
10 61213.115350338481 0.043794408606 cfg1 2 1 0 0 na na
10 61213.166350364512 0.043794425724 cfg1 2 1 0 0 na na
10 61213.249350342499 0.043794433388 cfg1 2 1 0 0 na na
10 61213.255350326713 0.043794453873 cfg1 2 1 0 0 na na
10 61213.275350313748 0.043794433035 cfg1 2 1 0 0 na na
10 61213.372350260829 0.043794460914 cfg1 2 1 0 0 na na
10 61213.465350346368 0.043794487293 cfg1 2 1 0 0 na na
10 61213.505350312709 0.043794482150 cfg1 2 1 0 0 na na
10 61213.517350293958 0.043794499938 cfg1 2 1 0 0 na na
10 61213.684350271830 0.043794512620 cfg1 2 1 0 0 na na
10 61213.711350303904 0.043794537586 cfg1 2 1 0 0 na na
10 61213.726350313955 0.043794520726 cfg1 2 1 0 0 na na
10 61213.747350272185 0.043794547011 cfg1 2 1 0 0 na na
10 61213.764350273898 0.043794542006 cfg1 2 1 0 0 na na
10 61213.784350302433 0.043794552100 cfg1 2 1 0 0 na na
10 61213.798350309419 0.043794530809 cfg1 2 1 0 0 na na
10 61213.864350317225 0.043794559137 cfg1 2 1 0 0 na na
10 61213.909350315564 0.043794568253 cfg1 2 1 0 0 na na
10 61213.925350308956 0.043794567237 cfg1 2 1 0 0 na na
10 61214.147350302469 0.043794619862 cfg1 2 1 0 0 na na
10 61214.163350256024 0.043794611118 cfg1 2 1 0 0 na na
10 61214.320350266728 0.043794635585 cfg1 2 1 0 0 na na
10 61214.369350299793 0.043794647978 cfg1 2 1 0 0 na na
10 61214.370350318189 0.043794653418 cfg1 2 1 0 0 na na
10 61214.410350287309 0.043794658643 cfg1 2 1 0 0 na na
10 61214.412350257412 0.043794672978 cfg1 2 1 0 0 na na
10 61214.441350325237 0.043794676234 cfg1 2 1 0 0 na na
10 61214.613350314837 0.043794691865 cfg1 2 1 0 0 na na
10 61214.654350295625 0.043794723035 cfg1 2 1 0 0 na na
10 61214.711350291438 0.043794728474 cfg1 2 1 0 0 na na
10 61214.761350341619 0.043794724810 cfg1 2 1 0 0 na na
10 61214.792350284790 0.043794725790 cfg1 2 1 0 0 na na
10 61214.851350340153 0.043794755972 cfg1 2 1 0 0 na na
10 61214.903350268251 0.043794774321 cfg1 2 1 0 0 na na
10 61214.956350321069 0.043794773412 cfg1 2 1 0 0 na na
10 61215.100350274755 0.043794807761 cfg1 2 1 0 0 na na
10 61215.142350261108 0.043794805989 cfg1 2 1 0 0 na na
10 61215.158350337933 0.043794808006 cfg1 2 1 0 0 na na
10 61215.191350250370 0.043794826406 cfg1 2 1 0 0 na na
10 61215.206350303527 0.043794823889 cfg1 2 1 0 0 na na
10 61215.217350256699 0.043794825242 cfg1 2 1 0 0 na na
10 61215.307350266847 0.043794854994 cfg1 2 1 0 0 na na
10 61215.331350352971 0.043794854591 cfg1 2 1 0 0 na na
10 61215.365350291378 0.043794853641 cfg1 2 1 0 0 na na
10 61215.444350344543 0.043794869407 cfg1 2 1 0 0 na na
10 61215.445350318074 0.043794886363 cfg1 2 1 0 0 na na
10 61215.501350278794 0.043794890150 cfg1 2 1 0 0 na na
10 61215.519350375016 0.043794881529 cfg1 2 1 0 0 na na
10 61215.540350323995 0.043794899316 cfg1 2 1 0 0 na na
10 61215.542350326489 0.043794886550 cfg1 2 1 0 0 na na
10 61215.696350284268 0.043794940828 cfg1 2 1 0 0 na na
10 61215.758350315123 0.043794935470 cfg1 2 1 0 0 na na
10 61215.760350280184 0.043794946296 cfg1 2 1 0 0 na na
10 61215.889350309687 0.043794980572 cfg1 2 1 0 0 na na
10 61215.895350290155 0.043794982166 cfg1 2 1 0 0 na na
10 61215.948350340693 0.043794980815 cfg1 2 1 0 0 na na
10 61215.970350353187 0.043794994139 cfg1 2 1 0 0 na na
10 61215.974350290349 0.043794988118 cfg1 2 1 0 0 na na
10 61216.014350328085 0.043794993174 cfg1 2 1 0 0 na na
10 61216.029350305531 0.043795014252 cfg1 2 1 0 0 na na
10 61216.038350292542 0.043795016844 cfg1 2 1 0 0 na na
10 61216.102350270933 0.043795008722 cfg1 2 1 0 0 na na
10 61216.106350248368 0.043795028546 cfg1 2 1 0 0 na na
10 61216.108350268685 0.043795008145 cfg1 2 1 0 0 na na
10 61216.210350350443 0.043795060577 cfg1 2 1 0 0 na na
10 61216.277350306061 0.043795052714 cfg1 2 1 0 0 na na
10 61216.461350281050 0.043795097316 cfg1 2 1 0 0 na na
10 61216.532350314301 0.043795119902 cfg1 2 1 0 0 na na
10 61216.604350331657 0.043795137791 cfg1 2 1 0 0 na na
10 61216.651350295710 0.043795149413 cfg1 2 1 0 0 na na
10 61216.687350308246 0.043795143672 cfg1 2 1 0 0 na na
10 61216.776350314917 0.043795189264 cfg1 2 1 0 0 na na
10 61216.796350334447 0.043795166005 cfg1 2 1 0 0 na na
10 61216.875350280457 0.043795195386 cfg1 2 1 0 0 na na
10 61216.914350281050 0.043795210852 cfg1 2 1 0 0 na na
10 61217.036350332233 0.043795248183 cfg1 2 1 0 0 na na
10 61217.056350342652 0.043795233684 cfg1 2 1 0 0 na na
10 61217.081350310795 0.043795246040 cfg1 2 1 0 0 na na
10 61217.140350305096 0.043795264969 cfg1 2 1 0 0 na na
10 61217.183350317147 0.043795273908 cfg1 2 1 0 0 na na
10 61217.234350322335 0.043795274732 cfg1 2 1 0 0 na na
10 61217.293350344470 0.043795286458 cfg1 2 1 0 0 na na
10 61217.297350308685 0.043795298201 cfg1 2 1 0 0 na na
10 61217.405350314981 0.043795334696 cfg1 2 1 0 0 na na
10 61217.482350302558 0.043795344206 cfg1 2 1 0 0 na na
10 61217.626350350867 0.043795374423 cfg1 2 1 0 0 na na
10 61217.665350280774 0.043795384036 cfg1 2 1 0 0 na na
10 61217.805350256527 0.043795420311 cfg1 2 1 0 0 na na
10 61217.886350305380 0.043795445583 cfg1 2 1 0 0 na na
10 61217.891350356823 0.043795427680 cfg1 2 1 0 0 na na
10 61217.905350320611 0.043795446972 cfg1 2 1 0 0 na na
10 61217.947350313717 0.043795443788 cfg1 2 1 0 0 na na
10 61217.949350296099 0.043795461487 cfg1 2 1 0 0 na na
10 61217.981350338874 0.043795476919 cfg1 2 1 0 0 na na
10 61218.036350330129 0.043795479111 cfg1 2 1 0 0 na na
10 61218.110350369996 0.043795503888 cfg1 2 1 0 0 na na
10 61218.210350299543 0.043795517353 cfg1 2 1 0 0 na na
10 61218.268350329924 0.043795550583 cfg1 2 1 0 0 na na
10 61218.271350335135 0.043795529008 cfg1 2 1 0 0 na na
10 61218.345350331690 0.043795558799 cfg1 2 1 0 0 na na
10 61218.423350284618 0.043795576164 cfg1 2 1 0 0 na na
10 61218.424350327743 0.043795577728 cfg1 2 1 0 0 na na
10 61218.437350304723 0.043795566028 cfg1 2 1 0 0 na na
10 61218.482350303940 0.043795590052 cfg1 2 1 0 0 na na
10 61218.490350347210 0.043795603671 cfg1 2 1 0 0 na na
10 61218.554350362769 0.043795595161 cfg1 2 1 0 0 na na
10 61218.603350300151 0.043795616711 cfg1 2 1 0 0 na na
10 61218.651350253214 0.043795633657 cfg1 2 1 0 0 na na
10 61218.652350359952 0.043795646897 cfg1 2 1 0 0 na na
10 61218.724350286635 0.043795652753 cfg1 2 1 0 0 na na
10 61218.767350323344 0.043795664456 cfg1 2 1 0 0 na na
10 61218.775350312690 0.043795675118 cfg1 2 1 0 0 na na
10 61218.776350365973 0.043795674312 cfg1 2 1 0 0 na na
10 61218.791350325207 0.043795680444 cfg1 2 1 0 0 na na
10 61218.812350317468 0.043795683846 cfg1 2 1 0 0 na na
10 61218.835350363492 0.043795682377 cfg1 2 1 0 0 na na
10 61218.871350284493 0.043795675954 cfg1 2 1 0 0 na na
10 61218.884350348953 0.043795705311 cfg1 2 1 0 0 na na
10 61218.922350376414 0.043795692804 cfg1 2 1 0 0 na na
10 61218.975350310961 0.043795720808 cfg1 2 1 0 0 na na
10 61218.979350347580 0.043795722331 cfg1 2 1 0 0 na na
10 61219.028350278772 0.043795746196 cfg1 2 1 0 0 na na
10 61219.051350343795 0.043795739422 cfg1 2 1 0 0 na na
10 61219.090350327404 0.043795737789 cfg1 2 1 0 0 na na
10 61219.104350299143 0.043795757523 cfg1 2 1 0 0 na na
10 61219.223350253480 0.043795783270 cfg1 2 1 0 0 na na
10 61219.236350316929 0.043795785572 cfg1 2 1 0 0 na na
10 61219.261350383821 0.043795780145 cfg1 2 1 0 0 na na
10 61219.289350341990 0.043795809607 cfg1 2 1 0 0 na na
10 61219.310350273982 0.043795795302 cfg1 2 1 0 0 na na
10 61219.387350370441 0.043795815621 cfg1 2 1 0 0 na na
10 61219.547350341693 0.043795871823 cfg1 2 1 0 0 na na
10 61219.594350330546 0.043795884832 cfg1 2 1 0 0 na na
10 61219.617350287715 0.043795895864 cfg1 2 1 0 0 na na
10 61219.651350344041 0.043795910954 cfg1 2 1 0 0 na na
10 61219.653350295985 0.043795894988 cfg1 2 1 0 0 na na
10 61219.723350343816 0.043795908900 cfg1 2 1 0 0 na na
10 61219.763350273224 0.043795915386 cfg1 2 1 0 0 na na
10 61219.774350312909 0.043795923785 cfg1 2 1 0 0 na na
10 61219.803350358766 0.043795950171 cfg1 2 1 0 0 na na
10 61219.804350308433 0.043795950414 cfg1 2 1 0 0 na na
10 61219.831350277003 0.043795949704 cfg1 2 1 0 0 na na
10 61219.833350346772 0.043795943754 cfg1 2 1 0 0 na na
10 61219.847350330529 0.043795957445 cfg1 2 1 0 0 na na
10 61219.865350299767 0.043795962058 cfg1 2 1 0 0 na na
10 61219.897350253070 0.043795963730 cfg1 2 1 0 0 na na
10 61219.978350309891 0.043795983639 cfg1 2 1 0 0 na na
10 61219.996350265602 0.043795989292 cfg1 2 1 0 0 na na
10 61220.004350302404 0.043795999446 cfg1 2 1 0 0 na na
10 61220.017350350595 0.043796004058 cfg1 2 1 0 0 na na
10 61220.022350276777 0.043796003578 cfg1 2 1 0 0 na na
10 61220.040350301510 0.043795996031 cfg1 2 1 0 0 na na
10 61220.089350288768 0.043796004194 cfg1 2 1 0 0 na na
10 61220.101350302328 0.043796028588 cfg1 2 1 0 0 na na
10 61220.109350271455 0.043796012147 cfg1 2 1 0 0 na na
10 61220.117350278010 0.043796038790 cfg1 2 1 0 0 na na
10 61220.187350294427 0.043796055713 cfg1 2 1 0 0 na na
10 61220.195350287605 0.043796037823 cfg1 2 1 0 0 na na
10 61220.208350310916 0.043796038250 cfg1 2 1 0 0 na na
10 61220.426350312073 0.043796108870 cfg1 2 1 0 0 na na
10 61220.432350267183 0.043796099952 cfg1 2 1 0 0 na na
10 61220.479350316088 0.043796124140 cfg1 2 1 0 0 na na
10 61220.507350327870 0.043796130165 cfg1 2 1 0 0 na na
10 61220.531350336885 0.043796135080 cfg1 2 1 0 0 na na
10 61220.581350356535 0.043796140240 cfg1 2 1 0 0 na na
10 61220.606350338298 0.043796149082 cfg1 2 1 0 0 na na
10 61220.695350301088 0.043796188970 cfg1 2 1 0 0 na na
10 61220.761350364789 0.043796195463 cfg1 2 1 0 0 na na
10 61220.847350334925 0.043796229727 cfg1 2 1 0 0 na na
10 61220.990350309648 0.043796280842 cfg1 2 1 0 0 na na
10 61221.001350319095 0.043796273965 cfg1 2 1 0 0 na na
10 61221.013350335462 0.043796277937 cfg1 2 1 0 0 na na
10 61221.034350308570 0.043796283563 cfg1 2 1 0 0 na na
10 61221.075350319228 0.043796290743 cfg1 2 1 0 0 na na
10 61221.115350272668 0.043796294555 cfg1 2 1 0 0 na na
10 61221.145350328494 0.043796315695 cfg1 2 1 0 0 na na
10 61221.146350331285 0.043796315956 cfg1 2 1 0 0 na na
10 61221.231350314670 0.043796335336 cfg1 2 1 0 0 na na
10 61221.236350328244 0.043796346333 cfg1 2 1 0 0 na na
10 61221.248350297463 0.043796337933 cfg1 2 1 0 0 na na
10 61221.313350342735 0.043796357873 cfg1 2 1 0 0 na na
10 61221.351350314028 0.043796383619 cfg1 2 1 0 0 na na
10 61221.397350265207 0.043796403463 cfg1 2 1 0 0 na na
10 61221.573350286912 0.043796454173 cfg1 2 1 0 0 na na
10 61221.608350330466 0.043796451785 cfg1 2 1 0 0 na na
10 61221.677350333466 0.043796480323 cfg1 2 1 0 0 na na
10 61221.706350312106 0.043796473825 cfg1 2 1 0 0 na na
10 61221.765350262504 0.043796492908 cfg1 2 1 0 0 na na
10 61221.801350297942 0.043796514774 cfg1 2 1 0 0 na na
10 61221.827350280614 0.043796516848 cfg1 2 1 0 0 na na
10 61221.916350329112 0.043796544903 cfg1 2 1 0 0 na na
10 61221.932350307097 0.043796552112 cfg1 2 1 0 0 na na
10 61222.010350275178 0.043796587513 cfg1 2 1 0 0 na na
10 61222.043350360489 0.043796580162 cfg1 2 1 0 0 na na
10 61222.057350294612 0.043796593986 cfg1 2 1 0 0 na na
10 61222.114350316305 0.043796617897 cfg1 2 1 0 0 na na
10 61222.127350269070 0.043796620691 cfg1 2 1 0 0 na na
10 61222.245350348525 0.043796657322 cfg1 2 1 0 0 na na
10 61222.294350324069 0.043796650858 cfg1 2 1 0 0 na na
10 61222.338350282203 0.043796677343 cfg1 2 1 0 0 na na
10 61222.446350304117 0.043796703685 cfg1 2 1 0 0 na na
10 61222.465350354442 0.043796713476 cfg1 2 1 0 0 na na
10 61222.496350300645 0.043796722989 cfg1 2 1 0 0 na na
10 61222.531350320970 0.043796734311 cfg1 2 1 0 0 na na
10 61222.563350345595 0.043796749612 cfg1 2 1 0 0 na na
10 61222.767350305634 0.043796795132 cfg1 2 1 0 0 na na
10 61222.777350359319 0.043796796603 cfg1 2 1 0 0 na na
10 61222.915350260507 0.043796846248 cfg1 2 1 0 0 na na
10 61223.030350268989 0.043796872949 cfg1 2 1 0 0 na na
10 61223.042350310231 0.043796906043 cfg1 2 1 0 0 na na
10 61223.065350354593 0.043796894613 cfg1 2 1 0 0 na na
10 61223.107350279695 0.043796907558 cfg1 2 1 0 0 na na
10 61223.180350344947 0.043796940660 cfg1 2 1 0 0 na na
10 61223.195350306788 0.043796941760 cfg1 2 1 0 0 na na
10 61223.280350268804 0.043796969550 cfg1 2 1 0 0 na na
10 61223.410350344853 0.043797012985 cfg1 2 1 0 0 na na
10 61223.413350367249 0.043797024212 cfg1 2 1 0 0 na na
10 61223.518350315236 0.043797033956 cfg1 2 1 0 0 na na
10 61223.533350341989 0.043797037458 cfg1 2 1 0 0 na na
10 61223.601350279719 0.043797080424 cfg1 2 1 0 0 na na
10 61223.653350348317 0.043797086060 cfg1 2 1 0 0 na na
10 61223.660350359500 0.043797100032 cfg1 2 1 0 0 na na
10 61223.663350312363 0.043797087668 cfg1 2 1 0 0 na na
10 61223.696350282658 0.043797108453 cfg1 2 1 0 0 na na
10 61223.781350314955 0.043797142365 cfg1 2 1 0 0 na na
10 61223.830350317982 0.043797131496 cfg1 2 1 0 0 na na
10 61223.832350284850 0.043797131487 cfg1 2 1 0 0 na na
10 61223.858350338926 0.043797145503 cfg1 2 1 0 0 na na
10 61223.938350331587 0.043797164790 cfg1 2 1 0 0 na na
10 61223.965350287026 0.043797201202 cfg1 2 1 0 0 na na
10 61224.035350305435 0.043797224521 cfg1 2 1 0 0 na na
10 61224.050350280640 0.043797215629 cfg1 2 1 0 0 na na
10 61224.126350366668 0.043797234337 cfg1 2 1 0 0 na na
10 61224.220350332070 0.043797275323 cfg1 2 1 0 0 na na
10 61224.245350325231 0.043797288785 cfg1 2 1 0 0 na na
10 61224.279350333997 0.043797285665 cfg1 2 1 0 0 na na
10 61224.308350289123 0.043797313997 cfg1 2 1 0 0 na na
10 61224.316350319017 0.043797306975 cfg1 2 1 0 0 na na
10 61224.355350340990 0.043797322566 cfg1 2 1 0 0 na na
10 61224.433350322254 0.043797347127 cfg1 2 1 0 0 na na
10 61224.506350284962 0.043797367297 cfg1 2 1 0 0 na na
10 61224.661350336736 0.043797411694 cfg1 2 1 0 0 na na
10 61224.749350258116 0.043797462005 cfg1 2 1 0 0 na na
10 61224.763350352821 0.043797449056 cfg1 2 1 0 0 na na
10 61224.767350307037 0.043797446146 cfg1 2 1 0 0 na na
10 61224.799350276414 0.043797460131 cfg1 2 1 0 0 na na
10 61224.810350281694 0.043797470034 cfg1 2 1 0 0 na na
10 61224.817350331062 0.043797472345 cfg1 2 1 0 0 na na
10 61224.819350334172 0.043797460403 cfg1 2 1 0 0 na na
10 61224.866350275973 0.043797495389 cfg1 2 1 0 0 na na
10 61224.874350309904 0.043797493013 cfg1 2 1 0 0 na na
10 61224.891350280285 0.043797486853 cfg1 2 1 0 0 na na
10 61224.921350298576 0.043797509386 cfg1 2 1 0 0 na na
10 61224.933350330567 0.043797520125 cfg1 2 1 0 0 na na
10 61225.025350284825 0.043797550848 cfg1 2 1 0 0 na na
10 61225.275350313915 0.043797640788 cfg1 2 1 0 0 na na
10 61225.283350297895 0.043797631746 cfg1 2 1 0 0 na na
10 61225.314350287296 0.043797651909 cfg1 2 1 0 0 na na
10 61225.332350264018 0.043797642984 cfg1 2 1 0 0 na na
10 61225.341350288583 0.043797654264 cfg1 2 1 0 0 na na
10 61225.345350302142 0.043797642799 cfg1 2 1 0 0 na na
10 61225.366350287096 0.043797649005 cfg1 2 1 0 0 na na
10 61225.438350359385 0.043797694745 cfg1 2 1 0 0 na na
10 61225.450350267329 0.043797679583 cfg1 2 1 0 0 na na
10 61225.458350329536 0.043797701310 cfg1 2 1 0 0 na na
10 61225.470350337609 0.043797706665 cfg1 2 1 0 0 na na
10 61225.546350348290 0.043797723317 cfg1 2 1 0 0 na na
10 61225.599350306131 0.043797751736 cfg1 2 1 0 0 na na
10 61225.692350301929 0.043797769631 cfg1 2 1 0 0 na na
10 61225.889350304856 0.043797830976 cfg1 2 1 0 0 na na
10 61225.965350313741 0.043797858131 cfg1 2 1 0 0 na na
10 61226.050350321416 0.043797895343 cfg1 2 1 0 0 na na
10 61226.074350285450 0.043797922390 cfg1 2 1 0 0 na na
10 61226.093350308860 0.043797929130 cfg1 2 1 0 0 na na
10 61226.139350311827 0.043797921982 cfg1 2 1 0 0 na na
10 61226.143350326963 0.043797931094 cfg1 2 1 0 0 na na
10 61226.211350316901 0.043797955439 cfg1 2 1 0 0 na na
10 61226.277350313836 0.043797979473 cfg1 2 1 0 0 na na
10 61226.285350336101 0.043797975343 cfg1 2 1 0 0 na na
10 61226.297350294767 0.043798000744 cfg1 2 1 0 0 na na
10 61226.321350280608 0.043797997837 cfg1 2 1 0 0 na na
10 61226.329350341595 0.043797990315 cfg1 2 1 0 0 na na
10 61226.426350292082 0.043798026404 cfg1 2 1 0 0 na na
10 61226.475350314272 0.043798046362 cfg1 2 1 0 0 na na
10 61226.498350285021 0.043798068733 cfg1 2 1 0 0 na na
10 61226.499350318693 0.043798052720 cfg1 2 1 0 0 na na
10 61226.553350301067 0.043798094068 cfg1 2 1 0 0 na na
10 61226.573350273746 0.043798091394 cfg1 2 1 0 0 na na
10 61226.710350348905 0.043798143343 cfg1 2 1 0 0 na na
10 61226.822350365057 0.043798181326 cfg1 2 1 0 0 na na
10 61226.834350291339 0.043798198515 cfg1 2 1 0 0 na na
10 61226.890350300092 0.043798194400 cfg1 2 1 0 0 na na
10 61226.925350325694 0.043798225765 cfg1 2 1 0 0 na na
10 61226.935350343889 0.043798209681 cfg1 2 1 0 0 na na
10 61227.030350358805 0.043798248128 cfg1 2 1 0 0 na na
10 61227.041350347383 0.043798265651 cfg1 2 1 0 0 na na
10 61227.168350342172 0.043798308492 cfg1 2 1 0 0 na na
10 61227.224350283722 0.043798343552 cfg1 2 1 0 0 na na
10 61227.294350313032 0.043798364050 cfg1 2 1 0 0 na na
10 61227.322350284634 0.043798364428 cfg1 2 1 0 0 na na
10 61227.382350347459 0.043798396193 cfg1 2 1 0 0 na na
10 61227.426350330171 0.043798398510 cfg1 2 1 0 0 na na
10 61227.468350312261 0.043798424780 cfg1 2 1 0 0 na na
10 61227.537350311019 0.043798443058 cfg1 2 1 0 0 na na
10 61227.581350269941 0.043798466303 cfg1 2 1 0 0 na na
10 61227.629350373216 0.043798485558 cfg1 2 1 0 0 na na
10 61227.807350311096 0.043798547072 cfg1 2 1 0 0 na na
10 61227.881350315019 0.043798585956 cfg1 2 1 0 0 na na
10 61227.923350312691 0.043798578852 cfg1 2 1 0 0 na na
10 61227.957350293193 0.043798593532 cfg1 2 1 0 0 na na
10 61228.000350273012 0.043798627349 cfg1 2 1 0 0 na na
10 61228.153350265164 0.043798666663 cfg1 2 1 0 0 na na
10 61228.232350247792 0.043798724518 cfg1 2 1 0 0 na na
10 61228.238350263799 0.043798698288 cfg1 2 1 0 0 na na
10 61228.266350329655 0.043798726255 cfg1 2 1 0 0 na na
10 61228.303350272182 0.043798743731 cfg1 2 1 0 0 na na
10 61228.304350370408 0.043798745759 cfg1 2 1 0 0 na na
10 61228.322350308764 0.043798745304 cfg1 2 1 0 0 na na
10 61228.380350335112 0.043798767739 cfg1 2 1 0 0 na na
10 61228.394350319989 0.043798775254 cfg1 2 1 0 0 na na
10 61228.430350352774 0.043798786541 cfg1 2 1 0 0 na na
10 61228.482350296059 0.043798801724 cfg1 2 1 0 0 na na
10 61228.493350305021 0.043798800203 cfg1 2 1 0 0 na na
10 61228.561350271374 0.043798841376 cfg1 2 1 0 0 na na
10 61228.578350293555 0.043798842839 cfg1 2 1 0 0 na na
10 61228.643350261982 0.043798859893 cfg1 2 1 0 0 na na
10 61228.655350339958 0.043798876403 cfg1 2 1 0 0 na na
10 61228.657350279250 0.043798862035 cfg1 2 1 0 0 na na
10 61228.870350322907 0.043798970381 cfg1 2 1 0 0 na na
10 61228.887350342582 0.043798969127 cfg1 2 1 0 0 na na
10 61228.893350314790 0.043798976941 cfg1 2 1 0 0 na na
10 61228.903350263316 0.043798979857 cfg1 2 1 0 0 na na
10 61228.906350285715 0.043798962674 cfg1 2 1 0 0 na na
10 61228.937350339324 0.043798982445 cfg1 2 1 0 0 na na
10 61228.973350343502 0.043798991261 cfg1 2 1 0 0 na na
10 61228.997350346360 0.043799015424 cfg1 2 1 0 0 na na
10 61229.044350315861 0.043799020912 cfg1 2 1 0 0 na na
10 61229.096350278386 0.043799061517 cfg1 2 1 0 0 na na
10 61229.106350290031 0.043799057726 cfg1 2 1 0 0 na na
10 61229.117350332224 0.043799065540 cfg1 2 1 0 0 na na
10 61229.131350261979 0.043799049641 cfg1 2 1 0 0 na na
10 61229.199350285418 0.043799102788 cfg1 2 1 0 0 na na
10 61229.233350326682 0.043799105147 cfg1 2 1 0 0 na na
10 61229.264350340403 0.043799112155 cfg1 2 1 0 0 na na
10 61229.266350306983 0.043799110376 cfg1 2 1 0 0 na na
10 61229.299350306759 0.043799139388 cfg1 2 1 0 0 na na
10 61229.345350352702 0.043799138543 cfg1 2 1 0 0 na na
10 61229.423350263957 0.043799192247 cfg1 2 1 0 0 na na
10 61229.432350346903 0.043799178019 cfg1 2 1 0 0 na na
10 61229.476350248941 0.043799202857 cfg1 2 1 0 0 na na
10 61229.518350320789 0.043799207521 cfg1 2 1 0 0 na na
10 61229.594350270066 0.043799244039 cfg1 2 1 0 0 na na
10 61229.602350350007 0.043799248715 cfg1 2 1 0 0 na na
10 61229.660350291776 0.043799274418 cfg1 2 1 0 0 na na
10 61229.693350330781 0.043799274243 cfg1 2 1 0 0 na na
10 61229.700350302008 0.043799298951 cfg1 2 1 0 0 na na
10 61229.764350279700 0.043799307762 cfg1 2 1 0 0 na na
10 61229.795350245714 0.043799336246 cfg1 2 1 0 0 na na
10 61229.813350310712 0.043799346148 cfg1 2 1 0 0 na na
10 61229.870350336125 0.043799345469 cfg1 2 1 0 0 na na
10 61229.872350359585 0.043799372366 cfg1 2 1 0 0 na na
10 61229.898350313925 0.043799359621 cfg1 2 1 0 0 na na
10 61229.905350334687 0.043799371664 cfg1 2 1 0 0 na na
10 61229.915350343399 0.043799386389 cfg1 2 1 0 0 na na
10 61230.123350344382 0.043799453979 cfg1 2 1 0 0 na na
10 61230.155350326814 0.043799475863 cfg1 2 1 0 0 na na
10 61230.185350310247 0.043799499440 cfg1 2 1 0 0 na na
10 61230.377350359103 0.043799580083 cfg1 2 1 0 0 na na
10 61230.380350252011 0.043799569982 cfg1 2 1 0 0 na na
10 61230.387350287163 0.043799566617 cfg1 2 1 0 0 na na
10 61230.469350330487 0.043799619494 cfg1 2 1 0 0 na na
10 61230.481350299479 0.043799609121 cfg1 2 1 0 0 na na
10 61230.543350317902 0.043799630463 cfg1 2 1 0 0 na na
10 61230.590350334880 0.043799659436 cfg1 2 1 0 0 na na
10 61230.671350306330 0.043799675118 cfg1 2 1 0 0 na na
10 61230.686350295527 0.043799698468 cfg1 2 1 0 0 na na
10 61230.695350345228 0.043799712282 cfg1 2 1 0 0 na na
10 61230.790350333551 0.043799734035 cfg1 2 1 0 0 na na
10 61230.829350306872 0.043799763679 cfg1 2 1 0 0 na na
10 61230.841350385543 0.043799760239 cfg1 2 1 0 0 na na
10 61230.890350260171 0.043799776688 cfg1 2 1 0 0 na na
10 61230.925350328511 0.043799800080 cfg1 2 1 0 0 na na
10 61231.007350306223 0.043799829726 cfg1 2 1 0 0 na na
10 61231.040350320118 0.043799847572 cfg1 2 1 0 0 na na
10 61231.047350298297 0.043799836690 cfg1 2 1 0 0 na na
10 61231.097350326782 0.043799863112 cfg1 2 1 0 0 na na
10 61231.112350323488 0.043799869566 cfg1 2 1 0 0 na na
10 61231.130350333270 0.043799887752 cfg1 2 1 0 0 na na
10 61231.272350313508 0.043799949255 cfg1 2 1 0 0 na na
10 61231.314350285666 0.043799961630 cfg1 2 1 0 0 na na
10 61231.372350301735 0.043799995648 cfg1 2 1 0 0 na na
10 61231.385350349032 0.043799980050 cfg1 2 1 0 0 na na
10 61231.431350337515 0.043800023353 cfg1 2 1 0 0 na na
10 61231.500350311676 0.043800040784 cfg1 2 1 0 0 na na
10 61231.603350301190 0.043800077305 cfg1 2 1 0 0 na na
10 61231.763350342313 0.043800145923 cfg1 2 1 0 0 na na
10 61231.778350306280 0.043800172517 cfg1 2 1 0 0 na na
10 61231.787350342011 0.043800169583 cfg1 2 1 0 0 na na
10 61231.859350317836 0.043800185214 cfg1 2 1 0 0 na na
10 61231.872350268309 0.043800188485 cfg1 2 1 0 0 na na
10 61231.874350283211 0.043800197913 cfg1 2 1 0 0 na na
10 61231.907350356683 0.043800224381 cfg1 2 1 0 0 na na
10 61231.928350316377 0.043800215902 cfg1 2 1 0 0 na na
10 61231.932350288780 0.043800226624 cfg1 2 1 0 0 na na
10 61231.991350332387 0.043800259681 cfg1 2 1 0 0 na na
10 61232.137350287007 0.043800319025 cfg1 2 1 0 0 na na
10 61232.248350309749 0.043800375834 cfg1 2 1 0 0 na na
10 61232.299350252868 0.043800388961 cfg1 2 1 0 0 na na
10 61232.320350316061 0.043800398809 cfg1 2 1 0 0 na na
10 61232.343350287608 0.043800394068 cfg1 2 1 0 0 na na
10 61232.351350327534 0.043800404995 cfg1 2 1 0 0 na na
10 61232.416350247033 0.043800444887 cfg1 2 1 0 0 na na
10 61232.420350329816 0.043800436395 cfg1 2 1 0 0 na na
10 61232.441350265030 0.043800441794 cfg1 2 1 0 0 na na
10 61232.454350324163 0.043800450580 cfg1 2 1 0 0 na na
10 61232.556350296121 0.043800512381 cfg1 2 1 0 0 na na
10 61232.599350357384 0.043800512777 cfg1 2 1 0 0 na na
10 61232.604350292439 0.043800514771 cfg1 2 1 0 0 na na
10 61232.617350287624 0.043800532955 cfg1 2 1 0 0 na na
10 61232.628350244439 0.043800542385 cfg1 2 1 0 0 na na
10 61232.655350294513 0.043800554027 cfg1 2 1 0 0 na na
10 61232.687350312989 0.043800564998 cfg1 2 1 0 0 na na
10 61232.706350295550 0.043800563052 cfg1 2 1 0 0 na na
10 61232.718350268345 0.043800558559 cfg1 2 1 0 0 na na
10 61232.762350330534 0.043800603158 cfg1 2 1 0 0 na na
10 61232.765350268120 0.043800578715 cfg1 2 1 0 0 na na
10 61232.776350286890 0.043800607312 cfg1 2 1 0 0 na na
10 61232.782350279017 0.043800595501 cfg1 2 1 0 0 na na
10 61232.884350280568 0.043800655385 cfg1 2 1 0 0 na na
10 61232.947350322282 0.043800666595 cfg1 2 1 0 0 na na
10 61232.964350321760 0.043800691529 cfg1 2 1 0 0 na na
10 61232.974350331743 0.043800684651 cfg1 2 1 0 0 na na
10 61233.019350344476 0.043800704301 cfg1 2 1 0 0 na na
10 61233.023350351771 0.043800695697 cfg1 2 1 0 0 na na
10 61233.048350281743 0.043800704625 cfg1 2 1 0 0 na na
10 61233.050350295910 0.043800705720 cfg1 2 1 0 0 na na
10 61233.073350345584 0.043800742392 cfg1 2 1 0 0 na na
10 61233.098350309989 0.043800741337 cfg1 2 1 0 0 na na
10 61233.127350266547 0.043800740575 cfg1 2 1 0 0 na na
10 61233.162350284203 0.043800777034 cfg1 2 1 0 0 na na
10 61233.163350347860 0.043800758901 cfg1 2 1 0 0 na na
10 61233.169350320038 0.043800774115 cfg1 2 1 0 0 na na
10 61233.342350294836 0.043800840001 cfg1 2 1 0 0 na na
10 61233.379350305196 0.043800872299 cfg1 2 1 0 0 na na
10 61233.387350346215 0.043800858810 cfg1 2 1 0 0 na na
10 61233.530350337243 0.043800930724 cfg1 2 1 0 0 na na
10 61233.725350357185 0.043801036833 cfg1 2 1 0 0 na na
10 61233.784350341919 0.043801051883 cfg1 2 1 0 0 na na
10 61233.801350319909 0.043801064031 cfg1 2 1 0 0 na na
10 61233.806350305956 0.043801064853 cfg1 2 1 0 0 na na
10 61233.883350366813 0.043801091686 cfg1 2 1 0 0 na na
10 61233.905350341647 0.043801122185 cfg1 2 1 0 0 na na
10 61233.928350297243 0.043801115497 cfg1 2 1 0 0 na na
10 61234.007350281644 0.043801151836 cfg1 2 1 0 0 na na
10 61234.049350336506 0.043801180646 cfg1 2 1 0 0 na na
10 61234.075350316817 0.043801182761 cfg1 2 1 0 0 na na
10 61234.246350321622 0.043801253046 cfg1 2 1 0 0 na na
10 61234.263350309235 0.043801285805 cfg1 2 1 0 0 na na
10 61234.300350329582 0.043801284069 cfg1 2 1 0 0 na na
10 61234.307350299972 0.043801281717 cfg1 2 1 0 0 na na
10 61234.392350288407 0.043801329539 cfg1 2 1 0 0 na na
10 61234.496350322064 0.043801389533 cfg1 2 1 0 0 na na
10 61234.602350281895 0.043801427540 cfg1 2 1 0 0 na na
10 61234.616350310507 0.043801443506 cfg1 2 1 0 0 na na
10 61234.627350327334 0.043801445588 cfg1 2 1 0 0 na na
10 61234.689350331743 0.043801460497 cfg1 2 1 0 0 na na
10 61234.768350313044 0.043801509121 cfg1 2 1 0 0 na na
10 61234.898350316925 0.043801577382 cfg1 2 1 0 0 na na
10 61234.917350354749 0.043801577565 cfg1 2 1 0 0 na na
10 61234.940350306020 0.043801589874 cfg1 2 1 0 0 na na
10 61234.952350267124 0.043801584765 cfg1 2 1 0 0 na na
10 61234.998350245986 0.043801626127 cfg1 2 1 0 0 na na
10 61235.032350297660 0.043801626695 cfg1 2 1 0 0 na na
10 61235.042350239460 0.043801652597 cfg1 2 1 0 0 na na
10 61235.143350262309 0.043801679624 cfg1 2 1 0 0 na na
10 61235.163350339520 0.043801696158 cfg1 2 1 0 0 na na
10 61235.189350346322 0.043801707845 cfg1 2 1 0 0 na na
10 61235.216350306904 0.043801728013 cfg1 2 1 0 0 na na
10 61235.244350317538 0.043801722453 cfg1 2 1 0 0 na na
10 61235.276350324690 0.043801759482 cfg1 2 1 0 0 na na
10 61235.360350282053 0.043801781175 cfg1 2 1 0 0 na na
10 61235.363350316927 0.043801797639 cfg1 2 1 0 0 na na
10 61235.383350278952 0.043801800833 cfg1 2 1 0 0 na na
10 61235.389350340231 0.043801802320 cfg1 2 1 0 0 na na
10 61235.546350325071 0.043801895194 cfg1 2 1 0 0 na na
10 61235.642350297323 0.043801922082 cfg1 2 1 0 0 na na
10 61235.644350261553 0.043801920443 cfg1 2 1 0 0 na na
10 61235.677350363111 0.043801943014 cfg1 2 1 0 0 na na
10 61235.680350299919 0.043801942706 cfg1 2 1 0 0 na na
10 61235.721350354199 0.043801966073 cfg1 2 1 0 0 na na
10 61235.772350335409 0.043801990545 cfg1 2 1 0 0 na na
10 61235.818350293222 0.043801999313 cfg1 2 1 0 0 na na
10 61235.856350298685 0.043802027740 cfg1 2 1 0 0 na na
10 61235.868350315957 0.043802035473 cfg1 2 1 0 0 na na
10 61235.878350257789 0.043802039105 cfg1 2 1 0 0 na na
10 61235.901350308591 0.043802041623 cfg1 2 1 0 0 na na
10 61235.908350291118 0.043802072958 cfg1 2 1 0 0 na na
10 61235.939350300614 0.043802072832 cfg1 2 1 0 0 na na
10 61235.967350291503 0.043802079333 cfg1 2 1 0 0 na na
10 61236.095350304044 0.043802163970 cfg1 2 1 0 0 na na
10 61236.301350290778 0.043802255981 cfg1 2 1 0 0 na na
10 61236.307350311085 0.043802254139 cfg1 2 1 0 0 na na
10 61236.312350303034 0.043802247073 cfg1 2 1 0 0 na na
10 61236.325350310490 0.043802259590 cfg1 2 1 0 0 na na
10 61236.428350314079 0.043802317552 cfg1 2 1 0 0 na na
10 61236.454350303561 0.043802311650 cfg1 2 1 0 0 na na
10 61236.505350352505 0.043802350535 cfg1 2 1 0 0 na na
10 61236.514350354396 0.043802360073 cfg1 2 1 0 0 na na
10 61236.538350339504 0.043802372062 cfg1 2 1 0 0 na na
10 61236.563350299759 0.043802378621 cfg1 2 1 0 0 na na
10 61236.584350318841 0.043802405416 cfg1 2 1 0 0 na na
10 61236.612350323536 0.043802399838 cfg1 2 1 0 0 na na
10 61236.613350271102 0.043802414393 cfg1 2 1 0 0 na na
10 61236.690350255547 0.043802441256 cfg1 2 1 0 0 na na
10 61236.720350323840 0.043802460590 cfg1 2 1 0 0 na na
10 61236.773350256723 0.043802480204 cfg1 2 1 0 0 na na
10 61236.924350313133 0.043802566569 cfg1 2 1 0 0 na na
10 61236.936350339467 0.043802572338 cfg1 2 1 0 0 na na
10 61236.963350304767 0.043802568173 cfg1 2 1 0 0 na na
10 61237.077350319558 0.043802635731 cfg1 2 1 0 0 na na
10 61237.104350363702 0.043802654751 cfg1 2 1 0 0 na na
10 61237.177350321803 0.043802701838 cfg1 2 1 0 0 na na
10 61237.196350355192 0.043802690939 cfg1 2 1 0 0 na na
10 61237.203350334822 0.043802688590 cfg1 2 1 0 0 na na
10 61237.222350339908 0.043802722954 cfg1 2 1 0 0 na na
10 61237.262350268053 0.043802728629 cfg1 2 1 0 0 na na
10 61237.275350324505 0.043802725903 cfg1 2 1 0 0 na na
10 61237.307350315017 0.043802750578 cfg1 2 1 0 0 na na
10 61237.333350271020 0.043802776934 cfg1 2 1 0 0 na na
10 61237.337350348614 0.043802757491 cfg1 2 1 0 0 na na
10 61237.366350293661 0.043802779749 cfg1 2 1 0 0 na na
10 61237.387350331213 0.043802792592 cfg1 2 1 0 0 na na
10 61237.543350320213 0.043802865980 cfg1 2 1 0 0 na na
10 61237.546350347783 0.043802875816 cfg1 2 1 0 0 na na
10 61237.563350413038 0.043802891317 cfg1 2 1 0 0 na na
10 61237.674350347965 0.043802931001 cfg1 2 1 0 0 na na
10 61237.687350316643 0.043802937407 cfg1 2 1 0 0 na na
10 61237.729350325590 0.043802979808 cfg1 2 1 0 0 na na
10 61237.811350314481 0.043802998550 cfg1 2 1 0 0 na na
10 61237.818350295104 0.043803024805 cfg1 2 1 0 0 na na
10 61237.838350349904 0.043803010619 cfg1 2 1 0 0 na na
10 61237.932350296823 0.043803080184 cfg1 2 1 0 0 na na
10 61237.975350339282 0.043803100434 cfg1 2 1 0 0 na na
10 61237.995350381903 0.043803103812 cfg1 2 1 0 0 na na
10 61237.999350346980 0.043803108127 cfg1 2 1 0 0 na na
10 61238.026350283135 0.043803106360 cfg1 2 1 0 0 na na
10 61238.032350323039 0.043803128385 cfg1 2 1 0 0 na na
10 61238.122350305476 0.043803162365 cfg1 2 1 0 0 na na
10 61238.173350377776 0.043803199638 cfg1 2 1 0 0 na na
10 61238.212350345984 0.043803229151 cfg1 2 1 0 0 na na
10 61238.223350265104 0.043803211731 cfg1 2 1 0 0 na na
10 61238.314350346825 0.043803259743 cfg1 2 1 0 0 na na
10 61238.360350328991 0.043803280673 cfg1 2 1 0 0 na na
10 61238.372350317802 0.043803291745 cfg1 2 1 0 0 na na
10 61238.387350291956 0.043803311538 cfg1 2 1 0 0 na na
10 61238.412350333576 0.043803333537 cfg1 2 1 0 0 na na
10 61238.417350382878 0.043803324047 cfg1 2 1 0 0 na na
10 61238.441350328065 0.043803342588 cfg1 2 1 0 0 na na
10 61238.465350340574 0.043803338449 cfg1 2 1 0 0 na na
10 61238.632350310180 0.043803420993 cfg1 2 1 0 0 na na
10 61238.706350316146 0.043803469356 cfg1 2 1 0 0 na na
10 61238.824350310371 0.043803546306 cfg1 2 1 0 0 na na
10 61238.826350326641 0.043803523946 cfg1 2 1 0 0 na na
10 61238.853350271072 0.043803560948 cfg1 2 1 0 0 na na
10 61238.938350311222 0.043803597690 cfg1 2 1 0 0 na na
10 61238.955350322555 0.043803598663 cfg1 2 1 0 0 na na
10 61239.102350295639 0.043803693782 cfg1 2 1 0 0 na na
10 61239.149350287583 0.043803695122 cfg1 2 1 0 0 na na
10 61239.189350266999 0.043803714939 cfg1 2 1 0 0 na na
10 61239.202350351884 0.043803723194 cfg1 2 1 0 0 na na
10 61239.241350266521 0.043803745141 cfg1 2 1 0 0 na na
10 61239.245350303945 0.043803762911 cfg1 2 1 0 0 na na
10 61239.250350269349 0.043803768121 cfg1 2 1 0 0 na na
10 61239.419350351229 0.043803855772 cfg1 2 1 0 0 na na
10 61239.458350323845 0.043803866473 cfg1 2 1 0 0 na na
10 61239.489350316975 0.043803899696 cfg1 2 1 0 0 na na
10 61239.577350337811 0.043803928674 cfg1 2 1 0 0 na na
10 61239.627350384061 0.043803952807 cfg1 2 1 0 0 na na
10 61239.648350345204 0.043803969198 cfg1 2 1 0 0 na na
10 61239.712350253559 0.043804008469 cfg1 2 1 0 0 na na
10 61239.740350296325 0.043804013499 cfg1 2 1 0 0 na na
10 61239.773350356640 0.043804045151 cfg1 2 1 0 0 na na
10 61239.800350352823 0.043804046480 cfg1 2 1 0 0 na na
10 61239.826350331407 0.043804060064 cfg1 2 1 0 0 na na
10 61239.838350362387 0.043804074596 cfg1 2 1 0 0 na na
10 61239.975350367582 0.043804164195 cfg1 2 1 0 0 na na
10 61240.172350318722 0.043804265403 cfg1 2 1 0 0 na na
10 61240.216350263489 0.043804295787 cfg1 2 1 0 0 na na
10 61240.317350348591 0.043804321779 cfg1 2 1 0 0 na na
10 61240.347350314402 0.043804345324 cfg1 2 1 0 0 na na
10 61240.362350331562 0.043804355079 cfg1 2 1 0 0 na na
10 61240.365350314752 0.043804354948 cfg1 2 1 0 0 na na
10 61240.410350321853 0.043804399731 cfg1 2 1 0 0 na na
10 61240.433350328804 0.043804407660 cfg1 2 1 0 0 na na
10 61240.444350273817 0.043804414598 cfg1 2 1 0 0 na na
10 61240.465350320579 0.043804402873 cfg1 2 1 0 0 na na
10 61240.486350316079 0.043804424892 cfg1 2 1 0 0 na na
10 61240.503350312177 0.043804432225 cfg1 2 1 0 0 na na
10 61240.528350309917 0.043804450927 cfg1 2 1 0 0 na na
10 61240.555350246753 0.043804475178 cfg1 2 1 0 0 na na
10 61240.561350328149 0.043804473147 cfg1 2 1 0 0 na na
10 61240.568350326101 0.043804463909 cfg1 2 1 0 0 na na
10 61240.603350282338 0.043804493107 cfg1 2 1 0 0 na na
10 61240.658350325342 0.043804509771 cfg1 2 1 0 0 na na
10 61240.666350344992 0.043804535055 cfg1 2 1 0 0 na na
10 61240.712350262230 0.043804544789 cfg1 2 1 0 0 na na
10 61240.781350320082 0.043804592820 cfg1 2 1 0 0 na na
10 61240.821350261980 0.043804605124 cfg1 2 1 0 0 na na
10 61240.839350246299 0.043804630564 cfg1 2 1 0 0 na na
10 61240.848350290327 0.043804630371 cfg1 2 1 0 0 na na
10 61240.922350251411 0.043804670591 cfg1 2 1 0 0 na na
10 61240.938350266199 0.043804665697 cfg1 2 1 0 0 na na
10 61240.973350334886 0.043804704438 cfg1 2 1 0 0 na na
10 61241.008350293685 0.043804711605 cfg1 2 1 0 0 na na
10 61241.061350270136 0.043804758240 cfg1 2 1 0 0 na na
10 61241.107350305419 0.043804774291 cfg1 2 1 0 0 na na
10 61241.180350330409 0.043804811755 cfg1 2 1 0 0 na na
10 61241.279350377359 0.043804855448 cfg1 2 1 0 0 na na
10 61241.317350281594 0.043804892359 cfg1 2 1 0 0 na na
10 61241.350350396917 0.043804903590 cfg1 2 1 0 0 na na
10 61241.392350284314 0.043804945882 cfg1 2 1 0 0 na na
10 61241.414350334148 0.043804942980 cfg1 2 1 0 0 na na
10 61241.415350363579 0.043804951368 cfg1 2 1 0 0 na na
10 61241.457350265111 0.043804956946 cfg1 2 1 0 0 na na
10 61241.654350280092 0.043805089703 cfg1 2 1 0 0 na na
10 61241.693350322167 0.043805111928 cfg1 2 1 0 0 na na
10 61241.739350311882 0.043805113885 cfg1 2 1 0 0 na na
10 61241.755350411756 0.043805133607 cfg1 2 1 0 0 na na
10 61241.810350359584 0.043805160113 cfg1 2 1 0 0 na na
10 61241.833350350787 0.043805187605 cfg1 2 1 0 0 na na
10 61241.876350302851 0.043805189492 cfg1 2 1 0 0 na na
10 61241.906350297283 0.043805219809 cfg1 2 1 0 0 na na
10 61241.930350304679 0.043805228682 cfg1 2 1 0 0 na na
10 61242.011350257874 0.043805283371 cfg1 2 1 0 0 na na
10 61242.042350292149 0.043805310812 cfg1 2 1 0 0 na na
10 61242.092350288216 0.043805315920 cfg1 2 1 0 0 na na
10 61242.093350265395 0.043805316733 cfg1 2 1 0 0 na na
10 61242.103350301507 0.043805336161 cfg1 2 1 0 0 na na
10 61242.123350309097 0.043805351879 cfg1 2 1 0 0 na na
10 61242.173350308941 0.043805380636 cfg1 2 1 0 0 na na
10 61242.205350353455 0.043805395634 cfg1 2 1 0 0 na na
10 61242.261350321430 0.043805429302 cfg1 2 1 0 0 na na
10 61242.418350338236 0.043805520037 cfg1 2 1 0 0 na na
10 61242.426350316035 0.043805504638 cfg1 2 1 0 0 na na
10 61242.431350243975 0.043805528019 cfg1 2 1 0 0 na na
10 61242.473350309736 0.043805539133 cfg1 2 1 0 0 na na
10 61242.515350334819 0.043805560763 cfg1 2 1 0 0 na na
10 61242.653350356680 0.043805650987 cfg1 2 1 0 0 na na
10 61242.662350249369 0.043805657505 cfg1 2 1 0 0 na na
10 61242.699350397325 0.043805664991 cfg1 2 1 0 0 na na
10 61242.746350316397 0.043805700234 cfg1 2 1 0 0 na na
10 61242.770350377558 0.043805725906 cfg1 2 1 0 0 na na
10 61242.778350384807 0.043805729401 cfg1 2 1 0 0 na na
10 61242.941350389121 0.043805822779 cfg1 2 1 0 0 na na
10 61242.976350339375 0.043805825877 cfg1 2 1 0 0 na na
10 61242.982350318548 0.043805834956 cfg1 2 1 0 0 na na
10 61243.031350318811 0.043805862720 cfg1 2 1 0 0 na na
10 61243.038350317388 0.043805878747 cfg1 2 1 0 0 na na
10 61243.045350255807 0.043805880059 cfg1 2 1 0 0 na na
10 61243.067350332494 0.043805893186 cfg1 2 1 0 0 na na
10 61243.079350355159 0.043805910404 cfg1 2 1 0 0 na na
10 61243.097350339741 0.043805896986 cfg1 2 1 0 0 na na
10 61243.113350326036 0.043805922951 cfg1 2 1 0 0 na na
10 61243.143350315859 0.043805930753 cfg1 2 1 0 0 na na
10 61243.296350341675 0.043806024692 cfg1 2 1 0 0 na na
10 61243.424350291356 0.043806107412 cfg1 2 1 0 0 na na
10 61243.531350300084 0.043806149436 cfg1 2 1 0 0 na na
10 61243.556350315898 0.043806165222 cfg1 2 1 0 0 na na
10 61243.568350299275 0.043806169993 cfg1 2 1 0 0 na na
10 61243.575350291751 0.043806194532 cfg1 2 1 0 0 na na
10 61243.602350338375 0.043806200324 cfg1 2 1 0 0 na na
10 61243.632350349360 0.043806225733 cfg1 2 1 0 0 na na
10 61243.659350283007 0.043806222720 cfg1 2 1 0 0 na na
10 61243.709350337282 0.043806259215 cfg1 2 1 0 0 na na
10 61243.722350302911 0.043806282336 cfg1 2 1 0 0 na na
10 61243.747350328695 0.043806295194 cfg1 2 1 0 0 na na
10 61243.768350331490 0.043806300256 cfg1 2 1 0 0 na na
10 61243.772350350279 0.043806311434 cfg1 2 1 0 0 na na
10 61243.802350342914 0.043806317559 cfg1 2 1 0 0 na na
10 61243.857350332916 0.043806346680 cfg1 2 1 0 0 na na
10 61243.989350261222 0.043806442276 cfg1 2 1 0 0 na na
10 61244.019350319688 0.043806444853 cfg1 2 1 0 0 na na
10 61244.052350314433 0.043806479773 cfg1 2 1 0 0 na na
10 61244.055350350146 0.043806474194 cfg1 2 1 0 0 na na
10 61244.137350280838 0.043806525050 cfg1 2 1 0 0 na na
10 61244.274350336429 0.043806599298 cfg1 2 1 0 0 na na
10 61244.454350249254 0.043806712799 cfg1 2 1 0 0 na na
10 61244.505350335485 0.043806745352 cfg1 2 1 0 0 na na
10 61244.516350315278 0.043806740125 cfg1 2 1 0 0 na na
10 61244.535350351681 0.043806762910 cfg1 2 1 0 0 na na
10 61244.541350325692 0.043806756110 cfg1 2 1 0 0 na na
10 61244.608350312408 0.043806803781 cfg1 2 1 0 0 na na
10 61244.677350294409 0.043806832054 cfg1 2 1 0 0 na na
10 61244.679350262831 0.043806845230 cfg1 2 1 0 0 na na
10 61244.690350247033 0.043806859899 cfg1 2 1 0 0 na na
10 61244.830350331229 0.043806943504 cfg1 2 1 0 0 na na
10 61244.844350303652 0.043806940258 cfg1 2 1 0 0 na na
10 61244.845350284390 0.043806953390 cfg1 2 1 0 0 na na
10 61244.994350322975 0.043807035429 cfg1 2 1 0 0 na na
10 61245.125350378019 0.043807115503 cfg1 2 1 0 0 na na
10 61245.134350299506 0.043807135576 cfg1 2 1 0 0 na na
10 61245.153350371471 0.043807141794 cfg1 2 1 0 0 na na
10 61245.154350289549 0.043807123812 cfg1 2 1 0 0 na na
10 61245.211350329816 0.043807154281 cfg1 2 1 0 0 na na
10 61245.385350303314 0.043807276856 cfg1 2 1 0 0 na na
10 61245.391350347194 0.043807286134 cfg1 2 1 0 0 na na
10 61245.426350348491 0.043807296915 cfg1 2 1 0 0 na na
10 61245.445350367582 0.043807321135 cfg1 2 1 0 0 na na
10 61245.454350348562 0.043807332297 cfg1 2 1 0 0 na na
10 61245.604350319880 0.043807409115 cfg1 2 1 0 0 na na
10 61245.670350333610 0.043807454784 cfg1 2 1 0 0 na na
10 61245.740350287993 0.043807500367 cfg1 2 1 0 0 na na
10 61245.748350344288 0.043807490450 cfg1 2 1 0 0 na na
10 61245.812350321056 0.043807553463 cfg1 2 1 0 0 na na
10 61245.869350380221 0.043807574126 cfg1 2 1 0 0 na na
10 61245.881350326274 0.043807567479 cfg1 2 1 0 0 na na
10 61245.940350320221 0.043807606917 cfg1 2 1 0 0 na na
10 61245.958350300362 0.043807641114 cfg1 2 1 0 0 na na
10 61246.168350335576 0.043807750676 cfg1 2 1 0 0 na na
10 61246.322350304535 0.043807866193 cfg1 2 1 0 0 na na
10 61246.475350309734 0.043807946486 cfg1 2 1 0 0 na na
10 61246.496350270763 0.043807979766 cfg1 2 1 0 0 na na
10 61246.652350267651 0.043808049225 cfg1 2 1 0 0 na na
10 61246.666350292713 0.043808069047 cfg1 2 1 0 0 na na
10 61246.670350305476 0.043808064508 cfg1 2 1 0 0 na na
10 61246.900350347293 0.043808228644 cfg1 2 1 0 0 na na
10 61246.911350304119 0.043808217007 cfg1 2 1 0 0 na na
10 61246.927350289584 0.043808228576 cfg1 2 1 0 0 na na
10 61246.932350345830 0.043808246041 cfg1 2 1 0 0 na na
10 61247.031350328971 0.043808317722 cfg1 2 1 0 0 na na
10 61247.045350291306 0.043808310663 cfg1 2 1 0 0 na na
10 61247.108350329185 0.043808362816 cfg1 2 1 0 0 na na
10 61247.144350322918 0.043808367878 cfg1 2 1 0 0 na na
10 61247.172350379474 0.043808397824 cfg1 2 1 0 0 na na
10 61247.232350296567 0.043808445896 cfg1 2 1 0 0 na na
10 61247.398350332376 0.043808539008 cfg1 2 1 0 0 na na
10 61247.460350301024 0.043808578598 cfg1 2 1 0 0 na na
10 61247.477350367293 0.043808584155 cfg1 2 1 0 0 na na
10 61247.527350244475 0.043808632532 cfg1 2 1 0 0 na na
10 61247.652350256490 0.043808700734 cfg1 2 1 0 0 na na
10 61247.703350363256 0.043808744647 cfg1 2 1 0 0 na na
10 61247.707350344621 0.043808743115 cfg1 2 1 0 0 na na
10 61247.720350319484 0.043808757090 cfg1 2 1 0 0 na na
10 61247.734350321500 0.043808740297 cfg1 2 1 0 0 na na
10 61247.759350307055 0.043808764643 cfg1 2 1 0 0 na na
10 61247.790350322098 0.043808783347 cfg1 2 1 0 0 na na
10 61247.862350303143 0.043808848901 cfg1 2 1 0 0 na na
10 61247.867350258424 0.043808842864 cfg1 2 1 0 0 na na
10 61247.975350290183 0.043808913869 cfg1 2 1 0 0 na na
10 61247.990350319107 0.043808918556 cfg1 2 1 0 0 na na
10 61248.145350332814 0.043809015984 cfg1 2 1 0 0 na na
10 61248.160350302230 0.043809041857 cfg1 2 1 0 0 na na
10 61248.194350297990 0.043809064020 cfg1 2 1 0 0 na na
10 61248.202350296448 0.043809057892 cfg1 2 1 0 0 na na
10 61248.219350255688 0.043809066226 cfg1 2 1 0 0 na na
10 61248.245350379924 0.043809078610 cfg1 2 1 0 0 na na
10 61248.314350358629 0.043809138743 cfg1 2 1 0 0 na na
10 61248.336350339543 0.043809146841 cfg1 2 1 0 0 na na
10 61248.487350335288 0.043809248639 cfg1 2 1 0 0 na na
10 61248.511350337345 0.043809248522 cfg1 2 1 0 0 na na
10 61248.529350351978 0.043809271349 cfg1 2 1 0 0 na na
10 61248.559350320513 0.043809305029 cfg1 2 1 0 0 na na
10 61248.584350266543 0.043809318237 cfg1 2 1 0 0 na na
10 61248.618350345459 0.043809336002 cfg1 2 1 0 0 na na
10 61248.739350332773 0.043809393923 cfg1 2 1 0 0 na na
10 61248.778350336521 0.043809435732 cfg1 2 1 0 0 na na
10 61248.792350265934 0.043809430889 cfg1 2 1 0 0 na na
10 61248.844350244693 0.043809487181 cfg1 2 1 0 0 na na
10 61248.886350267134 0.043809511653 cfg1 2 1 0 0 na na
10 61248.888350308257 0.043809495627 cfg1 2 1 0 0 na na
10 61249.123350298048 0.043809663334 cfg1 2 1 0 0 na na
10 61249.297350256646 0.043809770193 cfg1 2 1 0 0 na na
10 61249.318350345546 0.043809779776 cfg1 2 1 0 0 na na
10 61249.340350300220 0.043809793916 cfg1 2 1 0 0 na na
10 61249.387350374004 0.043809829697 cfg1 2 1 0 0 na na
10 61249.430350317833 0.043809854706 cfg1 2 1 0 0 na na
10 61249.484350354933 0.043809899309 cfg1 2 1 0 0 na na
10 61249.532350305072 0.043809924500 cfg1 2 1 0 0 na na
10 61249.586350332524 0.043809969198 cfg1 2 1 0 0 na na
10 61249.623350328894 0.043810000505 cfg1 2 1 0 0 na na
10 61249.642350270611 0.043809999164 cfg1 2 1 0 0 na na
10 61249.644350259140 0.043810008412 cfg1 2 1 0 0 na na
10 61249.762350319870 0.043810089141 cfg1 2 1 0 0 na na
10 61249.771350294523 0.043810107424 cfg1 2 1 0 0 na na
10 61249.825350303828 0.043810120833 cfg1 2 1 0 0 na na
10 61249.911350288489 0.043810180993 cfg1 2 1 0 0 na na
10 61249.997350356513 0.043810257493 cfg1 2 1 0 0 na na
10 61250.002350316779 0.043810238756 cfg1 2 1 0 0 na na
10 61250.004350377700 0.043810240053 cfg1 2 1 0 0 na na
10 61250.109350347654 0.043810310724 cfg1 2 1 0 0 na na
10 61250.136350315089 0.043810345630 cfg1 2 1 0 0 na na
10 61250.418350313548 0.043810537563 cfg1 2 1 0 0 na na
10 61250.426350347345 0.043810543953 cfg1 2 1 0 0 na na
10 61250.484350374039 0.043810569032 cfg1 2 1 0 0 na na
10 61250.492350311558 0.043810577927 cfg1 2 1 0 0 na na
10 61250.511350343162 0.043810604821 cfg1 2 1 0 0 na na
10 61250.530350288889 0.043810601718 cfg1 2 1 0 0 na na
10 61250.621350310229 0.043810667014 cfg1 2 1 0 0 na na
10 61250.707350255018 0.043810732048 cfg1 2 1 0 0 na na
10 61250.731350376080 0.043810742022 cfg1 2 1 0 0 na na
10 61250.783350389250 0.043810787649 cfg1 2 1 0 0 na na
10 61250.795350361362 0.043810792546 cfg1 2 1 0 0 na na
10 61251.077350359608 0.043810998778 cfg1 2 1 0 0 na na
10 61251.098350330417 0.043810994908 cfg1 2 1 0 0 na na
10 61251.166350292600 0.043811057658 cfg1 2 1 0 0 na na
10 61251.206350302053 0.043811063077 cfg1 2 1 0 0 na na
10 61251.219350350524 0.043811093753 cfg1 2 1 0 0 na na
10 61251.407350311565 0.043811207895 cfg1 2 1 0 0 na na
10 61251.449350370251 0.043811230472 cfg1 2 1 0 0 na na
10 61251.450350250786 0.043811246064 cfg1 2 1 0 0 na na
10 61251.544350309609 0.043811321315 cfg1 2 1 0 0 na na
10 61251.563350297351 0.043811314465 cfg1 2 1 0 0 na na
10 61251.918350333177 0.043811569825 cfg1 2 1 0 0 na na
10 61251.939350257365 0.043811584620 cfg1 2 1 0 0 na na
10 61251.956350277336 0.043811594590 cfg1 2 1 0 0 na na
10 61251.970350314363 0.043811603632 cfg1 2 1 0 0 na na
10 61252.125350343533 0.043811727337 cfg1 2 1 0 0 na na
10 61252.367350289689 0.043811889246 cfg1 2 1 0 0 na na
10 61252.532350298487 0.043811997702 cfg1 2 1 0 0 na na
10 61252.587350276584 0.043812037500 cfg1 2 1 0 0 na na
10 61252.696350256713 0.043812115226 cfg1 2 1 0 0 na na
10 61252.709350320553 0.043812131867 cfg1 2 1 0 0 na na
10 61252.861350338691 0.043812245690 cfg1 2 1 0 0 na na
10 61252.983350350101 0.043812311782 cfg1 2 1 0 0 na na
10 61253.023350318246 0.043812347121 cfg1 2 1 0 0 na na
10 61253.125350338997 0.043812425690 cfg1 2 1 0 0 na na
10 61253.279350347341 0.043812528291 cfg1 2 1 0 0 na na
10 61253.348350296470 0.043812579103 cfg1 2 1 0 0 na na
10 61253.400350310809 0.043812618219 cfg1 2 1 0 0 na na
10 61253.465350310769 0.043812664093 cfg1 2 1 0 0 na na
10 61253.469350248595 0.043812678487 cfg1 2 1 0 0 na na
10 61253.667350363820 0.043812817555 cfg1 2 1 0 0 na na
10 61253.731350322426 0.043812870792 cfg1 2 1 0 0 na na
10 61253.746350301930 0.043812873024 cfg1 2 1 0 0 na na
10 61253.791350364144 0.043812916903 cfg1 2 1 0 0 na na
10 61253.877350256162 0.043812970199 cfg1 2 1 0 0 na na
10 61253.880350343896 0.043812979118 cfg1 2 1 0 0 na na
10 61253.916350319808 0.043812984629 cfg1 2 1 0 0 na na
10 61254.009350329240 0.043813054414 cfg1 2 1 0 0 na na
10 61254.045350337668 0.043813099988 cfg1 2 1 0 0 na na
10 61254.132350319756 0.043813160919 cfg1 2 1 0 0 na na
10 61254.180350252224 0.043813189622 cfg1 2 1 0 0 na na
10 61254.290350295833 0.043813260612 cfg1 2 1 0 0 na na
10 61254.341350330629 0.043813297922 cfg1 2 1 0 0 na na
10 61254.377350313860 0.043813343692 cfg1 2 1 0 0 na na
10 61254.408350285381 0.043813351009 cfg1 2 1 0 0 na na
10 61254.422350343692 0.043813363204 cfg1 2 1 0 0 na na
10 61254.447350310974 0.043813392058 cfg1 2 1 0 0 na na
10 61254.457350299912 0.043813383058 cfg1 2 1 0 0 na na
10 61254.483350308884 0.043813396487 cfg1 2 1 0 0 na na
10 61254.503350337986 0.043813421879 cfg1 2 1 0 0 na na
10 61254.707350306489 0.043813575773 cfg1 2 1 0 0 na na
10 61254.843350278108 0.043813677875 cfg1 2 1 0 0 na na
10 61254.859350278606 0.043813688981 cfg1 2 1 0 0 na na
10 61254.907350270275 0.043813708325 cfg1 2 1 0 0 na na
10 61254.936350330062 0.043813731771 cfg1 2 1 0 0 na na
10 61254.947350291920 0.043813751166 cfg1 2 1 0 0 na na
10 61255.005350244990 0.043813806741 cfg1 2 1 0 0 na na
10 61255.023350298942 0.043813797687 cfg1 2 1 0 0 na na
10 61255.095350254163 0.043813863354 cfg1 2 1 0 0 na na
10 61255.180350300261 0.043813928619 cfg1 2 1 0 0 na na
10 61255.184350304463 0.043813929684 cfg1 2 1 0 0 na na
10 61255.209350327356 0.043813960493 cfg1 2 1 0 0 na na
10 61255.235350261949 0.043813963314 cfg1 2 1 0 0 na na
10 61255.311350263219 0.043814013649 cfg1 2 1 0 0 na na
10 61255.355350322216 0.043814051907 cfg1 2 1 0 0 na na
10 61255.379350328967 0.043814079180 cfg1 2 1 0 0 na na
10 61255.513350301693 0.043814160100 cfg1 2 1 0 0 na na
10 61255.515350286135 0.043814160359 cfg1 2 1 0 0 na na
10 61255.533350339332 0.043814181958 cfg1 2 1 0 0 na na
10 61255.770350330624 0.043814373931 cfg1 2 1 0 0 na na
10 61255.840350266229 0.043814408302 cfg1 2 1 0 0 na na
10 61255.847350245908 0.043814431616 cfg1 2 1 0 0 na na
10 61255.965350272656 0.043814523527 cfg1 2 1 0 0 na na
10 61256.347350333288 0.043814810044 cfg1 2 1 0 0 na na
10 61256.411350322010 0.043814865340 cfg1 2 1 0 0 na na
10 61256.449350341927 0.043814868385 cfg1 2 1 0 0 na na
10 61256.453350326446 0.043814893983 cfg1 2 1 0 0 na na
10 61256.518350291872 0.043814938149 cfg1 2 1 0 0 na na
10 61256.642350302282 0.043815021655 cfg1 2 1 0 0 na na
10 61256.776350299390 0.043815118213 cfg1 2 1 0 0 na na
10 61256.806350337573 0.043815139866 cfg1 2 1 0 0 na na
10 61256.886350288619 0.043815210956 cfg1 2 1 0 0 na na
10 61256.993350352836 0.043815303043 cfg1 2 1 0 0 na na
10 61257.156350331786 0.043815429473 cfg1 2 1 0 0 na na
10 61257.231350326644 0.043815493221 cfg1 2 1 0 0 na na
10 61257.378350374852 0.043815603737 cfg1 2 1 0 0 na na
10 61257.524350322262 0.043815698299 cfg1 2 1 0 0 na na
10 61257.588350259201 0.043815747741 cfg1 2 1 0 0 na na
10 61257.709350360042 0.043815859148 cfg1 2 1 0 0 na na
10 61257.744350275123 0.043815875611 cfg1 2 1 0 0 na na
10 61257.764350260507 0.043815900294 cfg1 2 1 0 0 na na
10 61257.996350301026 0.043816077276 cfg1 2 1 0 0 na na
10 61258.256350318505 0.043816266983 cfg1 2 1 0 0 na na
10 61258.315350302076 0.043816309275 cfg1 2 1 0 0 na na
10 61258.373350278246 0.043816380284 cfg1 2 1 0 0 na na
10 61258.405350259279 0.043816404968 cfg1 2 1 0 0 na na
10 61258.449350333334 0.043816421247 cfg1 2 1 0 0 na na
10 61258.536350334325 0.043816489794 cfg1 2 1 0 0 na na
10 61258.651350285957 0.043816589279 cfg1 2 1 0 0 na na
10 61258.834350243253 0.043816743669 cfg1 2 1 0 0 na na
10 61258.899350270327 0.043816791564 cfg1 2 1 0 0 na na
10 61259.023350316566 0.043816873720 cfg1 2 1 0 0 na na
10 61259.032350367034 0.043816875723 cfg1 2 1 0 0 na na
10 61259.069350336906 0.043816922214 cfg1 2 1 0 0 na na
10 61259.081350276149 0.043816933465 cfg1 2 1 0 0 na na
10 61259.085350301877 0.043816939959 cfg1 2 1 0 0 na na
10 61259.166350285156 0.043817003718 cfg1 2 1 0 0 na na
10 61259.308350312382 0.043817116725 cfg1 2 1 0 0 na na
10 61259.319350327559 0.043817123628 cfg1 2 1 0 0 na na
10 61259.323350307260 0.043817130079 cfg1 2 1 0 0 na na
10 61259.404350305402 0.043817199974 cfg1 2 1 0 0 na na
10 61259.411350379179 0.043817202275 cfg1 2 1 0 0 na na
10 61259.468350290306 0.043817226604 cfg1 2 1 0 0 na na
10 61259.515350258680 0.043817268269 cfg1 2 1 0 0 na na
10 61259.613350347274 0.043817343863 cfg1 2 1 0 0 na na
10 61259.686350263881 0.043817399334 cfg1 2 1 0 0 na na
10 61259.755350325743 0.043817455147 cfg1 2 1 0 0 na na
10 61259.816350325724 0.043817506164 cfg1 2 1 0 0 na na
10 61260.006350263831 0.043817658195 cfg1 2 1 0 0 na na
10 61260.064350329798 0.043817731653 cfg1 2 1 0 0 na na
10 61260.226350287543 0.043817850505 cfg1 2 1 0 0 na na
10 61260.249350319078 0.043817876093 cfg1 2 1 0 0 na na
10 61260.510350334410 0.043818069596 cfg1 2 1 0 0 na na
10 61260.620350290655 0.043818159852 cfg1 2 1 0 0 na na
10 61260.622350356353 0.043818163205 cfg1 2 1 0 0 na na
10 61260.796350324837 0.043818320228 cfg1 2 1 0 0 na na
10 61260.984350356711 0.043818480391 cfg1 2 1 0 0 na na
10 61261.039350323827 0.043818512116 cfg1 2 1 0 0 na na
10 61261.064350341805 0.043818545898 cfg1 2 1 0 0 na na
10 61261.079350363965 0.043818552688 cfg1 2 1 0 0 na na
10 61261.201350328795 0.043818647947 cfg1 2 1 0 0 na na
10 61261.216350347320 0.043818666900 cfg1 2 1 0 0 na na
10 61261.419350291543 0.043818828289 cfg1 2 1 0 0 na na
10 61261.438350303859 0.043818832018 cfg1 2 1 0 0 na na
10 61261.444350328091 0.043818836756 cfg1 2 1 0 0 na na
10 61261.554350346835 0.043818946853 cfg1 2 1 0 0 na na
10 61261.657350327711 0.043819028282 cfg1 2 1 0 0 na na
10 61261.707350357055 0.043819053880 cfg1 2 1 0 0 na na
10 61261.833350370490 0.043819169919 cfg1 2 1 0 0 na na
10 61261.922350322397 0.043819257383 cfg1 2 1 0 0 na na
10 61262.119350350393 0.043819403846 cfg1 2 1 0 0 na na
10 61262.464350344316 0.043819694638 cfg1 2 1 0 0 na na
10 61262.479350354261 0.043819699875 cfg1 2 1 0 0 na na
10 61262.567350316183 0.043819775750 cfg1 2 1 0 0 na na
10 61262.609350323185 0.043819829950 cfg1 2 1 0 0 na na
10 61262.707350279714 0.043819892726 cfg1 2 1 0 0 na na
10 61262.718350343286 0.043819903279 cfg1 2 1 0 0 na na
10 61262.734350336636 0.043819927857 cfg1 2 1 0 0 na na
10 61262.809350300725 0.043819987448 cfg1 2 1 0 0 na na
10 61262.855350254452 0.043820027666 cfg1 2 1 0 0 na na
10 61262.896350326739 0.043820064357 cfg1 2 1 0 0 na na
10 61263.069350365030 0.043820223298 cfg1 2 1 0 0 na na
10 61263.114350295911 0.043820255629 cfg1 2 1 0 0 na na
10 61263.248350318407 0.043820367613 cfg1 2 1 0 0 na na
10 61263.254350313180 0.043820358691 cfg1 2 1 0 0 na na
10 61263.384350373851 0.043820466372 cfg1 2 1 0 0 na na
10 61263.407350304738 0.043820497990 cfg1 2 1 0 0 na na
10 61263.470350298240 0.043820562120 cfg1 2 1 0 0 na na
10 61263.567350331520 0.043820630674 cfg1 2 1 0 0 na na
10 61263.619350322957 0.043820677279 cfg1 2 1 0 0 na na
10 61263.650350335472 0.043820690563 cfg1 2 1 0 0 na na
10 61263.699350296433 0.043820748526 cfg1 2 1 0 0 na na
10 61263.810350313115 0.043820839493 cfg1 2 1 0 0 na na
10 61263.879350342276 0.043820906839 cfg1 2 1 0 0 na na
10 61263.946350315738 0.043820944062 cfg1 2 1 0 0 na na
10 61263.992350264937 0.043820986984 cfg1 2 1 0 0 na na
10 61264.031350343571 0.043821017923 cfg1 2 1 0 0 na na
10 61264.109350284563 0.043821090951 cfg1 2 1 0 0 na na
10 61264.133350313639 0.043821112378 cfg1 2 1 0 0 na na
10 61264.187350332366 0.043821152507 cfg1 2 1 0 0 na na
10 61264.222350306791 0.043821189744 cfg1 2 1 0 0 na na
10 61264.262350281689 0.043821224439 cfg1 2 1 0 0 na na
10 61264.289350278981 0.043821242938 cfg1 2 1 0 0 na na
10 61264.308350322972 0.043821273330 cfg1 2 1 0 0 na na
10 61264.328350317658 0.043821293100 cfg1 2 1 0 0 na na
10 61264.349350256698 0.043821305608 cfg1 2 1 0 0 na na
10 61264.438350310499 0.043821395767 cfg1 2 1 0 0 na na
10 61264.472350319540 0.043821426672 cfg1 2 1 0 0 na na
10 61264.618350347580 0.043821540903 cfg1 2 1 0 0 na na
10 61264.668350277930 0.043821569649 cfg1 2 1 0 0 na na
10 61264.786350338915 0.043821695421 cfg1 2 1 0 0 na na
10 61264.851350288469 0.043821746842 cfg1 2 1 0 0 na na
10 61264.899350264525 0.043821772389 cfg1 2 1 0 0 na na
10 61264.953350278619 0.043821846628 cfg1 2 1 0 0 na na
10 61265.079350266617 0.043821945237 cfg1 2 1 0 0 na na
10 61265.179350292606 0.043822035087 cfg1 2 1 0 0 na na
10 61265.198350340594 0.043822057174 cfg1 2 1 0 0 na na
10 61265.219350297705 0.043822049865 cfg1 2 1 0 0 na na
10 61265.261350306625 0.043822088749 cfg1 2 1 0 0 na na
10 61265.275350337489 0.043822099270 cfg1 2 1 0 0 na na
10 61265.281350378736 0.043822121998 cfg1 2 1 0 0 na na
10 61265.301350338248 0.043822148455 cfg1 2 1 0 0 na na
10 61265.345350289414 0.043822168095 cfg1 2 1 0 0 na na
10 61265.389350267138 0.043822203979 cfg1 2 1 0 0 na na
10 61265.606350315423 0.043822403470 cfg1 2 1 0 0 na na
10 61265.728350311057 0.043822526477 cfg1 2 1 0 0 na na
10 61265.814350247742 0.043822594206 cfg1 2 1 0 0 na na
10 61265.922350298847 0.043822684281 cfg1 2 1 0 0 na na
10 61266.066350321304 0.043822818406 cfg1 2 1 0 0 na na
10 61266.096350300129 0.043822840400 cfg1 2 1 0 0 na na
10 61266.315350275900 0.043823033373 cfg1 2 1 0 0 na na
10 61266.335350370218 0.043823045907 cfg1 2 1 0 0 na na
10 61266.471350242810 0.043823184025 cfg1 2 1 0 0 na na
10 61266.474350278330 0.043823186834 cfg1 2 1 0 0 na na
10 61266.481350293436 0.043823188196 cfg1 2 1 0 0 na na
10 61266.499350288576 0.043823188530 cfg1 2 1 0 0 na na
10 61266.517350328120 0.043823219697 cfg1 2 1 0 0 na na
10 61266.533350316066 0.043823237147 cfg1 2 1 0 0 na na
10 61266.597350297257 0.043823281917 cfg1 2 1 0 0 na na
10 61266.727350260378 0.043823396227 cfg1 2 1 0 0 na na
10 61266.957350302193 0.043823602919 cfg1 2 1 0 0 na na
10 61267.008350323965 0.043823666263 cfg1 2 1 0 0 na na
10 61267.035350271875 0.043823686308 cfg1 2 1 0 0 na na
10 61267.107350353857 0.043823735470 cfg1 2 1 0 0 na na
10 61267.126350354807 0.043823773067 cfg1 2 1 0 0 na na
10 61267.143350372889 0.043823778301 cfg1 2 1 0 0 na na
10 61267.215350338777 0.043823844945 cfg1 2 1 0 0 na na
10 61267.229350390617 0.043823862460 cfg1 2 1 0 0 na na
10 61267.236350351242 0.043823876005 cfg1 2 1 0 0 na na
10 61267.247350278658 0.043823863637 cfg1 2 1 0 0 na na
10 61267.308350261364 0.043823920566 cfg1 2 1 0 0 na na
10 61267.504350296680 0.043824117142 cfg1 2 1 0 0 na na
10 61267.551350313732 0.043824142546 cfg1 2 1 0 0 na na
10 61267.582350328415 0.043824184817 cfg1 2 1 0 0 na na
10 61267.648350332189 0.043824227204 cfg1 2 1 0 0 na na
10 61267.744350318880 0.043824313165 cfg1 2 1 0 0 na na
10 61267.802350330657 0.043824365489 cfg1 2 1 0 0 na na
10 61267.813350316505 0.043824397202 cfg1 2 1 0 0 na na
10 61268.302350290146 0.043824820603 cfg1 2 1 0 0 na na
10 61268.497350330017 0.043825001849 cfg1 2 1 0 0 na na
10 61268.514350329960 0.043825021375 cfg1 2 1 0 0 na na
10 61268.562350328269 0.043825068384 cfg1 2 1 0 0 na na
10 61268.696350265868 0.043825208362 cfg1 2 1 0 0 na na
10 61268.966350317731 0.043825438492 cfg1 2 1 0 0 na na
10 61269.034350313750 0.043825521645 cfg1 2 1 0 0 na na
10 61269.147350343299 0.043825605560 cfg1 2 1 0 0 na na
10 61269.175350325715 0.043825648341 cfg1 2 1 0 0 na na
10 61269.183350254982 0.043825661368 cfg1 2 1 0 0 na na
10 61269.235350332980 0.043825708510 cfg1 2 1 0 0 na na
10 61269.289350368732 0.043825757805 cfg1 2 1 0 0 na na
10 61269.336350267921 0.043825789499 cfg1 2 1 0 0 na na
10 61269.373350352133 0.043825836334 cfg1 2 1 0 0 na na
10 61269.374350316164 0.043825816251 cfg1 2 1 0 0 na na
10 61269.448350279153 0.043825905863 cfg1 2 1 0 0 na na
10 61269.648350335048 0.043826074200 cfg1 2 1 0 0 na na
10 61269.713350287119 0.043826142450 cfg1 2 1 0 0 na na
10 61269.767350283543 0.043826192431 cfg1 2 1 0 0 na na
10 61270.086350257296 0.043826489578 cfg1 2 1 0 0 na na
10 61270.117350338687 0.043826535906 cfg1 2 1 0 0 na na
10 61270.148350346315 0.043826539620 cfg1 2 1 0 0 na na
10 61270.233350294905 0.043826624174 cfg1 2 1 0 0 na na
10 61270.297350388442 0.043826688877 cfg1 2 1 0 0 na na
10 61270.352350319959 0.043826750243 cfg1 2 1 0 0 na na
10 61270.402350297817 0.043826782501 cfg1 2 1 0 0 na na
10 61270.431350290740 0.043826821428 cfg1 2 1 0 0 na na
10 61270.461350293452 0.043826855602 cfg1 2 1 0 0 na na
10 61270.538350334748 0.043826912537 cfg1 2 1 0 0 na na
10 61270.777350337001 0.043827135715 cfg1 2 1 0 0 na na
10 61270.805350288945 0.043827171778 cfg1 2 1 0 0 na na
10 61270.851350296029 0.043827217173 cfg1 2 1 0 0 na na
10 61270.856350298065 0.043827234792 cfg1 2 1 0 0 na na
10 61270.859350331058 0.043827233316 cfg1 2 1 0 0 na na
10 61271.025350307952 0.043827383555 cfg1 2 1 0 0 na na
10 61271.047350330990 0.043827409078 cfg1 2 1 0 0 na na
10 61271.073350348030 0.043827425068 cfg1 2 1 0 0 na na
10 61271.081350334762 0.043827427396 cfg1 2 1 0 0 na na
10 61271.228350300745 0.043827578619 cfg1 2 1 0 0 na na
10 61271.253350337253 0.043827606803 cfg1 2 1 0 0 na na
10 61271.278350300933 0.043827629745 cfg1 2 1 0 0 na na
10 61271.564350288416 0.043827914882 cfg1 2 1 0 0 na na
10 61271.616350350702 0.043827961383 cfg1 2 1 0 0 na na
10 61271.661350324157 0.043827989467 cfg1 2 1 0 0 na na
10 61271.726350349605 0.043828050132 cfg1 2 1 0 0 na na
10 61271.788350335595 0.043828109791 cfg1 2 1 0 0 na na
10 61271.789350261137 0.043828129992 cfg1 2 1 0 0 na na
10 61272.164350296617 0.043828488295 cfg1 2 1 0 0 na na
10 61272.242350335224 0.043828542537 cfg1 2 1 0 0 na na
10 61272.248350305894 0.043828547872 cfg1 2 1 0 0 na na
10 61272.355350360158 0.043828677955 cfg1 2 1 0 0 na na
10 61272.402350348340 0.043828710238 cfg1 2 1 0 0 na na
10 61272.603350327525 0.043828911141 cfg1 2 1 0 0 na na
10 61272.698350279956 0.043829004501 cfg1 2 1 0 0 na na
10 61272.750350347579 0.043829056376 cfg1 2 1 0 0 na na
10 61272.817350341386 0.043829123604 cfg1 2 1 0 0 na na
10 61272.999350341219 0.043829289754 cfg1 2 1 0 0 na na
10 61273.050350310846 0.043829348495 cfg1 2 1 0 0 na na
10 61273.074350330620 0.043829375682 cfg1 2 1 0 0 na na
10 61273.131350325313 0.043829427501 cfg1 2 1 0 0 na na
10 61273.174350304037 0.043829477881 cfg1 2 1 0 0 na na
10 61273.238350322345 0.043829538262 cfg1 2 1 0 0 na na
10 61273.263350340624 0.043829539635 cfg1 2 1 0 0 na na
10 61273.292350359114 0.043829588016 cfg1 2 1 0 0 na na
10 61273.366350268389 0.043829669863 cfg1 2 1 0 0 na na
10 61273.541350297544 0.043829814505 cfg1 2 1 0 0 na na
10 61273.545350320429 0.043829832337 cfg1 2 1 0 0 na na
10 61273.647350322752 0.043829919223 cfg1 2 1 0 0 na na
10 61273.673350258599 0.043829968901 cfg1 2 1 0 0 na na
10 61273.745350276730 0.043830028858 cfg1 2 1 0 0 na na
10 61273.780350305890 0.043830052818 cfg1 2 1 0 0 na na
10 61273.791350313434 0.043830060715 cfg1 2 1 0 0 na na
10 61273.799350376627 0.043830096350 cfg1 2 1 0 0 na na
10 61273.928350374830 0.043830200926 cfg1 2 1 0 0 na na
10 61273.930350337291 0.043830227427 cfg1 2 1 0 0 na na
10 61273.937350329008 0.043830225652 cfg1 2 1 0 0 na na
10 61274.043350290631 0.043830321715 cfg1 2 1 0 0 na na
10 61274.093350323140 0.043830374516 cfg1 2 1 0 0 na na
10 61274.097350317162 0.043830376497 cfg1 2 1 0 0 na na
10 61274.339350273082 0.043830612105 cfg1 2 1 0 0 na na
10 61274.342350337076 0.043830629693 cfg1 2 1 0 0 na na
10 61274.415350314281 0.043830702623 cfg1 2 1 0 0 na na
10 61274.426350337732 0.043830704837 cfg1 2 1 0 0 na na
10 61274.430350316322 0.043830717233 cfg1 2 1 0 0 na na
10 61274.432350355139 0.043830721223 cfg1 2 1 0 0 na na
10 61274.467350349268 0.043830747376 cfg1 2 1 0 0 na na
10 61274.594350315176 0.043830871955 cfg1 2 1 0 0 na na
10 61274.643350329975 0.043830923985 cfg1 2 1 0 0 na na
10 61274.752350314782 0.043831044926 cfg1 2 1 0 0 na na
10 61275.007350391709 0.043831289710 cfg1 2 1 0 0 na na
10 61275.068350358059 0.043831359350 cfg1 2 1 0 0 na na
10 61275.090350325026 0.043831373520 cfg1 2 1 0 0 na na
10 61275.208350340469 0.043831503155 cfg1 2 1 0 0 na na
10 61275.267350311321 0.043831555254 cfg1 2 1 0 0 na na
10 61275.302350354797 0.043831585199 cfg1 2 1 0 0 na na
10 61275.314350294786 0.043831599839 cfg1 2 1 0 0 na na
10 61275.399350352803 0.043831684285 cfg1 2 1 0 0 na na
10 61275.410350390654 0.043831695516 cfg1 2 1 0 0 na na
10 61275.502350366312 0.043831795096 cfg1 2 1 0 0 na na
10 61275.714350330297 0.043832005885 cfg1 2 1 0 0 na na
10 61275.768350316754 0.043832054700 cfg1 2 1 0 0 na na
10 61275.771350327020 0.043832063613 cfg1 2 1 0 0 na na
10 61275.830350340224 0.043832124884 cfg1 2 1 0 0 na na
10 61275.847350311094 0.043832147867 cfg1 2 1 0 0 na na
10 61275.910350333927 0.043832206890 cfg1 2 1 0 0 na na
10 61276.045350350078 0.043832337367 cfg1 2 1 0 0 na na
10 61276.077350340317 0.043832378130 cfg1 2 1 0 0 na na
10 61276.223350295718 0.043832524888 cfg1 2 1 0 0 na na
10 61276.230350347769 0.043832525027 cfg1 2 1 0 0 na na
10 61276.337350296616 0.043832631863 cfg1 2 1 0 0 na na
10 61276.447350299445 0.043832752497 cfg1 2 1 0 0 na na
10 61276.484350304050 0.043832779564 cfg1 2 1 0 0 na na
10 61276.517350297312 0.043832834045 cfg1 2 1 0 0 na na
10 61276.531350343246 0.043832840848 cfg1 2 1 0 0 na na
10 61276.555350328282 0.043832865450 cfg1 2 1 0 0 na na
10 61276.577350304132 0.043832879754 cfg1 2 1 0 0 na na
10 61276.636350374917 0.043832936306 cfg1 2 1 0 0 na na
10 61276.648350298852 0.043832970232 cfg1 2 1 0 0 na na
10 61276.659350373391 0.043832959538 cfg1 2 1 0 0 na na
10 61276.671350319008 0.043832986488 cfg1 2 1 0 0 na na
10 61276.799350332800 0.043833112283 cfg1 2 1 0 0 na na
10 61276.827350356551 0.043833151780 cfg1 2 1 0 0 na na
10 61276.895350290948 0.043833220745 cfg1 2 1 0 0 na na
10 61276.980350328278 0.043833309730 cfg1 2 1 0 0 na na
10 61277.118350307100 0.043833438477 cfg1 2 1 0 0 na na
10 61277.131350310689 0.043833464532 cfg1 2 1 0 0 na na
10 61277.137350326984 0.043833453088 cfg1 2 1 0 0 na na
10 61277.183350291262 0.043833500832 cfg1 2 1 0 0 na na
10 61277.210350328862 0.043833550922 cfg1 2 1 0 0 na na
10 61277.417350259559 0.043833759318 cfg1 2 1 0 0 na na
10 61277.438350355734 0.043833778528 cfg1 2 2 0 0 na na
10 61277.475350395577 0.043833817068 cfg1 2 2 0 0 na na
10 61277.650350286149 0.043834001251 cfg1 2 1 0 0 na na
10 61277.732350288145 0.043834097042 cfg1 2 1 0 0 na na
10 61277.754350388353 0.043834093950 cfg1 2 1 0 0 na na
10 61277.798350339851 0.043834168459 cfg1 2 1 0 0 na na
10 61278.073350358944 0.043834454822 cfg1 2 1 0 0 na na
10 61278.100350269729 0.043834457324 cfg1 2 1 0 0 na na
10 61278.242350346253 0.043834619439 cfg1 2 1 0 0 na na
10 61278.254350294687 0.043834626130 cfg1 2 1 0 0 na na
10 61278.266350290366 0.043834644209 cfg1 2 1 0 0 na na
10 61278.308350344914 0.043834679632 cfg1 2 1 0 0 na na
10 61278.316350333076 0.043834708490 cfg1 2 1 0 0 na na
10 61278.345350313702 0.043834729532 cfg1 2 1 0 0 na na
10 61278.475350338160 0.043834874540 cfg1 2 1 0 0 na na
10 61278.491350277597 0.043834867893 cfg1 2 1 0 0 na na
10 61278.513350342563 0.043834894366 cfg1 2 1 0 0 na na
10 61278.602350317687 0.043835007923 cfg1 2 1 0 0 na na
10 61278.649350302480 0.043835060108 cfg1 2 1 0 0 na na
10 61278.668350302665 0.043835079041 cfg1 2 1 0 0 na na
10 61278.691350314593 0.043835101982 cfg1 2 1 0 0 na na
10 61278.731350331091 0.043835147528 cfg1 2 1 0 0 na na
10 61278.865350365040 0.043835279011 cfg1 2 1 0 0 na na
10 61279.048350353725 0.043835478041 cfg1 2 1 0 0 na na
10 61279.171350295161 0.043835615374 cfg1 2 1 0 0 na na
10 61279.208350265861 0.043835626042 cfg1 2 1 0 0 na na
10 61279.234350317563 0.043835671952 cfg1 2 1 0 0 na na
10 61279.282350330124 0.043835723210 cfg1 2 1 0 0 na na
10 61279.286350278406 0.043835711353 cfg1 2 1 0 0 na na
10 61279.322350317586 0.043835761134 cfg1 2 1 0 0 na na
10 61279.358350326089 0.043835813158 cfg1 2 1 0 0 na na
10 61279.361350328386 0.043835806453 cfg1 2 1 0 0 na na
10 61279.490350261181 0.043835946656 cfg1 2 1 0 0 na na
10 61279.496350301951 0.043835934154 cfg1 2 1 0 0 na na
10 61279.499350355074 0.043835959343 cfg1 2 1 0 0 na na
10 61279.555350349739 0.043836023639 cfg1 2 1 0 0 na na
10 61279.675350293941 0.043836142070 cfg1 2 1 0 0 na na
10 61279.676350341875 0.043836129242 cfg1 2 1 0 0 na na
10 61279.684350256136 0.043836146060 cfg1 2 1 0 0 na na
10 61279.754350302801 0.043836226497 cfg1 2 1 0 0 na na
10 61279.826350307914 0.043836307662 cfg1 2 1 0 0 na na
10 61279.944350267387 0.043836414624 cfg1 2 1 0 0 na na
10 61279.976350266526 0.043836450353 cfg1 2 1 0 0 na na
10 61280.132350310057 0.043836624996 cfg1 2 1 0 0 na na
10 61280.343350259160 0.043836852697 cfg1 2 1 0 0 na na
10 61280.406350337210 0.043836929528 cfg1 2 1 0 0 na na
10 61280.458350324851 0.043836980313 cfg1 2 1 0 0 na na
10 61280.642350319292 0.043837180469 cfg1 2 1 0 0 na na
10 61280.743350348010 0.043837274571 cfg1 2 1 0 0 na na
10 61280.757350287452 0.043837311834 cfg1 2 1 0 0 na na
10 61280.806350349292 0.043837356201 cfg1 2 1 0 0 na na
10 61280.821350332848 0.043837375247 cfg1 2 1 0 0 na na
10 61280.861350378395 0.043837417209 cfg1 2 1 0 0 na na
10 61280.871350318588 0.043837414112 cfg1 2 1 0 0 na na
10 61280.880350274329 0.043837428117 cfg1 2 1 0 0 na na
10 61281.152350321458 0.043837718681 cfg1 2 1 0 0 na na
10 61281.422350271075 0.043838019270 cfg1 2 1 0 0 na na
10 61281.429350325298 0.043838037014 cfg1 2 1 0 0 na na
10 61281.445350323282 0.043838054879 cfg1 2 1 0 0 na na
10 61281.450350315076 0.043838046790 cfg1 2 1 0 0 na na
10 61281.465350353941 0.043838067642 cfg1 2 1 0 0 na na
10 61281.649350305502 0.043838289782 cfg1 2 1 0 0 na na
10 61281.747350305477 0.043838389083 cfg1 2 1 0 0 na na
10 61281.853350362905 0.043838491424 cfg1 2 1 0 0 na na
10 61281.890350352025 0.043838550489 cfg1 2 1 0 0 na na
10 61281.893350315090 0.043838553731 cfg1 2 1 0 0 na na
10 61282.056350262276 0.043838709717 cfg1 2 1 0 0 na na
10 61282.140350335907 0.043838815656 cfg1 2 1 0 0 na na
10 61282.195350330932 0.043838888404 cfg1 2 1 0 0 na na
10 61282.238350300083 0.043838925892 cfg1 2 1 0 0 na na
10 61282.411350359051 0.043839120196 cfg1 2 1 0 0 na na
10 61282.527350297110 0.043839255330 cfg1 2 1 0 0 na na
10 61282.755350384272 0.043839490720 cfg1 2 1 0 0 na na
10 61283.032350360912 0.043839812581 cfg1 2 1 0 0 na na
10 61283.141350296160 0.043839929296 cfg1 2 1 0 0 na na
10 61283.222350299385 0.043840001735 cfg1 2 1 0 0 na na
10 61283.308350315916 0.043840118437 cfg1 2 1 0 0 na na
10 61283.330350325148 0.043840135577 cfg1 2 1 0 0 na na
10 61283.336350327240 0.043840148332 cfg1 2 1 0 0 na na
10 61283.362350353954 0.043840184721 cfg1 2 1 0 0 na na
10 61283.473350269414 0.043840282479 cfg1 2 1 0 0 na na
10 61283.488350355889 0.043840327865 cfg1 2 1 0 0 na na
10 61283.606350278491 0.043840457659 cfg1 2 1 0 0 na na
10 61283.634350371032 0.043840486390 cfg1 2 1 0 0 na na
10 61283.670350321056 0.043840514429 cfg1 2 1 0 0 na na
10 61283.718350294971 0.043840583607 cfg1 2 1 0 0 na na
10 61283.862350320961 0.043840718582 cfg1 2 1 0 0 na na
10 61283.901350357376 0.043840776248 cfg1 2 1 0 0 na na
10 61283.921350349266 0.043840804714 cfg1 2 1 0 0 na na
10 61284.071350257225 0.043840964769 cfg1 2 1 0 0 na na
10 61284.074350339482 0.043840979360 cfg1 2 1 0 0 na na
10 61284.331350377974 0.043841259505 cfg1 2 1 0 0 na na
10 61284.385350325019 0.043841308728 cfg1 2 1 0 0 na na
10 61284.547350324834 0.043841505669 cfg1 2 1 0 0 na na
10 61284.724350352735 0.043841693130 cfg1 2 1 0 0 na na
10 61284.745350317429 0.043841722967 cfg1 2 1 0 0 na na
10 61284.747350315325 0.043841731547 cfg1 2 1 0 0 na na
10 61284.875350289560 0.043841881731 cfg1 2 1 0 0 na na
10 61284.910350273101 0.043841906208 cfg1 2 1 0 0 na na
10 61284.916350297655 0.043841923852 cfg1 2 1 0 0 na na
10 61284.989350265756 0.043842001355 cfg1 2 1 0 0 na na
10 61285.015350319920 0.043842047621 cfg1 2 1 0 0 na na
10 61285.056350333989 0.043842089156 cfg1 2 1 0 0 na na
10 61285.072350263104 0.043842099070 cfg1 2 1 0 0 na na
10 61285.107350296844 0.043842145271 cfg1 2 1 0 0 na na
10 61285.140350339798 0.043842191464 cfg1 2 1 0 0 na na
10 61285.197350312447 0.043842245087 cfg1 2 1 0 0 na na
10 61285.241350364123 0.043842289209 cfg1 2 1 0 0 na na
10 61285.253350252954 0.043842315000 cfg1 2 1 0 0 na na
10 61285.304350333547 0.043842363810 cfg1 2 1 0 0 na na
10 61285.355350326433 0.043842435856 cfg1 2 1 0 0 na na
10 61285.408350386818 0.043842479818 cfg1 2 1 0 0 na na
10 61285.486350347349 0.043842589276 cfg1 2 1 0 0 na na
10 61285.637350397353 0.043842747348 cfg1 2 1 0 0 na na
10 61285.713350352947 0.043842847238 cfg1 2 1 0 0 na na
10 61285.937350280074 0.043843100580 cfg1 2 1 0 0 na na
10 61286.138350339136 0.043843331656 cfg1 2 1 0 0 na na
10 61286.353350288438 0.043843581214 cfg1 2 1 0 0 na na
10 61286.368350364282 0.043843594754 cfg1 2 1 0 0 na na
10 61286.773350298735 0.043844054961 cfg1 2 1 0 0 na na
10 61286.815350308573 0.043844109323 cfg1 2 1 0 0 na na
10 61286.920350283388 0.043844235857 cfg1 2 1 0 0 na na
10 61286.926350325357 0.043844241688 cfg1 2 1 0 0 na na
10 61287.095350315629 0.043844444851 cfg1 2 1 0 0 na na
10 61287.167350353392 0.043844535669 cfg1 2 1 0 0 na na
10 61287.175350338161 0.043844533742 cfg1 2 1 0 0 na na
10 61287.340350313941 0.043844726736 cfg1 2 1 0 0 na na
10 61287.412350353613 0.043844796694 cfg1 2 1 0 0 na na
10 61287.524350269104 0.043844950100 cfg1 2 1 0 0 na na
10 61287.579350332072 0.043845005689 cfg1 2 1 0 0 na na
10 61287.613350338728 0.043845058870 cfg1 2 1 0 0 na na
10 61287.615350340387 0.043845060449 cfg1 2 1 0 0 na na
10 61287.825350335846 0.043845284783 cfg1 2 1 0 0 na na
10 61287.987350301902 0.043845496963 cfg1 2 1 0 0 na na
10 61288.087350293086 0.043845605104 cfg1 2 1 0 0 na na
10 61288.142350282034 0.043845678554 cfg1 2 1 0 0 na na
10 61288.224350340890 0.043845772327 cfg1 2 1 0 0 na na
10 61288.423350292413 0.043845997628 cfg1 2 1 0 0 na na
10 61288.498350287390 0.043846090531 cfg1 2 2 0 0 na na
10 61288.550350309151 0.043846146063 cfg1 2 1 0 0 na na
10 61288.560350342168 0.043846164182 cfg1 2 2 0 0 na na
10 61288.625350288702 0.043846231741 cfg1 2 1 0 0 na na
10 61288.696350355937 0.043846321544 cfg1 2 1 0 0 na na
10 61288.777350299792 0.043846422470 cfg1 2 1 0 0 na na
10 61289.041350370511 0.043846737539 cfg1 2 1 0 0 na na
10 61289.061350338684 0.043846754334 cfg1 2 1 0 0 na na
10 61289.096350294633 0.043846791854 cfg1 2 1 0 0 na na
10 61289.139350321408 0.043846846668 cfg1 2 1 0 0 na na
10 61289.196350327338 0.043846921449 cfg1 2 1 0 0 na na
10 61289.224350319747 0.043846950677 cfg1 2 1 0 0 na na
10 61289.274350281143 0.043847021694 cfg1 2 1 0 0 na na
10 61289.276350295395 0.043847011148 cfg1 2 1 0 0 na na
10 61289.449350352819 0.043847214111 cfg1 2 1 0 0 na na
10 61289.489350320710 0.043847282725 cfg1 2 1 0 0 na na
10 61289.536350307269 0.043847321115 cfg1 2 1 0 0 na na
10 61289.569350291101 0.043847362656 cfg1 2 1 0 0 na na
10 61289.612350375372 0.043847430413 cfg1 2 1 0 0 na na
10 61289.722350327966 0.043847555309 cfg1 2 1 0 0 na na
10 61289.777350294585 0.043847634726 cfg1 2 1 0 0 na na
10 61289.831350363168 0.043847699312 cfg1 2 1 0 0 na na
10 61289.838350250898 0.043847695948 cfg1 2 1 0 0 na na
10 61289.865350327823 0.043847732325 cfg1 2 1 0 0 na na
10 61289.929350336820 0.043847796002 cfg1 2 1 0 0 na na
10 61290.062350326247 0.043847967755 cfg1 2 1 0 0 na na
10 61290.116350339377 0.043848027661 cfg1 2 1 0 0 na na
10 61290.132350305757 0.043848035993 cfg1 2 1 0 0 na na
10 61290.165350340523 0.043848074817 cfg1 2 1 0 0 na na
10 61290.222350329828 0.043848150898 cfg1 2 1 0 0 na na
10 61290.235350317326 0.043848177029 cfg1 2 1 0 0 na na
10 61290.253350307154 0.043848193107 cfg1 2 1 0 0 na na
10 61290.261350348744 0.043848212415 cfg1 2 1 0 0 na na
10 61290.349350341441 0.043848321473 cfg1 2 1 0 0 na na
10 61290.394350325832 0.043848353818 cfg1 2 1 0 0 na na
10 61290.463350286839 0.043848446137 cfg1 2 1 0 0 na na
10 61290.487350309525 0.043848481018 cfg1 2 1 0 0 na na
10 61290.613350330722 0.043848637133 cfg1 2 1 0 0 na na
10 61290.753350306302 0.043848815130 cfg1 2 1 0 0 na na
10 61290.835350339912 0.043848910408 cfg1 2 1 0 0 na na
10 61291.274350292350 0.043849447790 cfg1 2 1 0 0 na na
10 61291.316350324331 0.043849499176 cfg1 2 1 0 0 na na
10 61291.323350341786 0.043849486431 cfg1 2 1 0 0 na na
10 61291.389350335301 0.043849570940 cfg1 2 1 0 0 na na
10 61291.399350317438 0.043849577735 cfg1 2 1 0 0 na na
10 61291.440350266116 0.043849625800 cfg1 2 1 0 0 na na
10 61291.466350288712 0.043849681684 cfg1 2 1 0 0 na na
10 61291.513350326640 0.043849715895 cfg1 2 1 0 0 na na
10 61291.515350295108 0.043849719705 cfg1 2 1 0 0 na na
10 61291.683350389063 0.043849937647 cfg1 2 1 0 0 na na
10 61291.806350293204 0.043850099870 cfg1 2 1 0 0 na na
10 61291.840350301199 0.043850123813 cfg1 2 1 0 0 na na
10 61291.844350355355 0.043850128025 cfg1 2 1 0 0 na na
10 61291.997350324371 0.043850335922 cfg1 2 1 0 0 na na
10 61292.070350300985 0.043850414455 cfg1 2 1 0 0 na na
10 61292.300350302850 0.043850692784 cfg1 2 1 0 0 na na
10 61292.356350284968 0.043850757956 cfg1 2 1 0 0 na na
10 61292.454350309143 0.043850897748 cfg1 2 1 0 0 na na
10 61292.513350344734 0.043850951066 cfg1 2 1 0 0 na na
10 61292.626350354390 0.043851105034 cfg1 2 1 0 0 na na
10 61292.770350279106 0.043851285013 cfg1 2 1 0 0 na na
10 61292.843350280460 0.043851359364 cfg1 2 1 0 0 na na
10 61292.916350339464 0.043851452659 cfg1 2 1 0 0 na na
10 61292.920350271368 0.043851456275 cfg1 2 1 0 0 na na
10 61292.926350304027 0.043851485529 cfg1 2 1 0 0 na na
10 61293.022350339875 0.043851605648 cfg1 2 1 0 0 na na
10 61293.061350308687 0.043851630395 cfg1 2 1 0 0 na na
10 61293.083350314429 0.043851662526 cfg1 2 1 0 0 na na
10 61293.109350353238 0.043851706093 cfg1 2 1 0 0 na na
10 61293.181350288608 0.043851779799 cfg1 2 1 0 0 na na
10 61293.613350336640 0.043852342166 cfg1 2 1 0 0 na na
10 61293.629350324308 0.043852345801 cfg1 2 1 0 0 na na
10 61293.649350322198 0.043852389477 cfg1 2 1 0 0 na na
10 61293.678350289052 0.043852400339 cfg1 2 1 0 0 na na
10 61293.823350276859 0.043852592211 cfg1 2 1 0 0 na na
10 61293.864350311143 0.043852656137 cfg1 2 1 0 0 na na
10 61294.017350280898 0.043852850890 cfg1 2 1 0 0 na na
10 61294.035350328551 0.043852874647 cfg1 2 1 0 0 na na
10 61294.185350338973 0.043853060029 cfg1 2 1 0 0 na na
10 61294.251350298583 0.043853132745 cfg1 2 1 0 0 na na
10 61294.276350343241 0.043853154515 cfg1 2 1 0 0 na na
10 61294.403350320115 0.043853325050 cfg1 2 1 0 0 na na
10 61294.446350244849 0.043853392075 cfg1 2 1 0 0 na na
10 61294.472350295400 0.043853415261 cfg1 2 1 0 0 na na
10 61294.645350357050 0.043853631576 cfg1 2 1 0 0 na na
10 61294.720350282901 0.043853729380 cfg1 2 2 0 0 na na
10 61294.741350324415 0.043853759860 cfg1 2 1 0 0 na na
10 61294.766350309604 0.043853792521 cfg1 2 1 0 0 na na
10 61294.810350342407 0.043853852157 cfg1 2 1 0 0 na na
10 61294.816350303975 0.043853859157 cfg1 2 1 0 0 na na
10 61294.856350306445 0.043853893172 cfg1 2 1 0 0 na na
10 61294.859350292558 0.043853918952 cfg1 2 1 0 0 na na
10 61294.993350329604 0.043854088097 cfg1 2 1 0 0 na na
10 61295.059350259911 0.043854167411 cfg1 2 1 0 0 na na
10 61295.127350323731 0.043854246296 cfg1 2 1 0 0 na na
10 61295.163350289724 0.043854288292 cfg1 2 1 0 0 na na
10 61295.291350321643 0.043854444287 cfg1 2 1 0 0 na na
10 61295.511350259359 0.043854732703 cfg1 2 1 0 0 na na
10 61295.534350379234 0.043854765252 cfg1 2 1 0 0 na na
10 61295.657350337877 0.043854918452 cfg1 2 1 0 0 na na
10 61295.688350310277 0.043854951087 cfg1 2 1 0 0 na na
10 61295.760350334462 0.043855046406 cfg1 2 1 0 0 na na
10 61295.763350357050 0.043855070411 cfg1 2 1 0 0 na na
10 61295.773350329725 0.043855059975 cfg1 2 1 0 0 na na
10 61295.779350260514 0.043855080492 cfg1 2 1 0 0 na na
10 61295.978350321635 0.043855330808 cfg1 2 1 0 0 na na
10 61296.171350295870 0.043855577566 cfg1 2 1 0 0 na na
10 61296.240350361811 0.043855667911 cfg1 2 1 0 0 na na
10 61296.338350333158 0.043855812315 cfg1 2 1 0 0 na na
10 61296.465350313596 0.043855957935 cfg1 2 1 0 0 na na
10 61296.556350335986 0.043856081483 cfg1 2 2 0 0 na na
10 61296.691350390143 0.043856250898 cfg1 2 1 0 0 na na
10 61296.747350284864 0.043856333671 cfg1 2 1 0 0 na na
10 61296.808350276165 0.043856420107 cfg1 2 1 0 0 na na
10 61296.900350341341 0.043856522042 cfg1 2 1 0 0 na na
10 61296.907350271205 0.043856522048 cfg1 2 1 0 0 na na
10 61297.039350299875 0.043856708749 cfg1 2 1 0 0 na na
10 61297.095350270040 0.043856766929 cfg1 2 1 0 0 na na
10 61297.123350312647 0.043856816320 cfg1 2 1 0 0 na na
10 61297.299350356950 0.043857060653 cfg1 2 1 0 0 na na
10 61297.319350337129 0.043857066082 cfg1 2 1 0 0 na na
10 61297.508350305780 0.043857318809 cfg1 2 1 0 0 na na
10 61297.646350301445 0.043857504019 cfg1 2 1 0 0 na na
10 61297.678350274546 0.043857547592 cfg1 2 1 0 0 na na
10 61297.761350348646 0.043857660898 cfg1 2 1 0 0 na na
10 61297.839350319714 0.043857751664 cfg1 2 1 0 0 na na
10 61298.037350327614 0.043858016825 cfg1 2 1 0 0 na na
10 61298.234350361776 0.043858262324 cfg1 2 1 0 0 na na
10 61298.251350380038 0.043858301274 cfg1 2 1 0 0 na na
10 61298.252350323469 0.043858287551 cfg1 2 1 0 0 na na
10 61298.379350244961 0.043858471914 cfg1 2 1 0 0 na na
10 61298.416350354252 0.043858509698 cfg1 2 1 0 0 na na
10 61298.521350328509 0.043858648501 cfg1 2 1 0 0 na na
10 61298.685350341386 0.043858857679 cfg1 2 1 0 0 na na
10 61298.707350257004 0.043858889798 cfg1 2 1 0 0 na na
10 61298.880350283348 0.043859118079 cfg1 2 1 0 0 na na
10 61298.916350315053 0.043859167552 cfg1 2 1 0 0 na na
10 61298.920350319036 0.043859180349 cfg1 2 1 0 0 na na
10 61298.956350318464 0.043859214347 cfg1 2 1 0 0 na na
10 61299.062350290980 0.043859373355 cfg1 2 1 0 0 na na
10 61299.144350310303 0.043859476763 cfg1 2 1 0 0 na na
10 61299.183350374442 0.043859531785 cfg1 2 1 0 0 na na
10 61299.211350363464 0.043859561671 cfg1 2 1 0 0 na na
10 61299.253350296326 0.043859610171 cfg1 2 1 0 0 na na
10 61299.314350334059 0.043859698969 cfg1 2 1 0 0 na na
10 61299.364350344856 0.043859765878 cfg1 2 1 0 0 na na
10 61299.549350335535 0.043860019766 cfg1 2 1 0 0 na na
10 61299.617350312991 0.043860102962 cfg1 2 1 0 0 na na
10 61299.695350343875 0.043860203744 cfg1 2 1 0 0 na na
10 61299.737350323104 0.043860272599 cfg1 2 1 0 0 na na
10 61299.895350324569 0.043860472245 cfg1 2 1 0 0 na na
10 61299.941350319915 0.043860546580 cfg1 2 1 0 0 na na
10 61300.006350334810 0.043860619951 cfg1 2 1 0 0 na na
10 61300.023350311483 0.043860644672 cfg1 2 1 0 0 na na
10 61300.047350279341 0.043860665606 cfg1 2 1 0 0 na na
10 61300.154350325115 0.043860820182 cfg1 2 2 0 0 na na
10 61300.212350303146 0.043860903975 cfg1 2 1 0 0 na na
10 61300.225350331360 0.043860916049 cfg1 2 1 0 0 na na
10 61300.291350320629 0.043861001049 cfg1 2 1 0 0 na na
10 61300.358350305282 0.043861089211 cfg1 2 1 0 0 na na
10 61300.409350332805 0.043861149660 cfg1 2 1 0 0 na na
10 61300.495350325212 0.043861292165 cfg1 2 1 0 0 na na
10 61300.512350313836 0.043861295892 cfg1 2 1 0 0 na na
10 61300.525350337407 0.043861318537 cfg1 2 1 0 0 na na
10 61300.668350357802 0.043861501067 cfg1 2 1 0 0 na na
10 61300.687350329173 0.043861540093 cfg1 2 1 0 0 na na
10 61300.709350266699 0.043861573312 cfg1 2 1 0 0 na na
10 61300.726350335515 0.043861590717 cfg1 2 1 0 0 na na
10 61300.744350317876 0.043861608923 cfg1 2 1 0 0 na na
10 61300.825350320722 0.043861721647 cfg1 2 1 0 0 na na
10 61300.846350346074 0.043861745378 cfg1 2 1 0 0 na na
10 61300.928350336089 0.043861860956 cfg1 2 1 0 0 na na
10 61300.948350326668 0.043861883552 cfg1 2 1 0 0 na na
10 61300.964350306946 0.043861923615 cfg1 2 1 0 0 na na
10 61300.973350267387 0.043861909512 cfg1 2 1 0 0 na na
10 61301.086350362064 0.043862088483 cfg1 2 1 0 0 na na
10 61301.125350356060 0.043862128940 cfg1 2 1 0 0 na na
10 61301.210350256149 0.043862240798 cfg1 2 1 0 0 na na
10 61301.402350297209 0.043862503835 cfg1 2 2 0 0 na na
10 61301.418350253282 0.043862523550 cfg1 2 1 0 0 na na
10 61301.470350321809 0.043862587006 cfg1 2 1 0 0 na na
10 61301.483350319365 0.043862602707 cfg1 2 1 0 0 na na
10 61301.486350353266 0.043862622144 cfg1 2 1 0 0 na na
10 61301.571350359857 0.043862747680 cfg1 2 1 0 0 na na
10 61301.573350302328 0.043862748024 cfg1 2 1 0 0 na na
10 61301.652350347267 0.043862832188 cfg1 2 1 0 0 na na
10 61301.682350307254 0.043862870684 cfg1 2 1 0 0 na na
10 61301.774350350683 0.043863022159 cfg1 2 1 0 0 na na
10 61302.144350309171 0.043863514598 cfg1 2 2 0 0 na na
10 61302.198350301077 0.043863604173 cfg1 2 1 0 0 na na
10 61302.208350317273 0.043863609044 cfg1 2 1 0 0 na na
10 61302.301350285119 0.043863733519 cfg1 2 1 0 0 na na
10 61302.391350312546 0.043863860971 cfg1 2 1 0 0 na na
10 61302.559350299952 0.043864078145 cfg1 2 1 0 0 na na
10 61302.759350372216 0.043864365695 cfg1 2 1 0 0 na na
10 61302.787350317243 0.043864400769 cfg1 2 1 0 0 na na
10 61302.890350310664 0.043864538214 cfg1 2 1 0 0 na na
10 61302.995350332045 0.043864682856 cfg1 2 2 0 0 na na
10 61303.081350304930 0.043864799367 cfg1 2 1 0 0 na na
10 61303.139350353728 0.043864879727 cfg1 2 1 0 0 na na
10 61303.263350356707 0.043865064268 cfg1 2 1 0 0 na na
10 61303.312350316185 0.043865109174 cfg1 2 1 0 0 na na
10 61303.372350319351 0.043865218175 cfg1 2 1 0 0 na na
10 61303.378350323806 0.043865213907 cfg1 2 1 0 0 na na
10 61303.530350329198 0.043865422217 cfg1 2 1 0 0 na na
10 61303.625350317841 0.043865550666 cfg1 2 1 0 0 na na
10 61303.738350357203 0.043865716302 cfg1 2 1 0 0 na na
10 61303.963350277055 0.043866032422 cfg1 2 1 0 0 na na
10 61303.975350288062 0.043866027140 cfg1 2 1 0 0 na na
10 61304.094350314351 0.043866211013 cfg1 2 1 0 0 na na
10 61304.100350336168 0.043866221638 cfg1 2 1 0 0 na na
10 61304.161350289774 0.043866304179 cfg1 2 1 0 0 na na
10 61304.348350338133 0.043866565997 cfg1 2 1 0 0 na na
10 61304.413350279564 0.043866646161 cfg1 2 1 0 0 na na
10 61304.499350329904 0.043866777446 cfg1 2 1 0 0 na na
10 61304.609350315824 0.043866926140 cfg1 2 1 0 0 na na
10 61304.842350296233 0.043867247089 cfg1 2 1 0 0 na na
10 61304.846350337378 0.043867264435 cfg1 2 1 0 0 na na
10 61305.006350351318 0.043867480364 cfg1 2 1 0 0 na na
10 61305.036350349633 0.043867530448 cfg1 2 1 0 0 na na
10 61305.041350270924 0.043867526375 cfg1 2 1 0 0 na na
10 61305.102350351505 0.043867631572 cfg1 2 1 0 0 na na
10 61305.275350341698 0.043867857289 cfg1 2 1 0 0 na na
10 61305.497350260460 0.043868184133 cfg1 2 1 0 0 na na
10 61305.522350325331 0.043868200151 cfg1 2 1 0 0 na na
10 61305.721350316338 0.043868504245 cfg1 2 1 0 0 na na
10 61305.722350323771 0.043868501758 cfg1 2 1 0 0 na na
10 61305.770350354072 0.043868551661 cfg1 2 1 0 0 na na
10 61305.794350375780 0.043868587288 cfg1 2 1 0 0 na na
10 61305.987350326824 0.043868853277 cfg1 2 1 0 0 na na
10 61306.053350313522 0.043868947947 cfg1 2 1 0 0 na na
10 61306.096350388145 0.043869020819 cfg1 2 2 0 0 na na
10 61306.163350306795 0.043869117325 cfg1 2 1 0 0 na na
10 61306.268350352085 0.043869274337 cfg1 2 1 0 0 na na
10 61306.395350319284 0.043869450290 cfg1 2 1 0 0 na na
10 61306.410350299715 0.043869454909 cfg1 2 1 0 0 na na
10 61306.431350383283 0.043869483836 cfg1 2 1 0 0 na na
10 61306.461350306390 0.043869532358 cfg1 2 1 0 0 na na
10 61306.468350328817 0.043869558312 cfg1 2 1 0 0 na na
10 61306.517350324715 0.043869615257 cfg1 2 1 0 0 na na
10 61306.803350304309 0.043870027651 cfg1 2 2 0 0 na na
10 61306.882350313176 0.043870151214 cfg1 2 1 0 0 na na
10 61306.921350352550 0.043870202586 cfg1 2 1 0 0 na na
10 61307.059350360193 0.043870407678 cfg1 2 1 0 0 na na
10 61307.117350368139 0.043870491043 cfg1 2 1 0 0 na na
10 61307.118350307661 0.043870483391 cfg1 2 1 0 0 na na
10 61307.181350294124 0.043870563859 cfg1 2 1 0 0 na na
10 61307.221350312883 0.043870635386 cfg1 2 1 0 0 na na
10 61307.241350291257 0.043870657826 cfg1 2 1 0 0 na na
10 61307.245350346628 0.043870658113 cfg1 2 1 0 0 na na
10 61307.288350305867 0.043870732766 cfg1 2 1 0 0 na na
10 61307.294350343529 0.043870730707 cfg1 2 1 0 0 na na
10 61307.385350332203 0.043870876348 cfg1 2 1 0 0 na na
10 61307.496350329313 0.043871030287 cfg1 2 1 0 0 na na
10 61307.606350393753 0.043871192272 cfg1 2 1 0 0 na na
10 61307.658350262202 0.043871259060 cfg1 2 1 0 0 na na
10 61307.677350340280 0.043871270626 cfg1 2 1 0 0 na na
10 61307.942350343990 0.043871656115 cfg1 2 1 0 0 na na
10 61307.983350299444 0.043871725246 cfg1 2 1 0 0 na na
10 61308.017350308660 0.043871774632 cfg1 2 1 0 0 na na
10 61308.148350310823 0.043871948246 cfg1 2 1 0 0 na na
10 61308.276350324802 0.043872135900 cfg1 2 1 0 0 na na
10 61308.374350290865 0.043872291217 cfg1 2 1 0 0 na na
10 61308.414350355866 0.043872357468 cfg1 2 1 0 0 na na
10 61308.474350300005 0.043872430388 cfg1 2 1 0 0 na na
10 61308.481350324052 0.043872438438 cfg1 2 1 0 0 na na
10 61308.535350361770 0.043872509980 cfg1 2 1 0 0 na na
10 61308.585350301914 0.043872587236 cfg1 2 1 0 0 na na
10 61308.642350372239 0.043872673760 cfg1 2 1 0 0 na na
10 61308.746350297168 0.043872841101 cfg1 2 1 0 0 na na
10 61308.773350295202 0.043872875739 cfg1 2 1 0 0 na na
10 61308.865350371313 0.043872998529 cfg1 2 1 0 0 na na
10 61308.979350367234 0.043873176437 cfg1 2 1 0 0 na na
10 61309.057350332412 0.043873268261 cfg1 2 1 0 0 na na
10 61309.172350278659 0.043873451062 cfg1 2 1 0 0 na na
10 61309.204350359033 0.043873509531 cfg1 2 1 0 0 na na
10 61309.264350296350 0.043873574591 cfg1 2 1 0 0 na na
10 61309.273350315011 0.043873605635 cfg1 2 1 0 0 na na
10 61309.274350365154 0.043873602025 cfg1 2 1 0 0 na na
10 61309.388350380642 0.043873774430 cfg1 2 1 0 0 na na
10 61309.486350322862 0.043873919029 cfg1 2 1 0 0 na na
10 61309.624350302647 0.043874116739 cfg1 2 1 0 0 na na
10 61309.631350308206 0.043874118803 cfg1 2 1 0 0 na na
10 61309.675350319167 0.043874172470 cfg1 2 1 0 0 na na
10 61309.726350297081 0.043874257109 cfg1 2 1 0 0 na na
10 61309.812350351107 0.043874386536 cfg1 2 1 0 0 na na
10 61309.878350343933 0.043874482369 cfg1 2 1 0 0 na na
10 61309.884350342774 0.043874490376 cfg1 2 1 0 0 na na
10 61310.059350265656 0.043874753065 cfg1 2 1 0 0 na na
10 61310.177350342061 0.043874921385 cfg1 2 1 0 0 na na
10 61310.357350315050 0.043875178022 cfg1 2 1 0 0 na na
10 61310.359350254675 0.043875197174 cfg1 2 1 0 0 na na
10 61310.393350245187 0.043875251760 cfg1 2 1 0 0 na na
10 61310.398350309455 0.043875258799 cfg1 2 1 0 0 na na
10 61310.437350313346 0.043875306345 cfg1 2 1 0 0 na na
10 61310.464350302987 0.043875346682 cfg1 2 1 0 0 na na
10 61310.625350308573 0.043875585943 cfg1 2 1 0 0 na na
10 61310.636350293827 0.043875601112 cfg1 2 1 0 0 na na
10 61310.686350340884 0.043875680348 cfg1 2 1 0 0 na na
10 61310.692350318411 0.043875684951 cfg1 2 1 0 0 na na
10 61310.721350350368 0.043875726858 cfg1 2 1 0 0 na na
10 61310.738350260194 0.043875746692 cfg1 2 1 0 0 na na
10 61310.751350323921 0.043875762937 cfg1 2 1 0 0 na na
10 61310.753350313862 0.043875779529 cfg1 2 1 0 0 na na
10 61310.939350336527 0.043876061127 cfg1 2 1 0 0 na na
10 61311.058350267939 0.043876216407 cfg1 2 1 0 0 na na
10 61311.067350305227 0.043876226080 cfg1 2 1 0 0 na na
10 61311.196350245158 0.043876436701 cfg1 2 1 0 0 na na
10 61311.214350335449 0.043876463972 cfg1 2 1 0 0 na na
10 61311.339350296583 0.043876642700 cfg1 2 1 0 0 na na
10 61311.443350310944 0.043876807313 cfg1 2 1 0 0 na na
10 61311.466350307027 0.043876830379 cfg1 2 1 0 0 na na
10 61311.662350293867 0.043877120288 cfg1 2 1 0 0 na na
10 61311.703350341981 0.043877197708 cfg1 2 1 0 0 na na
10 61311.744350360274 0.043877239519 cfg1 2 1 0 0 na na
10 61311.973350308920 0.043877583319 cfg1 2 1 0 0 na na
10 61311.986350285989 0.043877602141 cfg1 2 1 0 0 na na
10 61312.006350310261 0.043877626626 cfg1 2 1 0 0 na na
10 61312.023350289774 0.043877652279 cfg1 2 1 0 0 na na
10 61312.130350324265 0.043877826457 cfg1 2 1 0 0 na na
10 61312.155350297898 0.043877870223 cfg1 2 1 0 0 na na
10 61312.178350288874 0.043877887496 cfg1 2 1 0 0 na na
10 61312.229350310619 0.043877974501 cfg1 2 1 0 0 na na
10 61312.242350308257 0.043877984439 cfg1 2 1 0 0 na na
10 61312.311350348022 0.043878110511 cfg1 2 1 0 0 na na
10 61312.332350277481 0.043878128386 cfg1 2 1 0 0 na na
10 61312.497350320136 0.043878382062 cfg1 2 1 0 0 na na
10 61312.539350353083 0.043878452854 cfg1 2 1 0 0 na na
10 61312.552350312959 0.043878475546 cfg1 2 1 0 0 na na
10 61312.665350288660 0.043878643564 cfg1 2 1 0 0 na na
10 61312.676350385398 0.043878646432 cfg1 2 1 0 0 na na
10 61312.723350360057 0.043878713421 cfg1 2 1 0 0 na na
10 61312.750350335799 0.043878763968 cfg1 2 1 0 0 na na
10 61313.109350294737 0.043879295157 cfg1 2 1 0 0 na na
10 61313.130350290094 0.043879323464 cfg1 2 1 0 0 na na
10 61313.131350283527 0.043879322085 cfg1 2 1 0 0 na na
10 61313.177350312298 0.043879415587 cfg1 2 1 0 0 na na
10 61313.276350376504 0.043879558250 cfg1 2 1 0 0 na na
10 61313.281350278763 0.043879560232 cfg1 2 1 0 0 na na
10 61313.333350302927 0.043879647886 cfg1 2 1 0 0 na na
10 61313.432350356707 0.043879792433 cfg1 2 1 0 0 na na
10 61313.541350255724 0.043879956040 cfg1 2 1 0 0 na na
10 61313.563350316388 0.043879974041 cfg1 2 1 0 0 na na
10 61313.585350313522 0.043880032370 cfg1 2 1 0 0 na na
10 61313.681350380170 0.043880165699 cfg1 2 1 0 0 na na
10 61313.700350328268 0.043880185514 cfg1 2 1 0 0 na na
10 61313.876350271053 0.043880461169 cfg1 2 1 0 0 na na
10 61313.911350312765 0.043880514886 cfg1 2 1 0 0 na na
10 61313.939350261602 0.043880567397 cfg1 2 1 0 0 na na
10 61314.037350343524 0.043880715586 cfg1 2 1 0 0 na na
10 61314.069350293764 0.043880761654 cfg1 2 1 0 0 na na
10 61314.328350280541 0.043881161656 cfg1 2 1 0 0 na na
10 61314.490350329698 0.043881386914 cfg1 2 1 0 0 na na
10 61314.706350365747 0.043881720300 cfg1 2 1 0 0 na na
10 61314.716350261722 0.043881740554 cfg1 2 1 0 0 na na
10 61314.771350326658 0.043881831138 cfg1 2 2 0 0 na na
10 61314.917350331278 0.043882061199 cfg1 2 1 0 0 na na
10 61314.939350343375 0.043882092418 cfg1 2 1 0 0 na na
10 61315.030350333529 0.043882229582 cfg1 2 1 0 0 na na
10 61315.032350293878 0.043882219518 cfg1 2 1 0 0 na na
10 61315.132350318711 0.043882387693 cfg1 2 1 0 0 na na
10 61315.466350348489 0.043882894066 cfg1 2 1 0 0 na na
10 61315.488350326232 0.043882941057 cfg1 2 1 0 0 na na
10 61315.532350351727 0.043882988938 cfg1 2 1 0 0 na na
10 61315.557350335853 0.043883028305 cfg1 2 1 0 0 na na
10 61315.570350389468 0.043883058211 cfg1 2 1 0 0 na na
10 61315.607350371706 0.043883115671 cfg1 2 1 0 0 na na
10 61315.632350298932 0.043883160065 cfg1 2 1 0 0 na na
10 61315.905350326616 0.043883569631 cfg1 2 1 0 0 na na
10 61315.907350277253 0.043883578481 cfg1 2 1 0 0 na na
10 61316.035350358598 0.043883783217 cfg1 2 1 0 0 na na
10 61316.044350341788 0.043883809034 cfg1 2 1 0 0 na na
10 61316.073350347699 0.043883849266 cfg1 2 1 0 0 na na
10 61316.150350340385 0.043883963463 cfg1 2 1 0 0 na na
10 61316.155350322222 0.043883969116 cfg1 2 1 0 0 na na
10 61316.198350327530 0.043884033440 cfg1 2 1 0 0 na na
10 61316.210350322122 0.043884046679 cfg1 2 1 0 0 na na
10 61316.302350326046 0.043884181534 cfg1 2 1 0 0 na na
10 61316.384350329753 0.043884325772 cfg1 2 1 0 0 na na
10 61316.825350355292 0.043885009120 cfg1 2 1 0 0 na na
10 61317.010350293987 0.043885289002 cfg1 2 1 0 0 na na
10 61317.079350282731 0.043885406596 cfg1 2 2 0 0 na na
10 61317.134350346442 0.043885508271 cfg1 2 1 0 0 na na
10 61317.204350330787 0.043885589494 cfg1 2 1 0 0 na na
10 61317.370350332795 0.043885866351 cfg1 2 1 0 0 na na
10 61317.482350333028 0.043886039389 cfg1 2 1 0 0 na na
10 61317.557350322132 0.043886155965 cfg1 2 1 0 0 na na
10 61317.807350292225 0.043886549965 cfg1 2 1 0 0 na na
10 61317.819350396435 0.043886576743 cfg1 2 1 0 0 na na
10 61317.892350301188 0.043886687551 cfg1 2 1 0 0 na na
10 61318.025350360989 0.043886892402 cfg1 2 2 0 0 na na
10 61318.050350325267 0.043886932558 cfg1 2 1 0 0 na na
10 61318.069350335576 0.043886968769 cfg1 2 1 0 0 na na
10 61318.086350262303 0.043886979720 cfg1 2 1 0 0 na na
10 61318.154350358431 0.043887094567 cfg1 2 1 0 0 na na
10 61318.175350307061 0.043887138794 cfg1 2 1 0 0 na na
10 61318.272350307341 0.043887285258 cfg1 2 1 0 0 na na
10 61318.429350329474 0.043887523255 cfg1 2 1 0 0 na na
10 61318.484350295348 0.043887603890 cfg1 2 1 0 0 na na
10 61318.523350326235 0.043887678185 cfg1 2 1 0 0 na na
10 61318.658350264952 0.043887881913 cfg1 2 1 0 0 na na
10 61318.753350319271 0.043888058090 cfg1 2 1 0 0 na na
10 61318.946350314820 0.043888337362 cfg1 2 1 0 0 na na
10 61319.001350293412 0.043888439217 cfg1 2 1 0 0 na na
10 61319.027350346288 0.043888489847 cfg1 2 1 0 0 na na
10 61319.154350389847 0.043888679528 cfg1 2 1 0 0 na na
10 61319.191350317384 0.043888737577 cfg1 2 1 0 0 na na
10 61319.197350331087 0.043888738554 cfg1 2 1 0 0 na na
10 61319.240350314374 0.043888807970 cfg1 2 1 0 0 na na
10 61319.274350259254 0.043888867675 cfg1 2 1 0 0 na na
10 61319.351350352471 0.043888997250 cfg1 2 1 0 0 na na
10 61319.506350326517 0.043889237633 cfg1 2 1 0 0 na na
10 61319.509350329230 0.043889245182 cfg1 2 1 0 0 na na
10 61319.533350325159 0.043889299205 cfg1 2 1 0 0 na na
10 61319.620350314120 0.043889438046 cfg1 2 1 0 0 na na
10 61319.656350324844 0.043889493515 cfg1 2 1 0 0 na na
10 61319.727350360272 0.043889598877 cfg1 2 1 0 0 na na
10 61319.738350302558 0.043889620110 cfg1 2 1 0 0 na na
10 61319.894350303410 0.043889866033 cfg1 2 1 0 0 na na
10 61319.899350281102 0.043889882813 cfg1 2 1 0 0 na na
10 61319.912350359437 0.043889897502 cfg1 2 1 0 0 na na
10 61320.105350311359 0.043890214232 cfg1 2 1 0 0 na na
10 61320.247350317049 0.043890426624 cfg1 2 1 0 0 na na
10 61320.328350294316 0.043890559008 cfg1 2 1 0 0 na na
10 61320.378350312053 0.043890649652 cfg1 2 1 0 0 na na
10 61320.381350328061 0.043890630558 cfg1 2 1 0 0 na na
10 61320.454350299815 0.043890770225 cfg1 2 1 0 0 na na
10 61320.468350339901 0.043890780877 cfg1 2 1 0 0 na na
10 61320.681350340910 0.043891121001 cfg1 2 1 0 0 na na
10 61320.711350331601 0.043891163430 cfg1 2 1 0 0 na na
10 61320.732350314295 0.043891213756 cfg1 2 1 0 0 na na
10 61320.743350310129 0.043891224032 cfg1 2 1 0 0 na na
10 61320.780350270197 0.043891299834 cfg1 2 1 0 0 na na
10 61320.817350304221 0.043891332258 cfg1 2 1 0 0 na na
10 61320.907350310468 0.043891494140 cfg1 2 1 0 0 na na
10 61321.100350317588 0.043891796353 cfg1 2 1 0 0 na na
10 61321.142350302965 0.043891872110 cfg1 2 1 0 0 na na
10 61321.255350328295 0.043892069570 cfg1 2 1 0 0 na na
10 61321.267350328825 0.043892077383 cfg1 2 1 0 0 na na
10 61321.328350312734 0.043892180847 cfg1 2 1 0 0 na na
10 61321.340350332030 0.043892182383 cfg1 2 1 0 0 na na
10 61321.476350367451 0.043892410004 cfg1 2 1 0 0 na na
10 61321.477350283296 0.043892412577 cfg1 2 1 0 0 na na
10 61321.492350303120 0.043892438674 cfg1 2 2 0 0 na na
10 61321.593350298047 0.043892616648 cfg1 2 1 0 0 na na
10 61321.711350309397 0.043892797894 cfg1 2 1 0 0 na na
10 61321.902350303537 0.043893106532 cfg1 2 1 0 0 na na
10 61321.930350316478 0.043893142640 cfg1 2 1 0 0 na na
10 61321.938350316159 0.043893154040 cfg1 2 1 0 0 na na
10 61322.013350285713 0.043893275992 cfg1 2 1 0 0 na na
10 61322.078350284383 0.043893381263 cfg1 2 1 0 0 na na
10 61322.195350326131 0.043893592066 cfg1 2 1 0 0 na na
10 61322.294350327038 0.043893744985 cfg1 2 1 0 0 na na
10 61322.306350302617 0.043893750224 cfg1 2 1 0 0 na na
10 61322.425350330202 0.043893969522 cfg1 2 1 0 0 na na
10 61322.598350268408 0.043894247880 cfg1 2 1 0 0 na na
10 61322.665350296825 0.043894354488 cfg1 2 1 0 0 na na
10 61322.743350312030 0.043894471056 cfg1 2 1 0 0 na na
10 61322.866350297699 0.043894677905 cfg1 2 1 0 0 na na
10 61322.886350301248 0.043894718164 cfg1 2 1 0 0 na na
10 61323.091350297515 0.043895048906 cfg1 2 1 0 0 na na
10 61323.147350326523 0.043895151204 cfg1 2 1 0 0 na na
10 61323.149350270179 0.043895133083 cfg1 2 1 0 0 na na
10 61323.151350339230 0.043895154194 cfg1 2 1 0 0 na na
10 61323.287350324403 0.043895371127 cfg1 2 1 0 0 na na
10 61323.325350286276 0.043895422122 cfg1 2 1 0 0 na na
10 61323.345350326883 0.043895459063 cfg1 2 1 0 0 na na
10 61323.527350283492 0.043895769260 cfg1 2 1 0 0 na na
10 61323.801350354808 0.043896220523 cfg1 2 1 0 0 na na
10 61323.826350332689 0.043896274813 cfg1 2 1 0 0 na na
10 61323.893350292367 0.043896361710 cfg1 2 1 0 0 na na
10 61324.166350358970 0.043896840058 cfg1 2 1 0 0 na na
10 61324.368350287011 0.043897151698 cfg1 2 1 0 0 na na
10 61324.371350316390 0.043897167261 cfg1 2 1 0 0 na na
10 61324.373350320880 0.043897158299 cfg1 2 1 0 0 na na
10 61324.429350327108 0.043897258152 cfg1 2 1 0 0 na na
10 61324.534350368179 0.043897433651 cfg1 2 1 0 0 na na
10 61324.597350281434 0.043897532452 cfg1 2 1 0 0 na na
10 61324.708350344069 0.043897726590 cfg1 2 1 0 0 na na
10 61324.728350301467 0.043897755939 cfg1 2 1 0 0 na na
10 61324.764350305930 0.043897814199 cfg1 2 1 0 0 na na
10 61324.799350350146 0.043897890614 cfg1 2 1 0 0 na na
10 61324.853350305968 0.043897967727 cfg1 2 1 0 0 na na
10 61324.992350313712 0.043898188470 cfg1 2 1 0 0 na na
10 61325.087350348429 0.043898361102 cfg1 2 1 0 0 na na
10 61325.256350297834 0.043898650697 cfg1 2 1 0 0 na na
10 61325.374350343137 0.043898841534 cfg1 2 1 0 0 na na
10 61325.425350363745 0.043898916696 cfg1 2 1 0 0 na na
10 61325.514350306775 0.043899066876 cfg1 2 1 0 0 na na
10 61325.704350339626 0.043899388837 cfg1 2 1 0 0 na na
10 61325.873350290487 0.043899680835 cfg1 2 1 0 0 na na
10 61326.059350296821 0.043899980878 cfg1 2 1 0 0 na na
10 61326.290350308160 0.043900368050 cfg1 2 1 0 0 na na
10 61326.695350341829 0.043901071506 cfg1 2 1 0 0 na na
10 61326.923350320954 0.043901449647 cfg1 2 1 0 0 na na
10 61326.947350277800 0.043901480559 cfg1 2 1 0 0 na na
10 61326.980350307711 0.043901530571 cfg1 2 1 0 0 na na
10 61327.058350294865 0.043901664768 cfg1 2 1 0 0 na na
10 61327.216350339693 0.043901929359 cfg1 2 1 0 0 na na
10 61327.349350298076 0.043902183884 cfg1 2 1 0 0 na na
10 61327.363350309173 0.043902184304 cfg1 2 1 0 0 na na
10 61327.488350334059 0.043902416471 cfg1 2 1 0 0 na na
10 61327.533350332185 0.043902481083 cfg1 2 1 0 0 na na
10 61327.556350314591 0.043902530051 cfg1 2 1 0 0 na na
10 61327.568350309048 0.043902540730 cfg1 2 2 0 0 na na
10 61327.581350372665 0.043902559626 cfg1 2 1 0 0 na na
10 61327.603350319890 0.043902613109 cfg1 2 1 0 0 na na
10 61327.624350301944 0.043902627890 cfg1 2 1 0 0 na na
10 61327.691350297980 0.043902750596 cfg1 2 1 0 0 na na
10 61327.705350373816 0.043902787210 cfg1 2 1 0 0 na na
10 61327.743350296561 0.043902841381 cfg1 2 1 0 0 na na
10 61327.779350337630 0.043902896038 cfg1 2 1 0 0 na na
10 61327.806350349779 0.043902935765 cfg1 2 1 0 0 na na
10 61327.845350308540 0.043903022627 cfg1 2 1 0 0 na na
10 61327.981350324580 0.043903252152 cfg1 2 1 0 0 na na
10 61327.992350341563 0.043903277318 cfg1 2 1 0 0 na na
10 61328.078350356611 0.043903417519 cfg1 2 1 0 0 na na
10 61328.094350340746 0.043903427536 cfg1 2 1 0 0 na na
10 61328.187350333576 0.043903597666 cfg1 2 1 0 0 na na
10 61328.281350308561 0.043903770904 cfg1 2 1 0 0 na na
10 61328.359350310432 0.043903886404 cfg1 2 1 0 0 na na
10 61328.522350338104 0.043904161593 cfg1 2 1 0 0 na na
10 61328.542350311763 0.043904196329 cfg1 2 1 0 0 na na
10 61328.555350337404 0.043904214930 cfg1 2 1 0 0 na na
10 61328.600350267331 0.043904303364 cfg1 2 1 0 0 na na
10 61328.628350292984 0.043904341234 cfg1 2 1 0 0 na na
10 61328.724350277554 0.043904507056 cfg1 2 1 0 0 na na
10 61328.888350318217 0.043904813777 cfg1 2 1 0 0 na na
10 61329.205350284672 0.043905333673 cfg1 2 1 0 0 na na
10 61329.269350305937 0.043905445493 cfg1 2 1 0 0 na na
10 61329.424350287783 0.043905738938 cfg1 2 1 0 0 na na
10 61329.616350321568 0.043906046362 cfg1 2 1 0 0 na na
10 61329.701350297566 0.043906188438 cfg1 2 1 0 0 na na
10 61329.894350309761 0.043906539502 cfg1 2 1 0 0 na na
10 61329.981350272778 0.043906695524 cfg1 2 1 0 0 na na
10 61330.016350329053 0.043906756777 cfg1 2 1 0 0 na na
10 61330.026350307124 0.043906752137 cfg1 2 1 0 0 na na
10 61330.094350356051 0.043906870825 cfg1 2 1 0 0 na na
10 61330.132350327655 0.043906955235 cfg1 2 1 0 0 na na
10 61330.275350352401 0.043907203327 cfg1 2 1 0 0 na na
10 61330.282350321082 0.043907225036 cfg1 2 1 0 0 na na
10 61330.290350362125 0.043907213892 cfg1 2 1 0 0 na na
10 61330.406350315747 0.043907415934 cfg1 2 1 0 0 na na
10 61330.647350344537 0.043907848464 cfg1 2 1 0 0 na na
10 61330.692350303206 0.043907938171 cfg1 2 1 0 0 na na
10 61331.005350309970 0.043908462045 cfg1 2 1 0 0 na na
10 61331.123350308124 0.043908681388 cfg1 2 1 0 0 na na
10 61331.152350284100 0.043908736229 cfg1 2 1 0 0 na na
10 61331.351350312247 0.043909077103 cfg1 2 1 0 0 na na
10 61331.500350359688 0.043909329029 cfg1 2 1 0 0 na na
10 61331.818350269301 0.043909882501 cfg1 2 1 0 0 na na
10 61331.867350361875 0.043909997681 cfg1 2 1 0 0 na na
10 61332.038350333309 0.043910297038 cfg1 2 1 0 0 na na
10 61332.291350363396 0.043910735954 cfg1 2 1 0 0 na na
10 61332.337350285389 0.043910816162 cfg1 2 1 0 0 na na
10 61332.390350323286 0.043910889817 cfg1 2 1 0 0 na na
10 61332.487350284792 0.043911071437 cfg1 2 1 0 0 na na
10 61332.507350320569 0.043911110542 cfg1 2 1 0 0 na na
10 61332.639350331798 0.043911353684 cfg1 2 1 0 0 na na
10 61332.652350313859 0.043911380294 cfg1 2 1 0 0 na na
10 61332.841350332880 0.043911707298 cfg1 2 1 0 0 na na
10 61333.077350355898 0.043912134436 cfg1 2 1 0 0 na na
10 61333.116350336583 0.043912177977 cfg1 2 1 0 0 na na
10 61333.210350305884 0.043912352116 cfg1 2 1 0 0 na na
10 61333.419350289385 0.043912736717 cfg1 2 1 0 0 na na
10 61333.447350323727 0.043912773832 cfg1 2 1 0 0 na na
10 61333.698350296070 0.043913235770 cfg1 2 1 0 0 na na
10 61333.755350302796 0.043913341203 cfg1 2 1 0 0 na na
10 61333.780350342984 0.043913383256 cfg1 2 1 0 0 na na
10 61333.835350357129 0.043913470516 cfg1 2 1 0 0 na na
10 61334.281350304980 0.043914267152 cfg1 2 1 0 0 na na
10 61334.283350326711 0.043914280846 cfg1 2 1 0 0 na na
10 61334.298350343340 0.043914303614 cfg1 2 1 0 0 na na
10 61334.370350341304 0.043914432368 cfg1 2 1 0 0 na na
10 61334.444350297142 0.043914557850 cfg1 2 1 0 0 na na
10 61334.484350304682 0.043914617473 cfg1 2 1 0 0 na na
10 61334.540350301162 0.043914731114 cfg1 2 1 0 0 na na
10 61334.570350330494 0.043914785027 cfg1 2 1 0 0 na na
10 61334.770350349279 0.043915157081 cfg1 2 1 0 0 na na
10 61334.941350323868 0.043915457731 cfg1 2 1 0 0 na na
10 61334.996350269192 0.043915537802 cfg1 2 1 0 0 na na
10 61335.048350304294 0.043915654218 cfg1 2 1 0 0 na na
10 61335.227350346009 0.043915962897 cfg1 2 1 0 0 na na
10 61335.261350297673 0.043916042909 cfg1 2 1 0 0 na na
10 61335.319350352268 0.043916127730 cfg1 2 1 0 0 na na
10 61335.455350323709 0.043916383379 cfg1 2 1 0 0 na na
10 61335.799350373834 0.043916987709 cfg1 2 1 0 0 na na
10 61335.853350309092 0.043917108381 cfg1 2 1 0 0 na na
10 61335.985350303906 0.043917339348 cfg1 2 1 0 0 na na
10 61336.064350335338 0.043917476013 cfg1 2 1 0 0 na na
10 61336.092350348226 0.043917534611 cfg1 2 1 0 0 na na
10 61336.093350321296 0.043917522729 cfg1 2 1 0 0 na na
10 61336.115350313676 0.043917578266 cfg1 2 1 0 0 na na
10 61336.325350368085 0.043917958695 cfg1 2 1 0 0 na na
10 61336.744350327228 0.043918717439 cfg1 2 1 0 0 na na
10 61336.847350314808 0.043918900764 cfg1 2 1 0 0 na na
10 61336.916350348491 0.043919029908 cfg1 2 1 0 0 na na
10 61336.977350341992 0.043919139499 cfg1 2 1 0 0 na na
10 61337.060350309145 0.043919285170 cfg1 2 1 0 0 na na
10 61337.072350365922 0.043919316644 cfg1 2 2 0 0 na na
10 61337.238350304950 0.043919609022 cfg1 2 1 0 0 na na
10 61337.308350286161 0.043919750573 cfg1 2 1 0 0 na na
10 61337.334350300921 0.043919810624 cfg1 2 1 0 0 na na
10 61337.339350343054 0.043919816629 cfg1 2 1 0 0 na na
10 61337.896350370293 0.043920821516 cfg1 2 1 0 0 na na
10 61337.918350336699 0.043920858308 cfg1 2 1 0 0 na na
10 61337.946350296201 0.043920907868 cfg1 2 1 0 0 na na
10 61338.007350326019 0.043921020343 cfg1 2 1 0 0 na na
10 61338.031350289411 0.043921063548 cfg1 2 1 0 0 na na
10 61338.191350339875 0.043921384370 cfg1 2 1 0 0 na na
10 61338.325350337167 0.043921611769 cfg1 2 1 0 0 na na
10 61338.552350341560 0.043922046490 cfg1 2 1 0 0 na na
10 61338.583350322005 0.043922093405 cfg1 2 1 0 0 na na
10 61338.670350336685 0.043922269129 cfg1 2 1 0 0 na na
10 61338.699350349171 0.043922320202 cfg1 2 1 0 0 na na
10 61338.964350323122 0.043922791848 cfg1 2 1 0 0 na na
10 61339.014350314128 0.043922903298 cfg1 2 1 0 0 na na
10 61339.073350271970 0.043922995025 cfg1 2 1 0 0 na na
10 61339.161350348004 0.043923170031 cfg1 2 1 0 0 na na
10 61339.176350294643 0.043923181812 cfg1 2 1 0 0 na na
10 61339.241350341052 0.043923311831 cfg1 2 1 0 0 na na
10 61339.242350358720 0.043923302498 cfg1 2 1 0 0 na na
10 61339.279350325261 0.043923378235 cfg1 2 1 0 0 na na
10 61339.291350315690 0.043923397405 cfg1 2 1 0 0 na na
10 61339.358350324868 0.043923522859 cfg1 2 1 0 0 na na
10 61339.498350376317 0.043923802657 cfg1 2 1 0 0 na na
10 61339.605350299271 0.043924003580 cfg1 2 1 0 0 na na
10 61339.663350314542 0.043924102409 cfg1 2 1 0 0 na na
10 61339.676350301264 0.043924109331 cfg1 2 1 0 0 na na
10 61339.901350370018 0.043924544606 cfg1 2 1 0 0 na na
10 61339.927350289873 0.043924577148 cfg1 2 1 0 0 na na
10 61339.932350334567 0.043924607323 cfg1 2 1 0 0 na na
10 61339.982350346102 0.043924694230 cfg1 2 1 0 0 na na
10 61340.257350296816 0.043925212138 cfg1 2 1 0 0 na na
10 61340.306350274990 0.043925307397 cfg1 2 1 0 0 na na
10 61340.425350355897 0.043925528190 cfg1 2 1 0 0 na na
10 61341.269350307050 0.043927106968 cfg1 2 1 0 0 na na
10 61341.376350306253 0.043927309732 cfg1 2 1 0 0 na na
10 61341.438350293567 0.043927426194 cfg1 2 1 0 0 na na
10 61341.458350311167 0.043927469058 cfg1 2 1 0 0 na na
10 61341.611350341826 0.043927746642 cfg1 2 1 0 0 na na
10 61341.641350311174 0.043927790161 cfg1 2 1 0 0 na na
10 61341.731350332862 0.043927989253 cfg1 2 1 0 0 na na
10 61341.827350279161 0.043928168393 cfg1 2 1 0 0 na na
10 61342.069350310264 0.043928607909 cfg1 2 1 0 0 na na
10 61342.125350300721 0.043928711829 cfg1 2 1 0 0 na na
10 61342.287350315005 0.043929021830 cfg1 2 1 0 0 na na
10 61342.328350335007 0.043929099176 cfg1 2 1 0 0 na na
10 61342.332350333836 0.043929105381 cfg1 2 1 0 0 na na
10 61342.388350322602 0.043929229452 cfg1 2 1 0 0 na na
10 61342.416350337392 0.043929264297 cfg1 2 1 0 0 na na
10 61342.446350299519 0.043929314254 cfg1 2 1 0 0 na na
10 61342.557350324319 0.043929530484 cfg1 2 1 0 0 na na
10 61342.733350361219 0.043929864282 cfg1 2 1 0 0 na na
10 61342.841350293674 0.043930092804 cfg1 2 1 0 0 na na
10 61342.962350358843 0.043930310555 cfg1 2 1 0 0 na na
10 61343.018350338675 0.043930414933 cfg1 2 1 0 0 na na
10 61343.052350350217 0.043930487797 cfg1 2 1 0 0 na na
10 61343.444350333757 0.043931226129 cfg1 2 1 0 0 na na
10 61343.468350314462 0.043931266782 cfg1 2 1 0 0 na na
10 61343.557350301883 0.043931449082 cfg1 2 1 0 0 na na
10 61343.558350301136 0.043931462552 cfg1 2 1 0 0 na na
10 61343.628350316680 0.043931568547 cfg1 2 1 0 0 na na
10 61343.718350296456 0.043931754040 cfg1 2 1 0 0 na na
10 61343.724350333752 0.043931760300 cfg1 2 1 0 0 na na
10 61343.777350336298 0.043931864960 cfg1 2 1 0 0 na na
10 61343.800350278756 0.043931902871 cfg1 2 1 0 0 na na
10 61343.873350314868 0.043932049810 cfg1 2 1 0 0 na na
10 61343.913350314986 0.043932128246 cfg1 2 1 0 0 na na
10 61343.952350284870 0.043932204604 cfg1 2 1 0 0 na na
10 61343.975350321356 0.043932233918 cfg1 2 1 0 0 na na
10 61344.129350326730 0.043932549048 cfg1 2 1 0 0 na na
10 61344.193350338257 0.043932664521 cfg1 2 1 0 0 na na
10 61344.225350273102 0.043932732188 cfg1 2 1 0 0 na na
10 61344.418350362367 0.043933103523 cfg1 2 1 0 0 na na
10 61344.421350337306 0.043933094008 cfg1 2 1 0 0 na na
10 61344.543350298732 0.043933327656 cfg1 2 1 0 0 na na
10 61344.622350313035 0.043933499169 cfg1 2 1 0 0 na na
10 61344.634350314393 0.043933505170 cfg1 2 1 0 0 na na
10 61344.844350289814 0.043933921952 cfg1 2 1 0 0 na na
10 61344.859350354976 0.043933950352 cfg1 2 1 0 0 na na
10 61345.209350344923 0.043934626404 cfg1 2 1 0 0 na na
10 61345.285350292426 0.043934784301 cfg1 2 1 0 0 na na
10 61345.532350329117 0.043935244611 cfg1 2 1 0 0 na na
10 61345.544350347575 0.043935260778 cfg1 2 1 0 0 na na
10 61345.825350362300 0.043935812801 cfg1 2 1 0 0 na na
10 61345.846350365132 0.043935849089 cfg1 2 1 0 0 na na
10 61345.895350291069 0.043935960200 cfg1 2 1 0 0 na na
10 61346.048350340768 0.043936250612 cfg1 2 1 0 0 na na
10 61346.330350311085 0.043936794524 cfg1 2 1 0 0 na na
10 61346.402350336607 0.043936929324 cfg1 2 1 0 0 na na
10 61346.483350321905 0.043937084176 cfg1 2 1 0 0 na na
10 61346.868350379721 0.043937844545 cfg1 2 1 0 0 na na
10 61346.885350349255 0.043937883319 cfg1 2 1 0 0 na na
10 61347.061350328378 0.043938243704 cfg1 2 1 0 0 na na
10 61347.099350342465 0.043938294257 cfg1 2 1 0 0 na na
10 61347.158350257660 0.043938414189 cfg1 2 1 0 0 na na
10 61347.220350329376 0.043938539758 cfg1 2 1 0 0 na na
10 61347.251350310954 0.043938614836 cfg1 2 1 0 0 na na
10 61347.421350309538 0.043938947904 cfg1 2 1 0 0 na na
10 61347.423350309509 0.043938949104 cfg1 2 1 0 0 na na
10 61347.599350325654 0.043939269646 cfg1 2 1 0 0 na na
10 61347.689350339944 0.043939476280 cfg1 2 1 0 0 na na
10 61347.697350398920 0.043939472497 cfg1 2 1 0 0 na na
10 61347.767350336434 0.043939602562 cfg1 2 1 0 0 na na
10 61347.799350334676 0.043939680437 cfg1 2 1 0 0 na na
10 61348.119350284330 0.043940303619 cfg1 2 1 0 0 na na
10 61348.177350351855 0.043940422152 cfg1 2 1 0 0 na na
10 61348.179350366882 0.043940426109 cfg1 2 1 0 0 na na
10 61348.227350318065 0.043940535136 cfg1 2 1 0 0 na na
10 61348.280350311497 0.043940622140 cfg1 2 1 0 0 na na
10 61348.344350319343 0.043940748356 cfg1 2 1 0 0 na na
10 61348.369350305700 0.043940798234 cfg1 2 1 0 0 na na
10 61348.557350289818 0.043941171876 cfg1 2 1 0 0 na na
10 61348.584350314295 0.043941224981 cfg1 2 1 0 0 na na
10 61348.674350326730 0.043941397401 cfg1 2 1 0 0 na na
10 61348.803350350688 0.043941670086 cfg1 2 1 0 0 na na
10 61348.817350305908 0.043941683549 cfg1 2 1 0 0 na na
10 61349.061350352024 0.043942180421 cfg1 2 1 0 0 na na
10 61349.107350299641 0.043942269670 cfg1 2 1 0 0 na na
10 61349.153350311356 0.043942341287 cfg1 2 1 0 0 na na
10 61349.211350334792 0.043942470047 cfg1 2 1 0 0 na na
10 61349.274350296186 0.043942600369 cfg1 2 1 0 0 na na
10 61349.615350285781 0.043943262792 cfg1 2 1 0 0 na na
10 61349.638350332043 0.043943333484 cfg1 2 1 0 0 na na
10 61349.668350331188 0.043943394014 cfg1 2 1 0 0 na na
10 61349.837350299282 0.043943721527 cfg1 2 1 0 0 na na
10 61349.979350338851 0.043943999432 cfg1 2 1 0 0 na na
10 61350.059350302677 0.043944161277 cfg1 2 1 0 0 na na
10 61350.097350297167 0.043944238995 cfg1 2 1 0 0 na na
10 61350.114350306120 0.043944278727 cfg1 2 1 0 0 na na
10 61350.318350334170 0.043944676801 cfg1 2 1 0 0 na na
10 61350.531350324072 0.043945105359 cfg1 2 1 0 0 na na
10 61350.532350305885 0.043945118557 cfg1 2 1 0 0 na na
10 61350.681350303800 0.043945419742 cfg1 2 1 0 0 na na
10 61350.725350312320 0.043945482547 cfg1 2 1 0 0 na na
10 61350.759350310062 0.043945566092 cfg1 2 1 0 0 na na
10 61350.906350320408 0.043945869190 cfg1 2 1 0 0 na na
10 61351.004350271252 0.043946040472 cfg1 2 1 0 0 na na
10 61351.032350329151 0.043946113409 cfg1 2 1 0 0 na na
10 61351.133350307827 0.043946312830 cfg1 2 1 0 0 na na
10 61351.200350328328 0.043946456021 cfg1 2 1 0 0 na na
10 61351.216350329391 0.043946470833 cfg1 2 1 0 0 na na
10 61351.353350338235 0.043946757223 cfg1 2 1 0 0 na na
10 61351.619350323083 0.043947287526 cfg1 2 1 0 0 na na
10 61351.830350315913 0.043947720999 cfg1 2 1 0 0 na na
10 61351.851350293928 0.043947768173 cfg1 2 1 0 0 na na
10 61351.856350330865 0.043947778856 cfg1 2 1 0 0 na na
10 61351.876350344838 0.043947810565 cfg1 2 1 0 0 na na
10 61351.986350315839 0.043948025709 cfg1 2 1 0 0 na na
10 61352.237350323609 0.043948535294 cfg1 2 1 0 0 na na
10 61352.348350301278 0.043948756173 cfg1 2 1 0 0 na na
10 61352.440350299183 0.043948957667 cfg1 2 1 0 0 na na
10 61352.593350331983 0.043949275896 cfg1 2 1 0 0 na na
10 61352.756350354152 0.043949604745 cfg1 2 1 0 0 na na
10 61352.943350331849 0.043949977952 cfg1 2 1 0 0 na na
10 61352.947350344665 0.043949985814 cfg1 2 1 0 0 na na
10 61352.956350330899 0.043950003351 cfg1 2 1 0 0 na na
10 61352.973350299403 0.043950052385 cfg1 2 1 0 0 na na
10 61353.200350363871 0.043950488463 cfg1 2 1 0 0 na na
10 61353.206350332470 0.043950514447 cfg1 2 1 0 0 na na
10 61353.288350350682 0.043950670061 cfg1 2 1 0 0 na na
10 61353.379350339429 0.043950864419 cfg1 2 1 0 0 na na
10 61353.566350332141 0.043951243509 cfg1 2 1 0 0 na na
10 61353.629350398825 0.043951379064 cfg1 2 1 0 0 na na
10 61353.694350319728 0.043951516636 cfg1 2 1 0 0 na na
10 61353.885350318750 0.043951898064 cfg1 2 1 0 0 na na
10 61353.985350311956 0.043952091513 cfg1 2 1 0 0 na na
10 61354.004350327785 0.043952158967 cfg1 2 1 0 0 na na
10 61354.039350315919 0.043952219101 cfg1 2 1 0 0 na na
10 61354.171350296409 0.043952491018 cfg1 2 1 0 0 na na
10 61354.227350333762 0.043952602767 cfg1 2 1 0 0 na na
10 61354.285350299973 0.043952730352 cfg1 2 1 0 0 na na
10 61354.348350313484 0.043952838270 cfg1 2 1 0 0 na na
10 61354.379350320320 0.043952899385 cfg1 2 1 0 0 na na
10 61354.403350320291 0.043952959673 cfg1 2 1 0 0 na na
10 61354.417350290556 0.043952986262 cfg1 2 1 0 0 na na
10 61354.511350300248 0.043953193143 cfg1 2 1 0 0 na na
10 61354.567350306943 0.043953286060 cfg1 2 1 0 0 na na
10 61354.723350325158 0.043953606983 cfg1 2 1 0 0 na na
10 61354.796350335626 0.043953763538 cfg1 2 1 0 0 na na
10 61354.806350305156 0.043953785569 cfg1 2 1 0 0 na na
10 61354.849350296227 0.043953874668 cfg1 2 1 0 0 na na
10 61354.876350338619 0.043953925696 cfg1 2 1 0 0 na na
10 61354.914350319394 0.043954012495 cfg1 2 1 0 0 na na
10 61355.465350299766 0.043955140502 cfg1 2 1 0 0 na na
10 61355.543350307967 0.043955303730 cfg1 2 1 0 0 na na
10 61355.693350294399 0.043955620177 cfg1 2 1 0 0 na na
10 61355.715350315517 0.043955679650 cfg1 2 1 0 0 na na
10 61355.825350356565 0.043955905852 cfg1 2 1 0 0 na na
10 61355.843350314054 0.043955935389 cfg1 2 1 0 0 na na
10 61355.896350342725 0.043956044644 cfg1 2 1 0 0 na na
10 61355.956350311539 0.043956165403 cfg1 2 1 0 0 na na
10 61356.056350274322 0.043956376106 cfg1 2 1 0 0 na na
10 61356.119350416827 0.043956517309 cfg1 2 1 0 0 na na
10 61356.335350325924 0.043956950615 cfg1 2 1 0 0 na na
10 61356.373350316757 0.043957029593 cfg1 2 1 0 0 na na
10 61356.381350325315 0.043957052939 cfg1 2 1 0 0 na na
10 61356.444350288325 0.043957190314 cfg1 2 1 0 0 na na
10 61356.592350267809 0.043957500887 cfg1 2 1 0 0 na na
10 61356.775350296310 0.043957882989 cfg1 2 1 0 0 na na
10 61356.823350325369 0.043957989780 cfg1 2 1 0 0 na na
10 61356.828350325006 0.043957971262 cfg1 2 1 0 0 na na
10 61357.105350331083 0.043958553409 cfg1 2 1 0 0 na na
10 61357.224350322101 0.043958814382 cfg1 2 1 0 0 na na
10 61357.315350327159 0.043958989337 cfg1 2 1 0 0 na na
10 61357.328350328416 0.043959016048 cfg1 2 1 0 0 na na
10 61357.332350273552 0.043959024231 cfg1 2 1 0 0 na na
10 61357.419350276059 0.043959220950 cfg1 2 1 0 0 na na
10 61357.442350291871 0.043959276698 cfg1 2 1 0 0 na na
10 61357.503350302625 0.043959396030 cfg1 2 1 0 0 na na
10 61357.506350309520 0.043959402208 cfg1 2 1 0 0 na na
10 61357.574350318222 0.043959545558 cfg1 2 1 0 0 na na
10 61357.578350258040 0.043959548774 cfg1 2 1 0 0 na na
10 61357.582350268797 0.043959550892 cfg1 2 1 0 0 na na
10 61357.617350313108 0.043959622076 cfg1 2 1 0 0 na na
10 61357.686350324036 0.043959782547 cfg1 2 1 0 0 na na
10 61357.827350364117 0.043960082151 cfg1 2 1 0 0 na na
10 61357.841350302785 0.043960091302 cfg1 2 1 0 0 na na
10 61357.843350314402 0.043960108616 cfg1 2 1 0 0 na na
10 61357.873350331980 0.043960180005 cfg1 2 1 0 0 na na
10 61358.043350298156 0.043960531774 cfg1 2 1 0 0 na na
10 61358.185350300511 0.043960825620 cfg1 2 1 0 0 na na
10 61358.395350340312 0.043961285255 cfg1 2 1 0 0 na na
10 61358.999350308243 0.043962552505 cfg1 2 1 0 0 na na
10 61359.026350267558 0.043962602968 cfg1 2 1 0 0 na na
10 61359.161350363531 0.043962875532 cfg1 2 1 0 0 na na
10 61359.194350357955 0.043962973783 cfg1 2 1 0 0 na na
10 61359.283350348631 0.043963137477 cfg1 2 1 0 0 na na
10 61359.392350313847 0.043963390187 cfg1 2 1 0 0 na na
10 61359.529350351024 0.043963667187 cfg1 2 1 0 0 na na
10 61360.054350321146 0.043964780455 cfg1 2 1 0 0 na na
10 61360.185350326838 0.043965051035 cfg1 2 1 0 0 na na
10 61360.231350308303 0.043965165473 cfg1 2 1 0 0 na na
10 61360.273350273613 0.043965241063 cfg1 2 1 0 0 na na
10 61360.442350281762 0.043965616304 cfg1 2 1 0 0 na na
10 61360.536350322694 0.043965826418 cfg1 2 1 0 0 na na
10 61360.749350346686 0.043966271379 cfg1 2 1 0 0 na na
10 61360.857350247641 0.043966504121 cfg1 2 1 0 0 na na
10 61360.895350339270 0.043966565603 cfg1 2 1 0 0 na na
10 61361.007350263298 0.043966808692 cfg1 2 1 0 0 na na
10 61361.177350349305 0.043967190184 cfg1 2 1 0 0 na na
10 61361.419350311743 0.043967691116 cfg1 2 1 0 0 na na
10 61361.543350322348 0.043967982990 cfg1 2 1 0 0 na na
10 61361.730350322144 0.043968356901 cfg1 2 1 0 0 na na
10 61361.763350332214 0.043968443930 cfg1 2 1 0 0 na na
10 61361.771350319429 0.043968472902 cfg1 2 1 0 0 na na
10 61361.823350332234 0.043968560096 cfg1 2 1 0 0 na na
10 61361.946350249939 0.043968841965 cfg1 2 1 0 0 na na
10 61361.973350302572 0.043968892330 cfg1 2 1 0 0 na na
10 61361.999350318103 0.043968957850 cfg1 2 1 0 0 na na
10 61362.011350322680 0.043968964280 cfg1 2 1 0 0 na na
10 61362.127350292059 0.043969238700 cfg1 2 1 0 0 na na
10 61362.143350260712 0.043969256975 cfg1 2 1 0 0 na na
10 61362.301350291545 0.043969594813 cfg1 2 1 0 0 na na
10 61362.338350267365 0.043969669444 cfg1 2 1 0 0 na na
10 61362.369350334333 0.043969749562 cfg1 2 1 0 0 na na
10 61362.655350289856 0.043970381542 cfg1 2 1 0 0 na na
10 61362.702350336955 0.043970481837 cfg1 2 1 0 0 na na
10 61363.113350322798 0.043971372551 cfg1 2 1 0 0 na na
10 61363.399350266276 0.043971973756 cfg1 2 1 0 0 na na
10 61363.475350280846 0.043972154690 cfg1 2 1 0 0 na na
10 61363.521350292566 0.043972250234 cfg1 2 1 0 0 na na
10 61363.573350281470 0.043972372675 cfg1 2 1 0 0 na na
10 61363.621350299591 0.043972468666 cfg1 2 1 0 0 na na
10 61363.643350320997 0.043972509300 cfg1 2 1 0 0 na na
10 61363.667350294078 0.043972558999 cfg1 2 1 0 0 na na
10 61364.010350333709 0.043973322754 cfg1 2 1 0 0 na na
10 61364.060350254111 0.043973417783 cfg1 2 1 0 0 na na
10 61364.088350301921 0.043973486407 cfg1 2 1 0 0 na na
10 61364.377350313359 0.043974116338 cfg1 2 1 0 0 na na
10 61364.435350300149 0.043974238517 cfg1 2 1 0 0 na na
10 61364.540350320415 0.043974471660 cfg1 2 1 0 0 na na
10 61364.640350270950 0.043974671032 cfg1 2 1 0 0 na na
10 61364.745350290154 0.043974925318 cfg1 2 1 0 0 na na
10 61364.856350364653 0.043975172602 cfg1 2 1 0 0 na na
10 61364.859350370707 0.043975158561 cfg1 2 1 0 0 na na
10 61364.991350268926 0.043975455213 cfg1 2 1 0 0 na na
10 61364.995350301446 0.043975449952 cfg1 2 1 0 0 na na
10 61365.011350338170 0.043975507108 cfg1 2 1 0 0 na na
10 61365.116350333482 0.043975735069 cfg1 2 1 0 0 na na
10 61365.213350315526 0.043975942707 cfg1 2 1 0 0 na na
10 61365.362350292526 0.043976261877 cfg1 2 1 0 0 na na
10 61365.367350306869 0.043976279642 cfg1 2 1 0 0 na na
10 61365.571350329482 0.043976725097 cfg1 2 1 0 0 na na
10 61365.831350299711 0.043977297447 cfg1 2 1 0 0 na na
10 61365.836350350037 0.043977311401 cfg1 2 1 0 0 na na
10 61366.018350402340 0.043977727835 cfg1 2 1 0 0 na na
10 61366.025350264537 0.043977717485 cfg1 2 1 0 0 na na
10 61366.052350248971 0.043977793041 cfg1 2 1 0 0 na na
10 61366.439350312981 0.043978652834 cfg1 2 1 0 0 na na
10 61366.510350335928 0.043978805373 cfg1 2 1 0 0 na na
10 61366.538350276213 0.043978862405 cfg1 2 1 0 0 na na
10 61366.772350352948 0.043979386743 cfg1 2 1 0 0 na na
10 61367.207350290220 0.043980362851 cfg1 2 1 0 0 na na
10 61367.452350316728 0.043980891931 cfg1 2 2 0 0 na na
10 61367.477350322617 0.043980942873 cfg1 2 1 0 0 na na
10 61367.510350343524 0.043981020230 cfg1 2 1 0 0 na na
10 61367.538350298962 0.043981080633 cfg1 2 1 0 0 na na
10 61367.612350304626 0.043981248228 cfg1 2 2 0 0 na na
10 61367.725350308773 0.043981490394 cfg1 2 1 0 0 na na
10 61367.785350346662 0.043981633651 cfg1 2 1 0 0 na na
10 61368.127350263787 0.043982388115 cfg1 2 1 0 0 na na
10 61368.186350266643 0.043982519517 cfg1 2 1 0 0 na na
10 61368.396350329119 0.043982998783 cfg1 2 2 0 0 na na
10 61368.445350330826 0.043983117186 cfg1 2 1 0 0 na na
10 61368.953350316402 0.043984243406 cfg1 2 1 0 0 na na
10 61369.182350333131 0.043984761702 cfg1 2 2 0 0 na na
10 61369.302350356020 0.043985021772 cfg1 2 1 0 0 na na
10 61369.396350324076 0.043985233420 cfg1 2 1 0 0 na na
10 61369.631350273717 0.043985776740 cfg1 2 1 0 0 na na
10 61369.862350338137 0.043986300724 cfg1 2 1 0 0 na na
10 61369.939350288209 0.043986466817 cfg1 2 1 0 0 na na
10 61370.061350274008 0.043986730486 cfg1 2 1 0 0 na na
10 61370.358350344902 0.043987414735 cfg1 2 2 0 0 na na
10 61370.588350336617 0.043987927094 cfg1 2 1 0 0 na na
10 61371.178350299718 0.043989276672 cfg1 2 1 0 0 na na
10 61371.207350359528 0.043989341060 cfg1 2 1 0 0 na na
10 61371.232350295498 0.043989397407 cfg1 2 1 0 0 na na
10 61371.347350271277 0.043989671688 cfg1 2 1 0 0 na na
10 61371.621350337192 0.043990269789 cfg1 2 1 0 0 na na
10 61371.633350266452 0.043990308210 cfg1 2 1 0 0 na na
10 61371.711350317164 0.043990488454 cfg1 2 1 0 0 na na
10 61371.757350317285 0.043990601819 cfg1 2 1 0 0 na na
10 61371.771350273023 0.043990639812 cfg1 2 1 0 0 na na
10 61371.908350279215 0.043990954293 cfg1 2 1 0 0 na na
10 61371.951350291670 0.043991049497 cfg1 2 1 0 0 na na
10 61372.001350353643 0.043991163143 cfg1 2 1 0 0 na na
10 61372.034350295719 0.043991226493 cfg1 2 1 0 0 na na
10 61372.209350327360 0.043991631325 cfg1 2 1 0 0 na na
10 61372.214350266777 0.043991625199 cfg1 2 1 0 0 na na
10 61372.221350313678 0.043991660897 cfg1 2 1 0 0 na na
10 61372.237350307931 0.043991683302 cfg1 2 1 0 0 na na
10 61372.326350315956 0.043991890349 cfg1 2 1 0 0 na na
10 61372.430350314772 0.043992126412 cfg1 2 1 0 0 na na
10 61372.490350328469 0.043992279769 cfg1 2 1 0 0 na na
10 61372.533350283101 0.043992372859 cfg1 2 1 0 0 na na
10 61372.593350324182 0.043992496234 cfg1 2 1 0 0 na na
10 61372.648350294878 0.043992638532 cfg1 2 1 0 0 na na
10 61372.658350301102 0.043992643556 cfg1 2 1 0 0 na na
10 61372.788350325980 0.043992942885 cfg1 2 1 0 0 na na
10 61373.273350307321 0.043994078752 cfg1 2 1 0 0 na na
10 61373.321350311469 0.043994177787 cfg1 2 1 0 0 na na
10 61373.557350312821 0.043994738041 cfg1 2 1 0 0 na na
10 61373.793350347853 0.043995258183 cfg1 2 1 0 0 na na
10 61373.839350284821 0.043995373225 cfg1 2 1 0 0 na na
10 61373.854350314595 0.043995403263 cfg1 2 1 0 0 na na
10 61374.003350335961 0.043995751762 cfg1 2 1 0 0 na na
10 61374.194350297531 0.043996185209 cfg1 2 1 0 0 na na
10 61374.266350313418 0.043996374842 cfg1 2 1 0 0 na na
10 61374.267350314806 0.043996355960 cfg1 2 1 0 0 na na
10 61374.341350293885 0.043996548832 cfg1 2 1 0 0 na na
10 61374.347350247577 0.043996554729 cfg1 2 1 0 0 na na
10 61374.405350278491 0.043996684017 cfg1 2 1 0 0 na na
10 61374.615350286159 0.043997164384 cfg1 2 1 0 0 na na
10 61374.715350288731 0.043997403363 cfg1 2 1 0 0 na na
10 61374.980350353703 0.043998015984 cfg1 2 2 0 0 na na
10 61375.002350273684 0.043998067223 cfg1 2 1 0 0 na na
10 61375.017350391750 0.043998106347 cfg1 2 1 0 0 na na
10 61375.055350339569 0.043998199991 cfg1 2 1 0 0 na na
10 61375.132350303411 0.043998378811 cfg1 2 1 0 0 na na
10 61375.245350325060 0.043998634653 cfg1 2 1 0 0 na na
10 61375.425350371469 0.043999046249 cfg1 2 1 0 0 na na
10 61375.508350332240 0.043999243081 cfg1 2 1 0 0 na na
10 61375.532350340763 0.043999298068 cfg1 2 1 0 0 na na
10 61375.583350294442 0.043999416773 cfg1 2 1 0 0 na na
10 61375.590350293864 0.043999430211 cfg1 2 1 0 0 na na
10 61375.597350296660 0.043999461146 cfg1 2 1 0 0 na na
10 61375.790350260549 0.043999896048 cfg1 2 1 0 0 na na
10 61375.842350375265 0.044000015788 cfg1 2 1 0 0 na na
10 61375.849350330100 0.044000041876 cfg1 2 1 0 0 na na
10 61375.850350345833 0.044000049474 cfg1 2 1 0 0 na na
10 61375.856350354573 0.044000058097 cfg1 2 1 0 0 na na
10 61375.858350319550 0.044000072073 cfg1 2 1 0 0 na na
10 61375.864350340151 0.044000075507 cfg1 2 1 0 0 na na
10 61375.870350312574 0.044000100639 cfg1 2 1 0 0 na na
10 61375.874350283117 0.044000099842 cfg1 2 1 0 0 na na
10 61375.878350303232 0.044000118183 cfg1 2 1 0 0 na na
10 61375.879350279403 0.044000098969 cfg1 2 1 0 0 na na
10 61375.883350304087 0.044000110958 cfg1 2 1 0 0 na na
10 61375.886350295643 0.044000133574 cfg1 2 1 0 0 na na
10 61375.915350329112 0.044000181832 cfg1 2 1 0 0 na na
10 61375.937350345093 0.044000236146 cfg1 2 1 0 0 na na
10 61375.985350370611 0.044000368359 cfg1 2 1 0 0 na na
10 61376.039350363265 0.044000498935 cfg1 2 1 0 0 na na
10 61376.395350308435 0.044001323401 cfg1 2 1 0 0 na na
10 61376.517350282252 0.044001592421 cfg1 2 1 0 0 na na
10 61376.606350267840 0.044001822824 cfg1 2 1 0 0 na na
10 61376.931350352535 0.044002572565 cfg1 2 1 0 0 na na
10 61376.993350266065 0.044002710895 cfg1 2 1 0 0 na na
10 61377.057350317679 0.044002862494 cfg1 2 1 0 0 na na
10 61377.081350309245 0.044002933515 cfg1 2 1 0 0 na na
10 61377.174350379435 0.044003143697 cfg1 2 1 0 0 na na
10 61377.237350300720 0.044003306742 cfg1 2 1 0 0 na na
10 61377.539350268946 0.044004003402 cfg1 2 1 0 0 na na
10 61377.548350372737 0.044004028008 cfg1 2 1 0 0 na na
10 61377.573350328095 0.044004080344 cfg1 2 1 0 0 na na
10 61377.672350269792 0.044004307150 cfg1 2 1 0 0 na na
10 61377.867350333782 0.044004766972 cfg1 2 1 0 0 na na
10 61377.897350353882 0.044004850052 cfg1 2 2 0 0 na na
10 61377.927350280655 0.044004906979 cfg1 2 1 0 0 na na
10 61378.148350316576 0.044005431583 cfg1 2 1 0 0 na na
10 61378.337350245949 0.044005901071 cfg1 2 1 0 0 na na
10 61378.340350352376 0.044005883770 cfg1 2 1 0 0 na na
10 61378.504350346131 0.044006293009 cfg1 2 1 0 0 na na
10 61378.553350284923 0.044006408585 cfg1 2 1 0 0 na na
10 61378.850350299061 0.044007101103 cfg1 2 1 0 0 na na
10 61379.045350267538 0.044007571067 cfg1 2 1 0 0 na na
10 61379.246350320929 0.044008047952 cfg1 2 1 0 0 na na
10 61379.288350318195 0.044008152982 cfg1 2 1 0 0 na na
10 61379.351350292725 0.044008297882 cfg1 2 2 0 0 na na
10 61379.352350337616 0.044008311724 cfg1 2 1 0 0 na na
10 61379.497350295848 0.044008635673 cfg1 2 1 0 0 na na
10 61379.535350333312 0.044008732614 cfg1 2 1 0 0 na na
10 61379.540350284967 0.044008737883 cfg1 2 1 0 0 na na
10 61379.725350367325 0.044009185807 cfg1 2 1 0 0 na na
10 61379.788350344701 0.044009329576 cfg1 2 1 0 0 na na
10 61379.800350337140 0.044009356571 cfg1 2 1 0 0 na na
10 61380.014350315358 0.044009877968 cfg1 2 1 0 0 na na
10 61380.094350321826 0.044010062813 cfg1 2 1 0 0 na na
10 61380.469350342514 0.044010966482 cfg1 2 1 0 0 na na
10 61380.474350336797 0.044010995119 cfg1 2 1 0 0 na na
10 61380.634350260044 0.044011362948 cfg1 2 1 0 0 na na
10 61381.107350305337 0.044012488391 cfg1 2 1 0 0 na na
10 61381.320350289752 0.044013015912 cfg1 2 1 0 0 na na
10 61381.525350309268 0.044013509014 cfg1 2 1 0 0 na na
10 61381.667350332317 0.044013851000 cfg1 2 1 0 0 na na
10 61381.761350308543 0.044014087756 cfg1 2 1 0 0 na na
10 61381.794350271258 0.044014160972 cfg1 2 1 0 0 na na
10 61382.200350282795 0.044015137021 cfg1 2 1 0 0 na na
10 61382.316350325441 0.044015408621 cfg1 2 1 0 0 na na
10 61382.410350308560 0.044015655076 cfg1 2 1 0 0 na na
10 61382.507350316446 0.044015885140 cfg1 2 1 0 0 na na
10 61382.546350325363 0.044015980293 cfg1 2 1 0 0 na na
10 61382.932350321531 0.044016893764 cfg1 2 1 0 0 na na
10 61383.169350341679 0.044017490835 cfg1 2 1 0 0 na na
10 61383.268350327982 0.044017712467 cfg1 2 1 0 0 na na
10 61383.281350306274 0.044017759631 cfg1 2 1 0 0 na na
10 61383.449350358090 0.044018176031 cfg1 2 1 0 0 na na
10 61383.596350335931 0.044018512953 cfg1 2 1 0 0 na na
10 61383.607350298742 0.044018554020 cfg1 2 1 0 0 na na
10 61383.694350331054 0.044018767203 cfg1 2 1 0 0 na na
10 61383.705350309829 0.044018799907 cfg1 2 1 0 0 na na
10 61383.714350288391 0.044018805481 cfg1 2 1 0 0 na na
10 61384.028350328603 0.044019578095 cfg1 2 1 0 0 na na
10 61384.071350316664 0.044019676851 cfg1 2 1 0 0 na na
10 61384.363350293344 0.044020408070 cfg1 2 1 0 0 na na
10 61384.468350295227 0.044020665262 cfg1 2 1 0 0 na na
10 61384.528350347072 0.044020802818 cfg1 2 1 0 0 na na
10 61384.557350356623 0.044020861769 cfg1 2 1 0 0 na na
10 61384.611350331939 0.044020996814 cfg1 2 1 0 0 na na
10 61384.693350334995 0.044021202100 cfg1 2 1 0 0 na na
10 61384.745350323234 0.044021328923 cfg1 2 1 0 0 na na
10 61384.796350301849 0.044021467760 cfg1 2 1 0 0 na na
10 61385.026350308414 0.044022026084 cfg1 2 1 0 0 na na
10 61385.085350346076 0.044022170173 cfg1 2 1 0 0 na na
10 61385.278350333045 0.044022636983 cfg1 2 1 0 0 na na
10 61385.383350294859 0.044022895331 cfg1 2 2 0 0 na na
10 61385.460350333131 0.044023099737 cfg1 2 1 0 0 na na
10 61385.497350302443 0.044023175795 cfg1 2 2 0 0 na na
10 61385.590350283925 0.044023397351 cfg1 2 1 0 0 na na
10 61385.599350320149 0.044023427802 cfg1 2 1 0 0 na na
10 61385.735350288136 0.044023755476 cfg1 2 1 0 0 na na
10 61385.933350299952 0.044024238321 cfg1 2 1 0 0 na na
10 61386.251350299017 0.044025029787 cfg1 2 1 0 0 na na
10 61386.309350320112 0.044025175346 cfg1 2 1 0 0 na na
10 61386.540350325786 0.044025751342 cfg1 2 1 0 0 na na
10 61386.595350317889 0.044025885511 cfg1 2 1 0 0 na na
10 61386.653350313722 0.044026030831 cfg1 2 1 0 0 na na
10 61386.728350347831 0.044026209211 cfg1 2 1 0 0 na na
10 61386.817350300680 0.044026434844 cfg1 2 1 0 0 na na
10 61387.174350319928 0.044027326810 cfg1 2 1 0 0 na na
10 61387.206350305417 0.044027392179 cfg1 2 1 0 0 na na
10 61387.286350291843 0.044027613605 cfg1 2 1 0 0 na na
10 61387.296350322097 0.044027623684 cfg1 2 1 0 0 na na
10 61387.404350333253 0.044027892389 cfg1 2 1 0 0 na na
10 61387.423350373800 0.044027935759 cfg1 2 1 0 0 na na
10 61387.427350316415 0.044027961401 cfg1 2 1 0 0 na na
10 61387.633350298378 0.044028476072 cfg1 2 1 0 0 na na
10 61387.640350341049 0.044028468566 cfg1 2 1 0 0 na na
10 61387.757350320295 0.044028772023 cfg1 2 1 0 0 na na
10 61387.762350322947 0.044028791286 cfg1 2 1 0 0 na na
10 61387.779350267380 0.044028814559 cfg1 2 1 0 0 na na
10 61387.810350247906 0.044028908655 cfg1 2 1 0 0 na na
10 61387.895350279915 0.044029104873 cfg1 2 1 0 0 na na
10 61387.934350288078 0.044029217962 cfg1 2 1 0 0 na na
10 61388.016350349716 0.044029411678 cfg1 2 1 0 0 na na
10 61388.081350244560 0.044029592506 cfg1 2 1 0 0 na na
10 61388.083350284033 0.044029586171 cfg1 2 1 0 0 na na
10 61388.529350328088 0.044030707263 cfg1 2 1 0 0 na na
10 61388.537350307861 0.044030712488 cfg1 2 1 0 0 na na
10 61388.704350318391 0.044031142238 cfg1 2 1 0 0 na na
10 61388.997350325854 0.044031863859 cfg1 2 1 0 0 na na
10 61389.023350330527 0.044031920974 cfg1 2 1 0 0 na na
10 61389.033350306047 0.044031965913 cfg1 2 1 0 0 na na
10 61389.078350316675 0.044032064689 cfg1 2 1 0 0 na na
10 61389.244350312892 0.044032490557 cfg1 2 1 0 0 na na
10 61389.328350335746 0.044032685057 cfg1 2 1 0 0 na na
10 61389.401350322991 0.044032879903 cfg1 2 1 0 0 na na
10 61389.433350271109 0.044032959548 cfg1 2 1 0 0 na na
10 61389.524350267390 0.044033190644 cfg1 2 1 0 0 na na
10 61389.710350288869 0.044033655168 cfg1 2 1 0 0 na na
10 61390.019350287397 0.044034450895 cfg1 2 1 0 0 na na
10 61390.043350311515 0.044034493521 cfg1 2 1 0 0 na na
10 61390.157350309641 0.044034780522 cfg1 2 1 0 0 na na
10 61390.172350280732 0.044034828601 cfg1 2 1 0 0 na na
10 61390.199350310720 0.044034875826 cfg1 2 1 0 0 na na
10 61390.283350347715 0.044035092117 cfg1 2 1 0 0 na na
10 61390.314350328605 0.044035190481 cfg1 2 1 0 0 na na
10 61390.541350310784 0.044035744213 cfg1 2 1 0 0 na na
10 61390.548350314834 0.044035765005 cfg1 2 1 0 0 na na
10 61390.795350302391 0.044036397210 cfg1 2 1 0 0 na na
10 61390.796350352554 0.044036388977 cfg1 2 1 0 0 na na
10 61391.028350284357 0.044036989810 cfg1 2 1 0 0 na na
10 61391.128350269120 0.044037246289 cfg1 2 1 0 0 na na
10 61391.140350301129 0.044037279598 cfg1 2 1 0 0 na na
10 61391.377350292758 0.044037878670 cfg1 2 1 0 0 na na
10 61391.455350347097 0.044038055242 cfg1 2 1 0 0 na na
10 61391.748350337874 0.044038814688 cfg1 2 1 0 0 na na
10 61391.883350337526 0.044039141209 cfg1 2 1 0 0 na na
10 61392.134350287409 0.044039783504 cfg1 2 1 0 0 na na
10 61392.165350287991 0.044039884398 cfg1 2 1 0 0 na na
10 61392.249350344443 0.044040092040 cfg1 2 1 0 0 na na
10 61392.278350337547 0.044040173597 cfg1 2 1 0 0 na na
10 61392.314350277194 0.044040246852 cfg1 2 1 0 0 na na
10 61392.515350298603 0.044040751665 cfg1 2 1 0 0 na na
10 61392.549350334429 0.044040864654 cfg1 2 1 0 0 na na
10 61392.858350343161 0.044041646782 cfg1 2 1 0 0 na na
10 61393.059350336616 0.044042141529 cfg1 2 1 0 0 na na
10 61393.098350320440 0.044042252394 cfg1 2 1 0 0 na na
10 61393.099350255583 0.044042256156 cfg1 2 1 0 0 na na
10 61393.314350318494 0.044042804530 cfg1 2 1 0 0 na na
10 61393.540350308897 0.044043396143 cfg1 2 1 0 0 na na
10 61393.682350271905 0.044043766327 cfg1 2 1 0 0 na na
10 61393.845350334368 0.044044164397 cfg1 2 1 0 0 na na
10 61393.952350300373 0.044044435597 cfg1 2 1 0 0 na na
10 61394.305350281775 0.044045352350 cfg1 2 1 0 0 na na
10 61394.602350333146 0.044046108208 cfg1 2 1 0 0 na na
10 61394.816350350338 0.044046678873 cfg1 2 1 0 0 na na
10 61394.875350301413 0.044046825549 cfg1 2 1 0 0 na na
10 61394.894350312800 0.044046864845 cfg1 2 1 0 0 na na
10 61394.984350326941 0.044047111642 cfg1 2 1 0 0 na na
10 61394.991350384879 0.044047112375 cfg1 2 1 0 0 na na
10 61395.148350333084 0.044047529394 cfg1 2 1 0 0 na na
10 61395.492350317666 0.044048422016 cfg1 2 1 0 0 na na
10 61395.645350281281 0.044048809065 cfg1 2 1 0 0 na na
10 61395.759350271544 0.044049099009 cfg1 2 1 0 0 na na
10 61395.832350301248 0.044049304868 cfg1 2 1 0 0 na na
10 61395.888350378058 0.044049456196 cfg1 2 1 0 0 na na
10 61395.891350351515 0.044049468619 cfg1 2 1 0 0 na na
10 61395.991350328279 0.044049726745 cfg1 2 1 0 0 na na
10 61396.306350318539 0.044050527637 cfg1 2 1 0 0 na na
10 61396.647350279766 0.044051418745 cfg1 2 1 0 0 na na
10 61396.844350366529 0.044051926682 cfg1 2 1 0 0 na na
10 61396.952350336307 0.044052204515 cfg1 2 1 0 0 na na
10 61397.052350254199 0.044052472790 cfg1 2 1 0 0 na na
10 61397.074350313841 0.044052521885 cfg1 2 1 0 0 na na
10 61397.269350340083 0.044053050698 cfg1 2 1 0 0 na na
10 61397.359350310503 0.044053272043 cfg1 2 1 0 0 na na
10 61397.486350283073 0.044053614750 cfg1 2 1 0 0 na na
10 61397.505350327658 0.044053648768 cfg1 2 1 0 0 na na
10 61397.533350289792 0.044053730489 cfg1 2 1 0 0 na na
10 61397.580350334505 0.044053849981 cfg1 2 1 0 0 na na
10 61397.625350307282 0.044053971506 cfg1 2 1 0 0 na na
10 61397.819350284409 0.044054482203 cfg1 2 1 0 0 na na
10 61397.874350330727 0.044054626827 cfg1 2 2 0 0 na na
10 61397.932350302162 0.044054786689 cfg1 2 1 0 0 na na
10 61398.066350274745 0.044055126385 cfg1 2 1 0 0 na na
10 61398.199350259245 0.044055477564 cfg1 2 1 0 0 na na
10 61398.388350375889 0.044055967387 cfg1 2 1 0 0 na na
10 61398.434350342723 0.044056106763 cfg1 2 1 0 0 na na
10 61398.578350389333 0.044056487033 cfg1 2 1 0 0 na na
10 61398.700350318758 0.044056800472 cfg1 2 1 0 0 na na
10 61398.725350267848 0.044056849038 cfg1 2 1 0 0 na na
10 61398.778350285713 0.044057013969 cfg1 2 1 0 0 na na
10 61399.029350290268 0.044057676704 cfg1 2 1 0 0 na na
10 61399.041350305284 0.044057689204 cfg1 2 1 0 0 na na
10 61399.431350314639 0.044058724685 cfg1 2 1 0 0 na na
10 61399.463350312685 0.044058799758 cfg1 2 1 0 0 na na
10 61399.485350297844 0.044058872796 cfg1 2 1 0 0 na na
10 61399.507350314846 0.044058912963 cfg1 2 1 0 0 na na
10 61399.537350366813 0.044059019100 cfg1 2 1 0 0 na na
10 61399.632350334995 0.044059245713 cfg1 2 1 0 0 na na
10 61399.685350310159 0.044059382203 cfg1 2 1 0 0 na na
10 61399.771350305697 0.044059636188 cfg1 2 1 0 0 na na
10 61399.784350331841 0.044059666143 cfg1 2 1 0 0 na na
10 61399.854350330482 0.044059834044 cfg1 2 1 0 0 na na
10 61400.027350280338 0.044060309666 cfg1 2 1 0 0 na na
10 61400.357350313810 0.044061178716 cfg1 2 1 0 0 na na
10 61400.464350337917 0.044061460755 cfg1 2 1 0 0 na na
10 61400.503350302291 0.044061568531 cfg1 2 1 0 0 na na
10 61400.548350313513 0.044061671137 cfg1 2 1 0 0 na na
10 61400.758350312086 0.044062230969 cfg1 2 1 0 0 na na
10 61400.780350292749 0.044062298588 cfg1 2 1 0 0 na na
10 61400.801350349021 0.044062344852 cfg1 2 1 0 0 na na
10 61400.901350316467 0.044062612578 cfg1 2 1 0 0 na na
10 61400.954350252842 0.044062763890 cfg1 2 1 0 0 na na
10 61401.016350336595 0.044062914252 cfg1 2 1 0 0 na na
10 61401.038350314211 0.044062973745 cfg1 2 1 0 0 na na
10 61401.300350273805 0.044063671044 cfg1 2 1 0 0 na na
10 61401.517350263461 0.044064257495 cfg1 2 1 0 0 na na
10 61401.539350309787 0.044064331728 cfg1 2 1 0 0 na na
10 61401.636350332796 0.044064594051 cfg1 2 1 0 0 na na
10 61401.656350321372 0.044064633672 cfg1 2 1 0 0 na na
10 61401.765350296154 0.044064938427 cfg1 2 1 0 0 na na
10 61401.965350310749 0.044065466969 cfg1 2 1 0 0 na na
10 61402.088350343453 0.044065789208 cfg1 2 1 0 0 na na
10 61402.158350330226 0.044065972602 cfg1 2 1 0 0 na na
10 61402.165350314506 0.044065983695 cfg1 2 1 0 0 na na
10 61402.168350344878 0.044066014617 cfg1 2 1 0 0 na na
10 61402.661350299590 0.044067339005 cfg1 2 1 0 0 na na
10 61402.706350311996 0.044067455070 cfg1 2 1 0 0 na na
10 61402.797350366626 0.044067702883 cfg1 2 1 0 0 na na
10 61403.079350295231 0.044068461494 cfg1 2 1 0 0 na na
10 61403.275350384979 0.044068988082 cfg1 2 1 0 0 na na
10 61403.338350330025 0.044069149780 cfg1 2 1 0 0 na na
10 61403.430350295702 0.044069393609 cfg1 2 1 0 0 na na
10 61403.495350293712 0.044069556958 cfg1 2 1 0 0 na na
10 61403.505350338975 0.044069592408 cfg1 2 1 0 0 na na
10 61403.628350279465 0.044069932967 cfg1 2 1 0 0 na na
10 61403.669350296764 0.044070024436 cfg1 2 1 0 0 na na
10 61403.865350350794 0.044070555124 cfg1 2 1 0 0 na na
10 61403.901350323282 0.044070656064 cfg1 2 1 0 0 na na
10 61404.036350338062 0.044071021945 cfg1 2 1 0 0 na na
10 61404.041350368091 0.044071038675 cfg1 2 1 0 0 na na
10 61404.104350259351 0.044071224096 cfg1 2 1 0 0 na na
10 61404.161350322670 0.044071371414 cfg1 2 1 0 0 na na
10 61404.256350334743 0.044071607354 cfg1 2 1 0 0 na na
10 61404.345350296350 0.044071875148 cfg1 2 1 0 0 na na
10 61404.504350283189 0.044072282071 cfg1 2 1 0 0 na na
10 61404.542350309286 0.044072391721 cfg1 2 1 0 0 na na
10 61404.892350377119 0.044073328802 cfg1 2 1 0 0 na na
10 61404.915350368784 0.044073395461 cfg1 2 1 0 0 na na
10 61405.013350359123 0.044073661320 cfg1 2 1 0 0 na na
10 61405.059350356131 0.044073797145 cfg1 2 1 0 0 na na
10 61405.109350320318 0.044073937948 cfg1 2 1 0 0 na na
10 61405.473350284187 0.044074907485 cfg1 2 1 0 0 na na
10 61405.649350323927 0.044075409776 cfg1 2 1 0 0 na na
10 61405.837350287701 0.044075911526 cfg1 2 1 0 0 na na
10 61405.971350292619 0.044076283058 cfg1 2 1 0 0 na na
10 61406.290350290524 0.044077139274 cfg1 2 1 0 0 na na
10 61406.416350323668 0.044077502699 cfg1 2 1 0 0 na na
10 61406.487350332216 0.044077687021 cfg1 2 1 0 0 na na
10 61406.517350268257 0.044077753666 cfg1 2 1 0 0 na na
10 61406.546350299891 0.044077837378 cfg1 2 1 0 0 na na
10 61406.574350262533 0.044077914373 cfg1 2 1 0 0 na na
10 61406.633350288100 0.044078085616 cfg1 2 1 0 0 na na
10 61406.773350328920 0.044078476114 cfg1 2 1 0 0 na na
10 61407.192350310844 0.044079612895 cfg1 2 1 0 0 na na
10 61407.303350292245 0.044079929415 cfg1 2 1 0 0 na na
10 61407.304350268095 0.044079933549 cfg1 2 1 0 0 na na
10 61407.306350343277 0.044079921904 cfg1 2 1 0 0 na na
10 61407.342350315455 0.044080021056 cfg1 2 1 0 0 na na
10 61407.462350329547 0.044080357987 cfg1 2 1 0 0 na na
10 61407.559350304931 0.044080626787 cfg1 2 1 0 0 na na
10 61407.744350313424 0.044081129465 cfg1 2 1 0 0 na na
10 61407.750350296429 0.044081162405 cfg1 2 1 0 0 na na
10 61407.861350370634 0.044081454903 cfg1 2 1 0 0 na na
10 61407.921350318257 0.044081611974 cfg1 2 1 0 0 na na
10 61407.942350312956 0.044081666659 cfg1 2 1 0 0 na na
10 61407.968350361383 0.044081752679 cfg1 2 1 0 0 na na
10 61408.105350270083 0.044082129953 cfg1 2 1 0 0 na na
10 61408.188350357519 0.044082366159 cfg1 2 1 0 0 na na
10 61408.579350302892 0.044083434197 cfg1 2 1 0 0 na na
10 61408.645350318105 0.044083608936 cfg1 2 1 0 0 na na
10 61408.652350257932 0.044083629514 cfg1 2 1 0 0 na na
10 61409.068350304452 0.044084777255 cfg1 2 1 0 0 na na
10 61409.187350306276 0.044085120689 cfg1 2 1 0 0 na na
10 61409.209350347930 0.044085180374 cfg1 2 1 0 0 na na
10 61409.244350316030 0.044085279964 cfg1 2 1 0 0 na na
10 61409.292350302938 0.044085387934 cfg1 2 1 0 0 na na
10 61409.524350251343 0.044086045471 cfg1 2 1 0 0 na na
10 61409.537350289143 0.044086076517 cfg1 2 1 0 0 na na
10 61409.582350324561 0.044086195794 cfg1 2 1 0 0 na na
10 61409.738350287982 0.044086629719 cfg1 2 1 0 0 na na
10 61409.795350296859 0.044086811312 cfg1 2 1 0 0 na na
10 61409.890350272874 0.044087050682 cfg1 2 1 0 0 na na
10 61409.911350311227 0.044087120632 cfg1 2 1 0 0 na na
10 61410.122350302634 0.044087697199 cfg1 2 1 0 0 na na
10 61410.141350265897 0.044087745795 cfg1 2 1 0 0 na na
10 61410.267350329032 0.044088094811 cfg1 2 1 0 0 na na
10 61410.319350254934 0.044088261360 cfg1 2 1 0 0 na na
10 61410.374350328184 0.044088391504 cfg1 2 1 0 0 na na
10 61410.399350254602 0.044088472312 cfg1 2 1 0 0 na na
10 61410.415350336137 0.044088510857 cfg1 2 1 0 0 na na
10 61410.469350243886 0.044088684746 cfg1 2 1 0 0 na na
10 61410.823350337005 0.044089662591 cfg1 2 1 0 0 na na
10 61410.853350339738 0.044089730407 cfg1 2 1 0 0 na na
10 61410.944350310734 0.044090003296 cfg1 2 1 0 0 na na
10 61410.950350304447 0.044090003483 cfg1 2 1 0 0 na na
10 61410.966350256651 0.044090070235 cfg1 2 1 0 0 na na
10 61411.017350312739 0.044090188246 cfg1 2 1 0 0 na na
10 61411.049350330535 0.044090279098 cfg1 2 1 0 0 na na
10 61411.106350303500 0.044090433583 cfg1 2 1 0 0 na na
10 61411.268350285472 0.044090900506 cfg1 2 1 0 0 na na
10 61411.367350325708 0.044091175087 cfg1 2 1 0 0 na na
10 61411.411350352398 0.044091287536 cfg1 2 1 0 0 na na
10 61411.416350290345 0.044091317886 cfg1 2 1 0 0 na na
10 61411.466350260796 0.044091451070 cfg1 2 1 0 0 na na
10 61411.524350339178 0.044091627021 cfg1 2 1 0 0 na na
10 61411.660350266772 0.044091985267 cfg1 2 1 0 0 na na
10 61411.690350343115 0.044092078818 cfg1 2 1 0 0 na na
10 61411.938350343656 0.044092779437 cfg1 2 1 0 0 na na
10 61412.047350333530 0.044093085154 cfg1 2 1 0 0 na na
10 61412.363350260083 0.044093961993 cfg1 2 1 0 0 na na
10 61412.386350328202 0.044094022580 cfg1 2 1 0 0 na na
10 61412.399350279097 0.044094056513 cfg1 2 1 0 0 na na
10 61412.767350309549 0.044095088193 cfg1 2 1 0 0 na na
10 61412.805350323727 0.044095212617 cfg1 2 1 0 0 na na
10 61413.041350321179 0.044095889073 cfg1 2 1 0 0 na na
10 61413.075350301219 0.044095983955 cfg1 2 1 0 0 na na
10 61413.151350297871 0.044096197809 cfg1 2 1 0 0 na na
10 61413.346350275863 0.044096741896 cfg1 2 1 0 0 na na
10 61413.369350320025 0.044096785661 cfg1 2 1 0 0 na na
10 61413.505350289356 0.044097189909 cfg1 2 1 0 0 na na
10 61413.526350292335 0.044097239297 cfg1 2 1 0 0 na na
10 61413.567350287048 0.044097362154 cfg1 2 1 0 0 na na
10 61413.727350313278 0.044097812464 cfg1 2 1 0 0 na na
10 61413.742350292035 0.044097841157 cfg1 2 1 0 0 na na
10 61413.749350340286 0.044097874063 cfg1 2 1 0 0 na na
10 61413.813350288382 0.044098058298 cfg1 2 1 0 0 na na
10 61413.900350287805 0.044098295891 cfg1 2 1 0 0 na na
10 61413.940350281541 0.044098416839 cfg1 2 1 0 0 na na
10 61414.102350371522 0.044098864601 cfg1 2 1 0 0 na na
10 61414.214350288009 0.044099177892 cfg1 2 1 0 0 na na
10 61414.377350286027 0.044099660723 cfg1 2 1 0 0 na na
10 61414.411350339166 0.044099760212 cfg1 2 1 0 0 na na
10 61414.477350336972 0.044099933640 cfg1 2 1 0 0 na na
10 61414.572350294879 0.044100196390 cfg1 2 1 0 0 na na
10 61414.687350300873 0.044100515301 cfg1 2 1 0 0 na na
10 61414.736350272904 0.044100660867 cfg1 2 1 0 0 na na
10 61414.742350324210 0.044100674146 cfg1 2 1 0 0 na na
10 61414.875350339969 0.044101076323 cfg1 2 1 0 0 na na
10 61415.008350349633 0.044101444448 cfg1 2 1 0 0 na na
10 61415.016350333648 0.044101458983 cfg1 2 1 0 0 na na
10 61415.044350294630 0.044101557505 cfg1 2 1 0 0 na na
10 61415.092350350884 0.044101671840 cfg1 2 1 0 0 na na
10 61415.168350338358 0.044101897500 cfg1 2 1 0 0 na na
10 61415.170350322702 0.044101910644 cfg1 2 1 0 0 na na
10 61415.238350316794 0.044102092683 cfg1 2 1 0 0 na na
10 61415.247350333016 0.044102127189 cfg1 2 1 0 0 na na
10 61415.481350278882 0.044102783508 cfg1 2 1 0 0 na na
10 61415.693350364185 0.044103384346 cfg1 2 1 0 0 na na
10 61415.723350244891 0.044103487582 cfg1 2 1 0 0 na na
10 61415.776350284315 0.044103628564 cfg1 2 1 0 0 na na
10 61415.810350296465 0.044103729967 cfg1 2 1 0 0 na na
10 61415.998350333732 0.044104277055 cfg1 2 1 0 0 na na
10 61416.137350342022 0.044104670765 cfg1 2 1 0 0 na na
10 61416.156350276878 0.044104720796 cfg1 2 1 0 0 na na
10 61416.544350246483 0.044105830227 cfg1 2 1 0 0 na na
10 61416.564350286204 0.044105891095 cfg1 2 1 0 0 na na
10 61416.588350298087 0.044105960405 cfg1 2 1 0 0 na na
10 61416.842350252602 0.044106679363 cfg1 2 1 0 0 na na
10 61416.846350290653 0.044106684473 cfg1 2 1 0 0 na na
10 61417.032350300975 0.044107218502 cfg1 2 1 0 0 na na
10 61417.036350273277 0.044107237306 cfg1 2 1 0 0 na na
10 61417.165350322763 0.044107603326 cfg1 2 1 0 0 na na
10 61417.232350304697 0.044107807821 cfg1 2 1 0 0 na na
10 61417.712350246434 0.044109187344 cfg1 2 1 0 0 na na
10 61417.871350329708 0.044109622264 cfg1 2 1 0 0 na na
10 61418.176350371670 0.044110514881 cfg1 2 1 0 0 na na
10 61418.231350328137 0.044110662002 cfg1 2 1 0 0 na na
10 61418.312350309566 0.044110901209 cfg1 2 1 0 0 na na
10 61418.373350291750 0.044111078795 cfg1 2 1 0 0 na na
10 61418.424350262131 0.044111219859 cfg1 2 1 0 0 na na
10 61418.570350316317 0.044111657132 cfg1 2 1 0 0 na na
10 61418.581350312221 0.044111671056 cfg1 2 1 0 0 na na
10 61418.596350331935 0.044111727720 cfg1 2 1 0 0 na na
10 61418.868350364472 0.044112516765 cfg1 2 1 0 0 na na
10 61418.945350305049 0.044112727461 cfg1 2 1 0 0 na na
10 61419.062350347741 0.044113076979 cfg1 2 1 0 0 na na
10 61419.118350257606 0.044113234317 cfg1 2 1 0 0 na na
10 61419.218350280481 0.044113526607 cfg1 2 1 0 0 na na
10 61419.243350309943 0.044113606796 cfg1 2 1 0 0 na na
10 61419.248350324073 0.044113606418 cfg1 2 1 0 0 na na
10 61419.254350267033 0.044113640692 cfg1 2 1 0 0 na na
10 61419.857350270440 0.044115374657 cfg1 2 1 0 0 na na
10 61420.051350267045 0.044115929950 cfg1 2 1 0 0 na na
10 61420.307350332823 0.044116698840 cfg1 2 1 0 0 na na
10 61420.329350305084 0.044116765119 cfg1 2 1 0 0 na na
10 61420.444350291464 0.044117095021 cfg1 2 1 0 0 na na
10 61420.460350338166 0.044117146355 cfg1 2 1 0 0 na na
10 61420.558350315725 0.044117419097 cfg1 2 1 0 0 na na
10 61420.560350372067 0.044117417399 cfg1 2 1 0 0 na na
10 61420.657350266723 0.044117695303 cfg1 2 1 0 0 na na
10 61420.936350296509 0.044118526332 cfg1 2 1 0 0 na na
10 61421.032350289761 0.044118804475 cfg1 2 1 0 0 na na
10 61421.092350328084 0.044118985535 cfg1 2 1 0 0 na na
10 61421.216350258336 0.044119347512 cfg1 2 1 0 0 na na
10 61421.260350374884 0.044119467421 cfg1 2 1 0 0 na na
10 61421.290350317124 0.044119553816 cfg1 2 1 0 0 na na
10 61421.512350276297 0.044120212388 cfg1 2 1 0 0 na na
10 61421.593350311884 0.044120452794 cfg1 2 1 0 0 na na
10 61421.610350317485 0.044120503562 cfg1 2 1 0 0 na na
10 61421.743350363614 0.044120873729 cfg1 2 1 0 0 na na
10 61421.912350258533 0.044121382865 cfg1 2 1 0 0 na na
10 61421.953350282659 0.044121507653 cfg1 2 1 0 0 na na
10 61422.147350307429 0.044122070590 cfg1 2 1 0 0 na na
10 61422.307350321515 0.044122540526 cfg1 2 1 0 0 na na
10 61422.332350288468 0.044122595079 cfg1 2 1 0 0 na na
10 61422.363350290246 0.044122698908 cfg1 2 1 0 0 na na
10 61422.424350291377 0.044122868975 cfg1 2 1 0 0 na na
10 61422.448350252495 0.044122950034 cfg1 2 1 0 0 na na
10 61422.682350299015 0.044123652101 cfg1 2 1 0 0 na na
10 61422.869350332252 0.044124198857 cfg1 2 1 0 0 na na
10 61422.931350354203 0.044124378868 cfg1 2 1 0 0 na na
10 61423.149350326361 0.044125007241 cfg1 2 1 0 0 na na
10 61423.211350334185 0.044125194061 cfg1 2 1 0 0 na na
10 61423.259350286825 0.044125347560 cfg1 2 1 0 0 na na
10 61423.448350247806 0.044125899019 cfg1 2 1 0 0 na na
10 61423.494350304384 0.044126032654 cfg1 2 1 0 0 na na
10 61423.530350333056 0.044126140471 cfg1 2 1 0 0 na na
10 61423.771350328865 0.044126839636 cfg1 2 1 0 0 na na
10 61423.775350316637 0.044126869514 cfg1 2 1 0 0 na na
10 61424.283350276259 0.044128368635 cfg1 2 1 0 0 na na
10 61424.525350339318 0.044129071911 cfg1 2 1 0 0 na na
10 61424.762350338588 0.044129792711 cfg1 2 1 0 0 na na
10 61424.861350315012 0.044130080532 cfg1 2 1 0 0 na na
10 61424.863350312068 0.044130076591 cfg1 2 1 0 0 na na
10 61425.588350285288 0.044132241687 cfg1 2 1 0 0 na na
10 61425.812350326723 0.044132921885 cfg1 2 1 0 0 na na
10 61425.891350333476 0.044133142654 cfg1 2 1 0 0 na na
10 61426.104350266891 0.044133792512 cfg1 2 1 0 0 na na
10 61426.128350333808 0.044133855525 cfg1 2 1 0 0 na na
10 61426.133350319744 0.044133878960 cfg1 2 1 0 0 na na
10 61426.148350332473 0.044133922019 cfg1 2 1 0 0 na na
10 61426.682350314707 0.044135516877 cfg1 2 1 0 0 na na
10 61426.792350312881 0.044135828683 cfg1 2 1 0 0 na na
10 61426.814350261111 0.044135895522 cfg1 2 1 0 0 na na
10 61426.883350302139 0.044136124093 cfg1 2 1 0 0 na na
10 61426.907350308995 0.044136174079 cfg1 2 1 0 0 na na
10 61426.914350320141 0.044136207989 cfg1 2 1 0 0 na na
10 61427.124350329332 0.044136827941 cfg1 2 1 0 0 na na
10 61427.140350312203 0.044136873258 cfg1 2 1 0 0 na na
10 61427.255350326610 0.044137215621 cfg1 2 1 0 0 na na
10 61427.369350261725 0.044137565482 cfg1 2 1 0 0 na na
10 61427.379350310898 0.044137587193 cfg1 2 1 0 0 na na
10 61427.384350327594 0.044137605456 cfg1 2 1 0 0 na na
10 61427.975350305265 0.044139376658 cfg1 2 1 0 0 na na
10 61428.371350263998 0.044140575671 cfg1 2 1 0 0 na na
10 61428.413350294566 0.044140706028 cfg1 2 1 0 0 na na
10 61428.447350284352 0.044140820463 cfg1 2 1 0 0 na na
10 61428.507350338345 0.044140998761 cfg1 2 1 0 0 na na
10 61428.588350358834 0.044141240119 cfg1 2 1 0 0 na na
10 61428.682350348785 0.044141510029 cfg1 2 1 0 0 na na
10 61428.704350306580 0.044141597913 cfg1 2 1 0 0 na na
10 61428.745350283681 0.044141707281 cfg1 2 1 0 0 na na
10 61428.756350270004 0.044141754324 cfg1 2 1 0 0 na na
10 61428.788350325462 0.044141841234 cfg1 2 1 0 0 na na
10 61428.876350324725 0.044142092628 cfg1 2 1 0 0 na na
10 61428.917350274091 0.044142222235 cfg1 2 1 0 0 na na
10 61428.952350301492 0.044142335249 cfg1 2 1 0 0 na na
10 61429.212350362725 0.044143133643 cfg1 2 1 0 0 na na
10 61429.217350301411 0.044143132749 cfg1 2 1 0 0 na na
10 61429.228350312071 0.044143183782 cfg1 2 1 0 0 na na
10 61429.260350325952 0.044143279212 cfg1 2 1 0 0 na na
10 61429.327350299037 0.044143462853 cfg1 2 1 0 0 na na
10 61429.515350277481 0.044144044895 cfg1 2 1 0 0 na na
10 61429.648350351213 0.044144450490 cfg1 2 1 0 0 na na
10 61430.006350302285 0.044145539725 cfg1 2 1 0 0 na na
10 61430.081350340822 0.044145747018 cfg1 2 1 0 0 na na
10 61430.338350352106 0.044146545491 cfg1 2 1 0 0 na na
10 61430.398350393542 0.044146722640 cfg1 2 1 0 0 na na
10 61430.478350374918 0.044146960113 cfg1 2 1 0 0 na na
10 61430.688350290987 0.044147611358 cfg1 2 1 0 0 na na
10 61430.793350330054 0.044147920872 cfg1 2 1 0 0 na na
10 61430.896350328477 0.044148233653 cfg1 2 1 0 0 na na
10 61430.982350318778 0.044148493909 cfg1 2 1 0 0 na na
10 61431.006350289283 0.044148580927 cfg1 2 1 0 0 na na
10 61431.244350312861 0.044149295857 cfg1 2 1 0 0 na na
10 61431.245350319112 0.044149297206 cfg1 2 1 0 0 na na
10 61431.250350286451 0.044149324916 cfg1 2 1 0 0 na na
10 61431.258350337473 0.044149346056 cfg1 2 1 0 0 na na
10 61431.324350367376 0.044149539370 cfg1 2 1 0 0 na na
10 61431.478350298569 0.044150002909 cfg1 2 1 0 0 na na
10 61431.505350337232 0.044150084443 cfg1 2 1 0 0 na na
10 61431.741350318231 0.044150826189 cfg1 2 1 0 0 na na
10 61431.909350297801 0.044151321644 cfg1 2 1 0 0 na na
10 61431.952350250196 0.044151466514 cfg1 2 1 0 0 na na
10 61432.102350303529 0.044151918532 cfg1 2 1 0 0 na na
10 61432.213350268995 0.044152249983 cfg1 2 1 0 0 na na
10 61432.223350351440 0.044152292766 cfg1 2 1 0 0 na na
10 61432.282350364124 0.044152459446 cfg1 2 1 0 0 na na
10 61432.292350359345 0.044152500011 cfg1 2 1 0 0 na na
10 61432.518350315363 0.044153185750 cfg1 2 1 0 0 na na
10 61432.677350301834 0.044153697078 cfg1 2 1 0 0 na na
10 61432.761350290878 0.044153927517 cfg1 2 1 0 0 na na
10 61432.917350313132 0.044154433276 cfg1 2 1 0 0 na na
10 61432.922350338764 0.044154436576 cfg1 2 1 0 0 na na
10 61432.978350350400 0.044154615755 cfg1 2 1 0 0 na na
10 61433.003350352413 0.044154679476 cfg1 2 1 0 0 na na
10 61433.007350385753 0.044154700900 cfg1 2 1 0 0 na na
10 61433.027350327542 0.044154768978 cfg1 2 1 0 0 na na
10 61433.315350294451 0.044155658265 cfg1 2 1 0 0 na na
10 61433.391350349787 0.044155864326 cfg1 2 1 0 0 na na
10 61433.436350274676 0.044156018885 cfg1 2 1 0 0 na na
10 61433.708350288509 0.044156857646 cfg1 2 1 0 0 na na
10 61433.716350295465 0.044156873294 cfg1 2 1 0 0 na na
10 61433.750350276254 0.044156993904 cfg1 2 1 0 0 na na
10 61433.930350271748 0.044157525075 cfg1 2 1 0 0 na na
10 61434.015350342131 0.044157812401 cfg1 2 1 0 0 na na
10 61434.075350282684 0.044157998274 cfg1 2 1 0 0 na na
10 61434.218350286170 0.044158440936 cfg1 2 1 0 0 na na
10 61434.259350266891 0.044158544903 cfg1 2 1 0 0 na na
10 61434.303350294675 0.044158691946 cfg1 2 1 0 0 na na
10 61434.418350342171 0.044159049802 cfg1 2 1 0 0 na na
10 61434.470350322816 0.044159207244 cfg1 2 1 0 0 na na
10 61434.484350335584 0.044159259800 cfg1 2 1 0 0 na na
10 61434.488350315251 0.044159266953 cfg1 2 1 0 0 na na
10 61434.506350337109 0.044159316703 cfg1 2 1 0 0 na na
10 61434.557350366460 0.044159475386 cfg1 2 1 0 0 na na
10 61434.742350343850 0.044160048995 cfg1 2 1 0 0 na na
10 61434.746350295438 0.044160066303 cfg1 2 1 0 0 na na
10 61434.932350283245 0.044160650551 cfg1 2 1 0 0 na na
10 61435.029350331568 0.044160926915 cfg1 2 1 0 0 na na
10 61435.828350315892 0.044163415564 cfg1 2 1 0 0 na na
10 61435.857350316105 0.044163496331 cfg1 2 1 0 0 na na
10 61435.859350367288 0.044163505319 cfg1 2 1 0 0 na na
10 61435.928350296363 0.044163728730 cfg1 2 1 0 0 na na
10 61435.948350281224 0.044163781668 cfg1 2 1 0 0 na na
10 61435.988350328168 0.044163913277 cfg1 2 1 0 0 na na
10 61436.009350344784 0.044163981577 cfg1 2 1 0 0 na na
10 61436.015350291177 0.044163999882 cfg1 2 1 0 0 na na
10 61436.057350337569 0.044164145312 cfg1 2 1 0 0 na na
10 61436.090350337801 0.044164246718 cfg1 2 1 0 0 na na
10 61436.147350269172 0.044164402765 cfg1 2 1 0 0 na na
10 61436.304350329504 0.044164916309 cfg1 2 1 0 0 na na
10 61436.346350322419 0.044165044014 cfg1 2 1 0 0 na na
10 61436.413350318270 0.044165238519 cfg1 2 1 0 0 na na
10 61436.424350274245 0.044165290539 cfg1 2 1 0 0 na na
10 61436.632350351169 0.044165915755 cfg1 2 1 0 0 na na
10 61436.638350290578 0.044165935574 cfg1 2 1 0 0 na na
10 61436.797350296658 0.044166454421 cfg1 2 1 0 0 na na
10 61436.895350266332 0.044166735968 cfg1 2 1 0 0 na na
10 61436.896350357296 0.044166742123 cfg1 2 1 0 0 na na
10 61437.097350292208 0.044167369025 cfg1 2 1 0 0 na na
10 61437.134350286009 0.044167500475 cfg1 2 1 0 0 na na
10 61437.169350261849 0.044167612726 cfg1 2 1 0 0 na na
10 61437.297350272188 0.044167995239 cfg1 2 1 0 0 na na
10 61437.501350291599 0.044168631768 cfg1 2 1 0 0 na na
10 61437.838350266255 0.044169685655 cfg1 2 1 0 0 na na
10 61437.904350315057 0.044169914049 cfg1 2 1 0 0 na na
10 61437.950350313652 0.044170053808 cfg1 2 1 0 0 na na
10 61438.043350261948 0.044170334943 cfg1 2 1 0 0 na na
10 61438.196350279577 0.044170827137 cfg1 2 1 0 0 na na
10 61438.203350333462 0.044170837235 cfg1 2 1 0 0 na na
10 61438.370350301634 0.044171378537 cfg1 2 1 0 0 na na
10 61438.416350286849 0.044171517149 cfg1 2 1 0 0 na na
10 61438.622350337954 0.044172148334 cfg1 2 1 0 0 na na
10 61438.626350267921 0.044172164081 cfg1 2 1 0 0 na na
10 61438.816350318841 0.044172774910 cfg1 2 1 0 0 na na
10 61439.174350291579 0.044173912538 cfg1 2 1 0 0 na na
10 61439.175350285636 0.044173889364 cfg1 2 1 0 0 na na
10 61439.177350318038 0.044173924230 cfg1 2 1 0 0 na na
10 61439.255350356579 0.044174161661 cfg1 2 1 0 0 na na
10 61439.363350309075 0.044174507254 cfg1 2 1 0 0 na na
10 61439.421350282096 0.044174679096 cfg1 2 1 0 0 na na
10 61439.483350299387 0.044174871926 cfg1 2 1 0 0 na na
10 61439.594350307291 0.044175217325 cfg1 2 1 0 0 na na
10 61439.670350258993 0.044175462828 cfg1 2 1 0 0 na na
10 61439.981350309833 0.044176445323 cfg1 2 1 0 0 na na
10 61440.077350290784 0.044176752399 cfg1 2 1 0 0 na na
10 61440.122350278782 0.044176882456 cfg1 2 1 0 0 na na
10 61440.144350336123 0.044176973397 cfg1 2 1 0 0 na na
10 61440.174350294137 0.044177057681 cfg1 2 1 0 0 na na
10 61440.237350309962 0.044177268258 cfg1 2 1 0 0 na na
10 61440.387350328147 0.044177740181 cfg1 2 1 0 0 na na
10 61440.482350328206 0.044178033238 cfg1 2 1 0 0 na na
10 61440.633350289931 0.044178514508 cfg1 2 1 0 0 na na
10 61440.711350273363 0.044178765476 cfg1 2 1 0 0 na na
10 61440.788350287952 0.044179008009 cfg1 2 1 0 0 na na
10 61440.975350267453 0.044179594169 cfg1 2 1 0 0 na na
10 61441.101350294664 0.044179998828 cfg1 2 1 0 0 na na
10 61441.357350308435 0.044180802265 cfg1 2 1 0 0 na na
10 61441.370350334542 0.044180854747 cfg1 2 1 0 0 na na
10 61441.554350305083 0.044181429525 cfg1 2 1 0 0 na na
10 61441.627350332848 0.044181669907 cfg1 2 1 0 0 na na
10 61441.726350299731 0.044182000903 cfg1 2 1 0 0 na na
10 61441.929350255315 0.044182636632 cfg1 2 1 0 0 na na
10 61441.932350266620 0.044182635555 cfg1 2 1 0 0 na na
10 61442.167350301052 0.044183388028 cfg1 2 1 0 0 na na
10 61442.355350276775 0.044183991369 cfg1 2 1 0 0 na na
10 61442.441350328691 0.044184274612 cfg1 2 1 0 0 na na
10 61442.674350268304 0.044185003609 cfg1 2 1 0 0 na na
10 61442.738350258669 0.044185232043 cfg1 2 1 0 0 na na
10 61442.757350269425 0.044185267446 cfg1 2 1 0 0 na na
10 61442.860350313829 0.044185612455 cfg1 2 1 0 0 na na
10 61442.970350325780 0.044185959716 cfg1 2 1 0 0 na na
10 61443.008350274066 0.044186072419 cfg1 2 1 0 0 na na
10 61443.027350298241 0.044186151153 cfg1 2 1 0 0 na na
10 61443.088350254044 0.044186355971 cfg1 2 1 0 0 na na
10 61443.170350306937 0.044186611002 cfg1 2 1 0 0 na na
10 61443.212350285761 0.044186740016 cfg1 2 1 0 0 na na
10 61443.412350295572 0.044187385936 cfg1 2 1 0 0 na na
10 61443.457350308792 0.044187533602 cfg1 2 1 0 0 na na
10 61443.674350330970 0.044188229076 cfg1 2 1 0 0 na na
10 61443.808350357189 0.044188640829 cfg1 2 1 0 0 na na
10 61443.903350337286 0.044188970441 cfg1 2 1 0 0 na na
10 61443.915350305362 0.044188980909 cfg1 2 1 0 0 na na
10 61444.056350375379 0.044189437345 cfg1 2 1 0 0 na na
10 61444.073350321783 0.044189498067 cfg1 2 1 0 0 na na
10 61444.092350290651 0.044189552795 cfg1 2 1 0 0 na na
10 61444.162350317811 0.044189793874 cfg1 2 1 0 0 na na
10 61444.304350332456 0.044190255375 cfg1 2 1 0 0 na na
10 61444.342350337751 0.044190365467 cfg1 2 1 0 0 na na
10 61444.510350307684 0.044190909115 cfg1 2 1 0 0 na na
10 61444.668350332239 0.044191432191 cfg1 2 1 0 0 na na
10 61444.868350356980 0.044192058174 cfg1 2 1 0 0 na na
10 61444.916350343021 0.044192218177 cfg1 2 1 0 0 na na
10 61445.154350276701 0.044192987000 cfg1 2 1 0 0 na na
10 61445.190350305815 0.044193103811 cfg1 2 1 0 0 na na
10 61445.345350293397 0.044193605789 cfg1 2 1 0 0 na na
10 61445.412350273997 0.044193819863 cfg1 2 1 0 0 na na
10 61445.502350316946 0.044194097534 cfg1 2 1 0 0 na na
10 61445.563350308178 0.044194309264 cfg1 2 1 0 0 na na
10 61445.615350322539 0.044194463441 cfg1 2 1 0 0 na na
10 61445.702350327094 0.044194765762 cfg1 2 1 0 0 na na
10 61445.769350270156 0.044194969253 cfg1 2 1 0 0 na na
10 61445.801350282743 0.044195075710 cfg1 2 1 0 0 na na
10 61445.881350362492 0.044195353085 cfg1 2 1 0 0 na na
10 61445.906350291086 0.044195409133 cfg1 2 1 0 0 na na
10 61446.006350325544 0.044195758714 cfg1 2 1 0 0 na na
10 61446.067350316250 0.044195938978 cfg1 2 1 0 0 na na
10 61446.097350342665 0.044196033113 cfg1 2 1 0 0 na na
10 61446.681350341288 0.044197933643 cfg1 2 1 0 0 na na
10 61446.830350378061 0.044198412136 cfg1 2 1 0 0 na na
10 61446.866350338588 0.044198549208 cfg1 2 1 0 0 na na
10 61446.889350338433 0.044198611984 cfg1 2 1 0 0 na na
10 61446.993350265986 0.044198962906 cfg1 2 1 0 0 na na
10 61447.160350335062 0.044199489797 cfg1 2 1 0 0 na na
10 61447.206350369388 0.044199644451 cfg1 2 1 0 0 na na
10 61447.238350347096 0.044199738673 cfg1 2 1 0 0 na na
10 61447.441350312395 0.044200408464 cfg1 2 1 0 0 na na
10 61447.491350254455 0.044200572439 cfg1 2 1 0 0 na na
10 61447.507350372305 0.044200635166 cfg1 2 1 0 0 na na
10 61447.734350276121 0.044201366416 cfg1 2 1 0 0 na na
10 61447.957350375810 0.044202101101 cfg1 2 1 0 0 na na
10 61448.222350325118 0.044202968403 cfg1 2 1 0 0 na na
10 61448.534350345942 0.044203964875 cfg1 2 1 0 0 na na
10 61448.573350291982 0.044204101761 cfg1 2 1 0 0 na na
10 61448.587350336134 0.044204158919 cfg1 2 1 0 0 na na
10 61448.682350330098 0.044204475123 cfg1 2 1 0 0 na na
10 61448.858350312650 0.044205041844 cfg1 2 1 0 0 na na
10 61448.908350361297 0.044205201359 cfg1 2 1 0 0 na na
10 61448.943350279284 0.044205315245 cfg1 2 1 0 0 na na
10 61449.002350329368 0.044205510982 cfg1 2 1 0 0 na na
10 61449.131350319715 0.044205946468 cfg1 2 1 0 0 na na
10 61449.459350315395 0.044207019395 cfg1 2 1 0 0 na na
10 61449.481350263112 0.044207073879 cfg1 2 1 0 0 na na
10 61449.814350298530 0.044208164850 cfg1 2 1 0 0 na na
10 61449.838350329286 0.044208245149 cfg1 2 1 0 0 na na
10 61449.911350334736 0.044208511394 cfg1 2 1 0 0 na na
10 61450.092350329971 0.044209097747 cfg1 2 1 0 0 na na
10 61450.175350309452 0.044209370839 cfg1 2 1 0 0 na na
10 61450.489350295555 0.044210400746 cfg1 2 1 0 0 na na
10 61450.526350354300 0.044210510947 cfg1 2 1 0 0 na na
10 61450.545350338553 0.044210590008 cfg1 2 1 0 0 na na
10 61450.583350316795 0.044210711021 cfg1 2 1 0 0 na na
10 61450.772350265848 0.044211348151 cfg1 2 1 0 0 na na
10 61450.784350314821 0.044211361599 cfg1 2 1 0 0 na na
10 61450.886350288853 0.044211704547 cfg1 2 1 0 0 na na
10 61450.898350329137 0.044211745593 cfg1 2 1 0 0 na na
10 61451.017350315734 0.044212139220 cfg1 2 1 0 0 na na
10 61451.040350289972 0.044212219777 cfg1 2 1 0 0 na na
10 61451.049350341101 0.044212247189 cfg1 2 1 0 0 na na
10 61451.264350247908 0.044212969085 cfg1 2 1 0 0 na na
10 61451.329350376708 0.044213188485 cfg1 2 1 0 0 na na
10 61451.346350315525 0.044213224268 cfg1 2 1 0 0 na na
10 61451.391350310956 0.044213372891 cfg1 2 1 0 0 na na
10 61451.396350295290 0.044213395524 cfg1 2 1 0 0 na na
10 61451.504350348922 0.044213758781 cfg1 2 1 0 0 na na
10 61451.522350315634 0.044213814450 cfg1 2 1 0 0 na na
10 61451.678350337629 0.044214340326 cfg1 2 1 0 0 na na
10 61452.039350306079 0.044215534018 cfg1 2 1 0 0 na na
10 61452.254350278380 0.044216228516 cfg1 2 1 0 0 na na
10 61452.557350332370 0.044217257380 cfg1 2 1 0 0 na na
10 61452.765350327061 0.044217929778 cfg1 2 1 0 0 na na
10 61453.053350297759 0.044218887201 cfg1 2 1 0 0 na na
10 61453.082350349954 0.044218995756 cfg1 2 1 0 0 na na
10 61453.209350305443 0.044219411239 cfg1 2 1 0 0 na na
10 61453.216350280699 0.044219442259 cfg1 2 2 0 0 na na
10 61453.350350308195 0.044219889008 cfg1 2 2 0 0 na na
10 61453.440350286542 0.044220189175 cfg1 2 2 0 0 na na
10 61453.611350342321 0.044220769536 cfg1 2 1 0 0 na na
10 61453.710350300730 0.044221104405 cfg1 2 1 0 0 na na
10 61453.732350339406 0.044221152541 cfg1 2 1 0 0 na na
10 61453.758350273620 0.044221256936 cfg1 2 1 0 0 na na
10 61454.054350237329 0.044222254701 cfg1 2 1 0 0 na na
10 61454.063350355682 0.044222265941 cfg1 2 1 0 0 na na
10 61454.109350274516 0.044222424685 cfg1 2 1 0 0 na na
10 61454.205350331560 0.044222731302 cfg1 2 1 0 0 na na
10 61454.442350317222 0.044223544664 cfg1 2 1 0 0 na na
10 61454.477350303636 0.044223659563 cfg1 2 1 0 0 na na
10 61454.650350373378 0.044224234839 cfg1 2 1 0 0 na na
10 61454.838350305419 0.044224878766 cfg1 2 1 0 0 na na
10 61454.895350346933 0.044225051362 cfg1 2 1 0 0 na na
10 61455.083350277463 0.044225700864 cfg1 2 1 0 0 na na
10 61455.178350333981 0.044226006936 cfg1 2 1 0 0 na na
10 61455.555350324401 0.044227286186 cfg1 2 1 0 0 na na
10 61455.612350308964 0.044227460307 cfg1 2 1 0 0 na na
10 61455.833350317794 0.044228215042 cfg1 2 1 0 0 na na
10 61456.063350274930 0.044228972266 cfg1 2 1 0 0 na na
10 61456.097350306883 0.044229108306 cfg1 2 1 0 0 na na
10 61456.110350306493 0.044229134315 cfg1 2 1 0 0 na na
10 61456.220350320199 0.044229511373 cfg1 2 1 0 0 na na
10 61456.297350332209 0.044229761132 cfg1 2 1 0 0 na na
10 61456.507350316703 0.044230495618 cfg1 2 1 0 0 na na
10 61456.595350259235 0.044230772762 cfg1 2 1 0 0 na na
10 61456.605350322892 0.044230801405 cfg1 2 1 0 0 na na
10 61456.674350322630 0.044231050917 cfg1 2 1 0 0 na na
10 61456.681350365412 0.044231059147 cfg1 2 1 0 0 na na
10 61456.722350240901 0.044231221131 cfg1 2 1 0 0 na na
10 61456.791350357138 0.044231439675 cfg1 2 1 0 0 na na
10 61456.980350298178 0.044232073248 cfg1 2 1 0 0 na na
10 61457.015350308615 0.044232202320 cfg1 2 1 0 0 na na
10 61457.032350324513 0.044232242673 cfg1 2 1 0 0 na na
10 61457.093350299566 0.044232446811 cfg1 2 1 0 0 na na
10 61457.150350345240 0.044232659930 cfg1 2 1 0 0 na na
10 61457.201350314609 0.044232819336 cfg1 2 1 0 0 na na
10 61457.978350322025 0.044235458313 cfg1 2 1 0 0 na na
10 61458.027350274331 0.044235637043 cfg1 2 1 0 0 na na
10 61458.089350263958 0.044235828115 cfg1 2 1 0 0 na na
10 61458.137350315629 0.044236008514 cfg1 2 1 0 0 na na
10 61458.307350325937 0.044236583153 cfg1 2 1 0 0 na na
10 61458.351350284161 0.044236735541 cfg1 2 1 0 0 na na
10 61458.443350323628 0.044237044983 cfg1 2 1 0 0 na na
10 61458.576350278683 0.044237505516 cfg1 2 1 0 0 na na
10 61458.595350373214 0.044237561939 cfg1 2 1 0 0 na na
10 61458.775350319112 0.044238182090 cfg1 2 1 0 0 na na
10 61458.828350344572 0.044238337052 cfg1 2 1 0 0 na na
10 61458.883350375096 0.044238542755 cfg1 2 1 0 0 na na
10 61459.103350265921 0.044239271092 cfg1 2 1 0 0 na na
10 61459.125350303986 0.044239348571 cfg1 2 1 0 0 na na
10 61459.149350353825 0.044239455023 cfg1 2 1 0 0 na na
10 61459.335350301058 0.044240090664 cfg1 2 1 0 0 na na
10 61459.404350307512 0.044240300927 cfg1 2 1 0 0 na na
10 61459.532350303471 0.044240760140 cfg1 2 1 0 0 na na
10 61459.538350292443 0.044240771465 cfg1 2 1 0 0 na na
10 61459.547350280199 0.044240795443 cfg1 2 1 0 0 na na
10 61459.582350344266 0.044240909242 cfg1 2 1 0 0 na na
10 61459.682350338107 0.044241253572 cfg1 2 1 0 0 na na
10 61459.961350309118 0.044242227979 cfg1 2 1 0 0 na na
10 61460.221350291258 0.044243116568 cfg1 2 1 0 0 na na
10 61460.677350271969 0.044244666126 cfg1 2 1 0 0 na na
10 61460.746350332847 0.044244890226 cfg1 2 1 0 0 na na
10 61460.825350293636 0.044245171762 cfg1 2 1 0 0 na na
10 61460.946350328696 0.044245599327 cfg1 2 1 0 0 na na
10 61460.950350306808 0.044245609458 cfg1 2 1 0 0 na na
10 61460.996350318018 0.044245768250 cfg1 2 1 0 0 na na
10 61461.033350305328 0.044245885639 cfg1 2 1 0 0 na na
10 61461.287350304215 0.044246769591 cfg1 2 1 0 0 na na
10 61461.358350318928 0.044246988717 cfg1 2 1 0 0 na na
10 61461.458350305874 0.044247351094 cfg1 2 1 0 0 na na
10 61461.738350314139 0.044248316866 cfg1 2 1 0 0 na na
10 61461.827350302053 0.044248614820 cfg1 2 1 0 0 na na
10 61461.949350315506 0.044249045027 cfg1 2 1 0 0 na na
10 61462.026350366515 0.044249301850 cfg1 2 1 0 0 na na
10 61462.131350328605 0.044249671245 cfg1 2 1 0 0 na na
10 61462.327350292562 0.044250331648 cfg1 2 1 0 0 na na
10 61462.398350316186 0.044250585852 cfg1 2 1 0 0 na na
10 61462.413350291118 0.044250635052 cfg1 2 1 0 0 na na
10 61462.459350266779 0.044250785099 cfg1 2 1 0 0 na na
10 61462.488350278026 0.044250882029 cfg1 2 1 0 0 na na
10 61462.631350351535 0.044251376723 cfg1 2 1 0 0 na na
10 61462.649350355794 0.044251462376 cfg1 2 1 0 0 na na
10 61462.668350302165 0.044251525397 cfg1 2 1 0 0 na na
10 61462.729350278606 0.044251727248 cfg1 2 1 0 0 na na
10 61462.738350331152 0.044251754672 cfg1 2 1 0 0 na na
10 61462.871350383447 0.044252212702 cfg1 2 1 0 0 na na
10 61463.091350333854 0.044252969675 cfg1 2 1 0 0 na na
10 61463.151350299360 0.044253173059 cfg1 2 1 0 0 na na
10 61463.223350371162 0.044253448776 cfg1 2 1 0 0 na na
10 61463.273350333316 0.044253613952 cfg1 2 1 0 0 na na
10 61463.301350300379 0.044253696329 cfg1 2 1 0 0 na na
10 61463.558350320889 0.044254583979 cfg1 2 1 0 0 na na
10 61463.574350309273 0.044254661356 cfg1 2 1 0 0 na na
10 61464.487350331428 0.044257805348 cfg1 2 1 0 0 na na
10 61464.520350318925 0.044257920586 cfg1 2 1 0 0 na na
10 61464.646350346354 0.044258362292 cfg1 2 1 0 0 na na
10 61464.680350312925 0.044258496581 cfg1 2 1 0 0 na na
10 61464.698350286654 0.044258546614 cfg1 2 1 0 0 na na
10 61464.885350310873 0.044259217763 cfg1 2 1 0 0 na na
10 61464.928350285727 0.044259355676 cfg1 2 1 0 0 na na
10 61465.554350286456 0.044261533933 cfg1 2 2 0 0 na na
10 61465.630350306028 0.044261785439 cfg1 2 1 0 0 na na
10 61465.659350323243 0.044261912112 cfg1 2 1 0 0 na na
10 61465.671350348220 0.044261947502 cfg1 2 1 0 0 na na
10 61465.711350269820 0.044262082341 cfg1 2 1 0 0 na na
10 61465.908350291190 0.044262770039 cfg1 2 1 0 0 na na
10 61465.973350270613 0.044262983500 cfg1 2 1 0 0 na na
10 61466.177350287849 0.044263712359 cfg1 2 1 0 0 na na
10 61466.275350275413 0.044264053588 cfg1 2 1 0 0 na na
10 61466.327350332297 0.044264247111 cfg1 2 1 0 0 na na
10 61466.400350303950 0.044264505075 cfg1 2 1 0 0 na na
10 61466.586350287652 0.044265146727 cfg1 2 1 0 0 na na
10 61467.041350255458 0.044266736603 cfg1 2 1 0 0 na na
10 61467.126350267232 0.044267025081 cfg1 2 1 0 0 na na
10 61467.217350270508 0.044267341223 cfg1 2 1 0 0 na na
10 61467.252350365485 0.044267464916 cfg1 2 1 0 0 na na
10 61467.438350313923 0.044268138440 cfg1 2 1 0 0 na na
10 61467.513350305934 0.044268386442 cfg1 2 1 0 0 na na
10 61467.698350278216 0.044269032570 cfg1 2 1 0 0 na na
10 61467.735350253501 0.044269191160 cfg1 2 1 0 0 na na
10 61467.937350242647 0.044269899300 cfg1 2 1 0 0 na na
10 61467.985350367937 0.044270057361 cfg1 2 1 0 0 na na
10 61468.152350331218 0.044270654828 cfg1 2 1 0 0 na na
10 61468.229350378969 0.044270914969 cfg1 2 1 0 0 na na
10 61468.569350276565 0.044272111936 cfg1 2 1 0 0 na na
10 61468.709350314654 0.044272607496 cfg1 2 1 0 0 na na
10 61468.839350339780 0.044273073143 cfg1 2 1 0 0 na na
10 61468.868350312451 0.044273165407 cfg1 2 1 0 0 na na
10 61468.882350296739 0.044273216857 cfg1 2 1 0 0 na na
10 61468.899350314748 0.044273266422 cfg1 2 1 0 0 na na
10 61468.948350311741 0.044273455532 cfg1 2 1 0 0 na na
10 61469.022350331653 0.044273717818 cfg1 2 1 0 0 na na
10 61469.202350310896 0.044274354212 cfg1 2 1 0 0 na na
10 61469.304350369659 0.044274710570 cfg1 2 1 0 0 na na
10 61469.306350275360 0.044274717620 cfg1 2 2 0 0 na na
10 61469.370350319716 0.044274936476 cfg1 2 1 0 0 na na
10 61469.519350284062 0.044275466572 cfg1 2 1 0 0 na na
10 61470.058350329896 0.044277390232 cfg1 2 1 0 0 na na
10 61470.157350306615 0.044277720925 cfg1 2 1 0 0 na na
10 61470.275350297338 0.044278141887 cfg1 2 1 0 0 na na
10 61470.476350268453 0.044278853550 cfg1 2 1 0 0 na na
10 61470.577350327231 0.044279219879 cfg1 2 1 0 0 na na
10 61470.607350311843 0.044279321839 cfg1 2 1 0 0 na na
10 61470.629350279656 0.044279419105 cfg1 2 1 0 0 na na
10 61470.778350265381 0.044279926624 cfg1 2 1 0 0 na na
10 61470.780350306895 0.044279941229 cfg1 2 1 0 0 na na
10 61470.823350299093 0.044280106727 cfg1 2 1 0 0 na na
10 61470.840350300277 0.044280160677 cfg1 2 1 0 0 na na
10 61471.083350309473 0.044281029508 cfg1 2 1 0 0 na na
10 61471.177350282645 0.044281354826 cfg1 2 1 0 0 na na
10 61471.524350275922 0.044282595222 cfg1 2 2 0 0 na na
10 61471.577350276887 0.044282786752 cfg1 2 1 0 0 na na
10 61471.932350320772 0.044284045399 cfg1 2 1 0 0 na na
10 61471.945350263419 0.044284093150 cfg1 2 1 0 0 na na
10 61472.260350306084 0.044285219401 cfg1 2 1 0 0 na na
10 61472.305350373433 0.044285397956 cfg1 2 1 0 0 na na
10 61472.441350349716 0.044285873107 cfg1 2 1 0 0 na na
10 61472.451350348447 0.044285914045 cfg1 2 1 0 0 na na
10 61472.778350346400 0.044287084245 cfg1 2 1 0 0 na na
10 61472.786350335053 0.044287118553 cfg1 2 1 0 0 na na
10 61472.811350307269 0.044287190285 cfg1 2 1 0 0 na na
10 61472.868350287011 0.044287395279 cfg1 2 1 0 0 na na
10 61472.924350323364 0.044287599767 cfg1 2 1 0 0 na na
10 61473.232350348422 0.044288716319 cfg1 2 1 0 0 na na
10 61473.251350311062 0.044288772972 cfg1 2 1 0 0 na na
10 61473.354350337747 0.044289150257 cfg1 2 1 0 0 na na
10 61473.441350287387 0.044289441337 cfg1 2 1 0 0 na na
10 61473.529350335898 0.044289768338 cfg1 2 1 0 0 na na
10 61473.780350388505 0.044290670803 cfg1 2 1 0 0 na na
10 61473.825350270595 0.044290849430 cfg1 2 1 0 0 na na
10 61473.844350298626 0.044290901803 cfg1 2 1 0 0 na na
10 61474.113350301339 0.044291861488 cfg1 2 1 0 0 na na
10 61474.219350300017 0.044292245549 cfg1 2 1 0 0 na na
10 61474.274350328644 0.044292448934 cfg1 2 2 0 0 na na
10 61474.416350293137 0.044292956160 cfg1 2 1 0 0 na na
10 61474.509350338566 0.044293293014 cfg1 2 1 0 0 na na
10 61474.593350315260 0.044293596416 cfg1 2 1 0 0 na na
10 61474.834350359922 0.044294471947 cfg1 2 1 0 0 na na
10 61475.264350310513 0.044296020170 cfg1 2 1 0 0 na na
10 61475.378350298608 0.044296444965 cfg1 2 1 0 0 na na
10 61475.535350274284 0.044296995927 cfg1 2 1 0 0 na na
10 61475.598350310507 0.044297224866 cfg1 2 1 0 0 na na
10 61475.635350250712 0.044297360911 cfg1 2 1 0 0 na na
10 61475.656350325811 0.044297448874 cfg1 2 1 0 0 na na
10 61475.726350287500 0.044297706242 cfg1 2 1 0 0 na na
10 61475.959350264132 0.044298522865 cfg1 2 1 0 0 na na
10 61475.960350338997 0.044298532833 cfg1 2 1 0 0 na na
10 61476.094350254608 0.044299017330 cfg1 2 1 0 0 na na
10 61476.096350271871 0.044299028893 cfg1 2 1 0 0 na na
10 61476.165350289253 0.044299292437 cfg1 2 1 0 0 na na
10 61476.362350318092 0.044299989626 cfg1 2 1 0 0 na na
10 61476.364350329993 0.044299997841 cfg1 2 1 0 0 na na
10 61476.438350297294 0.044300269260 cfg1 2 1 0 0 na na
10 61476.583350302928 0.044300805142 cfg1 2 1 0 0 na na
10 61476.611350324411 0.044300913779 cfg1 2 1 0 0 na na
10 61476.625350320940 0.044300954341 cfg1 2 1 0 0 na na
10 61476.659350327386 0.044301077795 cfg1 2 1 0 0 na na
10 61476.671350269319 0.044301102536 cfg1 2 1 0 0 na na
10 61476.785350362994 0.044301539736 cfg1 2 1 0 0 na na
10 61476.792350292606 0.044301551546 cfg1 2 1 0 0 na na
10 61476.836350268570 0.044301703267 cfg1 2 1 0 0 na na
10 61476.880350314055 0.044301875052 cfg1 2 1 0 0 na na
10 61476.982350314511 0.044302259921 cfg1 2 1 0 0 na na
10 61477.042350271602 0.044302450303 cfg1 2 1 0 0 na na
10 61477.118350315190 0.044302753911 cfg1 2 1 0 0 na na
10 61477.124350287620 0.044302758750 cfg1 2 1 0 0 na na
10 61477.159350290468 0.044302877125 cfg1 2 1 0 0 na na
10 61477.229350310948 0.044303132981 cfg1 2 1 0 0 na na
10 61477.235350324537 0.044303165197 cfg1 2 1 0 0 na na
10 61477.238350308885 0.044303173439 cfg1 2 1 0 0 na na
10 61477.262350301183 0.044303264006 cfg1 2 1 0 0 na na
10 61477.588350344748 0.044304451174 cfg1 2 1 0 0 na na
10 61477.757350258446 0.044305063555 cfg1 2 1 0 0 na na
10 61477.831350322819 0.044305323741 cfg1 2 1 0 0 na na
10 61477.835350285076 0.044305352500 cfg1 2 1 0 0 na na
10 61478.170350310852 0.044306578951 cfg1 2 1 0 0 na na
10 61478.233350306934 0.044306802892 cfg1 2 1 0 0 na na
10 61478.325350319619 0.044307143343 cfg1 2 1 0 0 na na
10 61478.362350362248 0.044307273973 cfg1 2 2 0 0 na na
10 61478.460350267705 0.044307619190 cfg1 2 1 0 0 na na
10 61478.485350262178 0.044307714759 cfg1 2 1 0 0 na na
10 61478.510350324065 0.044307814564 cfg1 2 1 0 0 na na
10 61478.570350259917 0.044308032059 cfg1 2 1 0 0 na na
10 61478.576350284762 0.044308061856 cfg1 2 1 0 0 na na
10 61478.745350262406 0.044308669538 cfg1 2 1 0 0 na na
10 61478.843350352085 0.044309020233 cfg1 2 1 0 0 na na
10 61478.920350319097 0.044309314304 cfg1 2 1 0 0 na na
10 61478.926350287407 0.044309328136 cfg1 2 1 0 0 na na
10 61478.963350261259 0.044309465678 cfg1 2 1 0 0 na na
10 61479.038350315666 0.044309734490 cfg1 2 1 0 0 na na
10 61479.124350313121 0.044310065982 cfg1 2 1 0 0 na na
10 61479.488350352391 0.044311394351 cfg1 2 2 0 0 na na
10 61479.628350320176 0.044311918240 cfg1 2 1 0 0 na na
10 61479.704350279356 0.044312179689 cfg1 2 1 0 0 na na
10 61479.760350366149 0.044312392154 cfg1 2 2 0 0 na na
10 61479.862350324849 0.044312782319 cfg1 2 1 0 0 na na
10 61479.926350295495 0.044312989115 cfg1 2 1 0 0 na na
10 61480.057350370978 0.044313485932 cfg1 2 1 0 0 na na
10 61480.075350330395 0.044313544784 cfg1 2 1 0 0 na na
10 61480.080350281895 0.044313571669 cfg1 2 1 0 0 na na
10 61480.268350319448 0.044314257102 cfg1 2 1 0 0 na na
10 61480.524350337430 0.044315209054 cfg1 2 1 0 0 na na
10 61480.545350293108 0.044315281955 cfg1 2 1 0 0 na na
10 61480.708350270720 0.044315862983 cfg1 2 1 0 0 na na
10 61480.930350316539 0.044316685396 cfg1 2 1 0 0 na na
10 61480.949350299273 0.044316767565 cfg1 2 1 0 0 na na
10 61480.956350343765 0.044316777745 cfg1 2 1 0 0 na na
10 61481.143350296130 0.044317472935 cfg1 2 1 0 0 na na
10 61481.186350308915 0.044317649877 cfg1 2 1 0 0 na na
10 61481.323350315769 0.044318143731 cfg1 2 2 0 0 na na
10 61481.378350284095 0.044318353514 cfg1 2 1 0 0 na na
10 61481.533350321041 0.044318920869 cfg1 2 1 0 0 na na
10 61481.554350327923 0.044318996421 cfg1 2 2 0 0 na na
10 61481.797350294792 0.044319883768 cfg1 2 1 0 0 na na
10 61481.824350344148 0.044319988656 cfg1 2 1 0 0 na na
10 61481.861350254098 0.044320132909 cfg1 2 1 0 0 na na
10 61481.917350303762 0.044320352267 cfg1 2 1 0 0 na na
10 61481.922350303218 0.044320348644 cfg1 2 1 0 0 na na
10 61482.029350333753 0.044320742727 cfg1 2 1 0 0 na na
10 61482.092350357164 0.044320998365 cfg1 2 1 0 0 na na
10 61482.184350340712 0.044321337704 cfg1 2 1 0 0 na na
10 61482.308350262504 0.044321774329 cfg1 2 1 0 0 na na
10 61482.322350286706 0.044321845048 cfg1 2 1 0 0 na na
10 61482.329350307474 0.044321849347 cfg1 2 1 0 0 na na
10 61482.530350306168 0.044322615957 cfg1 2 1 0 0 na na
10 61482.563350356620 0.044322728737 cfg1 2 2 0 0 na na
10 61482.578350262440 0.044322793764 cfg1 2 1 0 0 na na
10 61482.762350297357 0.044323472170 cfg1 2 1 0 0 na na
10 61482.774350265140 0.044323501876 cfg1 2 1 0 0 na na
10 61483.151350355757 0.044324914902 cfg1 2 1 0 0 na na
10 61483.162350345461 0.044324944713 cfg1 2 1 0 0 na na
10 61483.196350269145 0.044325072881 cfg1 2 1 0 0 na na
10 61483.580350313412 0.044326516113 cfg1 2 1 0 0 na na
10 61483.664350368966 0.044326810376 cfg1 2 1 0 0 na na
10 61483.861350292763 0.044327539262 cfg1 2 1 0 0 na na
10 61483.876350308745 0.044327600729 cfg1 2 1 0 0 na na
10 61484.038350335594 0.044328214519 cfg1 2 1 0 0 na na
10 61484.081350309890 0.044328365947 cfg1 2 1 0 0 na na
10 61484.148350307167 0.044328614118 cfg1 2 1 0 0 na na
10 61484.182350342973 0.044328748617 cfg1 2 1 0 0 na na
10 61484.205350329033 0.044328839218 cfg1 2 1 0 0 na na
10 61484.260350332774 0.044329033574 cfg1 2 1 0 0 na na
10 61484.321350278875 0.044329251542 cfg1 2 1 0 0 na na
10 61484.486350315756 0.044329865326 cfg1 2 1 0 0 na na
10 61484.505350297304 0.044329948422 cfg1 2 2 0 0 na na
10 61484.646350394233 0.044330472919 cfg1 2 1 0 0 na na
10 61484.658350339136 0.044330521955 cfg1 2 1 0 0 na na
10 61484.931350274788 0.044331532932 cfg1 2 1 0 0 na na
10 61484.946350366347 0.044331588876 cfg1 2 1 0 0 na na
10 61485.141350268195 0.044332313778 cfg1 2 1 0 0 na na
10 61485.357350356174 0.044333126755 cfg1 2 1 0 0 na na
10 61485.381350373173 0.044333226329 cfg1 2 1 0 0 na na
10 61485.497350306307 0.044333660820 cfg1 2 1 0 0 na na
10 61485.629350314161 0.044334148728 cfg1 2 2 0 0 na na
10 61485.725350311322 0.044334494600 cfg1 2 1 0 0 na na
10 61485.739350332121 0.044334560124 cfg1 2 1 0 0 na na
10 61485.746350274009 0.044334580656 cfg1 2 1 0 0 na na
10 61485.788350345031 0.044334759375 cfg1 2 1 0 0 na na
10 61485.818350291715 0.044334853989 cfg1 2 1 0 0 na na
10 61485.869350266908 0.044335035300 cfg1 2 1 0 0 na na
10 61485.895350299005 0.044335133968 cfg1 2 1 0 0 na na
10 61485.987350302616 0.044335481558 cfg1 2 1 0 0 na na
10 61486.180350359367 0.044336223008 cfg1 2 1 0 0 na na
10 61486.231350381304 0.044336396916 cfg1 2 1 0 0 na na
10 61486.234350324733 0.044336404654 cfg1 2 1 0 0 na na
10 61486.290350321790 0.044336626175 cfg1 2 1 0 0 na na
10 61486.521350381101 0.044337509322 cfg1 2 1 0 0 na na
10 61486.628350381410 0.044337889521 cfg1 2 1 0 0 na na
10 61486.735350325673 0.044338299319 cfg1 2 1 0 0 na na
10 61486.795350307020 0.044338515752 cfg1 2 1 0 0 na na
10 61486.837350309939 0.044338672526 cfg1 2 1 0 0 na na
10 61486.929350329842 0.044339020279 cfg1 2 1 0 0 na na
10 61487.086350334825 0.044339611124 cfg1 2 1 0 0 na na
10 61487.213350338719 0.044340086866 cfg1 2 1 0 0 na na
10 61487.259350343915 0.044340261330 cfg1 2 1 0 0 na na
10 61487.423350274384 0.044340895387 cfg1 2 1 0 0 na na
10 61487.481350309739 0.044341095243 cfg1 2 1 0 0 na na
10 61487.517350307663 0.044341244337 cfg1 2 1 0 0 na na
10 61487.597350305239 0.044341550256 cfg1 2 1 0 0 na na
10 61487.610350287884 0.044341602767 cfg1 2 1 0 0 na na
10 61487.705350369486 0.044341935979 cfg1 2 1 0 0 na na
10 61487.775350351183 0.044342223014 cfg1 2 1 0 0 na na
10 61487.822350254218 0.044342387583 cfg1 2 1 0 0 na na
10 61487.862350269395 0.044342540796 cfg1 2 2 0 0 na na
10 61487.955350315971 0.044342900838 cfg1 2 1 0 0 na na
10 61487.980350282143 0.044342983487 cfg1 2 1 0 0 na na
10 61488.116350348565 0.044343496555 cfg1 2 1 0 0 na na
10 61488.132350310963 0.044343549376 cfg1 2 1 0 0 na na
10 61488.342350317461 0.044344338847 cfg1 2 1 0 0 na na
10 61488.423350356584 0.044344657565 cfg1 2 1 0 0 na na
10 61488.520350326824 0.044345020918 cfg1 2 1 0 0 na na
10 61488.609350305283 0.044345368196 cfg1 2 1 0 0 na na
10 61488.683350383841 0.044345641902 cfg1 2 1 0 0 na na
10 61488.713350375776 0.044345770651 cfg1 2 1 0 0 na na
10 61488.997350271610 0.044346832058 cfg1 2 1 0 0 na na
10 61489.058350315850 0.044347074466 cfg1 2 1 0 0 na na
10 61489.276350288922 0.044347878124 cfg1 2 1 0 0 na na
10 61489.308350296276 0.044348016399 cfg1 2 1 0 0 na na
10 61489.313350321673 0.044348023789 cfg1 2 1 0 0 na na
10 61489.359350323099 0.044348189937 cfg1 2 1 0 0 na na
10 61489.372350289524 0.044348266003 cfg1 2 1 0 0 na na
10 61489.397350297519 0.044348331946 cfg1 2 1 0 0 na na
10 61489.720350319174 0.044349585281 cfg1 2 1 0 0 na na
10 61489.840350333477 0.044350020720 cfg1 2 1 0 0 na na
10 61490.007350358345 0.044350662581 cfg1 2 1 0 0 na na
10 61490.214350360223 0.044351449749 cfg1 2 1 0 0 na na
10 61490.254350290165 0.044351589278 cfg1 2 1 0 0 na na
10 61490.342350327982 0.044351929615 cfg1 2 1 0 0 na na
10 61490.367350311627 0.044352026452 cfg1 2 1 0 0 na na
10 61490.543350297319 0.044352693859 cfg1 2 1 0 0 na na
10 61490.579350303170 0.044352834364 cfg1 2 1 0 0 na na
10 61490.612350289001 0.044352977059 cfg1 2 1 0 0 na na
10 61490.614350253363 0.044352968517 cfg1 2 1 0 0 na na
10 61490.737350346593 0.044353429103 cfg1 2 1 0 0 na na
10 61490.752350290980 0.044353486031 cfg1 2 1 0 0 na na
10 61490.845350326945 0.044353862272 cfg1 2 1 0 0 na na
10 61490.977350374439 0.044354352337 cfg1 2 1 0 0 na na
10 61490.984350272190 0.044354384568 cfg1 2 1 0 0 na na
10 61491.040350349078 0.044354586515 cfg1 2 1 0 0 na na
10 61491.082350282541 0.044354747037 cfg1 2 1 0 0 na na
10 61491.087350343761 0.044354774652 cfg1 2 1 0 0 na na
10 61491.111350333696 0.044354861197 cfg1 2 1 0 0 na na
10 61491.124350304332 0.044354900668 cfg1 2 1 0 0 na na
10 61491.206350313509 0.044355224219 cfg1 2 1 0 0 na na
10 61491.234350318859 0.044355345201 cfg1 2 1 0 0 na na
10 61491.236350340514 0.044355345731 cfg1 2 1 0 0 na na
10 61491.330350296546 0.044355687354 cfg1 2 1 0 0 na na
10 61491.544350345941 0.044356516506 cfg1 2 1 0 0 na na
10 61491.803350345248 0.044357504893 cfg1 2 2 0 0 na na
10 61491.919350293470 0.044357941318 cfg1 2 1 0 0 na na
10 61491.990350316899 0.044358233616 cfg1 2 1 0 0 na na
10 61492.179350320569 0.044358957923 cfg1 2 1 0 0 na na
10 61492.498350321101 0.044360175729 cfg1 2 1 0 0 na na
10 61492.542350342469 0.044360339532 cfg1 2 1 0 0 na na
10 61492.595350374577 0.044360544398 cfg1 2 1 0 0 na na
10 61492.707350262459 0.044360959534 cfg1 2 1 0 0 na na
10 61492.714350381503 0.044360989320 cfg1 2 1 0 0 na na
10 61492.721350327390 0.044361018702 cfg1 2 2 0 0 na na
10 61492.875350321164 0.044361610889 cfg1 2 1 0 0 na na
10 61492.900350324081 0.044361709455 cfg1 2 1 0 0 na na
10 61493.072350300329 0.044362380031 cfg1 2 1 0 0 na na
10 61493.104350394825 0.044362500324 cfg1 2 1 0 0 na na
10 61493.276350323586 0.044363145725 cfg1 2 1 0 0 na na
10 61493.328350329900 0.044363363058 cfg1 2 1 0 0 na na
10 61493.385350318434 0.044363575199 cfg1 2 1 0 0 na na
10 61493.424350251586 0.044363720386 cfg1 2 1 0 0 na na
10 61493.545350336799 0.044364170453 cfg1 2 1 0 0 na na
10 61493.651350340050 0.044364589369 cfg1 2 1 0 0 na na
10 61493.735350343858 0.044364900866 cfg1 2 1 0 0 na na
10 61493.792350313966 0.044365129861 cfg1 2 1 0 0 na na
10 61493.799350332524 0.044365146919 cfg1 2 1 0 0 na na
10 61493.938350274511 0.044365691479 cfg1 2 1 0 0 na na
10 61493.957350303917 0.044365775959 cfg1 2 1 0 0 na na
10 61494.090350355691 0.044366278558 cfg1 2 1 0 0 na na
10 61494.282350320660 0.044367029701 cfg1 2 1 0 0 na na
10 61494.290350307124 0.044367060497 cfg1 2 1 0 0 na na
10 61494.378350362110 0.044367379839 cfg1 2 1 0 0 na na
10 61494.452350330692 0.044367673233 cfg1 2 2 0 0 na na
10 61494.459350343135 0.044367695267 cfg1 2 1 0 0 na na
10 61494.478350372605 0.044367775639 cfg1 2 1 0 0 na na
10 61494.566350310754 0.044368127853 cfg1 2 1 0 0 na na
10 61494.580350321665 0.044368181615 cfg1 2 1 0 0 na na
10 61494.619350314288 0.044368331989 cfg1 2 1 0 0 na na
10 61494.768350298937 0.044368901565 cfg1 2 1 0 0 na na
10 61494.810350355867 0.044369064584 cfg1 2 1 0 0 na na
10 61494.821350346936 0.044369103090 cfg1 2 1 0 0 na na
10 61494.835350375459 0.044369142227 cfg1 2 1 0 0 na na
10 61494.960350338842 0.044369647667 cfg1 2 1 0 0 na na
10 61495.040350300819 0.044369941806 cfg1 2 1 0 0 na na
10 61495.205350303106 0.044370593981 cfg1 2 1 0 0 na na
10 61495.224350334180 0.044370649166 cfg1 2 1 0 0 na na
10 61495.292350333164 0.044370915732 cfg1 2 1 0 0 na na
10 61495.355350306793 0.044371170139 cfg1 2 1 0 0 na na
10 61495.379350359734 0.044371264668 cfg1 2 1 0 0 na na
10 61495.384350343226 0.044371286997 cfg1 2 1 0 0 na na
10 61495.480350297200 0.044371630086 cfg1 2 1 0 0 na na
10 61495.523350330232 0.044371809551 cfg1 2 1 0 0 na na
10 61495.782350363561 0.044372809174 cfg1 2 1 0 0 na na
10 61496.167350341910 0.044374294528 cfg1 2 1 0 0 na na
10 61496.177350309784 0.044374337076 cfg1 2 1 0 0 na na
10 61496.259350343845 0.044374660162 cfg1 2 2 0 0 na na
10 61496.266350289767 0.044374676175 cfg1 2 1 0 0 na na
10 61496.335350290708 0.044374945444 cfg1 2 1 0 0 na na
10 61496.475350328039 0.044375508448 cfg1 2 1 0 0 na na
10 61496.597350273073 0.044375970398 cfg1 2 1 0 0 na na
10 61496.663350344792 0.044376218166 cfg1 2 1 0 0 na na
10 61496.692350358945 0.044376341328 cfg1 2 1 0 0 na na
10 61496.736350297452 0.044376508358 cfg1 2 1 0 0 na na
10 61496.767350365563 0.044376635218 cfg1 2 1 0 0 na na
10 61496.882350306969 0.044377092851 cfg1 2 1 0 0 na na
10 61496.987350274385 0.044377498331 cfg1 2 1 0 0 na na
10 61497.023350295274 0.044377618604 cfg1 2 1 0 0 na na
10 61497.060350304003 0.044377764351 cfg1 2 1 0 0 na na
10 61497.152350288527 0.044378128003 cfg1 2 2 0 0 na na
10 61497.181350339832 0.044378240399 cfg1 2 1 0 0 na na
10 61497.234350398959 0.044378436247 cfg1 2 1 0 0 na na
10 61497.268350343399 0.044378572365 cfg1 2 1 0 0 na na
10 61497.384350335680 0.044379035663 cfg1 2 1 0 0 na na
10 61497.540350278557 0.044379647706 cfg1 2 1 0 0 na na
10 61497.632350329462 0.044379996990 cfg1 2 1 0 0 na na
10 61497.679350317666 0.044380166235 cfg1 2 1 0 0 na na
10 61497.715350293698 0.044380321175 cfg1 2 1 0 0 na na
10 61497.766350303149 0.044380519053 cfg1 2 1 0 0 na na
10 61497.947350306284 0.044381230911 cfg1 2 1 0 0 na na
10 61497.955350310669 0.044381269453 cfg1 2 1 0 0 na na
10 61498.017350306683 0.044381505623 cfg1 2 1 0 0 na na
10 61498.081350268803 0.044381733604 cfg1 2 1 0 0 na na
10 61498.144350315691 0.044381980590 cfg1 2 1 0 0 na na
10 61498.202350300774 0.044382208715 cfg1 2 1 0 0 na na
10 61498.236350314917 0.044382346792 cfg1 2 1 0 0 na na
10 61498.483350305854 0.044383308015 cfg1 2 1 0 0 na na
10 61498.528350294757 0.044383491298 cfg1 2 2 0 0 na na
10 61498.564350331011 0.044383626332 cfg1 2 1 0 0 na na
10 61498.620350325998 0.044383837288 cfg1 2 1 0 0 na na
10 61498.936350254105 0.044385087784 cfg1 2 1 0 0 na na
10 61498.952350312853 0.044385149781 cfg1 2 1 0 0 na na
10 61499.013350249622 0.044385392353 cfg1 2 1 0 0 na na
10 61499.308350328803 0.044386556538 cfg1 2 1 0 0 na na
10 61499.491350350306 0.044387274104 cfg1 2 1 0 0 na na
10 61499.496350314514 0.044387278121 cfg1 2 1 0 0 na na
10 61499.517350333332 0.044387359800 cfg1 2 1 0 0 na na
10 61499.545350334204 0.044387475265 cfg1 2 1 0 0 na na
10 61499.608350282865 0.044387710886 cfg1 2 1 0 0 na na
10 61499.613350300473 0.044387724865 cfg1 2 1 0 0 na na
10 61499.666350317861 0.044387938883 cfg1 2 1 0 0 na na
10 61499.690350304199 0.044388047855 cfg1 2 1 0 0 na na
10 61499.747350362755 0.044388257171 cfg1 2 1 0 0 na na
10 61499.796350316920 0.044388462285 cfg1 2 1 0 0 na na
10 61499.864350344247 0.044388726219 cfg1 2 1 0 0 na na
10 61499.898350303485 0.044388856862 cfg1 2 1 0 0 na na
10 61500.052350358597 0.044389454688 cfg1 2 1 0 0 na na
10 61500.165350292168 0.044389912807 cfg1 2 1 0 0 na na
10 61500.167350254062 0.044389912906 cfg1 2 1 0 0 na na
10 61500.356350318231 0.044390640868 cfg1 2 1 0 0 na na
10 61500.358350264679 0.044390652235 cfg1 2 1 0 0 na na
10 61500.396350312616 0.044390811386 cfg1 2 1 0 0 na na
10 61500.421350318485 0.044390908818 cfg1 2 1 0 0 na na
10 61500.548350313785 0.044391401469 cfg1 2 1 0 0 na na
10 61500.565350325518 0.044391471702 cfg1 2 1 0 0 na na
10 61500.575350270861 0.044391529039 cfg1 2 1 0 0 na na
10 61500.755350249919 0.044392226849 cfg1 2 1 0 0 na na
10 61500.798350329237 0.044392391134 cfg1 2 1 0 0 na na
10 61500.856350369542 0.044392606549 cfg1 2 1 0 0 na na
10 61500.911350297420 0.044392829442 cfg1 2 1 0 0 na na
10 61500.964350330591 0.044393051075 cfg1 2 1 0 0 na na
10 61501.011350257723 0.044393227223 cfg1 2 1 0 0 na na
10 61501.060350298018 0.044393425389 cfg1 2 1 0 0 na na
10 61501.096350344474 0.044393569480 cfg1 2 1 0 0 na na
10 61501.205350368902 0.044393990429 cfg1 2 1 0 0 na na
10 61501.211350313549 0.044394021264 cfg1 2 1 0 0 na na
10 61501.310350306568 0.044394408107 cfg1 2 1 0 0 na na
10 61501.473350340714 0.044395060293 cfg1 2 1 0 0 na na
10 61501.502350295734 0.044395155831 cfg1 2 1 0 0 na na
10 61501.509350325842 0.044395181349 cfg1 2 1 0 0 na na
10 61501.600350281105 0.044395544846 cfg1 2 1 0 0 na na
10 61501.691350350089 0.044395897003 cfg1 2 1 0 0 na na
10 61501.770350330948 0.044396222634 cfg1 2 1 0 0 na na
10 61501.913350331680 0.044396800051 cfg1 2 1 0 0 na na
10 61501.949350345881 0.044396925452 cfg1 2 1 0 0 na na
10 61502.116350360935 0.044397593060 cfg1 2 1 0 0 na na
10 61502.240350339403 0.044398087678 cfg1 2 1 0 0 na na
10 61502.352350292051 0.044398529086 cfg1 2 1 0 0 na na
10 61502.429350340781 0.044398827196 cfg1 2 1 0 0 na na
10 61502.456350376757 0.044398929323 cfg1 2 1 0 0 na na
10 61502.466350322723 0.044398973117 cfg1 2 1 0 0 na na
10 61502.483350318104 0.044399035678 cfg1 2 1 0 0 na na
10 61502.525350275788 0.044399194741 cfg1 2 1 0 0 na na
10 61502.539350316281 0.044399269940 cfg1 2 1 0 0 na na
10 61502.556350302010 0.044399314410 cfg1 2 1 0 0 na na
10 61502.574350338970 0.044399408532 cfg1 2 1 0 0 na na
10 61502.685350305587 0.044399830107 cfg1 2 1 0 0 na na
10 61502.717350339022 0.044399972361 cfg1 2 1 0 0 na na
10 61502.807350347067 0.044400330507 cfg1 2 1 0 0 na na
10 61502.834350265055 0.044400421886 cfg1 2 1 0 0 na na
10 61503.109350341452 0.044401516895 cfg1 2 1 0 0 na na
10 61503.140350326422 0.044401647785 cfg1 2 1 0 0 na na
10 61503.219350348588 0.044401959950 cfg1 2 1 0 0 na na
10 61503.226350274931 0.044401969791 cfg1 2 1 0 0 na na
10 61503.243350334500 0.044402058234 cfg1 2 1 0 0 na na
10 61503.406350276648 0.044402694604 cfg1 2 1 0 0 na na
10 61503.411350291801 0.044402715779 cfg1 2 1 0 0 na na
10 61503.468350334310 0.044402942022 cfg1 2 2 0 0 na na
10 61503.485350330230 0.044402997076 cfg1 2 1 0 0 na na
10 61503.503350319508 0.044403087487 cfg1 2 1 0 0 na na
10 61503.615350274608 0.044403528209 cfg1 2 1 0 0 na na
10 61503.732350330464 0.044403997983 cfg1 2 1 0 0 na na
10 61503.827350299917 0.044404379086 cfg1 2 1 0 0 na na
10 61503.834350314287 0.044404382981 cfg1 2 1 0 0 na na
10 61504.060350286736 0.044405294683 cfg1 2 1 0 0 na na
10 61504.242350365847 0.044406018504 cfg1 2 1 0 0 na na
10 61504.447350316682 0.044406826146 cfg1 2 1 0 0 na na
10 61504.490350293052 0.044407000030 cfg1 2 1 0 0 na na
10 61504.541350354057 0.044407207682 cfg1 2 1 0 0 na na
10 61504.549350260968 0.044407235936 cfg1 2 1 0 0 na na
10 61504.575350312717 0.044407331440 cfg1 2 1 0 0 na na
10 61504.624350301505 0.044407553134 cfg1 2 1 0 0 na na
10 61504.650350367518 0.044407633661 cfg1 2 1 0 0 na na
10 61504.751350264336 0.044408037921 cfg1 2 1 0 0 na na
10 61504.762350328142 0.044408097381 cfg1 2 1 0 0 na na
10 61504.927350349049 0.044408742620 cfg1 2 1 0 0 na na
10 61505.039350334672 0.044409183277 cfg1 2 1 0 0 na na
10 61505.104350313160 0.044409466049 cfg1 2 1 0 0 na na
10 61505.208350358206 0.044409866405 cfg1 2 1 0 0 na na
10 61505.280350297855 0.044410142355 cfg1 2 1 0 0 na na
10 61505.307350313683 0.044410254505 cfg1 2 1 0 0 na na
10 61505.323350316312 0.044410325501 cfg1 2 1 0 0 na na
10 61505.485350392795 0.044410977094 cfg1 2 1 0 0 na na
10 61505.488350356421 0.044410993388 cfg1 2 1 0 0 na na
10 61505.501350325036 0.044411038424 cfg1 2 1 0 0 na na
10 61505.860350312422 0.044412481659 cfg1 2 1 0 0 na na
10 61505.906350341146 0.044412668936 cfg1 2 1 0 0 na na
10 61505.945350336641 0.044412811894 cfg1 2 1 0 0 na na
10 61506.060350338540 0.044413275690 cfg1 2 1 0 0 na na
10 61506.091350292635 0.044413394190 cfg1 2 1 0 0 na na
10 61506.174350289205 0.044413733157 cfg1 2 1 0 0 na na
10 61506.218350299640 0.044413892255 cfg1 2 1 0 0 na na
10 61506.353350386240 0.044414456982 cfg1 2 1 0 0 na na
10 61506.479350272085 0.044414944196 cfg1 2 1 0 0 na na
10 61506.483350314499 0.044414963821 cfg1 2 1 0 0 na na
10 61506.567350344949 0.044415294184 cfg1 2 1 0 0 na na
10 61506.583350320725 0.044415368764 cfg1 2 1 0 0 na na
10 61506.723350343042 0.044415916256 cfg1 2 1 0 0 na na
10 61506.807350332529 0.044416256482 cfg1 2 1 0 0 na na
10 61506.852350251486 0.044416457368 cfg1 2 1 0 0 na na
10 61506.853350320062 0.044416453304 cfg1 2 1 0 0 na na
10 61506.888350375100 0.044416580626 cfg1 2 1 0 0 na na
10 61506.948350270598 0.044416816281 cfg1 2 1 0 0 na na
10 61507.125350279928 0.044417541373 cfg1 2 1 0 0 na na
10 61507.128350326567 0.044417538237 cfg1 2 1 0 0 na na
10 61507.215350325968 0.044417885980 cfg1 2 1 0 0 na na
10 61507.275350310405 0.044418131574 cfg1 2 1 0 0 na na
10 61507.277350312182 0.044418150505 cfg1 2 1 0 0 na na
10 61507.507350316800 0.044419068003 cfg1 2 1 0 0 na na
10 61507.588350331100 0.044419397138 cfg1 2 1 0 0 na na
10 61507.616350325007 0.044419515939 cfg1 2 1 0 0 na na
10 61507.619350353643 0.044419512611 cfg1 2 1 0 0 na na
10 61507.681350326929 0.044419763265 cfg1 2 1 0 0 na na
10 61507.690350244648 0.044419822625 cfg1 2 1 0 0 na na
10 61507.804350330981 0.044420276751 cfg1 2 1 0 0 na na
10 61507.864350320348 0.044420505781 cfg1 2 1 0 0 na na
10 61507.867350297962 0.044420517796 cfg1 2 1 0 0 na na
10 61507.960350319209 0.044420882393 cfg1 2 1 0 0 na na
10 61508.005350316758 0.044421087546 cfg1 2 1 0 0 na na
10 61508.020350314834 0.044421131786 cfg1 2 1 0 0 na na
10 61508.037350300893 0.044421190673 cfg1 2 1 0 0 na na
10 61508.122350291407 0.044421537564 cfg1 2 1 0 0 na na
10 61508.165350324302 0.044421714353 cfg1 2 1 0 0 na na
10 61508.194350320443 0.044421830604 cfg1 2 1 0 0 na na
10 61508.222350330938 0.044421937365 cfg1 2 1 0 0 na na
10 61508.239350302071 0.044422022313 cfg1 2 1 0 0 na na
10 61508.264350340075 0.044422111403 cfg1 2 1 0 0 na na
10 61508.273350351714 0.044422160805 cfg1 2 1 0 0 na na
10 61508.277350273895 0.044422165082 cfg1 2 1 0 0 na na
10 61508.332350263803 0.044422388207 cfg1 2 1 0 0 na na
10 61508.357350322157 0.044422483074 cfg1 2 1 0 0 na na
10 61508.385350269500 0.044422592603 cfg1 2 1 0 0 na na
10 61508.391350323756 0.044422628428 cfg1 2 1 0 0 na na
10 61508.401350332094 0.044422672923 cfg1 2 1 0 0 na na
10 61508.413350298583 0.044422711793 cfg1 2 1 0 0 na na
10 61508.419350302672 0.044422729199 cfg1 2 1 0 0 na na
10 61508.425350309863 0.044422759332 cfg1 2 1 0 0 na na
10 61508.428350291605 0.044422773989 cfg1 2 1 0 0 na na
10 61508.432350323129 0.044422794460 cfg1 2 1 0 0 na na
10 61508.453350353421 0.044422876499 cfg1 2 1 0 0 na na
10 61508.460350284780 0.044422922857 cfg1 2 1 0 0 na na
10 61508.462350317930 0.044422910668 cfg1 2 1 0 0 na na
10 61508.468350315358 0.044422933451 cfg1 2 1 0 0 na na
10 61508.510350303196 0.044423115267 cfg1 2 1 0 0 na na
10 61508.511350359213 0.044423124595 cfg1 2 1 0 0 na na
10 61508.518350312526 0.044423146237 cfg1 2 1 0 0 na na
10 61508.521350318016 0.044423148979 cfg1 2 1 0 0 na na
10 61508.523350354929 0.044423175664 cfg1 2 1 0 0 na na
10 61508.524350291902 0.044423161536 cfg1 2 1 0 0 na na
10 61508.534350322172 0.044423195693 cfg1 2 1 0 0 na na
10 61508.566350332363 0.044423324656 cfg1 2 1 0 0 na na
10 61508.574350320629 0.044423359460 cfg1 2 1 0 0 na na
10 61508.575350305751 0.044423363871 cfg1 2 1 0 0 na na
10 61508.610350287370 0.044423518463 cfg1 2 1 0 0 na na
10 61508.614350268773 0.044423518122 cfg1 2 1 0 0 na na
10 61508.620350288940 0.044423546525 cfg1 2 1 0 0 na na
10 61508.623350317406 0.044423567738 cfg1 2 1 0 0 na na
10 61508.633350286597 0.044423604088 cfg1 2 1 0 0 na na
10 61508.636350329062 0.044423625599 cfg1 2 1 0 0 na na
10 61508.649350262017 0.044423677789 cfg1 2 1 0 0 na na
10 61508.686350327709 0.044423805846 cfg1 2 1 0 0 na na
10 61508.690350310011 0.044423821819 cfg1 2 1 0 0 na na
10 61508.691350268744 0.044423828152 cfg1 2 1 0 0 na na
10 61508.692350356971 0.044423836388 cfg1 2 1 0 0 na na
10 61508.698350266391 0.044423863093 cfg1 2 1 0 0 na na
10 61508.699350338380 0.044423863568 cfg1 2 1 0 0 na na
10 61508.704350329834 0.044423896984 cfg1 2 1 0 0 na na
10 61508.739350316052 0.044424038597 cfg1 2 1 0 0 na na
10 61508.747350354269 0.044424062618 cfg1 2 1 0 0 na na
10 61508.758350317055 0.044424113066 cfg1 2 1 0 0 na na
10 61508.785350325209 0.044424207325 cfg1 2 1 0 0 na na
10 61508.806350295691 0.044424296993 cfg1 2 1 0 0 na na
10 61508.812350289600 0.044424320405 cfg1 2 1 0 0 na na
10 61508.827350339581 0.044424398272 cfg1 2 1 0 0 na na
10 61508.839350335647 0.044424438694 cfg1 2 1 0 0 na na
10 61508.841350354537 0.044424439826 cfg1 2 1 0 0 na na
10 61508.848350256408 0.044424475497 cfg1 2 1 0 0 na na
10 61508.860350314051 0.044424536833 cfg1 2 1 0 0 na na
10 61508.861350317253 0.044424537761 cfg1 2 1 0 0 na na
10 61508.866350285536 0.044424550508 cfg1 2 1 0 0 na na
10 61508.875350309256 0.044424568064 cfg1 2 1 0 0 na na
10 61508.877350326497 0.044424599145 cfg1 2 1 0 0 na na
10 61508.884350313645 0.044424616141 cfg1 2 1 0 0 na na
10 61508.891350300923 0.044424656122 cfg1 2 1 0 0 na na
10 61508.925350328252 0.044424784205 cfg1 2 1 0 0 na na
10 61508.932350342630 0.044424809532 cfg1 2 1 0 0 na na
10 61508.951350321622 0.044424885104 cfg1 2 1 0 0 na na
10 61508.974350357494 0.044424979799 cfg1 2 1 0 0 na na
10 61508.976350349419 0.044424995650 cfg1 2 1 0 0 na na
10 61508.980350261052 0.044425001002 cfg1 2 1 0 0 na na
10 61509.001350396150 0.044425091446 cfg1 2 1 0 0 na na
10 61509.006350331805 0.044425097882 cfg1 2 1 0 0 na na
10 61509.021350251636 0.044425175420 cfg1 2 1 0 0 na na
10 61509.026350380985 0.044425197157 cfg1 2 1 0 0 na na
10 61509.049350387699 0.044425273230 cfg1 2 1 0 0 na na
10 61509.055350345468 0.044425305978 cfg1 2 1 0 0 na na
10 61509.061350309911 0.044425330501 cfg1 2 1 0 0 na na
10 61509.065350339049 0.044425351750 cfg1 2 1 0 0 na na
10 61509.074350381062 0.044425386865 cfg1 2 1 0 0 na na
10 61509.078350353905 0.044425404372 cfg1 2 1 0 0 na na
10 61509.081350356350 0.044425420862 cfg1 2 1 0 0 na na
10 61509.083350274670 0.044425408064 cfg1 2 1 0 0 na na
10 61509.091350276171 0.044425454149 cfg1 2 1 0 0 na na
10 61509.100350318443 0.044425479342 cfg1 2 1 0 0 na na
10 61509.101350339603 0.044425489437 cfg1 2 1 0 0 na na
10 61509.106350306556 0.044425526546 cfg1 2 1 0 0 na na
10 61509.120350343664 0.044425576457 cfg1 2 1 0 0 na na
10 61509.131350342968 0.044425617290 cfg1 2 1 0 0 na na
10 61509.141350306454 0.044425656573 cfg1 2 1 0 0 na na
10 61509.171350324833 0.044425774964 cfg1 2 1 0 0 na na
10 61509.172350327867 0.044425777242 cfg1 2 1 0 0 na na
10 61509.175350307461 0.044425784671 cfg1 2 1 0 0 na na
10 61509.185350323337 0.044425838297 cfg1 2 1 0 0 na na
10 61509.229350322372 0.044425997836 cfg1 2 1 0 0 na na
10 61509.276350345666 0.044426214432 cfg1 2 1 0 0 na na
10 61509.286350252286 0.044426244748 cfg1 2 1 0 0 na na
10 61509.291350328313 0.044426268380 cfg1 2 1 0 0 na na
10 61509.307350340595 0.044426337456 cfg1 2 1 0 0 na na
10 61509.318350355209 0.044426380004 cfg1 2 1 0 0 na na
10 61509.319350342090 0.044426377738 cfg1 2 1 0 0 na na
10 61509.327350410145 0.044426406750 cfg1 2 1 0 0 na na
10 61509.345350348427 0.044426488470 cfg1 2 1 0 0 na na
10 61509.351350288139 0.044426517201 cfg1 2 1 0 0 na na
10 61509.354350300416 0.044426522732 cfg1 2 1 0 0 na na
10 61509.362350316949 0.044426554685 cfg1 2 1 0 0 na na
10 61509.381350296780 0.044426618311 cfg1 2 1 0 0 na na
10 61509.412350325937 0.044426742712 cfg1 2 1 0 0 na na
10 61509.421350323681 0.044426789198 cfg1 2 1 0 0 na na
10 61509.434350313224 0.044426835625 cfg1 2 1 0 0 na na
10 61509.441350304546 0.044426871838 cfg1 2 1 0 0 na na
10 61509.442350338412 0.044426863731 cfg1 2 1 0 0 na na
10 61509.444350305881 0.044426887309 cfg1 2 1 0 0 na na
10 61509.454350334037 0.044426935882 cfg1 2 1 0 0 na na
10 61509.457350291209 0.044426929791 cfg1 2 1 0 0 na na
10 61509.459350298584 0.044426933382 cfg1 2 1 0 0 na na
10 61509.467350263533 0.044426973392 cfg1 2 1 0 0 na na
10 61509.474350323290 0.044426992168 cfg1 2 1 0 0 na na
10 61509.477350293785 0.044427007730 cfg1 2 1 0 0 na na
10 61509.483350360550 0.044427033999 cfg1 2 1 0 0 na na
10 61509.491350288144 0.044427074096 cfg1 2 1 0 0 na na
10 61509.499350297142 0.044427096759 cfg1 2 1 0 0 na na
10 61509.506350366760 0.044427125857 cfg1 2 1 0 0 na na
10 61509.510350302216 0.044427160546 cfg1 2 1 0 0 na na
10 61509.514350306479 0.044427157045 cfg1 2 1 0 0 na na
10 61509.518350273436 0.044427173623 cfg1 2 1 0 0 na na
10 61509.560350273992 0.044427342534 cfg1 2 1 0 0 na na
10 61509.578350313565 0.044427412233 cfg1 2 1 0 0 na na
10 61509.604350334749 0.044427538551 cfg1 2 1 0 0 na na
10 61509.620350300903 0.044427607986 cfg1 2 1 0 0 na na
10 61509.640350323533 0.044427667642 cfg1 2 1 0 0 na na
10 61509.665350284338 0.044427778596 cfg1 2 1 0 0 na na
10 61509.669350268769 0.044427788453 cfg1 2 1 0 0 na na
10 61509.672350347525 0.044427794801 cfg1 2 1 0 0 na na
10 61509.686350270836 0.044427859384 cfg1 2 1 0 0 na na
10 61509.690350341515 0.044427863776 cfg1 2 1 0 0 na na
10 61509.692350337642 0.044427875066 cfg1 2 1 0 0 na na
10 61509.715350341317 0.044427986508 cfg1 2 1 0 0 na na
10 61509.737350349163 0.044428068047 cfg1 2 1 0 0 na na
10 61509.738350280124 0.044428085617 cfg1 2 1 0 0 na na
10 61509.751350311802 0.044428117233 cfg1 2 1 0 0 na na
10 61509.756350324224 0.044428134426 cfg1 2 1 0 0 na na
10 61509.783350306539 0.044428255419 cfg1 2 1 0 0 na na
10 61509.785350299211 0.044428264845 cfg1 2 1 0 0 na na
10 61509.799350305030 0.044428305998 cfg1 2 1 0 0 na na
10 61509.815350313328 0.044428368333 cfg1 2 1 0 0 na na
10 61509.850350331625 0.044428536532 cfg1 2 1 0 0 na na
10 61509.859350294113 0.044428566167 cfg1 2 1 0 0 na na
10 61509.879350305732 0.044428630706 cfg1 2 1 0 0 na na
10 61509.893350248175 0.044428712420 cfg1 2 1 0 0 na na
10 61509.901350280861 0.044428722128 cfg1 2 1 0 0 na na
10 61509.905350340970 0.044428736131 cfg1 2 1 0 0 na na
10 61509.908350243824 0.044428767891 cfg1 2 1 0 0 na na
10 61509.930350258978 0.044428855948 cfg1 2 1 0 0 na na
10 61509.932350305916 0.044428853107 cfg1 2 1 0 0 na na
10 61509.943350364869 0.044428890952 cfg1 2 1 0 0 na na
10 61509.962350333311 0.044428962960 cfg1 2 1 0 0 na na
10 61509.989350273039 0.044429096036 cfg1 2 1 0 0 na na
10 61510.001350300695 0.044429125533 cfg1 2 1 0 0 na na
10 61510.004350363843 0.044429136081 cfg1 2 1 0 0 na na
10 61510.008350289957 0.044429158154 cfg1 2 1 0 0 na na
10 61510.015350282239 0.044429205127 cfg1 2 1 0 0 na na
10 61510.019350290887 0.044429205626 cfg1 2 1 0 0 na na
10 61510.033350318381 0.044429270303 cfg1 2 1 0 0 na na
10 61510.035350278481 0.044429279218 cfg1 2 1 0 0 na na
10 61510.046350280547 0.044429318587 cfg1 2 1 0 0 na na
10 61510.051350284316 0.044429331306 cfg1 2 1 0 0 na na
10 61510.081350315130 0.044429445955 cfg1 2 1 0 0 na na
10 61510.085350256334 0.044429470822 cfg1 2 1 0 0 na na
10 61510.100350295337 0.044429534535 cfg1 2 1 0 0 na na
10 61510.106350258461 0.044429553323 cfg1 2 1 0 0 na na
10 61510.123350352148 0.044429628559 cfg1 2 1 0 0 na na
10 61510.131350249370 0.044429662329 cfg1 2 1 0 0 na na
10 61510.132350348778 0.044429670046 cfg1 2 1 0 0 na na
10 61510.135350278275 0.044429665606 cfg1 2 1 0 0 na na
10 61510.151350293844 0.044429749624 cfg1 2 1 0 0 na na
10 61510.168350360440 0.044429801881 cfg1 2 1 0 0 na na
10 61510.182350331455 0.044429878442 cfg1 2 1 0 0 na na
10 61510.184350341531 0.044429870852 cfg1 2 1 0 0 na na
10 61510.193350248562 0.044429918459 cfg1 2 1 0 0 na na
10 61510.207350263648 0.044429958434 cfg1 2 1 0 0 na na
10 61510.215350346341 0.044430006755 cfg1 2 1 0 0 na na
10 61510.224350293492 0.044430042286 cfg1 2 1 0 0 na na
10 61510.225350364967 0.044430037343 cfg1 2 1 0 0 na na
10 61510.226350353219 0.044430052432 cfg1 2 1 0 0 na na
10 61510.227350314945 0.044430065718 cfg1 2 1 0 0 na na
10 61510.233350319498 0.044430064271 cfg1 2 1 0 0 na na
10 61510.247350285035 0.044430136502 cfg1 2 1 0 0 na na
10 61510.272350352001 0.044430224341 cfg1 2 1 0 0 na na
10 61510.277350352331 0.044430257772 cfg1 2 1 0 0 na na
10 61510.283350258695 0.044430275879 cfg1 2 1 0 0 na na
10 61510.285350283453 0.044430281932 cfg1 2 1 0 0 na na
10 61510.289350307532 0.044430307253 cfg1 2 1 0 0 na na
10 61510.294350366300 0.044430329765 cfg1 2 1 0 0 na na
10 61510.305350271512 0.044430358380 cfg1 2 1 0 0 na na
10 61510.308350324423 0.044430379133 cfg1 2 1 0 0 na na
10 61510.338350296741 0.044430507212 cfg1 2 1 0 0 na na
10 61510.342350333385 0.044430503869 cfg1 2 1 0 0 na na
10 61510.357350329977 0.044430584388 cfg1 2 1 0 0 na na
10 61510.367350332137 0.044430612231 cfg1 2 1 0 0 na na
10 61510.369350352536 0.044430639073 cfg1 2 1 0 0 na na
10 61510.372350361077 0.044430626044 cfg1 2 1 0 0 na na
10 61510.402350338974 0.044430753677 cfg1 2 1 0 0 na na
10 61510.407350297844 0.044430776276 cfg1 2 1 0 0 na na
10 61510.429350332718 0.044430870770 cfg1 2 1 0 0 na na
10 61510.430350328915 0.044430875700 cfg1 2 1 0 0 na na
10 61510.442350281213 0.044430928611 cfg1 2 1 0 0 na na
10 61510.448350310550 0.044430938747 cfg1 2 1 0 0 na na
10 61510.451350340997 0.044430953715 cfg1 2 1 0 0 na na
10 61510.454350337455 0.044430982292 cfg1 2 1 0 0 na na
10 61510.455350339569 0.044430978121 cfg1 2 1 0 0 na na
10 61510.459350324002 0.044431001580 cfg1 2 1 0 0 na na
10 61510.492350353941 0.044431124925 cfg1 2 1 0 0 na na
10 61510.495350322616 0.044431141134 cfg1 2 1 0 0 na na
10 61510.496350303411 0.044431147564 cfg1 2 1 0 0 na na
10 61510.501350325246 0.044431172437 cfg1 2 1 0 0 na na
10 61510.517350283839 0.044431213098 cfg1 2 1 0 0 na na
10 61510.519350332958 0.044431249855 cfg1 2 1 0 0 na na
10 61510.522350313678 0.044431244124 cfg1 2 1 0 0 na na
10 61510.524350315888 0.044431260913 cfg1 2 1 0 0 na na
10 61510.526350318987 0.044431270001 cfg1 2 1 0 0 na na
10 61510.528350295238 0.044431262518 cfg1 2 1 0 0 na na
10 61510.531350325934 0.044431292612 cfg1 2 1 0 0 na na
10 61510.538350326482 0.044431317424 cfg1 2 1 0 0 na na
10 61510.542350285088 0.044431332400 cfg1 2 1 0 0 na na
10 61510.546350326177 0.044431358297 cfg1 2 1 0 0 na na
10 61510.547350320621 0.044431362826 cfg1 2 1 0 0 na na
10 61510.548350305187 0.044431350100 cfg1 2 1 0 0 na na
10 61510.549350355515 0.044431346775 cfg1 2 1 0 0 na na
10 61510.552350327111 0.044431366093 cfg1 2 1 0 0 na na
10 61510.556350329840 0.044431378242 cfg1 2 1 0 0 na na
10 61510.557350346822 0.044431389931 cfg1 2 1 0 0 na na
10 61510.567350360352 0.044431441235 cfg1 2 1 0 0 na na
10 61510.573350300386 0.044431462766 cfg1 2 1 0 0 na na
10 61510.581350326101 0.044431480028 cfg1 2 1 0 0 na na
10 61510.607350314470 0.044431582986 cfg1 2 1 0 0 na na
10 61510.612350362518 0.044431600593 cfg1 2 1 0 0 na na
10 61510.628350290626 0.044431687784 cfg1 2 1 0 0 na na
10 61510.642350286265 0.044431725780 cfg1 2 1 0 0 na na
10 61510.646350359220 0.044431746120 cfg1 2 1 0 0 na na
10 61510.666350316987 0.044431835252 cfg1 2 1 0 0 na na
10 61510.687350305148 0.044431908626 cfg1 2 1 0 0 na na
10 61510.708350293411 0.044432003067 cfg1 2 1 0 0 na na
10 61510.724350324321 0.044432055282 cfg1 2 1 0 0 na na
10 61510.725350333547 0.044432070641 cfg1 2 1 0 0 na na
10 61510.735350335638 0.044432107998 cfg1 2 1 0 0 na na
10 61510.739350274833 0.044432125066 cfg1 2 1 0 0 na na
10 61510.751350340247 0.044432165235 cfg1 2 1 0 0 na na
10 61510.769350296429 0.044432242832 cfg1 2 1 0 0 na na
10 61510.784350358483 0.044432297570 cfg1 2 1 0 0 na na
10 61510.788350267479 0.044432317176 cfg1 2 1 0 0 na na
10 61510.793350343237 0.044432333826 cfg1 2 1 0 0 na na
10 61510.800350310664 0.044432374093 cfg1 2 1 0 0 na na
10 61510.808350344717 0.044432420605 cfg1 2 1 0 0 na na
10 61510.814350298581 0.044432441824 cfg1 2 1 0 0 na na
10 61510.827350354885 0.044432498195 cfg1 2 1 0 0 na na
10 61510.830350342209 0.044432487370 cfg1 2 1 0 0 na na
10 61510.844350355703 0.044432558441 cfg1 2 1 0 0 na na
10 61510.848350286048 0.044432578999 cfg1 2 1 0 0 na na
10 61510.861350324294 0.044432625261 cfg1 2 1 0 0 na na
10 61510.894350332694 0.044432762427 cfg1 2 1 0 0 na na
10 61510.903350305736 0.044432786463 cfg1 2 1 0 0 na na
10 61510.910350254268 0.044432817515 cfg1 2 1 0 0 na na
10 61510.911350340424 0.044432829362 cfg1 2 1 0 0 na na
10 61510.923350317830 0.044432866659 cfg1 2 1 0 0 na na
10 61510.927350359736 0.044432880242 cfg1 2 1 0 0 na na
10 61510.942350303822 0.044432937822 cfg1 2 1 0 0 na na
10 61510.947350308763 0.044432976189 cfg1 2 1 0 0 na na
10 61510.953350308643 0.044433003075 cfg1 2 1 0 0 na na
10 61510.954350339561 0.044432998316 cfg1 2 1 0 0 na na
10 61510.971350344850 0.044433072163 cfg1 2 1 0 0 na na
10 61510.973350318985 0.044433070138 cfg1 2 1 0 0 na na
10 61511.006350367828 0.044433200996 cfg1 2 1 0 0 na na
10 61511.011350314990 0.044433222527 cfg1 2 1 0 0 na na
10 61511.022350328115 0.044433280289 cfg1 2 1 0 0 na na
10 61511.044350255616 0.044433361296 cfg1 2 1 0 0 na na
10 61511.050350267269 0.044433384819 cfg1 2 1 0 0 na na
10 61511.059350318603 0.044433414223 cfg1 2 1 0 0 na na
10 61511.120350298392 0.044433672747 cfg1 2 1 0 0 na na
10 61511.133350315435 0.044433721721 cfg1 2 1 0 0 na na
10 61511.144350280943 0.044433764854 cfg1 2 1 0 0 na na
10 61511.153350395855 0.044433819582 cfg1 2 1 0 0 na na
10 61511.168350318424 0.044433881181 cfg1 2 1 0 0 na na
10 61511.171350298414 0.044433876166 cfg1 2 1 0 0 na na
10 61511.174350367684 0.044433902807 cfg1 2 1 0 0 na na
10 61511.190350288310 0.044433949688 cfg1 2 1 0 0 na na
10 61511.201350347877 0.044434016341 cfg1 2 1 0 0 na na
10 61511.213350308471 0.044434062194 cfg1 2 1 0 0 na na
10 61511.225350333980 0.044434094228 cfg1 2 1 0 0 na na
10 61511.231350362699 0.044434130109 cfg1 2 1 0 0 na na
10 61511.245350266477 0.044434170479 cfg1 2 1 0 0 na na
10 61511.257350301483 0.044434238539 cfg1 2 1 0 0 na na
10 61511.264350291846 0.044434254167 cfg1 2 1 0 0 na na
10 61511.268350293293 0.044434265529 cfg1 2 1 0 0 na na
10 61511.278350317877 0.044434321896 cfg1 2 1 0 0 na na
10 61511.279350347403 0.044434318240 cfg1 2 1 0 0 na na
10 61511.280350354643 0.044434328546 cfg1 2 1 0 0 na na
10 61511.284350335304 0.044434345793 cfg1 2 1 0 0 na na
10 61511.286350314892 0.044434344052 cfg1 2 1 0 0 na na
10 61511.291350371423 0.044434360509 cfg1 2 1 0 0 na na
10 61511.292350337747 0.044434368375 cfg1 2 1 0 0 na na
10 61511.295350332071 0.044434401592 cfg1 2 1 0 0 na na
10 61511.315350315153 0.044434463310 cfg1 2 1 0 0 na na
10 61511.317350317493 0.044434465315 cfg1 2 1 0 0 na na
10 61511.321350338312 0.044434485363 cfg1 2 1 0 0 na na
10 61511.347350265291 0.044434586644 cfg1 2 1 0 0 na na
10 61511.353350320457 0.044434621366 cfg1 2 1 0 0 na na
10 61511.376350306036 0.044434710620 cfg1 2 1 0 0 na na
10 61511.387350321479 0.044434759433 cfg1 2 1 0 0 na na
10 61511.402350307446 0.044434824369 cfg1 2 1 0 0 na na
10 61511.414350329621 0.044434855871 cfg1 2 1 0 0 na na
10 61511.421350315410 0.044434892961 cfg1 2 1 0 0 na na
10 61511.466350332900 0.044435089654 cfg1 2 1 0 0 na na
10 61511.479350340787 0.044435140971 cfg1 2 1 0 0 na na
10 61511.492350339171 0.044435183622 cfg1 2 1 0 0 na na
10 61511.516350376989 0.044435292519 cfg1 2 1 0 0 na na
10 61511.517350310210 0.044435282825 cfg1 2 1 0 0 na na
10 61511.530350333739 0.044435346095 cfg1 2 1 0 0 na na
10 61511.533350342871 0.044435367380 cfg1 2 1 0 0 na na
10 61511.563350269171 0.044435478932 cfg1 2 1 0 0 na na
10 61511.578350268124 0.044435523944 cfg1 2 1 0 0 na na
10 61511.589350363216 0.044435570424 cfg1 2 1 0 0 na na
10 61511.594350323664 0.044435603906 cfg1 2 1 0 0 na na
10 61511.596350277192 0.044435608385 cfg1 2 1 0 0 na na
10 61511.601350335232 0.044435616634 cfg1 2 1 0 0 na na
10 61511.603350330482 0.044435628617 cfg1 2 1 0 0 na na
10 61511.616350308031 0.044435698891 cfg1 2 1 0 0 na na
10 61511.648350350082 0.044435831097 cfg1 2 1 0 0 na na
10 61511.675350335452 0.044435933677 cfg1 2 1 0 0 na na
10 61511.678350345446 0.044435952701 cfg1 2 1 0 0 na na
10 61511.710350357578 0.044436077595 cfg1 2 1 0 0 na na
10 61511.714350317354 0.044436094960 cfg1 2 1 0 0 na na
10 61511.736350268579 0.044436168309 cfg1 2 1 0 0 na na
10 61511.742350332408 0.044436203196 cfg1 2 1 0 0 na na
10 61511.745350301988 0.044436218000 cfg1 2 1 0 0 na na
10 61511.755350322602 0.044436261024 cfg1 2 1 0 0 na na
10 61511.776350324682 0.044436358312 cfg1 2 1 0 0 na na
10 61511.799350340660 0.044436452209 cfg1 2 1 0 0 na na
10 61511.845350300270 0.044436614709 cfg1 2 1 0 0 na na
10 61511.848350369570 0.044436643135 cfg1 2 1 0 0 na na
10 61511.854350315811 0.044436651866 cfg1 2 1 0 0 na na
10 61511.868350287555 0.044436714411 cfg1 2 1 0 0 na na
10 61511.915350351452 0.044436919344 cfg1 2 1 0 0 na na
10 61511.928350307163 0.044436968991 cfg1 2 1 0 0 na na
10 61511.934350297830 0.044436978496 cfg1 2 1 0 0 na na
10 61511.937350293752 0.044437001619 cfg1 2 1 0 0 na na
10 61511.941350350107 0.044437008096 cfg1 2 1 0 0 na na
10 61511.965350318624 0.044437107375 cfg1 2 1 0 0 na na
10 61511.967350349865 0.044437135623 cfg1 2 1 0 0 na na
10 61511.968350314662 0.044437125203 cfg1 2 1 0 0 na na
10 61511.986350300168 0.044437198080 cfg1 2 1 0 0 na na
10 61511.996350339118 0.044437253826 cfg1 2 1 0 0 na na
10 61512.017350316447 0.044437314964 cfg1 2 1 0 0 na na
10 61512.029350332330 0.044437384014 cfg1 2 1 0 0 na na
10 61512.044350360479 0.044437426613 cfg1 2 1 0 0 na na
10 61512.051350322608 0.044437463710 cfg1 2 1 0 0 na na
10 61512.068350272307 0.044437543593 cfg1 2 1 0 0 na na
10 61512.077350304496 0.044437574657 cfg1 2 1 0 0 na na
10 61512.100350281643 0.044437678463 cfg1 2 1 0 0 na na
10 61512.118350367131 0.044437743463 cfg1 2 1 0 0 na na
10 61512.132350343211 0.044437797437 cfg1 2 1 0 0 na na
10 61512.134350269447 0.044437800420 cfg1 2 1 0 0 na na
10 61512.137350306641 0.044437811276 cfg1 2 1 0 0 na na
10 61512.145350331913 0.044437858335 cfg1 2 1 0 0 na na
10 61512.185350321804 0.044438008348 cfg1 2 1 0 0 na na
10 61512.187350339264 0.044438019902 cfg1 2 1 0 0 na na
10 61512.220350259089 0.044438152578 cfg1 2 1 0 0 na na
10 61512.221350343290 0.044438170289 cfg1 2 1 0 0 na na
10 61512.228350327612 0.044438183255 cfg1 2 1 0 0 na na
10 61512.264350320238 0.044438335174 cfg1 2 1 0 0 na na
10 61512.275350302908 0.044438376527 cfg1 2 1 0 0 na na
10 61512.277350304321 0.044438389324 cfg1 2 1 0 0 na na
10 61512.296350318848 0.044438459209 cfg1 2 1 0 0 na na
10 61512.302350357042 0.044438480822 cfg1 2 1 0 0 na na
10 61512.321350333875 0.044438553047 cfg1 2 1 0 0 na na
10 61512.323350302008 0.044438584218 cfg1 2 1 0 0 na na
10 61512.329350300726 0.044438591435 cfg1 2 1 0 0 na na
10 61512.347350321937 0.044438666030 cfg1 2 1 0 0 na na
10 61512.369350351547 0.044438773400 cfg1 2 1 0 0 na na
10 61512.378350309049 0.044438800497 cfg1 2 1 0 0 na na
10 61512.389350354595 0.044438831245 cfg1 2 1 0 0 na na
10 61512.395350264687 0.044438857226 cfg1 2 1 0 0 na na
10 61512.399350361163 0.044438882771 cfg1 2 1 0 0 na na
10 61512.402350349210 0.044438889523 cfg1 2 1 0 0 na na
10 61512.403350257026 0.044438899767 cfg1 2 1 0 0 na na
10 61512.405350313077 0.044438915972 cfg1 2 1 0 0 na na
10 61512.413350286190 0.044438936344 cfg1 2 1 0 0 na na
10 61512.414350330273 0.044438949527 cfg1 2 1 0 0 na na
10 61512.419350320835 0.044438954918 cfg1 2 1 0 0 na na
10 61512.448350316628 0.044439083468 cfg1 2 1 0 0 na na
10 61512.449350327587 0.044439087825 cfg1 2 1 0 0 na na
10 61512.451350285041 0.044439082723 cfg1 2 1 0 0 na na
10 61512.470350327724 0.044439159076 cfg1 2 1 0 0 na na
10 61512.481350266089 0.044439210655 cfg1 2 1 0 0 na na
10 61512.496350366942 0.044439284206 cfg1 2 1 0 0 na na
10 61512.506350258434 0.044439318384 cfg1 2 1 0 0 na na
10 61512.508350278499 0.044439334484 cfg1 2 1 0 0 na na
10 61512.509350325028 0.044439344174 cfg1 2 1 0 0 na na
10 61512.512350298946 0.044439346114 cfg1 2 1 0 0 na na
10 61512.535350349992 0.044439434591 cfg1 2 1 0 0 na na
10 61512.563350304025 0.044439553163 cfg1 2 1 0 0 na na
10 61512.588350284456 0.044439647358 cfg1 2 1 0 0 na na
10 61512.591350335139 0.044439659223 cfg1 2 1 0 0 na na
10 61512.603350317864 0.044439714773 cfg1 2 1 0 0 na na
10 61512.604350329692 0.044439722796 cfg1 2 1 0 0 na na
10 61512.625350268680 0.044439793490 cfg1 2 1 0 0 na na
10 61512.645350299814 0.044439897160 cfg1 2 1 0 0 na na
10 61512.652350306463 0.044439921723 cfg1 2 1 0 0 na na
10 61512.675350269186 0.044439997974 cfg1 2 1 0 0 na na
10 61512.684350351315 0.044440043194 cfg1 2 1 0 0 na na
10 61512.690350314661 0.044440057634 cfg1 2 1 0 0 na na
10 61512.700350309234 0.044440101556 cfg1 2 1 0 0 na na
10 61512.707350280089 0.044440154875 cfg1 2 1 0 0 na na
10 61512.727350342471 0.044440212557 cfg1 2 1 0 0 na na
10 61512.733350350971 0.044440248486 cfg1 2 1 0 0 na na
10 61512.742350289045 0.044440292643 cfg1 2 1 0 0 na na
10 61512.756350356490 0.044440340302 cfg1 2 1 0 0 na na
10 61512.758350326143 0.044440339051 cfg1 2 1 0 0 na na
10 61512.773350289310 0.044440401668 cfg1 2 1 0 0 na na
10 61512.791350308694 0.044440497353 cfg1 2 1 0 0 na na
10 61512.795350318363 0.044440504336 cfg1 2 1 0 0 na na
10 61512.810350361653 0.044440571932 cfg1 2 1 0 0 na na
10 61512.816350321784 0.044440591735 cfg1 2 1 0 0 na na
10 61512.824350261775 0.044440614917 cfg1 2 1 0 0 na na
10 61512.830350264110 0.044440652050 cfg1 2 1 0 0 na na
10 61512.831350341402 0.044440641694 cfg1 2 1 0 0 na na
10 61512.838350288805 0.044440670990 cfg1 2 1 0 0 na na
10 61512.863350325498 0.044440772944 cfg1 2 1 0 0 na na
10 61512.883350347119 0.044440869411 cfg1 2 1 0 0 na na
10 61512.884350303564 0.044440875821 cfg1 2 1 0 0 na na
10 61512.885350316910 0.044440868381 cfg1 2 1 0 0 na na
10 61512.886350288222 0.044440878826 cfg1 2 1 0 0 na na
10 61512.895350275719 0.044440909219 cfg1 2 1 0 0 na na
10 61512.896350293298 0.044440898338 cfg1 2 1 0 0 na na
10 61512.900350334859 0.044440942340 cfg1 2 1 0 0 na na
10 61512.908350276821 0.044440957493 cfg1 2 1 0 0 na na
10 61512.909350333175 0.044440957890 cfg1 2 1 0 0 na na
10 61512.911350323710 0.044440972454 cfg1 2 1 0 0 na na
10 61512.937350271121 0.044441067771 cfg1 2 1 0 0 na na
10 61512.938350397463 0.044441083223 cfg1 2 1 0 0 na na
10 61512.953350376508 0.044441141239 cfg1 2 1 0 0 na na
10 61512.968350313392 0.044441213434 cfg1 2 1 0 0 na na
10 61512.977350300002 0.044441252976 cfg1 2 1 0 0 na na
10 61512.992350296320 0.044441293624 cfg1 2 1 0 0 na na
10 61513.013350269524 0.044441377432 cfg1 2 1 0 0 na na
10 61513.014350327201 0.044441390991 cfg1 2 1 0 0 na na
10 61513.022350323530 0.044441431355 cfg1 2 1 0 0 na na
10 61513.023350296373 0.044441423459 cfg1 2 1 0 0 na na
10 61513.025350261108 0.044441450195 cfg1 2 1 0 0 na na
10 61513.063350268336 0.044441594932 cfg1 2 1 0 0 na na
10 61513.075350300161 0.044441636359 cfg1 2 1 0 0 na na
10 61513.080350303531 0.044441657979 cfg1 2 1 0 0 na na
10 61513.091350282348 0.044441708125 cfg1 2 1 0 0 na na
10 61513.099350332187 0.044441727741 cfg1 2 1 0 0 na na
10 61513.102350268508 0.044441766190 cfg1 2 1 0 0 na na
10 61513.115350295231 0.044441805267 cfg1 2 1 0 0 na na
10 61513.121350259295 0.044441827670 cfg1 2 1 0 0 na na
10 61513.134350361753 0.044441889343 cfg1 2 1 0 0 na na
10 61513.153350334499 0.044441969376 cfg1 2 1 0 0 na na
10 61513.158350376046 0.044441997609 cfg1 2 1 0 0 na na
10 61513.179350337304 0.044442079356 cfg1 2 1 0 0 na na
10 61513.199350314668 0.044442157800 cfg1 2 1 0 0 na na
10 61513.207350352120 0.044442172312 cfg1 2 1 0 0 na na
10 61513.208350272929 0.044442174467 cfg1 2 1 0 0 na na
10 61513.212350267747 0.044442194337 cfg1 2 1 0 0 na na
10 61513.213350274827 0.044442207094 cfg1 2 1 0 0 na na
10 61513.215350293310 0.044442214219 cfg1 2 1 0 0 na na
10 61513.220350324190 0.044442230334 cfg1 2 1 0 0 na na
10 61513.230350369741 0.044442288926 cfg1 2 1 0 0 na na
10 61513.232350274042 0.044442288081 cfg1 2 1 0 0 na na
10 61513.240350364900 0.044442307008 cfg1 2 1 0 0 na na
10 61513.242350376923 0.044442336272 cfg1 2 1 0 0 na na
10 61513.247350347532 0.044442352140 cfg1 2 1 0 0 na na
10 61513.261350299450 0.044442416760 cfg1 2 1 0 0 na na
10 61513.272350270221 0.044442461697 cfg1 2 1 0 0 na na
10 61513.280350326046 0.044442484891 cfg1 2 1 0 0 na na
10 61513.292350306243 0.044442527756 cfg1 2 1 0 0 na na
10 61513.297350293248 0.044442547787 cfg1 2 1 0 0 na na
10 61513.301350263687 0.044442558269 cfg1 2 1 0 0 na na
10 61513.312350307902 0.044442601873 cfg1 2 1 0 0 na na
10 61513.322350330081 0.044442647598 cfg1 2 1 0 0 na na
10 61513.329350346981 0.044442680235 cfg1 2 1 0 0 na na
10 61513.336350328027 0.044442711560 cfg1 2 1 0 0 na na
10 61513.347350360037 0.044442749625 cfg1 2 1 0 0 na na
10 61513.349350393857 0.044442765200 cfg1 2 1 0 0 na na
10 61513.353350350954 0.044442774990 cfg1 2 1 0 0 na na
10 61513.362350329465 0.044442807894 cfg1 2 1 0 0 na na
10 61513.367350337844 0.044442849399 cfg1 2 1 0 0 na na
10 61513.370350328805 0.044442856499 cfg1 2 1 0 0 na na
10 61513.384350318206 0.044442922600 cfg1 2 1 0 0 na na
10 61513.385350329264 0.044442907353 cfg1 2 1 0 0 na na
10 61513.394350334155 0.044442948866 cfg1 2 1 0 0 na na
10 61513.400350259247 0.044442972800 cfg1 2 1 0 0 na na
10 61513.441350269761 0.044443139816 cfg1 2 1 0 0 na na
10 61513.456350349812 0.044443207610 cfg1 2 1 0 0 na na
10 61513.459350333388 0.044443221550 cfg1 2 1 0 0 na na
10 61513.469350362043 0.044443265668 cfg1 2 1 0 0 na na
10 61513.470350337098 0.044443253343 cfg1 2 1 0 0 na na
10 61513.472350269572 0.044443278229 cfg1 2 1 0 0 na na
10 61513.474350292404 0.044443263530 cfg1 2 1 0 0 na na
10 61513.483350376539 0.044443300017 cfg1 2 1 0 0 na na
10 61513.487350320927 0.044443315822 cfg1 2 1 0 0 na na
10 61513.493350285130 0.044443348694 cfg1 2 1 0 0 na na
10 61513.499350334254 0.044443393726 cfg1 2 1 0 0 na na
10 61513.503350315682 0.044443384142 cfg1 2 1 0 0 na na
10 61513.510350300728 0.044443435148 cfg1 2 1 0 0 na na
10 61513.543350342028 0.044443565380 cfg1 2 1 0 0 na na
10 61513.547350268809 0.044443563221 cfg1 2 1 0 0 na na
10 61513.569350326119 0.044443651466 cfg1 2 1 0 0 na na
10 61513.619350355847 0.044443861373 cfg1 2 1 0 0 na na
10 61513.632350278061 0.044443912195 cfg1 2 1 0 0 na na
10 61513.639350310265 0.044443941129 cfg1 2 1 0 0 na na
10 61513.642350295385 0.044443976705 cfg1 2 1 0 0 na na
10 61513.645350333949 0.044443986706 cfg1 2 1 0 0 na na
10 61513.666350263802 0.044444058557 cfg1 2 1 0 0 na na
10 61513.693350306677 0.044444163460 cfg1 2 1 0 0 na na
10 61513.701350298598 0.044444216692 cfg1 2 1 0 0 na na
10 61513.711350302378 0.044444260061 cfg1 2 1 0 0 na na
10 61513.712350308480 0.044444247828 cfg1 2 1 0 0 na na
10 61513.716350334163 0.044444278482 cfg1 2 1 0 0 na na
10 61513.726350344460 0.044444296450 cfg1 2 1 0 0 na na
10 61513.737350291799 0.044444340961 cfg1 2 1 0 0 na na
10 61513.740350293563 0.044444380217 cfg1 2 1 0 0 na na
10 61513.750350260654 0.044444401399 cfg1 2 1 0 0 na na
10 61513.752350274220 0.044444414188 cfg1 2 1 0 0 na na
10 61513.761350303246 0.044444448107 cfg1 2 1 0 0 na na
10 61513.764350265785 0.044444456215 cfg1 2 1 0 0 na na
10 61513.766350286243 0.044444475597 cfg1 2 1 0 0 na na
10 61513.780350322749 0.044444543950 cfg1 2 1 0 0 na na
10 61513.793350293233 0.044444584053 cfg1 2 1 0 0 na na
10 61513.809350341678 0.044444639077 cfg1 2 1 0 0 na na
10 61513.815350292680 0.044444672620 cfg1 2 1 0 0 na na
10 61513.821350293998 0.044444691290 cfg1 2 1 0 0 na na
10 61513.823350286925 0.044444696156 cfg1 2 1 0 0 na na
10 61513.855350393122 0.044444849019 cfg1 2 1 0 0 na na
10 61513.856350293344 0.044444853481 cfg1 2 1 0 0 na na
10 61513.868350248665 0.044444898329 cfg1 2 1 0 0 na na
10 61513.872350279357 0.044444905361 cfg1 2 1 0 0 na na
10 61513.880350344174 0.044444950442 cfg1 2 1 0 0 na na
10 61513.893350302842 0.044444988451 cfg1 2 1 0 0 na na
10 61513.895350333738 0.044445010665 cfg1 2 1 0 0 na na
10 61513.902350281685 0.044445033200 cfg1 2 1 0 0 na na
10 61513.913350307555 0.044445087988 cfg1 2 1 0 0 na na
10 61513.929350353035 0.044445154462 cfg1 2 1 0 0 na na
10 61513.931350318412 0.044445149738 cfg1 2 1 0 0 na na
10 61513.935350331183 0.044445174331 cfg1 2 1 0 0 na na
10 61513.958350342908 0.044445261308 cfg1 2 1 0 0 na na
10 61513.975350265814 0.044445321048 cfg1 2 1 0 0 na na
10 61513.981350319907 0.044445347980 cfg1 2 1 0 0 na na
10 61514.019350277475 0.044445495042 cfg1 2 1 0 0 na na
10 61514.024350261202 0.044445525747 cfg1 2 1 0 0 na na
10 61514.040350343594 0.044445601567 cfg1 2 1 0 0 na na
10 61514.059350301524 0.044445681057 cfg1 2 1 0 0 na na
10 61514.081350341891 0.044445778047 cfg1 2 1 0 0 na na
10 61514.088350341118 0.044445807210 cfg1 2 1 0 0 na na
10 61514.093350270712 0.044445823209 cfg1 2 1 0 0 na na
10 61514.102350368624 0.044445842472 cfg1 2 1 0 0 na na
10 61514.105350357732 0.044445869933 cfg1 2 1 0 0 na na
10 61514.112350306191 0.044445897609 cfg1 2 1 0 0 na na
10 61514.147350321748 0.044446038698 cfg1 2 1 0 0 na na
10 61514.164350300443 0.044446095997 cfg1 2 1 0 0 na na
10 61514.172350280323 0.044446123122 cfg1 2 1 0 0 na na
10 61514.175350332720 0.044446136800 cfg1 2 1 0 0 na na
10 61514.178350327362 0.044446173189 cfg1 2 1 0 0 na na
10 61514.183350326590 0.044446171609 cfg1 2 1 0 0 na na
10 61514.199350335742 0.044446244945 cfg1 2 1 0 0 na na
10 61514.200350262110 0.044446244852 cfg1 2 1 0 0 na na
10 61514.203350278512 0.044446255635 cfg1 2 1 0 0 na na
10 61514.215350291898 0.044446316838 cfg1 2 1 0 0 na na
10 61514.216350337021 0.044446308374 cfg1 2 1 0 0 na na
10 61514.218350265182 0.044446316755 cfg1 2 1 0 0 na na
10 61514.230350308521 0.044446388763 cfg1 2 1 0 0 na na
10 61514.233350298167 0.044446377451 cfg1 2 1 0 0 na na
10 61514.240350385072 0.044446414484 cfg1 2 1 0 0 na na
10 61514.244350365682 0.044446420546 cfg1 2 1 0 0 na na
10 61514.254350289705 0.044446485610 cfg1 2 1 0 0 na na
10 61514.262350320907 0.044446514203 cfg1 2 1 0 0 na na
10 61514.275350359650 0.044446546644 cfg1 2 1 0 0 na na
10 61514.277350315305 0.044446569935 cfg1 2 1 0 0 na na
10 61514.278350289695 0.044446563033 cfg1 2 1 0 0 na na
10 61514.283350339543 0.044446599813 cfg1 2 1 0 0 na na
10 61514.324350299271 0.044446755727 cfg1 2 1 0 0 na na
10 61514.332350285533 0.044446803308 cfg1 2 1 0 0 na na
10 61514.333350311659 0.044446804903 cfg1 2 1 0 0 na na
10 61514.334350345038 0.044446788270 cfg1 2 1 0 0 na na
10 61514.343350294341 0.044446835519 cfg1 2 1 0 0 na na
10 61514.344350359579 0.044446842821 cfg1 2 1 0 0 na na
10 61514.357350337036 0.044446883477 cfg1 2 1 0 0 na na
10 61514.362350275867 0.044446923612 cfg1 2 1 0 0 na na
10 61514.386350309689 0.044447001577 cfg1 2 1 0 0 na na
10 61514.388350310543 0.044447035323 cfg1 2 1 0 0 na na
10 61514.390350343272 0.044447030628 cfg1 2 1 0 0 na na
10 61514.396350294233 0.044447041727 cfg1 2 1 0 0 na na
10 61514.407350299725 0.044447109947 cfg1 2 1 0 0 na na
10 61514.415350317769 0.044447143743 cfg1 2 1 0 0 na na
10 61514.419350268334 0.044447138637 cfg1 2 1 0 0 na na
10 61514.432350336123 0.044447217404 cfg1 2 1 0 0 na na
10 61514.449350345993 0.044447263307 cfg1 2 1 0 0 na na
10 61514.459350300549 0.044447309125 cfg1 2 1 0 0 na na
10 61514.461350273427 0.044447308548 cfg1 2 1 0 0 na na
10 61514.464350328889 0.044447324682 cfg1 2 1 0 0 na na
10 61514.470350298738 0.044447374458 cfg1 2 1 0 0 na na
10 61514.485350336906 0.044447424595 cfg1 2 1 0 0 na na
10 61514.491350285410 0.044447437862 cfg1 2 1 0 0 na na
10 61514.494350338903 0.044447462022 cfg1 2 1 0 0 na na
10 61514.505350302703 0.044447495830 cfg1 2 1 0 0 na na
10 61514.510350292275 0.044447527837 cfg1 2 1 0 0 na na
10 61514.512350250875 0.044447536310 cfg1 2 1 0 0 na na
10 61514.516350294254 0.044447535091 cfg1 2 1 0 0 na na
10 61514.551350327019 0.044447700822 cfg1 2 1 0 0 na na
10 61514.556350308088 0.044447727383 cfg1 2 1 0 0 na na
10 61514.599350356020 0.044447903751 cfg1 2 1 0 0 na na
10 61514.603350322051 0.044447892125 cfg1 2 1 0 0 na na
10 61514.604350317281 0.044447918461 cfg1 2 1 0 0 na na
10 61514.622350322791 0.044447970761 cfg1 2 1 0 0 na na
10 61514.626350255267 0.044448004786 cfg1 2 1 0 0 na na
10 61514.638350357178 0.044448048191 cfg1 2 1 0 0 na na
10 61514.639350262966 0.044448048779 cfg1 2 1 0 0 na na
10 61514.643350260713 0.044448070310 cfg1 2 1 0 0 na na
10 61514.659350278240 0.044448144656 cfg1 2 1 0 0 na na
10 61514.673350280345 0.044448193853 cfg1 2 1 0 0 na na
10 61514.681350306692 0.044448227170 cfg1 2 1 0 0 na na
10 61514.702350339662 0.044448309243 cfg1 2 1 0 0 na na
10 61514.710350295604 0.044448342245 cfg1 2 1 0 0 na na
10 61514.726350255563 0.044448411447 cfg1 2 1 0 0 na na
10 61514.766350339783 0.044448570985 cfg1 2 1 0 0 na na
10 61514.768350358046 0.044448595324 cfg1 2 1 0 0 na na
10 61514.790350294964 0.044448679911 cfg1 2 1 0 0 na na
10 61514.807350332155 0.044448744276 cfg1 2 1 0 0 na na
10 61514.808350331978 0.044448734975 cfg1 2 1 0 0 na na
10 61514.810350305271 0.044448753676 cfg1 2 1 0 0 na na
10 61514.841350338378 0.044448875489 cfg1 2 1 0 0 na na
10 61514.842350288606 0.044448875811 cfg1 2 1 0 0 na na
10 61514.850350323266 0.044448934854 cfg1 2 1 0 0 na na
10 61514.851350328119 0.044448928787 cfg1 2 1 0 0 na na
10 61514.853350298999 0.044448945737 cfg1 2 1 0 0 na na
10 61514.860350339834 0.044448977309 cfg1 2 1 0 0 na na
10 61514.881350310841 0.044449043060 cfg1 2 1 0 0 na na
10 61514.884350363954 0.044449055679 cfg1 2 1 0 0 na na
10 61514.893350362504 0.044449106050 cfg1 2 1 0 0 na na
10 61514.897350296002 0.044449102927 cfg1 2 1 0 0 na na
10 61514.900350349077 0.044449118914 cfg1 2 1 0 0 na na
10 61514.902350325130 0.044449147184 cfg1 2 1 0 0 na na
10 61514.911350312362 0.044449158584 cfg1 2 1 0 0 na na
10 61514.918350339298 0.044449186234 cfg1 2 1 0 0 na na
10 61514.919350275961 0.044449215613 cfg1 2 1 0 0 na na
10 61514.922350262360 0.044449209559 cfg1 2 1 0 0 na na
10 61514.924350255642 0.044449228236 cfg1 2 1 0 0 na na
10 61514.935350307369 0.044449283051 cfg1 2 1 0 0 na na
10 61514.937350286005 0.044449275089 cfg1 2 1 0 0 na na
10 61514.984350312552 0.044449458360 cfg1 2 1 0 0 na na
10 61514.986350337773 0.044449469462 cfg1 2 1 0 0 na na
10 61514.987350253148 0.044449497094 cfg1 2 1 0 0 na na
10 61515.004350269912 0.044449556470 cfg1 2 1 0 0 na na
10 61515.010350317319 0.044449583370 cfg1 2 1 0 0 na na
10 61515.028350247124 0.044449659809 cfg1 2 1 0 0 na na
10 61515.056350319443 0.044449775877 cfg1 2 1 0 0 na na
10 61515.057350358865 0.044449784852 cfg1 2 1 0 0 na na
10 61515.067350304693 0.044449818112 cfg1 2 1 0 0 na na
10 61515.069350284800 0.044449832365 cfg1 2 1 0 0 na na
10 61515.076350325108 0.044449857909 cfg1 2 1 0 0 na na
10 61515.079350328859 0.044449861610 cfg1 2 1 0 0 na na
10 61515.082350263562 0.044449868376 cfg1 2 1 0 0 na na
10 61515.090350308509 0.044449921777 cfg1 2 1 0 0 na na
10 61515.110350324022 0.044449990764 cfg1 2 1 0 0 na na
10 61515.121350357938 0.044450025182 cfg1 2 1 0 0 na na
10 61515.123350276362 0.044450051651 cfg1 2 1 0 0 na na
10 61515.142350291883 0.044450110476 cfg1 2 1 0 0 na na
10 61515.146350286924 0.044450129011 cfg1 2 1 0 0 na na
10 61515.152350317478 0.044450169879 cfg1 2 1 0 0 na na
10 61515.159350301598 0.044450183388 cfg1 2 1 0 0 na na
10 61515.161350339645 0.044450206511 cfg1 2 1 0 0 na na
10 61515.169350288246 0.044450229579 cfg1 2 1 0 0 na na
10 61515.180350335964 0.044450270329 cfg1 2 1 0 0 na na
10 61515.193350331059 0.044450329467 cfg1 2 1 0 0 na na
10 61515.194350294051 0.044450333501 cfg1 2 1 0 0 na na
10 61515.197350315753 0.044450355594 cfg1 2 1 0 0 na na
10 61515.205350326803 0.044450375246 cfg1 2 1 0 0 na na
10 61515.219350352958 0.044450448456 cfg1 2 1 0 0 na na
10 61515.220350287680 0.044450437576 cfg1 2 1 0 0 na na
10 61515.229350297361 0.044450483189 cfg1 2 1 0 0 na na
10 61515.239350286292 0.044450516179 cfg1 2 1 0 0 na na
10 61515.266350314691 0.044450641353 cfg1 2 1 0 0 na na
10 61515.280350299349 0.044450690118 cfg1 2 1 0 0 na na
10 61515.282350261959 0.044450693469 cfg1 2 1 0 0 na na
10 61515.285350309206 0.044450697789 cfg1 2 1 0 0 na na
10 61515.289350340831 0.044450714507 cfg1 2 1 0 0 na na
10 61515.319350324601 0.044450849372 cfg1 2 1 0 0 na na
10 61515.329350297683 0.044450884739 cfg1 2 1 0 0 na na
10 61515.340350353008 0.044450951951 cfg1 2 1 0 0 na na
10 61515.347350296528 0.044450961106 cfg1 2 1 0 0 na na
10 61515.350350323002 0.044450964963 cfg1 2 1 0 0 na na
10 61515.351350293572 0.044450969661 cfg1 2 1 0 0 na na
10 61515.375350317275 0.044451087906 cfg1 2 1 0 0 na na
10 61515.415350329637 0.044451244288 cfg1 2 1 0 0 na na
10 61515.446350323449 0.044451375824 cfg1 2 1 0 0 na na
10 61515.453350340208 0.044451405613 cfg1 2 1 0 0 na na
10 61515.456350355989 0.044451426977 cfg1 2 1 0 0 na na
10 61515.464350300853 0.044451440570 cfg1 2 1 0 0 na na
10 61515.473350306350 0.044451490181 cfg1 2 1 0 0 na na
10 61515.476350358005 0.044451486494 cfg1 2 1 0 0 na na
10 61515.478350334800 0.044451520211 cfg1 2 1 0 0 na na
10 61515.491350294347 0.044451549381 cfg1 2 1 0 0 na na
10 61515.506350341295 0.044451606474 cfg1 2 1 0 0 na na
10 61515.523350316639 0.044451698520 cfg1 2 1 0 0 na na
10 61515.525350329769 0.044451688185 cfg1 2 1 0 0 na na
10 61515.534350308665 0.044451741431 cfg1 2 1 0 0 na na
10 61515.535350319506 0.044451731798 cfg1 2 1 0 0 na na
10 61515.541350352224 0.044451769304 cfg1 2 1 0 0 na na
10 61515.543350321102 0.044451780717 cfg1 2 1 0 0 na na
10 61515.553350316540 0.044451822329 cfg1 2 1 0 0 na na
10 61515.556350294096 0.044451830040 cfg1 2 1 0 0 na na
10 61515.557350321331 0.044451825981 cfg1 2 1 0 0 na na
10 61515.562350267283 0.044451843123 cfg1 2 1 0 0 na na
10 61515.564350284214 0.044451850341 cfg1 2 1 0 0 na na
10 61515.573350264150 0.044451887664 cfg1 2 1 0 0 na na
10 61515.584350292132 0.044451928291 cfg1 2 1 0 0 na na
10 61515.606350291570 0.044452038238 cfg1 2 1 0 0 na na
10 61515.617350351921 0.044452068315 cfg1 2 1 0 0 na na
10 61515.624350281758 0.044452116034 cfg1 2 1 0 0 na na
10 61515.654350338419 0.044452226896 cfg1 2 1 0 0 na na
10 61515.657350241682 0.044452255290 cfg1 2 1 0 0 na na
10 61515.659350346271 0.044452242875 cfg1 2 1 0 0 na na
10 61515.662350332681 0.044452268176 cfg1 2 1 0 0 na na
10 61515.699350261496 0.044452426783 cfg1 2 1 0 0 na na
10 61515.705350283281 0.044452455358 cfg1 2 1 0 0 na na
10 61515.710350261845 0.044452454990 cfg1 2 1 0 0 na na
10 61515.713350322957 0.044452472086 cfg1 2 1 0 0 na na
10 61515.715350337654 0.044452469697 cfg1 2 1 0 0 na na
10 61515.725350274214 0.044452517964 cfg1 2 1 0 0 na na
10 61515.726350276432 0.044452541212 cfg1 2 1 0 0 na na
10 61515.733350292122 0.044452547268 cfg1 2 1 0 0 na na
10 61515.734350319045 0.044452565424 cfg1 2 1 0 0 na na
10 61515.739350297645 0.044452568489 cfg1 2 1 0 0 na na
10 61515.745350263334 0.044452598738 cfg1 2 1 0 0 na na
10 61515.751350306235 0.044452628976 cfg1 2 1 0 0 na na
10 61515.768350317109 0.044452701836 cfg1 2 1 0 0 na na
10 61515.772350316085 0.044452723946 cfg1 2 1 0 0 na na
10 61515.787350271547 0.044452773345 cfg1 2 1 0 0 na na
10 61515.793350297074 0.044452791613 cfg1 2 1 0 0 na na
10 61515.821350259014 0.044452917876 cfg1 2 1 0 0 na na
10 61515.832350307011 0.044452949120 cfg1 2 1 0 0 na na
10 61515.844350284150 0.044453006560 cfg1 2 1 0 0 na na
10 61515.862350305973 0.044453082588 cfg1 2 1 0 0 na na
10 61515.869350316174 0.044453128828 cfg1 2 1 0 0 na na
10 61515.871350297485 0.044453114130 cfg1 2 1 0 0 na na
10 61515.881350302204 0.044453163462 cfg1 2 1 0 0 na na
10 61515.889350282344 0.044453185867 cfg1 2 1 0 0 na na
10 61515.906350338151 0.044453279247 cfg1 2 1 0 0 na na
10 61515.909350305710 0.044453273824 cfg1 2 1 0 0 na na
10 61515.925350291549 0.044453347777 cfg1 2 1 0 0 na na
10 61515.941350355780 0.044453426736 cfg1 2 1 0 0 na na
10 61515.947350265765 0.044453445128 cfg1 2 1 0 0 na na
10 61515.951350279579 0.044453461590 cfg1 2 1 0 0 na na
10 61515.959350331688 0.044453502570 cfg1 2 1 0 0 na na
10 61515.970350311338 0.044453538305 cfg1 2 1 0 0 na na
10 61515.971350334385 0.044453542326 cfg1 2 1 0 0 na na
10 61515.973350306849 0.044453536047 cfg1 2 1 0 0 na na
10 61515.975350327354 0.044453560702 cfg1 2 1 0 0 na na
10 61515.980350317127 0.044453571304 cfg1 2 1 0 0 na na
10 61515.990350278761 0.044453626581 cfg1 2 1 0 0 na na
10 61515.996350299977 0.044453641430 cfg1 2 1 0 0 na na
10 61516.003350372927 0.044453659357 cfg1 2 1 0 0 na na
10 61516.036350318822 0.044453820307 cfg1 2 1 0 0 na na
10 61516.040350269912 0.044453807198 cfg1 2 1 0 0 na na
10 61516.041350323992 0.044453828720 cfg1 2 1 0 0 na na
10 61516.047350356271 0.044453839463 cfg1 2 1 0 0 na na
10 61516.048350285120 0.044453855559 cfg1 2 1 0 0 na na
10 61516.072350339086 0.044453954184 cfg1 2 1 0 0 na na
10 61516.080350286907 0.044453990409 cfg1 2 1 0 0 na na
10 61516.083350343082 0.044453986736 cfg1 2 1 0 0 na na
10 61516.090350272673 0.044454039847 cfg1 2 1 0 0 na na
10 61516.098350284328 0.044454075053 cfg1 2 1 0 0 na na
10 61516.114350267081 0.044454115009 cfg1 2 1 0 0 na na
10 61516.117350310719 0.044454143132 cfg1 2 1 0 0 na na
10 61516.122350286666 0.044454174862 cfg1 2 1 0 0 na na
10 61516.125350315650 0.044454159854 cfg1 2 1 0 0 na na
10 61516.171350279084 0.044454358299 cfg1 2 1 0 0 na na
10 61516.182350301394 0.044454394432 cfg1 2 1 0 0 na na
10 61516.207350270017 0.044454519426 cfg1 2 1 0 0 na na
10 61516.236350314398 0.044454619239 cfg1 2 1 0 0 na na
10 61516.238350313865 0.044454639428 cfg1 2 1 0 0 na na
10 61516.246350298613 0.044454673659 cfg1 2 1 0 0 na na
10 61516.249350347864 0.044454680172 cfg1 2 1 0 0 na na
10 61516.265350345919 0.044454757206 cfg1 2 1 0 0 na na
10 61516.291350298398 0.044454862655 cfg1 2 1 0 0 na na
10 61516.293350331375 0.044454879537 cfg1 2 1 0 0 na na
10 61516.302350350893 0.044454910706 cfg1 2 1 0 0 na na
10 61516.317350361229 0.044454958959 cfg1 2 1 0 0 na na
10 61516.346350338608 0.044455071072 cfg1 2 1 0 0 na na
10 61516.368350269713 0.044455162248 cfg1 2 1 0 0 na na
10 61516.386350342561 0.044455264408 cfg1 2 1 0 0 na na
10 61516.390350357645 0.044455258224 cfg1 2 1 0 0 na na
10 61516.407350266058 0.044455325863 cfg1 2 1 0 0 na na
10 61516.418350344236 0.044455379537 cfg1 2 1 0 0 na na
10 61516.426350337856 0.044455410942 cfg1 2 1 0 0 na na
10 61516.441350357870 0.044455487623 cfg1 2 1 0 0 na na
10 61516.442350242522 0.044455494349 cfg1 2 1 0 0 na na
10 61516.458350328439 0.044455554765 cfg1 2 1 0 0 na na
10 61516.463350265193 0.044455556782 cfg1 2 1 0 0 na na
10 61516.484350323332 0.044455663639 cfg1 2 1 0 0 na na
10 61516.489350308641 0.044455675438 cfg1 2 1 0 0 na na
10 61516.498350265097 0.044455722586 cfg1 2 1 0 0 na na
10 61516.499350301947 0.044455723450 cfg1 2 1 0 0 na na
10 61516.524350262789 0.044455813980 cfg1 2 1 0 0 na na
10 61516.526350271111 0.044455815835 cfg1 2 1 0 0 na na
10 61516.531350307984 0.044455836533 cfg1 2 1 0 0 na na
10 61516.532350301564 0.044455866294 cfg1 2 1 0 0 na na
10 61516.534350334630 0.044455863410 cfg1 2 1 0 0 na na
10 61516.536350260473 0.044455866442 cfg1 2 1 0 0 na na
10 61516.577350329043 0.044456029282 cfg1 2 1 0 0 na na
10 61516.580350277152 0.044456053405 cfg1 2 1 0 0 na na
10 61516.589350280925 0.044456090619 cfg1 2 1 0 0 na na
10 61516.596350296065 0.044456103520 cfg1 2 1 0 0 na na
10 61516.598350308935 0.044456138531 cfg1 2 1 0 0 na na
10 61516.605350304961 0.044456145731 cfg1 2 1 0 0 na na
10 61516.614350329293 0.044456184071 cfg1 2 1 0 0 na na
10 61516.622350319453 0.044456235231 cfg1 2 1 0 0 na na
10 61516.646350350585 0.044456327288 cfg1 2 1 0 0 na na
10 61516.660350335143 0.044456370136 cfg1 2 1 0 0 na na
10 61516.661350318536 0.044456398941 cfg1 2 1 0 0 na na
10 61516.663350295753 0.044456408341 cfg1 2 1 0 0 na na
10 61516.708350314929 0.044456573885 cfg1 2 1 0 0 na na
10 61516.709350344388 0.044456581141 cfg1 2 1 0 0 na na
10 61516.710350297620 0.044456593851 cfg1 2 1 0 0 na na
10 61516.731350360667 0.044456686982 cfg1 2 1 0 0 na na
10 61516.737350316955 0.044456700032 cfg1 2 1 0 0 na na
10 61516.746350343211 0.044456727829 cfg1 2 1 0 0 na na
10 61516.754350366763 0.044456775789 cfg1 2 1 0 0 na na
10 61516.755350296174 0.044456762429 cfg1 2 1 0 0 na na
10 61516.757350355120 0.044456778972 cfg1 2 1 0 0 na na
10 61516.772350371328 0.044456837226 cfg1 2 1 0 0 na na
10 61516.775350312284 0.044456843866 cfg1 2 1 0 0 na na
10 61516.776350345742 0.044456874530 cfg1 2 1 0 0 na na
10 61516.779350319316 0.044456882234 cfg1 2 1 0 0 na na
10 61516.792350313837 0.044456938883 cfg1 2 1 0 0 na na
10 61516.812350318884 0.044456997793 cfg1 2 1 0 0 na na
10 61516.817350297482 0.044457032941 cfg1 2 1 0 0 na na
10 61516.828350289473 0.044457089209 cfg1 2 1 0 0 na na
10 61516.833350367082 0.044457096017 cfg1 2 1 0 0 na na
10 61516.834350287863 0.044457089221 cfg1 2 1 0 0 na na
10 61516.839350282443 0.044457129310 cfg1 2 1 0 0 na na
10 61516.843350329665 0.044457145309 cfg1 2 1 0 0 na na
10 61516.851350376355 0.044457158036 cfg1 2 1 0 0 na na
10 61516.852350256773 0.044457177825 cfg1 2 1 0 0 na na
10 61516.854350314902 0.044457190544 cfg1 2 1 0 0 na na
10 61516.855350303648 0.044457178680 cfg1 2 1 0 0 na na
10 61516.856350323671 0.044457184673 cfg1 2 1 0 0 na na
10 61516.869350348424 0.044457257153 cfg1 2 1 0 0 na na
10 61516.872350348312 0.044457259783 cfg1 2 1 0 0 na na
10 61516.916350330109 0.044457445405 cfg1 2 1 0 0 na na
10 61516.930350286674 0.044457495743 cfg1 2 1 0 0 na na
10 61516.940350362645 0.044457530824 cfg1 2 1 0 0 na na
10 61516.949350295173 0.044457577779 cfg1 2 1 0 0 na na
10 61516.956350279086 0.044457595329 cfg1 2 1 0 0 na na
10 61516.972350288202 0.044457661811 cfg1 2 1 0 0 na na
10 61516.979350280342 0.044457695332 cfg1 2 1 0 0 na na
10 61516.982350291988 0.044457725998 cfg1 2 1 0 0 na na
10 61517.022350331266 0.044457877389 cfg1 2 1 0 0 na na
10 61517.029350328570 0.044457906718 cfg1 2 1 0 0 na na
10 61517.038350245385 0.044457956925 cfg1 2 1 0 0 na na
10 61517.041350305853 0.044457962832 cfg1 2 1 0 0 na na
10 61517.048350343521 0.044457992232 cfg1 2 1 0 0 na na
10 61517.054350326338 0.044458025719 cfg1 2 1 0 0 na na
10 61517.057350297471 0.044458037551 cfg1 2 1 0 0 na na
10 61517.061350305574 0.044458037993 cfg1 2 1 0 0 na na
10 61517.068350251829 0.044458075079 cfg1 2 1 0 0 na na
10 61517.081350341775 0.044458136892 cfg1 2 1 0 0 na na
10 61517.083350345062 0.044458134118 cfg1 2 1 0 0 na na
10 61517.084350353581 0.044458130809 cfg1 2 1 0 0 na na
10 61517.105350344875 0.044458237289 cfg1 2 1 0 0 na na
10 61517.114350336603 0.044458266061 cfg1 2 1 0 0 na na
10 61517.115350283092 0.044458274595 cfg1 2 1 0 0 na na
10 61517.121350312318 0.044458282085 cfg1 2 1 0 0 na na
10 61517.129350370086 0.044458335133 cfg1 2 1 0 0 na na
10 61517.147350321299 0.044458384917 cfg1 2 1 0 0 na na
10 61517.154350295487 0.044458422193 cfg1 2 1 0 0 na na
10 61517.165350359916 0.044458456331 cfg1 2 1 0 0 na na
10 61517.174350285956 0.044458495044 cfg1 2 1 0 0 na na
10 61517.178350316194 0.044458537901 cfg1 2 1 0 0 na na
10 61517.189350277727 0.044458566890 cfg1 2 1 0 0 na na
10 61517.192350317278 0.044458578197 cfg1 2 1 0 0 na na
10 61517.201350296182 0.044458608241 cfg1 2 1 0 0 na na
10 61517.219350349741 0.044458693455 cfg1 2 1 0 0 na na
10 61517.228350243464 0.044458743362 cfg1 2 1 0 0 na na
10 61517.233350326685 0.044458762472 cfg1 2 1 0 0 na na
10 61517.237350305291 0.044458761069 cfg1 2 1 0 0 na na
10 61517.250350329615 0.044458833073 cfg1 2 1 0 0 na na
10 61517.263350339441 0.044458875402 cfg1 2 1 0 0 na na
10 61517.270350320982 0.044458902722 cfg1 2 1 0 0 na na
10 61517.273350294842 0.044458913329 cfg1 2 1 0 0 na na
10 61517.285350308851 0.044458977190 cfg1 2 1 0 0 na na
10 61517.298350307825 0.044459036537 cfg1 2 1 0 0 na na
10 61517.325350315212 0.044459118872 cfg1 2 1 0 0 na na
10 61517.347350247904 0.044459233996 cfg1 2 1 0 0 na na
10 61517.371350342020 0.044459321157 cfg1 2 1 0 0 na na
10 61517.380350308303 0.044459356836 cfg1 2 1 0 0 na na
10 61517.420350266663 0.044459515240 cfg1 2 1 0 0 na na
10 61517.427350298356 0.044459559333 cfg1 2 1 0 0 na na
10 61517.430350317541 0.044459564316 cfg1 2 1 0 0 na na
10 61517.444350313189 0.044459639461 cfg1 2 1 0 0 na na
10 61517.445350323215 0.044459644939 cfg1 2 1 0 0 na na
10 61517.456350346844 0.044459668332 cfg1 2 1 0 0 na na
10 61517.460350357283 0.044459695515 cfg1 2 1 0 0 na na
10 61517.462350309849 0.044459699810 cfg1 2 1 0 0 na na
10 61517.480350342282 0.044459787819 cfg1 2 1 0 0 na na
10 61517.488350342277 0.044459808163 cfg1 2 1 0 0 na na
10 61517.491350296288 0.044459809319 cfg1 2 1 0 0 na na
10 61517.504350370358 0.044459861002 cfg1 2 1 0 0 na na
10 61517.506350298252 0.044459886448 cfg1 2 1 0 0 na na
10 61517.518350282115 0.044459944247 cfg1 2 1 0 0 na na
10 61517.534350345400 0.044460000469 cfg1 2 1 0 0 na na
10 61517.535350320366 0.044459991991 cfg1 2 1 0 0 na na
10 61517.539350304503 0.044460019118 cfg1 2 1 0 0 na na
10 61517.540350258738 0.044460032123 cfg1 2 1 0 0 na na
10 61517.542350266197 0.044460020679 cfg1 2 1 0 0 na na
10 61517.552350279381 0.044460081675 cfg1 2 1 0 0 na na
10 61517.555350329053 0.044460079456 cfg1 2 1 0 0 na na
10 61517.561350341805 0.044460108589 cfg1 2 1 0 0 na na
10 61517.571350306244 0.044460139752 cfg1 2 1 0 0 na na
10 61517.585350348141 0.044460209933 cfg1 2 1 0 0 na na
10 61517.589350250569 0.044460231277 cfg1 2 1 0 0 na na
10 61517.608350337078 0.044460315875 cfg1 2 1 0 0 na na
10 61517.610350265367 0.044460326972 cfg1 2 1 0 0 na na
10 61517.618350368908 0.044460351822 cfg1 2 1 0 0 na na
10 61517.636350288738 0.044460416738 cfg1 2 1 0 0 na na
10 61517.639350321487 0.044460435592 cfg1 2 1 0 0 na na
10 61517.647350292914 0.044460471068 cfg1 2 1 0 0 na na
10 61517.667350337272 0.044460550690 cfg1 2 1 0 0 na na
10 61517.672350335874 0.044460571091 cfg1 2 1 0 0 na na
10 61517.677350361973 0.044460597126 cfg1 2 1 0 0 na na
10 61517.684350305821 0.044460620541 cfg1 2 1 0 0 na na
10 61517.689350325063 0.044460652926 cfg1 2 1 0 0 na na
10 61517.690350292331 0.044460649110 cfg1 2 1 0 0 na na
10 61517.712350302427 0.044460733894 cfg1 2 1 0 0 na na
10 61517.715350262309 0.044460744571 cfg1 2 1 0 0 na na
10 61517.731350287535 0.044460805442 cfg1 2 1 0 0 na na
10 61517.740350324599 0.044460853214 cfg1 2 1 0 0 na na
10 61517.741350318201 0.044460843118 cfg1 2 1 0 0 na na
10 61517.757350314577 0.044460931720 cfg1 2 1 0 0 na na
10 61517.761350341693 0.044460936342 cfg1 2 1 0 0 na na
10 61517.770350326170 0.044460984243 cfg1 2 1 0 0 na na
10 61517.772350308996 0.044460978407 cfg1 2 1 0 0 na na
10 61517.777350330452 0.044461010494 cfg1 2 1 0 0 na na
10 61517.779350280923 0.044461016099 cfg1 2 1 0 0 na na
10 61517.786350265650 0.044461045275 cfg1 2 1 0 0 na na
10 61517.795350324679 0.044461072855 cfg1 2 1 0 0 na na
10 61517.797350261010 0.044461092785 cfg1 2 1 0 0 na na
10 61517.823350299232 0.044461206788 cfg1 2 1 0 0 na na
10 61517.827350345083 0.044461213406 cfg1 2 1 0 0 na na
10 61517.851350345908 0.044461303900 cfg1 2 1 0 0 na na
10 61517.861350266457 0.044461345252 cfg1 2 1 0 0 na na
10 61517.873350342540 0.044461412917 cfg1 2 1 0 0 na na
10 61517.891350311303 0.044461483969 cfg1 2 1 0 0 na na
10 61517.897350316489 0.044461496737 cfg1 2 1 0 0 na na
10 61517.926350306543 0.044461628209 cfg1 2 1 0 0 na na
10 61517.927350346378 0.044461641495 cfg1 2 1 0 0 na na
10 61517.930350266271 0.044461630688 cfg1 2 1 0 0 na na
10 61517.943350257743 0.044461694183 cfg1 2 1 0 0 na na
10 61517.946350332804 0.044461711394 cfg1 2 1 0 0 na na
10 61517.952350322348 0.044461718384 cfg1 2 1 0 0 na na
10 61517.954350299234 0.044461745860 cfg1 2 1 0 0 na na
10 61517.959350308522 0.044461750505 cfg1 2 1 0 0 na na
10 61517.981350320120 0.044461850176 cfg1 2 1 0 0 na na
10 61517.992350330236 0.044461908574 cfg1 2 1 0 0 na na
10 61517.993350327433 0.044461907207 cfg1 2 1 0 0 na na
10 61518.008350312645 0.044461966173 cfg1 2 1 0 0 na na
10 61518.009350338795 0.044461963266 cfg1 2 1 0 0 na na
10 61518.029350303060 0.044462064165 cfg1 2 1 0 0 na na
10 61518.031350258244 0.044462058592 cfg1 2 1 0 0 na na
10 61518.041350295529 0.044462088080 cfg1 2 1 0 0 na na
10 61518.046350287940 0.044462117561 cfg1 2 1 0 0 na na
10 61518.088350317706 0.044462302038 cfg1 2 1 0 0 na na
10 61518.089350301432 0.044462314043 cfg1 2 1 0 0 na na
10 61518.093350289434 0.044462315288 cfg1 2 1 0 0 na na
10 61518.101350291853 0.044462352888 cfg1 2 1 0 0 na na
10 61518.114350345666 0.044462416062 cfg1 2 1 0 0 na na
10 61518.120350299027 0.044462434321 cfg1 2 1 0 0 na na
10 61518.123350331839 0.044462445816 cfg1 2 1 0 0 na na
10 61518.169350274541 0.044462641088 cfg1 2 1 0 0 na na
10 61518.194350263598 0.044462728356 cfg1 2 1 0 0 na na
10 61518.197350281642 0.044462754317 cfg1 2 1 0 0 na na
10 61518.205350353967 0.044462789781 cfg1 2 1 0 0 na na
10 61518.231350267109 0.044462879726 cfg1 2 1 0 0 na na
10 61518.246350301531 0.044462959253 cfg1 2 1 0 0 na na
10 61518.262350336361 0.044463031793 cfg1 2 1 0 0 na na
10 61518.268350331179 0.044463057715 cfg1 2 1 0 0 na na
10 61518.287350330507 0.044463114852 cfg1 2 1 0 0 na na
10 61518.288350260984 0.044463120850 cfg1 2 1 0 0 na na
10 61518.310350314598 0.044463226373 cfg1 2 1 0 0 na na
10 61518.322350288298 0.044463274509 cfg1 2 1 0 0 na na
10 61518.328350333236 0.044463284692 cfg1 2 1 0 0 na na
10 61518.343350353883 0.044463365866 cfg1 2 1 0 0 na na
10 61518.346350305282 0.044463382967 cfg1 2 1 0 0 na na
10 61518.347350317129 0.044463377168 cfg1 2 1 0 0 na na
10 61518.360350336648 0.044463426627 cfg1 2 1 0 0 na na
10 61518.361350312968 0.044463423037 cfg1 2 1 0 0 na na
10 61518.383350331187 0.044463536245 cfg1 2 1 0 0 na na
10 61518.388350286205 0.044463533554 cfg1 2 1 0 0 na na
10 61518.391350336151 0.044463544225 cfg1 2 1 0 0 na na
10 61518.409350337817 0.044463625273 cfg1 2 1 0 0 na na
10 61518.414350335111 0.044463665088 cfg1 2 1 0 0 na na
10 61518.415350286358 0.044463664882 cfg1 2 1 0 0 na na
10 61518.419350294326 0.044463681977 cfg1 2 1 0 0 na na
10 61518.422350350249 0.044463698129 cfg1 2 1 0 0 na na
10 61518.427350253300 0.044463708747 cfg1 2 1 0 0 na na
10 61518.433350299250 0.044463725319 cfg1 2 1 0 0 na na
10 61518.444350311541 0.044463777119 cfg1 2 1 0 0 na na
10 61518.454350341194 0.044463832051 cfg1 2 1 0 0 na na
10 61518.459350304685 0.044463829208 cfg1 2 1 0 0 na na
10 61518.463350327479 0.044463851012 cfg1 2 1 0 0 na na
10 61518.466350243754 0.044463878187 cfg1 2 1 0 0 na na
10 61518.484350312941 0.044463949980 cfg1 2 1 0 0 na na
10 61518.492350372702 0.044463970072 cfg1 2 1 0 0 na na
10 61518.497350273548 0.044463984071 cfg1 2 1 0 0 na na
10 61518.504350309543 0.044464028120 cfg1 2 1 0 0 na na
10 61518.531350342372 0.044464147113 cfg1 2 1 0 0 na na
10 61518.561350335468 0.044464249064 cfg1 2 1 0 0 na na
10 61518.563350279114 0.044464258952 cfg1 2 1 0 0 na na
10 61518.578350242668 0.044464344273 cfg1 2 1 0 0 na na
10 61518.626350380971 0.044464524670 cfg1 2 1 0 0 na na
10 61518.637350291245 0.044464591336 cfg1 2 1 0 0 na na
10 61518.644350377255 0.044464612443 cfg1 2 1 0 0 na na
10 61518.649350264110 0.044464631532 cfg1 2 1 0 0 na na
10 61518.678350349235 0.044464740874 cfg1 2 1 0 0 na na
10 61518.679350346002 0.044464743149 cfg1 2 1 0 0 na na
10 61518.710350342022 0.044464874646 cfg1 2 1 0 0 na na
10 61518.724350335174 0.044464935627 cfg1 2 1 0 0 na na
10 61518.727350330958 0.044464938889 cfg1 2 1 0 0 na na
10 61518.736350291702 0.044464989189 cfg1 2 1 0 0 na na
10 61518.747350321560 0.044465027611 cfg1 2 1 0 0 na na
10 61518.774350324775 0.044465140813 cfg1 2 1 0 0 na na
10 61518.775350318090 0.044465162735 cfg1 2 1 0 0 na na
10 61518.781350282909 0.044465189474 cfg1 2 1 0 0 na na
10 61518.800350256220 0.044465268951 cfg1 2 1 0 0 na na
10 61518.826350294424 0.044465371966 cfg1 2 1 0 0 na na
10 61518.850350296856 0.044465457267 cfg1 2 1 0 0 na na
10 61518.872350330762 0.044465545093 cfg1 2 1 0 0 na na
10 61518.896350333529 0.044465656874 cfg1 2 1 0 0 na na
10 61518.897350334554 0.044465653928 cfg1 2 1 0 0 na na
10 61518.964350289525 0.044465944744 cfg1 2 1 0 0 na na
10 61518.976350343664 0.044465993115 cfg1 2 1 0 0 na na
10 61518.980350307559 0.044466003411 cfg1 2 1 0 0 na na
10 61518.986350250354 0.044466036783 cfg1 2 1 0 0 na na
10 61519.009350262426 0.044466119523 cfg1 2 1 0 0 na na
10 61519.029350326002 0.044466205219 cfg1 2 1 0 0 na na
10 61519.046350260991 0.044466276134 cfg1 2 1 0 0 na na
10 61519.081350342029 0.044466412216 cfg1 2 1 0 0 na na
10 61519.089350286310 0.044466468300 cfg1 2 1 0 0 na na
10 61519.104350335515 0.044466521600 cfg1 2 1 0 0 na na
10 61519.108350306171 0.044466548654 cfg1 2 1 0 0 na na
10 61519.136350341024 0.044466639529 cfg1 2 1 0 0 na na
10 61519.172350292638 0.044466812998 cfg1 2 1 0 0 na na
10 61519.174350341010 0.044466801237 cfg1 2 1 0 0 na na
10 61519.177350296339 0.044466812341 cfg1 2 1 0 0 na na
10 61519.187350335143 0.044466881258 cfg1 2 1 0 0 na na
10 61519.251350267243 0.044467148081 cfg1 2 1 0 0 na na
10 61519.259350250990 0.044467171044 cfg1 2 1 0 0 na na
10 61519.264350282034 0.044467188008 cfg1 2 1 0 0 na na
10 61519.294350298834 0.044467298914 cfg1 2 1 0 0 na na
10 61519.298350275288 0.044467343213 cfg1 2 1 0 0 na na
10 61519.312350305227 0.044467383906 cfg1 2 1 0 0 na na
10 61519.316350263841 0.044467398217 cfg1 2 1 0 0 na na
10 61519.318350281153 0.044467398535 cfg1 2 1 0 0 na na
10 61519.334350295278 0.044467481471 cfg1 2 1 0 0 na na
10 61519.335350340358 0.044467487001 cfg1 2 1 0 0 na na
10 61519.368350265741 0.044467613068 cfg1 2 1 0 0 na na
10 61519.380350296355 0.044467666728 cfg1 2 1 0 0 na na
10 61519.393350287822 0.044467726346 cfg1 2 1 0 0 na na
10 61519.394350304759 0.044467718735 cfg1 2 1 0 0 na na
10 61519.462350375732 0.044468011424 cfg1 2 1 0 0 na na
10 61519.465350296744 0.044468029970 cfg1 2 1 0 0 na na
10 61519.470350285024 0.044468058092 cfg1 2 1 0 0 na na
10 61519.476350306223 0.044468062552 cfg1 2 1 0 0 na na
10 61519.486350342482 0.044468100795 cfg1 2 1 0 0 na na
10 61519.497350335916 0.044468155024 cfg1 2 1 0 0 na na
10 61519.500350359174 0.044468175411 cfg1 2 1 0 0 na na
10 61519.522350264424 0.044468252324 cfg1 2 1 0 0 na na
10 61519.526350292552 0.044468286419 cfg1 2 1 0 0 na na
10 61519.548350339345 0.044468372199 cfg1 2 1 0 0 na na
10 61519.600350353728 0.044468580558 cfg1 2 1 0 0 na na
10 61519.621350289145 0.044468666505 cfg1 2 1 0 0 na na
10 61519.641350347942 0.044468755809 cfg1 2 1 0 0 na na
10 61519.646350268046 0.044468775625 cfg1 2 1 0 0 na na
10 61519.670350311540 0.044468891463 cfg1 2 1 0 0 na na
10 61519.684350346102 0.044468948929 cfg1 2 1 0 0 na na
10 61519.687350310849 0.044468957679 cfg1 2 1 0 0 na na
10 61519.697350341515 0.044468981203 cfg1 2 1 0 0 na na
10 61519.703350334164 0.044469021181 cfg1 2 1 0 0 na na
10 61519.721350339610 0.044469091716 cfg1 2 1 0 0 na na
10 61519.726350332614 0.044469116381 cfg1 2 1 0 0 na na
10 61519.751350340976 0.044469213638 cfg1 2 1 0 0 na na
10 61519.767350310807 0.044469277385 cfg1 2 1 0 0 na na
10 61519.802350341743 0.044469440954 cfg1 2 1 0 0 na na
10 61519.806350293796 0.044469446148 cfg1 2 1 0 0 na na
10 61519.813350339984 0.044469480056 cfg1 2 1 0 0 na na
10 61519.854350266521 0.044469635710 cfg1 2 1 0 0 na na
10 61519.865350310569 0.044469700893 cfg1 2 1 0 0 na na
10 61519.868350308358 0.044469701178 cfg1 2 1 0 0 na na
10 61519.889350289479 0.044469797525 cfg1 2 1 0 0 na na
10 61519.902350312415 0.044469840915 cfg1 2 1 0 0 na na
10 61519.918350292188 0.044469914993 cfg1 2 1 0 0 na na
10 61519.927350340663 0.044469953219 cfg1 2 1 0 0 na na
10 61519.931350263651 0.044469982736 cfg1 2 1 0 0 na na
10 61519.934350333505 0.044469991229 cfg1 2 1 0 0 na na
10 61519.945350302925 0.044470013137 cfg1 2 1 0 0 na na
10 61519.994350388719 0.044470242922 cfg1 2 1 0 0 na na
10 61520.019350314448 0.044470324820 cfg1 2 1 0 0 na na
10 61520.036350268733 0.044470393373 cfg1 2 1 0 0 na na
10 61520.042350257813 0.044470446090 cfg1 2 1 0 0 na na
10 61520.090350338159 0.044470638228 cfg1 2 1 0 0 na na
10 61520.134350309049 0.044470819948 cfg1 2 1 0 0 na na
10 61520.139350328764 0.044470846621 cfg1 2 1 0 0 na na
10 61520.171350276654 0.044470956308 cfg1 2 1 0 0 na na
10 61520.173350378659 0.044470979025 cfg1 2 1 0 0 na na
10 61520.185350318869 0.044471021674 cfg1 2 1 0 0 na na
10 61520.205350305942 0.044471124866 cfg1 2 1 0 0 na na
10 61520.223350350145 0.044471173205 cfg1 2 1 0 0 na na
10 61520.233350347349 0.044471220376 cfg1 2 1 0 0 na na
10 61520.246350329621 0.044471295441 cfg1 2 1 0 0 na na
10 61520.253350362397 0.044471321707 cfg1 2 1 0 0 na na
10 61520.256350292650 0.044471318256 cfg1 2 1 0 0 na na
10 61520.263350307780 0.044471367855 cfg1 2 1 0 0 na na
10 61520.270350269342 0.044471383887 cfg1 2 1 0 0 na na
10 61520.307350329292 0.044471531974 cfg1 2 1 0 0 na na
10 61520.330350341685 0.044471629106 cfg1 2 1 0 0 na na
10 61520.340350340963 0.044471671084 cfg1 2 1 0 0 na na
10 61520.344350258791 0.044471692992 cfg1 2 1 0 0 na na
10 61520.355350332211 0.044471742105 cfg1 2 1 0 0 na na
10 61520.392350291745 0.044471888944 cfg1 2 1 0 0 na na
10 61520.395350333970 0.044471911135 cfg1 2 1 0 0 na na
10 61520.402350275592 0.044471932145 cfg1 2 1 0 0 na na
10 61520.403350347401 0.044471935324 cfg1 2 1 0 0 na na
10 61520.423350310291 0.044472013466 cfg1 2 1 0 0 na na
10 61520.453350334294 0.044472158183 cfg1 2 1 0 0 na na
10 61520.490350297658 0.044472303604 cfg1 2 1 0 0 na na
10 61520.518350349524 0.044472422713 cfg1 2 1 0 0 na na
10 61520.534350299107 0.044472483864 cfg1 2 1 0 0 na na
10 61520.546350350025 0.044472527724 cfg1 2 1 0 0 na na
10 61520.550350291315 0.044472561938 cfg1 2 1 0 0 na na
10 61520.581350317537 0.044472691566 cfg1 2 1 0 0 na na
10 61520.584350351273 0.044472704135 cfg1 2 1 0 0 na na
10 61520.596350296915 0.044472736854 cfg1 2 1 0 0 na na
10 61520.597350289306 0.044472766241 cfg1 2 1 0 0 na na
10 61520.600350381369 0.044472767887 cfg1 2 1 0 0 na na
10 61520.645350340311 0.044472962328 cfg1 2 1 0 0 na na
10 61520.671350332886 0.044473061844 cfg1 2 1 0 0 na na
10 61520.677350292886 0.044473088835 cfg1 2 1 0 0 na na
10 61520.696350360478 0.044473180125 cfg1 2 1 0 0 na na
10 61520.699350340792 0.044473174961 cfg1 2 1 0 0 na na
10 61520.713350300468 0.044473240959 cfg1 2 1 0 0 na na
10 61520.770350359749 0.044473476015 cfg1 2 1 0 0 na na
10 61520.774350375889 0.044473497496 cfg1 2 1 0 0 na na
10 61520.835350275621 0.044473755249 cfg1 2 1 0 0 na na
10 61520.837350329999 0.044473744089 cfg1 2 1 0 0 na na
10 61520.839350317222 0.044473773229 cfg1 2 1 0 0 na na
10 61520.848350299211 0.044473793693 cfg1 2 1 0 0 na na
10 61520.849350282962 0.044473799578 cfg1 2 1 0 0 na na
10 61520.852350366556 0.044473832255 cfg1 2 1 0 0 na na
10 61520.937350323406 0.044474179601 cfg1 2 1 0 0 na na
10 61520.943350307042 0.044474189022 cfg1 2 1 0 0 na na
10 61520.946350324766 0.044474211122 cfg1 2 1 0 0 na na
10 61520.955350261557 0.044474245286 cfg1 2 1 0 0 na na
10 61520.966350358778 0.044474290677 cfg1 2 1 0 0 na na
10 61520.988350275321 0.044474383693 cfg1 2 1 0 0 na na
10 61521.022350329928 0.044474539884 cfg1 2 1 0 0 na na
10 61521.040350325232 0.044474600721 cfg1 2 1 0 0 na na
10 61521.043350280440 0.044474606619 cfg1 2 1 0 0 na na
10 61521.045350304611 0.044474638243 cfg1 2 1 0 0 na na
10 61521.088350407398 0.044474817532 cfg1 2 1 0 0 na na
10 61521.110350290122 0.044474901768 cfg1 2 1 0 0 na na
10 61521.114350352221 0.044474919294 cfg1 2 1 0 0 na na
10 61521.153350290051 0.044475081460 cfg1 2 1 0 0 na na
10 61521.154350286490 0.044475068050 cfg1 2 1 0 0 na na
10 61521.163350312236 0.044475132748 cfg1 2 1 0 0 na na
10 61521.184350328126 0.044475198502 cfg1 2 1 0 0 na na
10 61521.222350335153 0.044475377197 cfg1 2 1 0 0 na na
10 61521.235350268370 0.044475413141 cfg1 2 1 0 0 na na
10 61521.282350279973 0.044475604853 cfg1 2 1 0 0 na na
10 61521.285350348184 0.044475631155 cfg1 2 1 0 0 na na
10 61521.297350320755 0.044475674992 cfg1 2 1 0 0 na na
10 61521.309350309920 0.044475724800 cfg1 2 1 0 0 na na
10 61521.378350289268 0.044476031496 cfg1 2 1 0 0 na na
10 61521.403350310265 0.044476120741 cfg1 2 1 0 0 na na
10 61521.437350349862 0.044476264576 cfg1 2 1 0 0 na na
10 61521.444350330572 0.044476289364 cfg1 2 1 0 0 na na
10 61521.519350291173 0.044476597834 cfg1 2 1 0 0 na na
10 61521.559350281365 0.044476787204 cfg1 2 1 0 0 na na
10 61521.562350325596 0.044476779248 cfg1 2 1 0 0 na na
10 61521.631350274492 0.044477077209 cfg1 2 1 0 0 na na
10 61521.633350304908 0.044477083263 cfg1 2 1 0 0 na na
10 61521.648350325590 0.044477140083 cfg1 2 1 0 0 na na
10 61521.663350259821 0.044477212154 cfg1 2 1 0 0 na na
10 61521.678350279289 0.044477265745 cfg1 2 1 0 0 na na
10 61521.682350326271 0.044477304660 cfg1 2 1 0 0 na na
10 61521.708350340288 0.044477417972 cfg1 2 1 0 0 na na
10 61521.714350380279 0.044477444419 cfg1 2 1 0 0 na na
10 61521.720350323209 0.044477462249 cfg1 2 1 0 0 na na
10 61521.754350280121 0.044477607604 cfg1 2 1 0 0 na na
10 61521.800350362976 0.044477799383 cfg1 2 1 0 0 na na
10 61521.804350329095 0.044477807486 cfg1 2 1 0 0 na na
10 61521.808350299591 0.044477835327 cfg1 2 1 0 0 na na
10 61521.835350357443 0.044477943150 cfg1 2 1 0 0 na na
10 61521.840350285116 0.044477949903 cfg1 2 1 0 0 na na
10 61521.848350318623 0.044477988448 cfg1 2 1 0 0 na na
10 61521.850350295429 0.044478010804 cfg1 2 1 0 0 na na
10 61521.917350310230 0.044478273772 cfg1 2 1 0 0 na na
10 61521.940350326252 0.044478379420 cfg1 2 1 0 0 na na
10 61521.966350284144 0.044478496496 cfg1 2 1 0 0 na na
10 61521.969350335374 0.044478494834 cfg1 2 1 0 0 na na
10 61522.031350309909 0.044478759359 cfg1 2 1 0 0 na na
10 61522.042350314450 0.044478819891 cfg1 2 1 0 0 na na
10 61522.092350312094 0.044479027452 cfg1 2 1 0 0 na na
10 61522.102350337544 0.044479048693 cfg1 2 1 0 0 na na
10 61522.106350319254 0.044479067129 cfg1 2 1 0 0 na na
10 61522.149350288527 0.044479267005 cfg1 2 1 0 0 na na
10 61522.162350289250 0.044479323067 cfg1 2 1 0 0 na na
10 61522.259350347963 0.044479731284 cfg1 2 1 0 0 na na
10 61522.272350284050 0.044479767852 cfg1 2 1 0 0 na na
10 61522.277350316993 0.044479786734 cfg1 2 1 0 0 na na
10 61522.287350385714 0.044479839911 cfg1 2 1 0 0 na na
10 61522.316350318894 0.044479944851 cfg1 2 1 0 0 na na
10 61522.335350365208 0.044480041372 cfg1 2 1 0 0 na na
10 61522.338350313679 0.044480048077 cfg1 2 1 0 0 na na
10 61522.383350299793 0.044480227932 cfg1 2 1 0 0 na na
10 61522.385350331356 0.044480261906 cfg1 2 1 0 0 na na
10 61522.389350334128 0.044480257531 cfg1 2 1 0 0 na na
10 61522.400350253367 0.044480313664 cfg1 2 1 0 0 na na
10 61522.403350330469 0.044480317432 cfg1 2 1 0 0 na na
10 61522.444350263206 0.044480492731 cfg1 2 1 0 0 na na
10 61522.456350272297 0.044480534680 cfg1 2 1 0 0 na na
10 61522.472350313238 0.044480614999 cfg1 2 1 0 0 na na
10 61522.520350269781 0.044480802231 cfg1 2 1 0 0 na na
10 61522.530350341956 0.044480865085 cfg1 2 1 0 0 na na
10 61522.532350339372 0.044480862741 cfg1 2 1 0 0 na na
10 61522.538350327608 0.044480884932 cfg1 2 1 0 0 na na
10 61522.597350320379 0.044481133798 cfg1 2 1 0 0 na na
10 61522.601350306433 0.044481165141 cfg1 2 1 0 0 na na
10 61522.624350301504 0.044481239880 cfg1 2 1 0 0 na na
10 61522.632350283601 0.044481301712 cfg1 2 1 0 0 na na
10 61522.637350331660 0.044481320735 cfg1 2 1 0 0 na na
10 61522.648350283105 0.044481348536 cfg1 2 1 0 0 na na
10 61522.714350290887 0.044481622494 cfg1 2 1 0 0 na na
10 61522.720350270530 0.044481646258 cfg1 2 1 0 0 na na
10 61522.753350248810 0.044481802879 cfg1 2 1 0 0 na na
10 61522.796350297779 0.044481975661 cfg1 2 1 0 0 na na
10 61522.800350260077 0.044481996522 cfg1 2 1 0 0 na na
10 61522.842350330124 0.044482181366 cfg1 2 1 0 0 na na
10 61522.862350328536 0.044482249625 cfg1 2 1 0 0 na na
10 61522.884350334290 0.044482349311 cfg1 2 1 0 0 na na
10 61522.891350294686 0.044482370997 cfg1 2 1 0 0 na na
10 61522.902350247505 0.044482434372 cfg1 2 1 0 0 na na
10 61522.948350263024 0.044482613925 cfg1 2 1 0 0 na na
10 61522.963350301836 0.044482691029 cfg1 2 1 0 0 na na
10 61522.964350340221 0.044482687857 cfg1 2 1 0 0 na na
10 61523.004350284013 0.044482867284 cfg1 2 1 0 0 na na
10 61523.009350286046 0.044482888889 cfg1 2 1 0 0 na na
10 61523.049350333712 0.044483058460 cfg1 2 1 0 0 na na
10 61523.067350320952 0.044483109851 cfg1 2 1 0 0 na na
10 61523.081350309471 0.044483192254 cfg1 2 1 0 0 na na
10 61523.084350269293 0.044483203654 cfg1 2 1 0 0 na na
10 61523.106350350664 0.044483270655 cfg1 2 1 0 0 na na
10 61523.113350269718 0.044483302208 cfg1 2 1 0 0 na na
10 61523.116350414172 0.044483316554 cfg1 2 1 0 0 na na
10 61523.124350310614 0.044483360160 cfg1 2 1 0 0 na na
10 61523.151350330916 0.044483459064 cfg1 2 1 0 0 na na
10 61523.169350264357 0.044483542475 cfg1 2 1 0 0 na na
10 61523.254350394799 0.044483907462 cfg1 2 1 0 0 na na
10 61523.262350286615 0.044483931872 cfg1 2 1 0 0 na na
10 61523.306350341213 0.044484115917 cfg1 2 1 0 0 na na
10 61523.325350339340 0.044484199195 cfg1 2 1 0 0 na na
10 61523.329350285746 0.044484229206 cfg1 2 1 0 0 na na
10 61523.342350307703 0.044484267840 cfg1 2 1 0 0 na na
10 61523.343350274935 0.044484285956 cfg1 2 1 0 0 na na
10 61523.351350303099 0.044484305710 cfg1 2 1 0 0 na na
10 61523.355350311709 0.044484338173 cfg1 2 1 0 0 na na
10 61523.400350292259 0.044484530591 cfg1 2 1 0 0 na na
10 61523.402350341701 0.044484519782 cfg1 2 1 0 0 na na
10 61523.406350346710 0.044484535797 cfg1 2 1 0 0 na na
10 61523.412350261908 0.044484569947 cfg1 2 1 0 0 na na
10 61523.413350327931 0.044484574124 cfg1 2 1 0 0 na na
10 61523.426350318684 0.044484633401 cfg1 2 1 0 0 na na
10 61523.466350264964 0.044484813211 cfg1 2 1 0 0 na na
10 61523.478350320771 0.044484857031 cfg1 2 1 0 0 na na
10 61523.490350320816 0.044484917528 cfg1 2 1 0 0 na na
10 61523.491350288380 0.044484895745 cfg1 2 1 0 0 na na
10 61523.507350271730 0.044484963378 cfg1 2 1 0 0 na na
10 61523.510350342622 0.044484991469 cfg1 2 1 0 0 na na
10 61523.527350295961 0.044485058055 cfg1 2 1 0 0 na na
10 61523.534350304873 0.044485101086 cfg1 2 1 0 0 na na
10 61523.546350340989 0.044485140766 cfg1 2 1 0 0 na na
10 61523.547350285564 0.044485151697 cfg1 2 1 0 0 na na
10 61523.549350318182 0.044485155425 cfg1 2 1 0 0 na na
10 61523.586350302404 0.044485318502 cfg1 2 1 0 0 na na
10 61523.608350294528 0.044485408376 cfg1 2 1 0 0 na na
10 61523.647350342268 0.044485566903 cfg1 2 1 0 0 na na
10 61523.681350312168 0.044485709810 cfg1 2 1 0 0 na na
10 61523.686350251584 0.044485736770 cfg1 2 1 0 0 na na
10 61523.688350292980 0.044485736039 cfg1 2 1 0 0 na na
10 61523.691350277884 0.044485747573 cfg1 2 1 0 0 na na
10 61523.697350332008 0.044485774600 cfg1 2 1 0 0 na na
10 61523.730350367026 0.044485919310 cfg1 2 1 0 0 na na
10 61523.737350270751 0.044485937068 cfg1 2 1 0 0 na na
10 61523.752350285879 0.044486008024 cfg1 2 1 0 0 na na
10 61523.785350251690 0.044486155068 cfg1 2 1 0 0 na na
10 61523.832350312242 0.044486340348 cfg1 2 1 0 0 na na
10 61523.843350292320 0.044486380437 cfg1 2 1 0 0 na na
10 61523.851350246324 0.044486435620 cfg1 2 1 0 0 na na
10 61523.863350291264 0.044486472733 cfg1 2 1 0 0 na na
10 61523.891350314111 0.044486585858 cfg1 2 1 0 0 na na
10 61523.904350341498 0.044486661275 cfg1 2 1 0 0 na na
10 61523.910350303908 0.044486663566 cfg1 2 1 0 0 na na
10 61523.929350265821 0.044486762096 cfg1 2 1 0 0 na na
10 61523.933350307679 0.044486769373 cfg1 2 1 0 0 na na
10 61523.954350267262 0.044486863469 cfg1 2 1 0 0 na na
10 61523.997350351338 0.044487043650 cfg1 2 1 0 0 na na
10 61524.010350268836 0.044487088043 cfg1 2 1 0 0 na na
10 61524.051350268290 0.044487259011 cfg1 2 1 0 0 na na
10 61524.082350330074 0.044487389086 cfg1 2 1 0 0 na na
10 61524.093350279263 0.044487435809 cfg1 2 1 0 0 na na
10 61524.123350390916 0.044487584456 cfg1 2 1 0 0 na na
10 61524.153350368328 0.044487703653 cfg1 2 1 0 0 na na
10 61524.210350353416 0.044487939473 cfg1 2 1 0 0 na na
10 61524.211350328133 0.044487939590 cfg1 2 1 0 0 na na
10 61524.231350300268 0.044488043900 cfg1 2 1 0 0 na na
10 61524.245350283393 0.044488092830 cfg1 2 1 0 0 na na
10 61524.252350361264 0.044488110939 cfg1 2 1 0 0 na na
10 61524.267350352501 0.044488190219 cfg1 2 1 0 0 na na
10 61524.269350308614 0.044488183896 cfg1 2 1 0 0 na na
10 61524.274350320745 0.044488219546 cfg1 2 1 0 0 na na
10 61524.313350338124 0.044488369104 cfg1 2 1 0 0 na na
10 61524.333350311854 0.044488454979 cfg1 2 1 0 0 na na
10 61524.341350296240 0.044488505530 cfg1 2 1 0 0 na na
10 61524.358350312972 0.044488571751 cfg1 2 1 0 0 na na
10 61524.367350357751 0.044488610017 cfg1 2 1 0 0 na na
10 61524.465350300268 0.044489033920 cfg1 2 1 0 0 na na
10 61524.496350365350 0.044489155425 cfg1 2 1 0 0 na na
10 61524.504350324489 0.044489184736 cfg1 2 1 0 0 na na
10 61524.509350332742 0.044489220390 cfg1 2 1 0 0 na na
10 61524.533350330312 0.044489316254 cfg1 2 1 0 0 na na
10 61524.538350348528 0.044489323697 cfg1 2 1 0 0 na na
10 61524.620350278682 0.044489680998 cfg1 2 1 0 0 na na
10 61524.660350329109 0.044489842355 cfg1 2 1 0 0 na na
10 61524.680350357218 0.044489917424 cfg1 2 1 0 0 na na
10 61524.692350328299 0.044489989236 cfg1 2 1 0 0 na na
10 61524.780350333526 0.044490351666 cfg1 2 1 0 0 na na
10 61524.791350353606 0.044490402996 cfg1 2 1 0 0 na na
10 61524.819350318680 0.044490507208 cfg1 2 1 0 0 na na
10 61524.918350361233 0.044490928291 cfg1 2 1 0 0 na na
10 61524.975350311775 0.044491175707 cfg1 2 1 0 0 na na
10 61524.994350303708 0.044491271246 cfg1 2 1 0 0 na na
10 61525.010350365283 0.044491324984 cfg1 2 1 0 0 na na
10 61525.013350355660 0.044491327549 cfg1 2 1 0 0 na na
10 61525.022350333277 0.044491369157 cfg1 2 1 0 0 na na
10 61525.049350315521 0.044491489326 cfg1 2 1 0 0 na na
10 61525.100350299686 0.044491698546 cfg1 2 1 0 0 na na
10 61525.111350321964 0.044491771428 cfg1 2 1 0 0 na na
10 61525.120350314413 0.044491795878 cfg1 2 1 0 0 na na
10 61525.171350308464 0.044492014373 cfg1 2 1 0 0 na na
10 61525.174350351539 0.044492010014 cfg1 2 1 0 0 na na
10 61525.193350343572 0.044492089984 cfg1 2 1 0 0 na na
10 61525.218350286025 0.044492219264 cfg1 2 1 0 0 na na
10 61525.236350349247 0.044492296100 cfg1 2 1 0 0 na na
10 61525.256350353452 0.044492370568 cfg1 2 1 0 0 na na
10 61525.274350358623 0.044492446220 cfg1 2 1 0 0 na na
10 61525.277350346659 0.044492459834 cfg1 2 1 0 0 na na
10 61525.296350353972 0.044492533527 cfg1 2 1 0 0 na na
10 61525.318350358139 0.044492636393 cfg1 2 1 0 0 na na
10 61525.351350327374 0.044492772099 cfg1 2 1 0 0 na na
10 61525.414350289055 0.044493042766 cfg1 2 1 0 0 na na
10 61525.418350278396 0.044493055056 cfg1 2 1 0 0 na na
10 61525.424350319154 0.044493085452 cfg1 2 1 0 0 na na
10 61525.439350343633 0.044493143620 cfg1 2 1 0 0 na na
10 61525.532350364069 0.044493554515 cfg1 2 1 0 0 na na
10 61525.543350333651 0.044493584765 cfg1 2 1 0 0 na na
10 61525.552350314349 0.044493621225 cfg1 2 1 0 0 na na
10 61525.594350303466 0.044493815989 cfg1 2 1 0 0 na na
10 61525.619350275988 0.044493919951 cfg1 2 1 0 0 na na
10 61525.655350332062 0.044494072871 cfg1 2 1 0 0 na na
10 61525.670350341173 0.044494138753 cfg1 2 1 0 0 na na
10 61525.673350338774 0.044494144280 cfg1 2 1 0 0 na na
10 61525.675350293551 0.044494147128 cfg1 2 1 0 0 na na
10 61525.700350292966 0.044494259731 cfg1 2 1 0 0 na na
10 61525.760350298873 0.044494517941 cfg1 2 1 0 0 na na
10 61525.766350326312 0.044494550573 cfg1 2 1 0 0 na na
10 61525.819350290746 0.044494750453 cfg1 2 1 0 0 na na
10 61525.822350344424 0.044494766775 cfg1 2 1 0 0 na na
10 61525.888350337976 0.044495051346 cfg1 2 1 0 0 na na
10 61525.890350328777 0.044495058503 cfg1 2 1 0 0 na na
10 61525.966350279924 0.044495383310 cfg1 2 1 0 0 na na
10 61525.967350299912 0.044495394547 cfg1 2 1 0 0 na na
10 61526.045350322723 0.044495706481 cfg1 2 1 0 0 na na
10 61526.065350328423 0.044495795449 cfg1 2 1 0 0 na na
10 61526.088350337805 0.044495895963 cfg1 2 1 0 0 na na
10 61526.089350350488 0.044495922284 cfg1 2 1 0 0 na na
10 61526.094350330296 0.044495926046 cfg1 2 1 0 0 na na
10 61526.108350286706 0.044495989901 cfg1 2 1 0 0 na na
10 61526.109350285654 0.044495986289 cfg1 2 1 0 0 na na
10 61526.118350362834 0.044496033136 cfg1 2 1 0 0 na na
10 61526.126350367643 0.044496063380 cfg1 2 1 0 0 na na
10 61526.147350304000 0.044496145445 cfg1 2 1 0 0 na na
10 61526.169350258166 0.044496251269 cfg1 2 1 0 0 na na
10 61526.172350313089 0.044496264995 cfg1 2 1 0 0 na na
10 61526.252350341189 0.044496606047 cfg1 2 1 0 0 na na
10 61526.264350315335 0.044496654428 cfg1 2 1 0 0 na na
10 61526.292350366321 0.044496770779 cfg1 2 1 0 0 na na
10 61526.299350258276 0.044496804399 cfg1 2 1 0 0 na na
10 61526.305350310218 0.044496817399 cfg1 2 1 0 0 na na
10 61526.320350274889 0.044496883413 cfg1 2 1 0 0 na na
10 61526.333350344101 0.044496936738 cfg1 2 1 0 0 na na
10 61526.348350275756 0.044497007786 cfg1 2 1 0 0 na na
10 61526.372350329511 0.044497123676 cfg1 2 1 0 0 na na
10 61526.406350330587 0.044497265542 cfg1 2 1 0 0 na na
10 61526.456350355672 0.044497472994 cfg1 2 1 0 0 na na
10 61526.479350338641 0.044497558310 cfg1 2 1 0 0 na na
10 61526.499350317387 0.044497639616 cfg1 2 1 0 0 na na
10 61526.523350329964 0.044497758370 cfg1 2 1 0 0 na na
10 61526.527350346686 0.044497772568 cfg1 2 1 0 0 na na
10 61526.537350343117 0.044497812601 cfg1 2 1 0 0 na na
10 61526.552350255103 0.044497876728 cfg1 2 1 0 0 na na
10 61526.570350245690 0.044497961206 cfg1 2 1 0 0 na na
10 61526.604350265496 0.044498086323 cfg1 2 1 0 0 na na
10 61526.616350271383 0.044498143979 cfg1 2 1 0 0 na na
10 61526.708350310214 0.044498547662 cfg1 2 1 0 0 na na
10 61526.709350255642 0.044498541179 cfg1 2 1 0 0 na na
10 61526.716350363004 0.044498570878 cfg1 2 1 0 0 na na
10 61526.744350362014 0.044498680572 cfg1 2 1 0 0 na na
10 61526.772350337566 0.044498816352 cfg1 2 1 0 0 na na
10 61526.865350273636 0.044499225020 cfg1 2 1 0 0 na na
10 61526.950350271010 0.044499579492 cfg1 2 1 0 0 na na
10 61526.953350336885 0.044499588705 cfg1 2 1 0 0 na na
10 61526.991350347839 0.044499749728 cfg1 2 1 0 0 na na
10 61526.994350317474 0.044499760235 cfg1 2 1 0 0 na na
10 61527.026350356504 0.044499882875 cfg1 2 1 0 0 na na
10 61527.060350315728 0.044500054726 cfg1 2 1 0 0 na na
10 61527.097350332054 0.044500190911 cfg1 2 1 0 0 na na
10 61527.123350310651 0.044500304767 cfg1 2 1 0 0 na na
10 61527.136350347247 0.044500355971 cfg1 2 1 0 0 na na
10 61527.147350284152 0.044500410598 cfg1 2 1 0 0 na na
10 61527.159350292503 0.044500478354 cfg1 2 1 0 0 na na
10 61527.167350278813 0.044500495739 cfg1 2 1 0 0 na na
10 61527.209350356888 0.044500680220 cfg1 2 1 0 0 na na
10 61527.214350321714 0.044500698078 cfg1 2 1 0 0 na na
10 61527.225350331788 0.044500744707 cfg1 2 1 0 0 na na
10 61527.235350339075 0.044500790425 cfg1 2 1 0 0 na na
10 61527.238350284015 0.044500801280 cfg1 2 1 0 0 na na
10 61527.260350302565 0.044500891622 cfg1 2 1 0 0 na na
10 61527.263350344982 0.044500904910 cfg1 2 1 0 0 na na
10 61527.294350301707 0.044501027588 cfg1 2 1 0 0 na na
10 61527.300350292499 0.044501050200 cfg1 2 1 0 0 na na
10 61527.302350279538 0.044501071886 cfg1 2 1 0 0 na na
10 61527.314350302743 0.044501121482 cfg1 2 1 0 0 na na
10 61527.379350295583 0.044501388416 cfg1 2 1 0 0 na na
10 61527.392350283697 0.044501468351 cfg1 2 1 0 0 na na
10 61527.414350342157 0.044501561320 cfg1 2 1 0 0 na na
10 61527.443350276106 0.044501669731 cfg1 2 1 0 0 na na
10 61527.455350271407 0.044501721366 cfg1 2 1 0 0 na na
10 61527.457350295839 0.044501721249 cfg1 2 1 0 0 na na
10 61527.458350315025 0.044501729623 cfg1 2 1 0 0 na na
10 61527.464350279867 0.044501750692 cfg1 2 1 0 0 na na
10 61527.467350288336 0.044501781774 cfg1 2 1 0 0 na na
10 61527.473350317787 0.044501816398 cfg1 2 1 0 0 na na
10 61527.508350353732 0.044501943350 cfg1 2 1 0 0 na na
10 61527.515350310631 0.044501987062 cfg1 2 1 0 0 na na
10 61527.526350299894 0.044502042256 cfg1 2 1 0 0 na na
10 61527.531350318792 0.044502064054 cfg1 2 1 0 0 na na
10 61527.546350294369 0.044502111885 cfg1 2 1 0 0 na na
10 61527.551350338961 0.044502135563 cfg1 2 1 0 0 na na
10 61527.570350305753 0.044502205926 cfg1 2 1 0 0 na na
10 61527.582350355697 0.044502277636 cfg1 2 1 0 0 na na
10 61527.610350311085 0.044502373472 cfg1 2 1 0 0 na na
10 61527.623350299775 0.044502443766 cfg1 2 1 0 0 na na
10 61527.694350304031 0.044502746851 cfg1 2 1 0 0 na na
10 61527.702350285224 0.044502772541 cfg1 2 1 0 0 na na
10 61527.721350322120 0.044502854888 cfg1 2 1 0 0 na na
10 61527.727350296137 0.044502902004 cfg1 2 1 0 0 na na
10 61527.735350344291 0.044502918143 cfg1 2 1 0 0 na na
10 61527.736350379341 0.044502914789 cfg1 2 1 0 0 na na
10 61527.753350304762 0.044503006862 cfg1 2 1 0 0 na na
10 61527.757350346291 0.044503001549 cfg1 2 1 0 0 na na
10 61527.761350308273 0.044503021118 cfg1 2 1 0 0 na na
10 61527.764350375103 0.044503033061 cfg1 2 1 0 0 na na
10 61527.775350325845 0.044503095265 cfg1 2 1 0 0 na na
10 61527.858350321671 0.044503437478 cfg1 2 1 0 0 na na
10 61527.871350337410 0.044503508020 cfg1 2 1 0 0 na na
10 61527.885350264228 0.044503552701 cfg1 2 1 0 0 na na
10 61527.892350324926 0.044503577280 cfg1 2 1 0 0 na na
10 61527.899350273678 0.044503632196 cfg1 2 1 0 0 na na
10 61527.902350381942 0.044503629034 cfg1 2 1 0 0 na na
10 61527.911350318413 0.044503660171 cfg1 2 1 0 0 na na
10 61527.928350266226 0.044503738812 cfg1 2 1 0 0 na na
10 61527.939350372225 0.044503797951 cfg1 2 1 0 0 na na
10 61527.964350348565 0.044503892459 cfg1 2 1 0 0 na na
10 61528.029350321403 0.044504168152 cfg1 2 1 0 0 na na
10 61528.052350353195 0.044504279572 cfg1 2 1 0 0 na na
10 61528.103350311926 0.044504494677 cfg1 2 1 0 0 na na
10 61528.221350275673 0.044504997688 cfg1 2 1 0 0 na na
10 61528.225350312131 0.044505016643 cfg1 2 1 0 0 na na
10 61528.239350355913 0.044505061614 cfg1 2 1 0 0 na na
10 61528.243350242318 0.044505104689 cfg1 2 1 0 0 na na
10 61528.281350266625 0.044505245055 cfg1 2 1 0 0 na na
10 61528.312350267861 0.044505375901 cfg1 2 1 0 0 na na
10 61528.340350314208 0.044505516863 cfg1 2 1 0 0 na na
10 61528.395350361408 0.044505755486 cfg1 2 1 0 0 na na
10 61528.410350341382 0.044505807614 cfg1 2 1 0 0 na na
10 61528.417350319710 0.044505824492 cfg1 2 1 0 0 na na
10 61528.453350350204 0.044505989718 cfg1 2 1 0 0 na na
10 61528.494350277659 0.044506172875 cfg1 2 1 0 0 na na
10 61528.554350346215 0.044506431284 cfg1 2 1 0 0 na na
10 61528.619350293016 0.044506715147 cfg1 2 1 0 0 na na
10 61528.650350347002 0.044506827640 cfg1 2 1 0 0 na na
10 61528.707350262413 0.044507091042 cfg1 2 1 0 0 na na
10 61528.710350334429 0.044507104880 cfg1 2 1 0 0 na na
10 61528.711350302059 0.044507110770 cfg1 2 1 0 0 na na
10 61528.784350319787 0.044507397377 cfg1 2 1 0 0 na na
10 61528.834350320363 0.044507622736 cfg1 2 1 0 0 na na
10 61528.840350254025 0.044507648267 cfg1 2 1 0 0 na na
10 61528.841350334301 0.044507637847 cfg1 2 1 0 0 na na
10 61528.855350300252 0.044507712319 cfg1 2 1 0 0 na na
10 61528.866350289011 0.044507758516 cfg1 2 1 0 0 na na
10 61528.902350339856 0.044507900938 cfg1 2 1 0 0 na na
10 61528.938350253886 0.044508077753 cfg1 2 1 0 0 na na
10 61528.957350253074 0.044508149288 cfg1 2 1 0 0 na na
10 61528.964350318874 0.044508194910 cfg1 2 1 0 0 na na
10 61528.970350321160 0.044508208123 cfg1 2 1 0 0 na na
10 61528.980350323745 0.044508257887 cfg1 2 1 0 0 na na
10 61529.010350309787 0.044508385745 cfg1 2 1 0 0 na na
10 61529.014350309924 0.044508409099 cfg1 2 1 0 0 na na
10 61529.174350264727 0.044509085562 cfg1 2 1 0 0 na na
10 61529.180350277766 0.044509095982 cfg1 2 1 0 0 na na
10 61529.252350354848 0.044509410772 cfg1 2 1 0 0 na na
10 61529.289350284717 0.044509565023 cfg1 2 1 0 0 na na
10 61529.363350335328 0.044509892967 cfg1 2 1 0 0 na na
10 61529.391350262986 0.044510003979 cfg1 2 1 0 0 na na
10 61529.393350266688 0.044510013780 cfg1 2 1 0 0 na na
10 61529.394350347734 0.044510015411 cfg1 2 1 0 0 na na
10 61529.401350295664 0.044510057772 cfg1 2 1 0 0 na na
10 61529.468350285980 0.044510345170 cfg1 2 1 0 0 na na
10 61529.505350245192 0.044510506645 cfg1 2 1 0 0 na na
10 61529.560350307323 0.044510723455 cfg1 2 1 0 0 na na
10 61529.564350287171 0.044510745088 cfg1 2 1 0 0 na na
10 61529.666350349508 0.044511203915 cfg1 2 1 0 0 na na
10 61529.672350292172 0.044511231238 cfg1 2 1 0 0 na na
10 61529.695350329912 0.044511305136 cfg1 2 1 0 0 na na
10 61529.846350287058 0.044511954179 cfg1 2 1 0 0 na na
10 61529.858350297205 0.044512002400 cfg1 2 1 0 0 na na
10 61529.892350316846 0.044512163158 cfg1 2 1 0 0 na na
10 61529.914350309426 0.044512249265 cfg1 2 1 0 0 na na
10 61529.958350295953 0.044512450501 cfg1 2 1 0 0 na na
10 61529.970350339889 0.044512495068 cfg1 2 1 0 0 na na
10 61530.033350341402 0.044512763270 cfg1 2 1 0 0 na na
10 61530.035350307315 0.044512779660 cfg1 2 1 0 0 na na
10 61530.061350265208 0.044512893937 cfg1 2 1 0 0 na na
10 61530.139350269897 0.044513234778 cfg1 2 1 0 0 na na
10 61530.160350352652 0.044513320533 cfg1 2 1 0 0 na na
10 61530.180350328970 0.044513398226 cfg1 2 1 0 0 na na
10 61530.199350252892 0.044513484134 cfg1 2 1 0 0 na na
10 61530.207350360826 0.044513509724 cfg1 2 1 0 0 na na
10 61530.210350335704 0.044513529096 cfg1 2 1 0 0 na na
10 61530.272350256518 0.044513790465 cfg1 2 1 0 0 na na
10 61530.329350291985 0.044514030455 cfg1 2 1 0 0 na na
10 61530.342350317904 0.044514110653 cfg1 2 1 0 0 na na
10 61530.375350281322 0.044514228543 cfg1 2 1 0 0 na na
10 61530.381350290054 0.044514263136 cfg1 2 1 0 0 na na
10 61530.413350320583 0.044514391716 cfg1 2 1 0 0 na na
10 61530.470350285109 0.044514645108 cfg1 2 1 0 0 na na
10 61530.498350358904 0.044514763998 cfg1 2 1 0 0 na na
10 61530.503350336338 0.044514788376 cfg1 2 1 0 0 na na
10 61530.549350326722 0.044514995260 cfg1 2 1 0 0 na na
10 61530.558350285848 0.044515025087 cfg1 2 1 0 0 na na
10 61530.641350319662 0.044515380997 cfg1 2 1 0 0 na na
10 61530.672350364592 0.044515509309 cfg1 2 1 0 0 na na
10 61530.678350315742 0.044515558666 cfg1 2 1 0 0 na na
10 61530.781350285547 0.044515990816 cfg1 2 1 0 0 na na
10 61530.787350409025 0.044516027702 cfg1 2 1 0 0 na na
10 61530.796350310004 0.044516062114 cfg1 2 1 0 0 na na
10 61530.843350312529 0.044516242319 cfg1 2 1 0 0 na na
10 61530.910350333652 0.044516554472 cfg1 2 1 0 0 na na
10 61530.921350333355 0.044516589143 cfg1 2 1 0 0 na na
10 61530.940350274937 0.044516660401 cfg1 2 1 0 0 na na
10 61530.950350303241 0.044516719670 cfg1 2 1 0 0 na na
10 61531.003350310163 0.044516943314 cfg1 2 1 0 0 na na
10 61531.028350361549 0.044517041912 cfg1 2 1 0 0 na na
10 61531.032350290787 0.044517055672 cfg1 2 1 0 0 na na
10 61531.104350312964 0.044517388922 cfg1 2 1 0 0 na na
10 61531.239350317042 0.044517961989 cfg1 2 1 0 0 na na
10 61531.279350251692 0.044518140333 cfg1 2 1 0 0 na na
10 61531.293350346474 0.044518188457 cfg1 2 1 0 0 na na
10 61531.326350322546 0.044518346255 cfg1 2 1 0 0 na na
10 61531.330350350428 0.044518355323 cfg1 2 1 0 0 na na
10 61531.336350305232 0.044518390432 cfg1 2 1 0 0 na na
10 61531.340350286864 0.044518404459 cfg1 2 1 0 0 na na
10 61531.349350334322 0.044518425326 cfg1 2 1 0 0 na na
10 61531.356350340279 0.044518460429 cfg1 2 1 0 0 na na
10 61531.360350269360 0.044518472582 cfg1 2 1 0 0 na na
10 61531.424350325510 0.044518759767 cfg1 2 1 0 0 na na
10 61531.448350343334 0.044518871683 cfg1 2 1 0 0 na na
10 61531.451350308533 0.044518876298 cfg1 2 1 0 0 na na
10 61531.456350360329 0.044518897826 cfg1 2 1 0 0 na na
10 61531.482350283270 0.044519018475 cfg1 2 1 0 0 na na
10 61531.655350364307 0.044519758874 cfg1 2 1 0 0 na na
10 61531.668350287542 0.044519826400 cfg1 2 1 0 0 na na
10 61531.732350355036 0.044520086080 cfg1 2 1 0 0 na na
10 61531.772350338035 0.044520277286 cfg1 2 1 0 0 na na
10 61531.780350260334 0.044520291535 cfg1 2 1 0 0 na na
10 61531.829350317677 0.044520508239 cfg1 2 1 0 0 na na
10 61531.863350351576 0.044520665688 cfg1 2 1 0 0 na na
10 61531.890350364242 0.044520779845 cfg1 2 1 0 0 na na
10 61531.903350369795 0.044520816553 cfg1 2 1 0 0 na na
10 61531.925350350005 0.044520914805 cfg1 2 1 0 0 na na
10 61532.041350306631 0.044521423942 cfg1 2 1 0 0 na na
10 61532.065350347983 0.044521518730 cfg1 2 1 0 0 na na
10 61532.081350337986 0.044521588203 cfg1 2 1 0 0 na na
10 61532.143350342034 0.044521862647 cfg1 2 1 0 0 na na
10 61532.145350285003 0.044521891308 cfg1 2 1 0 0 na na
10 61532.153350301392 0.044521926992 cfg1 2 1 0 0 na na
10 61532.169350345816 0.044521989660 cfg1 2 1 0 0 na na
10 61532.210350268937 0.044522166692 cfg1 2 1 0 0 na na
10 61532.215350281923 0.044522171863 cfg1 2 1 0 0 na na
10 61532.239350320734 0.044522271607 cfg1 2 1 0 0 na na
10 61532.250350362313 0.044522330491 cfg1 2 1 0 0 na na
10 61532.266350355752 0.044522402614 cfg1 2 1 0 0 na na
10 61532.286350329117 0.044522473899 cfg1 2 1 0 0 na na
10 61532.324350353995 0.044522656202 cfg1 2 1 0 0 na na
10 61532.348350293288 0.044522767624 cfg1 2 1 0 0 na na
10 61532.363350293678 0.044522818912 cfg1 2 1 0 0 na na
10 61532.376350297519 0.044522862659 cfg1 2 1 0 0 na na
10 61532.397350260094 0.044522961754 cfg1 2 1 0 0 na na
10 61532.405350300199 0.044523001610 cfg1 2 1 0 0 na na
10 61532.407350257309 0.044523004778 cfg1 2 1 0 0 na na
10 61532.446350345904 0.044523186959 cfg1 2 1 0 0 na na
10 61532.474350324506 0.044523301089 cfg1 2 1 0 0 na na
10 61532.475350285777 0.044523311262 cfg1 2 1 0 0 na na
10 61532.494350311831 0.044523400208 cfg1 2 1 0 0 na na
10 61532.516350322030 0.044523481268 cfg1 2 1 0 0 na na
10 61532.520350305388 0.044523488877 cfg1 2 1 0 0 na na
10 61532.632350285097 0.044523994921 cfg1 2 1 0 0 na na
10 61532.645350307447 0.044524032319 cfg1 2 1 0 0 na na
10 61532.655350344004 0.044524081671 cfg1 2 1 0 0 na na
10 61532.657350312906 0.044524088107 cfg1 2 1 0 0 na na
10 61532.665350289342 0.044524125608 cfg1 2 1 0 0 na na
10 61532.753350315795 0.044524521729 cfg1 2 1 0 0 na na
10 61532.757350325986 0.044524515112 cfg1 2 1 0 0 na na
10 61532.762350347177 0.044524546991 cfg1 2 1 0 0 na na
10 61532.787350302901 0.044524667834 cfg1 2 1 0 0 na na
10 61532.816350375885 0.044524767884 cfg1 2 1 0 0 na na
10 61532.879350288530 0.044525045406 cfg1 2 1 0 0 na na
10 61532.922350307924 0.044525243050 cfg1 2 1 0 0 na na
10 61532.926350330236 0.044525271794 cfg1 2 1 0 0 na na
10 61532.938350302427 0.044525302557 cfg1 2 1 0 0 na na
10 61532.995350277836 0.044525548127 cfg1 2 1 0 0 na na
10 61533.002350370508 0.044525575113 cfg1 2 1 0 0 na na
10 61533.033350304703 0.044525731498 cfg1 2 1 0 0 na na
10 61533.036350308975 0.044525743943 cfg1 2 1 0 0 na na
10 61533.052350356244 0.044525820471 cfg1 2 1 0 0 na na
10 61533.061350342487 0.044525833811 cfg1 2 1 0 0 na na
10 61533.086350347442 0.044525948614 cfg1 2 1 0 0 na na
10 61533.088350296636 0.044525976742 cfg1 2 1 0 0 na na
10 61533.111350317768 0.044526048995 cfg1 2 1 0 0 na na
10 61533.124350383756 0.044526117120 cfg1 2 1 0 0 na na
10 61533.169350344694 0.044526323365 cfg1 2 1 0 0 na na
10 61533.258350344785 0.044526685385 cfg1 2 1 0 0 na na
10 61533.268350337830 0.044526756663 cfg1 2 1 0 0 na na
10 61533.306350340760 0.044526922592 cfg1 2 1 0 0 na na
10 61533.335350349242 0.044527033262 cfg1 2 1 0 0 na na
10 61533.471350323780 0.044527611769 cfg1 2 1 0 0 na na
10 61533.474350385926 0.044527623104 cfg1 2 1 0 0 na na
10 61533.510350353688 0.044527781416 cfg1 2 1 0 0 na na
10 61533.592350346427 0.044528144477 cfg1 2 1 0 0 na na
10 61533.634350339829 0.044528331341 cfg1 2 1 0 0 na na
10 61533.673350300620 0.044528489854 cfg1 2 1 0 0 na na
10 61533.688350343562 0.044528558545 cfg1 2 1 0 0 na na
10 61533.698350355755 0.044528617908 cfg1 2 1 0 0 na na
10 61533.728350340967 0.044528727659 cfg1 2 1 0 0 na na
10 61533.755350262473 0.044528860521 cfg1 2 1 0 0 na na
10 61533.767350331944 0.044528907809 cfg1 2 1 0 0 na na
10 61533.775350325204 0.044528947991 cfg1 2 1 0 0 na na
10 61533.794350270825 0.044529029224 cfg1 2 1 0 0 na na
10 61533.807350315139 0.044529076541 cfg1 2 1 0 0 na na
10 61533.828350327049 0.044529172375 cfg1 2 1 0 0 na na
10 61533.842350315061 0.044529242646 cfg1 2 1 0 0 na na
10 61533.936350328203 0.044529643862 cfg1 2 1 0 0 na na
10 61533.958350300662 0.044529737583 cfg1 2 1 0 0 na na
10 61533.971350295158 0.044529784574 cfg1 2 1 0 0 na na
10 61533.991350302816 0.044529869150 cfg1 2 1 0 0 na na
10 61534.032350367713 0.044530052411 cfg1 2 1 0 0 na na
10 61534.047350344062 0.044530131266 cfg1 2 1 0 0 na na
10 61534.083350343563 0.044530273492 cfg1 2 1 0 0 na na
10 61534.097350312745 0.044530332360 cfg1 2 1 0 0 na na
10 61534.191350336268 0.044530762739 cfg1 2 1 0 0 na na
10 61534.206350330617 0.044530809665 cfg1 2 1 0 0 na na
10 61534.213350317219 0.044530859913 cfg1 2 1 0 0 na na
10 61534.237350321933 0.044530954401 cfg1 2 1 0 0 na na
10 61534.249350344447 0.044531004081 cfg1 2 1 0 0 na na
10 61534.279350374275 0.044531125642 cfg1 2 1 0 0 na na
10 61534.422350307951 0.044531748584 cfg1 2 1 0 0 na na
10 61534.444350358871 0.044531866955 cfg1 2 1 0 0 na na
10 61534.469350339001 0.044531970047 cfg1 2 1 0 0 na na
10 61534.525350342672 0.044532217487 cfg1 2 1 0 0 na na
10 61534.610350322446 0.044532564571 cfg1 2 1 0 0 na na
10 61534.620350317714 0.044532629461 cfg1 2 1 0 0 na na
10 61534.650350330053 0.044532746880 cfg1 2 1 0 0 na na
10 61534.652350305545 0.044532764893 cfg1 2 1 0 0 na na
10 61534.655350327834 0.044532788592 cfg1 2 1 0 0 na na
10 61534.730350328304 0.044533091049 cfg1 2 1 0 0 na na
10 61534.763350280087 0.044533257460 cfg1 2 1 0 0 na na
10 61534.770350355720 0.044533261723 cfg1 2 1 0 0 na na
10 61534.778350348636 0.044533311602 cfg1 2 1 0 0 na na
10 61534.786350332571 0.044533341910 cfg1 2 1 0 0 na na
10 61534.792350313765 0.044533361321 cfg1 2 1 0 0 na na
10 61534.814350324062 0.044533478118 cfg1 2 1 0 0 na na
10 61534.844350241715 0.044533610020 cfg1 2 1 0 0 na na
10 61534.998350321576 0.044534267941 cfg1 2 1 0 0 na na
10 61535.015350302572 0.044534354281 cfg1 2 1 0 0 na na
10 61535.018350332952 0.044534363263 cfg1 2 1 0 0 na na
10 61535.019350306018 0.044534353279 cfg1 2 1 0 0 na na
10 61535.022350361980 0.044534370357 cfg1 2 1 0 0 na na
10 61535.104350267680 0.044534719369 cfg1 2 1 0 0 na na
10 61535.105350320026 0.044534747626 cfg1 2 1 0 0 na na
10 61535.145350324783 0.044534905860 cfg1 2 1 0 0 na na
10 61535.154350351643 0.044534954110 cfg1 2 1 0 0 na na
10 61535.201350268454 0.044535143232 cfg1 2 1 0 0 na na
10 61535.208350284859 0.044535194877 cfg1 2 1 0 0 na na
10 61535.210350296456 0.044535182007 cfg1 2 1 0 0 na na
10 61535.212350312291 0.044535215560 cfg1 2 1 0 0 na na
10 61535.266350257827 0.044535447256 cfg1 2 1 0 0 na na
10 61535.283350306828 0.044535509545 cfg1 2 1 0 0 na na
10 61535.303350274592 0.044535603151 cfg1 2 1 0 0 na na
10 61535.325350334853 0.044535688381 cfg1 2 1 0 0 na na
10 61535.361350293096 0.044535860854 cfg1 2 1 0 0 na na
10 61535.374350281105 0.044535900943 cfg1 2 1 0 0 na na
10 61535.400350264102 0.044536022849 cfg1 2 1 0 0 na na
10 61535.418350319540 0.044536098639 cfg1 2 1 0 0 na na
10 61535.447350351595 0.044536216330 cfg1 2 1 0 0 na na
10 61535.449350310792 0.044536227463 cfg1 2 1 0 0 na na
10 61535.455350323628 0.044536277340 cfg1 2 1 0 0 na na
10 61535.457350339356 0.044536268372 cfg1 2 1 0 0 na na
10 61535.530350346050 0.044536587659 cfg1 2 1 0 0 na na
10 61535.581350267924 0.044536799077 cfg1 2 1 0 0 na na
10 61535.583350287312 0.044536822615 cfg1 2 1 0 0 na na
10 61535.600350327192 0.044536893611 cfg1 2 1 0 0 na na
10 61535.678350302662 0.044537247063 cfg1 2 1 0 0 na na
10 61535.737350265777 0.044537486204 cfg1 2 1 0 0 na na
10 61535.744350346911 0.044537522588 cfg1 2 1 0 0 na na
10 61535.814350323618 0.044537834709 cfg1 2 1 0 0 na na
10 61535.842350302656 0.044537939375 cfg1 2 1 0 0 na na
10 61535.854350292138 0.044537996517 cfg1 2 1 0 0 na na
10 61535.857350319059 0.044538022986 cfg1 2 1 0 0 na na
10 61535.882350331473 0.044538116591 cfg1 2 1 0 0 na na
10 61535.888350263620 0.044538167963 cfg1 2 1 0 0 na na
10 61535.936350313947 0.044538364058 cfg1 2 1 0 0 na na
10 61535.951350333469 0.044538418823 cfg1 2 1 0 0 na na
10 61535.971350302637 0.044538529497 cfg1 2 1 0 0 na na
10 61536.020350351580 0.044538723365 cfg1 2 1 0 0 na na
10 61536.065350307154 0.044538937420 cfg1 2 1 0 0 na na
10 61536.071350257359 0.044538949578 cfg1 2 1 0 0 na na
10 61536.075350323822 0.044538971853 cfg1 2 1 0 0 na na
10 61536.204350285265 0.044539541375 cfg1 2 1 0 0 na na
10 61536.209350306239 0.044539550784 cfg1 2 1 0 0 na na
10 61536.242350328111 0.044539699849 cfg1 2 1 0 0 na na
10 61536.246350352548 0.044539725125 cfg1 2 1 0 0 na na
10 61536.354350311481 0.044540189740 cfg1 2 1 0 0 na na
10 61536.408350326653 0.044540417044 cfg1 2 1 0 0 na na
10 61536.424350365789 0.044540509351 cfg1 2 1 0 0 na na
10 61536.432350362648 0.044540536625 cfg1 2 1 0 0 na na
10 61536.561350319643 0.044541099612 cfg1 2 1 0 0 na na
10 61536.607350308749 0.044541299002 cfg1 2 1 0 0 na na
10 61536.621350326061 0.044541352582 cfg1 2 1 0 0 na na
10 61536.630350352530 0.044541415659 cfg1 2 1 0 0 na na
10 61536.640350334956 0.044541442270 cfg1 2 1 0 0 na na
10 61536.653350292206 0.044541508187 cfg1 2 1 0 0 na na
10 61536.755350290593 0.044541948726 cfg1 2 1 0 0 na na
10 61536.761350288372 0.044541980128 cfg1 2 1 0 0 na na
10 61536.789350303578 0.044542111125 cfg1 2 1 0 0 na na
10 61536.790350309337 0.044542107209 cfg1 2 1 0 0 na na
10 61536.826350325508 0.044542253706 cfg1 2 1 0 0 na na
10 61536.901350262626 0.044542595061 cfg1 2 1 0 0 na na
10 61536.948350306902 0.044542795318 cfg1 2 1 0 0 na na
10 61537.069350371714 0.044543334669 cfg1 2 1 0 0 na na
10 61537.073350305274 0.044543339322 cfg1 2 1 0 0 na na
10 61537.143350285618 0.044543641812 cfg1 2 1 0 0 na na
10 61537.171350305517 0.044543777705 cfg1 2 1 0 0 na na
10 61537.183350294949 0.044543826849 cfg1 2 1 0 0 na na
10 61537.246350311153 0.044544117426 cfg1 2 1 0 0 na na
10 61537.258350327654 0.044544164374 cfg1 2 1 0 0 na na
10 61537.299350290065 0.044544333380 cfg1 2 1 0 0 na na
10 61537.413350390034 0.044544847490 cfg1 2 1 0 0 na na
10 61537.415350345898 0.044544856084 cfg1 2 1 0 0 na na
10 61537.444350350753 0.044544966193 cfg1 2 1 0 0 na na
10 61537.456350330418 0.044545030869 cfg1 2 1 0 0 na na
10 61537.468350246162 0.044545085586 cfg1 2 1 0 0 na na
10 61537.473350308977 0.044545098957 cfg1 2 1 0 0 na na
10 61537.512350316523 0.044545270359 cfg1 2 1 0 0 na na
10 61537.525350353339 0.044545330258 cfg1 2 1 0 0 na na
10 61537.628350397900 0.044545773270 cfg1 2 1 0 0 na na
10 61537.635350354618 0.044545820440 cfg1 2 1 0 0 na na
10 61537.740350368875 0.044546281141 cfg1 2 1 0 0 na na
10 61537.741350303836 0.044546291136 cfg1 2 1 0 0 na na
10 61537.754350360316 0.044546349081 cfg1 2 1 0 0 na na
10 61537.784350260017 0.044546461918 cfg1 2 1 0 0 na na
10 61537.835350300966 0.044546678106 cfg1 2 1 0 0 na na
10 61537.883350333850 0.044546894092 cfg1 2 1 0 0 na na
10 61537.889350290110 0.044546932234 cfg1 2 1 0 0 na na
10 61537.899350323530 0.044546970659 cfg1 2 1 0 0 na na
10 61537.953350278197 0.044547201321 cfg1 2 1 0 0 na na
10 61537.989350351947 0.044547357059 cfg1 2 1 0 0 na na
10 61537.990350273553 0.044547358270 cfg1 2 1 0 0 na na
10 61538.040350331018 0.044547601593 cfg1 2 1 0 0 na na
10 61538.049350327140 0.044547620706 cfg1 2 1 0 0 na na
10 61538.069350314297 0.044547727027 cfg1 2 1 0 0 na na
10 61538.124350260106 0.044547956840 cfg1 2 1 0 0 na na
10 61538.130350274728 0.044548003246 cfg1 2 1 0 0 na na
10 61538.221350313442 0.044548375134 cfg1 2 1 0 0 na na
10 61538.224350324628 0.044548408338 cfg1 2 1 0 0 na na
10 61538.225350254119 0.044548407947 cfg1 2 1 0 0 na na
10 61538.226350343089 0.044548425075 cfg1 2 1 0 0 na na
10 61538.290350281529 0.044548681926 cfg1 2 1 0 0 na na
10 61538.363350291539 0.044549017396 cfg1 2 1 0 0 na na
10 61538.381350338733 0.044549089853 cfg1 2 1 0 0 na na
10 61538.407350300872 0.044549196970 cfg1 2 1 0 0 na na
10 61538.520350322694 0.044549713438 cfg1 2 1 0 0 na na
10 61538.552350267352 0.044549834803 cfg1 2 1 0 0 na na
10 61538.558350298476 0.044549859806 cfg1 2 1 0 0 na na
10 61538.561350307728 0.044549888662 cfg1 2 1 0 0 na na
10 61538.611350311624 0.044550117132 cfg1 2 1 0 0 na na
10 61538.624350257173 0.044550159715 cfg1 2 1 0 0 na na
10 61538.652350314330 0.044550278746 cfg1 2 1 0 0 na na
10 61538.681350282608 0.044550428623 cfg1 2 1 0 0 na na
10 61538.725350347323 0.044550605788 cfg1 2 1 0 0 na na
10 61538.744350280291 0.044550707065 cfg1 2 1 0 0 na na
10 61538.746350298623 0.044550703534 cfg1 2 1 0 0 na na
10 61538.761350347680 0.044550779816 cfg1 2 1 0 0 na na
10 61538.776350295942 0.044550832811 cfg1 2 1 0 0 na na
10 61538.788350337934 0.044550882601 cfg1 2 1 0 0 na na
10 61538.806350293053 0.044550951247 cfg1 2 1 0 0 na na
10 61538.824350347455 0.044551041044 cfg1 2 1 0 0 na na
10 61538.869350286700 0.044551236205 cfg1 2 1 0 0 na na
10 61538.873350330101 0.044551248443 cfg1 2 1 0 0 na na
10 61538.874350276069 0.044551256077 cfg1 2 1 0 0 na na
10 61538.898350316872 0.044551376277 cfg1 2 1 0 0 na na
10 61538.914350368268 0.044551449566 cfg1 2 1 0 0 na na
10 61538.967350366431 0.044551666878 cfg1 2 1 0 0 na na
10 61539.001350342767 0.044551826038 cfg1 2 1 0 0 na na
10 61539.041350285414 0.044552002172 cfg1 2 1 0 0 na na
10 61539.081350314911 0.044552183873 cfg1 2 1 0 0 na na
10 61539.108350319739 0.044552307577 cfg1 2 1 0 0 na na
10 61539.147350342771 0.044552459299 cfg1 2 1 0 0 na na
10 61539.186350248076 0.044552644055 cfg1 2 1 0 0 na na
10 61539.200350324011 0.044552702026 cfg1 2 1 0 0 na na
10 61539.222350306569 0.044552802830 cfg1 2 1 0 0 na na
10 61539.244350282970 0.044552903532 cfg1 2 1 0 0 na na
10 61539.256350287757 0.044552939077 cfg1 2 1 0 0 na na
10 61539.273350300291 0.044553023516 cfg1 2 1 0 0 na na
10 61539.388350347547 0.044553538486 cfg1 2 1 0 0 na na
10 61539.422350331893 0.044553673960 cfg1 2 1 0 0 na na
10 61539.517350299401 0.044554091503 cfg1 2 1 0 0 na na
10 61539.538350363072 0.044554189828 cfg1 2 1 0 0 na na
10 61539.547350277892 0.044554241695 cfg1 2 1 0 0 na na
10 61539.551350291728 0.044554243132 cfg1 2 1 0 0 na na
10 61539.580350291942 0.044554388868 cfg1 2 1 0 0 na na
10 61539.588350354949 0.044554417709 cfg1 2 1 0 0 na na
10 61539.615350364849 0.044554521292 cfg1 2 1 0 0 na na
10 61539.631350362266 0.044554601949 cfg1 2 1 0 0 na na
10 61539.651350338800 0.044554701563 cfg1 2 1 0 0 na na
10 61539.663350324922 0.044554749068 cfg1 2 1 0 0 na na
10 61539.683350340271 0.044554840215 cfg1 2 1 0 0 na na
10 61539.736350282079 0.044555071245 cfg1 2 1 0 0 na na
10 61539.741350326296 0.044555107295 cfg1 2 1 0 0 na na
10 61539.783350290527 0.044555287700 cfg1 2 1 0 0 na na
10 61539.829350328295 0.044555478273 cfg1 2 1 0 0 na na
10 61539.850350321215 0.044555586091 cfg1 2 1 0 0 na na
10 61539.874350280393 0.044555678435 cfg1 2 1 0 0 na na
10 61539.887350338226 0.044555736221 cfg1 2 1 0 0 na na
10 61539.918350270404 0.044555863915 cfg1 2 1 0 0 na na
10 61539.927350283815 0.044555914036 cfg1 2 1 0 0 na na
10 61539.930350277075 0.044555920349 cfg1 2 1 0 0 na na
10 61539.939350311548 0.044555957538 cfg1 2 1 0 0 na na
10 61539.983350414910 0.044556162172 cfg1 2 1 0 0 na na
10 61540.085350281622 0.044556601391 cfg1 2 1 0 0 na na
10 61540.131350333817 0.044556803199 cfg1 2 1 0 0 na na
10 61540.139350355699 0.044556867014 cfg1 2 1 0 0 na na
10 61540.154350291397 0.044556911326 cfg1 2 1 0 0 na na
10 61540.175350354803 0.044557026196 cfg1 2 1 0 0 na na
10 61540.178350292307 0.044557016790 cfg1 2 1 0 0 na na
10 61540.202350318760 0.044557139498 cfg1 2 1 0 0 na na
10 61540.227350351982 0.044557234498 cfg1 2 1 0 0 na na
10 61540.289350323906 0.044557502093 cfg1 2 1 0 0 na na
10 61540.350350282817 0.044557780875 cfg1 2 1 0 0 na na
10 61540.359350289615 0.044557819680 cfg1 2 1 0 0 na na
10 61540.464350313612 0.044558285440 cfg1 2 1 0 0 na na
10 61540.465350339518 0.044558301490 cfg1 2 1 0 0 na na
10 61540.466350307606 0.044558306193 cfg1 2 1 0 0 na na
10 61540.482350323652 0.044558375373 cfg1 2 1 0 0 na na
10 61540.506350285066 0.044558486133 cfg1 2 1 0 0 na na
10 61540.515350318424 0.044558521731 cfg1 2 1 0 0 na na
10 61540.521350335696 0.044558531617 cfg1 2 1 0 0 na na
10 61540.534350312768 0.044558607502 cfg1 2 1 0 0 na na
10 61540.540350293275 0.044558616892 cfg1 2 1 0 0 na na
10 61540.553350330585 0.044558679821 cfg1 2 1 0 0 na na
10 61540.556350279342 0.044558695292 cfg1 2 1 0 0 na na
10 61540.602350326859 0.044558889192 cfg1 2 1 0 0 na na
10 61540.610350301157 0.044558948545 cfg1 2 1 0 0 na na
10 61540.648350315843 0.044559099176 cfg1 2 1 0 0 na na
10 61540.690350316470 0.044559282579 cfg1 2 1 0 0 na na
10 61540.693350302768 0.044559315564 cfg1 2 1 0 0 na na
10 61540.712350343270 0.044559390767 cfg1 2 1 0 0 na na
10 61540.717350334082 0.044559410823 cfg1 2 1 0 0 na na
10 61540.751350324516 0.044559552593 cfg1 2 1 0 0 na na
10 61540.787350394078 0.044559731923 cfg1 2 1 0 0 na na
10 61540.839350305222 0.044559961697 cfg1 2 1 0 0 na na
10 61540.846350312200 0.044559998639 cfg1 2 1 0 0 na na
10 61540.937350375763 0.044560378467 cfg1 2 1 0 0 na na
10 61540.975350318947 0.044560541915 cfg1 2 1 0 0 na na
10 61540.988350339174 0.044560625451 cfg1 2 1 0 0 na na
10 61541.015350337325 0.044560731210 cfg1 2 1 0 0 na na
10 61541.028350323725 0.044560783717 cfg1 2 1 0 0 na na
10 61541.083350348081 0.044561034955 cfg1 2 1 0 0 na na
10 61541.147350316492 0.044561316215 cfg1 2 1 0 0 na na
10 61541.256350312993 0.044561791919 cfg1 2 1 0 0 na na
10 61541.260350279084 0.044561820690 cfg1 2 1 0 0 na na
10 61541.266350299221 0.044561842031 cfg1 2 1 0 0 na na
10 61541.277350345691 0.044561910845 cfg1 2 1 0 0 na na
10 61541.290350265270 0.044561953112 cfg1 2 1 0 0 na na
10 61541.333350277403 0.044562132369 cfg1 2 1 0 0 na na
10 61541.496350348199 0.044562865363 cfg1 2 1 0 0 na na
10 61541.507350288795 0.044562907253 cfg1 2 1 0 0 na na
10 61541.512350291712 0.044562927261 cfg1 2 1 0 0 na na
10 61541.551350333346 0.044563101638 cfg1 2 1 0 0 na na
10 61541.552350305655 0.044563117246 cfg1 2 1 0 0 na na
10 61541.582350308565 0.044563243191 cfg1 2 1 0 0 na na
10 61541.615350249783 0.044563401929 cfg1 2 1 0 0 na na
10 61541.619350301489 0.044563422806 cfg1 2 1 0 0 na na
10 61541.625350270594 0.044563440970 cfg1 2 1 0 0 na na
10 61541.642350285155 0.044563527436 cfg1 2 1 0 0 na na
10 61541.670350314116 0.044563645116 cfg1 2 1 0 0 na na
10 61541.735350294411 0.044563923476 cfg1 2 1 0 0 na na
10 61541.747350316925 0.044563975799 cfg1 2 1 0 0 na na
10 61541.761350348721 0.044564055958 cfg1 2 1 0 0 na na
10 61541.762350295234 0.044564056291 cfg1 2 1 0 0 na na
10 61541.814350293717 0.044564287923 cfg1 2 1 0 0 na na
10 61541.827350319112 0.044564337763 cfg1 2 1 0 0 na na
10 61541.846350296802 0.044564438226 cfg1 2 1 0 0 na na
10 61541.855350286668 0.044564450886 cfg1 2 1 0 0 na na
10 61541.861350309192 0.044564504672 cfg1 2 1 0 0 na na
10 61541.880350300399 0.044564562581 cfg1 2 1 0 0 na na
10 61541.889350325465 0.044564617360 cfg1 2 1 0 0 na na
10 61541.908350295284 0.044564699247 cfg1 2 1 0 0 na na
10 61541.913350302245 0.044564725988 cfg1 2 1 0 0 na na
10 61541.920350304698 0.044564742758 cfg1 2 1 0 0 na na
10 61541.923350271585 0.044564778297 cfg1 2 1 0 0 na na
10 61541.938350275717 0.044564845276 cfg1 2 1 0 0 na na
10 61541.943350340923 0.044564843365 cfg1 2 1 0 0 na na
10 61541.971350293829 0.044564982416 cfg1 2 1 0 0 na na
10 61541.976350319901 0.044565011248 cfg1 2 1 0 0 na na
10 61542.000350276850 0.044565101276 cfg1 2 1 0 0 na na
10 61542.093350340966 0.044565523000 cfg1 2 1 0 0 na na
10 61542.097350354987 0.044565529885 cfg1 2 1 0 0 na na
10 61542.101350340158 0.044565566206 cfg1 2 1 0 0 na na
10 61542.110350394269 0.044565583992 cfg1 2 1 0 0 na na
10 61542.121350314059 0.044565653269 cfg1 2 1 0 0 na na
10 61542.146350303446 0.044565756595 cfg1 2 1 0 0 na na
10 61542.147350335171 0.044565768786 cfg1 2 1 0 0 na na
10 61542.153350326457 0.044565783310 cfg1 2 1 0 0 na na
10 61542.182350379833 0.044565905965 cfg1 2 1 0 0 na na
10 61542.189350305865 0.044565957475 cfg1 2 1 0 0 na na
10 61542.216350280007 0.044566072770 cfg1 2 1 0 0 na na
10 61542.219350279626 0.044566077706 cfg1 2 1 0 0 na na
10 61542.274350317528 0.044566342363 cfg1 2 1 0 0 na na
10 61542.278350304977 0.044566339426 cfg1 2 1 0 0 na na
10 61542.314350297105 0.044566497175 cfg1 2 1 0 0 na na
10 61542.342350304319 0.044566641529 cfg1 2 1 0 0 na na
10 61542.343350342993 0.044566636757 cfg1 2 1 0 0 na na
10 61542.374350277056 0.044566774534 cfg1 2 1 0 0 na na
10 61542.396350323262 0.044566865450 cfg1 2 1 0 0 na na
10 61542.409350305024 0.044566920109 cfg1 2 1 0 0 na na
10 61542.410350268667 0.044566929860 cfg1 2 1 0 0 na na
10 61542.426350309899 0.044567008350 cfg1 2 1 0 0 na na
10 61542.437350274119 0.044567048589 cfg1 2 1 0 0 na na
10 61542.447350319622 0.044567090581 cfg1 2 1 0 0 na na
10 61542.474350299183 0.044567227660 cfg1 2 1 0 0 na na
10 61542.476350309567 0.044567232901 cfg1 2 1 0 0 na na
10 61542.483350301537 0.044567249567 cfg1 2 1 0 0 na na
10 61542.494350352516 0.044567320269 cfg1 2 1 0 0 na na
10 61542.537350316888 0.044567511690 cfg1 2 1 0 0 na na
10 61542.555350284165 0.044567587837 cfg1 2 1 0 0 na na
10 61542.571350331863 0.044567650509 cfg1 2 1 0 0 na na
10 61542.615350330919 0.044567848800 cfg1 2 1 0 0 na na
10 61542.619350290174 0.044567853809 cfg1 2 1 0 0 na na
10 61542.638350334133 0.044567961358 cfg1 2 1 0 0 na na
10 61542.694350280268 0.044568212603 cfg1 2 1 0 0 na na
10 61542.697350309167 0.044568214687 cfg1 2 1 0 0 na na
10 61542.710350398081 0.044568266096 cfg1 2 1 0 0 na na
10 61542.720350339520 0.044568321958 cfg1 2 1 0 0 na na
10 61542.757350311381 0.044568468549 cfg1 2 1 0 0 na na
10 61542.758350331507 0.044568493603 cfg1 2 1 0 0 na na
10 61542.795350287347 0.044568645315 cfg1 2 1 0 0 na na
10 61542.803350348649 0.044568693886 cfg1 2 1 0 0 na na
10 61542.842350282534 0.044568871224 cfg1 2 1 0 0 na na
10 61542.853350311751 0.044568906925 cfg1 2 1 0 0 na na
10 61542.854350252289 0.044568916689 cfg1 2 1 0 0 na na
10 61542.902350267816 0.044569125059 cfg1 2 1 0 0 na na
10 61542.904350365679 0.044569122744 cfg1 2 1 0 0 na na
10 61542.907350276954 0.044569135934 cfg1 2 1 0 0 na na
10 61542.942350315174 0.044569313997 cfg1 2 1 0 0 na na
10 61542.950350336229 0.044569337104 cfg1 2 1 0 0 na na
10 61543.034350284199 0.044569711151 cfg1 2 1 0 0 na na
10 61543.054350317055 0.044569802173 cfg1 2 1 0 0 na na
10 61543.070350306697 0.044569863554 cfg1 2 1 0 0 na na
10 61543.093350302225 0.044569985048 cfg1 2 1 0 0 na na
10 61543.116350288163 0.044570074396 cfg1 2 1 0 0 na na
10 61543.170350335734 0.044570312915 cfg1 2 1 0 0 na na
10 61543.179350312705 0.044570355233 cfg1 2 1 0 0 na na
10 61543.237350307889 0.044570608537 cfg1 2 1 0 0 na na
10 61543.244350346337 0.044570638116 cfg1 2 1 0 0 na na
10 61543.288350311444 0.044570842220 cfg1 2 1 0 0 na na
10 61543.311350282497 0.044570936285 cfg1 2 1 0 0 na na
10 61543.312350290001 0.044570947337 cfg1 2 1 0 0 na na
10 61543.322350304321 0.044571014042 cfg1 2 1 0 0 na na
10 61543.367350319611 0.044571204043 cfg1 2 1 0 0 na na
10 61543.392350329959 0.044571319053 cfg1 2 1 0 0 na na
10 61543.419350318744 0.044571447005 cfg1 2 1 0 0 na na
10 61543.420350336276 0.044571439464 cfg1 2 1 0 0 na na
10 61543.473350297580 0.044571658915 cfg1 2 1 0 0 na na
10 61543.474350296725 0.044571676379 cfg1 2 1 0 0 na na
10 61543.491350272184 0.044571756533 cfg1 2 1 0 0 na na
10 61543.504350308969 0.044571813909 cfg1 2 1 0 0 na na
10 61543.541350363813 0.044571969163 cfg1 2 1 0 0 na na
10 61543.554350328396 0.044572033305 cfg1 2 1 0 0 na na
10 61543.574350269605 0.044572138337 cfg1 2 1 0 0 na na
10 61543.593350346643 0.044572195964 cfg1 2 1 0 0 na na
10 61543.617350327632 0.044572320399 cfg1 2 1 0 0 na na
10 61543.640350306993 0.044572416511 cfg1 2 1 0 0 na na
10 61543.719350269726 0.044572761151 cfg1 2 1 0 0 na na
10 61543.723350295550 0.044572794020 cfg1 2 1 0 0 na na
10 61543.732350338875 0.044572835879 cfg1 2 1 0 0 na na
10 61543.736350340084 0.044572857037 cfg1 2 1 0 0 na na
10 61543.755350327156 0.044572920454 cfg1 2 1 0 0 na na
10 61543.760350263115 0.044572943869 cfg1 2 1 0 0 na na
10 61543.763350340621 0.044572958305 cfg1 2 1 0 0 na na
10 61543.772350333800 0.044573013530 cfg1 2 1 0 0 na na
10 61543.773350267554 0.044572999460 cfg1 2 1 0 0 na na
10 61543.777350270416 0.044573021467 cfg1 2 1 0 0 na na
10 61543.833350350899 0.044573290094 cfg1 2 1 0 0 na na
10 61543.875350290445 0.044573470210 cfg1 2 1 0 0 na na
10 61543.906350305890 0.044573602616 cfg1 2 1 0 0 na na
10 61543.908350284545 0.044573606237 cfg1 2 1 0 0 na na
10 61543.918350295584 0.044573673175 cfg1 2 1 0 0 na na
10 61543.922350269649 0.044573689283 cfg1 2 1 0 0 na na
10 61543.928350325597 0.044573694076 cfg1 2 1 0 0 na na
10 61543.929350283748 0.044573710739 cfg1 2 1 0 0 na na
10 61543.936350244665 0.044573752409 cfg1 2 1 0 0 na na
10 61543.978350286726 0.044573943043 cfg1 2 1 0 0 na na
10 61543.984350331064 0.044573946154 cfg1 2 1 0 0 na na
10 61544.018350278881 0.044574111835 cfg1 2 1 0 0 na na
10 61544.029350305856 0.044574147056 cfg1 2 1 0 0 na na
10 61544.047350342760 0.044574244426 cfg1 2 1 0 0 na na
10 61544.093350312652 0.044574440503 cfg1 2 1 0 0 na na
10 61544.099350351898 0.044574484098 cfg1 2 1 0 0 na na
10 61544.102350296253 0.044574490667 cfg1 2 1 0 0 na na
10 61544.103350276201 0.044574497811 cfg1 2 1 0 0 na na
10 61544.115350355232 0.044574551825 cfg1 2 1 0 0 na na
10 61544.116350331517 0.044574544934 cfg1 2 1 0 0 na na
10 61544.117350326888 0.044574564596 cfg1 2 1 0 0 na na
10 61544.122350263096 0.044574577716 cfg1 2 1 0 0 na na
10 61544.127350310723 0.044574593728 cfg1 2 1 0 0 na na
10 61544.128350284754 0.044574596227 cfg1 2 1 0 0 na na
10 61544.189350296706 0.044574884299 cfg1 2 1 0 0 na na
10 61544.191350323692 0.044574880942 cfg1 2 1 0 0 na na
10 61544.216350327330 0.044574995338 cfg1 2 1 0 0 na na
10 61544.218350325741 0.044574991155 cfg1 2 1 0 0 na na
10 61544.222350301387 0.044575015802 cfg1 2 1 0 0 na na
10 61544.229350321920 0.044575044272 cfg1 2 1 0 0 na na
10 61544.237350358082 0.044575095435 cfg1 2 1 0 0 na na
10 61544.260350325821 0.044575193787 cfg1 2 1 0 0 na na
10 61544.274350282743 0.044575246945 cfg1 2 1 0 0 na na
10 61544.315350309664 0.044575423770 cfg1 2 1 0 0 na na
10 61544.353350269495 0.044575602275 cfg1 2 1 0 0 na na
10 61544.398350362588 0.044575812418 cfg1 2 1 0 0 na na
10 61544.456350361951 0.044576070597 cfg1 2 1 0 0 na na
10 61544.459350283150 0.044576081140 cfg1 2 1 0 0 na na
10 61544.471350283399 0.044576148303 cfg1 2 1 0 0 na na
10 61544.478350301162 0.044576165204 cfg1 2 1 0 0 na na
10 61544.481350290253 0.044576192177 cfg1 2 1 0 0 na na
10 61544.495350302045 0.044576237893 cfg1 2 1 0 0 na na
10 61544.541350307481 0.044576443917 cfg1 2 1 0 0 na na
10 61544.573350356874 0.044576605198 cfg1 2 1 0 0 na na
10 61544.580350293419 0.044576632519 cfg1 2 1 0 0 na na
10 61544.604350297342 0.044576729822 cfg1 2 1 0 0 na na
10 61544.614350349025 0.044576773782 cfg1 2 1 0 0 na na
10 61544.631350344933 0.044576844619 cfg1 2 1 0 0 na na
10 61544.636350291760 0.044576869890 cfg1 2 1 0 0 na na
10 61544.663350331765 0.044577001014 cfg1 2 1 0 0 na na
10 61544.666350371100 0.044577013823 cfg1 2 1 0 0 na na
10 61544.688350330875 0.044577107968 cfg1 2 1 0 0 na na
10 61544.697350303583 0.044577136064 cfg1 2 1 0 0 na na
10 61544.699350312928 0.044577169407 cfg1 2 1 0 0 na na
10 61544.714350316423 0.044577218314 cfg1 2 1 0 0 na na
10 61544.725350290823 0.044577280441 cfg1 2 1 0 0 na na
10 61544.726350293469 0.044577270230 cfg1 2 1 0 0 na na
10 61544.759350347359 0.044577429902 cfg1 2 1 0 0 na na
10 61544.787350346388 0.044577540781 cfg1 2 1 0 0 na na
10 61544.869350251640 0.044577920388 cfg1 2 1 0 0 na na
10 61544.889350316248 0.044578012032 cfg1 2 1 0 0 na na
10 61544.919350279763 0.044578138390 cfg1 2 1 0 0 na na
10 61544.958350319316 0.044578312256 cfg1 2 1 0 0 na na
10 61545.013350298270 0.044578577420 cfg1 2 1 0 0 na na
10 61545.059350298434 0.044578763126 cfg1 2 1 0 0 na na
10 61545.080350344701 0.044578865287 cfg1 2 1 0 0 na na
10 61545.087350292514 0.044578888439 cfg1 2 1 0 0 na na
10 61545.104350300726 0.044578985503 cfg1 2 1 0 0 na na
10 61545.122350299218 0.044579058183 cfg1 2 1 0 0 na na
10 61545.182350328540 0.044579322633 cfg1 2 1 0 0 na na
10 61545.225350336981 0.044579506097 cfg1 2 1 0 0 na na
10 61545.244350324684 0.044579602191 cfg1 2 1 0 0 na na
10 61545.282350301665 0.044579787126 cfg1 2 1 0 0 na na
10 61545.319350323214 0.044579928411 cfg1 2 1 0 0 na na
10 61545.343350310057 0.044580038478 cfg1 2 1 0 0 na na
10 61545.355350366228 0.044580086148 cfg1 2 1 0 0 na na
10 61545.386350346241 0.044580233970 cfg1 2 1 0 0 na na
10 61545.471350340249 0.044580610667 cfg1 2 1 0 0 na na
10 61545.473350294759 0.044580619479 cfg1 2 1 0 0 na na
10 61545.503350357578 0.044580765494 cfg1 2 1 0 0 na na
10 61545.557350279516 0.044581017173 cfg1 2 1 0 0 na na
10 61545.568350344955 0.044581055443 cfg1 2 1 0 0 na na
10 61545.575350344856 0.044581082428 cfg1 2 1 0 0 na na
10 61545.576350319120 0.044581078531 cfg1 2 1 0 0 na na
10 61545.579350318940 0.044581117116 cfg1 2 1 0 0 na na
10 61545.585350243585 0.044581143242 cfg1 2 1 0 0 na na
10 61545.598350335058 0.044581204430 cfg1 2 1 0 0 na na
10 61545.612350243470 0.044581263376 cfg1 2 1 0 0 na na
10 61545.617350316632 0.044581262892 cfg1 2 1 0 0 na na
10 61545.656350329793 0.044581441521 cfg1 2 1 0 0 na na
10 61545.674350322970 0.044581529567 cfg1 2 1 0 0 na na
10 61545.727350269051 0.044581774476 cfg1 2 1 0 0 na na
10 61545.739350243332 0.044581833381 cfg1 2 1 0 0 na na
10 61545.751350334120 0.044581884453 cfg1 2 1 0 0 na na
10 61545.752350288528 0.044581888528 cfg1 2 1 0 0 na na
10 61545.774350326734 0.044581985734 cfg1 2 1 0 0 na na
10 61545.782350344897 0.044582030634 cfg1 2 1 0 0 na na
10 61545.790350395291 0.044582068185 cfg1 2 1 0 0 na na
10 61545.825350273766 0.044582214578 cfg1 2 1 0 0 na na
10 61545.850350355814 0.044582323794 cfg1 2 1 0 0 na na
10 61545.870350317223 0.044582406362 cfg1 2 1 0 0 na na
10 61545.884350339899 0.044582475018 cfg1 2 1 0 0 na na
10 61545.887350315946 0.044582500105 cfg1 2 1 0 0 na na
10 61545.895350320228 0.044582538882 cfg1 2 1 0 0 na na
10 61545.907350338772 0.044582567094 cfg1 2 1 0 0 na na
10 61545.937350344062 0.044582713560 cfg1 2 1 0 0 na na
10 61545.954350296069 0.044582798235 cfg1 2 1 0 0 na na
10 61545.960350286629 0.044582803394 cfg1 2 1 0 0 na na
10 61546.005350332119 0.044583033697 cfg1 2 1 0 0 na na
10 61546.008350294988 0.044583025747 cfg1 2 1 0 0 na na
10 61546.010350275832 0.044583036907 cfg1 2 1 0 0 na na
10 61546.014350286018 0.044583060730 cfg1 2 1 0 0 na na
10 61546.022350329567 0.044583085382 cfg1 2 1 0 0 na na
10 61546.026350251553 0.044583120366 cfg1 2 1 0 0 na na
10 61546.028350307565 0.044583117718 cfg1 2 1 0 0 na na
10 61546.049350273404 0.044583221741 cfg1 2 1 0 0 na na
10 61546.072350274085 0.044583317472 cfg1 2 1 0 0 na na
10 61546.106350282617 0.044583477259 cfg1 2 1 0 0 na na
10 61546.116350309705 0.044583517062 cfg1 2 1 0 0 na na
10 61546.162350266197 0.044583715653 cfg1 2 1 0 0 na na
10 61546.206350316299 0.044583929361 cfg1 2 1 0 0 na na
10 61546.243350284338 0.044584090394 cfg1 2 1 0 0 na na
10 61546.262350295855 0.044584190352 cfg1 2 1 0 0 na na
10 61546.310350272734 0.044584390269 cfg1 2 1 0 0 na na
10 61546.320350243654 0.044584448335 cfg1 2 1 0 0 na na
10 61546.346350356662 0.044584552376 cfg1 2 1 0 0 na na
10 61546.347350268202 0.044584548708 cfg1 2 1 0 0 na na
10 61546.349350266312 0.044584579764 cfg1 2 1 0 0 na na
10 61546.357350283111 0.044584602627 cfg1 2 1 0 0 na na
10 61546.367350313229 0.044584645966 cfg1 2 1 0 0 na na
10 61546.374350297640 0.044584695206 cfg1 2 1 0 0 na na
10 61546.387350369207 0.044584730106 cfg1 2 1 0 0 na na
10 61546.398350318643 0.044584794075 cfg1 2 1 0 0 na na
10 61546.414350313603 0.044584868075 cfg1 2 1 0 0 na na
10 61546.422350298565 0.044584911600 cfg1 2 1 0 0 na na
10 61546.472350284779 0.044585121317 cfg1 2 1 0 0 na na
10 61546.623350277220 0.044585816160 cfg1 2 1 0 0 na na
10 61546.627350267158 0.044585814052 cfg1 2 1 0 0 na na
10 61546.634350351478 0.044585838751 cfg1 2 1 0 0 na na
10 61546.652350352797 0.044585943333 cfg1 2 1 0 0 na na
10 61546.673350321270 0.044586023498 cfg1 2 1 0 0 na na
10 61546.699350354763 0.044586140106 cfg1 2 1 0 0 na na
10 61546.708350283396 0.044586187411 cfg1 2 1 0 0 na na
10 61546.752350344828 0.044586376536 cfg1 2 1 0 0 na na
10 61546.755350266470 0.044586406762 cfg1 2 1 0 0 na na
10 61546.792350281128 0.044586558925 cfg1 2 1 0 0 na na
10 61546.860350289406 0.044586857300 cfg1 2 1 0 0 na na
10 61546.902350308408 0.044587062437 cfg1 2 1 0 0 na na
10 61546.913350303071 0.044587110293 cfg1 2 1 0 0 na na
10 61546.922350270338 0.044587159287 cfg1 2 1 0 0 na na
10 61546.968350351816 0.044587370574 cfg1 2 1 0 0 na na
10 61546.982350284867 0.044587411881 cfg1 2 1 0 0 na na
10 61547.002350286377 0.044587507871 cfg1 2 1 0 0 na na
10 61547.016350291462 0.044587565393 cfg1 2 1 0 0 na na
10 61547.060350300493 0.044587767142 cfg1 2 1 0 0 na na
10 61547.115350338670 0.044588013001 cfg1 2 1 0 0 na na
10 61547.118350301520 0.044588028968 cfg1 2 1 0 0 na na
10 61547.146350396858 0.044588151364 cfg1 2 1 0 0 na na
10 61547.195350315291 0.044588369562 cfg1 2 1 0 0 na na
10 61547.199350259695 0.044588398435 cfg1 2 1 0 0 na na
10 61547.242350341213 0.044588602936 cfg1 2 1 0 0 na na
10 61547.278350280938 0.044588762152 cfg1 2 1 0 0 na na
10 61547.328350287326 0.044588982980 cfg1 2 1 0 0 na na
10 61547.346350282626 0.044589076026 cfg1 2 1 0 0 na na
10 61547.358350285939 0.044589108820 cfg1 2 1 0 0 na na
10 61547.360350338631 0.044589110247 cfg1 2 1 0 0 na na
10 61547.372350298514 0.044589189366 cfg1 2 1 0 0 na na
10 61547.379350258175 0.044589203839 cfg1 2 1 0 0 na na
10 61547.431350355082 0.044589453733 cfg1 2 1 0 0 na na
10 61547.483350340861 0.044589689975 cfg1 2 1 0 0 na na
10 61547.524350352474 0.044589871894 cfg1 2 1 0 0 na na
10 61547.527350265821 0.044589869190 cfg1 2 1 0 0 na na
10 61547.584350352399 0.044590135925 cfg1 2 1 0 0 na na
10 61547.653350325385 0.044590439677 cfg1 2 1 0 0 na na
10 61547.670350262566 0.044590519390 cfg1 2 1 0 0 na na
10 61547.713350328646 0.044590704862 cfg1 2 1 0 0 na na
10 61547.749350270037 0.044590866887 cfg1 2 1 0 0 na na
10 61547.781350268554 0.044591013207 cfg1 2 1 0 0 na na
10 61547.800350335598 0.044591101978 cfg1 2 1 0 0 na na
10 61547.817350288205 0.044591198330 cfg1 2 1 0 0 na na
10 61547.823350291574 0.044591224368 cfg1 2 1 0 0 na na
10 61547.871350306294 0.044591443919 cfg1 2 1 0 0 na na
10 61547.915350267233 0.044591624331 cfg1 2 1 0 0 na na
10 61547.916350354492 0.044591644795 cfg1 2 1 0 0 na na
10 61547.996350286791 0.044592006250 cfg1 2 1 0 0 na na
10 61548.024350270878 0.044592111243 cfg1 2 1 0 0 na na
10 61548.043350257671 0.044592209547 cfg1 2 1 0 0 na na
10 61548.079350345623 0.044592371985 cfg1 2 1 0 0 na na
10 61548.117350326629 0.044592552232 cfg1 2 1 0 0 na na
10 61548.131350253708 0.044592613387 cfg1 2 1 0 0 na na
10 61548.143350258678 0.044592663339 cfg1 2 1 0 0 na na
10 61548.152350301515 0.044592691101 cfg1 2 1 0 0 na na
10 61548.172350321019 0.044592802082 cfg1 2 1 0 0 na na
10 61548.178350292614 0.044592831246 cfg1 2 1 0 0 na na
10 61548.196350329692 0.044592906025 cfg1 2 1 0 0 na na
10 61548.201350285999 0.044592912083 cfg1 2 1 0 0 na na
10 61548.231350288794 0.044593058919 cfg1 2 1 0 0 na na
10 61548.243350284063 0.044593105740 cfg1 2 1 0 0 na na
10 61548.269350331662 0.044593231087 cfg1 2 1 0 0 na na
10 61548.274350344193 0.044593251883 cfg1 2 1 0 0 na na
10 61548.287350293234 0.044593314593 cfg1 2 1 0 0 na na
10 61548.293350303641 0.044593353800 cfg1 2 1 0 0 na na
10 61548.324350301011 0.044593483284 cfg1 2 1 0 0 na na
10 61548.330350367588 0.044593507617 cfg1 2 1 0 0 na na
10 61548.349350303648 0.044593580289 cfg1 2 1 0 0 na na
10 61548.350350284599 0.044593593785 cfg1 2 1 0 0 na na
10 61548.355350313871 0.044593617846 cfg1 2 1 0 0 na na
10 61548.356350286366 0.044593641574 cfg1 2 1 0 0 na na
10 61548.365350327494 0.044593656189 cfg1 2 1 0 0 na na
10 61548.426350372316 0.044593946461 cfg1 2 1 0 0 na na
10 61548.469350298573 0.044594135439 cfg1 2 1 0 0 na na
10 61548.475350337420 0.044594180196 cfg1 2 1 0 0 na na
10 61548.493350309387 0.044594245971 cfg1 2 1 0 0 na na
10 61548.522350315662 0.044594367205 cfg1 2 1 0 0 na na
10 61548.532350278199 0.044594425260 cfg1 2 1 0 0 na na
10 61548.545350274901 0.044594482077 cfg1 2 1 0 0 na na
10 61548.561350328977 0.044594546400 cfg1 2 1 0 0 na na
10 61548.599350366719 0.044594725397 cfg1 2 1 0 0 na na
10 61548.608350297178 0.044594780158 cfg1 2 1 0 0 na na
10 61548.611350381108 0.044594795686 cfg1 2 1 0 0 na na
10 61548.622350326847 0.044594834194 cfg1 2 1 0 0 na na
10 61548.681350319722 0.044595097847 cfg1 2 1 0 0 na na
10 61548.702350353816 0.044595200297 cfg1 2 1 0 0 na na
10 61548.740350344187 0.044595360394 cfg1 2 1 0 0 na na
10 61548.745350291189 0.044595393056 cfg1 2 1 0 0 na na
10 61548.775350291251 0.044595516607 cfg1 2 1 0 0 na na
10 61548.779350250800 0.044595546193 cfg1 2 1 0 0 na na
10 61548.799350306205 0.044595637976 cfg1 2 1 0 0 na na
10 61548.821350314889 0.044595742859 cfg1 2 1 0 0 na na
10 61548.828350322511 0.044595775962 cfg1 2 1 0 0 na na
10 61548.856350289375 0.044595905798 cfg1 2 1 0 0 na na
10 61548.862350310390 0.044595914696 cfg1 2 1 0 0 na na
10 61548.877350277173 0.044595977879 cfg1 2 1 0 0 na na
10 61548.884350337075 0.044596021743 cfg1 2 1 0 0 na na
10 61548.915350240221 0.044596171450 cfg1 2 1 0 0 na na
10 61548.922350314952 0.044596202938 cfg1 2 1 0 0 na na
10 61548.940350351825 0.044596278215 cfg1 2 1 0 0 na na
10 61548.949350285291 0.044596311810 cfg1 2 1 0 0 na na
10 61548.978350271727 0.044596453541 cfg1 2 1 0 0 na na
10 61548.980350252641 0.044596465710 cfg1 2 1 0 0 na na
10 61548.998350255237 0.044596542135 cfg1 2 1 0 0 na na
10 61548.999350425995 0.044596527474 cfg1 2 1 0 0 na na
10 61549.006350332273 0.044596567387 cfg1 2 1 0 0 na na
10 61549.009350320624 0.044596592045 cfg1 2 1 0 0 na na
10 61549.047350286517 0.044596770209 cfg1 2 1 0 0 na na
10 61549.049350293476 0.044596774908 cfg1 2 1 0 0 na na
10 61549.084350325782 0.044596920457 cfg1 2 1 0 0 na na
10 61549.137350288139 0.044597178918 cfg1 2 1 0 0 na na
10 61549.139350298208 0.044597161193 cfg1 2 1 0 0 na na
10 61549.169350302497 0.044597307237 cfg1 2 1 0 0 na na
10 61549.188350314115 0.044597407944 cfg1 2 1 0 0 na na
10 61549.193350267207 0.044597404632 cfg1 2 1 0 0 na na
10 61549.250350302728 0.044597676769 cfg1 2 1 0 0 na na
10 61549.274350305469 0.044597773365 cfg1 2 1 0 0 na na
10 61549.286350321671 0.044597838465 cfg1 2 1 0 0 na na
10 61549.322350310791 0.044598014413 cfg1 2 1 0 0 na na
10 61549.362350296487 0.044598171313 cfg1 2 1 0 0 na na
10 61549.401350275443 0.044598357058 cfg1 2 1 0 0 na na
10 61549.403350247665 0.044598380219 cfg1 2 1 0 0 na na
10 61549.413350312261 0.044598415755 cfg1 2 1 0 0 na na
10 61549.428350364168 0.044598491919 cfg1 2 1 0 0 na na
10 61549.458350270171 0.044598616100 cfg1 2 1 0 0 na na
10 61549.465350297052 0.044598656046 cfg1 2 1 0 0 na na
10 61549.474350308306 0.044598686803 cfg1 2 1 0 0 na na
10 61549.507350267173 0.044598829826 cfg1 2 1 0 0 na na
10 61549.508350395732 0.044598837008 cfg1 2 1 0 0 na na
10 61549.525350324708 0.044598928903 cfg1 2 1 0 0 na na
10 61549.535350312017 0.044598958168 cfg1 2 1 0 0 na na
10 61549.536350366382 0.044598969385 cfg1 2 1 0 0 na na
10 61549.555350335484 0.044599064566 cfg1 2 1 0 0 na na
10 61549.575350348512 0.044599150974 cfg1 2 1 0 0 na na
10 61549.615350312996 0.044599322643 cfg1 2 1 0 0 na na
10 61549.651350322904 0.044599503750 cfg1 2 1 0 0 na na
10 61549.653350315444 0.044599493915 cfg1 2 1 0 0 na na
10 61549.658350300872 0.044599530568 cfg1 2 1 0 0 na na
10 61549.660350295443 0.044599539930 cfg1 2 1 0 0 na na
10 61549.731350376373 0.044599860440 cfg1 2 1 0 0 na na
10 61549.760350290312 0.044599991945 cfg1 2 1 0 0 na na
10 61549.823350296827 0.044600277287 cfg1 2 1 0 0 na na
10 61549.842350294535 0.044600370923 cfg1 2 1 0 0 na na
10 61549.874350315231 0.044600508470 cfg1 2 1 0 0 na na
10 61549.883350313489 0.044600563829 cfg1 2 1 0 0 na na
10 61549.917350305433 0.044600699619 cfg1 2 1 0 0 na na
10 61549.920350333138 0.044600723018 cfg1 2 1 0 0 na na
10 61549.936350333198 0.044600794174 cfg1 2 1 0 0 na na
10 61549.965350314943 0.044600914752 cfg1 2 1 0 0 na na
10 61549.992350300657 0.044601052120 cfg1 2 1 0 0 na na
10 61550.026350325315 0.044601212449 cfg1 2 1 0 0 na na
10 61550.031350342925 0.044601222260 cfg1 2 1 0 0 na na
10 61550.067350307566 0.044601395611 cfg1 2 1 0 0 na na
10 61550.089350337499 0.044601488692 cfg1 2 1 0 0 na na
10 61550.098350304646 0.044601524126 cfg1 2 1 0 0 na na
10 61550.133350317966 0.044601703723 cfg1 2 1 0 0 na na
10 61550.136350304816 0.044601698385 cfg1 2 1 0 0 na na
10 61550.143350303748 0.044601735833 cfg1 2 1 0 0 na na
10 61550.163350309933 0.044601835469 cfg1 2 1 0 0 na na
10 61550.189350401333 0.044601940182 cfg1 2 1 0 0 na na
10 61550.247350329009 0.044602198037 cfg1 2 1 0 0 na na
10 61550.270350363172 0.044602313784 cfg1 2 1 0 0 na na
10 61550.277350352455 0.044602340177 cfg1 2 1 0 0 na na
10 61550.301350302153 0.044602441157 cfg1 2 1 0 0 na na
10 61550.306350338626 0.044602470363 cfg1 2 1 0 0 na na
10 61550.318350335778 0.044602525746 cfg1 2 1 0 0 na na
10 61550.331350281060 0.044602588947 cfg1 2 1 0 0 na na
10 61550.375350294700 0.044602785143 cfg1 2 1 0 0 na na
10 61550.402350309494 0.044602919659 cfg1 2 1 0 0 na na
10 61550.457350372370 0.044603166773 cfg1 2 1 0 0 na na
10 61550.460350314876 0.044603190959 cfg1 2 1 0 0 na na
10 61550.466350323650 0.044603211416 cfg1 2 1 0 0 na na
10 61550.507350354806 0.044603389101 cfg1 2 1 0 0 na na
10 61550.516350263002 0.044603423860 cfg1 2 1 0 0 na na
10 61550.546350360861 0.044603561826 cfg1 2 1 0 0 na na
10 61550.558350255041 0.044603621785 cfg1 2 1 0 0 na na
10 61550.573350274182 0.044603679689 cfg1 2 1 0 0 na na
10 61550.602350329238 0.044603814134 cfg1 2 1 0 0 na na
10 61550.620350301188 0.044603912620 cfg1 2 1 0 0 na na
10 61550.656350345892 0.044604075041 cfg1 2 1 0 0 na na
10 61550.678350283432 0.044604157746 cfg1 2 1 0 0 na na
10 61550.725350337169 0.044604377689 cfg1 2 1 0 0 na na
10 61550.764350324424 0.044604555388 cfg1 2 1 0 0 na na
10 61550.803350360812 0.044604733520 cfg1 2 1 0 0 na na
10 61550.852350354793 0.044604951887 cfg1 2 1 0 0 na na
10 61550.884350307113 0.044605099514 cfg1 2 1 0 0 na na
10 61550.907350289916 0.044605208715 cfg1 2 1 0 0 na na
10 61550.934350305702 0.044605339471 cfg1 2 1 0 0 na na
10 61550.957350305583 0.044605438689 cfg1 2 1 0 0 na na
10 61550.971350313561 0.044605509270 cfg1 2 1 0 0 na na
10 61550.972350333068 0.044605520517 cfg1 2 1 0 0 na na
10 61550.987350303048 0.044605571060 cfg1 2 1 0 0 na na
10 61551.026350323598 0.044605742038 cfg1 2 1 0 0 na na
10 61551.052350324402 0.044605885497 cfg1 2 1 0 0 na na
10 61551.057350369340 0.044605910255 cfg1 2 1 0 0 na na
10 61551.094350297183 0.044606054842 cfg1 2 1 0 0 na na
10 61551.095350285826 0.044606069914 cfg1 2 1 0 0 na na
10 61551.100350344727 0.044606098222 cfg1 2 1 0 0 na na
10 61551.126350341083 0.044606207128 cfg1 2 1 0 0 na na
10 61551.131350342801 0.044606222526 cfg1 2 1 0 0 na na
10 61551.149350324819 0.044606301204 cfg1 2 1 0 0 na na
10 61551.188350322647 0.044606489379 cfg1 2 1 0 0 na na
10 61551.227350337127 0.044606679961 cfg1 2 1 0 0 na na
10 61551.249350273447 0.044606765484 cfg1 2 1 0 0 na na
10 61551.284350285143 0.044606924003 cfg1 2 1 0 0 na na
10 61551.353350290143 0.044607260077 cfg1 2 1 0 0 na na
10 61551.363350348341 0.044607306772 cfg1 2 1 0 0 na na
10 61551.432350290974 0.044607597576 cfg1 2 1 0 0 na na
10 61551.464350295995 0.044607746687 cfg1 2 1 0 0 na na
10 61551.522350282203 0.044608023743 cfg1 2 1 0 0 na na
10 61551.536350345298 0.044608089800 cfg1 2 1 0 0 na na
10 61551.566350337309 0.044608209079 cfg1 2 1 0 0 na na
10 61551.665350338509 0.044608677385 cfg1 2 1 0 0 na na
10 61551.677350259633 0.044608730758 cfg1 2 1 0 0 na na
10 61551.713350334599 0.044608879041 cfg1 2 1 0 0 na na
10 61551.714350344540 0.044608892352 cfg1 2 1 0 0 na na
10 61551.717350363989 0.044608915513 cfg1 2 1 0 0 na na
10 61551.718350318359 0.044608917367 cfg1 2 1 0 0 na na
10 61551.741350365881 0.044609023397 cfg1 2 1 0 0 na na
10 61551.745350325791 0.044609023205 cfg1 2 1 0 0 na na
10 61551.754350329350 0.044609088734 cfg1 2 1 0 0 na na
10 61551.756350268445 0.044609096447 cfg1 2 1 0 0 na na
10 61551.784350287471 0.044609215111 cfg1 2 1 0 0 na na
10 61551.805350298812 0.044609316396 cfg1 2 1 0 0 na na
10 61551.869350293937 0.044609609459 cfg1 2 1 0 0 na na
10 61551.881350322810 0.044609654827 cfg1 2 1 0 0 na na
10 61551.899350310350 0.044609740821 cfg1 2 1 0 0 na na
10 61551.976350349922 0.044610099725 cfg1 2 1 0 0 na na
10 61551.982350319508 0.044610121765 cfg1 2 1 0 0 na na
10 61551.992350342224 0.044610170579 cfg1 2 1 0 0 na na
10 61552.023350346404 0.044610301626 cfg1 2 1 0 0 na na
10 61552.035350353762 0.044610369433 cfg1 2 1 0 0 na na
10 61552.059350304265 0.044610473409 cfg1 2 1 0 0 na na
10 61552.147350248982 0.044610886678 cfg1 2 1 0 0 na na
10 61552.150350317034 0.044610873686 cfg1 2 1 0 0 na na
10 61552.152350304552 0.044610882747 cfg1 2 1 0 0 na na
10 61552.157350301492 0.044610929715 cfg1 2 1 0 0 na na
10 61552.172350290975 0.044610972741 cfg1 2 1 0 0 na na
10 61552.192350288909 0.044611082989 cfg1 2 1 0 0 na na
10 61552.201350301424 0.044611109363 cfg1 2 1 0 0 na na
10 61552.208350303357 0.044611160713 cfg1 2 1 0 0 na na
10 61552.243350359035 0.044611315660 cfg1 2 1 0 0 na na
10 61552.254350316686 0.044611365013 cfg1 2 1 0 0 na na
10 61552.278350276722 0.044611471151 cfg1 2 1 0 0 na na
10 61552.297350337693 0.044611545117 cfg1 2 1 0 0 na na
10 61552.306350306300 0.044611597703 cfg1 2 1 0 0 na na
10 61552.335350289153 0.044611747732 cfg1 2 1 0 0 na na
10 61552.342350304433 0.044611758645 cfg1 2 1 0 0 na na
10 61552.351350248912 0.044611807781 cfg1 2 1 0 0 na na
10 61552.353350348468 0.044611828968 cfg1 2 1 0 0 na na
10 61552.387350255722 0.044611966133 cfg1 2 1 0 0 na na
10 61552.411350307286 0.044612071238 cfg1 2 1 0 0 na na
10 61552.423350272605 0.044612143394 cfg1 2 1 0 0 na na
10 61552.461350287982 0.044612300097 cfg1 2 1 0 0 na na
10 61552.474350330030 0.044612382860 cfg1 2 1 0 0 na na
10 61552.481350367848 0.044612398343 cfg1 2 1 0 0 na na
10 61552.486350380928 0.044612412161 cfg1 2 1 0 0 na na
10 61552.491350262321 0.044612441458 cfg1 2 1 0 0 na na
10 61552.510350361507 0.044612537881 cfg1 2 1 0 0 na na
10 61552.511350349005 0.044612529975 cfg1 2 1 0 0 na na
10 61552.628350342574 0.044613073451 cfg1 2 1 0 0 na na
10 61552.674350332324 0.044613282515 cfg1 2 1 0 0 na na
10 61552.707350288053 0.044613437018 cfg1 2 1 0 0 na na
10 61552.729350287948 0.044613539541 cfg1 2 1 0 0 na na
10 61552.738350377902 0.044613591699 cfg1 2 1 0 0 na na
10 61552.749350358327 0.044613627441 cfg1 2 1 0 0 na na
10 61552.751350272641 0.044613642555 cfg1 2 1 0 0 na na
10 61552.797350315243 0.044613846375 cfg1 2 1 0 0 na na
10 61552.798350291278 0.044613860166 cfg1 2 1 0 0 na na
10 61552.845350317582 0.044614079470 cfg1 2 1 0 0 na na
10 61552.846350337560 0.044614072199 cfg1 2 1 0 0 na na
10 61552.870350353741 0.044614189682 cfg1 2 1 0 0 na na
10 61552.884350342627 0.044614258679 cfg1 2 1 0 0 na na
10 61552.916350303407 0.044614392439 cfg1 2 1 0 0 na na
10 61552.977350367548 0.044614677320 cfg1 2 1 0 0 na na
10 61553.024350302978 0.044614876694 cfg1 2 1 0 0 na na
10 61553.111350299249 0.044615286333 cfg1 2 1 0 0 na na
10 61553.119350263874 0.044615313029 cfg1 2 1 0 0 na na
10 61553.120350345226 0.044615328433 cfg1 2 1 0 0 na na
10 61553.137350337742 0.044615393398 cfg1 2 1 0 0 na na
10 61553.177350276620 0.044615574783 cfg1 2 1 0 0 na na
10 61553.238350287701 0.044615881549 cfg1 2 1 0 0 na na
10 61553.251350266803 0.044615942248 cfg1 2 1 0 0 na na
10 61553.263350326183 0.044615995132 cfg1 2 1 0 0 na na
10 61553.286350302644 0.044616086951 cfg1 2 1 0 0 na na
10 61553.301350366775 0.044616172763 cfg1 2 1 0 0 na na
10 61553.302350287998 0.044616149536 cfg1 2 1 0 0 na na
10 61553.344350275272 0.044616358513 cfg1 2 1 0 0 na na
10 61553.345350309669 0.044616363122 cfg1 2 1 0 0 na na
10 61553.395350324642 0.044616599918 cfg1 2 1 0 0 na na
10 61553.403350348527 0.044616623667 cfg1 2 1 0 0 na na
10 61553.433350318809 0.044616761074 cfg1 2 1 0 0 na na
10 61553.435350323380 0.044616772097 cfg1 2 1 0 0 na na
10 61553.449350307668 0.044616822830 cfg1 2 1 0 0 na na
10 61553.456350294068 0.044616870313 cfg1 2 1 0 0 na na
10 61553.460350340520 0.044616873383 cfg1 2 1 0 0 na na
10 61553.463350318882 0.044616905296 cfg1 2 1 0 0 na na
10 61553.465350342017 0.044616905020 cfg1 2 1 0 0 na na
10 61553.489350346029 0.044617034045 cfg1 2 1 0 0 na na
10 61553.499350286086 0.044617063259 cfg1 2 1 0 0 na na
10 61553.521350315957 0.044617159429 cfg1 2 1 0 0 na na
10 61553.536350354889 0.044617230772 cfg1 2 1 0 0 na na
10 61553.539350341413 0.044617241660 cfg1 2 1 0 0 na na
10 61553.546350265385 0.044617295580 cfg1 2 1 0 0 na na
10 61553.564350269605 0.044617352376 cfg1 2 1 0 0 na na
10 61553.596350249870 0.044617517251 cfg1 2 1 0 0 na na
10 61553.611350276502 0.044617587362 cfg1 2 1 0 0 na na
10 61553.612350304246 0.044617573562 cfg1 2 1 0 0 na na
10 61553.632350259920 0.044617672029 cfg1 2 1 0 0 na na
10 61553.653350277527 0.044617776355 cfg1 2 1 0 0 na na
10 61553.659350321017 0.044617799193 cfg1 2 1 0 0 na na
10 61553.702350320671 0.044617985954 cfg1 2 1 0 0 na na
10 61553.704350339457 0.044617996625 cfg1 2 1 0 0 na na
10 61553.705350285024 0.044617999728 cfg1 2 1 0 0 na na
10 61553.711350305835 0.044618034971 cfg1 2 1 0 0 na na
10 61553.720350328896 0.044618068298 cfg1 2 1 0 0 na na
10 61553.729350309297 0.044618123888 cfg1 2 1 0 0 na na
10 61553.750350322370 0.044618230527 cfg1 2 1 0 0 na na
10 61553.758350378550 0.044618266654 cfg1 2 1 0 0 na na
10 61553.767350348039 0.044618292889 cfg1 2 1 0 0 na na
10 61553.774350282206 0.044618331622 cfg1 2 1 0 0 na na
10 61553.817350308489 0.044618520428 cfg1 2 1 0 0 na na
10 61553.834350301630 0.044618604125 cfg1 2 1 0 0 na na
10 61553.870350365345 0.044618757496 cfg1 2 1 0 0 na na
10 61553.895350346999 0.044618881390 cfg1 2 1 0 0 na na
10 61553.897350270330 0.044618897689 cfg1 2 1 0 0 na na
10 61553.898350266832 0.044618889961 cfg1 2 1 0 0 na na
10 61553.906350309626 0.044618945118 cfg1 2 1 0 0 na na
10 61553.930350255298 0.044619046936 cfg1 2 1 0 0 na na
10 61553.949350322123 0.044619125246 cfg1 2 1 0 0 na na
10 61553.978350367562 0.044619255361 cfg1 2 1 0 0 na na
10 61554.007350344942 0.044619401475 cfg1 2 1 0 0 na na
10 61554.016350319563 0.044619432195 cfg1 2 1 0 0 na na
10 61554.017350297585 0.044619457420 cfg1 2 1 0 0 na na
10 61554.035350304379 0.044619536485 cfg1 2 1 0 0 na na
10 61554.053350259471 0.044619620060 cfg1 2 1 0 0 na na
10 61554.070350343873 0.044619680303 cfg1 2 1 0 0 na na
10 61554.074350298675 0.044619720877 cfg1 2 1 0 0 na na
10 61554.096350359066 0.044619794271 cfg1 2 1 0 0 na na
10 61554.121350293460 0.044619923986 cfg1 2 1 0 0 na na
10 61554.172350291481 0.044620145641 cfg1 2 1 0 0 na na
10 61554.182350329842 0.044620204468 cfg1 2 1 0 0 na na
10 61554.199350291433 0.044620268885 cfg1 2 1 0 0 na na
10 61554.211350367731 0.044620344487 cfg1 2 1 0 0 na na
10 61554.217350375990 0.044620360591 cfg1 2 1 0 0 na na
10 61554.278350359795 0.044620641540 cfg1 2 1 0 0 na na
10 61554.307350322275 0.044620779219 cfg1 2 1 0 0 na na
10 61554.315350264056 0.044620824652 cfg1 2 1 0 0 na na
10 61554.333350351627 0.044620903736 cfg1 2 1 0 0 na na
10 61554.352350318226 0.044620998916 cfg1 2 1 0 0 na na
10 61554.358350340527 0.044621010541 cfg1 2 1 0 0 na na
10 61554.408350361027 0.044621239729 cfg1 2 1 0 0 na na
10 61554.419350260804 0.044621291185 cfg1 2 1 0 0 na na
10 61554.463350362841 0.044621485985 cfg1 2 1 0 0 na na
10 61554.465350308422 0.044621512928 cfg1 2 1 0 0 na na
10 61554.479350290187 0.044621570569 cfg1 2 1 0 0 na na
10 61554.533350338946 0.044621816668 cfg1 2 1 0 0 na na
10 61554.538350341759 0.044621852425 cfg1 2 1 0 0 na na
10 61554.540350335498 0.044621845195 cfg1 2 1 0 0 na na
10 61554.543350273586 0.044621852048 cfg1 2 1 0 0 na na
10 61554.547350304332 0.044621883834 cfg1 2 1 0 0 na na
10 61554.559350347858 0.044621949002 cfg1 2 1 0 0 na na
10 61554.573350289846 0.044621987699 cfg1 2 1 0 0 na na
10 61554.579350338007 0.044622044994 cfg1 2 1 0 0 na na
10 61554.590350323292 0.044622084300 cfg1 2 1 0 0 na na
10 61554.596350262281 0.044622118561 cfg1 2 1 0 0 na na
10 61554.609350289297 0.044622178741 cfg1 2 1 0 0 na na
10 61554.610350365758 0.044622176720 cfg1 2 1 0 0 na na
10 61554.619350315887 0.044622203531 cfg1 2 1 0 0 na na
10 61554.682350298248 0.044622517480 cfg1 2 1 0 0 na na
10 61554.693350295810 0.044622569369 cfg1 2 1 0 0 na na
10 61554.717350364758 0.044622679694 cfg1 2 1 0 0 na na
10 61554.722350324017 0.044622680416 cfg1 2 1 0 0 na na
10 61554.726350257178 0.044622705043 cfg1 2 1 0 0 na na
10 61554.743350321424 0.044622791334 cfg1 2 1 0 0 na na
10 61554.747350255036 0.044622809121 cfg1 2 1 0 0 na na
10 61554.757350351244 0.044622857284 cfg1 2 1 0 0 na na
10 61554.768350315527 0.044622908242 cfg1 2 1 0 0 na na
10 61554.774350314524 0.044622942835 cfg1 2 1 0 0 na na
10 61554.789350328344 0.044622992879 cfg1 2 1 0 0 na na
10 61554.817350268649 0.044623118304 cfg1 2 1 0 0 na na
10 61554.820350351331 0.044623136475 cfg1 2 1 0 0 na na
10 61554.827350329683 0.044623165698 cfg1 2 1 0 0 na na
10 61554.849350341764 0.044623278462 cfg1 2 1 0 0 na na
10 61554.859350307201 0.044623309044 cfg1 2 1 0 0 na na
10 61554.878350319993 0.044623395247 cfg1 2 1 0 0 na na
10 61554.894350296078 0.044623485587 cfg1 2 1 0 0 na na
10 61554.907350251728 0.044623545225 cfg1 2 1 0 0 na na
10 61554.916350293942 0.044623573256 cfg1 2 1 0 0 na na
10 61554.925350247789 0.044623629176 cfg1 2 1 0 0 na na
10 61554.977350265335 0.044623873684 cfg1 2 1 0 0 na na
10 61555.008350273976 0.044623999022 cfg1 2 1 0 0 na na
10 61555.024350254961 0.044624076977 cfg1 2 1 0 0 na na
10 61555.037350340022 0.044624127646 cfg1 2 1 0 0 na na
10 61555.052350307034 0.044624214721 cfg1 2 1 0 0 na na
10 61555.110350285481 0.044624489247 cfg1 2 1 0 0 na na
10 61555.120350303021 0.044624527268 cfg1 2 1 0 0 na na
10 61555.140350257215 0.044624609793 cfg1 2 1 0 0 na na
10 61555.145350354837 0.044624646099 cfg1 2 1 0 0 na na
10 61555.167350370837 0.044624743888 cfg1 2 1 0 0 na na
10 61555.198350313121 0.044624868459 cfg1 2 1 0 0 na na
10 61555.232350344561 0.044625052239 cfg1 2 1 0 0 na na
10 61555.238350308992 0.044625072732 cfg1 2 1 0 0 na na
10 61555.274350318580 0.044625227826 cfg1 2 1 0 0 na na
10 61555.277350372113 0.044625249646 cfg1 2 1 0 0 na na
10 61555.287350304532 0.044625289344 cfg1 2 1 0 0 na na
10 61555.302350322197 0.044625354379 cfg1 2 1 0 0 na na
10 61555.304350333417 0.044625371684 cfg1 2 1 0 0 na na
10 61555.327350367298 0.044625471340 cfg1 2 1 0 0 na na
10 61555.339350307205 0.044625542898 cfg1 2 1 0 0 na na
10 61555.358350255304 0.044625619090 cfg1 2 1 0 0 na na
10 61555.379350347833 0.044625722183 cfg1 2 1 0 0 na na
10 61555.405350303436 0.044625832425 cfg1 2 1 0 0 na na
10 61555.420350290204 0.044625898298 cfg1 2 1 0 0 na na
10 61555.439350326495 0.044625990354 cfg1 2 1 0 0 na na
10 61555.483350291960 0.044626197522 cfg1 2 1 0 0 na na
10 61555.520350322992 0.044626365089 cfg1 2 1 0 0 na na
10 61555.558350279438 0.044626554223 cfg1 2 1 0 0 na na
10 61555.573350370196 0.044626621071 cfg1 2 1 0 0 na na
10 61555.584350253992 0.044626669573 cfg1 2 1 0 0 na na
10 61555.589350360231 0.044626672439 cfg1 2 1 0 0 na na
10 61555.603350319405 0.044626740731 cfg1 2 1 0 0 na na
10 61555.604350327438 0.044626753817 cfg1 2 1 0 0 na na
10 61555.629350328905 0.044626872147 cfg1 2 1 0 0 na na
10 61555.645350343308 0.044626939139 cfg1 2 1 0 0 na na
10 61555.665350338886 0.044627030401 cfg1 2 1 0 0 na na
10 61555.702350319301 0.044627220653 cfg1 2 1 0 0 na na
10 61555.743350290564 0.044627392960 cfg1 2 1 0 0 na na
10 61555.793350331236 0.044627624422 cfg1 2 1 0 0 na na
10 61555.800350336717 0.044627658200 cfg1 2 1 0 0 na na
10 61555.811350325901 0.044627721187 cfg1 2 1 0 0 na na
10 61555.840350393987 0.044627829441 cfg1 2 1 0 0 na na
10 61555.942350326786 0.044628320713 cfg1 2 1 0 0 na na
10 61555.986350325256 0.044628515309 cfg1 2 1 0 0 na na
10 61556.059350270002 0.044628853625 cfg1 2 1 0 0 na na
10 61556.106350268579 0.044629082747 cfg1 2 1 0 0 na na
10 61556.110350318316 0.044629086330 cfg1 2 1 0 0 na na
10 61556.135350268892 0.044629196888 cfg1 2 1 0 0 na na
10 61556.162350340317 0.044629334791 cfg1 2 1 0 0 na na
10 61556.206350293310 0.044629540579 cfg1 2 1 0 0 na na
10 61556.240350310304 0.044629700054 cfg1 2 1 0 0 na na
10 61556.250350317723 0.044629731525 cfg1 2 1 0 0 na na
10 61556.251350298971 0.044629729871 cfg1 2 1 0 0 na na
10 61556.259350293278 0.044629769312 cfg1 2 1 0 0 na na
10 61556.274350306556 0.044629858970 cfg1 2 1 0 0 na na
10 61556.307350310585 0.044630002893 cfg1 2 1 0 0 na na
10 61556.318350316445 0.044630064818 cfg1 2 1 0 0 na na
10 61556.351350284756 0.044630209775 cfg1 2 1 0 0 na na
10 61556.355350280100 0.044630214172 cfg1 2 1 0 0 na na
10 61556.358350338164 0.044630230281 cfg1 2 1 0 0 na na
10 61556.365350310134 0.044630283415 cfg1 2 1 0 0 na na
10 61556.378350315300 0.044630344780 cfg1 2 1 0 0 na na
10 61556.381350262437 0.044630334522 cfg1 2 1 0 0 na na
10 61556.387350253086 0.044630369006 cfg1 2 1 0 0 na na
10 61556.473350264007 0.044630758178 cfg1 2 1 0 0 na na
10 61556.482350271496 0.044630823592 cfg1 2 1 0 0 na na
10 61556.484350322303 0.044630806844 cfg1 2 1 0 0 na na
10 61556.486350292369 0.044630826120 cfg1 2 1 0 0 na na
10 61556.487350358671 0.044630827283 cfg1 2 1 0 0 na na
10 61556.546350346648 0.044631099482 cfg1 2 1 0 0 na na
10 61556.547350300118 0.044631121986 cfg1 2 1 0 0 na na
10 61556.549350321597 0.044631120266 cfg1 2 1 0 0 na na
10 61556.569350285006 0.044631213232 cfg1 2 1 0 0 na na
10 61556.581350336422 0.044631279980 cfg1 2 1 0 0 na na
10 61556.605350316727 0.044631393958 cfg1 2 1 0 0 na na
10 61556.621350258263 0.044631448560 cfg1 2 1 0 0 na na
10 61556.632350330263 0.044631507840 cfg1 2 1 0 0 na na
10 61556.661350246287 0.044631645782 cfg1 2 1 0 0 na na
10 61556.676350313441 0.044631721390 cfg1 2 1 0 0 na na
10 61556.721350293669 0.044631910148 cfg1 2 1 0 0 na na
10 61556.728350322587 0.044631946579 cfg1 2 1 0 0 na na
10 61556.732350305500 0.044631971285 cfg1 2 1 0 0 na na
10 61556.812350327724 0.044632340634 cfg1 2 1 0 0 na na
10 61556.856350322295 0.044632553740 cfg1 2 1 0 0 na na
10 61556.861350331451 0.044632571991 cfg1 2 1 0 0 na na
10 61556.888350259581 0.044632691788 cfg1 2 1 0 0 na na
10 61556.901350356415 0.044632736681 cfg1 2 1 0 0 na na
10 61556.904350264433 0.044632752375 cfg1 2 1 0 0 na na
10 61556.929350320720 0.044632888200 cfg1 2 1 0 0 na na
10 61556.933350311791 0.044632905288 cfg1 2 1 0 0 na na
10 61556.947350313369 0.044632950593 cfg1 2 1 0 0 na na
10 61556.951350315400 0.044632984823 cfg1 2 1 0 0 na na
10 61556.960350278839 0.044633035957 cfg1 2 1 0 0 na na
10 61557.035350256398 0.044633370678 cfg1 2 1 0 0 na na
10 61557.060350314277 0.044633481488 cfg1 2 1 0 0 na na
10 61557.146350335380 0.044633878225 cfg1 2 1 0 0 na na
10 61557.172350394233 0.044633991163 cfg1 2 1 0 0 na na
10 61557.206350319672 0.044634166103 cfg1 2 1 0 0 na na
10 61557.236350341819 0.044634290783 cfg1 2 1 0 0 na na
10 61557.253350316987 0.044634387049 cfg1 2 1 0 0 na na
10 61557.260350346015 0.044634427483 cfg1 2 1 0 0 na na
10 61557.261350290081 0.044634404709 cfg1 2 1 0 0 na na
10 61557.288350297918 0.044634534960 cfg1 2 1 0 0 na na
10 61557.298350302726 0.044634590835 cfg1 2 1 0 0 na na
10 61557.303350337201 0.044634599828 cfg1 2 1 0 0 na na
10 61557.336350270171 0.044634751809 cfg1 2 1 0 0 na na
10 61557.342350293196 0.044634796955 cfg1 2 1 0 0 na na
10 61557.364350405453 0.044634900340 cfg1 2 1 0 0 na na
10 61557.365350281111 0.044634896398 cfg1 2 1 0 0 na na
10 61557.366350260420 0.044634901644 cfg1 2 1 0 0 na na
10 61557.368350259336 0.044634912569 cfg1 2 1 0 0 na na
10 61557.393350309534 0.044635024217 cfg1 2 1 0 0 na na
10 61557.395350326686 0.044635025255 cfg1 2 1 0 0 na na
10 61557.418350342899 0.044635149256 cfg1 2 1 0 0 na na
10 61557.425350284984 0.044635192504 cfg1 2 1 0 0 na na
10 61557.439350318366 0.044635235892 cfg1 2 1 0 0 na na
10 61557.480350338386 0.044635444953 cfg1 2 1 0 0 na na
10 61557.502350304990 0.044635520690 cfg1 2 1 0 0 na na
10 61557.517350354157 0.044635617801 cfg1 2 1 0 0 na na
10 61557.545350344758 0.044635738539 cfg1 2 1 0 0 na na
10 61557.577350269673 0.044635872296 cfg1 2 1 0 0 na na
10 61557.585350344044 0.044635914539 cfg1 2 1 0 0 na na
10 61557.601350329998 0.044636002930 cfg1 2 1 0 0 na na
10 61557.620350361599 0.044636094997 cfg1 2 1 0 0 na na
10 61557.634350324004 0.044636159083 cfg1 2 1 0 0 na na
10 61557.638350298188 0.044636165564 cfg1 2 1 0 0 na na
10 61557.674350325570 0.044636332939 cfg1 2 1 0 0 na na
10 61557.691350326408 0.044636404138 cfg1 2 1 0 0 na na
10 61557.698350335688 0.044636441524 cfg1 2 1 0 0 na na
10 61557.705350323177 0.044636464503 cfg1 2 1 0 0 na na
10 61557.708350349166 0.044636477269 cfg1 2 1 0 0 na na
10 61557.729350253427 0.044636602396 cfg1 2 1 0 0 na na
10 61557.733350322465 0.044636602010 cfg1 2 1 0 0 na na
10 61557.744350337623 0.044636654424 cfg1 2 1 0 0 na na
10 61557.755350376891 0.044636724010 cfg1 2 1 0 0 na na
10 61557.798350271893 0.044636895244 cfg1 2 1 0 0 na na
10 61557.821350315523 0.044637021381 cfg1 2 1 0 0 na na
10 61557.837350281184 0.044637088796 cfg1 2 1 0 0 na na
10 61557.903350293585 0.044637396194 cfg1 2 1 0 0 na na
10 61557.931350369683 0.044637538575 cfg1 2 1 0 0 na na
10 61557.951350293903 0.044637611701 cfg1 2 1 0 0 na na
10 61557.956350372110 0.044637639361 cfg1 2 1 0 0 na na
10 61557.970350341998 0.044637719821 cfg1 2 1 0 0 na na
10 61558.010350321129 0.044637897385 cfg1 2 1 0 0 na na
10 61558.020350314968 0.044637946201 cfg1 2 1 0 0 na na
10 61558.063350302504 0.044638129220 cfg1 2 1 0 0 na na
10 61558.144350331760 0.044638528001 cfg1 2 1 0 0 na na
10 61558.183350309078 0.044638699944 cfg1 2 1 0 0 na na
10 61558.203350305053 0.044638804265 cfg1 2 1 0 0 na na
10 61558.204350310670 0.044638779963 cfg1 2 1 0 0 na na
10 61558.205350328812 0.044638808996 cfg1 2 1 0 0 na na
10 61558.217350271067 0.044638850207 cfg1 2 1 0 0 na na
10 61558.219350317119 0.044638874240 cfg1 2 1 0 0 na na
10 61558.220350304114 0.044638879391 cfg1 2 1 0 0 na na
10 61558.224350268540 0.044638873475 cfg1 2 1 0 0 na na
10 61558.225350325168 0.044638895109 cfg1 2 1 0 0 na na
10 61558.245350262690 0.044638995604 cfg1 2 1 0 0 na na
10 61558.269350324554 0.044639094479 cfg1 2 1 0 0 na na
10 61558.312350346668 0.044639302360 cfg1 2 1 0 0 na na
10 61558.318350354626 0.044639323869 cfg1 2 1 0 0 na na
10 61558.333350274786 0.044639388088 cfg1 2 1 0 0 na na
10 61558.344350322867 0.044639446022 cfg1 2 1 0 0 na na
10 61558.371350316266 0.044639559584 cfg1 2 1 0 0 na na
10 61558.382350297281 0.044639624421 cfg1 2 1 0 0 na na
10 61558.421350311188 0.044639798069 cfg1 2 1 0 0 na na
10 61558.431350303447 0.044639849850 cfg1 2 1 0 0 na na
10 61558.520350353129 0.044640257760 cfg1 2 1 0 0 na na
10 61558.565350322840 0.044640481761 cfg1 2 1 0 0 na na
10 61558.570350306636 0.044640487437 cfg1 2 1 0 0 na na
10 61558.588350269115 0.044640592757 cfg1 2 1 0 0 na na
10 61558.604350306218 0.044640664937 cfg1 2 1 0 0 na na
10 61558.626350344262 0.044640771294 cfg1 2 1 0 0 na na
10 61558.665350271791 0.044640944519 cfg1 2 1 0 0 na na
10 61558.685350253847 0.044641041524 cfg1 2 1 0 0 na na
10 61558.692350316871 0.044641063949 cfg1 2 1 0 0 na na
10 61558.693350264569 0.044641062393 cfg1 2 1 0 0 na na
10 61558.698350357843 0.044641093921 cfg1 2 1 0 0 na na
10 61558.703350311594 0.044641123041 cfg1 2 1 0 0 na na
10 61558.704350382262 0.044641126398 cfg1 2 1 0 0 na na
10 61558.717350286129 0.044641172704 cfg1 2 1 0 0 na na
10 61558.786350310081 0.044641508289 cfg1 2 1 0 0 na na
10 61558.791350339971 0.044641534434 cfg1 2 1 0 0 na na
10 61558.825350330685 0.044641686958 cfg1 2 1 0 0 na na
10 61558.826350251690 0.044641690224 cfg1 2 1 0 0 na na
10 61558.836350293812 0.044641722693 cfg1 2 1 0 0 na na
10 61558.875350329673 0.044641910558 cfg1 2 1 0 0 na na
10 61558.888350319875 0.044641986409 cfg1 2 1 0 0 na na
10 61558.925350294560 0.044642147105 cfg1 2 1 0 0 na na
10 61558.982350337973 0.044642399469 cfg1 2 1 0 0 na na
10 61558.997350332151 0.044642495856 cfg1 2 1 0 0 na na
10 61559.021350300545 0.044642585949 cfg1 2 1 0 0 na na
10 61559.022350322237 0.044642590351 cfg1 2 1 0 0 na na
10 61559.024350302471 0.044642618703 cfg1 2 1 0 0 na na
10 61559.044350278515 0.044642713950 cfg1 2 1 0 0 na na
10 61559.060350320116 0.044642771819 cfg1 2 1 0 0 na na
10 61559.079350270318 0.044642851513 cfg1 2 1 0 0 na na
10 61559.085350302635 0.044642903887 cfg1 2 1 0 0 na na
10 61559.095350298301 0.044642932839 cfg1 2 1 0 0 na na
10 61559.096350287596 0.044642959385 cfg1 2 1 0 0 na na
10 61559.120350286078 0.044643055864 cfg1 2 1 0 0 na na
10 61559.138350363277 0.044643149334 cfg1 2 1 0 0 na na
10 61559.143350258439 0.044643158481 cfg1 2 1 0 0 na na
10 61559.153350271579 0.044643195434 cfg1 2 1 0 0 na na
10 61559.176350334233 0.044643303888 cfg1 2 1 0 0 na na
10 61559.226350318696 0.044643553701 cfg1 2 1 0 0 na na
10 61559.258350341064 0.044643694613 cfg1 2 1 0 0 na na
10 61559.278350371620 0.044643789703 cfg1 2 1 0 0 na na
10 61559.283350312964 0.044643812396 cfg1 2 1 0 0 na na
10 61559.312350292441 0.044643955617 cfg1 2 1 0 0 na na
10 61559.336350317960 0.044644066483 cfg1 2 1 0 0 na na
10 61559.337350307240 0.044644067396 cfg1 2 1 0 0 na na
10 61559.347350275116 0.044644105715 cfg1 2 1 0 0 na na
10 61559.362350344280 0.044644183116 cfg1 2 1 0 0 na na
10 61559.389350351948 0.044644324095 cfg1 2 1 0 0 na na
10 61559.398350324636 0.044644347618 cfg1 2 1 0 0 na na
10 61559.400350346864 0.044644374906 cfg1 2 1 0 0 na na
10 61559.407350342715 0.044644392973 cfg1 2 1 0 0 na na
10 61559.476350336032 0.044644726498 cfg1 2 1 0 0 na na
10 61559.540350341560 0.044645025871 cfg1 2 1 0 0 na na
10 61559.541350313848 0.044645029855 cfg1 2 1 0 0 na na
10 61559.542350273170 0.044645029199 cfg1 2 1 0 0 na na
10 61559.543350352842 0.044645018322 cfg1 2 1 0 0 na na
10 61559.550350322457 0.044645061188 cfg1 2 1 0 0 na na
10 61559.567350286084 0.044645154219 cfg1 2 1 0 0 na na
10 61559.607350293895 0.044645315110 cfg1 2 1 0 0 na na
10 61559.629350309166 0.044645416797 cfg1 2 1 0 0 na na
10 61559.637350335423 0.044645477568 cfg1 2 1 0 0 na na
10 61559.644350319766 0.044645500299 cfg1 2 1 0 0 na na
10 61559.696350301423 0.044645748597 cfg1 2 1 0 0 na na
10 61559.743350344358 0.044645962916 cfg1 2 1 0 0 na na
10 61559.746350292197 0.044645972136 cfg1 2 1 0 0 na na
10 61559.762350301635 0.044646038459 cfg1 2 1 0 0 na na
10 61559.807350249419 0.044646267428 cfg1 2 1 0 0 na na
10 61559.835350321618 0.044646400600 cfg1 2 1 0 0 na na
10 61559.847350320568 0.044646452524 cfg1 2 1 0 0 na na
10 61559.888350318098 0.044646648552 cfg1 2 1 0 0 na na
10 61559.895350268471 0.044646665180 cfg1 2 1 0 0 na na
10 61559.904350322120 0.044646715365 cfg1 2 1 0 0 na na
10 61559.919350297672 0.044646792634 cfg1 2 1 0 0 na na
10 61559.930350306537 0.044646827852 cfg1 2 1 0 0 na na
10 61559.961350330393 0.044646985517 cfg1 2 1 0 0 na na
10 61559.970350335448 0.044647028673 cfg1 2 1 0 0 na na
10 61559.984350331860 0.044647100544 cfg1 2 1 0 0 na na
10 61559.997350298231 0.044647161258 cfg1 2 1 0 0 na na
10 61560.005350276941 0.044647190704 cfg1 2 1 0 0 na na
10 61560.006350357793 0.044647194349 cfg1 2 1 0 0 na na
10 61560.040350333925 0.044647355253 cfg1 2 1 0 0 na na
10 61560.052350305187 0.044647401878 cfg1 2 1 0 0 na na
10 61560.087350294930 0.044647569974 cfg1 2 1 0 0 na na
10 61560.095350276316 0.044647618863 cfg1 2 1 0 0 na na
10 61560.110350249202 0.044647683683 cfg1 2 1 0 0 na na
10 61560.119350349875 0.044647710052 cfg1 2 1 0 0 na na
10 61560.129350319349 0.044647748314 cfg1 2 1 0 0 na na
10 61560.142350354934 0.044647821421 cfg1 2 1 0 0 na na
10 61560.145350311295 0.044647844730 cfg1 2 1 0 0 na na
10 61560.147350304827 0.044647841810 cfg1 2 1 0 0 na na
10 61560.168350352941 0.044647947195 cfg1 2 1 0 0 na na
10 61560.194350260904 0.044648065904 cfg1 2 1 0 0 na na
10 61560.209350326224 0.044648126825 cfg1 2 1 0 0 na na
10 61560.211350354799 0.044648135950 cfg1 2 1 0 0 na na
10 61560.235350357721 0.044648258806 cfg1 2 1 0 0 na na
10 61560.247350304342 0.044648314825 cfg1 2 1 0 0 na na
10 61560.249350264308 0.044648312493 cfg1 2 1 0 0 na na
10 61560.254350304357 0.044648359005 cfg1 2 1 0 0 na na
10 61560.262350331380 0.044648395900 cfg1 2 1 0 0 na na
10 61560.279350285085 0.044648471007 cfg1 2 1 0 0 na na
10 61560.304350340615 0.044648570445 cfg1 2 1 0 0 na na
10 61560.319350386872 0.044648648000 cfg1 2 1 0 0 na na
10 61560.332350350561 0.044648699602 cfg1 2 1 0 0 na na
10 61560.348350346208 0.044648776444 cfg1 2 1 0 0 na na
10 61560.361350315823 0.044648834977 cfg1 2 1 0 0 na na
10 61560.362350313338 0.044648865614 cfg1 2 1 0 0 na na
10 61560.364350338097 0.044648874564 cfg1 2 1 0 0 na na
10 61560.371350308917 0.044648898608 cfg1 2 1 0 0 na na
10 61560.438350372318 0.044649213511 cfg1 2 1 0 0 na na
10 61560.483350355561 0.044649428723 cfg1 2 1 0 0 na na
10 61560.497350325722 0.044649470817 cfg1 2 1 0 0 na na
10 61560.509350362555 0.044649550991 cfg1 2 1 0 0 na na
10 61560.547350315621 0.044649703594 cfg1 2 1 0 0 na na
10 61560.575350304056 0.044649833396 cfg1 2 1 0 0 na na
10 61560.615350252516 0.044650034558 cfg1 2 1 0 0 na na
10 61560.640350345784 0.044650149500 cfg1 2 1 0 0 na na
10 61560.659350341578 0.044650245581 cfg1 2 1 0 0 na na
10 61560.660350342931 0.044650258632 cfg1 2 1 0 0 na na
10 61560.691350323171 0.044650381819 cfg1 2 1 0 0 na na
10 61560.708350283839 0.044650463246 cfg1 2 1 0 0 na na
10 61560.721350295379 0.044650533518 cfg1 2 1 0 0 na na
10 61560.722350317809 0.044650535488 cfg1 2 1 0 0 na na
10 61560.746350329398 0.044650656232 cfg1 2 1 0 0 na na
10 61560.806350278714 0.044650927131 cfg1 2 1 0 0 na na
10 61560.833350362081 0.044651064454 cfg1 2 1 0 0 na na
10 61560.861350349728 0.044651190118 cfg1 2 1 0 0 na na
10 61560.867350310047 0.044651208855 cfg1 2 1 0 0 na na
10 61560.903350268434 0.044651375386 cfg1 2 1 0 0 na na
10 61560.924350344572 0.044651478811 cfg1 2 1 0 0 na na
10 61560.955350300953 0.044651628693 cfg1 2 1 0 0 na na
10 61560.971350297552 0.044651692135 cfg1 2 1 0 0 na na
10 61560.976350253808 0.044651723124 cfg1 2 1 0 0 na na
10 61561.007350307690 0.044651862244 cfg1 2 1 0 0 na na
10 61561.039350387075 0.044652023337 cfg1 2 1 0 0 na na
10 61561.056350324488 0.044652112148 cfg1 2 1 0 0 na na
10 61561.062350310196 0.044652128988 cfg1 2 1 0 0 na na
10 61561.063350357108 0.044652139710 cfg1 2 1 0 0 na na
10 61561.075350375839 0.044652179463 cfg1 2 1 0 0 na na
10 61561.083350322068 0.044652212854 cfg1 2 1 0 0 na na
10 61561.149350332257 0.044652529020 cfg1 2 1 0 0 na na
10 61561.153350319471 0.044652538011 cfg1 2 1 0 0 na na
10 61561.197350377907 0.044652760907 cfg1 2 1 0 0 na na
10 61561.216350317300 0.044652861701 cfg1 2 1 0 0 na na
10 61561.234350383785 0.044652916854 cfg1 2 1 0 0 na na
10 61561.236350335326 0.044652938084 cfg1 2 1 0 0 na na
10 61561.254350359582 0.044653020874 cfg1 2 1 0 0 na na
10 61561.297350335348 0.044653229947 cfg1 2 1 0 0 na na
10 61561.318350382461 0.044653322259 cfg1 2 1 0 0 na na
10 61561.400350358675 0.044653714338 cfg1 2 1 0 0 na na
10 61561.426350291174 0.044653823769 cfg1 2 1 0 0 na na
10 61561.430350277020 0.044653849228 cfg1 2 1 0 0 na na
10 61561.431350370417 0.044653855908 cfg1 2 1 0 0 na na
10 61561.441350269232 0.044653886721 cfg1 2 1 0 0 na na
10 61561.472350315980 0.044654047606 cfg1 2 1 0 0 na na
10 61561.544350286156 0.044654392914 cfg1 2 1 0 0 na na
10 61561.561350317171 0.044654465853 cfg1 2 1 0 0 na na
10 61561.630350323237 0.044654794071 cfg1 2 1 0 0 na na
10 61561.647350331424 0.044654865519 cfg1 2 1 0 0 na na
10 61561.657350250756 0.044654916169 cfg1 2 1 0 0 na na
10 61561.695350244900 0.044655097206 cfg1 2 1 0 0 na na
10 61561.696350386493 0.044655102019 cfg1 2 1 0 0 na na
10 61561.704350334243 0.044655143117 cfg1 2 1 0 0 na na
10 61561.714350340156 0.044655176639 cfg1 2 1 0 0 na na
10 61561.725350245251 0.044655236796 cfg1 2 1 0 0 na na
10 61561.736350295103 0.044655285744 cfg1 2 1 0 0 na na
10 61561.744350339928 0.044655310448 cfg1 2 1 0 0 na na
10 61561.771350298370 0.044655436480 cfg1 2 1 0 0 na na
10 61561.790350270391 0.044655551865 cfg1 2 1 0 0 na na
10 61561.819350373886 0.044655662902 cfg1 2 1 0 0 na na
10 61561.831350280768 0.044655729097 cfg1 2 1 0 0 na na
10 61561.834350311193 0.044655757167 cfg1 2 1 0 0 na na
10 61561.836350245382 0.044655761526 cfg1 2 1 0 0 na na
10 61561.875350286688 0.044655926767 cfg1 2 1 0 0 na na
10 61561.897350355598 0.044656035166 cfg1 2 1 0 0 na na
10 61561.926350353989 0.044656167744 cfg1 2 1 0 0 na na
10 61561.931350318023 0.044656192133 cfg1 2 1 0 0 na na
10 61561.932350339173 0.044656213470 cfg1 2 1 0 0 na na
10 61561.935350323803 0.044656209155 cfg1 2 1 0 0 na na
10 61562.005350352969 0.044656549704 cfg1 2 1 0 0 na na
10 61562.008350324474 0.044656547240 cfg1 2 1 0 0 na na
10 61562.023350357857 0.044656618231 cfg1 2 1 0 0 na na
10 61562.038350314732 0.044656702263 cfg1 2 1 0 0 na na
10 61562.050350317771 0.044656770299 cfg1 2 1 0 0 na na
10 61562.119350327822 0.044657072169 cfg1 2 1 0 0 na na
10 61562.149350279763 0.044657216922 cfg1 2 1 0 0 na na
10 61562.150350348944 0.044657217061 cfg1 2 1 0 0 na na
10 61562.182350311389 0.044657368014 cfg1 2 1 0 0 na na
10 61562.222350278422 0.044657567574 cfg1 2 1 0 0 na na
10 61562.263350257025 0.044657749879 cfg1 2 1 0 0 na na
10 61562.274350313739 0.044657803670 cfg1 2 1 0 0 na na
10 61562.291350252853 0.044657889019 cfg1 2 1 0 0 na na
10 61562.306350299517 0.044657970494 cfg1 2 1 0 0 na na
10 61562.352350288964 0.044658166538 cfg1 2 1 0 0 na na
10 61562.355350324430 0.044658193797 cfg1 2 1 0 0 na na
10 61562.396350333178 0.044658372496 cfg1 2 1 0 0 na na
10 61562.409350317510 0.044658430861 cfg1 2 1 0 0 na na
10 61562.417350353880 0.044658471577 cfg1 2 1 0 0 na na
10 61562.432350311062 0.044658545679 cfg1 2 1 0 0 na na
10 61562.488350330621 0.044658813980 cfg1 2 1 0 0 na na
10 61562.554350279201 0.044659136857 cfg1 2 1 0 0 na na
10 61562.560350303709 0.044659167558 cfg1 2 1 0 0 na na
10 61562.565350289621 0.044659181231 cfg1 2 1 0 0 na na
10 61562.577350316646 0.044659221106 cfg1 2 1 0 0 na na
10 61562.579350339373 0.044659255151 cfg1 2 1 0 0 na na
10 61562.600350300986 0.044659333906 cfg1 2 1 0 0 na na
10 61562.607350323193 0.044659371071 cfg1 2 1 0 0 na na
10 61562.633350327069 0.044659484715 cfg1 2 1 0 0 na na
10 61562.639350324388 0.044659529598 cfg1 2 1 0 0 na na
10 61562.646350312617 0.044659542971 cfg1 2 1 0 0 na na
10 61562.695350342728 0.044659773606 cfg1 2 1 0 0 na na
10 61562.701350312312 0.044659820942 cfg1 2 1 0 0 na na
10 61562.716350299911 0.044659890412 cfg1 2 1 0 0 na na
10 61562.720350304648 0.044659901453 cfg1 2 1 0 0 na na
10 61562.723350317215 0.044659910547 cfg1 2 1 0 0 na na
10 61562.766350301505 0.044660113808 cfg1 2 1 0 0 na na
10 61562.771350330524 0.044660143163 cfg1 2 1 0 0 na na
10 61562.788350326693 0.044660226600 cfg1 2 1 0 0 na na
10 61562.801350284599 0.044660291111 cfg1 2 1 0 0 na na
10 61562.823350306130 0.044660375029 cfg1 2 1 0 0 na na
10 61562.828350300087 0.044660420598 cfg1 2 1 0 0 na na
10 61562.932350330906 0.044660908149 cfg1 2 1 0 0 na na
10 61562.946350319292 0.044660979880 cfg1 2 1 0 0 na na
10 61562.954350326438 0.044661002571 cfg1 2 1 0 0 na na
10 61562.976350312682 0.044661117972 cfg1 2 1 0 0 na na
10 61562.996350337786 0.044661207045 cfg1 2 1 0 0 na na
10 61563.001350257329 0.044661219480 cfg1 2 1 0 0 na na
10 61563.016350302777 0.044661285615 cfg1 2 1 0 0 na na
10 61563.042350320708 0.044661430685 cfg1 2 1 0 0 na na
10 61563.060350341510 0.044661517773 cfg1 2 1 0 0 na na
10 61563.073350325048 0.044661558166 cfg1 2 1 0 0 na na
10 61563.080350333295 0.044661593175 cfg1 2 1 0 0 na na
10 61563.081350290956 0.044661589772 cfg1 2 1 0 0 na na
10 61563.094350317512 0.044661677402 cfg1 2 1 0 0 na na
10 61563.107350279213 0.044661722624 cfg1 2 1 0 0 na na
10 61563.124350355531 0.044661794177 cfg1 2 1 0 0 na na
10 61563.127350325591 0.044661832099 cfg1 2 1 0 0 na na
10 61563.170350334639 0.044662018951 cfg1 2 1 0 0 na na
10 61563.190350305819 0.044662123806 cfg1 2 1 0 0 na na
10 61563.192350307819 0.044662121865 cfg1 2 1 0 0 na na
10 61563.265350261417 0.044662460731 cfg1 2 1 0 0 na na
10 61563.306350299581 0.044662653007 cfg1 2 1 0 0 na na
10 61563.312350302736 0.044662678451 cfg1 2 1 0 0 na na
10 61563.315350324018 0.044662711152 cfg1 2 1 0 0 na na
10 61563.349350325136 0.044662877909 cfg1 2 1 0 0 na na
10 61563.353350332261 0.044662874630 cfg1 2 1 0 0 na na
10 61563.363350251337 0.044662939619 cfg1 2 1 0 0 na na
10 61563.369350274081 0.044662951184 cfg1 2 1 0 0 na na
10 61563.379350331798 0.044662997986 cfg1 2 1 0 0 na na
10 61563.402350381301 0.044663115166 cfg1 2 1 0 0 na na
10 61563.414350334228 0.044663185383 cfg1 2 1 0 0 na na
10 61563.445350321686 0.044663318729 cfg1 2 1 0 0 na na
10 61563.459350323922 0.044663391447 cfg1 2 1 0 0 na na
10 61563.493350333457 0.044663535657 cfg1 2 1 0 0 na na
10 61563.514350263586 0.044663633283 cfg1 2 1 0 0 na na
10 61563.517350268056 0.044663649558 cfg1 2 1 0 0 na na
10 61563.554350332505 0.044663840594 cfg1 2 1 0 0 na na
10 61563.624350287469 0.044664163618 cfg1 2 1 0 0 na na
10 61563.631350279702 0.044664206054 cfg1 2 1 0 0 na na
10 61563.649350312123 0.044664267306 cfg1 2 1 0 0 na na
10 61563.654350372462 0.044664293901 cfg1 2 1 0 0 na na
10 61563.662350290572 0.044664340260 cfg1 2 1 0 0 na na
10 61563.666350307958 0.044664356631 cfg1 2 1 0 0 na na
10 61563.681350334904 0.044664424737 cfg1 2 1 0 0 na na
10 61563.723350332097 0.044664623501 cfg1 2 1 0 0 na na
10 61563.737350315481 0.044664685854 cfg1 2 1 0 0 na na
10 61563.770350313092 0.044664864351 cfg1 2 1 0 0 na na
10 61563.794350261815 0.044664960350 cfg1 2 1 0 0 na na
10 61563.815350302890 0.044665058296 cfg1 2 1 0 0 na na
10 61563.822350285103 0.044665100448 cfg1 2 1 0 0 na na
10 61563.837350319809 0.044665170669 cfg1 2 1 0 0 na na
10 61563.839350298836 0.044665172037 cfg1 2 1 0 0 na na
10 61563.932350256947 0.044665610024 cfg1 2 1 0 0 na na
10 61563.948350338238 0.044665673946 cfg1 2 1 0 0 na na
10 61563.967350311946 0.044665769964 cfg1 2 1 0 0 na na
10 61563.974350286934 0.044665820055 cfg1 2 1 0 0 na na
10 61563.975350313185 0.044665810648 cfg1 2 1 0 0 na na
10 61563.989350329975 0.044665895170 cfg1 2 1 0 0 na na
10 61564.007350303744 0.044665970213 cfg1 2 1 0 0 na na
10 61564.031350375473 0.044666083904 cfg1 2 1 0 0 na na
10 61564.047350316374 0.044666142518 cfg1 2 1 0 0 na na
10 61564.049350358550 0.044666155808 cfg1 2 1 0 0 na na
10 61564.058350311455 0.044666199835 cfg1 2 1 0 0 na na
10 61564.078350255277 0.044666304332 cfg1 2 1 0 0 na na
10 61564.101350341389 0.044666411554 cfg1 2 1 0 0 na na
10 61564.176350263384 0.044666758464 cfg1 2 1 0 0 na na
10 61564.189350313272 0.044666830304 cfg1 2 1 0 0 na na
10 61564.192350266074 0.044666830858 cfg1 2 1 0 0 na na
10 61564.193350307257 0.044666844775 cfg1 2 1 0 0 na na
10 61564.212350298893 0.044666931881 cfg1 2 1 0 0 na na
10 61564.224350298483 0.044666994469 cfg1 2 1 0 0 na na
10 61564.233350291760 0.044667035455 cfg1 2 1 0 0 na na
10 61564.242350254003 0.044667077920 cfg1 2 1 0 0 na na
10 61564.250350313039 0.044667126306 cfg1 2 1 0 0 na na
10 61564.255350287528 0.044667144890 cfg1 2 1 0 0 na na
10 61564.257350260204 0.044667153572 cfg1 2 1 0 0 na na
10 61564.285350276294 0.044667272902 cfg1 2 1 0 0 na na
10 61564.293350308597 0.044667321373 cfg1 2 1 0 0 na na
10 61564.324350251834 0.044667465041 cfg1 2 1 0 0 na na
10 61564.328350345066 0.044667474896 cfg1 2 1 0 0 na na
10 61564.375350310156 0.044667693290 cfg1 2 1 0 0 na na
10 61564.386350280721 0.044667755076 cfg1 2 1 0 0 na na
10 61564.392350271614 0.044667791116 cfg1 2 1 0 0 na na
10 61564.483350371005 0.044668217724 cfg1 2 1 0 0 na na
10 61564.511350323486 0.044668337200 cfg1 2 1 0 0 na na
10 61564.526350348564 0.044668424279 cfg1 2 1 0 0 na na
10 61564.542350271975 0.044668501033 cfg1 2 1 0 0 na na
10 61564.567350316911 0.044668602827 cfg1 2 1 0 0 na na
10 61564.572350339327 0.044668640074 cfg1 2 1 0 0 na na
10 61564.588350342338 0.044668696740 cfg1 2 1 0 0 na na
10 61564.607350329179 0.044668811044 cfg1 2 1 0 0 na na
10 61564.631350267737 0.044668899419 cfg1 2 1 0 0 na na
10 61564.662350310015 0.044669056043 cfg1 2 1 0 0 na na
10 61564.692350272344 0.044669215709 cfg1 2 1 0 0 na na
10 61564.693350278046 0.044669214862 cfg1 2 1 0 0 na na
10 61564.714350323120 0.044669320168 cfg1 2 1 0 0 na na
10 61564.722350308101 0.044669346351 cfg1 2 1 0 0 na na
10 61564.724350264102 0.044669342723 cfg1 2 1 0 0 na na
10 61564.730350290082 0.044669391836 cfg1 2 1 0 0 na na
10 61564.745350304675 0.044669464746 cfg1 2 1 0 0 na na
10 61564.778350300849 0.044669618930 cfg1 2 1 0 0 na na
10 61564.784350303783 0.044669642155 cfg1 2 1 0 0 na na
10 61564.785350285767 0.044669631781 cfg1 2 1 0 0 na na
10 61564.818350344517 0.044669790626 cfg1 2 1 0 0 na na
10 61564.845350337390 0.044669924692 cfg1 2 1 0 0 na na
10 61564.867350324202 0.044670016049 cfg1 2 1 0 0 na na
10 61564.875350340946 0.044670061176 cfg1 2 1 0 0 na na
10 61564.878350388902 0.044670077424 cfg1 2 1 0 0 na na
10 61564.880350290981 0.044670081239 cfg1 2 1 0 0 na na
10 61564.883350291475 0.044670101831 cfg1 2 1 0 0 na na
10 61564.895350324332 0.044670172404 cfg1 2 1 0 0 na na
10 61564.901350311985 0.044670183669 cfg1 2 1 0 0 na na
10 61564.907350260261 0.044670211699 cfg1 2 1 0 0 na na
10 61564.913350325206 0.044670237556 cfg1 2 1 0 0 na na
10 61564.917350318852 0.044670267434 cfg1 2 1 0 0 na na
10 61564.946350324323 0.044670412374 cfg1 2 1 0 0 na na
10 61565.048350294274 0.044670887370 cfg1 2 1 0 0 na na
10 61565.072350251784 0.044670999986 cfg1 2 1 0 0 na na
10 61565.084350304673 0.044671068014 cfg1 2 1 0 0 na na
10 61565.098350258235 0.044671118702 cfg1 2 1 0 0 na na
10 61565.142350289221 0.044671317290 cfg1 2 1 0 0 na na
10 61565.168350277987 0.044671438836 cfg1 2 1 0 0 na na
10 61565.186350281016 0.044671542875 cfg1 2 1 0 0 na na
10 61565.200350319443 0.044671615838 cfg1 2 1 0 0 na na
10 61565.217350268050 0.044671689497 cfg1 2 1 0 0 na na
10 61565.219350297031 0.044671693502 cfg1 2 1 0 0 na na
10 61565.230350289960 0.044671734559 cfg1 2 1 0 0 na na
10 61565.328350345046 0.044672218969 cfg1 2 1 0 0 na na
10 61565.336350331224 0.044672239185 cfg1 2 1 0 0 na na
10 61565.348350292455 0.044672295477 cfg1 2 1 0 0 na na
10 61565.355350289816 0.044672344294 cfg1 2 1 0 0 na na
10 61565.386350316844 0.044672492833 cfg1 2 1 0 0 na na
10 61565.439350309851 0.044672734109 cfg1 2 1 0 0 na na
10 61565.440350309232 0.044672748140 cfg1 2 1 0 0 na na
10 61565.468350348565 0.044672874950 cfg1 2 1 0 0 na na
10 61565.469350321631 0.044672869792 cfg1 2 1 0 0 na na
10 61565.503350249502 0.044673042285 cfg1 2 1 0 0 na na
10 61565.508350314675 0.044673054798 cfg1 2 1 0 0 na na
10 61565.529350357677 0.044673166008 cfg1 2 1 0 0 na na
10 61565.563350390784 0.044673337635 cfg1 2 1 0 0 na na
10 61565.586350317924 0.044673417318 cfg1 2 1 0 0 na na
10 61565.589350301162 0.044673445557 cfg1 2 1 0 0 na na
10 61565.608350254308 0.044673537612 cfg1 2 1 0 0 na na
10 61565.635350287790 0.044673664110 cfg1 2 1 0 0 na na
10 61565.663350348447 0.044673795173 cfg1 2 1 0 0 na na
10 61565.669350300449 0.044673835566 cfg1 2 1 0 0 na na
10 61565.677350310307 0.044673858712 cfg1 2 1 0 0 na na
10 61565.695350301781 0.044673956903 cfg1 2 1 0 0 na na
10 61565.717350348945 0.044674050240 cfg1 2 1 0 0 na na
10 61565.719350265782 0.044674050987 cfg1 2 1 0 0 na na
10 61565.744350258966 0.044674177967 cfg1 2 1 0 0 na na
10 61565.745350327760 0.044674182152 cfg1 2 1 0 0 na na
10 61565.775350332289 0.044674339605 cfg1 2 1 0 0 na na
10 61565.823350262254 0.044674564251 cfg1 2 1 0 0 na na
10 61565.836350265309 0.044674606509 cfg1 2 1 0 0 na na
10 61565.853350278940 0.044674687222 cfg1 2 1 0 0 na na
10 61565.867350335533 0.044674775899 cfg1 2 1 0 0 na na
10 61565.909350264328 0.044674952638 cfg1 2 1 0 0 na na
10 61565.926350270124 0.044675031750 cfg1 2 1 0 0 na na
10 61565.928350298053 0.044675057432 cfg1 2 1 0 0 na na
10 61565.948350278564 0.044675157893 cfg1 2 1 0 0 na na
10 61565.950350300197 0.044675160360 cfg1 2 1 0 0 na na
10 61565.994350288313 0.044675361811 cfg1 2 1 0 0 na na
10 61566.041350274063 0.044675601231 cfg1 2 1 0 0 na na
10 61566.044350305870 0.044675615299 cfg1 2 1 0 0 na na
10 61566.065350245742 0.044675711024 cfg1 2 1 0 0 na na
10 61566.073350259933 0.044675736984 cfg1 2 1 0 0 na na
10 61566.084350274011 0.044675802226 cfg1 2 1 0 0 na na
10 61566.103350289691 0.044675881684 cfg1 2 1 0 0 na na
10 61566.134350297485 0.044676040535 cfg1 2 1 0 0 na na
10 61566.212350338912 0.044676396184 cfg1 2 1 0 0 na na
10 61566.246350318906 0.044676572412 cfg1 2 1 0 0 na na
10 61566.291350300040 0.044676776007 cfg1 2 1 0 0 na na
10 61566.300350308326 0.044676824719 cfg1 2 1 0 0 na na
10 61566.334350299737 0.044676993101 cfg1 2 1 0 0 na na
10 61566.363350327659 0.044677116533 cfg1 2 1 0 0 na na
10 61566.411350305090 0.044677339117 cfg1 2 1 0 0 na na
10 61566.450350297452 0.044677517185 cfg1 2 1 0 0 na na
10 61566.479350297339 0.044677673234 cfg1 2 1 0 0 na na
10 61566.513350250124 0.044677831899 cfg1 2 1 0 0 na na
10 61566.528350256631 0.044677899977 cfg1 2 1 0 0 na na
10 61566.571350354022 0.044678097850 cfg1 2 1 0 0 na na
10 61566.613350346947 0.044678310615 cfg1 2 1 0 0 na na
10 61566.626350340065 0.044678353756 cfg1 2 1 0 0 na na
10 61566.641350284681 0.044678439444 cfg1 2 1 0 0 na na
10 61566.676350310534 0.044678593200 cfg1 2 1 0 0 na na
10 61566.680350344709 0.044678633966 cfg1 2 1 0 0 na na
10 61566.703350336483 0.044678735578 cfg1 2 1 0 0 na na
10 61566.705350324165 0.044678751904 cfg1 2 1 0 0 na na
10 61566.707350329728 0.044678761238 cfg1 2 1 0 0 na na
10 61566.728350302660 0.044678855458 cfg1 2 1 0 0 na na
10 61566.730350302375 0.044678866287 cfg1 2 1 0 0 na na
10 61566.740350291136 0.044678902566 cfg1 2 1 0 0 na na
10 61566.774350296040 0.044679078269 cfg1 2 1 0 0 na na
10 61566.776350292969 0.044679063607 cfg1 2 1 0 0 na na
10 61566.809350307522 0.044679222338 cfg1 2 1 0 0 na na
10 61566.818350282831 0.044679278565 cfg1 2 1 0 0 na na
10 61566.819350323885 0.044679290667 cfg1 2 1 0 0 na na
10 61566.846350260607 0.044679408468 cfg1 2 1 0 0 na na
10 61566.879350291430 0.044679578365 cfg1 2 1 0 0 na na
10 61566.903350291636 0.044679674353 cfg1 2 1 0 0 na na
10 61566.909350339007 0.044679722797 cfg1 2 1 0 0 na na
10 61566.927350346474 0.044679802992 cfg1 2 1 0 0 na na
10 61566.938350305696 0.044679842734 cfg1 2 1 0 0 na na
10 61566.958350342992 0.044679929957 cfg1 2 1 0 0 na na
10 61566.960350354920 0.044679940663 cfg1 2 1 0 0 na na
10 61566.976350326777 0.044680025590 cfg1 2 1 0 0 na na
10 61567.019350330366 0.044680239927 cfg1 2 1 0 0 na na
10 61567.021350381899 0.044680244053 cfg1 2 1 0 0 na na
10 61567.022350315267 0.044680239186 cfg1 2 1 0 0 na na
10 61567.056350331287 0.044680411406 cfg1 2 1 0 0 na na
10 61567.064350317396 0.044680445771 cfg1 2 1 0 0 na na
10 61567.082350251888 0.044680534988 cfg1 2 1 0 0 na na
10 61567.090350274115 0.044680584287 cfg1 2 1 0 0 na na
10 61567.096350320651 0.044680599353 cfg1 2 1 0 0 na na
10 61567.113350315041 0.044680678316 cfg1 2 1 0 0 na na
10 61567.119350318171 0.044680694323 cfg1 2 1 0 0 na na
10 61567.126350320671 0.044680753905 cfg1 2 1 0 0 na na
10 61567.129350277734 0.044680749783 cfg1 2 1 0 0 na na
10 61567.173350314514 0.044680970950 cfg1 2 1 0 0 na na
10 61567.252350360049 0.044681340694 cfg1 2 1 0 0 na na
10 61567.304350310834 0.044681593609 cfg1 2 1 0 0 na na
10 61567.307350321280 0.044681611278 cfg1 2 1 0 0 na na
10 61567.322350325749 0.044681666470 cfg1 2 1 0 0 na na
10 61567.324350331233 0.044681697733 cfg1 2 1 0 0 na na
10 61567.336350278467 0.044681743704 cfg1 2 1 0 0 na na
10 61567.371350261522 0.044681917862 cfg1 2 1 0 0 na na
10 61567.404350328445 0.044682075886 cfg1 2 1 0 0 na na
10 61567.405350285174 0.044682074398 cfg1 2 1 0 0 na na
10 61567.422350325500 0.044682143142 cfg1 2 1 0 0 na na
10 61567.428350304531 0.044682165505 cfg1 2 1 0 0 na na
10 61567.431350251815 0.044682195059 cfg1 2 1 0 0 na na
10 61567.492350310376 0.044682497638 cfg1 2 1 0 0 na na
10 61567.502350290875 0.044682517943 cfg1 2 1 0 0 na na
10 61567.550350264761 0.044682752163 cfg1 2 1 0 0 na na
10 61567.617350297433 0.044683083627 cfg1 2 1 0 0 na na
10 61567.625350300408 0.044683106134 cfg1 2 1 0 0 na na
10 61567.634350313750 0.044683155317 cfg1 2 1 0 0 na na
10 61567.639350350334 0.044683191071 cfg1 2 1 0 0 na na
10 61567.649350348662 0.044683239750 cfg1 2 1 0 0 na na
10 61567.656350251020 0.044683270962 cfg1 2 1 0 0 na na
10 61567.678350299244 0.044683358282 cfg1 2 1 0 0 na na
10 61567.682350251743 0.044683396889 cfg1 2 1 0 0 na na
10 61567.696350259190 0.044683454285 cfg1 2 1 0 0 na na
10 61567.728350307542 0.044683600255 cfg1 2 1 0 0 na na
10 61567.749350317748 0.044683708435 cfg1 2 1 0 0 na na
10 61567.778350292923 0.044683846569 cfg1 2 1 0 0 na na
10 61567.800350262796 0.044683944082 cfg1 2 1 0 0 na na
10 61567.810350268436 0.044683989796 cfg1 2 1 0 0 na na
10 61567.820350303156 0.044684059435 cfg1 2 1 0 0 na na
10 61567.827350247497 0.044684084233 cfg1 2 1 0 0 na na
10 61567.848350363162 0.044684165220 cfg1 2 1 0 0 na na
10 61567.853350299965 0.044684197163 cfg1 2 1 0 0 na na
10 61567.883350332518 0.044684337737 cfg1 2 1 0 0 na na
10 61567.916350319253 0.044684502538 cfg1 2 1 0 0 na na
10 61567.937350316055 0.044684609730 cfg1 2 1 0 0 na na
10 61567.943350285365 0.044684633396 cfg1 2 1 0 0 na na
10 61567.973350334248 0.044684787744 cfg1 2 1 0 0 na na
10 61567.974350311307 0.044684777291 cfg1 2 1 0 0 na na
10 61567.996350339377 0.044684880551 cfg1 2 1 0 0 na na
10 61568.001350332875 0.044684903988 cfg1 2 1 0 0 na na
10 61568.003350330771 0.044684928658 cfg1 2 1 0 0 na na
10 61568.004350271857 0.044684917368 cfg1 2 1 0 0 na na
10 61568.030350274703 0.044685041857 cfg1 2 1 0 0 na na
10 61568.040350256853 0.044685090138 cfg1 2 1 0 0 na na
10 61568.043350325848 0.044685123386 cfg1 2 1 0 0 na na
10 61568.088350273131 0.044685315098 cfg1 2 1 0 0 na na
10 61568.128350308862 0.044685526731 cfg1 2 1 0 0 na na
10 61568.145350344013 0.044685586136 cfg1 2 1 0 0 na na
10 61568.148350306910 0.044685622750 cfg1 2 1 0 0 na na
10 61568.154350332934 0.044685627325 cfg1 2 1 0 0 na na
10 61568.155350331380 0.044685647652 cfg1 2 1 0 0 na na
10 61568.162350326250 0.044685677503 cfg1 2 1 0 0 na na
10 61568.165350242390 0.044685704469 cfg1 2 1 0 0 na na
10 61568.171350273571 0.044685732424 cfg1 2 1 0 0 na na
10 61568.200350334655 0.044685860656 cfg1 2 1 0 0 na na
10 61568.221350268801 0.044685957434 cfg1 2 1 0 0 na na
10 61568.233350349077 0.044686008803 cfg1 2 1 0 0 na na
10 61568.241350240903 0.044686066011 cfg1 2 1 0 0 na na
10 61568.269350314876 0.044686183263 cfg1 2 1 0 0 na na
10 61568.277350314783 0.044686236937 cfg1 2 1 0 0 na na
10 61568.281350305751 0.044686253793 cfg1 2 1 0 0 na na
10 61568.314350341885 0.044686413320 cfg1 2 1 0 0 na na
10 61568.348350285941 0.044686559150 cfg1 2 1 0 0 na na
10 61568.357350272449 0.044686613081 cfg1 2 1 0 0 na na
10 61568.382350334856 0.044686734273 cfg1 2 1 0 0 na na
10 61568.392350346885 0.044686765385 cfg1 2 1 0 0 na na
10 61568.396350323479 0.044686802278 cfg1 2 1 0 0 na na
10 61568.410350306038 0.044686860853 cfg1 2 1 0 0 na na
10 61568.421350298201 0.044686907852 cfg1 2 1 0 0 na na
10 61568.428350312776 0.044686948580 cfg1 2 1 0 0 na na
10 61568.439350266752 0.044687010557 cfg1 2 1 0 0 na na
10 61568.453350270435 0.044687057850 cfg1 2 1 0 0 na na
10 61568.473350304062 0.044687164532 cfg1 2 1 0 0 na na
10 61568.532350241055 0.044687455911 cfg1 2 1 0 0 na na
10 61568.536350333288 0.044687470996 cfg1 2 1 0 0 na na
10 61568.552350255321 0.044687550719 cfg1 2 1 0 0 na na
10 61568.557350340219 0.044687560170 cfg1 2 1 0 0 na na
10 61568.560350281392 0.044687574187 cfg1 2 1 0 0 na na
10 61568.564350328326 0.044687592521 cfg1 2 1 0 0 na na
10 61568.589350290708 0.044687706622 cfg1 2 1 0 0 na na
10 61568.590350352170 0.044687727343 cfg1 2 1 0 0 na na
10 61568.652350333637 0.044688024345 cfg1 2 1 0 0 na na
10 61568.678350371728 0.044688135570 cfg1 2 1 0 0 na na
10 61568.704350326451 0.044688276629 cfg1 2 1 0 0 na na
10 61568.719350384447 0.044688337312 cfg1 2 1 0 0 na na
10 61568.785350319324 0.044688640976 cfg1 2 1 0 0 na na
10 61568.792350292655 0.044688678815 cfg1 2 1 0 0 na na
10 61568.846350357094 0.044688950218 cfg1 2 1 0 0 na na
10 61568.885350270749 0.044689130898 cfg1 2 1 0 0 na na
10 61568.888350357014 0.044689134793 cfg1 2 1 0 0 na na
10 61568.894350337489 0.044689173144 cfg1 2 1 0 0 na na
10 61568.901350271020 0.044689205539 cfg1 2 1 0 0 na na
10 61568.924350294292 0.044689314281 cfg1 2 1 0 0 na na
10 61568.932350283552 0.044689351273 cfg1 2 1 0 0 na na
10 61569.014350340179 0.044689739016 cfg1 2 1 0 0 na na
10 61569.030350335358 0.044689807691 cfg1 2 1 0 0 na na
10 61569.036350369763 0.044689837546 cfg1 2 1 0 0 na na
10 61569.067350280823 0.044689986412 cfg1 2 1 0 0 na na
10 61569.084350330228 0.044690079640 cfg1 2 1 0 0 na na
10 61569.099350322581 0.044690162740 cfg1 2 1 0 0 na na
10 61569.131350339193 0.044690292929 cfg1 2 1 0 0 na na
10 61569.152350288739 0.044690390139 cfg1 2 1 0 0 na na
10 61569.192350317745 0.044690599835 cfg1 2 1 0 0 na na
10 61569.237350296428 0.044690809540 cfg1 2 1 0 0 na na
10 61569.254350312167 0.044690895745 cfg1 2 1 0 0 na na
10 61569.289350332709 0.044691066659 cfg1 2 1 0 0 na na
10 61569.324350263702 0.044691218240 cfg1 2 1 0 0 na na
10 61569.368350306835 0.044691437307 cfg1 2 1 0 0 na na
10 61569.380350289697 0.044691488151 cfg1 2 1 0 0 na na
10 61569.419350271167 0.044691680456 cfg1 2 1 0 0 na na
10 61569.468350328936 0.044691903819 cfg1 2 1 0 0 na na
10 61569.473350278808 0.044691924615 cfg1 2 1 0 0 na na
10 61569.491350277943 0.044692032206 cfg1 2 1 0 0 na na
10 61569.499350261572 0.044692070858 cfg1 2 1 0 0 na na
10 61569.508350308118 0.044692110893 cfg1 2 1 0 0 na na
10 61569.558350322030 0.044692342762 cfg1 2 1 0 0 na na
10 61569.591350345903 0.044692503163 cfg1 2 1 0 0 na na
10 61569.597350377426 0.044692519683 cfg1 2 1 0 0 na na
10 61569.662350240738 0.044692856184 cfg1 2 1 0 0 na na
10 61569.689350378742 0.044692960643 cfg1 2 1 0 0 na na
10 61569.731350304567 0.044693181147 cfg1 2 1 0 0 na na
10 61569.739350347724 0.044693208080 cfg1 2 1 0 0 na na
10 61569.740350322282 0.044693230619 cfg1 2 1 0 0 na na
10 61569.753350354532 0.044693272762 cfg1 2 1 0 0 na na
10 61569.764350288515 0.044693332731 cfg1 2 1 0 0 na na
10 61569.801350325206 0.044693516687 cfg1 2 1 0 0 na na
10 61569.831350345350 0.044693656717 cfg1 2 1 0 0 na na
10 61569.832350322545 0.044693662004 cfg1 2 1 0 0 na na
10 61569.858350294827 0.044693787697 cfg1 2 1 0 0 na na
10 61569.977350268539 0.044694353555 cfg1 2 1 0 0 na na
10 61569.979350312430 0.044694355200 cfg1 2 1 0 0 na na
10 61569.997350300637 0.044694438441 cfg1 2 1 0 0 na na
10 61570.064350329677 0.044694782482 cfg1 2 1 0 0 na na
10 61570.069350318543 0.044694797144 cfg1 2 1 0 0 na na
10 61570.095350320144 0.044694923853 cfg1 2 1 0 0 na na
10 61570.100350286111 0.044694932984 cfg1 2 1 0 0 na na
10 61570.101350329114 0.044694939143 cfg1 2 1 0 0 na na
10 61570.167350280165 0.044695255073 cfg1 2 1 0 0 na na
10 61570.228350315970 0.044695560650 cfg1 2 1 0 0 na na
10 61570.286350261443 0.044695830622 cfg1 2 1 0 0 na na
10 61570.293350319398 0.044695879564 cfg1 2 1 0 0 na na
10 61570.296350307877 0.044695887197 cfg1 2 1 0 0 na na
10 61570.307350279456 0.044695939053 cfg1 2 1 0 0 na na
10 61570.308350319129 0.044695935956 cfg1 2 1 0 0 na na
10 61570.439350290572 0.044696551855 cfg1 2 1 0 0 na na
10 61570.451350256668 0.044696633995 cfg1 2 1 0 0 na na
10 61570.465350331680 0.044696700135 cfg1 2 1 0 0 na na
10 61570.471350306929 0.044696726945 cfg1 2 1 0 0 na na
10 61570.498350273337 0.044696857248 cfg1 2 1 0 0 na na
10 61570.503350342740 0.044696879889 cfg1 2 1 0 0 na na
10 61570.514350268238 0.044696912972 cfg1 2 1 0 0 na na
10 61570.536350250546 0.044697040298 cfg1 2 1 0 0 na na
10 61570.572350261464 0.044697195208 cfg1 2 1 0 0 na na
10 61570.587350265468 0.044697261451 cfg1 2 1 0 0 na na
10 61570.594350253296 0.044697314479 cfg1 2 1 0 0 na na
10 61570.604350325984 0.044697350480 cfg1 2 1 0 0 na na
10 61570.627350348327 0.044697476744 cfg1 2 1 0 0 na na
10 61570.632350346991 0.044697496187 cfg1 2 1 0 0 na na
10 61570.647350281048 0.044697568241 cfg1 2 1 0 0 na na
10 61570.706350319938 0.044697841164 cfg1 2 1 0 0 na na
10 61570.714350323654 0.044697887861 cfg1 2 1 0 0 na na
10 61570.779350286130 0.044698202130 cfg1 2 1 0 0 na na
10 61570.784350323776 0.044698224385 cfg1 2 1 0 0 na na
10 61570.790350263533 0.044698265134 cfg1 2 1 0 0 na na
10 61570.822350320466 0.044698405345 cfg1 2 1 0 0 na na
10 61570.860350283825 0.044698574106 cfg1 2 1 0 0 na na
10 61570.864350355019 0.044698610283 cfg1 2 1 0 0 na na
10 61570.869350301839 0.044698641188 cfg1 2 1 0 0 na na
10 61570.919350287558 0.044698856124 cfg1 2 1 0 0 na na
10 61570.925350260984 0.044698891039 cfg1 2 1 0 0 na na
10 61570.930350275000 0.044698921129 cfg1 2 1 0 0 na na
10 61570.980350285580 0.044699156751 cfg1 2 1 0 0 na na
10 61571.003350297582 0.044699280163 cfg1 2 1 0 0 na na
10 61571.020350331200 0.044699361226 cfg1 2 1 0 0 na na
10 61571.040350314891 0.044699448196 cfg1 2 1 0 0 na na
10 61571.129350257208 0.044699874934 cfg1 2 1 0 0 na na
10 61571.194350327303 0.044700183043 cfg1 2 1 0 0 na na
10 61571.211350344123 0.044700282694 cfg1 2 1 0 0 na na
10 61571.245350369235 0.044700444763 cfg1 2 1 0 0 na na
10 61571.287350275155 0.044700646916 cfg1 2 1 0 0 na na
10 61571.341350264876 0.044700886981 cfg1 2 1 0 0 na na
10 61571.347350318712 0.044700912262 cfg1 2 1 0 0 na na
10 61571.349350323093 0.044700935557 cfg1 2 1 0 0 na na
10 61571.395350357029 0.044701166169 cfg1 2 1 0 0 na na
10 61571.417350327745 0.044701263985 cfg1 2 1 0 0 na na
10 61571.436350324909 0.044701348533 cfg1 2 1 0 0 na na
10 61571.442350363504 0.044701372540 cfg1 2 1 0 0 na na
10 61571.502350280144 0.044701663188 cfg1 2 1 0 0 na na
10 61571.535350329605 0.044701843993 cfg1 2 1 0 0 na na
10 61571.542350247872 0.044701869013 cfg1 2 1 0 0 na na
10 61571.552350283591 0.044701910723 cfg1 2 1 0 0 na na
10 61571.632350258238 0.044702293555 cfg1 2 1 0 0 na na
10 61571.633350266470 0.044702290119 cfg1 2 1 0 0 na na
10 61571.684350273042 0.044702541989 cfg1 2 1 0 0 na na
10 61571.686350303904 0.044702557653 cfg1 2 1 0 0 na na
10 61571.725350354667 0.044702755928 cfg1 2 1 0 0 na na
10 61571.753350339614 0.044702872393 cfg1 2 1 0 0 na na
10 61571.768350331222 0.044702938206 cfg1 2 1 0 0 na na
10 61571.770350311634 0.044702957268 cfg1 2 1 0 0 na na
10 61571.774350297042 0.044702994872 cfg1 2 1 0 0 na na
10 61571.823350330004 0.044703201800 cfg1 2 1 0 0 na na
10 61571.864350330885 0.044703401683 cfg1 2 1 0 0 na na
10 61571.865350313562 0.044703419557 cfg1 2 1 0 0 na na
10 61571.866350324810 0.044703415011 cfg1 2 1 0 0 na na
10 61571.898350331554 0.044703589400 cfg1 2 1 0 0 na na
10 61571.902350317811 0.044703605625 cfg1 2 1 0 0 na na
10 61571.969350315461 0.044703916432 cfg1 2 1 0 0 na na
10 61572.003350350803 0.044704091244 cfg1 2 1 0 0 na na
10 61572.004350279924 0.044704075308 cfg1 2 1 0 0 na na
10 61572.022350343976 0.044704187565 cfg1 2 1 0 0 na na
10 61572.092350313243 0.044704500754 cfg1 2 1 0 0 na na
10 61572.100350338415 0.044704564067 cfg1 2 1 0 0 na na
10 61572.110350345147 0.044704602277 cfg1 2 1 0 0 na na
10 61572.119350264865 0.044704632113 cfg1 2 1 0 0 na na
10 61572.133350260923 0.044704721461 cfg1 2 1 0 0 na na
10 61572.147350312227 0.044704765251 cfg1 2 1 0 0 na na
10 61572.152350348572 0.044704807221 cfg1 2 1 0 0 na na
10 61572.159350335845 0.044704827356 cfg1 2 1 0 0 na na
10 61572.191350337912 0.044704997876 cfg1 2 1 0 0 na na
10 61572.192350287306 0.044705003578 cfg1 2 1 0 0 na na
10 61572.201350317196 0.044705050287 cfg1 2 1 0 0 na na
10 61572.212350363618 0.044705084581 cfg1 2 1 0 0 na na
10 61572.213350269238 0.044705096097 cfg1 2 1 0 0 na na
10 61572.231350310924 0.044705191306 cfg1 2 1 0 0 na na
10 61572.233350324926 0.044705189955 cfg1 2 1 0 0 na na
10 61572.246350327416 0.044705259816 cfg1 2 1 0 0 na na
10 61572.258350320475 0.044705322184 cfg1 2 1 0 0 na na
10 61572.313350309005 0.044705587841 cfg1 2 1 0 0 na na
10 61572.363350302490 0.044705802545 cfg1 2 1 0 0 na na
10 61572.371350346997 0.044705846443 cfg1 2 1 0 0 na na
10 61572.373350324710 0.044705880285 cfg1 2 1 0 0 na na
10 61572.379350308854 0.044705890580 cfg1 2 1 0 0 na na
10 61572.390350309431 0.044705955060 cfg1 2 1 0 0 na na
10 61572.397350324400 0.044705989633 cfg1 2 1 0 0 na na
10 61572.398350269225 0.044705999578 cfg1 2 1 0 0 na na
10 61572.417350262422 0.044706088243 cfg1 2 1 0 0 na na
10 61572.431350278904 0.044706137276 cfg1 2 1 0 0 na na
10 61572.475350264379 0.044706347407 cfg1 2 1 0 0 na na
10 61572.574350279872 0.044706848267 cfg1 2 1 0 0 na na
10 61572.576350270935 0.044706829564 cfg1 2 1 0 0 na na
10 61572.615350300819 0.044707042511 cfg1 2 1 0 0 na na
10 61572.627350323250 0.044707083464 cfg1 2 1 0 0 na na
10 61572.646350252912 0.044707183950 cfg1 2 1 0 0 na na
10 61572.666350257159 0.044707274745 cfg1 2 1 0 0 na na
10 61572.726350370493 0.044707580807 cfg1 2 1 0 0 na na
10 61572.768350334019 0.044707759829 cfg1 2 1 0 0 na na
10 61572.820350274800 0.044708010218 cfg1 2 1 0 0 na na
10 61572.836350310771 0.044708087615 cfg1 2 1 0 0 na na
10 61572.876350283526 0.044708284320 cfg1 2 1 0 0 na na
10 61572.909350317139 0.044708443994 cfg1 2 1 0 0 na na
10 61572.923350255268 0.044708528262 cfg1 2 1 0 0 na na
10 61572.942350343778 0.044708617995 cfg1 2 1 0 0 na na
10 61572.957350263563 0.044708673395 cfg1 2 1 0 0 na na
10 61572.972350260549 0.044708746416 cfg1 2 1 0 0 na na
10 61573.006350335119 0.044708933032 cfg1 2 1 0 0 na na
10 61573.020350282003 0.044708994384 cfg1 2 1 0 0 na na
10 61573.034350337038 0.044709060472 cfg1 2 1 0 0 na na
10 61573.059350262648 0.044709164423 cfg1 2 1 0 0 na na
10 61573.115350321931 0.044709452465 cfg1 2 1 0 0 na na
10 61573.121350291396 0.044709477504 cfg1 2 1 0 0 na na
10 61573.196350264237 0.044709827661 cfg1 2 1 0 0 na na
10 61573.212350315683 0.044709900874 cfg1 2 1 0 0 na na
10 61573.267350279761 0.044710172370 cfg1 2 1 0 0 na na
10 61573.280350302808 0.044710255901 cfg1 2 1 0 0 na na
10 61573.288350262660 0.044710269185 cfg1 2 1 0 0 na na
10 61573.289350333072 0.044710271329 cfg1 2 1 0 0 na na
10 61573.292350333148 0.044710297143 cfg1 2 1 0 0 na na
10 61573.305350278074 0.044710348586 cfg1 2 1 0 0 na na
10 61573.352350341475 0.044710578112 cfg1 2 1 0 0 na na
10 61573.389350265904 0.044710755918 cfg1 2 1 0 0 na na
10 61573.399350291923 0.044710808063 cfg1 2 1 0 0 na na
10 61573.401350317208 0.044710817820 cfg1 2 1 0 0 na na
10 61573.402350298396 0.044710829239 cfg1 2 1 0 0 na na
10 61573.412350302535 0.044710875222 cfg1 2 1 0 0 na na
10 61573.455350316078 0.044711079674 cfg1 2 1 0 0 na na
10 61573.469350347101 0.044711160153 cfg1 2 1 0 0 na na
10 61573.478350292345 0.044711209804 cfg1 2 1 0 0 na na
10 61573.510350308778 0.044711341579 cfg1 2 1 0 0 na na
10 61573.547350346555 0.044711529824 cfg1 2 1 0 0 na na
10 61573.555350276888 0.044711562817 cfg1 2 1 0 0 na na
10 61573.557350296923 0.044711570144 cfg1 2 1 0 0 na na
10 61573.558350255340 0.044711592592 cfg1 2 1 0 0 na na
10 61573.565350315449 0.044711610750 cfg1 2 1 0 0 na na
10 61573.582350265435 0.044711699359 cfg1 2 1 0 0 na na
10 61573.608350280645 0.044711835006 cfg1 2 1 0 0 na na
10 61573.642350337254 0.044711990817 cfg1 2 1 0 0 na na
10 61573.729350309449 0.044712414113 cfg1 2 1 0 0 na na
10 61573.745350328372 0.044712491923 cfg1 2 1 0 0 na na
10 61573.789350277274 0.044712691310 cfg1 2 1 0 0 na na
10 61573.827350317210 0.044712888909 cfg1 2 1 0 0 na na
10 61573.850350320399 0.044712990841 cfg1 2 1 0 0 na na
10 61573.878350340976 0.044713148302 cfg1 2 1 0 0 na na
10 61573.879350301424 0.044713138213 cfg1 2 1 0 0 na na
10 61573.907350259567 0.044713262380 cfg1 2 1 0 0 na na
10 61573.915350310838 0.044713315049 cfg1 2 1 0 0 na na
10 61573.925350245772 0.044713366091 cfg1 2 1 0 0 na na
10 61573.926350315915 0.044713360908 cfg1 2 1 0 0 na na
10 61573.944350329040 0.044713448900 cfg1 2 1 0 0 na na
10 61573.958350292814 0.044713523164 cfg1 2 1 0 0 na na
10 61573.959350261733 0.044713534142 cfg1 2 1 0 0 na na
10 61573.977350304079 0.044713620171 cfg1 2 1 0 0 na na
10 61574.001350271836 0.044713724014 cfg1 2 1 0 0 na na
10 61574.007350288603 0.044713757005 cfg1 2 1 0 0 na na
10 61574.016350285014 0.044713789188 cfg1 2 1 0 0 na na
10 61574.022350310113 0.044713824287 cfg1 2 1 0 0 na na
10 61574.023350306511 0.044713829001 cfg1 2 1 0 0 na na
10 61574.036350329868 0.044713887864 cfg1 2 1 0 0 na na
10 61574.096350318540 0.044714175851 cfg1 2 1 0 0 na na
10 61574.103350316586 0.044714223846 cfg1 2 1 0 0 na na
10 61574.158350283578 0.044714484561 cfg1 2 1 0 0 na na
10 61574.173350363628 0.044714550034 cfg1 2 1 0 0 na na
10 61574.176350254628 0.044714572461 cfg1 2 1 0 0 na na
10 61574.204350337075 0.044714701154 cfg1 2 1 0 0 na na
10 61574.213350265096 0.044714741705 cfg1 2 1 0 0 na na
10 61574.260350316291 0.044714993346 cfg1 2 1 0 0 na na
10 61574.296350260171 0.044715146749 cfg1 2 1 0 0 na na
10 61574.336350245728 0.044715356429 cfg1 2 1 0 0 na na
10 61574.349350329045 0.044715419680 cfg1 2 1 0 0 na na
10 61574.365350279292 0.044715503350 cfg1 2 1 0 0 na na
10 61574.376350331284 0.044715547538 cfg1 2 1 0 0 na na
10 61574.411350278161 0.044715710497 cfg1 2 1 0 0 na na
10 61574.419350274260 0.044715758599 cfg1 2 1 0 0 na na
10 61574.439350312931 0.044715854053 cfg1 2 1 0 0 na na
10 61574.461350292499 0.044715943188 cfg1 2 1 0 0 na na
10 61574.468350345309 0.044715995601 cfg1 2 1 0 0 na na
10 61574.503350317939 0.044716165637 cfg1 2 1 0 0 na na
10 61574.545350289515 0.044716376261 cfg1 2 1 0 0 na na
10 61574.565350274060 0.044716469581 cfg1 2 1 0 0 na na
10 61574.587350263765 0.044716552995 cfg1 2 1 0 0 na na
10 61574.594350322680 0.044716595654 cfg1 2 1 0 0 na na
10 61574.617350293695 0.044716699341 cfg1 2 1 0 0 na na
10 61574.618350246310 0.044716720865 cfg1 2 1 0 0 na na
10 61574.625350334072 0.044716737692 cfg1 2 1 0 0 na na
10 61574.648350307611 0.044716862559 cfg1 2 1 0 0 na na
10 61574.650350302958 0.044716882498 cfg1 2 1 0 0 na na
10 61574.651350259883 0.044716879296 cfg1 2 1 0 0 na na
10 61574.662350328816 0.044716939711 cfg1 2 1 0 0 na na
10 61574.676350282801 0.044716985308 cfg1 2 1 0 0 na na
10 61574.689350346211 0.044717049376 cfg1 2 1 0 0 na na
10 61574.691350311614 0.044717068974 cfg1 2 1 0 0 na na
10 61574.750350302215 0.044717367051 cfg1 2 1 0 0 na na
10 61574.764350315194 0.044717437279 cfg1 2 1 0 0 na na
10 61574.775350274204 0.044717480348 cfg1 2 1 0 0 na na
10 61574.791350337081 0.044717570200 cfg1 2 1 0 0 na na
10 61574.802350262707 0.044717599471 cfg1 2 1 0 0 na na
10 61574.826350284266 0.044717727072 cfg1 2 1 0 0 na na
10 61574.883350293480 0.044717987630 cfg1 2 1 0 0 na na
10 61574.892350317407 0.044718038871 cfg1 2 1 0 0 na na
10 61574.893350304181 0.044718052052 cfg1 2 1 0 0 na na
10 61574.914350364591 0.044718154530 cfg1 2 1 0 0 na na
10 61574.945350287502 0.044718302840 cfg1 2 1 0 0 na na
10 61574.955350319570 0.044718358698 cfg1 2 1 0 0 na na
10 61574.963350260275 0.044718390185 cfg1 2 1 0 0 na na
10 61575.007350261933 0.044718594774 cfg1 2 1 0 0 na na
10 61575.029350248405 0.044718715435 cfg1 2 1 0 0 na na
10 61575.057350261513 0.044718840637 cfg1 2 1 0 0 na na
10 61575.060350275832 0.044718848608 cfg1 2 1 0 0 na na
10 61575.070350267988 0.044718923981 cfg1 2 1 0 0 na na
10 61575.078350331449 0.044718959929 cfg1 2 1 0 0 na na
10 61575.082350369635 0.044718964108 cfg1 2 1 0 0 na na
10 61575.091350327021 0.044718999886 cfg1 2 1 0 0 na na
10 61575.112350326771 0.044719102422 cfg1 2 1 0 0 na na
10 61575.165350341623 0.044719360543 cfg1 2 1 0 0 na na
10 61575.200350279078 0.044719553638 cfg1 2 1 0 0 na na
10 61575.202350259640 0.044719547321 cfg1 2 1 0 0 na na
10 61575.226350319037 0.044719661299 cfg1 2 1 0 0 na na
10 61575.258350312811 0.044719822645 cfg1 2 1 0 0 na na
10 61575.274350310036 0.044719892823 cfg1 2 1 0 0 na na
10 61575.288350318896 0.044719980099 cfg1 2 1 0 0 na na
10 61575.297350331339 0.044720001125 cfg1 2 1 0 0 na na
10 61575.308350308302 0.044720074277 cfg1 2 1 0 0 na na
10 61575.315350336820 0.044720086506 cfg1 2 1 0 0 na na
10 61575.368350346322 0.044720342253 cfg1 2 1 0 0 na na
10 61575.370350372469 0.044720358755 cfg1 2 1 0 0 na na
10 61575.387350305764 0.044720452444 cfg1 2 1 0 0 na na
10 61575.408350308035 0.044720558729 cfg1 2 1 0 0 na na
10 61575.429350363651 0.044720659340 cfg1 2 1 0 0 na na
10 61575.504350262669 0.044721009261 cfg1 2 1 0 0 na na
10 61575.533350257903 0.044721153719 cfg1 2 1 0 0 na na
10 61575.561350289377 0.044721291789 cfg1 2 1 0 0 na na
10 61575.576350258750 0.044721379303 cfg1 2 1 0 0 na na
10 61575.580350280789 0.044721381693 cfg1 2 1 0 0 na na
10 61575.593350352822 0.044721435489 cfg1 2 1 0 0 na na
10 61575.599350316995 0.044721478149 cfg1 2 1 0 0 na na
10 61575.605350349542 0.044721495741 cfg1 2 1 0 0 na na
10 61575.665350318399 0.044721789142 cfg1 2 1 0 0 na na
10 61575.670350304732 0.044721824733 cfg1 2 1 0 0 na na
10 61575.671350281905 0.044721834573 cfg1 2 1 0 0 na na
10 61575.673350326162 0.044721846712 cfg1 2 1 0 0 na na
10 61575.738350359652 0.044722151216 cfg1 2 1 0 0 na na
10 61575.751350290443 0.044722207397 cfg1 2 1 0 0 na na
10 61575.761350275879 0.044722261581 cfg1 2 1 0 0 na na
10 61575.766350346189 0.044722285680 cfg1 2 1 0 0 na na
10 61575.771350325547 0.044722326330 cfg1 2 1 0 0 na na
10 61575.776350305885 0.044722348886 cfg1 2 1 0 0 na na
10 61575.846350363293 0.044722668699 cfg1 2 1 0 0 na na
10 61575.866350272670 0.044722763938 cfg1 2 1 0 0 na na
10 61575.885350251618 0.044722870501 cfg1 2 1 0 0 na na
10 61575.891350345977 0.044722903644 cfg1 2 1 0 0 na na
10 61575.923350373308 0.044723060202 cfg1 2 1 0 0 na na
10 61575.950350383311 0.044723175162 cfg1 2 1 0 0 na na
10 61575.977350318966 0.044723320035 cfg1 2 1 0 0 na na
10 61575.979350342902 0.044723329390 cfg1 2 1 0 0 na na
10 61576.008350338666 0.044723473677 cfg1 2 1 0 0 na na
10 61576.035350342612 0.044723583701 cfg1 2 1 0 0 na na
10 61576.038350340066 0.044723598402 cfg1 2 1 0 0 na na
10 61576.047350312620 0.044723671528 cfg1 2 1 0 0 na na
10 61576.049350285158 0.044723666735 cfg1 2 1 0 0 na na
10 61576.054350328377 0.044723697131 cfg1 2 1 0 0 na na
10 61576.122350365795 0.044724023676 cfg1 2 1 0 0 na na
10 61576.158350263348 0.044724188675 cfg1 2 1 0 0 na na
10 61576.167350327417 0.044724235954 cfg1 2 1 0 0 na na
10 61576.182350327904 0.044724301545 cfg1 2 1 0 0 na na
10 61576.185350358995 0.044724341204 cfg1 2 1 0 0 na na
10 61576.192350254945 0.044724362687 cfg1 2 1 0 0 na na
10 61576.223350287890 0.044724527755 cfg1 2 1 0 0 na na
10 61576.252350252867 0.044724658714 cfg1 2 1 0 0 na na
10 61576.255350323812 0.044724657431 cfg1 2 1 0 0 na na
10 61576.283350303376 0.044724802940 cfg1 2 1 0 0 na na
10 61576.285350290016 0.044724811637 cfg1 2 1 0 0 na na
10 61576.318350296297 0.044724973068 cfg1 2 1 0 0 na na
10 61576.326350328461 0.044725015745 cfg1 2 1 0 0 na na
10 61576.405350304013 0.044725388544 cfg1 2 1 0 0 na na
10 61576.469350357152 0.044725712899 cfg1 2 1 0 0 na na
10 61576.500350281906 0.044725865736 cfg1 2 1 0 0 na na
10 61576.507350307893 0.044725881975 cfg1 2 1 0 0 na na
10 61576.520350302032 0.044725970599 cfg1 2 1 0 0 na na
10 61576.522350324767 0.044725976869 cfg1 2 1 0 0 na na
10 61576.557350282168 0.044726145024 cfg1 2 1 0 0 na na
10 61576.562350327805 0.044726168546 cfg1 2 1 0 0 na na
10 61576.596350300300 0.044726316772 cfg1 2 1 0 0 na na
10 61576.600350264544 0.044726342453 cfg1 2 1 0 0 na na
10 61576.653350343942 0.044726617171 cfg1 2 1 0 0 na na
10 61576.678350265211 0.044726736590 cfg1 2 1 0 0 na na
10 61576.682350323039 0.044726737819 cfg1 2 1 0 0 na na
10 61576.689350299972 0.044726787232 cfg1 2 1 0 0 na na
10 61576.712350316265 0.044726892605 cfg1 2 1 0 0 na na
10 61576.714350253659 0.044726908405 cfg1 2 1 0 0 na na
10 61576.733350357360 0.044727009112 cfg1 2 1 0 0 na na
10 61576.736350334765 0.044727006561 cfg1 2 1 0 0 na na
10 61576.753350289490 0.044727099731 cfg1 2 1 0 0 na na
10 61576.791350334581 0.044727290645 cfg1 2 1 0 0 na na
10 61576.798350334748 0.044727314027 cfg1 2 1 0 0 na na
10 61576.807350281640 0.044727364491 cfg1 2 1 0 0 na na
10 61576.820350242244 0.044727434576 cfg1 2 1 0 0 na na
10 61576.856350245211 0.044727606629 cfg1 2 1 0 0 na na
10 61576.892350305498 0.044727759144 cfg1 2 1 0 0 na na
10 61576.905350295112 0.044727845213 cfg1 2 1 0 0 na na
10 61576.954350255881 0.044728080712 cfg1 2 1 0 0 na na
10 61576.981350268848 0.044728193352 cfg1 2 1 0 0 na na
10 61576.992350278406 0.044728274140 cfg1 2 1 0 0 na na
10 61576.997350267890 0.044728269141 cfg1 2 1 0 0 na na
10 61576.999350267893 0.044728279116 cfg1 2 1 0 0 na na
10 61577.051350250697 0.044728559737 cfg1 2 1 0 0 na na
10 61577.062350311551 0.044728591806 cfg1 2 1 0 0 na na
10 61577.067350323699 0.044728629331 cfg1 2 1 0 0 na na
10 61577.085350273703 0.044728710646 cfg1 2 1 0 0 na na
10 61577.086350314069 0.044728703795 cfg1 2 1 0 0 na na
10 61577.103350265514 0.044728811393 cfg1 2 1 0 0 na na
10 61577.129350320365 0.044728937693 cfg1 2 1 0 0 na na
10 61577.152350283884 0.044729045789 cfg1 2 1 0 0 na na
10 61577.166350401345 0.044729102548 cfg1 2 1 0 0 na na
10 61577.178350320520 0.044729166883 cfg1 2 1 0 0 na na
10 61577.182350270707 0.044729180643 cfg1 2 1 0 0 na na
10 61577.189350291270 0.044729234919 cfg1 2 1 0 0 na na
10 61577.198350343985 0.044729257356 cfg1 2 1 0 0 na na
10 61577.200350344034 0.044729261595 cfg1 2 1 0 0 na na
10 61577.204350323423 0.044729301294 cfg1 2 1 0 0 na na
10 61577.235350318535 0.044729451736 cfg1 2 1 0 0 na na
10 61577.253350355160 0.044729531890 cfg1 2 1 0 0 na na
10 61577.266350252675 0.044729599229 cfg1 2 1 0 0 na na
10 61577.267350332150 0.044729593162 cfg1 2 1 0 0 na na
10 61577.292350341988 0.044729710685 cfg1 2 1 0 0 na na
10 61577.296350270758 0.044729756488 cfg1 2 1 0 0 na na
10 61577.332350305843 0.044729912405 cfg1 2 1 0 0 na na
10 61577.364350297057 0.044730062572 cfg1 2 1 0 0 na na
10 61577.377350276696 0.044730148810 cfg1 2 1 0 0 na na
10 61577.378350291743 0.044730148122 cfg1 2 1 0 0 na na
10 61577.379350291452 0.044730151579 cfg1 2 1 0 0 na na
10 61577.391350291685 0.044730199199 cfg1 2 1 0 0 na na
10 61577.433350312634 0.044730420603 cfg1 2 1 0 0 na na
10 61577.435350286757 0.044730430466 cfg1 2 1 0 0 na na
10 61577.504350308900 0.044730762744 cfg1 2 1 0 0 na na
10 61577.533350270933 0.044730901419 cfg1 2 1 0 0 na na
10 61577.536350289561 0.044730927170 cfg1 2 1 0 0 na na
10 61577.539350349760 0.044730931492 cfg1 2 1 0 0 na na
10 61577.544350343404 0.044730947570 cfg1 2 1 0 0 na na
10 61577.581350348227 0.044731136556 cfg1 2 1 0 0 na na
10 61577.590350264581 0.044731167362 cfg1 2 1 0 0 na na
10 61577.598350326648 0.044731229471 cfg1 2 1 0 0 na na
10 61577.641350311982 0.044731416926 cfg1 2 1 0 0 na na
10 61577.661350299345 0.044731517407 cfg1 2 1 0 0 na na
10 61577.713350328834 0.044731790779 cfg1 2 1 0 0 na na
10 61577.717350285510 0.044731798534 cfg1 2 1 0 0 na na
10 61577.747350325776 0.044731957906 cfg1 2 1 0 0 na na
10 61577.752350242193 0.044731979801 cfg1 2 1 0 0 na na
10 61577.772350299476 0.044732065703 cfg1 2 1 0 0 na na
10 61577.897350301627 0.044732689575 cfg1 2 1 0 0 na na
10 61577.907350246672 0.044732730172 cfg1 2 1 0 0 na na
10 61577.922350269284 0.044732792341 cfg1 2 1 0 0 na na
10 61577.924350339866 0.044732821291 cfg1 2 1 0 0 na na
10 61577.928350263168 0.044732818801 cfg1 2 1 0 0 na na
10 61577.939350284768 0.044732897334 cfg1 2 1 0 0 na na
10 61577.955350316710 0.044732964093 cfg1 2 1 0 0 na na
10 61577.972350306084 0.044733052726 cfg1 2 1 0 0 na na
10 61577.988350326372 0.044733126753 cfg1 2 1 0 0 na na
10 61578.008350313910 0.044733224162 cfg1 2 1 0 0 na na
10 61578.024350302911 0.044733311964 cfg1 2 1 0 0 na na
10 61578.033350284072 0.044733348505 cfg1 2 1 0 0 na na
10 61578.062350238243 0.044733498649 cfg1 2 1 0 0 na na
10 61578.067350326112 0.044733503478 cfg1 2 1 0 0 na na
10 61578.086350249053 0.044733604654 cfg1 2 1 0 0 na na
10 61578.118350268201 0.044733772447 cfg1 2 1 0 0 na na
10 61578.175350274313 0.044734038403 cfg1 2 1 0 0 na na
10 61578.210350334363 0.044734197830 cfg1 2 1 0 0 na na
10 61578.239350372352 0.044734343978 cfg1 2 1 0 0 na na
10 61578.242350325209 0.044734353726 cfg1 2 1 0 0 na na
10 61578.252350350480 0.044734410971 cfg1 2 1 0 0 na na
10 61578.259350310181 0.044734437246 cfg1 2 1 0 0 na na
10 61578.263350364233 0.044734472480 cfg1 2 1 0 0 na na
10 61578.292350391779 0.044734594883 cfg1 2 1 0 0 na na
10 61578.304350291496 0.044734670225 cfg1 2 1 0 0 na na
10 61578.310350262639 0.044734689260 cfg1 2 1 0 0 na na
10 61578.316350273302 0.044734730327 cfg1 2 1 0 0 na na
10 61578.325350328817 0.044734774865 cfg1 2 1 0 0 na na
10 61578.334350335540 0.044734824786 cfg1 2 1 0 0 na na
10 61578.339350256554 0.044734842744 cfg1 2 1 0 0 na na
10 61578.350350271065 0.044734892220 cfg1 2 1 0 0 na na
10 61578.351350290617 0.044734888764 cfg1 2 1 0 0 na na
10 61578.357350332555 0.044734933932 cfg1 2 1 0 0 na na
10 61578.361350305532 0.044734932600 cfg1 2 1 0 0 na na
10 61578.409350355411 0.044735183342 cfg1 2 1 0 0 na na
10 61578.430350301227 0.044735271052 cfg1 2 1 0 0 na na
10 61578.460350297127 0.044735436780 cfg1 2 1 0 0 na na
10 61578.476350298192 0.044735514055 cfg1 2 1 0 0 na na
10 61578.502350315584 0.044735631152 cfg1 2 1 0 0 na na
10 61578.515350257026 0.044735712077 cfg1 2 1 0 0 na na
10 61578.520350317603 0.044735713309 cfg1 2 1 0 0 na na
10 61578.522350356830 0.044735743349 cfg1 2 1 0 0 na na
10 61578.524350329854 0.044735732069 cfg1 2 1 0 0 na na
10 61578.555350338183 0.044735907129 cfg1 2 1 0 0 na na
10 61578.610350315664 0.044736162123 cfg1 2 1 0 0 na na
10 61578.649350253741 0.044736364360 cfg1 2 1 0 0 na na
10 61578.653350284423 0.044736364057 cfg1 2 1 0 0 na na
10 61578.675350326956 0.044736483798 cfg1 2 1 0 0 na na
10 61578.678350264461 0.044736487344 cfg1 2 1 0 0 na na
10 61578.683350281969 0.044736536862 cfg1 2 1 0 0 na na
10 61578.684350339293 0.044736517789 cfg1 2 1 0 0 na na
10 61578.718350284975 0.044736682566 cfg1 2 1 0 0 na na
10 61578.719350274123 0.044736710591 cfg1 2 1 0 0 na na
10 61578.744350249760 0.044736826608 cfg1 2 1 0 0 na na
10 61578.757350318121 0.044736896056 cfg1 2 1 0 0 na na
10 61578.811350274149 0.044737145937 cfg1 2 1 0 0 na na
10 61578.817350311802 0.044737186822 cfg1 2 1 0 0 na na
10 61578.830350315591 0.044737243141 cfg1 2 1 0 0 na na
10 61578.879350296360 0.044737475272 cfg1 2 1 0 0 na na
10 61578.938350327579 0.044737774057 cfg1 2 1 0 0 na na
10 61578.943350284424 0.044737787596 cfg1 2 1 0 0 na na
10 61578.944350298276 0.044737794276 cfg1 2 1 0 0 na na
10 61578.947350261219 0.044737805920 cfg1 2 1 0 0 na na
10 61578.981350245775 0.044737991097 cfg1 2 1 0 0 na na
10 61578.985350353783 0.044737994019 cfg1 2 1 0 0 na na
10 61579.002350305978 0.044738076862 cfg1 2 1 0 0 na na
10 61579.011350260547 0.044738125513 cfg1 2 1 0 0 na na
10 61579.016350269749 0.044738143175 cfg1 2 1 0 0 na na
10 61579.077350348258 0.044738460698 cfg1 2 1 0 0 na na
10 61579.185350328617 0.044738988218 cfg1 2 1 0 0 na na
10 61579.215350341825 0.044739128956 cfg1 2 1 0 0 na na
10 61579.222350308619 0.044739173798 cfg1 2 1 0 0 na na
10 61579.244350295014 0.044739270940 cfg1 2 1 0 0 na na
10 61579.270350333789 0.044739384922 cfg1 2 1 0 0 na na
10 61579.284350314460 0.044739453045 cfg1 2 1 0 0 na na
10 61579.314350312427 0.044739621919 cfg1 2 1 0 0 na na
10 61579.320350251416 0.044739645607 cfg1 2 1 0 0 na na
10 61579.331350337817 0.044739695221 cfg1 2 1 0 0 na na
10 61579.407350305898 0.044740056670 cfg1 2 1 0 0 na na
10 61579.409350311584 0.044740075377 cfg1 2 1 0 0 na na
10 61579.447350355205 0.044740275652 cfg1 2 1 0 0 na na
10 61579.463350330782 0.044740349011 cfg1 2 1 0 0 na na
10 61579.475350336735 0.044740393925 cfg1 2 1 0 0 na na
10 61579.504350307196 0.044740548119 cfg1 2 1 0 0 na na
10 61579.544350373297 0.044740739377 cfg1 2 1 0 0 na na
10 61579.554350267057 0.044740799463 cfg1 2 1 0 0 na na
10 61579.655350345025 0.044741289479 cfg1 2 1 0 0 na na
10 61579.680350327362 0.044741414344 cfg1 2 1 0 0 na na
10 61579.706350292469 0.044741543579 cfg1 2 1 0 0 na na
10 61579.712350281065 0.044741555009 cfg1 2 1 0 0 na na
10 61579.728350282010 0.044741653863 cfg1 2 1 0 0 na na
10 61579.734350333065 0.044741673864 cfg1 2 1 0 0 na na
10 61579.766350348981 0.044741835897 cfg1 2 1 0 0 na na
10 61579.823350324686 0.044742115329 cfg1 2 1 0 0 na na
10 61579.839350335733 0.044742181012 cfg1 2 1 0 0 na na
10 61579.852350332638 0.044742240850 cfg1 2 1 0 0 na na
10 61579.866350311426 0.044742335834 cfg1 2 1 0 0 na na
10 61579.874350346871 0.044742371080 cfg1 2 1 0 0 na na
10 61579.879350318353 0.044742396427 cfg1 2 1 0 0 na na
10 61579.895350278889 0.044742476720 cfg1 2 1 0 0 na na
10 61579.940350299126 0.044742683803 cfg1 2 1 0 0 na na
10 61579.986350280156 0.044742920105 cfg1 2 1 0 0 na na
10 61579.997350279591 0.044742965428 cfg1 2 1 0 0 na na
10 61580.011350252843 0.044743036872 cfg1 2 1 0 0 na na
10 61580.053350271853 0.044743251754 cfg1 2 1 0 0 na na
10 61580.073350278599 0.044743340994 cfg1 2 1 0 0 na na
10 61580.082350336813 0.044743392705 cfg1 2 1 0 0 na na
10 61580.090350312809 0.044743420469 cfg1 2 1 0 0 na na
10 61580.104350331291 0.044743497421 cfg1 2 1 0 0 na na
10 61580.109350312086 0.044743508970 cfg1 2 1 0 0 na na
10 61580.120350284116 0.044743570003 cfg1 2 1 0 0 na na
10 61580.123350276332 0.044743596091 cfg1 2 1 0 0 na na
10 61580.149350266332 0.044743722730 cfg1 2 1 0 0 na na
10 61580.164350308482 0.044743801343 cfg1 2 1 0 0 na na
10 61580.240350335908 0.044744160800 cfg1 2 1 0 0 na na
10 61580.246350322521 0.044744177794 cfg1 2 1 0 0 na na
10 61580.251350322178 0.044744213353 cfg1 2 1 0 0 na na
10 61580.307350338969 0.044744493288 cfg1 2 1 0 0 na na
10 61580.311350339381 0.044744521654 cfg1 2 1 0 0 na na
10 61580.354350307312 0.044744712641 cfg1 2 1 0 0 na na
10 61580.415350264024 0.044745007902 cfg1 2 1 0 0 na na
10 61580.422350236170 0.044745071436 cfg1 2 1 0 0 na na
10 61580.425350407785 0.044745082077 cfg1 2 1 0 0 na na
10 61580.433350354266 0.044745109770 cfg1 2 1 0 0 na na
10 61580.447350315934 0.044745176816 cfg1 2 1 0 0 na na
10 61580.523350343403 0.044745546764 cfg1 2 1 0 0 na na
10 61580.525350378297 0.044745568395 cfg1 2 1 0 0 na na
10 61580.529350317748 0.044745595757 cfg1 2 1 0 0 na na
10 61580.567350333432 0.044745762813 cfg1 2 1 0 0 na na
10 61580.594350308992 0.044745899544 cfg1 2 1 0 0 na na
10 61580.595350306398 0.044745922358 cfg1 2 1 0 0 na na
10 61580.670350335018 0.044746283864 cfg1 2 1 0 0 na na
10 61580.678350347494 0.044746305331 cfg1 2 1 0 0 na na
10 61580.714350335996 0.044746480759 cfg1 2 1 0 0 na na
10 61580.735350263210 0.044746599470 cfg1 2 1 0 0 na na
10 61580.737350346149 0.044746601024 cfg1 2 1 0 0 na na
10 61580.750350294131 0.044746658993 cfg1 2 1 0 0 na na
10 61580.767350397535 0.044746751137 cfg1 2 1 0 0 na na
10 61580.793350301837 0.044746879274 cfg1 2 1 0 0 na na
10 61580.834350312185 0.044747076824 cfg1 2 1 0 0 na na
10 61580.853350288009 0.044747165063 cfg1 2 1 0 0 na na
10 61580.899350337493 0.044747390489 cfg1 2 1 0 0 na na
10 61580.965350299579 0.044747731210 cfg1 2 1 0 0 na na
10 61580.988350325832 0.044747831448 cfg1 2 1 0 0 na na
10 61581.002350329112 0.044747903142 cfg1 2 1 0 0 na na
10 61581.022350403280 0.044748003540 cfg1 2 1 0 0 na na
10 61581.023350321834 0.044748017312 cfg1 2 1 0 0 na na
10 61581.064350326787 0.044748203824 cfg1 2 1 0 0 na na
10 61581.066350264132 0.044748213831 cfg1 2 1 0 0 na na
10 61581.076350263712 0.044748284143 cfg1 2 1 0 0 na na
10 61581.103350330173 0.044748414081 cfg1 2 1 0 0 na na
10 61581.105350328675 0.044748431880 cfg1 2 1 0 0 na na
10 61581.172350274291 0.044748734710 cfg1 2 1 0 0 na na
10 61581.174350353533 0.044748752463 cfg1 2 1 0 0 na na
10 61581.183350344802 0.044748805186 cfg1 2 1 0 0 na na
10 61581.203350298381 0.044748899820 cfg1 2 1 0 0 na na
10 61581.218350283579 0.044748988464 cfg1 2 1 0 0 na na
10 61581.281350306531 0.044749292477 cfg1 2 1 0 0 na na
10 61581.302350257605 0.044749384360 cfg1 2 1 0 0 na na
10 61581.308350263214 0.044749408895 cfg1 2 1 0 0 na na
10 61581.312350339646 0.044749444843 cfg1 2 1 0 0 na na
10 61581.372350268183 0.044749722720 cfg1 2 1 0 0 na na
10 61581.399350318001 0.044749860441 cfg1 2 1 0 0 na na
10 61581.403350337374 0.044749884901 cfg1 2 1 0 0 na na
10 61581.408350358424 0.044749906855 cfg1 2 1 0 0 na na
10 61581.452350285854 0.044750124873 cfg1 2 1 0 0 na na
10 61581.468350314535 0.044750215816 cfg1 2 1 0 0 na na
10 61581.483350291090 0.044750270683 cfg1 2 1 0 0 na na
10 61581.508350283526 0.044750414249 cfg1 2 1 0 0 na na
10 61581.515350294614 0.044750453733 cfg1 2 1 0 0 na na
10 61581.520350294955 0.044750463990 cfg1 2 1 0 0 na na
10 61581.594350322680 0.044750825722 cfg1 2 1 0 0 na na
10 61581.617350314800 0.044750949468 cfg1 2 1 0 0 na na
10 61581.635350308426 0.044751045328 cfg1 2 1 0 0 na na
10 61581.827350297442 0.044751989476 cfg1 2 1 0 0 na na
10 61581.829350333529 0.044752002740 cfg1 2 1 0 0 na na
10 61581.856350323915 0.044752132229 cfg1 2 1 0 0 na na
10 61581.867350290205 0.044752162015 cfg1 2 1 0 0 na na
10 61581.869350315642 0.044752172626 cfg1 2 1 0 0 na na
10 61581.872350332500 0.044752207342 cfg1 2 1 0 0 na na
10 61581.889350289350 0.044752299104 cfg1 2 1 0 0 na na
10 61581.893350300447 0.044752311239 cfg1 2 1 0 0 na na
10 61581.934350296949 0.044752506123 cfg1 2 1 0 0 na na
10 61581.948350334901 0.044752565985 cfg1 2 1 0 0 na na
10 61581.963350287900 0.044752640980 cfg1 2 1 0 0 na na
10 61582.041350322520 0.044753042865 cfg1 2 1 0 0 na na
10 61582.051350361479 0.044753085280 cfg1 2 1 0 0 na na
10 61582.091350337960 0.044753276099 cfg1 2 1 0 0 na na
10 61582.138350264920 0.044753509714 cfg1 2 1 0 0 na na
10 61582.200350276971 0.044753821080 cfg1 2 1 0 0 na na
10 61582.211350313377 0.044753878868 cfg1 2 1 0 0 na na
10 61582.234350262739 0.044753984214 cfg1 2 1 0 0 na na
10 61582.410350296518 0.044754859484 cfg1 2 1 0 0 na na
10 61582.424350313299 0.044754922580 cfg1 2 1 0 0 na na
10 61582.434350317912 0.044754985627 cfg1 2 1 0 0 na na
10 61582.437350259255 0.044754987646 cfg1 2 1 0 0 na na
10 61582.447350301840 0.044755054420 cfg1 2 1 0 0 na na
10 61582.450350270205 0.044755068605 cfg1 2 1 0 0 na na
10 61582.453350295863 0.044755070156 cfg1 2 1 0 0 na na
10 61582.459350304111 0.044755090836 cfg1 2 1 0 0 na na
10 61582.477350260631 0.044755197183 cfg1 2 1 0 0 na na
10 61582.503350335525 0.044755315089 cfg1 2 1 0 0 na na
10 61582.504350299564 0.044755330417 cfg1 2 1 0 0 na na
10 61582.515350339441 0.044755382677 cfg1 2 1 0 0 na na
10 61582.554350301528 0.044755563943 cfg1 2 1 0 0 na na
10 61582.597350338147 0.044755777988 cfg1 2 1 0 0 na na
10 61582.609350328642 0.044755832701 cfg1 2 1 0 0 na na
10 61582.620350279347 0.044755894015 cfg1 2 1 0 0 na na
10 61582.621350334116 0.044755902749 cfg1 2 1 0 0 na na
10 61582.651350340167 0.044756053105 cfg1 2 1 0 0 na na
10 61582.654350334121 0.044756073233 cfg1 2 1 0 0 na na
10 61582.702350281741 0.044756288369 cfg1 2 1 0 0 na na
10 61582.706350316540 0.044756326190 cfg1 2 1 0 0 na na
10 61582.708350313263 0.044756323009 cfg1 2 1 0 0 na na
10 61582.717350295801 0.044756387283 cfg1 2 1 0 0 na na
10 61582.739350308904 0.044756495861 cfg1 2 1 0 0 na na
10 61582.740350314274 0.044756476167 cfg1 2 1 0 0 na na
10 61582.754350354323 0.044756565270 cfg1 2 1 0 0 na na
10 61582.804350306118 0.044756794713 cfg1 2 1 0 0 na na
10 61582.810350361891 0.044756833257 cfg1 2 1 0 0 na na
10 61582.814350325885 0.044756848690 cfg1 2 1 0 0 na na
10 61582.818350337210 0.044756872878 cfg1 2 1 0 0 na na
10 61582.819350263196 0.044756887643 cfg1 2 1 0 0 na na
10 61582.827350372344 0.044756921968 cfg1 2 1 0 0 na na
10 61582.927350319721 0.044757404492 cfg1 2 1 0 0 na na
10 61582.956350317933 0.044757560010 cfg1 2 1 0 0 na na
10 61582.967350320329 0.044757609175 cfg1 2 1 0 0 na na
10 61582.969350280670 0.044757632491 cfg1 2 1 0 0 na na
10 61582.983350278366 0.044757685556 cfg1 2 1 0 0 na na
10 61582.987350307226 0.044757724052 cfg1 2 1 0 0 na na
10 61583.107350286782 0.044758312651 cfg1 2 1 0 0 na na
10 61583.119350289846 0.044758377566 cfg1 2 1 0 0 na na
10 61583.125350317475 0.044758398468 cfg1 2 1 0 0 na na
10 61583.130350288336 0.044758414258 cfg1 2 1 0 0 na na
10 61583.225350310239 0.044758884002 cfg1 2 1 0 0 na na
10 61583.231350254184 0.044758922684 cfg1 2 1 0 0 na na
10 61583.240350368684 0.044758963767 cfg1 2 1 0 0 na na
10 61583.275350268564 0.044759123450 cfg1 2 1 0 0 na na
10 61583.314350314501 0.044759320689 cfg1 2 1 0 0 na na
10 61583.325350287128 0.044759396864 cfg1 2 1 0 0 na na
10 61583.327350270609 0.044759404471 cfg1 2 1 0 0 na na
10 61583.345350298590 0.044759496732 cfg1 2 1 0 0 na na
10 61583.350350272607 0.044759500342 cfg1 2 1 0 0 na na
10 61583.352350275601 0.044759513849 cfg1 2 1 0 0 na na
10 61583.515350245060 0.044760336793 cfg1 2 1 0 0 na na
10 61583.615350322785 0.044760823528 cfg1 2 1 0 0 na na
10 61583.682350355724 0.044761156189 cfg1 2 1 0 0 na na
10 61583.702350288090 0.044761240370 cfg1 2 1 0 0 na na
10 61583.908350349335 0.044762288956 cfg1 2 1 0 0 na na
10 61583.937350282289 0.044762424888 cfg1 2 1 0 0 na na
10 61583.976350269336 0.044762613009 cfg1 2 1 0 0 na na
10 61583.984350291655 0.044762654586 cfg1 2 1 0 0 na na
10 61584.013350394104 0.044762787864 cfg1 2 1 0 0 na na
10 61584.059350295182 0.044763015451 cfg1 2 1 0 0 na na
10 61584.078350279631 0.044763109031 cfg1 2 1 0 0 na na
10 61584.144350296864 0.044763447170 cfg1 2 1 0 0 na na
10 61584.261350305931 0.044764030817 cfg1 2 1 0 0 na na
10 61584.275350285319 0.044764094435 cfg1 2 1 0 0 na na
10 61584.464350330013 0.044765024626 cfg1 2 1 0 0 na na
10 61584.468350310716 0.044765040972 cfg1 2 1 0 0 na na
10 61584.592350357531 0.044765682824 cfg1 2 1 0 0 na na
10 61584.624350325304 0.044765824788 cfg1 2 1 0 0 na na
10 61584.628350363383 0.044765837529 cfg1 2 1 0 0 na na
10 61584.631350296042 0.044765855075 cfg1 2 1 0 0 na na
10 61584.702350322034 0.044766202612 cfg1 2 1 0 0 na na
10 61584.744350306277 0.044766417871 cfg1 2 1 0 0 na na
10 61584.797350293195 0.044766687997 cfg1 2 1 0 0 na na
10 61584.824350297336 0.044766808421 cfg1 2 1 0 0 na na
10 61584.839350325775 0.044766896114 cfg1 2 1 0 0 na na
10 61584.893350294346 0.044767177924 cfg1 2 1 0 0 na na
10 61584.913350259975 0.044767262070 cfg1 2 1 0 0 na na
10 61584.964350342726 0.044767530850 cfg1 2 1 0 0 na na
10 61584.983350340762 0.044767610831 cfg1 2 1 0 0 na na
10 61584.988350308051 0.044767633059 cfg1 2 1 0 0 na na
10 61584.990350286503 0.044767647939 cfg1 2 1 0 0 na na
10 61585.162350264637 0.044768516488 cfg1 2 1 0 0 na na
10 61585.192350308237 0.044768658199 cfg1 2 1 0 0 na na
10 61585.207350281750 0.044768734225 cfg1 2 1 0 0 na na
10 61585.229350318525 0.044768823020 cfg1 2 1 0 0 na na
10 61585.264350277729 0.044769004507 cfg1 2 1 0 0 na na
10 61585.266350351961 0.044769016524 cfg1 2 1 0 0 na na
10 61585.271350268412 0.044769033965 cfg1 2 1 0 0 na na
10 61585.286350301420 0.044769134006 cfg1 2 1 0 0 na na
10 61585.307350267802 0.044769214075 cfg1 2 1 0 0 na na
10 61585.332350397319 0.044769361420 cfg1 2 1 0 0 na na
10 61585.346350295091 0.044769408825 cfg1 2 1 0 0 na na
10 61585.365350293207 0.044769516085 cfg1 2 1 0 0 na na
10 61585.408350300819 0.044769727949 cfg1 2 1 0 0 na na
10 61585.496350387635 0.044770171165 cfg1 2 1 0 0 na na
10 61585.654350278395 0.044770939649 cfg1 2 1 0 0 na na
10 61585.681350282211 0.044771093561 cfg1 2 1 0 0 na na
10 61585.717350310943 0.044771266912 cfg1 2 1 0 0 na na
10 61585.771350302631 0.044771536390 cfg1 2 1 0 0 na na
10 61585.772350297874 0.044771538697 cfg1 2 1 0 0 na na
10 61585.786350310994 0.044771619802 cfg1 2 1 0 0 na na
10 61585.792350342373 0.044771633584 cfg1 2 1 0 0 na na
10 61585.843350288656 0.044771896487 cfg1 2 1 0 0 na na
10 61585.886350337924 0.044772120923 cfg1 2 1 0 0 na na
10 61585.920350328454 0.044772293568 cfg1 2 1 0 0 na na
10 61585.950350336341 0.044772428400 cfg1 2 1 0 0 na na
10 61585.968350326268 0.044772519533 cfg1 2 1 0 0 na na
10 61585.977350338461 0.044772564894 cfg1 2 1 0 0 na na
10 61585.993350277822 0.044772632235 cfg1 2 1 0 0 na na
10 61585.999350277259 0.044772686296 cfg1 2 1 0 0 na na
10 61586.010350303563 0.044772736487 cfg1 2 1 0 0 na na
10 61586.011350292261 0.044772732984 cfg1 2 1 0 0 na na
10 61586.014350354782 0.044772737903 cfg1 2 1 0 0 na na
10 61586.077350365793 0.044773056497 cfg1 2 1 0 0 na na
10 61586.133350282923 0.044773346191 cfg1 2 1 0 0 na na
10 61586.134350331312 0.044773353276 cfg1 2 1 0 0 na na
10 61586.137350262888 0.044773353942 cfg1 2 1 0 0 na na
10 61586.144350299752 0.044773396447 cfg1 2 1 0 0 na na
10 61586.170350338298 0.044773519918 cfg1 2 1 0 0 na na
10 61586.180350341788 0.044773565349 cfg1 2 1 0 0 na na
10 61586.199350252285 0.044773674716 cfg1 2 1 0 0 na na
10 61586.214350274997 0.044773754550 cfg1 2 1 0 0 na na
10 61586.216350258676 0.044773755409 cfg1 2 1 0 0 na na
10 61586.222350327361 0.044773795983 cfg1 2 1 0 0 na na
10 61586.223350268312 0.044773778725 cfg1 2 1 0 0 na na
10 61586.229350302411 0.044773818498 cfg1 2 1 0 0 na na
10 61586.259350371619 0.044773958888 cfg1 2 1 0 0 na na
10 61586.298350269713 0.044774173584 cfg1 2 1 0 0 na na
10 61586.309350301996 0.044774226532 cfg1 2 1 0 0 na na
10 61586.357350284892 0.044774471539 cfg1 2 1 0 0 na na
10 61586.375350314396 0.044774537536 cfg1 2 1 0 0 na na
10 61586.388350351980 0.044774618958 cfg1 2 1 0 0 na na
10 61586.394350327871 0.044774650274 cfg1 2 1 0 0 na na
10 61586.397350329866 0.044774647399 cfg1 2 1 0 0 na na
10 61586.402350254790 0.044774682113 cfg1 2 1 0 0 na na
10 61586.422350296950 0.044774775537 cfg1 2 1 0 0 na na
10 61586.423350321130 0.044774799202 cfg1 2 1 0 0 na na
10 61586.436350336701 0.044774861879 cfg1 2 1 0 0 na na
10 61586.443350283160 0.044774892622 cfg1 2 1 0 0 na na
10 61586.484350281592 0.044775078368 cfg1 2 1 0 0 na na
10 61586.498350310094 0.044775167349 cfg1 2 1 0 0 na na
10 61586.527350336825 0.044775318434 cfg1 2 1 0 0 na na
10 61586.532350351023 0.044775320200 cfg1 2 1 0 0 na na
10 61586.543350329337 0.044775382592 cfg1 2 1 0 0 na na
10 61586.545350275535 0.044775408243 cfg1 2 1 0 0 na na
10 61586.551350266767 0.044775415132 cfg1 2 1 0 0 na na
10 61586.552350259293 0.044775442878 cfg1 2 1 0 0 na na
10 61586.571350306281 0.044775531898 cfg1 2 1 0 0 na na
10 61586.577350291989 0.044775551696 cfg1 2 1 0 0 na na
10 61586.590350315687 0.044775632366 cfg1 2 1 0 0 na na
10 61586.593350260624 0.044775631466 cfg1 2 1 0 0 na na
10 61586.599350326890 0.044775667032 cfg1 2 1 0 0 na na
10 61586.600350294671 0.044775683775 cfg1 2 1 0 0 na na
10 61586.607350300536 0.044775721612 cfg1 2 1 0 0 na na
10 61586.609350287928 0.044775702013 cfg1 2 1 0 0 na na
10 61586.611350327199 0.044775714068 cfg1 2 1 0 0 na na
10 61586.646350264242 0.044775900874 cfg1 2 1 0 0 na na
10 61586.667350297759 0.044775991281 cfg1 2 1 0 0 na na
10 61586.681350269806 0.044776085129 cfg1 2 1 0 0 na na
10 61586.693350308220 0.044776137865 cfg1 2 1 0 0 na na
10 61586.719350280510 0.044776265687 cfg1 2 1 0 0 na na
10 61586.730350325991 0.044776313872 cfg1 2 1 0 0 na na
10 61586.739350270103 0.044776351711 cfg1 2 1 0 0 na na
10 61586.756350332216 0.044776465137 cfg1 2 1 0 0 na na
10 61586.760350350334 0.044776473708 cfg1 2 1 0 0 na na
10 61586.775350300479 0.044776551166 cfg1 2 1 0 0 na na
10 61586.782350267087 0.044776569868 cfg1 2 1 0 0 na na
10 61586.797350338885 0.044776666074 cfg1 2 1 0 0 na na
10 61586.804350301701 0.044776695329 cfg1 2 1 0 0 na na
10 61586.806350260373 0.044776713687 cfg1 2 1 0 0 na na
10 61586.814350282911 0.044776735918 cfg1 2 1 0 0 na na
10 61586.854350318906 0.044776930303 cfg1 2 1 0 0 na na
10 61586.887350279763 0.044777103527 cfg1 2 1 0 0 na na
10 61586.892350255071 0.044777126745 cfg1 2 1 0 0 na na
10 61586.913350328328 0.044777225282 cfg1 2 1 0 0 na na
10 61586.947350260534 0.044777396135 cfg1 2 1 0 0 na na
10 61586.954350283862 0.044777438284 cfg1 2 1 0 0 na na
10 61586.965350309390 0.044777507396 cfg1 2 1 0 0 na na
10 61586.967350293497 0.044777490045 cfg1 2 1 0 0 na na
10 61586.969350299640 0.044777511903 cfg1 2 1 0 0 na na
10 61586.993350304223 0.044777625387 cfg1 2 1 0 0 na na
10 61586.997350283631 0.044777645316 cfg1 2 1 0 0 na na
10 61587.023350339033 0.044777776346 cfg1 2 1 0 0 na na
10 61587.049350304250 0.044777910293 cfg1 2 1 0 0 na na
10 61587.059350332620 0.044777957894 cfg1 2 1 0 0 na na
10 61587.074350334055 0.044778029186 cfg1 2 1 0 0 na na
10 61587.079350289808 0.044778072830 cfg1 2 1 0 0 na na
10 61587.096350281961 0.044778161516 cfg1 2 1 0 0 na na
10 61587.098350253850 0.044778157966 cfg1 2 1 0 0 na na
10 61587.152350301345 0.044778427682 cfg1 2 1 0 0 na na
10 61587.159350336160 0.044778465619 cfg1 2 1 0 0 na na
10 61587.193350320181 0.044778629514 cfg1 2 1 0 0 na na
10 61587.227350265763 0.044778791095 cfg1 2 1 0 0 na na
10 61587.240350258487 0.044778863494 cfg1 2 1 0 0 na na
10 61587.271350280624 0.044779017065 cfg1 2 1 0 0 na na
10 61587.305350270386 0.044779204127 cfg1 2 1 0 0 na na
10 61587.330350330297 0.044779307860 cfg1 2 1 0 0 na na
10 61587.348350325107 0.044779403898 cfg1 2 1 0 0 na na
10 61587.350350294859 0.044779422387 cfg1 2 1 0 0 na na
10 61587.353350270514 0.044779425460 cfg1 2 1 0 0 na na
10 61587.364350293017 0.044779476072 cfg1 2 1 0 0 na na
10 61587.409350272054 0.044779722774 cfg1 2 1 0 0 na na
10 61587.474350331150 0.044780039743 cfg1 2 1 0 0 na na
10 61587.503350320679 0.044780181733 cfg1 2 1 0 0 na na
10 61587.508350294740 0.044780203175 cfg1 2 1 0 0 na na
10 61587.531350288471 0.044780336147 cfg1 2 1 0 0 na na
10 61587.536350275505 0.044780349004 cfg1 2 1 0 0 na na
10 61587.542350342551 0.044780389504 cfg1 2 1 0 0 na na
10 61587.617350327021 0.044780759599 cfg1 2 1 0 0 na na
10 61587.622350338674 0.044780786050 cfg1 2 1 0 0 na na
10 61587.632350332366 0.044780834336 cfg1 2 1 0 0 na na
10 61587.676350267596 0.044781039343 cfg1 2 1 0 0 na na
10 61587.700350298865 0.044781169033 cfg1 2 1 0 0 na na
10 61587.707350261840 0.044781200162 cfg1 2 1 0 0 na na
10 61587.718350290261 0.044781261800 cfg1 2 1 0 0 na na
10 61587.738350327238 0.044781355844 cfg1 2 1 0 0 na na
10 61587.744350348874 0.044781386450 cfg1 2 1 0 0 na na
10 61587.745350260994 0.044781390833 cfg1 2 1 0 0 na na
10 61587.753350260791 0.044781431215 cfg1 2 1 0 0 na na
10 61587.754350283370 0.044781437784 cfg1 2 1 0 0 na na
10 61587.821350292347 0.044781788353 cfg1 2 1 0 0 na na
10 61587.830350257864 0.044781819048 cfg1 2 1 0 0 na na
10 61587.852350347521 0.044781934015 cfg1 2 1 0 0 na na
10 61587.865350275065 0.044781993994 cfg1 2 1 0 0 na na
10 61587.913350279865 0.044782238028 cfg1 2 1 0 0 na na
10 61587.925350326186 0.044782297043 cfg1 2 1 0 0 na na
10 61587.931350283148 0.044782317584 cfg1 2 1 0 0 na na
10 61587.942350289232 0.044782385394 cfg1 2 1 0 0 na na
10 61587.962350246871 0.044782489998 cfg1 2 1 0 0 na na
10 61587.966350272813 0.044782492355 cfg1 2 1 0 0 na na
10 61587.971350335759 0.044782530906 cfg1 2 1 0 0 na na
10 61588.017350338875 0.044782754379 cfg1 2 1 0 0 na na
10 61588.019350272731 0.044782768412 cfg1 2 1 0 0 na na
10 61588.021350301606 0.044782778288 cfg1 2 1 0 0 na na
10 61588.029350250838 0.044782821114 cfg1 2 1 0 0 na na
10 61588.037350264579 0.044782847189 cfg1 2 1 0 0 na na
10 61588.039350314626 0.044782864819 cfg1 2 1 0 0 na na
10 61588.054350310569 0.044782939541 cfg1 2 1 0 0 na na
10 61588.096350302439 0.044783167907 cfg1 2 1 0 0 na na
10 61588.101350337977 0.044783179763 cfg1 2 1 0 0 na na
10 61588.117350261836 0.044783254919 cfg1 2 1 0 0 na na
10 61588.123350326393 0.044783296576 cfg1 2 1 0 0 na na
10 61588.131350269290 0.044783317826 cfg1 2 1 0 0 na na
10 61588.133350343505 0.044783331504 cfg1 2 1 0 0 na na
10 61588.155350280156 0.044783437848 cfg1 2 1 0 0 na na
10 61588.169350321645 0.044783522494 cfg1 2 1 0 0 na na
10 61588.171350285152 0.044783522453 cfg1 2 1 0 0 na na
10 61588.184350307350 0.044783600800 cfg1 2 1 0 0 na na
10 61588.218350384247 0.044783754422 cfg1 2 1 0 0 na na
10 61588.233350315496 0.044783841149 cfg1 2 1 0 0 na na
10 61588.252350310897 0.044783923579 cfg1 2 1 0 0 na na
10 61588.283350374899 0.044784083321 cfg1 2 1 0 0 na na
10 61588.286350333582 0.044784100594 cfg1 2 1 0 0 na na
10 61588.307350320493 0.044784207557 cfg1 2 1 0 0 na na
10 61588.316350309873 0.044784243337 cfg1 2 1 0 0 na na
10 61588.323350315583 0.044784299384 cfg1 2 1 0 0 na na
10 61588.339350333032 0.044784370355 cfg1 2 1 0 0 na na
10 61588.341350328739 0.044784385649 cfg1 2 1 0 0 na na
10 61588.355350360086 0.044784463890 cfg1 2 1 0 0 na na
10 61588.370350303310 0.044784518227 cfg1 2 1 0 0 na na
10 61588.401350299401 0.044784671311 cfg1 2 1 0 0 na na
10 61588.407350339786 0.044784718967 cfg1 2 1 0 0 na na
10 61588.421350295342 0.044784791896 cfg1 2 1 0 0 na na
10 61588.424350294546 0.044784802773 cfg1 2 1 0 0 na na
10 61588.431350242983 0.044784843934 cfg1 2 1 0 0 na na
10 61588.435350300042 0.044784840836 cfg1 2 1 0 0 na na
10 61588.442350262344 0.044784879577 cfg1 2 1 0 0 na na
10 61588.448350295156 0.044784912920 cfg1 2 1 0 0 na na
10 61588.453350276557 0.044784950644 cfg1 2 1 0 0 na na
10 61588.464350290239 0.044785003902 cfg1 2 1 0 0 na na
10 61588.499350282360 0.044785175574 cfg1 2 1 0 0 na na
10 61588.538350296833 0.044785369246 cfg1 2 1 0 0 na na
10 61588.549350318916 0.044785416236 cfg1 2 1 0 0 na na
10 61588.553350260214 0.044785442065 cfg1 2 1 0 0 na na
10 61588.564350297118 0.044785506192 cfg1 2 1 0 0 na na
10 61588.577350252611 0.044785572851 cfg1 2 1 0 0 na na
10 61588.595350303132 0.044785662954 cfg1 2 1 0 0 na na
10 61588.604350309922 0.044785693294 cfg1 2 1 0 0 na na
10 61588.612350258360 0.044785752020 cfg1 2 1 0 0 na na
10 61588.640350321011 0.044785891658 cfg1 2 1 0 0 na na
10 61588.674350312890 0.044786043021 cfg1 2 1 0 0 na na
10 61588.706350342783 0.044786224231 cfg1 2 1 0 0 na na
10 61588.714350331411 0.044786256999 cfg1 2 1 0 0 na na
10 61588.729350308093 0.044786339005 cfg1 2 1 0 0 na na
10 61588.743350325601 0.044786386666 cfg1 2 1 0 0 na na
10 61588.746350254062 0.044786413060 cfg1 2 1 0 0 na na
10 61588.758350314567 0.044786484754 cfg1 2 1 0 0 na na
10 61588.762350318540 0.044786493976 cfg1 2 1 0 0 na na
10 61588.763350274388 0.044786491936 cfg1 2 1 0 0 na na
10 61588.777350252565 0.044786574485 cfg1 2 1 0 0 na na
10 61588.779350280075 0.044786569009 cfg1 2 1 0 0 na na
10 61588.787350319943 0.044786607416 cfg1 2 1 0 0 na na
10 61588.796350304822 0.044786672327 cfg1 2 1 0 0 na na
10 61588.799350315609 0.044786690568 cfg1 2 1 0 0 na na
10 61588.802350272128 0.044786705176 cfg1 2 1 0 0 na na
10 61588.849350348443 0.044786924336 cfg1 2 1 0 0 na na
10 61588.852350303707 0.044786942291 cfg1 2 1 0 0 na na
10 61588.878350292115 0.044787070608 cfg1 2 1 0 0 na na
10 61588.886350328785 0.044787116825 cfg1 2 1 0 0 na na
10 61588.905350326362 0.044787222721 cfg1 2 1 0 0 na na
10 61588.922350292642 0.044787289508 cfg1 2 1 0 0 na na
10 61588.926350264102 0.044787307688 cfg1 2 1 0 0 na na
10 61588.943350299865 0.044787405391 cfg1 2 1 0 0 na na
10 61588.944350266493 0.044787395597 cfg1 2 1 0 0 na na
10 61588.963350276838 0.044787516843 cfg1 2 1 0 0 na na
10 61588.972350243485 0.044787558729 cfg1 2 1 0 0 na na
10 61588.989350272680 0.044787637543 cfg1 2 1 0 0 na na
10 61589.003350312557 0.044787696912 cfg1 2 1 0 0 na na
10 61589.017350334855 0.044787762693 cfg1 2 1 0 0 na na
10 61589.019350244899 0.044787792046 cfg1 2 1 0 0 na na
10 61589.046350326239 0.044787912959 cfg1 2 1 0 0 na na
10 61589.054350268252 0.044787960144 cfg1 2 1 0 0 na na
10 61589.090350314856 0.044788142590 cfg1 2 1 0 0 na na
10 61589.093350282977 0.044788165461 cfg1 2 1 0 0 na na
10 61589.098350285246 0.044788168826 cfg1 2 1 0 0 na na
10 61589.102350297517 0.044788193014 cfg1 2 1 0 0 na na
10 61589.135350264532 0.044788357469 cfg1 2 1 0 0 na na
10 61589.153350287699 0.044788457641 cfg1 2 1 0 0 na na
10 61589.225350290260 0.044788827499 cfg1 2 1 0 0 na na
10 61589.260350326579 0.044789004731 cfg1 2 1 0 0 na na
10 61589.268350297667 0.044789042741 cfg1 2 1 0 0 na na
10 61589.304350263204 0.044789208740 cfg1 2 1 0 0 na na
10 61589.331350287522 0.044789337878 cfg1 2 1 0 0 na na
10 61589.342350273610 0.044789400609 cfg1 2 1 0 0 na na
10 61589.351350268533 0.044789445916 cfg1 2 1 0 0 na na
10 61589.378350290924 0.044789601953 cfg1 2 1 0 0 na na
10 61589.383350261725 0.044789626814 cfg1 2 1 0 0 na na
10 61589.410350330727 0.044789757657 cfg1 2 1 0 0 na na
10 61589.426350263779 0.044789823034 cfg1 2 1 0 0 na na
10 61589.441350311875 0.044789919003 cfg1 2 1 0 0 na na
10 61589.460350295000 0.044790005323 cfg1 2 1 0 0 na na
10 61589.466350337460 0.044790033353 cfg1 2 1 0 0 na na
10 61589.467350309596 0.044790030655 cfg1 2 1 0 0 na na
10 61589.479350266305 0.044790085453 cfg1 2 1 0 0 na na
10 61589.495350301845 0.044790173352 cfg1 2 1 0 0 na na
10 61589.515350321963 0.044790291670 cfg1 2 1 0 0 na na
10 61589.529350261730 0.044790340429 cfg1 2 1 0 0 na na
10 61589.531350308869 0.044790355983 cfg1 2 1 0 0 na na
10 61589.547350267232 0.044790431134 cfg1 2 1 0 0 na na
10 61589.554350292292 0.044790475864 cfg1 2 1 0 0 na na
10 61589.574350290740 0.044790585096 cfg1 2 1 0 0 na na
10 61589.593350263571 0.044790663374 cfg1 2 1 0 0 na na
10 61589.596350286648 0.044790682719 cfg1 2 1 0 0 na na
10 61589.597350309351 0.044790698291 cfg1 2 1 0 0 na na
10 61589.602350273668 0.044790721791 cfg1 2 1 0 0 na na
10 61589.611350271101 0.044790769783 cfg1 2 1 0 0 na na
10 61589.643350329613 0.044790922333 cfg1 2 1 0 0 na na
10 61589.647350338839 0.044790955727 cfg1 2 1 0 0 na na
10 61589.666350267377 0.044791024555 cfg1 2 1 0 0 na na
10 61589.695350252877 0.044791186357 cfg1 2 1 0 0 na na
10 61589.715350313332 0.044791288015 cfg1 2 1 0 0 na na
10 61589.753350277100 0.044791473543 cfg1 2 1 0 0 na na
10 61589.782350279506 0.044791634300 cfg1 2 1 0 0 na na
10 61589.843350258755 0.044791923895 cfg1 2 1 0 0 na na
10 61589.849350312352 0.044791962983 cfg1 2 1 0 0 na na
10 61589.863350258053 0.044792023970 cfg1 2 1 0 0 na na
10 61589.871350258090 0.044792063803 cfg1 2 1 0 0 na na
10 61589.884350267448 0.044792138722 cfg1 2 1 0 0 na na
10 61589.888350322354 0.044792159061 cfg1 2 1 0 0 na na
10 61589.892350320368 0.044792166799 cfg1 2 1 0 0 na na
10 61589.897350271878 0.044792209566 cfg1 2 1 0 0 na na
10 61589.924350303182 0.044792341066 cfg1 2 1 0 0 na na
10 61589.934350289381 0.044792395244 cfg1 2 1 0 0 na na
10 61589.972350288622 0.044792573370 cfg1 2 1 0 0 na na
10 61589.996350302703 0.044792710154 cfg1 2 1 0 0 na na
10 61589.997350267109 0.044792691807 cfg1 2 1 0 0 na na
10 61590.038350261898 0.044792912255 cfg1 2 1 0 0 na na
10 61590.043350318410 0.044792925324 cfg1 2 1 0 0 na na
10 61590.045350291245 0.044792946635 cfg1 2 1 0 0 na na
10 61590.069350249559 0.044793073956 cfg1 2 1 0 0 na na
10 61590.083350305790 0.044793129147 cfg1 2 1 0 0 na na
10 61590.100350250411 0.044793230014 cfg1 2 1 0 0 na na
10 61590.116350281821 0.044793296183 cfg1 2 1 0 0 na na
10 61590.130350297717 0.044793373144 cfg1 2 1 0 0 na na
10 61590.147350261328 0.044793450304 cfg1 2 1 0 0 na na
10 61590.148350321850 0.044793467355 cfg1 2 1 0 0 na na
10 61590.247350329652 0.044793948592 cfg1 2 1 0 0 na na
10 61590.251350265956 0.044793994828 cfg1 2 1 0 0 na na
10 61590.256350350727 0.044794011376 cfg1 2 1 0 0 na na
10 61590.257350248745 0.044794018417 cfg1 2 1 0 0 na na
10 61590.283350291038 0.044794140988 cfg1 2 1 0 0 na na
10 61590.293350248848 0.044794198227 cfg1 2 1 0 0 na na
10 61590.296350264482 0.044794202678 cfg1 2 1 0 0 na na
10 61590.304350314785 0.044794255039 cfg1 2 1 0 0 na na
10 61590.309350314753 0.044794274017 cfg1 2 1 0 0 na na
10 61590.313350373798 0.044794288689 cfg1 2 1 0 0 na na
10 61590.320350299145 0.044794335657 cfg1 2 1 0 0 na na
10 61590.323350253516 0.044794357953 cfg1 2 1 0 0 na na
10 61590.333350267846 0.044794384054 cfg1 2 1 0 0 na na
10 61590.344350328941 0.044794461032 cfg1 2 1 0 0 na na
10 61590.345350265429 0.044794446358 cfg1 2 1 0 0 na na
10 61590.374350314943 0.044794600704 cfg1 2 1 0 0 na na
10 61590.376350305662 0.044794606769 cfg1 2 1 0 0 na na
10 61590.392350295999 0.044794689944 cfg1 2 1 0 0 na na
10 61590.406350251859 0.044794764910 cfg1 2 1 0 0 na na
10 61590.409350320924 0.044794785876 cfg1 2 1 0 0 na na
10 61590.420350311288 0.044794832511 cfg1 2 1 0 0 na na
10 61590.421350315791 0.044794828749 cfg1 2 1 0 0 na na
10 61590.437350322697 0.044794932188 cfg1 2 1 0 0 na na
10 61590.447350320065 0.044794969017 cfg1 2 1 0 0 na na
10 61590.462350265540 0.044795036837 cfg1 2 1 0 0 na na
10 61590.464350257619 0.044795053982 cfg1 2 1 0 0 na na
10 61590.465350308013 0.044795065092 cfg1 2 1 0 0 na na
10 61590.467350343673 0.044795072317 cfg1 2 1 0 0 na na
10 61590.484350297960 0.044795149644 cfg1 2 1 0 0 na na
10 61590.490350269934 0.044795172069 cfg1 2 1 0 0 na na
10 61590.492350288766 0.044795192258 cfg1 2 1 0 0 na na
10 61590.496350293695 0.044795201279 cfg1 2 1 0 0 na na
10 61590.501350274500 0.044795231321 cfg1 2 1 0 0 na na
10 61590.508350345910 0.044795290303 cfg1 2 1 0 0 na na
10 61590.517350299945 0.044795316463 cfg1 2 1 0 0 na na
10 61590.531350313453 0.044795399592 cfg1 2 1 0 0 na na
10 61590.535350325071 0.044795414095 cfg1 2 1 0 0 na na
10 61590.542350299561 0.044795438605 cfg1 2 1 0 0 na na
10 61590.546350316593 0.044795459095 cfg1 2 1 0 0 na na
10 61590.577350270634 0.044795611254 cfg1 2 1 0 0 na na
10 61590.579350315778 0.044795639070 cfg1 2 1 0 0 na na
10 61590.587350286487 0.044795686903 cfg1 2 1 0 0 na na
10 61590.608350288515 0.044795771675 cfg1 2 1 0 0 na na
10 61590.609350286337 0.044795791434 cfg1 2 1 0 0 na na
10 61590.652350309575 0.044795988168 cfg1 2 1 0 0 na na
10 61590.654350265634 0.044796001643 cfg1 2 1 0 0 na na
10 61590.679350280846 0.044796130063 cfg1 2 1 0 0 na na
10 61590.681350245806 0.044796161070 cfg1 2 1 0 0 na na
10 61590.695350291734 0.044796220148 cfg1 2 1 0 0 na na
10 61590.697350249585 0.044796237303 cfg1 2 1 0 0 na na
10 61590.705350285828 0.044796261809 cfg1 2 1 0 0 na na
10 61590.733350267731 0.044796414808 cfg1 2 1 0 0 na na
10 61590.749350306247 0.044796483326 cfg1 2 1 0 0 na na
10 61590.750350301304 0.044796484332 cfg1 2 1 0 0 na na
10 61590.769350304197 0.044796587083 cfg1 2 1 0 0 na na
10 61590.786350260688 0.044796671113 cfg1 2 1 0 0 na na
10 61590.787350326182 0.044796674589 cfg1 2 1 0 0 na na
10 61590.792350323167 0.044796713402 cfg1 2 1 0 0 na na
10 61590.804350318811 0.044796763907 cfg1 2 1 0 0 na na
10 61590.805350265892 0.044796766118 cfg1 2 1 0 0 na na
10 61590.824350271888 0.044796855007 cfg1 2 1 0 0 na na
10 61590.828350327740 0.044796898123 cfg1 2 1 0 0 na na
10 61590.834350326794 0.044796933933 cfg1 2 1 0 0 na na
10 61590.847350275338 0.044796987510 cfg1 2 1 0 0 na na
10 61590.892350276882 0.044797202255 cfg1 2 1 0 0 na na
10 61590.916350335870 0.044797329390 cfg1 2 1 0 0 na na
10 61590.928350265380 0.044797386654 cfg1 2 1 0 0 na na
10 61590.945350273783 0.044797472323 cfg1 2 1 0 0 na na
10 61590.965350317840 0.044797576649 cfg1 2 1 0 0 na na
10 61590.977350344582 0.044797651668 cfg1 2 1 0 0 na na
10 61590.981350304143 0.044797673046 cfg1 2 1 0 0 na na
10 61590.985350297889 0.044797674977 cfg1 2 1 0 0 na na
10 61590.987350349375 0.044797698579 cfg1 2 1 0 0 na na
10 61590.994350295718 0.044797721564 cfg1 2 1 0 0 na na
10 61590.996350287948 0.044797747195 cfg1 2 1 0 0 na na
10 61591.001350284688 0.044797761440 cfg1 2 1 0 0 na na
10 61591.024350265874 0.044797871256 cfg1 2 1 0 0 na na
10 61591.027350338406 0.044797885779 cfg1 2 1 0 0 na na
10 61591.028350258721 0.044797909829 cfg1 2 1 0 0 na na
10 61591.037350309694 0.044797946559 cfg1 2 1 0 0 na na
10 61591.074350299459 0.044798145923 cfg1 2 1 0 0 na na
10 61591.086350269316 0.044798189831 cfg1 2 1 0 0 na na
10 61591.116350254775 0.044798355362 cfg1 2 1 0 0 na na
10 61591.126350284945 0.044798405144 cfg1 2 1 0 0 na na
10 61591.154350302731 0.044798523199 cfg1 2 1 0 0 na na
10 61591.182350300226 0.044798687796 cfg1 2 1 0 0 na na
10 61591.191350255752 0.044798722312 cfg1 2 1 0 0 na na
10 61591.195350335201 0.044798754591 cfg1 2 1 0 0 na na
10 61591.199350264952 0.044798751762 cfg1 2 1 0 0 na na
10 61591.209350301360 0.044798821610 cfg1 2 1 0 0 na na
10 61591.222350290362 0.044798878816 cfg1 2 1 0 0 na na
10 61591.251350324939 0.044799015111 cfg1 2 1 0 0 na na
10 61591.258350250051 0.044799066829 cfg1 2 1 0 0 na na
10 61591.284350318964 0.044799188125 cfg1 2 1 0 0 na na
10 61591.288350347761 0.044799223301 cfg1 2 1 0 0 na na
10 61591.292350327434 0.044799242602 cfg1 2 1 0 0 na na
10 61591.305350264979 0.044799286796 cfg1 2 1 0 0 na na
10 61591.312350268915 0.044799317977 cfg1 2 1 0 0 na na
10 61591.313350339793 0.044799349529 cfg1 2 1 0 0 na na
10 61591.322350260619 0.044799376401 cfg1 2 1 0 0 na na
10 61591.328350268531 0.044799425494 cfg1 2 1 0 0 na na
10 61591.352350286872 0.044799520271 cfg1 2 1 0 0 na na
10 61591.374350280218 0.044799659065 cfg1 2 1 0 0 na na
10 61591.382350274393 0.044799682541 cfg1 2 1 0 0 na na
10 61591.396350294160 0.044799744584 cfg1 2 1 0 0 na na
10 61591.403350288107 0.044799798604 cfg1 2 1 0 0 na na
10 61591.407350286938 0.044799811136 cfg1 2 1 0 0 na na
10 61591.418350302921 0.044799881841 cfg1 2 1 0 0 na na
10 61591.419350298104 0.044799874662 cfg1 2 1 0 0 na na
10 61591.420350296095 0.044799883055 cfg1 2 1 0 0 na na
10 61591.426350323753 0.044799902403 cfg1 2 1 0 0 na na
10 61591.428350336125 0.044799931279 cfg1 2 1 0 0 na na
10 61591.437350307121 0.044799949203 cfg1 2 1 0 0 na na
10 61591.439350282575 0.044799959531 cfg1 2 1 0 0 na na
10 61591.464350268561 0.044800088274 cfg1 2 1 0 0 na na
10 61591.466350338236 0.044800117438 cfg1 2 1 0 0 na na
10 61591.475350322406 0.044800146523 cfg1 2 1 0 0 na na
10 61591.476350258534 0.044800161030 cfg1 2 1 0 0 na na
10 61591.482350294926 0.044800189474 cfg1 2 1 0 0 na na
10 61591.484350285505 0.044800199171 cfg1 2 1 0 0 na na
10 61591.486350272203 0.044800213205 cfg1 2 1 0 0 na na
10 61591.505350280374 0.044800307096 cfg1 2 1 0 0 na na
10 61591.506350260068 0.044800306984 cfg1 2 1 0 0 na na
10 61591.526350258372 0.044800408581 cfg1 2 1 0 0 na na
10 61591.536350288903 0.044800474549 cfg1 2 1 0 0 na na
10 61591.543350286998 0.044800495974 cfg1 2 1 0 0 na na
10 61591.549350347072 0.044800541304 cfg1 2 1 0 0 na na
10 61591.569350275679 0.044800629477 cfg1 2 1 0 0 na na
10 61591.574350287414 0.044800658219 cfg1 2 1 0 0 na na
10 61591.590350319115 0.044800732025 cfg1 2 1 0 0 na na
10 61591.629350302397 0.044800932825 cfg1 2 1 0 0 na na
10 61591.638350306450 0.044800978654 cfg1 2 1 0 0 na na
10 61591.652350286697 0.044801058902 cfg1 2 1 0 0 na na
10 61591.658350270896 0.044801073436 cfg1 2 1 0 0 na na
10 61591.665350308313 0.044801121948 cfg1 2 1 0 0 na na
10 61591.676350333507 0.044801159473 cfg1 2 1 0 0 na na
10 61591.678350307571 0.044801169015 cfg1 2 1 0 0 na na
10 61591.691350312493 0.044801239255 cfg1 2 1 0 0 na na
10 61591.700350252947 0.044801293996 cfg1 2 1 0 0 na na
10 61591.704350299433 0.044801326371 cfg1 2 1 0 0 na na
10 61591.712350306406 0.044801350116 cfg1 2 1 0 0 na na
10 61591.725350280046 0.044801423081 cfg1 2 1 0 0 na na
10 61591.735350301919 0.044801473545 cfg1 2 1 0 0 na na
10 61591.740350350365 0.044801483639 cfg1 2 1 0 0 na na
10 61591.743350287397 0.044801496227 cfg1 2 1 0 0 na na
10 61591.752350319163 0.044801554499 cfg1 2 1 0 0 na na
10 61591.758350268695 0.044801586713 cfg1 2 1 0 0 na na
10 61591.791350327725 0.044801765938 cfg1 2 1 0 0 na na
10 61591.826350275850 0.044801940523 cfg1 2 1 0 0 na na
10 61591.829350259930 0.044801942250 cfg1 2 1 0 0 na na
10 61591.840350292340 0.044802008879 cfg1 2 1 0 0 na na
10 61591.842350301304 0.044802019790 cfg1 2 1 0 0 na na
10 61591.847350243593 0.044802048356 cfg1 2 1 0 0 na na
10 61591.849350282118 0.044802053973 cfg1 2 1 0 0 na na
10 61591.859350299980 0.044802094906 cfg1 2 1 0 0 na na
10 61591.874350259912 0.044802166908 cfg1 2 1 0 0 na na
10 61591.885350289295 0.044802236568 cfg1 2 1 0 0 na na
10 61591.887350258136 0.044802233785 cfg1 2 1 0 0 na na
10 61591.902350335488 0.044802315790 cfg1 2 1 0 0 na na
10 61591.906350275240 0.044802320927 cfg1 2 1 0 0 na na
10 61591.912350265799 0.044802360873 cfg1 2 1 0 0 na na
10 61591.927350287364 0.044802433614 cfg1 2 1 0 0 na na
10 61591.959350257140 0.044802599642 cfg1 2 1 0 0 na na
10 61591.980350327677 0.044802715080 cfg1 2 1 0 0 na na
10 61592.021350346271 0.044802920682 cfg1 2 1 0 0 na na
10 61592.039350280235 0.044803020210 cfg1 2 1 0 0 na na
10 61592.043350294313 0.044803020714 cfg1 2 1 0 0 na na
10 61592.071350340916 0.044803180934 cfg1 2 1 0 0 na na
10 61592.079350305365 0.044803217938 cfg1 2 1 0 0 na na
10 61592.083350282127 0.044803244077 cfg1 2 1 0 0 na na
10 61592.096350277431 0.044803282985 cfg1 2 1 0 0 na na
10 61592.108350263256 0.044803348615 cfg1 2 1 0 0 na na
10 61592.110350278392 0.044803364456 cfg1 2 1 0 0 na na
10 61592.130350309012 0.044803472874 cfg1 2 1 0 0 na na
10 61592.133350285949 0.044803485332 cfg1 2 1 0 0 na na
10 61592.143350258502 0.044803528320 cfg1 2 1 0 0 na na
10 61592.273350326855 0.044804180940 cfg1 2 1 0 0 na na
10 61592.283350282290 0.044804232864 cfg1 2 1 0 0 na na
10 61592.295350310711 0.044804295686 cfg1 2 1 0 0 na na
10 61592.298350254979 0.044804317036 cfg1 2 1 0 0 na na
10 61592.310350290692 0.044804372550 cfg1 2 1 0 0 na na
10 61592.334350257921 0.044804493936 cfg1 2 1 0 0 na na
10 61592.352350342053 0.044804580318 cfg1 2 1 0 0 na na
10 61592.353350263036 0.044804588945 cfg1 2 1 0 0 na na
10 61592.355350291443 0.044804612841 cfg1 2 1 0 0 na na
10 61592.360350261114 0.044804644804 cfg1 2 1 0 0 na na
10 61592.368350336656 0.044804668961 cfg1 2 1 0 0 na na
10 61592.384350281321 0.044804746516 cfg1 2 1 0 0 na na
10 61592.424350311287 0.044804959459 cfg1 2 1 0 0 na na
10 61592.428350266301 0.044804965486 cfg1 2 1 0 0 na na
10 61592.437350312380 0.044805023204 cfg1 2 1 0 0 na na
10 61592.468350318298 0.044805174007 cfg1 2 1 0 0 na na
10 61592.485350265908 0.044805250970 cfg1 2 1 0 0 na na
10 61592.508350319412 0.044805373414 cfg1 2 1 0 0 na na
10 61592.514350331787 0.044805402094 cfg1 2 1 0 0 na na
10 61592.544350303522 0.044805569472 cfg1 2 1 0 0 na na
10 61592.545350285305 0.044805582412 cfg1 2 1 0 0 na na
10 61592.573350371236 0.044805706664 cfg1 2 1 0 0 na na
10 61592.580350310006 0.044805743264 cfg1 2 1 0 0 na na
10 61592.599350306019 0.044805830477 cfg1 2 1 0 0 na na
10 61592.601350309270 0.044805866656 cfg1 2 1 0 0 na na
10 61592.606350342299 0.044805887993 cfg1 2 1 0 0 na na
10 61592.610350260141 0.044805891730 cfg1 2 1 0 0 na na
10 61592.635350307097 0.044806032213 cfg1 2 1 0 0 na na
10 61592.639350290886 0.044806042559 cfg1 2 1 0 0 na na
10 61592.674350274301 0.044806209032 cfg1 2 1 0 0 na na
10 61592.675350294017 0.044806212724 cfg1 2 1 0 0 na na
10 61592.677350274082 0.044806247329 cfg1 2 1 0 0 na na
10 61592.678350362175 0.044806234343 cfg1 2 1 0 0 na na
10 61592.681350299376 0.044806263233 cfg1 2 1 0 0 na na
10 61592.686350329714 0.044806293163 cfg1 2 1 0 0 na na
10 61592.687350259309 0.044806282687 cfg1 2 1 0 0 na na
10 61592.694350290555 0.044806327089 cfg1 2 1 0 0 na na
10 61592.710350273392 0.044806405429 cfg1 2 1 0 0 na na
10 61592.712350296169 0.044806410468 cfg1 2 1 0 0 na na
10 61592.732350307569 0.044806512152 cfg1 2 1 0 0 na na
10 61592.746350302314 0.044806589251 cfg1 2 1 0 0 na na
10 61592.779350270688 0.044806748396 cfg1 2 1 0 0 na na
10 61592.780350312778 0.044806762326 cfg1 2 1 0 0 na na
10 61592.793350337574 0.044806831625 cfg1 2 1 0 0 na na
10 61592.795350259598 0.044806827309 cfg1 2 1 0 0 na na
10 61592.812350303751 0.044806924071 cfg1 2 1 0 0 na na
10 61592.817350373410 0.044806948851 cfg1 2 1 0 0 na na
10 61592.843350354050 0.044807090859 cfg1 2 1 0 0 na na
10 61592.852350306186 0.044807110609 cfg1 2 1 0 0 na na
10 61592.860350281547 0.044807150328 cfg1 2 1 0 0 na na
10 61592.863350304052 0.044807189069 cfg1 2 1 0 0 na na
10 61592.864350262528 0.044807174456 cfg1 2 1 0 0 na na
10 61592.870350268781 0.044807212481 cfg1 2 1 0 0 na na
10 61592.873350261786 0.044807231145 cfg1 2 1 0 0 na na
10 61592.886350280030 0.044807281087 cfg1 2 1 0 0 na na
10 61592.906350271937 0.044807396658 cfg1 2 1 0 0 na na
10 61592.909350346632 0.044807408143 cfg1 2 1 0 0 na na
10 61592.913350373128 0.044807443337 cfg1 2 1 0 0 na na
10 61592.941350340854 0.044807563544 cfg1 2 1 0 0 na na
10 61592.944350292175 0.044807587885 cfg1 2 1 0 0 na na
10 61592.950350369399 0.044807634618 cfg1 2 1 0 0 na na
10 61592.953350289623 0.044807630596 cfg1 2 1 0 0 na na
10 61592.988350289622 0.044807822201 cfg1 2 1 0 0 na na
10 61592.991350363893 0.044807828570 cfg1 2 1 0 0 na na
10 61593.017350337365 0.044807969788 cfg1 2 1 0 0 na na
10 61593.035350276030 0.044808064825 cfg1 2 1 0 0 na na
10 61593.066350304665 0.044808221333 cfg1 2 1 0 0 na na
10 61593.083350290766 0.044808304919 cfg1 2 1 0 0 na na
10 61593.115350349556 0.044808461166 cfg1 2 1 0 0 na na
10 61593.122350312157 0.044808486204 cfg1 2 1 0 0 na na
10 61593.123350308530 0.044808484493 cfg1 2 1 0 0 na na
10 61593.196350280995 0.044808866482 cfg1 2 1 0 0 na na
10 61593.204350286560 0.044808912606 cfg1 2 1 0 0 na na
10 61593.205350295345 0.044808918098 cfg1 2 1 0 0 na na
10 61593.219350241960 0.044808994842 cfg1 2 1 0 0 na na
10 61593.241350311831 0.044809084204 cfg1 2 1 0 0 na na
10 61593.244350284282 0.044809113389 cfg1 2 1 0 0 na na
10 61593.252350262159 0.044809149987 cfg1 2 1 0 0 na na
10 61593.314350265201 0.044809456725 cfg1 2 1 0 0 na na
10 61593.326350284300 0.044809538893 cfg1 2 1 0 0 na na
10 61593.335350286406 0.044809571239 cfg1 2 1 0 0 na na
10 61593.351350280526 0.044809649460 cfg1 2 1 0 0 na na
10 61593.411350295517 0.044809944183 cfg1 2 1 0 0 na na
10 61593.414350283787 0.044809981598 cfg1 2 1 0 0 na na
10 61593.415350299917 0.044809968767 cfg1 2 1 0 0 na na
10 61593.417350286197 0.044810001718 cfg1 2 1 0 0 na na
10 61593.455350322236 0.044810168251 cfg1 2 1 0 0 na na
10 61593.458350244955 0.044810206824 cfg1 2 1 0 0 na na
10 61593.489350277059 0.044810360297 cfg1 2 1 0 0 na na
10 61593.498350321570 0.044810389694 cfg1 2 1 0 0 na na
10 61593.506350285778 0.044810439133 cfg1 2 1 0 0 na na
10 61593.510350297672 0.044810455438 cfg1 2 1 0 0 na na
10 61593.515350296951 0.044810475930 cfg1 2 1 0 0 na na
10 61593.520350303663 0.044810506544 cfg1 2 1 0 0 na na
10 61593.521350302175 0.044810525550 cfg1 2 1 0 0 na na
10 61593.526350317694 0.044810552122 cfg1 2 1 0 0 na na
10 61593.534350294926 0.044810576926 cfg1 2 1 0 0 na na
10 61593.543350282526 0.044810618030 cfg1 2 1 0 0 na na
10 61593.544350284419 0.044810639995 cfg1 2 1 0 0 na na
10 61593.557350333967 0.044810712185 cfg1 2 1 0 0 na na
10 61593.566350319193 0.044810732693 cfg1 2 1 0 0 na na
10 61593.573350311829 0.044810783478 cfg1 2 1 0 0 na na
10 61593.585350263983 0.044810832872 cfg1 2 1 0 0 na na
10 61593.596350365295 0.044810907264 cfg1 2 1 0 0 na na
10 61593.628350262487 0.044811054302 cfg1 2 1 0 0 na na
10 61593.644350330109 0.044811138106 cfg1 2 1 0 0 na na
10 61593.653350301544 0.044811193311 cfg1 2 1 0 0 na na
10 61593.660350282638 0.044811208388 cfg1 2 1 0 0 na na
10 61593.666350263869 0.044811267706 cfg1 2 1 0 0 na na
10 61593.743350300253 0.044811632580 cfg1 2 1 0 0 na na
10 61593.749350263532 0.044811686568 cfg1 2 1 0 0 na na
10 61593.754350251157 0.044811700639 cfg1 2 1 0 0 na na
10 61593.763350332953 0.044811752447 cfg1 2 1 0 0 na na
10 61593.773350339072 0.044811801198 cfg1 2 1 0 0 na na
10 61593.792350324831 0.044811898708 cfg1 2 1 0 0 na na
10 61593.812350323738 0.044811999355 cfg1 2 1 0 0 na na
10 61593.834350327092 0.044812111125 cfg1 2 1 0 0 na na
10 61593.839350266639 0.044812120306 cfg1 2 1 0 0 na na
10 61593.843350284555 0.044812160856 cfg1 2 1 0 0 na na
10 61593.855350303745 0.044812213941 cfg1 2 1 0 0 na na
10 61593.887350307751 0.044812379354 cfg1 2 1 0 0 na na
10 61593.903350300635 0.044812464847 cfg1 2 1 0 0 na na
10 61593.919350267724 0.044812524279 cfg1 2 1 0 0 na na
10 61593.951350328855 0.044812694633 cfg1 2 1 0 0 na na
10 61593.968350289367 0.044812785138 cfg1 2 1 0 0 na na
10 61593.990350280230 0.044812901895 cfg1 2 1 0 0 na na
10 61593.993350310051 0.044812914254 cfg1 2 1 0 0 na na
10 61594.022350250673 0.044813066249 cfg1 2 1 0 0 na na
10 61594.031350367163 0.044813120690 cfg1 2 1 0 0 na na
10 61594.033350286742 0.044813114717 cfg1 2 1 0 0 na na
10 61594.041350321841 0.044813145654 cfg1 2 1 0 0 na na
10 61594.047350304926 0.044813191366 cfg1 2 1 0 0 na na
10 61594.082350284786 0.044813357021 cfg1 2 1 0 0 na na
10 61594.087350287718 0.044813400736 cfg1 2 1 0 0 na na
10 61594.091350315309 0.044813404398 cfg1 2 1 0 0 na na
10 61594.113350293068 0.044813526394 cfg1 2 1 0 0 na na
10 61594.119350298453 0.044813545861 cfg1 2 1 0 0 na na
10 61594.126350288658 0.044813594450 cfg1 2 1 0 0 na na
10 61594.134350264872 0.044813646047 cfg1 2 1 0 0 na na
10 61594.151350269347 0.044813702792 cfg1 2 1 0 0 na na
10 61594.156350303640 0.044813740866 cfg1 2 1 0 0 na na
10 61594.157350278815 0.044813743799 cfg1 2 1 0 0 na na
10 61594.181350237609 0.044813884332 cfg1 2 1 0 0 na na
10 61594.200350338485 0.044813961228 cfg1 2 1 0 0 na na
10 61594.206350357468 0.044814005529 cfg1 2 1 0 0 na na
10 61594.216350283919 0.044814054605 cfg1 2 1 0 0 na na
10 61594.263350300551 0.044814292315 cfg1 2 1 0 0 na na
10 61594.275350319595 0.044814344724 cfg1 2 1 0 0 na na
10 61594.287350277076 0.044814420321 cfg1 2 1 0 0 na na
10 61594.299350301130 0.044814470065 cfg1 2 1 0 0 na na
10 61594.300350306310 0.044814485877 cfg1 2 1 0 0 na na
10 61594.310350248941 0.044814533035 cfg1 2 1 0 0 na na
10 61594.319350305892 0.044814573552 cfg1 2 1 0 0 na na
10 61594.365350244128 0.044814817898 cfg1 2 1 0 0 na na
10 61594.377350282091 0.044814857144 cfg1 2 1 0 0 na na
10 61594.394350310491 0.044814947331 cfg1 2 1 0 0 na na
10 61594.410350255630 0.044815031129 cfg1 2 1 0 0 na na
10 61594.412350270022 0.044815052438 cfg1 2 1 0 0 na na
10 61594.446350306722 0.044815205583 cfg1 2 1 0 0 na na
10 61594.447350268980 0.044815221881 cfg1 2 1 0 0 na na
10 61594.464350302276 0.044815300545 cfg1 2 1 0 0 na na
10 61594.481350262001 0.044815389907 cfg1 2 1 0 0 na na
10 61594.488350285813 0.044815437977 cfg1 2 1 0 0 na na
10 61594.495350280751 0.044815461209 cfg1 2 1 0 0 na na
10 61594.498350365808 0.044815470475 cfg1 2 1 0 0 na na
10 61594.539350303540 0.044815691827 cfg1 2 1 0 0 na na
10 61594.588350301203 0.044815954979 cfg1 2 1 0 0 na na
10 61594.608350297887 0.044816048838 cfg1 2 1 0 0 na na
10 61594.626350285082 0.044816148844 cfg1 2 1 0 0 na na
10 61594.652350324268 0.044816275043 cfg1 2 1 0 0 na na
10 61594.654350324856 0.044816271636 cfg1 2 1 0 0 na na
10 61594.667350284430 0.044816352777 cfg1 2 1 0 0 na na
10 61594.681350289621 0.044816416829 cfg1 2 1 0 0 na na
10 61594.686350276088 0.044816448853 cfg1 2 1 0 0 na na
10 61594.698350311902 0.044816501930 cfg1 2 1 0 0 na na
10 61594.706350267286 0.044816529586 cfg1 2 1 0 0 na na
10 61594.709350290950 0.044816564863 cfg1 2 1 0 0 na na
10 61594.713350273181 0.044816572849 cfg1 2 1 0 0 na na
10 61594.717350251114 0.044816600746 cfg1 2 1 0 0 na na
10 61594.724350315075 0.044816636508 cfg1 2 1 0 0 na na
10 61594.732350265048 0.044816678469 cfg1 2 1 0 0 na na
10 61594.742350305444 0.044816722104 cfg1 2 1 0 0 na na
10 61594.744350312059 0.044816731240 cfg1 2 1 0 0 na na
10 61594.757350322383 0.044816815893 cfg1 2 1 0 0 na na
10 61594.773350342929 0.044816869968 cfg1 2 1 0 0 na na
10 61594.775350281124 0.044816899044 cfg1 2 1 0 0 na na
10 61594.779350331314 0.044816923633 cfg1 2 1 0 0 na na
10 61594.791350265794 0.044816961128 cfg1 2 1 0 0 na na
10 61594.797350336475 0.044817002131 cfg1 2 1 0 0 na na
10 61594.823350329520 0.044817145387 cfg1 2 1 0 0 na na
10 61594.846350315898 0.044817267922 cfg1 2 1 0 0 na na
10 61594.880350277422 0.044817417718 cfg1 2 1 0 0 na na
10 61594.909350288034 0.044817583564 cfg1 2 1 0 0 na na
10 61594.911350268227 0.044817598000 cfg1 2 1 0 0 na na
10 61594.928350316728 0.044817657779 cfg1 2 1 0 0 na na
10 61594.933350339657 0.044817687941 cfg1 2 1 0 0 na na
10 61594.936350362097 0.044817723935 cfg1 2 1 0 0 na na
10 61594.997350318156 0.044818011332 cfg1 2 1 0 0 na na
10 61595.003350258978 0.044818047936 cfg1 2 1 0 0 na na
10 61595.007350287834 0.044818072521 cfg1 2 1 0 0 na na
10 61595.024350280387 0.044818166921 cfg1 2 1 0 0 na na
10 61595.025350267253 0.044818154906 cfg1 2 1 0 0 na na
10 61595.038350284554 0.044818241444 cfg1 2 1 0 0 na na
10 61595.056350266397 0.044818310494 cfg1 2 1 0 0 na na
10 61595.080350268248 0.044818434080 cfg1 2 1 0 0 na na
10 61595.116350263335 0.044818629818 cfg1 2 1 0 0 na na
10 61595.136350332244 0.044818740317 cfg1 2 1 0 0 na na
10 61595.140350338929 0.044818746731 cfg1 2 1 0 0 na na
10 61595.141350282053 0.044818762564 cfg1 2 1 0 0 na na
10 61595.155350338667 0.044818833980 cfg1 2 1 0 0 na na
10 61595.176350358945 0.044818934737 cfg1 2 1 0 0 na na
10 61595.193350284709 0.044819016844 cfg1 2 1 0 0 na na
10 61595.205350258562 0.044819078409 cfg1 2 1 0 0 na na
10 61595.251350265403 0.044819306579 cfg1 2 1 0 0 na na
10 61595.265350269499 0.044819386308 cfg1 2 1 0 0 na na
10 61595.271350357691 0.044819427032 cfg1 2 1 0 0 na na
10 61595.274350309455 0.044819436550 cfg1 2 1 0 0 na na
10 61595.289350302557 0.044819518777 cfg1 2 1 0 0 na na
10 61595.290350255542 0.044819518722 cfg1 2 1 0 0 na na
10 61595.307350379388 0.044819606057 cfg1 2 1 0 0 na na
10 61595.310350325854 0.044819610846 cfg1 2 1 0 0 na na
10 61595.324350330890 0.044819693782 cfg1 2 1 0 0 na na
10 61595.341350335720 0.044819762466 cfg1 2 1 0 0 na na
10 61595.358350265953 0.044819850882 cfg1 2 1 0 0 na na
10 61595.360350296735 0.044819872208 cfg1 2 1 0 0 na na
10 61595.370350271914 0.044819909904 cfg1 2 1 0 0 na na
10 61595.434350293302 0.044820243996 cfg1 2 1 0 0 na na
10 61595.445350276085 0.044820302864 cfg1 2 1 0 0 na na
10 61595.447350281171 0.044820309883 cfg1 2 1 0 0 na na
10 61595.479350260799 0.044820476040 cfg1 2 1 0 0 na na
10 61595.480350339635 0.044820488397 cfg1 2 1 0 0 na na
10 61595.526350321015 0.044820709365 cfg1 2 1 0 0 na na
10 61595.537350290925 0.044820772507 cfg1 2 1 0 0 na na
10 61595.565350267939 0.044820904033 cfg1 2 1 0 0 na na
10 61595.571350297731 0.044820941271 cfg1 2 1 0 0 na na
10 61595.575350304187 0.044820959810 cfg1 2 1 0 0 na na
10 61595.593350251660 0.044821065163 cfg1 2 1 0 0 na na
10 61595.599350253607 0.044821093226 cfg1 2 1 0 0 na na
10 61595.604350366899 0.044821131647 cfg1 2 1 0 0 na na
10 61595.616350302225 0.044821166308 cfg1 2 1 0 0 na na
10 61595.632350347154 0.044821248772 cfg1 2 1 0 0 na na
10 61595.635350269179 0.044821274173 cfg1 2 1 0 0 na na
10 61595.671350302757 0.044821468540 cfg1 2 1 0 0 na na
10 61595.692350346428 0.044821555411 cfg1 2 1 0 0 na na
10 61595.696350276914 0.044821589821 cfg1 2 1 0 0 na na
10 61595.710350371167 0.044821665053 cfg1 2 1 0 0 na na
10 61595.729350297537 0.044821757422 cfg1 2 1 0 0 na na
10 61595.746350332144 0.044821833673 cfg1 2 1 0 0 na na
10 61595.753350286263 0.044821882696 cfg1 2 1 0 0 na na
10 61595.768350285505 0.044821960723 cfg1 2 1 0 0 na na
10 61595.769350287528 0.044821971723 cfg1 2 1 0 0 na na
10 61595.771350305226 0.044821980052 cfg1 2 1 0 0 na na
10 61595.814350268833 0.044822200011 cfg1 2 1 0 0 na na
10 61595.823350261634 0.044822230341 cfg1 2 1 0 0 na na
10 61595.845350267762 0.044822349482 cfg1 2 1 0 0 na na
10 61595.866350270097 0.044822441546 cfg1 2 1 0 0 na na
10 61595.908350326635 0.044822659628 cfg1 2 1 0 0 na na
10 61595.942350297795 0.044822848058 cfg1 2 1 0 0 na na
10 61595.961350305977 0.044822953299 cfg1 2 1 0 0 na na
10 61595.988350313125 0.044823090840 cfg1 2 1 0 0 na na
10 61596.023350326607 0.044823245743 cfg1 2 1 0 0 na na
10 61596.079350295992 0.044823548064 cfg1 2 1 0 0 na na
10 61596.080350386230 0.044823560106 cfg1 2 1 0 0 na na
10 61596.084350304843 0.044823579527 cfg1 2 1 0 0 na na
10 61596.085350304147 0.044823578106 cfg1 2 1 0 0 na na
10 61596.154350343314 0.044823924698 cfg1 2 1 0 0 na na
10 61596.162350268781 0.044823953194 cfg1 2 1 0 0 na na
10 61596.225350314584 0.044824276898 cfg1 2 1 0 0 na na
10 61596.299350291291 0.044824667369 cfg1 2 1 0 0 na na
10 61596.320350317720 0.044824783223 cfg1 2 1 0 0 na na
10 61596.348350371859 0.044824923970 cfg1 2 1 0 0 na na
10 61596.392350333546 0.044825144377 cfg1 2 1 0 0 na na
10 61596.394350352643 0.044825143437 cfg1 2 1 0 0 na na
10 61596.449350313076 0.044825435543 cfg1 2 1 0 0 na na
10 61596.485350275265 0.044825606541 cfg1 2 1 0 0 na na
10 61596.510350366122 0.044825738170 cfg1 2 1 0 0 na na
10 61596.519350326757 0.044825783675 cfg1 2 1 0 0 na na
10 61596.563350320129 0.044826030802 cfg1 2 1 0 0 na na
10 61596.598350356668 0.044826207731 cfg1 2 1 0 0 na na
10 61596.699350312205 0.044826705939 cfg1 2 1 0 0 na na
10 61596.712350293621 0.044826777966 cfg1 2 1 0 0 na na
10 61596.755350241476 0.044827010372 cfg1 2 1 0 0 na na
10 61596.788350302632 0.044827173474 cfg1 2 1 0 0 na na
10 61596.803350285907 0.044827235436 cfg1 2 1 0 0 na na
10 61596.813350326955 0.044827289817 cfg1 2 1 0 0 na na
10 61596.838350261926 0.044827414865 cfg1 2 1 0 0 na na
10 61596.853350296623 0.044827510397 cfg1 2 1 0 0 na na
10 61596.878350339164 0.044827614228 cfg1 2 1 0 0 na na
10 61596.888350267222 0.044827664674 cfg1 2 1 0 0 na na
10 61596.915350262248 0.044827809956 cfg1 2 1 0 0 na na
10 61596.972350354719 0.044828104474 cfg1 2 1 0 0 na na
10 61596.979350329617 0.044828141378 cfg1 2 1 0 0 na na
10 61597.019350306960 0.044828354186 cfg1 2 1 0 0 na na
10 61597.095350269648 0.044828724720 cfg1 2 1 0 0 na na
10 61597.131350312301 0.044828924066 cfg1 2 1 0 0 na na
10 61597.335350382554 0.044829965496 cfg1 2 1 0 0 na na
10 61597.382350300836 0.044830207223 cfg1 2 1 0 0 na na
10 61597.384350370807 0.044830220674 cfg1 2 1 0 0 na na
10 61597.816350259875 0.044832428990 cfg1 2 1 0 0 na na
10 61597.916350330868 0.044832953252 cfg1 2 1 0 0 na na
10 61598.007350368411 0.044833409385 cfg1 2 1 0 0 na na
10 61598.384350288278 0.044835342576 cfg1 2 1 0 0 na na
10 61598.603350258874 0.044836473050 cfg1 2 1 0 0 na na
10 61598.607350305429 0.044836478974 cfg1 2 1 0 0 na na
10 61598.833350311223 0.044837659108 cfg1 2 1 0 0 na na
10 61598.899350282803 0.044838006393 cfg1 2 1 0 0 na na
10 61598.929350283661 0.044838152272 cfg1 2 1 0 0 na na
10 61598.933350273236 0.044838153688 cfg1 2 1 0 0 na na
10 61599.121350330716 0.044839148526 cfg1 2 1 0 0 na na
10 61599.287350307403 0.044839996840 cfg1 2 1 0 0 na na
10 61599.373350328160 0.044840428114 cfg1 2 1 0 0 na na
10 61599.553350269429 0.044841368732 cfg1 2 1 0 0 na na
10 61599.581350258916 0.044841497670 cfg1 2 1 0 0 na na
10 61599.673350256462 0.044841975375 cfg1 2 1 0 0 na na
10 61599.730350348647 0.044842281284 cfg1 2 1 0 0 na na
10 61599.785350280071 0.044842555092 cfg1 2 1 0 0 na na
10 61599.862350328777 0.044842962561 cfg1 2 1 0 0 na na
10 61599.871350282971 0.044843001001 cfg1 2 1 0 0 na na
10 61600.068350259635 0.044844004727 cfg1 2 1 0 0 na na
10 61600.097350349408 0.044844153959 cfg1 2 1 0 0 na na
10 61600.284350365392 0.044845135201 cfg1 2 1 0 0 na na
10 61600.316350306579 0.044845294521 cfg1 2 1 0 0 na na
10 61600.386350286730 0.044845655280 cfg1 2 1 0 0 na na
10 61600.442350290953 0.044845949270 cfg1 2 1 0 0 na na
10 61600.584350296387 0.044846660136 cfg1 2 1 0 0 na na
10 61600.789350344626 0.044847743466 cfg1 2 1 0 0 na na
10 61600.923350258981 0.044848417828 cfg1 2 1 0 0 na na
10 61600.980350321531 0.044848724033 cfg1 2 1 0 0 na na
10 61601.012350284654 0.044848891927 cfg1 2 1 0 0 na na
10 61601.138350296806 0.044849534334 cfg1 2 1 0 0 na na
10 61601.150350308171 0.044849585918 cfg1 2 1 0 0 na na
10 61601.225350284740 0.044849982441 cfg1 2 1 0 0 na na
10 61601.558350317022 0.044851713402 cfg1 2 1 0 0 na na
10 61601.603350326027 0.044851946707 cfg1 2 1 0 0 na na
10 61601.612350284923 0.044851996972 cfg1 2 1 0 0 na na
10 61601.710350321440 0.044852492723 cfg1 2 1 0 0 na na
10 61601.773350278460 0.044852816819 cfg1 2 1 0 0 na na
10 61602.046350305223 0.044854242092 cfg1 2 1 0 0 na na
10 61602.078350281309 0.044854387297 cfg1 2 1 0 0 na na
10 61602.088350278005 0.044854456064 cfg1 2 1 0 0 na na
10 61602.391350327281 0.044856012948 cfg1 2 1 0 0 na na
10 61602.586350262252 0.044857024781 cfg1 2 1 0 0 na na
10 61602.596350346950 0.044857091648 cfg1 2 1 0 0 na na
10 61602.659350323502 0.044857418818 cfg1 2 1 0 0 na na
10 61602.666350347089 0.044857435159 cfg1 2 1 0 0 na na
10 61602.697350336517 0.044857597584 cfg1 2 1 0 0 na na
10 61602.786350301467 0.044858063073 cfg1 2 1 0 0 na na
10 61602.932350293971 0.044858838051 cfg1 2 1 0 0 na na
10 61603.023350297913 0.044859304000 cfg1 2 1 0 0 na na
10 61603.024350322501 0.044859292035 cfg1 2 1 0 0 na na
10 61603.118350321803 0.044859804778 cfg1 2 1 0 0 na na
10 61603.126350341067 0.044859825470 cfg1 2 1 0 0 na na
10 61603.295350278518 0.044860701332 cfg1 2 1 0 0 na na
10 61603.356350295947 0.044861015880 cfg1 2 1 0 0 na na
10 61603.471350305111 0.044861613900 cfg1 2 1 0 0 na na
10 61603.761350359551 0.044863131131 cfg1 2 1 0 0 na na
10 61603.817350272969 0.044863417529 cfg1 2 1 0 0 na na
10 61603.849350283411 0.044863595867 cfg1 2 1 0 0 na na
10 61603.906350321393 0.044863893321 cfg1 2 1 0 0 na na
10 61603.939350327409 0.044864064013 cfg1 2 1 0 0 na na
10 61604.023350306482 0.044864494192 cfg1 2 1 0 0 na na
10 61604.040350333221 0.044864579176 cfg1 2 1 0 0 na na
10 61604.071350370524 0.044864743372 cfg1 2 1 0 0 na na
10 61604.075350321280 0.044864768275 cfg1 2 1 0 0 na na
10 61604.178350365252 0.044865311943 cfg1 2 1 0 0 na na
10 61604.194350285858 0.044865371468 cfg1 2 1 0 0 na na
10 61604.233350338608 0.044865591422 cfg1 2 1 0 0 na na
10 61604.294350373461 0.044865899641 cfg1 2 1 0 0 na na
10 61604.450350340437 0.044866717955 cfg1 2 1 0 0 na na
10 61604.567350317841 0.044867333149 cfg1 2 1 0 0 na na
10 61604.603350289656 0.044867529769 cfg1 2 1 0 0 na na
10 61604.665350304850 0.044867849340 cfg1 2 1 0 0 na na
10 61604.672350318486 0.044867874391 cfg1 2 1 0 0 na na
10 61604.867350358163 0.044868901726 cfg1 2 1 0 0 na na
10 61604.885350325188 0.044868996896 cfg1 2 1 0 0 na na
10 61604.890350244703 0.044869022385 cfg1 2 1 0 0 na na
10 61604.921350267944 0.044869166328 cfg1 2 1 0 0 na na
10 61604.955350303417 0.044869353321 cfg1 2 1 0 0 na na
10 61605.017350273324 0.044869663240 cfg1 2 1 0 0 na na
10 61605.054350290907 0.044869861749 cfg1 2 1 0 0 na na
10 61605.068350329515 0.044869933320 cfg1 2 1 0 0 na na
10 61605.152350256943 0.044870375147 cfg1 2 1 0 0 na na
10 61605.382350331022 0.044871592276 cfg1 2 1 0 0 na na
10 61605.424350309577 0.044871808700 cfg1 2 1 0 0 na na
10 61605.442350292557 0.044871878132 cfg1 2 1 0 0 na na
10 61605.509350269063 0.044872250441 cfg1 2 1 0 0 na na
10 61605.593350344872 0.044872681718 cfg1 2 1 0 0 na na
10 61605.651350288311 0.044872974481 cfg1 2 1 0 0 na na
10 61605.727350376201 0.044873381676 cfg1 2 1 0 0 na na
10 61605.784350302006 0.044873690341 cfg1 2 1 0 0 na na
10 61605.860350291417 0.044874069882 cfg1 2 1 0 0 na na
10 61605.886350264974 0.044874197223 cfg1 2 1 0 0 na na
10 61605.925350327420 0.044874403517 cfg1 2 1 0 0 na na
10 61605.970350321880 0.044874655287 cfg1 2 1 0 0 na na
10 61606.036350348473 0.044874994257 cfg1 2 1 0 0 na na
10 61606.053350286808 0.044875080697 cfg1 2 1 0 0 na na
10 61606.097350301998 0.044875318396 cfg1 2 1 0 0 na na
10 61606.114350331356 0.044875386227 cfg1 2 1 0 0 na na
10 61606.130350281444 0.044875489042 cfg1 2 1 0 0 na na
10 61606.165350258621 0.044875663360 cfg1 2 1 0 0 na na
10 61606.272350305850 0.044876218483 cfg1 2 1 0 0 na na
10 61606.296350321041 0.044876343025 cfg1 2 1 0 0 na na
10 61606.408350312001 0.044876939608 cfg1 2 1 0 0 na na
10 61606.430350307903 0.044877040431 cfg1 2 1 0 0 na na
10 61606.524350309854 0.044877559799 cfg1 2 1 0 0 na na
10 61606.572350320619 0.044877801020 cfg1 2 1 0 0 na na
10 61606.692350298683 0.044878419746 cfg1 2 1 0 0 na na
10 61606.735350309281 0.044878637886 cfg1 2 1 0 0 na na
10 61606.769350330624 0.044878823764 cfg1 2 1 0 0 na na
10 61606.893350336690 0.044879475195 cfg1 2 1 0 0 na na
10 61606.939350320025 0.044879732753 cfg1 2 1 0 0 na na
10 61607.089350346993 0.044880516202 cfg1 2 1 0 0 na na
10 61607.270350308527 0.044881439085 cfg1 2 1 0 0 na na
10 61607.399350331985 0.044882135569 cfg1 2 1 0 0 na na
10 61607.406350297318 0.044882165118 cfg1 2 1 0 0 na na
10 61607.516350321924 0.044882734835 cfg1 2 1 0 0 na na
10 61607.732350299070 0.044883887550 cfg1 2 1 0 0 na na
10 61607.739350305109 0.044883901838 cfg1 2 1 0 0 na na
10 61607.742350354011 0.044883926320 cfg1 2 1 0 0 na na
10 61607.815350354065 0.044884306353 cfg1 2 1 0 0 na na
10 61607.829350262214 0.044884374639 cfg1 2 1 0 0 na na
10 61607.953350265597 0.044885035523 cfg1 2 1 0 0 na na
10 61607.966350325562 0.044885095953 cfg1 2 1 0 0 na na
10 61607.977350308869 0.044885159890 cfg1 2 1 0 0 na na
10 61607.978350294914 0.044885172042 cfg1 2 1 0 0 na na
10 61607.984350272081 0.044885198065 cfg1 2 1 0 0 na na
10 61607.991350326066 0.044885232214 cfg1 2 1 0 0 na na
10 61608.014350334772 0.044885342019 cfg1 2 1 0 0 na na
10 61608.027350325228 0.044885420411 cfg1 2 1 0 0 na na
10 61608.074350328227 0.044885685481 cfg1 2 1 0 0 na na
10 61608.100350314120 0.044885815250 cfg1 2 1 0 0 na na
10 61608.104350297873 0.044885837008 cfg1 2 1 0 0 na na
10 61608.150350355382 0.044886082948 cfg1 2 1 0 0 na na
10 61608.157350319176 0.044886092148 cfg1 2 1 0 0 na na
10 61608.166350285524 0.044886163430 cfg1 2 1 0 0 na na
10 61608.243350377737 0.044886573042 cfg1 2 1 0 0 na na
10 61608.244350300688 0.044886554985 cfg1 2 1 0 0 na na
10 61608.245350312552 0.044886572219 cfg1 2 1 0 0 na na
10 61608.403350299623 0.044887405142 cfg1 2 1 0 0 na na
10 61608.408350323798 0.044887410984 cfg1 2 1 0 0 na na
10 61608.478350307831 0.044887795225 cfg1 2 1 0 0 na na
10 61608.553350315808 0.044888192635 cfg1 2 1 0 0 na na
10 61608.608350343676 0.044888469438 cfg1 2 1 0 0 na na
10 61608.951350314732 0.044890293622 cfg1 2 1 0 0 na na
10 61608.985350342871 0.044890451543 cfg1 2 1 0 0 na na
10 61608.986350260309 0.044890472878 cfg1 2 1 0 0 na na
10 61608.991350302410 0.044890501698 cfg1 2 1 0 0 na na
10 61609.023350333563 0.044890651148 cfg1 2 1 0 0 na na
10 61609.144350298641 0.044891282580 cfg1 2 1 0 0 na na
10 61609.153350297526 0.044891329697 cfg1 2 1 0 0 na na
10 61609.196350284627 0.044891572873 cfg1 2 1 0 0 na na
10 61609.314350287031 0.044892182434 cfg1 2 1 0 0 na na
10 61609.373350311094 0.044892511805 cfg1 2 1 0 0 na na
10 61609.492350317513 0.044893126383 cfg1 2 1 0 0 na na
10 61609.793350323833 0.044894720970 cfg1 2 1 0 0 na na
10 61609.869350261643 0.044895110150 cfg1 2 1 0 0 na na
10 61609.894350342557 0.044895236012 cfg1 2 1 0 0 na na
10 61610.175350291130 0.044896741289 cfg1 2 1 0 0 na na
10 61610.208350313526 0.044896909216 cfg1 2 1 0 0 na na
10 61610.226350315257 0.044897013289 cfg1 2 1 0 0 na na
10 61610.259350296721 0.044897160682 cfg1 2 1 0 0 na na
10 61610.397350266367 0.044897890293 cfg1 2 1 0 0 na na
10 61610.609350343497 0.044899028801 cfg1 2 1 0 0 na na
10 61610.630350281885 0.044899147581 cfg1 2 1 0 0 na na
10 61610.741350325798 0.044899725482 cfg1 2 1 0 0 na na
10 61610.775350316704 0.044899888411 cfg1 2 1 0 0 na na
10 61610.890350319057 0.044900513515 cfg1 2 1 0 0 na na
10 61610.944350308431 0.044900781226 cfg1 2 1 0 0 na na
10 61610.989350321511 0.044901039249 cfg1 2 1 0 0 na na
10 61611.409350328365 0.044903251304 cfg1 2 1 0 0 na na
10 61611.426350347125 0.044903335712 cfg1 2 1 0 0 na na
10 61611.498350308816 0.044903713866 cfg1 2 1 0 0 na na
10 61611.543350247225 0.044903969523 cfg1 2 1 0 0 na na
10 61611.588350271806 0.044904197821 cfg1 2 1 0 0 na na
10 61611.636350257958 0.044904448859 cfg1 2 1 0 0 na na
10 61611.757350302096 0.044905084535 cfg1 2 1 0 0 na na
10 61611.795350302313 0.044905287796 cfg1 2 1 0 0 na na
10 61611.828350332841 0.044905483857 cfg1 2 1 0 0 na na
10 61611.859350322505 0.044905630086 cfg1 2 1 0 0 na na
10 61611.901350378631 0.044905853459 cfg1 2 1 0 0 na na
10 61611.952350312047 0.044906114001 cfg1 2 1 0 0 na na
10 61611.978350266505 0.044906263853 cfg1 2 1 0 0 na na
10 61611.993350285970 0.044906332425 cfg1 2 1 0 0 na na
10 61612.034350306536 0.044906554696 cfg1 2 1 0 0 na na
10 61612.056350330861 0.044906664568 cfg1 2 1 0 0 na na
10 61612.148350309777 0.044907169914 cfg1 2 1 0 0 na na
10 61612.178350290516 0.044907315075 cfg1 2 1 0 0 na na
10 61612.237350303153 0.044907639890 cfg1 2 1 0 0 na na
10 61612.311350298046 0.044908028424 cfg1 2 1 0 0 na na
10 61612.355350307576 0.044908249262 cfg1 2 1 0 0 na na
10 61612.463350261174 0.044908825765 cfg1 2 1 0 0 na na
10 61612.559350318822 0.044909352888 cfg1 2 1 0 0 na na
10 61612.600350292940 0.044909556764 cfg1 2 1 0 0 na na
10 61612.741350289610 0.044910313900 cfg1 2 1 0 0 na na
10 61612.786350293860 0.044910563277 cfg1 2 1 0 0 na na
10 61612.790350318244 0.044910572750 cfg1 2 1 0 0 na na
10 61612.894350315218 0.044911127318 cfg1 2 1 0 0 na na
10 61613.059350323768 0.044911987647 cfg1 2 1 0 0 na na
10 61613.180350327183 0.044912648099 cfg1 2 1 0 0 na na
10 61613.540350358685 0.044914549921 cfg1 2 1 0 0 na na
10 61613.667350381601 0.044915226619 cfg1 2 1 0 0 na na
10 61613.729350314524 0.044915562102 cfg1 2 1 0 0 na na
10 61613.751350302168 0.044915671186 cfg1 2 1 0 0 na na
10 61613.772350318241 0.044915775634 cfg1 2 1 0 0 na na
10 61613.840350300756 0.044916137496 cfg1 2 1 0 0 na na
10 61613.909350364307 0.044916504079 cfg1 2 1 0 0 na na
10 61614.087350260991 0.044917456075 cfg1 2 1 0 0 na na
10 61614.118350291968 0.044917632520 cfg1 2 1 0 0 na na
10 61614.207350264101 0.044918092761 cfg1 2 1 0 0 na na
10 61614.414350315836 0.044919215672 cfg1 2 1 0 0 na na
10 61614.505350285598 0.044919678137 cfg1 2 1 0 0 na na
10 61614.514350368203 0.044919744149 cfg1 2 1 0 0 na na
10 61614.517350303797 0.044919754333 cfg1 2 1 0 0 na na
10 61614.689350319426 0.044920670172 cfg1 2 1 0 0 na na
10 61614.777350327372 0.044921155361 cfg1 2 1 0 0 na na
10 61614.854350292516 0.044921541884 cfg1 2 1 0 0 na na
10 61614.950350373281 0.044922056157 cfg1 2 1 0 0 na na
10 61615.017350336850 0.044922435406 cfg1 2 1 0 0 na na
10 61615.043350292988 0.044922545976 cfg1 2 1 0 0 na na
10 61615.249350323436 0.044923660529 cfg1 2 1 0 0 na na
10 61615.257350240852 0.044923715728 cfg1 2 1 0 0 na na
10 61615.385350372619 0.044924372850 cfg1 2 1 0 0 na na
10 61615.550350333643 0.044925272439 cfg1 2 1 0 0 na na
10 61615.836350261251 0.044926785841 cfg1 2 1 0 0 na na
10 61615.843350305785 0.044926817232 cfg1 2 1 0 0 na na
10 61616.143350354040 0.044928447636 cfg1 2 1 0 0 na na
10 61616.201350268028 0.044928751962 cfg1 2 1 0 0 na na
10 61616.250350302023 0.044929022050 cfg1 2 1 0 0 na na
10 61616.711350360650 0.044931472929 cfg1 2 1 0 0 na na
10 61616.788350267739 0.044931874283 cfg1 2 1 0 0 na na
10 61616.789350262474 0.044931884385 cfg1 2 1 0 0 na na
10 61616.841350256607 0.044932170459 cfg1 2 1 0 0 na na
10 61616.893350303958 0.044932461845 cfg1 2 1 0 0 na na
10 61617.064350291628 0.044933352190 cfg1 2 1 0 0 na na
10 61617.123350325845 0.044933696106 cfg1 2 1 0 0 na na
10 61617.147350308606 0.044933816775 cfg1 2 1 0 0 na na
10 61617.478350352822 0.044935597038 cfg1 2 1 0 0 na na
10 61617.739350274041 0.044936977255 cfg1 2 1 0 0 na na
10 61617.847350272371 0.044937558246 cfg1 2 1 0 0 na na
10 61617.957350334960 0.044938151936 cfg1 2 1 0 0 na na
10 61618.151350305147 0.044939190876 cfg1 2 1 0 0 na na
10 61618.161350288624 0.044939257580 cfg1 2 1 0 0 na na
10 61619.467350364557 0.044946278781 cfg1 2 1 0 0 na na
10 61619.472350281273 0.044946314778 cfg1 2 1 0 0 na na
10 61619.595350324609 0.044946980642 cfg1 2 1 0 0 na na
10 61619.639350332638 0.044947194458 cfg1 2 1 0 0 na na
10 61619.691350301568 0.044947493932 cfg1 2 1 0 0 na na
10 61619.793350333230 0.044948050105 cfg1 2 1 0 0 na na
10 61619.797350316546 0.044948067322 cfg1 2 1 0 0 na na
10 61620.155350371504 0.044949976612 cfg1 2 1 0 0 na na
10 61620.739350289543 0.044953147884 cfg1 2 1 0 0 na na
10 61621.356350323419 0.044956483282 cfg1 2 1 0 0 na na
10 61621.410350345279 0.044956768657 cfg1 2 1 0 0 na na
10 61621.610350317743 0.044957838164 cfg1 2 1 0 0 na na
10 61622.422350290598 0.044962242655 cfg1 2 1 0 0 na na
10 61622.508350321859 0.044962710567 cfg1 2 1 0 0 na na
10 61622.588350293578 0.044963164679 cfg1 2 1 0 0 na na
10 61622.625350351941 0.044963362461 cfg1 2 1 0 0 na na
10 61622.627350298733 0.044963359071 cfg1 2 1 0 0 na na
10 61622.740350252531 0.044963974415 cfg1 2 1 0 0 na na
10 61623.073350263598 0.044965773304 cfg1 2 1 0 0 na na
10 61623.315350301291 0.044967112586 cfg1 2 1 0 0 na na
10 61623.589350355510 0.044968576200 cfg1 2 1 0 0 na na
10 61623.739350339399 0.044969405445 cfg1 2 1 0 0 na na
10 61624.154350268309 0.044971648621 cfg1 2 1 0 0 na na
10 61624.274350326396 0.044972324187 cfg1 2 1 0 0 na na
10 61624.509350268920 0.044973583036 cfg1 2 1 0 0 na na
10 61624.531350338743 0.044973705625 cfg1 2 1 0 0 na na
10 61624.568350254190 0.044973917800 cfg1 2 1 0 0 na na
10 61624.685350298623 0.044974541740 cfg1 2 1 0 0 na na
10 61624.742350316610 0.044974856668 cfg1 2 1 0 0 na na
10 61624.796350337888 0.044975147134 cfg1 2 1 0 0 na na
10 61624.808350294757 0.044975230354 cfg1 2 1 0 0 na na
10 61624.908350327727 0.044975762216 cfg1 2 1 0 0 na na
10 61624.935350337776 0.044975902656 cfg1 2 1 0 0 na na
10 61625.246350331483 0.044977602706 cfg1 2 1 0 0 na na
10 61625.325350288005 0.044978057815 cfg1 2 1 0 0 na na
10 61625.451350312660 0.044978742013 cfg1 2 1 0 0 na na
10 61625.581350294569 0.044979427410 cfg1 2 1 0 0 na na
10 61625.730350320565 0.044980249020 cfg1 2 1 0 0 na na
10 61625.907350341801 0.044981220876 cfg1 2 1 0 0 na na
10 61626.075350280362 0.044982137935 cfg1 2 1 0 0 na na
10 61626.120350334893 0.044982379074 cfg1 2 1 0 0 na na
10 61626.144350316640 0.044982517680 cfg1 2 1 0 0 na na
10 61626.175350315738 0.044982684391 cfg1 2 1 0 0 na na
10 61626.362350326313 0.044983717220 cfg1 2 1 0 0 na na
10 61626.442350311048 0.044984149663 cfg1 2 1 0 0 na na
10 61626.542350360909 0.044984686914 cfg1 2 1 0 0 na na
10 61626.591350261008 0.044984955728 cfg1 2 1 0 0 na na
10 61626.756350274438 0.044985876814 cfg1 2 1 0 0 na na
10 61626.790350365377 0.044986064189 cfg1 2 1 0 0 na na
10 61626.929350352297 0.044986805900 cfg1 2 1 0 0 na na
10 61627.021350325257 0.044987331935 cfg1 2 1 0 0 na na
10 61627.061350303028 0.044987535181 cfg1 2 1 0 0 na na
10 61627.207350328676 0.044988327266 cfg1 2 1 0 0 na na
10 61627.228350300445 0.044988464071 cfg1 2 1 0 0 na na
10 61627.524350362354 0.044990077041 cfg1 2 1 0 0 na na
10 61627.604350319435 0.044990507736 cfg1 2 1 0 0 na na
10 61627.649350329401 0.044990770391 cfg1 2 1 0 0 na na
10 61627.691350334320 0.044991003946 cfg1 2 1 0 0 na na
10 61627.715350302632 0.044991116665 cfg1 2 1 0 0 na na
10 61627.726350344792 0.044991183128 cfg1 2 1 0 0 na na
10 61627.738350269810 0.044991260524 cfg1 2 1 0 0 na na
10 61627.740350353955 0.044991263444 cfg1 2 1 0 0 na na
10 61627.745350371661 0.044991276493 cfg1 2 1 0 0 na na
10 61628.023350355075 0.044992806248 cfg1 2 1 0 0 na na
10 61628.029350300017 0.044992857218 cfg1 2 1 0 0 na na
10 61628.072350308931 0.044993066814 cfg1 2 1 0 0 na na
10 61628.132350357378 0.044993409953 cfg1 2 1 0 0 na na
10 61628.195350320573 0.044993756727 cfg1 2 1 0 0 na na
10 61628.238350312375 0.044993996791 cfg1 2 1 0 0 na na
10 61628.245350315688 0.044994042655 cfg1 2 1 0 0 na na
10 61628.385350333074 0.044994789902 cfg1 2 1 0 0 na na
10 61628.802350284949 0.044997080956 cfg1 2 1 0 0 na na
10 61628.821350318996 0.044997182801 cfg1 2 1 0 0 na na
10 61628.959350301017 0.044997943251 cfg1 2 1 0 0 na na
10 61629.008350342699 0.044998218684 cfg1 2 1 0 0 na na
10 61629.009350267322 0.044998223663 cfg1 2 1 0 0 na na
10 61629.168350314045 0.044999118738 cfg1 2 1 0 0 na na
10 61629.268350279890 0.044999656160 cfg1 2 1 0 0 na na
10 61629.351350285078 0.045000109528 cfg1 2 1 0 0 na na
10 61629.352350291309 0.045000125956 cfg1 2 1 0 0 na na
10 61629.355350295974 0.045000129295 cfg1 2 1 0 0 na na
10 61629.466350329737 0.045000730663 cfg1 2 1 0 0 na na
10 61629.479350269324 0.045000804692 cfg1 2 1 0 0 na na
10 61629.692350346967 0.045002002162 cfg1 2 1 0 0 na na
10 61629.738350333738 0.045002237820 cfg1 2 1 0 0 na na
10 61629.911350258161 0.045003193607 cfg1 2 1 0 0 na na
10 61629.941350330460 0.045003357152 cfg1 2 1 0 0 na na
10 61629.957350360499 0.045003441124 cfg1 2 1 0 0 na na
10 61630.708350337320 0.045007585649 cfg1 2 1 0 0 na na
10 61630.830350312763 0.045008275631 cfg1 2 1 0 0 na na
10 61631.065350312841 0.045009567783 cfg1 2 1 0 0 na na
10 61631.248350267650 0.045010589895 cfg1 2 1 0 0 na na
10 61631.349350271338 0.045011148923 cfg1 2 1 0 0 na na
10 61631.382350373362 0.045011327104 cfg1 2 1 0 0 na na
10 61631.540350354084 0.045012189801 cfg1 2 1 0 0 na na
10 61631.647350285594 0.045012777851 cfg1 2 1 0 0 na na
10 61631.781350281944 0.045013534946 cfg1 2 1 0 0 na na
10 61631.817350307322 0.045013714313 cfg1 2 1 0 0 na na
10 61631.939350304202 0.045014408460 cfg1 2 1 0 0 na na
10 61631.943350264693 0.045014412064 cfg1 2 1 0 0 na na
10 61632.071350328109 0.045015143060 cfg1 2 1 0 0 na na
10 61632.159350334630 0.045015619790 cfg1 2 1 0 0 na na
10 61632.242350380885 0.045016083169 cfg1 2 1 0 0 na na
10 61632.301350303949 0.045016414801 cfg1 2 1 0 0 na na
10 61632.310350264668 0.045016459923 cfg1 2 1 0 0 na na
10 61632.357350286344 0.045016702810 cfg1 2 1 0 0 na na
10 61632.410350301739 0.045017002857 cfg1 2 1 0 0 na na
10 61632.541350275254 0.045017746656 cfg1 2 1 0 0 na na
10 61632.666350337754 0.045018415954 cfg1 2 1 0 0 na na
10 61632.794350339936 0.045019122210 cfg1 2 1 0 0 na na
10 61632.892350391965 0.045019687491 cfg1 2 1 0 0 na na
10 61632.937350304864 0.045019936328 cfg1 2 1 0 0 na na
10 61632.940350274576 0.045019953485 cfg1 2 1 0 0 na na
10 61632.960350301854 0.045020070881 cfg1 2 1 0 0 na na
10 61632.992350383641 0.045020248414 cfg1 2 1 0 0 na na
10 61633.067350332848 0.045020653928 cfg1 2 1 0 0 na na
10 61633.097350283298 0.045020805413 cfg1 2 1 0 0 na na
10 61633.179350319425 0.045021271622 cfg1 2 1 0 0 na na
10 61633.469350302513 0.045022884755 cfg1 2 1 0 0 na na
10 61633.501350320110 0.045023051023 cfg1 2 1 0 0 na na
10 61633.522350320795 0.045023183277 cfg1 2 1 0 0 na na
10 61633.595350309909 0.045023590713 cfg1 2 1 0 0 na na
10 61633.636350264256 0.045023812096 cfg1 2 1 0 0 na na
10 61633.741350328548 0.045024399921 cfg1 2 1 0 0 na na
10 61633.864350266820 0.045025064990 cfg1 2 1 0 0 na na
10 61633.988350337960 0.045025772768 cfg1 2 1 0 0 na na
10 61634.080350244790 0.045026287491 cfg1 2 1 0 0 na na
10 61634.119350343201 0.045026493255 cfg1 2 1 0 0 na na
10 61634.308350278514 0.045027534889 cfg1 2 1 0 0 na na
10 61634.643350327207 0.045029405545 cfg1 2 1 0 0 na na
10 61634.687350347749 0.045029651841 cfg1 2 1 0 0 na na
10 61635.023350309649 0.045031530091 cfg1 2 1 0 0 na na
10 61635.126350315135 0.045032093534 cfg1 2 1 0 0 na na
10 61635.327350341724 0.045033228444 cfg1 2 1 0 0 na na
10 61635.412350324901 0.045033708240 cfg1 2 1 0 0 na na
10 61635.476350327446 0.045034049081 cfg1 2 1 0 0 na na
10 61635.537350362252 0.045034391470 cfg1 2 1 0 0 na na
10 61635.615350359972 0.045034838081 cfg1 2 1 0 0 na na
10 61635.726350288971 0.045035463114 cfg1 2 1 0 0 na na
10 61635.867350328038 0.045036233388 cfg1 2 1 0 0 na na
10 61635.875350356769 0.045036275105 cfg1 2 1 0 0 na na
10 61635.934350365740 0.045036596202 cfg1 2 1 0 0 na na
10 61635.937350351415 0.045036619583 cfg1 2 1 0 0 na na
10 61636.087350350683 0.045037453759 cfg1 2 1 0 0 na na
10 61636.105350319970 0.045037570533 cfg1 2 1 0 0 na na
10 61636.146350283337 0.045037797751 cfg1 2 1 0 0 na na
10 61636.282350293611 0.045038541873 cfg1 2 1 0 0 na na
10 61636.395350293522 0.045039173738 cfg1 2 1 0 0 na na
10 61636.540350282479 0.045040002212 cfg1 2 1 0 0 na na
10 61636.778350251019 0.045041330859 cfg1 2 1 0 0 na na
10 61636.971350308788 0.045042408098 cfg1 2 1 0 0 na na
10 61637.003350307507 0.045042583921 cfg1 2 1 0 0 na na
10 61637.114350259218 0.045043202880 cfg1 2 1 0 0 na na
10 61637.268350338410 0.045044055471 cfg1 2 1 0 0 na na
10 61637.556350243515 0.045045693454 cfg1 2 1 0 0 na na
10 61637.730350322938 0.045046652479 cfg1 2 1 0 0 na na
10 61637.742350338685 0.045046738087 cfg1 2 1 0 0 na na
10 61638.440350276272 0.045050643966 cfg1 2 1 0 0 na na
10 61638.595350296723 0.045051512593 cfg1 2 1 0 0 na na
10 61638.655350316888 0.045051848061 cfg1 2 1 0 0 na na
10 61638.806350328867 0.045052680115 cfg1 2 1 0 0 na na
10 61638.936350269140 0.045053423933 cfg1 2 1 0 0 na na
10 61639.031350272680 0.045053954416 cfg1 2 1 0 0 na na
10 61639.240350319126 0.045055125815 cfg1 2 1 0 0 na na
10 61639.242350336089 0.045055146528 cfg1 2 1 0 0 na na
10 61639.386350314421 0.045055952272 cfg1 2 1 0 0 na na
10 61639.395350304258 0.045056001632 cfg1 2 1 0 0 na na
10 61639.412350280702 0.045056111306 cfg1 2 1 0 0 na na
10 61639.426350306321 0.045056163613 cfg1 2 1 0 0 na na
10 61639.661350353498 0.045057502621 cfg1 2 1 0 0 na na
10 61639.774350298999 0.045058141858 cfg1 2 1 0 0 na na
10 61639.879350250430 0.045058731448 cfg1 2 1 0 0 na na
10 61639.906350241457 0.045058890383 cfg1 2 1 0 0 na na
10 61640.358350286910 0.045061422423 cfg1 2 1 0 0 na na
10 61640.541350256759 0.045062454891 cfg1 2 1 0 0 na na
10 61640.569350265634 0.045062606326 cfg1 2 1 0 0 na na
10 61640.597350282888 0.045062773362 cfg1 2 1 0 0 na na
10 61640.805350313170 0.045063953346 cfg1 2 1 0 0 na na
10 61640.859350296792 0.045064255785 cfg1 2 1 0 0 na na
10 61640.864350334792 0.045064271100 cfg1 2 1 0 0 na na
10 61640.949350310702 0.045064760891 cfg1 2 1 0 0 na na
10 61641.047350337305 0.045065314005 cfg1 2 1 0 0 na na
10 61641.061350341628 0.045065387762 cfg1 2 1 0 0 na na
10 61641.136350297270 0.045065820661 cfg1 2 1 0 0 na na
10 61641.204350296503 0.045066187296 cfg1 2 1 0 0 na na
10 61641.480350300812 0.045067759002 cfg1 2 1 0 0 na na
10 61641.796350309863 0.045069546078 cfg1 2 1 0 0 na na
10 61641.929350339021 0.045070279857 cfg1 2 1 0 0 na na
10 61642.108350278735 0.045071297105 cfg1 2 1 0 0 na na
10 61642.185350326998 0.045071747553 cfg1 2 1 0 0 na na
10 61642.335350331128 0.045072603097 cfg1 2 1 0 0 na na
10 61642.498350311969 0.045073517731 cfg1 2 1 0 0 na na
10 61642.499350348424 0.045073506703 cfg1 2 1 0 0 na na
10 61642.567350322066 0.045073913951 cfg1 2 1 0 0 na na
10 61642.574350303369 0.045073948069 cfg1 2 1 0 0 na na
10 61642.579350284841 0.045073955666 cfg1 2 1 0 0 na na
10 61642.582350348709 0.045073977992 cfg1 2 1 0 0 na na
10 61642.655350257010 0.045074399612 cfg1 2 1 0 0 na na
10 61642.751350264606 0.045074936941 cfg1 2 1 0 0 na na
10 61642.808350260370 0.045075261674 cfg1 2 1 0 0 na na
10 61642.847350266119 0.045075475805 cfg1 2 1 0 0 na na
10 61642.859350362212 0.045075544051 cfg1 2 1 0 0 na na
10 61643.256350304868 0.045077818447 cfg1 2 1 0 0 na na
10 61643.327350310342 0.045078216988 cfg1 2 1 0 0 na na
10 61643.351350287667 0.045078358909 cfg1 2 1 0 0 na na
10 61643.417350347769 0.045078723253 cfg1 2 1 0 0 na na
10 61643.685350273190 0.045080240530 cfg1 2 1 0 0 na na
10 61643.807350321775 0.045080937936 cfg1 2 1 0 0 na na
10 61643.890350287253 0.045081396434 cfg1 2 1 0 0 na na
10 61643.899350302997 0.045081441387 cfg1 2 1 0 0 na na
10 61643.924350346618 0.045081585904 cfg1 2 1 0 0 na na
10 61643.927350291890 0.045081620501 cfg1 2 1 0 0 na na
10 61644.061350307462 0.045082369163 cfg1 2 1 0 0 na na
10 61644.072350295174 0.045082443250 cfg1 2 1 0 0 na na
10 61644.081350311262 0.045082488449 cfg1 2 1 0 0 na na
10 61644.120350263083 0.045082698954 cfg1 2 1 0 0 na na
10 61644.671350322199 0.045085835586 cfg1 2 1 0 0 na na
10 61644.692350310316 0.045085974601 cfg1 2 1 0 0 na na
10 61644.709350277294 0.045086055953 cfg1 2 1 0 0 na na
10 61644.977350349747 0.045087594915 cfg1 2 1 0 0 na na
10 61645.003350280185 0.045087737301 cfg1 2 1 0 0 na na
10 61645.125350362395 0.045088436226 cfg1 2 1 0 0 na na
10 61645.239350344914 0.045089074524 cfg1 2 1 0 0 na na
10 61645.362350327053 0.045089762449 cfg1 2 1 0 0 na na
10 61645.731350266830 0.045091883781 cfg1 2 1 0 0 na na
10 61645.785350248860 0.045092196357 cfg1 2 1 0 0 na na
10 61646.119350328642 0.045094098762 cfg1 2 1 0 0 na na
10 61646.141350342596 0.045094218317 cfg1 2 1 0 0 na na
10 61646.187350296975 0.045094488030 cfg1 2 1 0 0 na na
10 61646.237350292127 0.045094768301 cfg1 2 1 0 0 na na
10 61646.357350332340 0.045095455805 cfg1 2 1 0 0 na na
10 61646.407350291871 0.045095725302 cfg1 2 1 0 0 na na
10 61646.628350327286 0.045097002025 cfg1 2 1 0 0 na na
10 61646.659350256949 0.045097164998 cfg1 2 1 0 0 na na
10 61646.821350357288 0.045098095766 cfg1 2 1 0 0 na na
10 61646.864350282861 0.045098341217 cfg1 2 1 0 0 na na
10 61646.870350313834 0.045098387528 cfg1 2 1 0 0 na na
10 61647.070350366516 0.045099514672 cfg1 2 1 0 0 na na
10 61647.108350345957 0.045099741804 cfg1 2 1 0 0 na na
10 61647.183350306806 0.045100169333 cfg1 2 1 0 0 na na
10 61647.460350348022 0.045101750500 cfg1 2 1 0 0 na na
10 61647.475350298446 0.045101829370 cfg1 2 1 0 0 na na
10 61647.619350351060 0.045102660106 cfg1 2 1 0 0 na na
10 61647.729350309809 0.045103280385 cfg1 2 1 0 0 na na
10 61648.024350347083 0.045104971987 cfg1 2 1 0 0 na na
10 61648.052350274068 0.045105118117 cfg1 2 1 0 0 na na
10 61648.118350300748 0.045105496117 cfg1 2 1 0 0 na na
10 61648.187350317979 0.045105906874 cfg1 2 1 0 0 na na
10 61648.205350378626 0.045106023588 cfg1 2 1 0 0 na na
10 61648.254350243816 0.045106298102 cfg1 2 1 0 0 na na
10 61648.380350325952 0.045107010435 cfg1 2 1 0 0 na na
10 61648.529350306780 0.045107870037 cfg1 2 1 0 0 na na
10 61648.701350299375 0.045108854885 cfg1 2 1 0 0 na na
10 61648.715350298851 0.045108930130 cfg1 2 1 0 0 na na
10 61648.780350312620 0.045109292836 cfg1 2 1 0 0 na na
10 61648.822350309840 0.045109560108 cfg1 2 1 0 0 na na
10 61648.978350347965 0.045110444864 cfg1 2 1 0 0 na na
10 61649.050350320190 0.045110858542 cfg1 2 1 0 0 na na
10 61649.055350314532 0.045110886522 cfg1 2 1 0 0 na na
10 61649.086350271706 0.045111048881 cfg1 2 1 0 0 na na
10 61649.389350312346 0.045112794812 cfg1 2 1 0 0 na na
10 61649.490350358525 0.045113370065 cfg1 2 1 0 0 na na
10 61649.513350300312 0.045113521090 cfg1 2 1 0 0 na na
10 61649.624350372881 0.045114148324 cfg1 2 1 0 0 na na
10 61649.647350277417 0.045114294482 cfg1 2 1 0 0 na na
10 61649.711350359698 0.045114638888 cfg1 2 1 0 0 na na
10 61649.734350283696 0.045114776146 cfg1 2 1 0 0 na na
10 61649.742350276858 0.045114813497 cfg1 2 1 0 0 na na
10 61650.013350277956 0.045116381168 cfg1 2 1 0 0 na na
10 61650.122350283357 0.045117007489 cfg1 2 1 0 0 na na
10 61650.145350288542 0.045117139025 cfg1 2 1 0 0 na na
10 61650.181350301659 0.045117358831 cfg1 2 1 0 0 na na
10 61650.235350264381 0.045117671971 cfg1 2 1 0 0 na na
10 61650.303350334819 0.045118037786 cfg1 2 1 0 0 na na
10 61650.397350389300 0.045118606347 cfg1 2 1 0 0 na na
10 61650.535350323393 0.045119375060 cfg1 2 1 0 0 na na
10 61650.982350331617 0.045121947628 cfg1 2 1 0 0 na na
10 61651.005350335813 0.045122098377 cfg1 2 1 0 0 na na
10 61651.106350252094 0.045122679790 cfg1 2 1 0 0 na na
10 61651.139350354946 0.045122860995 cfg1 2 1 0 0 na na
10 61651.211350352721 0.045123276163 cfg1 2 1 0 0 na na
10 61651.236350304717 0.045123425691 cfg1 2 1 0 0 na na
10 61651.298350349270 0.045123782758 cfg1 2 1 0 0 na na
10 61651.379350302642 0.045124248617 cfg1 2 1 0 0 na na
10 61651.450350307557 0.045124662636 cfg1 2 1 0 0 na na
10 61651.535350353137 0.045125140220 cfg1 2 1 0 0 na na
10 61651.718350320826 0.045126200448 cfg1 2 1 0 0 na na
10 61651.723350327139 0.045126226115 cfg1 2 1 0 0 na na
10 61651.864350293168 0.045127037930 cfg1 2 1 0 0 na na
10 61652.106350294540 0.045128437025 cfg1 2 1 0 0 na na
10 61652.143350303176 0.045128648871 cfg1 2 1 0 0 na na
10 61652.301350268351 0.045129561367 cfg1 2 1 0 0 na na
10 61652.320350318412 0.045129677732 cfg1 2 1 0 0 na na
10 61652.359350325130 0.045129895490 cfg1 2 1 0 0 na na
10 61652.517350319106 0.045130819868 cfg1 2 1 0 0 na na
10 61653.250350357243 0.045135063980 cfg1 2 1 0 0 na na
10 61653.306350291246 0.045135384233 cfg1 2 1 0 0 na na
10 61653.424350360677 0.045136072956 cfg1 2 1 0 0 na na
10 61653.455350327104 0.045136230567 cfg1 2 1 0 0 na na
10 61653.542350289209 0.045136752211 cfg1 2 1 0 0 na na
10 61653.574350371932 0.045136932163 cfg1 2 1 0 0 na na
10 61653.751350307048 0.045137958733 cfg1 2 1 0 0 na na
10 61653.783350341148 0.045138127396 cfg1 2 1 0 0 na na
10 61653.842350322084 0.045138492087 cfg1 2 1 0 0 na na
10 61653.876350275270 0.045138678136 cfg1 2 1 0 0 na na
10 61653.961350327398 0.045139157798 cfg1 2 1 0 0 na na
10 61654.189350334707 0.045140489884 cfg1 2 1 0 0 na na
10 61654.206350318301 0.045140578279 cfg1 2 1 0 0 na na
10 61654.317350310231 0.045141240882 cfg1 2 1 0 0 na na
10 61654.623350321724 0.045143014480 cfg1 2 1 0 0 na na
10 61654.660350310002 0.045143215448 cfg1 2 1 0 0 na na
10 61654.877350300239 0.045144480407 cfg1 2 1 0 0 na na
10 61655.022350305086 0.045145324282 cfg1 2 1 0 0 na na
10 61655.023350308119 0.045145339085 cfg1 2 1 0 0 na na
10 61655.037350305596 0.045145420045 cfg1 2 1 0 0 na na
10 61655.294350300648 0.045146920013 cfg1 2 1 0 0 na na
10 61655.311350291650 0.045147019646 cfg1 2 1 0 0 na na
10 61655.562350303327 0.045148464839 cfg1 2 1 0 0 na na
10 61655.754350309077 0.045149578984 cfg1 2 1 0 0 na na
10 61655.846350322921 0.045150121592 cfg1 2 1 0 0 na na
10 61656.034350316917 0.045151218776 cfg1 2 1 0 0 na na
10 61656.045350284200 0.045151267222 cfg1 2 1 0 0 na na
10 61656.252350288865 0.045152476278 cfg1 2 1 0 0 na na
10 61656.288350322249 0.045152689287 cfg1 2 1 0 0 na na
10 61656.584350264503 0.045154408307 cfg1 2 1 0 0 na na
10 61656.695350305859 0.045155064739 cfg1 2 1 0 0 na na
10 61656.734350303695 0.045155298179 cfg1 2 1 0 0 na na
10 61656.825350257959 0.045155819671 cfg1 2 1 0 0 na na
10 61656.871350311455 0.045156092955 cfg1 2 1 0 0 na na
10 61657.263350310536 0.045158371314 cfg1 2 1 0 0 na na
10 61657.362350370129 0.045158964657 cfg1 2 1 0 0 na na
10 61657.422350310711 0.045159305867 cfg1 2 1 0 0 na na
10 61657.484350290281 0.045159665353 cfg1 2 1 0 0 na na
10 61657.510350295048 0.045159816700 cfg1 2 1 0 0 na na
10 61657.555350267946 0.045160084858 cfg1 2 1 0 0 na na
10 61657.646350250948 0.045160612360 cfg1 2 1 0 0 na na
10 61657.780350303024 0.045161392407 cfg1 2 1 0 0 na na
10 61657.817350285426 0.045161610475 cfg1 2 1 0 0 na na
10 61657.824350348257 0.045161636867 cfg1 2 1 0 0 na na
10 61657.949350356428 0.045162373066 cfg1 2 1 0 0 na na
10 61657.997350371926 0.045162660665 cfg1 2 1 0 0 na na
10 61658.061350257338 0.045163029558 cfg1 2 1 0 0 na na
10 61658.169350299055 0.045163651908 cfg1 2 1 0 0 na na
10 61658.267350296337 0.045164244176 cfg1 2 1 0 0 na na
10 61658.348350277826 0.045164717397 cfg1 2 1 0 0 na na
10 61658.373350315610 0.045164866950 cfg1 2 1 0 0 na na
10 61658.520350332946 0.045165701742 cfg1 2 1 0 0 na na
10 61658.584350302899 0.045166101673 cfg1 2 1 0 0 na na
10 61658.618350309293 0.045166296339 cfg1 2 1 0 0 na na
10 61658.661350303374 0.045166530310 cfg1 2 1 0 0 na na
10 61658.748350285207 0.045167043708 cfg1 2 1 0 0 na na
10 61659.039350274369 0.045168761035 cfg1 2 1 0 0 na na
10 61659.064350322609 0.045168907487 cfg1 2 1 0 0 na na
10 61659.136350276649 0.045169313100 cfg1 2 1 0 0 na na
10 61659.174350276636 0.045169538528 cfg1 2 1 0 0 na na
10 61659.204350269192 0.045169710331 cfg1 2 1 0 0 na na
10 61659.354350305212 0.045170590915 cfg1 2 1 0 0 na na
10 61659.447350310671 0.045171144682 cfg1 2 1 0 0 na na
10 61659.621350343236 0.045172158657 cfg1 2 1 0 0 na na
10 61659.668350349100 0.045172428976 cfg1 2 1 0 0 na na
10 61659.723350288576 0.045172767053 cfg1 2 1 0 0 na na
10 61659.890350302462 0.045173727631 cfg1 2 1 0 0 na na
10 61660.024350323929 0.045174510247 cfg1 2 1 0 0 na na
10 61660.030350323309 0.045174549678 cfg1 2 1 0 0 na na
10 61660.068350275930 0.045174778633 cfg1 2 1 0 0 na na
10 61660.122350292006 0.045175111411 cfg1 2 1 0 0 na na
10 61660.123350290321 0.045175105472 cfg1 2 1 0 0 na na
10 61660.184350311536 0.045175457585 cfg1 2 1 0 0 na na
10 61660.313350373395 0.045176222500 cfg1 2 1 0 0 na na
10 61660.341350311598 0.045176379869 cfg1 2 1 0 0 na na
10 61660.392350332520 0.045176688498 cfg1 2 1 0 0 na na
10 61660.439350318798 0.045176965333 cfg1 2 1 0 0 na na
10 61660.532350317019 0.045177498064 cfg1 2 1 0 0 na na
10 61660.615350321562 0.045178005418 cfg1 2 1 0 0 na na
10 61660.768350250165 0.045178901781 cfg1 2 1 0 0 na na
10 61660.787350297697 0.045179011696 cfg1 2 1 0 0 na na
10 61660.837350265137 0.045179291612 cfg1 2 1 0 0 na na
10 61660.888350291266 0.045179588428 cfg1 2 1 0 0 na na
10 61660.906350377331 0.045179710652 cfg1 2 1 0 0 na na
10 61661.048350368245 0.045180544532 cfg1 2 1 0 0 na na
10 61661.125350292568 0.045180986130 cfg1 2 1 0 0 na na
10 61661.326350291678 0.045182175905 cfg1 2 1 0 0 na na
10 61661.419350314831 0.045182733368 cfg1 2 1 0 0 na na
10 61661.526350331900 0.045183349821 cfg1 2 1 0 0 na na
10 61661.910350322847 0.045185604360 cfg1 2 1 0 0 na na
10 61661.977350332675 0.045185989956 cfg1 2 1 0 0 na na
10 61662.008350329221 0.045186182876 cfg1 2 1 0 0 na na
10 61662.093350263633 0.045186694999 cfg1 2 1 0 0 na na
10 61662.101350348546 0.045186719997 cfg1 2 1 0 0 na na
10 61662.114350344788 0.045186799095 cfg1 2 1 0 0 na na
10 61662.238350320430 0.045187551997 cfg1 2 1 0 0 na na
10 61662.241350333105 0.045187558994 cfg1 2 1 0 0 na na
10 61662.275350370990 0.045187768174 cfg1 2 1 0 0 na na
10 61662.284350309158 0.045187815532 cfg1 2 1 0 0 na na
10 61662.570350306836 0.045189485388 cfg1 2 1 0 0 na na
10 61662.600350321090 0.045189664876 cfg1 2 1 0 0 na na
10 61662.698350343081 0.045190265373 cfg1 2 1 0 0 na na
10 61662.744350387249 0.045190536298 cfg1 2 1 0 0 na na
10 61662.767350316547 0.045190648971 cfg1 2 1 0 0 na na
10 61662.853350310417 0.045191165819 cfg1 2 1 0 0 na na
10 61662.876350253297 0.045191306447 cfg1 2 1 0 0 na na
10 61663.372350353929 0.045194228662 cfg1 2 1 0 0 na na
10 61664.014350292675 0.045198023395 cfg1 2 1 0 0 na na
10 61664.155350320115 0.045198849959 cfg1 2 1 0 0 na na
10 61664.289350319909 0.045199648244 cfg1 2 1 0 0 na na
10 61664.654350266179 0.045201795959 cfg1 2 1 0 0 na na
10 61664.799350293531 0.045202666305 cfg1 2 1 0 0 na na
10 61664.817350290323 0.045202781286 cfg1 2 1 0 0 na na
10 61664.902350314342 0.045203278977 cfg1 2 1 0 0 na na
10 61665.103350298887 0.045204458622 cfg1 2 1 0 0 na na
10 61665.126350302171 0.045204601452 cfg1 2 1 0 0 na na
10 61665.130350314925 0.045204634247 cfg1 2 1 0 0 na na
10 61665.200350267079 0.045205029783 cfg1 2 1 0 0 na na
10 61665.265350298327 0.045205426443 cfg1 2 1 0 0 na na
10 61665.379350341657 0.045206112235 cfg1 2 1 0 0 na na
10 61665.520350266464 0.045206931219 cfg1 2 1 0 0 na na
10 61665.655350321679 0.045207728393 cfg1 2 1 0 0 na na
10 61665.659350310378 0.045207769176 cfg1 2 1 0 0 na na
10 61665.662350343226 0.045207770545 cfg1 2 1 0 0 na na
10 61665.671350285967 0.045207850866 cfg1 2 1 0 0 na na
10 61665.732350262431 0.045208189391 cfg1 2 1 0 0 na na
10 61665.762350255734 0.045208376347 cfg1 2 1 0 0 na na
10 61666.028350320063 0.045209946856 cfg1 2 1 0 0 na na
10 61666.228350376662 0.045211146125 cfg1 2 1 0 0 na na
10 61666.304350290615 0.045211590837 cfg1 2 1 0 0 na na
10 61666.360350307039 0.045211926332 cfg1 2 1 0 0 na na
10 61666.438350270970 0.045212375971 cfg1 2 1 0 0 na na
10 61666.485350290890 0.045212670733 cfg1 2 1 0 0 na na
10 61666.514350374956 0.045212835530 cfg1 2 1 0 0 na na
10 61666.574350296415 0.045213203776 cfg1 2 1 0 0 na na
10 61666.637350360541 0.045213561213 cfg1 2 1 0 0 na na
10 61666.654350268166 0.045213682768 cfg1 2 1 0 0 na na
10 61666.764350246223 0.045214335633 cfg1 2 1 0 0 na na
10 61666.816350263743 0.045214628218 cfg1 2 1 0 0 na na
10 61666.915350275749 0.045215213516 cfg1 2 1 0 0 na na
10 61667.022350314047 0.045215855710 cfg1 2 1 0 0 na na
10 61667.168350318777 0.045216743268 cfg1 2 1 0 0 na na
10 61667.492350281859 0.045218654691 cfg1 2 1 0 0 na na
10 61667.739350328984 0.045220119002 cfg1 2 1 0 0 na na
10 61667.844350276070 0.045220745016 cfg1 2 1 0 0 na na
10 61667.905350342028 0.045221123887 cfg1 2 1 0 0 na na
10 61668.136350336606 0.045222493657 cfg1 2 1 0 0 na na
10 61668.163350284406 0.045222666544 cfg1 2 1 0 0 na na
10 61668.252350344740 0.045223188113 cfg1 2 1 0 0 na na
10 61668.264350371836 0.045223266944 cfg1 2 1 0 0 na na
10 61668.358350274643 0.045223830635 cfg1 2 1 0 0 na na
10 61668.373350307041 0.045223912206 cfg1 2 1 0 0 na na
10 61668.428350364295 0.045224240219 cfg1 2 1 0 0 na na
10 61668.889350316274 0.045226974833 cfg1 2 1 0 0 na na
10 61669.263350345994 0.045229218789 cfg1 2 1 0 0 na na
10 61669.277350286119 0.045229307930 cfg1 2 1 0 0 na na
10 61669.488350323162 0.045230557358 cfg1 2 1 0 0 na na
10 61669.832350312008 0.045232635166 cfg1 2 1 0 0 na na
10 61669.877350281455 0.045232880518 cfg1 2 1 0 0 na na
10 61669.882350259928 0.045232911876 cfg1 2 1 0 0 na na
10 61670.316350346878 0.045235521050 cfg1 2 1 0 0 na na
10 61670.547350279520 0.045236910806 cfg1 2 1 0 0 na na
10 61670.604350304464 0.045237239509 cfg1 2 1 0 0 na na
10 61670.628350332752 0.045237397899 cfg1 2 1 0 0 na na
10 61670.853350325351 0.045238745513 cfg1 2 1 0 0 na na
10 61670.940350283980 0.045239264678 cfg1 2 1 0 0 na na
10 61671.142350401868 0.045240450746 cfg1 2 1 0 0 na na
10 61671.194350336518 0.045240787280 cfg1 2 1 0 0 na na
10 61671.230350326078 0.045241000113 cfg1 2 1 0 0 na na
10 61671.315350322841 0.045241500105 cfg1 2 1 0 0 na na
10 61671.319350307574 0.045241524957 cfg1 2 1 0 0 na na
10 61671.340350307468 0.045241658899 cfg1 2 1 0 0 na na
10 61671.344350332064 0.045241681438 cfg1 2 1 0 0 na na
10 61671.659350298962 0.045243555140 cfg1 2 1 0 0 na na
10 61671.664350352035 0.045243598945 cfg1 2 1 0 0 na na
10 61671.892350310595 0.045244966054 cfg1 2 1 0 0 na na
10 61671.919350319721 0.045245128227 cfg1 2 1 0 0 na na
10 61672.182350265078 0.045246696898 cfg1 2 1 0 0 na na
10 61672.428350293120 0.045248179406 cfg1 2 1 0 0 na na
10 61672.455350336269 0.045248336662 cfg1 2 1 0 0 na na
10 61672.493350262574 0.045248569295 cfg1 2 1 0 0 na na
10 61672.567350304344 0.045249030478 cfg1 2 1 0 0 na na
10 61672.872350316448 0.045250867441 cfg1 2 1 0 0 na na
10 61672.927350298569 0.045251194338 cfg1 2 1 0 0 na na
10 61672.998350311224 0.045251603874 cfg1 2 1 0 0 na na
10 61673.217350300971 0.045252926850 cfg1 2 1 0 0 na na
10 61673.359350298881 0.045253779003 cfg1 2 1 0 0 na na
10 61673.404350329375 0.045254071034 cfg1 2 1 0 0 na na
10 61673.459350343540 0.045254393150 cfg1 2 1 0 0 na na
10 61673.910350312407 0.045257099742 cfg1 2 1 0 0 na na
10 61673.961350339538 0.045257423570 cfg1 2 1 0 0 na na
10 61673.973350321948 0.045257499006 cfg1 2 1 0 0 na na
10 61674.164350265353 0.045258626615 cfg1 2 1 0 0 na na
10 61674.168350285205 0.045258646240 cfg1 2 1 0 0 na na
10 61674.227350319156 0.045259019180 cfg1 2 1 0 0 na na
10 61674.243350320952 0.045259126447 cfg1 2 1 0 0 na na
10 61674.436350289998 0.045260278282 cfg1 2 1 0 0 na na
10 61674.463350266606 0.045260430328 cfg1 2 1 0 0 na na
10 61674.547350339659 0.045260952505 cfg1 2 1 0 0 na na
10 61674.663350323534 0.045261658211 cfg1 2 1 0 0 na na
10 61674.674350316934 0.045261704709 cfg1 2 1 0 0 na na
10 61674.863350266472 0.045262840378 cfg1 2 1 0 0 na na
10 61674.956350367822 0.045263417368 cfg1 2 1 0 0 na na
10 61675.047350267686 0.045263960791 cfg1 2 1 0 0 na na
10 61675.237350319301 0.045265119870 cfg1 2 1 0 0 na na
10 61675.262350269329 0.045265251953 cfg1 2 1 0 0 na na
10 61675.323350320852 0.045265625851 cfg1 2 1 0 0 na na
10 61675.338350336599 0.045265726441 cfg1 2 1 0 0 na na
10 61675.622350319128 0.045267446628 cfg1 2 1 0 0 na na
10 61675.631350276761 0.045267507126 cfg1 2 1 0 0 na na
10 61675.727350262261 0.045268079714 cfg1 2 1 0 0 na na
10 61675.753350298602 0.045268246847 cfg1 2 1 0 0 na na
10 61675.816350258278 0.045268608690 cfg1 2 1 0 0 na na
10 61676.007350260792 0.045269766333 cfg1 2 1 0 0 na na
10 61676.017350306112 0.045269840093 cfg1 2 1 0 0 na na
10 61676.049350301461 0.045270020131 cfg1 2 1 0 0 na na
10 61676.136350270965 0.045270546076 cfg1 2 1 0 0 na na
10 61676.285350313129 0.045271458202 cfg1 2 1 0 0 na na
10 61676.380350360129 0.045272024637 cfg1 2 1 0 0 na na
10 61676.494350323757 0.045272727546 cfg1 2 1 0 0 na na
10 61676.642350354375 0.045273628272 cfg1 2 1 0 0 na na
10 61676.655350283346 0.045273686919 cfg1 2 1 0 0 na na
10 61676.844350314365 0.045274849533 cfg1 2 1 0 0 na na
10 61676.923350285601 0.045275320481 cfg1 2 1 0 0 na na
10 61676.933350315278 0.045275365396 cfg1 2 1 0 0 na na
10 61677.049350253971 0.045276082978 cfg1 2 1 0 0 na na
10 61677.299350326486 0.045277612709 cfg1 2 1 0 0 na na
10 61677.308350305661 0.045277642039 cfg1 2 1 0 0 na na
10 61677.371350316164 0.045278033441 cfg1 2 1 0 0 na na
10 61677.594350312521 0.045279402074 cfg1 2 1 0 0 na na
10 61677.824350377552 0.045280772100 cfg1 2 1 0 0 na na
10 61677.826350268785 0.045280788010 cfg1 2 1 0 0 na na
10 61677.867350331756 0.045281049250 cfg1 2 1 0 0 na na
10 61678.044350257262 0.045282128053 cfg1 2 1 0 0 na na
10 61678.099350282795 0.045282452139 cfg1 2 1 0 0 na na
10 61678.101350256387 0.045282475188 cfg1 2 1 0 0 na na
10 61678.183350353315 0.045282953609 cfg1 2 1 0 0 na na
10 61678.216350275224 0.045283171617 cfg1 2 1 0 0 na na
10 61678.355350315400 0.045284024541 cfg1 2 1 0 0 na na
10 61678.503350264336 0.045284907645 cfg1 2 1 0 0 na na
10 61678.509350253427 0.045284953412 cfg1 2 1 0 0 na na
10 61678.538350264414 0.045285134451 cfg1 2 1 0 0 na na
10 61678.589350289360 0.045285445822 cfg1 2 1 0 0 na na
10 61678.646350362443 0.045285781215 cfg1 2 1 0 0 na na
10 61678.906350298824 0.045287355450 cfg1 2 1 0 0 na na
10 61678.934350264110 0.045287527846 cfg1 2 1 0 0 na na
10 61679.005350335053 0.045287977498 cfg1 2 1 0 0 na na
10 61679.165350343482 0.045288951894 cfg1 2 1 0 0 na na
10 61679.179350311493 0.045289030842 cfg1 2 1 0 0 na na
10 61679.309350282484 0.045289821470 cfg1 2 1 0 0 na na
10 61679.356350251758 0.045290110388 cfg1 2 1 0 0 na na
10 61679.738350266177 0.045292420698 cfg1 2 1 0 0 na na
10 61679.739350335495 0.045292441465 cfg1 2 1 0 0 na na
10 61679.795350338240 0.045292767006 cfg1 2 1 0 0 na na
10 61679.799350260755 0.045292795937 cfg1 2 1 0 0 na na
10 61679.870350272451 0.045293226960 cfg1 2 1 0 0 na na
10 61679.989350272043 0.045293976195 cfg1 2 1 0 0 na na
10 61680.035350352819 0.045294230149 cfg1 2 1 0 0 na na
10 61680.155350348755 0.045294979714 cfg1 2 1 0 0 na na
10 61680.248350278014 0.045295544615 cfg1 2 1 0 0 na na
10 61680.319350304027 0.045295969149 cfg1 2 1 0 0 na na
10 61680.390350295722 0.045296418874 cfg1 2 1 0 0 na na
10 61680.406350345908 0.045296504394 cfg1 2 1 0 0 na na
10 61680.417350304316 0.045296575915 cfg1 2 1 0 0 na na
10 61680.606350342151 0.045297712964 cfg1 2 1 0 0 na na
10 61680.643350280282 0.045297938693 cfg1 2 1 0 0 na na
10 61680.781350323167 0.045298792356 cfg1 2 1 0 0 na na
10 61680.811350344728 0.045298990786 cfg1 2 1 0 0 na na
10 61680.910350303673 0.045299591158 cfg1 2 1 0 0 na na
10 61681.045350324108 0.045300417655 cfg1 2 1 0 0 na na
10 61681.174350289376 0.045301204217 cfg1 2 1 0 0 na na
10 61681.263350352689 0.045301741211 cfg1 2 1 0 0 na na
10 61681.337350304019 0.045302180111 cfg1 2 1 0 0 na na
10 61681.579350364247 0.045303684388 cfg1 2 1 0 0 na na
10 61681.615350287870 0.045303903367 cfg1 2 1 0 0 na na
10 61681.642350369073 0.045304056692 cfg1 2 1 0 0 na na
10 61681.688350318371 0.045304350537 cfg1 2 1 0 0 na na
10 61681.831350270583 0.045305223338 cfg1 2 1 0 0 na na
10 61681.873350350741 0.045305462339 cfg1 2 1 0 0 na na
10 61681.937350317186 0.045305861421 cfg1 2 1 0 0 na na
10 61681.956350317909 0.045305982359 cfg1 2 1 0 0 na na
10 61682.045350306858 0.045306509508 cfg1 2 1 0 0 na na
10 61682.648350327336 0.045310208712 cfg1 2 1 0 0 na na
10 61682.726350332389 0.045310693760 cfg1 2 1 0 0 na na
10 61682.759350263460 0.045310888257 cfg1 2 1 0 0 na na
10 61682.942350254736 0.045312017153 cfg1 2 1 0 0 na na
10 61683.020350266791 0.045312485068 cfg1 2 1 0 0 na na
10 61683.066350249123 0.045312791911 cfg1 2 1 0 0 na na
10 61683.120350332571 0.045313115711 cfg1 2 1 0 0 na na
10 61683.153350322370 0.045313318344 cfg1 2 1 0 0 na na
10 61683.493350308702 0.045315390300 cfg1 2 1 0 0 na na
10 61683.516350335617 0.045315538544 cfg1 2 1 0 0 na na
10 61683.646350280779 0.045316329904 cfg1 2 1 0 0 na na
10 61683.853350349321 0.045317612538 cfg1 2 1 0 0 na na
10 61683.877350249095 0.045317762611 cfg1 2 1 0 0 na na
10 61684.184350270994 0.045319631217 cfg1 2 1 0 0 na na
10 61684.192350324131 0.045319689369 cfg1 2 1 0 0 na na
10 61684.332350290619 0.045320564723 cfg1 2 1 0 0 na na
10 61684.412350283655 0.045321053957 cfg1 2 1 0 0 na na
10 61684.488350289191 0.045321519387 cfg1 2 1 0 0 na na
10 61684.591350278120 0.045322147371 cfg1 2 1 0 0 na na
10 61684.950350294561 0.045324352646 cfg1 2 1 0 0 na na
10 61685.114350301461 0.045325372981 cfg1 2 1 0 0 na na
10 61685.376350326325 0.045326967651 cfg1 2 1 0 0 na na
10 61685.482350344990 0.045327637575 cfg1 2 1 0 0 na na
10 61685.783350312545 0.045329476980 cfg1 2 1 0 0 na na
10 61685.823350327668 0.045329737174 cfg1 2 1 0 0 na na
10 61685.874350306972 0.045330047506 cfg1 2 1 0 0 na na
10 61686.001350297021 0.045330818629 cfg1 2 1 0 0 na na
10 61686.149350340738 0.045331739214 cfg1 2 1 0 0 na na
10 61686.324350310876 0.045332836456 cfg1 2 1 0 0 na na
10 61686.439350350785 0.045333539090 cfg1 2 1 0 0 na na
10 61686.689350375885 0.045335088267 cfg1 2 1 0 0 na na
10 61686.737350296744 0.045335362830 cfg1 2 1 0 0 na na
10 61686.743350308540 0.045335405509 cfg1 2 1 0 0 na na
10 61686.837350296320 0.045335981531 cfg1 2 1 0 0 na na
10 61686.973350310825 0.045336819120 cfg1 2 1 0 0 na na
10 61687.474350346873 0.045339943482 cfg1 2 1 0 0 na na
10 61687.784350316506 0.045341859775 cfg1 2 1 0 0 na na
10 61687.824350305843 0.045342103098 cfg1 2 1 0 0 na na
10 61687.930350297407 0.045342748223 cfg1 2 1 0 0 na na
10 61688.205350316629 0.045344467178 cfg1 2 1 0 0 na na
10 61688.237350341335 0.045344644900 cfg1 2 1 0 0 na na
10 61688.308350302403 0.045345080126 cfg1 2 1 0 0 na na
10 61688.481350319928 0.045346149281 cfg1 2 1 0 0 na na
10 61688.500350270050 0.045346278986 cfg1 2 1 0 0 na na
10 61688.589350329270 0.045346819862 cfg1 2 1 0 0 na na
10 61688.712350349924 0.045347582791 cfg1 2 1 0 0 na na
10 61689.200350301610 0.045350626328 cfg1 2 1 0 0 na na
10 61689.430350310437 0.045352037024 cfg1 2 1 0 0 na na
10 61689.514350266154 0.045352579426 cfg1 2 1 0 0 na na
10 61689.855350323310 0.045354689167 cfg1 2 1 0 0 na na
10 61689.874350260950 0.045354795821 cfg1 2 1 0 0 na na
10 61689.879350299440 0.045354836740 cfg1 2 1 0 0 na na
10 61689.997350284137 0.045355578875 cfg1 2 1 0 0 na na
10 61690.148350239221 0.045356517667 cfg1 2 1 0 0 na na
10 61690.155350317305 0.045356563022 cfg1 2 1 0 0 na na
10 61690.171350350898 0.045356663732 cfg1 2 1 0 0 na na
10 61690.252350331840 0.045357160710 cfg1 2 1 0 0 na na
10 61690.282350347417 0.045357327955 cfg1 2 1 0 0 na na
10 61690.375350312927 0.045357920265 cfg1 2 1 0 0 na na
10 61690.523350323641 0.045358838393 cfg1 2 1 0 0 na na
10 61690.662350353108 0.045359704522 cfg1 2 1 0 0 na na
10 61690.738350262911 0.045360164195 cfg1 2 1 0 0 na na
10 61690.912350327353 0.045361247811 cfg1 2 1 0 0 na na
10 61690.932350239975 0.045361397077 cfg1 2 1 0 0 na na
10 61691.414350276009 0.045364373216 cfg1 2 1 0 0 na na
10 61691.463350263648 0.045364701157 cfg1 2 1 0 0 na na
10 61691.614350339055 0.045365622738 cfg1 2 1 0 0 na na
10 61691.652350250771 0.045365871245 cfg1 2 1 0 0 na na
10 61691.887350278304 0.045367341955 cfg1 2 1 0 0 na na
10 61692.069350281949 0.045368478604 cfg1 2 1 0 0 na na
10 61692.557350308068 0.045371497459 cfg1 2 1 0 0 na na
10 61692.567350338486 0.045371564414 cfg1 2 1 0 0 na na
10 61692.648350295858 0.045372067096 cfg1 2 1 0 0 na na
10 61692.660350341603 0.045372148346 cfg1 2 1 0 0 na na
10 61692.676350338810 0.045372252049 cfg1 2 1 0 0 na na
10 61692.691350335204 0.045372357995 cfg1 2 1 0 0 na na
10 61692.817350347313 0.045373125433 cfg1 2 1 0 0 na na
10 61692.844350258121 0.045373303988 cfg1 2 1 0 0 na na
10 61692.873350339934 0.045373474187 cfg1 2 1 0 0 na na
10 61692.925350268043 0.045373802533 cfg1 2 1 0 0 na na
10 61693.044350352411 0.045374548145 cfg1 2 1 0 0 na na
10 61693.161350290572 0.045375289749 cfg1 2 1 0 0 na na
10 61693.187350328590 0.045375439481 cfg1 2 1 0 0 na na
10 61693.303350282819 0.045376166991 cfg1 2 1 0 0 na na
10 61693.338350279713 0.045376398160 cfg1 2 1 0 0 na na
10 61693.374350290941 0.045376610443 cfg1 2 1 0 0 na na
10 61693.463350283004 0.045377172309 cfg1 2 1 0 0 na na
10 61693.490350257921 0.045377339035 cfg1 2 1 0 0 na na
10 61693.693350277826 0.045378621762 cfg1 2 1 0 0 na na
10 61693.707350290522 0.045378696184 cfg1 2 1 0 0 na na
10 61693.725350326918 0.045378824182 cfg1 2 1 0 0 na na
10 61694.040350262511 0.045380774440 cfg1 2 1 0 0 na na
10 61694.339350288109 0.045382654555 cfg1 2 1 0 0 na na
10 61694.481350345312 0.045383545059 cfg1 2 1 0 0 na na
10 61694.600350337578 0.045384275416 cfg1 2 1 0 0 na na
10 61694.716350268254 0.045385003681 cfg1 2 1 0 0 na na
10 61694.755350359653 0.045385248060 cfg1 2 1 0 0 na na
10 61694.769350323581 0.045385349554 cfg1 2 1 0 0 na na
10 61695.063350340387 0.045387187473 cfg1 2 1 0 0 na na
10 61695.155350290639 0.045387778017 cfg1 2 1 0 0 na na
10 61695.250350260677 0.045388366071 cfg1 2 1 0 0 na na
10 61695.258350371539 0.045388422864 cfg1 2 1 0 0 na na
10 61695.335350361248 0.045388913135 cfg1 2 1 0 0 na na
10 61695.381350261341 0.045389187177 cfg1 2 1 0 0 na na
10 61695.476350311562 0.045389780072 cfg1 2 1 0 0 na na
10 61695.714350310065 0.045391265459 cfg1 2 1 0 0 na na
10 61695.742350356299 0.045391445564 cfg1 2 1 0 0 na na
10 61695.865350349477 0.045392236131 cfg1 2 1 0 0 na na
10 61695.882350263892 0.045392322994 cfg1 2 1 0 0 na na
10 61696.130350290764 0.045393876776 cfg1 2 1 0 0 na na
10 61696.411350320312 0.045395668604 cfg1 2 1 0 0 na na
10 61696.418350243643 0.045395713065 cfg1 2 1 0 0 na na
10 61696.548350284709 0.045396503088 cfg1 2 1 0 0 na na
10 61696.550350356873 0.045396529399 cfg1 2 1 0 0 na na
10 61696.717350270810 0.045397583511 cfg1 2 1 0 0 na na
10 61696.870350361952 0.045398552107 cfg1 2 1 0 0 na na
10 61696.877350275158 0.045398593922 cfg1 2 1 0 0 na na
10 61697.083350329899 0.045399897858 cfg1 2 1 0 0 na na
10 61697.120350333537 0.045400115910 cfg1 2 1 0 0 na na
10 61697.190350344598 0.045400563774 cfg1 2 1 0 0 na na
10 61697.221350320663 0.045400766302 cfg1 2 1 0 0 na na
10 61697.332350290122 0.045401440691 cfg1 2 1 0 0 na na
10 61697.501350299936 0.045402514870 cfg1 2 1 0 0 na na
10 61697.922350256897 0.045405183361 cfg1 2 1 0 0 na na
10 61697.923350297949 0.045405163549 cfg1 2 1 0 0 na na
10 61698.151350291857 0.045406623870 cfg1 2 1 0 0 na na
10 61698.369350339756 0.045407977776 cfg1 2 1 0 0 na na
10 61698.447350299130 0.045408483638 cfg1 2 1 0 0 na na
10 61698.473350347996 0.045408653686 cfg1 2 1 0 0 na na
10 61698.626350356494 0.045409596863 cfg1 2 1 0 0 na na
10 61699.004350343531 0.045411997961 cfg1 2 1 0 0 na na
10 61699.008350295424 0.045412019788 cfg1 2 1 0 0 na na
10 61699.047350315201 0.045412272977 cfg1 2 1 0 0 na na
10 61699.369350258670 0.045414298090 cfg1 2 1 0 0 na na
10 61699.395350313470 0.045414452716 cfg1 2 1 0 0 na na
10 61699.451350334475 0.045414827097 cfg1 2 1 0 0 na na
10 61699.471350242927 0.045414959378 cfg1 2 1 0 0 na na
10 61699.683350322861 0.045416295237 cfg1 2 1 0 0 na na
10 61699.773350282204 0.045416853392 cfg1 2 1 0 0 na na
10 61699.849350317478 0.045417334595 cfg1 2 1 0 0 na na
10 61700.163350326984 0.045419326661 cfg1 2 1 0 0 na na
10 61700.233350290944 0.045419761087 cfg1 2 1 0 0 na na
10 61700.325350330943 0.045420346800 cfg1 2 1 0 0 na na
10 61700.352350333332 0.045420525493 cfg1 2 1 0 0 na na
10 61700.501350324525 0.045421468448 cfg1 2 1 0 0 na na
10 61700.607350365271 0.045422131386 cfg1 2 1 0 0 na na
10 61700.640350270050 0.045422331985 cfg1 2 1 0 0 na na
10 61700.705350309907 0.045422772091 cfg1 2 1 0 0 na na
10 61700.831350317194 0.045423547700 cfg1 2 1 0 0 na na
10 61700.859350292159 0.045423735291 cfg1 2 1 0 0 na na
10 61700.897350307848 0.045423983621 cfg1 2 1 0 0 na na
10 61701.044350310565 0.045424900788 cfg1 2 1 0 0 na na
10 61701.123350303630 0.045425407351 cfg1 2 1 0 0 na na
10 61701.131350280835 0.045425465637 cfg1 2 1 0 0 na na
10 61701.280350308266 0.045426410380 cfg1 2 1 0 0 na na
10 61701.474350257816 0.045427638943 cfg1 2 1 0 0 na na
10 61701.554350261354 0.045428140108 cfg1 2 1 0 0 na na
10 61701.569350356822 0.045428241155 cfg1 2 1 0 0 na na
10 61701.897350293245 0.045430324155 cfg1 2 1 0 0 na na
10 61702.403350275949 0.045433527186 cfg1 2 1 0 0 na na
10 61702.471350266348 0.045433960183 cfg1 2 1 0 0 na na
10 61702.473350242644 0.045433989277 cfg1 2 1 0 0 na na
10 61702.534350297319 0.045434351930 cfg1 2 1 0 0 na na
10 61702.586350298445 0.045434700297 cfg1 2 1 0 0 na na
10 61702.613350249613 0.045434872373 cfg1 2 1 0 0 na na
10 61703.254350321433 0.045438952663 cfg1 2 1 0 0 na na
10 61703.310350298173 0.045439290256 cfg1 2 1 0 0 na na
10 61703.368350299499 0.045439668484 cfg1 2 1 0 0 na na
10 61703.647350317332 0.045441446232 cfg1 2 1 0 0 na na
10 61703.671350281491 0.045441602241 cfg1 2 1 0 0 na na
10 61703.848350357050 0.045442734929 cfg1 2 1 0 0 na na
10 61703.850350305995 0.045442727389 cfg1 2 1 0 0 na na
10 61703.995350303695 0.045443660941 cfg1 2 1 0 0 na na
10 61704.014350325424 0.045443795960 cfg1 2 1 0 0 na na
10 61704.212350307186 0.045445048561 cfg1 2 1 0 0 na na
10 61704.379350265724 0.045446106144 cfg1 2 1 0 0 na na
10 61704.523350257339 0.045447029600 cfg1 2 1 0 0 na na
10 61704.622350300050 0.045447674047 cfg1 2 1 0 0 na na
10 61704.954350310959 0.045449767668 cfg1 2 1 0 0 na na
10 61705.057350294554 0.045450445533 cfg1 2 1 0 0 na na
10 61705.175350306706 0.045451191966 cfg1 2 1 0 0 na na
10 61705.367350274545 0.045452433364 cfg1 2 1 0 0 na na
10 61705.373350322248 0.045452454490 cfg1 2 1 0 0 na na
10 61705.567350326665 0.045453709124 cfg1 2 1 0 0 na na
10 61705.964350283764 0.045456237020 cfg1 2 1 0 0 na na
10 61705.965350324528 0.045456250720 cfg1 2 1 0 0 na na
10 61706.031350291109 0.045456668657 cfg1 2 1 0 0 na na
10 61706.041350329566 0.045456740382 cfg1 2 1 0 0 na na
10 61706.074350298325 0.045456953692 cfg1 2 1 0 0 na na
10 61706.075350325553 0.045456954283 cfg1 2 1 0 0 na na
10 61706.162350294998 0.045457489190 cfg1 2 1 0 0 na na
10 61706.172350322346 0.045457555131 cfg1 2 1 0 0 na na
10 61706.552350378072 0.045459997055 cfg1 2 1 0 0 na na
10 61706.634350299574 0.045460515934 cfg1 2 1 0 0 na na
10 61706.758350332517 0.045461328941 cfg1 2 1 0 0 na na
10 61706.771350317598 0.045461411280 cfg1 2 1 0 0 na na
10 61706.806350332880 0.045461626537 cfg1 2 1 0 0 na na
10 61707.106350357160 0.045463537187 cfg1 2 1 0 0 na na
10 61707.269350306478 0.045464581774 cfg1 2 1 0 0 na na
10 61707.402350270363 0.045465441724 cfg1 2 1 0 0 na na
10 61707.454350317422 0.045465788569 cfg1 2 1 0 0 na na
10 61707.606350324937 0.045466755185 cfg1 2 1 0 0 na na
10 61707.613350325553 0.045466796519 cfg1 2 1 0 0 na na
10 61707.620350280965 0.045466839472 cfg1 2 1 0 0 na na
10 61707.690350313818 0.045467287245 cfg1 2 1 0 0 na na
10 61707.912350311105 0.045468718429 cfg1 2 1 0 0 na na
10 61707.989350322961 0.045469210074 cfg1 2 1 0 0 na na
10 61708.036350282914 0.045469515927 cfg1 2 1 0 0 na na
10 61708.048350307721 0.045469578311 cfg1 2 1 0 0 na na
10 61708.074350308773 0.045469761780 cfg1 2 1 0 0 na na
10 61708.274350305071 0.045471051295 cfg1 2 1 0 0 na na
10 61708.275350295466 0.045471048483 cfg1 2 1 0 0 na na
10 61708.324350313556 0.045471363740 cfg1 2 1 0 0 na na
10 61708.435350244250 0.045472086940 cfg1 2 1 0 0 na na
10 61708.690350286357 0.045473709098 cfg1 2 1 0 0 na na
10 61708.808350286052 0.045474474369 cfg1 2 1 0 0 na na
10 61708.947350264710 0.045475365270 cfg1 2 1 0 0 na na
10 61708.964350277446 0.045475461411 cfg1 2 1 0 0 na na
10 61708.977350301528 0.045475566661 cfg1 2 1 0 0 na na
10 61709.107350340671 0.045476393298 cfg1 2 1 0 0 na na
10 61709.151350310667 0.045476691249 cfg1 2 1 0 0 na na
10 61709.168350325357 0.045476798758 cfg1 2 1 0 0 na na
10 61709.240350318429 0.045477247322 cfg1 2 1 0 0 na na
10 61709.513350315596 0.045479019224 cfg1 2 1 0 0 na na
10 61709.561350308140 0.045479314081 cfg1 2 1 0 0 na na
10 61709.572350309395 0.045479378535 cfg1 2 1 0 0 na na
10 61709.597350253873 0.045479548432 cfg1 2 1 0 0 na na
10 61709.608350314535 0.045479616672 cfg1 2 1 0 0 na na
10 61709.686350307133 0.045480127994 cfg1 2 1 0 0 na na
10 61709.692350330416 0.045480162847 cfg1 2 1 0 0 na na
10 61709.740350270661 0.045480467896 cfg1 2 1 0 0 na na
10 61709.866350261845 0.045481270021 cfg1 2 1 0 0 na na
10 61709.867350286688 0.045481294446 cfg1 2 1 0 0 na na
10 61709.901350275334 0.045481495882 cfg1 2 1 0 0 na na
10 61709.946350285621 0.045481800289 cfg1 2 1 0 0 na na
10 61709.988350339476 0.045482062673 cfg1 2 1 0 0 na na
10 61709.989350262833 0.045482059224 cfg1 2 1 0 0 na na
10 61710.005350353508 0.045482169679 cfg1 2 1 0 0 na na
10 61710.024350295167 0.045482289795 cfg1 2 1 0 0 na na
10 61710.098350276984 0.045482772638 cfg1 2 1 0 0 na na
10 61710.178350298521 0.045483282149 cfg1 2 1 0 0 na na
10 61710.283350345466 0.045483953543 cfg1 2 1 0 0 na na
10 61710.291350345598 0.045484022608 cfg1 2 1 0 0 na na
10 61710.299350393278 0.045484076868 cfg1 2 1 0 0 na na
10 61710.338350328908 0.045484313795 cfg1 2 1 0 0 na na
10 61710.405350344540 0.045484754313 cfg1 2 1 0 0 na na
10 61710.414350309364 0.045484800980 cfg1 2 1 0 0 na na
10 61710.497350318777 0.045485339167 cfg1 2 1 0 0 na na
10 61710.504350301643 0.045485399534 cfg1 2 1 0 0 na na
10 61710.532350280677 0.045485585705 cfg1 2 1 0 0 na na
10 61710.567350324762 0.045485809673 cfg1 2 1 0 0 na na
10 61710.576350347027 0.045485863418 cfg1 2 1 0 0 na na
10 61710.599350327711 0.045486011278 cfg1 2 1 0 0 na na
10 61710.607350330759 0.045486046389 cfg1 2 1 0 0 na na
10 61710.720350266008 0.045486770808 cfg1 2 1 0 0 na na
10 61710.749350292453 0.045486968652 cfg1 2 1 0 0 na na
10 61710.818350353196 0.045487414389 cfg1 2 1 0 0 na na
10 61710.823350324746 0.045487436248 cfg1 2 1 0 0 na na
10 61710.944350363548 0.045488213911 cfg1 2 1 0 0 na na
10 61710.958350246454 0.045488325561 cfg1 2 1 0 0 na na
10 61710.980350359400 0.045488455300 cfg1 2 1 0 0 na na
10 61710.981350264572 0.045488457394 cfg1 2 1 0 0 na na
10 61710.982350322658 0.045488460071 cfg1 2 1 0 0 na na
10 61711.009350281614 0.045488637765 cfg1 2 1 0 0 na na
10 61711.012350360180 0.045488678228 cfg1 2 1 0 0 na na
10 61711.026350252938 0.045488758830 cfg1 2 1 0 0 na na
10 61711.030350267715 0.045488769109 cfg1 2 1 0 0 na na
10 61711.072350370542 0.045489041932 cfg1 2 1 0 0 na na
10 61711.095350326744 0.045489211619 cfg1 2 1 0 0 na na
10 61711.160350287058 0.045489635617 cfg1 2 1 0 0 na na
10 61711.229350323620 0.045490057091 cfg1 2 1 0 0 na na
10 61711.236350295697 0.045490106453 cfg1 2 1 0 0 na na
10 61711.329350312831 0.045490712227 cfg1 2 1 0 0 na na
10 61711.331350268399 0.045490713422 cfg1 2 1 0 0 na na
10 61711.344350300415 0.045490808822 cfg1 2 1 0 0 na na
10 61711.374350298570 0.045491008430 cfg1 2 1 0 0 na na
10 61711.375350311193 0.045491024628 cfg1 2 1 0 0 na na
10 61711.383350335733 0.045491053431 cfg1 2 1 0 0 na na
10 61711.384350256625 0.045491065347 cfg1 2 1 0 0 na na
10 61711.422350316967 0.045491321802 cfg1 2 1 0 0 na na
10 61711.434350319441 0.045491397346 cfg1 2 1 0 0 na na
10 61711.493350325367 0.045491769584 cfg1 2 1 0 0 na na
10 61711.541350365514 0.045492089286 cfg1 2 1 0 0 na na
10 61711.576350297517 0.045492314788 cfg1 2 1 0 0 na na
10 61711.581350261372 0.045492335416 cfg1 2 1 0 0 na na
10 61711.586350371944 0.045492379989 cfg1 2 1 0 0 na na
10 61711.597350325298 0.045492445883 cfg1 2 1 0 0 na na
10 61711.604350369210 0.045492486891 cfg1 2 1 0 0 na na
10 61711.612350351702 0.045492554826 cfg1 2 1 0 0 na na
10 61711.635350288542 0.045492687682 cfg1 2 1 0 0 na na
10 61711.662350334642 0.045492851221 cfg1 2 1 0 0 na na
10 61711.668350310819 0.045492891454 cfg1 2 1 0 0 na na
10 61711.677350333637 0.045492955101 cfg1 2 1 0 0 na na
10 61711.719350349435 0.045493235734 cfg1 2 1 0 0 na na
10 61711.741350307933 0.045493382504 cfg1 2 1 0 0 na na
10 61711.742350275208 0.045493391766 cfg1 2 1 0 0 na na
10 61711.760350337041 0.045493503826 cfg1 2 1 0 0 na na
10 61711.772350332282 0.045493572309 cfg1 2 1 0 0 na na
10 61711.811350356470 0.045493828209 cfg1 2 1 0 0 na na
10 61711.817350306780 0.045493873340 cfg1 2 1 0 0 na na
10 61711.820350364208 0.045493878029 cfg1 2 1 0 0 na na
10 61711.840350358360 0.045494012182 cfg1 2 1 0 0 na na
10 61711.857350333613 0.045494116860 cfg1 2 1 0 0 na na
10 61711.887350358362 0.045494319163 cfg1 2 1 0 0 na na
10 61711.890350330751 0.045494327238 cfg1 2 1 0 0 na na
10 61711.956350282943 0.045494766158 cfg1 2 1 0 0 na na
10 61711.960350367204 0.045494786360 cfg1 2 1 0 0 na na
10 61711.972350279882 0.045494869561 cfg1 2 1 0 0 na na
10 61711.991350291174 0.045494984908 cfg1 2 1 0 0 na na
10 61712.008350304642 0.045495099001 cfg1 2 1 0 0 na na
10 61712.013350266497 0.045495145376 cfg1 2 1 0 0 na na
10 61712.021350288115 0.045495174799 cfg1 2 1 0 0 na na
10 61712.026350307882 0.045495203526 cfg1 2 1 0 0 na na
10 61712.028350330443 0.045495221159 cfg1 2 1 0 0 na na
10 61712.049350326487 0.045495375933 cfg1 2 1 0 0 na na
10 61712.108350242545 0.045495759887 cfg1 2 1 0 0 na na
10 61712.151350312645 0.045496022998 cfg1 2 1 0 0 na na
10 61712.165350291791 0.045496121817 cfg1 2 1 0 0 na na
10 61712.179350360321 0.045496214374 cfg1 2 1 0 0 na na
10 61712.190350294208 0.045496271950 cfg1 2 1 0 0 na na
10 61712.256350301816 0.045496689923 cfg1 2 1 0 0 na na
10 61712.257350256706 0.045496710375 cfg1 2 1 0 0 na na
10 61712.292350324357 0.045496925925 cfg1 2 1 0 0 na na
10 61712.321350389981 0.045497131489 cfg1 2 1 0 0 na na
10 61712.330350332620 0.045497188439 cfg1 2 1 0 0 na na
10 61712.332350347162 0.045497205023 cfg1 2 1 0 0 na na
10 61712.362350364193 0.045497377751 cfg1 2 1 0 0 na na
10 61712.400350325062 0.045497639976 cfg1 2 1 0 0 na na
10 61712.401350301650 0.045497635518 cfg1 2 1 0 0 na na
10 61712.429350281126 0.045497809900 cfg1 2 1 0 0 na na
10 61712.443350278557 0.045497915534 cfg1 2 1 0 0 na na
10 61712.465350253070 0.045498058714 cfg1 2 1 0 0 na na
10 61712.503350342011 0.045498293122 cfg1 2 1 0 0 na na
10 61712.533350270917 0.045498495162 cfg1 2 1 0 0 na na
10 61712.590350268765 0.045498853264 cfg1 2 1 0 0 na na
10 61712.596350327282 0.045498914558 cfg1 2 1 0 0 na na
10 61712.598350321805 0.045498918261 cfg1 2 1 0 0 na na
10 61712.604350348880 0.045498957774 cfg1 2 1 0 0 na na
10 61712.611350258356 0.045498999010 cfg1 2 1 0 0 na na
10 61712.645350334914 0.045499210210 cfg1 2 1 0 0 na na
10 61712.691350314879 0.045499513336 cfg1 2 1 0 0 na na
10 61712.755350330948 0.045499934244 cfg1 2 1 0 0 na na
10 61712.819350317208 0.045500333914 cfg1 2 1 0 0 na na
10 61712.912350299289 0.045500962076 cfg1 2 1 0 0 na na
10 61712.921350298719 0.045501006382 cfg1 2 1 0 0 na na
10 61712.922350336168 0.045501013442 cfg1 2 1 0 0 na na
10 61712.933350359682 0.045501079171 cfg1 2 1 0 0 na na
10 61712.942350327903 0.045501145147 cfg1 2 1 0 0 na na
10 61712.962350380609 0.045501262672 cfg1 2 1 0 0 na na
10 61712.972350340213 0.045501340708 cfg1 2 1 0 0 na na
10 61712.991350320444 0.045501455873 cfg1 2 1 0 0 na na
10 61713.024350305874 0.045501686924 cfg1 2 1 0 0 na na
10 61713.028350365025 0.045501700609 cfg1 2 1 0 0 na na
10 61713.034350334318 0.045501751480 cfg1 2 1 0 0 na na
10 61713.037350274878 0.045501753943 cfg1 2 1 0 0 na na
10 61713.078350335753 0.045502010407 cfg1 2 1 0 0 na na
10 61713.093350295262 0.045502135475 cfg1 2 1 0 0 na na
10 61713.118350344088 0.045502269829 cfg1 2 1 0 0 na na
10 61713.156350325662 0.045502526122 cfg1 2 1 0 0 na na
10 61713.165350344398 0.045502577833 cfg1 2 1 0 0 na na
10 61713.189350294330 0.045502746181 cfg1 2 1 0 0 na na
10 61713.225350265654 0.045502966182 cfg1 2 1 0 0 na na
10 61713.244350322940 0.045503091583 cfg1 2 1 0 0 na na
10 61713.255350301374 0.045503181784 cfg1 2 1 0 0 na na
10 61713.260350318742 0.045503204902 cfg1 2 1 0 0 na na
10 61713.276350321724 0.045503321104 cfg1 2 1 0 0 na na
10 61713.283350323080 0.045503356551 cfg1 2 1 0 0 na na
10 61713.298350336699 0.045503442914 cfg1 2 1 0 0 na na
10 61713.302350271801 0.045503460061 cfg1 2 1 0 0 na na
10 61713.318350315731 0.045503589503 cfg1 2 1 0 0 na na
10 61713.336350283987 0.045503683651 cfg1 2 1 0 0 na na
10 61713.349350295247 0.045503787150 cfg1 2 1 0 0 na na
10 61713.367350328700 0.045503906641 cfg1 2 1 0 0 na na
10 61713.383350304282 0.045503994627 cfg1 2 1 0 0 na na
10 61713.396350270702 0.045504093305 cfg1 2 1 0 0 na na
10 61713.411350315167 0.045504188377 cfg1 2 1 0 0 na na
10 61713.413350309359 0.045504202484 cfg1 2 1 0 0 na na
10 61713.434350308977 0.045504342520 cfg1 2 1 0 0 na na
10 61713.454350318438 0.045504445815 cfg1 2 1 0 0 na na
10 61713.485350312670 0.045504662030 cfg1 2 1 0 0 na na
10 61713.489350313161 0.045504691114 cfg1 2 1 0 0 na na
10 61713.509350392810 0.045504827236 cfg1 2 1 0 0 na na
10 61713.517350311223 0.045504872169 cfg1 2 1 0 0 na na
10 61713.611350285248 0.045505485434 cfg1 2 1 0 0 na na
10 61713.619350312192 0.045505537557 cfg1 2 1 0 0 na na
10 61713.622350303288 0.045505537584 cfg1 2 1 0 0 na na
10 61713.665350290092 0.045505832602 cfg1 2 1 0 0 na na
10 61713.676350356902 0.045505894389 cfg1 2 1 0 0 na na
10 61713.687350278090 0.045505957074 cfg1 2 1 0 0 na na
10 61713.693350317438 0.045505999323 cfg1 2 1 0 0 na na
10 61713.698350341725 0.045506042490 cfg1 2 1 0 0 na na
10 61713.708350285431 0.045506112915 cfg1 2 1 0 0 na na
10 61713.711350304096 0.045506131975 cfg1 2 1 0 0 na na
10 61713.723350356820 0.045506209886 cfg1 2 1 0 0 na na
10 61713.769350323272 0.045506497257 cfg1 2 1 0 0 na na
10 61713.771350308946 0.045506505130 cfg1 2 1 0 0 na na
10 61713.798350372158 0.045506677245 cfg1 2 1 0 0 na na
10 61713.845350351500 0.045506981854 cfg1 2 1 0 0 na na
10 61713.853350354852 0.045507041407 cfg1 2 1 0 0 na na
10 61713.895350323703 0.045507318950 cfg1 2 1 0 0 na na
10 61713.899350258852 0.045507356196 cfg1 2 1 0 0 na na
10 61713.911350296276 0.045507419902 cfg1 2 1 0 0 na na
10 61713.919350353505 0.045507488883 cfg1 2 1 0 0 na na
10 61713.927350331026 0.045507519436 cfg1 2 1 0 0 na na
10 61713.939350327366 0.045507594928 cfg1 2 1 0 0 na na
10 61713.994350333949 0.045507975096 cfg1 2 1 0 0 na na
10 61713.996350304144 0.045507986867 cfg1 2 1 0 0 na na
10 61714.034350345418 0.045508219003 cfg1 2 1 0 0 na na
10 61714.060350253195 0.045508388897 cfg1 2 1 0 0 na na
10 61714.083350304236 0.045508528590 cfg1 2 1 0 0 na na
10 61714.100350322131 0.045508645020 cfg1 2 1 0 0 na na
10 61714.127350323129 0.045508818005 cfg1 2 1 0 0 na na
10 61714.136350325885 0.045508874953 cfg1 2 1 0 0 na na
10 61714.154350322484 0.045508999600 cfg1 2 1 0 0 na na
10 61714.166350339702 0.045509090895 cfg1 2 1 0 0 na na
10 61714.239350263215 0.045509553262 cfg1 2 1 0 0 na na
10 61714.309350360080 0.045510015252 cfg1 2 1 0 0 na na
10 61714.327350323298 0.045510129774 cfg1 2 1 0 0 na na
10 61714.346350281781 0.045510254228 cfg1 2 1 0 0 na na
10 61714.356350309876 0.045510304158 cfg1 2 1 0 0 na na
10 61714.372350319617 0.045510417350 cfg1 2 1 0 0 na na
10 61714.422350339397 0.045510747192 cfg1 2 1 0 0 na na
10 61714.448350313182 0.045510893548 cfg1 2 1 0 0 na na
10 61714.453350339256 0.045510931279 cfg1 2 1 0 0 na na
10 61714.474350361852 0.045511086990 cfg1 2 1 0 0 na na
10 61714.552350326516 0.045511583883 cfg1 2 1 0 0 na na
10 61714.578350338310 0.045511743827 cfg1 2 1 0 0 na na
10 61714.586350354455 0.045511808616 cfg1 2 1 0 0 na na
10 61714.618350345057 0.045512016377 cfg1 2 1 0 0 na na
10 61714.653350300323 0.045512238409 cfg1 2 1 0 0 na na
10 61714.709350290396 0.045512607515 cfg1 2 1 0 0 na na
10 61714.714350263104 0.045512628815 cfg1 2 1 0 0 na na
10 61714.723350338788 0.045512692817 cfg1 2 1 0 0 na na
10 61714.733350315782 0.045512751041 cfg1 2 1 0 0 na na
10 61714.739350325682 0.045512793861 cfg1 2 1 0 0 na na
10 61714.751350322883 0.045512880638 cfg1 2 1 0 0 na na
10 61714.754350261918 0.045512900217 cfg1 2 1 0 0 na na
10 61714.756350295150 0.045512910058 cfg1 2 1 0 0 na na
10 61714.766350299412 0.045512961659 cfg1 2 1 0 0 na na
10 61714.777350338248 0.045513047014 cfg1 2 1 0 0 na na
10 61714.817350348427 0.045513302289 cfg1 2 1 0 0 na na
10 61714.821350284322 0.045513317395 cfg1 2 1 0 0 na na
10 61714.831350258683 0.045513393247 cfg1 2 1 0 0 na na
10 61714.835350301173 0.045513412373 cfg1 2 1 0 0 na na
10 61714.855350333851 0.045513549608 cfg1 2 1 0 0 na na
10 61714.938350271486 0.045514075374 cfg1 2 1 0 0 na na
10 61714.992350330603 0.045514448170 cfg1 2 1 0 0 na na
10 61715.015350363652 0.045514586849 cfg1 2 1 0 0 na na
10 61715.033350297575 0.045514710146 cfg1 2 1 0 0 na na
10 61715.043350284478 0.045514757981 cfg1 2 1 0 0 na na
10 61715.045350345505 0.045514788340 cfg1 2 1 0 0 na na
10 61715.057350296432 0.045514856801 cfg1 2 1 0 0 na na
10 61715.120350275911 0.045515285134 cfg1 2 1 0 0 na na
10 61715.143350310975 0.045515413381 cfg1 2 1 0 0 na na
10 61715.149350343143 0.045515459679 cfg1 2 1 0 0 na na
10 61715.323350261266 0.045516585584 cfg1 2 1 0 0 na na
10 61715.329350319403 0.045516618872 cfg1 2 1 0 0 na na
10 61715.344350276137 0.045516723473 cfg1 2 1 0 0 na na
10 61715.370350332443 0.045516900874 cfg1 2 1 0 0 na na
10 61715.453350335771 0.045517446131 cfg1 2 1 0 0 na na
10 61715.562350294937 0.045518158794 cfg1 2 1 0 0 na na
10 61715.701350320834 0.045519036732 cfg1 2 1 0 0 na na
10 61715.875350342584 0.045520175823 cfg1 2 1 0 0 na na
10 61716.031350326560 0.045521197632 cfg1 2 1 0 0 na na
10 61716.161350283399 0.045522038163 cfg1 2 1 0 0 na na
10 61716.193350322422 0.045522264736 cfg1 2 1 0 0 na na
10 61716.210350371639 0.045522372581 cfg1 2 1 0 0 na na
10 61716.212350358229 0.045522372120 cfg1 2 1 0 0 na na
10 61716.214350278642 0.045522390295 cfg1 2 1 0 0 na na
10 61716.217350269631 0.045522397524 cfg1 2 1 0 0 na na
10 61716.238350315691 0.045522545495 cfg1 2 1 0 0 na na
10 61716.270350281845 0.045522744907 cfg1 2 1 0 0 na na
10 61716.335350319214 0.045523170378 cfg1 2 1 0 0 na na
10 61716.339350335749 0.045523211768 cfg1 2 1 0 0 na na
10 61716.385350342854 0.045523496932 cfg1 2 1 0 0 na na
10 61716.409350295017 0.045523660799 cfg1 2 1 0 0 na na
10 61716.492350315238 0.045524208443 cfg1 2 1 0 0 na na
10 61716.505350285254 0.045524278079 cfg1 2 1 0 0 na na
10 61716.527350323068 0.045524436506 cfg1 2 1 0 0 na na
10 61716.563350284793 0.045524673239 cfg1 2 1 0 0 na na
10 61716.565350288974 0.045524678322 cfg1 2 1 0 0 na na
10 61716.566350256332 0.045524685539 cfg1 2 1 0 0 na na
10 61716.586350314783 0.045524815333 cfg1 2 1 0 0 na na
10 61716.602350322520 0.045524931637 cfg1 2 1 0 0 na na
10 61716.611350305724 0.045524972852 cfg1 2 1 0 0 na na
10 61716.620350310844 0.045525043648 cfg1 2 1 0 0 na na
10 61716.866350359945 0.045526633279 cfg1 2 1 0 0 na na
10 61716.881350325458 0.045526726332 cfg1 2 1 0 0 na na
10 61716.885350301579 0.045526769781 cfg1 2 1 0 0 na na
10 61716.895350283478 0.045526841032 cfg1 2 1 0 0 na na
10 61717.005350280569 0.045527545022 cfg1 2 1 0 0 na na
10 61717.018350271133 0.045527630036 cfg1 2 1 0 0 na na
10 61717.077350293712 0.045528002047 cfg1 2 1 0 0 na na
10 61717.157350352447 0.045528546114 cfg1 2 1 0 0 na na
10 61717.160350303854 0.045528549593 cfg1 2 1 0 0 na na
10 61717.216350347483 0.045528918552 cfg1 2 1 0 0 na na
10 61717.365350374867 0.045529890583 cfg1 2 1 0 0 na na
10 61717.397350339489 0.045530088290 cfg1 2 1 0 0 na na
10 61717.496350273880 0.045530760621 cfg1 2 1 0 0 na na
10 61717.655350297148 0.045531798700 cfg1 2 1 0 0 na na
10 61717.686350333843 0.045531987256 cfg1 2 1 0 0 na na
10 61717.780350325150 0.045532599773 cfg1 2 1 0 0 na na
10 61717.891350332793 0.045533314849 cfg1 2 1 0 0 na na
10 61718.013350260144 0.045534116678 cfg1 2 1 0 0 na na
10 61718.331350293042 0.045536212851 cfg1 2 1 0 0 na na
10 61718.345350282087 0.045536279505 cfg1 2 1 0 0 na na
10 61718.480350322644 0.045537180484 cfg1 2 1 0 0 na na
10 61718.675350326505 0.045538465110 cfg1 2 1 0 0 na na
10 61718.774350274221 0.045539095710 cfg1 2 1 0 0 na na
10 61718.803350299225 0.045539277217 cfg1 2 1 0 0 na na
10 61718.963350344949 0.045540325129 cfg1 2 1 0 0 na na
10 61719.040350290658 0.045540835626 cfg1 2 1 0 0 na na
10 61719.097350342480 0.045541198786 cfg1 2 1 0 0 na na
10 61719.136350319839 0.045541467785 cfg1 2 1 0 0 na na
10 61719.164350349842 0.045541648288 cfg1 2 1 0 0 na na
10 61719.233350336941 0.045542104647 cfg1 2 1 0 0 na na
10 61719.494350300190 0.045543822715 cfg1 2 1 0 0 na na
10 61719.509350339980 0.045543911865 cfg1 2 1 0 0 na na
10 61719.668350301511 0.045544960895 cfg1 2 1 0 0 na na
10 61719.919350346154 0.045546585866 cfg1 2 1 0 0 na na
10 61720.027350299824 0.045547318018 cfg1 2 1 0 0 na na
10 61720.078350325109 0.045547648963 cfg1 2 1 0 0 na na
10 61720.218350322174 0.045548557534 cfg1 2 1 0 0 na na
10 61720.262350307805 0.045548835663 cfg1 2 1 0 0 na na
10 61720.279350280286 0.045548962042 cfg1 2 1 0 0 na na
10 61720.360350357325 0.045549488762 cfg1 2 1 0 0 na na
10 61720.411350324890 0.045549835160 cfg1 2 1 0 0 na na
10 61720.468350266821 0.045550192708 cfg1 2 1 0 0 na na
10 61720.517350255898 0.045550511185 cfg1 2 1 0 0 na na
10 61720.592350325197 0.045551008024 cfg1 2 1 0 0 na na
10 61720.643350372171 0.045551339670 cfg1 2 1 0 0 na na
10 61720.690350311534 0.045551661334 cfg1 2 1 0 0 na na
10 61720.702350299379 0.045551736409 cfg1 2 1 0 0 na na
10 61720.750350331680 0.045552060557 cfg1 2 1 0 0 na na
10 61720.751350291243 0.045552064331 cfg1 2 1 0 0 na na
10 61720.833350284498 0.045552581455 cfg1 2 1 0 0 na na
10 61720.922350252175 0.045553174737 cfg1 2 1 0 0 na na
10 61720.966350321843 0.045553452057 cfg1 2 1 0 0 na na
10 61721.047350325239 0.045553997155 cfg1 2 1 0 0 na na
10 61721.056350332499 0.045554048755 cfg1 2 1 0 0 na na
10 61721.084350309369 0.045554238941 cfg1 2 1 0 0 na na
10 61721.088350281419 0.045554254339 cfg1 2 1 0 0 na na
10 61721.089350300976 0.045554258424 cfg1 2 1 0 0 na na
10 61721.091350340461 0.045554280703 cfg1 2 1 0 0 na na
10 61721.093350263898 0.045554294578 cfg1 2 1 0 0 na na
10 61721.099350288312 0.045554329555 cfg1 2 1 0 0 na na
10 61721.140350328147 0.045554605019 cfg1 2 1 0 0 na na
10 61721.168350313786 0.045554781036 cfg1 2 1 0 0 na na
10 61721.249350297689 0.045555334676 cfg1 2 1 0 0 na na
10 61721.301350285402 0.045555658094 cfg1 2 1 0 0 na na
10 61721.324350333007 0.045555812840 cfg1 2 1 0 0 na na
10 61721.418350332150 0.045556434100 cfg1 2 1 0 0 na na
10 61721.444350312749 0.045556596485 cfg1 2 1 0 0 na na
10 61721.492350300231 0.045556905411 cfg1 2 1 0 0 na na
10 61721.614350322469 0.045557716152 cfg1 2 1 0 0 na na
10 61721.640350326568 0.045557893323 cfg1 2 1 0 0 na na
10 61721.820350277793 0.045559070370 cfg1 2 1 0 0 na na
10 61721.832350332372 0.045559153678 cfg1 2 1 0 0 na na
10 61721.880350261486 0.045559465531 cfg1 2 1 0 0 na na
10 61721.906350344435 0.045559627289 cfg1 2 1 0 0 na na
10 61721.997350356505 0.045560239868 cfg1 2 1 0 0 na na
10 61722.046350292552 0.045560559907 cfg1 2 1 0 0 na na
10 61722.124350311672 0.045561074558 cfg1 2 1 0 0 na na
10 61722.278350312298 0.045562089586 cfg1 2 1 0 0 na na
10 61722.296350264862 0.045562197211 cfg1 2 1 0 0 na na
10 61722.407350338524 0.045562947574 cfg1 2 1 0 0 na na
10 61722.651350255384 0.045564541457 cfg1 2 1 0 0 na na
10 61722.719350271908 0.045565006329 cfg1 2 1 0 0 na na
10 61722.751350288521 0.045565190512 cfg1 2 1 0 0 na na
10 61722.764350262716 0.045565279127 cfg1 2 1 0 0 na na
10 61723.213350320116 0.045568245404 cfg1 2 1 0 0 na na
10 61723.308350305111 0.045568862957 cfg1 2 1 0 0 na na
10 61723.443350270505 0.045569771170 cfg1 2 1 0 0 na na
10 61723.458350299248 0.045569859079 cfg1 2 1 0 0 na na
10 61723.465350310171 0.045569915136 cfg1 2 1 0 0 na na
10 61723.501350283761 0.045570144271 cfg1 2 1 0 0 na na
10 61723.734350285438 0.045571685942 cfg1 2 1 0 0 na na
10 61723.875350268999 0.045572598032 cfg1 2 1 0 0 na na
10 61723.938350270313 0.045573016694 cfg1 2 1 0 0 na na
10 61723.995350304202 0.045573398142 cfg1 2 1 0 0 na na
10 61724.124350266484 0.045574245102 cfg1 2 1 0 0 na na
10 61724.248350374009 0.045575064001 cfg1 2 1 0 0 na na
10 61724.282350300966 0.045575284610 cfg1 2 1 0 0 na na
10 61724.366350285409 0.045575866267 cfg1 2 1 0 0 na na
10 61724.386350321269 0.045575993035 cfg1 2 1 0 0 na na
10 61724.476350251534 0.045576585238 cfg1 2 1 0 0 na na
10 61724.487350302363 0.045576665456 cfg1 2 1 0 0 na na
10 61724.597350316862 0.045577392882 cfg1 2 1 0 0 na na
10 61724.896350337944 0.045579343668 cfg1 2 1 0 0 na na
10 61724.919350324128 0.045579519354 cfg1 2 1 0 0 na na
10 61724.944350326701 0.045579661681 cfg1 2 1 0 0 na na
10 61725.072350354872 0.045580504056 cfg1 2 1 0 0 na na
10 61725.079350298216 0.045580564196 cfg1 2 1 0 0 na na
10 61725.081350262740 0.045580569132 cfg1 2 1 0 0 na na
10 61725.230350253561 0.045581563280 cfg1 2 1 0 0 na na
10 61725.317350316374 0.045582131765 cfg1 2 1 0 0 na na
10 61725.336350341436 0.045582262176 cfg1 2 1 0 0 na na
10 61725.383350328712 0.045582564415 cfg1 2 1 0 0 na na
10 61725.394350285947 0.045582647285 cfg1 2 1 0 0 na na
10 61725.398350311446 0.045582667945 cfg1 2 1 0 0 na na
10 61725.408350367996 0.045582751425 cfg1 2 1 0 0 na na
10 61725.664350289502 0.045584436805 cfg1 2 1 0 0 na na
10 61725.733350301560 0.045584881441 cfg1 2 1 0 0 na na
10 61725.792350330226 0.045585294792 cfg1 2 1 0 0 na na
10 61725.805350334664 0.045585376145 cfg1 2 1 0 0 na na
10 61725.982350292904 0.045586526301 cfg1 2 1 0 0 na na
10 61725.988350279914 0.045586592079 cfg1 2 1 0 0 na na
10 61726.027350314429 0.045586849153 cfg1 2 1 0 0 na na
10 61726.049350347904 0.045586984020 cfg1 2 1 0 0 na na
10 61726.144350295307 0.045587620341 cfg1 2 1 0 0 na na
10 61726.224350259657 0.045588137249 cfg1 2 1 0 0 na na
10 61726.261350330801 0.045588380003 cfg1 2 1 0 0 na na
10 61726.351350289362 0.045588981771 cfg1 2 1 0 0 na na
10 61726.364350264777 0.045589062153 cfg1 2 1 0 0 na na
10 61726.369350363982 0.045589110381 cfg1 2 1 0 0 na na
10 61726.394350334749 0.045589260231 cfg1 2 1 0 0 na na
10 61726.405350295143 0.045589351361 cfg1 2 1 0 0 na na
10 61726.453350320496 0.045589650520 cfg1 2 1 0 0 na na
10 61726.477350261954 0.045589814978 cfg1 2 1 0 0 na na
10 61726.485350303806 0.045589880887 cfg1 2 1 0 0 na na
10 61726.497350316204 0.045589953355 cfg1 2 1 0 0 na na
10 61726.502350342539 0.045589984391 cfg1 2 1 0 0 na na
10 61726.511350348853 0.045590040281 cfg1 2 1 0 0 na na
10 61726.528350330642 0.045590145978 cfg1 2 1 0 0 na na
10 61726.623350307195 0.045590794432 cfg1 2 1 0 0 na na
10 61726.640350362284 0.045590885957 cfg1 2 1 0 0 na na
10 61726.667350319763 0.045591079572 cfg1 2 1 0 0 na na
10 61726.824350349268 0.045592120773 cfg1 2 1 0 0 na na
10 61726.873350319559 0.045592438739 cfg1 2 1 0 0 na na
10 61726.876350324130 0.045592473169 cfg1 2 1 0 0 na na
10 61726.892350314047 0.045592571753 cfg1 2 1 0 0 na na
10 61726.899350348902 0.045592617676 cfg1 2 1 0 0 na na
10 61726.912350316111 0.045592689515 cfg1 2 1 0 0 na na
10 61726.932350268091 0.045592851776 cfg1 2 1 0 0 na na
10 61727.038350284918 0.045593549557 cfg1 2 1 0 0 na na
10 61727.046350315924 0.045593592271 cfg1 2 1 0 0 na na
10 61727.057350279772 0.045593674178 cfg1 2 1 0 0 na na
10 61727.067350363806 0.045593742331 cfg1 2 1 0 0 na na
10 61727.069350310971 0.045593750664 cfg1 2 1 0 0 na na
10 61727.079350296451 0.045593817299 cfg1 2 1 0 0 na na
10 61727.084350302336 0.045593843214 cfg1 2 1 0 0 na na
10 61727.087350359467 0.045593868537 cfg1 2 1 0 0 na na
10 61727.289350301504 0.045595199450 cfg1 2 1 0 0 na na
10 61727.321350309766 0.045595425861 cfg1 2 1 0 0 na na
10 61727.328350346557 0.045595473197 cfg1 2 1 0 0 na na
10 61727.365350345588 0.045595709214 cfg1 2 1 0 0 na na
10 61727.423350269660 0.045596082261 cfg1 2 1 0 0 na na
10 61727.456350323027 0.045596315873 cfg1 2 1 0 0 na na
10 61727.474350333280 0.045596448514 cfg1 2 1 0 0 na na
10 61727.518350329464 0.045596734644 cfg1 2 1 0 0 na na
10 61727.525350353647 0.045596766213 cfg1 2 1 0 0 na na
10 61727.562350293650 0.045597027113 cfg1 2 1 0 0 na na
10 61727.586350281885 0.045597175897 cfg1 2 1 0 0 na na
10 61727.610350295227 0.045597336468 cfg1 2 1 0 0 na na
10 61727.633350291671 0.045597482543 cfg1 2 1 0 0 na na
10 61727.712350284153 0.045598023101 cfg1 2 1 0 0 na na
10 61727.723350285038 0.045598073256 cfg1 2 1 0 0 na na
10 61727.732350299398 0.045598147385 cfg1 2 1 0 0 na na
10 61727.856350294598 0.045598972714 cfg1 2 1 0 0 na na
10 61727.857350341475 0.045598982487 cfg1 2 1 0 0 na na
10 61727.885350315036 0.045599148807 cfg1 2 1 0 0 na na
10 61727.982350324748 0.045599809334 cfg1 2 1 0 0 na na
10 61727.989350283209 0.045599844218 cfg1 2 1 0 0 na na
10 61727.998350298669 0.045599916391 cfg1 2 1 0 0 na na
10 61728.018350307479 0.045600061256 cfg1 2 1 0 0 na na
10 61728.030350345500 0.045600140855 cfg1 2 1 0 0 na na
10 61728.061350296708 0.045600336289 cfg1 2 1 0 0 na na
10 61728.070350295895 0.045600405827 cfg1 2 1 0 0 na na
10 61728.111350275140 0.045600658657 cfg1 2 1 0 0 na na
10 61728.126350297923 0.045600776918 cfg1 2 1 0 0 na na
10 61728.201350265790 0.045601263328 cfg1 2 1 0 0 na na
10 61728.215350236504 0.045601370290 cfg1 2 1 0 0 na na
10 61728.218350346947 0.045601375630 cfg1 2 1 0 0 na na
10 61728.232350264291 0.045601457679 cfg1 2 1 0 0 na na
10 61728.246350278077 0.045601565805 cfg1 2 1 0 0 na na
10 61728.401350299682 0.045602585713 cfg1 2 1 0 0 na na
10 61728.404350290329 0.045602612290 cfg1 2 1 0 0 na na
10 61728.411350293351 0.045602668700 cfg1 2 1 0 0 na na
10 61728.429350256272 0.045602790650 cfg1 2 1 0 0 na na
10 61728.445350355724 0.045602898220 cfg1 2 1 0 0 na na
10 61728.451350295839 0.045602930825 cfg1 2 1 0 0 na na
10 61728.478350265319 0.045603112028 cfg1 2 1 0 0 na na
10 61728.514350291590 0.045603355589 cfg1 2 1 0 0 na na
10 61728.557350278214 0.045603635798 cfg1 2 1 0 0 na na
10 61728.570350357693 0.045603725558 cfg1 2 1 0 0 na na
10 61728.626350313014 0.045604079813 cfg1 2 1 0 0 na na
10 61728.662350259430 0.045604322593 cfg1 2 1 0 0 na na
10 61728.680350282924 0.045604452712 cfg1 2 1 0 0 na na
10 61728.682350261932 0.045604454807 cfg1 2 1 0 0 na na
10 61728.724350251525 0.045604754887 cfg1 2 1 0 0 na na
10 61728.729350289207 0.045604788680 cfg1 2 1 0 0 na na
10 61728.731350347089 0.045604783812 cfg1 2 1 0 0 na na
10 61728.737350278297 0.045604828706 cfg1 2 1 0 0 na na
10 61728.743350289550 0.045604876995 cfg1 2 1 0 0 na na
10 61728.776350265372 0.045605092702 cfg1 2 1 0 0 na na
10 61728.811350314500 0.045605315889 cfg1 2 1 0 0 na na
10 61728.832350268684 0.045605448141 cfg1 2 1 0 0 na na
10 61728.833350324512 0.045605476650 cfg1 2 1 0 0 na na
10 61728.870350346816 0.045605700403 cfg1 2 1 0 0 na na
10 61728.881350356180 0.045605795066 cfg1 2 1 0 0 na na
10 61728.882350259443 0.045605791071 cfg1 2 1 0 0 na na
10 61728.888350305951 0.045605842996 cfg1 2 1 0 0 na na
10 61728.895350375532 0.045605891370 cfg1 2 1 0 0 na na
10 61728.935350254488 0.045606147687 cfg1 2 1 0 0 na na
10 61728.940350355727 0.045606166728 cfg1 2 1 0 0 na na
10 61728.943350330471 0.045606186898 cfg1 2 1 0 0 na na
10 61728.956350323362 0.045606272996 cfg1 2 1 0 0 na na
10 61728.980350331553 0.045606440301 cfg1 2 1 0 0 na na
10 61728.987350269434 0.045606490643 cfg1 2 1 0 0 na na
10 61728.994350266105 0.045606543052 cfg1 2 1 0 0 na na
10 61729.095350301724 0.045607206432 cfg1 2 1 0 0 na na
10 61729.105350290901 0.045607291913 cfg1 2 1 0 0 na na
10 61729.112350294703 0.045607312871 cfg1 2 1 0 0 na na
10 61729.136350346388 0.045607475946 cfg1 2 1 0 0 na na
10 61729.154350300153 0.045607594822 cfg1 2 1 0 0 na na
10 61729.177350343955 0.045607764083 cfg1 2 1 0 0 na na
10 61729.221350373067 0.045608058076 cfg1 2 1 0 0 na na
10 61729.247350294470 0.045608234446 cfg1 2 1 0 0 na na
10 61729.266350267017 0.045608347185 cfg1 2 1 0 0 na na
10 61729.275350348801 0.045608400431 cfg1 2 1 0 0 na na
10 61729.341350355030 0.045608851408 cfg1 2 1 0 0 na na
10 61729.373350341888 0.045609071695 cfg1 2 1 0 0 na na
10 61729.385350348996 0.045609127162 cfg1 2 1 0 0 na na
10 61729.386350281298 0.045609137082 cfg1 2 1 0 0 na na
10 61729.389350370957 0.045609176595 cfg1 2 1 0 0 na na
10 61729.399350341184 0.045609222878 cfg1 2 1 0 0 na na
10 61729.400350293683 0.045609233795 cfg1 2 1 0 0 na na
10 61729.408350341725 0.045609293160 cfg1 2 1 0 0 na na
10 61729.416350295381 0.045609360192 cfg1 2 1 0 0 na na
10 61729.444350325927 0.045609548414 cfg1 2 1 0 0 na na
10 61729.449350296132 0.045609565750 cfg1 2 1 0 0 na na
10 61729.450350270697 0.045609564909 cfg1 2 1 0 0 na na
10 61729.465350264049 0.045609667894 cfg1 2 1 0 0 na na
10 61729.466350337592 0.045609691999 cfg1 2 1 0 0 na na
10 61729.472350323297 0.045609708676 cfg1 2 1 0 0 na na
10 61729.481350284429 0.045609795263 cfg1 2 1 0 0 na na
10 61729.486350350804 0.045609819389 cfg1 2 1 0 0 na na
10 61729.492350287739 0.045609862709 cfg1 2 1 0 0 na na
10 61729.498350342291 0.045609893512 cfg1 2 1 0 0 na na
10 61729.501350270112 0.045609901956 cfg1 2 1 0 0 na na
10 61729.512350276569 0.045609987162 cfg1 2 1 0 0 na na
10 61729.525350332691 0.045610066153 cfg1 2 1 0 0 na na
10 61729.529350363370 0.045610103501 cfg1 2 1 0 0 na na
10 61729.533350315251 0.045610126212 cfg1 2 1 0 0 na na
10 61729.543350303854 0.045610186897 cfg1 2 1 0 0 na na
10 61729.547350265856 0.045610210987 cfg1 2 1 0 0 na na
10 61729.566350348338 0.045610351904 cfg1 2 1 0 0 na na
10 61729.578350305161 0.045610423911 cfg1 2 1 0 0 na na
10 61729.605350277142 0.045610620319 cfg1 2 1 0 0 na na
10 61729.606350363731 0.045610601322 cfg1 2 1 0 0 na na
10 61729.621350351240 0.045610709636 cfg1 2 1 0 0 na na
10 61729.623350350217 0.045610727161 cfg1 2 1 0 0 na na
10 61729.625350346121 0.045610742374 cfg1 2 1 0 0 na na
10 61729.643350322508 0.045610869400 cfg1 2 1 0 0 na na
10 61729.656350264765 0.045610937521 cfg1 2 1 0 0 na na
10 61729.662350328416 0.045610974501 cfg1 2 1 0 0 na na
10 61729.666350332264 0.045611002412 cfg1 2 1 0 0 na na
10 61729.701350299225 0.045611235022 cfg1 2 1 0 0 na na
10 61729.730350309865 0.045611444458 cfg1 2 1 0 0 na na
10 61729.738350293018 0.045611497152 cfg1 2 1 0 0 na na
10 61729.741350258443 0.045611508646 cfg1 2 1 0 0 na na
10 61729.745350267652 0.045611529299 cfg1 2 1 0 0 na na
10 61729.765350263192 0.045611663775 cfg1 2 1 0 0 na na
10 61729.780350352404 0.045611764914 cfg1 2 1 0 0 na na
10 61729.784350282245 0.045611793962 cfg1 2 1 0 0 na na
10 61729.797350375124 0.045611878571 cfg1 2 1 0 0 na na
10 61729.800350311022 0.045611897674 cfg1 2 1 0 0 na na
10 61729.804350317283 0.045611932980 cfg1 2 1 0 0 na na
10 61729.818350271983 0.045612013308 cfg1 2 1 0 0 na na
10 61729.837350315950 0.045612152026 cfg1 2 1 0 0 na na
10 61729.842350297034 0.045612186709 cfg1 2 1 0 0 na na
10 61729.844350287938 0.045612203807 cfg1 2 1 0 0 na na
10 61729.859350289377 0.045612300218 cfg1 2 1 0 0 na na
10 61729.881350292410 0.045612459018 cfg1 2 1 0 0 na na
10 61729.882350353270 0.045612448094 cfg1 2 1 0 0 na na
10 61729.906350351715 0.045612601247 cfg1 2 1 0 0 na na
10 61729.909350348695 0.045612625824 cfg1 2 1 0 0 na na
10 61729.915350324371 0.045612661735 cfg1 2 1 0 0 na na
10 61729.917350327749 0.045612683254 cfg1 2 1 0 0 na na
10 61729.936350339998 0.045612810360 cfg1 2 1 0 0 na na
10 61729.939350273976 0.045612835519 cfg1 2 1 0 0 na na
10 61729.944350259844 0.045612862093 cfg1 2 1 0 0 na na
10 61729.945350360488 0.045612885671 cfg1 2 1 0 0 na na
10 61729.960350325065 0.045612971276 cfg1 2 1 0 0 na na
10 61729.971350323966 0.045613042466 cfg1 2 1 0 0 na na
10 61729.983350304057 0.045613120633 cfg1 2 1 0 0 na na
10 61729.984350279265 0.045613143899 cfg1 2 1 0 0 na na
10 61730.012350276672 0.045613309788 cfg1 2 1 0 0 na na
10 61730.024350278758 0.045613413832 cfg1 2 1 0 0 na na
10 61730.038350342230 0.045613502091 cfg1 2 1 0 0 na na
10 61730.048350298881 0.045613547587 cfg1 2 1 0 0 na na
10 61730.064350336622 0.045613671886 cfg1 2 1 0 0 na na
10 61730.073350356412 0.045613740644 cfg1 2 1 0 0 na na
10 61730.077350247469 0.045613759623 cfg1 2 1 0 0 na na
10 61730.079350333449 0.045613753905 cfg1 2 1 0 0 na na
10 61730.103350281475 0.045613938973 cfg1 2 1 0 0 na na
10 61730.107350269428 0.045613958775 cfg1 2 1 0 0 na na
10 61730.115350266128 0.045614000840 cfg1 2 1 0 0 na na
10 61730.130350342933 0.045614093774 cfg1 2 1 0 0 na na
10 61730.131350249524 0.045614117509 cfg1 2 1 0 0 na na
10 61730.147350324252 0.045614226177 cfg1 2 1 0 0 na na
10 61730.150350370017 0.045614248801 cfg1 2 1 0 0 na na
10 61730.153350261058 0.045614265800 cfg1 2 1 0 0 na na
10 61730.163350331535 0.045614338290 cfg1 2 1 0 0 na na
10 61730.166350309623 0.045614361383 cfg1 2 1 0 0 na na
10 61730.171350312200 0.045614391313 cfg1 2 1 0 0 na na
10 61730.174350272336 0.045614393435 cfg1 2 1 0 0 na na
10 61730.175350359710 0.045614392618 cfg1 2 1 0 0 na na
10 61730.195350282348 0.045614555202 cfg1 2 1 0 0 na na
10 61730.197350316464 0.045614558301 cfg1 2 1 0 0 na na
10 61730.200350338279 0.045614587421 cfg1 2 1 0 0 na na
10 61730.206350283387 0.045614628603 cfg1 2 1 0 0 na na
10 61730.217350293469 0.045614700562 cfg1 2 1 0 0 na na
10 61730.222350266178 0.045614730788 cfg1 2 1 0 0 na na
10 61730.224350353547 0.045614737510 cfg1 2 1 0 0 na na
10 61730.226350254008 0.045614751714 cfg1 2 1 0 0 na na
10 61730.242350270420 0.045614856494 cfg1 2 1 0 0 na na
10 61730.255350295111 0.045614940088 cfg1 2 1 0 0 na na
10 61730.266350285688 0.045615004894 cfg1 2 1 0 0 na na
10 61730.275350321853 0.045615070784 cfg1 2 1 0 0 na na
10 61730.286350351416 0.045615147178 cfg1 2 1 0 0 na na
10 61730.292350287495 0.045615199588 cfg1 2 1 0 0 na na
10 61730.295350301190 0.045615216930 cfg1 2 1 0 0 na na
10 61730.322350262159 0.045615386120 cfg1 2 1 0 0 na na
10 61730.327350297571 0.045615426121 cfg1 2 1 0 0 na na
10 61730.331350355819 0.045615435419 cfg1 2 1 0 0 na na
10 61730.386350272338 0.045615807384 cfg1 2 1 0 0 na na
10 61730.394350265924 0.045615865773 cfg1 2 1 0 0 na na
10 61730.401350304024 0.045615907986 cfg1 2 1 0 0 na na
10 61730.418350253214 0.045616030599 cfg1 2 1 0 0 na na
10 61730.450350303013 0.045616239562 cfg1 2 1 0 0 na na
10 61730.455350286998 0.045616264633 cfg1 2 1 0 0 na na
10 61730.474350320275 0.045616386947 cfg1 2 1 0 0 na na
10 61730.481350329544 0.045616443381 cfg1 2 1 0 0 na na
10 61730.498350363790 0.045616566536 cfg1 2 1 0 0 na na
10 61730.501350251746 0.045616585234 cfg1 2 1 0 0 na na
10 61730.507350334186 0.045616612533 cfg1 2 1 0 0 na na
10 61730.522350307936 0.045616713388 cfg1 2 1 0 0 na na
10 61730.527350270759 0.045616740943 cfg1 2 1 0 0 na na
10 61730.548350310338 0.045616888402 cfg1 2 1 0 0 na na
10 61730.553350325130 0.045616940248 cfg1 2 1 0 0 na na
10 61730.566350268903 0.045617003067 cfg1 2 1 0 0 na na
10 61730.599350244844 0.045617247088 cfg1 2 1 0 0 na na
10 61730.601350261570 0.045617240618 cfg1 2 1 0 0 na na
10 61730.609350342762 0.045617317265 cfg1 2 1 0 0 na na
10 61730.614350326482 0.045617343362 cfg1 2 1 0 0 na na
10 61730.624350338719 0.045617393018 cfg1 2 1 0 0 na na
10 61730.628350335921 0.045617427726 cfg1 2 1 0 0 na na
10 61730.632350275604 0.045617451465 cfg1 2 1 0 0 na na
10 61730.650350273315 0.045617579771 cfg1 2 1 0 0 na na
10 61730.675350272971 0.045617749207 cfg1 2 1 0 0 na na
10 61730.680350321233 0.045617789027 cfg1 2 1 0 0 na na
10 61730.689350277691 0.045617850296 cfg1 2 1 0 0 na na
10 61730.691350244326 0.045617862610 cfg1 2 1 0 0 na na
10 61730.700350327016 0.045617896692 cfg1 2 1 0 0 na na
10 61730.704350299705 0.045617940722 cfg1 2 1 0 0 na na
10 61730.718350336849 0.045618034516 cfg1 2 1 0 0 na na
10 61730.727350323156 0.045618086141 cfg1 2 1 0 0 na na
10 61730.736350283065 0.045618149141 cfg1 2 1 0 0 na na
10 61730.765350305588 0.045618347630 cfg1 2 1 0 0 na na
10 61730.767350360096 0.045618365865 cfg1 2 1 0 0 na na
10 61730.773350273809 0.045618403625 cfg1 2 1 0 0 na na
10 61730.774350329863 0.045618392471 cfg1 2 1 0 0 na na
10 61730.778350285002 0.045618433836 cfg1 2 1 0 0 na na
10 61730.804350289839 0.045618600065 cfg1 2 1 0 0 na na
10 61730.807350322707 0.045618635409 cfg1 2 1 0 0 na na
10 61730.810350284141 0.045618635466 cfg1 2 1 0 0 na na
10 61730.834350278508 0.045618792613 cfg1 2 1 0 0 na na
10 61730.835350344920 0.045618802352 cfg1 2 1 0 0 na na
10 61730.845350316727 0.045618879949 cfg1 2 1 0 0 na na
10 61730.848350246605 0.045618905252 cfg1 2 1 0 0 na na
10 61730.849350345139 0.045618906730 cfg1 2 1 0 0 na na
10 61730.850350262847 0.045618904191 cfg1 2 1 0 0 na na
10 61730.857350331645 0.045618948204 cfg1 2 1 0 0 na na
10 61730.863350342170 0.045619007261 cfg1 2 1 0 0 na na
10 61730.866350249951 0.045619022032 cfg1 2 1 0 0 na na
10 61730.873350271692 0.045619074708 cfg1 2 1 0 0 na na
10 61730.896350318608 0.045619217875 cfg1 2 1 0 0 na na
10 61730.900350261383 0.045619240799 cfg1 2 1 0 0 na na
10 61730.917350333278 0.045619361004 cfg1 2 1 0 0 na na
10 61730.920350283812 0.045619382864 cfg1 2 1 0 0 na na
10 61730.928350308133 0.045619437184 cfg1 2 1 0 0 na na
10 61730.929350272609 0.045619424256 cfg1 2 1 0 0 na na
10 61730.933350278993 0.045619456791 cfg1 2 1 0 0 na na
10 61730.939350318653 0.045619503691 cfg1 2 1 0 0 na na
10 61730.958350311762 0.045619630554 cfg1 2 1 0 0 na na
10 61730.960350342495 0.045619656199 cfg1 2 1 0 0 na na
10 61730.989350267071 0.045619829913 cfg1 2 1 0 0 na na
10 61731.000350344506 0.045619910563 cfg1 2 1 0 0 na na
10 61731.001350341184 0.045619910543 cfg1 2 1 0 0 na na
10 61731.006350331637 0.045619948384 cfg1 2 1 0 0 na na
10 61731.008350293482 0.045619976642 cfg1 2 1 0 0 na na
10 61731.036350302803 0.045620151969 cfg1 2 1 0 0 na na
10 61731.046350311706 0.045620216465 cfg1 2 1 0 0 na na
10 61731.066350263556 0.045620348422 cfg1 2 1 0 0 na na
10 61731.082350264797 0.045620452039 cfg1 2 1 0 0 na na
10 61731.084350351602 0.045620482242 cfg1 2 1 0 0 na na
10 61731.105350252482 0.045620626657 cfg1 2 1 0 0 na na
10 61731.110350301857 0.045620648073 cfg1 2 1 0 0 na na
10 61731.111350303400 0.045620656955 cfg1 2 1 0 0 na na
10 61731.130350308116 0.045620788794 cfg1 2 1 0 0 na na
10 61731.141350351788 0.045620858572 cfg1 2 1 0 0 na na
10 61731.151350302627 0.045620934300 cfg1 2 1 0 0 na na
10 61731.152350316632 0.045620938476 cfg1 2 1 0 0 na na
10 61731.157350333930 0.045620947374 cfg1 2 1 0 0 na na
10 61731.160350313588 0.045620981271 cfg1 2 1 0 0 na na
10 61731.164350334700 0.045620998202 cfg1 2 1 0 0 na na
10 61731.169350321581 0.045621037991 cfg1 2 1 0 0 na na
10 61731.171350380857 0.045621046965 cfg1 2 1 0 0 na na
10 61731.179350297046 0.045621109101 cfg1 2 1 0 0 na na
10 61731.185350360105 0.045621149274 cfg1 2 1 0 0 na na
10 61731.203350282807 0.045621272031 cfg1 2 1 0 0 na na
10 61731.235350297805 0.045621471371 cfg1 2 1 0 0 na na
10 61731.252350283910 0.045621585891 cfg1 2 1 0 0 na na
10 61731.263350295755 0.045621672135 cfg1 2 1 0 0 na na
10 61731.268350349469 0.045621698603 cfg1 2 1 0 0 na na
10 61731.286350272825 0.045621823984 cfg1 2 1 0 0 na na
10 61731.290350349083 0.045621843339 cfg1 2 1 0 0 na na
10 61731.297350331875 0.045621894599 cfg1 2 1 0 0 na na
10 61731.305350348023 0.045621961253 cfg1 2 1 0 0 na na
10 61731.321350309077 0.045622066886 cfg1 2 1 0 0 na na
10 61731.327350387063 0.045622087109 cfg1 2 1 0 0 na na
10 61731.343350304977 0.045622206125 cfg1 2 1 0 0 na na
10 61731.350350312696 0.045622237599 cfg1 2 1 0 0 na na
10 61731.378350266990 0.045622430048 cfg1 2 1 0 0 na na
10 61731.386350303577 0.045622504323 cfg1 2 1 0 0 na na
10 61731.395350302717 0.045622539158 cfg1 2 1 0 0 na na
10 61731.399350299731 0.045622590964 cfg1 2 1 0 0 na na
10 61731.400350286811 0.045622583003 cfg1 2 1 0 0 na na
10 61731.414350288001 0.045622670332 cfg1 2 1 0 0 na na
10 61731.417350310963 0.045622713237 cfg1 2 1 0 0 na na
10 61731.426350260708 0.045622756187 cfg1 2 1 0 0 na na
10 61731.441350352971 0.045622846067 cfg1 2 1 0 0 na na
10 61731.447350289670 0.045622903235 cfg1 2 1 0 0 na na
10 61731.457350326428 0.045622969678 cfg1 2 1 0 0 na na
10 61731.461350304421 0.045622992992 cfg1 2 1 0 0 na na
10 61731.463350285769 0.045623008171 cfg1 2 1 0 0 na na
10 61731.473350292479 0.045623059081 cfg1 2 1 0 0 na na
10 61731.481350377588 0.045623132109 cfg1 2 1 0 0 na na
10 61731.494350310511 0.045623204577 cfg1 2 1 0 0 na na
10 61731.510350350597 0.045623327533 cfg1 2 1 0 0 na na
10 61731.520350315726 0.045623396428 cfg1 2 1 0 0 na na
10 61731.525350258804 0.045623426134 cfg1 2 1 0 0 na na
10 61731.544350355379 0.045623553402 cfg1 2 1 0 0 na na
10 61731.545350310279 0.045623568320 cfg1 2 1 0 0 na na
10 61731.556350297442 0.045623627445 cfg1 2 1 0 0 na na
10 61731.558350293643 0.045623641264 cfg1 2 1 0 0 na na
10 61731.560350327121 0.045623651906 cfg1 2 1 0 0 na na
10 61731.571350251681 0.045623735204 cfg1 2 1 0 0 na na
10 61731.573350301868 0.045623729279 cfg1 2 1 0 0 na na
10 61731.582350333964 0.045623809316 cfg1 2 1 0 0 na na
10 61731.584350373880 0.045623808252 cfg1 2 1 0 0 na na
10 61731.586350271173 0.045623815677 cfg1 2 1 0 0 na na
10 61731.591350329433 0.045623860259 cfg1 2 1 0 0 na na
10 61731.601350269927 0.045623917095 cfg1 2 1 0 0 na na
10 61731.605350281853 0.045623961978 cfg1 2 1 0 0 na na
10 61731.609350305245 0.045623992340 cfg1 2 1 0 0 na na
10 61731.620350338461 0.045624043051 cfg1 2 1 0 0 na na
10 61731.633350332897 0.045624150636 cfg1 2 1 0 0 na na
10 61731.637350303917 0.045624164083 cfg1 2 1 0 0 na na
10 61731.643350328556 0.045624198639 cfg1 2 1 0 0 na na
10 61731.687350295933 0.045624505191 cfg1 2 1 0 0 na na
10 61731.715350285693 0.045624705930 cfg1 2 1 0 0 na na
10 61731.724350282310 0.045624765012 cfg1 2 1 0 0 na na
10 61731.732350363376 0.045624818774 cfg1 2 1 0 0 na na
10 61731.738350268370 0.045624848433 cfg1 2 1 0 0 na na
10 61731.756350349110 0.045624978028 cfg1 2 1 0 0 na na
10 61731.764350253396 0.045625023365 cfg1 2 1 0 0 na na
10 61731.770350306178 0.045625049392 cfg1 2 1 0 0 na na
10 61731.772350249237 0.045625077809 cfg1 2 1 0 0 na na
10 61731.783350308760 0.045625144538 cfg1 2 1 0 0 na na
10 61731.787350345403 0.045625168938 cfg1 2 1 0 0 na na
10 61731.792350285321 0.045625195957 cfg1 2 1 0 0 na na
10 61731.799350281023 0.045625257065 cfg1 2 1 0 0 na na
10 61731.804350296627 0.045625297468 cfg1 2 1 0 0 na na
10 61731.813350299826 0.045625339477 cfg1 2 1 0 0 na na
10 61731.826350268036 0.045625423943 cfg1 2 1 0 0 na na
10 61731.837350310587 0.045625499497 cfg1 2 1 0 0 na na
10 61731.846350268439 0.045625557063 cfg1 2 1 0 0 na na
10 61731.858350318752 0.045625648198 cfg1 2 1 0 0 na na
10 61731.867350312301 0.045625713165 cfg1 2 1 0 0 na na
10 61731.878350301496 0.045625791939 cfg1 2 1 0 0 na na
10 61731.885350287268 0.045625813860 cfg1 2 1 0 0 na na
10 61731.897350304548 0.045625917314 cfg1 2 1 0 0 na na
10 61731.908350336444 0.045625994970 cfg1 2 1 0 0 na na
10 61731.911350304808 0.045626014518 cfg1 2 1 0 0 na na
10 61731.914350301663 0.045626012415 cfg1 2 1 0 0 na na
10 61731.924350287565 0.045626086384 cfg1 2 1 0 0 na na
10 61731.926350286495 0.045626099812 cfg1 2 1 0 0 na na
10 61731.927350347369 0.045626100744 cfg1 2 1 0 0 na na
10 61731.940350265740 0.045626186079 cfg1 2 1 0 0 na na
10 61731.945350336983 0.045626218394 cfg1 2 1 0 0 na na
10 61731.953350247300 0.045626297758 cfg1 2 1 0 0 na na
10 61731.964350296423 0.045626363096 cfg1 2 1 0 0 na na
10 61731.967350314401 0.045626370880 cfg1 2 1 0 0 na na
10 61731.981350359173 0.045626483157 cfg1 2 1 0 0 na na
10 61731.982350319488 0.045626472110 cfg1 2 1 0 0 na na
10 61731.992350254381 0.045626553016 cfg1 2 1 0 0 na na
10 61731.995350334679 0.045626555888 cfg1 2 1 0 0 na na
10 61732.012350294167 0.045626668515 cfg1 2 1 0 0 na na
10 61732.017350310809 0.045626722476 cfg1 2 1 0 0 na na
10 61732.019350254286 0.045626738768 cfg1 2 1 0 0 na na
10 61732.030350333822 0.045626789777 cfg1 2 1 0 0 na na
10 61732.031350302071 0.045626805775 cfg1 2 1 0 0 na na
10 61732.037350310248 0.045626848034 cfg1 2 1 0 0 na na
10 61732.041350287629 0.045626877988 cfg1 2 1 0 0 na na
10 61732.052350255566 0.045626946781 cfg1 2 1 0 0 na na
10 61732.060350330041 0.045627001975 cfg1 2 1 0 0 na na
10 61732.068350254733 0.045627052101 cfg1 2 1 0 0 na na
10 61732.073350280571 0.045627076537 cfg1 2 1 0 0 na na
10 61732.077350331949 0.045627111647 cfg1 2 1 0 0 na na
10 61732.087350315784 0.045627181190 cfg1 2 1 0 0 na na
10 61732.088350305232 0.045627199916 cfg1 2 1 0 0 na na
10 61732.091350299351 0.045627204366 cfg1 2 1 0 0 na na
10 61732.093350320658 0.045627232296 cfg1 2 1 0 0 na na
10 61732.095350359700 0.045627241353 cfg1 2 1 0 0 na na
10 61732.113350323685 0.045627348896 cfg1 2 1 0 0 na na
10 61732.120350265606 0.045627391308 cfg1 2 1 0 0 na na
10 61732.123350290758 0.045627421202 cfg1 2 1 0 0 na na
10 61732.152350312148 0.045627622773 cfg1 2 1 0 0 na na
10 61732.159350296929 0.045627675493 cfg1 2 1 0 0 na na
10 61732.163350311056 0.045627693923 cfg1 2 1 0 0 na na
10 61732.170350255525 0.045627736366 cfg1 2 1 0 0 na na
10 61732.179350244225 0.045627807536 cfg1 2 1 0 0 na na
10 61732.189350280344 0.045627854142 cfg1 2 1 0 0 na na
10 61732.201350258471 0.045627948178 cfg1 2 1 0 0 na na
10 61732.205350296816 0.045627970475 cfg1 2 1 0 0 na na
10 61732.208350325950 0.045628001139 cfg1 2 1 0 0 na na
10 61732.209350291634 0.045627990581 cfg1 2 1 0 0 na na
10 61732.210350338115 0.045627990371 cfg1 2 1 0 0 na na
10 61732.211350356682 0.045628024440 cfg1 2 1 0 0 na na
10 61732.214350293565 0.045628027997 cfg1 2 1 0 0 na na
10 61732.217350357656 0.045628049815 cfg1 2 1 0 0 na na
10 61732.239350328530 0.045628207965 cfg1 2 1 0 0 na na
10 61732.247350289550 0.045628244551 cfg1 2 1 0 0 na na
10 61732.249350269778 0.045628252323 cfg1 2 1 0 0 na na
10 61732.255350373182 0.045628289980 cfg1 2 1 0 0 na na
10 61732.272350263820 0.045628408052 cfg1 2 1 0 0 na na
10 61732.273350340661 0.045628427822 cfg1 2 1 0 0 na na
10 61732.287350309465 0.045628504890 cfg1 2 1 0 0 na na
10 61732.291350377203 0.045628553931 cfg1 2 1 0 0 na na
10 61732.292350294642 0.045628562202 cfg1 2 1 0 0 na na
10 61732.293350289253 0.045628559527 cfg1 2 1 0 0 na na
10 61732.296350276438 0.045628584717 cfg1 2 1 0 0 na na
10 61732.302350321104 0.045628624385 cfg1 2 1 0 0 na na
10 61732.325350255316 0.045628771773 cfg1 2 1 0 0 na na
10 61732.347350277437 0.045628932878 cfg1 2 1 0 0 na na
10 61732.348350267727 0.045628914212 cfg1 2 1 0 0 na na
10 61732.353350359803 0.045628956301 cfg1 2 1 0 0 na na
10 61732.358350300456 0.045629004549 cfg1 2 1 0 0 na na
10 61732.360350365224 0.045629021834 cfg1 2 1 0 0 na na
10 61732.382350346564 0.045629149941 cfg1 2 1 0 0 na na
10 61732.403350268189 0.045629283647 cfg1 2 1 0 0 na na
10 61732.416350324500 0.045629367888 cfg1 2 1 0 0 na na
10 61732.418350382465 0.045629400618 cfg1 2 1 0 0 na na
10 61732.431350254664 0.045629482169 cfg1 2 1 0 0 na na
10 61732.435350289777 0.045629504572 cfg1 2 1 0 0 na na
10 61732.449350355141 0.045629589063 cfg1 2 1 0 0 na na
10 61732.453350342911 0.045629638066 cfg1 2 1 0 0 na na
10 61732.462350305070 0.045629682735 cfg1 2 1 0 0 na na
10 61732.476350275038 0.045629770205 cfg1 2 1 0 0 na na
10 61732.487350305340 0.045629861125 cfg1 2 1 0 0 na na
10 61732.490350299372 0.045629886107 cfg1 2 1 0 0 na na
10 61732.498350330252 0.045629930979 cfg1 2 1 0 0 na na
10 61732.502350339821 0.045629944239 cfg1 2 1 0 0 na na
10 61732.503350244507 0.045629979100 cfg1 2 1 0 0 na na
10 61732.519350304294 0.045630057561 cfg1 2 1 0 0 na na
10 61732.521350324604 0.045630079794 cfg1 2 1 0 0 na na
10 61732.531350292961 0.045630160174 cfg1 2 1 0 0 na na
10 61732.533350267889 0.045630156548 cfg1 2 1 0 0 na na
10 61732.545350331278 0.045630242340 cfg1 2 1 0 0 na na
10 61732.550350285348 0.045630282292 cfg1 2 1 0 0 na na
10 61732.554350287288 0.045630307661 cfg1 2 1 0 0 na na
10 61732.558350273537 0.045630337350 cfg1 2 1 0 0 na na
10 61732.565350320349 0.045630378347 cfg1 2 1 0 0 na na
10 61732.587350278088 0.045630534645 cfg1 2 1 0 0 na na
10 61732.588350268912 0.045630524933 cfg1 2 1 0 0 na na
10 61732.603350371487 0.045630626756 cfg1 2 1 0 0 na na
10 61732.604350284158 0.045630643699 cfg1 2 1 0 0 na na
10 61732.612350243758 0.045630708232 cfg1 2 1 0 0 na na
10 61732.634350316605 0.045630831089 cfg1 2 1 0 0 na na
10 61732.649350309340 0.045630947529 cfg1 2 1 0 0 na na
10 61732.656350305840 0.045630995434 cfg1 2 1 0 0 na na
10 61732.672350355086 0.045631107443 cfg1 2 1 0 0 na na
10 61732.674350289973 0.045631110087 cfg1 2 1 0 0 na na
10 61732.682350357369 0.045631159641 cfg1 2 1 0 0 na na
10 61732.689350329718 0.045631212020 cfg1 2 1 0 0 na na
10 61732.690350287043 0.045631205884 cfg1 2 1 0 0 na na
10 61732.691350371618 0.045631214123 cfg1 2 1 0 0 na na
10 61732.699350333327 0.045631281879 cfg1 2 1 0 0 na na
10 61732.706350288489 0.045631322558 cfg1 2 1 0 0 na na
10 61732.708350312650 0.045631351088 cfg1 2 1 0 0 na na
10 61732.728350304077 0.045631476426 cfg1 2 1 0 0 na na
10 61732.738350325956 0.045631550796 cfg1 2 1 0 0 na na
10 61732.742350349829 0.045631557641 cfg1 2 1 0 0 na na
10 61732.763350296939 0.045631700471 cfg1 2 1 0 0 na na
10 61732.769350361900 0.045631756579 cfg1 2 1 0 0 na na
10 61732.771350289337 0.045631754445 cfg1 2 1 0 0 na na
10 61732.776350346254 0.045631793754 cfg1 2 1 0 0 na na
10 61732.780350295717 0.045631806309 cfg1 2 1 0 0 na na
10 61732.782350348010 0.045631819641 cfg1 2 1 0 0 na na
10 61732.816350293949 0.045632069029 cfg1 2 1 0 0 na na
10 61732.828350300406 0.045632151297 cfg1 2 1 0 0 na na
10 61732.830350311937 0.045632140302 cfg1 2 1 0 0 na na
10 61732.842350324459 0.045632242750 cfg1 2 1 0 0 na na
10 61732.855350306455 0.045632313292 cfg1 2 1 0 0 na na
10 61732.857350266698 0.045632325229 cfg1 2 1 0 0 na na
10 61732.865350276086 0.045632379827 cfg1 2 1 0 0 na na
10 61732.866350366753 0.045632395279 cfg1 2 1 0 0 na na
10 61732.869350306224 0.045632421519 cfg1 2 1 0 0 na na
10 61732.871350278245 0.045632429825 cfg1 2 1 0 0 na na
10 61732.883350332148 0.045632504663 cfg1 2 1 0 0 na na
10 61732.896350271958 0.045632610730 cfg1 2 1 0 0 na na
10 61732.910350316584 0.045632687708 cfg1 2 1 0 0 na na
10 61732.919350305204 0.045632740392 cfg1 2 1 0 0 na na
10 61732.953350364736 0.045632986002 cfg1 2 1 0 0 na na
10 61732.967350313710 0.045633085278 cfg1 2 1 0 0 na na
10 61732.975350270071 0.045633118489 cfg1 2 1 0 0 na na
10 61732.982350332012 0.045633170904 cfg1 2 1 0 0 na na
10 61732.987350294753 0.045633210012 cfg1 2 1 0 0 na na
10 61732.988350321894 0.045633206396 cfg1 2 1 0 0 na na
10 61732.995350321096 0.045633260421 cfg1 2 1 0 0 na na
10 61732.999350371581 0.045633297683 cfg1 2 1 0 0 na na
10 61733.006350344174 0.045633333175 cfg1 2 1 0 0 na na
10 61733.010350351520 0.045633353543 cfg1 2 1 0 0 na na
10 61733.016350321819 0.045633396405 cfg1 2 1 0 0 na na
10 61733.024350278900 0.045633467529 cfg1 2 1 0 0 na na
10 61733.044350287679 0.045633597706 cfg1 2 1 0 0 na na
10 61733.047350374372 0.045633621362 cfg1 2 1 0 0 na na
10 61733.048350330320 0.045633628506 cfg1 2 1 0 0 na na
10 61733.050350269714 0.045633632444 cfg1 2 1 0 0 na na
10 61733.059350341184 0.045633690871 cfg1 2 1 0 0 na na
10 61733.081350311334 0.045633830137 cfg1 2 1 0 0 na na
10 61733.090350363735 0.045633885911 cfg1 2 1 0 0 na na
10 61733.096350254394 0.045633941687 cfg1 2 1 0 0 na na
10 61733.104350328579 0.045633978999 cfg1 2 1 0 0 na na
10 61733.117350334301 0.045634072496 cfg1 2 1 0 0 na na
10 61733.126350336254 0.045634137217 cfg1 2 1 0 0 na na
10 61733.137350383906 0.045634200346 cfg1 2 1 0 0 na na
10 61733.152350361979 0.045634323397 cfg1 2 1 0 0 na na
10 61733.155350308217 0.045634333851 cfg1 2 1 0 0 na na
10 61733.159350369629 0.045634372759 cfg1 2 1 0 0 na na
10 61733.171350281120 0.045634452758 cfg1 2 1 0 0 na na
10 61733.181350260125 0.045634518129 cfg1 2 1 0 0 na na
10 61733.222350266180 0.045634770622 cfg1 2 1 0 0 na na
10 61733.231350320994 0.045634828307 cfg1 2 1 0 0 na na
10 61733.235350298077 0.045634881887 cfg1 2 1 0 0 na na
10 61733.264350300699 0.045635052685 cfg1 2 1 0 0 na na
10 61733.285350347420 0.045635211226 cfg1 2 1 0 0 na na
10 61733.316350340175 0.045635406693 cfg1 2 1 0 0 na na
10 61733.320350325613 0.045635432517 cfg1 2 1 0 0 na na
10 61733.328350303619 0.045635480040 cfg1 2 1 0 0 na na
10 61733.369350379093 0.045635780453 cfg1 2 1 0 0 na na
10 61733.411350325311 0.045636049021 cfg1 2 1 0 0 na na
10 61733.413350325403 0.045636072898 cfg1 2 1 0 0 na na
10 61733.421350267544 0.045636123054 cfg1 2 1 0 0 na na
10 61733.428350325093 0.045636163383 cfg1 2 1 0 0 na na
10 61733.438350330026 0.045636217229 cfg1 2 1 0 0 na na
10 61733.449350326739 0.045636300349 cfg1 2 1 0 0 na na
10 61733.494350309643 0.045636616325 cfg1 2 1 0 0 na na
10 61733.495350299066 0.045636602519 cfg1 2 1 0 0 na na
10 61733.498350361996 0.045636617788 cfg1 2 1 0 0 na na
10 61733.506350303168 0.045636672491 cfg1 2 1 0 0 na na
10 61733.512350310896 0.045636721815 cfg1 2 1 0 0 na na
10 61733.534350324690 0.045636866229 cfg1 2 1 0 0 na na
10 61733.543350345846 0.045636922765 cfg1 2 1 0 0 na na
10 61733.545350336496 0.045636935879 cfg1 2 1 0 0 na na
10 61733.548350341187 0.045636979857 cfg1 2 1 0 0 na na
10 61733.559350283915 0.045637051355 cfg1 2 1 0 0 na na
10 61733.566350349823 0.045637082534 cfg1 2 1 0 0 na na
10 61733.571350295163 0.045637135847 cfg1 2 1 0 0 na na
10 61733.586350288254 0.045637221856 cfg1 2 1 0 0 na na
10 61733.598350316098 0.045637315812 cfg1 2 1 0 0 na na
10 61733.604350330502 0.045637328106 cfg1 2 1 0 0 na na
10 61733.624350280347 0.045637488681 cfg1 2 1 0 0 na na
10 61733.629350297547 0.045637515334 cfg1 2 1 0 0 na na
10 61733.641350316131 0.045637581301 cfg1 2 1 0 0 na na
10 61733.653350332816 0.045637670130 cfg1 2 1 0 0 na na
10 61733.661350330371 0.045637724392 cfg1 2 1 0 0 na na
10 61733.665350243766 0.045637763035 cfg1 2 1 0 0 na na
10 61733.681350284693 0.045637850127 cfg1 2 1 0 0 na na
10 61733.682350306547 0.045637855833 cfg1 2 1 0 0 na na
10 61733.694350304681 0.045637949725 cfg1 2 1 0 0 na na
10 61733.695350263757 0.045637946020 cfg1 2 1 0 0 na na
10 61733.698350324790 0.045637977979 cfg1 2 1 0 0 na na
10 61733.708350287924 0.045638050451 cfg1 2 1 0 0 na na
10 61733.744350303994 0.045638292520 cfg1 2 1 0 0 na na
10 61733.753350309574 0.045638332950 cfg1 2 1 0 0 na na
10 61733.771350261948 0.045638454820 cfg1 2 1 0 0 na na
10 61733.788350290156 0.045638576841 cfg1 2 1 0 0 na na
10 61733.805350311130 0.045638688868 cfg1 2 1 0 0 na na
10 61733.814350280403 0.045638755518 cfg1 2 1 0 0 na na
10 61733.820350258670 0.045638788389 cfg1 2 1 0 0 na na
10 61733.822350265549 0.045638796476 cfg1 2 1 0 0 na na
10 61733.827350295523 0.045638839249 cfg1 2 1 0 0 na na
10 61733.833350311213 0.045638885338 cfg1 2 1 0 0 na na
10 61733.843350291908 0.045638958802 cfg1 2 1 0 0 na na
10 61733.864350276616 0.045639078954 cfg1 2 1 0 0 na na
10 61733.866350280486 0.045639096235 cfg1 2 1 0 0 na na
10 61733.868350332875 0.045639117773 cfg1 2 1 0 0 na na
10 61733.869350356760 0.045639107758 cfg1 2 1 0 0 na na
10 61733.873350358877 0.045639141805 cfg1 2 1 0 0 na na
10 61733.882350356908 0.045639195186 cfg1 2 1 0 0 na na
10 61733.887350309063 0.045639245482 cfg1 2 1 0 0 na na
10 61733.890350251585 0.045639267315 cfg1 2 1 0 0 na na
10 61733.894350259757 0.045639282146 cfg1 2 1 0 0 na na
10 61733.902350344627 0.045639330370 cfg1 2 1 0 0 na na
10 61733.906350364378 0.045639367689 cfg1 2 1 0 0 na na
10 61733.908350300140 0.045639380786 cfg1 2 1 0 0 na na
10 61733.910350296593 0.045639397953 cfg1 2 1 0 0 na na
10 61733.919350315450 0.045639459857 cfg1 2 1 0 0 na na
10 61733.969350314390 0.045639779660 cfg1 2 1 0 0 na na
10 61733.971350270583 0.045639791597 cfg1 2 1 0 0 na na
10 61733.978350325412 0.045639857085 cfg1 2 1 0 0 na na
10 61734.004350262378 0.045640019570 cfg1 2 1 0 0 na na
10 61734.011350328043 0.045640069072 cfg1 2 1 0 0 na na
10 61734.017350295562 0.045640127555 cfg1 2 1 0 0 na na
10 61734.047350335939 0.045640304157 cfg1 2 1 0 0 na na
10 61734.054350340781 0.045640367369 cfg1 2 1 0 0 na na
10 61734.058350341104 0.045640376384 cfg1 2 1 0 0 na na
10 61734.061350302245 0.045640409669 cfg1 2 1 0 0 na na
10 61734.068350324110 0.045640448089 cfg1 2 1 0 0 na na
10 61734.080350296115 0.045640533573 cfg1 2 1 0 0 na na
10 61734.081350272899 0.045640539091 cfg1 2 1 0 0 na na
10 61734.085350286711 0.045640560905 cfg1 2 1 0 0 na na
10 61734.098350346243 0.045640661590 cfg1 2 1 0 0 na na
10 61734.144350372562 0.045640963432 cfg1 2 1 0 0 na na
10 61734.158350269104 0.045641047707 cfg1 2 1 0 0 na na
10 61734.162350275867 0.045641098063 cfg1 2 1 0 0 na na
10 61734.170350317649 0.045641155210 cfg1 2 1 0 0 na na
10 61734.172350325843 0.045641155714 cfg1 2 1 0 0 na na
10 61734.193350361535 0.045641294490 cfg1 2 1 0 0 na na
10 61734.210350312771 0.045641413262 cfg1 2 1 0 0 na na
10 61734.245350309268 0.045641657901 cfg1 2 1 0 0 na na
10 61734.262350294811 0.045641744810 cfg1 2 1 0 0 na na
10 61734.265350288900 0.045641784534 cfg1 2 1 0 0 na na
10 61734.266350323789 0.045641783732 cfg1 2 1 0 0 na na
10 61734.272350280051 0.045641813333 cfg1 2 1 0 0 na na
10 61734.288350312135 0.045641920578 cfg1 2 1 0 0 na na
10 61734.310350260569 0.045642076417 cfg1 2 1 0 0 na na
10 61734.315350284030 0.045642129144 cfg1 2 1 0 0 na na
10 61734.317350332904 0.045642119737 cfg1 2 1 0 0 na na
10 61734.324350331496 0.045642170350 cfg1 2 1 0 0 na na
10 61734.325350275263 0.045642176795 cfg1 2 1 0 0 na na
10 61734.335350354645 0.045642250768 cfg1 2 1 0 0 na na
10 61734.338350356494 0.045642259835 cfg1 2 1 0 0 na na
10 61734.339350282909 0.045642270488 cfg1 2 1 0 0 na na
10 61734.341350317347 0.045642289488 cfg1 2 1 0 0 na na
10 61734.348350304560 0.045642337765 cfg1 2 1 0 0 na na
10 61734.354350324004 0.045642377028 cfg1 2 1 0 0 na na
10 61734.357350298853 0.045642390202 cfg1 2 1 0 0 na na
10 61734.360350319299 0.045642406414 cfg1 2 1 0 0 na na
10 61734.361350305395 0.045642420925 cfg1 2 1 0 0 na na
10 61734.373350301335 0.045642506373 cfg1 2 1 0 0 na na
10 61734.391350362154 0.045642613342 cfg1 2 1 0 0 na na
10 61734.403350286235 0.045642708544 cfg1 2 1 0 0 na na
10 61734.428350321414 0.045642882129 cfg1 2 1 0 0 na na
10 61734.445350252298 0.045642989633 cfg1 2 1 0 0 na na
10 61734.450350321111 0.045643017496 cfg1 2 1 0 0 na na
10 61734.458350346910 0.045643089994 cfg1 2 1 0 0 na na
10 61734.467350373160 0.045643123508 cfg1 2 1 0 0 na na
10 61734.489350380873 0.045643280931 cfg1 2 1 0 0 na na
10 61734.492350357743 0.045643316446 cfg1 2 1 0 0 na na
10 61734.505350317455 0.045643379516 cfg1 2 1 0 0 na na
10 61734.515350330920 0.045643445034 cfg1 2 1 0 0 na na
10 61734.527350294554 0.045643530553 cfg1 2 1 0 0 na na
10 61734.553350332949 0.045643704394 cfg1 2 1 0 0 na na
10 61734.557350311098 0.045643753434 cfg1 2 1 0 0 na na
10 61734.562350285291 0.045643763760 cfg1 2 1 0 0 na na
10 61734.571350359201 0.045643837426 cfg1 2 1 0 0 na na
10 61734.575350328975 0.045643861300 cfg1 2 1 0 0 na na
10 61734.584350268360 0.045643918286 cfg1 2 1 0 0 na na
10 61734.631350340261 0.045644227488 cfg1 2 1 0 0 na na
10 61734.648350308365 0.045644364411 cfg1 2 1 0 0 na na
10 61734.659350305708 0.045644427738 cfg1 2 1 0 0 na na
10 61734.667350320128 0.045644473418 cfg1 2 1 0 0 na na
10 61734.669350313862 0.045644482929 cfg1 2 1 0 0 na na
10 61734.670350349785 0.045644485003 cfg1 2 1 0 0 na na
10 61734.678350338441 0.045644560017 cfg1 2 1 0 0 na na
10 61734.690350323712 0.045644633948 cfg1 2 1 0 0 na na
10 61734.693350375440 0.045644668235 cfg1 2 1 0 0 na na
10 61734.701350315550 0.045644706780 cfg1 2 1 0 0 na na
10 61734.704350342049 0.045644717389 cfg1 2 1 0 0 na na
10 61734.706350336696 0.045644749354 cfg1 2 1 0 0 na na
10 61734.744350355957 0.045644988687 cfg1 2 1 0 0 na na
10 61734.775350330447 0.045645193070 cfg1 2 1 0 0 na na
10 61734.777350323466 0.045645229785 cfg1 2 1 0 0 na na
10 61734.790350317366 0.045645311899 cfg1 2 1 0 0 na na
10 61734.793350279107 0.045645312621 cfg1 2 1 0 0 na na
10 61734.803350360318 0.045645385943 cfg1 2 1 0 0 na na
10 61734.826350272838 0.045645543016 cfg1 2 1 0 0 na na
10 61734.832350285890 0.045645578875 cfg1 2 1 0 0 na na
10 61734.835350302789 0.045645595187 cfg1 2 1 0 0 na na
10 61734.842350267544 0.045645644250 cfg1 2 1 0 0 na na
10 61734.844350294910 0.045645683585 cfg1 2 1 0 0 na na
10 61734.845350296509 0.045645664832 cfg1 2 1 0 0 na na
10 61734.849350329775 0.045645716988 cfg1 2 1 0 0 na na
10 61734.865350377357 0.045645821245 cfg1 2 1 0 0 na na
10 61734.870350292918 0.045645840333 cfg1 2 1 0 0 na na
10 61734.907350303643 0.045646105463 cfg1 2 1 0 0 na na
10 61734.909350307187 0.045646095130 cfg1 2 1 0 0 na na
10 61734.916350337420 0.045646154109 cfg1 2 1 0 0 na na
10 61734.920350306606 0.045646183425 cfg1 2 1 0 0 na na
10 61734.926350314826 0.045646233857 cfg1 2 1 0 0 na na
10 61734.944350353488 0.045646355929 cfg1 2 1 0 0 na na
10 61734.945350322243 0.045646335997 cfg1 2 1 0 0 na na
10 61734.946350302563 0.045646365669 cfg1 2 1 0 0 na na
10 61734.955350297362 0.045646405630 cfg1 2 1 0 0 na na
10 61734.962350297826 0.045646451273 cfg1 2 1 0 0 na na
10 61734.972350352016 0.045646541193 cfg1 2 1 0 0 na na
10 61734.975350317354 0.045646549388 cfg1 2 1 0 0 na na
10 61734.980350292029 0.045646577228 cfg1 2 1 0 0 na na
10 61734.982350377007 0.045646605270 cfg1 2 1 0 0 na na
10 61734.998350376748 0.045646701204 cfg1 2 1 0 0 na na
10 61735.009350295088 0.045646773359 cfg1 2 1 0 0 na na
10 61735.011350315450 0.045646784551 cfg1 2 1 0 0 na na
10 61735.017350337672 0.045646835639 cfg1 2 1 0 0 na na
10 61735.019350381712 0.045646847361 cfg1 2 1 0 0 na na
10 61735.021350325423 0.045646873127 cfg1 2 1 0 0 na na
10 61735.022350315417 0.045646869868 cfg1 2 1 0 0 na na
10 61735.029350334783 0.045646902996 cfg1 2 1 0 0 na na
10 61735.043350290665 0.045646992974 cfg1 2 1 0 0 na na
10 61735.047350392299 0.045647027584 cfg1 2 1 0 0 na na
10 61735.073350307597 0.045647206315 cfg1 2 1 0 0 na na
10 61735.077350339613 0.045647243689 cfg1 2 1 0 0 na na
10 61735.080350275815 0.045647247584 cfg1 2 1 0 0 na na
10 61735.083350345903 0.045647283148 cfg1 2 1 0 0 na na
10 61735.109350286628 0.045647436455 cfg1 2 1 0 0 na na
10 61735.120350314576 0.045647517187 cfg1 2 1 0 0 na na
10 61735.123350284995 0.045647557656 cfg1 2 1 0 0 na na
10 61735.136350374181 0.045647641529 cfg1 2 1 0 0 na na
10 61735.144350364318 0.045647677879 cfg1 2 1 0 0 na na
10 61735.145350314697 0.045647679461 cfg1 2 1 0 0 na na
10 61735.150350314258 0.045647712907 cfg1 2 1 0 0 na na
10 61735.153350332306 0.045647742207 cfg1 2 1 0 0 na na
10 61735.161350267253 0.045647789468 cfg1 2 1 0 0 na na
10 61735.162350346553 0.045647813373 cfg1 2 1 0 0 na na
10 61735.171350296806 0.045647880602 cfg1 2 1 0 0 na na
10 61735.187350316150 0.045647973564 cfg1 2 1 0 0 na na
10 61735.207350304917 0.045648119987 cfg1 2 1 0 0 na na
10 61735.214350312952 0.045648146749 cfg1 2 1 0 0 na na
10 61735.221350294616 0.045648217587 cfg1 2 1 0 0 na na
10 61735.224350345285 0.045648238170 cfg1 2 1 0 0 na na
10 61735.230350250411 0.045648276818 cfg1 2 1 0 0 na na
10 61735.239350323020 0.045648313576 cfg1 2 1 0 0 na na
10 61735.270350302893 0.045648543460 cfg1 2 1 0 0 na na
10 61735.282350331947 0.045648617631 cfg1 2 1 0 0 na na
10 61735.289350249097 0.045648667667 cfg1 2 1 0 0 na na
10 61735.293350318829 0.045648691172 cfg1 2 1 0 0 na na
10 61735.319350307151 0.045648859204 cfg1 2 1 0 0 na na
10 61735.332350299857 0.045648958067 cfg1 2 1 0 0 na na
10 61735.336350307924 0.045648983928 cfg1 2 1 0 0 na na
10 61735.360350351263 0.045649148151 cfg1 2 1 0 0 na na
10 61735.379350380490 0.045649265145 cfg1 2 1 0 0 na na
10 61735.380350304018 0.045649284720 cfg1 2 1 0 0 na na
10 61735.388350261374 0.045649320522 cfg1 2 1 0 0 na na
10 61735.392350360734 0.045649352485 cfg1 2 1 0 0 na na
10 61735.401350313773 0.045649409266 cfg1 2 1 0 0 na na
10 61735.402350330487 0.045649431327 cfg1 2 1 0 0 na na
10 61735.409350367260 0.045649468599 cfg1 2 1 0 0 na na
10 61735.429350298791 0.045649604013 cfg1 2 1 0 0 na na
10 61735.448350330895 0.045649718988 cfg1 2 1 0 0 na na
10 61735.451350351443 0.045649746883 cfg1 2 1 0 0 na na
10 61735.469350324575 0.045649880445 cfg1 2 1 0 0 na na
10 61735.470350266322 0.045649865494 cfg1 2 1 0 0 na na
10 61735.483350296849 0.045649979586 cfg1 2 1 0 0 na na
10 61735.488350299270 0.045650010248 cfg1 2 1 0 0 na na
10 61735.490350295543 0.045650021157 cfg1 2 1 0 0 na na
10 61735.525350322376 0.045650259854 cfg1 2 1 0 0 na na
10 61735.538350366333 0.045650330493 cfg1 2 1 0 0 na na
10 61735.539350324284 0.045650349671 cfg1 2 1 0 0 na na
10 61735.543350295152 0.045650356356 cfg1 2 1 0 0 na na
10 61735.552350293117 0.045650426538 cfg1 2 1 0 0 na na
10 61735.555350372766 0.045650447686 cfg1 2 1 0 0 na na
10 61735.563350304371 0.045650509776 cfg1 2 1 0 0 na na
10 61735.589350320755 0.045650691524 cfg1 2 1 0 0 na na
10 61735.591350299192 0.045650680871 cfg1 2 1 0 0 na na
10 61735.600350316076 0.045650766979 cfg1 2 1 0 0 na na
10 61735.601350333768 0.045650763232 cfg1 2 1 0 0 na na
10 61735.612350352415 0.045650842668 cfg1 2 1 0 0 na na
10 61735.615350319564 0.045650856377 cfg1 2 1 0 0 na na
10 61735.618350319245 0.045650884998 cfg1 2 1 0 0 na na
10 61735.630350281178 0.045650948436 cfg1 2 1 0 0 na na
10 61735.636350325355 0.045650989117 cfg1 2 1 0 0 na na
10 61735.638350316202 0.045651015040 cfg1 2 1 0 0 na na
10 61735.641350325197 0.045651039404 cfg1 2 1 0 0 na na
10 61735.674350348715 0.045651254890 cfg1 2 1 0 0 na na
10 61735.675350320823 0.045651251380 cfg1 2 1 0 0 na na
10 61735.679350331496 0.045651290534 cfg1 2 1 0 0 na na
10 61735.702350279261 0.045651438194 cfg1 2 1 0 0 na na
10 61735.716350334734 0.045651538617 cfg1 2 1 0 0 na na
10 61735.724350351157 0.045651600186 cfg1 2 1 0 0 na na
10 61735.746350342107 0.045651727752 cfg1 2 1 0 0 na na
10 61735.752350331374 0.045651763155 cfg1 2 1 0 0 na na
10 61735.765350293245 0.045651874832 cfg1 2 1 0 0 na na
10 61735.786350259193 0.045652002749 cfg1 2 1 0 0 na na
10 61735.794350347806 0.045652049259 cfg1 2 1 0 0 na na
10 61735.802350260110 0.045652106867 cfg1 2 1 0 0 na na
10 61735.813350274933 0.045652195132 cfg1 2 1 0 0 na na
10 61735.816350369084 0.045652212049 cfg1 2 1 0 0 na na
10 61735.818350318486 0.045652235846 cfg1 2 1 0 0 na na
10 61735.832350332612 0.045652313844 cfg1 2 1 0 0 na na
10 61735.833350262135 0.045652314586 cfg1 2 1 0 0 na na
10 61735.836350269555 0.045652344023 cfg1 2 1 0 0 na na
10 61735.844350321248 0.045652382448 cfg1 2 1 0 0 na na
10 61735.848350309970 0.045652437863 cfg1 2 1 0 0 na na
10 61735.850350305416 0.045652432154 cfg1 2 1 0 0 na na
10 61735.851350351856 0.045652440578 cfg1 2 1 0 0 na na
10 61735.879350266885 0.045652627772 cfg1 2 1 0 0 na na
10 61735.880350374363 0.045652640961 cfg1 2 1 0 0 na na
10 61735.927350330671 0.045652967447 cfg1 2 1 0 0 na na
10 61735.932350357319 0.045652989280 cfg1 2 1 0 0 na na
10 61735.933350258548 0.045652988359 cfg1 2 1 0 0 na na
10 61735.935350367026 0.045653006718 cfg1 2 1 0 0 na na
10 61735.940350300974 0.045653051002 cfg1 2 1 0 0 na na
10 61735.944350246536 0.045653075418 cfg1 2 1 0 0 na na
10 61735.953350310374 0.045653133056 cfg1 2 1 0 0 na na
10 61735.958350321826 0.045653156220 cfg1 2 1 0 0 na na
10 61735.969350358865 0.045653252011 cfg1 2 1 0 0 na na
10 61735.984350308149 0.045653330503 cfg1 2 1 0 0 na na
10 61735.992350335727 0.045653406057 cfg1 2 1 0 0 na na
10 61736.026350260593 0.045653611501 cfg1 2 1 0 0 na na
10 61736.039350284580 0.045653722889 cfg1 2 1 0 0 na na
10 61736.092350361237 0.045654063586 cfg1 2 1 0 0 na na
10 61736.098350335355 0.045654101751 cfg1 2 1 0 0 na na
10 61736.113350257538 0.045654204552 cfg1 2 1 0 0 na na
10 61736.119350340956 0.045654259937 cfg1 2 1 0 0 na na
10 61736.120350289110 0.045654253707 cfg1 2 1 0 0 na na
10 61736.127350334280 0.045654315619 cfg1 2 1 0 0 na na
10 61736.132350300543 0.045654342916 cfg1 2 1 0 0 na na
10 61736.137350359354 0.045654365105 cfg1 2 1 0 0 na na
10 61736.144350322596 0.045654427965 cfg1 2 1 0 0 na na
10 61736.157350263601 0.045654518116 cfg1 2 1 0 0 na na
10 61736.158350332495 0.045654506224 cfg1 2 1 0 0 na na
10 61736.182350303105 0.045654658900 cfg1 2 1 0 0 na na
10 61736.189350245942 0.045654726018 cfg1 2 1 0 0 na na
10 61736.195350251910 0.045654768586 cfg1 2 1 0 0 na na
10 61736.205350312211 0.045654841660 cfg1 2 1 0 0 na na
10 61736.221350291790 0.045654948929 cfg1 2 1 0 0 na na
10 61736.249350317873 0.045655124250 cfg1 2 1 0 0 na na
10 61736.279350315065 0.045655312303 cfg1 2 1 0 0 na na
10 61736.284350282909 0.045655367420 cfg1 2 1 0 0 na na
10 61736.294350276229 0.045655415812 cfg1 2 1 0 0 na na
10 61736.304350344587 0.045655505860 cfg1 2 1 0 0 na na
10 61736.312350325595 0.045655549489 cfg1 2 1 0 0 na na
10 61736.338350294693 0.045655726153 cfg1 2 1 0 0 na na
10 61736.346350332153 0.045655770747 cfg1 2 1 0 0 na na
10 61736.349350266912 0.045655793897 cfg1 2 1 0 0 na na
10 61736.382350379066 0.045656006895 cfg1 2 1 0 0 na na
10 61736.392350354864 0.045656076721 cfg1 2 1 0 0 na na
10 61736.394350303975 0.045656106245 cfg1 2 1 0 0 na na
10 61736.396350366553 0.045656123809 cfg1 2 1 0 0 na na
10 61736.421350300387 0.045656274406 cfg1 2 1 0 0 na na
10 61736.466350321551 0.045656586412 cfg1 2 1 0 0 na na
10 61736.470350299679 0.045656601103 cfg1 2 1 0 0 na na
10 61736.494350306280 0.045656784802 cfg1 2 1 0 0 na na
10 61736.520350335038 0.045656957046 cfg1 2 1 0 0 na na
10 61736.533350372403 0.045657025805 cfg1 2 1 0 0 na na
10 61736.549350296858 0.045657156307 cfg1 2 1 0 0 na na
10 61736.551350319084 0.045657150445 cfg1 2 1 0 0 na na
10 61736.572350362885 0.045657298528 cfg1 2 1 0 0 na na
10 61736.573350303496 0.045657303091 cfg1 2 1 0 0 na na
10 61736.590350264907 0.045657415241 cfg1 2 1 0 0 na na
10 61736.592350265597 0.045657421408 cfg1 2 1 0 0 na na
10 61736.610350285713 0.045657556760 cfg1 2 1 0 0 na na
10 61736.631350343541 0.045657713813 cfg1 2 1 0 0 na na
10 61736.638350355426 0.045657736543 cfg1 2 1 0 0 na na
10 61736.676350280807 0.045658011965 cfg1 2 1 0 0 na na
10 61736.681350309437 0.045658044218 cfg1 2 1 0 0 na na
10 61736.711350264469 0.045658242347 cfg1 2 1 0 0 na na
10 61736.730350311263 0.045658368187 cfg1 2 1 0 0 na na
10 61736.739350318597 0.045658421590 cfg1 2 1 0 0 na na
10 61736.762350274101 0.045658596603 cfg1 2 1 0 0 na na
10 61736.775350320159 0.045658677044 cfg1 2 1 0 0 na na
10 61736.789350312142 0.045658757804 cfg1 2 1 0 0 na na
10 61736.800350302099 0.045658850099 cfg1 2 1 0 0 na na
10 61736.801350275386 0.045658837239 cfg1 2 1 0 0 na na
10 61736.813350429505 0.045658912987 cfg1 2 1 0 0 na na
10 61736.815350314215 0.045658938473 cfg1 2 1 0 0 na na
10 61736.831350297370 0.045659056675 cfg1 2 1 0 0 na na
10 61736.850350299989 0.045659161166 cfg1 2 1 0 0 na na
10 61736.851350326131 0.045659196373 cfg1 2 1 0 0 na na
10 61736.867350268543 0.045659305427 cfg1 2 1 0 0 na na
10 61736.876350243809 0.045659358349 cfg1 2 1 0 0 na na
10 61736.885350297814 0.045659426079 cfg1 2 1 0 0 na na
10 61736.886350348405 0.045659406532 cfg1 2 1 0 0 na na
10 61736.896350315579 0.045659481750 cfg1 2 1 0 0 na na
10 61736.903350282292 0.045659528799 cfg1 2 1 0 0 na na
10 61736.912350248157 0.045659598619 cfg1 2 1 0 0 na na
10 61736.917350311635 0.045659629243 cfg1 2 1 0 0 na na
10 61736.922350297178 0.045659668558 cfg1 2 1 0 0 na na
10 61736.944350321497 0.045659805063 cfg1 2 1 0 0 na na
10 61736.959350297205 0.045659904339 cfg1 2 1 0 0 na na
10 61736.977350250163 0.045660031805 cfg1 2 1 0 0 na na
10 61736.979350330686 0.045660060668 cfg1 2 1 0 0 na na
10 61736.980350326249 0.045660051797 cfg1 2 1 0 0 na na
10 61737.014350313832 0.045660296613 cfg1 2 1 0 0 na na
10 61737.023350315859 0.045660354453 cfg1 2 1 0 0 na na
10 61737.042350289489 0.045660458355 cfg1 2 1 0 0 na na
10 61737.045350297510 0.045660501080 cfg1 2 1 0 0 na na
10 61737.054350286139 0.045660540583 cfg1 2 1 0 0 na na
10 61737.056350266358 0.045660550610 cfg1 2 1 0 0 na na
10 61737.059350326346 0.045660571692 cfg1 2 1 0 0 na na
10 61737.060350290256 0.045660606580 cfg1 2 1 0 0 na na
10 61737.063350300899 0.045660617698 cfg1 2 1 0 0 na na
10 61737.073350328508 0.045660676794 cfg1 2 1 0 0 na na
10 61737.079350307496 0.045660713774 cfg1 2 1 0 0 na na
10 61737.088350339180 0.045660771563 cfg1 2 1 0 0 na na
10 61737.091350374786 0.045660797258 cfg1 2 1 0 0 na na
10 61737.116350298760 0.045660970056 cfg1 2 1 0 0 na na
10 61737.121350286939 0.045661012900 cfg1 2 1 0 0 na na
10 61737.128350256671 0.045661049190 cfg1 2 1 0 0 na na
10 61737.133350303099 0.045661071921 cfg1 2 1 0 0 na na
10 61737.135350299605 0.045661109119 cfg1 2 1 0 0 na na
10 61737.163350319209 0.045661274334 cfg1 2 1 0 0 na na
10 61737.176350329992 0.045661372022 cfg1 2 1 0 0 na na
10 61737.180350254036 0.045661397760 cfg1 2 1 0 0 na na
10 61737.189350309959 0.045661474065 cfg1 2 1 0 0 na na
10 61737.193350287969 0.045661475365 cfg1 2 1 0 0 na na
10 61737.208350301118 0.045661592733 cfg1 2 1 0 0 na na
10 61737.209350289991 0.045661605497 cfg1 2 1 0 0 na na
10 61737.213350359117 0.045661613678 cfg1 2 1 0 0 na na
10 61737.215350304822 0.045661634804 cfg1 2 1 0 0 na na
10 61737.231350261739 0.045661735043 cfg1 2 1 0 0 na na
10 61737.233350302505 0.045661754385 cfg1 2 1 0 0 na na
10 61737.238350313311 0.045661788056 cfg1 2 1 0 0 na na
10 61737.240350258124 0.045661798494 cfg1 2 1 0 0 na na
10 61737.248350286953 0.045661851542 cfg1 2 1 0 0 na na
10 61737.255350358639 0.045661901492 cfg1 2 1 0 0 na na
10 61737.256350250440 0.045661916583 cfg1 2 1 0 0 na na
10 61737.259350323409 0.045661927444 cfg1 2 1 0 0 na na
10 61737.283350310814 0.045662094703 cfg1 2 1 0 0 na na
10 61737.291350328056 0.045662158206 cfg1 2 1 0 0 na na
10 61737.296350316517 0.045662196476 cfg1 2 1 0 0 na na
10 61737.302350317600 0.045662223823 cfg1 2 1 0 0 na na
10 61737.304350333975 0.045662238090 cfg1 2 1 0 0 na na
10 61737.313350283837 0.045662287848 cfg1 2 1 0 0 na na
10 61737.318350378082 0.045662318987 cfg1 2 1 0 0 na na
10 61737.323350291159 0.045662366528 cfg1 2 1 0 0 na na
10 61737.324350298809 0.045662372090 cfg1 2 1 0 0 na na
10 61737.326350300612 0.045662381240 cfg1 2 1 0 0 na na
10 61737.327350269542 0.045662407580 cfg1 2 1 0 0 na na
10 61737.346350261970 0.045662514789 cfg1 2 1 0 0 na na
10 61737.349350379350 0.045662538855 cfg1 2 1 0 0 na na
10 61737.358350316805 0.045662609550 cfg1 2 1 0 0 na na
10 61737.374350322622 0.045662723315 cfg1 2 1 0 0 na na
10 61737.379350326207 0.045662735137 cfg1 2 1 0 0 na na
10 61737.395350269354 0.045662841304 cfg1 2 1 0 0 na na
10 61737.409350305889 0.045662945417 cfg1 2 1 0 0 na na
10 61737.413350268066 0.045662966980 cfg1 2 1 0 0 na na
10 61737.420350292980 0.045663029021 cfg1 2 1 0 0 na na
10 61737.436350289566 0.045663134566 cfg1 2 1 0 0 na na
10 61737.443350267785 0.045663164190 cfg1 2 1 0 0 na na
10 61737.446350318825 0.045663194295 cfg1 2 1 0 0 na na
10 61737.447350264622 0.045663194951 cfg1 2 1 0 0 na na
10 61737.449350320116 0.045663227323 cfg1 2 1 0 0 na na
10 61737.457350313647 0.045663267372 cfg1 2 1 0 0 na na
10 61737.459350353619 0.045663283677 cfg1 2 1 0 0 na na
10 61737.472350343156 0.045663378517 cfg1 2 1 0 0 na na
10 61737.474350334150 0.045663373247 cfg1 2 1 0 0 na na
10 61737.477350337033 0.045663417516 cfg1 2 1 0 0 na na
10 61737.484350310265 0.045663447970 cfg1 2 1 0 0 na na
10 61737.489350264665 0.045663477248 cfg1 2 1 0 0 na na
10 61737.496350339992 0.045663535900 cfg1 2 1 0 0 na na
10 61737.515350293003 0.045663669325 cfg1 2 1 0 0 na na
10 61737.520350323246 0.045663695592 cfg1 2 1 0 0 na na
10 61737.533350364929 0.045663772870 cfg1 2 1 0 0 na na
10 61737.535350330608 0.045663813265 cfg1 2 1 0 0 na na
10 61737.536350277088 0.045663814196 cfg1 2 1 0 0 na na
10 61737.538350285820 0.045663830030 cfg1 2 1 0 0 na na
10 61737.543350303599 0.045663847059 cfg1 2 1 0 0 na na
10 61737.549350351050 0.045663899812 cfg1 2 1 0 0 na na
10 61737.559350298151 0.045663970268 cfg1 2 1 0 0 na na
10 61737.561350302992 0.045663977869 cfg1 2 1 0 0 na na
10 61737.606350292393 0.045664272654 cfg1 2 1 0 0 na na
10 61737.622350264138 0.045664382712 cfg1 2 1 0 0 na na
10 61737.627350290677 0.045664431169 cfg1 2 1 0 0 na na
10 61737.631350283880 0.045664431799 cfg1 2 1 0 0 na na
10 61737.638350295767 0.045664487102 cfg1 2 1 0 0 na na
10 61737.640350336334 0.045664496112 cfg1 2 1 0 0 na na
10 61737.645350255365 0.045664554401 cfg1 2 1 0 0 na na
10 61737.646350361219 0.045664545607 cfg1 2 1 0 0 na na
10 61737.647350244665 0.045664562254 cfg1 2 1 0 0 na na
10 61737.650350370464 0.045664563872 cfg1 2 1 0 0 na na
10 61737.665350322528 0.045664676473 cfg1 2 1 0 0 na na
10 61737.674350281734 0.045664749448 cfg1 2 1 0 0 na na
10 61737.678350264855 0.045664751992 cfg1 2 1 0 0 na na
10 61737.681350241096 0.045664795791 cfg1 2 1 0 0 na na
10 61737.682350304152 0.045664778769 cfg1 2 1 0 0 na na
10 61737.691350366260 0.045664862340 cfg1 2 1 0 0 na na
10 61737.707350377552 0.045664946424 cfg1 2 1 0 0 na na
10 61737.708350254215 0.045664967912 cfg1 2 1 0 0 na na
10 61737.710350293143 0.045664983221 cfg1 2 1 0 0 na na
10 61737.718350293226 0.045665023697 cfg1 2 1 0 0 na na
10 61737.723350266162 0.045665055872 cfg1 2 1 0 0 na na
10 61737.740350261281 0.045665175574 cfg1 2 1 0 0 na na
10 61737.744350315341 0.045665199529 cfg1 2 1 0 0 na na
10 61737.764350325535 0.045665334020 cfg1 2 1 0 0 na na
10 61737.775350300327 0.045665406497 cfg1 2 1 0 0 na na
10 61737.780350267488 0.045665439581 cfg1 2 1 0 0 na na
10 61737.792350263886 0.045665522969 cfg1 2 1 0 0 na na
10 61737.795350314615 0.045665551865 cfg1 2 1 0 0 na na
10 61737.808350370231 0.045665631066 cfg1 2 1 0 0 na na
10 61737.844350349424 0.045665875213 cfg1 2 1 0 0 na na
10 61737.847350354943 0.045665892443 cfg1 2 1 0 0 na na
10 61737.852350283466 0.045665947703 cfg1 2 1 0 0 na na
10 61737.875350273629 0.045666085882 cfg1 2 1 0 0 na na
10 61737.880350323017 0.045666114952 cfg1 2 1 0 0 na na
10 61737.883350322047 0.045666133980 cfg1 2 1 0 0 na na
10 61737.885350274881 0.045666159204 cfg1 2 1 0 0 na na
10 61737.886350345103 0.045666159140 cfg1 2 1 0 0 na na
10 61737.895350340603 0.045666227959 cfg1 2 1 0 0 na na
10 61737.907350308902 0.045666304786 cfg1 2 1 0 0 na na
10 61737.913350381337 0.045666350492 cfg1 2 1 0 0 na na
10 61737.914350256629 0.045666355056 cfg1 2 1 0 0 na na
10 61737.924350313922 0.045666436914 cfg1 2 1 0 0 na na
10 61737.929350349014 0.045666452549 cfg1 2 1 0 0 na na
10 61737.932350292222 0.045666485611 cfg1 2 1 0 0 na na
10 61737.974350279964 0.045666766744 cfg1 2 1 0 0 na na
10 61737.983350239859 0.045666836918 cfg1 2 1 0 0 na na
10 61737.988350372984 0.045666862184 cfg1 2 1 0 0 na na
10 61737.990350330711 0.045666867781 cfg1 2 1 0 0 na na
10 61738.001350307958 0.045666936518 cfg1 2 1 0 0 na na
10 61738.011350315734 0.045667000259 cfg1 2 1 0 0 na na
10 61738.022350329199 0.045667092978 cfg1 2 1 0 0 na na
10 61738.024350304328 0.045667090068 cfg1 2 1 0 0 na na
10 61738.046350333524 0.045667239879 cfg1 2 1 0 0 na na
10 61738.047350296509 0.045667247734 cfg1 2 1 0 0 na na
10 61738.048350274703 0.045667261706 cfg1 2 1 0 0 na na
10 61738.061350260234 0.045667346721 cfg1 2 1 0 0 na na
10 61738.064350332154 0.045667362026 cfg1 2 1 0 0 na na
10 61738.072350303954 0.045667422468 cfg1 2 1 0 0 na na
10 61738.081350302439 0.045667486034 cfg1 2 1 0 0 na na
10 61738.090350319734 0.045667534023 cfg1 2 1 0 0 na na
10 61738.094350338414 0.045667586121 cfg1 2 1 0 0 na na
10 61738.109350290017 0.045667662327 cfg1 2 1 0 0 na na
10 61738.110350354130 0.045667679609 cfg1 2 1 0 0 na na
10 61738.125350304206 0.045667778385 cfg1 2 1 0 0 na na
10 61738.130350267893 0.045667804126 cfg1 2 1 0 0 na na
10 61738.139350302777 0.045667883338 cfg1 2 1 0 0 na na
10 61738.140350312973 0.045667893600 cfg1 2 1 0 0 na na
10 61738.142350311402 0.045667910233 cfg1 2 1 0 0 na na
10 61738.151350270501 0.045667946520 cfg1 2 1 0 0 na na
10 61738.153350311175 0.045667981366 cfg1 2 1 0 0 na na
10 61738.165350264015 0.045668043124 cfg1 2 1 0 0 na na
10 61738.169350287007 0.045668089127 cfg1 2 1 0 0 na na
10 61738.175350334340 0.045668116148 cfg1 2 1 0 0 na na
10 61738.176350363429 0.045668133293 cfg1 2 1 0 0 na na
10 61738.189350295899 0.045668214099 cfg1 2 1 0 0 na na
10 61738.197350325570 0.045668255978 cfg1 2 1 0 0 na na
10 61738.200350333162 0.045668300210 cfg1 2 1 0 0 na na
10 61738.205350269265 0.045668312544 cfg1 2 1 0 0 na na
10 61738.224350319518 0.045668457350 cfg1 2 1 0 0 na na
10 61738.243350281966 0.045668579278 cfg1 2 1 0 0 na na
10 61738.251350336627 0.045668646267 cfg1 2 1 0 0 na na
10 61738.262350277100 0.045668707962 cfg1 2 1 0 0 na na
10 61738.264350269528 0.045668716730 cfg1 2 1 0 0 na na
10 61738.269350320679 0.045668762713 cfg1 2 1 0 0 na na
10 61738.299350289223 0.045668974822 cfg1 2 1 0 0 na na
10 61738.312350273869 0.045669059148 cfg1 2 1 0 0 na na
10 61738.313350341122 0.045669058699 cfg1 2 1 0 0 na na
10 61738.318350263648 0.045669101151 cfg1 2 1 0 0 na na
10 61738.331350294602 0.045669185711 cfg1 2 1 0 0 na na
10 61738.335350337296 0.045669217064 cfg1 2 1 0 0 na na
10 61738.341350321810 0.045669241354 cfg1 2 1 0 0 na na
10 61738.344350317496 0.045669258564 cfg1 2 1 0 0 na na
10 61738.349350296315 0.045669286656 cfg1 2 1 0 0 na na
10 61738.364350264549 0.045669387325 cfg1 2 1 0 0 na na
10 61738.393350366102 0.045669604705 cfg1 2 1 0 0 na na
10 61738.395350262326 0.045669599717 cfg1 2 1 0 0 na na
10 61738.402350284752 0.045669653966 cfg1 2 1 0 0 na na
10 61738.408350298443 0.045669707545 cfg1 2 1 0 0 na na
10 61738.413350343361 0.045669739777 cfg1 2 1 0 0 na na
10 61738.423350294224 0.045669806920 cfg1 2 1 0 0 na na
10 61738.430350294841 0.045669841760 cfg1 2 1 0 0 na na
10 61738.437350355537 0.045669881262 cfg1 2 1 0 0 na na
10 61738.442350302453 0.045669926202 cfg1 2 1 0 0 na na
10 61738.455350308618 0.045670015048 cfg1 2 1 0 0 na na
10 61738.459350278774 0.045670043582 cfg1 2 1 0 0 na na
10 61738.465350312119 0.045670086017 cfg1 2 1 0 0 na na
10 61738.476350329218 0.045670150883 cfg1 2 1 0 0 na na
10 61738.487350288980 0.045670240376 cfg1 2 1 0 0 na na
10 61738.490350334398 0.045670256727 cfg1 2 1 0 0 na na
10 61738.492350329089 0.045670278255 cfg1 2 1 0 0 na na
10 61738.503350310296 0.045670349895 cfg1 2 1 0 0 na na
10 61738.504350273505 0.045670337551 cfg1 2 1 0 0 na na
10 61738.508350272457 0.045670361612 cfg1 2 1 0 0 na na
10 61738.515350309698 0.045670410224 cfg1 2 1 0 0 na na
10 61738.523350316773 0.045670462442 cfg1 2 1 0 0 na na
10 61738.551350279397 0.045670660985 cfg1 2 1 0 0 na na
10 61738.576350276676 0.045670820495 cfg1 2 1 0 0 na na
10 61738.595350321524 0.045670968327 cfg1 2 1 0 0 na na
10 61738.602350327528 0.045671003467 cfg1 2 1 0 0 na na
10 61738.612350322141 0.045671074731 cfg1 2 1 0 0 na na
10 61738.614350303350 0.045671086870 cfg1 2 1 0 0 na na
10 61738.621350277711 0.045671124026 cfg1 2 1 0 0 na na
10 61738.640350294709 0.045671253824 cfg1 2 1 0 0 na na
10 61738.645350284587 0.045671311721 cfg1 2 1 0 0 na na
10 61738.647350311091 0.045671315965 cfg1 2 1 0 0 na na
10 61738.657350344378 0.045671379429 cfg1 2 1 0 0 na na
10 61738.658350254945 0.045671400477 cfg1 2 1 0 0 na na
10 61738.663350322490 0.045671421365 cfg1 2 1 0 0 na na
10 61738.666350269547 0.045671427364 cfg1 2 1 0 0 na na
10 61738.680350307443 0.045671535712 cfg1 2 1 0 0 na na
10 61738.686350328770 0.045671588043 cfg1 2 1 0 0 na na
10 61738.703350302941 0.045671683127 cfg1 2 1 0 0 na na
10 61738.714350292670 0.045671778340 cfg1 2 1 0 0 na na
10 61738.717350281386 0.045671783638 cfg1 2 1 0 0 na na
10 61738.725350305774 0.045671837094 cfg1 2 1 0 0 na na
10 61738.731350310277 0.045671882934 cfg1 2 1 0 0 na na
10 61738.744350350662 0.045671979214 cfg1 2 1 0 0 na na
10 61738.747350310541 0.045671989530 cfg1 2 1 0 0 na na
10 61738.748350314124 0.045672006561 cfg1 2 1 0 0 na na
10 61738.756350301539 0.045672060106 cfg1 2 1 0 0 na na
10 61738.767350313933 0.045672131095 cfg1 2 1 0 0 na na
10 61738.783350312847 0.045672244077 cfg1 2 1 0 0 na na
10 61738.815350272206 0.045672441086 cfg1 2 1 0 0 na na
10 61738.819350266987 0.045672464862 cfg1 2 1 0 0 na na
10 61738.843350326179 0.045672652662 cfg1 2 1 0 0 na na
10 61738.849350346586 0.045672674674 cfg1 2 1 0 0 na na
10 61738.860350249769 0.045672764111 cfg1 2 1 0 0 na na
10 61738.865350368277 0.045672785913 cfg1 2 1 0 0 na na
10 61738.874350327130 0.045672843412 cfg1 2 1 0 0 na na
10 61738.877350335347 0.045672879165 cfg1 2 1 0 0 na na
10 61738.883350251699 0.045672910160 cfg1 2 1 0 0 na na
10 61738.887350268970 0.045672922926 cfg1 2 1 0 0 na na
10 61738.893350335810 0.045672991201 cfg1 2 1 0 0 na na
10 61738.898350269149 0.045673001841 cfg1 2 1 0 0 na na
10 61738.902350313265 0.045673041680 cfg1 2 1 0 0 na na
10 61738.914350304190 0.045673106338 cfg1 2 1 0 0 na na
10 61738.917350317457 0.045673147088 cfg1 2 1 0 0 na na
10 61738.921350327605 0.045673169778 cfg1 2 1 0 0 na na
10 61738.923350314758 0.045673167975 cfg1 2 1 0 0 na na
10 61738.924350308046 0.045673175429 cfg1 2 1 0 0 na na
10 61738.928350265777 0.045673210727 cfg1 2 1 0 0 na na
10 61738.933350355070 0.045673244786 cfg1 2 1 0 0 na na
10 61738.939350311037 0.045673286949 cfg1 2 1 0 0 na na
10 61738.955350261724 0.045673390086 cfg1 2 1 0 0 na na
10 61738.988350249815 0.045673622133 cfg1 2 1 0 0 na na
10 61738.996350330493 0.045673676827 cfg1 2 1 0 0 na na
10 61739.000350309110 0.045673708198 cfg1 2 1 0 0 na na
10 61739.002350305988 0.045673702365 cfg1 2 1 0 0 na na
10 61739.015350264019 0.045673795591 cfg1 2 1 0 0 na na
10 61739.021350320764 0.045673847205 cfg1 2 1 0 0 na na
10 61739.027350264584 0.045673872370 cfg1 2 1 0 0 na na
10 61739.036350306540 0.045673933069 cfg1 2 1 0 0 na na
10 61739.050350278343 0.045674030236 cfg1 2 1 0 0 na na
10 61739.070350293571 0.045674166398 cfg1 2 1 0 0 na na
10 61739.079350294921 0.045674223075 cfg1 2 1 0 0 na na
10 61739.085350309614 0.045674270661 cfg1 2 1 0 0 na na
10 61739.092350289318 0.045674322823 cfg1 2 1 0 0 na na
10 61739.094350292340 0.045674341669 cfg1 2 1 0 0 na na
10 61739.096350279218 0.045674337609 cfg1 2 1 0 0 na na
10 61739.112350310961 0.045674460272 cfg1 2 1 0 0 na na
10 61739.140350297754 0.045674660235 cfg1 2 1 0 0 na na
10 61739.144350301830 0.045674670342 cfg1 2 1 0 0 na na
10 61739.167350303407 0.045674824486 cfg1 2 1 0 0 na na
10 61739.170350292006 0.045674856845 cfg1 2 1 0 0 na na
10 61739.171350370963 0.045674856026 cfg1 2 1 0 0 na na
10 61739.190350329574 0.045674988961 cfg1 2 1 0 0 na na
10 61739.198350324008 0.045675031174 cfg1 2 1 0 0 na na
10 61739.218350293073 0.045675168400 cfg1 2 1 0 0 na na
10 61739.219350316535 0.045675172931 cfg1 2 1 0 0 na na
10 61739.230350311540 0.045675258148 cfg1 2 1 0 0 na na
10 61739.236350268105 0.045675304057 cfg1 2 1 0 0 na na
10 61739.241350328842 0.045675322703 cfg1 2 1 0 0 na na
10 61739.243350361565 0.045675346300 cfg1 2 1 0 0 na na
10 61739.245350337667 0.045675373878 cfg1 2 1 0 0 na na
10 61739.247350292178 0.045675383951 cfg1 2 1 0 0 na na
10 61739.248350316202 0.045675370101 cfg1 2 1 0 0 na na
10 61739.268350288525 0.045675529782 cfg1 2 1 0 0 na na
10 61739.280350327666 0.045675609421 cfg1 2 1 0 0 na na
10 61739.281350289426 0.045675598445 cfg1 2 1 0 0 na na
10 61739.292350349086 0.045675685042 cfg1 2 1 0 0 na na
10 61739.298350348331 0.045675725876 cfg1 2 1 0 0 na na
10 61739.305350244371 0.045675775675 cfg1 2 1 0 0 na na
10 61739.306350280795 0.045675769044 cfg1 2 1 0 0 na na
10 61739.308350288474 0.045675772534 cfg1 2 1 0 0 na na
10 61739.320350332542 0.045675878875 cfg1 2 1 0 0 na na
10 61739.326350264909 0.045675897030 cfg1 2 1 0 0 na na
10 61739.328350262534 0.045675914328 cfg1 2 1 0 0 na na
10 61739.337350318327 0.045675993764 cfg1 2 1 0 0 na na
10 61739.340350358629 0.045676009902 cfg1 2 1 0 0 na na
10 61739.343350306968 0.045676030268 cfg1 2 1 0 0 na na
10 61739.348350328309 0.045676071443 cfg1 2 1 0 0 na na
10 61739.349350311458 0.045676061075 cfg1 2 1 0 0 na na
10 61739.360350295292 0.045676150751 cfg1 2 1 0 0 na na
10 61739.371350295576 0.045676216365 cfg1 2 1 0 0 na na
10 61739.376350295119 0.045676241384 cfg1 2 1 0 0 na na
10 61739.379350242261 0.045676279778 cfg1 2 1 0 0 na na
10 61739.381350262032 0.045676293174 cfg1 2 1 0 0 na na
10 61739.385350345097 0.045676310846 cfg1 2 1 0 0 na na
10 61739.391350316409 0.045676352811 cfg1 2 1 0 0 na na
10 61739.400350368521 0.045676424542 cfg1 2 1 0 0 na na
10 61739.413350328739 0.045676484600 cfg1 2 1 0 0 na na
10 61739.417350289065 0.045676535973 cfg1 2 1 0 0 na na
10 61739.419350320987 0.045676532456 cfg1 2 1 0 0 na na
10 61739.422350316102 0.045676548795 cfg1 2 1 0 0 na na
10 61739.427350253468 0.045676593531 cfg1 2 1 0 0 na na
10 61739.431350253027 0.045676618954 cfg1 2 1 0 0 na na
10 61739.437350240137 0.045676671668 cfg1 2 1 0 0 na na
10 61739.442350342566 0.045676687537 cfg1 2 1 0 0 na na
10 61739.463350297790 0.045676839267 cfg1 2 1 0 0 na na
10 61739.465350316665 0.045676854101 cfg1 2 1 0 0 na na
10 61739.473350376626 0.045676913334 cfg1 2 1 0 0 na na
10 61739.476350328743 0.045676935471 cfg1 2 1 0 0 na na
10 61739.483350291598 0.045676966699 cfg1 2 1 0 0 na na
10 61739.491350276092 0.045677033509 cfg1 2 1 0 0 na na
10 61739.525350303570 0.045677267419 cfg1 2 1 0 0 na na
10 61739.531350282113 0.045677311615 cfg1 2 1 0 0 na na
10 61739.537350305865 0.045677338041 cfg1 2 1 0 0 na na
10 61739.539350290990 0.045677354560 cfg1 2 1 0 0 na na
10 61739.542350329853 0.045677374641 cfg1 2 1 0 0 na na
10 61739.549350335471 0.045677430553 cfg1 2 1 0 0 na na
10 61739.556350319989 0.045677475181 cfg1 2 1 0 0 na na
10 61739.562350298057 0.045677499836 cfg1 2 1 0 0 na na
10 61739.567350306298 0.045677533995 cfg1 2 1 0 0 na na
10 61739.570350298302 0.045677555496 cfg1 2 1 0 0 na na
10 61739.573350287353 0.045677590250 cfg1 2 1 0 0 na na
10 61739.584350342869 0.045677665055 cfg1 2 1 0 0 na na
10 61739.588350321113 0.045677686793 cfg1 2 1 0 0 na na
10 61739.591350297684 0.045677715768 cfg1 2 1 0 0 na na
10 61739.595350241914 0.045677740141 cfg1 2 1 0 0 na na
10 61739.600350293722 0.045677761769 cfg1 2 1 0 0 na na
10 61739.602350321343 0.045677764526 cfg1 2 1 0 0 na na
10 61739.608350308280 0.045677824520 cfg1 2 1 0 0 na na
10 61739.631350327338 0.045677982698 cfg1 2 1 0 0 na na
10 61739.635350297097 0.045678003501 cfg1 2 1 0 0 na na
10 61739.640350280510 0.045678021741 cfg1 2 1 0 0 na na
10 61739.642350296312 0.045678043980 cfg1 2 1 0 0 na na
10 61739.651350301121 0.045678108084 cfg1 2 1 0 0 na na
10 61739.653350262460 0.045678114425 cfg1 2 1 0 0 na na
10 61739.671350308833 0.045678241017 cfg1 2 1 0 0 na na
10 61739.675350307637 0.045678269704 cfg1 2 1 0 0 na na
10 61739.684350306568 0.045678339398 cfg1 2 1 0 0 na na
10 61739.693350333510 0.045678380855 cfg1 2 1 0 0 na na
10 61739.709350354384 0.045678509720 cfg1 2 1 0 0 na na
10 61739.712350280344 0.045678538785 cfg1 2 1 0 0 na na
10 61739.713350318268 0.045678520675 cfg1 2 1 0 0 na na
10 61739.715350343361 0.045678532507 cfg1 2 1 0 0 na na
10 61739.716350284674 0.045678553140 cfg1 2 1 0 0 na na
10 61739.720350356791 0.045678592868 cfg1 2 1 0 0 na na
10 61739.722350330224 0.045678598804 cfg1 2 1 0 0 na na
10 61739.725350331024 0.045678611706 cfg1 2 1 0 0 na na
10 61739.735350273524 0.045678666577 cfg1 2 1 0 0 na na
10 61739.740350281989 0.045678722187 cfg1 2 1 0 0 na na
10 61739.750350243579 0.045678788340 cfg1 2 1 0 0 na na
10 61739.773350305907 0.045678933678 cfg1 2 1 0 0 na na
10 61739.787350290306 0.045679028150 cfg1 2 1 0 0 na na
10 61739.799350299049 0.045679112459 cfg1 2 1 0 0 na na
10 61739.807350319943 0.045679165594 cfg1 2 1 0 0 na na
10 61739.812350277278 0.045679204868 cfg1 2 1 0 0 na na
10 61739.828350262081 0.045679309232 cfg1 2 1 0 0 na na
10 61739.832350287127 0.045679331141 cfg1 2 1 0 0 na na
10 61739.834350314097 0.045679347999 cfg1 2 1 0 0 na na
10 61739.848350326192 0.045679451414 cfg1 2 1 0 0 na na
10 61739.856350322677 0.045679503680 cfg1 2 1 0 0 na na
10 61739.861350302890 0.045679519312 cfg1 2 1 0 0 na na
10 61739.875350345240 0.045679623621 cfg1 2 1 0 0 na na
10 61739.877350338306 0.045679652143 cfg1 2 1 0 0 na na
10 61739.882350300890 0.045679684048 cfg1 2 1 0 0 na na
10 61739.883350360462 0.045679683183 cfg1 2 1 0 0 na na
10 61739.890350251798 0.045679730204 cfg1 2 1 0 0 na na
10 61739.895350322301 0.045679760792 cfg1 2 1 0 0 na na
10 61739.896350273877 0.045679762920 cfg1 2 1 0 0 na na
10 61739.898350306092 0.045679780841 cfg1 2 1 0 0 na na
10 61739.908350358735 0.045679853287 cfg1 2 1 0 0 na na
10 61739.920350345163 0.045679941285 cfg1 2 1 0 0 na na
10 61739.925350345625 0.045679963773 cfg1 2 1 0 0 na na
10 61739.933350358559 0.045680022805 cfg1 2 1 0 0 na na
10 61739.949350310659 0.045680125333 cfg1 2 1 0 0 na na
10 61739.959350255949 0.045680195944 cfg1 2 1 0 0 na na
10 61739.967350270490 0.045680257875 cfg1 2 1 0 0 na na
10 61739.972350326073 0.045680273398 cfg1 2 1 0 0 na na
10 61739.978350270320 0.045680325419 cfg1 2 1 0 0 na na
10 61739.980350303641 0.045680340654 cfg1 2 1 0 0 na na
10 61739.983350292005 0.045680351600 cfg1 2 1 0 0 na na
10 61739.988350304945 0.045680401101 cfg1 2 1 0 0 na na
10 61739.989350355010 0.045680399284 cfg1 2 1 0 0 na na
10 61740.007350260432 0.045680516590 cfg1 2 1 0 0 na na
10 61740.009350279443 0.045680545657 cfg1 2 1 0 0 na na
10 61740.013350271799 0.045680562056 cfg1 2 1 0 0 na na
10 61740.024350315715 0.045680646005 cfg1 2 1 0 0 na na
10 61740.025350250937 0.045680655392 cfg1 2 1 0 0 na na
10 61740.026350316459 0.045680650161 cfg1 2 1 0 0 na na
10 61740.032350322344 0.045680690984 cfg1 2 1 0 0 na na
10 61740.036350313375 0.045680724679 cfg1 2 1 0 0 na na
10 61740.037350325765 0.045680733401 cfg1 2 1 0 0 na na
10 61740.060350380777 0.045680893247 cfg1 2 1 0 0 na na
10 61740.065350358295 0.045680903202 cfg1 2 1 0 0 na na
10 61740.068350329627 0.045680923484 cfg1 2 1 0 0 na na
10 61740.070350266004 0.045680961118 cfg1 2 1 0 0 na na
10 61740.077350296579 0.045680984949 cfg1 2 1 0 0 na na
10 61740.086350323529 0.045681070280 cfg1 2 1 0 0 na na
10 61740.089350302417 0.045681075411 cfg1 2 1 0 0 na na
10 61740.091350310687 0.045681093751 cfg1 2 1 0 0 na na
10 61740.093350282918 0.045681101912 cfg1 2 1 0 0 na na
10 61740.101350301649 0.045681159375 cfg1 2 1 0 0 na na
10 61740.117350333018 0.045681265999 cfg1 2 1 0 0 na na
10 61740.119350255874 0.045681281068 cfg1 2 1 0 0 na na
10 61740.129350297397 0.045681344368 cfg1 2 1 0 0 na na
10 61740.132350288525 0.045681362394 cfg1 2 1 0 0 na na
10 61740.134350327403 0.045681380156 cfg1 2 1 0 0 na na
10 61740.135350387145 0.045681381973 cfg1 2 1 0 0 na na
10 61740.155350340259 0.045681539113 cfg1 2 1 0 0 na na
10 61740.156350338569 0.045681519019 cfg1 2 1 0 0 na na
10 61740.165350322478 0.045681604627 cfg1 2 1 0 0 na na
10 61740.166350325697 0.045681611704 cfg1 2 1 0 0 na na
10 61740.167350269544 0.045681601083 cfg1 2 1 0 0 na na
10 61740.169350289261 0.045681615385 cfg1 2 1 0 0 na na
10 61740.180350318285 0.045681688254 cfg1 2 1 0 0 na na
10 61740.199350261598 0.045681815094 cfg1 2 1 0 0 na na
10 61740.228350258761 0.045682018125 cfg1 2 1 0 0 na na
10 61740.232350354236 0.045682042474 cfg1 2 1 0 0 na na
10 61740.240350328903 0.045682112056 cfg1 2 1 0 0 na na
10 61740.241350259261 0.045682102798 cfg1 2 1 0 0 na na
10 61740.251350325664 0.045682169296 cfg1 2 1 0 0 na na
10 61740.257350304768 0.045682232246 cfg1 2 1 0 0 na na
10 61740.264350316920 0.045682274395 cfg1 2 1 0 0 na na
10 61740.269350312950 0.045682289217 cfg1 2 1 0 0 na na
10 61740.277350295738 0.045682357726 cfg1 2 1 0 0 na na
10 61740.287350304469 0.045682423019 cfg1 2 1 0 0 na na
10 61740.290350322693 0.045682454917 cfg1 2 1 0 0 na na
10 61740.292350314869 0.045682445894 cfg1 2 1 0 0 na na
10 61740.310350259679 0.045682572322 cfg1 2 1 0 0 na na
10 61740.322350313178 0.045682658910 cfg1 2 1 0 0 na na
10 61740.328350301083 0.045682688517 cfg1 2 1 0 0 na na
10 61740.330350299086 0.045682705681 cfg1 2 1 0 0 na na
10 61740.333350339532 0.045682734009 cfg1 2 1 0 0 na na
10 61740.340350268986 0.045682794493 cfg1 2 1 0 0 na na
10 61740.351350278120 0.045682851797 cfg1 2 1 0 0 na na
10 61740.362350253443 0.045682932424 cfg1 2 1 0 0 na na
10 61740.368350271309 0.045682971068 cfg1 2 1 0 0 na na
10 61740.377350310748 0.045683035805 cfg1 2 1 0 0 na na
10 61740.380350264088 0.045683042903 cfg1 2 1 0 0 na na
10 61740.389350299275 0.045683105048 cfg1 2 1 0 0 na na
10 61740.391350251438 0.045683130488 cfg1 2 1 0 0 na na
10 61740.395350280639 0.045683158629 cfg1 2 1 0 0 na na
10 61740.400350330720 0.045683194080 cfg1 2 1 0 0 na na
10 61740.408350258175 0.045683248577 cfg1 2 1 0 0 na na
10 61740.409350289323 0.045683245749 cfg1 2 1 0 0 na na
10 61740.422350298151 0.045683327643 cfg1 2 1 0 0 na na
10 61740.436350338825 0.045683446801 cfg1 2 1 0 0 na na
10 61740.441350311173 0.045683454554 cfg1 2 1 0 0 na na
10 61740.442350261993 0.045683477217 cfg1 2 1 0 0 na na
10 61740.447350303228 0.045683500866 cfg1 2 1 0 0 na na
10 61740.450350301380 0.045683522402 cfg1 2 1 0 0 na na
10 61740.456350288663 0.045683575882 cfg1 2 1 0 0 na na
10 61740.460350314363 0.045683606443 cfg1 2 1 0 0 na na
10 61740.463350260561 0.045683613749 cfg1 2 1 0 0 na na
10 61740.473350304878 0.045683697642 cfg1 2 1 0 0 na na
10 61740.486350357977 0.045683766519 cfg1 2 1 0 0 na na
10 61740.497350334744 0.045683835611 cfg1 2 1 0 0 na na
10 61740.506350382548 0.045683911197 cfg1 2 1 0 0 na na
10 61740.509350299840 0.045683929206 cfg1 2 1 0 0 na na
10 61740.513350327739 0.045683968542 cfg1 2 1 0 0 na na
10 61740.514350347401 0.045683974474 cfg1 2 1 0 0 na na
10 61740.519350302763 0.045683998873 cfg1 2 1 0 0 na na
10 61740.530350367121 0.045684082629 cfg1 2 1 0 0 na na
10 61740.533350289075 0.045684088881 cfg1 2 1 0 0 na na
10 61740.546350322975 0.045684175103 cfg1 2 1 0 0 na na
10 61740.555350336300 0.045684246983 cfg1 2 1 0 0 na na
10 61740.562350274823 0.045684280447 cfg1 2 1 0 0 na na
10 61740.585350326897 0.045684434202 cfg1 2 1 0 0 na na
10 61740.592350327711 0.045684482476 cfg1 2 1 0 0 na na
10 61740.614350284164 0.045684629636 cfg1 2 1 0 0 na na
10 61740.620350297008 0.045684692579 cfg1 2 1 0 0 na na
10 61740.627350268054 0.045684713942 cfg1 2 1 0 0 na na
10 61740.628350282376 0.045684747024 cfg1 2 1 0 0 na na
10 61740.634350295717 0.045684777645 cfg1 2 1 0 0 na na
10 61740.636350330066 0.045684776322 cfg1 2 1 0 0 na na
10 61740.641350340559 0.045684833022 cfg1 2 1 0 0 na na
10 61740.644350312252 0.045684850447 cfg1 2 1 0 0 na na
10 61740.645350293973 0.045684847328 cfg1 2 1 0 0 na na
10 61740.649350277830 0.045684892774 cfg1 2 1 0 0 na na
10 61740.650350351273 0.045684876529 cfg1 2 1 0 0 na na
10 61740.676350341498 0.045685052807 cfg1 2 1 0 0 na na
10 61740.682350327236 0.045685116052 cfg1 2 1 0 0 na na
10 61740.683350316828 0.045685095859 cfg1 2 1 0 0 na na
10 61740.689350246505 0.045685159522 cfg1 2 1 0 0 na na
10 61740.691350312656 0.045685158350 cfg1 2 1 0 0 na na
10 61740.704350295665 0.045685246363 cfg1 2 1 0 0 na na
10 61740.706350300751 0.045685257846 cfg1 2 1 0 0 na na
10 61740.710350302661 0.045685292424 cfg1 2 1 0 0 na na
10 61740.734350328263 0.045685452368 cfg1 2 1 0 0 na na
10 61740.758350322407 0.045685614693 cfg1 2 1 0 0 na na
10 61740.779350283048 0.045685774256 cfg1 2 1 0 0 na na
10 61740.790350310034 0.045685848348 cfg1 2 1 0 0 na na
10 61740.793350322423 0.045685861646 cfg1 2 1 0 0 na na
10 61740.796350289409 0.045685887247 cfg1 2 1 0 0 na na
10 61740.799350268299 0.045685883487 cfg1 2 1 0 0 na na
10 61740.805350287063 0.045685939239 cfg1 2 1 0 0 na na
10 61740.824350312245 0.045686061554 cfg1 2 1 0 0 na na
10 61740.826350285847 0.045686076369 cfg1 2 1 0 0 na na
10 61740.830350361528 0.045686119413 cfg1 2 1 0 0 na na
10 61740.833350314648 0.045686120241 cfg1 2 1 0 0 na na
10 61740.843350272679 0.045686196778 cfg1 2 1 0 0 na na
10 61740.850350305358 0.045686254484 cfg1 2 1 0 0 na na
10 61740.855350280587 0.045686278482 cfg1 2 1 0 0 na na
10 61740.859350304024 0.045686298117 cfg1 2 1 0 0 na na
10 61740.865350311122 0.045686349517 cfg1 2 1 0 0 na na
10 61740.877350326332 0.045686412693 cfg1 2 1 0 0 na na
10 61740.889350368150 0.045686506791 cfg1 2 1 0 0 na na
10 61740.893350288044 0.045686548986 cfg1 2 1 0 0 na na
10 61740.900350261624 0.045686575163 cfg1 2 1 0 0 na na
10 61740.906350317039 0.045686629379 cfg1 2 1 0 0 na na
10 61740.924350352810 0.045686738503 cfg1 2 1 0 0 na na
10 61740.936350371347 0.045686828374 cfg1 2 1 0 0 na na
10 61740.939350304802 0.045686836932 cfg1 2 1 0 0 na na
10 61740.940350339184 0.045686861528 cfg1 2 1 0 0 na na
10 61740.949350333955 0.045686899789 cfg1 2 1 0 0 na na
10 61740.957350296171 0.045686973033 cfg1 2 1 0 0 na na
10 61740.964350269254 0.045687002748 cfg1 2 1 0 0 na na
10 61740.977350284011 0.045687112411 cfg1 2 1 0 0 na na
10 61740.989350266001 0.045687184527 cfg1 2 1 0 0 na na
10 61740.991350316800 0.045687203762 cfg1 2 1 0 0 na na
10 61740.994350305840 0.045687228460 cfg1 2 1 0 0 na na
10 61740.996350328525 0.045687243141 cfg1 2 1 0 0 na na
10 61741.002350259543 0.045687276518 cfg1 2 1 0 0 na na
10 61741.029350301428 0.045687458961 cfg1 2 1 0 0 na na
10 61741.030350264055 0.045687472935 cfg1 2 1 0 0 na na
10 61741.039350319178 0.045687517348 cfg1 2 1 0 0 na na
10 61741.045350310847 0.045687568313 cfg1 2 1 0 0 na na
10 61741.048350280664 0.045687573899 cfg1 2 1 0 0 na na
10 61741.059350329308 0.045687674197 cfg1 2 1 0 0 na na
10 61741.061350314778 0.045687682856 cfg1 2 1 0 0 na na
10 61741.062350308161 0.045687679461 cfg1 2 1 0 0 na na
10 61741.073350279967 0.045687769497 cfg1 2 1 0 0 na na
10 61741.074350309780 0.045687756049 cfg1 2 1 0 0 na na
10 61741.082350267555 0.045687827575 cfg1 2 1 0 0 na na
10 61741.083350332614 0.045687834112 cfg1 2 1 0 0 na na
10 61741.084350273510 0.045687831637 cfg1 2 1 0 0 na na
10 61741.108350295525 0.045687998129 cfg1 2 1 0 0 na na
10 61741.119350308254 0.045688062014 cfg1 2 1 0 0 na na
10 61741.120350320050 0.045688076930 cfg1 2 1 0 0 na na
10 61741.132350275592 0.045688167586 cfg1 2 1 0 0 na na
10 61741.139350316513 0.045688190526 cfg1 2 1 0 0 na na
10 61741.140350293862 0.045688217785 cfg1 2 1 0 0 na na
10 61741.148350305410 0.045688251524 cfg1 2 1 0 0 na na
10 61741.155350267797 0.045688299291 cfg1 2 1 0 0 na na
10 61741.163350297274 0.045688368045 cfg1 2 1 0 0 na na
10 61741.174350311449 0.045688428174 cfg1 2 1 0 0 na na
10 61741.175350285995 0.045688436126 cfg1 2 1 0 0 na na
10 61741.177350283805 0.045688449710 cfg1 2 1 0 0 na na
10 61741.204350275412 0.045688642177 cfg1 2 1 0 0 na na
10 61741.214350281246 0.045688706272 cfg1 2 1 0 0 na na
10 61741.217350327257 0.045688739460 cfg1 2 1 0 0 na na
10 61741.254350246412 0.045688995580 cfg1 2 1 0 0 na na
10 61741.256350319761 0.045688991361 cfg1 2 1 0 0 na na
10 61741.257350309909 0.045688993822 cfg1 2 1 0 0 na na
10 61741.262350370110 0.045689049931 cfg1 2 1 0 0 na na
10 61741.265350264427 0.045689074397 cfg1 2 1 0 0 na na
10 61741.267350305216 0.045689073311 cfg1 2 1 0 0 na na
10 61741.279350306611 0.045689144740 cfg1 2 1 0 0 na na
10 61741.281350296761 0.045689165706 cfg1 2 1 0 0 na na
10 61741.282350301676 0.045689178393 cfg1 2 1 0 0 na na
10 61741.294350249800 0.045689261855 cfg1 2 1 0 0 na na
10 61741.302350305275 0.045689321059 cfg1 2 1 0 0 na na
10 61741.304350270654 0.045689315997 cfg1 2 1 0 0 na na
10 61741.317350251182 0.045689415967 cfg1 2 1 0 0 na na
10 61741.318350348602 0.045689414045 cfg1 2 1 0 0 na na
10 61741.319350309532 0.045689437598 cfg1 2 1 0 0 na na
10 61741.321350326438 0.045689451977 cfg1 2 1 0 0 na na
10 61741.324350265810 0.045689450918 cfg1 2 1 0 0 na na
10 61741.333350299228 0.045689529547 cfg1 2 1 0 0 na na
10 61741.341350307721 0.045689570898 cfg1 2 1 0 0 na na
10 61741.346350277590 0.045689602402 cfg1 2 1 0 0 na na
10 61741.349350317990 0.045689624504 cfg1 2 1 0 0 na na
10 61741.364350302728 0.045689740825 cfg1 2 1 0 0 na na
10 61741.369350262237 0.045689761583 cfg1 2 1 0 0 na na
10 61741.371350332281 0.045689779197 cfg1 2 1 0 0 na na
10 61741.374350282958 0.045689804067 cfg1 2 1 0 0 na na
10 61741.384350296253 0.045689873383 cfg1 2 1 0 0 na na
10 61741.387350242871 0.045689899023 cfg1 2 1 0 0 na na
10 61741.395350306772 0.045689941568 cfg1 2 1 0 0 na na
10 61741.398350308317 0.045689956094 cfg1 2 1 0 0 na na
10 61741.399350323280 0.045689975096 cfg1 2 1 0 0 na na
10 61741.407350298615 0.045690038592 cfg1 2 1 0 0 na na
10 61741.410350293485 0.045690047446 cfg1 2 1 0 0 na na
10 61741.418350303926 0.045690099146 cfg1 2 1 0 0 na na
10 61741.422350271306 0.045690130335 cfg1 2 1 0 0 na na
10 61741.426350304922 0.045690147963 cfg1 2 1 0 0 na na
10 61741.439350267033 0.045690229923 cfg1 2 1 0 0 na na
10 61741.445350329886 0.045690297956 cfg1 2 1 0 0 na na
10 61741.451350290549 0.045690317643 cfg1 2 1 0 0 na na
10 61741.468350303377 0.045690454753 cfg1 2 1 0 0 na na
10 61741.475350335540 0.045690476585 cfg1 2 1 0 0 na na
10 61741.476350331027 0.045690480227 cfg1 2 1 0 0 na na
10 61741.483350266263 0.045690530639 cfg1 2 1 0 0 na na
10 61741.489350310344 0.045690579187 cfg1 2 1 0 0 na na
10 61741.500350336095 0.045690653659 cfg1 2 1 0 0 na na
10 61741.501350311831 0.045690652154 cfg1 2 1 0 0 na na
10 61741.509350294385 0.045690719545 cfg1 2 1 0 0 na na
10 61741.514350304662 0.045690753422 cfg1 2 1 0 0 na na
10 61741.520350292367 0.045690800591 cfg1 2 1 0 0 na na
10 61741.545350294806 0.045690971246 cfg1 2 1 0 0 na na
10 61741.547350295579 0.045690982878 cfg1 2 1 0 0 na na
10 61741.548350335492 0.045690982596 cfg1 2 1 0 0 na na
10 61741.549350275227 0.045690984089 cfg1 2 1 0 0 na na
10 61741.555350288115 0.045691040884 cfg1 2 1 0 0 na na
10 61741.567350371299 0.045691112617 cfg1 2 1 0 0 na na
10 61741.580350339478 0.045691209135 cfg1 2 1 0 0 na na
10 61741.600350324366 0.045691324777 cfg1 2 1 0 0 na na
10 61741.603350301946 0.045691369184 cfg1 2 1 0 0 na na
10 61741.614350292648 0.045691421429 cfg1 2 1 0 0 na na
10 61741.615350257409 0.045691439492 cfg1 2 1 0 0 na na
10 61741.618350315338 0.045691453085 cfg1 2 1 0 0 na na
10 61741.646350284792 0.045691638177 cfg1 2 1 0 0 na na
10 61741.657350303919 0.045691713591 cfg1 2 1 0 0 na na
10 61741.661350351285 0.045691748447 cfg1 2 1 0 0 na na
10 61741.663350253190 0.045691768817 cfg1 2 1 0 0 na na
10 61741.673350307825 0.045691830813 cfg1 2 1 0 0 na na
10 61741.677350258053 0.045691865201 cfg1 2 1 0 0 na na
10 61741.701350301270 0.045692021266 cfg1 2 1 0 0 na na
10 61741.708350304817 0.045692071938 cfg1 2 1 0 0 na na
10 61741.716350259686 0.045692122325 cfg1 2 1 0 0 na na
10 61741.717350317980 0.045692122450 cfg1 2 1 0 0 na na
10 61741.719350264094 0.045692158673 cfg1 2 1 0 0 na na
10 61741.721350307547 0.045692160705 cfg1 2 1 0 0 na na
10 61741.724350298642 0.045692168996 cfg1 2 1 0 0 na na
10 61741.725350324784 0.045692178185 cfg1 2 1 0 0 na na
10 61741.738350273800 0.045692274117 cfg1 2 1 0 0 na na
10 61741.751350265372 0.045692356552 cfg1 2 1 0 0 na na
10 61741.780350269367 0.045692547480 cfg1 2 1 0 0 na na
10 61741.788350252848 0.045692619096 cfg1 2 1 0 0 na na
10 61741.797350351099 0.045692673566 cfg1 2 1 0 0 na na
10 61741.800350274512 0.045692697361 cfg1 2 1 0 0 na na
10 61741.806350301407 0.045692729092 cfg1 2 1 0 0 na na
10 61741.821350327010 0.045692849564 cfg1 2 1 0 0 na na
10 61741.829350383747 0.045692894221 cfg1 2 1 0 0 na na
10 61741.830350308814 0.045692891385 cfg1 2 1 0 0 na na
10 61741.842350359478 0.045692974903 cfg1 2 1 0 0 na na
10 61741.851350308816 0.045693046163 cfg1 2 1 0 0 na na
10 61741.863350335733 0.045693114478 cfg1 2 1 0 0 na na
10 61741.868350257173 0.045693162048 cfg1 2 1 0 0 na na
10 61741.869350313165 0.045693156233 cfg1 2 1 0 0 na na
10 61741.871350339601 0.045693192424 cfg1 2 1 0 0 na na
10 61741.875350325836 0.045693216026 cfg1 2 1 0 0 na na
10 61741.896350298362 0.045693343053 cfg1 2 1 0 0 na na
10 61741.903350317373 0.045693388663 cfg1 2 1 0 0 na na
10 61741.908350333427 0.045693442504 cfg1 2 1 0 0 na na
10 61741.912350256082 0.045693460790 cfg1 2 1 0 0 na na
10 61741.916350262940 0.045693478887 cfg1 2 1 0 0 na na
10 61741.917350327319 0.045693487653 cfg1 2 1 0 0 na na
10 61741.923350349134 0.045693545250 cfg1 2 1 0 0 na na
10 61741.927350323609 0.045693562745 cfg1 2 1 0 0 na na
10 61741.931350333346 0.045693591324 cfg1 2 1 0 0 na na
10 61741.934350263204 0.045693614030 cfg1 2 1 0 0 na na
10 61741.951350264047 0.045693717888 cfg1 2 1 0 0 na na
10 61741.953350316477 0.045693743819 cfg1 2 1 0 0 na na
10 61741.993350322796 0.045694007310 cfg1 2 1 0 0 na na
10 61742.020350399513 0.045694180570 cfg1 2 1 0 0 na na
10 61742.027350324797 0.045694245926 cfg1 2 1 0 0 na na
10 61742.035350301410 0.045694306187 cfg1 2 1 0 0 na na
10 61742.040350317034 0.045694342826 cfg1 2 1 0 0 na na
10 61742.045350285518 0.045694363446 cfg1 2 1 0 0 na na
10 61742.053350278920 0.045694428141 cfg1 2 1 0 0 na na
10 61742.055350332756 0.045694432425 cfg1 2 1 0 0 na na
10 61742.064350368662 0.045694484652 cfg1 2 1 0 0 na na
10 61742.065350258565 0.045694498298 cfg1 2 1 0 0 na na
10 61742.070350257338 0.045694534733 cfg1 2 1 0 0 na na
10 61742.075350374499 0.045694581637 cfg1 2 1 0 0 na na
10 61742.079350307089 0.045694607905 cfg1 2 1 0 0 na na
10 61742.081350338770 0.045694599659 cfg1 2 1 0 0 na na
10 61742.085350321572 0.045694633380 cfg1 2 1 0 0 na na
10 61742.105350345017 0.045694786080 cfg1 2 1 0 0 na na
10 61742.133350324617 0.045694973058 cfg1 2 1 0 0 na na
10 61742.140350305283 0.045695006221 cfg1 2 1 0 0 na na
10 61742.148350273981 0.045695062381 cfg1 2 1 0 0 na na
10 61742.151350262447 0.045695079631 cfg1 2 1 0 0 na na
10 61742.152350320533 0.045695078547 cfg1 2 1 0 0 na na
10 61742.162350250137 0.045695166589 cfg1 2 1 0 0 na na
10 61742.167350296780 0.045695187497 cfg1 2 1 0 0 na na
10 61742.179350314604 0.045695274010 cfg1 2 1 0 0 na na
10 61742.191350325295 0.045695369889 cfg1 2 1 0 0 na na
10 61742.197350349289 0.045695392446 cfg1 2 1 0 0 na na
10 61742.198350270390 0.045695412961 cfg1 2 1 0 0 na na
10 61742.207350360896 0.045695475979 cfg1 2 1 0 0 na na
10 61742.212350276076 0.045695491981 cfg1 2 1 0 0 na na
10 61742.213350347914 0.045695516719 cfg1 2 1 0 0 na na
10 61742.217350336587 0.045695545223 cfg1 2 1 0 0 na na
10 61742.227350334886 0.045695592145 cfg1 2 1 0 0 na na
10 61742.232350278103 0.045695632713 cfg1 2 1 0 0 na na
10 61742.246350348097 0.045695722677 cfg1 2 1 0 0 na na
10 61742.248350289003 0.045695732903 cfg1 2 1 0 0 na na
10 61742.261350348912 0.045695845525 cfg1 2 1 0 0 na na
10 61742.264350267341 0.045695857462 cfg1 2 1 0 0 na na
10 61742.284350317378 0.045695975209 cfg1 2 1 0 0 na na
10 61742.290350294512 0.045696033580 cfg1 2 1 0 0 na na
10 61742.309350260280 0.045696156612 cfg1 2 1 0 0 na na
10 61742.325350308258 0.045696256354 cfg1 2 1 0 0 na na
10 61742.340350346243 0.045696365011 cfg1 2 1 0 0 na na
10 61742.343350333226 0.045696376994 cfg1 2 1 0 0 na na
10 61742.346350301446 0.045696422418 cfg1 2 1 0 0 na na
10 61742.382350327515 0.045696655101 cfg1 2 1 0 0 na na
10 61742.385350335256 0.045696672785 cfg1 2 1 0 0 na na
10 61742.404350335549 0.045696792014 cfg1 2 1 0 0 na na
10 61742.411350306171 0.045696839748 cfg1 2 1 0 0 na na
10 61742.419350282616 0.045696923043 cfg1 2 1 0 0 na na
10 61742.423350330011 0.045696947618 cfg1 2 1 0 0 na na
10 61742.430350289805 0.045696993032 cfg1 2 1 0 0 na na
10 61742.433350351856 0.045697011271 cfg1 2 1 0 0 na na
10 61742.434350305036 0.045696995987 cfg1 2 1 0 0 na na
10 61742.439350340479 0.045697049834 cfg1 2 1 0 0 na na
10 61742.441350290707 0.045697044201 cfg1 2 1 0 0 na na
10 61742.442350318643 0.045697067441 cfg1 2 1 0 0 na na
10 61742.451350300368 0.045697112607 cfg1 2 1 0 0 na na
10 61742.455350312059 0.045697167371 cfg1 2 1 0 0 na na
10 61742.461350283446 0.045697188102 cfg1 2 1 0 0 na na
10 61742.462350294794 0.045697190446 cfg1 2 1 0 0 na na
10 61742.463350295710 0.045697204765 cfg1 2 1 0 0 na na
10 61742.470350348572 0.045697247902 cfg1 2 1 0 0 na na
10 61742.473350290573 0.045697276463 cfg1 2 1 0 0 na na
10 61742.487350273230 0.045697368591 cfg1 2 1 0 0 na na
10 61742.500350309761 0.045697451673 cfg1 2 1 0 0 na na
10 61742.502350272115 0.045697459768 cfg1 2 1 0 0 na na
10 61742.505350339281 0.045697496197 cfg1 2 1 0 0 na na
10 61742.506350275723 0.045697495115 cfg1 2 1 0 0 na na
10 61742.516350305751 0.045697581420 cfg1 2 1 0 0 na na
10 61742.527350334375 0.045697646482 cfg1 2 1 0 0 na na
10 61742.529350307000 0.045697646357 cfg1 2 1 0 0 na na
10 61742.531350287194 0.045697664162 cfg1 2 1 0 0 na na
10 61742.535350335939 0.045697711433 cfg1 2 1 0 0 na na
10 61742.557350319313 0.045697849061 cfg1 2 1 0 0 na na
10 61742.567350394216 0.045697909979 cfg1 2 1 0 0 na na
10 61742.587350326303 0.045698066086 cfg1 2 1 0 0 na na
10 61742.589350287759 0.045698060374 cfg1 2 1 0 0 na na
10 61742.597350348145 0.045698117565 cfg1 2 1 0 0 na na
10 61742.599350272043 0.045698119797 cfg1 2 1 0 0 na na
10 61742.623350323825 0.045698311152 cfg1 2 1 0 0 na na
10 61742.628350357300 0.045698340492 cfg1 2 1 0 0 na na
10 61742.635350311935 0.045698373289 cfg1 2 1 0 0 na na
10 61742.650350268978 0.045698467882 cfg1 2 1 0 0 na na
10 61742.654350263399 0.045698515588 cfg1 2 1 0 0 na na
10 61742.663350309450 0.045698562450 cfg1 2 1 0 0 na na
10 61742.668350270229 0.045698616654 cfg1 2 1 0 0 na na
10 61742.676350326864 0.045698643204 cfg1 2 1 0 0 na na
10 61742.683350324545 0.045698699117 cfg1 2 1 0 0 na na
10 61742.699350320273 0.045698827208 cfg1 2 1 0 0 na na
10 61742.705350367733 0.045698840801 cfg1 2 1 0 0 na na
10 61742.708350295529 0.045698871066 cfg1 2 1 0 0 na na
10 61742.710350301981 0.045698886214 cfg1 2 1 0 0 na na
10 61742.714350288745 0.045698929945 cfg1 2 1 0 0 na na
10 61742.736350290303 0.045699069996 cfg1 2 1 0 0 na na
10 61742.748350295980 0.045699150702 cfg1 2 1 0 0 na na
10 61742.767350311769 0.045699275199 cfg1 2 1 0 0 na na
10 61742.768350295622 0.045699295872 cfg1 2 1 0 0 na na
10 61742.779350279933 0.045699367748 cfg1 2 1 0 0 na na
10 61742.783350261456 0.045699398498 cfg1 2 1 0 0 na na
10 61742.798350288644 0.045699478985 cfg1 2 1 0 0 na na
10 61742.807350312851 0.045699556449 cfg1 2 1 0 0 na na
10 61742.814350261924 0.045699598361 cfg1 2 1 0 0 na na
10 61742.821350320113 0.045699630676 cfg1 2 1 0 0 na na
10 61742.827350321556 0.045699698627 cfg1 2 1 0 0 na na
10 61742.831350285711 0.045699722567 cfg1 2 1 0 0 na na
10 61742.838350314543 0.045699760578 cfg1 2 1 0 0 na na
10 61742.856350297782 0.045699878608 cfg1 2 1 0 0 na na
10 61742.861350328473 0.045699915914 cfg1 2 1 0 0 na na
10 61742.868350294968 0.045699963293 cfg1 2 1 0 0 na na
10 61742.878350342848 0.045700039873 cfg1 2 1 0 0 na na
10 61742.884350332224 0.045700059972 cfg1 2 1 0 0 na na
10 61742.903350342624 0.045700194985 cfg1 2 1 0 0 na na
10 61742.923350321319 0.045700338242 cfg1 2 1 0 0 na na
10 61742.927350290975 0.045700361349 cfg1 2 1 0 0 na na
10 61742.935350297074 0.045700413060 cfg1 2 1 0 0 na na
10 61742.939350350928 0.045700462336 cfg1 2 1 0 0 na na
10 61742.947350253947 0.045700502636 cfg1 2 1 0 0 na na
10 61742.958350266106 0.045700565753 cfg1 2 1 0 0 na na
10 61742.961350277466 0.045700608151 cfg1 2 1 0 0 na na
10 61742.963350348016 0.045700617285 cfg1 2 1 0 0 na na
10 61742.968350366535 0.045700655546 cfg1 2 1 0 0 na na
10 61742.969350315545 0.045700660559 cfg1 2 1 0 0 na na
10 61742.985350356806 0.045700767211 cfg1 2 1 0 0 na na
10 61742.992350300468 0.045700803215 cfg1 2 1 0 0 na na
10 61743.008350358285 0.045700922885 cfg1 2 1 0 0 na na
10 61743.015350310795 0.045700953569 cfg1 2 1 0 0 na na
10 61743.024350397512 0.045701022011 cfg1 2 1 0 0 na na
10 61743.026350394985 0.045701050087 cfg1 2 1 0 0 na na
10 61743.029350348826 0.045701075842 cfg1 2 1 0 0 na na
10 61743.056350346030 0.045701259698 cfg1 2 1 0 0 na na
10 61743.069350291518 0.045701324007 cfg1 2 1 0 0 na na
10 61743.079350293636 0.045701417126 cfg1 2 1 0 0 na na
10 61743.089350370133 0.045701463955 cfg1 2 1 0 0 na na
10 61743.106350304204 0.045701589050 cfg1 2 1 0 0 na na
10 61743.107350370645 0.045701579518 cfg1 2 1 0 0 na na
10 61743.113350312854 0.045701648081 cfg1 2 1 0 0 na na
10 61743.115350299069 0.045701658824 cfg1 2 1 0 0 na na
10 61743.131350320607 0.045701750692 cfg1 2 1 0 0 na na
10 61743.134350344512 0.045701777957 cfg1 2 1 0 0 na na
10 61743.137350283456 0.045701786341 cfg1 2 1 0 0 na na
10 61743.138350394215 0.045701817284 cfg1 2 1 0 0 na na
10 61743.146350334910 0.045701853711 cfg1 2 1 0 0 na na
10 61743.148350352611 0.045701887649 cfg1 2 1 0 0 na na
10 61743.152350342998 0.045701886267 cfg1 2 1 0 0 na na
10 61743.155350382249 0.045701915960 cfg1 2 1 0 0 na na
10 61743.166350315046 0.045701984482 cfg1 2 1 0 0 na na
10 61743.185350308656 0.045702128082 cfg1 2 1 0 0 na na
10 61743.206350281926 0.045702260562 cfg1 2 1 0 0 na na
10 61743.210350267483 0.045702284472 cfg1 2 1 0 0 na na
10 61743.225350366132 0.045702410511 cfg1 2 1 0 0 na na
10 61743.234350312393 0.045702459273 cfg1 2 1 0 0 na na
10 61743.237350406531 0.045702483226 cfg1 2 1 0 0 na na
10 61743.273350361187 0.045702736838 cfg1 2 1 0 0 na na
10 61743.274350320526 0.045702721795 cfg1 2 1 0 0 na na
10 61743.281350327494 0.045702778533 cfg1 2 1 0 0 na na
10 61743.287350366993 0.045702806668 cfg1 2 1 0 0 na na
10 61743.288350327305 0.045702834583 cfg1 2 1 0 0 na na
10 61743.297350378746 0.045702878801 cfg1 2 1 0 0 na na
10 61743.301350325579 0.045702916719 cfg1 2 1 0 0 na na
10 61743.305350324467 0.045702932053 cfg1 2 1 0 0 na na
10 61743.349350385510 0.045703247143 cfg1 2 1 0 0 na na
10 61743.396350291878 0.045703553369 cfg1 2 1 0 0 na na
10 61743.404350322607 0.045703604815 cfg1 2 1 0 0 na na
10 61743.441350313519 0.045703883694 cfg1 2 1 0 0 na na
10 61743.469350324371 0.045704072219 cfg1 2 1 0 0 na na
10 61743.471350320188 0.045704060009 cfg1 2 1 0 0 na na
10 61743.481350295450 0.045704137185 cfg1 2 1 0 0 na na
10 61743.486350342938 0.045704179281 cfg1 2 1 0 0 na na
10 61743.510350332441 0.045704348394 cfg1 2 1 0 0 na na
10 61743.515350297874 0.045704371740 cfg1 2 1 0 0 na na
10 61743.546350327874 0.045704599372 cfg1 2 1 0 0 na na
10 61743.547350339626 0.045704581789 cfg1 2 1 0 0 na na
10 61743.556350322090 0.045704652717 cfg1 2 1 0 0 na na
10 61743.558350306914 0.045704670138 cfg1 2 1 0 0 na na
10 61743.566350314897 0.045704726919 cfg1 2 1 0 0 na na
10 61743.579350284224 0.045704814054 cfg1 2 1 0 0 na na
10 61743.602350268565 0.045704953258 cfg1 2 1 0 0 na na
10 61743.604350263743 0.045704968860 cfg1 2 1 0 0 na na
10 61743.606350261492 0.045704985382 cfg1 2 1 0 0 na na
10 61743.656350299398 0.045705330698 cfg1 2 1 0 0 na na
10 61743.666350301586 0.045705416519 cfg1 2 1 0 0 na na
10 61743.667350306081 0.045705405941 cfg1 2 1 0 0 na na
10 61743.668350378178 0.045705424842 cfg1 2 1 0 0 na na
10 61743.687350363601 0.045705556711 cfg1 2 1 0 0 na na
10 61743.691350320320 0.045705588408 cfg1 2 1 0 0 na na
10 61743.709350301981 0.045705692780 cfg1 2 1 0 0 na na
10 61743.728350276496 0.045705836603 cfg1 2 1 0 0 na na
10 61743.730350292768 0.045705841661 cfg1 2 1 0 0 na na
10 61743.731350326856 0.045705834235 cfg1 2 1 0 0 na na
10 61743.743350295081 0.045705924514 cfg1 2 1 0 0 na na
10 61743.744350305717 0.045705936790 cfg1 2 1 0 0 na na
10 61743.763350285038 0.045706057308 cfg1 2 1 0 0 na na
10 61743.782350262383 0.045706197773 cfg1 2 1 0 0 na na
10 61743.789350317399 0.045706254680 cfg1 2 1 0 0 na na
10 61743.802350309604 0.045706329309 cfg1 2 1 0 0 na na
10 61743.814350350535 0.045706413131 cfg1 2 1 0 0 na na
10 61743.821350283940 0.045706450666 cfg1 2 1 0 0 na na
10 61743.824350320963 0.045706475791 cfg1 2 1 0 0 na na
10 61743.830350321961 0.045706518238 cfg1 2 1 0 0 na na
10 61743.838350299684 0.045706592051 cfg1 2 1 0 0 na na
10 61743.843350357896 0.045706619689 cfg1 2 1 0 0 na na
10 61743.867350306649 0.045706784077 cfg1 2 1 0 0 na na
10 61743.872350293103 0.045706819217 cfg1 2 1 0 0 na na
10 61743.874350281019 0.045706835537 cfg1 2 1 0 0 na na
10 61743.884350307906 0.045706901794 cfg1 2 1 0 0 na na
10 61743.886350295112 0.045706916913 cfg1 2 1 0 0 na na
10 61743.888350321236 0.045706922495 cfg1 2 1 0 0 na na
10 61743.896350320898 0.045706985322 cfg1 2 1 0 0 na na
10 61743.899350259286 0.045707003917 cfg1 2 1 0 0 na na
10 61743.906350362568 0.045707045325 cfg1 2 1 0 0 na na
10 61743.909350274017 0.045707065055 cfg1 2 1 0 0 na na
10 61743.916350287515 0.045707101817 cfg1 2 1 0 0 na na
10 61743.925350372295 0.045707165259 cfg1 2 1 0 0 na na
10 61743.928350315864 0.045707197797 cfg1 2 1 0 0 na na
10 61743.931350293950 0.045707226243 cfg1 2 1 0 0 na na
10 61743.937350358188 0.045707241066 cfg1 2 1 0 0 na na
10 61743.946350373472 0.045707311021 cfg1 2 1 0 0 na na
10 61743.949350334155 0.045707326818 cfg1 2 1 0 0 na na
10 61743.959350297557 0.045707398182 cfg1 2 1 0 0 na na
10 61743.961350349542 0.045707420320 cfg1 2 1 0 0 na na
10 61743.967350275091 0.045707454887 cfg1 2 1 0 0 na na
10 61743.970350251116 0.045707480780 cfg1 2 1 0 0 na na
10 61743.972350289756 0.045707501293 cfg1 2 1 0 0 na na
10 61743.974350290982 0.045707509843 cfg1 2 1 0 0 na na
10 61743.986350291408 0.045707583880 cfg1 2 1 0 0 na na
10 61743.988350269614 0.045707611480 cfg1 2 1 0 0 na na
10 61743.999350260181 0.045707666787 cfg1 2 1 0 0 na na
10 61744.004350325167 0.045707719852 cfg1 2 1 0 0 na na
10 61744.011350324754 0.045707756620 cfg1 2 1 0 0 na na
10 61744.025350335554 0.045707857648 cfg1 2 1 0 0 na na
10 61744.035350327096 0.045707929812 cfg1 2 1 0 0 na na
10 61744.038350296801 0.045707952846 cfg1 2 1 0 0 na na
10 61744.047350307711 0.045707995559 cfg1 2 1 0 0 na na
10 61744.054350294055 0.045708042807 cfg1 2 1 0 0 na na
10 61744.064350314170 0.045708129482 cfg1 2 1 0 0 na na
10 61744.097350297429 0.045708358694 cfg1 2 1 0 0 na na
10 61744.099350295922 0.045708344752 cfg1 2 1 0 0 na na
10 61744.100350301602 0.045708370424 cfg1 2 1 0 0 na na
10 61744.110350327967 0.045708420413 cfg1 2 1 0 0 na na
10 61744.111350252022 0.045708439909 cfg1 2 1 0 0 na na
10 61744.115350257689 0.045708459116 cfg1 2 1 0 0 na na
10 61744.122350349214 0.045708504042 cfg1 2 1 0 0 na na
10 61744.135350261023 0.045708597640 cfg1 2 1 0 0 na na
10 61744.154350336059 0.045708741128 cfg1 2 1 0 0 na na
10 61744.165350308258 0.045708812024 cfg1 2 1 0 0 na na
10 61744.166350328624 0.045708808532 cfg1 2 1 0 0 na na
10 61744.178350244869 0.045708907027 cfg1 2 1 0 0 na na
10 61744.181350314475 0.045708905763 cfg1 2 1 0 0 na na
10 61744.187350299408 0.045708947855 cfg1 2 1 0 0 na na
10 61744.194350330449 0.045708992776 cfg1 2 1 0 0 na na
10 61744.219350322001 0.045709182152 cfg1 2 1 0 0 na na
10 61744.222350348808 0.045709207936 cfg1 2 1 0 0 na na
10 61744.230350300826 0.045709256927 cfg1 2 1 0 0 na na
10 61744.233350321374 0.045709259701 cfg1 2 1 0 0 na na
10 61744.238350324384 0.045709313330 cfg1 2 1 0 0 na na
10 61744.249350343149 0.045709376210 cfg1 2 1 0 0 na na
10 61744.258350336271 0.045709431550 cfg1 2 1 0 0 na na
10 61744.264350295178 0.045709476955 cfg1 2 1 0 0 na na
10 61744.271350304319 0.045709538163 cfg1 2 1 0 0 na na
10 61744.274350339601 0.045709546260 cfg1 2 1 0 0 na na
10 61744.283350325867 0.045709620383 cfg1 2 1 0 0 na na
10 61744.291350241188 0.045709680795 cfg1 2 1 0 0 na na
10 61744.298350309437 0.045709715175 cfg1 2 1 0 0 na na
10 61744.299350310327 0.045709720416 cfg1 2 1 0 0 na na
10 61744.327350293303 0.045709919532 cfg1 2 1 0 0 na na
10 61744.339350264805 0.045709982181 cfg1 2 1 0 0 na na
10 61744.355350334203 0.045710109551 cfg1 2 1 0 0 na na
10 61744.359350266860 0.045710120018 cfg1 2 1 0 0 na na
10 61744.362350371238 0.045710148698 cfg1 2 1 0 0 na na
10 61744.363350307597 0.045710151518 cfg1 2 1 0 0 na na
10 61744.377350304995 0.045710254310 cfg1 2 1 0 0 na na
10 61744.381350320543 0.045710282738 cfg1 2 1 0 0 na na
10 61744.385350307282 0.045710321402 cfg1 2 1 0 0 na na
10 61744.397350313101 0.045710388402 cfg1 2 1 0 0 na na
10 61744.398350329321 0.045710399057 cfg1 2 1 0 0 na na
10 61744.401350280961 0.045710419425 cfg1 2 1 0 0 na na
10 61744.406350324557 0.045710446404 cfg1 2 1 0 0 na na
10 61744.412350367368 0.045710492828 cfg1 2 1 0 0 na na
10 61744.414350302886 0.045710504584 cfg1 2 1 0 0 na na
10 61744.458350299828 0.045710797559 cfg1 2 1 0 0 na na
10 61744.462350312037 0.045710831090 cfg1 2 1 0 0 na na
10 61744.486350304525 0.045711013726 cfg1 2 1 0 0 na na
10 61744.493350328800 0.045711039859 cfg1 2 1 0 0 na na
10 61744.508350313286 0.045711150273 cfg1 2 1 0 0 na na
10 61744.517350346690 0.045711226480 cfg1 2 1 0 0 na na
10 61744.526350257934 0.045711282664 cfg1 2 1 0 0 na na
10 61744.535350289106 0.045711341932 cfg1 2 1 0 0 na na
10 61744.541350339437 0.045711385748 cfg1 2 1 0 0 na na
10 61744.542350279960 0.045711398105 cfg1 2 1 0 0 na na
10 61744.554350315813 0.045711474419 cfg1 2 1 0 0 na na
10 61744.565350313960 0.045711542618 cfg1 2 1 0 0 na na
10 61744.568350301529 0.045711563067 cfg1 2 1 0 0 na na
10 61744.573350315027 0.045711605393 cfg1 2 1 0 0 na na
10 61744.574350347908 0.045711600823 cfg1 2 1 0 0 na na
10 61744.581350310398 0.045711648665 cfg1 2 1 0 0 na na
10 61744.591350336933 0.045711720637 cfg1 2 1 0 0 na na
10 61744.592350288353 0.045711720627 cfg1 2 1 0 0 na na
10 61744.600350301464 0.045711790728 cfg1 2 1 0 0 na na
10 61744.610350317600 0.045711855799 cfg1 2 1 0 0 na na
10 61744.611350321499 0.045711868930 cfg1 2 1 0 0 na na
10 61744.637350341284 0.045712021851 cfg1 2 1 0 0 na na
10 61744.644350364357 0.045712078754 cfg1 2 1 0 0 na na
10 61744.648350313982 0.045712109838 cfg1 2 1 0 0 na na
10 61744.650350287717 0.045712135826 cfg1 2 1 0 0 na na
10 61744.711350313593 0.045712537176 cfg1 2 1 0 0 na na
10 61744.714350333633 0.045712561793 cfg1 2 1 0 0 na na
10 61744.742350298032 0.045712748156 cfg1 2 1 0 0 na na
10 61744.759350245501 0.045712876563 cfg1 2 1 0 0 na na
10 61744.773350345230 0.045712964692 cfg1 2 1 0 0 na na
10 61744.802350298320 0.045713172603 cfg1 2 1 0 0 na na
10 61744.814350269087 0.045713227972 cfg1 2 1 0 0 na na
10 61744.818350327711 0.045713257493 cfg1 2 1 0 0 na na
10 61744.834350337000 0.045713364671 cfg1 2 1 0 0 na na
10 61744.869350277794 0.045713608136 cfg1 2 1 0 0 na na
10 61744.870350337404 0.045713610539 cfg1 2 1 0 0 na na
10 61744.876350322507 0.045713654109 cfg1 2 1 0 0 na na
10 61744.893350304579 0.045713793243 cfg1 2 1 0 0 na na
10 61744.896350269792 0.045713813398 cfg1 2 1 0 0 na na
10 61744.940350371207 0.045714096535 cfg1 2 1 0 0 na na
10 61744.974350265011 0.045714326977 cfg1 2 1 0 0 na na
10 61744.989350387067 0.045714437951 cfg1 2 1 0 0 na na
10 61744.991350283815 0.045714448840 cfg1 2 1 0 0 na na
10 61745.004350336911 0.045714549451 cfg1 2 1 0 0 na na
10 61745.024350275535 0.045714685702 cfg1 2 1 0 0 na na
10 61745.035350296621 0.045714761204 cfg1 2 1 0 0 na na
10 61745.064350297000 0.045714955341 cfg1 2 1 0 0 na na
10 61745.067350267563 0.045714977289 cfg1 2 1 0 0 na na
10 61745.070350368054 0.045714994186 cfg1 2 1 0 0 na na
10 61745.071350269849 0.045714986853 cfg1 2 1 0 0 na na
10 61745.073350315995 0.045715002640 cfg1 2 1 0 0 na na
10 61745.077350340831 0.045715033989 cfg1 2 1 0 0 na na
10 61745.081350288453 0.045715057835 cfg1 2 1 0 0 na na
10 61745.113350321309 0.045715298266 cfg1 2 1 0 0 na na
10 61745.120350342616 0.045715321803 cfg1 2 1 0 0 na na
10 61745.144350328694 0.045715489434 cfg1 2 1 0 0 na na
10 61745.182350289217 0.045715770281 cfg1 2 1 0 0 na na
10 61745.195350280643 0.045715832274 cfg1 2 1 0 0 na na
10 61745.208350305025 0.045715946696 cfg1 2 1 0 0 na na
10 61745.213350313981 0.045715955365 cfg1 2 1 0 0 na na
10 61745.228350317207 0.045716082858 cfg1 2 1 0 0 na na
10 61745.240350326680 0.045716165760 cfg1 2 1 0 0 na na
10 61745.242350366592 0.045716176765 cfg1 2 1 0 0 na na
10 61745.260350287563 0.045716291617 cfg1 2 1 0 0 na na
10 61745.267350369626 0.045716330687 cfg1 2 1 0 0 na na
10 61745.274350263666 0.045716378224 cfg1 2 1 0 0 na na
10 61745.284350312332 0.045716453578 cfg1 2 1 0 0 na na
10 61745.307350295935 0.045716614226 cfg1 2 1 0 0 na na
10 61745.332350303248 0.045716792084 cfg1 2 1 0 0 na na
10 61745.420350291560 0.045717399229 cfg1 2 1 0 0 na na
10 61745.438350270259 0.045717496732 cfg1 2 1 0 0 na na
10 61745.462350325973 0.045717677655 cfg1 2 1 0 0 na na
10 61745.479350336506 0.045717798061 cfg1 2 1 0 0 na na
10 61745.480350294449 0.045717792847 cfg1 2 1 0 0 na na
10 61745.495350260828 0.045717903559 cfg1 2 1 0 0 na na
10 61745.514350285382 0.045718032485 cfg1 2 1 0 0 na na
10 61745.533350363158 0.045718153367 cfg1 2 1 0 0 na na
10 61745.538350298477 0.045718176607 cfg1 2 1 0 0 na na
10 61745.567350328540 0.045718400305 cfg1 2 1 0 0 na na
10 61745.579350328051 0.045718474071 cfg1 2 1 0 0 na na
10 61745.609350301791 0.045718679313 cfg1 2 1 0 0 na na
10 61745.621350371938 0.045718746062 cfg1 2 1 0 0 na na
10 61745.622350290412 0.045718751276 cfg1 2 1 0 0 na na
10 61745.640350278896 0.045718879673 cfg1 2 1 0 0 na na
10 61745.653350325315 0.045718982818 cfg1 2 1 0 0 na na
10 61745.654350341231 0.045718980531 cfg1 2 1 0 0 na na
10 61745.695350318749 0.045719262109 cfg1 2 1 0 0 na na
10 61745.705350290057 0.045719330588 cfg1 2 1 0 0 na na
10 61745.766350341077 0.045719749241 cfg1 2 1 0 0 na na
10 61745.781350336546 0.045719841315 cfg1 2 1 0 0 na na
10 61745.793350277042 0.045719921374 cfg1 2 1 0 0 na na
10 61745.819350321231 0.045720120075 cfg1 2 1 0 0 na na
10 61745.838350275714 0.045720253676 cfg1 2 1 0 0 na na
10 61745.853350268691 0.045720333975 cfg1 2 1 0 0 na na
10 61745.863350301486 0.045720408299 cfg1 2 1 0 0 na na
10 61745.868350327422 0.045720446547 cfg1 2 1 0 0 na na
10 61745.874350345725 0.045720504500 cfg1 2 1 0 0 na na
10 61745.877350325484 0.045720511582 cfg1 2 1 0 0 na na
10 61745.887350301564 0.045720588443 cfg1 2 1 0 0 na na
10 61745.892350344897 0.045720623651 cfg1 2 1 0 0 na na
10 61745.895350333906 0.045720646432 cfg1 2 1 0 0 na na
10 61745.898350317154 0.045720662301 cfg1 2 1 0 0 na na
10 61745.902350301501 0.045720671025 cfg1 2 1 0 0 na na
10 61745.927350269113 0.045720842522 cfg1 2 1 0 0 na na
10 61745.931350297762 0.045720868230 cfg1 2 1 0 0 na na
10 61745.947350301581 0.045720998574 cfg1 2 1 0 0 na na
10 61745.977350357601 0.045721203381 cfg1 2 1 0 0 na na
10 61745.981350330741 0.045721218383 cfg1 2 1 0 0 na na
10 61745.985350325332 0.045721244613 cfg1 2 1 0 0 na na
10 61746.007350346606 0.045721403173 cfg1 2 1 0 0 na na
10 61746.019350252273 0.045721493216 cfg1 2 1 0 0 na na
10 61746.027350347989 0.045721531599 cfg1 2 1 0 0 na na
10 61746.048350327489 0.045721689080 cfg1 2 1 0 0 na na
10 61746.057350284017 0.045721744945 cfg1 2 1 0 0 na na
10 61746.058350365362 0.045721754753 cfg1 2 1 0 0 na na
10 61746.129350250219 0.045722241746 cfg1 2 1 0 0 na na
10 61746.133350305226 0.045722251277 cfg1 2 1 0 0 na na
10 61746.150350320973 0.045722379432 cfg1 2 1 0 0 na na
10 61746.151350326300 0.045722382321 cfg1 2 1 0 0 na na
10 61746.152350326631 0.045722391676 cfg1 2 1 0 0 na na
10 61746.159350255654 0.045722441247 cfg1 2 1 0 0 na na
10 61746.180350312605 0.045722576120 cfg1 2 1 0 0 na na
10 61746.218350306477 0.045722859884 cfg1 2 1 0 0 na na
10 61746.223350330270 0.045722865724 cfg1 2 1 0 0 na na
10 61746.230350304793 0.045722919145 cfg1 2 1 0 0 na na
10 61746.266350322682 0.045723168313 cfg1 2 1 0 0 na na
10 61746.290350332096 0.045723326664 cfg1 2 1 0 0 na na
10 61746.298350329790 0.045723400611 cfg1 2 1 0 0 na na
10 61746.299350275300 0.045723415311 cfg1 2 1 0 0 na na
10 61746.349350314459 0.045723731611 cfg1 2 1 0 0 na na
10 61746.368350302672 0.045723870285 cfg1 2 1 0 0 na na
10 61746.372350313913 0.045723908880 cfg1 2 1 0 0 na na
10 61746.383350343280 0.045723983724 cfg1 2 1 0 0 na na
10 61746.399350370997 0.045724095271 cfg1 2 1 0 0 na na
10 61746.401350368288 0.045724094648 cfg1 2 1 0 0 na na
10 61746.426350343172 0.045724275172 cfg1 2 1 0 0 na na
10 61746.432350394937 0.045724300742 cfg1 2 1 0 0 na na
10 61746.479350344881 0.045724643743 cfg1 2 1 0 0 na na
10 61746.499350336388 0.045724773461 cfg1 2 1 0 0 na na
10 61746.501350276253 0.045724771769 cfg1 2 1 0 0 na na
10 61746.519350284186 0.045724897569 cfg1 2 1 0 0 na na
10 61746.530350295855 0.045724981147 cfg1 2 1 0 0 na na
10 61746.539350296583 0.045725036633 cfg1 2 1 0 0 na na
10 61746.558350320671 0.045725171496 cfg1 2 1 0 0 na na
10 61746.560350372557 0.045725180538 cfg1 2 1 0 0 na na
10 61746.575350336318 0.045725300307 cfg1 2 1 0 0 na na
10 61746.604350302838 0.045725493692 cfg1 2 1 0 0 na na
10 61746.609350311695 0.045725533829 cfg1 2 1 0 0 na na
10 61746.642350303032 0.045725758567 cfg1 2 1 0 0 na na
10 61746.670350305808 0.045725951585 cfg1 2 1 0 0 na na
10 61746.672350383623 0.045725969483 cfg1 2 1 0 0 na na
10 61746.679350302335 0.045726000028 cfg1 2 1 0 0 na na
10 61746.707350314141 0.045726202653 cfg1 2 1 0 0 na na
10 61746.719350316244 0.045726283110 cfg1 2 1 0 0 na na
10 61746.731350264921 0.045726351868 cfg1 2 1 0 0 na na
10 61746.756350320065 0.045726542433 cfg1 2 1 0 0 na na
10 61746.769350363881 0.045726613556 cfg1 2 1 0 0 na na
10 61746.778350324470 0.045726691810 cfg1 2 1 0 0 na na
10 61746.785350300934 0.045726716587 cfg1 2 1 0 0 na na
10 61746.786350322037 0.045726745572 cfg1 2 1 0 0 na na
10 61746.793350309873 0.045726799574 cfg1 2 1 0 0 na na
10 61746.798350333543 0.045726830868 cfg1 2 1 0 0 na na
10 61746.804350283697 0.045726854039 cfg1 2 1 0 0 na na
10 61746.805350379886 0.045726877993 cfg1 2 1 0 0 na na
10 61746.810350291528 0.045726913277 cfg1 2 1 0 0 na na
10 61746.842350311215 0.045727122688 cfg1 2 1 0 0 na na
10 61746.843350377588 0.045727119838 cfg1 2 1 0 0 na na
10 61746.857350321251 0.045727212983 cfg1 2 1 0 0 na na
10 61746.866350320398 0.045727290698 cfg1 2 1 0 0 na na
10 61746.903350349228 0.045727546164 cfg1 2 1 0 0 na na
10 61747.034350357579 0.045728430033 cfg1 2 1 0 0 na na
10 61747.090350364137 0.045728811147 cfg1 2 1 0 0 na na
10 61747.118350306180 0.045729007603 cfg1 2 1 0 0 na na
10 61747.119350333510 0.045729031255 cfg1 2 1 0 0 na na
10 61747.137350355351 0.045729134241 cfg1 2 1 0 0 na na
10 61747.143350351961 0.045729175172 cfg1 2 1 0 0 na na
10 61747.148350337718 0.045729227119 cfg1 2 1 0 0 na na
10 61747.158350377790 0.045729282963 cfg1 2 1 0 0 na na
10 61747.220350272262 0.045729708589 cfg1 2 1 0 0 na na
10 61747.225350349453 0.045729743484 cfg1 2 1 0 0 na na
10 61747.270350345609 0.045730043216 cfg1 2 1 0 0 na na
10 61747.311350358217 0.045730332134 cfg1 2 1 0 0 na na
10 61747.382350361082 0.045730829343 cfg1 2 1 0 0 na na
10 61747.386350308736 0.045730855675 cfg1 2 1 0 0 na na
10 61747.388350340053 0.045730873169 cfg1 2 1 0 0 na na
10 61747.405350342487 0.045730984917 cfg1 2 1 0 0 na na
10 61747.418350315093 0.045731066105 cfg1 2 1 0 0 na na
10 61747.439350272171 0.045731203799 cfg1 2 1 0 0 na na
10 61747.491350318100 0.045731565920 cfg1 2 1 0 0 na na
10 61747.519350333125 0.045731770219 cfg1 2 1 0 0 na na
10 61747.545350261449 0.045731935438 cfg1 2 1 0 0 na na
10 61747.603350375002 0.045732340307 cfg1 2 1 0 0 na na
10 61747.636350309468 0.045732566180 cfg1 2 1 0 0 na na
10 61747.694350340995 0.045732956501 cfg1 2 1 0 0 na na
10 61747.831350294797 0.045733921706 cfg1 2 1 0 0 na na
10 61747.837350379815 0.045733956210 cfg1 2 1 0 0 na na
10 61747.844350273127 0.045734006455 cfg1 2 1 0 0 na na
10 61747.861350340758 0.045734105575 cfg1 2 1 0 0 na na
10 61747.866350340487 0.045734162769 cfg1 2 1 0 0 na na
10 61748.043350338591 0.045735349774 cfg1 2 1 0 0 na na
10 61748.125350351101 0.045735928393 cfg1 2 1 0 0 na na
10 61748.144350359488 0.045736061390 cfg1 2 1 0 0 na na
10 61748.169350348095 0.045736239664 cfg1 2 1 0 0 na na
10 61748.248350285192 0.045736769159 cfg1 2 1 0 0 na na
10 61748.311350277159 0.045737193148 cfg1 2 1 0 0 na na
10 61748.367350376776 0.045737601837 cfg1 2 1 0 0 na na
10 61748.438350295683 0.045738083446 cfg1 2 1 0 0 na na
10 61748.578350346442 0.045739054038 cfg1 2 1 0 0 na na
10 61748.583350324328 0.045739079284 cfg1 2 1 0 0 na na
10 61748.601350366871 0.045739210498 cfg1 2 1 0 0 na na
10 61748.631350276736 0.045739417169 cfg1 2 1 0 0 na na
10 61748.652350338183 0.045739538747 cfg1 2 1 0 0 na na
10 61748.716350285708 0.045739981032 cfg1 2 1 0 0 na na
10 61748.769350334101 0.045740345259 cfg1 2 1 0 0 na na
10 61748.815350311640 0.045740680003 cfg1 2 1 0 0 na na
10 61748.852350297742 0.045740920640 cfg1 2 1 0 0 na na
10 61748.980350274486 0.045741816883 cfg1 2 1 0 0 na na
10 61748.981350346033 0.045741823511 cfg1 2 1 0 0 na na
10 61749.032350330355 0.045742155897 cfg1 2 1 0 0 na na
10 61749.041350307043 0.045742232777 cfg1 2 1 0 0 na na
10 61749.100350335814 0.045742643736 cfg1 2 1 0 0 na na
10 61749.102350381045 0.045742635811 cfg1 2 1 0 0 na na
10 61749.124350328324 0.045742787959 cfg1 2 1 0 0 na na
10 61749.137350319726 0.045742898731 cfg1 2 1 0 0 na na
10 61749.146350385164 0.045742940958 cfg1 2 1 0 0 na na
10 61749.173350242180 0.045743144664 cfg1 2 1 0 0 na na
10 61749.233350325937 0.045743543529 cfg1 2 1 0 0 na na
10 61749.235350297079 0.045743567472 cfg1 2 1 0 0 na na
10 61749.255350306230 0.045743697676 cfg1 2 1 0 0 na na
10 61749.259350326972 0.045743734796 cfg1 2 1 0 0 na na
10 61749.340350287509 0.045744289168 cfg1 2 1 0 0 na na
10 61749.343350330751 0.045744291185 cfg1 2 1 0 0 na na
10 61749.352350333718 0.045744361713 cfg1 2 1 0 0 na na
10 61749.367350320579 0.045744472249 cfg1 2 1 0 0 na na
10 61749.384350286659 0.045744570780 cfg1 2 1 0 0 na na
10 61749.386350345317 0.045744609207 cfg1 2 1 0 0 na na
10 61749.403350380994 0.045744721710 cfg1 2 1 0 0 na na
10 61749.470350367663 0.045745173734 cfg1 2 1 0 0 na na
10 61749.498350338810 0.045745370023 cfg1 2 1 0 0 na na
10 61749.509350321489 0.045745431565 cfg1 2 1 0 0 na na
10 61749.528350309143 0.045745588026 cfg1 2 1 0 0 na na
10 61749.537350314358 0.045745630408 cfg1 2 1 0 0 na na
10 61749.544350245739 0.045745691268 cfg1 2 1 0 0 na na
10 61749.558350315746 0.045745786785 cfg1 2 1 0 0 na na
10 61749.595350344853 0.045746044804 cfg1 2 1 0 0 na na
10 61749.643350278980 0.045746358054 cfg1 2 1 0 0 na na
10 61749.676350329601 0.045746608323 cfg1 2 1 0 0 na na
10 61749.683350266637 0.045746630120 cfg1 2 1 0 0 na na
10 61749.732350313006 0.045746979326 cfg1 2 1 0 0 na na
10 61749.779350274793 0.045747310850 cfg1 2 1 0 0 na na
10 61749.794350310531 0.045747399622 cfg1 2 1 0 0 na na
10 61749.813350350716 0.045747550939 cfg1 2 1 0 0 na na
10 61749.849350348107 0.045747785139 cfg1 2 1 0 0 na na
10 61749.857350310712 0.045747837711 cfg1 2 1 0 0 na na
10 61749.860350365006 0.045747871045 cfg1 2 1 0 0 na na
10 61749.875350304101 0.045747957993 cfg1 2 1 0 0 na na
10 61749.887350388603 0.045748062262 cfg1 2 1 0 0 na na
10 61749.894350307586 0.045748094824 cfg1 2 1 0 0 na na
10 61749.910350290829 0.045748210493 cfg1 2 1 0 0 na na
10 61749.953350315300 0.045748504972 cfg1 2 1 0 0 na na
10 61749.955350334476 0.045748524205 cfg1 2 1 0 0 na na
10 61749.963350284275 0.045748558175 cfg1 2 1 0 0 na na
10 61749.982350325038 0.045748716716 cfg1 2 1 0 0 na na
10 61749.985350334485 0.045748717745 cfg1 2 1 0 0 na na
10 61749.988350306460 0.045748732983 cfg1 2 1 0 0 na na
10 61750.001350343180 0.045748843905 cfg1 2 1 0 0 na na
10 61750.004350243765 0.045748863076 cfg1 2 1 0 0 na na
10 61750.048350259130 0.045749152649 cfg1 2 1 0 0 na na
10 61750.062350302284 0.045749258845 cfg1 2 1 0 0 na na
10 61750.063350329677 0.045749261593 cfg1 2 1 0 0 na na
10 61750.077350339729 0.045749355419 cfg1 2 1 0 0 na na
10 61750.083350364475 0.045749399795 cfg1 2 1 0 0 na na
10 61750.096350334528 0.045749492477 cfg1 2 1 0 0 na na
10 61750.114350289100 0.045749619427 cfg1 2 1 0 0 na na
10 61750.130350352619 0.045749729770 cfg1 2 1 0 0 na na
10 61750.131350279573 0.045749728394 cfg1 2 1 0 0 na na
10 61750.135350330844 0.045749742777 cfg1 2 1 0 0 na na
10 61750.138350254120 0.045749777732 cfg1 2 1 0 0 na na
10 61750.140350289443 0.045749807007 cfg1 2 1 0 0 na na
10 61750.143350313441 0.045749801502 cfg1 2 1 0 0 na na
10 61750.160350326086 0.045749916337 cfg1 2 1 0 0 na na
10 61750.164350341599 0.045749955075 cfg1 2 1 0 0 na na
10 61750.170350340799 0.045750009838 cfg1 2 1 0 0 na na
10 61750.172350278903 0.045750014942 cfg1 2 1 0 0 na na
10 61750.190350264150 0.045750122884 cfg1 2 1 0 0 na na
10 61750.191350278206 0.045750136264 cfg1 2 1 0 0 na na
10 61750.195350321134 0.045750158314 cfg1 2 1 0 0 na na
10 61750.215350330994 0.045750320208 cfg1 2 1 0 0 na na
10 61750.229350363609 0.045750420050 cfg1 2 1 0 0 na na
10 61750.232350332404 0.045750434188 cfg1 2 1 0 0 na na
10 61750.235350315551 0.045750453822 cfg1 2 1 0 0 na na
10 61750.249350274341 0.045750529208 cfg1 2 1 0 0 na na
10 61750.257350307422 0.045750593884 cfg1 2 1 0 0 na na
10 61750.263350306555 0.045750639848 cfg1 2 1 0 0 na na
10 61750.280350306052 0.045750761211 cfg1 2 1 0 0 na na
10 61750.287350354947 0.045750817442 cfg1 2 1 0 0 na na
10 61750.296350328992 0.045750854242 cfg1 2 1 0 0 na na
10 61750.326350354542 0.045751070010 cfg1 2 1 0 0 na na
10 61750.327350298333 0.045751072889 cfg1 2 1 0 0 na na
10 61750.330350344803 0.045751100791 cfg1 2 1 0 0 na na
10 61750.347350321471 0.045751209883 cfg1 2 1 0 0 na na
10 61750.350350339853 0.045751241672 cfg1 2 1 0 0 na na
10 61750.353350294192 0.045751269439 cfg1 2 1 0 0 na na
10 61750.370350286333 0.045751376839 cfg1 2 1 0 0 na na
10 61750.389350279290 0.045751497852 cfg1 2 1 0 0 na na
10 61750.405350290832 0.045751616718 cfg1 2 1 0 0 na na
10 61750.410350319916 0.045751654760 cfg1 2 1 0 0 na na
10 61750.415350349554 0.045751683953 cfg1 2 1 0 0 na na
10 61750.444350266622 0.045751875278 cfg1 2 1 0 0 na na
10 61750.450350335597 0.045751916504 cfg1 2 1 0 0 na na
10 61750.455350304462 0.045751977403 cfg1 2 1 0 0 na na
10 61750.471350321686 0.045752077834 cfg1 2 1 0 0 na na
10 61750.483350261786 0.045752167317 cfg1 2 1 0 0 na na
10 61750.487350317687 0.045752173261 cfg1 2 1 0 0 na na
10 61750.504350278820 0.045752299950 cfg1 2 1 0 0 na na
10 61750.511350299484 0.045752350704 cfg1 2 1 0 0 na na
10 61750.513350268142 0.045752348737 cfg1 2 1 0 0 na na
10 61750.558350266759 0.045752671072 cfg1 2 1 0 0 na na
10 61750.589350293639 0.045752890800 cfg1 2 1 0 0 na na
10 61750.626350300612 0.045753130047 cfg1 2 1 0 0 na na
10 61750.653350333233 0.045753340771 cfg1 2 1 0 0 na na
10 61750.659350331682 0.045753369341 cfg1 2 1 0 0 na na
10 61750.667350260041 0.045753432029 cfg1 2 1 0 0 na na
10 61750.669350250916 0.045753444367 cfg1 2 1 0 0 na na
10 61750.721350276643 0.045753792449 cfg1 2 1 0 0 na na
10 61750.722350273250 0.045753819633 cfg1 2 1 0 0 na na
10 61750.725350304754 0.045753814965 cfg1 2 1 0 0 na na
10 61750.757350319951 0.045754052713 cfg1 2 1 0 0 na na
10 61750.778350300144 0.045754191922 cfg1 2 1 0 0 na na
10 61750.780350359823 0.045754191323 cfg1 2 1 0 0 na na
10 61750.792350330626 0.045754274580 cfg1 2 1 0 0 na na
10 61750.824350344712 0.045754513565 cfg1 2 1 0 0 na na
10 61750.827350313256 0.045754525227 cfg1 2 1 0 0 na na
10 61750.862350301549 0.045754780482 cfg1 2 1 0 0 na na
10 61750.879350316480 0.045754877786 cfg1 2 1 0 0 na na
10 61750.893350330190 0.045754988794 cfg1 2 1 0 0 na na
10 61750.900350302890 0.045755025487 cfg1 2 1 0 0 na na
10 61750.902350322376 0.045755037311 cfg1 2 1 0 0 na na
10 61750.911350374808 0.045755118977 cfg1 2 1 0 0 na na
10 61750.922350320751 0.045755176043 cfg1 2 1 0 0 na na
10 61750.924350323202 0.045755187037 cfg1 2 1 0 0 na na
10 61750.936350263916 0.045755271534 cfg1 2 1 0 0 na na
10 61750.937350319332 0.045755296402 cfg1 2 1 0 0 na na
10 61750.939350338362 0.045755293613 cfg1 2 1 0 0 na na
10 61750.947350319207 0.045755352824 cfg1 2 1 0 0 na na
10 61750.951350392778 0.045755395017 cfg1 2 1 0 0 na na
10 61750.971350270102 0.045755515179 cfg1 2 1 0 0 na na
10 61750.993350312324 0.045755665998 cfg1 2 1 0 0 na na
10 61751.002350344455 0.045755726319 cfg1 2 1 0 0 na na
10 61751.022350361245 0.045755872395 cfg1 2 1 0 0 na na
10 61751.044350333332 0.045756032523 cfg1 2 1 0 0 na na
10 61751.069350357756 0.045756192783 cfg1 2 1 0 0 na na
10 61751.094350366688 0.045756357408 cfg1 2 1 0 0 na na
10 61751.098350361733 0.045756397396 cfg1 2 1 0 0 na na
10 61751.106350298002 0.045756450704 cfg1 2 1 0 0 na na
10 61751.108350307045 0.045756465715 cfg1 2 1 0 0 na na
10 61751.113350348599 0.045756510018 cfg1 2 1 0 0 na na
10 61751.119350342762 0.045756543089 cfg1 2 1 0 0 na na
10 61751.179350400055 0.045756948173 cfg1 2 1 0 0 na na
10 61751.193350311667 0.045757049075 cfg1 2 1 0 0 na na
10 61751.194350314323 0.045757066882 cfg1 2 1 0 0 na na
10 61751.198350308825 0.045757095231 cfg1 2 1 0 0 na na
10 61751.211350305567 0.045757193670 cfg1 2 1 0 0 na na
10 61751.212350327848 0.045757194159 cfg1 2 1 0 0 na na
10 61751.213350318151 0.045757206262 cfg1 2 1 0 0 na na
10 61751.221350329509 0.045757240619 cfg1 2 1 0 0 na na
10 61751.228350335542 0.045757307862 cfg1 2 1 0 0 na na
10 61751.233350314079 0.045757322251 cfg1 2 1 0 0 na na
10 61751.240350345889 0.045757382538 cfg1 2 1 0 0 na na
10 61751.241350302749 0.045757383335 cfg1 2 1 0 0 na na
10 61751.242350326318 0.045757401665 cfg1 2 1 0 0 na na
10 61751.299350363581 0.045757788586 cfg1 2 1 0 0 na na
10 61751.326350329564 0.045757974094 cfg1 2 1 0 0 na na
10 61751.330350286260 0.045757989498 cfg1 2 1 0 0 na na
10 61751.342350339556 0.045758093402 cfg1 2 1 0 0 na na
10 61751.364350318560 0.045758226770 cfg1 2 1 0 0 na na
10 61751.399350304378 0.045758467521 cfg1 2 1 0 0 na na
10 61751.423350342675 0.045758656161 cfg1 2 1 0 0 na na
10 61751.427350345850 0.045758676347 cfg1 2 1 0 0 na na
10 61751.442350313936 0.045758767682 cfg1 2 1 0 0 na na
10 61751.459350322159 0.045758881193 cfg1 2 1 0 0 na na
10 61751.487350332581 0.045759083974 cfg1 2 1 0 0 na na
10 61751.493350307495 0.045759134481 cfg1 2 1 0 0 na na
10 61751.495350308502 0.045759128722 cfg1 2 1 0 0 na na
10 61751.513350360213 0.045759269428 cfg1 2 1 0 0 na na
10 61751.515350305666 0.045759284183 cfg1 2 1 0 0 na na
10 61751.585350333355 0.045759754005 cfg1 2 1 0 0 na na
10 61751.588350375743 0.045759770211 cfg1 2 1 0 0 na na
10 61751.589350306332 0.045759782317 cfg1 2 1 0 0 na na
10 61751.595350281949 0.045759819355 cfg1 2 1 0 0 na na
10 61751.617350393541 0.045759984100 cfg1 2 1 0 0 na na
10 61751.618350321353 0.045760004192 cfg1 2 1 0 0 na na
10 61751.645350301122 0.045760190990 cfg1 2 1 0 0 na na
10 61751.657350317801 0.045760247561 cfg1 2 1 0 0 na na
10 61751.675350370801 0.045760396564 cfg1 2 1 0 0 na na
10 61751.690350360558 0.045760483087 cfg1 2 1 0 0 na na
10 61751.699350291948 0.045760560516 cfg1 2 1 0 0 na na
10 61751.707350317554 0.045760613330 cfg1 2 1 0 0 na na
10 61751.711350320125 0.045760645651 cfg1 2 1 0 0 na na
10 61751.724350329247 0.045760710793 cfg1 2 1 0 0 na na
10 61751.731350304485 0.045760780264 cfg1 2 1 0 0 na na
10 61751.742350288381 0.045760835520 cfg1 2 1 0 0 na na
10 61751.752350334664 0.045760915239 cfg1 2 1 0 0 na na
10 61751.764350294602 0.045760988631 cfg1 2 1 0 0 na na
10 61751.789350366791 0.045761162322 cfg1 2 1 0 0 na na
10 61751.806350299742 0.045761289725 cfg1 2 1 0 0 na na
10 61751.807350371494 0.045761308035 cfg1 2 1 0 0 na na
10 61751.826350334364 0.045761414598 cfg1 2 1 0 0 na na
10 61751.837350376152 0.045761510531 cfg1 2 1 0 0 na na
10 61751.843350264537 0.045761560455 cfg1 2 1 0 0 na na
10 61751.904350332642 0.045761953607 cfg1 2 1 0 0 na na
10 61751.918350319321 0.045762074495 cfg1 2 1 0 0 na na
10 61751.967350347298 0.045762412909 cfg1 2 1 0 0 na na
10 61751.975350346454 0.045762470129 cfg1 2 1 0 0 na na
10 61751.980350383238 0.045762488809 cfg1 2 1 0 0 na na
10 61751.984350350976 0.045762513409 cfg1 2 1 0 0 na na
10 61751.986350340901 0.045762536468 cfg1 2 1 0 0 na na
10 61752.058350293216 0.045763026918 cfg1 2 1 0 0 na na
10 61752.063350287752 0.045763064070 cfg1 2 1 0 0 na na
10 61752.073350295904 0.045763133263 cfg1 2 1 0 0 na na
10 61752.080350340505 0.045763170002 cfg1 2 1 0 0 na na
10 61752.097350372266 0.045763292492 cfg1 2 1 0 0 na na
10 61752.098350273808 0.045763320767 cfg1 2 1 0 0 na na
10 61752.133350262501 0.045763539877 cfg1 2 1 0 0 na na
10 61752.136350348617 0.045763583138 cfg1 2 1 0 0 na na
10 61752.153350362262 0.045763683142 cfg1 2 1 0 0 na na
10 61752.154350364712 0.045763706087 cfg1 2 1 0 0 na na
10 61752.162350292644 0.045763747349 cfg1 2 1 0 0 na na
10 61752.186350339773 0.045763905559 cfg1 2 1 0 0 na na
10 61752.202350353766 0.045764033583 cfg1 2 1 0 0 na na
10 61752.241350321859 0.045764306921 cfg1 2 1 0 0 na na
10 61752.246350399601 0.045764323887 cfg1 2 1 0 0 na na
10 61752.249350306128 0.045764348819 cfg1 2 1 0 0 na na
10 61752.281350325665 0.045764577719 cfg1 2 1 0 0 na na
10 61752.284350300726 0.045764583838 cfg1 2 1 0 0 na na
10 61752.305350373843 0.045764730642 cfg1 2 1 0 0 na na
10 61752.309350317980 0.045764760826 cfg1 2 1 0 0 na na
10 61752.320350328078 0.045764834980 cfg1 2 1 0 0 na na
10 61752.358350349193 0.045765093307 cfg1 2 1 0 0 na na
10 61752.370350316151 0.045765183044 cfg1 2 1 0 0 na na
10 61752.397350268453 0.045765387047 cfg1 2 1 0 0 na na
10 61752.399350331254 0.045765392994 cfg1 2 1 0 0 na na
10 61752.409350314297 0.045765447989 cfg1 2 1 0 0 na na
10 61752.420350348763 0.045765523484 cfg1 2 1 0 0 na na
10 61752.425350316739 0.045765559059 cfg1 2 1 0 0 na na
10 61752.438350348828 0.045765664158 cfg1 2 1 0 0 na na
10 61752.474350328358 0.045765919572 cfg1 2 1 0 0 na na
10 61752.477350371053 0.045765920199 cfg1 2 1 0 0 na na
10 61752.528350365159 0.045766284321 cfg1 2 1 0 0 na na
10 61752.531350335010 0.045766306481 cfg1 2 1 0 0 na na
10 61752.550350338590 0.045766432676 cfg1 2 1 0 0 na na
10 61752.632350335740 0.045767001303 cfg1 2 1 0 0 na na
10 61752.637350331601 0.045767044657 cfg1 2 1 0 0 na na
10 61752.660350327708 0.045767185551 cfg1 2 1 0 0 na na
10 61752.676350370909 0.045767312997 cfg1 2 1 0 0 na na
10 61752.685350290785 0.045767375122 cfg1 2 1 0 0 na na
10 61752.697350313314 0.045767437829 cfg1 2 1 0 0 na na
10 61752.698350371958 0.045767457783 cfg1 2 1 0 0 na na
10 61752.704350348706 0.045767505417 cfg1 2 1 0 0 na na
10 61752.707350321005 0.045767531036 cfg1 2 1 0 0 na na
10 61752.741350335757 0.045767767139 cfg1 2 1 0 0 na na
10 61752.751350346557 0.045767834101 cfg1 2 1 0 0 na na
10 61752.755350318507 0.045767868136 cfg1 2 1 0 0 na na
10 61752.793350310759 0.045768112959 cfg1 2 1 0 0 na na
10 61752.794350367262 0.045768132311 cfg1 2 1 0 0 na na
10 61752.809350366250 0.045768211964 cfg1 2 1 0 0 na na
10 61752.829350269972 0.045768357956 cfg1 2 1 0 0 na na
10 61752.853350322058 0.045768532126 cfg1 2 1 0 0 na na
10 61752.856350364246 0.045768542513 cfg1 2 1 0 0 na na
10 61752.913350361470 0.045768950023 cfg1 2 1 0 0 na na
10 61752.922350338382 0.045768999818 cfg1 2 1 0 0 na na
10 61752.928350339787 0.045769047572 cfg1 2 1 0 0 na na
10 61752.932350327238 0.045769075827 cfg1 2 1 0 0 na na
10 61752.933350349759 0.045769071933 cfg1 2 1 0 0 na na
10 61752.938350335214 0.045769113442 cfg1 2 1 0 0 na na
10 61752.961350429726 0.045769269703 cfg1 2 1 0 0 na na
10 61752.967350356390 0.045769327175 cfg1 2 1 0 0 na na
10 61752.975350338491 0.045769379629 cfg1 2 1 0 0 na na
10 61752.980350356741 0.045769401921 cfg1 2 1 0 0 na na
10 61753.021350342495 0.045769690467 cfg1 2 1 0 0 na na
10 61753.041350344767 0.045769820494 cfg1 2 1 0 0 na na
10 61753.055350268987 0.045769918095 cfg1 2 1 0 0 na na
10 61753.059350325475 0.045769945510 cfg1 2 1 0 0 na na
10 61753.064350364002 0.045769980454 cfg1 2 1 0 0 na na
10 61753.070350349875 0.045770032806 cfg1 2 1 0 0 na na
10 61753.080350375464 0.045770111410 cfg1 2 1 0 0 na na
10 61753.106350349466 0.045770292092 cfg1 2 1 0 0 na na
10 61753.124350247185 0.045770417612 cfg1 2 1 0 0 na na
10 61753.133350333616 0.045770470958 cfg1 2 1 0 0 na na
10 61753.148350350277 0.045770572659 cfg1 2 1 0 0 na na
10 61753.157350336850 0.045770631170 cfg1 2 1 0 0 na na
10 61753.193350350236 0.045770886162 cfg1 2 1 0 0 na na
10 61753.197350358102 0.045770915122 cfg1 2 1 0 0 na na
10 61753.198350264264 0.045770912436 cfg1 2 1 0 0 na na
10 61753.231350326859 0.045771147660 cfg1 2 1 0 0 na na
10 61753.249350326085 0.045771281788 cfg1 2 1 0 0 na na
10 61753.250350349012 0.045771268849 cfg1 2 1 0 0 na na
10 61753.272350331392 0.045771445393 cfg1 2 1 0 0 na na
10 61753.274350299063 0.045771432794 cfg1 2 1 0 0 na na
10 61753.288350344570 0.045771543903 cfg1 2 1 0 0 na na
10 61753.294350324238 0.045771576319 cfg1 2 1 0 0 na na
10 61753.299350322112 0.045771618481 cfg1 2 1 0 0 na na
10 61753.325350277445 0.045771806015 cfg1 2 1 0 0 na na
10 61753.339350331628 0.045771906400 cfg1 2 1 0 0 na na
10 61753.343350352750 0.045771932361 cfg1 2 1 0 0 na na
10 61753.348350367856 0.045771947748 cfg1 2 1 0 0 na na
10 61753.354350396620 0.045771997565 cfg1 2 1 0 0 na na
10 61753.365350328081 0.045772079328 cfg1 2 1 0 0 na na
10 61753.371350305302 0.045772110400 cfg1 2 1 0 0 na na
10 61753.453350315855 0.045772695786 cfg1 2 1 0 0 na na
10 61753.472350307510 0.045772820380 cfg1 2 1 0 0 na na
10 61753.488350342972 0.045772921447 cfg1 2 1 0 0 na na
10 61753.510350349949 0.045773067175 cfg1 2 1 0 0 na na
10 61753.524350320799 0.045773164029 cfg1 2 1 0 0 na na
10 61753.538350313119 0.045773272540 cfg1 2 1 0 0 na na
10 61753.540350288163 0.045773298585 cfg1 2 1 0 0 na na
10 61753.551350356243 0.045773374896 cfg1 2 1 0 0 na na
10 61753.562350303375 0.045773444564 cfg1 2 1 0 0 na na
10 61753.565350361702 0.045773474556 cfg1 2 1 0 0 na na
10 61753.580350325324 0.045773580017 cfg1 2 1 0 0 na na
10 61753.613350260822 0.045773804315 cfg1 2 1 0 0 na na
10 61753.631350345660 0.045773907998 cfg1 2 1 0 0 na na
10 61753.638350337745 0.045773975316 cfg1 2 1 0 0 na na
10 61753.640350325365 0.045773969669 cfg1 2 1 0 0 na na
10 61753.647350342947 0.045774026574 cfg1 2 1 0 0 na na
10 61753.682350342034 0.045774267949 cfg1 2 1 0 0 na na
10 61753.684350326401 0.045774278079 cfg1 2 1 0 0 na na
10 61753.689350304724 0.045774315541 cfg1 2 1 0 0 na na
10 61753.700350329061 0.045774401496 cfg1 2 1 0 0 na na
10 61753.715350333925 0.045774504918 cfg1 2 1 0 0 na na
10 61753.718350322510 0.045774523528 cfg1 2 1 0 0 na na
10 61753.737350323054 0.045774646961 cfg1 2 1 0 0 na na
10 61753.752350315398 0.045774767019 cfg1 2 1 0 0 na na
10 61753.759350257153 0.045774804746 cfg1 2 1 0 0 na na
10 61753.785350347492 0.045774981395 cfg1 2 1 0 0 na na
10 61753.834350276741 0.045775318777 cfg1 2 1 0 0 na na
10 61753.866350324616 0.045775552080 cfg1 2 1 0 0 na na
10 61753.872350331980 0.045775582537 cfg1 2 1 0 0 na na
10 61753.880350323771 0.045775634371 cfg1 2 1 0 0 na na
10 61753.896350311841 0.045775752903 cfg1 2 1 0 0 na na
10 61753.911350308341 0.045775865791 cfg1 2 1 0 0 na na
10 61753.934350337855 0.045776008321 cfg1 2 1 0 0 na na
10 61753.955350337796 0.045776153507 cfg1 2 1 0 0 na na
10 61753.976350324509 0.045776301771 cfg1 2 1 0 0 na na
10 61753.982350297226 0.045776351960 cfg1 2 1 0 0 na na
10 61753.983350424182 0.045776369099 cfg1 2 1 0 0 na na
10 61753.996350372943 0.045776454351 cfg1 2 1 0 0 na na
10 61754.057350359879 0.045776860532 cfg1 2 1 0 0 na na
10 61754.070350309830 0.045776960500 cfg1 2 1 0 0 na na
10 61754.076350344469 0.045777005097 cfg1 2 1 0 0 na na
10 61754.086350307448 0.045777071893 cfg1 2 1 0 0 na na
10 61754.099350323795 0.045777176456 cfg1 2 1 0 0 na na
10 61754.119350271942 0.045777290207 cfg1 2 1 0 0 na na
10 61754.129350343447 0.045777370498 cfg1 2 1 0 0 na na
10 61754.132350350621 0.045777396607 cfg1 2 1 0 0 na na
10 61754.142350335591 0.045777457999 cfg1 2 1 0 0 na na
10 61754.148350328959 0.045777506796 cfg1 2 1 0 0 na na
10 61754.156350294309 0.045777571650 cfg1 2 1 0 0 na na
10 61754.158350327813 0.045777566377 cfg1 2 1 0 0 na na
10 61754.200350397933 0.045777858690 cfg1 2 1 0 0 na na
10 61754.208350364768 0.045777911926 cfg1 2 1 0 0 na na
10 61754.209350297050 0.045777921073 cfg1 2 1 0 0 na na
10 61754.222350316302 0.045778006768 cfg1 2 1 0 0 na na
10 61754.251350296464 0.045778219158 cfg1 2 1 0 0 na na
10 61754.281350369713 0.045778424034 cfg1 2 1 0 0 na na
10 61754.343350351786 0.045778871548 cfg1 2 1 0 0 na na
10 61754.346350316074 0.045778874233 cfg1 2 1 0 0 na na
10 61754.351350349149 0.045778901930 cfg1 2 1 0 0 na na
10 61754.364350315800 0.045779003158 cfg1 2 1 0 0 na na
10 61754.369350282425 0.045779052121 cfg1 2 1 0 0 na na
10 61754.386350364802 0.045779152094 cfg1 2 1 0 0 na na
10 61754.393350297783 0.045779212602 cfg1 2 1 0 0 na na
10 61754.401350300659 0.045779267398 cfg1 2 1 0 0 na na
10 61754.417350357493 0.045779372890 cfg1 2 1 0 0 na na
10 61754.428350296653 0.045779449061 cfg1 2 1 0 0 na na
10 61754.431350284665 0.045779483383 cfg1 2 1 0 0 na na
10 61754.437350301209 0.045779497897 cfg1 2 1 0 0 na na
10 61754.439350265508 0.045779516395 cfg1 2 1 0 0 na na
10 61754.472350297703 0.045779762278 cfg1 2 1 0 0 na na
10 61754.482350339601 0.045779836601 cfg1 2 1 0 0 na na
10 61754.506350326527 0.045779994959 cfg1 2 1 0 0 na na
10 61754.508350411133 0.045780006572 cfg1 2 1 0 0 na na
10 61754.523350351082 0.045780121626 cfg1 2 1 0 0 na na
10 61754.583350357580 0.045780521875 cfg1 2 1 0 0 na na
10 61754.602350327229 0.045780651711 cfg1 2 1 0 0 na na
10 61754.618350272001 0.045780762380 cfg1 2 1 0 0 na na
10 61754.639350353771 0.045780905784 cfg1 2 1 0 0 na na
10 61754.676350396008 0.045781163614 cfg1 2 1 0 0 na na
10 61754.678350359027 0.045781193564 cfg1 2 1 0 0 na na
10 61754.680350354447 0.045781200956 cfg1 2 1 0 0 na na
10 61754.689350319257 0.045781260327 cfg1 2 1 0 0 na na
10 61754.706350302172 0.045781379736 cfg1 2 1 0 0 na na
10 61754.708350283738 0.045781379564 cfg1 2 1 0 0 na na
10 61754.720350317766 0.045781488442 cfg1 2 1 0 0 na na
10 61754.746350365495 0.045781648110 cfg1 2 1 0 0 na na
10 61754.780350330526 0.045781904904 cfg1 2 1 0 0 na na
10 61754.782350359360 0.045781916763 cfg1 2 1 0 0 na na
10 61754.794350360161 0.045781988918 cfg1 2 1 0 0 na na
10 61754.797350334935 0.045782015285 cfg1 2 1 0 0 na na
10 61754.839350350878 0.045782300443 cfg1 2 1 0 0 na na
10 61754.840350336847 0.045782293333 cfg1 2 1 0 0 na na
10 61754.860350348795 0.045782443773 cfg1 2 1 0 0 na na
10 61754.871350287987 0.045782537782 cfg1 2 1 0 0 na na
10 61754.914350333881 0.045782824786 cfg1 2 1 0 0 na na
10 61754.924350341420 0.045782898831 cfg1 2 1 0 0 na na
10 61754.929350313753 0.045782922640 cfg1 2 1 0 0 na na
10 61754.955350291147 0.045783109227 cfg1 2 1 0 0 na na
10 61754.959350302582 0.045783126296 cfg1 2 1 0 0 na na
10 61754.963350320691 0.045783149359 cfg1 2 1 0 0 na na
10 61755.014350301369 0.045783529470 cfg1 2 1 0 0 na na
10 61755.019350285040 0.045783543231 cfg1 2 1 0 0 na na
10 61755.038350328111 0.045783684131 cfg1 2 1 0 0 na na
10 61755.044350307469 0.045783723365 cfg1 2 1 0 0 na na
10 61755.050350307071 0.045783770178 cfg1 2 1 0 0 na na
10 61755.075350337450 0.045783930508 cfg1 2 1 0 0 na na
10 61755.079350344516 0.045783981554 cfg1 2 1 0 0 na na
10 61755.093350312205 0.045784062797 cfg1 2 1 0 0 na na
10 61755.101350344748 0.045784118037 cfg1 2 1 0 0 na na
10 61755.114350366668 0.045784224454 cfg1 2 1 0 0 na na
10 61755.127350320920 0.045784306690 cfg1 2 1 0 0 na na
10 61755.137350306009 0.045784369065 cfg1 2 1 0 0 na na
10 61755.145350331941 0.045784424367 cfg1 2 1 0 0 na na
10 61755.162350377530 0.045784549595 cfg1 2 1 0 0 na na
10 61755.179350318132 0.045784660713 cfg1 2 1 0 0 na na
10 61755.180350302630 0.045784679564 cfg1 2 1 0 0 na na
10 61755.190350334019 0.045784743855 cfg1 2 1 0 0 na na
10 61755.195350336508 0.045784777584 cfg1 2 1 0 0 na na
10 61755.230350327477 0.045785006104 cfg1 2 1 0 0 na na
10 61755.231350282289 0.045785029259 cfg1 2 1 0 0 na na
10 61755.235350267179 0.045785041487 cfg1 2 1 0 0 na na
10 61755.237350309560 0.045785061975 cfg1 2 1 0 0 na na
10 61755.262350343248 0.045785227321 cfg1 2 1 0 0 na na
10 61755.265350318431 0.045785253885 cfg1 2 1 0 0 na na
10 61755.285350312415 0.045785403879 cfg1 2 1 0 0 na na
10 61755.287350336170 0.045785406073 cfg1 2 1 0 0 na na
10 61755.336350293636 0.045785768403 cfg1 2 1 0 0 na na
10 61755.348350321097 0.045785832195 cfg1 2 1 0 0 na na
10 61755.354350339754 0.045785879253 cfg1 2 1 0 0 na na
10 61755.363350303932 0.045785955523 cfg1 2 1 0 0 na na
10 61755.367350321008 0.045785973569 cfg1 2 1 0 0 na na
10 61755.392350291307 0.045786143068 cfg1 2 1 0 0 na na
10 61755.397350361973 0.045786189696 cfg1 2 1 0 0 na na
10 61755.431350300673 0.045786414503 cfg1 2 1 0 0 na na
10 61755.448350283878 0.045786540537 cfg1 2 1 0 0 na na
10 61755.470350331166 0.045786681076 cfg1 2 1 0 0 na na
10 61755.511350317576 0.045786970667 cfg1 2 1 0 0 na na
10 61755.514350242605 0.045787004245 cfg1 2 1 0 0 na na
10 61755.522350269741 0.045787048702 cfg1 2 1 0 0 na na
10 61755.540350345424 0.045787176228 cfg1 2 1 0 0 na na
10 61755.568350315127 0.045787373499 cfg1 2 1 0 0 na na
10 61755.576350315261 0.045787436129 cfg1 2 1 0 0 na na
10 61755.581350276211 0.045787469154 cfg1 2 1 0 0 na na
10 61755.589350276069 0.045787524922 cfg1 2 1 0 0 na na
10 61755.601350299611 0.045787597390 cfg1 2 1 0 0 na na
10 61755.605350267670 0.045787609339 cfg1 2 1 0 0 na na
10 61755.634350339046 0.045787811673 cfg1 2 1 0 0 na na
10 61755.636350333812 0.045787849226 cfg1 2 1 0 0 na na
10 61755.640350274057 0.045787853300 cfg1 2 1 0 0 na na
10 61755.662350289253 0.045788015728 cfg1 2 1 0 0 na na
10 61755.735350345593 0.045788533198 cfg1 2 1 0 0 na na
10 61755.742350304352 0.045788578701 cfg1 2 1 0 0 na na
10 61755.750350316991 0.045788645817 cfg1 2 1 0 0 na na
10 61755.804350314545 0.045789000226 cfg1 2 1 0 0 na na
10 61755.821350322630 0.045789135098 cfg1 2 1 0 0 na na
10 61755.837350294108 0.045789222593 cfg1 2 1 0 0 na na
10 61755.856350336700 0.045789381370 cfg1 2 1 0 0 na na
10 61755.908350318429 0.045789734602 cfg1 2 1 0 0 na na
10 61755.939350322501 0.045789960328 cfg1 2 1 0 0 na na
10 61755.958350351160 0.045790064913 cfg1 2 1 0 0 na na
10 61755.997350268768 0.045790340134 cfg1 2 1 0 0 na na
10 61755.999350323131 0.045790355215 cfg1 2 1 0 0 na na
10 61756.007350276679 0.045790414852 cfg1 2 1 0 0 na na
10 61756.036350329653 0.045790635014 cfg1 2 1 0 0 na na
10 61756.049350322757 0.045790724797 cfg1 2 1 0 0 na na
10 61756.076350241284 0.045790910610 cfg1 2 1 0 0 na na
10 61756.077350361584 0.045790904347 cfg1 2 1 0 0 na na
10 61756.151350333108 0.045791414046 cfg1 2 1 0 0 na na
10 61756.153350306428 0.045791431511 cfg1 2 1 0 0 na na
10 61756.174350310421 0.045791572352 cfg1 2 1 0 0 na na
10 61756.198350318214 0.045791736066 cfg1 2 1 0 0 na na
10 61756.200350331069 0.045791768751 cfg1 2 1 0 0 na na
10 61756.202350299095 0.045791782736 cfg1 2 1 0 0 na na
10 61756.212350268164 0.045791834134 cfg1 2 1 0 0 na na
10 61756.221350299908 0.045791907119 cfg1 2 1 0 0 na na
10 61756.235350293927 0.045792006740 cfg1 2 1 0 0 na na
10 61756.256350301880 0.045792150870 cfg1 2 1 0 0 na na
10 61756.291350345858 0.045792382090 cfg1 2 1 0 0 na na
10 61756.295350315662 0.045792431890 cfg1 2 1 0 0 na na
10 61756.300350352227 0.045792456865 cfg1 2 1 0 0 na na
10 61756.303350354476 0.045792467087 cfg1 2 1 0 0 na na
10 61756.320350265764 0.045792606400 cfg1 2 1 0 0 na na
10 61756.342350274394 0.045792758840 cfg1 2 1 0 0 na na
10 61756.343350378178 0.045792758847 cfg1 2 1 0 0 na na
10 61756.415350299664 0.045793252031 cfg1 2 1 0 0 na na
10 61756.419350339255 0.045793288388 cfg1 2 1 0 0 na na
10 61756.438350321853 0.045793428577 cfg1 2 1 0 0 na na
10 61756.458350323225 0.045793563825 cfg1 2 1 0 0 na na
10 61756.465350282517 0.045793621827 cfg1 2 1 0 0 na na
10 61756.492350327004 0.045793808549 cfg1 2 1 0 0 na na
10 61756.510350291501 0.045793908068 cfg1 2 1 0 0 na na
10 61756.515350319825 0.045793942964 cfg1 2 1 0 0 na na
10 61756.537350261745 0.045794100404 cfg1 2 1 0 0 na na
10 61756.538350310868 0.045794117877 cfg1 2 1 0 0 na na
10 61756.546350284288 0.045794171610 cfg1 2 1 0 0 na na
10 61756.548350327853 0.045794197373 cfg1 2 1 0 0 na na
10 61756.551350260950 0.045794201074 cfg1 2 1 0 0 na na
10 61756.571350303312 0.045794352917 cfg1 2 1 0 0 na na
10 61756.586350324304 0.045794440484 cfg1 2 1 0 0 na na
10 61756.588350276346 0.045794466551 cfg1 2 1 0 0 na na
10 61756.592350286651 0.045794489479 cfg1 2 1 0 0 na na
10 61756.606350316766 0.045794600326 cfg1 2 1 0 0 na na
10 61756.644350277641 0.045794862118 cfg1 2 1 0 0 na na
10 61756.645350344662 0.045794850736 cfg1 2 1 0 0 na na
10 61756.653350334926 0.045794923037 cfg1 2 1 0 0 na na
10 61756.683350311634 0.045795139856 cfg1 2 1 0 0 na na
10 61756.691350266432 0.045795173272 cfg1 2 1 0 0 na na
10 61756.695350322893 0.045795212401 cfg1 2 1 0 0 na na
10 61756.706350342390 0.045795274913 cfg1 2 1 0 0 na na
10 61756.724350247525 0.045795419624 cfg1 2 1 0 0 na na
10 61756.753350312880 0.045795612440 cfg1 2 1 0 0 na na
10 61756.784350284695 0.045795830307 cfg1 2 1 0 0 na na
10 61756.790350332931 0.045795867197 cfg1 2 1 0 0 na na
10 61756.800350324160 0.045795934496 cfg1 2 1 0 0 na na
10 61756.804350339180 0.045795969776 cfg1 2 1 0 0 na na
10 61756.808350305596 0.045795996252 cfg1 2 1 0 0 na na
10 61756.818350329234 0.045796050714 cfg1 2 1 0 0 na na
10 61756.824350338435 0.045796094558 cfg1 2 1 0 0 na na
10 61756.849350310008 0.045796266573 cfg1 2 1 0 0 na na
10 61756.886350307466 0.045796536451 cfg1 2 1 0 0 na na
10 61756.896350304620 0.045796611531 cfg1 2 1 0 0 na na
10 61756.925350322084 0.045796810144 cfg1 2 1 0 0 na na
10 61756.955350358258 0.045797012558 cfg1 2 1 0 0 na na
10 61756.978350368619 0.045797173446 cfg1 2 1 0 0 na na
10 61756.980350282981 0.045797190106 cfg1 2 1 0 0 na na
10 61757.000350277625 0.045797334885 cfg1 2 1 0 0 na na
10 61757.036350330895 0.045797593170 cfg1 2 1 0 0 na na
10 61757.048350287598 0.045797655774 cfg1 2 1 0 0 na na
10 61757.051350291528 0.045797675185 cfg1 2 1 0 0 na na
10 61757.066350348542 0.045797796893 cfg1 2 1 0 0 na na
10 61757.075350304215 0.045797847375 cfg1 2 1 0 0 na na
10 61757.076350286015 0.045797856060 cfg1 2 1 0 0 na na
10 61757.079350269405 0.045797872386 cfg1 2 1 0 0 na na
10 61757.090350313876 0.045797965062 cfg1 2 1 0 0 na na
10 61757.097350329279 0.045798003633 cfg1 2 1 0 0 na na
10 61757.108350270941 0.045798085074 cfg1 2 1 0 0 na na
10 61757.127350329605 0.045798208204 cfg1 2 1 0 0 na na
10 61757.129350267925 0.045798219012 cfg1 2 1 0 0 na na
10 61757.143350334069 0.045798315276 cfg1 2 1 0 0 na na
10 61757.152350301251 0.045798391889 cfg1 2 1 0 0 na na
10 61757.153350276736 0.045798405972 cfg1 2 1 0 0 na na
10 61757.165350318928 0.045798479867 cfg1 2 1 0 0 na na
10 61757.185350320797 0.045798628960 cfg1 2 1 0 0 na na
10 61757.186350275815 0.045798629263 cfg1 2 1 0 0 na na
10 61757.204350289832 0.045798763117 cfg1 2 1 0 0 na na
10 61757.214350319335 0.045798816298 cfg1 2 1 0 0 na na
10 61757.222350297301 0.045798894687 cfg1 2 1 0 0 na na
10 61757.247350335395 0.045799068923 cfg1 2 1 0 0 na na
10 61757.281350371593 0.045799305890 cfg1 2 1 0 0 na na
10 61757.311350347345 0.045799505611 cfg1 2 1 0 0 na na
10 61757.313350389917 0.045799508475 cfg1 2 1 0 0 na na
10 61757.334350248434 0.045799668372 cfg1 2 1 0 0 na na
10 61757.366350338092 0.045799874547 cfg1 2 1 0 0 na na
10 61757.371350298511 0.045799922586 cfg1 2 1 0 0 na na
10 61757.376350326955 0.045799964524 cfg1 2 1 0 0 na na
10 61757.389350296426 0.045800032198 cfg1 2 1 0 0 na na
10 61757.393350310756 0.045800067883 cfg1 2 1 0 0 na na
10 61757.421350341549 0.045800278834 cfg1 2 1 0 0 na na
10 61757.451350330094 0.045800477523 cfg1 2 1 0 0 na na
10 61757.453350350700 0.045800501241 cfg1 2 1 0 0 na na
10 61757.456350288509 0.045800513805 cfg1 2 1 0 0 na na
10 61757.470350311712 0.045800613411 cfg1 2 1 0 0 na na
10 61757.493350352476 0.045800776845 cfg1 2 1 0 0 na na
10 61757.499350401110 0.045800811589 cfg1 2 1 0 0 na na
10 61757.509350363233 0.045800886091 cfg1 2 1 0 0 na na
10 61757.515350328944 0.045800925905 cfg1 2 1 0 0 na na
10 61757.528350283531 0.045801021708 cfg1 2 1 0 0 na na
10 61757.537350325813 0.045801065164 cfg1 2 1 0 0 na na
10 61757.571350323236 0.045801321891 cfg1 2 1 0 0 na na
10 61757.573350317921 0.045801315954 cfg1 2 1 0 0 na na
10 61757.581350343128 0.045801386552 cfg1 2 1 0 0 na na
10 61757.609350335403 0.045801566983 cfg1 2 1 0 0 na na
10 61757.611350338862 0.045801591243 cfg1 2 1 0 0 na na
10 61757.615350265359 0.045801611537 cfg1 2 1 0 0 na na
10 61757.621350283936 0.045801675857 cfg1 2 1 0 0 na na
10 61757.625350297352 0.045801679105 cfg1 2 1 0 0 na na
10 61757.628350382540 0.045801720723 cfg1 2 1 0 0 na na
10 61757.634350264246 0.045801742691 cfg1 2 1 0 0 na na
10 61757.674350324246 0.045802032086 cfg1 2 1 0 0 na na
10 61757.678350259901 0.045802056796 cfg1 2 1 0 0 na na
10 61757.706350327199 0.045802268484 cfg1 2 1 0 0 na na
10 61757.728350296462 0.045802409501 cfg1 2 1 0 0 na na
10 61757.753350335403 0.045802578657 cfg1 2 1 0 0 na na
10 61757.754350338978 0.045802580758 cfg1 2 1 0 0 na na
10 61757.779350309077 0.045802777313 cfg1 2 1 0 0 na na
10 61757.797350329215 0.045802900913 cfg1 2 1 0 0 na na
10 61757.807350285780 0.045802960573 cfg1 2 1 0 0 na na
10 61757.814350276068 0.045803010108 cfg1 2 1 0 0 na na
10 61757.838350248098 0.045803184453 cfg1 2 1 0 0 na na
10 61757.848350343815 0.045803252502 cfg1 2 1 0 0 na na
10 61757.863350306401 0.045803340503 cfg1 2 1 0 0 na na
10 61757.877350333071 0.045803451969 cfg1 2 1 0 0 na na
10 61757.902350332366 0.045803629523 cfg1 2 1 0 0 na na
10 61757.909350326341 0.045803667731 cfg1 2 1 0 0 na na
10 61757.914350263865 0.045803698309 cfg1 2 1 0 0 na na
10 61757.918350293771 0.045803730547 cfg1 2 1 0 0 na na
10 61757.922350261024 0.045803755745 cfg1 2 1 0 0 na na
10 61757.927350322390 0.045803810994 cfg1 2 1 0 0 na na
10 61757.929350354432 0.045803796878 cfg1 2 1 0 0 na na
10 61757.947350267903 0.045803950242 cfg1 2 1 0 0 na na
10 61757.966350320188 0.045804067825 cfg1 2 1 0 0 na na
10 61757.970350270630 0.045804105343 cfg1 2 1 0 0 na na
10 61757.974350355108 0.045804124547 cfg1 2 1 0 0 na na
10 61758.021350306752 0.045804465618 cfg1 2 1 0 0 na na
10 61758.054350267963 0.045804697670 cfg1 2 1 0 0 na na
10 61758.055350301504 0.045804692645 cfg1 2 1 0 0 na na
10 61758.067350344279 0.045804768853 cfg1 2 1 0 0 na na
10 61758.068350312245 0.045804777663 cfg1 2 1 0 0 na na
10 61758.072350326800 0.045804811064 cfg1 2 1 0 0 na na
10 61758.086350321455 0.045804897563 cfg1 2 1 0 0 na na
10 61758.091350302571 0.045804930194 cfg1 2 1 0 0 na na
10 61758.096350285731 0.045804985436 cfg1 2 1 0 0 na na
10 61758.102350287365 0.045805011438 cfg1 2 1 0 0 na na
10 61758.122350316671 0.045805155541 cfg1 2 1 0 0 na na
10 61758.124350349792 0.045805175025 cfg1 2 1 0 0 na na
10 61758.132350322711 0.045805218021 cfg1 2 1 0 0 na na
10 61758.176350311313 0.045805543955 cfg1 2 1 0 0 na na
10 61758.178350323440 0.045805542246 cfg1 2 1 0 0 na na
10 61758.179350307893 0.045805556024 cfg1 2 1 0 0 na na
10 61758.180350312934 0.045805575438 cfg1 2 1 0 0 na na
10 61758.212350351324 0.045805773409 cfg1 2 1 0 0 na na
10 61758.239350298241 0.045805971438 cfg1 2 1 0 0 na na
10 61758.260350342270 0.045806108068 cfg1 2 1 0 0 na na
10 61758.269350263354 0.045806173481 cfg1 2 1 0 0 na na
10 61758.276350271738 0.045806227383 cfg1 2 1 0 0 na na
10 61758.278350245820 0.045806256334 cfg1 2 1 0 0 na na
10 61758.282350344305 0.045806274515 cfg1 2 1 0 0 na na
10 61758.283350265879 0.045806273671 cfg1 2 1 0 0 na na
10 61758.301350355833 0.045806418414 cfg1 2 1 0 0 na na
10 61758.317350334755 0.045806522288 cfg1 2 1 0 0 na na
10 61758.347350360774 0.045806726968 cfg1 2 1 0 0 na na
10 61758.351350286961 0.045806754746 cfg1 2 1 0 0 na na
10 61758.353350339480 0.045806765243 cfg1 2 1 0 0 na na
10 61758.369350295946 0.045806888726 cfg1 2 1 0 0 na na
10 61758.372350263440 0.045806893181 cfg1 2 1 0 0 na na
10 61758.374350350999 0.045806932088 cfg1 2 1 0 0 na na
10 61758.383350281475 0.045806991900 cfg1 2 1 0 0 na na
10 61758.386350323243 0.045806992262 cfg1 2 1 0 0 na na
10 61758.393350263041 0.045807039204 cfg1 2 1 0 0 na na
10 61758.401350332958 0.045807102879 cfg1 2 1 0 0 na na
10 61758.406350362428 0.045807154203 cfg1 2 1 0 0 na na
10 61758.414350296131 0.045807198891 cfg1 2 1 0 0 na na
10 61758.421350295881 0.045807245260 cfg1 2 1 0 0 na na
10 61758.432350271607 0.045807308911 cfg1 2 1 0 0 na na
10 61758.435350340066 0.045807354886 cfg1 2 1 0 0 na na
10 61758.443350377181 0.045807400609 cfg1 2 1 0 0 na na
10 61758.466350309718 0.045807568077 cfg1 2 1 0 0 na na
10 61758.476350334929 0.045807623633 cfg1 2 1 0 0 na na
10 61758.478350341022 0.045807639216 cfg1 2 1 0 0 na na
10 61758.492350333108 0.045807733630 cfg1 2 1 0 0 na na
10 61758.496350292247 0.045807777224 cfg1 2 1 0 0 na na
10 61758.519350295527 0.045807924389 cfg1 2 1 0 0 na na
10 61758.529350322330 0.045808005901 cfg1 2 1 0 0 na na
10 61758.556350313245 0.045808191169 cfg1 2 1 0 0 na na
10 61758.601350346266 0.045808488636 cfg1 2 1 0 0 na na
10 61758.611350354237 0.045808585318 cfg1 2 1 0 0 na na
10 61758.613350327341 0.045808600574 cfg1 2 1 0 0 na na
10 61758.626350258216 0.045808673557 cfg1 2 1 0 0 na na
10 61758.648350298682 0.045808846767 cfg1 2 1 0 0 na na
10 61758.652350261086 0.045808850548 cfg1 2 1 0 0 na na
10 61758.656350353135 0.045808884887 cfg1 2 1 0 0 na na
10 61758.667350355648 0.045808963185 cfg1 2 1 0 0 na na
10 61758.700350337020 0.045809181796 cfg1 2 1 0 0 na na
10 61758.702350296388 0.045809202014 cfg1 2 1 0 0 na na
10 61758.718350331212 0.045809316056 cfg1 2 1 0 0 na na
10 61758.764350270898 0.045809654313 cfg1 2 1 0 0 na na
10 61758.782350308946 0.045809770031 cfg1 2 1 0 0 na na
10 61758.793350349038 0.045809852763 cfg1 2 1 0 0 na na
10 61758.803350347247 0.045809907390 cfg1 2 1 0 0 na na
10 61758.840350318331 0.045810165885 cfg1 2 1 0 0 na na
10 61758.844350268413 0.045810197022 cfg1 2 1 0 0 na na
10 61758.856350311304 0.045810285520 cfg1 2 1 0 0 na na
10 61758.865350339911 0.045810358555 cfg1 2 1 0 0 na na
10 61758.875350341985 0.045810425532 cfg1 2 1 0 0 na na
10 61758.915350330794 0.045810708724 cfg1 2 1 0 0 na na
10 61758.920350299151 0.045810727543 cfg1 2 1 0 0 na na
10 61758.977350291663 0.045811123385 cfg1 2 1 0 0 na na
10 61758.989350341018 0.045811212196 cfg1 2 1 0 0 na na
10 61759.002350357896 0.045811315808 cfg1 2 1 0 0 na na
10 61759.013350287658 0.045811384385 cfg1 2 1 0 0 na na
10 61759.017350288025 0.045811404402 cfg1 2 1 0 0 na na
10 61759.023350290344 0.045811451497 cfg1 2 1 0 0 na na
10 61759.040350309171 0.045811564232 cfg1 2 1 0 0 na na
10 61759.059350312017 0.045811693367 cfg1 2 1 0 0 na na
10 61759.060350358646 0.045811711107 cfg1 2 1 0 0 na na
10 61759.063350323882 0.045811744829 cfg1 2 1 0 0 na na
10 61759.068350345816 0.045811766874 cfg1 2 1 0 0 na na
10 61759.076350328022 0.045811813588 cfg1 2 1 0 0 na na
10 61759.086350332247 0.045811880113 cfg1 2 1 0 0 na na
10 61759.088350313655 0.045811920703 cfg1 2 1 0 0 na na
10 61759.105350353268 0.045812018989 cfg1 2 1 0 0 na na
10 61759.118350281183 0.045812110555 cfg1 2 1 0 0 na na
10 61759.149350276099 0.045812344906 cfg1 2 1 0 0 na na
10 61759.162350262135 0.045812414584 cfg1 2 1 0 0 na na
10 61759.195350367674 0.045812667611 cfg1 2 1 0 0 na na
10 61759.202350343462 0.045812696947 cfg1 2 1 0 0 na na
10 61759.203350313482 0.045812721688 cfg1 2 1 0 0 na na
10 61759.206350263640 0.045812723327 cfg1 2 1 0 0 na na
10 61759.207350274674 0.045812726158 cfg1 2 1 0 0 na na
10 61759.211350304850 0.045812780622 cfg1 2 1 0 0 na na
10 61759.225350293198 0.045812864238 cfg1 2 1 0 0 na na
10 61759.236350337182 0.045812936090 cfg1 2 1 0 0 na na
10 61759.246350325830 0.045813007603 cfg1 2 1 0 0 na na
10 61759.248350340647 0.045813035264 cfg1 2 1 0 0 na na
10 61759.249350314604 0.045813034159 cfg1 2 1 0 0 na na
10 61759.251350323409 0.045813052420 cfg1 2 1 0 0 na na
10 61759.258350239089 0.045813107767 cfg1 2 1 0 0 na na
10 61759.260350278610 0.045813112117 cfg1 2 1 0 0 na na
10 61759.283350315119 0.045813275072 cfg1 2 1 0 0 na na
10 61759.303350251579 0.045813410453 cfg1 2 1 0 0 na na
10 61759.304350411972 0.045813425091 cfg1 2 1 0 0 na na
10 61759.312350325890 0.045813487127 cfg1 2 1 0 0 na na
10 61759.341350284667 0.045813664654 cfg1 2 1 0 0 na na
10 61759.342350306294 0.045813693082 cfg1 2 1 0 0 na na
10 61759.363350246901 0.045813835105 cfg1 2 1 0 0 na na
10 61759.370350283678 0.045813883138 cfg1 2 1 0 0 na na
10 61759.377350246009 0.045813935837 cfg1 2 1 0 0 na na
10 61759.393350290664 0.045814044243 cfg1 2 1 0 0 na na
10 61759.399350331875 0.045814094064 cfg1 2 1 0 0 na na
10 61759.410350306639 0.045814147025 cfg1 2 1 0 0 na na
10 61759.424350298400 0.045814261599 cfg1 2 1 0 0 na na
10 61759.435350272109 0.045814333788 cfg1 2 1 0 0 na na
10 61759.442350295917 0.045814382421 cfg1 2 1 0 0 na na
10 61759.466350345549 0.045814552799 cfg1 2 1 0 0 na na
10 61759.471350364505 0.045814583508 cfg1 2 1 0 0 na na
10 61759.491350324034 0.045814714371 cfg1 2 1 0 0 na na
10 61759.496350351980 0.045814768199 cfg1 2 1 0 0 na na
10 61759.498350334774 0.045814760427 cfg1 2 1 0 0 na na
10 61759.518350289508 0.045814922771 cfg1 2 1 0 0 na na
10 61759.519350333774 0.045814911766 cfg1 2 1 0 0 na na
10 61759.554350264967 0.045815156603 cfg1 2 1 0 0 na na
10 61759.576350337666 0.045815312961 cfg1 2 1 0 0 na na
10 61759.605350318200 0.045815533596 cfg1 2 1 0 0 na na
10 61759.624350299254 0.045815654369 cfg1 2 1 0 0 na na
10 61759.626350397293 0.045815666458 cfg1 2 1 0 0 na na
10 61759.628350315397 0.045815679963 cfg1 2 1 0 0 na na
10 61759.664350301422 0.045815933820 cfg1 2 1 0 0 na na
10 61759.681350388496 0.045816043575 cfg1 2 1 0 0 na na
10 61759.683350330875 0.045816076736 cfg1 2 1 0 0 na na
10 61759.684350254382 0.045816072657 cfg1 2 1 0 0 na na
10 61759.690350322314 0.045816106522 cfg1 2 1 0 0 na na
10 61759.695350361197 0.045816160073 cfg1 2 1 0 0 na na
10 61759.707350341067 0.045816224017 cfg1 2 1 0 0 na na
10 61759.714350304526 0.045816280550 cfg1 2 1 0 0 na na
10 61759.722350337900 0.045816329839 cfg1 2 1 0 0 na na
10 61759.727350322962 0.045816372730 cfg1 2 1 0 0 na na
10 61759.733350334321 0.045816410755 cfg1 2 1 0 0 na na
10 61759.742350271585 0.045816476129 cfg1 2 1 0 0 na na
10 61759.748350292269 0.045816529546 cfg1 2 1 0 0 na na
10 61759.759350348759 0.045816604504 cfg1 2 1 0 0 na na
10 61759.762350345360 0.045816611770 cfg1 2 1 0 0 na na
10 61759.797350335373 0.045816854466 cfg1 2 1 0 0 na na
10 61759.802350322629 0.045816890318 cfg1 2 1 0 0 na na
10 61759.815350371773 0.045816979150 cfg1 2 1 0 0 na na
10 61759.826350283392 0.045817065757 cfg1 2 1 0 0 na na
10 61759.827350324943 0.045817076888 cfg1 2 1 0 0 na na
10 61759.839350326427 0.045817154244 cfg1 2 1 0 0 na na
10 61759.850350336102 0.045817233851 cfg1 2 1 0 0 na na
10 61759.874350369538 0.045817393788 cfg1 2 1 0 0 na na
10 61759.883350311086 0.045817483056 cfg1 2 1 0 0 na na
10 61759.922350301390 0.045817730469 cfg1 2 1 0 0 na na
10 61759.932350307687 0.045817800323 cfg1 2 1 0 0 na na
10 61759.939350327651 0.045817852155 cfg1 2 1 0 0 na na
10 61759.950350262362 0.045817950721 cfg1 2 1 0 0 na na
10 61759.951350331866 0.045817955139 cfg1 2 1 0 0 na na
10 61759.997350317243 0.045818256216 cfg1 2 1 0 0 na na
10 61760.006350270779 0.045818331360 cfg1 2 1 0 0 na na
10 61760.012350336400 0.045818385459 cfg1 2 1 0 0 na na
10 61760.013350314902 0.045818376907 cfg1 2 1 0 0 na na
10 61760.021350249705 0.045818444006 cfg1 2 1 0 0 na na
10 61760.022350366403 0.045818448475 cfg1 2 1 0 0 na na
10 61760.023350261762 0.045818448147 cfg1 2 1 0 0 na na
10 61760.026350335457 0.045818478014 cfg1 2 1 0 0 na na
10 61760.050350341853 0.045818628468 cfg1 2 1 0 0 na na
10 61760.075350390216 0.045818814921 cfg1 2 1 0 0 na na
10 61760.078350313233 0.045818819610 cfg1 2 1 0 0 na na
10 61760.127350274046 0.045819183903 cfg1 2 1 0 0 na na
10 61760.131350238507 0.045819218101 cfg1 2 1 0 0 na na
10 61760.147350262044 0.045819323454 cfg1 2 1 0 0 na na
10 61760.160350279934 0.045819403633 cfg1 2 1 0 0 na na
10 61760.173350400229 0.045819503808 cfg1 2 1 0 0 na na
10 61760.176350242518 0.045819530119 cfg1 2 1 0 0 na na
10 61760.182350270613 0.045819576174 cfg1 2 1 0 0 na na
10 61760.183350346366 0.045819560815 cfg1 2 1 0 0 na na
10 61760.191350322127 0.045819631301 cfg1 2 1 0 0 na na
10 61760.196350299611 0.045819653184 cfg1 2 1 0 0 na na
10 61760.215350301981 0.045819783025 cfg1 2 1 0 0 na na
10 61760.232350260102 0.045819901971 cfg1 2 1 0 0 na na
10 61760.239350358546 0.045819963823 cfg1 2 1 0 0 na na
10 61760.273350322214 0.045820209728 cfg1 2 1 0 0 na na
10 61760.305350358918 0.045820434950 cfg1 2 1 0 0 na na
10 61760.312350333708 0.045820459071 cfg1 2 1 0 0 na na
10 61760.324350283262 0.045820552027 cfg1 2 1 0 0 na na
10 61760.342350333806 0.045820683726 cfg1 2 1 0 0 na na
10 61760.371350357489 0.045820900018 cfg1 2 1 0 0 na na
10 61760.376350368313 0.045820917487 cfg1 2 1 0 0 na na
10 61760.384350285655 0.045820983336 cfg1 2 1 0 0 na na
10 61760.423350312463 0.045821247379 cfg1 2 1 0 0 na na
10 61760.428350267226 0.045821284663 cfg1 2 1 0 0 na na
10 61760.430350292931 0.045821306767 cfg1 2 1 0 0 na na
10 61760.453350345347 0.045821463454 cfg1 2 1 0 0 na na
10 61760.457350382477 0.045821479341 cfg1 2 1 0 0 na na
10 61760.464350283135 0.045821524479 cfg1 2 1 0 0 na na
10 61760.467350336155 0.045821563333 cfg1 2 1 0 0 na na
10 61760.477350304836 0.045821638974 cfg1 2 1 0 0 na na
10 61760.478350285398 0.045821627275 cfg1 2 1 0 0 na na
10 61760.479350346197 0.045821630797 cfg1 2 1 0 0 na na
10 61760.483350358285 0.045821682930 cfg1 2 1 0 0 na na
10 61760.505350331109 0.045821815291 cfg1 2 1 0 0 na na
10 61760.547350340502 0.045822108310 cfg1 2 1 0 0 na na
10 61760.591350259759 0.045822422143 cfg1 2 1 0 0 na na
10 61760.593350264272 0.045822435068 cfg1 2 1 0 0 na na
10 61760.597350296835 0.045822467034 cfg1 2 1 0 0 na na
10 61760.612350354047 0.045822577262 cfg1 2 1 0 0 na na
10 61760.613350269117 0.045822567909 cfg1 2 1 0 0 na na
10 61760.651350269457 0.045822832792 cfg1 2 1 0 0 na na
10 61760.667350341787 0.045822972505 cfg1 2 1 0 0 na na
10 61760.678350331040 0.045823051428 cfg1 2 1 0 0 na na
10 61760.691350366116 0.045823121655 cfg1 2 1 0 0 na na
10 61760.721350345422 0.045823350448 cfg1 2 1 0 0 na na
10 61760.727350269369 0.045823369875 cfg1 2 1 0 0 na na
10 61760.737350338144 0.045823452802 cfg1 2 1 0 0 na na
10 61760.747350298949 0.045823507159 cfg1 2 1 0 0 na na
10 61760.753350280777 0.045823552700 cfg1 2 1 0 0 na na
10 61760.773350326912 0.045823709315 cfg1 2 1 0 0 na na
10 61760.788350325532 0.045823816786 cfg1 2 1 0 0 na na
10 61760.795350345985 0.045823865877 cfg1 2 1 0 0 na na
10 61760.849350265309 0.045824226602 cfg1 2 1 0 0 na na
10 61760.859350294190 0.045824293905 cfg1 2 1 0 0 na na
10 61760.863350311601 0.045824330068 cfg1 2 1 0 0 na na
10 61760.874350350523 0.045824401731 cfg1 2 1 0 0 na na
10 61760.879350264929 0.045824437302 cfg1 2 1 0 0 na na
10 61760.895350294922 0.045824565004 cfg1 2 1 0 0 na na
10 61760.905350337806 0.045824625845 cfg1 2 1 0 0 na na
10 61760.907350333605 0.045824631359 cfg1 2 1 0 0 na na
10 61760.917350254599 0.045824712601 cfg1 2 1 0 0 na na
10 61760.918350325260 0.045824720699 cfg1 2 1 0 0 na na
10 61760.937350261212 0.045824845729 cfg1 2 1 0 0 na na
10 61760.969350343954 0.045825072629 cfg1 2 1 0 0 na na
10 61760.991350279722 0.045825223622 cfg1 2 1 0 0 na na
10 61761.007350343768 0.045825348620 cfg1 2 1 0 0 na na
10 61761.022350245664 0.045825456486 cfg1 2 1 0 0 na na
10 61761.038350275894 0.045825547862 cfg1 2 1 0 0 na na
10 61761.045350315758 0.045825605247 cfg1 2 1 0 0 na na
10 61761.066350278824 0.045825769453 cfg1 2 1 0 0 na na
10 61761.073350316204 0.045825805435 cfg1 2 1 0 0 na na
10 61761.077350279109 0.045825836083 cfg1 2 1 0 0 na na
10 61761.081350299718 0.045825869453 cfg1 2 1 0 0 na na
10 61761.093350295263 0.045825943408 cfg1 2 1 0 0 na na
10 61761.120350355658 0.045826131628 cfg1 2 1 0 0 na na
10 61761.131350389939 0.045826217750 cfg1 2 1 0 0 na na
10 61761.146350363828 0.045826306035 cfg1 2 1 0 0 na na
10 61761.178350267094 0.045826529784 cfg1 2 1 0 0 na na
10 61761.196350338108 0.045826654984 cfg1 2 1 0 0 na na
10 61761.199350315985 0.045826696161 cfg1 2 1 0 0 na na
10 61761.205350310573 0.045826734902 cfg1 2 1 0 0 na na
10 61761.206350316782 0.045826728323 cfg1 2 1 0 0 na na
10 61761.208350311273 0.045826752646 cfg1 2 1 0 0 na na
10 61761.214350308146 0.045826806309 cfg1 2 1 0 0 na na
10 61761.252350361528 0.045827056538 cfg1 2 1 0 0 na na
10 61761.253350273812 0.045827077716 cfg1 2 1 0 0 na na
10 61761.270350313445 0.045827182059 cfg1 2 1 0 0 na na
10 61761.304350369261 0.045827420522 cfg1 2 1 0 0 na na
10 61761.324350334068 0.045827561340 cfg1 2 1 0 0 na na
10 61761.329350260984 0.045827595824 cfg1 2 1 0 0 na na
10 61761.338350288822 0.045827668469 cfg1 2 1 0 0 na na
10 61761.361350335036 0.045827830148 cfg1 2 1 0 0 na na
10 61761.363350313492 0.045827851609 cfg1 2 1 0 0 na na
10 61761.368350307038 0.045827865033 cfg1 2 1 0 0 na na
10 61761.373350336566 0.045827920239 cfg1 2 1 0 0 na na
10 61761.376350353916 0.045827938930 cfg1 2 1 0 0 na na
10 61761.380350284313 0.045827955200 cfg1 2 1 0 0 na na
10 61761.388350391470 0.045828014704 cfg1 2 1 0 0 na na
10 61761.398350343746 0.045828099556 cfg1 2 1 0 0 na na
10 61761.429350356821 0.045828315982 cfg1 2 1 0 0 na na
10 61761.465350304910 0.045828543062 cfg1 2 1 0 0 na na
10 61761.474350313980 0.045828617961 cfg1 2 1 0 0 na na
10 61761.476350280214 0.045828648065 cfg1 2 1 0 0 na na
10 61761.493350335071 0.045828739726 cfg1 2 1 0 0 na na
10 61761.497350333548 0.045828782770 cfg1 2 1 0 0 na na
10 61761.505350322753 0.045828824822 cfg1 2 1 0 0 na na
10 61761.576350309692 0.045829330728 cfg1 2 1 0 0 na na
10 61761.589350369367 0.045829439008 cfg1 2 1 0 0 na na
10 61761.590350324248 0.045829435848 cfg1 2 1 0 0 na na
10 61761.602350260289 0.045829511648 cfg1 2 1 0 0 na na
10 61761.603350348391 0.045829521924 cfg1 2 1 0 0 na na
10 61761.610350318282 0.045829580481 cfg1 2 1 0 0 na na
10 61761.617350260858 0.045829621001 cfg1 2 1 0 0 na na
10 61761.631350329174 0.045829716311 cfg1 2 1 0 0 na na
10 61761.652350321681 0.045829878419 cfg1 2 1 0 0 na na
10 61761.653350328244 0.045829875141 cfg1 2 1 0 0 na na
10 61761.663350271024 0.045829931192 cfg1 2 1 0 0 na na
10 61761.665350291455 0.045829956562 cfg1 2 1 0 0 na na
10 61761.669350316018 0.045829986957 cfg1 2 1 0 0 na na
10 61761.672350356192 0.045830003637 cfg1 2 1 0 0 na na
10 61761.673350252166 0.045830025438 cfg1 2 1 0 0 na na
10 61761.692350317811 0.045830152238 cfg1 2 1 0 0 na na
10 61761.714350327177 0.045830301583 cfg1 2 1 0 0 na na
10 61761.738350328665 0.045830462566 cfg1 2 1 0 0 na na
10 61761.739350342711 0.045830469654 cfg1 2 1 0 0 na na
10 61761.745350286920 0.045830517657 cfg1 2 1 0 0 na na
10 61761.760350306875 0.045830629661 cfg1 2 1 0 0 na na
10 61761.772350299107 0.045830719025 cfg1 2 1 0 0 na na
10 61761.791350356085 0.045830831621 cfg1 2 1 0 0 na na
10 61761.815350292359 0.045831013775 cfg1 2 1 0 0 na na
10 61761.834350305212 0.045831159049 cfg1 2 1 0 0 na na
10 61761.843350298307 0.045831199120 cfg1 2 1 0 0 na na
10 61761.874350283048 0.045831440748 cfg1 2 1 0 0 na na
10 61761.876350299343 0.045831456001 cfg1 2 1 0 0 na na
10 61761.910350358482 0.045831675543 cfg1 2 1 0 0 na na
10 61761.942350340607 0.045831908899 cfg1 2 1 0 0 na na
10 61761.965350273078 0.045832075524 cfg1 2 1 0 0 na na
10 61761.988350355304 0.045832224836 cfg1 2 1 0 0 na na
10 61761.990350347462 0.045832238884 cfg1 2 1 0 0 na na
10 61762.009350324198 0.045832380446 cfg1 2 1 0 0 na na
10 61762.016350347742 0.045832434006 cfg1 2 1 0 0 na na
10 61762.018350285328 0.045832440583 cfg1 2 1 0 0 na na
10 61762.041350296333 0.045832585067 cfg1 2 1 0 0 na na
10 61762.062350331860 0.045832750570 cfg1 2 1 0 0 na na
10 61762.079350316183 0.045832871387 cfg1 2 1 0 0 na na
10 61762.080350264369 0.045832874901 cfg1 2 1 0 0 na na
10 61762.116350305710 0.045833123025 cfg1 2 1 0 0 na na
10 61762.119350314124 0.045833138693 cfg1 2 1 0 0 na na
10 61762.177350304816 0.045833541143 cfg1 2 1 0 0 na na
10 61762.191350321351 0.045833647955 cfg1 2 1 0 0 na na
10 61762.218350297430 0.045833834677 cfg1 2 1 0 0 na na
10 61762.242350326965 0.045834010911 cfg1 2 1 0 0 na na
10 61762.256350325966 0.045834111727 cfg1 2 1 0 0 na na
10 61762.314350279784 0.045834525748 cfg1 2 1 0 0 na na
10 61762.316350355988 0.045834517887 cfg1 2 1 0 0 na na
10 61762.320350336994 0.045834554196 cfg1 2 1 0 0 na na
10 61762.351350299209 0.045834777723 cfg1 2 1 0 0 na na
10 61762.359350290528 0.045834830795 cfg1 2 1 0 0 na na
10 61762.420350312386 0.045835269146 cfg1 2 1 0 0 na na
10 61762.433350329826 0.045835368746 cfg1 2 1 0 0 na na
10 61762.446350323555 0.045835452172 cfg1 2 1 0 0 na na
10 61762.452350350524 0.045835478073 cfg1 2 1 0 0 na na
10 61762.453350291766 0.045835485991 cfg1 2 1 0 0 na na
10 61762.456350321354 0.045835510835 cfg1 2 1 0 0 na na
10 61762.465350368257 0.045835573481 cfg1 2 1 0 0 na na
10 61762.478350261166 0.045835665832 cfg1 2 1 0 0 na na
10 61762.480350305870 0.045835673091 cfg1 2 1 0 0 na na
10 61762.485350333048 0.045835711444 cfg1 2 1 0 0 na na
10 61762.497350265060 0.045835814276 cfg1 2 1 0 0 na na
10 61762.501350300895 0.045835825473 cfg1 2 1 0 0 na na
10 61762.502350324765 0.045835843166 cfg1 2 1 0 0 na na
10 61762.503350344622 0.045835834679 cfg1 2 1 0 0 na na
10 61762.533350265149 0.045836068755 cfg1 2 1 0 0 na na
10 61762.536350291166 0.045836080971 cfg1 2 1 0 0 na na
10 61762.549350289875 0.045836179717 cfg1 2 1 0 0 na na
10 61762.563350272557 0.045836258495 cfg1 2 1 0 0 na na
10 61762.576350357156 0.045836371583 cfg1 2 1 0 0 na na
10 61762.632350261986 0.045836745003 cfg1 2 1 0 0 na na
10 61762.642350249993 0.045836826709 cfg1 2 1 0 0 na na
10 61762.659350250249 0.045836948834 cfg1 2 1 0 0 na na
10 61762.662350355556 0.045836969583 cfg1 2 1 0 0 na na
10 61762.674350297729 0.045837036216 cfg1 2 1 0 0 na na
10 61762.680350352600 0.045837104006 cfg1 2 1 0 0 na na
10 61762.683350340531 0.045837100885 cfg1 2 1 0 0 na na
10 61762.694350249238 0.045837192592 cfg1 2 1 0 0 na na
10 61762.711350343896 0.045837306436 cfg1 2 1 0 0 na na
10 61762.733350266046 0.045837450727 cfg1 2 1 0 0 na na
10 61762.735350258693 0.045837473256 cfg1 2 1 0 0 na na
10 61762.749350334511 0.045837568030 cfg1 2 1 0 0 na na
10 61762.775350314338 0.045837769873 cfg1 2 1 0 0 na na
10 61762.793350345995 0.045837872689 cfg1 2 1 0 0 na na
10 61762.799350316873 0.045837914822 cfg1 2 1 0 0 na na
10 61762.818350345924 0.045838064038 cfg1 2 1 0 0 na na
10 61762.827350304237 0.045838125263 cfg1 2 1 0 0 na na
10 61762.838350263527 0.045838193198 cfg1 2 1 0 0 na na
10 61762.870350318683 0.045838433002 cfg1 2 1 0 0 na na
10 61762.875350337438 0.045838470311 cfg1 2 1 0 0 na na
10 61762.883350382134 0.045838507489 cfg1 2 1 0 0 na na
10 61762.891350269788 0.045838561898 cfg1 2 1 0 0 na na
10 61762.920350253934 0.045838778027 cfg1 2 1 0 0 na na
10 61762.942350313701 0.045838927844 cfg1 2 1 0 0 na na
10 61763.000350321908 0.045839330150 cfg1 2 1 0 0 na na
10 61763.017350320193 0.045839463400 cfg1 2 1 0 0 na na
10 61763.018350341741 0.045839477948 cfg1 2 1 0 0 na na
10 61763.022350330345 0.045839492737 cfg1 2 1 0 0 na na
10 61763.033350269357 0.045839561810 cfg1 2 1 0 0 na na
10 61763.050350295504 0.045839699872 cfg1 2 1 0 0 na na
10 61763.057350280710 0.045839727921 cfg1 2 1 0 0 na na
10 61763.067350330786 0.045839804263 cfg1 2 1 0 0 na na
10 61763.073350312562 0.045839866113 cfg1 2 1 0 0 na na
10 61763.075350277020 0.045839855037 cfg1 2 1 0 0 na na
10 61763.084350264239 0.045839922844 cfg1 2 1 0 0 na na
10 61763.110350271377 0.045840107189 cfg1 2 1 0 0 na na
10 61763.117350314756 0.045840166847 cfg1 2 1 0 0 na na
10 61763.141350269057 0.045840317897 cfg1 2 1 0 0 na na
10 61763.154350323597 0.045840438826 cfg1 2 1 0 0 na na
10 61763.170350333092 0.045840522281 cfg1 2 1 0 0 na na
10 61763.229350283355 0.045840946799 cfg1 2 1 0 0 na na
10 61763.231350269590 0.045840965514 cfg1 2 1 0 0 na na
10 61763.255350261291 0.045841125758 cfg1 2 1 0 0 na na
10 61763.332350305719 0.045841669344 cfg1 2 1 0 0 na na
10 61763.339350283855 0.045841714933 cfg1 2 1 0 0 na na
10 61763.341350327768 0.045841726432 cfg1 2 1 0 0 na na
10 61763.360350311918 0.045841862890 cfg1 2 1 0 0 na na
10 61763.367350330953 0.045841922040 cfg1 2 1 0 0 na na
10 61763.393350309547 0.045842104383 cfg1 2 1 0 0 na na
10 61763.405350287466 0.045842198532 cfg1 2 1 0 0 na na
10 61763.409350285625 0.045842206825 cfg1 2 1 0 0 na na
10 61763.412350281434 0.045842230880 cfg1 2 1 0 0 na na
10 61763.449350336878 0.045842494197 cfg1 2 1 0 0 na na
10 61763.458350268463 0.045842560499 cfg1 2 1 0 0 na na
10 61763.462350328865 0.045842601539 cfg1 2 1 0 0 na na
10 61763.475350334234 0.045842686081 cfg1 2 1 0 0 na na
10 61763.492350280648 0.045842814614 cfg1 2 1 0 0 na na
10 61763.524350334443 0.045843014919 cfg1 2 1 0 0 na na
10 61763.554350330443 0.045843229852 cfg1 2 1 0 0 na na
10 61763.561350373369 0.045843278530 cfg1 2 1 0 0 na na
10 61763.570350330323 0.045843342450 cfg1 2 1 0 0 na na
10 61763.584350281257 0.045843442121 cfg1 2 1 0 0 na na
10 61763.617350308629 0.045843695343 cfg1 2 1 0 0 na na
10 61763.622350323572 0.045843727159 cfg1 2 1 0 0 na na
10 61763.643350383036 0.045843873529 cfg1 2 1 0 0 na na
10 61763.647350331603 0.045843883107 cfg1 2 1 0 0 na na
10 61763.656350317345 0.045843951195 cfg1 2 1 0 0 na na
10 61763.703350315014 0.045844295140 cfg1 2 1 0 0 na na
10 61763.712350297104 0.045844337124 cfg1 2 1 0 0 na na
10 61763.738350308974 0.045844539165 cfg1 2 1 0 0 na na
10 61763.747350305123 0.045844586164 cfg1 2 1 0 0 na na
10 61763.759350278368 0.045844692126 cfg1 2 1 0 0 na na
10 61763.766350309521 0.045844720192 cfg1 2 1 0 0 na na
10 61763.772350314947 0.045844784582 cfg1 2 1 0 0 na na
10 61763.786350307162 0.045844875192 cfg1 2 1 0 0 na na
10 61763.792350309473 0.045844929627 cfg1 2 1 0 0 na na
10 61763.802350274433 0.045844993327 cfg1 2 1 0 0 na na
10 61763.809350293491 0.045845045604 cfg1 2 1 0 0 na na
10 61763.825350330331 0.045845146154 cfg1 2 1 0 0 na na
10 61763.835350285989 0.045845213795 cfg1 2 1 0 0 na na
10 61763.837350322808 0.045845226929 cfg1 2 1 0 0 na na
10 61763.857350300446 0.045845372655 cfg1 2 1 0 0 na na
10 61763.893350259823 0.045845627432 cfg1 2 1 0 0 na na
10 61763.908350368706 0.045845726296 cfg1 2 1 0 0 na na
10 61763.933350279825 0.045845917971 cfg1 2 1 0 0 na na
10 61763.945350349669 0.045845996489 cfg1 2 1 0 0 na na
10 61763.957350291307 0.045846067682 cfg1 2 1 0 0 na na
10 61763.981350265094 0.045846237615 cfg1 2 1 0 0 na na
10 61764.010350389970 0.045846452843 cfg1 2 1 0 0 na na
10 61764.013350323904 0.045846471357 cfg1 2 1 0 0 na na
10 61764.033350354650 0.045846601361 cfg1 2 1 0 0 na na
10 61764.102350250490 0.045847101469 cfg1 2 1 0 0 na na
10 61764.140350332088 0.045847364391 cfg1 2 1 0 0 na na
10 61764.189350327475 0.045847704663 cfg1 2 1 0 0 na na
10 61764.199350333459 0.045847787117 cfg1 2 1 0 0 na na
10 61764.217350266325 0.045847895573 cfg1 2 1 0 0 na na
10 61764.231350304997 0.045847994498 cfg1 2 1 0 0 na na
10 61764.237350341545 0.045848059777 cfg1 2 1 0 0 na na
10 61764.251350349951 0.045848147544 cfg1 2 1 0 0 na na
10 61764.269350351322 0.045848261666 cfg1 2 1 0 0 na na
10 61764.275350347163 0.045848326440 cfg1 2 1 0 0 na na
10 61764.282350314652 0.045848356723 cfg1 2 1 0 0 na na
10 61764.385350328072 0.045849085569 cfg1 2 1 0 0 na na
10 61764.395350402286 0.045849170274 cfg1 2 1 0 0 na na
10 61764.400350308244 0.045849193509 cfg1 2 1 0 0 na na
10 61764.408350297757 0.045849247608 cfg1 2 1 0 0 na na
10 61764.419350365960 0.045849323960 cfg1 2 1 0 0 na na
10 61764.431350281787 0.045849424688 cfg1 2 1 0 0 na na
10 61764.446350344070 0.045849513832 cfg1 2 1 0 0 na na
10 61764.461350338118 0.045849634180 cfg1 2 1 0 0 na na
10 61764.484350308693 0.045849790805 cfg1 2 1 0 0 na na
10 61764.525350345159 0.045850079187 cfg1 2 1 0 0 na na
10 61764.540350292757 0.045850200713 cfg1 2 1 0 0 na na
10 61764.553350343390 0.045850265086 cfg1 2 1 0 0 na na
10 61764.577350328696 0.045850434551 cfg1 2 1 0 0 na na
10 61764.589350349313 0.045850520487 cfg1 2 1 0 0 na na
10 61764.610350326372 0.045850687296 cfg1 2 1 0 0 na na
10 61764.615350343998 0.045850717472 cfg1 2 1 0 0 na na
10 61764.640350266085 0.045850880967 cfg1 2 1 0 0 na na
10 61764.655350316561 0.045851006055 cfg1 2 1 0 0 na na
10 61764.676350363042 0.045851147422 cfg1 2 1 0 0 na na
10 61764.698350360081 0.045851286055 cfg1 2 1 0 0 na na
10 61764.699350310913 0.045851305730 cfg1 2 1 0 0 na na
10 61764.710350333761 0.045851372549 cfg1 2 1 0 0 na na
10 61764.732350271673 0.045851526178 cfg1 2 1 0 0 na na
10 61764.763350321671 0.045851758989 cfg1 2 1 0 0 na na
10 61764.768350354544 0.045851790058 cfg1 2 1 0 0 na na
10 61764.776350360784 0.045851856875 cfg1 2 1 0 0 na na
10 61764.784350325510 0.045851916127 cfg1 2 1 0 0 na na
10 61764.803350341702 0.045852029568 cfg1 2 1 0 0 na na
10 61764.804350355813 0.045852049307 cfg1 2 1 0 0 na na
10 61764.811350358436 0.045852110589 cfg1 2 1 0 0 na na
10 61764.879350240896 0.045852590945 cfg1 2 1 0 0 na na
10 61764.905350343980 0.045852757486 cfg1 2 1 0 0 na na
10 61764.907350349781 0.045852775815 cfg1 2 1 0 0 na na
10 61764.912350322220 0.045852798877 cfg1 2 1 0 0 na na
10 61764.945350286023 0.045853040536 cfg1 2 1 0 0 na na
10 61764.980350266342 0.045853275609 cfg1 2 1 0 0 na na
10 61764.985350341712 0.045853319051 cfg1 2 1 0 0 na na
10 61764.998350366786 0.045853431135 cfg1 2 1 0 0 na na
10 61765.007350334785 0.045853492960 cfg1 2 1 0 0 na na
10 61765.045350260970 0.045853741298 cfg1 2 1 0 0 na na
10 61765.053350333844 0.045853793312 cfg1 2 1 0 0 na na
10 61765.058350300143 0.045853854389 cfg1 2 1 0 0 na na
10 61765.070350366479 0.045853932891 cfg1 2 1 0 0 na na
10 61765.102350353678 0.045854138705 cfg1 2 1 0 0 na na
10 61765.105350311448 0.045854157924 cfg1 2 1 0 0 na na
10 61765.118350300606 0.045854268687 cfg1 2 1 0 0 na na
10 61765.122350317532 0.045854297028 cfg1 2 1 0 0 na na
10 61765.134350295487 0.045854362278 cfg1 2 1 0 0 na na
10 61765.208350309603 0.045854903139 cfg1 2 1 0 0 na na
10 61765.220350290993 0.045854986524 cfg1 2 1 0 0 na na
10 61765.227350359215 0.045855044606 cfg1 2 1 0 0 na na
10 61765.229350308398 0.045855037948 cfg1 2 1 0 0 na na
10 61765.234350343392 0.045855084501 cfg1 2 1 0 0 na na
10 61765.237350310754 0.045855106867 cfg1 2 1 0 0 na na
10 61765.242350259698 0.045855132307 cfg1 2 1 0 0 na na
10 61765.243350370907 0.045855131793 cfg1 2 1 0 0 na na
10 61765.245350314332 0.045855151155 cfg1 2 1 0 0 na na
10 61765.247350392769 0.045855160120 cfg1 2 1 0 0 na na
10 61765.250350319207 0.045855184002 cfg1 2 1 0 0 na na
10 61765.254350267668 0.045855209090 cfg1 2 1 0 0 na na
10 61765.275350384387 0.045855366121 cfg1 2 1 0 0 na na
10 61765.276350279484 0.045855365942 cfg1 2 1 0 0 na na
10 61765.288350322625 0.045855467899 cfg1 2 1 0 0 na na
10 61765.329350341047 0.045855767456 cfg1 2 1 0 0 na na
10 61765.351350383626 0.045855897281 cfg1 2 1 0 0 na na
10 61765.392350292031 0.045856188370 cfg1 2 1 0 0 na na
10 61765.393350379829 0.045856197207 cfg1 2 1 0 0 na na
10 61765.424350348251 0.045856436944 cfg1 2 1 0 0 na na
10 61765.430350298718 0.045856461653 cfg1 2 1 0 0 na na
10 61765.433350319192 0.045856493943 cfg1 2 1 0 0 na na
10 61765.436350338949 0.045856509593 cfg1 2 1 0 0 na na
10 61765.448350303753 0.045856590693 cfg1 2 1 0 0 na na
10 61765.463350340576 0.045856713798 cfg1 2 1 0 0 na na
10 61765.480350335785 0.045856833964 cfg1 2 1 0 0 na na
10 61765.502350334504 0.045856973359 cfg1 2 1 0 0 na na
10 61765.535350310561 0.045857219668 cfg1 2 1 0 0 na na
10 61765.539350354653 0.045857227910 cfg1 2 1 0 0 na na
10 61765.546350270173 0.045857272047 cfg1 2 1 0 0 na na
10 61765.551350346024 0.045857331861 cfg1 2 1 0 0 na na
10 61765.553350340508 0.045857330370 cfg1 2 1 0 0 na na
10 61765.557350350116 0.045857369058 cfg1 2 1 0 0 na na
10 61765.584350354804 0.045857554665 cfg1 2 1 0 0 na na
10 61765.592350317194 0.045857612356 cfg1 2 1 0 0 na na
10 61765.596350356830 0.045857625313 cfg1 2 1 0 0 na na
10 61765.597350309564 0.045857644207 cfg1 2 1 0 0 na na
10 61765.607350327834 0.045857731342 cfg1 2 1 0 0 na na
10 61765.616350347782 0.045857792075 cfg1 2 1 0 0 na na
10 61765.660350257699 0.045858096241 cfg1 2 1 0 0 na na
10 61765.665350341433 0.045858133061 cfg1 2 1 0 0 na na
10 61765.677350288782 0.045858217829 cfg1 2 1 0 0 na na
10 61765.691350300387 0.045858300060 cfg1 2 1 0 0 na na
10 61765.695350302795 0.045858331134 cfg1 2 1 0 0 na na
10 61765.696350318319 0.045858340456 cfg1 2 1 0 0 na na
10 61765.707350306368 0.045858419253 cfg1 2 1 0 0 na na
10 61765.711350309400 0.045858460929 cfg1 2 1 0 0 na na
10 61765.723350374220 0.045858545320 cfg1 2 1 0 0 na na
10 61765.732350333256 0.045858598307 cfg1 2 1 0 0 na na
10 61765.745350295964 0.045858684169 cfg1 2 1 0 0 na na
10 61765.749350326911 0.045858711933 cfg1 2 1 0 0 na na
10 61765.757350332407 0.045858786534 cfg1 2 1 0 0 na na
10 61765.768350338884 0.045858840854 cfg1 2 1 0 0 na na
10 61765.772350345845 0.045858879632 cfg1 2 1 0 0 na na
10 61765.781350346120 0.045858937297 cfg1 2 1 0 0 na na
10 61765.812350334101 0.045859164898 cfg1 2 1 0 0 na na
10 61765.837350354346 0.045859329095 cfg1 2 1 0 0 na na
10 61765.862350377527 0.045859532173 cfg1 2 1 0 0 na na
10 61765.865350304844 0.045859533311 cfg1 2 1 0 0 na na
10 61765.866350340336 0.045859553535 cfg1 2 1 0 0 na na
10 61765.910350311679 0.045859854305 cfg1 2 1 0 0 na na
10 61765.919350283145 0.045859927422 cfg1 2 1 0 0 na na
10 61765.928350336041 0.045859970133 cfg1 2 1 0 0 na na
10 61765.957350344916 0.045860195307 cfg1 2 1 0 0 na na
10 61765.967350338214 0.045860258415 cfg1 2 1 0 0 na na
10 61765.975350336346 0.045860315547 cfg1 2 1 0 0 na na
10 61765.991350261888 0.045860425149 cfg1 2 1 0 0 na na
10 61766.009350332918 0.045860551361 cfg1 2 1 0 0 na na
10 61766.010350335197 0.045860554714 cfg1 2 1 0 0 na na
10 61766.024350316384 0.045860658212 cfg1 2 1 0 0 na na
10 61766.072350286229 0.045860994829 cfg1 2 1 0 0 na na
10 61766.073350352430 0.045861016605 cfg1 2 1 0 0 na na
10 61766.078350348160 0.045861043416 cfg1 2 1 0 0 na na
10 61766.094350299022 0.045861156684 cfg1 2 1 0 0 na na
10 61766.100350403050 0.045861213276 cfg1 2 1 0 0 na na
10 61766.148350297401 0.045861540687 cfg1 2 1 0 0 na na
10 61766.155350344582 0.045861579631 cfg1 2 1 0 0 na na
10 61766.191350336858 0.045861847502 cfg1 2 1 0 0 na na
10 61766.194350352851 0.045861875773 cfg1 2 1 0 0 na na
10 61766.197350314849 0.045861890382 cfg1 2 1 0 0 na na
10 61766.218350358195 0.045862036275 cfg1 2 1 0 0 na na
10 61766.278350325662 0.045862472530 cfg1 2 1 0 0 na na
10 61766.282350317492 0.045862491227 cfg1 2 1 0 0 na na
10 61766.289350343628 0.045862522130 cfg1 2 1 0 0 na na
10 61766.317350360685 0.045862723610 cfg1 2 1 0 0 na na
10 61766.344350353730 0.045862924060 cfg1 2 1 0 0 na na
10 61766.393350325443 0.045863262638 cfg1 2 1 0 0 na na
10 61766.404350347645 0.045863347066 cfg1 2 1 0 0 na na
10 61766.405350384131 0.045863348647 cfg1 2 1 0 0 na na
10 61766.417350307378 0.045863433270 cfg1 2 1 0 0 na na
10 61766.422350337437 0.045863482987 cfg1 2 1 0 0 na na
10 61766.432350365307 0.045863532420 cfg1 2 1 0 0 na na
10 61766.442350357160 0.045863605846 cfg1 2 1 0 0 na na
10 61766.444350384187 0.045863628778 cfg1 2 1 0 0 na na
10 61766.486350332282 0.045863940350 cfg1 2 1 0 0 na na
10 61766.529350333714 0.045864229968 cfg1 2 1 0 0 na na
10 61766.533350335981 0.045864247238 cfg1 2 1 0 0 na na
10 61766.541350307098 0.045864318230 cfg1 2 1 0 0 na na
10 61766.546350336757 0.045864347423 cfg1 2 1 0 0 na na
10 61766.565350305137 0.045864484020 cfg1 2 1 0 0 na na
10 61766.578350322234 0.045864575864 cfg1 2 1 0 0 na na
10 61766.589350327318 0.045864664699 cfg1 2 1 0 0 na na
10 61766.595350283424 0.045864692352 cfg1 2 1 0 0 na na
10 61766.602350331087 0.045864736880 cfg1 2 1 0 0 na na
10 61766.605350341411 0.045864770241 cfg1 2 1 0 0 na na
10 61766.606350285933 0.045864777815 cfg1 2 1 0 0 na na
10 61766.647350323187 0.045865077487 cfg1 2 1 0 0 na na
10 61766.670350340841 0.045865240224 cfg1 2 1 0 0 na na
10 61766.676350294850 0.045865262265 cfg1 2 1 0 0 na na
10 61766.691350334364 0.045865393674 cfg1 2 1 0 0 na na
10 61766.720350368685 0.045865592431 cfg1 2 1 0 0 na na
10 61766.724350313421 0.045865622490 cfg1 2 1 0 0 na na
10 61766.732350372391 0.045865662267 cfg1 2 1 0 0 na na
10 61766.755350338301 0.045865825658 cfg1 2 1 0 0 na na
10 61766.764350294564 0.045865907530 cfg1 2 1 0 0 na na
10 61766.771350358014 0.045865956411 cfg1 2 1 0 0 na na
10 61766.812350369281 0.045866249220 cfg1 2 1 0 0 na na
10 61766.813350330289 0.045866252933 cfg1 2 1 0 0 na na
10 61766.815350263707 0.045866256736 cfg1 2 1 0 0 na na
10 61766.826350354147 0.045866341931 cfg1 2 1 0 0 na na
10 61766.834350322449 0.045866392739 cfg1 2 1 0 0 na na
10 61766.858350338371 0.045866551959 cfg1 2 1 0 0 na na
10 61766.878350328374 0.045866709787 cfg1 2 1 0 0 na na
10 61766.881350291661 0.045866729713 cfg1 2 1 0 0 na na
10 61766.901350299534 0.045866854776 cfg1 2 1 0 0 na na
10 61766.908350318816 0.045866921762 cfg1 2 1 0 0 na na
10 61766.922350338646 0.045867019581 cfg1 2 1 0 0 na na
10 61766.954350372064 0.045867247069 cfg1 2 1 0 0 na na
10 61766.957350387819 0.045867264425 cfg1 2 1 0 0 na na
10 61766.998350334708 0.045867540282 cfg1 2 1 0 0 na na
10 61767.023350350403 0.045867731008 cfg1 2 1 0 0 na na
10 61767.024350298142 0.045867738637 cfg1 2 1 0 0 na na
10 61767.026350361126 0.045867736548 cfg1 2 1 0 0 na na
10 61767.028350355629 0.045867762886 cfg1 2 1 0 0 na na
10 61767.040350306017 0.045867845689 cfg1 2 1 0 0 na na
10 61767.067350342522 0.045868034095 cfg1 2 1 0 0 na na
10 61767.076350325478 0.045868107881 cfg1 2 1 0 0 na na
10 61767.078350297792 0.045868103301 cfg1 2 1 0 0 na na
10 61767.112350337996 0.045868357232 cfg1 2 1 0 0 na na
10 61767.116350424084 0.045868377186 cfg1 2 1 0 0 na na
10 61767.119350271304 0.045868398139 cfg1 2 1 0 0 na na
10 61767.128350297605 0.045868472359 cfg1 2 1 0 0 na na
10 61767.138350335311 0.045868553896 cfg1 2 1 0 0 na na
10 61767.143350336357 0.045868572314 cfg1 2 1 0 0 na na
10 61767.146350357387 0.045868599095 cfg1 2 1 0 0 na na
10 61767.180350359917 0.045868830110 cfg1 2 1 0 0 na na
10 61767.197350329928 0.045868966490 cfg1 2 1 0 0 na na
10 61767.207350307079 0.045869036943 cfg1 2 1 0 0 na na
10 61767.209350373817 0.045869038232 cfg1 2 1 0 0 na na
10 61767.217350292956 0.045869105374 cfg1 2 1 0 0 na na
10 61767.225350363084 0.045869145403 cfg1 2 1 0 0 na na
10 61767.238350344916 0.045869245288 cfg1 2 1 0 0 na na
10 61767.239350295362 0.045869254246 cfg1 2 1 0 0 na na
10 61767.251350322428 0.045869338816 cfg1 2 1 0 0 na na
10 61767.259350296561 0.045869384792 cfg1 2 1 0 0 na na
10 61767.261350300567 0.045869406405 cfg1 2 1 0 0 na na
10 61767.264350413245 0.045869428258 cfg1 2 1 0 0 na na
10 61767.281350275889 0.045869553272 cfg1 2 1 0 0 na na
10 61767.293350301041 0.045869646584 cfg1 2 1 0 0 na na
10 61767.299350329440 0.045869667861 cfg1 2 1 0 0 na na
10 61767.364350343665 0.045870156591 cfg1 2 1 0 0 na na
10 61767.373350324980 0.045870192885 cfg1 2 1 0 0 na na
10 61767.376350359259 0.045870215571 cfg1 2 1 0 0 na na
10 61767.377350368085 0.045870249655 cfg1 2 1 0 0 na na
10 61767.394350337299 0.045870349190 cfg1 2 1 0 0 na na
10 61767.426350366978 0.045870586914 cfg1 2 1 0 0 na na
10 61767.436350341938 0.045870643954 cfg1 2 1 0 0 na na
10 61767.451350248636 0.045870768250 cfg1 2 1 0 0 na na
10 61767.464350360956 0.045870839003 cfg1 2 1 0 0 na na
10 61767.470350340218 0.045870894337 cfg1 2 1 0 0 na na
10 61767.472350338997 0.045870893333 cfg1 2 1 0 0 na na
10 61767.506350321296 0.045871137804 cfg1 2 1 0 0 na na
10 61767.517350327014 0.045871238811 cfg1 2 1 0 0 na na
10 61767.536350348539 0.045871349577 cfg1 2 1 0 0 na na
10 61767.545350325163 0.045871411902 cfg1 2 1 0 0 na na
10 61767.549350336546 0.045871455811 cfg1 2 1 0 0 na na
10 61767.594350400725 0.045871781878 cfg1 2 1 0 0 na na
10 61767.623350274695 0.045871965152 cfg1 2 1 0 0 na na
10 61767.639350368155 0.045872105264 cfg1 2 1 0 0 na na
10 61767.670350301045 0.045872296498 cfg1 2 1 0 0 na na
10 61767.697350369452 0.045872490976 cfg1 2 1 0 0 na na
10 61767.700350351153 0.045872514200 cfg1 2 1 0 0 na na
10 61767.710350342862 0.045872598853 cfg1 2 1 0 0 na na
10 61767.737350243165 0.045872798687 cfg1 2 1 0 0 na na
10 61767.762350344037 0.045872972564 cfg1 2 1 0 0 na na
10 61767.778350297865 0.045873073618 cfg1 2 1 0 0 na na
10 61767.780350333878 0.045873096749 cfg1 2 1 0 0 na na
10 61767.793350317601 0.045873171174 cfg1 2 1 0 0 na na
10 61767.812350329887 0.045873303035 cfg1 2 1 0 0 na na
10 61767.815350384446 0.045873330845 cfg1 2 1 0 0 na na
10 61767.817350304939 0.045873337662 cfg1 2 1 0 0 na na
10 61767.819350347723 0.045873372225 cfg1 2 1 0 0 na na
10 61767.821350328048 0.045873383505 cfg1 2 1 0 0 na na
10 61767.823350293060 0.045873380918 cfg1 2 1 0 0 na na
10 61767.834350259319 0.045873467646 cfg1 2 1 0 0 na na
10 61767.839350357797 0.045873515855 cfg1 2 1 0 0 na na
10 61767.846350298285 0.045873566226 cfg1 2 1 0 0 na na
10 61767.850350332768 0.045873585204 cfg1 2 1 0 0 na na
10 61767.855350356129 0.045873623445 cfg1 2 1 0 0 na na
10 61767.878350264526 0.045873772348 cfg1 2 1 0 0 na na
10 61767.888350301067 0.045873851224 cfg1 2 1 0 0 na na
10 61767.900350347289 0.045873933043 cfg1 2 1 0 0 na na
10 61767.907350321215 0.045873995693 cfg1 2 1 0 0 na na
10 61767.909350317805 0.045874007343 cfg1 2 1 0 0 na na
10 61767.916350284282 0.045874046428 cfg1 2 1 0 0 na na
10 61767.934350266739 0.045874170117 cfg1 2 1 0 0 na na
10 61767.967350251478 0.045874420515 cfg1 2 1 0 0 na na
10 61767.978350334719 0.045874498502 cfg1 2 1 0 0 na na
10 61767.992350285826 0.045874595958 cfg1 2 1 0 0 na na
10 61767.997350317745 0.045874625375 cfg1 2 1 0 0 na na
10 61768.003350318642 0.045874676840 cfg1 2 1 0 0 na na
10 61768.035350336144 0.045874887971 cfg1 2 1 0 0 na na
10 61768.046350347273 0.045874969570 cfg1 2 1 0 0 na na
10 61768.067350303288 0.045875133015 cfg1 2 1 0 0 na na
10 61768.070350347812 0.045875134120 cfg1 2 1 0 0 na na
10 61768.073350327948 0.045875162631 cfg1 2 1 0 0 na na
10 61768.104350334938 0.045875398541 cfg1 2 1 0 0 na na
10 61768.117350274252 0.045875474438 cfg1 2 1 0 0 na na
10 61768.118350368124 0.045875492679 cfg1 2 1 0 0 na na
10 61768.134350347983 0.045875585568 cfg1 2 1 0 0 na na
10 61768.144350325564 0.045875660109 cfg1 2 1 0 0 na na
10 61768.170350331606 0.045875842823 cfg1 2 1 0 0 na na
10 61768.180350373648 0.045875934163 cfg1 2 1 0 0 na na
10 61768.188350268331 0.045875989190 cfg1 2 1 0 0 na na
10 61768.199350300210 0.045876064771 cfg1 2 1 0 0 na na
10 61768.210350291194 0.045876144025 cfg1 2 1 0 0 na na
10 61768.242350392045 0.045876365555 cfg1 2 1 0 0 na na
10 61768.250350403785 0.045876419363 cfg1 2 1 0 0 na na
10 61768.258350328076 0.045876492454 cfg1 2 1 0 0 na na
10 61768.263350350252 0.045876528759 cfg1 2 1 0 0 na na
10 61768.282350348134 0.045876635037 cfg1 2 1 0 0 na na
10 61768.299350276910 0.045876783387 cfg1 2 1 0 0 na na
10 61768.321350242973 0.045876939050 cfg1 2 1 0 0 na na
10 61768.322350322412 0.045876938895 cfg1 2 1 0 0 na na
10 61768.331350269202 0.045876982541 cfg1 2 1 0 0 na na
10 61768.342350355118 0.045877078548 cfg1 2 1 0 0 na na
10 61768.355350250727 0.045877171171 cfg1 2 1 0 0 na na
10 61768.368350345477 0.045877259887 cfg1 2 1 0 0 na na
10 61768.379350267092 0.045877324808 cfg1 2 1 0 0 na na
10 61768.380350352071 0.045877345377 cfg1 2 1 0 0 na na
10 61768.387350286441 0.045877385414 cfg1 2 1 0 0 na na
10 61768.400350281641 0.045877494996 cfg1 2 1 0 0 na na
10 61768.446350260145 0.045877806960 cfg1 2 1 0 0 na na
10 61768.464350355881 0.045877938623 cfg1 2 1 0 0 na na
10 61768.465350306892 0.045877945793 cfg1 2 1 0 0 na na
10 61768.467350261783 0.045877955063 cfg1 2 1 0 0 na na
10 61768.500350306675 0.045878205313 cfg1 2 1 0 0 na na
10 61768.526350269648 0.045878367266 cfg1 2 1 0 0 na na
10 61768.538350360664 0.045878462375 cfg1 2 1 0 0 na na
10 61768.544350343491 0.045878497537 cfg1 2 1 0 0 na na
10 61768.552350311343 0.045878566648 cfg1 2 1 0 0 na na
10 61768.572350320304 0.045878695982 cfg1 2 1 0 0 na na
10 61768.586350372644 0.045878802849 cfg1 2 1 0 0 na na
10 61768.595350374820 0.045878871662 cfg1 2 1 0 0 na na
10 61768.606350335609 0.045878946546 cfg1 2 1 0 0 na na
10 61768.626350284959 0.045879097490 cfg1 2 1 0 0 na na
10 61768.628350288729 0.045879099422 cfg1 2 1 0 0 na na
10 61768.633350337466 0.045879143619 cfg1 2 1 0 0 na na
10 61768.664350319669 0.045879352149 cfg1 2 1 0 0 na na
10 61768.674350292970 0.045879439796 cfg1 2 1 0 0 na na
10 61768.694350323989 0.045879582386 cfg1 2 1 0 0 na na
10 61768.696350288427 0.045879595491 cfg1 2 1 0 0 na na
10 61768.706350276204 0.045879651105 cfg1 2 1 0 0 na na
10 61768.720350326694 0.045879751630 cfg1 2 1 0 0 na na
10 61768.729350337005 0.045879806782 cfg1 2 1 0 0 na na
10 61768.735350349046 0.045879856939 cfg1 2 1 0 0 na na
10 61768.737350366637 0.045879875199 cfg1 2 1 0 0 na na
10 61768.740350344750 0.045879884434 cfg1 2 1 0 0 na na
10 61768.751350253901 0.045879978042 cfg1 2 1 0 0 na na
10 61768.755350298408 0.045880000932 cfg1 2 1 0 0 na na
10 61768.765350287198 0.045880083991 cfg1 2 1 0 0 na na
10 61768.814350312193 0.045880415803 cfg1 2 1 0 0 na na
10 61768.819350284954 0.045880462271 cfg1 2 1 0 0 na na
10 61768.821350327403 0.045880487024 cfg1 2 1 0 0 na na
10 61768.824350333471 0.045880492954 cfg1 2 1 0 0 na na
10 61768.830350292261 0.045880535208 cfg1 2 1 0 0 na na
10 61768.842350358331 0.045880612876 cfg1 2 1 0 0 na na
10 61768.849350332467 0.045880659284 cfg1 2 1 0 0 na na
10 61768.850350317634 0.045880678693 cfg1 2 1 0 0 na na
10 61768.852350273940 0.045880690586 cfg1 2 1 0 0 na na
10 61768.864350328382 0.045880770379 cfg1 2 1 0 0 na na
10 61768.868350347431 0.045880806428 cfg1 2 1 0 0 na na
10 61768.874350346425 0.045880859671 cfg1 2 1 0 0 na na
10 61768.881350382419 0.045880898465 cfg1 2 1 0 0 na na
10 61768.889350398543 0.045880965369 cfg1 2 1 0 0 na na
10 61768.900350335211 0.045881029447 cfg1 2 1 0 0 na na
10 61768.903350357219 0.045881045062 cfg1 2 1 0 0 na na
10 61768.919350319876 0.045881183391 cfg1 2 1 0 0 na na
10 61768.924350328845 0.045881202508 cfg1 2 1 0 0 na na
10 61768.932350332380 0.045881248524 cfg1 2 1 0 0 na na
10 61768.979350336974 0.045881598983 cfg1 2 1 0 0 na na
10 61768.989350291312 0.045881651065 cfg1 2 1 0 0 na na
10 61768.999350336160 0.045881750297 cfg1 2 1 0 0 na na
10 61769.005350342411 0.045881769877 cfg1 2 1 0 0 na na
10 61769.035350324371 0.045881995142 cfg1 2 1 0 0 na na
10 61769.054350343933 0.045882116270 cfg1 2 1 0 0 na na
10 61769.062350271170 0.045882192389 cfg1 2 1 0 0 na na
10 61769.066350323081 0.045882203056 cfg1 2 1 0 0 na na
10 61769.088350295362 0.045882357111 cfg1 2 1 0 0 na na
10 61769.104350267879 0.045882468944 cfg1 2 1 0 0 na na
10 61769.113350338322 0.045882548500 cfg1 2 1 0 0 na na
10 61769.143350305168 0.045882748540 cfg1 2 1 0 0 na na
10 61769.153350331581 0.045882821013 cfg1 2 1 0 0 na na
10 61769.167350298867 0.045882927125 cfg1 2 1 0 0 na na
10 61769.176350323050 0.045882981720 cfg1 2 1 0 0 na na
10 61769.196350337431 0.045883122942 cfg1 2 1 0 0 na na
10 61769.200350286409 0.045883161714 cfg1 2 1 0 0 na na
10 61769.205350357268 0.045883185642 cfg1 2 1 0 0 na na
10 61769.233350276834 0.045883403333 cfg1 2 1 0 0 na na
10 61769.244350323927 0.045883472761 cfg1 2 1 0 0 na na
10 61769.273350314271 0.045883691367 cfg1 2 1 0 0 na na
10 61769.309350275985 0.045883936764 cfg1 2 1 0 0 na na
10 61769.325350289626 0.045884064811 cfg1 2 1 0 0 na na
10 61769.329350315041 0.045884077192 cfg1 2 1 0 0 na na
10 61769.343350308154 0.045884184336 cfg1 2 1 0 0 na na
10 61769.359350333562 0.045884288968 cfg1 2 1 0 0 na na
10 61769.360350263716 0.045884292839 cfg1 2 1 0 0 na na
10 61769.367350348952 0.045884360057 cfg1 2 1 0 0 na na
10 61769.368350306535 0.045884363796 cfg1 2 1 0 0 na na
10 61769.378350314911 0.045884432786 cfg1 2 1 0 0 na na
10 61769.380350270401 0.045884453353 cfg1 2 1 0 0 na na
10 61769.388350298714 0.045884512133 cfg1 2 1 0 0 na na
10 61769.389350301786 0.045884518218 cfg1 2 1 0 0 na na
10 61769.393350265867 0.045884527043 cfg1 2 1 0 0 na na
10 61769.395350314688 0.045884560177 cfg1 2 1 0 0 na na
10 61769.399350253161 0.045884578708 cfg1 2 1 0 0 na na
10 61769.402350295892 0.045884594328 cfg1 2 1 0 0 na na
10 61769.408350299349 0.045884628294 cfg1 2 1 0 0 na na
10 61769.441350276374 0.045884870082 cfg1 2 1 0 0 na na
10 61769.443350261370 0.045884894954 cfg1 2 1 0 0 na na
10 61769.450350364039 0.045884947325 cfg1 2 1 0 0 na na
10 61769.455350343384 0.045884976902 cfg1 2 1 0 0 na na
10 61769.473350327671 0.045885097276 cfg1 2 1 0 0 na na
10 61769.486350299573 0.045885185164 cfg1 2 1 0 0 na na
10 61769.493350327000 0.045885238815 cfg1 2 1 0 0 na na
10 61769.503350309220 0.045885306431 cfg1 2 1 0 0 na na
10 61769.508350300895 0.045885358225 cfg1 2 1 0 0 na na
10 61769.589350369821 0.045885925130 cfg1 2 1 0 0 na na
10 61769.594350320348 0.045885977925 cfg1 2 1 0 0 na na
10 61769.600350336276 0.045886020375 cfg1 2 1 0 0 na na
10 61769.601350270778 0.045886001824 cfg1 2 1 0 0 na na
10 61769.606350322938 0.045886063587 cfg1 2 1 0 0 na na
10 61769.630350282497 0.045886215154 cfg1 2 1 0 0 na na
10 61769.635350378913 0.045886252459 cfg1 2 1 0 0 na na
10 61769.644350316020 0.045886307511 cfg1 2 1 0 0 na na
10 61769.666350327776 0.045886489021 cfg1 2 1 0 0 na na
10 61769.686350332006 0.045886631037 cfg1 2 1 0 0 na na
10 61769.748350345287 0.045887060062 cfg1 2 1 0 0 na na
10 61769.758350267962 0.045887120864 cfg1 2 1 0 0 na na
10 61769.768350280010 0.045887198134 cfg1 2 1 0 0 na na
10 61769.771350379972 0.045887230053 cfg1 2 1 0 0 na na
10 61769.786350331797 0.045887316374 cfg1 2 1 0 0 na na
10 61769.828350292931 0.045887630476 cfg1 2 1 0 0 na na
10 61769.831350308580 0.045887656532 cfg1 2 1 0 0 na na
10 61769.863350323065 0.045887886221 cfg1 2 1 0 0 na na
10 61769.901350345035 0.045888159080 cfg1 2 1 0 0 na na
10 61769.915350294308 0.045888236474 cfg1 2 1 0 0 na na
10 61769.924350332941 0.045888306324 cfg1 2 1 0 0 na na
10 61769.948350277053 0.045888481441 cfg1 2 1 0 0 na na
10 61769.987350265751 0.045888746187 cfg1 2 1 0 0 na na
10 61769.991350302907 0.045888780233 cfg1 2 1 0 0 na na
10 61770.032350288543 0.045889088757 cfg1 2 1 0 0 na na
10 61770.035350302401 0.045889099909 cfg1 2 1 0 0 na na
10 61770.100350353224 0.045889572615 cfg1 2 1 0 0 na na
10 61770.108350274587 0.045889611511 cfg1 2 1 0 0 na na
10 61770.111350327695 0.045889638548 cfg1 2 1 0 0 na na
10 61770.140350344838 0.045889830443 cfg1 2 1 0 0 na na
10 61770.143350370102 0.045889853085 cfg1 2 1 0 0 na na
10 61770.147350326876 0.045889881783 cfg1 2 1 0 0 na na
10 61770.161350383093 0.045889997255 cfg1 2 1 0 0 na na
10 61770.192350306168 0.045890228696 cfg1 2 1 0 0 na na
10 61770.211350314254 0.045890361438 cfg1 2 1 0 0 na na
10 61770.212350334736 0.045890352589 cfg1 2 1 0 0 na na
10 61770.219350321938 0.045890417898 cfg1 2 1 0 0 na na
10 61770.220350303542 0.045890427526 cfg1 2 1 0 0 na na
10 61770.221350324554 0.045890434512 cfg1 2 1 0 0 na na
10 61770.234350292182 0.045890511884 cfg1 2 1 0 0 na na
10 61770.238350297974 0.045890548849 cfg1 2 1 0 0 na na
10 61770.259350304346 0.045890704697 cfg1 2 1 0 0 na na
10 61770.269350341476 0.045890769174 cfg1 2 1 0 0 na na
10 61770.285350273850 0.045890872147 cfg1 2 1 0 0 na na
10 61770.308350339757 0.045891028549 cfg1 2 1 0 0 na na
10 61770.310350297933 0.045891048596 cfg1 2 1 0 0 na na
20 61050.000000000000 911.955 290.35 42.50 0
20 61062.000000000000 911.935 290.38 42.10 0
20 61070.000000000000 912.005 290.41 42.10 0
20 61082.000000000000 912.045 290.43 41.70 0
20 61090.000000000000 911.995 290.44 40.70 0
20 61100.000000000000 911.955 290.43 40.00 0
20 61110.000000000000 911.965 290.39 40.10 0
20 61121.000000000000 911.945 290.37 40.00 0
20 61130.000000000000 911.955 290.36 40.40 0
20 61140.000000000000 911.995 290.35 40.50 0
20 61153.000000000000 911.935 290.34 40.50 0
20 61161.000000000000 912.005 290.34 40.90 0
20 61171.000000000000 911.955 290.33 40.60 0
20 61181.000000000000 911.965 290.33 40.70 0
20 61192.000000000000 911.955 290.31 41.00 0
20 61200.000000000000 911.975 290.31 41.10 0
20 61211.000000000000 911.965 290.31 41.70 0
20 61222.000000000000 911.975 290.33 41.70 0
20 61231.000000000000 911.945 290.33 41.60 0
20 61240.000000000000 911.965 290.35 41.70 0
20 61262.000000000000 911.975 290.38 42.40 0
20 61270.000000000000 911.925 290.40 42.70 0
20 61280.000000000000 911.935 290.44 42.20 0
20 61291.000000000000 911.965 290.47 42.30 0
20 61300.000000000000 911.965 290.49 42.20 0
20 61311.000000000000 911.965 290.50 41.70 0
20 61320.000000000000 911.975 290.52 42.10 0
20 61330.000000000000 912.005 290.55 42.90 0
20 61340.000000000000 911.975 290.58 42.50 0
20 61350.000000000000 911.995 290.59 41.70 0
20 61362.000000000000 911.995 290.59 41.60 0
20 61372.000000000000 912.005 290.59 41.50 0
20 61380.000000000000 911.995 290.59 41.90 0
20 61391.000000000000 912.035 290.60 42.70 0
20 61410.000000000000 911.995 290.59 41.10 0
20 61420.000000000000 911.995 290.59 42.20 0
20 61430.000000000000 911.995 290.59 42.60 0
20 61441.000000000000 912.005 290.60 43.40 0
20 61451.000000000000 912.005 290.65 43.30 0
20 61463.000000000000 912.005 290.69 43.30 0
20 61471.000000000000 912.025 290.74 43.80 0
20 61482.000000000000 912.035 290.80 43.60 0
20 61490.000000000000 912.025 290.81 41.80 0
20 61500.000000000000 911.995 290.80 40.60 0
20 61510.000000000000 912.025 290.79 41.40 0
20 61522.000000000000 912.025 290.76 41.30 0
20 61530.000000000000 912.015 290.75 41.50 0
20 61541.000000000000 912.035 290.74 40.60 0
20 61551.000000000000 912.015 290.71 40.60 0
20 61560.000000000000 912.015 290.67 39.50 0
20 61572.000000000000 912.025 290.62 38.70 0
20 61582.000000000000 912.025 290.56 38.30 0
20 61591.000000000000 912.015 290.51 38.20 0
20 61600.000000000000 912.015 290.47 38.80 0
20 61610.000000000000 912.065 290.46 39.30 0
20 61620.000000000000 912.045 290.46 39.20 0
20 61633.000000000000 912.025 290.45 39.20 0
20 61641.000000000000 912.045 290.43 39.00 0
20 61651.000000000000 912.035 290.39 39.00 0
20 61662.000000000000 912.075 290.36 39.00 0
20 61672.000000000000 912.035 290.35 39.00 0
20 61680.000000000000 912.045 290.34 39.20 0
20 61691.000000000000 912.035 290.32 39.30 0
20 61700.000000000000 912.055 290.31 39.20 0
20 61710.000000000000 912.055 290.31 39.00 0
20 61722.000000000000 912.055 290.31 39.40 0
20 61732.000000000000 912.055 290.30 39.90 0
20 61740.000000000000 912.065 290.31 40.00 0
20 61750.000000000000 912.035 290.32 40.20 0
20 61760.000000000000 912.045 290.35 40.50 0
20 61772.000000000000 912.055 290.37 40.50 0
H8
H9
