H1 CRD 2 2025 5 20 8
H2 YEBL 7817 62 01 4 ILRS
C1 0 las2 Nd_YAG 1064.00 1000.00 0.40 10.0 20.00 0
C2 0 det2 SPAD 1064.000 40.00 5.0 0.4 NIM 10.0 0.40 50.0 30.0 none na na na
C3 0 tim1 gps Lantime A033-ET 033201 0.0
C6 0 met1 Vaisala Indigo520 T3430159 Vaisala Indigo520 T3930918 Vaisala Indigo520 T3930918
C0 0 1064.00 cfg1 las2 det2 tim1 met1   
H3 saral 1300901 3201 39086 0 1 1
H4 0 2025 5 19 18 4 27 2025 5 19 18 12 31 0 0 0 0 0 0 2 0
40 64558.000000000000 0 cfg1 13467 9991 1.038 63359.5 31.0 49.5 0.276 -0.625 -2.6 4 0 0 3 0.0
41 60909.000000000000 0 cfg1 13483 9471 1.038 63344.0 0.0 39.0 0.189 -0.560 2.2 4 0 0 3 4.9
41 68207.000000000000 0 cfg1 13452 10512 1.038 63375.0 0.0 60.0 0.363 -0.690 -7.4 4 0 0 3 5.9
10 65068.002350291317 0.013237670792 cfg1 2 1 0 0 na na
10 65068.992350396713 0.013197750339 cfg1 2 1 0 0 na na
10 65068.998350311721 0.013197495645 cfg1 2 1 0 0 na na
10 65069.023350264819 0.013196482119 cfg1 2 1 0 0 na na
10 65069.027350308964 0.013196324779 cfg1 2 1 0 0 na na
10 65069.047350247976 0.013195528783 cfg1 2 1 0 0 na na
10 65069.048350271764 0.013195474872 cfg1 2 1 0 0 na na
10 65069.051350273597 0.013195375021 cfg1 2 1 0 0 na na
10 65069.052350240077 0.013195336825 cfg1 2 1 0 0 na na
10 65069.062350243272 0.013194928722 cfg1 2 1 0 0 na na
10 65069.070350237914 0.013194614037 cfg1 2 1 0 0 na na
10 65069.075350264808 0.013194387152 cfg1 2 1 0 0 na na
10 65069.078350284009 0.013194276890 cfg1 2 1 0 0 na na
10 65069.084350267731 0.013194021373 cfg1 2 1 0 0 na na
10 65069.123350261686 0.013192455164 cfg1 2 1 0 0 na na
10 65069.132350253947 0.013192097887 cfg1 2 1 0 0 na na
10 65069.136350238743 0.013191953376 cfg1 2 1 0 0 na na
10 65069.137350259560 0.013191893229 cfg1 2 1 0 0 na na
10 65069.141350244432 0.013191747658 cfg1 2 1 0 0 na na
10 65069.159350268118 0.013191020345 cfg1 2 1 0 0 na na
10 65069.176350299301 0.013190334585 cfg1 2 1 0 0 na na
10 65069.186350250501 0.013189926549 cfg1 2 1 0 0 na na
10 65069.192350262023 0.013189674798 cfg1 2 1 0 0 na na
10 65069.212350252890 0.013188878940 cfg1 2 1 0 0 na na
10 65069.215350255903 0.013188750906 cfg1 2 1 0 0 na na
10 65069.245350313124 0.013187553065 cfg1 2 1 0 0 na na
10 65069.250350269053 0.013187337452 cfg1 2 1 0 0 na na
10 65069.258350250531 0.013187026407 cfg1 2 1 0 0 na na
10 65069.262350271935 0.013186859936 cfg1 2 1 0 0 na na
10 65069.267350249467 0.013186662190 cfg1 2 1 0 0 na na
10 65069.273350304817 0.013186405883 cfg1 2 1 0 0 na na
10 65069.280350265165 0.013186126782 cfg1 2 1 0 0 na na
10 65069.282350321293 0.013186057956 cfg1 2 1 0 0 na na
10 65069.284350261681 0.013185965207 cfg1 2 1 0 0 na na
10 65069.285350255975 0.013185930871 cfg1 2 1 0 0 na na
10 65069.290350245268 0.013185741582 cfg1 2 1 0 0 na na
10 65069.300350259250 0.013185322548 cfg1 2 1 0 0 na na
10 65069.303350255694 0.013185206337 cfg1 2 1 0 0 na na
10 65069.316350266497 0.013184684034 cfg1 2 1 0 0 na na
10 65069.321350252682 0.013184484276 cfg1 2 1 0 0 na na
10 65069.326350266820 0.013184270074 cfg1 2 1 0 0 na na
10 65069.331350262468 0.013184085888 cfg1 2 1 0 0 na na
10 65069.334350292641 0.013183948692 cfg1 2 1 0 0 na na
10 65069.339350239655 0.013183771925 cfg1 2 1 0 0 na na
10 65069.359350251361 0.013182955542 cfg1 2 1 0 0 na na
10 65069.360350297540 0.013182899658 cfg1 2 1 0 0 na na
10 65069.361350262456 0.013182864551 cfg1 2 1 0 0 na na
10 65069.385350257502 0.013181904424 cfg1 2 1 0 0 na na
10 65069.390350258848 0.013181697880 cfg1 2 1 0 0 na na
10 65069.398350242453 0.013181394446 cfg1 2 1 0 0 na na
10 65069.401350265889 0.013181251029 cfg1 2 1 0 0 na na
10 65069.416350242377 0.013180669364 cfg1 2 1 0 0 na na
10 65069.423350293567 0.013180370341 cfg1 2 1 0 0 na na
10 65069.428350238358 0.013180188712 cfg1 2 1 0 0 na na
10 65069.446350246467 0.013179455699 cfg1 2 1 0 0 na na
10 65069.463350260706 0.013178756069 cfg1 2 1 0 0 na na
10 65069.466350243896 0.013178653042 cfg1 2 1 0 0 na na
10 65069.483350295351 0.013177952279 cfg1 2 1 0 0 na na
10 65069.488350260136 0.013177752377 cfg1 2 1 0 0 na na
10 65069.491350241602 0.013177650404 cfg1 2 1 0 0 na na
10 65069.503350257662 0.013177149384 cfg1 2 1 0 0 na na
10 65069.526350244100 0.013176237694 cfg1 2 1 0 0 na na
10 65069.528350262174 0.013176134647 cfg1 2 1 0 0 na na
10 65069.533350300831 0.013175943461 cfg1 2 1 0 0 na na
10 65069.539350259670 0.013175696955 cfg1 2 1 0 0 na na
10 65069.541350245978 0.013175630807 cfg1 2 1 0 0 na na
10 65069.544350253827 0.013175502950 cfg1 2 1 0 0 na na
10 65069.549350255358 0.013175296305 cfg1 2 1 0 0 na na
10 65069.558350240556 0.013174951333 cfg1 2 1 0 0 na na
10 65069.560350249525 0.013174862266 cfg1 2 1 0 0 na na
10 65069.562350291761 0.013174788719 cfg1 2 1 0 0 na na
10 65069.567350260461 0.013174566447 cfg1 2 1 0 0 na na
10 65069.576350248560 0.013174218430 cfg1 2 1 0 0 na na
10 65069.580350268130 0.013174038771 cfg1 2 1 0 0 na na
10 65069.586350258411 0.013173803712 cfg1 2 1 0 0 na na
10 65069.592350240015 0.013173581941 cfg1 2 1 0 0 na na
10 65069.593350265408 0.013173516470 cfg1 2 1 0 0 na na
10 65069.597350255573 0.013173379945 cfg1 2 1 0 0 na na
10 65069.605350261598 0.013173035443 cfg1 2 1 0 0 na na
10 65069.610350261524 0.013172835255 cfg1 2 1 0 0 na na
10 65069.611350243266 0.013172813245 cfg1 2 1 0 0 na na
10 65069.619350289255 0.013172469293 cfg1 2 1 0 0 na na
10 65069.630350265000 0.013172026916 cfg1 2 1 0 0 na na
10 65069.634350261091 0.013171870873 cfg1 2 1 0 0 na na
10 65069.641350258353 0.013171588538 cfg1 2 1 0 0 na na
10 65069.677350286442 0.013170152636 cfg1 2 1 0 0 na na
10 65069.681350253038 0.013169983771 cfg1 2 1 0 0 na na
10 65069.684350253644 0.013169862958 cfg1 2 1 0 0 na na
10 65069.687350258426 0.013169738491 cfg1 2 1 0 0 na na
10 65069.691350287880 0.013169566847 cfg1 2 1 0 0 na na
10 65069.695350263684 0.013169408089 cfg1 2 1 0 0 na na
10 65069.705350256927 0.013169014999 cfg1 2 1 0 0 na na
10 65069.711350282386 0.013168766123 cfg1 2 1 0 0 na na
10 65069.713350248088 0.013168698868 cfg1 2 1 0 0 na na
10 65069.724350276621 0.013168238186 cfg1 2 1 0 0 na na
10 65069.729350249649 0.013168052472 cfg1 2 1 0 0 na na
10 65069.732350244636 0.013167937236 cfg1 2 1 0 0 na na
10 65069.743350251763 0.013167490151 cfg1 2 1 0 0 na na
10 65069.750350297087 0.013167207549 cfg1 2 1 0 0 na na
10 65069.753350251529 0.013167085307 cfg1 2 1 0 0 na na
10 65069.757350261961 0.013166916280 cfg1 2 1 0 0 na na
10 65069.766350260101 0.013166551612 cfg1 2 1 0 0 na na
10 65069.775350253683 0.013166204587 cfg1 2 1 0 0 na na
10 65069.777350242707 0.013166129048 cfg1 2 1 0 0 na na
10 65069.801350261852 0.013165140266 cfg1 2 1 0 0 na na
10 65069.803350263077 0.013165058892 cfg1 2 1 0 0 na na
10 65069.830350276212 0.013163969179 cfg1 2 1 0 0 na na
10 65069.833350250010 0.013163866728 cfg1 2 1 0 0 na na
10 65069.844350271023 0.013163418028 cfg1 2 1 0 0 na na
10 65069.849350247812 0.013163224273 cfg1 2 1 0 0 na na
10 65069.863350263478 0.013162643381 cfg1 2 1 0 0 na na
10 65069.867350267888 0.013162497545 cfg1 2 1 0 0 na na
10 65069.880350293261 0.013161961699 cfg1 2 1 0 0 na na
10 65069.886350299097 0.013161722854 cfg1 2 1 0 0 na na
10 65069.887350257713 0.013161684161 cfg1 2 1 0 0 na na
10 65069.892350263304 0.013161478602 cfg1 2 1 0 0 na na
10 65069.916350263299 0.013160508694 cfg1 2 1 0 0 na na
10 65069.921350265300 0.013160317804 cfg1 2 1 0 0 na na
10 65069.925350279896 0.013160148007 cfg1 2 1 0 0 na na
10 65069.926350266123 0.013160105787 cfg1 2 1 0 0 na na
10 65069.930350245194 0.013159966446 cfg1 2 1 0 0 na na
10 65069.933350323859 0.013159826734 cfg1 2 1 0 0 na na
10 65069.950350262190 0.013159144631 cfg1 2 1 0 0 na na
10 65069.955350256162 0.013158946066 cfg1 2 1 0 0 na na
10 65069.963350275978 0.013158626623 cfg1 2 1 0 0 na na
10 65069.974350256631 0.013158190512 cfg1 2 1 0 0 na na
10 65069.981350265487 0.013157910272 cfg1 2 1 0 0 na na
10 65069.996350264725 0.013157287134 cfg1 2 1 0 0 na na
10 65070.000350235531 0.013157151574 cfg1 2 1 0 0 na na
10 65070.013350254789 0.013156612369 cfg1 2 1 0 0 na na
10 65070.021350280464 0.013156290685 cfg1 2 1 0 0 na na
10 65070.024350315194 0.013156157494 cfg1 2 1 0 0 na na
10 65070.025350282752 0.013156121108 cfg1 2 1 0 0 na na
10 65070.028350264827 0.013155997274 cfg1 2 1 0 0 na na
10 65070.036350252531 0.013155698353 cfg1 2 1 0 0 na na
10 65070.056350256726 0.013154875317 cfg1 2 1 0 0 na na
10 65070.063350257729 0.013154594181 cfg1 2 1 0 0 na na
10 65070.070350236513 0.013154335362 cfg1 2 1 0 0 na na
10 65070.073350242740 0.013154204259 cfg1 2 1 0 0 na na
10 65070.075350259650 0.013154107369 cfg1 2 1 0 0 na na
10 65070.077350264425 0.013154024790 cfg1 2 1 0 0 na na
10 65070.079350295634 0.013153964058 cfg1 2 1 0 0 na na
10 65070.084350250286 0.013153756651 cfg1 2 1 0 0 na na
10 65070.096350257823 0.013153264246 cfg1 2 1 0 0 na na
10 65070.103350261773 0.013152980324 cfg1 2 1 0 0 na na
10 65070.110350243383 0.013152713227 cfg1 2 1 0 0 na na
10 65070.111350270862 0.013152664072 cfg1 2 1 0 0 na na
10 65070.114350254492 0.013152542359 cfg1 2 1 0 0 na na
10 65070.122350314649 0.013152224970 cfg1 2 1 0 0 na na
10 65070.136350262561 0.013151666856 cfg1 2 1 0 0 na na
10 65070.139350261062 0.013151550436 cfg1 2 1 0 0 na na
10 65070.153350255639 0.013150984569 cfg1 2 1 0 0 na na
10 65070.157350273802 0.013150827622 cfg1 2 1 0 0 na na
10 65070.174350289592 0.013150119249 cfg1 2 1 0 0 na na
10 65070.181350240261 0.013149862037 cfg1 2 1 0 0 na na
10 65070.191350260164 0.013149436777 cfg1 2 1 0 0 na na
10 65070.195350270820 0.013149278507 cfg1 2 1 0 0 na na
10 65070.196350251743 0.013149245137 cfg1 2 1 0 0 na na
10 65070.201350250985 0.013149045938 cfg1 2 1 0 0 na na
10 65070.206350250982 0.013148845910 cfg1 2 1 0 0 na na
10 65070.217350256189 0.013148395691 cfg1 2 1 0 0 na na
10 65070.231350236516 0.013147850527 cfg1 2 1 0 0 na na
10 65070.234350250281 0.013147716746 cfg1 2 1 0 0 na na
10 65070.250350281528 0.013147070719 cfg1 2 1 0 0 na na
10 65070.252350252602 0.013146989379 cfg1 2 1 0 0 na na
10 65070.276350258005 0.013146032160 cfg1 2 1 0 0 na na
10 65070.280350262465 0.013145854185 cfg1 2 1 0 0 na na
10 65070.289350258167 0.013145502293 cfg1 2 1 0 0 na na
10 65070.298350295254 0.013145142799 cfg1 2 1 0 0 na na
10 65070.303350238062 0.013144954011 cfg1 2 1 0 0 na na
10 65070.304350277045 0.013144906429 cfg1 2 1 0 0 na na
10 65070.309350271350 0.013144698762 cfg1 2 1 0 0 na na
10 65070.318350248691 0.013144338172 cfg1 2 1 0 0 na na
10 65070.323350245729 0.013144141051 cfg1 2 1 0 0 na na
10 65070.334350251437 0.013143690481 cfg1 2 1 0 0 na na
10 65070.336350235214 0.013143626845 cfg1 2 1 0 0 na na
10 65070.337350306657 0.013143584834 cfg1 2 1 0 0 na na
10 65070.340350254920 0.013143447374 cfg1 2 1 0 0 na na
10 65070.359350255991 0.013142680967 cfg1 2 1 0 0 na na
10 65070.376350253853 0.013141997968 cfg1 2 1 0 0 na na
10 65070.382350236403 0.013141775182 cfg1 2 1 0 0 na na
10 65070.391350233335 0.013141413428 cfg1 2 1 0 0 na na
10 65070.397350275438 0.013141159544 cfg1 2 1 0 0 na na
10 65070.405350264002 0.013140822959 cfg1 2 1 0 0 na na
10 65070.406350299140 0.013140785571 cfg1 2 1 0 0 na na
10 65070.410350255130 0.013140631946 cfg1 2 1 0 0 na na
10 65070.426350410580 0.013139999813 cfg1 2 1 0 0 na na
10 65070.427350252404 0.013139949721 cfg1 2 1 0 0 na na
10 65070.429350262175 0.013139859682 cfg1 2 1 0 0 na na
10 65070.430350279224 0.013139826023 cfg1 2 1 0 0 na na
10 65070.446350239922 0.013139196917 cfg1 2 1 0 0 na na
10 65070.461350278818 0.013138588471 cfg1 2 1 0 0 na na
10 65070.463350260547 0.013138491373 cfg1 2 1 0 0 na na
10 65070.467350241322 0.013138350533 cfg1 2 1 0 0 na na
10 65070.471350265448 0.013138166346 cfg1 2 1 0 0 na na
10 65070.491350262681 0.013137364296 cfg1 2 1 0 0 na na
10 65070.493350302709 0.013137300222 cfg1 2 1 0 0 na na
10 65070.496350246927 0.013137175097 cfg1 2 1 0 0 na na
10 65070.498350262182 0.013137079687 cfg1 2 1 0 0 na na
10 65070.505350327691 0.013136809538 cfg1 2 1 0 0 na na
10 65070.510350253669 0.013136620885 cfg1 2 1 0 0 na na
10 65070.517350274260 0.013136319682 cfg1 2 1 0 0 na na
10 65070.521350262648 0.013136154196 cfg1 2 1 0 0 na na
10 65070.527350304860 0.013135937541 cfg1 2 1 0 0 na na
10 65070.529350291272 0.013135855607 cfg1 2 1 0 0 na na
10 65070.533350264102 0.013135672887 cfg1 2 1 0 0 na na
10 65070.535350263650 0.013135595636 cfg1 2 1 0 0 na na
10 65070.539350309460 0.013135442346 cfg1 2 1 0 0 na na
10 65070.552350237578 0.013134934294 cfg1 2 1 0 0 na na
10 65070.557350259650 0.013134707310 cfg1 2 1 0 0 na na
10 65070.558350304047 0.013134665695 cfg1 2 1 0 0 na na
10 65070.575350256337 0.013133990765 cfg1 2 1 0 0 na na
10 65070.596350266433 0.013133135876 cfg1 2 1 0 0 na na
10 65070.604350310345 0.013132815179 cfg1 2 1 0 0 na na
10 65070.609350250331 0.013132626462 cfg1 2 1 0 0 na na
10 65070.613350263233 0.013132453558 cfg1 2 1 0 0 na na
10 65070.615350244947 0.013132391912 cfg1 2 1 0 0 na na
10 65070.618350268258 0.013132251347 cfg1 2 1 0 0 na na
10 65070.633350254549 0.013131664268 cfg1 2 1 0 0 na na
10 65070.648350297665 0.013131068984 cfg1 2 1 0 0 na na
10 65070.654350271980 0.013130828406 cfg1 2 1 0 0 na na
10 65070.655350342279 0.013130763407 cfg1 2 1 0 0 na na
10 65070.662350250522 0.013130491556 cfg1 2 1 0 0 na na
10 65070.674350285084 0.013130025096 cfg1 2 1 0 0 na na
10 65070.675350254710 0.013129967351 cfg1 2 1 0 0 na na
10 65070.680350262230 0.013129759773 cfg1 2 1 0 0 na na
10 65070.685350232952 0.013129583848 cfg1 2 1 0 0 na na
10 65070.687350304772 0.013129476119 cfg1 2 1 0 0 na na
10 65070.689350290952 0.013129423054 cfg1 2 1 0 0 na na
10 65070.690350286162 0.013129379906 cfg1 2 1 0 0 na na
10 65070.693350263270 0.013129233702 cfg1 2 1 0 0 na na
10 65070.702350259771 0.013128877162 cfg1 2 1 0 0 na na
10 65070.716350296192 0.013128308612 cfg1 2 1 0 0 na na
10 65070.717350244017 0.013128287689 cfg1 2 1 0 0 na na
10 65070.722350245409 0.013128086594 cfg1 2 1 0 0 na na
10 65070.726350267215 0.013127905880 cfg1 2 1 0 0 na na
10 65070.736350258606 0.013127508449 cfg1 2 1 0 0 na na
10 65070.741350252312 0.013127314801 cfg1 2 1 0 0 na na
10 65070.743350308458 0.013127234566 cfg1 2 1 0 0 na na
10 65070.765350304013 0.013126341847 cfg1 2 1 0 0 na na
10 65070.768350244599 0.013126237450 cfg1 2 1 0 0 na na
10 65070.769350263254 0.013126178646 cfg1 2 1 0 0 na na
10 65070.773350255612 0.013126021218 cfg1 2 1 0 0 na na
10 65070.778350245618 0.013125831315 cfg1 2 1 0 0 na na
10 65070.780350261246 0.013125735676 cfg1 2 1 0 0 na na
10 65070.784350264193 0.013125572621 cfg1 2 1 0 0 na na
10 65070.790350251526 0.013125345373 cfg1 2 1 0 0 na na
10 65070.791350245942 0.013125310573 cfg1 2 1 0 0 na na
10 65070.793350300984 0.013125218940 cfg1 2 1 0 0 na na
10 65070.795350274138 0.013125152839 cfg1 2 1 0 0 na na
10 65070.797350269518 0.013125058996 cfg1 2 1 0 0 na na
10 65070.805350256629 0.013124735253 cfg1 2 1 0 0 na na
10 65070.808350260036 0.013124611965 cfg1 2 1 0 0 na na
10 65070.810350239443 0.013124552450 cfg1 2 1 0 0 na na
10 65070.819350287911 0.013124192824 cfg1 2 1 0 0 na na
10 65070.825350336445 0.013123926563 cfg1 2 1 0 0 na na
10 65070.826350256710 0.013123890143 cfg1 2 1 0 0 na na
10 65070.827350259356 0.013123863467 cfg1 2 1 0 0 na na
10 65070.842350258149 0.013123244069 cfg1 2 1 0 0 na na
10 65070.847350253137 0.013123049106 cfg1 2 1 0 0 na na
10 65070.850350258952 0.013122923059 cfg1 2 1 0 0 na na
10 65070.856350250549 0.013122691355 cfg1 2 1 0 0 na na
10 65070.859350237603 0.013122579224 cfg1 2 1 0 0 na na
10 65070.864350265061 0.013122369485 cfg1 2 1 0 0 na na
10 65070.883350267582 0.013121617241 cfg1 2 1 0 0 na na
10 65070.892350336727 0.013121236191 cfg1 2 1 0 0 na na
10 65070.901350265693 0.013120866166 cfg1 2 1 0 0 na na
10 65070.915350262032 0.013120305121 cfg1 2 1 0 0 na na
10 65070.928350268456 0.013119785961 cfg1 2 1 0 0 na na
10 65070.934350263844 0.013119538496 cfg1 2 1 0 0 na na
10 65070.941350288503 0.013119268189 cfg1 2 1 0 0 na na
10 65070.943350257303 0.013119184520 cfg1 2 1 0 0 na na
10 65070.957350263517 0.013118617557 cfg1 2 1 0 0 na na
10 65070.962350265707 0.013118411156 cfg1 2 1 0 0 na na
10 65070.970350243672 0.013118113670 cfg1 2 1 0 0 na na
10 65070.975350236296 0.013117915437 cfg1 2 1 0 0 na na
10 65070.989350279433 0.013117326626 cfg1 2 1 0 0 na na
10 65070.991350270966 0.013117263461 cfg1 2 1 0 0 na na
10 65070.994350262084 0.013117124862 cfg1 2 1 0 0 na na
10 65071.004350318105 0.013116750784 cfg1 2 1 0 0 na na
10 65071.012350264964 0.013116402026 cfg1 2 1 0 0 na na
10 65071.026350251091 0.013115851247 cfg1 2 1 0 0 na na
10 65071.032350248150 0.013115613794 cfg1 2 1 0 0 na na
10 65071.035350238056 0.013115503995 cfg1 2 1 0 0 na na
10 65071.038350260400 0.013115361520 cfg1 2 1 0 0 na na
10 65071.045350261064 0.013115075934 cfg1 2 1 0 0 na na
10 65071.054350256220 0.013114732933 cfg1 2 1 0 0 na na
10 65071.060350245274 0.013114497259 cfg1 2 1 0 0 na na
10 65071.061350318489 0.013114436331 cfg1 2 1 0 0 na na
10 65071.062350264272 0.013114414371 cfg1 2 1 0 0 na na
10 65071.063350291041 0.013114361880 cfg1 2 1 0 0 na na
10 65071.066350240065 0.013114251790 cfg1 2 1 0 0 na na
10 65071.081350259109 0.013113650355 cfg1 2 1 0 0 na na
10 65071.088350338023 0.013113372872 cfg1 2 1 0 0 na na
10 65071.092350253734 0.013113211756 cfg1 2 1 0 0 na na
10 65071.098350255898 0.013112951064 cfg1 2 1 0 0 na na
10 65071.105350301570 0.013112681549 cfg1 2 1 0 0 na na
10 65071.120350272132 0.013112077893 cfg1 2 1 0 0 na na
10 65071.124350280445 0.013111899760 cfg1 2 1 0 0 na na
10 65071.133350303674 0.013111550652 cfg1 2 1 0 0 na na
10 65071.137350261278 0.013111375546 cfg1 2 1 0 0 na na
10 65071.145350265765 0.013111055450 cfg1 2 1 0 0 na na
10 65071.151350292600 0.013110811187 cfg1 2 1 0 0 na na
10 65071.156350250916 0.013110620994 cfg1 2 1 0 0 na na
10 65071.161350252493 0.013110430320 cfg1 2 1 0 0 na na
10 65071.170350266091 0.013110051076 cfg1 2 1 0 0 na na
10 65071.171350252174 0.013110019884 cfg1 2 1 0 0 na na
10 65071.176350251016 0.013109821000 cfg1 2 1 0 0 na na
10 65071.180350243494 0.013109669731 cfg1 2 1 0 0 na na
10 65071.182350324934 0.013109567017 cfg1 2 1 0 0 na na
10 65071.185350260175 0.013109446771 cfg1 2 1 0 0 na na
10 65071.195350255144 0.013109051795 cfg1 2 1 0 0 na na
10 65071.200350245975 0.013108861000 cfg1 2 1 0 0 na na
10 65071.204350298844 0.013108685323 cfg1 2 1 0 0 na na
10 65071.208350254460 0.013108527345 cfg1 2 1 0 0 na na
10 65071.213350245256 0.013108336746 cfg1 2 1 0 0 na na
10 65071.219350245726 0.013108096213 cfg1 2 1 0 0 na na
10 65071.222350300982 0.013107979838 cfg1 2 1 0 0 na na
10 65071.223350238938 0.013107942852 cfg1 2 1 0 0 na na
10 65071.224350258070 0.013107878871 cfg1 2 1 0 0 na na
10 65071.227350246433 0.013107770391 cfg1 2 1 0 0 na na
10 65071.233350257558 0.013107519242 cfg1 2 1 0 0 na na
10 65071.236350261930 0.013107420984 cfg1 2 1 0 0 na na
10 65071.237350255369 0.013107361472 cfg1 2 1 0 0 na na
10 65071.242350263994 0.013107152830 cfg1 2 1 0 0 na na
10 65071.257350261171 0.013106575602 cfg1 2 1 0 0 na na
10 65071.260350310127 0.013106443311 cfg1 2 1 0 0 na na
10 65071.276350281240 0.013105801653 cfg1 2 1 0 0 na na
10 65071.279350298211 0.013105681614 cfg1 2 1 0 0 na na
10 65071.285350255302 0.013105431565 cfg1 2 1 0 0 na na
10 65071.286350257550 0.013105394380 cfg1 2 1 0 0 na na
10 65071.290350310093 0.013105226861 cfg1 2 1 0 0 na na
10 65071.295350242725 0.013105044149 cfg1 2 1 0 0 na na
10 65071.307350263559 0.013104538755 cfg1 2 1 0 0 na na
10 65071.308350260792 0.013104501205 cfg1 2 1 0 0 na na
10 65071.309350264922 0.013104456900 cfg1 2 1 0 0 na na
10 65071.312350254211 0.013104347921 cfg1 2 1 0 0 na na
10 65071.313350238509 0.013104323538 cfg1 2 1 0 0 na na
10 65071.317350255159 0.013104147165 cfg1 2 1 0 0 na na
10 65071.331350299146 0.013103575844 cfg1 2 1 0 0 na na
10 65071.334350256767 0.013103460027 cfg1 2 1 0 0 na na
10 65071.338350275877 0.013103293226 cfg1 2 1 0 0 na na
10 65071.347350280151 0.013102933428 cfg1 2 1 0 0 na na
10 65071.349350241082 0.013102870615 cfg1 2 1 0 0 na na
10 65071.352350289379 0.013102753377 cfg1 2 1 0 0 na na
10 65071.358350303167 0.013102502395 cfg1 2 1 0 0 na na
10 65071.361350289830 0.013102388321 cfg1 2 1 0 0 na na
10 65071.362350265686 0.013102326164 cfg1 2 1 0 0 na na
10 65071.363350296599 0.013102313485 cfg1 2 1 0 0 na na
10 65071.372350300822 0.013101924331 cfg1 2 1 0 0 na na
10 65071.376350361809 0.013101781555 cfg1 2 1 0 0 na na
10 65071.380350237360 0.013101630171 cfg1 2 1 0 0 na na
10 65071.396350264564 0.013100974674 cfg1 2 1 0 0 na na
10 65071.408350252143 0.013100489757 cfg1 2 1 0 0 na na
10 65071.419350275953 0.013100051139 cfg1 2 1 0 0 na na
10 65071.428350240711 0.013099696206 cfg1 2 1 0 0 na na
10 65071.455350256489 0.013098595338 cfg1 2 1 0 0 na na
10 65071.470350266500 0.013097998865 cfg1 2 1 0 0 na na
10 65071.490350239582 0.013097202239 cfg1 2 1 0 0 na na
10 65071.494350250588 0.013097031427 cfg1 2 1 0 0 na na
10 65071.537350245194 0.013095311531 cfg1 2 1 0 0 na na
10 65071.538350284618 0.013095261078 cfg1 2 1 0 0 na na
10 65071.551350276839 0.013094743877 cfg1 2 1 0 0 na na
10 65071.559350239255 0.013094432827 cfg1 2 1 0 0 na na
10 65071.562350347600 0.013094302956 cfg1 2 1 0 0 na na
10 65071.563350309779 0.013094248787 cfg1 2 1 0 0 na na
10 65071.570350269166 0.013093964315 cfg1 2 1 0 0 na na
10 65071.574350247655 0.013093819395 cfg1 2 1 0 0 na na
10 65071.579350267778 0.013093627688 cfg1 2 1 0 0 na na
10 65071.584350276965 0.013093409295 cfg1 2 1 0 0 na na
10 65071.587350240069 0.013093306976 cfg1 2 1 0 0 na na
10 65071.590350345328 0.013093167843 cfg1 2 1 0 0 na na
10 65071.593350233802 0.013093068376 cfg1 2 1 0 0 na na
10 65071.596350246052 0.013092935931 cfg1 2 1 0 0 na na
10 65071.610350261807 0.013092360124 cfg1 2 1 0 0 na na
10 65071.612350242432 0.013092299464 cfg1 2 1 0 0 na na
10 65071.626350253727 0.013091723176 cfg1 2 1 0 0 na na
10 65071.634350243901 0.013091412583 cfg1 2 1 0 0 na na
10 65071.645350236478 0.013090975367 cfg1 2 1 0 0 na na
10 65071.650350262605 0.013090748990 cfg1 2 1 0 0 na na
10 65071.659350238849 0.013090413039 cfg1 2 1 0 0 na na
10 65071.664350277570 0.013090197154 cfg1 2 1 0 0 na na
10 65071.669350255240 0.013089991803 cfg1 2 1 0 0 na na
10 65071.685350319688 0.013089348513 cfg1 2 1 0 0 na na
10 65071.690350257122 0.013089149786 cfg1 2 1 0 0 na na
10 65071.692350247593 0.013089079433 cfg1 2 1 0 0 na na
10 65071.706350251170 0.013088510761 cfg1 2 1 0 0 na na
10 65071.716350251760 0.013088114903 cfg1 2 1 0 0 na na
10 65071.718350315617 0.013088016582 cfg1 2 1 0 0 na na
10 65071.721350294789 0.013087902788 cfg1 2 1 0 0 na na
10 65071.725350248104 0.013087748712 cfg1 2 1 0 0 na na
10 65071.726350238092 0.013087718477 cfg1 2 1 0 0 na na
10 65071.736350287019 0.013087302814 cfg1 2 1 0 0 na na
10 65071.743350259809 0.013087024770 cfg1 2 1 0 0 na na
10 65071.750350256243 0.013086744312 cfg1 2 1 0 0 na na
10 65071.754350245449 0.013086586489 cfg1 2 1 0 0 na na
10 65071.755350280580 0.013086548170 cfg1 2 1 0 0 na na
10 65071.759350250107 0.013086390401 cfg1 2 1 0 0 na na
10 65071.765350257787 0.013086134199 cfg1 2 1 0 0 na na
10 65071.771350234794 0.013085912105 cfg1 2 1 0 0 na na
10 65071.779350263675 0.013085572092 cfg1 2 1 0 0 na na
10 65071.784350249319 0.013085391180 cfg1 2 1 0 0 na na
10 65071.790350264889 0.013085121935 cfg1 2 1 0 0 na na
10 65071.794350290190 0.013084984733 cfg1 2 1 0 0 na na
10 65071.811350419139 0.013084283951 cfg1 2 1 0 0 na na
10 65071.813350245400 0.013084216662 cfg1 2 1 0 0 na na
10 65071.830350303688 0.013083514112 cfg1 2 1 0 0 na na
10 65071.842350242645 0.013083054187 cfg1 2 1 0 0 na na
10 65071.858350245444 0.013082406510 cfg1 2 1 0 0 na na
10 65071.896350277762 0.013080887773 cfg1 2 1 0 0 na na
10 65071.910350255496 0.013080316003 cfg1 2 1 0 0 na na
10 65071.912350332637 0.013080247628 cfg1 2 1 0 0 na na
10 65071.924350246243 0.013079755968 cfg1 2 1 0 0 na na
10 65071.927350315262 0.013079642521 cfg1 2 1 0 0 na na
10 65071.933350270062 0.013079390324 cfg1 2 1 0 0 na na
10 65071.934350253468 0.013079361149 cfg1 2 1 0 0 na na
10 65071.960350259719 0.013078314989 cfg1 2 1 0 0 na na
10 65071.978350323337 0.013077590824 cfg1 2 1 0 0 na na
10 65071.994350252300 0.013076942660 cfg1 2 1 0 0 na na
10 65071.999350264785 0.013076722310 cfg1 2 1 0 0 na na
10 65072.001350241882 0.013076665170 cfg1 2 1 0 0 na na
10 65072.015350250128 0.013076096759 cfg1 2 1 0 0 na na
10 65072.020350410716 0.013075879008 cfg1 2 1 0 0 na na
10 65072.027350242121 0.013075619834 cfg1 2 1 0 0 na na
10 65072.039350412185 0.013075115213 cfg1 2 1 0 0 na na
10 65072.047350302833 0.013074799287 cfg1 2 1 0 0 na na
10 65072.067350265224 0.013074009295 cfg1 2 1 0 0 na na
10 65072.079350269052 0.013073531278 cfg1 2 1 0 0 na na
10 65072.094350260728 0.013072911252 cfg1 2 1 0 0 na na
10 65072.146350270221 0.013070838184 cfg1 2 1 0 0 na na
10 65072.156350336451 0.013070429786 cfg1 2 1 0 0 na na
10 65072.169350285850 0.013069897790 cfg1 2 1 0 0 na na
10 65072.170350277243 0.013069861691 cfg1 2 1 0 0 na na
10 65072.175350263710 0.013069653259 cfg1 2 1 0 0 na na
10 65072.177350348580 0.013069600180 cfg1 2 1 0 0 na na
10 65072.186350387400 0.013069229692 cfg1 2 1 0 0 na na
10 65072.189350285113 0.013069100894 cfg1 2 1 0 0 na na
10 65072.194350316636 0.013068901563 cfg1 2 1 0 0 na na
10 65072.203350285918 0.013068553896 cfg1 2 1 0 0 na na
10 65072.210350328012 0.013068272195 cfg1 2 1 0 0 na na
10 65072.211350266146 0.013068205785 cfg1 2 1 0 0 na na
10 65072.220350248107 0.013067858870 cfg1 2 1 0 0 na na
10 65072.231350251640 0.013067430314 cfg1 2 1 0 0 na na
10 65072.247350355019 0.013066768122 cfg1 2 1 0 0 na na
10 65072.248350251624 0.013066743842 cfg1 2 1 0 0 na na
10 65072.263350240038 0.013066142027 cfg1 2 1 0 0 na na
10 65072.268350351303 0.013065930562 cfg1 2 1 0 0 na na
10 65072.278350378573 0.013065524789 cfg1 2 1 0 0 na na
10 65072.282350343232 0.013065366252 cfg1 2 1 0 0 na na
10 65072.303350257438 0.013064519284 cfg1 2 1 0 0 na na
10 65072.304350249289 0.013064487752 cfg1 2 1 0 0 na na
10 65072.307350385014 0.013064369337 cfg1 2 1 0 0 na na
10 65072.309350253370 0.013064278448 cfg1 2 1 0 0 na na
10 65072.317350254632 0.013063957144 cfg1 2 1 0 0 na na
10 65072.320350319424 0.013063841472 cfg1 2 1 0 0 na na
10 65072.333350382236 0.013063307450 cfg1 2 1 0 0 na na
10 65072.350350378051 0.013062648492 cfg1 2 1 0 0 na na
10 65072.408350322451 0.013060314194 cfg1 2 1 0 0 na na
10 65072.412350239887 0.013060157079 cfg1 2 1 0 0 na na
10 65072.431350257707 0.013059374220 cfg1 2 1 0 0 na na
10 65072.449350265098 0.013058646636 cfg1 2 1 0 0 na na
10 65072.482350242031 0.013057344831 cfg1 2 1 0 0 na na
10 65072.521350430878 0.013055757568 cfg1 2 1 0 0 na na
10 65072.533350245870 0.013055290965 cfg1 2 1 0 0 na na
10 65072.554350361524 0.013054451869 cfg1 2 1 0 0 na na
10 65072.581350258113 0.013053353677 cfg1 2 1 0 0 na na
10 65072.584350265777 0.013053250723 cfg1 2 1 0 0 na na
10 65072.588350247627 0.013053091185 cfg1 2 1 0 0 na na
10 65072.594350259062 0.013052827855 cfg1 2 1 0 0 na na
10 65072.598350272219 0.013052684747 cfg1 2 1 0 0 na na
10 65072.613350279880 0.013052069866 cfg1 2 1 0 0 na na
10 65072.615350317877 0.013051992984 cfg1 2 1 0 0 na na
10 65072.641350279809 0.013050963153 cfg1 2 1 0 0 na na
10 65072.673350243946 0.013049677481 cfg1 2 1 0 0 na na
10 65072.688350462098 0.013049055932 cfg1 2 1 0 0 na na
10 65072.708350288605 0.013048266502 cfg1 2 1 0 0 na na
10 65072.720350257582 0.013047781424 cfg1 2 1 0 0 na na
10 65072.732350263915 0.013047282829 cfg1 2 1 0 0 na na
10 65072.784350261188 0.013045211810 cfg1 2 1 0 0 na na
10 65072.792350368483 0.013044874541 cfg1 2 1 0 0 na na
10 65072.803350382501 0.013044432299 cfg1 2 1 0 0 na na
10 65072.814350262809 0.013043993974 cfg1 2 1 0 0 na na
10 65072.839350263248 0.013042988693 cfg1 2 1 0 0 na na
10 65072.847350406199 0.013042673784 cfg1 2 1 0 0 na na
10 65072.899350321798 0.013040578751 cfg1 2 1 0 0 na na
10 65072.989350259847 0.013036972202 cfg1 2 1 0 0 na na
10 65073.017350297504 0.013035848357 cfg1 2 1 0 0 na na
10 65073.030350260128 0.013035321870 cfg1 2 1 0 0 na na
10 65073.032350382187 0.013035255032 cfg1 2 1 0 0 na na
10 65073.057350242177 0.013034260015 cfg1 2 1 0 0 na na
10 65073.078350296658 0.013033402547 cfg1 2 1 0 0 na na
10 65073.091350263504 0.013032873521 cfg1 2 1 0 0 na na
10 65073.100350233063 0.013032538974 cfg1 2 1 0 0 na na
10 65073.122350238018 0.013031653999 cfg1 2 1 0 0 na na
10 65073.152350340587 0.013030442588 cfg1 2 1 0 0 na na
10 65073.177350270774 0.013029442079 cfg1 2 1 0 0 na na
10 65073.178350328196 0.013029385215 cfg1 2 1 0 0 na na
10 65073.179350357280 0.013029359512 cfg1 2 1 0 0 na na
10 65073.206350276947 0.013028266023 cfg1 2 1 0 0 na na
10 65073.251350371137 0.013026464387 cfg1 2 1 0 0 na na
10 65073.253350247381 0.013026384573 cfg1 2 1 0 0 na na
10 65073.259350288325 0.013026136291 cfg1 2 1 0 0 na na
10 65073.327350399428 0.013023417375 cfg1 2 1 0 0 na na
10 65073.348350269515 0.013022559099 cfg1 2 1 0 0 na na
10 65073.352350305894 0.013022404264 cfg1 2 1 0 0 na na
10 65073.407350317609 0.013020215758 cfg1 2 1 0 0 na na
10 65073.414350237647 0.013019934263 cfg1 2 1 0 0 na na
10 65073.420350391310 0.013019681341 cfg1 2 1 0 0 na na
10 65073.428350333929 0.013019366139 cfg1 2 1 0 0 na na
10 65073.432350293546 0.013019202009 cfg1 2 1 0 0 na na
10 65073.455350270906 0.013018266609 cfg1 2 1 0 0 na na
10 65073.467350412513 0.013017785793 cfg1 2 1 0 0 na na
10 65073.476350354424 0.013017448373 cfg1 2 1 0 0 na na
10 65073.519350249797 0.013015721465 cfg1 2 1 0 0 na na
10 65073.585350324377 0.013013064411 cfg1 2 1 0 0 na na
10 65073.594350338826 0.013012698906 cfg1 2 1 0 0 na na
10 65073.646350395775 0.013010611730 cfg1 2 1 0 0 na na
10 65073.648350248778 0.013010538042 cfg1 2 1 0 0 na na
10 65073.666350299971 0.013009826460 cfg1 2 1 0 0 na na
10 65073.686350270143 0.013008997458 cfg1 2 1 0 0 na na
10 65073.687350251245 0.013008970723 cfg1 2 1 0 0 na na
10 65073.692350345201 0.013008773913 cfg1 2 1 0 0 na na
10 65073.713350253644 0.013007923164 cfg1 2 1 0 0 na na
10 65073.749350240208 0.013006496775 cfg1 2 1 0 0 na na
10 65073.756350326087 0.013006198782 cfg1 2 1 0 0 na na
10 65073.774350237725 0.013005494195 cfg1 2 1 0 0 na na
10 65073.795350348878 0.013004639725 cfg1 2 1 0 0 na na
10 65073.802350242644 0.013004369097 cfg1 2 1 0 0 na na
10 65073.807350249517 0.013004157391 cfg1 2 1 0 0 na na
10 65073.808350331062 0.013004120969 cfg1 2 1 0 0 na na
10 65073.831350251023 0.013003195865 cfg1 2 1 0 0 na na
10 65073.861350255406 0.013001999083 cfg1 2 1 0 0 na na
10 65073.885350240339 0.013001041658 cfg1 2 1 0 0 na na
10 65073.899350237414 0.013000479320 cfg1 2 1 0 0 na na
10 65073.907350268082 0.013000152189 cfg1 2 1 0 0 na na
10 65073.915350410197 0.012999821255 cfg1 2 1 0 0 na na
10 65073.931350419765 0.012999187395 cfg1 2 1 0 0 na na
10 65074.003350254409 0.012996306589 cfg1 2 1 0 0 na na
10 65074.004350417849 0.012996264157 cfg1 2 1 0 0 na na
10 65074.026350416288 0.012995369843 cfg1 2 1 0 0 na na
10 65074.043350271345 0.012994687195 cfg1 2 1 0 0 na na
10 65074.104350266106 0.012992264521 cfg1 2 1 0 0 na na
10 65074.130350341960 0.012991217247 cfg1 2 1 0 0 na na
10 65074.192350331968 0.012988722266 cfg1 2 1 0 0 na na
10 65074.193350280935 0.012988679872 cfg1 2 1 0 0 na na
10 65074.239350320546 0.012986837815 cfg1 2 1 0 0 na na
10 65074.265350350286 0.012985787542 cfg1 2 1 0 0 na na
10 65074.276350365423 0.012985364074 cfg1 2 1 0 0 na na
10 65074.280350321157 0.012985186314 cfg1 2 1 0 0 na na
10 65074.303350294870 0.012984285480 cfg1 2 1 0 0 na na
10 65074.310350290032 0.012983999308 cfg1 2 1 0 0 na na
10 65074.321350240489 0.012983561652 cfg1 2 1 0 0 na na
10 65074.332350281610 0.012983119767 cfg1 2 1 0 0 na na
10 65074.334350259787 0.012983029041 cfg1 2 1 0 0 na na
10 65074.365350437414 0.012981795828 cfg1 2 1 0 0 na na
10 65074.573350241819 0.012973460479 cfg1 2 1 0 0 na na
10 65074.681350274207 0.012969118588 cfg1 2 1 0 0 na na
10 65074.909350340953 0.012959988147 cfg1 2 1 0 0 na na
10 65075.068350352420 0.012953621444 cfg1 2 1 0 0 na na
10 65075.174350272120 0.012949385359 cfg1 2 1 0 0 na na
10 65075.498350352380 0.012936395001 cfg1 2 1 0 0 na na
10 65075.748350288368 0.012926406132 cfg1 2 1 0 0 na na
10 65075.775350303953 0.012925305346 cfg1 2 1 0 0 na na
10 65075.987350277793 0.012916834557 cfg1 2 1 0 0 na na
10 65076.008350323656 0.012915994970 cfg1 2 1 0 0 na na
10 65076.013350267578 0.012915788386 cfg1 2 1 0 0 na na
10 65076.054350348418 0.012914149259 cfg1 2 1 0 0 na na
10 65076.064350332285 0.012913756411 cfg1 2 1 0 0 na na
10 65076.093350265924 0.012912576045 cfg1 2 1 0 0 na na
10 65076.168350343524 0.012909603555 cfg1 2 1 0 0 na na
10 65076.243350351372 0.012906590138 cfg1 2 1 0 0 na na
10 65076.388350249419 0.012900792369 cfg1 2 1 0 0 na na
10 65076.614350311612 0.012891743544 cfg1 2 1 0 0 na na
10 65076.684350333606 0.012888960935 cfg1 2 1 0 0 na na
10 65076.794350262011 0.012884563035 cfg1 2 1 0 0 na na
10 65076.948350346607 0.012878396920 cfg1 2 1 0 0 na na
10 65077.299350293802 0.012864379863 cfg1 2 1 0 0 na na
10 65077.389350340968 0.012860760463 cfg1 2 1 0 0 na na
10 65077.402350359100 0.012860256578 cfg1 2 1 0 0 na na
10 65077.516350270777 0.012855703280 cfg1 2 1 0 0 na na
10 65077.519350266911 0.012855570003 cfg1 2 1 0 0 na na
10 65077.540350320959 0.012854746551 cfg1 2 1 0 0 na na
10 65077.579350288746 0.012853193254 cfg1 2 1 0 0 na na
10 65077.697350311010 0.012848473848 cfg1 2 1 0 0 na na
10 65077.908350318098 0.012840044409 cfg1 2 1 0 0 na na
10 65077.942350331872 0.012838699558 cfg1 2 1 0 0 na na
10 65078.054350286637 0.012834220852 cfg1 2 1 0 0 na na
10 65078.067350300297 0.012833833401 cfg1 2 1 0 0 na na
10 65078.087350256373 0.012832899351 cfg1 2 1 0 0 na na
10 65078.102350268531 0.012832286801 cfg1 2 1 0 0 na na
10 65078.213350304091 0.012828005075 cfg1 2 1 0 0 na na
10 65078.262350307393 0.012826049318 cfg1 2 1 0 0 na na
10 65078.284350272184 0.012825171118 cfg1 2 1 0 0 na na
10 65078.318350275539 0.012823691291 cfg1 2 1 0 0 na na
10 65078.329350344995 0.012823237158 cfg1 2 1 0 0 na na
10 65078.333350269682 0.012823215441 cfg1 2 1 0 0 na na
10 65078.401350328922 0.012820360295 cfg1 2 1 0 0 na na
10 65078.494350317643 0.012816666997 cfg1 2 1 0 0 na na
10 65078.544350264077 0.012814647724 cfg1 2 1 0 0 na na
10 65078.584350237247 0.012813199080 cfg1 2 1 0 0 na na
10 65078.732350263634 0.012807294434 cfg1 2 1 0 0 na na
10 65078.746350386856 0.012806606477 cfg1 2 1 0 0 na na
10 65078.750350298478 0.012806443607 cfg1 2 1 0 0 na na
10 65078.761350302536 0.012806010211 cfg1 2 1 0 0 na na
10 65078.782350318839 0.012805149729 cfg1 2 1 0 0 na na
10 65078.795350310146 0.012804652840 cfg1 2 1 0 0 na na
10 65078.816350297774 0.012803808058 cfg1 2 1 0 0 na na
10 65078.895350287208 0.012800644487 cfg1 2 1 0 0 na na
10 65079.181350317629 0.012789386584 cfg1 2 1 0 0 na na
10 65079.195350318650 0.012788691538 cfg1 2 1 0 0 na na
10 65079.242350275622 0.012786824678 cfg1 2 1 0 0 na na
10 65079.278350354517 0.012785384077 cfg1 2 1 0 0 na na
10 65079.318350307841 0.012783924218 cfg1 2 1 0 0 na na
10 65079.412350363712 0.012780030958 cfg1 2 1 0 0 na na
10 65079.463350314472 0.012778143910 cfg1 2 1 0 0 na na
10 65079.486350299097 0.012777089943 cfg1 2 1 0 0 na na
10 65079.551350339238 0.012774491483 cfg1 2 1 0 0 na na
10 65079.565350300576 0.012773941561 cfg1 2 1 0 0 na na
10 65079.628350314063 0.012771440623 cfg1 2 1 0 0 na na
10 65079.655350301027 0.012770343278 cfg1 2 1 0 0 na na
10 65079.762350277857 0.012766104075 cfg1 2 1 0 0 na na
10 65079.771350246120 0.012765868618 cfg1 2 1 0 0 na na
10 65079.783350266183 0.012765263837 cfg1 2 1 0 0 na na
10 65079.885350292127 0.012761182139 cfg1 2 1 0 0 na na
10 65079.998350259257 0.012756677665 cfg1 2 1 0 0 na na
10 65080.025350311290 0.012755625279 cfg1 2 1 0 0 na na
10 65080.052350254291 0.012754542731 cfg1 2 1 0 0 na na
10 65080.098350318649 0.012752698222 cfg1 2 1 0 0 na na
10 65080.130350293765 0.012751433627 cfg1 2 1 0 0 na na
10 65080.236350327555 0.012747197093 cfg1 2 1 0 0 na na
10 65080.286350359055 0.012745211992 cfg1 2 1 0 0 na na
10 65080.291350288182 0.012745030320 cfg1 2 1 0 0 na na
10 65080.339350269662 0.012743242700 cfg1 2 1 0 0 na na
10 65080.342350337627 0.012742984390 cfg1 2 1 0 0 na na
10 65080.518350275342 0.012735967689 cfg1 2 1 0 0 na na
10 65080.754350269468 0.012726597554 cfg1 2 1 0 0 na na
10 65080.780350313324 0.012725685076 cfg1 2 1 0 0 na na
10 65080.866350310678 0.012722118222 cfg1 2 1 0 0 na na
10 65080.904350317573 0.012720750203 cfg1 2 1 0 0 na na
10 65080.921350335959 0.012719927588 cfg1 2 1 0 0 na na
10 65080.982350290551 0.012717503997 cfg1 2 1 0 0 na na
10 65081.248350273012 0.012707062834 cfg1 2 1 0 0 na na
10 65081.276350308718 0.012705800825 cfg1 2 1 0 0 na na
10 65081.290350303117 0.012705265612 cfg1 2 1 0 0 na na
10 65081.339350248693 0.012703308011 cfg1 2 1 0 0 na na
10 65081.390350338646 0.012701286356 cfg1 2 1 0 0 na na
10 65081.392350261981 0.012701193528 cfg1 2 1 0 0 na na
10 65081.739350279032 0.012687426009 cfg1 2 1 0 0 na na
10 65081.798350343896 0.012685095904 cfg1 2 1 0 0 na na
10 65082.073350292441 0.012674153931 cfg1 2 1 0 0 na na
10 65082.167350275027 0.012670479064 cfg1 2 1 0 0 na na
10 65082.312350267877 0.012664730318 cfg1 2 1 0 0 na na
10 65082.655350331157 0.012651116276 cfg1 2 1 0 0 na na
10 65082.722350264684 0.012648463750 cfg1 2 1 0 0 na na
10 65082.789350243578 0.012645802990 cfg1 2 1 0 0 na na
10 65082.971350333063 0.012638552680 cfg1 2 1 0 0 na na
10 65083.216350281551 0.012628837066 cfg1 2 1 0 0 na na
10 65083.307350300128 0.012625240210 cfg1 2 1 0 0 na na
10 65083.347350277585 0.012623648566 cfg1 2 1 0 0 na na
10 65083.436350282410 0.012620111307 cfg1 2 1 0 0 na na
10 65083.617350284095 0.012612916110 cfg1 2 1 0 0 na na
10 65083.655350307733 0.012611429560 cfg1 2 1 0 0 na na
10 65083.748350270882 0.012607722238 cfg1 2 1 0 0 na na
10 65083.775350273978 0.012606661935 cfg1 2 1 0 0 na na
10 65083.789350337320 0.012606099240 cfg1 2 1 0 0 na na
10 65084.054350282141 0.012595615297 cfg1 2 1 0 0 na na
10 65084.101350277255 0.012593749403 cfg1 2 1 0 0 na na
10 65084.140350317912 0.012592187512 cfg1 2 1 0 0 na na
10 65084.176350295544 0.012590783118 cfg1 2 1 0 0 na na
10 65084.201350293166 0.012589777497 cfg1 2 1 0 0 na na
10 65084.222350326664 0.012588939360 cfg1 2 1 0 0 na na
10 65084.410350302286 0.012581487006 cfg1 2 1 0 0 na na
10 65084.622350293684 0.012573085313 cfg1 2 1 0 0 na na
10 65084.683350302647 0.012570677657 cfg1 2 1 0 0 na na
10 65084.781350249585 0.012566801277 cfg1 2 2 0 0 na na
10 65084.838350276599 0.012564529244 cfg1 2 1 0 0 na na
10 65084.930350268527 0.012560881498 cfg1 2 1 0 0 na na
10 65084.934350311675 0.012560737666 cfg1 2 1 0 0 na na
10 65084.943350295758 0.012560373991 cfg1 2 1 0 0 na na
10 65084.961350278463 0.012559663853 cfg1 2 1 0 0 na na
10 65084.974350246838 0.012559135387 cfg1 2 1 0 0 na na
10 65085.045350272892 0.012556325542 cfg1 2 1 0 0 na na
10 65085.202350322233 0.012550125044 cfg1 2 1 0 0 na na
10 65085.218350270585 0.012549491236 cfg1 2 1 0 0 na na
10 65085.485350302294 0.012538919464 cfg1 2 1 0 0 na na
10 65085.649350282925 0.012532423910 cfg1 2 1 0 0 na na
10 65085.714350289422 0.012529845698 cfg1 2 1 0 0 na na
10 65085.748350318824 0.012528520606 cfg1 2 1 0 0 na na
10 65085.783350297860 0.012527130381 cfg1 2 1 0 0 na na
10 65085.834350312568 0.012525118055 cfg1 2 1 0 0 na na
10 65085.950350324238 0.012520505199 cfg1 2 1 0 0 na na
10 65085.982350339027 0.012519261544 cfg1 2 1 0 0 na na
10 65086.145350317943 0.012512795359 cfg1 2 1 0 0 na na
10 65086.181350301868 0.012511389031 cfg1 2 1 0 0 na na
10 65086.227350311588 0.012509550744 cfg1 2 1 0 0 na na
10 65086.254350298863 0.012508499406 cfg1 2 1 0 0 na na
10 65086.329350332487 0.012505508196 cfg1 2 1 0 0 na na
10 65086.342350329544 0.012505001843 cfg1 2 1 0 0 na na
10 65086.550350316091 0.012496770095 cfg1 2 1 0 0 na na
10 65086.568350289319 0.012496067835 cfg1 2 1 0 0 na na
10 65086.628350294542 0.012493696969 cfg1 2 1 0 0 na na
10 65086.761350282264 0.012488448244 cfg1 2 1 0 0 na na
10 65086.836350250259 0.012485471576 cfg1 2 1 0 0 na na
10 65086.857350252151 0.012484639718 cfg1 2 1 0 0 na na
10 65086.915350315239 0.012482354372 cfg1 2 1 0 0 na na
10 65087.051350280946 0.012476995855 cfg1 2 1 0 0 na na
10 65087.170350322430 0.012472278736 cfg1 2 1 0 0 na na
10 65087.181350248842 0.012471843223 cfg1 2 1 0 0 na na
10 65087.186350287877 0.012471648730 cfg1 2 1 0 0 na na
10 65087.317350247478 0.012466474393 cfg1 2 1 0 0 na na
10 65087.413350281888 0.012462698119 cfg1 2 1 0 0 na na
10 65087.546350312554 0.012457424292 cfg1 2 1 0 0 na na
10 65087.582350294576 0.012456003865 cfg1 2 1 0 0 na na
10 65087.706350260207 0.012451101795 cfg1 2 1 0 0 na na
10 65087.774350303417 0.012448428050 cfg1 2 1 0 0 na na
10 65087.910350275262 0.012443058142 cfg1 2 1 0 0 na na
10 65088.098350266272 0.012435630771 cfg1 2 1 0 0 na na
10 65088.222350312006 0.012430753336 cfg1 2 1 0 0 na na
10 65088.268350325777 0.012428943071 cfg1 2 1 0 0 na na
10 65088.336350310923 0.012426262955 cfg1 2 1 0 0 na na
10 65088.380350321099 0.012424508847 cfg1 2 1 0 0 na na
10 65088.436350328460 0.012422304517 cfg1 2 1 0 0 na na
10 65088.525350316332 0.012418800921 cfg1 2 1 0 0 na na
10 65088.548350298514 0.012417894204 cfg1 2 1 0 0 na na
10 65088.632350260989 0.012414581183 cfg1 2 1 0 0 na na
10 65088.636350332771 0.012414423175 cfg1 2 1 0 0 na na
10 65088.719350266397 0.012411135870 cfg1 2 1 0 0 na na
10 65088.875350257874 0.012404994028 cfg1 2 1 0 0 na na
10 65088.899350312099 0.012404038246 cfg1 2 1 0 0 na na
10 65088.919350363802 0.012403266597 cfg1 2 1 0 0 na na
10 65088.931350276915 0.012402785544 cfg1 2 1 0 0 na na
10 65088.988350298109 0.012400528160 cfg1 2 1 0 0 na na
10 65089.204350343054 0.012392032781 cfg1 2 1 0 0 na na
10 65089.366350236525 0.012385660281 cfg1 2 1 0 0 na na
10 65089.442350336555 0.012382643146 cfg1 2 1 0 0 na na
10 65089.478350308974 0.012381237289 cfg1 2 1 0 0 na na
10 65089.499350295038 0.012380410101 cfg1 2 1 0 0 na na
10 65089.510350291484 0.012379976695 cfg1 2 1 0 0 na na
10 65089.511350278394 0.012379937427 cfg1 2 1 0 0 na na
10 65089.535350283031 0.012378992051 cfg1 2 1 0 0 na na
10 65089.582350334561 0.012377140709 cfg1 2 1 0 0 na na
10 65089.743350261266 0.012370799972 cfg1 2 1 0 0 na na
10 65089.761350279631 0.012370091143 cfg1 2 1 0 0 na na
10 65089.778350283153 0.012369417666 cfg1 2 1 0 0 na na
10 65089.781350255677 0.012369296289 cfg1 2 1 0 0 na na
10 65089.911350276102 0.012364184984 cfg1 2 1 0 0 na na
10 65089.912350307846 0.012364145484 cfg1 2 1 0 0 na na
10 65089.925350299062 0.012363644329 cfg1 2 1 0 0 na na
10 65090.006350268894 0.012360444777 cfg1 2 1 0 0 na na
10 65090.031350361585 0.012359460621 cfg1 2 1 0 0 na na
10 65090.033350292550 0.012359381949 cfg1 2 1 0 0 na na
10 65090.053350340159 0.012358594657 cfg1 2 1 0 0 na na
10 65090.065350259018 0.012358120742 cfg1 2 1 0 0 na na
10 65090.142350284355 0.012355091427 cfg1 2 2 0 0 na na
10 65090.202350306984 0.012352729889 cfg1 2 2 0 0 na na
10 65090.209350360307 0.012352460747 cfg1 2 1 0 0 na na
10 65090.217350262130 0.012352124764 cfg1 2 1 0 0 na na
10 65090.220350327152 0.012352004074 cfg1 2 1 0 0 na na
10 65090.438350246019 0.012343445983 cfg1 2 1 0 0 na na
10 65090.444350282767 0.012343207583 cfg1 2 1 0 0 na na
10 65090.456350277620 0.012342727075 cfg1 2 1 0 0 na na
10 65090.523350303608 0.012340098832 cfg1 2 1 0 0 na na
10 65090.581350296995 0.012337817147 cfg1 2 1 0 0 na na
10 65090.646350287655 0.012335260403 cfg1 2 1 0 0 na na
10 65090.689350321312 0.012333565345 cfg1 2 1 0 0 na na
10 65090.692350306367 0.012333451026 cfg1 2 1 0 0 na na
10 65090.709350307094 0.012332782335 cfg1 2 1 0 0 na na
10 65090.730350288466 0.012331948214 cfg1 2 1 0 0 na na
10 65090.758350274117 0.012330855199 cfg1 2 2 0 0 na na
10 65090.812350284734 0.012328726698 cfg1 2 1 0 0 na na
10 65090.823350301431 0.012328298795 cfg1 2 1 0 0 na na
10 65090.824350329542 0.012328259489 cfg1 2 1 0 0 na na
10 65090.852350297695 0.012327158341 cfg1 2 1 0 0 na na
10 65090.937350339992 0.012323805742 cfg1 2 1 0 0 na na
10 65090.942350312247 0.012323619388 cfg1 2 1 0 0 na na
10 65090.943350299840 0.012323580135 cfg1 2 2 0 0 na na
10 65090.968350340531 0.012322597043 cfg1 2 1 0 0 na na
10 65090.979350299049 0.012322151331 cfg1 2 1 0 0 na na
10 65090.987350247345 0.012321850039 cfg1 2 2 0 0 na na
10 65091.024350348674 0.012320398739 cfg1 2 1 0 0 na na
10 65091.070350276608 0.012318586834 cfg1 2 2 0 0 na na
10 65091.079350344790 0.012318228516 cfg1 2 1 0 0 na na
10 65091.106350265412 0.012317171624 cfg1 2 2 0 0 na na
10 65091.107350338618 0.012317132219 cfg1 2 2 0 0 na na
10 65091.142350293958 0.012315756398 cfg1 2 2 0 0 na na
10 65091.152350361804 0.012315363285 cfg1 2 2 0 0 na na
10 65091.228350351233 0.012312376533 cfg1 2 1 0 0 na na
10 65091.256350320491 0.012311283855 cfg1 2 1 0 0 na na
10 65091.350350285856 0.012307580995 cfg1 2 2 0 0 na na
10 65091.356350250601 0.012307353910 cfg1 2 1 0 0 na na
10 65091.392350298309 0.012305926721 cfg1 2 1 0 0 na na
10 65091.393350287109 0.012305891142 cfg1 2 2 0 0 na na
10 65091.394350263844 0.012305849644 cfg1 2 1 0 0 na na
10 65091.464350259370 0.012303101092 cfg1 2 1 0 0 na na
10 65091.487350293964 0.012302197363 cfg1 2 1 0 0 na na
10 65091.529350306700 0.012300547140 cfg1 2 1 0 0 na na
10 65091.532350277055 0.012300431220 cfg1 2 1 0 0 na na
10 65091.548350308619 0.012299800595 cfg1 2 1 0 0 na na
10 65091.619350301543 0.012297011262 cfg1 2 2 0 0 na na
10 65091.642350291410 0.012296107639 cfg1 2 2 0 0 na na
10 65091.697350309655 0.012293946991 cfg1 2 1 0 0 na na
10 65091.735350299993 0.012292454363 cfg1 2 2 0 0 na na
10 65091.781350323378 0.012290630246 cfg1 2 1 0 0 na na
10 65091.784350346364 0.012290529700 cfg1 2 2 0 0 na na
10 65091.798350343498 0.012289979839 cfg1 2 2 0 0 na na
10 65091.809350305298 0.012289536598 cfg1 2 1 0 0 na na
10 65091.817350255904 0.012289226147 cfg1 2 1 0 0 na na
10 65091.862350332735 0.012287466182 cfg1 2 1 0 0 na na
10 65091.864350278903 0.012287387634 cfg1 2 1 0 0 na na
10 65091.870350364448 0.012287152009 cfg1 2 2 0 0 na na
10 65091.919350316278 0.012285227656 cfg1 2 1 0 0 na na
10 65091.921350313735 0.012285158098 cfg1 2 1 0 0 na na
10 65091.926350350862 0.012284952769 cfg1 2 1 0 0 na na
10 65091.971350353744 0.012283185591 cfg1 2 2 0 0 na na
10 65091.973350287326 0.012283106265 cfg1 2 1 0 0 na na
10 65092.037350307398 0.012280594059 cfg1 2 2 0 0 na na
10 65092.042350326158 0.012280397699 cfg1 2 2 0 0 na na
10 65092.058350351629 0.012279769464 cfg1 2 2 0 0 na na
10 65092.077350328183 0.012279008367 cfg1 2 1 0 0 na na
10 65092.257350335232 0.012271957040 cfg1 2 2 0 0 na na
10 65092.281350330346 0.012271014891 cfg1 2 2 0 0 na na
10 65092.335350343010 0.012268886319 cfg1 2 1 0 0 na na
10 65092.365350303032 0.012267717875 cfg1 2 2 0 0 na na
10 65092.380350324569 0.012267129123 cfg1 2 1 0 0 na na
10 65092.469350360574 0.012263636308 cfg1 2 1 0 0 na na
10 65092.491350336221 0.012262772965 cfg1 2 1 0 0 na na
10 65092.530350321284 0.012261242633 cfg1 2 2 0 0 na na
10 65092.540350274567 0.012260832494 cfg1 2 1 0 0 na na
10 65092.544350278178 0.012260693119 cfg1 2 1 0 0 na na
10 65092.545350257252 0.012260654007 cfg1 2 2 0 0 na na
10 65092.559350366024 0.012260104621 cfg1 2 1 0 0 na na
10 65092.563350346201 0.012259936837 cfg1 2 1 0 0 na na
10 65092.578350239035 0.012259367991 cfg1 2 1 0 0 na na
10 65092.675350239146 0.012255563178 cfg1 2 1 0 0 na na
10 65092.699350269448 0.012254607103 cfg1 2 1 0 0 na na
10 65092.734350306186 0.012253238673 cfg1 2 1 0 0 na na
10 65092.742350322869 0.012252924907 cfg1 2 2 0 0 na na
10 65092.756350326621 0.012252375522 cfg1 2 1 0 0 na na
10 65092.763350296568 0.012252101052 cfg1 2 1 0 0 na na
10 65092.769350319072 0.012251865779 cfg1 2 2 0 0 na na
10 65092.782350297563 0.012251355764 cfg1 2 2 0 0 na na
10 65092.792350277098 0.012250963510 cfg1 2 2 0 0 na na
10 65092.793350325903 0.012250924231 cfg1 2 2 0 0 na na
10 65092.807350353942 0.012250375090 cfg1 2 2 0 0 na na
10 65092.883350303571 0.012247382623 cfg1 2 1 0 0 na na
10 65092.908350279421 0.012246424234 cfg1 2 1 0 0 na na
10 65092.911350330362 0.012246295928 cfg1 2 2 0 0 na na
10 65092.927350298136 0.012245668407 cfg1 2 2 0 0 na na
10 65092.934350314893 0.012245393797 cfg1 2 2 0 0 na na
10 65092.963350248275 0.012244256515 cfg1 2 2 0 0 na na
10 65093.000350358636 0.012242804509 cfg1 2 1 0 0 na na
10 65093.023350331511 0.012241903519 cfg1 2 2 0 0 na na
10 65093.028350273869 0.012241714367 cfg1 2 1 0 0 na na
10 65093.057350303295 0.012240570390 cfg1 2 2 0 0 na na
10 65093.058350321431 0.012240530956 cfg1 2 1 0 0 na na
10 65093.073350298915 0.012239942848 cfg1 2 2 0 0 na na
10 65093.091350358391 0.012239236990 cfg1 2 1 0 0 na na
10 65093.124350343261 0.012237943087 cfg1 2 2 0 0 na na
10 65093.126350286248 0.012237864659 cfg1 2 1 0 0 na na
10 65093.186350288034 0.012235512186 cfg1 2 1 0 0 na na
10 65093.197350238192 0.012235088779 cfg1 2 1 0 0 na na
10 65093.265350330350 0.012232422506 cfg1 2 1 0 0 na na
10 65093.286350323031 0.012231591859 cfg1 2 2 0 0 na na
10 65093.301350328194 0.012231003788 cfg1 2 2 0 0 na na
10 65093.307350304239 0.012230768592 cfg1 2 2 0 0 na na
10 65093.311350303845 0.012230611827 cfg1 2 1 0 0 na na
10 65093.322350319889 0.012230177962 cfg1 2 1 0 0 na na
10 65093.347350308278 0.012229200608 cfg1 2 2 0 0 na na
10 65093.353350309820 0.012228965402 cfg1 2 2 0 0 na na
10 65093.394350282230 0.012227358362 cfg1 2 2 0 0 na na
10 65093.426350334116 0.012226104132 cfg1 2 2 0 0 na na
10 65093.436350299178 0.012225698035 cfg1 2 1 0 0 na na
10 65093.443350315126 0.012225437902 cfg1 2 2 0 0 na na
10 65093.453350291637 0.012225045969 cfg1 2 2 0 0 na na
10 65093.526350346294 0.012222184955 cfg1 2 2 0 0 na na
10 65093.548350310152 0.012221322795 cfg1 2 2 0 0 na na
10 65093.646350309244 0.012217476734 cfg1 2 1 0 0 na na
10 65093.681350298366 0.012216111251 cfg1 2 1 0 0 na na
10 65093.759350273570 0.012213038217 cfg1 2 1 0 0 na na
10 65093.777350267455 0.012212350216 cfg1 2 2 0 0 na na
10 65093.796350279241 0.012211610742 cfg1 2 1 0 0 na na
10 65093.800350338795 0.012211434776 cfg1 2 1 0 0 na na
10 65093.875350315983 0.012208511146 cfg1 2 1 0 0 na na
10 65093.895350269147 0.012207727811 cfg1 2 2 0 0 na na
10 65093.899350290653 0.012207571084 cfg1 2 2 0 0 na na
10 65093.911350324223 0.012207087825 cfg1 2 1 0 0 na na
10 65093.924350308173 0.012206583517 cfg1 2 1 0 0 na na
10 65093.957350258940 0.012205299320 cfg1 2 2 0 0 na na
10 65094.070350280956 0.012200873854 cfg1 2 2 0 0 na na
10 65094.104350326118 0.012199542353 cfg1 2 1 0 0 na na
10 65094.145350293597 0.012197936905 cfg1 2 2 0 0 na na
10 65094.149350364697 0.012197780568 cfg1 2 2 0 0 na na
10 65094.157350329160 0.012197467070 cfg1 2 2 0 0 na na
10 65094.206350300893 0.012195556544 cfg1 2 1 0 0 na na
10 65094.233350283978 0.012194491883 cfg1 2 1 0 0 na na
10 65094.306350327269 0.012191633302 cfg1 2 2 0 0 na na
10 65094.307350324591 0.012191594087 cfg1 2 1 0 0 na na
10 65094.323350318010 0.012190967814 cfg1 2 2 0 0 na na
10 65094.345350290291 0.012190106544 cfg1 2 2 0 0 na na
10 65094.451350265941 0.012185958040 cfg1 2 1 0 0 na na
10 65094.460350313500 0.012185605034 cfg1 2 2 0 0 na na
10 65094.502350293960 0.012183969450 cfg1 2 1 0 0 na na
10 65094.506350354363 0.012183794111 cfg1 2 1 0 0 na na
10 65094.531350322231 0.012182835217 cfg1 2 1 0 0 na na
10 65094.612350343827 0.012179644065 cfg1 2 1 0 0 na na
10 65094.656350281486 0.012177934374 cfg1 2 1 0 0 na na
10 65094.730350334385 0.012175036687 cfg1 2 1 0 0 na na
10 65094.760350298478 0.012173865136 cfg1 2 1 0 0 na na
10 65094.782350331811 0.012173004381 cfg1 2 1 0 0 na na
10 65094.833350344955 0.012171009164 cfg1 2 1 0 0 na na
10 65094.950350299780 0.012166444591 cfg1 2 1 0 0 na na
10 65094.981350341164 0.012165230654 cfg1 2 1 0 0 na na
10 65095.054350315302 0.012162365589 cfg1 2 1 0 0 na na
10 65095.055350307656 0.012162325514 cfg1 2 1 0 0 na na
10 65095.127350346692 0.012159509870 cfg1 2 2 0 0 na na
10 65095.328350284904 0.012151650461 cfg1 2 1 0 0 na na
10 65095.330350309149 0.012151572392 cfg1 2 1 0 0 na na
10 65095.366350317766 0.012150164979 cfg1 2 1 0 0 na na
10 65095.367350262334 0.012150125844 cfg1 2 1 0 0 na na
10 65095.389350284927 0.012149265779 cfg1 2 1 0 0 na na
10 65095.409350311624 0.012148483956 cfg1 2 1 0 0 na na
10 65095.491350314790 0.012145278660 cfg1 2 1 0 0 na na
10 65095.504350315278 0.012144782971 cfg1 2 1 0 0 na na
10 65095.506350301233 0.012144692397 cfg1 2 1 0 0 na na
10 65095.512350298785 0.012144457901 cfg1 2 2 0 0 na na
10 65095.513350295873 0.012144409740 cfg1 2 1 0 0 na na
10 65095.553350303350 0.012142855381 cfg1 2 1 0 0 na na
10 65095.591350250516 0.012141370278 cfg1 2 2 0 0 na na
10 65095.600350307318 0.012141018615 cfg1 2 2 0 0 na na
10 65095.645350345234 0.012139259890 cfg1 2 1 0 0 na na
10 65095.766350308675 0.012134531803 cfg1 2 2 0 0 na na
10 65095.790350367528 0.012133579428 cfg1 2 1 0 0 na na
10 65095.821350372540 0.012132394449 cfg1 2 1 0 0 na na
10 65095.919350336850 0.012128554339 cfg1 2 1 0 0 na na
10 65096.063350327977 0.012122929606 cfg1 2 1 0 0 na na
10 65096.082350346735 0.012122183152 cfg1 2 1 0 0 na na
10 65096.150350362149 0.012119525015 cfg1 2 1 0 0 na na
10 65096.160350327181 0.012119136178 cfg1 2 1 0 0 na na
10 65096.202350367570 0.012117501242 cfg1 2 1 0 0 na na
10 65096.206350268382 0.012117345071 cfg1 2 1 0 0 na na
10 65096.211350356020 0.012117143018 cfg1 2 1 0 0 na na
10 65096.236350347313 0.012116179985 cfg1 2 1 0 0 na na
10 65096.257350328419 0.012115353612 cfg1 2 1 0 0 na na
10 65096.258350375542 0.012115327235 cfg1 2 1 0 0 na na
10 65096.302350263181 0.012113596600 cfg1 2 1 0 0 na na
10 65096.313350368333 0.012113167019 cfg1 2 1 0 0 na na
10 65096.333350285602 0.012112386261 cfg1 2 2 0 0 na na
10 65096.449350324569 0.012107857687 cfg1 2 2 0 0 na na
10 65096.472350337488 0.012106953220 cfg1 2 1 0 0 na na
10 65096.505350325021 0.012105665054 cfg1 2 1 0 0 na na
10 65096.590350295616 0.012102354085 cfg1 2 2 0 0 na na
10 65096.613350326608 0.012101456419 cfg1 2 1 0 0 na na
10 65096.626350311978 0.012100949104 cfg1 2 2 0 0 na na
10 65096.633350292711 0.012100675907 cfg1 2 2 0 0 na na
10 65096.655350293570 0.012099828172 cfg1 2 1 0 0 na na
10 65096.667350309014 0.012099348996 cfg1 2 1 0 0 na na
10 65096.734350334676 0.012096734495 cfg1 2 2 0 0 na na
10 65096.744350357861 0.012096344395 cfg1 2 2 0 0 na na
10 65096.765350307933 0.012095524886 cfg1 2 2 0 0 na na
10 65096.788350324260 0.012094627403 cfg1 2 2 0 0 na na
10 65096.828350344730 0.012093066704 cfg1 2 2 0 0 na na
10 65096.834350243117 0.012092838842 cfg1 2 1 0 0 na na
10 65096.840350303072 0.012092598570 cfg1 2 2 0 0 na na
10 65096.877350328474 0.012091165504 cfg1 2 1 0 0 na na
10 65096.897350334813 0.012090374854 cfg1 2 2 0 0 na na
10 65096.937350283853 0.012088814307 cfg1 2 2 0 0 na na
10 65096.961350336972 0.012087874461 cfg1 2 1 0 0 na na
10 65097.029350285458 0.012085225621 cfg1 2 2 0 0 na na
10 65097.044350339112 0.012084627709 cfg1 2 1 0 0 na na
10 65097.097350329644 0.012082573340 cfg1 2 2 0 0 na na
10 65097.149350305091 0.012080545298 cfg1 2 1 0 0 na na
10 65097.311350302712 0.012074228194 cfg1 2 2 0 0 na na
10 65097.337350320263 0.012073214425 cfg1 2 1 0 0 na na
10 65097.520350332920 0.012066080312 cfg1 2 1 0 0 na na
10 65097.581350320808 0.012063702700 cfg1 2 1 0 0 na na
10 65097.697350277745 0.012059181922 cfg1 2 1 0 0 na na
10 65097.790350289103 0.012055558604 cfg1 2 2 0 0 na na
10 65097.966350315889 0.012048685879 cfg1 2 1 0 0 na na
10 65098.030350274237 0.012046208117 cfg1 2 1 0 0 na na
10 65098.052350297934 0.012045348198 cfg1 2 1 0 0 na na
10 65098.079350309569 0.012044289137 cfg1 2 1 0 0 na na
10 65098.158350279598 0.012041222671 cfg1 2 1 0 0 na na
10 65098.192350314405 0.012039898494 cfg1 2 1 0 0 na na
10 65098.201350323643 0.012039552739 cfg1 2 1 0 0 na na
10 65098.225350291827 0.012038613381 cfg1 2 1 0 0 na na
10 65098.257350342542 0.012037367407 cfg1 2 1 0 0 na na
10 65098.258350286338 0.012037328756 cfg1 2 1 0 0 na na
10 65098.289350343073 0.012036121308 cfg1 2 1 0 0 na na
10 65098.345350341441 0.012033941484 cfg1 2 1 0 0 na na
10 65098.372350287078 0.012032889679 cfg1 2 1 0 0 na na
10 65098.400350335209 0.012031799534 cfg1 2 1 0 0 na na
10 65098.407350356955 0.012031527102 cfg1 2 2 0 0 na na
10 65098.408350246868 0.012031490017 cfg1 2 1 0 0 na na
10 65098.475350284427 0.012028891172 cfg1 2 1 0 0 na na
10 65098.500350379592 0.012027906661 cfg1 2 1 0 0 na na
10 65098.503350322746 0.012027789928 cfg1 2 2 0 0 na na
10 65098.513350312769 0.012027400616 cfg1 2 1 0 0 na na
10 65098.551350297844 0.012025921523 cfg1 2 2 0 0 na na
10 65098.587350287896 0.012024520253 cfg1 2 1 0 0 na na
10 65098.602350316760 0.012023936451 cfg1 2 2 0 0 na na
10 65098.630350366052 0.012022846717 cfg1 2 2 0 0 na na
10 65098.654350303027 0.012021912651 cfg1 2 2 0 0 na na
10 65098.662350251327 0.012021601324 cfg1 2 2 0 0 na na
10 65098.673350278750 0.012021173238 cfg1 2 2 0 0 na na
10 65098.683350271188 0.012020772620 cfg1 2 1 0 0 na na
10 65098.695350372123 0.012020317048 cfg1 2 2 0 0 na na
10 65098.743350322090 0.012018449210 cfg1 2 2 0 0 na na
10 65098.746350319333 0.012018332428 cfg1 2 2 0 0 na na
10 65098.771350331507 0.012017359602 cfg1 2 2 0 0 na na
10 65098.814350299621 0.012015686493 cfg1 2 2 0 0 na na
10 65098.828350337870 0.012015141799 cfg1 2 2 0 0 na na
10 65098.850350324816 0.012014286246 cfg1 2 1 0 0 na na
10 65098.857350287049 0.012014018099 cfg1 2 1 0 0 na na
10 65098.889350285778 0.012012768433 cfg1 2 2 0 0 na na
10 65098.926350292760 0.012011328955 cfg1 2 2 0 0 na na
10 65098.935350327588 0.012010978775 cfg1 2 1 0 0 na na
10 65098.991350330543 0.012008800364 cfg1 2 2 0 0 na na
10 65099.021350286415 0.012007633451 cfg1 2 2 0 0 na na
10 65099.052350287812 0.012006427618 cfg1 2 2 0 0 na na
10 65099.053350366888 0.012006388699 cfg1 2 2 0 0 na na
10 65099.075350318768 0.012005543955 cfg1 2 1 0 0 na na
10 65099.082350314821 0.012005260764 cfg1 2 2 0 0 na na
10 65099.086350337413 0.012005105149 cfg1 2 2 0 0 na na
10 65099.137350306358 0.012003121668 cfg1 2 2 0 0 na na
10 65099.191350304655 0.012001021505 cfg1 2 1 0 0 na na
10 65099.215350297334 0.012000076592 cfg1 2 1 0 0 na na
10 65099.246350307119 0.011998882747 cfg1 2 2 0 0 na na
10 65099.248350320618 0.011998817715 cfg1 2 1 0 0 na na
10 65099.251350247887 0.011998692088 cfg1 2 1 0 0 na na
10 65099.270350342221 0.011997949826 cfg1 2 1 0 0 na na
10 65099.274350331432 0.011997793968 cfg1 2 2 0 0 na na
10 65099.296350279073 0.011996924386 cfg1 2 1 0 0 na na
10 65099.352350296659 0.011994772819 cfg1 2 1 0 0 na na
10 65099.406350310383 0.011992661733 cfg1 2 2 0 0 na na
10 65099.447350367739 0.011991067823 cfg1 2 2 0 0 na na
10 65099.464350296114 0.011990407015 cfg1 2 2 0 0 na na
10 65099.504350282413 0.011988851992 cfg1 2 1 0 0 na na
10 65099.538350325874 0.011987530659 cfg1 2 2 0 0 na na
10 65099.544350315515 0.011987297213 cfg1 2 1 0 0 na na
10 65099.577350307577 0.011986014588 cfg1 2 2 0 0 na na
10 65099.598350298090 0.011985198344 cfg1 2 1 0 0 na na
10 65099.637350333609 0.011983682643 cfg1 2 2 0 0 na na
10 65099.663350347709 0.011982672227 cfg1 2 2 0 0 na na
10 65099.689350277175 0.011981661777 cfg1 2 2 0 0 na na
10 65099.743350284844 0.011979575055 cfg1 2 1 0 0 na na
10 65099.748350295521 0.011979369075 cfg1 2 2 0 0 na na
10 65099.777350277381 0.011978245885 cfg1 2 1 0 0 na na
10 65099.783350279412 0.011978009065 cfg1 2 2 0 0 na na
10 65099.841350259295 0.011975742910 cfg1 2 1 0 0 na na
10 65099.845350353972 0.011975600106 cfg1 2 2 0 0 na na
10 65099.883350273371 0.011974123712 cfg1 2 1 0 0 na na
10 65099.979350330608 0.011970394259 cfg1 2 1 0 0 na na
10 65100.010350287124 0.011969190137 cfg1 2 2 0 0 na na
10 65100.051350273910 0.011967597501 cfg1 2 2 0 0 na na
10 65100.075350274990 0.011966665355 cfg1 2 1 0 0 na na
10 65100.078350265097 0.011966548831 cfg1 2 1 0 0 na na
10 65100.085350265327 0.011966277019 cfg1 2 2 0 0 na na
10 65100.112350279139 0.011965228309 cfg1 2 2 0 0 na na
10 65100.117350274155 0.011965034132 cfg1 2 2 0 0 na na
10 65100.126350337962 0.011964684613 cfg1 2 1 0 0 na na
10 65100.139350322292 0.011964179697 cfg1 2 2 0 0 na na
10 65100.154350312058 0.011963597133 cfg1 2 2 0 0 na na
10 65100.215350294536 0.011961228253 cfg1 2 2 0 0 na na
10 65100.224350342418 0.011960878752 cfg1 2 2 0 0 na na
10 65100.229350304819 0.011960684597 cfg1 2 2 0 0 na na
10 65100.243350285085 0.011960140944 cfg1 2 2 0 0 na na
10 65100.285350262949 0.011958510657 cfg1 2 1 0 0 na na
10 65100.286350338415 0.011958471285 cfg1 2 1 0 0 na na
10 65100.352350296217 0.011955908757 cfg1 2 1 0 0 na na
10 65100.382350289825 0.011954743988 cfg1 2 1 0 0 na na
10 65100.448350352712 0.011952181766 cfg1 2 1 0 0 na na
10 65100.458350281764 0.011951793543 cfg1 2 1 0 0 na na
10 65100.481350313376 0.011950889246 cfg1 2 1 0 0 na na
10 65100.487350316777 0.011950667862 cfg1 2 1 0 0 na na
10 65100.546350282848 0.011948377726 cfg1 2 1 0 0 na na
10 65100.574350293848 0.011947291016 cfg1 2 1 0 0 na na
10 65100.596350288829 0.011946447735 cfg1 2 1 0 0 na na
10 65100.656350307983 0.011944108547 cfg1 2 1 0 0 na na
10 65100.661350284302 0.011943914514 cfg1 2 1 0 0 na na
10 65100.669350334456 0.011943607626 cfg1 2 1 0 0 na na
10 65100.685350271017 0.011942983159 cfg1 2 1 0 0 na na
10 65100.698350299877 0.011942478617 cfg1 2 1 0 0 na na
10 65100.700350336962 0.011942401089 cfg1 2 1 0 0 na na
10 65100.744350294476 0.011940693603 cfg1 2 1 0 0 na na
10 65100.780350281032 0.011939296719 cfg1 2 1 0 0 na na
10 65100.830350254393 0.011937356769 cfg1 2 1 0 0 na na
10 65100.831350316406 0.011937317952 cfg1 2 1 0 0 na na
10 65100.841350336653 0.011936929949 cfg1 2 2 0 0 na na
10 65100.889350315620 0.011935067735 cfg1 2 1 0 0 na na
10 65100.890350266521 0.011935028905 cfg1 2 1 0 0 na na
10 65100.926350329289 0.011933632405 cfg1 2 2 0 0 na na
10 65100.954350353537 0.011932546077 cfg1 2 2 0 0 na na
10 65101.060350304266 0.011928434581 cfg1 2 1 0 0 na na
10 65101.092350346580 0.011927199712 cfg1 2 1 0 0 na na
10 65101.105350264855 0.011926689268 cfg1 2 1 0 0 na na
10 65101.109350288969 0.011926534164 cfg1 2 1 0 0 na na
10 65101.118350273026 0.011926185048 cfg1 2 1 0 0 na na
10 65101.122350311044 0.011926029941 cfg1 2 1 0 0 na na
10 65101.135350255554 0.011925526474 cfg1 2 1 0 0 na na
10 65101.152350340447 0.011924866509 cfg1 2 1 0 0 na na
10 65101.157350312969 0.011924672664 cfg1 2 1 0 0 na na
10 65101.163350341564 0.011924439949 cfg1 2 1 0 0 na na
10 65101.212350263795 0.011922539781 cfg1 2 1 0 0 na na
10 65101.225350291586 0.011922035787 cfg1 2 1 0 0 na na
10 65101.230350353840 0.011921841889 cfg1 2 1 0 0 na na
10 65101.258350326711 0.011920756112 cfg1 2 1 0 0 na na
10 65101.295350308987 0.011919321511 cfg1 2 1 0 0 na na
10 65101.297350301816 0.011919243958 cfg1 2 1 0 0 na na
10 65101.323350279981 0.011918247075 cfg1 2 1 0 0 na na
10 65101.355350346436 0.011916994505 cfg1 2 1 0 0 na na
10 65101.395350307063 0.011915444507 cfg1 2 1 0 0 na na
10 65101.411350294533 0.011914824227 cfg1 2 1 0 0 na na
10 65101.418350241790 0.011914575117 cfg1 2 1 0 0 na na
10 65101.446350303936 0.011913490083 cfg1 2 1 0 0 na na
10 65101.454350298650 0.011913172732 cfg1 2 1 0 0 na na
10 65101.610350262909 0.011907118984 cfg1 2 1 0 0 na na
10 65101.680350262298 0.011904423340 cfg1 2 1 0 0 na na
10 65101.743350275820 0.011901992421 cfg1 2 1 0 0 na na
10 65101.753350241760 0.011901605179 cfg1 2 1 0 0 na na
10 65101.853350248316 0.011897728523 cfg1 2 1 0 0 na na
10 65102.043350296800 0.011890380662 cfg1 2 1 0 0 na na
10 65102.245350339680 0.011882550977 cfg1 2 1 0 0 na na
10 65102.293350337828 0.011880690785 cfg1 2 1 0 0 na na
10 65102.295350274371 0.011880614511 cfg1 2 1 0 0 na na
10 65102.339350310653 0.011878898686 cfg1 2 1 0 0 na na
10 65102.389350259710 0.011876972190 cfg1 2 1 0 0 na na
10 65102.473350318698 0.011873725070 cfg1 2 1 0 0 na na
10 65102.533350264149 0.011871392397 cfg1 2 1 0 0 na na
10 65102.728350293970 0.011863857556 cfg1 2 1 0 0 na na
10 65102.732350258666 0.011863710524 cfg1 2 1 0 0 na na
10 65103.037350310051 0.011851904537 cfg1 2 2 0 0 na na
10 65103.065350320109 0.011850832853 cfg1 2 1 0 0 na na
10 65103.306350322487 0.011841506957 cfg1 2 1 0 0 na na
10 65103.339350320213 0.011840221407 cfg1 2 1 0 0 na na
10 65103.343350323798 0.011840085075 cfg1 2 1 0 0 na na
10 65103.503350262708 0.011833879609 cfg1 2 1 0 0 na na
10 65103.519350345135 0.011833259391 cfg1 2 1 0 0 na na
10 65103.642350244672 0.011828522386 cfg1 2 1 0 0 na na
10 65103.703350268092 0.011826172418 cfg1 2 1 0 0 na na
10 65103.759350267167 0.011823984518 cfg1 2 1 0 0 na na
10 65103.850350317087 0.011820491783 cfg1 2 1 0 0 na na
10 65103.946350249886 0.011816772129 cfg1 2 1 0 0 na na
10 65104.106350261164 0.011810585787 cfg1 2 1 0 0 na na
10 65104.185350265455 0.011807533787 cfg1 2 1 0 0 na na
10 65104.481350289434 0.011796109413 cfg1 2 1 0 0 na na
10 65104.507350269429 0.011795097516 cfg1 2 1 0 0 na na
10 65104.508350313552 0.011795071156 cfg1 2 1 0 0 na na
10 65104.549350276085 0.011793470968 cfg1 2 1 0 0 na na
10 65104.609350274546 0.011791174187 cfg1 2 1 0 0 na na
10 65104.878350298623 0.011780775289 cfg1 2 1 0 0 na na
10 65104.908350278941 0.011779617950 cfg1 2 1 0 0 na na
10 65105.007350294003 0.011775797093 cfg1 2 1 0 0 na na
10 65105.041350250171 0.011774516976 cfg1 2 1 0 0 na na
10 65105.072350284779 0.011773287322 cfg1 2 1 0 0 na na
10 65105.073350342290 0.011773242694 cfg1 2 1 0 0 na na
10 65105.075350273332 0.011773195039 cfg1 2 1 0 0 na na
10 65105.077350341875 0.011773107144 cfg1 2 1 0 0 na na
10 65105.139350263720 0.011770723310 cfg1 2 1 0 0 na na
10 65105.159350266637 0.011769950438 cfg1 2 1 0 0 na na
10 65105.241350291535 0.011766765942 cfg1 2 1 0 0 na na
10 65105.359350271343 0.011762235426 cfg1 2 1 0 0 na na
10 65105.489350319536 0.011757218559 cfg1 2 1 0 0 na na
10 65105.518350299728 0.011756116997 cfg1 2 1 0 0 na na
10 65105.551350290355 0.011754834851 cfg1 2 1 0 0 na na
10 65105.583350291699 0.011753585995 cfg1 2 1 0 0 na na
10 65105.697350341310 0.011749194264 cfg1 2 1 0 0 na na
10 65105.700350317102 0.011749078676 cfg1 2 1 0 0 na na
10 65105.724350273081 0.011748173853 cfg1 2 1 0 0 na na
10 65105.741350303048 0.011747499401 cfg1 2 1 0 0 na na
10 65105.813350265761 0.011744751025 cfg1 2 1 0 0 na na
10 65105.876350284684 0.011742307360 cfg1 2 1 0 0 na na
10 65105.882350280712 0.011742081302 cfg1 2 1 0 0 na na
10 65105.885350298434 0.011741953360 cfg1 2 1 0 0 na na
10 65105.913350313440 0.011740875108 cfg1 2 1 0 0 na na
10 65106.027350335365 0.011736485539 cfg1 2 1 0 0 na na
10 65106.040350324340 0.011735987220 cfg1 2 1 0 0 na na
10 65106.065350351569 0.011735022406 cfg1 2 1 0 0 na na
10 65106.084350278589 0.011734312765 cfg1 2 1 0 0 na na
10 65106.124350332218 0.011732751558 cfg1 2 1 0 0 na na
10 65106.150350350418 0.011731750233 cfg1 2 1 0 0 na na
10 65106.164350270218 0.011731232046 cfg1 2 1 0 0 na na
10 65106.267350294288 0.011727246866 cfg1 2 1 0 0 na na
10 65106.302350276135 0.011725910865 cfg1 2 1 0 0 na na
10 65106.345350268363 0.011724263625 cfg1 2 1 0 0 na na
10 65106.358350319633 0.011723744665 cfg1 2 1 0 0 na na
10 65106.367350341152 0.011723387825 cfg1 2 1 0 0 na na
10 65106.487350310062 0.011718770190 cfg1 2 1 0 0 na na
10 65106.491350331507 0.011718627068 cfg1 2 1 0 0 na na
10 65106.494350306191 0.011718511673 cfg1 2 1 0 0 na na
10 65106.501350278836 0.011718253103 cfg1 2 1 0 0 na na
10 65106.511350275758 0.011717871216 cfg1 2 1 0 0 na na
10 65106.524350292821 0.011717357485 cfg1 2 1 0 0 na na
10 65106.525350306247 0.011717318927 cfg1 2 1 0 0 na na
10 65106.547350278913 0.011716483290 cfg1 2 1 0 0 na na
10 65106.556350315606 0.011716126383 cfg1 2 1 0 0 na na
10 65106.569350360565 0.011715626246 cfg1 2 1 0 0 na na
10 65106.586350289936 0.011714972318 cfg1 2 1 0 0 na na
10 65106.633350271665 0.011713180203 cfg1 2 1 0 0 na na
10 65106.653350305169 0.011712394999 cfg1 2 1 0 0 na na
10 65106.714350303669 0.011710048836 cfg1 2 2 0 0 na na
10 65106.726350312940 0.011709585674 cfg1 2 1 0 0 na na
10 65106.942350379397 0.011701281212 cfg1 2 2 0 0 na na
10 65106.985350277403 0.011699639424 cfg1 2 1 0 0 na na
10 65106.996350285524 0.011699206567 cfg1 2 1 0 0 na na
10 65107.011350290925 0.011698628421 cfg1 2 1 0 0 na na
10 65107.044350357724 0.011697373355 cfg1 2 1 0 0 na na
10 65107.106350326540 0.011694976547 cfg1 2 1 0 0 na na
10 65107.128350311181 0.011694130949 cfg1 2 1 0 0 na na
10 65107.166350272403 0.011692684432 cfg1 2 1 0 0 na na
10 65107.173350321380 0.011692401319 cfg1 2 1 0 0 na na
10 65107.177350322611 0.011692247594 cfg1 2 1 0 0 na na
10 65107.196350286899 0.011691517461 cfg1 2 2 0 0 na na
10 65107.239350298273 0.011689864844 cfg1 2 2 0 0 na na
10 65107.271350286325 0.011688635540 cfg1 2 1 0 0 na na
10 65107.326350315133 0.011686521652 cfg1 2 2 0 0 na na
10 65107.344350309040 0.011685822642 cfg1 2 1 0 0 na na
10 65107.364350368694 0.011685072901 cfg1 2 1 0 0 na na
10 65107.382350314097 0.011684368534 cfg1 2 1 0 0 na na
10 65107.415350318728 0.011683102067 cfg1 2 1 0 0 na na
10 65107.456350352419 0.011681526903 cfg1 2 1 0 0 na na
10 65107.469350309887 0.011681042179 cfg1 2 1 0 0 na na
10 65107.479350307495 0.011680643415 cfg1 2 2 0 0 na na
10 65107.486350274193 0.011680387927 cfg1 2 1 0 0 na na
10 65107.514350282582 0.011679299244 cfg1 2 1 0 0 na na
10 65107.533350337155 0.011678568966 cfg1 2 2 0 0 na na
10 65107.535350287797 0.011678489058 cfg1 2 1 0 0 na na
10 65107.536350342273 0.011678453748 cfg1 2 2 0 0 na na
10 65107.559350280832 0.011677575779 cfg1 2 1 0 0 na na
10 65107.564350346551 0.011677384647 cfg1 2 1 0 0 na na
10 65107.566350280084 0.011677313206 cfg1 2 1 0 0 na na
10 65107.642350352933 0.011674372708 cfg1 2 1 0 0 na na
10 65107.752350360646 0.011670158076 cfg1 2 2 0 0 na na
10 65107.773350288505 0.011669348331 cfg1 2 1 0 0 na na
10 65107.780350331484 0.011669082991 cfg1 2 1 0 0 na na
10 65107.813350315034 0.011667806226 cfg1 2 1 0 0 na na
10 65107.825350334456 0.011667355102 cfg1 2 2 0 0 na na
10 65107.826350297655 0.011667304686 cfg1 2 1 0 0 na na
10 65107.836350300246 0.011666932732 cfg1 2 2 0 0 na na
10 65107.848350302902 0.011666472053 cfg1 2 2 0 0 na na
10 65107.854350349911 0.011666241643 cfg1 2 2 0 0 na na
10 65107.914350329256 0.011663938182 cfg1 2 2 0 0 na na
10 65108.090350327848 0.011657182870 cfg1 2 1 0 0 na na
10 65108.127350329467 0.011655762521 cfg1 2 2 0 0 na na
10 65108.146350282390 0.011655029436 cfg1 2 1 0 0 na na
10 65108.154350337915 0.011654726427 cfg1 2 2 0 0 na na
10 65108.227350325132 0.011651919396 cfg1 2 1 0 0 na na
10 65108.253350324794 0.011650927451 cfg1 2 1 0 0 na na
10 65108.255350315285 0.011650837294 cfg1 2 1 0 0 na na
10 65108.285350308090 0.011649699746 cfg1 2 2 0 0 na na
10 65108.287350392777 0.011649622949 cfg1 2 1 0 0 na na
10 65108.289350330896 0.011649546273 cfg1 2 2 0 0 na na
10 65108.313350327650 0.011648625502 cfg1 2 2 0 0 na na
10 65108.330350297742 0.011647973231 cfg1 2 2 0 0 na na
10 65108.349350318717 0.011647244426 cfg1 2 2 0 0 na na
10 65108.389350335043 0.011645709884 cfg1 2 2 0 0 na na
10 65108.450350318814 0.011643369829 cfg1 2 1 0 0 na na
10 65108.472350288309 0.011642525999 cfg1 2 1 0 0 na na
10 65108.494350322885 0.011641682241 cfg1 2 2 0 0 na na
10 65108.498350314355 0.011641529000 cfg1 2 1 0 0 na na
10 65108.501350325584 0.011641454646 cfg1 2 1 0 0 na na
10 65108.510350283896 0.011641057887 cfg1 2 1 0 0 na na
10 65108.550350312051 0.011639534454 cfg1 2 2 0 0 na na
10 65108.583350282531 0.011638268903 cfg1 2 2 0 0 na na
10 65108.612350354583 0.011637156714 cfg1 2 1 0 0 na na
10 65108.644350305425 0.011635929715 cfg1 2 2 0 0 na na
10 65108.652350297641 0.011635622853 cfg1 2 1 0 0 na na
10 65108.655350298477 0.011635507877 cfg1 2 2 0 0 na na
10 65108.675350316816 0.011634740953 cfg1 2 2 0 0 na na
10 65108.681350326565 0.011634513452 cfg1 2 1 0 0 na na
10 65108.684350323848 0.011634395961 cfg1 2 2 0 0 na na
10 65108.718350354976 0.011633092288 cfg1 2 2 0 0 na na
10 65108.741350288996 0.011632210360 cfg1 2 1 0 0 na na
10 65108.767350335782 0.011631213539 cfg1 2 1 0 0 na na
10 65108.781350341645 0.011630676899 cfg1 2 2 0 0 na na
10 65108.811350292804 0.011629526685 cfg1 2 1 0 0 na na
10 65108.858350280967 0.011627710936 cfg1 2 1 0 0 na na
10 65108.864350263262 0.011627509319 cfg1 2 1 0 0 na na
10 65108.880350301139 0.011626881797 cfg1 2 2 0 0 na na
10 65108.951350259315 0.011624167641 cfg1 2 1 0 0 na na
10 65108.989350307973 0.011622703927 cfg1 2 1 0 0 na na
10 65109.009350334628 0.011621937434 cfg1 2 2 0 0 na na
10 65109.043350259555 0.011620642578 cfg1 2 1 0 0 na na
10 65109.074350335292 0.011619446638 cfg1 2 2 0 0 na na
10 65109.133350309716 0.011617185810 cfg1 2 2 0 0 na na
10 65109.150350363401 0.011616534445 cfg1 2 1 0 0 na na
10 65109.156350302787 0.011616304478 cfg1 2 2 0 0 na na
10 65109.168350374192 0.011615844731 cfg1 2 2 0 0 na na
10 65109.179350351452 0.011615423291 cfg1 2 2 0 0 na na
10 65109.234350310285 0.011613316150 cfg1 2 2 0 0 na na
10 65109.261350323229 0.011612281829 cfg1 2 2 0 0 na na
10 65109.281350313393 0.011611515662 cfg1 2 2 0 0 na na
10 65109.288350276348 0.011611247512 cfg1 2 2 0 0 na na
10 65109.299350316734 0.011610813020 cfg1 2 1 0 0 na na
10 65109.351350325842 0.011608834349 cfg1 2 2 0 0 na na
10 65109.387350315147 0.011607455392 cfg1 2 2 0 0 na na
10 65109.402350336945 0.011606880944 cfg1 2 2 0 0 na na
10 65109.406350323607 0.011606727742 cfg1 2 2 0 0 na na
10 65109.419350280137 0.011606230172 cfg1 2 2 0 0 na na
10 65109.426350341263 0.011605962424 cfg1 2 1 0 0 na na
10 65109.430350324553 0.011605808529 cfg1 2 2 0 0 na na
10 65109.470350294504 0.011604287562 cfg1 2 1 0 0 na na
10 65109.483350337294 0.011603778800 cfg1 2 2 0 0 na na
10 65109.501350355239 0.011603089540 cfg1 2 2 0 0 na na
10 65109.564350323828 0.011600677143 cfg1 2 2 0 0 na na
10 65109.595350285070 0.011599490186 cfg1 2 2 0 0 na na
10 65109.633350294318 0.011598035292 cfg1 2 2 0 0 na na
10 65109.669350318729 0.011596666859 cfg1 2 1 0 0 na na
10 65109.671350305789 0.011596580380 cfg1 2 1 0 0 na na
10 65109.714350250943 0.011594940990 cfg1 2 1 0 0 na na
10 65109.807350302643 0.011591374415 cfg1 2 1 0 0 na na
10 65109.836350342314 0.011590273732 cfg1 2 1 0 0 na na
10 65109.873350283687 0.011588848515 cfg1 2 2 0 0 na na
10 65109.879350288509 0.011588618772 cfg1 2 2 0 0 na na
10 65109.988350304120 0.011584462659 cfg1 2 1 0 0 na na
10 65110.061350304912 0.011581654467 cfg1 2 1 0 0 na na
10 65110.114350366266 0.011579627231 cfg1 2 2 0 0 na na
10 65110.124350276637 0.011579244343 cfg1 2 2 0 0 na na
10 65110.162350246890 0.011577800153 cfg1 2 1 0 0 na na
10 65110.169350292660 0.011577522811 cfg1 2 1 0 0 na na
10 65110.176350319744 0.011577255087 cfg1 2 2 0 0 na na
10 65110.180350332851 0.011577109079 cfg1 2 1 0 0 na na
10 65110.318350284462 0.011571823830 cfg1 2 1 0 0 na na
10 65110.337350254817 0.011571097055 cfg1 2 1 0 0 na na
10 65110.352350299257 0.011570525611 cfg1 2 1 0 0 na na
10 65110.394350283522 0.011568925581 cfg1 2 1 0 0 na na
10 65110.407350302244 0.011568422980 cfg1 2 1 0 0 na na
10 65110.419350309426 0.011567958417 cfg1 2 1 0 0 na na
10 65110.434350304710 0.011567388566 cfg1 2 1 0 0 na na
10 65110.435350368482 0.011567349762 cfg1 2 2 0 0 na na
10 65110.437350298507 0.011567273206 cfg1 2 1 0 0 na na
10 65110.477350324743 0.011565743817 cfg1 2 1 0 0 na na
10 65110.495350267013 0.011565050112 cfg1 2 1 0 0 na na
10 65110.583350306396 0.011561691457 cfg1 2 2 0 0 na na
10 65110.659350300832 0.011558786209 cfg1 2 1 0 0 na na
10 65110.710350322338 0.011556836960 cfg1 2 2 0 0 na na
10 65110.770350286025 0.011554543857 cfg1 2 1 0 0 na na
10 65110.797350346518 0.011553511682 cfg1 2 1 0 0 na na
10 65110.849350324839 0.011551524942 cfg1 2 1 0 0 na na
10 65110.863350314385 0.011550990127 cfg1 2 1 0 0 na na
10 65110.944350266038 0.011547895231 cfg1 2 2 0 0 na na
10 65111.038350317844 0.011544304164 cfg1 2 1 0 0 na na
10 65111.054350320154 0.011543680060 cfg1 2 1 0 0 na na
10 65111.316350316215 0.011533692502 cfg1 2 1 0 0 na na
10 65111.329350299900 0.011533204157 cfg1 2 1 0 0 na na
10 65111.347350262410 0.011532503517 cfg1 2 1 0 0 na na
10 65111.352350292354 0.011532307263 cfg1 2 1 0 0 na na
10 65111.373350274579 0.011531510854 cfg1 2 1 0 0 na na
10 65111.415350340120 0.011529918140 cfg1 2 1 0 0 na na
10 65111.420350331469 0.011529721586 cfg1 2 1 0 0 na na
10 65111.456350330862 0.011528342320 cfg1 2 2 0 0 na na
10 65111.464350328126 0.011528036868 cfg1 2 2 0 0 na na
10 65111.470350306235 0.011527808224 cfg1 2 2 0 0 na na
10 65111.484350284850 0.011527273465 cfg1 2 2 0 0 na na
10 65111.485350299649 0.011527235232 cfg1 2 2 0 0 na na
10 65111.490350301986 0.011527044454 cfg1 2 2 0 0 na na
10 65111.551350273611 0.011524716030 cfg1 2 2 0 0 na na
10 65111.554350333572 0.011524601495 cfg1 2 1 0 0 na na
10 65111.559350320710 0.011524410707 cfg1 2 2 0 0 na na
10 65111.650350284378 0.011520937849 cfg1 2 2 0 0 na na
10 65111.668350353771 0.011520259822 cfg1 2 1 0 0 na na
10 65111.691350311966 0.011519373152 cfg1 2 2 0 0 na na
10 65111.734350318303 0.011517732460 cfg1 2 2 0 0 na na
10 65111.753350295826 0.011517007456 cfg1 2 2 0 0 na na
10 65111.757350325374 0.011516862130 cfg1 2 1 0 0 na na
10 65111.786350328104 0.011515748294 cfg1 2 1 0 0 na na
10 65111.791350305374 0.011515557578 cfg1 2 2 0 0 na na
10 65111.792350309248 0.011515519445 cfg1 2 2 0 0 na na
10 65111.813350345350 0.011514718283 cfg1 2 2 0 0 na na
10 65111.828350376081 0.011514146017 cfg1 2 2 0 0 na na
10 65111.871350296092 0.011512505646 cfg1 2 2 0 0 na na
10 65111.922350291501 0.011510560084 cfg1 2 1 0 0 na na
10 65111.977350322753 0.011508462261 cfg1 2 2 0 0 na na
10 65111.991350287753 0.011507928295 cfg1 2 2 0 0 na na
10 65112.026350301544 0.011506602973 cfg1 2 1 0 0 na na
10 65112.069350284238 0.011504958399 cfg1 2 1 0 0 na na
10 65112.070350311387 0.011504915451 cfg1 2 2 0 0 na na
10 65112.111350267940 0.011503357589 cfg1 2 1 0 0 na na
10 65112.139350320427 0.011502285423 cfg1 2 1 0 0 na na
10 65112.145350328556 0.011502055434 cfg1 2 1 0 0 na na
10 65112.180350303419 0.011500720947 cfg1 2 1 0 0 na na
10 65112.334350338408 0.011494849955 cfg1 2 2 0 0 na na
10 65112.335350280569 0.011494811798 cfg1 2 2 0 0 na na
10 65112.358350248678 0.011493938187 cfg1 2 1 0 0 na na
10 65112.378350319868 0.011493159429 cfg1 2 1 0 0 na na
10 65112.400350274595 0.011492334247 cfg1 2 2 0 0 na na
10 65112.402350282691 0.011492258043 cfg1 2 2 0 0 na na
10 65112.440350304592 0.011490809744 cfg1 2 2 0 0 na na
10 65112.450350284364 0.011490428558 cfg1 2 2 0 0 na na
10 65112.475350285574 0.011489475859 cfg1 2 2 0 0 na na
10 65112.494350306351 0.011488751702 cfg1 2 2 0 0 na na
10 65112.542350302742 0.011486926928 cfg1 2 1 0 0 na na
10 65112.543350286426 0.011486884665 cfg1 2 2 0 0 na na
10 65112.548350282291 0.011486694369 cfg1 2 1 0 0 na na
10 65112.563350319054 0.011486122384 cfg1 2 2 0 0 na na
10 65112.568350375459 0.011485931832 cfg1 2 2 0 0 na na
10 65112.596350316860 0.011484865083 cfg1 2 2 0 0 na na
10 65112.613350285561 0.011484217313 cfg1 2 2 0 0 na na
10 65112.614350341960 0.011484179119 cfg1 2 2 0 0 na na
10 65112.616350263869 0.011484103016 cfg1 2 2 0 0 na na
10 65112.645350292795 0.011482998822 cfg1 2 2 0 0 na na
10 65112.689350238928 0.011481337817 cfg1 2 1 0 0 na na
10 65112.698350291926 0.011480984279 cfg1 2 1 0 0 na na
10 65112.713350297366 0.011480416386 cfg1 2 1 0 0 na na
10 65112.735350288377 0.011479569445 cfg1 2 2 0 0 na na
10 65112.742350339842 0.011479302759 cfg1 2 2 0 0 na na
10 65112.747350297034 0.011479117550 cfg1 2 1 0 0 na na
10 65112.797350239161 0.011477222859 cfg1 2 1 0 0 na na
10 65112.836350333226 0.011475722305 cfg1 2 2 0 0 na na
10 65112.852350321137 0.011475112922 cfg1 2 2 0 0 na na
10 65112.881350328863 0.011474008414 cfg1 2 2 0 0 na na
10 65112.895350254561 0.011473488469 cfg1 2 1 0 0 na na
10 65112.915350264972 0.011472713587 cfg1 2 2 0 0 na na
10 65112.945350291681 0.011471571133 cfg1 2 2 0 0 na na
10 65112.957350287062 0.011471114283 cfg1 2 2 0 0 na na
10 65112.958350290538 0.011471076083 cfg1 2 2 0 0 na na
10 65112.969350321874 0.011470657247 cfg1 2 2 0 0 na na
10 65112.972350273936 0.011470543055 cfg1 2 2 0 0 na na
10 65112.980350281120 0.011470238489 cfg1 2 2 0 0 na na
10 65113.002350290385 0.011469400864 cfg1 2 2 0 0 na na
10 65113.007350281775 0.011469210319 cfg1 2 2 0 0 na na
10 65113.025350274250 0.011468524978 cfg1 2 2 0 0 na na
10 65113.054350256772 0.011467420780 cfg1 2 2 0 0 na na
10 65113.067350306286 0.011466925868 cfg1 2 2 0 0 na na
10 65113.101350313896 0.011465631435 cfg1 2 2 0 0 na na
10 65113.146350325222 0.011463918305 cfg1 2 2 0 0 na na
10 65113.147350308852 0.011463894882 cfg1 2 1 0 0 na na
10 65113.174350316834 0.011462852417 cfg1 2 2 0 0 na na
10 65113.197350334091 0.011461976949 cfg1 2 2 0 0 na na
10 65113.235350301871 0.011460530580 cfg1 2 2 0 0 na na
10 65113.265350245700 0.011459396071 cfg1 2 1 0 0 na na
10 65113.288350301695 0.011458513360 cfg1 2 2 0 0 na na
10 65113.306350341875 0.011457828417 cfg1 2 2 0 0 na na
10 65113.396350298257 0.011454403390 cfg1 2 1 0 0 na na
10 65113.405350260680 0.011454060959 cfg1 2 2 0 0 na na
10 65113.417350325475 0.011453598370 cfg1 2 1 0 0 na na
10 65113.439350249515 0.011452767328 cfg1 2 2 0 0 na na
10 65113.448350310200 0.011452424820 cfg1 2 2 0 0 na na
10 65113.454350313929 0.011452196552 cfg1 2 2 0 0 na na
10 65113.474350242517 0.011451444413 cfg1 2 1 0 0 na na
10 65113.524350280018 0.011449533392 cfg1 2 2 0 0 na na
10 65113.548350326198 0.011448636587 cfg1 2 1 0 0 na na
10 65113.580350260651 0.011447395880 cfg1 2 1 0 0 na na
10 65113.585350333858 0.011447212810 cfg1 2 2 0 0 na na
10 65113.595350335678 0.011446832396 cfg1 2 1 0 0 na na
10 65113.630350243117 0.011445508877 cfg1 2 1 0 0 na na
10 65113.631350340405 0.011445475760 cfg1 2 1 0 0 na na
10 65113.642350345674 0.011445044721 cfg1 2 2 0 0 na na
10 65113.652350259245 0.011444657647 cfg1 2 1 0 0 na na
10 65113.680350301522 0.011443599348 cfg1 2 2 0 0 na na
10 65113.681350290946 0.011443561258 cfg1 2 1 0 0 na na
10 65113.693350324617 0.011443105036 cfg1 2 2 0 0 na na
10 65113.699350292976 0.011442876749 cfg1 2 2 0 0 na na
10 65113.700350325642 0.011442838679 cfg1 2 1 0 0 na na
10 65113.705350263982 0.011442648503 cfg1 2 1 0 0 na na
10 65113.714350327632 0.011442306273 cfg1 2 2 0 0 na na
10 65113.720350290128 0.011442078036 cfg1 2 1 0 0 na na
10 65113.726350318997 0.011441849877 cfg1 2 2 0 0 na na
10 65113.730350265120 0.011441701841 cfg1 2 1 0 0 na na
10 65113.766350307357 0.011440328752 cfg1 2 2 0 0 na na
10 65113.784350267921 0.011439639343 cfg1 2 1 0 0 na na
10 65113.851350293183 0.011437096643 cfg1 2 2 0 0 na na
10 65113.854350317010 0.011436982463 cfg1 2 1 0 0 na na
10 65113.873350320471 0.011436259995 cfg1 2 1 0 0 na na
10 65113.886350302551 0.011435765737 cfg1 2 1 0 0 na na
10 65113.985350323618 0.011432002111 cfg1 2 2 0 0 na na
10 65113.986350270627 0.011431964096 cfg1 2 2 0 0 na na
10 65113.987350285475 0.011431926062 cfg1 2 2 0 0 na na
10 65114.001350258031 0.011431388906 cfg1 2 1 0 0 na na
10 65114.093350267067 0.011427896914 cfg1 2 2 0 0 na na
10 65114.098350293450 0.011427706913 cfg1 2 2 0 0 na na
10 65114.110350235606 0.011427266684 cfg1 2 1 0 0 na na
10 65114.117350291599 0.011426984753 cfg1 2 2 0 0 na na
10 65114.118350315623 0.011426946799 cfg1 2 2 0 0 na na
10 65114.130350259518 0.011426482431 cfg1 2 1 0 0 na na
10 65114.137350292805 0.011426224676 cfg1 2 2 0 0 na na
10 65114.147350323884 0.011425844618 cfg1 2 2 0 0 na na
10 65114.153350334216 0.011425616588 cfg1 2 2 0 0 na na
10 65114.174350301830 0.011424818578 cfg1 2 2 0 0 na na
10 65114.195350247131 0.011424024903 cfg1 2 1 0 0 na na
10 65114.199350300261 0.011423873224 cfg1 2 1 0 0 na na
10 65114.205350285713 0.011423640516 cfg1 2 2 0 0 na na
10 65114.215350254094 0.011423260491 cfg1 2 2 0 0 na na
10 65114.220350315257 0.011423070531 cfg1 2 2 0 0 na na
10 65114.259350288894 0.011421588665 cfg1 2 2 0 0 na na
10 65114.345350255648 0.011418321119 cfg1 2 2 0 0 na na
10 65114.399350277943 0.011416269717 cfg1 2 2 0 0 na na
10 65114.422350334476 0.011415396063 cfg1 2 2 0 0 na na
10 65114.428350348787 0.011415168075 cfg1 2 2 0 0 na na
10 65114.429350288180 0.011415130160 cfg1 2 2 0 0 na na
10 65114.438350308750 0.011414788237 cfg1 2 2 0 0 na na
10 65114.440350279500 0.011414712296 cfg1 2 2 0 0 na na
10 65114.443350276631 0.011414598325 cfg1 2 2 0 0 na na
10 65114.446350308867 0.011414500511 cfg1 2 1 0 0 na na
10 65114.485350251619 0.011413005074 cfg1 2 1 0 0 na na
10 65114.487350282699 0.011412938608 cfg1 2 1 0 0 na na
10 65114.492350278863 0.011412725019 cfg1 2 1 0 0 na na
10 65114.516350279268 0.011411825629 cfg1 2 2 0 0 na na
10 65114.519350297963 0.011411711660 cfg1 2 2 0 0 na na
10 65114.521350335433 0.011411635812 cfg1 2 2 0 0 na na
10 65114.523350267856 0.011411559827 cfg1 2 2 0 0 na na
10 65114.610350292307 0.011408255759 cfg1 2 2 0 0 na na
10 65114.649350325167 0.011406774806 cfg1 2 2 0 0 na na
10 65114.652350284753 0.011406660895 cfg1 2 2 0 0 na na
10 65114.664350264139 0.011406205255 cfg1 2 2 0 0 na na
10 65114.668350337179 0.011406053368 cfg1 2 2 0 0 na na
10 65114.691350293761 0.011405180032 cfg1 2 2 0 0 na na
10 65114.704350295602 0.011404686453 cfg1 2 2 0 0 na na
10 65114.708350281551 0.011404534620 cfg1 2 2 0 0 na na
10 65114.718350311927 0.011404155121 cfg1 2 2 0 0 na na
10 65114.739350299957 0.011403357659 cfg1 2 2 0 0 na na
10 65114.746350335903 0.011403091882 cfg1 2 2 0 0 na na
10 65114.777350296888 0.011401915036 cfg1 2 2 0 0 na na
10 65114.794350310808 0.011401269635 cfg1 2 2 0 0 na na
10 65114.823350291057 0.011400168731 cfg1 2 2 0 0 na na
10 65114.837350344823 0.011399637357 cfg1 2 2 0 0 na na
10 65114.843350266259 0.011399409591 cfg1 2 2 0 0 na na
10 65114.875350327152 0.011398194877 cfg1 2 2 0 0 na na
10 65114.966350321914 0.011394741236 cfg1 2 2 0 0 na na
10 65114.998350289444 0.011393526746 cfg1 2 2 0 0 na na
10 65115.002350337059 0.011393374883 cfg1 2 2 0 0 na na
10 65115.010350294849 0.011393071266 cfg1 2 1 0 0 na na
10 65115.012350285031 0.011392995416 cfg1 2 2 0 0 na na
10 65115.020350340261 0.011392692698 cfg1 2 2 0 0 na na
10 65115.021350331643 0.011392653888 cfg1 2 2 0 0 na na
10 65115.023350339372 0.011392578065 cfg1 2 2 0 0 na na
10 65115.054350331521 0.011391401628 cfg1 2 1 0 0 na na
10 65115.067350358658 0.011390908385 cfg1 2 2 0 0 na na
10 65115.139350323702 0.011388176492 cfg1 2 1 0 0 na na
10 65115.169350288750 0.011387038472 cfg1 2 2 0 0 na na
10 65115.170350266600 0.011387000398 cfg1 2 1 0 0 na na
10 65115.171350343561 0.011386962526 cfg1 2 2 0 0 na na
10 65115.177350316197 0.011386734820 cfg1 2 1 0 0 na na
10 65115.188350282300 0.011386317524 cfg1 2 1 0 0 na na
10 65115.190350326320 0.011386232137 cfg1 2 1 0 0 na na
10 65115.192350366062 0.011386165810 cfg1 2 2 0 0 na na
10 65115.210350321494 0.011385495876 cfg1 2 1 0 0 na na
10 65115.259350287352 0.011383624266 cfg1 2 2 0 0 na na
10 65115.283350290356 0.011382713913 cfg1 2 2 0 0 na na
10 65115.286350323135 0.011382600005 cfg1 2 1 0 0 na na
10 65115.303350265057 0.011381970869 cfg1 2 1 0 0 na na
10 65115.311350331614 0.011381651822 cfg1 2 2 0 0 na na
10 65115.324350283135 0.011381158784 cfg1 2 2 0 0 na na
10 65115.338350301602 0.011380627896 cfg1 2 2 0 0 na na
10 65115.353350309220 0.011380058844 cfg1 2 1 0 0 na na
10 65115.355350367789 0.011379983053 cfg1 2 2 0 0 na na
10 65115.357350285868 0.011379907187 cfg1 2 2 0 0 na na
10 65115.386350303142 0.011378807392 cfg1 2 2 0 0 na na
10 65115.399350281393 0.011378314883 cfg1 2 2 0 0 na na
10 65115.414350308505 0.011377745528 cfg1 2 2 0 0 na na
10 65115.427350315153 0.011377252534 cfg1 2 2 0 0 na na
10 65115.446350311476 0.011376532055 cfg1 2 2 0 0 na na
10 65115.596350313930 0.011370845380 cfg1 2 2 0 0 na na
10 65115.646350313737 0.011368949323 cfg1 2 2 0 0 na na
10 65115.647350316622 0.011368911391 cfg1 2 2 0 0 na na
10 65115.651350272397 0.011368759871 cfg1 2 2 0 0 na na
10 65115.664350274780 0.011368266980 cfg1 2 2 0 0 na na
10 65115.666350265055 0.011368191184 cfg1 2 2 0 0 na na
10 65115.674350270931 0.011367887900 cfg1 2 1 0 0 na na
10 65115.682350323919 0.011367577040 cfg1 2 1 0 0 na na
10 65115.697350306564 0.011367016159 cfg1 2 2 0 0 na na
10 65115.710350310580 0.011366523384 cfg1 2 2 0 0 na na
10 65115.711350241238 0.011366495587 cfg1 2 1 0 0 na na
10 65115.713350305086 0.011366409682 cfg1 2 2 0 0 na na
10 65115.714350312248 0.011366371798 cfg1 2 2 0 0 na na
10 65115.731350264424 0.011365717644 cfg1 2 1 0 0 na na
10 65115.759350326730 0.011364666243 cfg1 2 2 0 0 na na
10 65115.763350264673 0.011364514715 cfg1 2 2 0 0 na na
10 65115.783350330478 0.011363757338 cfg1 2 2 0 0 na na
10 65115.792350343919 0.011363415650 cfg1 2 2 0 0 na na
10 65115.795350333440 0.011363317531 cfg1 2 1 0 0 na na
10 65115.798350326958 0.011363188139 cfg1 2 2 0 0 na na
10 65115.813350254918 0.011362619730 cfg1 2 2 0 0 na na
10 65115.814350319143 0.011362573855 cfg1 2 1 0 0 na na
10 65115.886350308212 0.011359853550 cfg1 2 2 0 0 na na
10 65115.887350323816 0.011359815608 cfg1 2 2 0 0 na na
10 65115.918350272854 0.011358629663 cfg1 2 1 0 0 na na
10 65115.921350276601 0.011358527339 cfg1 2 2 0 0 na na
10 65115.927350335702 0.011358300030 cfg1 2 2 0 0 na na
10 65116.002350298474 0.011355458564 cfg1 2 2 0 0 na na
10 65116.035350384232 0.011354208486 cfg1 2 2 0 0 na na
10 65116.040350314253 0.011354019059 cfg1 2 2 0 0 na na
10 65116.048350289120 0.011353716004 cfg1 2 2 0 0 na na
10 65116.051350336266 0.011353602333 cfg1 2 2 0 0 na na
10 65116.073350352857 0.011352768942 cfg1 2 2 0 0 na na
10 65116.083350313834 0.011352390228 cfg1 2 2 0 0 na na
10 65116.088350287647 0.011352200838 cfg1 2 2 0 0 na na
10 65116.100350307249 0.011351746237 cfg1 2 2 0 0 na na
10 65116.101350284356 0.011351708394 cfg1 2 2 0 0 na na
10 65116.128350343717 0.011350685716 cfg1 2 2 0 0 na na
10 65116.136350334253 0.011350382754 cfg1 2 2 0 0 na na
10 65116.168350259803 0.011349167174 cfg1 2 1 0 0 na na
10 65116.169350336185 0.011349132872 cfg1 2 2 0 0 na na
10 65116.256350285188 0.011345838212 cfg1 2 2 0 0 na na
10 65116.260350313904 0.011345686657 cfg1 2 2 0 0 na na
10 65116.264350342750 0.011345535262 cfg1 2 2 0 0 na na
10 65116.271350281377 0.011345286711 cfg1 2 1 0 0 na na
10 65116.280350327225 0.011344929401 cfg1 2 2 0 0 na na
10 65116.326350288749 0.011343187633 cfg1 2 2 0 0 na na
10 65116.329350308216 0.011343074009 cfg1 2 2 0 0 na na
10 65116.342350294421 0.011342580699 cfg1 2 1 0 0 na na
10 65116.358350286418 0.011341976083 cfg1 2 2 0 0 na na
10 65116.362350307479 0.011341824644 cfg1 2 2 0 0 na na
10 65116.376350276659 0.011341294553 cfg1 2 2 0 0 na na
10 65116.406350317113 0.011340158764 cfg1 2 1 0 0 na na
10 65116.419350354423 0.011339677578 cfg1 2 1 0 0 na na
10 65116.433350364904 0.011339136740 cfg1 2 2 0 0 na na
10 65116.458350319356 0.011338190265 cfg1 2 1 0 0 na na
10 65116.461350321771 0.011338076714 cfg1 2 1 0 0 na na
10 65116.485350312562 0.011337168345 cfg1 2 2 0 0 na na
10 65116.501350330084 0.011336562645 cfg1 2 1 0 0 na na
10 65116.568350292337 0.011334026821 cfg1 2 2 0 0 na na
10 65116.577350259934 0.011333686197 cfg1 2 2 0 0 na na
10 65116.579350326903 0.011333610466 cfg1 2 2 0 0 na na
10 65116.600350342702 0.011332815716 cfg1 2 2 0 0 na na
10 65116.623350384813 0.011331945292 cfg1 2 2 0 0 na na
10 65116.629350276258 0.011331718321 cfg1 2 2 0 0 na na
10 65116.633350298878 0.011331566886 cfg1 2 2 0 0 na na
10 65116.639350362277 0.011331339867 cfg1 2 2 0 0 na na
10 65116.643350365170 0.011331188458 cfg1 2 2 0 0 na na
10 65116.648350348460 0.011330999283 cfg1 2 2 0 0 na na
10 65116.649350313442 0.011330961434 cfg1 2 2 0 0 na na
10 65116.657350319234 0.011330658698 cfg1 2 2 0 0 na na
10 65116.664350330190 0.011330393711 cfg1 2 2 0 0 na na
10 65116.676350297100 0.011329939730 cfg1 2 2 0 0 na na
10 65116.682350303280 0.011329712729 cfg1 2 2 0 0 na na
10 65116.694350312305 0.011329258586 cfg1 2 2 0 0 na na
10 65116.699350285140 0.011329064726 cfg1 2 1 0 0 na na
10 65116.709350290477 0.011328691109 cfg1 2 2 0 0 na na
10 65116.723350314419 0.011328161449 cfg1 2 2 0 0 na na
10 65116.726350308578 0.011328047834 cfg1 2 2 0 0 na na
10 65116.749350325052 0.011327177604 cfg1 2 2 0 0 na na
10 65116.751350263198 0.011327107504 cfg1 2 1 0 0 na na
10 65116.766350316102 0.011326534428 cfg1 2 2 0 0 na na
10 65116.785350346927 0.011325815645 cfg1 2 2 0 0 na na
10 65116.798350344616 0.011325323800 cfg1 2 2 0 0 na na
10 65116.799350306571 0.011325286000 cfg1 2 2 0 0 na na
10 65116.801350331255 0.011325210284 cfg1 2 2 0 0 na na
10 65116.804350295867 0.011325096838 cfg1 2 2 0 0 na na
10 65116.805350339823 0.011325058958 cfg1 2 2 0 0 na na
10 65116.808350332505 0.011324945450 cfg1 2 2 0 0 na na
10 65116.828350333248 0.011324188873 cfg1 2 2 0 0 na na
10 65116.831350317567 0.011324075343 cfg1 2 2 0 0 na na
10 65116.837350269160 0.011323855849 cfg1 2 1 0 0 na na
10 65116.856350291414 0.011323129665 cfg1 2 2 0 0 na na
10 65116.884350337728 0.011322070547 cfg1 2 2 0 0 na na
10 65116.888350295194 0.011321919164 cfg1 2 2 0 0 na na
10 65116.895350307331 0.011321654432 cfg1 2 2 0 0 na na
10 65116.904350331973 0.011321314000 cfg1 2 2 0 0 na na
10 65116.909350309959 0.011321124827 cfg1 2 2 0 0 na na
10 65116.912350267956 0.011321011412 cfg1 2 2 0 0 na na
10 65116.948350280803 0.011319649800 cfg1 2 2 0 0 na na
10 65116.952350267438 0.011319498627 cfg1 2 2 0 0 na na
10 65116.954350284164 0.011319422799 cfg1 2 2 0 0 na na
10 65116.969350297749 0.011318855550 cfg1 2 2 0 0 na na
10 65116.970350306220 0.011318817672 cfg1 2 2 0 0 na na
10 65117.004350321734 0.011317531889 cfg1 2 2 0 0 na na
10 65117.007350308236 0.011317409729 cfg1 2 1 0 0 na na
10 65117.015350292771 0.011317115829 cfg1 2 2 0 0 na na
10 65117.034350288246 0.011316397355 cfg1 2 2 0 0 na na
10 65117.038350290503 0.011316246076 cfg1 2 2 0 0 na na
10 65117.039350339944 0.011316208297 cfg1 2 2 0 0 na na
10 65117.127350286087 0.011312881599 cfg1 2 1 0 0 na na
10 65117.137350274761 0.011312502677 cfg1 2 2 0 0 na na
10 65117.213350326463 0.011309629325 cfg1 2 2 0 0 na na
10 65117.215350301731 0.011309562330 cfg1 2 1 0 0 na na
10 65117.221350294630 0.011309326849 cfg1 2 2 0 0 na na
10 65117.264350294172 0.011307692600 cfg1 2 1 0 0 na na
10 65117.292350297644 0.011306643015 cfg1 2 2 0 0 na na
10 65117.293350313276 0.011306605236 cfg1 2 2 0 0 na na
10 65117.315350342051 0.011305773668 cfg1 2 2 0 0 na na
10 65117.340350299700 0.011304820100 cfg1 2 1 0 0 na na
10 65117.360350363120 0.011304072860 cfg1 2 2 0 0 na na
10 65117.365350348137 0.011303884116 cfg1 2 2 0 0 na na
10 65117.383350344206 0.011303203584 cfg1 2 2 0 0 na na
10 65117.385350357293 0.011303127989 cfg1 2 2 0 0 na na
10 65117.404350339821 0.011302409903 cfg1 2 2 0 0 na na
10 65117.408350266518 0.011302258858 cfg1 2 2 0 0 na na
10 65117.419350315171 0.011301843810 cfg1 2 2 0 0 na na
10 65117.436350315872 0.011301207454 cfg1 2 1 0 0 na na
10 65117.443350269022 0.011300936075 cfg1 2 2 0 0 na na
10 65117.456350252439 0.011300449702 cfg1 2 1 0 0 na na
10 65117.460350305623 0.011300294158 cfg1 2 2 0 0 na na
10 65117.518350273787 0.011298102130 cfg1 2 2 0 0 na na
10 65117.523350319538 0.011297913167 cfg1 2 2 0 0 na na
10 65117.552350273222 0.011296817505 cfg1 2 2 0 0 na na
10 65117.558350267041 0.011296590921 cfg1 2 2 0 0 na na
10 65117.589350347596 0.011295419769 cfg1 2 2 0 0 na na
10 65117.599350253166 0.011295043752 cfg1 2 1 0 0 na na
10 65117.616350336086 0.011294399557 cfg1 2 1 0 0 na na
10 65117.626350294786 0.011294021872 cfg1 2 2 0 0 na na
10 65117.631350300306 0.011293832958 cfg1 2 2 0 0 na na
10 65117.659350322591 0.011292775254 cfg1 2 2 0 0 na na
10 65117.670350325717 0.011292359741 cfg1 2 2 0 0 na na
10 65117.699350349182 0.011291264271 cfg1 2 2 0 0 na na
10 65117.753350290115 0.011289224731 cfg1 2 2 0 0 na na
10 65117.768350306943 0.011288670681 cfg1 2 1 0 0 na na
10 65117.815350293745 0.011286883274 cfg1 2 2 0 0 na na
10 65117.816350332639 0.011286845440 cfg1 2 2 0 0 na na
10 65117.823350309457 0.011286581104 cfg1 2 2 0 0 na na
10 65117.836350276565 0.011286090167 cfg1 2 2 0 0 na na
10 65117.873350316397 0.011284693048 cfg1 2 2 0 0 na na
10 65117.882350312652 0.011284353143 cfg1 2 2 0 0 na na
10 65117.890350340405 0.011284051116 cfg1 2 2 0 0 na na
10 65117.896350347072 0.011283824496 cfg1 2 2 0 0 na na
10 65117.905350285152 0.011283484615 cfg1 2 1 0 0 na na
10 65117.925350317285 0.011282730151 cfg1 2 2 0 0 na na
10 65117.955350340693 0.011281596806 cfg1 2 1 0 0 na na
10 65117.959350310639 0.011281445835 cfg1 2 2 0 0 na na
10 65117.981350342254 0.011280615241 cfg1 2 2 0 0 na na
10 65117.982350277145 0.011280577457 cfg1 2 1 0 0 na na
10 65118.007350278447 0.011279633678 cfg1 2 2 0 0 na na
10 65118.037350294803 0.011278497783 cfg1 2 1 0 0 na na
10 65118.041350314496 0.011278350154 cfg1 2 1 0 0 na na
10 65118.074350348521 0.011277104725 cfg1 2 2 0 0 na na
10 65118.075350297177 0.011277080541 cfg1 2 1 0 0 na na
10 65118.076350339130 0.011277028973 cfg1 2 1 0 0 na na
10 65118.121350296885 0.011275330449 cfg1 2 2 0 0 na na
10 65118.127350302969 0.011275095344 cfg1 2 1 0 0 na na
10 65118.133350324935 0.011274877490 cfg1 2 2 0 0 na na
10 65118.152350353178 0.011274160488 cfg1 2 2 0 0 na na
10 65118.158350332371 0.011273934297 cfg1 2 2 0 0 na na
10 65118.189350352518 0.011272763975 cfg1 2 2 0 0 na na
10 65118.193350321903 0.011272604697 cfg1 2 1 0 0 na na
10 65118.199350295923 0.011272386622 cfg1 2 2 0 0 na na
10 65118.221350321983 0.011271556408 cfg1 2 2 0 0 na na
10 65118.225350283328 0.011271405505 cfg1 2 2 0 0 na na
10 65118.236350292053 0.011270990409 cfg1 2 2 0 0 na na
10 65118.245350366910 0.011270653245 cfg1 2 1 0 0 na na
10 65118.263350312443 0.011269971416 cfg1 2 2 0 0 na na
10 65118.275350303010 0.011269518725 cfg1 2 2 0 0 na na
10 65118.276350318311 0.011269480943 cfg1 2 2 0 0 na na
10 65118.292350288182 0.011268877222 cfg1 2 2 0 0 na na
10 65118.316350340127 0.011267971722 cfg1 2 2 0 0 na na
10 65118.326350323376 0.011267594404 cfg1 2 2 0 0 na na
10 65118.327350316291 0.011267556642 cfg1 2 2 0 0 na na
10 65118.357350338670 0.011266424729 cfg1 2 2 0 0 na na
10 65118.363350324379 0.011266198360 cfg1 2 2 0 0 na na
10 65118.374350341845 0.011265783429 cfg1 2 2 0 0 na na
10 65118.389350362474 0.011265217462 cfg1 2 2 0 0 na na
10 65118.402350320954 0.011264727044 cfg1 2 2 0 0 na na
10 65118.523350347067 0.011260162832 cfg1 2 2 0 0 na na
10 65118.527350276799 0.011260012110 cfg1 2 2 0 0 na na
10 65118.531350279682 0.011259861134 cfg1 2 2 0 0 na na
10 65118.532350286787 0.011259824051 cfg1 2 2 0 0 na na
10 65118.533350287448 0.011259786332 cfg1 2 2 0 0 na na
10 65118.538350322318 0.011259597049 cfg1 2 2 0 0 na na
10 65118.572350359048 0.011258314761 cfg1 2 2 0 0 na na
10 65118.585350289399 0.011257824519 cfg1 2 2 0 0 na na
10 65118.586350329349 0.011257786747 cfg1 2 2 0 0 na na
10 65118.603350266686 0.011257145680 cfg1 2 2 0 0 na na
10 65118.613350328265 0.011256778265 cfg1 2 1 0 0 na na
10 65118.627350304346 0.011256240597 cfg1 2 2 0 0 na na
10 65118.633350330315 0.011256014459 cfg1 2 2 0 0 na na
10 65118.648350333035 0.011255448691 cfg1 2 2 0 0 na na
10 65118.662350305623 0.011254920806 cfg1 2 2 0 0 na na
10 65118.663350344736 0.011254883057 cfg1 2 2 0 0 na na
10 65118.681350258120 0.011254204374 cfg1 2 2 0 0 na na
10 65118.698350307677 0.011253555158 cfg1 2 1 0 0 na na
10 65118.712350288199 0.011253035483 cfg1 2 2 0 0 na na
10 65118.728350307877 0.011252432244 cfg1 2 2 0 0 na na
10 65118.733350271287 0.011252243807 cfg1 2 2 0 0 na na
10 65118.751350343685 0.011251575961 cfg1 2 1 0 0 na na
10 65118.762350319107 0.011251150377 cfg1 2 2 0 0 na na
10 65118.768350281841 0.011250924164 cfg1 2 2 0 0 na na
10 65118.783350334066 0.011250358741 cfg1 2 2 0 0 na na
10 65118.813350304245 0.011249227823 cfg1 2 2 0 0 na na
10 65118.842350260970 0.011248134567 cfg1 2 2 0 0 na na
10 65118.846350256290 0.011247983696 cfg1 2 2 0 0 na na
10 65118.855350298471 0.011247644446 cfg1 2 2 0 0 na na
10 65118.874350337046 0.011246928242 cfg1 2 2 0 0 na na
10 65118.877350311458 0.011246815178 cfg1 2 2 0 0 na na
10 65118.894350276876 0.011246174511 cfg1 2 2 0 0 na na
10 65118.914350337731 0.011245420576 cfg1 2 2 0 0 na na
10 65118.935350280348 0.011244629147 cfg1 2 2 0 0 na na
10 65118.946350329336 0.011244214546 cfg1 2 2 0 0 na na
10 65118.978350349922 0.011243008545 cfg1 2 2 0 0 na na
10 65118.992350319309 0.011242480954 cfg1 2 2 0 0 na na
10 65118.999350265085 0.011242217194 cfg1 2 2 0 0 na na
10 65119.003350308765 0.011242066393 cfg1 2 2 0 0 na na
10 65119.018350275253 0.011241501730 cfg1 2 2 0 0 na na
10 65119.019350314247 0.011241463485 cfg1 2 2 0 0 na na
10 65119.029350324820 0.011241086639 cfg1 2 2 0 0 na na
10 65119.049350340764 0.011240332956 cfg1 2 2 0 0 na na
10 65119.056350317325 0.011240069177 cfg1 2 2 0 0 na na
10 65119.108350307813 0.011238113380 cfg1 2 1 0 0 na na
10 65119.118350279301 0.011237733098 cfg1 2 2 0 0 na na
10 65119.128350287232 0.011237355467 cfg1 2 1 0 0 na na
10 65119.180350309847 0.011235388645 cfg1 2 1 0 0 na na
10 65119.200350272522 0.011234643850 cfg1 2 1 0 0 na na
10 65119.201350280614 0.011234606162 cfg1 2 1 0 0 na na
10 65119.202350308909 0.011234568689 cfg1 2 1 0 0 na na
10 65119.213350338392 0.011234154103 cfg1 2 1 0 0 na na
10 65119.224350300963 0.011233739601 cfg1 2 1 0 0 na na
10 65119.234350267442 0.011233363123 cfg1 2 1 0 0 na na
10 65119.235350296675 0.011233325382 cfg1 2 1 0 0 na na
10 65119.236350302032 0.011233287721 cfg1 2 1 0 0 na na
10 65119.243350297079 0.011233024050 cfg1 2 1 0 0 na na
10 65119.260350295154 0.011232383664 cfg1 2 1 0 0 na na
10 65119.304350297727 0.011230726389 cfg1 2 1 0 0 na na
10 65119.324350335003 0.011229973067 cfg1 2 1 0 0 na na
10 65119.333350254363 0.011229642291 cfg1 2 1 0 0 na na
10 65119.355350284841 0.011228805600 cfg1 2 1 0 0 na na
10 65119.356350307446 0.011228767906 cfg1 2 1 0 0 na na
10 65119.367350348360 0.011228353679 cfg1 2 1 0 0 na na
10 65119.416350344420 0.011226508408 cfg1 2 1 0 0 na na
10 65119.425350262211 0.011226170730 cfg1 2 1 0 0 na na
10 65119.474350322197 0.011224324389 cfg1 2 1 0 0 na na
10 65119.478350317354 0.011224173762 cfg1 2 1 0 0 na na
10 65119.481350274203 0.011224060803 cfg1 2 1 0 0 na na
10 65119.545350296068 0.011221651223 cfg1 2 1 0 0 na na
10 65119.546350296759 0.011221613597 cfg1 2 1 0 0 na na
10 65119.605350316036 0.011219392463 cfg1 2 1 0 0 na na
10 65119.615350261159 0.011219015997 cfg1 2 1 0 0 na na
10 65119.616350345237 0.011218978417 cfg1 2 1 0 0 na na
10 65119.636350319555 0.011218225517 cfg1 2 2 0 0 na na
10 65119.652350285738 0.011217623264 cfg1 2 2 0 0 na na
10 65119.671350249281 0.011216912867 cfg1 2 1 0 0 na na
10 65119.673350346131 0.011216820666 cfg1 2 1 0 0 na na
10 65119.706350296967 0.011215590827 cfg1 2 1 0 0 na na
10 65119.722350282049 0.011214988566 cfg1 2 1 0 0 na na
10 65119.748350346596 0.011214010048 cfg1 2 1 0 0 na na
10 65119.749350303013 0.011213972489 cfg1 2 1 0 0 na na
10 65119.800350340764 0.011212053154 cfg1 2 1 0 0 na na
10 65119.803350301162 0.011211940269 cfg1 2 1 0 0 na na
10 65119.816350350778 0.011211451099 cfg1 2 1 0 0 na na
10 65119.835350254766 0.011210737227 cfg1 2 1 0 0 na na
10 65119.910350306025 0.011207914154 cfg1 2 1 0 0 na na
10 65119.934350313141 0.011207011460 cfg1 2 1 0 0 na na
10 65119.949350281166 0.011206454989 cfg1 2 1 0 0 na na
10 65119.972350293648 0.011205581709 cfg1 2 2 0 0 na na
10 65120.024350324808 0.011203628477 cfg1 2 1 0 0 na na
10 65120.025350311380 0.011203588486 cfg1 2 1 0 0 na na
10 65120.044350301262 0.011202873269 cfg1 2 1 0 0 na na
10 65120.057350330013 0.011202384334 cfg1 2 1 0 0 na na
10 65120.063350274115 0.011202158712 cfg1 2 1 0 0 na na
10 65120.070350293141 0.011201895353 cfg1 2 1 0 0 na na
10 65120.121350338478 0.011199977199 cfg1 2 1 0 0 na na
10 65120.153350306286 0.011198773858 cfg1 2 1 0 0 na na
10 65120.162350292834 0.011198435313 cfg1 2 1 0 0 na na
10 65120.185350297673 0.011197570355 cfg1 2 1 0 0 na na
10 65120.186350290984 0.011197550290 cfg1 2 1 0 0 na na
10 65120.202350314295 0.011196931187 cfg1 2 1 0 0 na na
10 65120.218350322734 0.011196330818 cfg1 2 1 0 0 na na
10 65120.238350302505 0.011195577438 cfg1 2 1 0 0 na na
10 65120.253350259747 0.011195017160 cfg1 2 1 0 0 na na
10 65120.264350259849 0.011194602190 cfg1 2 1 0 0 na na
10 65120.267350321833 0.011194487079 cfg1 2 1 0 0 na na
10 65120.279350313016 0.011194035884 cfg1 2 1 0 0 na na
10 65120.280350333552 0.011193998232 cfg1 2 1 0 0 na na
10 65120.321350288294 0.011192456819 cfg1 2 1 0 0 na na
10 65120.416350255301 0.011188913423 cfg1 2 1 0 0 na na
10 65120.657350304378 0.011179847112 cfg1 2 1 0 0 na na
10 65120.948350294394 0.011168927678 cfg1 2 1 0 0 na na
10 65121.104350267350 0.011163069525 cfg1 2 1 0 0 na na
10 65121.363350293887 0.011153353467 cfg1 2 1 0 0 na na
10 65121.402350295720 0.011151900173 cfg1 2 1 0 0 na na
10 65121.435350303481 0.011150661835 cfg1 2 1 0 0 na na
10 65121.552350258871 0.011146268084 cfg1 2 1 0 0 na na
10 65121.558350295457 0.011146048573 cfg1 2 1 0 0 na na
10 65121.629350265661 0.011143371257 cfg1 2 1 0 0 na na
10 65121.654350261827 0.011142440525 cfg1 2 1 0 0 na na
10 65121.706350255476 0.011140496330 cfg1 2 1 0 0 na na
10 65121.734350267148 0.011139434991 cfg1 2 1 0 0 na na
10 65121.745350347343 0.011139021341 cfg1 2 1 0 0 na na
10 65121.747350247386 0.011138969681 cfg1 2 1 0 0 na na
10 65121.774350252526 0.011137949728 cfg1 2 1 0 0 na na
10 65121.990350306698 0.011129840719 cfg1 2 1 0 0 na na
10 65122.106350342642 0.011125499661 cfg1 2 1 0 0 na na
10 65122.401350311359 0.011114454578 cfg1 2 1 0 0 na na
10 65122.594350338315 0.011107211616 cfg1 2 1 0 0 na na
10 65122.723350285874 0.011102405593 cfg1 2 1 0 0 na na
10 65122.753350292841 0.011101283618 cfg1 2 1 0 0 na na
10 65122.835350298182 0.011098192071 cfg1 2 1 0 0 na na
10 65122.842350284034 0.011097948723 cfg1 2 1 0 0 na na
10 65122.847350261741 0.011097745011 cfg1 2 1 0 0 na na
10 65122.962350300041 0.011093454346 cfg1 2 1 0 0 na na
10 65122.966350313442 0.011093310390 cfg1 2 1 0 0 na na
10 65123.006350318010 0.011091812403 cfg1 2 1 0 0 na na
10 65123.086350256291 0.011088805784 cfg1 2 1 0 0 na na
10 65123.166350318722 0.011085806538 cfg1 2 1 0 0 na na
10 65123.330350254650 0.011079682233 cfg1 2 1 0 0 na na
10 65123.364350282916 0.011078407017 cfg1 2 1 0 0 na na
10 65124.078350257408 0.011051734598 cfg1 2 1 0 0 na na
10 65124.142350304316 0.011049353179 cfg1 2 1 0 0 na na
10 65124.179350253608 0.011047979703 cfg1 2 1 0 0 na na
10 65124.276350308588 0.011044357751 cfg1 2 1 0 0 na na
10 65124.337350315731 0.011042084912 cfg1 2 1 0 0 na na
10 65124.357350333441 0.011041322667 cfg1 2 1 0 0 na na
10 65124.363350313053 0.011041096855 cfg1 2 1 0 0 na na
10 65124.446350260268 0.011037996368 cfg1 2 1 0 0 na na
10 65124.451350301773 0.011037807509 cfg1 2 1 0 0 na na
10 65124.708350254532 0.011028232459 cfg1 2 1 0 0 na na
10 65124.764350248680 0.011026148129 cfg1 2 1 0 0 na na
10 65124.767350327723 0.011026048279 cfg1 2 1 0 0 na na
10 65124.886350302929 0.011021591088 cfg1 2 1 0 0 na na
10 65124.899350273267 0.011021093680 cfg1 2 1 0 0 na na
10 65124.930350303010 0.011019954755 cfg1 2 1 0 0 na na
10 65124.962350311874 0.011018752786 cfg1 2 1 0 0 na na
10 65125.027350265848 0.011016331132 cfg1 2 1 0 0 na na
10 65125.041350275951 0.011015800931 cfg1 2 1 0 0 na na
10 65125.118350309575 0.011012935686 cfg1 2 1 0 0 na na
10 65125.153350286255 0.011011631387 cfg1 2 1 0 0 na na
10 65125.190350254269 0.011010267859 cfg1 2 1 0 0 na na
10 65125.230350277614 0.011008754220 cfg1 2 1 0 0 na na
10 65125.249350345482 0.011008045762 cfg1 2 1 0 0 na na
10 65125.253350332819 0.011007923756 cfg1 2 1 0 0 na na
10 65125.258350285423 0.011007739327 cfg1 2 1 0 0 na na
10 65125.332350268831 0.011004968122 cfg1 2 1 0 0 na na
10 65125.366350263720 0.011003703480 cfg1 2 1 0 0 na na
10 65125.470350274377 0.010999822626 cfg1 2 1 0 0 na na
10 65125.506350322048 0.010998500258 cfg1 2 1 0 0 na na
10 65125.523350298861 0.010997854372 cfg1 2 1 0 0 na na
10 65125.634350280851 0.010993711139 cfg1 2 1 0 0 na na
10 65125.745350275985 0.010989585966 cfg1 2 1 0 0 na na
10 65125.779350272680 0.010988324949 cfg1 2 1 0 0 na na
10 65125.844350270362 0.010985906556 cfg1 2 1 0 0 na na
10 65125.847350304870 0.010985810872 cfg1 2 1 0 0 na na
10 65126.088350270606 0.010976826425 cfg1 2 1 0 0 na na
10 65126.106350314509 0.010976160170 cfg1 2 1 0 0 na na
10 65126.177350318273 0.010973512179 cfg1 2 1 0 0 na na
10 65126.230350269399 0.010971547447 cfg1 2 1 0 0 na na
10 65126.238350295693 0.010971262163 cfg1 2 1 0 0 na na
10 65126.259350270981 0.010970465968 cfg1 2 1 0 0 na na
10 65126.378350261632 0.010966055162 cfg1 2 1 0 0 na na
10 65126.467350291606 0.010962745293 cfg1 2 1 0 0 na na
10 65126.527350296243 0.010960529597 cfg1 2 1 0 0 na na
10 65126.649350264365 0.010955982527 cfg1 2 1 0 0 na na
10 65126.679350267887 0.010954863872 cfg1 2 1 0 0 na na
10 65126.811350342069 0.010950033715 cfg1 2 1 0 0 na na
10 65126.883350336665 0.010947410929 cfg1 2 1 0 0 na na
10 65126.993350278043 0.010943303504 cfg1 2 1 0 0 na na
10 65127.116350265218 0.010938717651 cfg1 2 1 0 0 na na
10 65127.367350296525 0.010929385541 cfg1 2 1 0 0 na na
10 65127.721350304486 0.010916257576 cfg1 2 1 0 0 na na
10 65128.114350296403 0.010901671042 cfg1 2 1 0 0 na na
10 65128.166350290562 0.010899759969 cfg1 2 1 0 0 na na
10 65128.241350270706 0.010896931665 cfg1 2 1 0 0 na na
10 65128.243350300007 0.010896860651 cfg1 2 1 0 0 na na
10 65128.269350265247 0.010895896875 cfg1 2 1 0 0 na na
10 65128.284350313299 0.010895317706 cfg1 2 1 0 0 na na
10 65128.287350319820 0.010895206650 cfg1 2 1 0 0 na na
10 65128.290350315907 0.010895095534 cfg1 2 1 0 0 na na
10 65128.309350327569 0.010894410162 cfg1 2 1 0 0 na na
10 65128.344350352859 0.010893096233 cfg1 2 1 0 0 na na
10 65128.345350312418 0.010893059187 cfg1 2 1 0 0 na na
10 65128.355350306937 0.010892688974 cfg1 2 1 0 0 na na
10 65128.372350266144 0.010892080705 cfg1 2 1 0 0 na na
10 65128.375350365374 0.010891948590 cfg1 2 1 0 0 na na
10 65128.538350340312 0.010885915313 cfg1 2 1 0 0 na na
10 65128.559350291384 0.010885138171 cfg1 2 1 0 0 na na
10 65128.574350340588 0.010884583115 cfg1 2 1 0 0 na na
10 65128.579350289769 0.010884398107 cfg1 2 1 0 0 na na
10 65128.600350329529 0.010883621027 cfg1 2 1 0 0 na na
10 65128.607350346752 0.010883361948 cfg1 2 1 0 0 na na
10 65128.652350343138 0.010881696940 cfg1 2 1 0 0 na na
10 65128.724350299622 0.010879033174 cfg1 2 1 0 0 na na
10 65128.739350294008 0.010878478385 cfg1 2 1 0 0 na na
10 65128.770350336741 0.010877331565 cfg1 2 1 0 0 na na
10 65128.781350338739 0.010876924679 cfg1 2 1 0 0 na na
10 65128.814350301581 0.010875704067 cfg1 2 1 0 0 na na
10 65128.827350305052 0.010875223221 cfg1 2 1 0 0 na na
10 65128.828350317102 0.010875186248 cfg1 2 1 0 0 na na
10 65128.840350309502 0.010874742456 cfg1 2 1 0 0 na na
10 65128.853350376702 0.010874181465 cfg1 2 1 0 0 na na
10 65128.857350324545 0.010874113718 cfg1 2 1 0 0 na na
10 65128.899350294909 0.010872560520 cfg1 2 1 0 0 na na
10 65128.901350316367 0.010872486468 cfg1 2 1 0 0 na na
10 65128.904350293170 0.010872375576 cfg1 2 1 0 0 na na
10 65128.930350320608 0.010871414056 cfg1 2 1 0 0 na na
10 65128.973350310226 0.010869824100 cfg1 2 1 0 0 na na
10 65129.032350287233 0.010867642693 cfg1 2 1 0 0 na na
10 65129.049350304532 0.010867014167 cfg1 2 1 0 0 na na
10 65129.088350304330 0.010865611425 cfg1 2 1 0 0 na na
10 65129.090350355316 0.010865498556 cfg1 2 1 0 0 na na
10 65129.105350280295 0.010864944014 cfg1 2 1 0 0 na na
10 65129.124350283357 0.010864241778 cfg1 2 1 0 0 na na
10 65129.155350302918 0.010863095869 cfg1 2 1 0 0 na na
10 65129.168350343751 0.010862615329 cfg1 2 1 0 0 na na
10 65129.169350285868 0.010862578382 cfg1 2 1 0 0 na na
10 65129.223350336051 0.010860582695 cfg1 2 1 0 0 na na
10 65129.240350320354 0.010859954435 cfg1 2 1 0 0 na na
10 65129.272350328498 0.010858771947 cfg1 2 1 0 0 na na
10 65129.309350304780 0.010857404706 cfg1 2 1 0 0 na na
10 65129.365350353539 0.010855271340 cfg1 2 1 0 0 na na
10 65129.389350295658 0.010854448929 cfg1 2 1 0 0 na na
10 65129.439350325887 0.010852550908 cfg1 2 1 0 0 na na
10 65129.478350347441 0.010851089579 cfg1 2 1 0 0 na na
10 65129.502350294604 0.010850274752 cfg1 2 1 0 0 na na
10 65129.523350312702 0.010849499127 cfg1 2 1 0 0 na na
10 65129.570350342360 0.010847763319 cfg1 2 1 0 0 na na
10 65129.622350314614 0.010845843059 cfg1 2 1 0 0 na na
10 65129.623350293776 0.010845806120 cfg1 2 1 0 0 na na
10 65129.631350320312 0.010845510673 cfg1 2 1 0 0 na na
10 65129.640350315963 0.010845178476 cfg1 2 1 0 0 na na
10 65129.643350307065 0.010845067654 cfg1 2 1 0 0 na na
10 65129.671350290936 0.010844033719 cfg1 2 1 0 0 na na
10 65129.674350286961 0.010843923027 cfg1 2 1 0 0 na na
10 65129.678350300667 0.010843775268 cfg1 2 1 0 0 na na
10 65129.686350298615 0.010843479965 cfg1 2 1 0 0 na na
10 65129.695350322099 0.010843147684 cfg1 2 1 0 0 na na
10 65129.720350297687 0.010842224693 cfg1 2 1 0 0 na na
10 65129.736350316556 0.010841633997 cfg1 2 1 0 0 na na
10 65129.743350276341 0.010841375642 cfg1 2 1 0 0 na na
10 65129.752350320474 0.010841001633 cfg1 2 1 0 0 na na
10 65129.778350334363 0.010840083525 cfg1 2 1 0 0 na na
10 65129.787350290651 0.010839751310 cfg1 2 1 0 0 na na
10 65129.794350319867 0.010839492862 cfg1 2 1 0 0 na na
10 65129.797350302916 0.010839382106 cfg1 2 1 0 0 na na
10 65129.813350299014 0.010838791579 cfg1 2 1 0 0 na na
10 65129.814350291300 0.010838754711 cfg1 2 1 0 0 na na
10 65129.883350315685 0.010836207873 cfg1 2 1 0 0 na na
10 65129.888350327541 0.010836023412 cfg1 2 1 0 0 na na
10 65129.955350303633 0.010833550818 cfg1 2 1 0 0 na na
10 65129.961350331637 0.010833329413 cfg1 2 1 0 0 na na
10 65129.962350283261 0.010833292571 cfg1 2 1 0 0 na na
10 65129.977350292647 0.010832738971 cfg1 2 1 0 0 na na
10 65130.022350323056 0.010831033645 cfg1 2 1 0 0 na na
10 65130.162350291776 0.010825913948 cfg1 2 1 0 0 na na
10 65130.190350297188 0.010824881324 cfg1 2 1 0 0 na na
10 65130.209350289692 0.010824180430 cfg1 2 1 0 0 na na
10 65130.250350354446 0.010822668400 cfg1 2 1 0 0 na na
10 65130.340350382363 0.010819349570 cfg1 2 1 0 0 na na
10 65130.354350295052 0.010818833381 cfg1 2 1 0 0 na na
10 65130.402350333760 0.010817063676 cfg1 2 1 0 0 na na
10 65130.405350347571 0.010816953052 cfg1 2 1 0 0 na na
10 65130.442350304967 0.010815589063 cfg1 2 1 0 0 na na
10 65130.464350296693 0.010814778041 cfg1 2 1 0 0 na na
10 65130.466350350090 0.010814704382 cfg1 2 1 0 0 na na
10 65130.471350354072 0.010814520042 cfg1 2 1 0 0 na na
10 65130.479350346531 0.010814225111 cfg1 2 1 0 0 na na
10 65130.487350304360 0.010813930328 cfg1 2 1 0 0 na na
10 65130.493350345430 0.010813709025 cfg1 2 1 0 0 na na
10 65130.510350310977 0.010813082507 cfg1 2 1 0 0 na na
10 65130.530350301705 0.010812345305 cfg1 2 1 0 0 na na
10 65130.540350343105 0.010811933729 cfg1 2 1 0 0 na na
10 65130.562350305669 0.010811165994 cfg1 2 1 0 0 na na
10 65130.594350313073 0.010809986580 cfg1 2 1 0 0 na na
10 65130.697350336980 0.010806191220 cfg1 2 1 0 0 na na
10 65130.705350321396 0.010805896474 cfg1 2 1 0 0 na na
10 65130.757350313343 0.010803980726 cfg1 2 1 0 0 na na
10 65130.804350344982 0.010802288359 cfg1 2 1 0 0 na na
10 65130.817350360239 0.010801770472 cfg1 2 1 0 0 na na
10 65130.852350353376 0.010800481257 cfg1 2 1 0 0 na na
10 65130.903350327050 0.010798602876 cfg1 2 1 0 0 na na
10 65130.978350361978 0.010795840980 cfg1 2 1 0 0 na na
10 65131.243350360558 0.010786036439 cfg1 2 1 0 0 na na
10 65131.346350302389 0.010782295282 cfg1 2 1 0 0 na na
10 65131.379350306657 0.010781081117 cfg1 2 1 0 0 na na
10 65131.389350334503 0.010780713535 cfg1 2 1 0 0 na na
10 65131.394350327837 0.010780529288 cfg1 2 1 0 0 na na
10 65131.419350306495 0.010779609507 cfg1 2 1 0 0 na na
10 65131.429350330722 0.010779241709 cfg1 2 1 0 0 na na
10 65131.437350310585 0.010778947480 cfg1 2 1 0 0 na na
10 65131.460350300655 0.010778101243 cfg1 2 1 0 0 na na
10 65131.509350360622 0.010776298794 cfg1 2 1 0 0 na na
10 65131.528350323799 0.010775599965 cfg1 2 1 0 0 na na
10 65131.578350284732 0.010773761029 cfg1 2 1 0 0 na na
10 65131.584350325369 0.010773540363 cfg1 2 1 0 0 na na
10 65131.587350320637 0.010773376349 cfg1 2 1 0 0 na na
10 65131.633350298163 0.010771738417 cfg1 2 1 0 0 na na
10 65131.642350290289 0.010771407428 cfg1 2 1 0 0 na na
10 65131.664350295938 0.010770598444 cfg1 2 1 0 0 na na
10 65131.673350350425 0.010770267551 cfg1 2 1 0 0 na na
10 65131.765350296360 0.010766885106 cfg1 2 1 0 0 na na
10 65131.884350263124 0.010762463694 cfg1 2 1 0 0 na na
10 65131.916350285084 0.010761334954 cfg1 2 1 0 0 na na
10 65131.966350258782 0.010759497430 cfg1 2 1 0 0 na na
10 65132.060350344012 0.010756043605 cfg1 2 1 0 0 na na
10 65132.091350294252 0.010754904704 cfg1 2 1 0 0 na na
10 65132.139350314448 0.010753101449 cfg1 2 1 0 0 na na
10 65132.157350352363 0.010752480271 cfg1 2 1 0 0 na na
10 65132.194350240660 0.010751121279 cfg1 2 1 0 0 na na
10 65132.208350324977 0.010750606965 cfg1 2 1 0 0 na na
10 65132.286350346780 0.010747679742 cfg1 2 1 0 0 na na
10 65132.332350304238 0.010746053372 cfg1 2 1 0 0 na na
10 65132.364350289164 0.010744878831 cfg1 2 1 0 0 na na
10 65132.401350342024 0.010743519927 cfg1 2 1 0 0 na na
10 65132.418350299931 0.010742896436 cfg1 2 1 0 0 na na
10 65132.597350273020 0.010736325736 cfg1 2 1 0 0 na na
10 65132.603350295636 0.010736065503 cfg1 2 1 0 0 na na
10 65132.604350318279 0.010736068836 cfg1 2 1 0 0 na na
10 65132.615350303135 0.010735665152 cfg1 2 1 0 0 na na
10 65132.647350361407 0.010734444311 cfg1 2 1 0 0 na na
10 65132.676350319593 0.010733383071 cfg1 2 1 0 0 na na
10 65132.747350291985 0.010730821938 cfg1 2 1 0 0 na na
10 65132.778350306669 0.010729684734 cfg1 2 1 0 0 na na
10 65132.803350338814 0.010728767634 cfg1 2 1 0 0 na na
10 65132.877350338414 0.010726053546 cfg1 2 1 0 0 na na
10 65132.900350295489 0.010725155780 cfg1 2 1 0 0 na na
10 65132.903350274675 0.010725046887 cfg1 2 1 0 0 na na
10 65132.910350297074 0.010724843157 cfg1 2 1 0 0 na na
10 65132.964350288591 0.010722862948 cfg1 2 1 0 0 na na
10 65132.976350335364 0.010722422931 cfg1 2 1 0 0 na na
10 65132.995350321408 0.010721726243 cfg1 2 1 0 0 na na
10 65132.999350345722 0.010721579502 cfg1 2 1 0 0 na na
10 65133.012350274727 0.010721102890 cfg1 2 1 0 0 na na
10 65133.039350282096 0.010720113000 cfg1 2 1 0 0 na na
10 65133.046350339234 0.010719856345 cfg1 2 1 0 0 na na
10 65133.080350280991 0.010718569749 cfg1 2 1 0 0 na na
10 65133.095350341534 0.010717994219 cfg1 2 1 0 0 na na
10 65133.099350250096 0.010717859157 cfg1 2 1 0 0 na na
10 65133.163350297890 0.010715567388 cfg1 2 1 0 0 na na
10 65133.184350332394 0.010714797646 cfg1 2 1 0 0 na na
10 65133.216350335301 0.010713560142 cfg1 2 1 0 0 na na
10 65133.234350314089 0.010712965216 cfg1 2 1 0 0 na na
10 65133.235350305798 0.010712928521 cfg1 2 1 0 0 na na
10 65133.241350314883 0.010712708684 cfg1 2 1 0 0 na na
10 65133.298350277557 0.010710619835 cfg1 2 1 0 0 na na
10 65133.306350325487 0.010710326749 cfg1 2 1 0 0 na na
10 65133.318350294678 0.010709887005 cfg1 2 1 0 0 na na
10 65133.322350290511 0.010709740572 cfg1 2 1 0 0 na na
10 65133.376350309311 0.010707761962 cfg1 2 1 0 0 na na
10 65133.400350283492 0.010706882833 cfg1 2 1 0 0 na na
10 65133.431350290936 0.010705747090 cfg1 2 1 0 0 na na
10 65133.540350274504 0.010701754574 cfg1 2 1 0 0 na na
10 65133.566350280956 0.010700802496 cfg1 2 1 0 0 na na
10 65133.625350371213 0.010698641935 cfg1 2 1 0 0 na na
10 65133.685350289582 0.010696445079 cfg1 2 1 0 0 na na
10 65133.805350279867 0.010691985873 cfg1 2 1 0 0 na na
10 65133.849350311067 0.010690441744 cfg1 2 1 0 0 na na
10 65133.911350319680 0.010688130342 cfg1 2 1 0 0 na na
10 65133.925350302467 0.010687660389 cfg1 2 1 0 0 na na
10 65133.928350313387 0.010687550595 cfg1 2 1 0 0 na na
10 65133.997350367640 0.010684972060 cfg1 2 1 0 0 na na
10 65134.015350300576 0.010684367281 cfg1 2 1 0 0 na na
10 65134.018350320558 0.010684257521 cfg1 2 1 0 0 na na
10 65134.027350272352 0.010683928333 cfg1 2 1 0 0 na na
10 65134.032350373387 0.010683745304 cfg1 2 1 0 0 na na
10 65134.033350324381 0.010683708799 cfg1 2 1 0 0 na na
10 65134.037350284158 0.010683562416 cfg1 2 1 0 0 na na
10 65134.089350315469 0.010681660115 cfg1 2 1 0 0 na na
10 65134.096350321276 0.010681404089 cfg1 2 1 0 0 na na
10 65134.105350271888 0.010681074854 cfg1 2 1 0 0 na na
10 65134.133350262711 0.010680008984 cfg1 2 1 0 0 na na
10 65134.157350263621 0.010679108282 cfg1 2 1 0 0 na na
10 65134.163350279820 0.010678953463 cfg1 2 1 0 0 na na
10 65134.166350297291 0.010678779000 cfg1 2 1 0 0 na na
10 65134.266350355703 0.010675136447 cfg1 2 1 0 0 na na
10 65134.284350346835 0.010674528583 cfg1 2 1 0 0 na na
10 65134.320350312729 0.010673212156 cfg1 2 1 0 0 na na
10 65134.334350322091 0.010672700324 cfg1 2 1 0 0 na na
10 65134.336350300982 0.010672627254 cfg1 2 1 0 0 na na
10 65134.404350333964 0.010670096439 cfg1 2 1 0 0 na na
10 65134.420350311086 0.010669513129 cfg1 2 1 0 0 na na
10 65134.421350329401 0.010669519885 cfg1 2 1 0 0 na na
10 65134.462350290614 0.010667962730 cfg1 2 1 0 0 na na
10 65134.465350320792 0.010667911558 cfg1 2 1 0 0 na na
10 65134.538350328649 0.010665189141 cfg1 2 1 0 0 na na
10 65134.568350281607 0.010664147399 cfg1 2 1 0 0 na na
10 65134.572350291133 0.010663948847 cfg1 2 1 0 0 na na
10 65134.652350318863 0.010661078071 cfg1 2 1 0 0 na na
10 65134.667350287038 0.010660530462 cfg1 2 1 0 0 na na
10 65134.681350314724 0.010659961108 cfg1 2 1 0 0 na na
10 65134.730350290002 0.010658181283 cfg1 2 1 0 0 na na
10 65134.734350270531 0.010658027976 cfg1 2 1 0 0 na na
10 65134.772350256005 0.010656694346 cfg1 2 1 0 0 na na
10 65134.798350336732 0.010655744705 cfg1 2 1 0 0 na na
10 65134.822350337643 0.010654868204 cfg1 2 1 0 0 na na
10 65134.830350287098 0.010654575969 cfg1 2 1 0 0 na na
10 65134.843350281675 0.010654101277 cfg1 2 1 0 0 na na
10 65134.935350262638 0.010650698679 cfg1 2 1 0 0 na na
10 65134.966350293461 0.010649609887 cfg1 2 1 0 0 na na
10 65134.968350286269 0.010649536848 cfg1 2 1 0 0 na na
10 65135.006350325688 0.010648149473 cfg1 2 1 0 0 na na
10 65135.020350292902 0.010647638496 cfg1 2 1 0 0 na na
10 65135.026350275559 0.010647419375 cfg1 2 1 0 0 na na
10 65135.033350359008 0.010647163944 cfg1 2 1 0 0 na na
10 65135.037350252601 0.010647017786 cfg1 2 1 0 0 na na
10 65135.064350339471 0.010646032256 cfg1 2 1 0 0 na na
10 65135.076350310066 0.010645594339 cfg1 2 1 0 0 na na
10 65135.080350292545 0.010645448211 cfg1 2 1 0 0 na na
10 65135.081350352643 0.010645411729 cfg1 2 1 0 0 na na
10 65135.087350316897 0.010645153849 cfg1 2 1 0 0 na na
10 65135.088350295067 0.010645156254 cfg1 2 1 0 0 na na
10 65135.100350306892 0.010644718191 cfg1 2 1 0 0 na na
10 65135.108350290536 0.010644426261 cfg1 2 1 0 0 na na
10 65135.120350354875 0.010643988220 cfg1 2 1 0 0 na na
10 65135.127350324987 0.010643732805 cfg1 2 1 0 0 na na
10 65135.174350339365 0.010641994444 cfg1 2 1 0 0 na na
10 65135.210350293938 0.010640703699 cfg1 2 2 0 0 na na
10 65135.277350300219 0.010638258980 cfg1 2 2 0 0 na na
10 65135.293350322032 0.010637675283 cfg1 2 2 0 0 na na
10 65135.308350344286 0.010637127986 cfg1 2 2 0 0 na na
10 65135.321350355776 0.010636653768 cfg1 2 2 0 0 na na
10 65135.343350357535 0.010635851185 cfg1 2 2 0 0 na na
10 65135.345350302326 0.010635778128 cfg1 2 2 0 0 na na
10 65135.357350339559 0.010635340447 cfg1 2 2 0 0 na na
10 65135.559350306895 0.010628038105 cfg1 2 1 0 0 na na
10 65139.410350321098 0.010488307683 cfg1 2 1 0 0 na na
10 65139.486350331607 0.010485534381 cfg1 2 1 0 0 na na
10 65139.594350332158 0.010481614326 cfg1 2 1 0 0 na na
10 65139.604350270633 0.010481272120 cfg1 2 1 0 0 na na
10 65139.944350341370 0.010468985550 cfg1 2 1 0 0 na na
10 65143.193350402586 0.010352032075 cfg1 2 1 0 0 na na
10 65143.269350360573 0.010349309904 cfg1 2 1 0 0 na na
10 65143.533350326189 0.010339860776 cfg1 2 1 0 0 na na
10 65143.611350348236 0.010337043490 cfg1 2 1 0 0 na na
10 65143.612350317168 0.010337034746 cfg1 2 1 0 0 na na
10 65143.722350323695 0.010333095007 cfg1 2 1 0 0 na na
10 65143.862350325691 0.010328087444 cfg1 2 1 0 0 na na
10 65143.883350302949 0.010327338946 cfg1 2 1 0 0 na na
10 65143.930350323864 0.010325655713 cfg1 2 1 0 0 na na
10 65144.001350319957 0.010323117250 cfg1 2 1 0 0 na na
10 65144.095350337338 0.010319757327 cfg1 2 1 0 0 na na
10 65144.155350294399 0.010317612774 cfg1 2 1 0 0 na na
10 65144.200350290401 0.010316004731 cfg1 2 1 0 0 na na
10 65144.346350358118 0.010310788779 cfg1 2 1 0 0 na na
10 65144.349350307200 0.010310669350 cfg1 2 1 0 0 na na
10 65144.374350341715 0.010309788634 cfg1 2 1 0 0 na na
10 65144.376350283679 0.010309717198 cfg1 2 1 0 0 na na
10 65144.398350278012 0.010308933677 cfg1 2 1 0 0 na na
10 65144.401350277096 0.010308829811 cfg1 2 1 0 0 na na
10 65144.419350301980 0.010308165326 cfg1 2 1 0 0 na na
10 65144.426350287481 0.010307924148 cfg1 2 1 0 0 na na
10 65144.437350300424 0.010307538789 cfg1 2 1 0 0 na na
10 65144.486350315261 0.010305788928 cfg1 2 1 0 0 na na
10 65144.605350323967 0.010301540362 cfg1 2 1 0 0 na na
10 65144.622350305715 0.010300933611 cfg1 2 1 0 0 na na
10 65144.662350319891 0.010299506377 cfg1 2 1 0 0 na na
10 65144.665350304828 0.010299383761 cfg1 2 1 0 0 na na
10 65144.672350334355 0.010299148956 cfg1 2 1 0 0 na na
10 65144.695350280713 0.010298328064 cfg1 2 1 0 0 na na
10 65144.712350331739 0.010297721381 cfg1 2 1 0 0 na na
10 65144.716350306448 0.010297578601 cfg1 2 2 0 0 na na
10 65144.738350322607 0.010296793489 cfg1 2 1 0 0 na na
10 65144.749350305811 0.010296404086 cfg1 2 1 0 0 na na
10 65144.759350335018 0.010296044241 cfg1 2 1 0 0 na na
10 65144.781350318235 0.010295259259 cfg1 2 1 0 0 na na
10 65144.793350325702 0.010294830974 cfg1 2 1 0 0 na na
10 65144.829350318124 0.010293546589 cfg1 2 2 0 0 na na
10 65144.903350263102 0.010290913691 cfg1 2 1 0 0 na na
10 65144.906350286596 0.010290799921 cfg1 2 1 0 0 na na
10 65144.907350296915 0.010290764103 cfg1 2 2 0 0 na na
10 65144.946350329593 0.010289373076 cfg1 2 2 0 0 na na
10 65144.989350270105 0.010287841620 cfg1 2 1 0 0 na na
10 65145.001350311215 0.010287411553 cfg1 2 2 0 0 na na
10 65145.012350366989 0.010287019246 cfg1 2 2 0 0 na na
10 65145.075350324690 0.010284772832 cfg1 2 2 0 0 na na
10 65145.096350330370 0.010284024172 cfg1 2 2 0 0 na na
10 65145.104350293254 0.010283738979 cfg1 2 2 0 0 na na
10 65145.121350293240 0.010283132797 cfg1 2 2 0 0 na na
10 65145.134350329969 0.010282669358 cfg1 2 2 0 0 na na
10 65145.380350339357 0.010273902322 cfg1 2 1 0 0 na na
10 65145.402350297638 0.010273118163 cfg1 2 1 0 0 na na
10 65145.457350320315 0.010271159329 cfg1 2 2 0 0 na na
10 65145.462350306227 0.010270981204 cfg1 2 2 0 0 na na
10 65145.474350295449 0.010270553795 cfg1 2 2 0 0 na na
10 65145.483350301297 0.010270233220 cfg1 2 2 0 0 na na
10 65145.530350278056 0.010268559270 cfg1 2 2 0 0 na na
10 65145.652350343753 0.010264219932 cfg1 2 1 0 0 na na
10 65145.708350264364 0.010262221399 cfg1 2 1 0 0 na na
10 65145.775350325746 0.010259836597 cfg1 2 2 0 0 na na
10 65145.899350356945 0.010255423904 cfg1 2 2 0 0 na na
10 65145.976350259919 0.010252684489 cfg1 2 2 0 0 na na
10 65145.990350285218 0.010252192443 cfg1 2 1 0 0 na na
10 65146.024350227326 0.010250984465 cfg1 2 1 0 0 na na
10 65146.054350327410 0.010249909960 cfg1 2 1 0 0 na na
10 65146.055350331524 0.010249880618 cfg1 2 1 0 0 na na
10 65146.135350372528 0.010247029414 cfg1 2 2 0 0 na na
10 65146.237350331803 0.010243402789 cfg1 2 2 0 0 na na
10 65146.245350273050 0.010243118334 cfg1 2 1 0 0 na na
10 65146.291350291535 0.010241483240 cfg1 2 2 0 0 na na
10 65146.295350264326 0.010241341025 cfg1 2 1 0 0 na na
10 65146.326350313116 0.010240239495 cfg1 2 1 0 0 na na
10 65146.374350293645 0.010238533955 cfg1 2 1 0 0 na na
10 65146.398350329847 0.010237680462 cfg1 2 2 0 0 na na
10 65146.404350273129 0.010237467784 cfg1 2 1 0 0 na na
10 65146.572350309001 0.010231498611 cfg1 2 1 0 0 na na
10 65146.609350304369 0.010230184391 cfg1 2 1 0 0 na na
10 65146.611350335556 0.010230113346 cfg1 2 1 0 0 na na
10 65146.628350229266 0.010229512640 cfg1 2 1 0 0 na na
10 65146.690350262645 0.010227307926 cfg1 2 2 0 0 na na
10 65146.709350268255 0.010226644419 cfg1 2 1 0 0 na na
10 65146.787350354147 0.010223863883 cfg1 2 1 0 0 na na
10 65146.819350312688 0.010222727963 cfg1 2 1 0 0 na na
10 65146.882350341315 0.010220495864 cfg1 2 1 0 0 na na
10 65146.888350391443 0.010220278904 cfg1 2 1 0 0 na na
10 65146.908350331063 0.010219569092 cfg1 2 1 0 0 na na
10 65147.028350282823 0.010215305521 cfg1 2 1 0 0 na na
10 65147.071350268808 0.010213785548 cfg1 2 1 0 0 na na
10 65147.072350269466 0.010213750134 cfg1 2 2 0 0 na na
10 65147.148350324890 0.010211054380 cfg1 2 2 0 0 na na
10 65147.182350333429 0.010209848647 cfg1 2 1 0 0 na na
10 65147.211350335900 0.010208820091 cfg1 2 2 0 0 na na
10 65147.224350326189 0.010208359137 cfg1 2 2 0 0 na na
10 65147.282350387900 0.010206302594 cfg1 2 2 0 0 na na
10 65147.296350255212 0.010205806190 cfg1 2 2 0 0 na na
10 65147.304350339434 0.010205522588 cfg1 2 2 0 0 na na
10 65147.308350358481 0.010205380757 cfg1 2 2 0 0 na na
10 65147.313350309825 0.010205203485 cfg1 2 2 0 0 na na
10 65147.333350300105 0.010204494503 cfg1 2 2 0 0 na na
10 65147.338350302024 0.010204317229 cfg1 2 2 0 0 na na
10 65147.341350342165 0.010204210870 cfg1 2 2 0 0 na na
10 65147.370350331487 0.010203182923 cfg1 2 2 0 0 na na
10 65147.374350350089 0.010203041088 cfg1 2 2 0 0 na na
10 65147.399350312890 0.010202155005 cfg1 2 2 0 0 na na
10 65147.415350346009 0.010201587908 cfg1 2 2 0 0 na na
10 65147.477350361829 0.010199391216 cfg1 2 1 0 0 na na
10 65147.508350310383 0.010198292130 cfg1 2 2 0 0 na na
10 65147.535350298915 0.010197335456 cfg1 2 2 0 0 na na
10 65147.579350322199 0.010195776522 cfg1 2 2 0 0 na na
10 65147.591350316799 0.010195351452 cfg1 2 2 0 0 na na
10 65147.592350315810 0.010195315902 cfg1 2 2 0 0 na na
10 65147.615350342536 0.010194501127 cfg1 2 2 0 0 na na
10 65147.627350325587 0.010194076078 cfg1 2 2 0 0 na na
10 65147.628350255444 0.010194040627 cfg1 2 2 0 0 na na
10 65147.653350301921 0.010193155122 cfg1 2 2 0 0 na na
10 65147.666350340116 0.010192697087 cfg1 2 1 0 0 na na
10 65147.689350299570 0.010191879994 cfg1 2 2 0 0 na na
10 65147.693350331251 0.010191738319 cfg1 2 2 0 0 na na
10 65147.713350265509 0.010191029960 cfg1 2 2 0 0 na na
10 65147.731350300007 0.010190392528 cfg1 2 2 0 0 na na
10 65147.806350303555 0.010187736733 cfg1 2 1 0 0 na na
10 65147.838350316855 0.010186603779 cfg1 2 2 0 0 na na
10 65147.841350335807 0.010186497523 cfg1 2 1 0 0 na na
10 65147.872350390025 0.010185411159 cfg1 2 1 0 0 na na
10 65147.891350340417 0.010184727516 cfg1 2 2 0 0 na na
10 65147.924350262133 0.010183559417 cfg1 2 2 0 0 na na
10 65148.060350312906 0.010178746441 cfg1 2 2 0 0 na na
10 65148.100350308744 0.010177331119 cfg1 2 1 0 0 na na
10 65148.136350308325 0.010176057501 cfg1 2 1 0 0 na na
10 65148.175350322359 0.010174677894 cfg1 2 2 0 0 na na
10 65148.208350326150 0.010173510663 cfg1 2 2 0 0 na na
10 65148.224350317880 0.010172944708 cfg1 2 2 0 0 na na
10 65148.255350326398 0.010171848441 cfg1 2 2 0 0 na na
10 65148.274350333957 0.010171176475 cfg1 2 2 0 0 na na
10 65148.286350250411 0.010170746447 cfg1 2 1 0 0 na na
10 65148.307350311387 0.010170010178 cfg1 2 1 0 0 na na
10 65148.328350324506 0.010169266901 cfg1 2 1 0 0 na na
10 65148.376350377046 0.010167569915 cfg1 2 2 0 0 na na
10 65148.401350297901 0.010166685980 cfg1 2 2 0 0 na na
10 65148.403350271117 0.010166615337 cfg1 2 2 0 0 na na
10 65148.460350388599 0.010164600449 cfg1 2 2 0 0 na na
10 65148.492350304887 0.010163469393 cfg1 2 2 0 0 na na
10 65148.497350287740 0.010163292722 cfg1 2 2 0 0 na na
10 65148.648350325747 0.010157943730 cfg1 2 1 0 0 na na
10 65148.696350360408 0.010156261236 cfg1 2 2 0 0 na na
10 65148.699350267906 0.010156155270 cfg1 2 2 0 0 na na
10 65148.758350326917 0.010154063356 cfg1 2 1 0 0 na na
10 65148.802350347079 0.010152517338 cfg1 2 1 0 0 na na
10 65148.814350311437 0.010152093718 cfg1 2 2 0 0 na na
10 65148.854350256388 0.010150684535 cfg1 2 1 0 0 na na
10 65148.861350337980 0.010150434012 cfg1 2 2 0 0 na na
10 65148.924350309506 0.010148209693 cfg1 2 2 0 0 na na
10 65148.925350298246 0.010148174457 cfg1 2 2 0 0 na na
10 65148.984350266830 0.010146091709 cfg1 2 2 0 0 na na
10 65148.994350309086 0.010145738706 cfg1 2 2 0 0 na na
10 65149.069350247973 0.010143093922 cfg1 2 2 0 0 na na
10 65149.077350326551 0.010142809370 cfg1 2 2 0 0 na na
10 65149.164350266502 0.010139739680 cfg1 2 2 0 0 na na
10 65149.232350310346 0.010137341639 cfg1 2 1 0 0 na na
10 65149.234350388991 0.010137270176 cfg1 2 2 0 0 na na
10 65149.253350330659 0.010136599994 cfg1 2 2 0 0 na na
10 65149.270350315070 0.010136000368 cfg1 2 2 0 0 na na
10 65149.281350339989 0.010135612363 cfg1 2 2 0 0 na na
10 65149.289350321372 0.010135330306 cfg1 2 2 0 0 na na
10 65149.397350320408 0.010131515674 cfg1 2 1 0 0 na na
10 65149.422350262423 0.010130640307 cfg1 2 2 0 0 na na
10 65149.433350339904 0.010130252461 cfg1 2 2 0 0 na na
10 65149.457350341303 0.010129406403 cfg1 2 2 0 0 na na
10 65149.463350296455 0.010129194778 cfg1 2 1 0 0 na na
10 65149.484350313929 0.010128454484 cfg1 2 1 0 0 na na
10 65149.495350306803 0.010128057627 cfg1 2 1 0 0 na na
10 65149.507350279337 0.010127643773 cfg1 2 2 0 0 na na
10 65149.588350363561 0.010124771018 cfg1 2 1 0 0 na na
10 65149.652350282593 0.010122538351 cfg1 2 1 0 0 na na
10 65149.679350268016 0.010121582385 cfg1 2 2 0 0 na na
10 65149.717350305899 0.010120243674 cfg1 2 2 0 0 na na
10 65149.728350301082 0.010119856110 cfg1 2 2 0 0 na na
10 65149.732350286081 0.010119715157 cfg1 2 1 0 0 na na
10 65149.823350283241 0.010116509830 cfg1 2 1 0 0 na na
10 65149.853350285678 0.010115453353 cfg1 2 2 0 0 na na
10 65149.872350340139 0.010114784259 cfg1 2 2 0 0 na na
10 65149.894350349270 0.010114009488 cfg1 2 1 0 0 na na
10 65149.940350341766 0.010112389877 cfg1 2 2 0 0 na na
10 65150.044350388126 0.010108717716 cfg1 2 1 0 0 na na
10 65150.068350299660 0.010107884389 cfg1 2 2 0 0 na na
10 65150.116350289806 0.010106194723 cfg1 2 2 0 0 na na
10 65150.264350320993 0.010100986551 cfg1 2 1 0 0 na na
10 65150.278350307432 0.010100495571 cfg1 2 1 0 0 na na
10 65150.296350318622 0.010099861815 cfg1 2 2 0 0 na na
10 65150.345350353417 0.010098139488 cfg1 2 1 0 0 na na
10 65150.362350382388 0.010097540455 cfg1 2 1 0 0 na na
10 65150.365350316843 0.010097434998 cfg1 2 2 0 0 na na
10 65150.414350285800 0.010095711957 cfg1 2 2 0 0 na na
10 65150.430350286158 0.010095149226 cfg1 2 1 0 0 na na
10 65150.447350257201 0.010094551543 cfg1 2 2 0 0 na na
10 65150.448350384921 0.010094516331 cfg1 2 1 0 0 na na
10 65150.490350298810 0.010093039714 cfg1 2 1 0 0 na na
10 65150.551350268750 0.010090895407 cfg1 2 2 0 0 na na
10 65150.582350298010 0.010089805799 cfg1 2 2 0 0 na na
10 65150.641350262043 0.010087732288 cfg1 2 2 0 0 na na
10 65150.644350348619 0.010087632302 cfg1 2 1 0 0 na na
10 65150.651350275524 0.010087380844 cfg1 2 2 0 0 na na
10 65150.673350370514 0.010086607796 cfg1 2 2 0 0 na na
10 65150.691350325922 0.010085975288 cfg1 2 2 0 0 na na
10 65150.704350300562 0.010085518510 cfg1 2 2 0 0 na na
10 65150.729350316792 0.010084640170 cfg1 2 2 0 0 na na
10 65150.732350353459 0.010084534730 cfg1 2 2 0 0 na na
10 65150.780350303678 0.010082849325 cfg1 2 2 0 0 na na
10 65150.783350297510 0.010082743045 cfg1 2 2 0 0 na na
10 65150.868350241943 0.010079765051 cfg1 2 1 0 0 na na
10 65150.878350344734 0.010079406390 cfg1 2 2 0 0 na na
10 65150.925350285070 0.010077755846 cfg1 2 2 0 0 na na
10 65150.938350273964 0.010077299342 cfg1 2 2 0 0 na na
10 65150.961350293930 0.010076498029 cfg1 2 1 0 0 na na
10 65150.997350377960 0.010075227898 cfg1 2 2 0 0 na na
10 65151.014350361845 0.010074631047 cfg1 2 2 0 0 na na
10 65151.129350313233 0.010070594402 cfg1 2 1 0 0 na na
10 65151.152350406226 0.010069787286 cfg1 2 2 0 0 na na
10 65151.161350307893 0.010069471385 cfg1 2 1 0 0 na na
10 65151.162350353507 0.010069436373 cfg1 2 2 0 0 na na
10 65151.172350368378 0.010069085451 cfg1 2 2 0 0 na na
10 65151.180350322119 0.010068804701 cfg1 2 2 0 0 na na
10 65151.212350281137 0.010067681840 cfg1 2 1 0 0 na na
10 65151.216350281434 0.010067541600 cfg1 2 2 0 0 na na
10 65151.219350349268 0.010067436308 cfg1 2 2 0 0 na na
10 65151.235350318644 0.010066874972 cfg1 2 2 0 0 na na
10 65151.250350324044 0.010066331243 cfg1 2 1 0 0 na na
10 65151.252350341345 0.010066278443 cfg1 2 2 0 0 na na
10 65151.255350298278 0.010066173209 cfg1 2 2 0 0 na na
10 65151.283350301883 0.010065191364 cfg1 2 2 0 0 na na
10 65151.295350315813 0.010064769894 cfg1 2 1 0 0 na na
10 65151.299350306520 0.010064629700 cfg1 2 2 0 0 na na
10 65151.317350321456 0.010063998232 cfg1 2 2 0 0 na na
10 65151.354350320536 0.010062700349 cfg1 2 1 0 0 na na
10 65151.357350264904 0.010062595237 cfg1 2 2 0 0 na na
10 65151.362350315832 0.010062419893 cfg1 2 2 0 0 na na
10 65151.383350327441 0.010061683317 cfg1 2 1 0 0 na na
10 65151.397350335795 0.010061192315 cfg1 2 1 0 0 na na
10 65151.427350286906 0.010060140290 cfg1 2 1 0 0 na na
10 65151.508350320569 0.010057300187 cfg1 2 2 0 0 na na
10 65151.542350321750 0.010056108266 cfg1 2 2 0 0 na na
10 65151.563350345662 0.010055372125 cfg1 2 2 0 0 na na
10 65151.564350246637 0.010055337146 cfg1 2 2 0 0 na na
10 65151.645350340253 0.010052498013 cfg1 2 2 0 0 na na
10 65151.690350311910 0.010050923601 cfg1 2 1 0 0 na na
10 65151.735350310077 0.010049344304 cfg1 2 2 0 0 na na
10 65151.744350250634 0.010049028929 cfg1 2 2 0 0 na na
10 65151.752350291224 0.010048748712 cfg1 2 2 0 0 na na
10 65151.861350273650 0.010044930368 cfg1 2 2 0 0 na na
10 65151.881350273644 0.010044229841 cfg1 2 1 0 0 na na
10 65151.886350263122 0.010044039145 cfg1 2 1 0 0 na na
10 65151.889350315931 0.010043949696 cfg1 2 2 0 0 na na
10 65151.893350296383 0.010043809716 cfg1 2 2 0 0 na na
10 65151.894350297827 0.010043774638 cfg1 2 2 0 0 na na
10 65151.908350283306 0.010043284252 cfg1 2 2 0 0 na na
10 65151.911350303206 0.010043179396 cfg1 2 2 0 0 na na
10 65151.938350265228 0.010042233752 cfg1 2 2 0 0 na na
10 65151.978350328581 0.010040833112 cfg1 2 2 0 0 na na
10 65151.989350320332 0.010040447944 cfg1 2 2 0 0 na na
10 65152.004350322048 0.010039922775 cfg1 2 2 0 0 na na
10 65152.075350314852 0.010037437226 cfg1 2 2 0 0 na na
10 65152.091350289591 0.010036877211 cfg1 2 2 0 0 na na
10 65152.102350355184 0.010036492126 cfg1 2 2 0 0 na na
10 65152.105350283839 0.010036377558 cfg1 2 1 0 0 na na
10 65152.232350305020 0.010031942744 cfg1 2 2 0 0 na na
10 65152.268350326506 0.010030683192 cfg1 2 2 0 0 na na
10 65152.272350340258 0.010030543259 cfg1 2 2 0 0 na na
10 65152.284350331562 0.010030123406 cfg1 2 2 0 0 na na
10 65152.285350308109 0.010030085880 cfg1 2 1 0 0 na na
10 65152.288350372805 0.010029983670 cfg1 2 2 0 0 na na
10 65152.341350335018 0.010028136226 cfg1 2 1 0 0 na na
10 65152.345350341339 0.010027976186 cfg1 2 1 0 0 na na
10 65152.357350303168 0.010027569803 cfg1 2 2 0 0 na na
10 65152.360350292270 0.010027464865 cfg1 2 2 0 0 na na
10 65152.378350261299 0.010026835414 cfg1 2 2 0 0 na na
10 65152.382350362916 0.010026695431 cfg1 2 2 0 0 na na
10 65152.389350306508 0.010026450610 cfg1 2 2 0 0 na na
10 65152.391350306210 0.010026380646 cfg1 2 2 0 0 na na
10 65152.417350344332 0.010025471435 cfg1 2 2 0 0 na na
10 65152.426350348199 0.010025156616 cfg1 2 2 0 0 na na
10 65152.439350367312 0.010024701986 cfg1 2 2 0 0 na na
10 65152.478350328350 0.010023338321 cfg1 2 2 0 0 na na
10 65152.502350302426 0.010022499138 cfg1 2 2 0 0 na na
10 65152.512350275767 0.010022149520 cfg1 2 2 0 0 na na
10 65152.546350280129 0.010020961421 cfg1 2 2 0 0 na na
10 65152.587350283115 0.010019527612 cfg1 2 2 0 0 na na
10 65152.615350325854 0.010018548878 cfg1 2 2 0 0 na na
10 65152.683350331978 0.010016172481 cfg1 2 2 0 0 na na
10 65152.692350304091 0.010015858086 cfg1 2 2 0 0 na na
10 65152.715350291444 0.010015054183 cfg1 2 2 0 0 na na
10 65152.718350274543 0.010014949387 cfg1 2 2 0 0 na na
10 65152.736350288266 0.010014320372 cfg1 2 1 0 0 na na
10 65152.739350295859 0.010014215564 cfg1 2 2 0 0 na na
10 65152.743350373297 0.010014074504 cfg1 2 1 0 0 na na
10 65152.783350300293 0.010012678333 cfg1 2 2 0 0 na na
10 65152.786350289763 0.010012573502 cfg1 2 2 0 0 na na
10 65152.797350261997 0.010012189245 cfg1 2 2 0 0 na na
10 65152.833350276554 0.010010934868 cfg1 2 1 0 0 na na
10 65152.858350292041 0.010010058391 cfg1 2 2 0 0 na na
10 65152.859350294472 0.010010023644 cfg1 2 2 0 0 na na
10 65152.872350261617 0.010009580101 cfg1 2 1 0 0 na na
10 65152.901350306547 0.010008556675 cfg1 2 2 0 0 na na
10 65152.906350301698 0.010008382617 cfg1 2 2 0 0 na na
10 65152.914350264492 0.010008102527 cfg1 2 1 0 0 na na
10 65152.967350331896 0.010006251778 cfg1 2 2 0 0 na na
10 65152.969350297876 0.010006181999 cfg1 2 2 0 0 na na
10 65152.983350313884 0.010005693113 cfg1 2 2 0 0 na na
10 65153.000350324754 0.010005099515 cfg1 2 1 0 0 na na
10 65153.053350347127 0.010003249150 cfg1 2 1 0 0 na na
10 65153.071350301317 0.010002620813 cfg1 2 1 0 0 na na
10 65153.077350313071 0.010002411368 cfg1 2 1 0 0 na na
10 65153.101350294745 0.010001563244 cfg1 2 1 0 0 na na
10 65153.138350316660 0.010000282200 cfg1 2 2 0 0 na na
10 65153.145350294544 0.010000037903 cfg1 2 2 0 0 na na
10 65153.147350255543 0.009999968120 cfg1 2 2 0 0 na na
10 65153.249350353789 0.009996408748 cfg1 2 2 0 0 na na
10 65153.283350397254 0.009995222564 cfg1 2 2 0 0 na na
10 65153.316350324917 0.009994071294 cfg1 2 2 0 0 na na
10 65153.322350326545 0.009993862048 cfg1 2 2 0 0 na na
10 65153.353350283845 0.009992780744 cfg1 2 2 0 0 na na
10 65153.364350274452 0.009992397038 cfg1 2 2 0 0 na na
10 65153.384350283052 0.009991699464 cfg1 2 2 0 0 na na
10 65153.403350294096 0.009991036795 cfg1 2 2 0 0 na na
10 65153.432350287328 0.009990025514 cfg1 2 2 0 0 na na
10 65153.468350383195 0.009988770108 cfg1 2 2 0 0 na na
10 65153.475350254733 0.009988526026 cfg1 2 2 0 0 na na
10 65153.480350266029 0.009988351735 cfg1 2 2 0 0 na na
10 65153.509350353039 0.009987340622 cfg1 2 2 0 0 na na
10 65153.516350370355 0.009987096501 cfg1 2 2 0 0 na na
10 65153.580350316088 0.009984865453 cfg1 2 2 0 0 na na
10 65153.658350296300 0.009982146761 cfg1 2 2 0 0 na na
10 65153.681350290279 0.009981328733 cfg1 2 1 0 0 na na
10 65153.712350281830 0.009980253691 cfg1 2 1 0 0 na na
10 65153.731350340569 0.009979602924 cfg1 2 2 0 0 na na
10 65153.758350310356 0.009978662234 cfg1 2 2 0 0 na na
10 65153.921350302237 0.009972984451 cfg1 2 1 0 0 na na
10 65153.989350302845 0.009970616647 cfg1 2 1 0 0 na na
10 65154.001350333098 0.009970198880 cfg1 2 2 0 0 na na
10 65154.054350287892 0.009968353753 cfg1 2 2 0 0 na na
10 65154.055350388950 0.009968318935 cfg1 2 2 0 0 na na
10 65154.056350283685 0.009968284124 cfg1 2 2 0 0 na na
10 65154.111350316401 0.009966369645 cfg1 2 2 0 0 na na
10 65154.135350331685 0.009965534334 cfg1 2 2 0 0 na na
10 65154.145350340115 0.009965186286 cfg1 2 2 0 0 na na
10 65154.164350281531 0.009964526127 cfg1 2 2 0 0 na na
10 65154.212350304900 0.009962854840 cfg1 2 2 0 0 na na
10 65154.215350316363 0.009962750359 cfg1 2 2 0 0 na na
10 65154.253350264700 0.009961412109 cfg1 2 1 0 0 na na
10 65154.305350296654 0.009959619146 cfg1 2 2 0 0 na na
10 65154.321350292669 0.009959062594 cfg1 2 2 0 0 na na
10 65154.325350348512 0.009958923467 cfg1 2 2 0 0 na na
10 65154.396350337052 0.009956454859 cfg1 2 2 0 0 na na
10 65154.440350270957 0.009954923870 cfg1 2 2 0 0 na na
10 65154.453350333007 0.009954471752 cfg1 2 1 0 0 na na
10 65154.504350303895 0.009952698612 cfg1 2 2 0 0 na na
10 65154.507350339729 0.009952594333 cfg1 2 2 0 0 na na
10 65154.510350268947 0.009952489904 cfg1 2 1 0 0 na na
10 65154.511350428581 0.009952455244 cfg1 2 2 0 0 na na
10 65154.569350256425 0.009950435622 cfg1 2 1 0 0 na na
10 65154.578350256021 0.009950126095 cfg1 2 2 0 0 na na
10 65154.610350375751 0.009949013796 cfg1 2 1 0 0 na na
10 65154.643350271492 0.009947866906 cfg1 2 1 0 0 na na
10 65154.649350278141 0.009947658416 cfg1 2 2 0 0 na na
10 65154.694350337724 0.009946094684 cfg1 2 2 0 0 na na
10 65154.707350328294 0.009945642883 cfg1 2 1 0 0 na na
10 65154.735350307299 0.009944670088 cfg1 2 2 0 0 na na
10 65154.753350333321 0.009944044695 cfg1 2 2 0 0 na na
10 65154.758350327318 0.009943866918 cfg1 2 1 0 0 na na
10 65154.776350349826 0.009943245853 cfg1 2 2 0 0 na na
10 65154.799350303199 0.009942446690 cfg1 2 2 0 0 na na
10 65154.844350281082 0.009940883533 cfg1 2 1 0 0 na na
10 65154.845350346991 0.009940848754 cfg1 2 1 0 0 na na
10 65154.859350405639 0.009940362604 cfg1 2 2 0 0 na na
10 65154.886350277501 0.009939429693 cfg1 2 1 0 0 na na
10 65154.947350351007 0.009937306583 cfg1 2 2 0 0 na na
10 65154.969350256646 0.009936539430 cfg1 2 1 0 0 na na
10 65154.972350328578 0.009936438503 cfg1 2 2 0 0 na na
10 65155.039350346317 0.009934112432 cfg1 2 2 0 0 na na
10 65155.085350349028 0.009932515725 cfg1 2 2 0 0 na na
10 65155.103350313135 0.009931890989 cfg1 2 2 0 0 na na
10 65155.118350348530 0.009931370286 cfg1 2 2 0 0 na na
10 65155.127350294182 0.009931057979 cfg1 2 2 0 0 na na
10 65155.131350306484 0.009930919220 cfg1 2 2 0 0 na na
10 65155.142350354771 0.009930537383 cfg1 2 2 0 0 na na
10 65155.145350360208 0.009930433222 cfg1 2 2 0 0 na na
10 65155.159350347942 0.009929947443 cfg1 2 2 0 0 na na
10 65155.205350333674 0.009928351329 cfg1 2 1 0 0 na na
10 65155.206350331797 0.009928316625 cfg1 2 1 0 0 na na
10 65155.214350331883 0.009928039030 cfg1 2 1 0 0 na na
10 65155.236350348229 0.009927276433 cfg1 2 1 0 0 na na
10 65155.265350355362 0.009926269665 cfg1 2 1 0 0 na na
10 65155.273350342790 0.009925992149 cfg1 2 1 0 0 na na
10 65155.294350292950 0.009925263612 cfg1 2 1 0 0 na na
10 65155.306350296537 0.009924847385 cfg1 2 1 0 0 na na
10 65155.318350340944 0.009924431146 cfg1 2 1 0 0 na na
10 65155.324350323858 0.009924223020 cfg1 2 1 0 0 na na
10 65155.349350273234 0.009923356582 cfg1 2 1 0 0 na na
10 65155.363350354056 0.009922870397 cfg1 2 1 0 0 na na
10 65155.364350300074 0.009922835712 cfg1 2 1 0 0 na na
10 65155.375350380330 0.009922454211 cfg1 2 1 0 0 na na
10 65155.377350265091 0.009922384922 cfg1 2 1 0 0 na na
10 65155.394350313613 0.009921795325 cfg1 2 1 0 0 na na
10 65155.417350386906 0.009920997712 cfg1 2 1 0 0 na na
10 65155.418350260466 0.009920958751 cfg1 2 1 0 0 na na
10 65155.489350265506 0.009918501340 cfg1 2 1 0 0 na na
10 65155.494350358394 0.009918327936 cfg1 2 1 0 0 na na
10 65155.495350248560 0.009918293386 cfg1 2 1 0 0 na na
10 65155.505350306760 0.009917946607 cfg1 2 1 0 0 na na
10 65155.521350254695 0.009917391962 cfg1 2 1 0 0 na na
10 65155.530350336827 0.009917079922 cfg1 2 1 0 0 na na
10 65155.554350393036 0.009916248061 cfg1 2 1 0 0 na na
10 65155.591350328935 0.009914965604 cfg1 2 1 0 0 na na
10 65155.596350335196 0.009914792325 cfg1 2 1 0 0 na na
10 65155.609350366013 0.009914340912 cfg1 2 1 0 0 na na
10 65155.643350327917 0.009913163484 cfg1 2 1 0 0 na na
10 65155.646350300650 0.009913059511 cfg1 2 1 0 0 na na
10 65155.686350271986 0.009911673501 cfg1 2 1 0 0 na na
10 65155.722350269386 0.009910407472 cfg1 2 1 0 0 na na
10 65155.741350296485 0.009909767885 cfg1 2 1 0 0 na na
10 65155.755350407046 0.009909282946 cfg1 2 1 0 0 na na
10 65155.767350379622 0.009908867210 cfg1 2 1 0 0 na na
10 65155.845350287522 0.009906165592 cfg1 2 1 0 0 na na
10 65155.847350340598 0.009906096230 cfg1 2 1 0 0 na na
10 65155.859350339139 0.009905680743 cfg1 2 1 0 0 na na
10 65155.946350281504 0.009902668136 cfg1 2 2 0 0 na na
10 65155.962350286925 0.009902114119 cfg1 2 2 0 0 na na
10 65155.975350319656 0.009901646841 cfg1 2 1 0 0 na na
10 65155.987350255970 0.009901249142 cfg1 2 2 0 0 na na
10 65156.035350300456 0.009899587018 cfg1 2 1 0 0 na na
10 65156.065350279479 0.009898548727 cfg1 2 1 0 0 na na
10 65156.078350319379 0.009898098794 cfg1 2 1 0 0 na na
10 65156.090350338477 0.009897683395 cfg1 2 1 0 0 na na
10 65156.139350264000 0.009895978086 cfg1 2 1 0 0 na na
10 65156.161350243189 0.009895238799 cfg1 2 1 0 0 na na
10 65156.181350236786 0.009894550070 cfg1 2 1 0 0 na na
10 65156.228350319657 0.009892908502 cfg1 2 1 0 0 na na
10 65156.238350306073 0.009892562475 cfg1 2 1 0 0 na na
10 65156.276350325889 0.009891248051 cfg1 2 1 0 0 na na
10 65156.285350348606 0.009890936666 cfg1 2 1 0 0 na na
10 65156.288350292767 0.009890833114 cfg1 2 1 0 0 na na
10 65156.312350248903 0.009890013120 cfg1 2 1 0 0 na na
10 65156.408350253598 0.009886688466 cfg1 2 1 0 0 na na
10 65156.427350308402 0.009886026165 cfg1 2 1 0 0 na na
10 65156.444350317954 0.009885438333 cfg1 2 1 0 0 na na
10 65156.475350323215 0.009884366675 cfg1 2 1 0 0 na na
10 65156.560350289418 0.009881441833 cfg1 2 1 0 0 na na
10 65156.946350250379 0.009868126397 cfg1 2 1 0 0 na na
10 65157.061350260362 0.009864151487 cfg1 2 1 0 0 na na
10 65157.174350341564 0.009860267289 cfg1 2 1 0 0 na na
10 65157.522350301122 0.009848252285 cfg1 2 1 0 0 na na
10 65157.691350279118 0.009842430263 cfg1 2 1 0 0 na na
10 65157.942350308903 0.009833792407 cfg1 2 1 0 0 na na
10 65158.262350245873 0.009822790893 cfg1 2 1 0 0 na na
10 65158.276350295272 0.009822290718 cfg1 2 1 0 0 na na
10 65158.429350310920 0.009817054991 cfg1 2 1 0 0 na na
10 65158.508350255301 0.009814326562 cfg1 2 1 0 0 na na
10 65158.843350296650 0.009802816080 cfg1 2 1 0 0 na na
10 65159.030350297543 0.009796398273 cfg1 2 1 0 0 na na
10 65159.069350255104 0.009795067038 cfg1 2 1 0 0 na na
10 65159.098350347621 0.009794074132 cfg1 2 1 0 0 na na
10 65159.135350261451 0.009792795218 cfg1 2 1 0 0 na na
10 65159.182350266441 0.009791180564 cfg1 2 1 0 0 na na
10 65159.608350347174 0.009776582046 cfg1 2 1 0 0 na na
10 65159.827350297510 0.009769089499 cfg1 2 1 0 0 na na
10 65159.896350275341 0.009766716570 cfg1 2 1 0 0 na na
10 65159.917350272952 0.009765999123 cfg1 2 1 0 0 na na
10 65159.932350274997 0.009765481785 cfg1 2 1 0 0 na na
10 65159.942350279176 0.009765137682 cfg1 2 1 0 0 na na
10 65160.038350268611 0.009761863244 cfg1 2 1 0 0 na na
10 65160.057350268265 0.009761213708 cfg1 2 1 0 0 na na
10 65160.160350334671 0.009757677343 cfg1 2 1 0 0 na na
10 65160.264350306079 0.009754132776 cfg1 2 1 0 0 na na
10 65160.370350283641 0.009750498302 cfg1 2 1 0 0 na na
10 65160.443350379188 0.009748002829 cfg1 2 1 0 0 na na
10 65160.454350299588 0.009747627071 cfg1 2 1 0 0 na na
10 65160.540350287871 0.009744689854 cfg1 2 1 0 0 na na
10 65160.544350342279 0.009744578343 cfg1 2 1 0 0 na na
10 65160.588350319171 0.009743050923 cfg1 2 1 0 0 na na
10 65160.612350284929 0.009742231764 cfg1 2 1 0 0 na na
10 65160.617350383513 0.009742060773 cfg1 2 1 0 0 na na
10 65160.622350291296 0.009741890042 cfg1 2 1 0 0 na na
10 65160.653350281660 0.009740834968 cfg1 2 1 0 0 na na
10 65160.691350300013 0.009739547486 cfg1 2 1 0 0 na na
10 65160.721350278344 0.009738518669 cfg1 2 1 0 0 na na
10 65160.730350339750 0.009738203520 cfg1 2 1 0 0 na na
10 65160.734350258557 0.009738093363 cfg1 2 1 0 0 na na
10 65160.869350296616 0.009733460620 cfg1 2 1 0 0 na na
10 65161.033350272811 0.009727879147 cfg1 2 1 0 0 na na
10 65161.081350278360 0.009726233346 cfg1 2 1 0 0 na na
10 65161.127350314208 0.009724662769 cfg1 2 1 0 0 na na
10 65161.137350264788 0.009724337376 cfg1 2 1 0 0 na na
10 65161.145350284509 0.009724049157 cfg1 2 1 0 0 na na
10 65161.174350338821 0.009723060746 cfg1 2 1 0 0 na na
10 65161.175350279092 0.009723027927 cfg1 2 1 0 0 na na
10 65161.223350297253 0.009721390894 cfg1 2 1 0 0 na na
10 65161.258350312505 0.009720198399 cfg1 2 1 0 0 na na
10 65161.259350272245 0.009720174784 cfg1 2 1 0 0 na na
10 65161.261350301378 0.009720096127 cfg1 2 2 0 0 na na
10 65161.285350322439 0.009719278426 cfg1 2 2 0 0 na na
10 65161.356350278964 0.009716862949 cfg1 2 1 0 0 na na
10 65161.368350296009 0.009716450998 cfg1 2 2 0 0 na na
10 65161.419350327538 0.009714714096 cfg1 2 2 0 0 na na
10 65161.431350280910 0.009714305929 cfg1 2 1 0 0 na na
10 65161.435350300677 0.009714169113 cfg1 2 2 0 0 na na
10 65161.468350327641 0.009713045404 cfg1 2 2 0 0 na na
10 65161.487350279692 0.009712402133 cfg1 2 1 0 0 na na
10 65161.499350315379 0.009711989883 cfg1 2 2 0 0 na na
10 65161.556350328765 0.009710049427 cfg1 2 2 0 0 na na
10 65161.585350289040 0.009709062326 cfg1 2 2 0 0 na na
10 65161.587350339492 0.009708994193 cfg1 2 2 0 0 na na
10 65161.588350350211 0.009708960167 cfg1 2 2 0 0 na na
10 65161.593350286785 0.009708788282 cfg1 2 1 0 0 na na
10 65161.604350350550 0.009708415580 cfg1 2 2 0 0 na na
10 65161.616350320790 0.009708004171 cfg1 2 1 0 0 na na
10 65161.640350287867 0.009707190391 cfg1 2 2 0 0 na na
10 65161.643350280128 0.009707091857 cfg1 2 1 0 0 na na
10 65161.656350286329 0.009706645792 cfg1 2 1 0 0 na na
10 65161.665350305340 0.009706339553 cfg1 2 2 0 0 na na
10 65161.666350295514 0.009706315047 cfg1 2 1 0 0 na na
10 65161.693350325957 0.009705386828 cfg1 2 2 0 0 na na
10 65161.711350286897 0.009704774452 cfg1 2 2 0 0 na na
10 65161.734350389538 0.009703991839 cfg1 2 2 0 0 na na
10 65161.754350338975 0.009703311489 cfg1 2 2 0 0 na na
10 65161.778350301597 0.009702495052 cfg1 2 2 0 0 na na
10 65161.786350293427 0.009702222909 cfg1 2 2 0 0 na na
10 65161.793350291579 0.009701984720 cfg1 2 2 0 0 na na
10 65161.814350270522 0.009701281150 cfg1 2 1 0 0 na na
10 65161.816350294017 0.009701202386 cfg1 2 2 0 0 na na
10 65161.817350295899 0.009701168480 cfg1 2 2 0 0 na na
10 65161.852350277574 0.009699984473 cfg1 2 1 0 0 na na
10 65161.858350267406 0.009699789322 cfg1 2 1 0 0 na na
10 65161.896350322030 0.009698481704 cfg1 2 2 0 0 na na
10 65161.911350331829 0.009697971652 cfg1 2 2 0 0 na na
10 65161.919350286348 0.009697699682 cfg1 2 2 0 0 na na
10 65161.923350348020 0.009697563594 cfg1 2 1 0 0 na na
10 65161.937350278794 0.009697088242 cfg1 2 1 0 0 na na
10 65161.946350314316 0.009696781674 cfg1 2 2 0 0 na na
10 65161.947350310587 0.009696747639 cfg1 2 2 0 0 na na
10 65161.955350275284 0.009696481509 cfg1 2 1 0 0 na na
10 65162.007350317439 0.009694714559 cfg1 2 1 0 0 na na
10 65162.017350309538 0.009694367956 cfg1 2 2 0 0 na na
10 65162.049350273990 0.009693288209 cfg1 2 1 0 0 na na
10 65162.054350275115 0.009693121843 cfg1 2 1 0 0 na na
10 65162.055350325206 0.009693076392 cfg1 2 2 0 0 na na
10 65162.058350340853 0.009692974401 cfg1 2 2 0 0 na na
10 65162.070350277695 0.009692574151 cfg1 2 1 0 0 na na
10 65162.075350293688 0.009692396729 cfg1 2 2 0 0 na na
10 65162.076350358404 0.009692362690 cfg1 2 2 0 0 na na
10 65162.082350340038 0.009692157312 cfg1 2 1 0 0 na na
10 65162.105350336835 0.009691377119 cfg1 2 2 0 0 na na
10 65162.138350297164 0.009690255860 cfg1 2 2 0 0 na na
10 65162.148350282514 0.009689919623 cfg1 2 1 0 0 na na
10 65162.156350271304 0.009689655652 cfg1 2 1 0 0 na na
10 65162.159350375746 0.009689542356 cfg1 2 2 0 0 na na
10 65162.192350330524 0.009688421161 cfg1 2 2 0 0 na na
10 65162.195350320267 0.009688319212 cfg1 2 2 0 0 na na
10 65162.259350314181 0.009686145272 cfg1 2 2 0 0 na na
10 65162.290350357386 0.009685092356 cfg1 2 2 0 0 na na
10 65162.330350333387 0.009683727202 cfg1 2 1 0 0 na na
10 65162.356350282836 0.009682854054 cfg1 2 1 0 0 na na
10 65162.399350365312 0.009681391941 cfg1 2 1 0 0 na na
10 65162.412350288233 0.009680949867 cfg1 2 2 0 0 na na
10 65162.456350352625 0.009679456166 cfg1 2 2 0 0 na na
10 65162.493350374662 0.009678200315 cfg1 2 2 0 0 na na
10 65162.502350302499 0.009677894982 cfg1 2 2 0 0 na na
10 65162.508350363158 0.009677691253 cfg1 2 2 0 0 na na
10 65162.510350292410 0.009677623385 cfg1 2 2 0 0 na na
10 65162.521350324757 0.009677249997 cfg1 2 2 0 0 na na
10 65162.541350295377 0.009676571240 cfg1 2 2 0 0 na na
10 65162.596350267723 0.009674719339 cfg1 2 1 0 0 na na
10 65162.603350333745 0.009674467604 cfg1 2 2 0 0 na na
10 65162.629350290050 0.009673585426 cfg1 2 2 0 0 na na
10 65162.663350347460 0.009672432058 cfg1 2 2 0 0 na na
10 65162.719350316025 0.009670533526 cfg1 2 1 0 0 na na
10 65162.726350301919 0.009670292383 cfg1 2 1 0 0 na na
10 65162.749350299104 0.009669515170 cfg1 2 2 0 0 na na
10 65162.750350298561 0.009669481263 cfg1 2 2 0 0 na na
10 65162.751350295892 0.009669447311 cfg1 2 2 0 0 na na
10 65162.755350304767 0.009669311623 cfg1 2 2 0 0 na na
10 65162.769350289369 0.009668827406 cfg1 2 1 0 0 na na
10 65162.783350291856 0.009668362125 cfg1 2 2 0 0 na na
10 65162.798350308130 0.009667853595 cfg1 2 2 0 0 na na
10 65162.811350373668 0.009667412841 cfg1 2 2 0 0 na na
10 65162.814350263230 0.009667328560 cfg1 2 1 0 0 na na
10 65162.823350333354 0.009667006005 cfg1 2 2 0 0 na na
10 65162.878350328336 0.009665141334 cfg1 2 2 0 0 na na
10 65162.899350362511 0.009664429469 cfg1 2 2 0 0 na na
10 65162.900350272952 0.009664403883 cfg1 2 1 0 0 na na
10 65162.905350358653 0.009664226542 cfg1 2 1 0 0 na na
10 65162.947350289534 0.009662802677 cfg1 2 2 0 0 na na
10 65162.953350289176 0.009662599313 cfg1 2 2 0 0 na na
10 65162.987350291873 0.009661447079 cfg1 2 2 0 0 na na
10 65163.062350367998 0.009658903162 cfg1 2 1 0 0 na na
10 65163.081350287056 0.009658262532 cfg1 2 1 0 0 na na
10 65163.153350285449 0.009655826938 cfg1 2 1 0 0 na na
10 65163.208350313692 0.009653960893 cfg1 2 2 0 0 na na
10 65163.247350343352 0.009652640279 cfg1 2 2 0 0 na na
10 65163.279350338062 0.009651556835 cfg1 2 2 0 0 na na
10 65163.329350340917 0.009649864362 cfg1 2 2 0 0 na na
10 65163.445350317661 0.009645938646 cfg1 2 2 0 0 na na
10 65163.520350299286 0.009643401065 cfg1 2 2 0 0 na na
10 65163.561350302388 0.009642014126 cfg1 2 2 0 0 na na
10 65163.607350309844 0.009640458372 cfg1 2 2 0 0 na na
10 65163.610350328704 0.009640357160 cfg1 2 2 0 0 na na
10 65163.633350384593 0.009639579127 cfg1 2 2 0 0 na na
10 65163.669350262503 0.009638369402 cfg1 2 1 0 0 na na
10 65163.714350344580 0.009636840330 cfg1 2 2 0 0 na na
10 65163.724350362301 0.009636502352 cfg1 2 2 0 0 na na
10 65163.738350288414 0.009636029010 cfg1 2 2 0 0 na na
10 65163.763350344734 0.009635184001 cfg1 2 2 0 0 na na
10 65163.876350302530 0.009631364996 cfg1 2 2 0 0 na na
10 65163.881350317198 0.009631196129 cfg1 2 2 0 0 na na
10 65163.904350338522 0.009630418980 cfg1 2 2 0 0 na na
10 65163.928350286540 0.009629608138 cfg1 2 2 0 0 na na
10 65163.996350298556 0.009627311079 cfg1 2 2 0 0 na na
10 65164.033350372842 0.009626057007 cfg1 2 1 0 0 na na
10 65164.046350270494 0.009625622417 cfg1 2 2 0 0 na na
10 65164.049350286165 0.009625521292 cfg1 2 2 0 0 na na
10 65164.051350258875 0.009625458128 cfg1 2 1 0 0 na na
10 65164.059350298469 0.009625183480 cfg1 2 2 0 0 na na
10 65164.080350293176 0.009624489094 cfg1 2 1 0 0 na na
10 65164.109350310721 0.009623495051 cfg1 2 2 0 0 na na
10 65164.122350292427 0.009623049727 cfg1 2 1 0 0 na na
10 65164.143350308031 0.009622347286 cfg1 2 2 0 0 na na
10 65164.148350308992 0.009622178406 cfg1 2 2 0 0 na na
10 65164.152350272011 0.009622043338 cfg1 2 2 0 0 na na
10 65164.176350339264 0.009621233102 cfg1 2 2 0 0 na na
10 65164.190350298031 0.009620768899 cfg1 2 1 0 0 na na
10 65164.191350325874 0.009620726882 cfg1 2 2 0 0 na na
10 65164.236350299186 0.009619207939 cfg1 2 2 0 0 na na
10 65164.241350314369 0.009619039274 cfg1 2 2 0 0 na na
10 65164.252350295959 0.009618667978 cfg1 2 2 0 0 na na
10 65164.307350397453 0.009616828556 cfg1 2 1 0 0 na na
10 65164.431350334105 0.009612628845 cfg1 2 2 0 0 na na
10 65164.472350327200 0.009611246078 cfg1 2 2 0 0 na na
10 65164.473350325171 0.009611212411 cfg1 2 2 0 0 na na
10 65164.488350272070 0.009610707009 cfg1 2 1 0 0 na na
10 65164.516350280624 0.009609762452 cfg1 2 2 0 0 na na
10 65164.589350313579 0.009607301187 cfg1 2 2 0 0 na na
10 65164.612350356154 0.009606525421 cfg1 2 1 0 0 na na
10 65164.635350354839 0.009605750580 cfg1 2 2 0 0 na na
10 65164.715350319327 0.009603054996 cfg1 2 1 0 0 na na
10 65164.716350334381 0.009603020797 cfg1 2 2 0 0 na na
10 65164.755350344815 0.009601706661 cfg1 2 2 0 0 na na
10 65164.774350305234 0.009601066525 cfg1 2 2 0 0 na na
10 65164.792350330376 0.009600460132 cfg1 2 2 0 0 na na
10 65164.796350350946 0.009600325350 cfg1 2 2 0 0 na na
10 65164.799350300526 0.009600224579 cfg1 2 2 0 0 na na
10 65164.804350347952 0.009600055875 cfg1 2 2 0 0 na na
10 65164.832350315873 0.009599112693 cfg1 2 2 0 0 na na
10 65164.840350303616 0.009598843155 cfg1 2 2 0 0 na na
10 65164.842350326348 0.009598775758 cfg1 2 2 0 0 na na
10 65164.879350328855 0.009597529685 cfg1 2 2 0 0 na na
10 65164.908350368014 0.009596552992 cfg1 2 2 0 0 na na
10 65164.934350332703 0.009595677381 cfg1 2 2 0 0 na na
10 65164.952350300859 0.009595071423 cfg1 2 2 0 0 na na
10 65164.972350328430 0.009594397907 cfg1 2 2 0 0 na na
10 65165.010350248017 0.009593123939 cfg1 2 1 0 0 na na
10 65165.026350321908 0.009592580137 cfg1 2 2 0 0 na na
10 65165.057350327223 0.009591536616 cfg1 2 2 0 0 na na
10 65165.084350275406 0.009590627820 cfg1 2 2 0 0 na na
10 65165.091350361044 0.009590392194 cfg1 2 2 0 0 na na
10 65165.107350351277 0.009589853729 cfg1 2 2 0 0 na na
10 65165.111350217281 0.009589754542 cfg1 2 1 0 0 na na
10 65165.126350286925 0.009589214503 cfg1 2 2 0 0 na na
10 65165.130350320174 0.009589079701 cfg1 2 2 0 0 na na
10 65165.153350317757 0.009588305769 cfg1 2 2 0 0 na na
10 65165.165350242107 0.009587914715 cfg1 2 1 0 0 na na
10 65165.184350350965 0.009587262753 cfg1 2 2 0 0 na na
10 65165.197350308598 0.009586825410 cfg1 2 2 0 0 na na
10 65165.264350330293 0.009584571495 cfg1 2 2 0 0 na na
10 65165.311350317727 0.009582991086 cfg1 2 2 0 0 na na
10 65165.504350282530 0.009576502200 cfg1 2 2 0 0 na na
10 65165.578350311799 0.009574009773 cfg1 2 1 0 0 na na
10 65165.591350342230 0.009573588038 cfg1 2 1 0 0 na na
10 65165.595350340589 0.009573444193 cfg1 2 2 0 0 na na
10 65165.617350337168 0.009572704996 cfg1 2 2 0 0 na na
10 65165.671350318893 0.009570890945 cfg1 2 2 0 0 na na
10 65165.676350308190 0.009570737635 cfg1 2 1 0 0 na na
10 65165.701350350867 0.009569883215 cfg1 2 2 0 0 na na
10 65165.882350350993 0.009563805835 cfg1 2 2 0 0 na na
10 65165.883350321755 0.009563772265 cfg1 2 2 0 0 na na
10 65165.942350336388 0.009561791988 cfg1 2 2 0 0 na na
10 65165.945350267547 0.009561691382 cfg1 2 2 0 0 na na
10 65165.972350307687 0.009560785269 cfg1 2 2 0 0 na na
10 65165.989350302432 0.009560214788 cfg1 2 2 0 0 na na
10 65165.994350348443 0.009560046965 cfg1 2 2 0 0 na na
10 65166.014350336808 0.009559375915 cfg1 2 2 0 0 na na
10 65166.125350341845 0.009555652361 cfg1 2 2 0 0 na na
10 65166.134350322958 0.009555350492 cfg1 2 2 0 0 na na
10 65166.260350319534 0.009551125577 cfg1 2 2 0 0 na na
10 65166.270350320903 0.009550790267 cfg1 2 2 0 0 na na
10 65166.274350298282 0.009550656181 cfg1 2 2 0 0 na na
10 65166.285350284512 0.009550287485 cfg1 2 2 0 0 na na
10 65166.327350301386 0.009548879570 cfg1 2 1 0 0 na na
10 65166.338350335656 0.009548510912 cfg1 2 1 0 0 na na
10 65166.350350334144 0.009548103634 cfg1 2 1 0 0 na na
10 65166.492350336912 0.009543349891 cfg1 2 1 0 0 na na
10 65166.524350325734 0.009542279029 cfg1 2 2 0 0 na na
10 65166.529350334100 0.009542111585 cfg1 2 2 0 0 na na
10 65166.533350265020 0.009541977549 cfg1 2 2 0 0 na na
10 65166.534350289306 0.009541944053 cfg1 2 2 0 0 na na
10 65166.575350349956 0.009540570905 cfg1 2 2 0 0 na na
10 65166.605350282611 0.009539565278 cfg1 2 1 0 0 na na
10 65166.612350282451 0.009539331854 cfg1 2 1 0 0 na na
10 65166.618350308263 0.009539131005 cfg1 2 2 0 0 na na
10 65166.654350325756 0.009537916587 cfg1 2 1 0 0 na na
10 65166.658350307723 0.009537791672 cfg1 2 1 0 0 na na
10 65166.690350296723 0.009536720493 cfg1 2 2 0 0 na na
10 65166.757350258638 0.009534485423 cfg1 2 1 0 0 na na
10 65166.769350283410 0.009534076203 cfg1 2 2 0 0 na na
10 65166.770350277756 0.009534042704 cfg1 2 2 0 0 na na
10 65166.792350315473 0.009533306476 cfg1 2 2 0 0 na na
10 65166.845350298849 0.009531533028 cfg1 2 2 0 0 na na
10 65166.851350371734 0.009531332204 cfg1 2 2 0 0 na na
10 65166.895350365109 0.009529860235 cfg1 2 2 0 0 na na
10 65166.902350315547 0.009529626106 cfg1 2 2 0 0 na na
10 65166.909350331647 0.009529391879 cfg1 2 2 0 0 na na
10 65166.916350331020 0.009529167172 cfg1 2 1 0 0 na na
10 65166.926350279906 0.009528823255 cfg1 2 2 0 0 na na
10 65166.946350295989 0.009528154338 cfg1 2 2 0 0 na na
10 65166.983350315374 0.009526916915 cfg1 2 2 0 0 na na
10 65167.001350331746 0.009526314957 cfg1 2 2 0 0 na na
10 65167.006350348085 0.009526147845 cfg1 2 2 0 0 na na
10 65167.032350315414 0.009525278331 cfg1 2 2 0 0 na na
10 65167.053350314503 0.009524576151 cfg1 2 2 0 0 na na
10 65167.054350347527 0.009524542696 cfg1 2 2 0 0 na na
10 65167.058350266668 0.009524409054 cfg1 2 2 0 0 na na
10 65167.062350329892 0.009524275215 cfg1 2 2 0 0 na na
10 65167.068350268527 0.009524074623 cfg1 2 2 0 0 na na
10 65167.090350284925 0.009523339153 cfg1 2 2 0 0 na na
10 65167.115350311655 0.009522503448 cfg1 2 2 0 0 na na
10 65167.150350322149 0.009521333528 cfg1 2 2 0 0 na na
10 65167.178350319637 0.009520397756 cfg1 2 2 0 0 na na
10 65167.252350278498 0.009517924830 cfg1 2 2 0 0 na na
10 65167.264350379631 0.009517523882 cfg1 2 2 0 0 na na
10 65167.269350262823 0.009517356909 cfg1 2 2 0 0 na na
10 65167.305350306991 0.009516154221 cfg1 2 2 0 0 na na
10 65167.348350328800 0.009514725348 cfg1 2 1 0 0 na na
10 65167.362350271508 0.009514250493 cfg1 2 2 0 0 na na
10 65167.366350302629 0.009514116611 cfg1 2 2 0 0 na na
10 65167.384350332925 0.009513505506 cfg1 2 1 0 0 na na
10 65167.391350294110 0.009513281778 cfg1 2 2 0 0 na na
10 65167.403350413332 0.009512881369 cfg1 2 2 0 0 na na
10 65167.446350310440 0.009511445091 cfg1 2 2 0 0 na na
10 65167.470350289253 0.009510643789 cfg1 2 2 0 0 na na
10 65167.478350235924 0.009510391200 cfg1 2 1 0 0 na na
10 65167.499350277914 0.009509675522 cfg1 2 2 0 0 na na
10 65167.534350288974 0.009508507161 cfg1 2 2 0 0 na na
10 65167.649350309270 0.009504682726 cfg1 2 1 0 0 na na
10 65167.654350314506 0.009504502404 cfg1 2 2 0 0 na na
10 65167.681350267582 0.009503601530 cfg1 2 2 0 0 na na
10 65167.704350322749 0.009502834198 cfg1 2 2 0 0 na na
10 65167.712350262334 0.009502576977 cfg1 2 1 0 0 na na
10 65167.734350266571 0.009501833511 cfg1 2 2 0 0 na na
10 65167.796350283017 0.009499767809 cfg1 2 1 0 0 na na
10 65167.822350285706 0.009498898447 cfg1 2 2 0 0 na na
10 65167.835350288954 0.009498464950 cfg1 2 2 0 0 na na
10 65167.852350327125 0.009497896070 cfg1 2 1 0 0 na na
10 65167.863350318801 0.009497535894 cfg1 2 1 0 0 na na
10 65167.867350326431 0.009497397980 cfg1 2 2 0 0 na na
10 65167.885350383337 0.009496797844 cfg1 2 2 0 0 na na
10 65167.896350264523 0.009496431102 cfg1 2 2 0 0 na na
10 65167.912350360038 0.009495897698 cfg1 2 2 0 0 na na
10 65167.924350373396 0.009495497779 cfg1 2 2 0 0 na na
10 65167.940350358273 0.009494964380 cfg1 2 2 0 0 na na
10 65167.978350375490 0.009493697768 cfg1 2 2 0 0 na na
10 65167.990350297795 0.009493313486 cfg1 2 1 0 0 na na
10 65167.995350305237 0.009493131169 cfg1 2 2 0 0 na na
10 65168.006350314816 0.009492764600 cfg1 2 2 0 0 na na
10 65168.007350300631 0.009492727663 cfg1 2 1 0 0 na na
10 65168.014350266847 0.009492497231 cfg1 2 1 0 0 na na
10 65168.015350352391 0.009492464690 cfg1 2 2 0 0 na na
10 65168.021350364000 0.009492264784 cfg1 2 2 0 0 na na
10 65168.028350341637 0.009492031381 cfg1 2 2 0 0 na na
10 65168.033350329625 0.009491864885 cfg1 2 2 0 0 na na
10 65168.042350314344 0.009491564999 cfg1 2 2 0 0 na na
10 65168.094350363128 0.009489832398 cfg1 2 2 0 0 na na
10 65168.140350240016 0.009488316801 cfg1 2 1 0 0 na na
10 65168.146350322252 0.009488100072 cfg1 2 2 0 0 na na
10 65168.161350284387 0.009487600434 cfg1 2 2 0 0 na na
10 65168.175350328231 0.009487134109 cfg1 2 2 0 0 na na
10 65168.224350293959 0.009485502653 cfg1 2 2 0 0 na na
10 65168.252350305187 0.009484569896 cfg1 2 2 0 0 na na
10 65168.261350337973 0.009484270177 cfg1 2 2 0 0 na na
10 65168.275350296482 0.009483812935 cfg1 2 1 0 0 na na
10 65168.309350311246 0.009482672065 cfg1 2 2 0 0 na na
10 65168.310350304645 0.009482638761 cfg1 2 2 0 0 na na
10 65168.421350317759 0.009478944211 cfg1 2 2 0 0 na na
10 65168.450350316732 0.009477979201 cfg1 2 2 0 0 na na
10 65168.457350286188 0.009477746235 cfg1 2 2 0 0 na na
10 65168.471350304811 0.009477279714 cfg1 2 1 0 0 na na
10 65168.475350287522 0.009477147672 cfg1 2 2 0 0 na na
10 65168.543350348534 0.009474885107 cfg1 2 2 0 0 na na
10 65168.597350359095 0.009473089502 cfg1 2 2 0 0 na na
10 65168.773350356535 0.009467237350 cfg1 2 1 0 0 na na
10 65168.877350344364 0.009463769978 cfg1 2 1 0 0 na na
10 65168.905350373971 0.009462851125 cfg1 2 2 0 0 na na
10 65168.947350291489 0.009461456005 cfg1 2 2 0 0 na na
10 65169.023350304753 0.009458931668 cfg1 2 2 0 0 na na
10 65169.135350340159 0.009455207001 cfg1 2 1 0 0 na na
10 65169.187350372026 0.009453487505 cfg1 2 2 0 0 na na
10 65169.199350306887 0.009453088743 cfg1 2 2 0 0 na na
10 65169.210350303990 0.009452723735 cfg1 2 2 0 0 na na
10 65169.219350347660 0.009452430381 cfg1 2 1 0 0 na na
10 65169.273350362000 0.009450633163 cfg1 2 2 0 0 na na
10 65169.281350366393 0.009450372207 cfg1 2 1 0 0 na na
10 65169.287350326004 0.009450168716 cfg1 2 2 0 0 na na
10 65169.337350351100 0.009448509932 cfg1 2 2 0 0 na na
10 65169.362350369417 0.009447680617 cfg1 2 2 0 0 na na
10 65169.369350379523 0.009447448463 cfg1 2 2 0 0 na na
10 65169.378350309341 0.009447149977 cfg1 2 2 0 0 na na
10 65169.407350316391 0.009446188142 cfg1 2 2 0 0 na na
10 65169.424350315204 0.009445624365 cfg1 2 2 0 0 na na
10 65169.425350319453 0.009445591285 cfg1 2 2 0 0 na na
10 65169.530350312773 0.009442101887 cfg1 2 1 0 0 na na
10 65169.536350335433 0.009441911069 cfg1 2 2 0 0 na na
10 65169.602350301370 0.009439723382 cfg1 2 2 0 0 na na
10 65169.603350331397 0.009439690253 cfg1 2 2 0 0 na na
10 65169.624350312697 0.009438994283 cfg1 2 2 0 0 na na
10 65169.640350319640 0.009438464173 cfg1 2 2 0 0 na na
10 65169.662350354627 0.009437735158 cfg1 2 2 0 0 na na
10 65169.682350310230 0.009437065194 cfg1 2 1 0 0 na na
10 65169.706350356569 0.009436277401 cfg1 2 2 0 0 na na
10 65169.710350319457 0.009436144786 cfg1 2 1 0 0 na na
10 65169.716350344248 0.009435946056 cfg1 2 2 0 0 na na
10 65169.742350327734 0.009435084746 cfg1 2 2 0 0 na na
10 65169.773350307714 0.009434057969 cfg1 2 2 0 0 na na
10 65169.778350338575 0.009433892440 cfg1 2 2 0 0 na na
10 65169.867350356480 0.009430945117 cfg1 2 2 0 0 na na
10 65169.874350336249 0.009430713391 cfg1 2 2 0 0 na na
10 65169.892350304566 0.009430117342 cfg1 2 1 0 0 na na
10 65169.904350285791 0.009429723838 cfg1 2 1 0 0 na na
10 65169.930350284955 0.009428859333 cfg1 2 1 0 0 na na
10 65169.958350306929 0.009427932563 cfg1 2 2 0 0 na na
10 65169.969350311717 0.009427568422 cfg1 2 1 0 0 na na
10 65169.978350293774 0.009427270552 cfg1 2 1 0 0 na na
10 65169.985350300635 0.009427038869 cfg1 2 2 0 0 na na
10 65170.026350363162 0.009425682069 cfg1 2 2 0 0 na na
10 65170.031350331301 0.009425516539 cfg1 2 2 0 0 na na
10 65170.058350286583 0.009424623131 cfg1 2 2 0 0 na na
10 65170.104350362726 0.009423101358 cfg1 2 2 0 0 na na
10 65170.107350278606 0.009423002011 cfg1 2 2 0 0 na na
10 65170.146350295109 0.009421711930 cfg1 2 2 0 0 na na
10 65170.239350304881 0.009418636202 cfg1 2 2 0 0 na na
10 65170.304350247398 0.009416494568 cfg1 2 1 0 0 na na
10 65170.306350272808 0.009416422015 cfg1 2 1 0 0 na na
10 65170.416350322694 0.009412785262 cfg1 2 2 0 0 na na
10 65170.484350293619 0.009410538445 cfg1 2 2 0 0 na na
10 65170.510350355302 0.009409679521 cfg1 2 2 0 0 na na
10 65170.588350328369 0.009407103195 cfg1 2 2 0 0 na na
10 65170.606350302572 0.009406508812 cfg1 2 2 0 0 na na
10 65170.668350302575 0.009404470896 cfg1 2 1 0 0 na na
10 65170.692350352254 0.009403669250 cfg1 2 2 0 0 na na
10 65170.737350319669 0.009402183688 cfg1 2 2 0 0 na na
10 65170.767350290609 0.009401193488 cfg1 2 1 0 0 na na
10 65170.768350350300 0.009401160584 cfg1 2 2 0 0 na na
10 65170.956350346176 0.009394957860 cfg1 2 2 0 0 na na
10 65170.990350320973 0.009393836529 cfg1 2 2 0 0 na na
10 65171.130350334900 0.009389221332 cfg1 2 2 0 0 na na
10 65171.131350295127 0.009389187849 cfg1 2 2 0 0 na na
10 65171.236350326467 0.009385727595 cfg1 2 2 0 0 na na
10 65171.244350334708 0.009385463972 cfg1 2 2 0 0 na na
10 65171.256350302931 0.009385068567 cfg1 2 2 0 0 na na
10 65171.261350267309 0.009384903931 cfg1 2 2 0 0 na na
10 65171.296350292359 0.009383750917 cfg1 2 2 0 0 na na
10 65171.371350300132 0.009381280611 cfg1 2 2 0 0 na na
10 65171.403350322874 0.009380235550 cfg1 2 1 0 0 na na
10 65171.436350325746 0.009379140249 cfg1 2 2 0 0 na na
10 65171.450350338671 0.009378679347 cfg1 2 2 0 0 na na
10 65171.586350298088 0.009374202841 cfg1 2 2 0 0 na na
10 65171.610350327055 0.009373413100 cfg1 2 2 0 0 na na
10 65171.638350288711 0.009372504293 cfg1 2 1 0 0 na na
10 65171.689350275163 0.009370814108 cfg1 2 2 0 0 na na
10 65171.710350343327 0.009370123319 cfg1 2 2 0 0 na na
10 65171.733350344041 0.009369366754 cfg1 2 1 0 0 na na
10 65171.749350326224 0.009368840600 cfg1 2 2 0 0 na na
10 65171.772350353912 0.009368082890 cfg1 2 1 0 0 na na
10 65171.807350256833 0.009366933354 cfg1 2 2 0 0 na na
10 65171.851350299211 0.009365486749 cfg1 2 2 0 0 na na
10 65171.944350304182 0.009362429838 cfg1 2 2 0 0 na na
10 65171.945350355706 0.009362397011 cfg1 2 2 0 0 na na
10 65172.089350311840 0.009357665803 cfg1 2 2 0 0 na na
10 65172.118350355791 0.009356715155 cfg1 2 1 0 0 na na
10 65172.123350320998 0.009356555383 cfg1 2 1 0 0 na na
10 65172.155350313412 0.009355498136 cfg1 2 2 0 0 na na
10 65172.156350361101 0.009355456355 cfg1 2 1 0 0 na na
10 65172.225350346098 0.009353199840 cfg1 2 2 0 0 na na
10 65172.313350385153 0.009350311094 cfg1 2 2 0 0 na na
10 65172.322350343190 0.009350015732 cfg1 2 2 0 0 na na
10 65172.418350291872 0.009346853715 cfg1 2 1 0 0 na na
10 65172.426350344836 0.009346613266 cfg1 2 1 0 0 na na
10 65172.505350264756 0.009344002264 cfg1 2 1 0 0 na na
10 65172.580350317500 0.009341552431 cfg1 2 1 0 0 na na
10 65172.704350355334 0.009337502374 cfg1 2 1 0 0 na na
10 65172.792350275674 0.009334604183 cfg1 2 1 0 0 na na
10 65172.849350338617 0.009332737015 cfg1 2 2 0 0 na na
10 65173.012350334474 0.009327399554 cfg1 2 2 0 0 na na
10 65173.060350318814 0.009325824300 cfg1 2 1 0 0 na na
10 65173.100350314046 0.009324519264 cfg1 2 2 0 0 na na
10 65173.137350348141 0.009323308538 cfg1 2 2 0 0 na na
10 65173.249350267840 0.009319644621 cfg1 2 2 0 0 na na
10 65173.263350296941 0.009319186713 cfg1 2 2 0 0 na na
10 65173.273350326338 0.009318849308 cfg1 2 1 0 0 na na
10 65173.370350354626 0.009315687939 cfg1 2 1 0 0 na na
10 65173.390350280835 0.009315034200 cfg1 2 2 0 0 na na
10 65173.494350310723 0.009311635078 cfg1 2 1 0 0 na na
10 65173.606350289221 0.009307972529 cfg1 2 1 0 0 na na
10 65173.633350274708 0.009307094614 cfg1 2 2 0 0 na na
10 65173.795350292025 0.009301805610 cfg1 2 2 0 0 na na
10 65173.861350276035 0.009299650931 cfg1 2 1 0 0 na na
10 65174.047350281231 0.009293583478 cfg1 2 2 0 0 na na
10 65174.127350316836 0.009290975279 cfg1 2 2 0 0 na na
10 65174.186350316320 0.009289053625 cfg1 2 1 0 0 na na
10 65174.333350304061 0.009284262283 cfg1 2 2 0 0 na na
10 65174.344350306773 0.009283903972 cfg1 2 2 0 0 na na
10 65174.353350275583 0.009283610815 cfg1 2 1 0 0 na na
10 65174.531350289992 0.009277828412 cfg1 2 1 0 0 na na
10 65174.568350349908 0.009276611551 cfg1 2 1 0 0 na na
10 65174.639350279601 0.009274300364 cfg1 2 1 0 0 na na
10 65174.671350264345 0.009273247285 cfg1 2 1 0 0 na na
10 65174.758350287353 0.009270432063 cfg1 2 1 0 0 na na
10 65174.836350310558 0.009267893043 cfg1 2 1 0 0 na na
10 65175.008350294291 0.009262310034 cfg1 2 1 0 0 na na
10 65175.087350259952 0.009259727179 cfg1 2 1 0 0 na na
10 65175.092350273384 0.009259573947 cfg1 2 1 0 0 na na
10 65175.165350298360 0.009257203196 cfg1 2 1 0 0 na na
10 65175.171350355409 0.009257008431 cfg1 2 2 0 0 na na
10 65175.244350340669 0.009254638437 cfg1 2 2 0 0 na na
10 65175.248350302386 0.009254508531 cfg1 2 2 0 0 na na
10 65175.307350368536 0.009252593517 cfg1 2 2 0 0 na na
10 65175.429350322177 0.009248635036 cfg1 2 1 0 0 na na
10 65175.629350281868 0.009242149869 cfg1 2 2 0 0 na na
10 65175.777350281312 0.009237354001 cfg1 2 2 0 0 na na
10 65175.915350323735 0.009232884589 cfg1 2 1 0 0 na na
10 65175.931350321202 0.009232379029 cfg1 2 1 0 0 na na
10 65175.943350336820 0.009231975413 cfg1 2 1 0 0 na na
10 65175.994350289702 0.009230331207 cfg1 2 1 0 0 na na
10 65176.158350300578 0.009225022321 cfg1 2 1 0 0 na na
10 65176.188350280505 0.009224050084 cfg1 2 1 0 0 na na
10 65176.273350328887 0.009221301313 cfg1 2 1 0 0 na na
10 65176.274350349536 0.009221279953 cfg1 2 1 0 0 na na
10 65176.333350317732 0.009219361531 cfg1 2 1 0 0 na na
10 65176.336350274265 0.009219264678 cfg1 2 2 0 0 na na
10 65176.349350289457 0.009218844899 cfg1 2 2 0 0 na na
10 65176.383350309877 0.009217745487 cfg1 2 2 0 0 na na
10 65176.485350261689 0.009214440595 cfg1 2 1 0 0 na na
10 65176.512350314517 0.009213577253 cfg1 2 1 0 0 na na
10 65176.562350314189 0.009211977969 cfg1 2 1 0 0 na na
10 65176.612350277186 0.009210347674 cfg1 2 2 0 0 na na
10 65176.677350296167 0.009208248991 cfg1 2 2 0 0 na na
10 65176.880350367579 0.009201698326 cfg1 2 2 0 0 na na
10 65176.990350260097 0.009198150843 cfg1 2 2 0 0 na na
10 65176.997350347204 0.009197925185 cfg1 2 2 0 0 na na
10 65177.003350355406 0.009197731670 cfg1 2 2 0 0 na na
10 65177.034350326785 0.009196732290 cfg1 2 2 0 0 na na
10 65177.135350324433 0.009193476959 cfg1 2 2 0 0 na na
10 65177.144350344336 0.009193192777 cfg1 2 1 0 0 na na
10 65177.209350353485 0.009191092756 cfg1 2 2 0 0 na na
10 65177.316350327124 0.009187646383 cfg1 2 1 0 0 na na
10 65177.324350334855 0.009187388790 cfg1 2 1 0 0 na na
10 65177.521350267384 0.009181047797 cfg1 2 2 0 0 na na
10 65177.636350312655 0.009177343675 cfg1 2 1 0 0 na na
10 65177.678350346477 0.009175997785 cfg1 2 1 0 0 na na
10 65177.713350342427 0.009174876030 cfg1 2 1 0 0 na na
10 65177.813350293768 0.009171658022 cfg1 2 1 0 0 na na
10 65177.826350300382 0.009171240301 cfg1 2 2 0 0 na na
10 65177.833350249595 0.009171017438 cfg1 2 1 0 0 na na
10 65177.858350308752 0.009170211994 cfg1 2 2 0 0 na na
10 65177.877350349967 0.009169601470 cfg1 2 2 0 0 na na
10 65177.976350341417 0.009166421251 cfg1 2 2 0 0 na na
10 65177.986350314846 0.009166100071 cfg1 2 1 0 0 na na
10 65178.096350330440 0.009162568075 cfg1 2 2 0 0 na na
10 65178.188350325763 0.009159616580 cfg1 2 1 0 0 na na
10 65178.209350314686 0.009158941307 cfg1 2 2 0 0 na na
10 65178.433350301386 0.009151770019 cfg1 2 1 0 0 na na
10 65178.463350306002 0.009150795332 cfg1 2 2 0 0 na na
10 65178.492350313547 0.009149865726 cfg1 2 2 0 0 na na
10 65178.530350316283 0.009148652486 cfg1 2 1 0 0 na na
10 65178.557350262240 0.009147782640 cfg1 2 1 0 0 na na
10 65178.576350301396 0.009147191075 cfg1 2 1 0 0 na na
10 65178.706350323693 0.009143009730 cfg1 2 2 0 0 na na
10 65178.766350333798 0.009141088540 cfg1 2 2 0 0 na na
10 65178.792350282925 0.009140256176 cfg1 2 2 0 0 na na
10 65178.806350340970 0.009139808061 cfg1 2 2 0 0 na na
10 65178.807350313701 0.009139775959 cfg1 2 2 0 0 na na
10 65178.876350348188 0.009137567754 cfg1 2 2 0 0 na na
10 65178.883350309780 0.009137340410 cfg1 2 1 0 0 na na
10 65178.897350298434 0.009136895568 cfg1 2 2 0 0 na na
10 65178.899350334837 0.009136831545 cfg1 2 2 0 0 na na
10 65178.923350261761 0.009136063635 cfg1 2 2 0 0 na na
10 65179.005350306112 0.009133450213 cfg1 2 1 0 0 na na
10 65179.015350304055 0.009133120597 cfg1 2 2 0 0 na na
10 65179.096350273969 0.009130531040 cfg1 2 2 0 0 na na
10 65179.121350311734 0.009129731064 cfg1 2 2 0 0 na na
10 65179.204350274543 0.009127077993 cfg1 2 2 0 0 na na
10 65179.237350299972 0.009126023439 cfg1 2 2 0 0 na na
10 65179.249350271943 0.009125652168 cfg1 2 1 0 0 na na
10 65179.305350241147 0.009123865794 cfg1 2 1 0 0 na na
10 65179.329350330103 0.009123084047 cfg1 2 2 0 0 na na
10 65179.504350341797 0.009117496063 cfg1 2 2 0 0 na na
10 65179.506350360268 0.009117432236 cfg1 2 2 0 0 na na
10 65179.569350339251 0.009115425247 cfg1 2 1 0 0 na na
10 65179.629350294506 0.009113507093 cfg1 2 2 0 0 na na
10 65179.794350371692 0.009108244662 cfg1 2 2 0 0 na na
10 65179.830350321005 0.009107103965 cfg1 2 1 0 0 na na
10 65179.894350357187 0.009105051445 cfg1 2 1 0 0 na na
10 65179.939350357902 0.009103623211 cfg1 2 2 0 0 na na
10 65179.951350292601 0.009103240765 cfg1 2 2 0 0 na na
10 65179.953350313314 0.009103166889 cfg1 2 1 0 0 na na
10 65180.063350360704 0.009099672952 cfg1 2 1 0 0 na na
10 65180.134350267025 0.009097412160 cfg1 2 2 0 0 na na
10 65180.141350280224 0.009097189361 cfg1 2 2 0 0 na na
10 65180.198350287638 0.009095374828 cfg1 2 2 0 0 na na
10 65180.292350319517 0.009092384194 cfg1 2 2 0 0 na na
10 65180.296350315718 0.009092254354 cfg1 2 1 0 0 na na
10 65180.321350346302 0.009091472849 cfg1 2 1 0 0 na na
10 65180.450350366993 0.009087357863 cfg1 2 1 0 0 na na
10 65180.474350275105 0.009086594885 cfg1 2 2 0 0 na na
10 65180.656350386633 0.009080810583 cfg1 2 2 0 0 na na
10 65180.659350334750 0.009080715272 cfg1 2 2 0 0 na na
10 65180.698350268022 0.009079487946 cfg1 2 1 0 0 na na
10 65180.706350282445 0.009079222272 cfg1 2 2 0 0 na na
10 65180.750350303002 0.009077824922 cfg1 2 2 0 0 na na
10 65180.812350341830 0.009075856211 cfg1 2 2 0 0 na na
10 65180.841350312291 0.009074935477 cfg1 2 1 0 0 na na
10 65180.852350309828 0.009074574543 cfg1 2 1 0 0 na na
10 65180.930350259279 0.009072111864 cfg1 2 1 0 0 na na
10 65180.940350298071 0.009071793365 cfg1 2 2 0 0 na na
10 65181.112350330549 0.009066337391 cfg1 2 1 0 0 na na
10 65181.174350306589 0.009064371691 cfg1 2 2 0 0 na na
10 65181.186350373752 0.009063991218 cfg1 2 2 0 0 na na
10 65181.191350296347 0.009063832708 cfg1 2 2 0 0 na na
10 65181.257350310248 0.009061740929 cfg1 2 2 0 0 na na
10 65181.288350251693 0.009060767332 cfg1 2 1 0 0 na na
10 65181.323350335904 0.009059649708 cfg1 2 1 0 0 na na
10 65181.344350283904 0.009058984416 cfg1 2 2 0 0 na na
10 65181.410350318333 0.009056893946 cfg1 2 2 0 0 na na
10 65181.433350262514 0.009056165573 cfg1 2 2 0 0 na na
10 65181.540350301818 0.009052771936 cfg1 2 1 0 0 na na
10 65181.602350318136 0.009050815797 cfg1 2 2 0 0 na na
10 65181.642350266606 0.009049558153 cfg1 2 1 0 0 na na
10 65181.676350276554 0.009048474387 cfg1 2 1 0 0 na na
10 65181.763350292768 0.009045722790 cfg1 2 2 0 0 na na
10 65181.771350307769 0.009045469872 cfg1 2 2 0 0 na na
10 65181.779350328610 0.009045216781 cfg1 2 1 0 0 na na
10 65181.843350300803 0.009043185605 cfg1 2 1 0 0 na na
10 65181.870350291706 0.009042339777 cfg1 2 1 0 0 na na
10 65181.877350357606 0.009042118436 cfg1 2 1 0 0 na na
10 65181.943350246210 0.009040040601 cfg1 2 1 0 0 na na
10 65181.963350338545 0.009039400983 cfg1 2 2 0 0 na na
10 65182.145350298670 0.009033655905 cfg1 2 1 0 0 na na
10 65182.224350294964 0.009031154952 cfg1 2 1 0 0 na na
10 65182.225350313564 0.009031127123 cfg1 2 1 0 0 na na
10 65182.392350318719 0.009025863297 cfg1 2 1 0 0 na na
10 65182.428350303577 0.009024722990 cfg1 2 1 0 0 na na
10 65182.693350309546 0.009016371258 cfg1 2 2 0 0 na na
10 65182.725350264331 0.009015352480 cfg1 2 1 0 0 na na
10 65182.819350355794 0.009012403559 cfg1 2 2 0 0 na na
10 65182.965350276490 0.009007808637 cfg1 2 1 0 0 na na
10 65182.989350311888 0.009007053599 cfg1 2 1 0 0 na na
10 65183.103350286777 0.009003468243 cfg1 2 2 0 0 na na
10 65183.302350328700 0.008997213666 cfg1 2 1 0 0 na na
10 65183.407350342085 0.008993920410 cfg1 2 1 0 0 na na
10 65183.450350254870 0.008992565609 cfg1 2 1 0 0 na na
10 65183.482350291997 0.008991561024 cfg1 2 2 0 0 na na
10 65183.548350281114 0.008989489507 cfg1 2 2 0 0 na na
10 65183.626350242228 0.008987054596 cfg1 2 1 0 0 na na
10 65183.648350294124 0.008986352344 cfg1 2 2 0 0 na na
10 65183.901350257619 0.008978425152 cfg1 2 1 0 0 na na
10 65184.071350320072 0.008973101206 cfg1 2 1 0 0 na na
10 65184.363350287817 0.008963959013 cfg1 2 1 0 0 na na
10 65184.405350330682 0.008962644479 cfg1 2 1 0 0 na na
10 65184.540350314147 0.008958424845 cfg1 2 1 0 0 na na
10 65184.573350315706 0.008957393780 cfg1 2 2 0 0 na na
10 65184.580350318945 0.008957175091 cfg1 2 2 0 0 na na
10 65184.616350316860 0.008956040677 cfg1 2 1 0 0 na na
10 65184.685350289627 0.008953895389 cfg1 2 1 0 0 na na
10 65184.730350269958 0.008952490345 cfg1 2 1 0 0 na na
10 65184.778350289838 0.008950983545 cfg1 2 1 0 0 na na
10 65184.807350372064 0.008950086775 cfg1 2 1 0 0 na na
10 65184.880350293172 0.008947808722 cfg1 2 2 0 0 na na
10 65184.909350266320 0.008946890412 cfg1 2 1 0 0 na na
10 65185.055350261365 0.008942345589 cfg1 2 1 0 0 na na
10 65185.189350362196 0.008938166398 cfg1 2 1 0 0 na na
10 65185.415350337259 0.008931136242 cfg1 2 2 0 0 na na
10 65185.499350303631 0.008928522040 cfg1 2 2 0 0 na na
10 65185.600350339912 0.008925379147 cfg1 2 1 0 0 na na
10 65185.602350343990 0.008925318075 cfg1 2 1 0 0 na na
10 65185.953350294532 0.008914407773 cfg1 2 1 0 0 na na
10 65185.956350250373 0.008914317024 cfg1 2 1 0 0 na na
10 65186.034350340920 0.008911884259 cfg1 2 1 0 0 na na
10 65186.075350358155 0.008910622871 cfg1 2 1 0 0 na na
10 65186.143350312687 0.008908512770 cfg1 2 1 0 0 na na
10 65186.149350271008 0.008908326720 cfg1 2 2 0 0 na na
10 65186.158350292135 0.008908047505 cfg1 2 2 0 0 na na
10 65186.274350322572 0.008904460445 cfg1 2 1 0 0 na na
10 65186.291350315050 0.008903922538 cfg1 2 1 0 0 na na
10 65186.353350352134 0.008902000716 cfg1 2 2 0 0 na na
10 65186.367350328860 0.008901566782 cfg1 2 2 0 0 na na
10 65186.750350237792 0.008889718820 cfg1 2 1 0 0 na na
10 65186.969350288826 0.008882933668 cfg1 2 1 0 0 na na
10 65187.002350304331 0.008881913412 cfg1 2 1 0 0 na na
10 65187.007350302316 0.008881759258 cfg1 2 1 0 0 na na
10 65187.120350272198 0.008878268067 cfg1 2 2 0 0 na na
10 65187.165350310200 0.008876878199 cfg1 2 1 0 0 na na
10 65187.212350319128 0.008875440251 cfg1 2 1 0 0 na na
10 65187.278350335889 0.008873392826 cfg1 2 1 0 0 na na
10 65187.418350325347 0.008869070062 cfg1 2 2 0 0 na na
10 65187.445350272268 0.008868236916 cfg1 2 1 0 0 na na
10 65187.460350295453 0.008867774178 cfg1 2 1 0 0 na na
10 65187.525350326207 0.008865769929 cfg1 2 2 0 0 na na
10 65187.561350299103 0.008864648656 cfg1 2 1 0 0 na na
10 65187.587350251237 0.008863855596 cfg1 2 1 0 0 na na
10 65187.591350281362 0.008863735328 cfg1 2 1 0 0 na na
10 65187.912350338841 0.008853849019 cfg1 2 1 0 0 na na
10 65188.309350263469 0.008841642167 cfg1 2 1 0 0 na na
10 65188.445350339965 0.008837463796 cfg1 2 1 0 0 na na
10 65188.602350305944 0.008832647573 cfg1 2 1 0 0 na na
10 65188.637350395221 0.008831573994 cfg1 2 1 0 0 na na
10 65188.797350343056 0.008826660506 cfg1 2 1 0 0 na na
10 65188.837350287816 0.008825442325 cfg1 2 1 0 0 na na
10 65188.847350292555 0.008825135902 cfg1 2 1 0 0 na na
10 65188.928350358721 0.008822654390 cfg1 2 1 0 0 na na
10 65188.934350307303 0.008822477369 cfg1 2 1 0 0 na na
10 65189.088350310657 0.008817756482 cfg1 2 2 0 0 na na
10 65189.097350301505 0.008817479851 cfg1 2 1 0 0 na na
10 65189.115350289646 0.008816929042 cfg1 2 2 0 0 na na
10 65189.237350344315 0.008813196411 cfg1 2 1 0 0 na na
10 65189.351350308411 0.008809710564 cfg1 2 1 0 0 na na
10 65189.395350328881 0.008808365702 cfg1 2 2 0 0 na na
10 65189.678350278306 0.008799722055 cfg1 2 1 0 0 na na
10 65189.705350357058 0.008798897994 cfg1 2 1 0 0 na na
10 65189.727350336617 0.008798214406 cfg1 2 1 0 0 na na
10 65189.799350298236 0.008796030005 cfg1 2 2 0 0 na na
10 65189.828350292457 0.008795145413 cfg1 2 2 0 0 na na
10 65189.963350310120 0.008791013659 cfg1 2 1 0 0 na na
10 65190.033350337660 0.008788895943 cfg1 2 2 0 0 na na
10 65190.054350347780 0.008788242216 cfg1 2 1 0 0 na na
10 65190.089350320231 0.008787175884 cfg1 2 1 0 0 na na
10 65190.113350289894 0.008786458700 cfg1 2 2 0 0 na na
10 65190.295350350277 0.008780917546 cfg1 2 1 0 0 na na
10 65190.350350283427 0.008779244068 cfg1 2 2 0 0 na na
10 65190.402350348863 0.008777662192 cfg1 2 2 0 0 na na
10 65190.437350268953 0.008776597787 cfg1 2 2 0 0 na na
10 65190.480350374923 0.008775294815 cfg1 2 1 0 0 na na
10 65190.544350345537 0.008773344511 cfg1 2 2 0 0 na na
10 65190.590350313590 0.008771946377 cfg1 2 1 0 0 na na
10 65190.666350262366 0.008769637286 cfg1 2 2 0 0 na na
10 65190.732350302842 0.008767632589 cfg1 2 1 0 0 na na
10 65190.756350350867 0.008766903841 cfg1 2 2 0 0 na na
10 65190.834350319959 0.008764535867 cfg1 2 1 0 0 na na
10 65190.877350323221 0.008763228548 cfg1 2 1 0 0 na na
10 65190.912350352054 0.008762168677 cfg1 2 2 0 0 na na
10 65190.944350336536 0.008761197822 cfg1 2 2 0 0 na na
10 65190.987350332057 0.008759907315 cfg1 2 1 0 0 na na
10 65191.047350313346 0.008758073942 cfg1 2 2 0 0 na na
10 65191.112350294792 0.008756103353 cfg1 2 1 0 0 na na
10 65191.133350364155 0.008755466730 cfg1 2 2 0 0 na na
10 65191.207350339931 0.008753224306 cfg1 2 2 0 0 na na
10 65191.370350309785 0.008748280051 cfg1 2 1 0 0 na na
10 65191.466350342648 0.008745376497 cfg1 2 1 0 0 na na
10 65191.931350335930 0.008731326799 cfg1 2 1 0 0 na na
10 65192.223350274059 0.008722517745 cfg1 2 2 0 0 na na
10 65192.371350291209 0.008718057020 cfg1 2 1 0 0 na na
10 65192.476350276891 0.008714894684 cfg1 2 1 0 0 na na
10 65192.501350271109 0.008714141908 cfg1 2 1 0 0 na na
10 65192.508350287224 0.008713931188 cfg1 2 1 0 0 na na
10 65192.632350257827 0.008710193952 cfg1 2 1 0 0 na na
10 65192.654350283469 0.008709537499 cfg1 2 2 0 0 na na
10 65192.846350330726 0.008703764126 cfg1 2 1 0 0 na na
10 65192.889350318035 0.008702471927 cfg1 2 1 0 0 na na
10 65193.001350285338 0.008699107473 cfg1 2 1 0 0 na na
10 65193.080350304364 0.008696735460 cfg1 2 1 0 0 na na
10 65193.176350252130 0.008693850176 cfg1 2 1 0 0 na na
10 65193.179350293268 0.008693764259 cfg1 2 1 0 0 na na
10 65193.208350290859 0.008692894232 cfg1 2 2 0 0 na na
10 65193.321350245511 0.008689506325 cfg1 2 2 0 0 na na
10 65193.436350270643 0.008686071037 cfg1 2 1 0 0 na na
10 65193.591350255260 0.008681415624 cfg1 2 1 0 0 na na
10 65193.631350291989 0.008680217489 cfg1 2 1 0 0 na na
10 65193.780350330621 0.008675758705 cfg1 2 2 0 0 na na
10 65194.376350311451 0.008657955718 cfg1 2 1 0 0 na na
10 65194.561350278435 0.008652442220 cfg1 2 1 0 0 na na
10 65194.597350269538 0.008651369675 cfg1 2 1 0 0 na na
10 65194.688350323460 0.008648659406 cfg1 2 1 0 0 na na
10 65194.965350328681 0.008640403580 cfg1 2 1 0 0 na na
10 65195.007350305905 0.008639169173 cfg1 2 2 0 0 na na
10 65195.334350281244 0.008629456365 cfg1 2 1 0 0 na na
10 65195.342350371157 0.008629218889 cfg1 2 1 0 0 na na
10 65195.434350333722 0.008626490445 cfg1 2 1 0 0 na na
10 65195.486350299341 0.008624947953 cfg1 2 1 0 0 na na
10 65195.571350355148 0.008622418132 cfg1 2 1 0 0 na na
10 65196.243350276480 0.008602544248 cfg1 2 1 0 0 na na
10 65196.252350314204 0.008602278465 cfg1 2 1 0 0 na na
10 65196.341350319710 0.008599650480 cfg1 2 1 0 0 na na
10 65196.376350287711 0.008598617442 cfg1 2 1 0 0 na na
10 65196.444350313215 0.008596610652 cfg1 2 1 0 0 na na
10 65196.509350310247 0.008594692227 cfg1 2 1 0 0 na na
10 65196.523350307246 0.008594282018 cfg1 2 1 0 0 na na
10 65196.696350311377 0.008589165891 cfg1 2 1 0 0 na na
10 65196.804350278588 0.008585999153 cfg1 2 1 0 0 na na
10 65197.173350294152 0.008575143308 cfg1 2 1 0 0 na na
10 65197.236350268949 0.008573292119 cfg1 2 1 0 0 na na
10 65197.251350274985 0.008572851472 cfg1 2 1 0 0 na na
10 65198.130350334488 0.008547088757 cfg1 2 1 0 0 na na
10 65198.181350298787 0.008545597792 cfg1 2 1 0 0 na na
10 65198.216350298144 0.008544561954 cfg1 2 1 0 0 na na
10 65198.365350352037 0.008540221983 cfg1 2 1 0 0 na na
10 65198.654350308681 0.008531789301 cfg1 2 1 0 0 na na
10 65198.720350312641 0.008529865186 cfg1 2 1 0 0 na na
10 65198.854350272197 0.008525950002 cfg1 2 1 0 0 na na
10 65199.224350252861 0.008515205538 cfg1 2 1 0 0 na na
10 65199.415350313741 0.008509653013 cfg1 2 1 0 0 na na
10 65199.570350321137 0.008505146456 cfg1 2 1 0 0 na na
10 65199.837350292940 0.008497400945 cfg1 2 1 0 0 na na
10 65199.935350294591 0.008494571613 cfg1 2 1 0 0 na na
10 65200.065350349176 0.008490816064 cfg1 2 1 0 0 na na
10 65200.078350297407 0.008490433336 cfg1 2 1 0 0 na na
10 65200.262350295165 0.008485113552 cfg1 2 1 0 0 na na
10 65200.393350303529 0.008481339254 cfg1 2 1 0 0 na na
10 65200.778350281983 0.008470222162 cfg1 2 1 0 0 na na
10 65200.822350270282 0.008468942287 cfg1 2 1 0 0 na na
10 65201.134350285384 0.008459976852 cfg1 2 1 0 0 na na
10 65201.225350309324 0.008457374646 cfg1 2 1 0 0 na na
10 65201.466350291470 0.008450427049 cfg1 2 1 0 0 na na
10 65201.547350249123 0.008448120436 cfg1 2 1 0 0 na na
10 65202.128350269471 0.008431487794 cfg1 2 1 0 0 na na
10 65202.252350281714 0.008427928695 cfg1 2 1 0 0 na na
10 65202.408350274414 0.008423464538 cfg1 2 1 0 0 na na
10 65202.799350294687 0.008412318740 cfg1 2 1 0 0 na na
10 65202.831350331131 0.008411422813 cfg1 2 1 0 0 na na
10 65203.081350323406 0.008404302650 cfg1 2 1 0 0 na na
10 65203.688350348665 0.008387066932 cfg1 2 1 0 0 na na
10 65203.774350325726 0.008384636012 cfg1 2 1 0 0 na na
10 65203.800350300920 0.008383906700 cfg1 2 1 0 0 na na
10 65203.986350259605 0.008378632429 cfg1 2 1 0 0 na na
10 65204.038350254805 0.008377167343 cfg1 2 1 0 0 na na
10 65204.094350351045 0.008375573572 cfg1 2 1 0 0 na na
10 65204.096350351826 0.008375528917 cfg1 2 1 0 0 na na
10 65204.179350325027 0.008373175739 cfg1 2 1 0 0 na na
10 65204.196350331444 0.008372703464 cfg1 2 1 0 0 na na
10 65204.496350339227 0.008364223400 cfg1 2 1 0 0 na na
10 65204.562350288044 0.008362365931 cfg1 2 1 0 0 na na
10 65204.987350343261 0.008350419811 cfg1 2 1 0 0 na na
10 65205.018350357306 0.008349551072 cfg1 2 1 0 0 na na
10 65205.065350358141 0.008348224975 cfg1 2 1 0 0 na na
10 65205.174350351049 0.008345159919 cfg1 2 1 0 0 na na
10 65205.201350333302 0.008344392583 cfg1 2 1 0 0 na na
10 65205.222350338170 0.008343811646 cfg1 2 1 0 0 na na
10 65205.296350272803 0.008341733480 cfg1 2 1 0 0 na na
10 65205.384350363605 0.008339267010 cfg1 2 1 0 0 na na
10 65205.499350366947 0.008336046912 cfg1 2 1 0 0 na na
10 65205.506350294768 0.008335846789 cfg1 2 1 0 0 na na
10 65205.543350258035 0.008334803979 cfg1 2 1 0 0 na na
10 65205.554350327972 0.008334512085 cfg1 2 1 0 0 na na
10 65205.555350346946 0.008334474524 cfg1 2 1 0 0 na na
10 65206.004350320216 0.008321910298 cfg1 2 1 0 0 na na
10 65206.052350295994 0.008320576550 cfg1 2 1 0 0 na na
10 65206.068350267154 0.008320135036 cfg1 2 1 0 0 na na
10 65206.267350319833 0.008314570837 cfg1 2 1 0 0 na na
10 65206.536350289763 0.008307087938 cfg1 2 1 0 0 na na
10 65206.661350264213 0.008303582613 cfg1 2 1 0 0 na na
10 65206.702350243880 0.008302463050 cfg1 2 1 0 0 na na
10 65206.719350305795 0.008301967936 cfg1 2 1 0 0 na na
10 65206.929350319684 0.008296144282 cfg1 2 1 0 0 na na
10 65207.209350293784 0.008288373108 cfg1 2 1 0 0 na na
10 65207.309350290967 0.008285601109 cfg1 2 1 0 0 na na
10 65207.628350318486 0.008276781799 cfg1 2 1 0 0 na na
10 65207.753350380967 0.008273308690 cfg1 2 1 0 0 na na
10 65207.810350288812 0.008271726598 cfg1 2 1 0 0 na na
10 65207.824350323201 0.008271352867 cfg1 2 1 0 0 na na
10 65207.874350306758 0.008269973835 cfg1 2 2 0 0 na na
10 65207.957350310919 0.008267680293 cfg1 2 1 0 0 na na
10 65208.036350261605 0.008265490326 cfg1 2 1 0 0 na na
10 65208.251350336735 0.008259586118 cfg1 2 1 0 0 na na
10 65208.582350340934 0.008250458085 cfg1 2 1 0 0 na na
10 65208.670350324905 0.008248043617 cfg1 2 1 0 0 na na
10 65208.675350334321 0.008247918724 cfg1 2 1 0 0 na na
10 65208.983350303655 0.008239460257 cfg1 2 2 0 0 na na
10 65209.693350361972 0.008220036770 cfg1 2 1 0 0 na na
10 65210.033350314455 0.008210768355 cfg1 2 1 0 0 na na
10 65210.115350291282 0.008208544636 cfg1 2 1 0 0 na na
10 65210.123350373742 0.008208322946 cfg1 2 1 0 0 na na
10 65210.148350272391 0.008207628329 cfg1 2 1 0 0 na na
10 65210.150350321610 0.008207583688 cfg1 2 1 0 0 na na
10 65210.211350277204 0.008205924336 cfg1 2 1 0 0 na na
10 65210.319350254384 0.008202982443 cfg1 2 1 0 0 na na
10 65210.772350290880 0.008190681912 cfg1 2 1 0 0 na na
10 65210.847350327693 0.008188663049 cfg1 2 1 0 0 na na
10 65211.107350364967 0.008181633695 cfg1 2 1 0 0 na na
10 65211.145350336120 0.008180600451 cfg1 2 1 0 0 na na
10 65211.311350316019 0.008176125199 cfg1 2 1 0 0 na na
10 65211.401350290607 0.008173686895 cfg1 2 1 0 0 na na
10 65211.553350330727 0.008169587712 cfg1 2 1 0 0 na na
10 65211.604350298124 0.008168209110 cfg1 2 1 0 0 na na
10 65211.762350314472 0.008163958026 cfg1 2 1 0 0 na na
10 65212.169350325953 0.008153018101 cfg1 2 1 0 0 na na
10 65212.182350328903 0.008152655883 cfg1 2 1 0 0 na na
10 65212.325350351057 0.008148838368 cfg1 2 1 0 0 na na
10 65212.503350365938 0.008144049022 cfg1 2 1 0 0 na na
10 65212.614350348720 0.008141091563 cfg1 2 1 0 0 na na
10 65213.040350326079 0.008129697816 cfg1 2 1 0 0 na na
10 65213.082350318133 0.008128583694 cfg1 2 1 0 0 na na
10 65213.109350307088 0.008127867745 cfg1 2 1 0 0 na na
10 65213.392350261693 0.008120328358 cfg1 2 1 0 0 na na
10 65213.435350260837 0.008119176199 cfg1 2 1 0 0 na na
10 65213.449350376305 0.008118808984 cfg1 2 1 0 0 na na
10 65213.458350360010 0.008118566724 cfg1 2 1 0 0 na na
10 65213.640350339882 0.008113737685 cfg1 2 1 0 0 na na
10 65214.001350275888 0.008104152718 cfg1 2 1 0 0 na na
10 65214.022350298958 0.008103603256 cfg1 2 1 0 0 na na
10 65214.320350342888 0.008095716602 cfg1 2 1 0 0 na na
10 65214.333350319073 0.008095363928 cfg1 2 1 0 0 na na
10 65214.425350316550 0.008092933773 cfg1 2 1 0 0 na na
10 65215.201350277825 0.008072497525 cfg1 2 1 0 0 na na
10 65215.364350298486 0.008068213151 cfg1 2 1 0 0 na na
10 65215.587350306820 0.008062365021 cfg1 2 1 0 0 na na
10 65215.899350301045 0.008054203301 cfg1 2 1 0 0 na na
10 65216.059350265505 0.008049996661 cfg1 2 1 0 0 na na
10 65216.465350323972 0.008039420045 cfg1 2 1 0 0 na na
10 65216.552350280204 0.008037155467 cfg1 2 1 0 0 na na
10 65216.750350291222 0.008032003555 cfg1 2 1 0 0 na na
10 65216.949350254149 0.008026842885 cfg1 2 2 0 0 na na
10 65216.952350312789 0.008026762458 cfg1 2 1 0 0 na na
10 65216.996350300735 0.008025621134 cfg1 2 1 0 0 na na
10 65217.237350255428 0.008019371605 cfg1 2 1 0 0 na na
10 65217.310350291906 0.008017486823 cfg1 2 1 0 0 na na
10 65217.506350330208 0.008012432097 cfg1 2 1 0 0 na na
10 65217.750350294884 0.008006133647 cfg1 2 1 0 0 na na
10 65217.870350319242 0.008003026986 cfg1 2 1 0 0 na na
10 65217.890350274710 0.008002509625 cfg1 2 1 0 0 na na
10 65218.321350387598 0.007991412746 cfg1 2 1 0 0 na na
10 65218.347350261054 0.007990750671 cfg1 2 1 0 0 na na
10 65218.482350358844 0.007987291748 cfg1 2 1 0 0 na na
10 65218.599350303821 0.007984295851 cfg1 2 1 0 0 na na
10 65218.608350308925 0.007984059033 cfg1 2 1 0 0 na na
10 65218.679350359495 0.007982248721 cfg1 2 2 0 0 na na
10 65218.986350358904 0.007974394551 cfg1 2 2 0 0 na na
10 65219.253350271946 0.007967571859 cfg1 2 1 0 0 na na
10 65219.409350359474 0.007963603117 cfg1 2 1 0 0 na na
10 65219.530350325335 0.007960513745 cfg1 2 1 0 0 na na
10 65219.646350297537 0.007957572815 cfg1 2 1 0 0 na na
10 65219.988350344987 0.007948902372 cfg1 2 1 0 0 na na
10 65220.143350258655 0.007944958195 cfg1 2 1 0 0 na na
10 65220.257350321193 0.007942083637 cfg1 2 1 0 0 na na
10 65220.534350278591 0.007935078211 cfg1 2 1 0 0 na na
10 65220.761350290340 0.007929368120 cfg1 2 1 0 0 na na
10 65220.953350292810 0.007924519384 cfg1 2 1 0 0 na na
10 65221.234350300017 0.007917466846 cfg1 2 1 0 0 na na
10 65221.298350305182 0.007915841431 cfg1 2 1 0 0 na na
10 65221.357350325601 0.007914384764 cfg1 2 1 0 0 na na
10 65221.407350299710 0.007913117159 cfg1 2 1 0 0 na na
10 65221.637350380847 0.007907344172 cfg1 2 1 0 0 na na
10 65221.887350307954 0.007901095123 cfg1 2 1 0 0 na na
10 65221.895350359113 0.007900907779 cfg1 2 1 0 0 na na
10 65221.974350354637 0.007898935602 cfg1 2 1 0 0 na na
10 65222.017350341725 0.007897866209 cfg1 2 2 0 0 na na
10 65222.767350341830 0.007879209316 cfg1 2 1 0 0 na na
10 65222.810350273372 0.007878132172 cfg1 2 1 0 0 na na
10 65222.954350360516 0.007874577486 cfg1 2 1 0 0 na na
10 65223.109350303606 0.007870742791 cfg1 2 1 0 0 na na
10 65223.268350347711 0.007866814257 cfg1 2 1 0 0 na na
10 65223.399350280974 0.007863581366 cfg1 2 1 0 0 na na
10 65223.406350353486 0.007863408644 cfg1 2 1 0 0 na na
10 65223.547350297350 0.007859933236 cfg1 2 1 0 0 na na
10 65223.552350271765 0.007859810081 cfg1 2 1 0 0 na na
10 65223.632350312395 0.007857840085 cfg1 2 1 0 0 na na
10 65223.679350332795 0.007856683351 cfg1 2 1 0 0 na na
10 65223.844350336846 0.007852614386 cfg1 2 1 0 0 na na
10 65224.160350335993 0.007844870832 cfg1 2 1 0 0 na na
10 65224.279350301690 0.007841943825 cfg1 2 1 0 0 na na
10 65224.291350314160 0.007841662047 cfg1 2 1 0 0 na na
10 65224.415350338627 0.007838640153 cfg1 2 1 0 0 na na
10 65224.552350310523 0.007835282277 cfg1 2 1 0 0 na na
10 65224.579350303404 0.007834625409 cfg1 2 1 0 0 na na
10 65224.976350353807 0.007824949982 cfg1 2 1 0 0 na na
10 65225.731350326906 0.007806640326 cfg1 2 1 0 0 na na
10 65225.898350304658 0.007802594051 cfg1 2 1 0 0 na na
10 65226.262350294569 0.007793812636 cfg1 2 1 0 0 na na
10 65226.363350279777 0.007791383652 cfg1 2 1 0 0 na na
10 65226.684350302012 0.007783673551 cfg1 2 1 0 0 na na
10 65226.713350369650 0.007782978281 cfg1 2 1 0 0 na na
10 65226.757350299577 0.007781914566 cfg1 2 1 0 0 na na
10 65226.777350289443 0.007781444138 cfg1 2 1 0 0 na na
10 65227.022350302445 0.007775587799 cfg1 2 1 0 0 na na
10 65227.108350286496 0.007773540240 cfg1 2 1 0 0 na na
10 65227.155350326963 0.007772389464 cfg1 2 1 0 0 na na
10 65227.296350302282 0.007769043878 cfg1 2 1 0 0 na na
10 65227.429350339027 0.007765865846 cfg1 2 1 0 0 na na
10 65227.503350374962 0.007764096231 cfg1 2 1 0 0 na na
10 65227.589350326325 0.007762056761 cfg1 2 1 0 0 na na
10 65227.595350334420 0.007761914054 cfg1 2 1 0 0 na na
10 65227.618350405728 0.007761367070 cfg1 2 1 0 0 na na
10 65227.630350343198 0.007761081621 cfg1 2 1 0 0 na na
10 65227.915350394046 0.007754312613 cfg1 2 1 0 0 na na
10 65228.330350275990 0.007744487125 cfg1 2 1 0 0 na na
10 65228.528350327058 0.007739812257 cfg1 2 1 0 0 na na
10 65228.652350317420 0.007736886995 cfg1 2 1 0 0 na na
10 65228.684350333055 0.007736148212 cfg1 2 1 0 0 na na
10 65228.749350355590 0.007734604396 cfg1 2 1 0 0 na na
10 65228.828350332896 0.007732736354 cfg1 2 1 0 0 na na
10 65228.840350321947 0.007732462999 cfg1 2 1 0 0 na na
10 65228.991350286134 0.007728914206 cfg1 2 1 0 0 na na
10 65228.999350368476 0.007728725763 cfg1 2 1 0 0 na na
10 65229.073350329509 0.007726988212 cfg1 2 1 0 0 na na
10 65229.354350246404 0.007720405461 cfg1 2 2 0 0 na na
10 65229.404350240579 0.007719241307 cfg1 2 1 0 0 na na
10 65229.507350340962 0.007716834740 cfg1 2 1 0 0 na na
10 65229.586350319263 0.007714975757 cfg1 2 1 0 0 na na
10 65229.832350248514 0.007709238285 cfg1 2 1 0 0 na na
10 65229.987350321359 0.007705637304 cfg1 2 1 0 0 na na
10 65230.049350356400 0.007704183123 cfg1 2 1 0 0 na na
10 65230.196350327187 0.007700766197 cfg1 2 1 0 0 na na
10 65230.223350312703 0.007700130293 cfg1 2 1 0 0 na na
10 65230.240350342685 0.007699744385 cfg1 2 1 0 0 na na
10 65230.601350320682 0.007691376926 cfg1 2 1 0 0 na na
10 65230.671350298415 0.007689758041 cfg1 2 1 0 0 na na
10 65230.678350314942 0.007689595770 cfg1 2 1 0 0 na na
10 65230.861350264076 0.007685374941 cfg1 2 1 0 0 na na
10 65230.886350265320 0.007684781756 cfg1 2 1 0 0 na na
10 65230.905350245708 0.007684361261 cfg1 2 1 0 0 na na
10 65231.346350279377 0.007674198969 cfg1 2 1 0 0 na na
10 65231.380350293221 0.007673417909 cfg1 2 1 0 0 na na
10 65231.648350262611 0.007667259400 cfg1 2 1 0 0 na na
10 65231.746350268161 0.007665036801 cfg1 2 1 0 0 na na
10 65231.749350322254 0.007664970134 cfg1 2 1 0 0 na na
10 65231.884350292959 0.007661870054 cfg1 2 1 0 0 na na
10 65231.933350313328 0.007660758702 cfg1 2 1 0 0 na na
10 65232.039350323564 0.007658320990 cfg1 2 1 0 0 na na
10 65232.074350294101 0.007657531272 cfg1 2 1 0 0 na na
10 65232.121350373127 0.007656463989 cfg1 2 1 0 0 na na
10 65232.152350342866 0.007655752393 cfg1 2 1 0 0 na na
10 65232.270350272158 0.007653077658 cfg1 2 1 0 0 na na
10 65232.348350381588 0.007651297102 cfg1 2 1 0 0 na na
10 65232.453350343847 0.007648900509 cfg1 2 1 0 0 na na
10 65232.749350311164 0.007642178943 cfg1 2 1 0 0 na na
10 65232.783350378491 0.007641411740 cfg1 2 1 0 0 na na
10 65232.928350349132 0.007638145231 cfg1 2 1 0 0 na na
10 65233.249350395240 0.007630877834 cfg1 2 1 0 0 na na
10 65233.351350305036 0.007628589618 cfg1 2 1 0 0 na na
10 65233.412350282725 0.007627204837 cfg1 2 1 0 0 na na
10 65233.418350263734 0.007627069736 cfg1 2 1 0 0 na na
10 65233.446350313995 0.007626439402 cfg1 2 1 0 0 na na
10 65233.506350297863 0.007625089398 cfg1 2 1 0 0 na na
10 65233.576350317566 0.007623515239 cfg1 2 1 0 0 na na
10 65233.770350286009 0.007619158558 cfg1 2 1 0 0 na na
10 65233.839350258615 0.007617608390 cfg1 2 1 0 0 na na
10 65233.969350256805 0.007614698440 cfg1 2 1 0 0 na na
10 65234.118350291938 0.007611364731 cfg1 2 1 0 0 na na
10 65234.159350310909 0.007610465387 cfg1 2 1 0 0 na na
10 65234.160350294393 0.007610425983 cfg1 2 1 0 0 na na
10 65234.339350304506 0.007606429578 cfg1 2 1 0 0 na na
10 65234.425350299362 0.007604511916 cfg1 2 1 0 0 na na
10 65234.468350261100 0.007603553654 cfg1 2 1 0 0 na na
10 65234.486350315986 0.007603152842 cfg1 2 1 0 0 na na
10 65234.520350318800 0.007602410880 cfg1 2 1 0 0 na na
10 65234.608350295613 0.007600450123 cfg1 2 1 0 0 na na
10 65234.990350302643 0.007591955908 cfg1 2 1 0 0 na na
10 65235.118350299863 0.007589121533 cfg1 2 2 0 0 na na
10 65235.164350242495 0.007588114176 cfg1 2 1 0 0 na na
10 65235.208350335951 0.007587130802 cfg1 2 2 0 0 na na
10 65235.294350292204 0.007585230080 cfg1 2 1 0 0 na na
10 65235.316350304725 0.007584744215 cfg1 2 1 0 0 na na
10 65235.462350331257 0.007581522401 cfg1 2 1 0 0 na na
10 65235.477350327552 0.007581191584 cfg1 2 1 0 0 na na
10 65235.517350286480 0.007580309871 cfg1 2 1 0 0 na na
10 65235.589350300861 0.007578723690 cfg1 2 1 0 0 na na
10 65235.833350309670 0.007573357168 cfg1 2 1 0 0 na na
10 65235.942350316625 0.007570974594 cfg1 2 1 0 0 na na
10 65235.982350289386 0.007570086808 cfg1 2 1 0 0 na na
10 65236.008350297499 0.007569527025 cfg1 2 1 0 0 na na
10 65236.086350325156 0.007567807174 cfg1 2 1 0 0 na na
10 65236.090350317313 0.007567719476 cfg1 2 1 0 0 na na
10 65236.123350289806 0.007566996697 cfg1 2 1 0 0 na na
10 65236.218350335669 0.007564917292 cfg1 2 2 0 0 na na
10 65236.228350321734 0.007564698537 cfg1 2 2 0 0 na na
10 65236.306350283120 0.007562993004 cfg1 2 2 0 0 na na
10 65236.330350282493 0.007562468397 cfg1 2 1 0 0 na na
10 65236.523350300943 0.007558255377 cfg1 2 1 0 0 na na
10 65236.767350332484 0.007552941289 cfg1 2 1 0 0 na na
10 65236.832350287397 0.007551518759 cfg1 2 1 0 0 na na
10 65236.874350329452 0.007550615271 cfg1 2 1 0 0 na na
10 65236.895350304264 0.007550159147 cfg1 2 2 0 0 na na
10 65237.037350319319 0.007547069362 cfg1 2 1 0 0 na na
10 65237.110350285466 0.007545494460 cfg1 2 1 0 0 na na
10 65237.173350279305 0.007544120575 cfg1 2 1 0 0 na na
10 65237.197350269725 0.007543597347 cfg1 2 1 0 0 na na
10 65237.203350312192 0.007543480052 cfg1 2 1 0 0 na na
10 65237.239350349787 0.007542700887 cfg1 2 2 0 0 na na
10 65237.262350278649 0.007542203109 cfg1 2 1 0 0 na na
10 65237.267350291339 0.007542094916 cfg1 2 1 0 0 na na
10 65237.271350297747 0.007542008390 cfg1 2 2 0 0 na na
10 65237.326350343674 0.007540818877 cfg1 2 2 0 0 na na
10 65237.446350306327 0.007538226020 cfg1 2 2 0 0 na na
10 65237.491350353048 0.007537254568 cfg1 2 2 0 0 na na
10 65237.509350312600 0.007536866144 cfg1 2 2 0 0 na na
10 65237.519350286372 0.007536654214 cfg1 2 1 0 0 na na
10 65237.523350349805 0.007536564015 cfg1 2 1 0 0 na na
10 65237.627350327452 0.007534321593 cfg1 2 2 0 0 na na
10 65237.671350286535 0.007533385391 cfg1 2 1 0 0 na na
10 65237.689350344869 0.007532978281 cfg1 2 1 0 0 na na
10 65237.724350294946 0.007532232130 cfg1 2 2 0 0 na na
10 65237.755350316626 0.007531564918 cfg1 2 2 0 0 na na
10 65237.756350302003 0.007531543368 cfg1 2 2 0 0 na na
10 65237.787350379174 0.007530876275 cfg1 2 1 0 0 na na
10 65237.839350289337 0.007529757932 cfg1 2 2 0 0 na na
10 65237.928350336069 0.007527845200 cfg1 2 1 0 0 na na
10 65237.935350382505 0.007527694833 cfg1 2 2 0 0 na na
10 65238.023350321137 0.007525805702 cfg1 2 2 0 0 na na
10 65238.082350338243 0.007524540017 cfg1 2 2 0 0 na na
10 65238.100350263359 0.007524154027 cfg1 2 2 0 0 na na
10 65238.163350336383 0.007522803720 cfg1 2 1 0 0 na na
10 65238.167350286725 0.007522718050 cfg1 2 2 0 0 na na
10 65238.180350271836 0.007522439534 cfg1 2 2 0 0 na na
10 65238.189350318280 0.007522246715 cfg1 2 1 0 0 na na
10 65238.213350278156 0.007521741956 cfg1 2 1 0 0 na na
10 65238.228350287434 0.007521411525 cfg1 2 1 0 0 na na
10 65238.325350367173 0.007519335881 cfg1 2 2 0 0 na na
10 65238.371350274492 0.007518352242 cfg1 2 2 0 0 na na
10 65238.526350325604 0.007515041715 cfg1 2 2 0 0 na na
10 65238.553350288189 0.007514466667 cfg1 2 1 0 0 na na
10 65238.617350247851 0.007513103945 cfg1 2 1 0 0 na na
10 65238.662350329245 0.007512141544 cfg1 2 1 0 0 na na
10 65238.692350359419 0.007511504162 cfg1 2 1 0 0 na na
10 65238.696350290321 0.007511417175 cfg1 2 2 0 0 na na
10 65238.873350326640 0.007507650659 cfg1 2 1 0 0 na na
10 65239.009350292691 0.007504762392 cfg1 2 1 0 0 na na
10 65239.026350304066 0.007504400863 cfg1 2 2 0 0 na na
10 65239.055350332557 0.007503798372 cfg1 2 1 0 0 na na
10 65239.081350253918 0.007503233990 cfg1 2 2 0 0 na na
10 65239.123350312053 0.007502343367 cfg1 2 2 0 0 na na
10 65239.164350309705 0.007501474396 cfg1 2 2 0 0 na na
10 65239.184350284922 0.007501050556 cfg1 2 1 0 0 na na
10 65239.217350234301 0.007500362582 cfg1 2 1 0 0 na na
10 65239.308350320026 0.007498425388 cfg1 2 1 0 0 na na
10 65239.364350335746 0.007497240992 cfg1 2 1 0 0 na na
10 65239.370350309488 0.007497114228 cfg1 2 2 0 0 na na
10 65239.570350288051 0.007492890626 cfg1 2 1 0 0 na na
10 65239.599350327151 0.007492279040 cfg1 2 2 0 0 na na
10 65239.768350320285 0.007488718714 cfg1 2 2 0 0 na na
10 65239.796350264008 0.007488129522 cfg1 2 2 0 0 na na
10 65239.847350302433 0.007487056787 cfg1 2 2 0 0 na na
10 65239.857350312403 0.007486846512 cfg1 2 2 0 0 na na
10 65239.882350319033 0.007486320826 cfg1 2 1 0 0 na na
10 65239.898350307661 0.007485984575 cfg1 2 2 0 0 na na
10 65239.916350316719 0.007485606325 cfg1 2 2 0 0 na na
10 65239.921350351989 0.007485501241 cfg1 2 1 0 0 na na
10 65239.934350330546 0.007485238804 cfg1 2 1 0 0 na na
10 65240.002350323132 0.007483800190 cfg1 2 2 0 0 na na
10 65240.104350312008 0.007481660284 cfg1 2 1 0 0 na na
10 65240.134350307940 0.007481031402 cfg1 2 2 0 0 na na
10 65240.156350326953 0.007480574133 cfg1 2 1 0 0 na na
10 65240.376350273537 0.007475966125 cfg1 2 1 0 0 na na
10 65240.692350310196 0.007469372894 cfg1 2 1 0 0 na na
10 65240.716350306431 0.007468873089 cfg1 2 1 0 0 na na
10 65240.864350292101 0.007465780296 cfg1 2 1 0 0 na na
10 65240.872350275473 0.007465628648 cfg1 2 1 0 0 na na
10 65241.038350262067 0.007462181248 cfg1 2 1 0 0 na na
10 65241.043350369585 0.007462068307 cfg1 2 1 0 0 na na
10 65241.121350337045 0.007460460319 cfg1 2 1 0 0 na na
10 65241.148350262102 0.007459900868 cfg1 2 1 0 0 na na
10 65241.170350305069 0.007459445118 cfg1 2 1 0 0 na na
10 65241.207350272519 0.007458678901 cfg1 2 1 0 0 na na
10 65241.304350251647 0.007456670305 cfg1 2 1 0 0 na na
10 65241.324350322869 0.007456270245 cfg1 2 1 0 0 na na
10 65241.398350279301 0.007454729030 cfg1 2 1 0 0 na na
10 65241.411350299333 0.007454460573 cfg1 2 2 0 0 na na
10 65241.463350325738 0.007453386868 cfg1 2 2 0 0 na na
10 65241.543350322306 0.007451736330 cfg1 2 2 0 0 na na
10 65241.547350293120 0.007451653826 cfg1 2 2 0 0 na na
10 65241.569350315951 0.007451200172 cfg1 2 2 0 0 na na
10 65241.651350297199 0.007449510629 cfg1 2 2 0 0 na na
10 65241.672350317038 0.007449078441 cfg1 2 1 0 0 na na
10 65241.681350294309 0.007448892647 cfg1 2 1 0 0 na na
10 65241.713350276858 0.007448234066 cfg1 2 2 0 0 na na
10 65241.732350271154 0.007447842935 cfg1 2 1 0 0 na na
10 65241.743350260542 0.007447613896 cfg1 2 1 0 0 na na
10 65241.790350317662 0.007446649989 cfg1 2 2 0 0 na na
10 65241.821350236682 0.007446025344 cfg1 2 1 0 0 na na
10 65241.891350366901 0.007444574436 cfg1 2 2 0 0 na na
10 65241.973350319649 0.007442903748 cfg1 2 1 0 0 na na
10 65242.142350323440 0.007439415220 cfg1 2 1 0 0 na na
10 65242.247350291758 0.007437278162 cfg1 2 2 0 0 na na
10 65242.256350291871 0.007437094097 cfg1 2 2 0 0 na na
10 65242.328350325985 0.007435622270 cfg1 2 1 0 0 na na
10 65242.362350294526 0.007434927739 cfg1 2 1 0 0 na na
10 65242.376350325353 0.007434641876 cfg1 2 2 0 0 na na
10 65242.384350309350 0.007434478436 cfg1 2 1 0 0 na na
10 65242.483350309691 0.007432458227 cfg1 2 1 0 0 na na
10 65242.497350307191 0.007432172688 cfg1 2 1 0 0 na na
10 65242.532350318246 0.007431446451 cfg1 2 1 0 0 na na
10 65242.539350356666 0.007431316479 cfg1 2 2 0 0 na na
10 65242.542350245696 0.007431256510 cfg1 2 1 0 0 na na
10 65242.543350309996 0.007431235051 cfg1 2 2 0 0 na na
10 65242.576350277704 0.007430562585 cfg1 2 2 0 0 na na
10 65242.621350301898 0.007429646106 cfg1 2 2 0 0 na na
10 65242.627350274842 0.007429523935 cfg1 2 2 0 0 na na
10 65242.634350301839 0.007429381428 cfg1 2 2 0 0 na na
10 65242.734350335153 0.007427346861 cfg1 2 2 0 0 na na
10 65242.916350360841 0.007423650199 cfg1 2 2 0 0 na na
10 65242.922350300609 0.007423528426 cfg1 2 2 0 0 na na
10 65242.956350266602 0.007422838925 cfg1 2 2 0 0 na na
10 65242.969350334207 0.007422575275 cfg1 2 2 0 0 na na
10 65242.981350269417 0.007422331887 cfg1 2 2 0 0 na na
10 65242.991350277868 0.007422133237 cfg1 2 1 0 0 na na
10 65243.012350260213 0.007421714927 cfg1 2 1 0 0 na na
10 65243.019350252440 0.007421559201 cfg1 2 1 0 0 na na
10 65243.050350308608 0.007420933527 cfg1 2 1 0 0 na na
10 65243.057350316337 0.007420791836 cfg1 2 2 0 0 na na
10 65243.091350336198 0.007420103258 cfg1 2 2 0 0 na na
10 65243.169350238660 0.007418533372 cfg1 2 1 0 0 na na
10 65243.203350365163 0.007417837241 cfg1 2 2 0 0 na na
10 65243.206350330686 0.007417776546 cfg1 2 2 0 0 na na
10 65243.236350300714 0.007417170143 cfg1 2 2 0 0 na na
10 65243.253350335877 0.007416826580 cfg1 2 2 0 0 na na
10 65243.298350307321 0.007415918089 cfg1 2 2 0 0 na na
10 65243.356350314713 0.007414746531 cfg1 2 2 0 0 na na
10 65243.411350344864 0.007413636878 cfg1 2 1 0 0 na na
10 65243.450350290406 0.007412850620 cfg1 2 2 0 0 na na
10 65243.496350372307 0.007411923603 cfg1 2 2 0 0 na na
10 65243.512350339249 0.007411601169 cfg1 2 2 0 0 na na
10 65243.571350322446 0.007410413153 cfg1 2 2 0 0 na na
10 65243.588350374566 0.007410077325 cfg1 2 1 0 0 na na
10 65243.602350295205 0.007409789252 cfg1 2 2 0 0 na na
10 65243.625350331745 0.007409327322 cfg1 2 2 0 0 na na
10 65243.651350299337 0.007408803594 cfg1 2 2 0 0 na na
10 65243.827350351482 0.007405261585 cfg1 2 1 0 0 na na
10 65243.860350274313 0.007404606169 cfg1 2 2 0 0 na na
10 65243.869350272242 0.007404426046 cfg1 2 2 0 0 na na
10 65243.889350276095 0.007404024532 cfg1 2 1 0 0 na na
10 65243.975350327687 0.007402301105 cfg1 2 2 0 0 na na
10 65243.991350293817 0.007401981443 cfg1 2 2 0 0 na na
10 65244.014350282177 0.007401520079 cfg1 2 1 0 0 na na
10 65244.048350305800 0.007400840765 cfg1 2 1 0 0 na na
10 65244.063350300349 0.007400539338 cfg1 2 1 0 0 na na
10 65244.108350348130 0.007399639254 cfg1 2 1 0 0 na na
10 65244.135350312479 0.007399099410 cfg1 2 1 0 0 na na
10 65244.141350294852 0.007398979517 cfg1 2 2 0 0 na na
10 65244.232350331721 0.007397161561 cfg1 2 2 0 0 na na
10 65244.340350303799 0.007395006594 cfg1 2 2 0 0 na na
10 65244.399350282668 0.007393830610 cfg1 2 2 0 0 na na
10 65244.413350302503 0.007393551628 cfg1 2 1 0 0 na na
10 65244.585350348753 0.007390128792 cfg1 2 2 0 0 na na
10 65244.811350369906 0.007385631421 cfg1 2 1 0 0 na na
10 65244.856350298074 0.007384750517 cfg1 2 1 0 0 na na
10 65244.891350342415 0.007384057324 cfg1 2 2 0 0 na na
10 65244.969350332275 0.007382513366 cfg1 2 1 0 0 na na
10 65245.006350318120 0.007381781550 cfg1 2 2 0 0 na na
10 65245.148350327713 0.007378976026 cfg1 2 2 0 0 na na
10 65245.158350301213 0.007378778593 cfg1 2 1 0 0 na na
10 65245.169350343241 0.007378561487 cfg1 2 1 0 0 na na
10 65245.202350381816 0.007377910402 cfg1 2 1 0 0 na na
10 65245.233350335260 0.007377292783 cfg1 2 1 0 0 na na
10 65245.249350328441 0.007376983534 cfg1 2 1 0 0 na na
10 65245.259350361840 0.007376788413 cfg1 2 1 0 0 na na
10 65245.298350242433 0.007376024659 cfg1 2 1 0 0 na na
10 65245.400350295449 0.007374000791 cfg1 2 1 0 0 na na
10 65245.433350301170 0.007373360264 cfg1 2 1 0 0 na na
10 65245.487350333326 0.007372298508 cfg1 2 1 0 0 na na
10 65245.513350334297 0.007371787546 cfg1 2 2 0 0 na na
10 65245.551350338500 0.007371041072 cfg1 2 2 0 0 na na
10 65245.556350343559 0.007370942928 cfg1 2 2 0 0 na na
10 65245.571350356333 0.007370648351 cfg1 2 2 0 0 na na
10 65245.587350295682 0.007370334174 cfg1 2 1 0 0 na na
10 65245.666350368941 0.007368784152 cfg1 2 1 0 0 na na
10 65245.701350304564 0.007368097937 cfg1 2 1 0 0 na na
10 65245.719350344563 0.007367745158 cfg1 2 2 0 0 na na
10 65245.758350304826 0.007366981032 cfg1 2 2 0 0 na na
10 65245.817350294956 0.007365825822 cfg1 2 2 0 0 na na
10 65245.887350301908 0.007364464546 cfg1 2 1 0 0 na na
10 65245.917350370710 0.007363869781 cfg1 2 2 0 0 na na
10 65245.918350321053 0.007363850181 cfg1 2 2 0 0 na na
10 65245.931350263219 0.007363596112 cfg1 2 2 0 0 na na
10 65246.020350268915 0.007361857616 cfg1 2 2 0 0 na na
10 65246.188350350454 0.007358581459 cfg1 2 2 0 0 na na
10 65246.234350323716 0.007357672379 cfg1 2 1 0 0 na na
10 65246.238350341049 0.007357607752 cfg1 2 2 0 0 na na
10 65246.256350350626 0.007357257341 cfg1 2 2 0 0 na na
10 65246.286350288480 0.007356673544 cfg1 2 2 0 0 na na
10 65246.432350317181 0.007353835659 cfg1 2 1 0 0 na na
10 65246.455350337769 0.007353389095 cfg1 2 1 0 0 na na
10 65246.472350307293 0.007353059104 cfg1 2 1 0 0 na na
10 65246.502350302058 0.007352477024 cfg1 2 2 0 0 na na
10 65246.562350286883 0.007351313342 cfg1 2 2 0 0 na na
10 65246.600350257792 0.007350577360 cfg1 2 2 0 0 na na
10 65246.680350313685 0.007349027494 cfg1 2 2 0 0 na na
10 65246.848350310488 0.007345779160 cfg1 2 2 0 0 na na
10 65246.907350340075 0.007344631282 cfg1 2 1 0 0 na na
10 65247.001350237969 0.007342838954 cfg1 2 1 0 0 na na
10 65247.212350321159 0.007338765318 cfg1 2 1 0 0 na na
10 65247.222350322006 0.007338557972 cfg1 2 1 0 0 na na
10 65247.246350341830 0.007338111979 cfg1 2 1 0 0 na na
10 65247.463350319711 0.007333948640 cfg1 2 2 0 0 na na
10 65247.480350311701 0.007333622712 cfg1 2 1 0 0 na na
10 65247.512350328750 0.007333009938 cfg1 2 1 0 0 na na
10 65247.685350314003 0.007329701301 cfg1 2 1 0 0 na na
10 65247.749350304213 0.007328479321 cfg1 2 1 0 0 na na
10 65247.836350321629 0.007326819667 cfg1 2 1 0 0 na na
10 65247.869350334206 0.007326190703 cfg1 2 1 0 0 na na
10 65247.885350339644 0.007325888502 cfg1 2 1 0 0 na na
10 65247.964350369486 0.007324381427 cfg1 2 1 0 0 na na
10 65248.028350356213 0.007323170046 cfg1 2 1 0 0 na na
10 65248.060350286325 0.007322551326 cfg1 2 1 0 0 na na
10 65248.103350333780 0.007321738515 cfg1 2 1 0 0 na na
10 65248.115350273542 0.007321510499 cfg1 2 1 0 0 na na
10 65248.291350312626 0.007318171682 cfg1 2 1 0 0 na na
10 65248.307350337492 0.007317869453 cfg1 2 1 0 0 na na
10 65248.358350267736 0.007316902563 cfg1 2 1 0 0 na na
10 65248.378350320740 0.007316523950 cfg1 2 1 0 0 na na
10 65248.454350281152 0.007315086322 cfg1 2 2 0 0 na na
10 65248.662350329753 0.007311159083 cfg1 2 1 0 0 na na
10 65248.674350299513 0.007310932906 cfg1 2 2 0 0 na na
10 65248.696350286069 0.007310518200 cfg1 2 1 0 0 na na
10 65248.755350270935 0.007309406744 cfg1 2 1 0 0 na na
10 65248.756350331407 0.007309387979 cfg1 2 2 0 0 na na
10 65248.797350315910 0.007308616138 cfg1 2 2 0 0 na na
10 65248.807350274890 0.007308427881 cfg1 2 2 0 0 na na
10 65248.815350282685 0.007308277361 cfg1 2 2 0 0 na na
10 65248.819350308988 0.007308202138 cfg1 2 2 0 0 na na
10 65248.830350365148 0.007307995213 cfg1 2 2 0 0 na na
10 65248.869350356846 0.007307253732 cfg1 2 1 0 0 na na
10 65248.915350330762 0.007306397158 cfg1 2 2 0 0 na na
10 65249.059350296353 0.007303694055 cfg1 2 1 0 0 na na
10 65249.079350257082 0.007303309983 cfg1 2 1 0 0 na na
10 65249.084350320493 0.007303225376 cfg1 2 2 0 0 na na
10 65249.107350341717 0.007302794285 cfg1 2 2 0 0 na na
10 65249.154350310493 0.007301913767 cfg1 2 2 0 0 na na
10 65249.171350308543 0.007301595403 cfg1 2 1 0 0 na na
10 65249.282350385574 0.007299518707 cfg1 2 2 0 0 na na
10 65249.307350342337 0.007299051299 cfg1 2 1 0 0 na na
10 65249.321350346235 0.007298789739 cfg1 2 1 0 0 na na
10 65249.331350291799 0.007298602913 cfg1 2 2 0 0 na na
10 65249.346350341675 0.007298322691 cfg1 2 2 0 0 na na
10 65249.392350299166 0.007297463788 cfg1 2 2 0 0 na na
10 65249.419350290268 0.007296959755 cfg1 2 1 0 0 na na
10 65249.460350335003 0.007296195370 cfg1 2 1 0 0 na na
10 65249.476350327406 0.007295896580 cfg1 2 1 0 0 na na
10 65249.611350309409 0.007293381757 cfg1 2 2 0 0 na na
10 65249.648350326274 0.007292693329 cfg1 2 2 0 0 na na
10 65249.677350315685 0.007292153994 cfg1 2 2 0 0 na na
10 65249.770350389331 0.007290425952 cfg1 2 2 0 0 na na
10 65249.782350298056 0.007290203115 cfg1 2 2 0 0 na na
10 65249.796350298866 0.007289943185 cfg1 2 2 0 0 na na
10 65249.862350317958 0.007288707695 cfg1 2 1 0 0 na na
10 65249.870350268766 0.007288570144 cfg1 2 1 0 0 na na
10 65249.892350340564 0.007288162718 cfg1 2 1 0 0 na na
10 65250.052350308237 0.007285199424 cfg1 2 2 0 0 na na
10 65250.110350306530 0.007284126992 cfg1 2 1 0 0 na na
10 65250.156350270931 0.007283277153 cfg1 2 2 0 0 na na
10 65250.228350336710 0.007281952712 cfg1 2 1 0 0 na na
10 65250.291350287164 0.007280779834 cfg1 2 1 0 0 na na
10 65250.338350262988 0.007279919835 cfg1 2 2 0 0 na na
10 65250.362350271755 0.007279477777 cfg1 2 2 0 0 na na
10 65250.387350359695 0.007279018536 cfg1 2 2 0 0 na na
10 65250.445350276780 0.007277950042 cfg1 2 2 0 0 na na
10 65250.541350322182 0.007276185266 cfg1 2 1 0 0 na na
10 65250.567350359953 0.007275707702 cfg1 2 1 0 0 na na
10 65250.643350322807 0.007274312752 cfg1 2 1 0 0 na na
10 65250.730350328010 0.007272717806 cfg1 2 1 0 0 na na
10 65250.770350298766 0.007271985168 cfg1 2 1 0 0 na na
10 65250.843350346930 0.007270649169 cfg1 2 2 0 0 na na
10 65250.856350297010 0.007270411377 cfg1 2 2 0 0 na na
10 65250.888350353669 0.007269826403 cfg1 2 2 0 0 na na
10 65250.902350334326 0.007269570464 cfg1 2 2 0 0 na na
10 65250.904350272154 0.007269533812 cfg1 2 2 0 0 na na
10 65250.911350300336 0.007269405871 cfg1 2 1 0 0 na na
10 65251.193350351959 0.007264262819 cfg1 2 1 0 0 na na
10 65251.238350319509 0.007263444072 cfg1 2 2 0 0 na na
10 65251.259350342598 0.007263067879 cfg1 2 1 0 0 na na
10 65251.319350328109 0.007261971539 cfg1 2 1 0 0 na na
10 65251.320350288471 0.007261953428 cfg1 2 2 0 0 na na
10 65251.367350269142 0.007261099811 cfg1 2 2 0 0 na na
10 65251.466350279441 0.007259303582 cfg1 2 1 0 0 na na
10 65251.546350309614 0.007257857819 cfg1 2 1 0 0 na na
10 65251.659350363757 0.007255809415 cfg1 2 1 0 0 na na
10 65251.683350282369 0.007255361922 cfg1 2 1 0 0 na na
10 65251.925350306942 0.007251001466 cfg1 2 1 0 0 na na
10 65251.951350279943 0.007250541372 cfg1 2 1 0 0 na na
10 65252.001350337942 0.007249641592 cfg1 2 2 0 0 na na
10 65252.052350316475 0.007248724397 cfg1 2 1 0 0 na na
10 65252.082350290823 0.007248185181 cfg1 2 1 0 0 na na
10 65252.124350343032 0.007247430785 cfg1 2 1 0 0 na na
10 65252.206350291924 0.007245959108 cfg1 2 1 0 0 na na
10 65252.210350295650 0.007245899435 cfg1 2 1 0 0 na na
10 65252.215350339766 0.007245805555 cfg1 2 1 0 0 na na
10 65252.286350267567 0.007244525058 cfg1 2 1 0 0 na na
10 65252.471350340706 0.007241215215 cfg1 2 1 0 0 na na
10 65252.630350329722 0.007238377769 cfg1 2 1 0 0 na na
10 65252.666350313480 0.007237736251 cfg1 2 1 0 0 na na
10 65252.673350253359 0.007237611570 cfg1 2 1 0 0 na na
10 65252.704350359999 0.007237059449 cfg1 2 1 0 0 na na
10 65252.729350320862 0.007236614458 cfg1 2 1 0 0 na na
10 65252.736350300961 0.007236489871 cfg1 2 1 0 0 na na
10 65252.749350330312 0.007236260348 cfg1 2 1 0 0 na na
10 65252.806350326467 0.007235232954 cfg1 2 1 0 0 na na
10 65252.881350296494 0.007233912065 cfg1 2 1 0 0 na na
10 65252.942350306089 0.007232829328 cfg1 2 1 0 0 na na
10 65253.126350276529 0.007229569173 cfg1 2 1 0 0 na na
10 65253.148350294415 0.007229180130 cfg1 2 1 0 0 na na
10 65253.242350350573 0.007227518531 cfg1 2 2 0 0 na na
10 65253.252350338009 0.007227341881 cfg1 2 2 0 0 na na
10 65253.351350359183 0.007225595181 cfg1 2 1 0 0 na na
10 65253.355350361848 0.007225520383 cfg1 2 1 0 0 na na
10 65253.443350307641 0.007223964735 cfg1 2 1 0 0 na na
10 65253.491350271578 0.007223128668 cfg1 2 2 0 0 na na
10 65253.517350310022 0.007222671157 cfg1 2 1 0 0 na na
10 65253.538350314574 0.007222301885 cfg1 2 2 0 0 na na
10 65253.555350306775 0.007222003015 cfg1 2 2 0 0 na na
10 65253.572350332354 0.007221704182 cfg1 2 2 0 0 na na
10 65253.654350372324 0.007220263058 cfg1 2 1 0 0 na na
10 65253.706350321382 0.007219351323 cfg1 2 1 0 0 na na
10 65253.741350300631 0.007218737624 cfg1 2 2 0 0 na na
10 65253.756350306787 0.007218474788 cfg1 2 2 0 0 na na
10 65253.784350263321 0.007217984036 cfg1 2 1 0 0 na na
10 65253.796350334930 0.007217773851 cfg1 2 2 0 0 na na
10 65253.859350319644 0.007216670834 cfg1 2 2 0 0 na na
10 65253.938350315622 0.007215289166 cfg1 2 1 0 0 na na
10 65254.040350328435 0.007213507824 cfg1 2 2 0 0 na na
10 65254.061350317980 0.007213141432 cfg1 2 2 0 0 na na
10 65254.113350334709 0.007212234575 cfg1 2 2 0 0 na na
10 65254.116350338282 0.007212182283 cfg1 2 2 0 0 na na
10 65254.125350257585 0.007212025401 cfg1 2 2 0 0 na na
10 65254.145350288765 0.007211676920 cfg1 2 2 0 0 na na
10 65254.191350267627 0.007210883469 cfg1 2 1 0 0 na na
10 65254.221350250697 0.007210353418 cfg1 2 1 0 0 na na
10 65254.245350290179 0.007209935887 cfg1 2 2 0 0 na na
10 65254.288350307729 0.007209188117 cfg1 2 2 0 0 na na
10 65254.358350257321 0.007207964529 cfg1 2 1 0 0 na na
10 65254.360350310853 0.007207937024 cfg1 2 2 0 0 na na
10 65254.361350338100 0.007207919634 cfg1 2 2 0 0 na na
10 65254.435350286726 0.007206635331 cfg1 2 2 0 0 na na
10 65254.477350302372 0.007205907001 cfg1 2 1 0 0 na na
10 65254.481350302773 0.007205837714 cfg1 2 2 0 0 na na
10 65254.556350361090 0.007204538402 cfg1 2 1 0 0 na na
10 65254.588350337430 0.007203984488 cfg1 2 1 0 0 na na
10 65254.590350366441 0.007203949949 cfg1 2 2 0 0 na na
10 65254.610350310211 0.007203603886 cfg1 2 2 0 0 na na
10 65254.673350319270 0.007202515058 cfg1 2 1 0 0 na na
10 65254.681350336305 0.007202376315 cfg1 2 2 0 0 na na
10 65254.688350326612 0.007202255282 cfg1 2 1 0 0 na na
10 65254.820350335285 0.007199976915 cfg1 2 2 0 0 na na
10 65254.829350329829 0.007199821745 cfg1 2 2 0 0 na na
10 65254.865350367267 0.007199201215 cfg1 2 2 0 0 na na
10 65254.870350339954 0.007199115096 cfg1 2 2 0 0 na na
10 65254.906350304883 0.007198494946 cfg1 2 2 0 0 na na
10 65254.916350312122 0.007198322853 cfg1 2 2 0 0 na na
10 65254.942350331451 0.007197872155 cfg1 2 1 0 0 na na
10 65255.054350279784 0.007195949323 cfg1 2 2 0 0 na na
10 65255.123350279573 0.007194764552 cfg1 2 2 0 0 na na
10 65255.130350264213 0.007194645012 cfg1 2 1 0 0 na na
10 65255.165350370327 0.007194044017 cfg1 2 2 0 0 na na
10 65255.340350291244 0.007191047271 cfg1 2 1 0 0 na na
10 65255.478350272443 0.007188689009 cfg1 2 2 0 0 na na
10 65255.497350294024 0.007188364776 cfg1 2 1 0 0 na na
10 65255.526350307111 0.007187884152 cfg1 2 1 0 0 na na
10 65255.586350350474 0.007186847394 cfg1 2 1 0 0 na na
10 65255.594350312642 0.007186711112 cfg1 2 2 0 0 na na
10 65255.607350303875 0.007186489664 cfg1 2 2 0 0 na na
10 65255.704350288778 0.007184829383 cfg1 2 1 0 0 na na
10 65255.880350282792 0.007181850074 cfg1 2 2 0 0 na na
10 65255.886350328781 0.007181748252 cfg1 2 1 0 0 na na
10 65255.902350242893 0.007181488953 cfg1 2 1 0 0 na na
10 65255.979350295459 0.007180183269 cfg1 2 1 0 0 na na
10 65255.980350335937 0.007180155497 cfg1 2 1 0 0 na na
10 65256.004350359301 0.007179749565 cfg1 2 2 0 0 na na
10 65256.037350281964 0.007179183395 cfg1 2 1 0 0 na na
10 65256.054350331443 0.007178903349 cfg1 2 1 0 0 na na
10 65256.227350292197 0.007175981733 cfg1 2 1 0 0 na na
10 65256.233350249581 0.007175882425 cfg1 2 2 0 0 na na
10 65256.298350338351 0.007174785082 cfg1 2 1 0 0 na na
10 65256.300350296477 0.007174751443 cfg1 2 2 0 0 na na
10 65256.373350300168 0.007173522392 cfg1 2 1 0 0 na na
10 65256.418350311796 0.007172757991 cfg1 2 1 0 0 na na
10 65256.454350292923 0.007172160431 cfg1 2 1 0 0 na na
10 65256.538350329554 0.007170749961 cfg1 2 1 0 0 na na
10 65256.557350244113 0.007170437870 cfg1 2 1 0 0 na na
10 65256.612350303101 0.007169509024 cfg1 2 1 0 0 na na
10 65256.632350270379 0.007169173854 cfg1 2 2 0 0 na na
10 65256.816350273800 0.007166095526 cfg1 2 1 0 0 na na
10 65256.907350263908 0.007164563108 cfg1 2 1 0 0 na na
10 65256.923350315289 0.007164309642 cfg1 2 1 0 0 na na
10 65256.951350318361 0.007163842805 cfg1 2 1 0 0 na na
10 65256.972350273544 0.007163492841 cfg1 2 1 0 0 na na
10 65257.018350339298 0.007162726695 cfg1 2 2 0 0 na na
10 65257.057350291787 0.007162077522 cfg1 2 1 0 0 na na
10 65257.094350316438 0.007161462043 cfg1 2 1 0 0 na na
10 65257.112350297388 0.007161162799 cfg1 2 2 0 0 na na
10 65257.165350338391 0.007160282052 cfg1 2 2 0 0 na na
10 65257.214350300457 0.007159468504 cfg1 2 2 0 0 na na
10 65257.275350241055 0.007158465747 cfg1 2 1 0 0 na na
10 65257.276350384628 0.007158440025 cfg1 2 2 0 0 na na
10 65257.296350291695 0.007158108492 cfg1 2 2 0 0 na na
10 65257.328350342946 0.007157578281 cfg1 2 2 0 0 na na
10 65257.332350337695 0.007157511994 cfg1 2 2 0 0 na na
10 65257.349350325579 0.007157230510 cfg1 2 2 0 0 na na
10 65257.421350294352 0.007156038844 cfg1 2 2 0 0 na na
10 65257.438350312938 0.007155757731 cfg1 2 2 0 0 na na
10 65257.455350289561 0.007155476588 cfg1 2 2 0 0 na na
10 65257.496350320077 0.007154799073 cfg1 2 2 0 0 na na
10 65257.612350270427 0.007152884606 cfg1 2 2 0 0 na na
10 65257.654350303522 0.007152192904 cfg1 2 2 0 0 na na
10 65257.664350301102 0.007152027668 cfg1 2 2 0 0 na na
10 65257.729350307605 0.007150957426 cfg1 2 2 0 0 na na
10 65257.797350271973 0.007149839004 cfg1 2 2 0 0 na na
10 65257.801350294833 0.007149773248 cfg1 2 2 0 0 na na
10 65257.828350285320 0.007149329594 cfg1 2 2 0 0 na na
10 65257.839350332906 0.007149148844 cfg1 2 2 0 0 na na
10 65257.853350284828 0.007148918945 cfg1 2 2 0 0 na na
10 65257.928350302476 0.007147688083 cfg1 2 2 0 0 na na
10 65257.957350290390 0.007147212429 cfg1 2 1 0 0 na na
10 65257.975350367455 0.007146917467 cfg1 2 2 0 0 na na
10 65258.037350305877 0.007145917409 cfg1 2 1 0 0 na na
10 65258.143350335100 0.007144168003 cfg1 2 2 0 0 na na
10 65258.167350318544 0.007143775777 cfg1 2 1 0 0 na na
10 65258.240350408753 0.007142591716 cfg1 2 1 0 0 na na
10 65258.306350353374 0.007141507783 cfg1 2 2 0 0 na na
10 65258.307350324197 0.007141491462 cfg1 2 2 0 0 na na
10 65258.345350307168 0.007140872305 cfg1 2 2 0 0 na na
10 65258.364350318255 0.007140562915 cfg1 2 2 0 0 na na
10 65258.372350323807 0.007140432638 cfg1 2 2 0 0 na na
10 65258.375350297416 0.007140383890 cfg1 2 2 0 0 na na
10 65258.385350340835 0.007140220978 cfg1 2 1 0 0 na na
10 65258.422350273198 0.007139618961 cfg1 2 1 0 0 na na
10 65258.426350294598 0.007139553832 cfg1 2 1 0 0 na na
10 65258.444350369329 0.007139261128 cfg1 2 1 0 0 na na
10 65258.509350353663 0.007138204879 cfg1 2 2 0 0 na na
10 65258.543350273040 0.007137652802 cfg1 2 2 0 0 na na
10 65258.591350301980 0.007136866673 cfg1 2 1 0 0 na na
10 65258.702350289846 0.007135088326 cfg1 2 1 0 0 na na
10 65258.785350348007 0.007133732379 cfg1 2 1 0 0 na na
10 65258.836350310991 0.007132908275 cfg1 2 2 0 0 na na
10 65258.855350332143 0.007132601443 cfg1 2 2 0 0 na na
10 65258.885350278975 0.007132117152 cfg1 2 2 0 0 na na
10 65258.983350314177 0.007130536890 cfg1 2 2 0 0 na na
10 65258.984350325429 0.007130520857 cfg1 2 2 0 0 na na
10 65258.996350288026 0.007130327383 cfg1 2 1 0 0 na na
10 65259.029350310620 0.007129796060 cfg1 2 2 0 0 na na
10 65259.036350304059 0.007129683295 cfg1 2 2 0 0 na na
10 65259.038350323915 0.007129651157 cfg1 2 2 0 0 na na
10 65259.046350280781 0.007129527562 cfg1 2 1 0 0 na na
10 65259.073350356561 0.007129087890 cfg1 2 2 0 0 na na
10 65259.109350292614 0.007128508937 cfg1 2 2 0 0 na na
10 65259.136350355132 0.007128074974 cfg1 2 2 0 0 na na
10 65259.139350340010 0.007128026751 cfg1 2 2 0 0 na na
10 65259.156350297932 0.007127753588 cfg1 2 2 0 0 na na
10 65259.160350275493 0.007127689385 cfg1 2 2 0 0 na na
10 65259.268350310044 0.007125956149 cfg1 2 2 0 0 na na
10 65259.304350322880 0.007125379118 cfg1 2 2 0 0 na na
10 65259.331350298706 0.007124946628 cfg1 2 2 0 0 na na
10 65259.366350293843 0.007124386247 cfg1 2 2 0 0 na na
10 65259.373350328334 0.007124274208 cfg1 2 2 0 0 na na
10 65259.426350360218 0.007123426321 cfg1 2 1 0 0 na na
10 65259.441350302087 0.007123186482 cfg1 2 1 0 0 na na
10 65259.505350287145 0.007122157139 cfg1 2 1 0 0 na na
10 65259.523350245357 0.007121886496 cfg1 2 1 0 0 na na
10 65259.531350288797 0.007121748924 cfg1 2 2 0 0 na na
10 65259.532350372739 0.007121732961 cfg1 2 2 0 0 na na
10 65259.603350325211 0.007120600854 cfg1 2 2 0 0 na na
10 65259.618350293407 0.007120361587 cfg1 2 2 0 0 na na
10 65259.629350331024 0.007120186111 cfg1 2 1 0 0 na na
10 65259.648350281686 0.007119891950 cfg1 2 1 0 0 na na
10 65259.650350291344 0.007119851609 cfg1 2 2 0 0 na na
10 65259.671350320746 0.007119517289 cfg1 2 2 0 0 na na
10 65259.717350284121 0.007118792693 cfg1 2 1 0 0 na na
10 65259.731350315097 0.007118563053 cfg1 2 1 0 0 na na
10 65259.734350321788 0.007118510923 cfg1 2 1 0 0 na na
10 65259.745350275618 0.007118339805 cfg1 2 2 0 0 na na
10 65259.778350355425 0.007117815184 cfg1 2 2 0 0 na na
10 65259.816350280129 0.007117211431 cfg1 2 2 0 0 na na
10 65259.825350323435 0.007117068576 cfg1 2 2 0 0 na na
10 65259.828350326947 0.007117020862 cfg1 2 2 0 0 na na
10 65259.861350362635 0.007116497053 cfg1 2 2 0 0 na na
10 65259.909350312015 0.007115735730 cfg1 2 2 0 0 na na
10 65260.015350378101 0.007114056509 cfg1 2 2 0 0 na na
10 65260.113350314774 0.007112506912 cfg1 2 2 0 0 na na
10 65260.199350332196 0.007111149077 cfg1 2 1 0 0 na na
10 65260.221350285192 0.007110802268 cfg1 2 2 0 0 na na
10 65260.228350293438 0.007110691743 cfg1 2 1 0 0 na na
10 65260.232350331540 0.007110628804 cfg1 2 2 0 0 na na
10 65260.256350302039 0.007110250468 cfg1 2 2 0 0 na na
10 65260.305350307877 0.007109478557 cfg1 2 2 0 0 na na
10 65260.319350283621 0.007109258094 cfg1 2 2 0 0 na na
10 65260.347350332670 0.007108805104 cfg1 2 1 0 0 na na
10 65260.372350283860 0.007108424172 cfg1 2 2 0 0 na na
10 65260.439350334592 0.007107371382 cfg1 2 2 0 0 na na
10 65260.441350349057 0.007107339688 cfg1 2 2 0 0 na na
10 65260.499350396277 0.007106429139 cfg1 2 2 0 0 na na
10 65260.507350298519 0.007106303569 cfg1 2 2 0 0 na na
10 65260.558350298436 0.007105503699 cfg1 2 1 0 0 na na
10 65260.614350251894 0.007104624840 cfg1 2 1 0 0 na na
10 65260.631350332412 0.007104360218 cfg1 2 2 0 0 na na
10 65260.650350251960 0.007104064702 cfg1 2 1 0 0 na na
10 65260.675350305124 0.007103671621 cfg1 2 1 0 0 na na
10 65260.734350338866 0.007102749178 cfg1 2 1 0 0 na na
10 65260.743350279261 0.007102608594 cfg1 2 2 0 0 na na
10 65260.765350300938 0.007102264920 cfg1 2 2 0 0 na na
10 65260.772350317179 0.007102155617 cfg1 2 2 0 0 na na
10 65260.805350381367 0.007101640458 cfg1 2 2 0 0 na na
10 65260.827350344019 0.007101297133 cfg1 2 2 0 0 na na
10 65260.828350277620 0.007101281553 cfg1 2 2 0 0 na na
10 65260.869350335966 0.007100643562 cfg1 2 1 0 0 na na
10 65260.908350263131 0.007100034503 cfg1 2 2 0 0 na na
10 65260.913350304330 0.007099956571 cfg1 2 2 0 0 na na
10 65260.914350319158 0.007099941046 cfg1 2 2 0 0 na na
10 65260.927350287605 0.007099753433 cfg1 2 1 0 0 na na
10 65260.936350328904 0.007099598439 cfg1 2 2 0 0 na na
10 65260.950350335484 0.007099380451 cfg1 2 2 0 0 na na
10 65260.955350287466 0.007099302630 cfg1 2 2 0 0 na na
10 65260.984350270038 0.007098851340 cfg1 2 2 0 0 na na
10 65261.010350325951 0.007098446959 cfg1 2 2 0 0 na na
10 65261.016350320768 0.007098353728 cfg1 2 2 0 0 na na
10 65261.024350289331 0.007098229526 cfg1 2 2 0 0 na na
10 65261.030350301436 0.007098136092 cfg1 2 2 0 0 na na
10 65261.035350264848 0.007098058327 cfg1 2 2 0 0 na na
10 65261.041350294570 0.007097965075 cfg1 2 2 0 0 na na
10 65261.043350329876 0.007097933967 cfg1 2 1 0 0 na na
10 65261.055350259114 0.007097747511 cfg1 2 1 0 0 na na
10 65261.084350271569 0.007097297070 cfg1 2 1 0 0 na na
10 65261.091350312185 0.007097188410 cfg1 2 2 0 0 na na
10 65261.164350253825 0.007096057941 cfg1 2 1 0 0 na na
10 65261.208350292922 0.007095373737 cfg1 2 2 0 0 na na
10 65261.230350258340 0.007095032898 cfg1 2 1 0 0 na na
10 65261.252350250670 0.007094696221 cfg1 2 1 0 0 na na
10 65261.262350259767 0.007094537416 cfg1 2 1 0 0 na na
10 65261.304350323032 0.007093887607 cfg1 2 2 0 0 na na
10 65261.306350288756 0.007093857294 cfg1 2 2 0 0 na na
10 65261.310350310129 0.007093794721 cfg1 2 1 0 0 na na
10 65261.311350279882 0.007093779338 cfg1 2 2 0 0 na na
10 65261.312350404885 0.007093763854 cfg1 2 2 0 0 na na
10 65261.336350306941 0.007093392790 cfg1 2 2 0 0 na na
10 65261.371350290121 0.007092851963 cfg1 2 2 0 0 na na
10 65261.386350354330 0.007092620274 cfg1 2 2 0 0 na na
10 65261.395350304761 0.007092481268 cfg1 2 2 0 0 na na
10 65261.465350287058 0.007091400970 cfg1 2 2 0 0 na na
10 65261.506350333783 0.007090768948 cfg1 2 2 0 0 na na
10 65261.519350356533 0.007090568659 cfg1 2 2 0 0 na na
10 65261.523350262225 0.007090499768 cfg1 2 1 0 0 na na
10 65261.537350353564 0.007090291319 cfg1 2 1 0 0 na na
10 65261.539350300539 0.007090259695 cfg1 2 1 0 0 na na
10 65261.623350346855 0.007088967902 cfg1 2 2 0 0 na na
10 65261.640350296291 0.007088706452 cfg1 2 2 0 0 na na
10 65261.665350270795 0.007088322263 cfg1 2 2 0 0 na na
10 65261.787350269629 0.007086443242 cfg1 2 1 0 0 na na
10 65261.795350312747 0.007086327053 cfg1 2 2 0 0 na na
10 65261.844350328370 0.007085576272 cfg1 2 2 0 0 na na
10 65261.856350342272 0.007085395577 cfg1 2 1 0 0 na na
10 65261.860350318491 0.007085331282 cfg1 2 2 0 0 na na
10 65261.896350300370 0.007084780291 cfg1 2 2 0 0 na na
10 65261.941350263013 0.007084092044 cfg1 2 2 0 0 na na
10 65262.100350264357 0.007081665322 cfg1 2 2 0 0 na na
10 65262.260350320865 0.007079229363 cfg1 2 1 0 0 na na
10 65262.281350279323 0.007078910357 cfg1 2 2 0 0 na na
10 65262.313350305288 0.007078424275 cfg1 2 2 0 0 na na
10 65262.317350290975 0.007078363569 cfg1 2 2 0 0 na na
10 65262.325350262300 0.007078242137 cfg1 2 2 0 0 na na
10 65262.331350312896 0.007078151031 cfg1 2 2 0 0 na na
10 65262.364350317204 0.007077650264 cfg1 2 2 0 0 na na
10 65262.377350328667 0.007077453103 cfg1 2 2 0 0 na na
10 65262.382350277668 0.007077377273 cfg1 2 2 0 0 na na
10 65262.406350298183 0.007077013398 cfg1 2 2 0 0 na na
10 65262.409350308124 0.007076968006 cfg1 2 2 0 0 na na
10 65262.418350353962 0.007076832093 cfg1 2 2 0 0 na na
10 65262.584350333859 0.007074319895 cfg1 2 2 0 0 na na
10 65262.586350301630 0.007074289673 cfg1 2 2 0 0 na na
10 65262.611350282574 0.007073912119 cfg1 2 2 0 0 na na
10 65262.644350307030 0.007073402436 cfg1 2 1 0 0 na na
10 65262.761350303101 0.007071650412 cfg1 2 2 0 0 na na
10 65262.786350315500 0.007071274113 cfg1 2 2 0 0 na na
10 65262.834350302999 0.007070551987 cfg1 2 2 0 0 na na
10 65262.877350386725 0.007069906345 cfg1 2 2 0 0 na na
10 65263.020350300995 0.007067760126 cfg1 2 2 0 0 na na
10 65263.165350252484 0.007065590418 cfg1 2 2 0 0 na na
10 65263.194350271956 0.007065157208 cfg1 2 2 0 0 na na
10 65263.212350377887 0.007064888479 cfg1 2 2 0 0 na na
10 65263.215350325173 0.007064843665 cfg1 2 2 0 0 na na
10 65263.233350325856 0.007064575070 cfg1 2 2 0 0 na na
10 65263.241350322091 0.007064455645 cfg1 2 2 0 0 na na
10 65263.244350339437 0.007064410934 cfg1 2 2 0 0 na na
10 65263.249350343549 0.007064336272 cfg1 2 2 0 0 na na
10 65263.260350320217 0.007064172234 cfg1 2 2 0 0 na na
10 65263.265350283172 0.007064097677 cfg1 2 2 0 0 na na
10 65263.272350274066 0.007063993234 cfg1 2 2 0 0 na na
10 65263.275350306728 0.007063948496 cfg1 2 2 0 0 na na
10 65263.282350338194 0.007063844113 cfg1 2 2 0 0 na na
10 65263.286350296176 0.007063784506 cfg1 2 2 0 0 na na
10 65263.292350278971 0.007063695035 cfg1 2 2 0 0 na na
10 65263.333350277614 0.007063084140 cfg1 2 2 0 0 na na
10 65263.336350243027 0.007063048995 cfg1 2 1 0 0 na na
10 65263.350350276787 0.007062830922 cfg1 2 2 0 0 na na
10 65263.358350300746 0.007062711805 cfg1 2 2 0 0 na na
10 65263.392350333415 0.007062205768 cfg1 2 2 0 0 na na
10 65263.396350240731 0.007062156046 cfg1 2 1 0 0 na na
10 65263.406350307303 0.007061997613 cfg1 2 2 0 0 na na
10 65263.411350292651 0.007061923148 cfg1 2 2 0 0 na na
10 65263.474350303973 0.007060986783 cfg1 2 2 0 0 na na
10 65263.483350329403 0.007060853048 cfg1 2 2 0 0 na na
10 65263.487350329582 0.007060793646 cfg1 2 2 0 0 na na
10 65263.520350373927 0.007060303693 cfg1 2 2 0 0 na na
10 65263.542350294000 0.007059977270 cfg1 2 2 0 0 na na
10 65263.543350267091 0.007059962388 cfg1 2 2 0 0 na na
10 65263.567350330329 0.007059606484 cfg1 2 2 0 0 na na
10 65263.589350245986 0.007059285824 cfg1 2 1 0 0 na na
10 65263.608350291507 0.007058998713 cfg1 2 2 0 0 na na
10 65263.616350305642 0.007058880186 cfg1 2 2 0 0 na na
10 65263.646350310482 0.007058435922 cfg1 2 2 0 0 na na
10 65263.647350293155 0.007058421186 cfg1 2 2 0 0 na na
10 65263.669350279086 0.007058095438 cfg1 2 2 0 0 na na
10 65263.670350342017 0.007058080671 cfg1 2 2 0 0 na na
10 65263.686350320828 0.007057843872 cfg1 2 2 0 0 na na
10 65263.688350330229 0.007057814275 cfg1 2 2 0 0 na na
10 65263.697350303410 0.007057681114 cfg1 2 2 0 0 na na
10 65263.704350306164 0.007057577579 cfg1 2 2 0 0 na na
10 65263.753350277181 0.007056854673 cfg1 2 1 0 0 na na
10 65263.774350337334 0.007056543026 cfg1 2 2 0 0 na na
10 65263.819350285313 0.007055878696 cfg1 2 2 0 0 na na
10 65263.900350263347 0.007054673522 cfg1 2 1 0 0 na na
10 65263.916350308319 0.007054448591 cfg1 2 2 0 0 na na
10 65263.923350332380 0.007054345526 cfg1 2 2 0 0 na na
10 65263.955350269300 0.007053874397 cfg1 2 2 0 0 na na
10 65263.983350302001 0.007053462404 cfg1 2 1 0 0 na na
10 65264.032350298580 0.007052741927 cfg1 2 1 0 0 na na
10 65264.051350360220 0.007052462815 cfg1 2 1 0 0 na na
10 65264.066350350580 0.007052259713 cfg1 2 1 0 0 na na
10 65264.079350283651 0.007052051507 cfg1 2 1 0 0 na na
10 65264.129350314230 0.007051317798 cfg1 2 1 0 0 na na
10 65264.151350341976 0.007050995137 cfg1 2 1 0 0 na na
10 65264.157350346268 0.007050907144 cfg1 2 1 0 0 na na
10 65264.176350286531 0.007050628687 cfg1 2 1 0 0 na na
10 65264.183350327903 0.007050526070 cfg1 2 1 0 0 na na
10 65264.186350345574 0.007050482140 cfg1 2 1 0 0 na na
10 65264.188350326801 0.007050452885 cfg1 2 1 0 0 na na
10 65264.192350273936 0.007050394247 cfg1 2 1 0 0 na na
10 65264.195350257461 0.007050350333 cfg1 2 1 0 0 na na
10 65264.199350334923 0.007050292004 cfg1 2 1 0 0 na na
10 65264.208350315774 0.007050159789 cfg1 2 1 0 0 na na
10 65264.213350292375 0.007050086634 cfg1 2 1 0 0 na na
10 65264.218350328839 0.007050013466 cfg1 2 1 0 0 na na
10 65264.243350315518 0.007049647391 cfg1 2 1 0 0 na na
10 65264.325350248546 0.007048459644 cfg1 2 1 0 0 na na
10 65264.346350284553 0.007048140844 cfg1 2 1 0 0 na na
10 65264.392350304000 0.007047469808 cfg1 2 1 0 0 na na
10 65264.399350327224 0.007047368219 cfg1 2 1 0 0 na na
10 65264.443350260032 0.007046726935 cfg1 2 1 0 0 na na
10 65264.481350353084 0.007046172094 cfg1 2 1 0 0 na na
10 65264.623350344237 0.007044106380 cfg1 2 1 0 0 na na
10 65264.626350246878 0.007044080077 cfg1 2 1 0 0 na na
10 65264.630350303117 0.007044004663 cfg1 2 1 0 0 na na
10 65264.646350273718 0.007043772299 cfg1 2 1 0 0 na na
10 65264.650350262194 0.007043714560 cfg1 2 1 0 0 na na
10 65264.665350300640 0.007043496427 cfg1 2 1 0 0 na na
10 65264.667350296937 0.007043467452 cfg1 2 1 0 0 na na
10 65264.668350275489 0.007043452877 cfg1 2 1 0 0 na na
10 65264.697350290609 0.007043032127 cfg1 2 1 0 0 na na
10 65264.753350345557 0.007042245580 cfg1 2 1 0 0 na na
10 65264.784350346637 0.007041769988 cfg1 2 1 0 0 na na
10 65264.787350272670 0.007041727647 cfg1 2 1 0 0 na na
10 65264.826350354275 0.007041163200 cfg1 2 1 0 0 na na
10 65264.831350330571 0.007041091314 cfg1 2 1 0 0 na na
10 65264.838350337296 0.007040989591 cfg1 2 1 0 0 na na
10 65264.896350237787 0.007040179076 cfg1 2 1 0 0 na na
10 65264.898350253817 0.007040133232 cfg1 2 1 0 0 na na
10 65265.070350306308 0.007037667765 cfg1 2 1 0 0 na na
10 65265.218350264820 0.007035517161 cfg1 2 1 0 0 na na
10 65265.305350259766 0.007034272197 cfg1 2 1 0 0 na na
10 65265.432350249335 0.007032467458 cfg1 2 1 0 0 na na
10 65265.610350352097 0.007029937822 cfg1 2 1 0 0 na na
10 65265.671350284207 0.007029054536 cfg1 2 2 0 0 na na
10 65265.754350239109 0.007027887758 cfg1 2 1 0 0 na na
10 65265.788350310480 0.007027402746 cfg1 2 1 0 0 na na
10 65266.024350240565 0.007024061824 cfg1 2 1 0 0 na na
10 65266.098350249167 0.007023007539 cfg1 2 1 0 0 na na
10 65266.199350259450 0.007021577353 cfg1 2 1 0 0 na na
10 65266.207350254396 0.007021467577 cfg1 2 1 0 0 na na
10 65266.444350245418 0.007018151504 cfg1 2 1 0 0 na na
10 65266.569350321580 0.007016404120 cfg1 2 1 0 0 na na
10 65266.638350258743 0.007015428084 cfg1 2 1 0 0 na na
10 65266.712350260325 0.007014391471 cfg1 2 1 0 0 na na
10 65266.806350254401 0.007013092387 cfg1 2 2 0 0 na na
10 65266.927350261989 0.007011405027 cfg1 2 1 0 0 na na
10 65267.096350334788 0.007009083214 cfg1 2 1 0 0 na na
10 65267.554350327942 0.007002788246 cfg1 2 1 0 0 na na
10 65267.566350258706 0.007002603308 cfg1 2 1 0 0 na na
10 65267.689350261964 0.007000920000 cfg1 2 1 0 0 na na
10 65267.816350332840 0.006999194517 cfg1 2 1 0 0 na na
10 65267.985350351183 0.006996893311 cfg1 2 1 0 0 na na
10 65267.989350322803 0.006996839116 cfg1 2 1 0 0 na na
10 65267.992350302398 0.006996798421 cfg1 2 1 0 0 na na
10 65267.999350281216 0.006996703564 cfg1 2 1 0 0 na na
10 65268.016350357282 0.006996484860 cfg1 2 1 0 0 na na
10 65268.059350365216 0.006995890989 cfg1 2 1 0 0 na na
10 65268.085350325655 0.006995539263 cfg1 2 1 0 0 na na
10 65268.107350292603 0.006995241697 cfg1 2 1 0 0 na na
10 65268.120350294804 0.006995065946 cfg1 2 1 0 0 na na
10 65268.134350320772 0.006994876791 cfg1 2 1 0 0 na na
10 65268.180350291299 0.006994255540 cfg1 2 1 0 0 na na
10 65268.220350314197 0.006993715787 cfg1 2 1 0 0 na na
10 65268.227350286958 0.006993621424 cfg1 2 1 0 0 na na
10 65268.229350259266 0.006993602734 cfg1 2 1 0 0 na na
10 65268.252350292929 0.006993284443 cfg1 2 2 0 0 na na
10 65268.263350308190 0.006993136166 cfg1 2 2 0 0 na na
10 65268.302350264185 0.006992612618 cfg1 2 1 0 0 na na
10 65268.303350320459 0.006992597430 cfg1 2 2 0 0 na na
10 65268.305350301712 0.006992570550 cfg1 2 2 0 0 na na
10 65268.351350331277 0.006991951565 cfg1 2 2 0 0 na na
10 65268.365350292723 0.006991763382 cfg1 2 1 0 0 na na
10 65268.386350356363 0.006991488427 cfg1 2 1 0 0 na na
10 65268.388350319379 0.006991454145 cfg1 2 2 0 0 na na
10 65268.420350278241 0.006991024337 cfg1 2 2 0 0 na na
10 65268.432350275214 0.006990863336 cfg1 2 1 0 0 na na
10 65268.443350316707 0.006990715563 cfg1 2 2 0 0 na na
10 65268.445350329897 0.006990688773 cfg1 2 1 0 0 na na
10 65268.460350326639 0.006990487427 cfg1 2 2 0 0 na na
10 65268.472350300416 0.006990326458 cfg1 2 2 0 0 na na
10 65268.518350298326 0.006989709755 cfg1 2 2 0 0 na na
10 65268.543350291097 0.006989374814 cfg1 2 2 0 0 na na
10 65268.547350296339 0.006989321332 cfg1 2 1 0 0 na na
10 65268.552350302024 0.006989254346 cfg1 2 1 0 0 na na
10 65268.555350341913 0.006989214956 cfg1 2 1 0 0 na na
10 65268.565350326518 0.006989080261 cfg1 2 2 0 0 na na
10 65268.571350279830 0.006988999979 cfg1 2 2 0 0 na na
10 65268.580350341059 0.006988879567 cfg1 2 1 0 0 na na
10 65268.588350333776 0.006988772453 cfg1 2 2 0 0 na na
10 65268.615350282800 0.006988411343 cfg1 2 2 0 0 na na
10 65268.637350273412 0.006988117314 cfg1 2 1 0 0 na na
10 65268.655350274444 0.006987876783 cfg1 2 1 0 0 na na
10 65268.660350351764 0.006987809977 cfg1 2 1 0 0 na na
10 65268.714350307048 0.006987089004 cfg1 2 2 0 0 na na
10 65268.717350320325 0.006987049035 cfg1 2 2 0 0 na na
10 65268.763350268763 0.006986433387 cfg1 2 1 0 0 na na
10 65268.797350288424 0.006985982589 cfg1 2 2 0 0 na na
10 65268.805350286827 0.006985876174 cfg1 2 2 0 0 na na
10 65268.850350260946 0.006985280809 cfg1 2 1 0 0 na na
10 65268.857350326816 0.006985184128 cfg1 2 2 0 0 na na
10 65268.862350322858 0.006985117603 cfg1 2 2 0 0 na na
10 65268.873350305980 0.006984971403 cfg1 2 2 0 0 na na
10 65268.880350336754 0.006984878318 cfg1 2 2 0 0 na na
10 65268.893350296152 0.006984705487 cfg1 2 2 0 0 na na
10 65268.917350346580 0.006984378771 cfg1 2 1 0 0 na na
10 65268.933350313597 0.006984174116 cfg1 2 2 0 0 na na
10 65268.945350298535 0.006984014768 cfg1 2 2 0 0 na na
10 65268.948350287733 0.006983974972 cfg1 2 2 0 0 na na
10 65268.974350315204 0.006983630010 cfg1 2 2 0 0 na na
10 65268.998350252578 0.006983324372 cfg1 2 1 0 0 na na
10 65269.006350322997 0.006983207306 cfg1 2 1 0 0 na na
10 65269.009350296758 0.006983165850 cfg1 2 2 0 0 na na
10 65269.067350335873 0.006982397542 cfg1 2 2 0 0 na na
10 65269.069350303171 0.006982371028 cfg1 2 2 0 0 na na
10 65269.112350283941 0.006981802025 cfg1 2 2 0 0 na na
10 65269.127350324435 0.006981603704 cfg1 2 2 0 0 na na
10 65269.129350306999 0.006981577221 cfg1 2 2 0 0 na na
10 65269.159350315704 0.006981180811 cfg1 2 2 0 0 na na
10 65269.192350320944 0.006980744983 cfg1 2 2 0 0 na na
10 65269.219350260378 0.006980396239 cfg1 2 1 0 0 na na
10 65269.222350313172 0.006980349145 cfg1 2 1 0 0 na na
10 65269.242350358580 0.006980085287 cfg1 2 2 0 0 na na
10 65269.256350350974 0.006979900648 cfg1 2 2 0 0 na na
10 65269.273350352127 0.006979676616 cfg1 2 2 0 0 na na
10 65269.280350283478 0.006979584322 cfg1 2 2 0 0 na na
10 65269.281350328834 0.006979571194 cfg1 2 2 0 0 na na
10 65269.306350366899 0.006979241879 cfg1 2 2 0 0 na na
10 65269.335350268445 0.006978860049 cfg1 2 2 0 0 na na
10 65269.405350299600 0.006977939653 cfg1 2 2 0 0 na na
10 65269.416350347532 0.006977795204 cfg1 2 2 0 0 na na
10 65269.421350271223 0.006977729502 cfg1 2 2 0 0 na na
10 65269.434350262359 0.006977564381 cfg1 2 1 0 0 na na
10 65269.448350342344 0.006977374920 cfg1 2 2 0 0 na na
10 65269.462350305574 0.006977191215 cfg1 2 2 0 0 na na
10 65269.463350273624 0.006977178091 cfg1 2 2 0 0 na na
10 65269.650350274211 0.006974730008 cfg1 2 1 0 0 na na
10 65269.676350345629 0.006974379630 cfg1 2 1 0 0 na na
10 65269.719350338539 0.006973828506 cfg1 2 1 0 0 na na
10 65269.764350325626 0.006973241649 cfg1 2 2 0 0 na na
10 65269.789350305167 0.006972915951 cfg1 2 2 0 0 na na
10 65269.814350319904 0.006972590373 cfg1 2 2 0 0 na na
10 65269.839350339234 0.006972264984 cfg1 2 2 0 0 na na
10 65269.894350302745 0.006971549815 cfg1 2 2 0 0 na na
10 65269.921350261102 0.006971205899 cfg1 2 1 0 0 na na
10 65269.991350334535 0.006970290703 cfg1 2 2 0 0 na na
10 65269.998350287205 0.006970199923 cfg1 2 2 0 0 na na
10 65270.006350286520 0.006970096225 cfg1 2 2 0 0 na na
10 65270.041350292997 0.006969642744 cfg1 2 2 0 0 na na
10 65270.149350326775 0.006968246136 cfg1 2 1 0 0 na na
10 65270.163350343236 0.006968057446 cfg1 2 1 0 0 na na
10 65270.165350329308 0.006968039130 cfg1 2 1 0 0 na na
10 65270.173350334198 0.006967935793 cfg1 2 1 0 0 na na
10 65270.224350302106 0.006967277503 cfg1 2 2 0 0 na na
10 65270.227350336513 0.006967238856 cfg1 2 2 0 0 na na
10 65270.239350299691 0.006967084136 cfg1 2 2 0 0 na na
10 65270.275350347387 0.006966620151 cfg1 2 2 0 0 na na
10 65270.277350370753 0.006966594387 cfg1 2 2 0 0 na na
10 65270.283350353783 0.006966517089 cfg1 2 2 0 0 na na
10 65270.309350318812 0.006966182366 cfg1 2 2 0 0 na na
10 65270.316350318653 0.006966092310 cfg1 2 1 0 0 na na
10 65270.354350310510 0.006965603396 cfg1 2 2 0 0 na na
10 65270.368350326943 0.006965423369 cfg1 2 2 0 0 na na
10 65270.373350272199 0.006965359183 cfg1 2 1 0 0 na na
10 65270.400350299190 0.006965012185 cfg1 2 2 0 0 na na
10 65270.420350255930 0.006964765989 cfg1 2 1 0 0 na na
10 65270.435350276456 0.006964562834 cfg1 2 1 0 0 na na
10 65270.465350362851 0.006964177915 cfg1 2 1 0 0 na na
10 65270.468350288600 0.006964139409 cfg1 2 1 0 0 na na
10 65270.490350303782 0.006963857391 cfg1 2 1 0 0 na na
10 65270.494350284511 0.006963806031 cfg1 2 2 0 0 na na
10 65270.510350321088 0.006963600980 cfg1 2 2 0 0 na na
10 65270.515350325420 0.006963536923 cfg1 2 2 0 0 na na
10 65270.530350306147 0.006963344778 cfg1 2 2 0 0 na na
10 65270.546350331614 0.006963139969 cfg1 2 2 0 0 na na
10 65270.552350263209 0.006963068561 cfg1 2 1 0 0 na na
10 65270.567350302807 0.006962879023 cfg1 2 1 0 0 na na
10 65270.589350321701 0.006962589613 cfg1 2 2 0 0 na na
10 65270.598350296134 0.006962474663 cfg1 2 2 0 0 na na
10 65270.606350286659 0.006962372327 cfg1 2 2 0 0 na na
10 65270.619350318200 0.006962206151 cfg1 2 2 0 0 na na
10 65270.621350267958 0.006962180548 cfg1 2 2 0 0 na na
10 65270.633350282397 0.006962027207 cfg1 2 2 0 0 na na
10 65270.680350306752 0.006961427050 cfg1 2 2 0 0 na na
10 65270.682350319829 0.006961401494 cfg1 2 2 0 0 na na
10 65270.686350349488 0.006961350495 cfg1 2 2 0 0 na na
10 65270.688350362729 0.006961324984 cfg1 2 2 0 0 na na
10 65270.693350357968 0.006961261217 cfg1 2 2 0 0 na na
10 65270.697350341232 0.006961210196 cfg1 2 2 0 0 na na
10 65270.768350270140 0.006960305128 cfg1 2 2 0 0 na na
10 65270.834350266115 0.006959465896 cfg1 2 1 0 0 na na
10 65270.842350285441 0.006959363449 cfg1 2 2 0 0 na na
10 65270.848350312981 0.006959287132 cfg1 2 2 0 0 na na
10 65270.856350271791 0.006959185510 cfg1 2 2 0 0 na na
10 65270.859350284391 0.006959147324 cfg1 2 2 0 0 na na
10 65270.864350333917 0.006959083755 cfg1 2 2 0 0 na na
10 65270.900350294576 0.006958626529 cfg1 2 2 0 0 na na
10 65270.901350301594 0.006958613804 cfg1 2 2 0 0 na na
10 65270.906350309657 0.006958550348 cfg1 2 2 0 0 na na
10 65270.929350291186 0.006958259164 cfg1 2 1 0 0 na na
10 65270.963350271512 0.006957827154 cfg1 2 2 0 0 na na
10 65270.991350363262 0.006957472326 cfg1 2 2 0 0 na na
10 65270.995350360816 0.006957421612 cfg1 2 2 0 0 na na
10 65270.998350320459 0.006957383563 cfg1 2 2 0 0 na na
10 65271.002350316105 0.006957332956 cfg1 2 2 0 0 na na
10 65271.005350326338 0.006957295006 cfg1 2 2 0 0 na na
10 65271.030350295861 0.006956978399 cfg1 2 2 0 0 na na
10 65271.038350292778 0.006956877085 cfg1 2 2 0 0 na na
10 65271.114350296020 0.006955916133 cfg1 2 2 0 0 na na
10 65271.119350304926 0.006955853013 cfg1 2 2 0 0 na na
10 65271.126350286053 0.006955764542 cfg1 2 2 0 0 na na
10 65271.167350263847 0.006955259324 cfg1 2 1 0 0 na na
10 65271.196350337858 0.006954881151 cfg1 2 2 0 0 na na
10 65271.279350302874 0.006953835595 cfg1 2 2 0 0 na na
10 65271.324350308561 0.006953269691 cfg1 2 1 0 0 na na
10 65271.382350301813 0.006952541023 cfg1 2 2 0 0 na na
10 65271.480350313383 0.006951312864 cfg1 2 1 0 0 na na
10 65271.484350288769 0.006951262027 cfg1 2 2 0 0 na na
10 65271.520350310946 0.006950811441 cfg1 2 2 0 0 na na
10 65271.568350287540 0.006950211048 cfg1 2 2 0 0 na na
10 65271.598350289752 0.006949836326 cfg1 2 2 0 0 na na
10 65271.611350323837 0.006949673971 cfg1 2 2 0 0 na na
10 65271.613350286086 0.006949648979 cfg1 2 2 0 0 na na
10 65271.651350293182 0.006949174804 cfg1 2 2 0 0 na na
10 65271.694350311786 0.006948652312 cfg1 2 1 0 0 na na
10 65271.696350296489 0.006948613774 cfg1 2 2 0 0 na na
10 65271.698350333699 0.006948588819 cfg1 2 2 0 0 na na
10 65271.700350381148 0.006948563960 cfg1 2 2 0 0 na na
10 65271.712350300725 0.006948402522 cfg1 2 1 0 0 na na
10 65271.733350307460 0.006948154604 cfg1 2 1 0 0 na na
10 65271.784350328866 0.006947518395 cfg1 2 2 0 0 na na
10 65271.879350332479 0.006946338527 cfg1 2 2 0 0 na na
10 65271.895350348761 0.006946140067 cfg1 2 2 0 0 na na
10 65271.910350309989 0.006945954083 cfg1 2 2 0 0 na na
10 65271.960350294274 0.006945334639 cfg1 2 2 0 0 na na
10 65272.008350333092 0.006944740636 cfg1 2 2 0 0 na na
10 65272.016350299057 0.006944641762 cfg1 2 2 0 0 na na
10 65272.025350328350 0.006944530475 cfg1 2 2 0 0 na na
10 65272.032350369403 0.006944443906 cfg1 2 2 0 0 na na
10 65272.035350318857 0.006944406842 cfg1 2 2 0 0 na na
10 65272.066350315938 0.006944023849 cfg1 2 2 0 0 na na
10 65272.079350353683 0.006943863338 cfg1 2 2 0 0 na na
10 65272.092350288603 0.006943702838 cfg1 2 2 0 0 na na
10 65272.103350283698 0.006943567121 cfg1 2 2 0 0 na na
10 65272.120350281791 0.006943357434 cfg1 2 2 0 0 na na
10 65272.134350312490 0.006943184803 cfg1 2 1 0 0 na na
10 65272.199350254813 0.006942387116 cfg1 2 1 0 0 na na
10 65272.203350325509 0.006942334750 cfg1 2 2 0 0 na na
10 65272.240350306495 0.006941879667 cfg1 2 1 0 0 na na
10 65272.267350330441 0.006941547518 cfg1 2 2 0 0 na na
10 65272.290350293243 0.006941264992 cfg1 2 2 0 0 na na
10 65272.309350291727 0.006941031632 cfg1 2 2 0 0 na na
10 65272.310350289854 0.006941019444 cfg1 2 1 0 0 na na
10 65272.317350270323 0.006940933482 cfg1 2 2 0 0 na na
10 65272.334350325043 0.006940724883 cfg1 2 1 0 0 na na
10 65272.336350295222 0.006940700307 cfg1 2 2 0 0 na na
10 65272.340350339566 0.006940651215 cfg1 2 2 0 0 na na
10 65272.341350341968 0.006940638964 cfg1 2 2 0 0 na na
10 65272.346350298118 0.006940577690 cfg1 2 2 0 0 na na
10 65272.350350357861 0.006940528500 cfg1 2 2 0 0 na na
10 65272.369350332386 0.006940295623 cfg1 2 2 0 0 na na
10 65272.403350358050 0.006939878996 cfg1 2 2 0 0 na na
10 65272.409350350385 0.006939805471 cfg1 2 2 0 0 na na
10 65272.421350320852 0.006939658553 cfg1 2 2 0 0 na na
10 65272.442350337380 0.006939401414 cfg1 2 2 0 0 na na
10 65272.447350350438 0.006939340300 cfg1 2 2 0 0 na na
10 65272.448350252413 0.006939329459 cfg1 2 1 0 0 na na
10 65272.452350299930 0.006939279071 cfg1 2 2 0 0 na na
10 65272.472350334797 0.006939034399 cfg1 2 2 0 0 na na
10 65272.476350255335 0.006938986492 cfg1 2 1 0 0 na na
10 65272.486350280081 0.006938863901 cfg1 2 1 0 0 na na
10 65272.498350347377 0.006938716727 cfg1 2 1 0 0 na na
10 65272.508350336493 0.006938594477 cfg1 2 2 0 0 na na
10 65272.516350269611 0.006938496691 cfg1 2 2 0 0 na na
10 65272.519350335950 0.006938460136 cfg1 2 2 0 0 na na
10 65272.524350271705 0.006938398987 cfg1 2 2 0 0 na na
10 65272.531350354951 0.006938313547 cfg1 2 2 0 0 na na
10 65272.534350321251 0.006938276849 cfg1 2 2 0 0 na na
10 65272.551350302969 0.006938069381 cfg1 2 2 0 0 na na
10 65272.571350300806 0.006937825218 cfg1 2 2 0 0 na na
10 65272.573350323967 0.006937800892 cfg1 2 2 0 0 na na
10 65272.574350287694 0.006937788793 cfg1 2 2 0 0 na na
10 65272.575350342704 0.006937776487 cfg1 2 2 0 0 na na
10 65272.582350331682 0.006937691128 cfg1 2 2 0 0 na na
10 65272.584350241741 0.006937680158 cfg1 2 1 0 0 na na
10 65272.585350383608 0.006937654584 cfg1 2 2 0 0 na na
10 65272.587350323561 0.006937630160 cfg1 2 2 0 0 na na
10 65272.608350265526 0.006937374160 cfg1 2 2 0 0 na na
10 65272.636350280501 0.006937032961 cfg1 2 2 0 0 na na
10 65272.639350352987 0.006936996465 cfg1 2 2 0 0 na na
10 65272.697350313621 0.006936290794 cfg1 2 1 0 0 na na
10 65272.698350335983 0.006936278506 cfg1 2 2 0 0 na na
10 65272.701350275196 0.006936242066 cfg1 2 2 0 0 na na
10 65272.706350284847 0.006936181195 cfg1 2 2 0 0 na na
10 65272.712350305884 0.006936108337 cfg1 2 2 0 0 na na
10 65272.779350299323 0.006935294482 cfg1 2 2 0 0 na na
10 65272.843350281949 0.006934518380 cfg1 2 2 0 0 na na
10 65272.850350302001 0.006934429176 cfg1 2 1 0 0 na na
10 65272.856350264389 0.006934352404 cfg1 2 1 0 0 na na
10 65272.862350302041 0.006934288222 cfg1 2 2 0 0 na na
10 65272.868350298893 0.006934215498 cfg1 2 2 0 0 na na
10 65272.873350306263 0.006934154997 cfg1 2 2 0 0 na na
10 65272.892350348360 0.006933924961 cfg1 2 2 0 0 na na
10 65272.896350318012 0.006933876564 cfg1 2 2 0 0 na na
10 65272.899350331093 0.006933840219 cfg1 2 2 0 0 na na
10 65272.900350262415 0.006933828141 cfg1 2 2 0 0 na na
10 65272.904350275641 0.006933779730 cfg1 2 2 0 0 na na
10 65272.920350349154 0.006933586184 cfg1 2 2 0 0 na na
10 65272.961350282712 0.006933090678 cfg1 2 2 0 0 na na
10 65272.990350287987 0.006932740390 cfg1 2 2 0 0 na na
10 65273.008350353199 0.006932523161 cfg1 2 2 0 0 na na
10 65273.080350347014 0.006931657357 cfg1 2 1 0 0 na na
10 65273.130350346141 0.006931055197 cfg1 2 1 0 0 na na
10 65273.175350311381 0.006930511974 cfg1 2 2 0 0 na na
10 65273.197350326025 0.006930247657 cfg1 2 2 0 0 na na
10 65273.204350339299 0.006930163586 cfg1 2 2 0 0 na na
10 65273.209350301921 0.006930103570 cfg1 2 2 0 0 na na
10 65273.244350349405 0.006929683516 cfg1 2 2 0 0 na na
10 65273.245350340208 0.006929671556 cfg1 2 2 0 0 na na
10 65273.262350387610 0.006929467595 cfg1 2 2 0 0 na na
10 65273.277350332958 0.006929288166 cfg1 2 1 0 0 na na
10 65273.288350375437 0.006929145776 cfg1 2 1 0 0 na na
10 65273.335350284572 0.006928593088 cfg1 2 2 0 0 na na
10 65273.341350295075 0.006928521227 cfg1 2 2 0 0 na na
10 65273.394350306904 0.006927887342 cfg1 2 2 0 0 na na
10 65273.400350310260 0.006927815635 cfg1 2 2 0 0 na na
10 65273.419350324280 0.006927589695 cfg1 2 1 0 0 na na
10 65273.450350353687 0.006927218590 cfg1 2 2 0 0 na na
10 65273.459350305317 0.006927111191 cfg1 2 2 0 0 na na
10 65273.468350290924 0.006926998200 cfg1 2 1 0 0 na na
10 65273.475350274349 0.006926915780 cfg1 2 1 0 0 na na
10 65273.545350335971 0.006926086136 cfg1 2 2 0 0 na na
10 65273.569350364792 0.006925800440 cfg1 2 2 0 0 na na
10 65273.605350317954 0.006925372213 cfg1 2 2 0 0 na na
10 65273.612350282299 0.006925289078 cfg1 2 2 0 0 na na
10 65273.631350239973 0.006925076827 cfg1 2 1 0 0 na na
10 65273.651350298240 0.006924825706 cfg1 2 2 0 0 na na
10 65273.668350358387 0.006924623899 cfg1 2 2 0 0 na na
10 65273.670350287225 0.006924600161 cfg1 2 2 0 0 na na
10 65273.701350338215 0.006924232350 cfg1 2 2 0 0 na na
10 65273.706350266432 0.006924173084 cfg1 2 2 0 0 na na
10 65273.712350289276 0.006924101936 cfg1 2 2 0 0 na na
10 65273.728350340296 0.006923912309 cfg1 2 2 0 0 na na
10 65273.738350332577 0.006923793791 cfg1 2 2 0 0 na na
10 65273.765350324066 0.006923474570 cfg1 2 1 0 0 na na
10 65273.818350353829 0.006922846917 cfg1 2 2 0 0 na na
10 65273.829350311857 0.006922716902 cfg1 2 2 0 0 na na
10 65273.844350249048 0.006922542986 cfg1 2 1 0 0 na na
10 65273.850350253012 0.006922471930 cfg1 2 1 0 0 na na
10 65273.863350277134 0.006922315192 cfg1 2 1 0 0 na na
10 65273.897350266322 0.006921922718 cfg1 2 1 0 0 na na
10 65273.898350348798 0.006921901998 cfg1 2 2 0 0 na na
10 65273.915350315457 0.006921701396 cfg1 2 2 0 0 na na
10 65273.943350285139 0.006921371243 cfg1 2 2 0 0 na na
10 65273.953350309517 0.006921240174 cfg1 2 1 0 0 na na
10 65273.984350276922 0.006920888272 cfg1 2 2 0 0 na na
10 65273.988350282773 0.006920841142 cfg1 2 2 0 0 na na
10 65274.027350336975 0.006920382293 cfg1 2 2 0 0 na na
10 65274.073350321615 0.006919841530 cfg1 2 2 0 0 na na
10 65274.077350277360 0.006919794656 cfg1 2 2 0 0 na na
10 65274.084350351639 0.006919712368 cfg1 2 2 0 0 na na
10 65274.091350322631 0.006919630302 cfg1 2 1 0 0 na na
10 65274.094350300435 0.006919595138 cfg1 2 1 0 0 na na
10 65274.106350344469 0.006919454099 cfg1 2 2 0 0 na na
10 65274.108350355093 0.006919430697 cfg1 2 2 0 0 na na
10 65274.112350334709 0.006919383778 cfg1 2 1 0 0 na na
10 65274.115350288454 0.006919348583 cfg1 2 1 0 0 na na
10 65274.116350269411 0.006919336769 cfg1 2 2 0 0 na na
10 65274.121350318760 0.006919278233 cfg1 2 1 0 0 na na
10 65274.213350303875 0.006918200051 cfg1 2 2 0 0 na na
10 65274.221350294195 0.006918106381 cfg1 2 2 0 0 na na
10 65274.251350281720 0.006917755407 cfg1 2 2 0 0 na na
10 65274.253350321455 0.006917731972 cfg1 2 2 0 0 na na
10 65274.299350259967 0.006917194498 cfg1 2 2 0 0 na na
10 65274.333350359684 0.006916797725 cfg1 2 1 0 0 na na
10 65274.352350290630 0.006916576084 cfg1 2 1 0 0 na na
10 65274.357350355342 0.006916517804 cfg1 2 1 0 0 na na
10 65274.371350347766 0.006916354436 cfg1 2 2 0 0 na na
10 65274.381350306529 0.006916237884 cfg1 2 2 0 0 na na
10 65274.409350276482 0.006915912300 cfg1 2 1 0 0 na na
10 65274.417350247762 0.006915824156 cfg1 2 1 0 0 na na
10 65274.421350322150 0.006915771961 cfg1 2 2 0 0 na na
10 65274.449350355553 0.006915446106 cfg1 2 2 0 0 na na
10 65274.456350275003 0.006915364781 cfg1 2 2 0 0 na na
10 65274.492350255550 0.006914946209 cfg1 2 2 0 0 na na
10 65274.494350309143 0.006914922976 cfg1 2 2 0 0 na na
10 65274.497350281760 0.006914888068 cfg1 2 2 0 0 na na
10 65274.600350324132 0.006913692989 cfg1 2 2 0 0 na na
10 65274.619350293240 0.006913472825 cfg1 2 2 0 0 na na
10 65274.621350305877 0.006913449668 cfg1 2 2 0 0 na na
10 65274.622350345395 0.006913438144 cfg1 2 2 0 0 na na
10 65274.628350298928 0.006913368610 cfg1 2 2 0 0 na na
10 65274.639350260430 0.006913241259 cfg1 2 2 0 0 na na
10 65274.648350295873 0.006913137073 cfg1 2 2 0 0 na na
10 65274.660350319017 0.006912998279 cfg1 2 2 0 0 na na
10 65274.670350300897 0.006912882500 cfg1 2 2 0 0 na na
10 65274.687350325364 0.006912685992 cfg1 2 2 0 0 na na
10 65274.690350293838 0.006912651568 cfg1 2 1 0 0 na na
10 65274.696350297890 0.006912581866 cfg1 2 2 0 0 na na
10 65274.739350294131 0.006912086437 cfg1 2 1 0 0 na na
10 65274.769350279843 0.006911740946 cfg1 2 1 0 0 na na
10 65274.805350329843 0.006911324290 cfg1 2 1 0 0 na na
10 65274.818350321986 0.006911173989 cfg1 2 2 0 0 na na
10 65274.874350294833 0.006910529311 cfg1 2 2 0 0 na na
10 65274.890350291015 0.006910344397 cfg1 2 1 0 0 na na
10 65274.907350309001 0.006910149833 cfg1 2 2 0 0 na na
10 65274.927350302594 0.006909919207 cfg1 2 2 0 0 na na
10 65274.949350323850 0.006909667923 cfg1 2 1 0 0 na na
10 65275.008350309653 0.006908975729 cfg1 2 1 0 0 na na
10 65275.023350307059 0.006908818500 cfg1 2 2 0 0 na na
10 65275.031350361417 0.006908726843 cfg1 2 2 0 0 na na
10 65275.032350298527 0.006908715366 cfg1 2 2 0 0 na na
10 65275.043350371215 0.006908589404 cfg1 2 2 0 0 na na
10 65275.055350339409 0.006908451957 cfg1 2 2 0 0 na na
10 65275.063350289053 0.006908360378 cfg1 2 2 0 0 na na
10 65275.105350350093 0.006907879869 cfg1 2 2 0 0 na na
10 65275.145350332941 0.006907422746 cfg1 2 2 0 0 na na
10 65275.158350265251 0.006907274291 cfg1 2 2 0 0 na na
10 65275.186350321022 0.006906954688 cfg1 2 2 0 0 na na
10 65275.191350317243 0.006906897561 cfg1 2 2 0 0 na na
10 65275.203350290183 0.006906760734 cfg1 2 2 0 0 na na
10 65275.207350239391 0.006906727584 cfg1 2 1 0 0 na na
10 65275.227350322970 0.006906487133 cfg1 2 2 0 0 na na
10 65275.249350302144 0.006906236534 cfg1 2 2 0 0 na na
10 65275.345350312901 0.006905144374 cfg1 2 2 0 0 na na
10 65275.374350324786 0.006904814952 cfg1 2 2 0 0 na na
10 65275.390350288739 0.006904633391 cfg1 2 2 0 0 na na
10 65275.416350303008 0.006904338394 cfg1 2 2 0 0 na na
10 65275.426350302112 0.006904214764 cfg1 2 1 0 0 na na
10 65275.445350359003 0.006904009691 cfg1 2 2 0 0 na na
10 65275.451350333128 0.006903941805 cfg1 2 1 0 0 na na
10 65275.453350316118 0.006903919070 cfg1 2 2 0 0 na na
10 65275.554350309405 0.006902776443 cfg1 2 2 0 0 na na
10 65275.624350333416 0.006901986297 cfg1 2 2 0 0 na na
10 65275.636350311722 0.006901851038 cfg1 2 1 0 0 na na
10 65275.640350266009 0.006901805862 cfg1 2 2 0 0 na na
10 65275.647350332150 0.006901727095 cfg1 2 1 0 0 na na
10 65275.692350339801 0.006901220169 cfg1 2 2 0 0 na na
10 65275.697350346698 0.006901163902 cfg1 2 2 0 0 na na
10 65275.715350319851 0.006900961358 cfg1 2 2 0 0 na na
10 65275.726350362125 0.006900837678 cfg1 2 1 0 0 na na
10 65275.771350258642 0.006900331879 cfg1 2 2 0 0 na na
10 65275.773350273995 0.006900309440 cfg1 2 2 0 0 na na
10 65275.788350320158 0.006900141016 cfg1 2 2 0 0 na na
10 65275.817350370460 0.006899815531 cfg1 2 2 0 0 na na
10 65275.819350306581 0.006899793126 cfg1 2 2 0 0 na na
10 65275.830350282261 0.006899669764 cfg1 2 2 0 0 na na
10 65275.847350313266 0.006899479154 cfg1 2 2 0 0 na na
10 65275.916350301456 0.006898706465 cfg1 2 2 0 0 na na
10 65275.939350329687 0.006898449206 cfg1 2 2 0 0 na na
10 65276.009350316494 0.006897667296 cfg1 2 2 0 0 na na
10 65276.025350291245 0.006897488818 cfg1 2 2 0 0 na na
10 65276.031350257500 0.006897421959 cfg1 2 2 0 0 na na
10 65276.064350320063 0.006897063077 cfg1 2 1 0 0 na na
10 65276.067350349323 0.006897020581 cfg1 2 2 0 0 na na
10 65276.077350342445 0.006896909157 cfg1 2 2 0 0 na na
10 65276.085350284956 0.006896820071 cfg1 2 2 0 0 na na
10 65276.095350283452 0.006896708690 cfg1 2 2 0 0 na na
10 65276.120350343371 0.006896430483 cfg1 2 2 0 0 na na
10 65276.138350303980 0.006896230284 cfg1 2 2 0 0 na na
10 65276.290350301031 0.006894543608 cfg1 2 2 0 0 na na
10 65276.315350321266 0.006894266802 cfg1 2 2 0 0 na na
10 65276.343350358108 0.006893957119 cfg1 2 2 0 0 na na
10 65276.350350311049 0.006893879747 cfg1 2 2 0 0 na na
10 65276.371350349300 0.006893647586 cfg1 2 2 0 0 na na
10 65276.383350265413 0.006893515024 cfg1 2 2 0 0 na na
10 65276.388350365136 0.006893459819 cfg1 2 2 0 0 na na
10 65276.419350353895 0.006893117562 cfg1 2 2 0 0 na na
10 65276.458350337508 0.006892687517 cfg1 2 2 0 0 na na
10 65276.490350304145 0.006892334937 cfg1 2 2 0 0 na na
10 65276.513350322492 0.006892081678 cfg1 2 2 0 0 na na
10 65276.550350265252 0.006891661820 cfg1 2 1 0 0 na na
10 65276.596350333518 0.006891169317 cfg1 2 2 0 0 na na
10 65276.636350279172 0.006890730372 cfg1 2 2 0 0 na na
10 65276.657350324383 0.006890500037 cfg1 2 2 0 0 na na
10 65276.835350307404 0.006888553803 cfg1 2 2 0 0 na na
10 65276.857350297976 0.006888313884 cfg1 2 2 0 0 na na
10 65276.866350312975 0.006888215845 cfg1 2 2 0 0 na na
10 65276.985350351787 0.006886921174 cfg1 2 2 0 0 na na
10 65276.992350371949 0.006886845292 cfg1 2 1 0 0 na na
10 65277.002350296259 0.006886736557 cfg1 2 2 0 0 na na
10 65277.065350323681 0.006886053296 cfg1 2 2 0 0 na na
10 65277.106350303254 0.006885609265 cfg1 2 2 0 0 na na
10 65277.118350345539 0.006885479615 cfg1 2 1 0 0 na na
10 65277.152350320592 0.006885111630 cfg1 2 2 0 0 na na
10 65277.159350347254 0.006885035938 cfg1 2 2 0 0 na na
10 65277.175350292363 0.006884863162 cfg1 2 1 0 0 na na
10 65277.178350345973 0.006884830701 cfg1 2 2 0 0 na na
10 65277.235350299629 0.006884215461 cfg1 2 2 0 0 na na
10 65277.248350307293 0.006884075428 cfg1 2 1 0 0 na na
10 65277.259350318660 0.006883956753 cfg1 2 2 0 0 na na
10 65277.272350350604 0.006883820257 cfg1 2 1 0 0 na na
10 65277.282350287805 0.006883709237 cfg1 2 1 0 0 na na
10 65277.298350334440 0.006883536662 cfg1 2 2 0 0 na na
10 65277.327350292067 0.006883224648 cfg1 2 2 0 0 na na
10 65277.329350341815 0.006883203077 cfg1 2 2 0 0 na na
10 65277.382350342601 0.006882633463 cfg1 2 2 0 0 na na
10 65277.396350295204 0.006882483126 cfg1 2 2 0 0 na na
10 65277.399350319574 0.006882451038 cfg1 2 1 0 0 na na
10 65277.407350328690 0.006882365103 cfg1 2 2 0 0 na na
10 65277.487350328220 0.006881507554 cfg1 2 2 0 0 na na
10 65277.506350278450 0.006881304180 cfg1 2 2 0 0 na na
10 65277.516350272024 0.006881197169 cfg1 2 2 0 0 na na
10 65277.527350316556 0.006881079530 cfg1 2 1 0 0 na na
10 65277.551350312378 0.006880822979 cfg1 2 1 0 0 na na
10 65277.586350286320 0.006880461702 cfg1 2 1 0 0 na na
10 65277.617350305187 0.006880118191 cfg1 2 2 0 0 na na
10 65277.650350332769 0.006879766332 cfg1 2 2 0 0 na na
10 65277.683350240541 0.006879426575 cfg1 2 1 0 0 na na
10 65277.749350300796 0.006878712777 cfg1 2 2 0 0 na na
10 65277.779350324051 0.006878394158 cfg1 2 2 0 0 na na
10 65277.789350312684 0.006878274548 cfg1 2 1 0 0 na na
10 65277.837350323105 0.006877778875 cfg1 2 2 0 0 na na
10 65277.887350314931 0.006877249250 cfg1 2 2 0 0 na na
10 65277.889350253397 0.006877228023 cfg1 2 2 0 0 na na
10 65277.958350258784 0.006876498599 cfg1 2 2 0 0 na na
10 65278.019350244848 0.006875857419 cfg1 2 1 0 0 na na
10 65278.044350298787 0.006875591322 cfg1 2 2 0 0 na na
10 65278.051350273850 0.006875517599 cfg1 2 2 0 0 na na
10 65278.084350330998 0.006875170199 cfg1 2 2 0 0 na na
10 65278.105350315923 0.006874949181 cfg1 2 2 0 0 na na
10 65278.330350345025 0.006872590801 cfg1 2 1 0 0 na na
10 65278.445350357243 0.006871391284 cfg1 2 2 0 0 na na
10 65278.501350285673 0.006870808746 cfg1 2 1 0 0 na na
10 65278.518350300362 0.006870631969 cfg1 2 2 0 0 na na
10 65278.595350253427 0.006869832881 cfg1 2 2 0 0 na na
10 65278.605350339780 0.006869725169 cfg1 2 1 0 0 na na
10 65278.606350325711 0.006869718922 cfg1 2 2 0 0 na na
10 65278.619350330354 0.006869584241 cfg1 2 1 0 0 na na
10 65278.638350275890 0.006869387438 cfg1 2 2 0 0 na na
10 65278.682350319927 0.006868932295 cfg1 2 1 0 0 na na
10 65278.773350292778 0.006867992691 cfg1 2 2 0 0 na na
10 65278.790350284793 0.006867817389 cfg1 2 2 0 0 na na
10 65278.795350341069 0.006867765944 cfg1 2 2 0 0 na na
10 65278.842350313201 0.006867281975 cfg1 2 2 0 0 na na
10 65278.914350313392 0.006866541905 cfg1 2 2 0 0 na na
10 65278.920350312565 0.006866480272 cfg1 2 2 0 0 na na
10 65278.922350269069 0.006866459735 cfg1 2 2 0 0 na na
10 65278.931350338378 0.006866367373 cfg1 2 2 0 0 na na
10 65278.955350330583 0.006866121188 cfg1 2 2 0 0 na na
10 65278.986350258890 0.006865803422 cfg1 2 2 0 0 na na
10 65279.014350306211 0.006865516725 cfg1 2 2 0 0 na na
10 65279.047350319635 0.006865186900 cfg1 2 1 0 0 na na
10 65279.059350314433 0.006865056440 cfg1 2 1 0 0 na na
10 65279.069350341959 0.006864954205 cfg1 2 1 0 0 na na
10 65279.300350324356 0.006862601739 cfg1 2 1 0 0 na na
10 65279.307350309313 0.006862530695 cfg1 2 2 0 0 na na
10 65279.312350258257 0.006862479962 cfg1 2 2 0 0 na na
10 65279.361350307499 0.006861983330 cfg1 2 1 0 0 na na
10 65279.407350307200 0.006861517644 cfg1 2 2 0 0 na na
10 65279.422350282715 0.006861366000 cfg1 2 2 0 0 na na
10 65279.458350313716 0.006861002218 cfg1 2 2 0 0 na na
10 65279.648350304012 0.006859089066 cfg1 2 1 0 0 na na
10 65279.658350301769 0.006858988647 cfg1 2 2 0 0 na na
10 65279.660350285983 0.006858968535 cfg1 2 2 0 0 na na
10 65279.675350297461 0.006858818050 cfg1 2 2 0 0 na na
10 65279.688350334046 0.006858687679 cfg1 2 2 0 0 na na
10 65279.714350277747 0.006858426996 cfg1 2 2 0 0 na na
10 65279.801350310248 0.006857556500 cfg1 2 2 0 0 na na
10 65279.835350272713 0.006857217048 cfg1 2 1 0 0 na na
10 65279.844350283650 0.006857127129 cfg1 2 2 0 0 na na
10 65279.855350273478 0.006857017373 cfg1 2 2 0 0 na na
10 65279.860350288530 0.006856967512 cfg1 2 2 0 0 na na
10 65279.870350311281 0.006856863623 cfg1 2 1 0 0 na na
10 65279.924350270804 0.006856330356 cfg1 2 1 0 0 na na
10 65279.951350307624 0.006856061097 cfg1 2 2 0 0 na na
10 65280.053350341929 0.006855056280 cfg1 2 1 0 0 na na
10 65280.054350294885 0.006855038216 cfg1 2 2 0 0 na na
10 65280.057350318043 0.006855008557 cfg1 2 2 0 0 na na
10 65280.118350350503 0.006854401497 cfg1 2 1 0 0 na na
10 65280.178350326942 0.006853811349 cfg1 2 2 0 0 na na
10 65280.233350310062 0.006853268656 cfg1 2 2 0 0 na na
10 65280.276350276795 0.006852845034 cfg1 2 2 0 0 na na
10 65280.280350347489 0.006852805651 cfg1 2 2 0 0 na na
10 65280.281350320792 0.006852795833 cfg1 2 2 0 0 na na
10 65280.288350295066 0.006852726962 cfg1 2 2 0 0 na na
10 65280.290350323496 0.006852707359 cfg1 2 1 0 0 na na
10 65280.294350294059 0.006852667835 cfg1 2 2 0 0 na na
10 65280.300350298988 0.006852608867 cfg1 2 2 0 0 na na
10 65280.304350246735 0.006852570029 cfg1 2 1 0 0 na na
10 65280.324350271370 0.006852372806 cfg1 2 2 0 0 na na
10 65280.328350296290 0.006852333559 cfg1 2 2 0 0 na na
10 65280.329350272840 0.006852323743 cfg1 2 2 0 0 na na
10 65280.333350266299 0.006852284433 cfg1 2 2 0 0 na na
10 65280.357350298283 0.006852048603 cfg1 2 2 0 0 na na
10 65280.358350319067 0.006852038803 cfg1 2 2 0 0 na na
10 65280.388350335338 0.006851744377 cfg1 2 2 0 0 na na
10 65280.443350295884 0.006851205349 cfg1 2 2 0 0 na na
10 65280.471350290292 0.006850931192 cfg1 2 2 0 0 na na
10 65280.485350274766 0.006850794211 cfg1 2 2 0 0 na na
10 65280.522350316210 0.006850432594 cfg1 2 2 0 0 na na
10 65280.527350270946 0.006850383226 cfg1 2 2 0 0 na na
10 65280.624350307705 0.006849437858 cfg1 2 2 0 0 na na
10 65280.640350315170 0.006849282102 cfg1 2 2 0 0 na na
10 65280.645350281937 0.006849233485 cfg1 2 1 0 0 na na
10 65280.669350352266 0.006848999971 cfg1 2 2 0 0 na na
10 65280.740350313548 0.006848310456 cfg1 2 2 0 0 na na
10 65280.751350244816 0.006848207013 cfg1 2 1 0 0 na na
10 65280.806350303915 0.006847670963 cfg1 2 1 0 0 na na
10 65280.852350263717 0.006847225910 cfg1 2 2 0 0 na na
10 65280.854350279067 0.006847206625 cfg1 2 2 0 0 na na
10 65280.921350305971 0.006846559815 cfg1 2 1 0 0 na na
10 65280.944350342975 0.006846338055 cfg1 2 1 0 0 na na
10 65280.960350324272 0.006846183887 cfg1 2 2 0 0 na na
10 65280.965350301564 0.006846135674 cfg1 2 2 0 0 na na
10 65281.019350348855 0.006845616150 cfg1 2 2 0 0 na na
10 65281.049350264188 0.006845327866 cfg1 2 2 0 0 na na
10 65281.057350337637 0.006845251038 cfg1 2 2 0 0 na na
10 65281.098350272948 0.006844857672 cfg1 2 2 0 0 na na
10 65281.101350321720 0.006844828892 cfg1 2 2 0 0 na na
10 65281.119350309414 0.006844656349 cfg1 2 2 0 0 na na
10 65281.220350328702 0.006843690057 cfg1 2 2 0 0 na na
10 65281.230350380965 0.006843594639 cfg1 2 2 0 0 na na
10 65281.256350317134 0.006843346724 cfg1 2 2 0 0 na na
10 65281.302350308971 0.006842910699 cfg1 2 1 0 0 na na
10 65281.311350340872 0.006842822295 cfg1 2 2 0 0 na na
10 65281.321350377668 0.006842737350 cfg1 2 1 0 0 na na
10 65281.337350319139 0.006842580986 cfg1 2 1 0 0 na na
10 65281.348350309038 0.006842470202 cfg1 2 2 0 0 na na
10 65281.374350374437 0.006842223000 cfg1 2 2 0 0 na na
10 65281.377350317560 0.006842194617 cfg1 2 2 0 0 na na
10 65281.383350313026 0.006842137520 cfg1 2 2 0 0 na na
10 65281.386350261943 0.006842108983 cfg1 2 2 0 0 na na
10 65281.399350317451 0.006841985860 cfg1 2 2 0 0 na na
10 65281.414350351933 0.006841843190 cfg1 2 2 0 0 na na
10 65281.426350304055 0.006841729286 cfg1 2 2 0 0 na na
10 65281.434350333229 0.006841653428 cfg1 2 2 0 0 na na
10 65281.445350381855 0.006841549116 cfg1 2 2 0 0 na na
10 65281.468350303215 0.006841331172 cfg1 2 2 0 0 na na
10 65281.477350324174 0.006841245900 cfg1 2 2 0 0 na na
10 65281.497350306903 0.006841056559 cfg1 2 2 0 0 na na
10 65281.564350312251 0.006840423292 cfg1 2 2 0 0 na na
10 65281.593350338897 0.006840149549 cfg1 2 2 0 0 na na
10 65281.598350338873 0.006840102257 cfg1 2 2 0 0 na na
10 65281.641350326682 0.006839696901 cfg1 2 2 0 0 na na
10 65281.656350333121 0.006839555645 cfg1 2 2 0 0 na na
10 65281.763350305853 0.006838550125 cfg1 2 2 0 0 na na
10 65281.785350272461 0.006838343817 cfg1 2 2 0 0 na na
10 65281.830350312204 0.006837921047 cfg1 2 1 0 0 na na
10 65281.833350363839 0.006837894252 cfg1 2 2 0 0 na na
10 65281.891350277272 0.006837351933 cfg1 2 2 0 0 na na
10 65281.915350290826 0.006837127839 cfg1 2 2 0 0 na na
10 65281.927350331532 0.006837015820 cfg1 2 2 0 0 na na
10 65281.976350324816 0.006836559027 cfg1 2 1 0 0 na na
10 65282.059350332068 0.006835795725 cfg1 2 1 0 0 na na
10 65282.075350305100 0.006835638481 cfg1 2 1 0 0 na na
10 65282.140350295789 0.006835035680 cfg1 2 1 0 0 na na
10 65282.164350306404 0.006834813529 cfg1 2 1 0 0 na na
10 65282.219350345388 0.006834304921 cfg1 2 1 0 0 na na
10 65282.385350321128 0.006832775805 cfg1 2 1 0 0 na na
10 65282.525350339741 0.006831492732 cfg1 2 1 0 0 na na
10 65282.580350292081 0.006830975643 cfg1 2 1 0 0 na na
10 65282.637350310606 0.006830470769 cfg1 2 1 0 0 na na
10 65282.639350386020 0.006830452505 cfg1 2 1 0 0 na na
10 65282.661350304102 0.006830252352 cfg1 2 1 0 0 na na
10 65282.674350289014 0.006830134056 cfg1 2 1 0 0 na na
10 65282.738350277418 0.006829552580 cfg1 2 1 0 0 na na
10 65282.746350258194 0.006829480028 cfg1 2 1 0 0 na na
10 65282.922350332978 0.006827888077 cfg1 2 1 0 0 na na
10 65282.926350297198 0.006827844562 cfg1 2 1 0 0 na na
10 65282.971350282378 0.006827446584 cfg1 2 1 0 0 na na
10 65283.033350281369 0.006826888975 cfg1 2 1 0 0 na na
10 65283.038350361441 0.006826844154 cfg1 2 1 0 0 na na
10 65283.050350294174 0.006826736459 cfg1 2 1 0 0 na na
10 65283.051350331267 0.006826727458 cfg1 2 1 0 0 na na
10 65283.054350330635 0.006826700534 cfg1 2 1 0 0 na na
10 65283.057350244462 0.006826673586 cfg1 2 1 0 0 na na
10 65283.087350314639 0.006826404448 cfg1 2 1 0 0 na na
10 65283.093350338315 0.006826350631 cfg1 2 1 0 0 na na
10 65283.111350258077 0.006826189380 cfg1 2 1 0 0 na na
10 65283.161350273972 0.006825741907 cfg1 2 1 0 0 na na
10 65283.182350333311 0.006825554171 cfg1 2 1 0 0 na na
10 65283.228350330086 0.006825143419 cfg1 2 1 0 0 na na
10 65283.246350306127 0.006824983302 cfg1 2 1 0 0 na na
10 65283.295350299969 0.006824546439 cfg1 2 1 0 0 na na
10 65283.326350339157 0.006824270722 cfg1 2 1 0 0 na na
10 65283.386350312662 0.006823737865 cfg1 2 1 0 0 na na
10 65283.426350267865 0.006823383292 cfg1 2 1 0 0 na na
10 65283.591350293240 0.006821925985 cfg1 2 1 0 0 na na
10 65283.795350340693 0.006820136024 cfg1 2 1 0 0 na na
10 65283.857350273875 0.006819594484 cfg1 2 1 0 0 na na
10 65283.877350309640 0.006819420131 cfg1 2 1 0 0 na na
10 65283.960350295751 0.006818697684 cfg1 2 1 0 0 na na
10 65283.983350339129 0.006818498509 cfg1 2 1 0 0 na na
10 65284.103350274245 0.006817458172 cfg1 2 1 0 0 na na
10 65284.128350293706 0.006817242212 cfg1 2 1 0 0 na na
10 65284.136350342833 0.006817173226 cfg1 2 1 0 0 na na
10 65284.175350288641 0.006816836646 cfg1 2 1 0 0 na na
10 65284.185350295444 0.006816750415 cfg1 2 1 0 0 na na
10 65284.253350282239 0.006816165099 cfg1 2 1 0 0 na na
10 65284.264350311203 0.006816070460 cfg1 2 1 0 0 na na
10 65284.265350309998 0.006816061932 cfg1 2 1 0 0 na na
10 65284.294350334054 0.006815812854 cfg1 2 1 0 0 na na
10 65284.357350296055 0.006815258762 cfg1 2 1 0 0 na na
10 65284.384350308105 0.006815041474 cfg1 2 1 0 0 na na
10 65284.458350305065 0.006814409160 cfg1 2 1 0 0 na na
10 65284.530350310759 0.006813795638 cfg1 2 1 0 0 na na
10 65284.582350293145 0.006813353495 cfg1 2 1 0 0 na na
10 65284.629350371989 0.006812954632 cfg1 2 1 0 0 na na
10 65284.658350305547 0.006812708862 cfg1 2 1 0 0 na na
10 65284.676350304921 0.006812556473 cfg1 2 1 0 0 na na
10 65284.770350298906 0.006811750211 cfg1 2 1 0 0 na na
10 65284.816350313439 0.006811374643 cfg1 2 1 0 0 na na
10 65284.892350352949 0.006810735744 cfg1 2 1 0 0 na na
10 65284.928350325800 0.006810433695 cfg1 2 1 0 0 na na
10 65284.936350244452 0.006810367303 cfg1 2 1 0 0 na na
10 65284.991350291859 0.006809906137 cfg1 2 1 0 0 na na
10 65285.071350278745 0.006809237974 cfg1 2 1 0 0 na na
10 65285.113350332423 0.006808888093 cfg1 2 1 0 0 na na
10 65285.141350316847 0.006808651073 cfg1 2 1 0 0 na na
10 65285.146350328551 0.006808615058 cfg1 2 1 0 0 na na
10 65285.147350289077 0.006808605176 cfg1 2 1 0 0 na na
10 65285.223350364085 0.006807974205 cfg1 2 1 0 0 na na
10 65285.224350344333 0.006807965934 cfg1 2 1 0 0 na na
10 65285.283350326178 0.006807477355 cfg1 2 1 0 0 na na
10 65285.319350273457 0.006807179789 cfg1 2 1 0 0 na na
10 65285.369350364234 0.006806767207 cfg1 2 1 0 0 na na
10 65285.410350249114 0.006806429436 cfg1 2 1 0 0 na na
10 65285.422350280435 0.006806336231 cfg1 2 1 0 0 na na
10 65285.510350336886 0.006805607994 cfg1 2 1 0 0 na na
10 65285.515350263782 0.006805566946 cfg1 2 1 0 0 na na
10 65285.543350258268 0.006805337503 cfg1 2 2 0 0 na na
10 65285.570350379406 0.006805116603 cfg1 2 2 0 0 na na
10 65285.591350295815 0.006804944785 cfg1 2 2 0 0 na na
10 65285.684350383871 0.006804185967 cfg1 2 2 0 0 na na
10 65285.691350270567 0.006804129041 cfg1 2 2 0 0 na na
10 65285.713350340158 0.006803949997 cfg1 2 2 0 0 na na
10 65285.734350257974 0.006803779234 cfg1 2 2 0 0 na na
10 65285.745350318973 0.006803689853 cfg1 2 2 0 0 na na
10 65285.748350392078 0.006803665476 cfg1 2 2 0 0 na na
10 65285.760350273096 0.006803568058 cfg1 2 1 0 0 na na
10 65285.767350368059 0.006803511228 cfg1 2 1 0 0 na na
10 65285.794350338324 0.006803292130 cfg1 2 2 0 0 na na
10 65285.799350304995 0.006803251606 cfg1 2 2 0 0 na na
10 65285.806350305207 0.006803194885 cfg1 2 1 0 0 na na
10 65285.809350276828 0.006803170573 cfg1 2 1 0 0 na na
10 65285.823350334232 0.006803057135 cfg1 2 1 0 0 na na
10 65285.846350279469 0.006802867242 cfg1 2 1 0 0 na na
10 65285.850350390954 0.006802838489 cfg1 2 2 0 0 na na
10 65285.860350246398 0.006802760534 cfg1 2 1 0 0 na na
10 65285.957350319896 0.006801974609 cfg1 2 1 0 0 na na
10 65286.072350304377 0.006801050104 cfg1 2 1 0 0 na na
10 65286.086350321452 0.006800937802 cfg1 2 1 0 0 na na
10 65286.088350334733 0.006800921832 cfg1 2 1 0 0 na na
10 65286.116350316168 0.006800698132 cfg1 2 1 0 0 na na
10 65286.168350272019 0.006800281624 cfg1 2 1 0 0 na na
10 65286.380350300092 0.006798596837 cfg1 2 1 0 0 na na
10 65286.483350288667 0.006797780521 cfg1 2 1 0 0 na na
10 65286.589350340265 0.006796950631 cfg1 2 1 0 0 na na
10 65286.655350322037 0.006796423187 cfg1 2 1 0 0 na na
10 65286.662350257623 0.006796373396 cfg1 2 1 0 0 na na
10 65286.702350295283 0.006796060347 cfg1 2 1 0 0 na na
10 65286.731350329065 0.006795821463 cfg1 2 1 0 0 na na
10 65286.848350312031 0.006794922099 cfg1 2 1 0 0 na na
10 65286.860350265854 0.006794829797 cfg1 2 1 0 0 na na
10 65286.895350294506 0.006794557062 cfg1 2 1 0 0 na na
10 65286.957350318320 0.006794076640 cfg1 2 2 0 0 na na
10 65286.958350360413 0.006794068937 cfg1 2 2 0 0 na na
10 65286.969350326025 0.006793983747 cfg1 2 2 0 0 na na
10 65287.163350385288 0.006792475936 cfg1 2 1 0 0 na na
10 65287.218350312653 0.006792067815 cfg1 2 1 0 0 na na
10 65287.309350266696 0.006791355158 cfg1 2 1 0 0 na na
10 65287.380350319195 0.006790831849 cfg1 2 2 0 0 na na
10 65287.432350319673 0.006790436892 cfg1 2 2 0 0 na na
10 65287.439350347918 0.006790389032 cfg1 2 1 0 0 na na
10 65287.486350330526 0.006790020181 cfg1 2 1 0 0 na na
10 65287.491350296801 0.006789989819 cfg1 2 2 0 0 na na
10 65287.496350345875 0.006789952092 cfg1 2 1 0 0 na na
10 65287.497350314754 0.006789944375 cfg1 2 2 0 0 na na
10 65287.567350280046 0.006789415576 cfg1 2 2 0 0 na na
10 65287.611350263978 0.006789067757 cfg1 2 1 0 0 na na
10 65287.798350335452 0.006787689359 cfg1 2 1 0 0 na na
10 65287.814350378031 0.006787562118 cfg1 2 1 0 0 na na
10 65287.863350305714 0.006787196766 cfg1 2 2 0 0 na na
10 65287.912350341902 0.006786832160 cfg1 2 2 0 0 na na
10 65287.965350326606 0.006786438651 cfg1 2 2 0 0 na na
10 65288.024350278001 0.006786001646 cfg1 2 2 0 0 na na
10 65288.028350338739 0.006785956724 cfg1 2 1 0 0 na na
10 65288.058350285946 0.006785750356 cfg1 2 2 0 0 na na
10 65288.085350340764 0.006785551012 cfg1 2 2 0 0 na na
10 65288.099350337732 0.006785447794 cfg1 2 2 0 0 na na
10 65288.216350310005 0.006784587318 cfg1 2 2 0 0 na na
10 65288.362350346292 0.006783519782 cfg1 2 1 0 0 na na
10 65288.387350335545 0.006783337580 cfg1 2 2 0 0 na na
10 65288.426350273216 0.006783053967 cfg1 2 1 0 0 na na
10 65288.427350333228 0.006783046590 cfg1 2 2 0 0 na na
10 65288.457350263549 0.006782828704 cfg1 2 2 0 0 na na
10 65288.471350294939 0.006782727143 cfg1 2 2 0 0 na na
10 65288.492350296911 0.006782574896 cfg1 2 2 0 0 na na
10 65288.514350261160 0.006782415533 cfg1 2 2 0 0 na na
10 65288.546350358068 0.006782183987 cfg1 2 2 0 0 na na
10 65288.556350385843 0.006782111762 cfg1 2 2 0 0 na na
10 65288.600350318426 0.006781793993 cfg1 2 2 0 0 na na
10 65288.630350330503 0.006781577871 cfg1 2 2 0 0 na na
10 65288.740350298273 0.006780787385 cfg1 2 2 0 0 na na
10 65288.744350348074 0.006780759522 cfg1 2 1 0 0 na na
10 65288.773350267668 0.006780551156 cfg1 2 2 0 0 na na
10 65288.782350263148 0.006780468871 cfg1 2 1 0 0 na na
10 65288.815350345665 0.006780250773 cfg1 2 2 0 0 na na
10 65288.871350377990 0.006779851203 cfg1 2 2 0 0 na na
10 65288.916350259711 0.006779530948 cfg1 2 2 0 0 na na
10 65288.945350253782 0.006779324880 cfg1 2 2 0 0 na na
10 65288.946350337244 0.006779317822 cfg1 2 2 0 0 na na
10 65288.999350312975 0.006778941889 cfg1 2 2 0 0 na na
10 65289.002350261187 0.006778920606 cfg1 2 2 0 0 na na
10 65289.008350301093 0.006778878215 cfg1 2 1 0 0 na na
10 65289.152350336429 0.006777861763 cfg1 2 2 0 0 na na
10 65289.171350292713 0.006777728125 cfg1 2 2 0 0 na na
10 65289.215350255811 0.006777420341 cfg1 2 1 0 0 na na
10 65289.324350258182 0.006776648709 cfg1 2 1 0 0 na na
10 65289.436350261280 0.006775876781 cfg1 2 1 0 0 na na
10 65289.471350279729 0.006775633929 cfg1 2 2 0 0 na na
10 65289.552350365324 0.006775073771 cfg1 2 1 0 0 na na
10 65289.572350365025 0.006774935365 cfg1 2 2 0 0 na na
10 65289.610350353602 0.006774673437 cfg1 2 2 0 0 na na
10 65289.676350362102 0.006774219508 cfg1 2 2 0 0 na na
10 65289.704350292505 0.006774027389 cfg1 2 2 0 0 na na
10 65289.712350342320 0.006773972530 cfg1 2 2 0 0 na na
10 65289.727350351944 0.006773864055 cfg1 2 1 0 0 na na
10 65289.768350350101 0.006773589194 cfg1 2 2 0 0 na na
10 65289.795350346727 0.006773396543 cfg1 2 1 0 0 na na
10 65289.954350302541 0.006772321249 cfg1 2 1 0 0 na na
10 65290.046350337608 0.006771701039 cfg1 2 2 0 0 na na
10 65290.087350353167 0.006771424639 cfg1 2 2 0 0 na na
10 65290.097350275018 0.006771357285 cfg1 2 2 0 0 na na
10 65290.117350282266 0.006771222741 cfg1 2 2 0 0 na na
10 65290.139350294188 0.006771074973 cfg1 2 2 0 0 na na
10 65290.156350337643 0.006770960752 cfg1 2 2 0 0 na na
10 65290.191350291944 0.006770726144 cfg1 2 1 0 0 na na
10 65290.200350266732 0.006770665761 cfg1 2 2 0 0 na na
10 65290.207350378516 0.006770618871 cfg1 2 2 0 0 na na
10 65290.227350294517 0.006770485912 cfg1 2 1 0 0 na na
10 65290.270350301911 0.006770184556 cfg1 2 1 0 0 na na
10 65290.274350275934 0.006770171079 cfg1 2 2 0 0 na na
10 65290.321350310148 0.006769857769 cfg1 2 2 0 0 na na
10 65290.512350320427 0.006768592618 cfg1 2 1 0 0 na na
10 65290.624350305767 0.006767855047 cfg1 2 2 0 0 na na
10 65290.636350293203 0.006767776381 cfg1 2 2 0 0 na na
10 65290.641350297205 0.006767740757 cfg1 2 2 0 0 na na
10 65290.647350289268 0.006767695195 cfg1 2 1 0 0 na na
10 65290.653350344115 0.006767664967 cfg1 2 2 0 0 na na
10 65290.655350307392 0.006767651981 cfg1 2 1 0 0 na na
10 65290.717350299395 0.006767246363 cfg1 2 2 0 0 na na
10 65290.803350291143 0.006766685941 cfg1 2 2 0 0 na na
10 65290.898350286199 0.006766069621 cfg1 2 2 0 0 na na
10 65290.929350294378 0.006765869131 cfg1 2 2 0 0 na na
10 65290.975350342328 0.006765572235 cfg1 2 2 0 0 na na
10 65291.000350328265 0.006765411316 cfg1 2 1 0 0 na na
10 65291.014350314899 0.006765321020 cfg1 2 2 0 0 na na
10 65291.040350343918 0.006765144456 cfg1 2 1 0 0 na na
10 65291.046350294774 0.006765115341 cfg1 2 2 0 0 na na
10 65291.160350313491 0.006764385012 cfg1 2 2 0 0 na na
10 65291.172350307432 0.006764308416 cfg1 2 2 0 0 na na
10 65291.177350350994 0.006764278279 cfg1 2 1 0 0 na na
10 65291.207350261414 0.006764085178 cfg1 2 2 0 0 na na
10 65291.367350255321 0.006763069860 cfg1 2 2 0 0 na na
10 65291.447350303916 0.006762565212 cfg1 2 2 0 0 na na
10 65291.527350287243 0.006762063290 cfg1 2 1 0 0 na na
10 65291.556350311931 0.006761881087 cfg1 2 2 0 0 na na
10 65291.669350306575 0.006761175874 cfg1 2 2 0 0 na na
10 65291.743350328605 0.006760716347 cfg1 2 1 0 0 na na
10 65291.759350286161 0.006760617161 cfg1 2 2 0 0 na na
10 65291.846350328387 0.006760079627 cfg1 2 2 0 0 na na
10 65292.014350316649 0.006759048440 cfg1 2 2 0 0 na na
10 65292.080350287780 0.006758645829 cfg1 2 2 0 0 na na
10 65292.087350294856 0.006758603176 cfg1 2 2 0 0 na na
10 65292.141350298279 0.006758274985 cfg1 2 2 0 0 na na
10 65292.155350332883 0.006758190011 cfg1 2 2 0 0 na na
10 65292.157350253143 0.006758177921 cfg1 2 2 0 0 na na
10 65292.172350351556 0.006758086939 cfg1 2 2 0 0 na na
10 65292.271350255495 0.006757488662 cfg1 2 2 0 0 na na
10 65292.283350287952 0.006757416357 cfg1 2 2 0 0 na na
10 65292.315350331307 0.006757223777 cfg1 2 2 0 0 na na
10 65292.345350313056 0.006757043554 cfg1 2 2 0 0 na na
10 65292.367350308344 0.006756911536 cfg1 2 2 0 0 na na
10 65292.377350286455 0.006756851591 cfg1 2 2 0 0 na na
10 65292.422350234730 0.006756592233 cfg1 2 1 0 0 na na
10 65292.423350280380 0.006756576337 cfg1 2 2 0 0 na na
10 65292.537350306867 0.006755897054 cfg1 2 1 0 0 na na
10 65292.558350326508 0.006755772183 cfg1 2 2 0 0 na na
10 65292.561350291682 0.006755754450 cfg1 2 2 0 0 na na
10 65292.621350337205 0.006755399005 cfg1 2 2 0 0 na na
10 65292.628350318733 0.006755357689 cfg1 2 2 0 0 na na
10 65292.637350333908 0.006755304487 cfg1 2 2 0 0 na na
10 65292.693350371906 0.006754974092 cfg1 2 2 0 0 na na
10 65292.699350344437 0.006754939035 cfg1 2 1 0 0 na na
10 65292.715350364985 0.006754844622 cfg1 2 2 0 0 na na
10 65292.935350370207 0.006753558168 cfg1 2 2 0 0 na na
10 65292.973350331187 0.006753337637 cfg1 2 2 0 0 na na
10 65293.185350382672 0.006752117102 cfg1 2 1 0 0 na na
10 65293.371350370234 0.006751055290 cfg1 2 1 0 0 na na
10 65293.401350380792 0.006750885354 cfg1 2 2 0 0 na na
10 65293.402350277623 0.006750881832 cfg1 2 1 0 0 na na
10 65293.434350272866 0.006750698700 cfg1 2 2 0 0 na na
10 65293.475350328862 0.006750467425 cfg1 2 2 0 0 na na
10 65293.488350302574 0.006750394183 cfg1 2 2 0 0 na na
10 65293.532350279582 0.006750146712 cfg1 2 2 0 0 na na
10 65293.579350318627 0.006749883045 cfg1 2 2 0 0 na na
10 65293.599350326470 0.006749766286 cfg1 2 1 0 0 na na
10 65293.684350310764 0.006749296552 cfg1 2 2 0 0 na na
10 65293.692350264037 0.006749252029 cfg1 2 2 0 0 na na
10 65293.705350301382 0.006749179720 cfg1 2 2 0 0 na na
10 65293.735350335855 0.006749013126 cfg1 2 2 0 0 na na
10 65293.739350303630 0.006748990877 cfg1 2 2 0 0 na na
10 65293.759350325505 0.006748879988 cfg1 2 2 0 0 na na
10 65293.763350326702 0.006748857846 cfg1 2 2 0 0 na na
10 65293.777350313836 0.006748780871 cfg1 2 1 0 0 na na
10 65293.786350321050 0.006748730357 cfg1 2 2 0 0 na na
10 65293.801350263193 0.006748647436 cfg1 2 2 0 0 na na
10 65293.802350268030 0.006748641810 cfg1 2 2 0 0 na na
10 65293.891350332493 0.006748151089 cfg1 2 2 0 0 na na
10 65293.895350286280 0.006748129129 cfg1 2 2 0 0 na na
10 65293.929350336204 0.006747942294 cfg1 2 2 0 0 na na
10 65293.931350344718 0.006747931322 cfg1 2 2 0 0 na na
10 65293.943350279941 0.006747865454 cfg1 2 2 0 0 na na
10 65293.951350267844 0.006747821694 cfg1 2 2 0 0 na na
10 65294.007350279842 0.006747515259 cfg1 2 2 0 0 na na
10 65294.160350317224 0.006746683203 cfg1 2 2 0 0 na na
10 65294.189350283839 0.006746526410 cfg1 2 2 0 0 na na
10 65294.261350306836 0.006746138284 cfg1 2 2 0 0 na na
10 65294.359350337846 0.006745612572 cfg1 2 2 0 0 na na
10 65294.363350249975 0.006745591269 cfg1 2 2 0 0 na na
10 65294.474350265718 0.006744999759 cfg1 2 2 0 0 na na
10 65294.487350317199 0.006744931396 cfg1 2 1 0 0 na na
10 65294.493350311544 0.006744898918 cfg1 2 2 0 0 na na
10 65294.575350349417 0.006744465135 cfg1 2 2 0 0 na na
10 65294.619350315529 0.006744233203 cfg1 2 2 0 0 na na
10 65294.624350323730 0.006744206977 cfg1 2 2 0 0 na na
10 65294.662350255747 0.006744007314 cfg1 2 2 0 0 na na
10 65294.710350312150 0.006743755722 cfg1 2 2 0 0 na na
10 65294.722350350679 0.006743700978 cfg1 2 1 0 0 na na
10 65294.728350282345 0.006743661600 cfg1 2 2 0 0 na na
10 65294.760350320921 0.006743494434 cfg1 2 2 0 0 na na
10 65294.816350312091 0.006743202798 cfg1 2 2 0 0 na na
10 65294.821350287609 0.006743176815 cfg1 2 2 0 0 na na
10 65294.847350258147 0.006743041811 cfg1 2 2 0 0 na na
10 65294.876350286662 0.006742891488 cfg1 2 2 0 0 na na
10 65294.880350250553 0.006742870698 cfg1 2 2 0 0 na na
10 65294.901350314061 0.006742750028 cfg1 2 1 0 0 na na
10 65294.929350317724 0.006742617507 cfg1 2 2 0 0 na na
10 65294.938350310906 0.006742571062 cfg1 2 2 0 0 na na
10 65294.973350361266 0.006742390739 cfg1 2 2 0 0 na na
10 65295.026350340488 0.006742118278 cfg1 2 2 0 0 na na
10 65295.052350264754 0.006741985109 cfg1 2 2 0 0 na na
10 65295.078350308731 0.006741856938 cfg1 2 1 0 0 na na
10 65295.092350259812 0.006741780568 cfg1 2 2 0 0 na na
10 65295.125350311230 0.006741612063 cfg1 2 2 0 0 na na
10 65295.146350308804 0.006741505083 cfg1 2 2 0 0 na na
10 65295.158350294312 0.006741444003 cfg1 2 2 0 0 na na
10 65295.171350265110 0.006741377940 cfg1 2 2 0 0 na na
10 65295.175350297139 0.006741357597 cfg1 2 2 0 0 na na
10 65295.226350288311 0.006741089106 cfg1 2 1 0 0 na na
10 65295.227350286118 0.006741093828 cfg1 2 2 0 0 na na
10 65295.272350322247 0.006740866306 cfg1 2 2 0 0 na na
10 65295.323350289104 0.006740609329 cfg1 2 1 0 0 na na
10 65295.331350323655 0.006740554035 cfg1 2 1 0 0 na na
10 65295.337350301224 0.006740539125 cfg1 2 1 0 0 na na
10 65295.339350327483 0.006740528783 cfg1 2 2 0 0 na na
10 65295.351350278492 0.006740468433 cfg1 2 2 0 0 na na
10 65295.352350325913 0.006740463462 cfg1 2 2 0 0 na na
10 65295.357350298925 0.006740438282 cfg1 2 2 0 0 na na
10 65295.414350311324 0.006740152592 cfg1 2 2 0 0 na na
10 65295.452350324655 0.006739966512 cfg1 2 1 0 0 na na
10 65295.475350303690 0.006739847973 cfg1 2 2 0 0 na na
10 65295.479350323748 0.006739814731 cfg1 2 1 0 0 na na
10 65295.487350311049 0.006739786023 cfg1 2 1 0 0 na na
10 65295.510350290323 0.006739673764 cfg1 2 2 0 0 na na
10 65295.525350272826 0.006739599289 cfg1 2 2 0 0 na na
10 65295.593350281317 0.006739262259 cfg1 2 2 0 0 na na
10 65295.625350282494 0.006739104267 cfg1 2 2 0 0 na na
10 65295.660350301318 0.006738931787 cfg1 2 2 0 0 na na
10 65295.686350320948 0.006738803838 cfg1 2 2 0 0 na na
10 65295.867350266590 0.006737917116 cfg1 2 1 0 0 na na
10 65295.980350314606 0.006737373259 cfg1 2 2 0 0 na na
10 65296.086350299011 0.006736875000 cfg1 2 1 0 0 na na
10 65296.149350289779 0.006736563739 cfg1 2 2 0 0 na na
10 65296.212350363067 0.006736264419 cfg1 2 2 0 0 na na
10 65296.252350324902 0.006736074966 cfg1 2 2 0 0 na na
10 65296.255350328708 0.006736060842 cfg1 2 1 0 0 na na
10 65296.292350377177 0.006735886167 cfg1 2 1 0 0 na na
10 65296.312350332434 0.006735791852 cfg1 2 2 0 0 na na
10 65296.313350301178 0.006735787155 cfg1 2 2 0 0 na na
10 65296.336350288707 0.006735684327 cfg1 2 1 0 0 na na
10 65296.413350301173 0.006735318011 cfg1 2 1 0 0 na na
10 65296.416350262842 0.006735303907 cfg1 2 2 0 0 na na
10 65296.541350326664 0.006734722104 cfg1 2 2 0 0 na na
10 65296.560350320292 0.006734634142 cfg1 2 2 0 0 na na
10 65296.568350252961 0.006734597110 cfg1 2 2 0 0 na na
10 65296.576350357321 0.006734560197 cfg1 2 2 0 0 na na
10 65296.591350351242 0.006734490883 cfg1 2 2 0 0 na na
10 65296.633350350527 0.006734297214 cfg1 2 2 0 0 na na
10 65296.683350259009 0.006734067423 cfg1 2 2 0 0 na na
10 65296.778350286308 0.006733633108 cfg1 2 2 0 0 na na
10 65296.792350300545 0.006733569394 cfg1 2 2 0 0 na na
10 65296.894350279998 0.006733106762 cfg1 2 2 0 0 na na
10 65296.897350302298 0.006733093269 cfg1 2 2 0 0 na na
10 65296.915350364005 0.006733012020 cfg1 2 2 0 0 na na
10 65297.034350314945 0.006732477494 cfg1 2 2 0 0 na na
10 65297.073350320620 0.006732294244 cfg1 2 1 0 0 na na
10 65297.109350316954 0.006732143005 cfg1 2 2 0 0 na na
10 65297.243350319577 0.006731549972 cfg1 2 2 0 0 na na
10 65297.277350350188 0.006731400418 cfg1 2 2 0 0 na na
10 65297.287350318328 0.006731345680 cfg1 2 1 0 0 na na
10 65297.339350323783 0.006731123154 cfg1 2 1 0 0 na na
10 65297.387350302299 0.006730919300 cfg1 2 2 0 0 na na
10 65297.500350330808 0.006730426539 cfg1 2 1 0 0 na na
10 65297.503350332029 0.006730407942 cfg1 2 1 0 0 na na
10 65297.595350325988 0.006730020558 cfg1 2 1 0 0 na na
10 65297.706350292717 0.006729546835 cfg1 2 1 0 0 na na
10 65297.895350361436 0.006728748656 cfg1 2 2 0 0 na na
10 65297.922350339035 0.006728635719 cfg1 2 2 0 0 na na
10 65298.217350368359 0.006727416840 cfg1 2 2 0 0 na na
10 65298.219350385922 0.006727408648 cfg1 2 2 0 0 na na
10 65298.252350435030 0.006727274103 cfg1 2 2 0 0 na na
10 65298.295350356276 0.006727088507 cfg1 2 1 0 0 na na
10 65298.348350365529 0.006726884759 cfg1 2 2 0 0 na na
10 65298.366350361759 0.006726805491 cfg1 2 1 0 0 na na
10 65298.376350355504 0.006726771736 cfg1 2 2 0 0 na na
10 65298.413350272656 0.006726622845 cfg1 2 2 0 0 na na
10 65298.508350321136 0.006726242543 cfg1 2 2 0 0 na na
10 65298.692350341150 0.006725514434 cfg1 2 2 0 0 na na
10 65298.755350308302 0.006725267655 cfg1 2 2 0 0 na na
10 65298.803350346446 0.006725080579 cfg1 2 2 0 0 na na
10 65298.908350356783 0.006724673919 cfg1 2 1 0 0 na na
10 65298.940350322890 0.006724550669 cfg1 2 1 0 0 na na
10 65298.962350382443 0.006724466082 cfg1 2 2 0 0 na na
10 65298.990350289095 0.006724358826 cfg1 2 1 0 0 na na
10 65299.099350265150 0.006723943964 cfg1 2 1 0 0 na na
10 65299.176350299476 0.006723652327 cfg1 2 1 0 0 na na
10 65299.216350336933 0.006723501884 cfg1 2 1 0 0 na na
10 65299.243350284509 0.006723400643 cfg1 2 1 0 0 na na
10 65299.244350325277 0.006723396928 cfg1 2 1 0 0 na na
10 65299.259350332116 0.006723340755 cfg1 2 1 0 0 na na
10 65299.281350327110 0.006723258517 cfg1 2 1 0 0 na na
10 65299.286350304601 0.006723239900 cfg1 2 1 0 0 na na
10 65299.338350341272 0.006723039477 cfg1 2 1 0 0 na na
10 65299.354350303189 0.006722986866 cfg1 2 1 0 0 na na
10 65299.366350357041 0.006722942461 cfg1 2 1 0 0 na na
10 65299.382350325875 0.006722883179 cfg1 2 1 0 0 na na
10 65299.386350312690 0.006722868393 cfg1 2 1 0 0 na na
10 65299.396350304301 0.006722831441 cfg1 2 1 0 0 na na
10 65299.426350302069 0.006722720744 cfg1 2 1 0 0 na na
10 65299.508350282983 0.006722419662 cfg1 2 1 0 0 na na
10 65299.527350334241 0.006722350198 cfg1 2 1 0 0 na na
10 65299.558350324780 0.006722237537 cfg1 2 1 0 0 na na
10 65299.561350254192 0.006722226190 cfg1 2 1 0 0 na na
10 65299.565350337048 0.006722208032 cfg1 2 1 0 0 na na
10 65299.586350292997 0.006722135330 cfg1 2 1 0 0 na na
10 65299.592350373895 0.006722113558 cfg1 2 1 0 0 na na
10 65299.605350306037 0.006722066350 cfg1 2 1 0 0 na na
10 65299.610350331913 0.006722048239 cfg1 2 1 0 0 na na
10 65299.622350293020 0.006722004705 cfg1 2 1 0 0 na na
10 65299.631350272248 0.006721972203 cfg1 2 1 0 0 na na
10 65299.639350243739 0.006721943072 cfg1 2 1 0 0 na na
10 65299.659350319635 0.006721867517 cfg1 2 1 0 0 na na
10 65299.705350291730 0.006721705395 cfg1 2 1 0 0 na na
10 65299.723350265384 0.006721641196 cfg1 2 1 0 0 na na
10 65299.745350332233 0.006721561937 cfg1 2 1 0 0 na na
10 65299.755350301551 0.006721526178 cfg1 2 1 0 0 na na
10 65299.782350303030 0.006721429753 cfg1 2 1 0 0 na na
10 65299.926350311712 0.006720919507 cfg1 2 1 0 0 na na
10 65299.971350347403 0.006720761273 cfg1 2 1 0 0 na na
10 65299.974350367066 0.006720750770 cfg1 2 1 0 0 na na
10 65299.988350315928 0.006720701793 cfg1 2 1 0 0 na na
10 65299.998350290809 0.006720666738 cfg1 2 1 0 0 na na
10 65300.007350303377 0.006720635456 cfg1 2 1 0 0 na na
10 65300.037350307600 0.006720530633 cfg1 2 1 0 0 na na
10 65300.077350329375 0.006720391551 cfg1 2 1 0 0 na na
10 65300.078350318333 0.006720388317 cfg1 2 1 0 0 na na
10 65300.112350323548 0.006720273083 cfg1 2 1 0 0 na na
10 65300.126350357656 0.006720221990 cfg1 2 1 0 0 na na
10 65300.184350321689 0.006720022180 cfg1 2 1 0 0 na na
10 65300.298350321296 0.006719633216 cfg1 2 1 0 0 na na
10 65300.329350270714 0.006719527599 cfg1 2 1 0 0 na na
10 65300.343350362142 0.006719480714 cfg1 2 1 0 0 na na
10 65300.440350351558 0.006719149355 cfg1 2 1 0 0 na na
10 65300.474350255462 0.006719039826 cfg1 2 1 0 0 na na
10 65300.509350303614 0.006718923214 cfg1 2 1 0 0 na na
10 65300.599350313375 0.006718625111 cfg1 2 1 0 0 na na
10 65300.677350264059 0.006718347650 cfg1 2 1 0 0 na na
10 65300.692350358782 0.006718319727 cfg1 2 2 0 0 na na
10 65300.699350318141 0.006718296890 cfg1 2 2 0 0 na na
10 65300.709350319728 0.006718264380 cfg1 2 1 0 0 na na
10 65300.764350366817 0.006718085411 cfg1 2 2 0 0 na na
10 65300.912350364257 0.006717608914 cfg1 2 1 0 0 na na
10 65300.936350288386 0.006717532373 cfg1 2 2 0 0 na na
10 65300.959350355330 0.006717459191 cfg1 2 2 0 0 na na
10 65300.980350285307 0.006717392450 cfg1 2 1 0 0 na na
10 65301.017350279534 0.006717271086 cfg1 2 1 0 0 na na
10 65301.059350309649 0.006717143006 cfg1 2 2 0 0 na na
10 65301.062350323497 0.006717133463 cfg1 2 1 0 0 na na
10 65301.110350315956 0.006716982878 cfg1 2 1 0 0 na na
10 65301.114350305810 0.006716970398 cfg1 2 2 0 0 na na
10 65301.127350271810 0.006716930348 cfg1 2 1 0 0 na na
10 65301.215350325358 0.006716642959 cfg1 2 1 0 0 na na
10 65301.267350268431 0.006716495664 cfg1 2 2 0 0 na na
10 65301.270350349345 0.006716486470 cfg1 2 2 0 0 na na
10 65301.389350324314 0.006716122685 cfg1 2 2 0 0 na na
10 65301.473350329996 0.006715868754 cfg1 2 2 0 0 na na
10 65301.551350285248 0.006715635077 cfg1 2 2 0 0 na na
10 65301.572350289006 0.006715572494 cfg1 2 2 0 0 na na
10 65301.584350273765 0.006715536776 cfg1 2 2 0 0 na na
10 65301.643350281826 0.006715362052 cfg1 2 2 0 0 na na
10 65301.724350338134 0.006715123927 cfg1 2 2 0 0 na na
10 65301.733350337742 0.006715097623 cfg1 2 2 0 0 na na
10 65301.756350297621 0.006715030512 cfg1 2 2 0 0 na na
10 65301.801350294891 0.006714899653 cfg1 2 2 0 0 na na
10 65301.838350274570 0.006714792440 cfg1 2 2 0 0 na na
10 65302.001350350633 0.006714326213 cfg1 2 2 0 0 na na
10 65302.055350308623 0.006714162918 cfg1 2 1 0 0 na na
10 65302.458350315769 0.006713065312 cfg1 2 2 0 0 na na
10 65302.516350297098 0.006712910205 cfg1 2 1 0 0 na na
10 65302.562350311930 0.006712788080 cfg1 2 2 0 0 na na
10 65302.585350306009 0.006712727187 cfg1 2 2 0 0 na na
10 65302.624350317165 0.006712624458 cfg1 2 2 0 0 na na
10 65302.692350346516 0.006712446564 cfg1 2 2 0 0 na na
10 65302.802350284036 0.006712161890 cfg1 2 2 0 0 na na
10 65302.825350296018 0.006712102956 cfg1 2 2 0 0 na na
10 65302.835350324598 0.006712077374 cfg1 2 2 0 0 na na
10 65302.888350298724 0.006711942228 cfg1 2 2 0 0 na na
10 65302.909350285759 0.006711888961 cfg1 2 2 0 0 na na
10 65302.935350314189 0.006711823127 cfg1 2 2 0 0 na na
10 65302.968350355753 0.006711745391 cfg1 2 1 0 0 na na
10 65303.034350356316 0.006711574782 cfg1 2 2 0 0 na na
10 65303.050350315046 0.006711534945 cfg1 2 2 0 0 na na
10 65303.055350345859 0.006711522511 cfg1 2 2 0 0 na na
10 65303.153350315583 0.006711280614 cfg1 2 2 0 0 na na
10 65303.165350327586 0.006711251145 cfg1 2 2 0 0 na na
10 65303.182350292048 0.006711209532 cfg1 2 2 0 0 na na
10 65303.233350276431 0.006711085490 cfg1 2 2 0 0 na na
10 65303.269350333166 0.006710998270 cfg1 2 2 0 0 na na
10 65303.296350312993 0.006710933178 cfg1 2 2 0 0 na na
10 65303.368350329812 0.006710760789 cfg1 2 2 0 0 na na
10 65303.478350327830 0.006710500905 cfg1 2 2 0 0 na na
10 65303.500350311199 0.006710449331 cfg1 2 2 0 0 na na
10 65303.543350399934 0.006710349102 cfg1 2 2 0 0 na na
10 65303.574350290594 0.006710277620 cfg1 2 1 0 0 na na
10 65303.594350285423 0.006710241216 cfg1 2 1 0 0 na na
10 65303.642350331810 0.006710120738 cfg1 2 2 0 0 na na
10 65303.684350312092 0.006710024946 cfg1 2 2 0 0 na na
10 65303.715350303953 0.006709954357 cfg1 2 2 0 0 na na
10 65303.720350283644 0.006709943025 cfg1 2 2 0 0 na na
10 65303.756350302874 0.006709861683 cfg1 2 1 0 0 na na
10 65303.758350271657 0.006709857289 cfg1 2 2 0 0 na na
10 65303.780350325710 0.006709807706 cfg1 2 1 0 0 na na
10 65303.815350317909 0.006709737992 cfg1 2 1 0 0 na na
10 65303.873350319326 0.006709600369 cfg1 2 2 0 0 na na
10 65303.913350308001 0.006709512721 cfg1 2 1 0 0 na na
10 65303.939350309387 0.006709454975 cfg1 2 2 0 0 na na
10 65303.949350345160 0.006709444566 cfg1 2 1 0 0 na na
10 65303.999350328098 0.006709324059 cfg1 2 2 0 0 na na
10 65304.035350313901 0.006709246098 cfg1 2 2 0 0 na na
10 65304.054350277312 0.006709205127 cfg1 2 2 0 0 na na
10 65304.089350393783 0.006709130487 cfg1 2 1 0 0 na na
10 65304.253350326322 0.006708782939 cfg1 2 2 0 0 na na
10 65304.275350379986 0.006708737120 cfg1 2 2 0 0 na na
10 65304.304350262158 0.006708676861 cfg1 2 2 0 0 na na
10 65304.339350296109 0.006708604978 cfg1 2 1 0 0 na na
10 65304.382350305772 0.006708516361 cfg1 2 2 0 0 na na
10 65304.413350377229 0.006708453118 cfg1 2 2 0 0 na na
10 65304.434350343919 0.006708410462 cfg1 2 2 0 0 na na
10 65304.786350309882 0.006707717160 cfg1 2 2 0 0 na na
10 65304.830350297998 0.006707633355 cfg1 2 2 0 0 na na
10 65304.842350284869 0.006707608348 cfg1 2 1 0 0 na na
10 65304.869350327362 0.006707560546 cfg1 2 1 0 0 na na
10 65304.880350348958 0.006707539401 cfg1 2 1 0 0 na na
10 65304.945350333238 0.006707417522 cfg1 2 2 0 0 na na
10 65305.044350344044 0.006707235163 cfg1 2 2 0 0 na na
10 65305.067350320271 0.006707193234 cfg1 2 2 0 0 na na
10 65305.069350328739 0.006707189589 cfg1 2 2 0 0 na na
10 65305.099350282668 0.006707135212 cfg1 2 2 0 0 na na
10 65305.161350325720 0.006707023797 cfg1 2 2 0 0 na na
10 65305.203350323172 0.006706949070 cfg1 2 2 0 0 na na
10 65305.212350354125 0.006706933144 cfg1 2 2 0 0 na na
10 65305.214350312264 0.006706929621 cfg1 2 2 0 0 na na
10 65305.255350343891 0.006706857321 cfg1 2 2 0 0 na na
10 65305.256350318550 0.006706855640 cfg1 2 2 0 0 na na
10 65305.300350289889 0.006706778642 cfg1 2 2 0 0 na na
10 65305.305350345019 0.006706769940 cfg1 2 2 0 0 na na
10 65305.321350361642 0.006706742164 cfg1 2 2 0 0 na na
10 65305.338350385350 0.006706712763 cfg1 2 2 0 0 na na
10 65305.509350306024 0.006706428369 cfg1 2 1 0 0 na na
10 65305.516350363150 0.006706410441 cfg1 2 2 0 0 na na
10 65305.641350312423 0.006706204450 cfg1 2 2 0 0 na na
10 65305.648350336821 0.006706193091 cfg1 2 2 0 0 na na
10 65305.697350325423 0.006706107381 cfg1 2 1 0 0 na na
10 65305.713350321590 0.006706088183 cfg1 2 2 0 0 na na
10 65305.716350302151 0.006706083419 cfg1 2 2 0 0 na na
10 65305.717350327210 0.006706081739 cfg1 2 2 0 0 na na
10 65305.867350310115 0.006705845556 cfg1 2 2 0 0 na na
10 65305.879350244615 0.006705827295 cfg1 2 1 0 0 na na
10 65305.980350297148 0.006705671947 cfg1 2 2 0 0 na na
10 65306.000350316882 0.006705641668 cfg1 2 2 0 0 na na
10 65306.079350311246 0.006705523666 cfg1 2 2 0 0 na na
10 65306.093350315973 0.006705502879 cfg1 2 2 0 0 na na
10 65306.099350322382 0.006705494078 cfg1 2 2 0 0 na na
10 65306.105350291920 0.006705485190 cfg1 2 2 0 0 na na
10 65306.143350359112 0.006705429421 cfg1 2 2 0 0 na na
10 65306.159350312713 0.006705406314 cfg1 2 2 0 0 na na
10 65306.280350334382 0.006705232457 cfg1 2 2 0 0 na na
10 65306.371350270255 0.006705105096 cfg1 2 2 0 0 na na
10 65306.402350341938 0.006705062360 cfg1 2 2 0 0 na na
10 65306.572350310655 0.006704833495 cfg1 2 2 0 0 na na
10 65306.604350333488 0.006704791496 cfg1 2 2 0 0 na na
10 65306.624350337494 0.006704770274 cfg1 2 1 0 0 na na
10 65306.639350295377 0.006704745675 cfg1 2 1 0 0 na na
10 65306.677350332288 0.006704702108 cfg1 2 1 0 0 na na
10 65306.773350261574 0.006704575290 cfg1 2 2 0 0 na na
10 65306.777350297436 0.006704570318 cfg1 2 2 0 0 na na
10 65306.794350302563 0.006704549092 cfg1 2 2 0 0 na na
10 65306.849350310327 0.006704481218 cfg1 2 2 0 0 na na
10 65306.851350295928 0.006704478815 cfg1 2 2 0 0 na na
10 65306.907350260631 0.006704410681 cfg1 2 2 0 0 na na
10 65306.911350301408 0.006704405908 cfg1 2 2 0 0 na na
10 65306.981350290808 0.006704322287 cfg1 2 2 0 0 na na
10 65306.997350370639 0.006704303456 cfg1 2 2 0 0 na na
10 65307.025350313359 0.006704270627 cfg1 2 2 0 0 na na
10 65307.069350318391 0.006704219635 cfg1 2 2 0 0 na na
10 65307.086350321758 0.006704200053 cfg1 2 2 0 0 na na
10 65307.087350280997 0.006704198944 cfg1 2 2 0 0 na na
10 65307.129350328002 0.006704150956 cfg1 2 1 0 0 na na
10 65307.185350381886 0.006704088177 cfg1 2 2 0 0 na na
10 65307.208350320355 0.006704062565 cfg1 2 2 0 0 na na
10 65307.312350334622 0.006703949284 cfg1 2 1 0 0 na na
10 65307.399350382218 0.006703863632 cfg1 2 1 0 0 na na
10 65307.448350328798 0.006703794686 cfg1 2 1 0 0 na na
10 65307.482350297827 0.006703768037 cfg1 2 1 0 0 na na
10 65307.527350262611 0.006703714168 cfg1 2 1 0 0 na na
10 65307.532350343364 0.006703721571 cfg1 2 1 0 0 na na
10 65307.562350331618 0.006703690687 cfg1 2 1 0 0 na na
10 65307.590350390541 0.006703664251 cfg1 2 2 0 0 na na
10 65307.594350307960 0.006703653846 cfg1 2 1 0 0 na na
10 65307.656350318931 0.006703600276 cfg1 2 1 0 0 na na
10 65307.663350324188 0.006703593616 cfg1 2 2 0 0 na na
10 65307.670350318877 0.006703587070 cfg1 2 2 0 0 na na
10 65307.757350295895 0.006703505371 cfg1 2 2 0 0 na na
10 65307.761350329184 0.006703501587 cfg1 2 1 0 0 na na
10 65308.042350312674 0.006703255489 cfg1 2 2 0 0 na na
10 65308.098350324433 0.006703219665 cfg1 2 1 0 0 na na
10 65308.166350336088 0.006703155284 cfg1 2 2 0 0 na na
10 65308.171350350640 0.006703151424 cfg1 2 2 0 0 na na
10 65308.216350352620 0.006703116290 cfg1 2 2 0 0 na na
10 65308.289350395476 0.006703060942 cfg1 2 2 0 0 na na
10 65308.302350317101 0.006703051200 cfg1 2 2 0 0 na na
10 65308.311350331678 0.006703049859 cfg1 2 1 0 0 na na
10 65308.317350284288 0.006703040159 cfg1 2 2 0 0 na na
10 65308.320350274286 0.006703049763 cfg1 2 1 0 0 na na
10 65308.405350305613 0.006702976701 cfg1 2 2 0 0 na na
10 65308.426350267341 0.006702961690 cfg1 2 2 0 0 na na
10 65308.514350342593 0.006702901364 cfg1 2 2 0 0 na na
10 65308.531350311129 0.006702890245 cfg1 2 2 0 0 na na
10 65308.564350346685 0.006702869874 cfg1 2 1 0 0 na na
10 65308.612350321321 0.006702837017 cfg1 2 1 0 0 na na
10 65308.649350277562 0.006702805683 cfg1 2 1 0 0 na na
10 65308.703350294314 0.006702776572 cfg1 2 1 0 0 na na
10 65308.722350312785 0.006702771676 cfg1 2 1 0 0 na na
10 65308.725350300896 0.006702766918 cfg1 2 2 0 0 na na
10 65308.731350329593 0.006702763314 cfg1 2 2 0 0 na na
10 65308.775350337605 0.006702737279 cfg1 2 2 0 0 na na
10 65308.805350309241 0.006702719820 cfg1 2 2 0 0 na na
10 65308.899350329157 0.006702677512 cfg1 2 1 0 0 na na
10 65308.911350348591 0.006702660755 cfg1 2 2 0 0 na na
10 65308.914350333441 0.006702659651 cfg1 2 2 0 0 na na
10 65308.915350320749 0.006702658486 cfg1 2 2 0 0 na na
10 65308.918350355294 0.006702657774 cfg1 2 1 0 0 na na
10 65309.049350370286 0.006702584631 cfg1 2 1 0 0 na na
10 65309.081350298873 0.006702573974 cfg1 2 2 0 0 na na
10 65309.167350342842 0.006702533569 cfg1 2 2 0 0 na na
10 65309.331350269849 0.006702463365 cfg1 2 1 0 0 na na
10 65309.352350261288 0.006702445539 cfg1 2 1 0 0 na na
10 65309.387350297955 0.006702441525 cfg1 2 2 0 0 na na
10 65309.446350328104 0.006702419566 cfg1 2 2 0 0 na na
10 65309.463350311479 0.006702413394 cfg1 2 2 0 0 na na
10 65309.521350293553 0.006702393418 cfg1 2 2 0 0 na na
10 65309.566350314920 0.006702378477 cfg1 2 2 0 0 na na
10 65309.568350315736 0.006702377939 cfg1 2 2 0 0 na na
10 65309.590350310934 0.006702370893 cfg1 2 2 0 0 na na
10 65309.607350376276 0.006702365614 cfg1 2 2 0 0 na na
10 65309.645350278649 0.006702354691 cfg1 2 2 0 0 na na
10 65309.906350326990 0.006702298384 cfg1 2 1 0 0 na na
10 65310.146350356679 0.006702247783 cfg1 2 2 0 0 na na
10 65310.181350273834 0.006702243486 cfg1 2 2 0 0 na na
10 65310.188350247235 0.006702244809 cfg1 2 1 0 0 na na
10 65310.279350341536 0.006702248625 cfg1 2 1 0 0 na na
10 65310.282350289859 0.006702233333 cfg1 2 2 0 0 na na
10 65310.316350278671 0.006702230777 cfg1 2 2 0 0 na na
10 65310.394350318002 0.006702226082 cfg1 2 2 0 0 na na
10 65310.507350305267 0.006702222950 cfg1 2 2 0 0 na na
10 65310.574350282771 0.006702223098 cfg1 2 2 0 0 na na
10 65310.617350372699 0.006702223983 cfg1 2 2 0 0 na na
10 65310.620350279329 0.006702224051 cfg1 2 1 0 0 na na
10 65310.879350308168 0.006702247564 cfg1 2 1 0 0 na na
10 65310.880350338144 0.006702242854 cfg1 2 1 0 0 na na
10 65310.915350293753 0.006702247108 cfg1 2 2 0 0 na na
10 65311.117350294288 0.006702276597 cfg1 2 1 0 0 na na
10 65311.164350305967 0.006702276689 cfg1 2 1 0 0 na na
10 65311.542350371108 0.006702401788 cfg1 2 1 0 0 na na
10 65311.606350292822 0.006702414984 cfg1 2 2 0 0 na na
10 65312.323350316525 0.006702758786 cfg1 2 1 0 0 na na
10 65312.577350347706 0.006702918032 cfg1 2 2 0 0 na na
10 65313.068350368290 0.006703279686 cfg1 2 1 0 0 na na
10 65313.189350348019 0.006703390020 cfg1 2 1 0 0 na na
10 65313.230350277029 0.006703433104 cfg1 2 1 0 0 na na
10 65313.478350338091 0.006703665793 cfg1 2 1 0 0 na na
10 65313.857350325757 0.006704068925 cfg1 2 1 0 0 na na
10 65314.259350314593 0.006704521267 cfg1 2 1 0 0 na na
10 65314.408350332611 0.006704720979 cfg1 2 1 0 0 na na
10 65314.574350273627 0.006704949325 cfg1 2 1 0 0 na na
10 65314.863350300588 0.006705342034 cfg1 2 1 0 0 na na
10 65315.101350334079 0.006705695619 cfg1 2 1 0 0 na na
10 65315.425350308395 0.006706211754 cfg1 2 1 0 0 na na
10 65315.487350301189 0.006706306072 cfg1 2 2 0 0 na na
10 65315.692350311494 0.006706650362 cfg1 2 1 0 0 na na
10 65315.737350361252 0.006706729503 cfg1 2 1 0 0 na na
10 65315.903350304630 0.006707019800 cfg1 2 1 0 0 na na
10 65316.061350308894 0.006707317956 cfg1 2 1 0 0 na na
10 65316.476350331695 0.006708100475 cfg1 2 1 0 0 na na
10 65316.634350342375 0.006708414130 cfg1 2 1 0 0 na na
10 65316.826350311195 0.006708806443 cfg1 2 1 0 0 na na
10 65316.991350269722 0.006709155101 cfg1 2 1 0 0 na na
10 65317.252350309154 0.006709731308 cfg1 2 1 0 0 na na
10 65317.264350353106 0.006709758139 cfg1 2 1 0 0 na na
10 65317.431350319322 0.006710136573 cfg1 2 2 0 0 na na
10 65317.812350337837 0.006711029194 cfg1 2 1 0 0 na na
10 65317.906350362582 0.006711263212 cfg1 2 2 0 0 na na
10 65318.051350328084 0.006711621943 cfg1 2 1 0 0 na na
10 65318.205350323633 0.006712010776 cfg1 2 2 0 0 na na
10 65318.543350324856 0.006712891497 cfg1 2 1 0 0 na na
10 65318.579350284357 0.006712987607 cfg1 2 2 0 0 na na
10 65318.776350315187 0.006713520797 cfg1 2 2 0 0 na na
10 65319.033350361553 0.006714228123 cfg1 2 1 0 0 na na
10 65319.135350322834 0.006714525355 cfg1 2 1 0 0 na na
10 65319.234350345324 0.006714819162 cfg1 2 1 0 0 na na
10 65319.418350300912 0.006715343967 cfg1 2 1 0 0 na na
10 65319.507350345824 0.006715617770 cfg1 2 1 0 0 na na
10 65319.592350315044 0.006715865991 cfg1 2 1 0 0 na na
10 65319.604350306352 0.006715902384 cfg1 2 1 0 0 na na
10 65319.864350347308 0.006716712060 cfg1 2 1 0 0 na na
10 65320.399350277882 0.006718402062 cfg1 2 1 0 0 na na
10 65320.434350308548 0.006718516970 cfg1 2 2 0 0 na na
10 65320.731350337728 0.006719507866 cfg1 2 1 0 0 na na
10 65320.818350324749 0.006719818972 cfg1 2 1 0 0 na na
10 65320.959350355774 0.006720288339 cfg1 2 1 0 0 na na
10 65321.109350315813 0.006720823300 cfg1 2 1 0 0 na na
10 65321.139350285284 0.006720916719 cfg1 2 1 0 0 na na
10 65321.261350276425 0.006721349151 cfg1 2 1 0 0 na na
10 65321.263350295065 0.006721355793 cfg1 2 1 0 0 na na
10 65321.316350263290 0.006721545466 cfg1 2 1 0 0 na na
10 65321.359350363456 0.006721699633 cfg1 2 2 0 0 na na
10 65321.547350300946 0.006722380538 cfg1 2 1 0 0 na na
10 65321.699350318670 0.006722939829 cfg1 2 1 0 0 na na
10 65321.782350248736 0.006723253402 cfg1 2 1 0 0 na na
10 65321.871350323460 0.006723598007 cfg1 2 1 0 0 na na
10 65321.913350350194 0.006723740333 cfg1 2 1 0 0 na na
10 65322.191350344403 0.006724802731 cfg1 2 1 0 0 na na
10 65322.229350326189 0.006724949923 cfg1 2 2 0 0 na na
10 65322.253350332314 0.006725043142 cfg1 2 2 0 0 na na
10 65322.388350295542 0.006725570127 cfg1 2 1 0 0 na na
10 65322.440350334902 0.006725777864 cfg1 2 1 0 0 na na
10 65322.457350350258 0.006725843066 cfg1 2 1 0 0 na na
10 65322.538350309118 0.006726164494 cfg1 2 1 0 0 na na
10 65322.543350345591 0.006726184453 cfg1 2 2 0 0 na na
10 65322.857350316615 0.006727452638 cfg1 2 2 0 0 na na
10 65323.012350313034 0.006728088791 cfg1 2 1 0 0 na na
10 65323.164350279991 0.006728716145 cfg1 2 1 0 0 na na
10 65323.246350318980 0.006729066015 cfg1 2 1 0 0 na na
10 65323.297350305268 0.006729281412 cfg1 2 1 0 0 na na
10 65323.659350332773 0.006730827862 cfg1 2 1 0 0 na na
10 65324.301350347600 0.006733695472 cfg1 2 1 0 0 na na
10 65324.307350403054 0.006733711206 cfg1 2 1 0 0 na na
10 65324.543350361645 0.006734808928 cfg1 2 1 0 0 na na
10 65324.568350271840 0.006734925064 cfg1 2 1 0 0 na na
10 65324.986350317243 0.006736897827 cfg1 2 1 0 0 na na
10 65325.262350305804 0.006738230330 cfg1 2 1 0 0 na na
10 65325.330350297406 0.006738562757 cfg1 2 1 0 0 na na
10 65325.644350283149 0.006740117007 cfg1 2 1 0 0 na na
10 65325.652350305406 0.006740161252 cfg1 2 1 0 0 na na
10 65325.687350368101 0.006740332417 cfg1 2 1 0 0 na na
10 65325.765350325247 0.006740724589 cfg1 2 1 0 0 na na
10 65325.816350313551 0.006740982109 cfg1 2 1 0 0 na na
10 65325.940350356173 0.006741611786 cfg1 2 1 0 0 na na
10 65325.943350327741 0.006741627128 cfg1 2 1 0 0 na na
10 65325.975350316836 0.006741783331 cfg1 2 1 0 0 na na
10 65326.134350265934 0.006742617178 cfg1 2 1 0 0 na na
10 65326.156350342272 0.006742720690 cfg1 2 1 0 0 na na
10 65326.169350289788 0.006742787927 cfg1 2 1 0 0 na na
10 65326.237350289700 0.006743140536 cfg1 2 2 0 0 na na
10 65326.286350294802 0.006743395825 cfg1 2 1 0 0 na na
10 65326.434350304886 0.006744170301 cfg1 2 2 0 0 na na
10 65326.614350337113 0.006745128740 cfg1 2 1 0 0 na na
10 65326.790350389311 0.006746062528 cfg1 2 1 0 0 na na
10 65326.849350286131 0.006746395539 cfg1 2 1 0 0 na na
10 65326.883350320270 0.006746564901 cfg1 2 1 0 0 na na
10 65327.067350359520 0.006747574919 cfg1 2 1 0 0 na na
10 65327.673350317977 0.006750937892 cfg1 2 2 0 0 na na
10 65327.781350338153 0.006751551403 cfg1 2 1 0 0 na na
10 65327.828350307322 0.006751819610 cfg1 2 1 0 0 na na
10 65327.964350319596 0.006752599809 cfg1 2 1 0 0 na na
10 65328.086350267148 0.006753298917 cfg1 2 1 0 0 na na
10 65328.167350307949 0.006753775553 cfg1 2 1 0 0 na na
10 65328.180350276243 0.006753859180 cfg1 2 1 0 0 na na
10 65328.303350348515 0.006754570756 cfg1 2 1 0 0 na na
10 65328.479350376305 0.006755608839 cfg1 2 2 0 0 na na
10 65328.728350313768 0.006757094890 cfg1 2 2 0 0 na na
10 65328.754350290849 0.006757239729 cfg1 2 1 0 0 na na
10 65328.971350315498 0.006758563816 cfg1 2 1 0 0 na na
10 65329.513350267967 0.006761910052 cfg1 2 1 0 0 na na
10 65329.545350266990 0.006762106192 cfg1 2 1 0 0 na na
10 65329.640350284330 0.006762720048 cfg1 2 1 0 0 na na
10 65329.884350261839 0.006764256718 cfg1 2 1 0 0 na na
10 65329.916350331609 0.006764471430 cfg1 2 1 0 0 na na
10 65330.052350301630 0.006765332357 cfg1 2 1 0 0 na na
10 65330.136350308038 0.006765863384 cfg1 2 1 0 0 na na
10 65330.235350289887 0.006766515645 cfg1 2 1 0 0 na na
10 65330.267350387828 0.006766723661 cfg1 2 1 0 0 na na
10 65330.278350282221 0.006766795225 cfg1 2 1 0 0 na na
10 65330.314350253634 0.006767032477 cfg1 2 1 0 0 na na
10 65330.567350313178 0.006768690065 cfg1 2 1 0 0 na na
10 65330.857350317577 0.006770618558 cfg1 2 1 0 0 na na
10 65331.006350303539 0.006771609390 cfg1 2 1 0 0 na na
10 65331.166350314487 0.006772703186 cfg1 2 1 0 0 na na
10 65331.489350266566 0.006774905386 cfg1 2 1 0 0 na na
10 65331.529350297655 0.006775191593 cfg1 2 1 0 0 na na
10 65331.577350327149 0.006775523795 cfg1 2 1 0 0 na na
10 65331.730350267155 0.006776587730 cfg1 2 2 0 0 na na
10 65331.893350290046 0.006777729397 cfg1 2 1 0 0 na na
10 65331.898350305245 0.006777764599 cfg1 2 2 0 0 na na
10 65331.903350370078 0.006777799953 cfg1 2 2 0 0 na na
10 65332.013350311269 0.006778575816 cfg1 2 1 0 0 na na
10 65332.386350246999 0.006781239939 cfg1 2 1 0 0 na na
10 65332.453350326202 0.006781721006 cfg1 2 1 0 0 na na
10 65332.461350285820 0.006781774747 cfg1 2 1 0 0 na na
10 65332.520350325444 0.006782200917 cfg1 2 1 0 0 na na
10 65332.577350314393 0.006782612848 cfg1 2 1 0 0 na na
10 65332.816350377482 0.006784359984 cfg1 2 1 0 0 na na
10 65332.882350304362 0.006784840125 cfg1 2 1 0 0 na na
10 65332.888350245879 0.006784890939 cfg1 2 1 0 0 na na
10 65332.973350368813 0.006785504000 cfg1 2 1 0 0 na na
10 65333.057350302834 0.006786138742 cfg1 2 1 0 0 na na
10 65333.094350347163 0.006786405196 cfg1 2 1 0 0 na na
10 65333.230350302185 0.006787422052 cfg1 2 1 0 0 na na
10 65333.340350320909 0.006788227202 cfg1 2 1 0 0 na na
10 65333.426350293195 0.006788875496 cfg1 2 1 0 0 na na
10 65333.616350336073 0.006790318050 cfg1 2 1 0 0 na na
10 65333.837350338969 0.006792001610 cfg1 2 1 0 0 na na
10 65334.097350326412 0.006794005082 cfg1 2 1 0 0 na na
10 65334.143350273803 0.006794361301 cfg1 2 1 0 0 na na
10 65334.173350318773 0.006794594582 cfg1 2 1 0 0 na na
10 65334.397350356169 0.006796340769 cfg1 2 1 0 0 na na
10 65334.479350312900 0.006797000452 cfg1 2 1 0 0 na na
10 65334.518350331449 0.006797290914 cfg1 2 1 0 0 na na
10 65334.535350292091 0.006797437647 cfg1 2 1 0 0 na na
10 65334.587350336252 0.006797834834 cfg1 2 1 0 0 na na
10 65334.630350268412 0.006798175098 cfg1 2 1 0 0 na na
10 65334.712350373052 0.006798824013 cfg1 2 1 0 0 na na
10 65335.245350285840 0.006803093943 cfg1 2 1 0 0 na na
10 65335.247350279158 0.006803114274 cfg1 2 1 0 0 na na
10 65335.258350274313 0.006803203449 cfg1 2 1 0 0 na na
10 65335.398350308387 0.006804341754 cfg1 2 1 0 0 na na
10 65335.412350335833 0.006804457675 cfg1 2 2 0 0 na na
10 65335.427350310452 0.006804578231 cfg1 2 1 0 0 na na
10 65335.543350308904 0.006805527123 cfg1 2 1 0 0 na na
10 65335.635350304927 0.006806277414 cfg1 2 1 0 0 na na
10 65335.900350290849 0.006808474255 cfg1 2 1 0 0 na na
10 65336.037350316608 0.006809615967 cfg1 2 1 0 0 na na
10 65336.058350375270 0.006809791488 cfg1 2 1 0 0 na na
10 65336.184350258595 0.006810843860 cfg1 2 1 0 0 na na
10 65336.327350306752 0.006812052414 cfg1 2 2 0 0 na na
10 65336.405350305174 0.006812712244 cfg1 2 2 0 0 na na
10 65336.425350354336 0.006812881733 cfg1 2 2 0 0 na na
10 65336.490350328690 0.006813422410 cfg1 2 1 0 0 na na
10 65336.755350326766 0.006815696871 cfg1 2 2 0 0 na na
10 65336.798350359049 0.006816069323 cfg1 2 1 0 0 na na
10 65337.103350356633 0.006818702984 cfg1 2 1 0 0 na na
10 65337.122350303491 0.006818868156 cfg1 2 1 0 0 na na
10 65337.126350359750 0.006818904899 cfg1 2 2 0 0 na na
10 65337.158350336355 0.006819181496 cfg1 2 1 0 0 na na
10 65337.265350283001 0.006820127339 cfg1 2 1 0 0 na na
10 65337.470350312642 0.006821914536 cfg1 2 1 0 0 na na
10 65337.506350270010 0.006822231843 cfg1 2 1 0 0 na na
10 65337.605350302557 0.006823106647 cfg1 2 2 0 0 na na
10 65337.722350317219 0.006824146691 cfg1 2 2 0 0 na na
10 65337.799350289641 0.006824825290 cfg1 2 1 0 0 na na
10 65337.867350316445 0.006825436554 cfg1 2 1 0 0 na na
10 65337.925350300523 0.006825955277 cfg1 2 2 0 0 na na
10 65338.210350334714 0.006828533771 cfg1 2 1 0 0 na na
10 65338.328350274985 0.006829588674 cfg1 2 1 0 0 na na
10 65338.441350253706 0.006830631239 cfg1 2 1 0 0 na na
10 65338.470350314564 0.006830891124 cfg1 2 1 0 0 na na
10 65339.276350347991 0.006838350903 cfg1 2 1 0 0 na na
10 65339.404350349697 0.006839557147 cfg1 2 1 0 0 na na
10 65339.602350366758 0.006841410628 cfg1 2 1 0 0 na na
10 65339.674350306690 0.006842093869 cfg1 2 1 0 0 na na
10 65339.683350294356 0.006842179443 cfg1 2 1 0 0 na na
10 65339.819350280912 0.006843480605 cfg1 2 1 0 0 na na
10 65339.824350335441 0.006843521748 cfg1 2 1 0 0 na na
10 65340.083350302880 0.006846006270 cfg1 2 2 0 0 na na
10 65340.135350370235 0.006846507342 cfg1 2 1 0 0 na na
10 65340.327350328110 0.006848378521 cfg1 2 1 0 0 na na
10 65340.517350362858 0.006850216194 cfg1 2 1 0 0 na na
10 65340.561350289592 0.006850658403 cfg1 2 1 0 0 na na
10 65340.891350333410 0.006853888609 cfg1 2 1 0 0 na na
10 65341.251350323355 0.006857466038 cfg1 2 1 0 0 na na
10 65341.343350283115 0.006858387396 cfg1 2 2 0 0 na na
10 65341.392350347085 0.006858878131 cfg1 2 1 0 0 na na
10 65341.432350275726 0.006859284917 cfg1 2 1 0 0 na na
10 65341.894350285778 0.006863951294 cfg1 2 1 0 0 na na
10 65342.059350337711 0.006865641894 cfg1 2 1 0 0 na na
10 65342.526350362635 0.006870465375 cfg1 2 1 0 0 na na
10 65342.547350370023 0.006870677773 cfg1 2 1 0 0 na na
10 65342.568350321949 0.006870896135 cfg1 2 1 0 0 na na
10 65342.571350358739 0.006870919563 cfg1 2 1 0 0 na na
10 65342.748350341098 0.006872761788 cfg1 2 1 0 0 na na
10 65343.046350300775 0.006875903180 cfg1 2 1 0 0 na na
10 65343.055350405514 0.006875998176 cfg1 2 1 0 0 na na
10 65343.156350317643 0.006877065405 cfg1 2 1 0 0 na na
10 65343.198350345772 0.006877521166 cfg1 2 1 0 0 na na
10 65343.489350349490 0.006880617813 cfg1 2 1 0 0 na na
10 65343.507350353756 0.006880813525 cfg1 2 1 0 0 na na
10 65343.550350376144 0.006881258939 cfg1 2 1 0 0 na na
10 65343.600350295696 0.006881794550 cfg1 2 1 0 0 na na
10 65344.074350374772 0.006886909983 cfg1 2 1 0 0 na na
10 65344.088350337982 0.006887056671 cfg1 2 1 0 0 na na
10 65344.171350327751 0.006887974588 cfg1 2 1 0 0 na na
10 65344.193350242929 0.006888213751 cfg1 2 1 0 0 na na
10 65344.314350346965 0.006889526430 cfg1 2 1 0 0 na na
10 65344.396350318333 0.006890424604 cfg1 2 1 0 0 na na
10 65344.399350336547 0.006890459414 cfg1 2 1 0 0 na na
10 65344.522350263204 0.006891798834 cfg1 2 1 0 0 na na
10 65344.651350322803 0.006893230119 cfg1 2 1 0 0 na na
10 65344.690350242734 0.006893675536 cfg1 2 1 0 0 na na
10 65345.204350355655 0.006899368534 cfg1 2 1 0 0 na na
10 65345.559350294988 0.006903378423 cfg1 2 1 0 0 na na
10 65345.963350301242 0.006907979444 cfg1 2 1 0 0 na na
10 65345.996350317741 0.006908346790 cfg1 2 1 0 0 na na
10 65346.235350376758 0.006911102820 cfg1 2 1 0 0 na na
10 65346.242350280063 0.006911195052 cfg1 2 1 0 0 na na
10 65346.418350355002 0.006913216851 cfg1 2 1 0 0 na na
10 65346.555350281410 0.006914809465 cfg1 2 1 0 0 na na
10 65346.754350309729 0.006917124825 cfg1 2 1 0 0 na na
10 65347.298350347165 0.006923534186 cfg1 2 1 0 0 na na
10 65347.353350307139 0.006924183965 cfg1 2 1 0 0 na na
10 65347.741350324066 0.006928790283 cfg1 2 1 0 0 na na
10 65347.777350306668 0.006929233247 cfg1 2 1 0 0 na na
10 65347.807350262641 0.006929584342 cfg1 2 1 0 0 na na
10 65347.830350292529 0.006929859716 cfg1 2 1 0 0 na na
10 65347.847350241000 0.006930086072 cfg1 2 1 0 0 na na
10 65348.010350312635 0.006932028848 cfg1 2 1 0 0 na na
10 65348.140350286028 0.006933596547 cfg1 2 1 0 0 na na
10 65348.410350301008 0.006936883544 cfg1 2 1 0 0 na na
10 65348.446350394247 0.006937311467 cfg1 2 1 0 0 na na
10 65348.495350349492 0.006937920059 cfg1 2 1 0 0 na na
10 65349.542350348102 0.006950864101 cfg1 2 1 0 0 na na
10 65349.650350309467 0.006952224994 cfg1 2 1 0 0 na na
10 65349.815350248970 0.006954298007 cfg1 2 1 0 0 na na
10 65349.863350272747 0.006954898240 cfg1 2 1 0 0 na na
10 65349.984350318917 0.006956428720 cfg1 2 1 0 0 na na
10 65350.090350291846 0.006957769625 cfg1 2 1 0 0 na na
10 65350.124350331784 0.006958207728 cfg1 2 1 0 0 na na
10 65350.458350329674 0.006962456992 cfg1 2 1 0 0 na na
10 65350.677350269310 0.006965263265 cfg1 2 1 0 0 na na
10 65350.856350324709 0.006967563206 cfg1 2 1 0 0 na na
10 65350.942350280118 0.006968683130 cfg1 2 1 0 0 na na
10 65351.076350298005 0.006970419166 cfg1 2 1 0 0 na na
10 65351.526350297773 0.006976285837 cfg1 2 1 0 0 na na
10 65351.531350367309 0.006976356398 cfg1 2 2 0 0 na na
10 65351.536350370568 0.006976421724 cfg1 2 1 0 0 na na
10 65351.634350289027 0.006977705318 cfg1 2 1 0 0 na na
10 65351.663350323374 0.006978086553 cfg1 2 1 0 0 na na
10 65351.824350323497 0.006980207796 cfg1 2 1 0 0 na na
10 65352.266350319627 0.006986082257 cfg1 2 1 0 0 na na
10 65352.371350312363 0.006987459490 cfg1 2 1 0 0 na na
10 65352.444350273875 0.006988445409 cfg1 2 1 0 0 na na
10 65352.794350278694 0.006993152760 cfg1 2 1 0 0 na na
10 65352.920350318774 0.006994858681 cfg1 2 1 0 0 na na
10 65353.272350302465 0.006999623697 cfg1 2 1 0 0 na na
10 65353.305350372507 0.007000075819 cfg1 2 2 0 0 na na
10 65353.831350379574 0.007007297231 cfg1 2 1 0 0 na na
10 65353.915350330926 0.007008440644 cfg1 2 1 0 0 na na
10 65353.964350251318 0.007009120588 cfg1 2 1 0 0 na na
10 65354.490350293292 0.007016430453 cfg1 2 2 0 0 na na
10 65354.545350312762 0.007017198395 cfg1 2 1 0 0 na na
10 65354.578350297675 0.007017674076 cfg1 2 1 0 0 na na
10 65354.611350345993 0.007018132840 cfg1 2 1 0 0 na na
10 65355.169350313532 0.007025992723 cfg1 2 1 0 0 na na
10 65355.209350332477 0.007026552390 cfg1 2 1 0 0 na na
10 65355.344350318508 0.007028468567 cfg1 2 1 0 0 na na
10 65355.371350331140 0.007028866514 cfg1 2 1 0 0 na na
10 65355.410350305176 0.007029409074 cfg1 2 1 0 0 na na
10 65355.664350253346 0.007033033628 cfg1 2 1 0 0 na na
10 65355.707350276653 0.007033654045 cfg1 2 2 0 0 na na
10 65355.934350338040 0.007036923909 cfg1 2 1 0 0 na na
10 65356.519350258863 0.007045373139 cfg1 2 1 0 0 na na
10 65356.561350278053 0.007045991375 cfg1 2 1 0 0 na na
10 65356.671350282262 0.007047586503 cfg1 2 1 0 0 na na
10 65356.693350304391 0.007047917339 cfg1 2 1 0 0 na na
10 65356.931350293305 0.007051402633 cfg1 2 1 0 0 na na
10 65357.133350255208 0.007054373346 cfg1 2 1 0 0 na na
10 65357.213350285860 0.007055567369 cfg1 2 1 0 0 na na
10 65357.404350300159 0.007058377088 cfg1 2 1 0 0 na na
10 65357.534350329150 0.007060321337 cfg1 2 1 0 0 na na
10 65357.541350249825 0.007060423772 cfg1 2 1 0 0 na na
10 65357.719350342675 0.007063063579 cfg1 2 1 0 0 na na
10 65357.741350291002 0.007063386774 cfg1 2 1 0 0 na na
10 65357.932350323760 0.007066237288 cfg1 2 1 0 0 na na
10 65357.963350326362 0.007066705428 cfg1 2 1 0 0 na na
10 65358.016350318803 0.007067508900 cfg1 2 1 0 0 na na
10 65358.294350281207 0.007071676093 cfg1 2 1 0 0 na na
10 65358.448350254817 0.007073992006 cfg1 2 1 0 0 na na
10 65358.453350273527 0.007074085048 cfg1 2 1 0 0 na na
10 65358.503350389032 0.007074828044 cfg1 2 1 0 0 na na
10 65359.103350339691 0.007083965155 cfg1 2 1 0 0 na na
10 65359.496350264148 0.007089972883 cfg1 2 1 0 0 na na
10 65359.590350351229 0.007091448627 cfg1 2 1 0 0 na na
10 65359.613350341863 0.007091790247 cfg1 2 1 0 0 na na
10 65359.944350351354 0.007096923554 cfg1 2 1 0 0 na na
10 65360.437350299459 0.007104599440 cfg1 2 1 0 0 na na
10 65360.595350327690 0.007107085038 cfg1 2 1 0 0 na na
10 65361.218350280730 0.007116915950 cfg1 2 1 0 0 na na
10 65361.481350353526 0.007121115326 cfg1 2 1 0 0 na na
10 65361.556350292318 0.007122322357 cfg1 2 1 0 0 na na
10 65361.762350351312 0.007125616141 cfg1 2 1 0 0 na na
10 65362.170350328744 0.007132172536 cfg1 2 1 0 0 na na
10 65362.243350361643 0.007133362689 cfg1 2 1 0 0 na na
10 65362.299350285934 0.007134249071 cfg1 2 1 0 0 na na
10 65362.461350270069 0.007136875262 cfg1 2 1 0 0 na na
10 65362.471350265005 0.007137037192 cfg1 2 1 0 0 na na
10 65362.475350326444 0.007137125298 cfg1 2 1 0 0 na na
10 65362.549350285582 0.007138317120 cfg1 2 1 0 0 na na
10 65363.245350361854 0.007149709082 cfg1 2 1 0 0 na na
10 65363.629350334733 0.007156041394 cfg1 2 1 0 0 na na
10 65363.788350337519 0.007158668321 cfg1 2 1 0 0 na na
10 65364.537350254627 0.007171167503 cfg1 2 1 0 0 na na
10 65365.024350315412 0.007179374552 cfg1 2 1 0 0 na na
10 65365.113350332625 0.007180891546 cfg1 2 1 0 0 na na
10 65365.362350308996 0.007185109351 cfg1 2 1 0 0 na na
10 65365.445350316947 0.007186529933 cfg1 2 1 0 0 na na
10 65365.673350302969 0.007190429138 cfg1 2 2 0 0 na na
10 65365.770350282016 0.007192075946 cfg1 2 1 0 0 na na
10 65366.001350355141 0.007196056928 cfg1 2 1 0 0 na na
10 65366.197350290105 0.007199415445 cfg1 2 1 0 0 na na
10 65366.788350359424 0.007209656080 cfg1 2 1 0 0 na na
10 65366.862350260891 0.007210954934 cfg1 2 1 0 0 na na
10 65366.871350303669 0.007211111733 cfg1 2 1 0 0 na na
10 65366.901350345055 0.007211647336 cfg1 2 1 0 0 na na
10 65367.205350297427 0.007216957251 cfg1 2 1 0 0 na na
10 65367.293350350248 0.007218482820 cfg1 2 1 0 0 na na
10 65367.492350249903 0.007221987011 cfg1 2 2 0 0 na na
10 65368.089350269769 0.007232523238 cfg1 2 1 0 0 na na
10 65368.319350302938 0.007236625722 cfg1 2 2 0 0 na na
10 65369.355350353337 0.007255221827 cfg1 2 1 0 0 na na
10 65369.484350357790 0.007257550928 cfg1 2 1 0 0 na na
10 65369.776350320961 0.007262852268 cfg1 2 1 0 0 na na
10 65369.804350310441 0.007263367197 cfg1 2 1 0 0 na na
10 65370.307350346922 0.007272538983 cfg1 2 1 0 0 na na
10 65370.457350284427 0.007275286959 cfg1 2 1 0 0 na na
10 65370.690350305645 0.007279575599 cfg1 2 1 0 0 na na
10 65370.777350260545 0.007281198341 cfg1 2 1 0 0 na na
10 65371.051350344635 0.007286269218 cfg1 2 1 0 0 na na
10 65371.483350247456 0.007294289642 cfg1 2 2 0 0 na na
10 65371.582350390221 0.007296133483 cfg1 2 1 0 0 na na
10 65372.127350356963 0.007306328016 cfg1 2 1 0 0 na na
10 65372.840350369452 0.007319798658 cfg1 2 1 0 0 na na
10 65374.007350306589 0.007342140566 cfg1 2 1 0 0 na na
10 65374.278350318454 0.007347386654 cfg1 2 1 0 0 na na
10 65374.835350259075 0.007358182868 cfg1 2 1 0 0 na na
10 65375.509350302144 0.007371384399 cfg1 2 1 0 0 na na
10 65375.774350330928 0.007376598923 cfg1 2 1 0 0 na na
10 65375.802350289687 0.007377147645 cfg1 2 1 0 0 na na
10 65376.428350315579 0.007389555521 cfg1 2 1 0 0 na na
10 65376.475350287898 0.007390503215 cfg1 2 1 0 0 na na
10 65377.158350282909 0.007404145782 cfg1 2 1 0 0 na na
10 65377.495350358192 0.007410925351 cfg1 2 1 0 0 na na
10 65377.569350288109 0.007412418555 cfg1 2 1 0 0 na na
10 65377.803350307321 0.007417133525 cfg1 2 1 0 0 na na
10 65377.831350277286 0.007417699934 cfg1 2 1 0 0 na na
10 65378.003350355756 0.007421195700 cfg1 2 1 0 0 na na
10 65378.175350319101 0.007424675510 cfg1 2 1 0 0 na na
10 65378.517350302969 0.007431637187 cfg1 2 1 0 0 na na
10 65379.008350360959 0.007441683182 cfg1 2 1 0 0 na na
10 65379.579350367441 0.007453439590 cfg1 2 1 0 0 na na
10 65379.736350282068 0.007456692993 cfg1 2 1 0 0 na na
10 65379.993350308893 0.007462022320 cfg1 2 1 0 0 na na
10 65380.184350318175 0.007465999653 cfg1 2 1 0 0 na na
10 65380.697350292011 0.007476682573 cfg1 2 1 0 0 na na
10 65380.874350321427 0.007480401420 cfg1 2 1 0 0 na na
10 65381.709350253989 0.007497992634 cfg1 2 1 0 0 na na
10 65382.005350292151 0.007504277750 cfg1 2 1 0 0 na na
10 65382.356350271384 0.007511722716 cfg1 2 1 0 0 na na
10 65382.398350341712 0.007512643043 cfg1 2 1 0 0 na na
10 65382.611350309223 0.007517171652 cfg1 2 1 0 0 na na
10 65382.625350292964 0.007517475744 cfg1 2 1 0 0 na na
10 65382.774350346625 0.007520664564 cfg1 2 1 0 0 na na
10 65383.803350278282 0.007542830274 cfg1 2 1 0 0 na na
10 65383.822350326258 0.007543239652 cfg1 2 1 0 0 na na
10 65384.983350291333 0.007568558440 cfg1 2 1 0 0 na na
10 65386.562350292352 0.007603472236 cfg1 2 1 0 0 na na
10 65386.622350288189 0.007604805682 cfg1 2 1 0 0 na na
10 65386.780350285964 0.007608354679 cfg1 2 1 0 0 na na
10 65386.819350317017 0.007609221195 cfg1 2 1 0 0 na na
10 65386.890350335813 0.007610802569 cfg1 2 1 0 0 na na
10 65387.673350337611 0.007628395524 cfg1 2 1 0 0 na na
10 65387.797350312562 0.007631189616 cfg1 2 1 0 0 na na
10 65387.849350274381 0.007632368543 cfg1 2 1 0 0 na na
10 65388.068350314371 0.007637321337 cfg1 2 1 0 0 na na
10 65388.357350296240 0.007643855739 cfg1 2 1 0 0 na na
10 65388.612350279660 0.007649643858 cfg1 2 1 0 0 na na
10 65388.640350310583 0.007650294765 cfg1 2 1 0 0 na na
10 65388.676350264733 0.007651114360 cfg1 2 1 0 0 na na
10 65389.083350347486 0.007660398969 cfg1 2 1 0 0 na na
10 65389.317350319132 0.007665767791 cfg1 2 1 0 0 na na
10 65389.327350361579 0.007665995820 cfg1 2 1 0 0 na na
10 65389.535350377865 0.007670757343 cfg1 2 1 0 0 na na
10 65390.258350297416 0.007687420263 cfg1 2 1 0 0 na na
10 65390.570350281510 0.007694641407 cfg1 2 1 0 0 na na
10 65391.558350341585 0.007717662506 cfg1 2 1 0 0 na na
10 65391.652350325833 0.007719856553 cfg1 2 1 0 0 na na
10 65391.768350320027 0.007722587376 cfg1 2 1 0 0 na na
10 65392.364350333259 0.007736592921 cfg1 2 1 0 0 na na
10 65392.746350342270 0.007745620113 cfg1 2 1 0 0 na na
10 65393.860350283364 0.007772106852 cfg1 2 1 0 0 na na
10 65394.095350248173 0.007777743837 cfg1 2 1 0 0 na na
10 65394.292350302666 0.007782452150 cfg1 2 1 0 0 na na
10 65394.435350310881 0.007785905045 cfg1 2 1 0 0 na na
10 65394.439350312020 0.007785983981 cfg1 2 1 0 0 na na
10 65394.465350308072 0.007786609815 cfg1 2 1 0 0 na na
10 65394.940350303847 0.007798048980 cfg1 2 1 0 0 na na
10 65395.084350320534 0.007801536238 cfg1 2 1 0 0 na na
10 65395.247350362388 0.007805466976 cfg1 2 1 0 0 na na
10 65395.279350327195 0.007806231958 cfg1 2 1 0 0 na na
10 65395.320350265970 0.007807242291 cfg1 2 1 0 0 na na
10 65395.715350343403 0.007816821949 cfg1 2 1 0 0 na na
10 65395.864350321317 0.007820452508 cfg1 2 1 0 0 na na
10 65396.264350331410 0.007830199588 cfg1 2 1 0 0 na na
10 65396.311350283701 0.007831318348 cfg1 2 1 0 0 na na
10 65396.339350307652 0.007832003348 cfg1 2 1 0 0 na na
10 65396.499350365217 0.007835942300 cfg1 2 1 0 0 na na
10 65396.881350315021 0.007845286763 cfg1 2 1 0 0 na na
10 65397.064350294192 0.007849765637 cfg1 2 1 0 0 na na
10 65397.139350279928 0.007851628330 cfg1 2 1 0 0 na na
10 65397.378350240608 0.007857511244 cfg1 2 1 0 0 na na
10 65397.565350319708 0.007862127202 cfg1 2 1 0 0 na na
10 65397.695350307386 0.007865338673 cfg1 2 1 0 0 na na
10 65397.753350329314 0.007866759538 cfg1 2 1 0 0 na na
10 65397.874350281990 0.007869754105 cfg1 2 1 0 0 na na
10 65398.618350377228 0.007888208646 cfg1 2 1 0 0 na na
10 65398.826350305165 0.007893397176 cfg1 2 1 0 0 na na
10 65399.167350308890 0.007901903047 cfg1 2 1 0 0 na na
10 65399.251350299263 0.007903999671 cfg1 2 1 0 0 na na
10 65399.696350281109 0.007915159015 cfg1 2 1 0 0 na na
10 65400.293350331018 0.007930187891 cfg1 2 1 0 0 na na
10 65400.883350332644 0.007945108467 cfg1 2 1 0 0 na na
10 65400.922350334232 0.007946095611 cfg1 2 1 0 0 na na
10 65401.628350301628 0.007964051111 cfg1 2 1 0 0 na na
10 65401.802350313450 0.007968499941 cfg1 2 1 0 0 na na
10 65402.001350285536 0.007973571374 cfg1 2 1 0 0 na na
10 65402.149350356178 0.007977369954 cfg1 2 1 0 0 na na
10 65402.366350338597 0.007982920998 cfg1 2 1 0 0 na na
10 65402.435350325149 0.007984701530 cfg1 2 1 0 0 na na
10 65402.518350280178 0.007986816881 cfg1 2 1 0 0 na na
10 65402.742350328473 0.007992572018 cfg1 2 1 0 0 na na
10 65402.772350341367 0.007993341326 cfg1 2 1 0 0 na na
10 65402.820350332510 0.007994578368 cfg1 2 1 0 0 na na
10 65403.030350341431 0.007999982803 cfg1 2 1 0 0 na na
10 65403.110350309686 0.008002054344 cfg1 2 1 0 0 na na
10 65403.262350298954 0.008005967622 cfg1 2 1 0 0 na na
10 65403.399350304062 0.008009499988 cfg1 2 1 0 0 na na
10 65403.413350406079 0.008009870598 cfg1 2 1 0 0 na na
10 65403.477350300051 0.008011543800 cfg1 2 1 0 0 na na
10 65403.514350368137 0.008012479721 cfg1 2 1 0 0 na na
10 65403.569350314796 0.008013901810 cfg1 2 1 0 0 na na
10 65403.996350314893 0.008024970901 cfg1 2 1 0 0 na na
10 65404.345350278922 0.008034048278 cfg1 2 1 0 0 na na
10 65404.508350311504 0.008038287764 cfg1 2 1 0 0 na na
10 65404.562350302537 0.008039693488 cfg1 2 1 0 0 na na
10 65404.690350272702 0.008043031257 cfg1 2 1 0 0 na na
10 65405.025350353433 0.008051784168 cfg1 2 1 0 0 na na
10 65405.358350334749 0.008060523359 cfg1 2 1 0 0 na na
10 65406.220350255692 0.008083194869 cfg1 2 1 0 0 na na
10 65406.328350337200 0.008086016532 cfg1 2 1 0 0 na na
10 65406.518350284935 0.008091045860 cfg1 2 1 0 0 na na
10 65406.755350295780 0.008097335999 cfg1 2 1 0 0 na na
10 65406.835350333543 0.008099455350 cfg1 2 1 0 0 na na
10 65406.897350342035 0.008101080680 cfg1 2 1 0 0 na na
10 65407.117350319097 0.008106917569 cfg1 2 1 0 0 na na
10 65407.613350352521 0.008120103962 cfg1 2 1 0 0 na na
10 65407.663350240424 0.008121460549 cfg1 2 1 0 0 na na
10 65407.666350273681 0.008121527989 cfg1 2 1 0 0 na na
10 65407.719350367535 0.008122929446 cfg1 2 1 0 0 na na
10 65407.859350305944 0.008126670482 cfg1 2 1 0 0 na na
10 65407.916350330825 0.008128191933 cfg1 2 1 0 0 na na
10 65408.226350321501 0.008136480538 cfg1 2 1 0 0 na na
10 65408.473350312735 0.008143093093 cfg1 2 1 0 0 na na
10 65408.771350303129 0.008151079759 cfg1 2 1 0 0 na na
10 65408.778350338051 0.008151291402 cfg1 2 1 0 0 na na
10 65408.855350335999 0.008153357043 cfg1 2 1 0 0 na na
10 65408.861350328928 0.008153504728 cfg1 2 1 0 0 na na
10 65409.674350353146 0.008175410164 cfg1 2 1 0 0 na na
10 65409.842350357434 0.008179959901 cfg1 2 1 0 0 na na
10 65410.302350305044 0.008192424049 cfg1 2 1 0 0 na na
10 65410.905350327725 0.008208835959 cfg1 2 1 0 0 na na
10 65410.957350261018 0.008210238599 cfg1 2 1 0 0 na na
10 65410.961350292339 0.008210352354 cfg1 2 1 0 0 na na
10 65411.254350263837 0.008218333039 cfg1 2 1 0 0 na na
10 65411.365350334614 0.008221364595 cfg1 2 1 0 0 na na
10 65411.441350295076 0.008223446605 cfg1 2 1 0 0 na na
10 65411.662350319232 0.008229499289 cfg1 2 1 0 0 na na
10 65411.820350305839 0.008233843984 cfg1 2 1 0 0 na na
10 65412.015350309275 0.008239176852 cfg1 2 1 0 0 na na
10 65412.024350330936 0.008239427310 cfg1 2 1 0 0 na na
10 65412.048350313596 0.008240081122 cfg1 2 1 0 0 na na
10 65412.511350311446 0.008252819799 cfg1 2 1 0 0 na na
10 65412.601350307165 0.008255308386 cfg1 2 1 0 0 na na
10 65412.607350260595 0.008255463367 cfg1 2 1 0 0 na na
10 65412.686350286997 0.008257648933 cfg1 2 1 0 0 na na
10 65413.178350309425 0.008271216252 cfg1 2 1 0 0 na na
10 65413.233350351238 0.008272738252 cfg1 2 1 0 0 na na
10 65413.256350310054 0.008273367168 cfg1 2 1 0 0 na na
10 65413.316350334261 0.008275035324 cfg1 2 1 0 0 na na
10 65413.610350326758 0.008283189526 cfg1 2 1 0 0 na na
10 65413.778350335736 0.008287831345 cfg1 2 1 0 0 na na
10 65413.907350295903 0.008291431235 cfg1 2 1 0 0 na na
10 65414.147350310356 0.008298092892 cfg1 2 1 0 0 na na
10 65414.406350327634 0.008305312969 cfg1 2 1 0 0 na na
10 65414.408350319637 0.008305362404 cfg1 2 1 0 0 na na
10 65414.461350319354 0.008306839584 cfg1 2 1 0 0 na na
10 65414.486350345395 0.008307555901 cfg1 2 1 0 0 na na
10 65415.289350342789 0.008329991966 cfg1 2 1 0 0 na na
10 65415.384350258254 0.008332644098 cfg1 2 1 0 0 na na
10 65415.439350256341 0.008334187176 cfg1 2 1 0 0 na na
10 65415.763350272332 0.008343282120 cfg1 2 1 0 0 na na
10 65416.078350257548 0.008352139384 cfg1 2 1 0 0 na na
10 65416.622350272735 0.008367480617 cfg1 2 1 0 0 na na
10 65416.687350314079 0.008369328429 cfg1 2 1 0 0 na na
10 65416.716350303761 0.008370141198 cfg1 2 1 0 0 na na
10 65416.758350357238 0.008371327308 cfg1 2 1 0 0 na na
10 65417.154350329468 0.008382541166 cfg1 2 2 0 0 na na
10 65417.186350315292 0.008383463174 cfg1 2 1 0 0 na na
10 65417.586350312394 0.008394786817 cfg1 2 1 0 0 na na
10 65417.715350338752 0.008398461592 cfg1 2 1 0 0 na na
10 65418.033350265265 0.008407501732 cfg1 2 1 0 0 na na
10 65418.090350317134 0.008409135835 cfg1 2 1 0 0 na na
10 65418.247350317906 0.008413628020 cfg1 2 1 0 0 na na
10 65419.083350307339 0.008437527613 cfg1 2 1 0 0 na na
10 65419.237350313882 0.008441944698 cfg1 2 1 0 0 na na
10 65419.606350289992 0.008452527485 cfg1 2 1 0 0 na na
10 65419.907350256216 0.008461185666 cfg1 2 1 0 0 na na
10 65420.203350301923 0.008469724454 cfg1 2 1 0 0 na na
10 65420.396350260778 0.008475297071 cfg1 2 1 0 0 na na
10 65420.438350329356 0.008476514351 cfg1 2 1 0 0 na na
10 65420.467350315643 0.008477334656 cfg1 2 1 0 0 na na
10 65420.575350345819 0.008480451066 cfg1 2 1 0 0 na na
10 65420.633350318988 0.008482138426 cfg1 2 1 0 0 na na
10 65420.810350257893 0.008487276348 cfg1 2 1 0 0 na na
10 65421.336350347475 0.008502510658 cfg1 2 1 0 0 na na
10 65421.407350347486 0.008504568615 cfg1 2 1 0 0 na na
10 65421.422350299517 0.008505009916 cfg1 2 1 0 0 na na
10 65421.478350301411 0.008506644985 cfg1 2 1 0 0 na na
10 65421.542350278061 0.008508480868 cfg1 2 1 0 0 na na
10 65421.750350303114 0.008514532599 cfg1 2 1 0 0 na na
10 65422.071350314714 0.008523888294 cfg1 2 1 0 0 na na
10 65422.137350310589 0.008525812527 cfg1 2 1 0 0 na na
10 65422.364350301183 0.008532422529 cfg1 2 1 0 0 na na
10 65422.428350258132 0.008534303764 cfg1 2 1 0 0 na na
10 65422.548350287156 0.008537810702 cfg1 2 1 0 0 na na
10 65422.773350300236 0.008544376920 cfg1 2 1 0 0 na na
10 65423.185350298715 0.008556459917 cfg1 2 1 0 0 na na
10 65423.197350367809 0.008556818330 cfg1 2 1 0 0 na na
10 65423.483350341679 0.008565203242 cfg1 2 1 0 0 na na
10 65423.529350293972 0.008566543993 cfg1 2 1 0 0 na na
10 65423.748350312231 0.008572996287 cfg1 2 1 0 0 na na
10 65423.994350284732 0.008580223886 cfg1 2 1 0 0 na na
10 65424.074350277424 0.008582584803 cfg1 2 1 0 0 na na
10 65424.126350310622 0.008584135440 cfg1 2 1 0 0 na na
10 65424.192350374846 0.008586061028 cfg1 2 1 0 0 na na
10 65424.367350308160 0.008591223295 cfg1 2 1 0 0 na na
10 65424.371350286527 0.008591355302 cfg1 2 1 0 0 na na
10 65424.573350314408 0.008597323704 cfg1 2 1 0 0 na na
10 65424.667350352039 0.008600105900 cfg1 2 1 0 0 na na
10 65424.748350305419 0.008602481663 cfg1 2 1 0 0 na na
10 65424.823350303737 0.008604699548 cfg1 2 1 0 0 na na
10 65425.498350339795 0.008624715397 cfg1 2 1 0 0 na na
10 65425.630350338635 0.008628632306 cfg1 2 1 0 0 na na
10 65425.798350293246 0.008633624391 cfg1 2 1 0 0 na na
10 65426.047350289035 0.008641040689 cfg1 2 1 0 0 na na
10 65426.070350332120 0.008641713403 cfg1 2 1 0 0 na na
10 65426.429350327406 0.008652434666 cfg1 2 1 0 0 na na
10 65426.502350266528 0.008654614267 cfg1 2 1 0 0 na na
10 65426.701350311759 0.008660554160 cfg1 2 1 0 0 na na
10 65426.963350321517 0.008668366743 cfg1 2 1 0 0 na na
10 65427.027350362306 0.008670287186 cfg1 2 1 0 0 na na
10 65427.573350334340 0.008686668519 cfg1 2 1 0 0 na na
10 65427.593350304417 0.008687244357 cfg1 2 1 0 0 na na
10 65427.727350271483 0.008691287294 cfg1 2 1 0 0 na na
10 65427.773350313639 0.008692659604 cfg1 2 1 0 0 na na
10 65428.242350314886 0.008706752967 cfg1 2 1 0 0 na na
10 65429.541350299112 0.008746002336 cfg1 2 1 0 0 na na
10 65429.576350355679 0.008747073538 cfg1 2 1 0 0 na na
10 65429.822350300327 0.008754525093 cfg1 2 1 0 0 na na
10 65429.966350289391 0.008758908567 cfg1 2 1 0 0 na na
10 65429.978350320993 0.008759272652 cfg1 2 1 0 0 na na
10 65430.097350333411 0.008762889171 cfg1 2 1 0 0 na na
10 65430.239350310078 0.008767188624 cfg1 2 1 0 0 na na
10 65430.559350294771 0.008776928090 cfg1 2 1 0 0 na na
10 65430.980350274789 0.008789773444 cfg1 2 1 0 0 na na
10 65431.018350355702 0.008790922256 cfg1 2 1 0 0 na na
10 65431.037350289572 0.008791505586 cfg1 2 1 0 0 na na
10 65431.349350296934 0.008801046079 cfg1 2 1 0 0 na na
10 65431.405350263262 0.008802738881 cfg1 2 1 0 0 na na
10 65431.551350299377 0.008807201043 cfg1 2 1 0 0 na na
10 65431.556350283004 0.008807375812 cfg1 2 1 0 0 na na
10 65431.582350283905 0.008808159665 cfg1 2 1 0 0 na na
10 65431.616350292687 0.008809209320 cfg1 2 1 0 0 na na
10 65431.676350309919 0.008811037055 cfg1 2 1 0 0 na na
10 65431.936350309605 0.008819015442 cfg1 2 1 0 0 na na
10 65432.101350325395 0.008824051141 cfg1 2 1 0 0 na na
10 65432.160350345344 0.008825861416 cfg1 2 1 0 0 na na
10 65432.190350324356 0.008826791864 cfg1 2 1 0 0 na na
10 65432.394350336361 0.008833057718 cfg1 2 1 0 0 na na
10 65432.624350323756 0.008840119337 cfg1 2 1 0 0 na na
10 65432.793350260849 0.008845321075 cfg1 2 1 0 0 na na
10 65432.867350312993 0.008847620647 cfg1 2 1 0 0 na na
10 65433.119350303574 0.008855368429 cfg1 2 1 0 0 na na
10 65433.123350341451 0.008855491714 cfg1 2 1 0 0 na na
10 65433.313350374900 0.008861351408 cfg1 2 1 0 0 na na
10 65433.422350338980 0.008864715072 cfg1 2 1 0 0 na na
10 65433.479350287207 0.008866474779 cfg1 2 1 0 0 na na
10 65433.728350291213 0.008874167530 cfg1 2 1 0 0 na na
10 65433.935350264057 0.008880557904 cfg1 2 1 0 0 na na
10 65433.957350284778 0.008881264004 cfg1 2 1 0 0 na na
10 65434.089350321884 0.008885345568 cfg1 2 1 0 0 na na
10 65434.162350312245 0.008887593233 cfg1 2 1 0 0 na na
10 65434.163350347513 0.008887630636 cfg1 2 1 0 0 na na
10 65434.240350320503 0.008890013558 cfg1 2 1 0 0 na na
10 65434.283350304258 0.008891333518 cfg1 2 1 0 0 na na
10 65434.341350283675 0.008893140165 cfg1 2 1 0 0 na na
10 65434.629350325757 0.008902076898 cfg1 2 1 0 0 na na
10 65434.693350295020 0.008904062428 cfg1 2 1 0 0 na na
10 65434.813350324842 0.008907790527 cfg1 2 2 0 0 na na
10 65434.891350292665 0.008910214128 cfg1 2 2 0 0 na na
10 65435.092350308382 0.008916465438 cfg1 2 1 0 0 na na
10 65435.293350333833 0.008922707485 cfg1 2 1 0 0 na na
10 65435.520350406361 0.008929795568 cfg1 2 1 0 0 na na
10 65435.982350316860 0.008944190031 cfg1 2 1 0 0 na na
10 65435.989350344189 0.008944419836 cfg1 2 1 0 0 na na
10 65436.000350273958 0.008944763685 cfg1 2 1 0 0 na na
10 65436.598350283315 0.008963474140 cfg1 2 1 0 0 na na
10 65436.627350311906 0.008964359278 cfg1 2 1 0 0 na na
10 65437.530350368386 0.008992708683 cfg1 2 1 0 0 na na
10 65437.745350338663 0.008999486598 cfg1 2 1 0 0 na na
10 65437.774350365110 0.009000381486 cfg1 2 1 0 0 na na
10 65437.882350347243 0.009003778046 cfg1 2 1 0 0 na na
10 65438.115350354011 0.009011125072 cfg1 2 1 0 0 na na
10 65438.181350321873 0.009013198935 cfg1 2 1 0 0 na na
10 65438.324350354078 0.009017716152 cfg1 2 1 0 0 na na
10 65438.696350327749 0.009029471124 cfg1 2 1 0 0 na na
10 65438.721350297235 0.009030247624 cfg1 2 1 0 0 na na
10 65438.894350256465 0.009035715734 cfg1 2 1 0 0 na na
10 65438.959350335443 0.009037780019 cfg1 2 1 0 0 na na
10 65438.969350271224 0.009038086239 cfg1 2 1 0 0 na na
10 65439.270350298753 0.009047625011 cfg1 2 1 0 0 na na
10 65439.375350327621 0.009050948954 cfg1 2 1 0 0 na na
10 65439.638350342044 0.009059286562 cfg1 2 1 0 0 na na
10 65439.688350375355 0.009060874800 cfg1 2 2 0 0 na na
10 65439.700350275369 0.009061245768 cfg1 2 1 0 0 na na
10 65439.889350287558 0.009067252202 cfg1 2 1 0 0 na na
10 65440.457350346258 0.009085320221 cfg1 2 1 0 0 na na
10 65440.509350313187 0.009086971907 cfg1 2 1 0 0 na na
10 65441.149350326089 0.009107364703 cfg1 2 1 0 0 na na
10 65441.234350309497 0.009110092387 cfg1 2 1 0 0 na na
10 65441.302350330718 0.009112265203 cfg1 2 1 0 0 na na
10 65441.390350313773 0.009115089574 cfg1 2 1 0 0 na na
10 65441.418350317914 0.009115966072 cfg1 2 1 0 0 na na
10 65441.436350361102 0.009116545906 cfg1 2 1 0 0 na na
10 65441.714350347001 0.009125436435 cfg1 2 1 0 0 na na
10 65442.008350328415 0.009134849939 cfg1 2 1 0 0 na na
10 65442.159350319349 0.009139690836 cfg1 2 1 0 0 na na
10 65442.363350349153 0.009146231624 cfg1 2 1 0 0 na na
10 65442.448350335956 0.009148961380 cfg1 2 1 0 0 na na
10 65442.782350285823 0.009159693050 cfg1 2 1 0 0 na na
10 65442.963350337856 0.009165519881 cfg1 2 1 0 0 na na
10 65442.965350316955 0.009165568457 cfg1 2 1 0 0 na na
10 65443.066350316520 0.009168824540 cfg1 2 1 0 0 na na
10 65443.500350368053 0.009182789927 cfg1 2 1 0 0 na na
10 65443.711350331473 0.009189599382 cfg1 2 1 0 0 na na
10 65443.781350380471 0.009191861176 cfg1 2 1 0 0 na na
10 65443.898350277465 0.009195648000 cfg1 2 1 0 0 na na
10 65444.031350371814 0.009199926807 cfg1 2 1 0 0 na na
10 65444.152350315590 0.009203840540 cfg1 2 1 0 0 na na
10 65444.244350329960 0.009206802919 cfg1 2 1 0 0 na na
10 65444.256350259120 0.009207192681 cfg1 2 1 0 0 na na
10 65444.340350362321 0.009209905672 cfg1 2 1 0 0 na na
10 65444.768350288130 0.009223756077 cfg1 2 1 0 0 na na
10 65444.822350316272 0.009225514703 cfg1 2 1 0 0 na na
10 65444.860350296680 0.009226732980 cfg1 2 1 0 0 na na
10 65445.229350309927 0.009238717772 cfg1 2 1 0 0 na na
10 65445.258350349053 0.009239652232 cfg1 2 1 0 0 na na
10 65445.539350306675 0.009248767955 cfg1 2 1 0 0 na na
10 65445.733350314414 0.009255080456 cfg1 2 1 0 0 na na
10 65445.847350289183 0.009258787693 cfg1 2 1 0 0 na na
10 65445.857350322057 0.009259107816 cfg1 2 1 0 0 na na
10 65445.910350345373 0.009260851092 cfg1 2 1 0 0 na na
10 65445.915350328718 0.009261004829 cfg1 2 1 0 0 na na
10 65446.108350329485 0.009267282281 cfg1 2 1 0 0 na na
10 65446.282350280145 0.009272949604 cfg1 2 1 0 0 na na
10 65446.353350317318 0.009275252792 cfg1 2 1 0 0 na na
10 65446.428350317509 0.009277707670 cfg1 2 1 0 0 na na
10 65446.624350307325 0.009284089484 cfg1 2 1 0 0 na na
10 65446.813350289877 0.009290272219 cfg1 2 1 0 0 na na
10 65446.836350304676 0.009291025924 cfg1 2 1 0 0 na na
10 65446.852350333573 0.009291540907 cfg1 2 1 0 0 na na
10 65447.106350286821 0.009299838407 cfg1 2 1 0 0 na na
10 65447.299350286044 0.009306161793 cfg1 2 1 0 0 na na
10 65447.411350302301 0.009309823944 cfg1 2 1 0 0 na na
10 65447.427350301513 0.009310344246 cfg1 2 1 0 0 na na
10 65447.637350297715 0.009317226674 cfg1 2 1 0 0 na na
10 65447.717350349577 0.009319830453 cfg1 2 1 0 0 na na
10 65447.786350372356 0.009322084689 cfg1 2 1 0 0 na na
10 65447.951350242227 0.009327509587 cfg1 2 1 0 0 na na
10 65447.987350362989 0.009328694669 cfg1 2 1 0 0 na na
10 65448.003350354081 0.009329208906 cfg1 2 1 0 0 na na
10 65448.108350322544 0.009332653207 cfg1 2 1 0 0 na na
10 65448.121350322412 0.009333086889 cfg1 2 1 0 0 na na
10 65448.161350284233 0.009334388138 cfg1 2 1 0 0 na na
10 65448.249350298353 0.009337275288 cfg1 2 1 0 0 na na
10 65448.477350339339 0.009344758441 cfg1 2 1 0 0 na na
10 65448.801350312981 0.009355421950 cfg1 2 1 0 0 na na
10 65449.069350306197 0.009364237006 cfg1 2 1 0 0 na na
10 65449.202350318785 0.009368609833 cfg1 2 1 0 0 na na
10 65449.209350279115 0.009368835200 cfg1 2 1 0 0 na na
10 65449.238350333898 0.009369795727 cfg1 2 1 0 0 na na
10 65449.619350324444 0.009382344675 cfg1 2 1 0 0 na na
10 65450.571350348081 0.009413827257 cfg1 2 1 0 0 na na
10 65450.924350422841 0.009425521903 cfg1 2 1 0 0 na na
10 65450.973350311986 0.009427139543 cfg1 2 1 0 0 na na
10 65451.289350331809 0.009437620447 cfg1 2 1 0 0 na na
10 65451.326350293821 0.009438831729 cfg1 2 1 0 0 na na
10 65451.953350326749 0.009459672847 cfg1 2 2 0 0 na na
10 65451.969350298407 0.009460204882 cfg1 2 1 0 0 na na
10 65452.118350299347 0.009465170235 cfg1 2 1 0 0 na na
10 65452.188350330251 0.009467493298 cfg1 2 1 0 0 na na
10 65452.397350317867 0.009474453297 cfg1 2 1 0 0 na na
10 65452.728350345801 0.009485487126 cfg1 2 1 0 0 na na
10 65452.948350340427 0.009492823066 cfg1 2 1 0 0 na na
10 65452.951350322204 0.009492933890 cfg1 2 1 0 0 na na
10 65453.376350259406 0.009507122605 cfg1 2 1 0 0 na na
10 65453.521350339581 0.009511974225 cfg1 2 1 0 0 na na
10 65453.547350363636 0.009512857616 cfg1 2 1 0 0 na na
10 65453.749350312673 0.009519614505 cfg1 2 1 0 0 na na
10 65454.044350324394 0.009529478230 cfg1 2 1 0 0 na na
10 65454.287350267976 0.009537625400 cfg1 2 1 0 0 na na
10 65454.314350342220 0.009538531449 cfg1 2 1 0 0 na na
10 65454.339350327410 0.009539369884 cfg1 2 1 0 0 na na
10 65454.351350289457 0.009539779788 cfg1 2 1 0 0 na na
10 65454.427350260588 0.009542311380 cfg1 2 1 0 0 na na
10 65454.608350328508 0.009548408929 cfg1 2 1 0 0 na na
10 65454.788350312014 0.009554432924 cfg1 2 1 0 0 na na
10 65454.809350335261 0.009555149787 cfg1 2 1 0 0 na na
10 65455.105350277372 0.009565105842 cfg1 2 1 0 0 na na
10 65455.145350306070 0.009566439066 cfg1 2 1 0 0 na na
10 65455.200350304886 0.009568287365 cfg1 2 1 0 0 na na
10 65455.406350322680 0.009575219810 cfg1 2 1 0 0 na na
10 65455.551350312803 0.009580103733 cfg1 2 1 0 0 na na
10 65455.794350417442 0.009588288827 cfg1 2 1 0 0 na na
10 65455.796350313070 0.009588367124 cfg1 2 1 0 0 na na
10 65455.912350306363 0.009592262479 cfg1 2 1 0 0 na na
10 65456.139350310845 0.009599914936 cfg1 2 1 0 0 na na
10 65456.142350326820 0.009600012112 cfg1 2 1 0 0 na na
10 65456.167350267718 0.009600870262 cfg1 2 1 0 0 na na
10 65456.257350355456 0.009603916964 cfg1 2 1 0 0 na na
10 65456.312350319217 0.009605753176 cfg1 2 1 0 0 na na
10 65456.327350343475 0.009606264632 cfg1 2 1 0 0 na na
10 65456.487350388195 0.009611668807 cfg1 2 1 0 0 na na
10 65456.547350296999 0.009613693942 cfg1 2 1 0 0 na na
10 65456.744350352139 0.009620356950 cfg1 2 1 0 0 na na
10 65456.847350355616 0.009623831271 cfg1 2 1 0 0 na na
10 65456.876350325453 0.009624823056 cfg1 2 1 0 0 na na
10 65456.902350337713 0.009625689921 cfg1 2 1 0 0 na na
10 65457.042350328126 0.009630433101 cfg1 2 1 0 0 na na
10 65457.142350281381 0.009633820481 cfg1 2 1 0 0 na na
10 65457.509350318356 0.009646246832 cfg1 2 1 0 0 na na
10 65457.679350303074 0.009652022056 cfg1 2 1 0 0 na na
10 65457.834350289001 0.009657274733 cfg1 2 1 0 0 na na
10 65457.907350296927 0.009659748252 cfg1 2 1 0 0 na na
10 65457.923350280730 0.009660282517 cfg1 2 1 0 0 na na
10 65458.532350279455 0.009680988304 cfg1 2 1 0 0 na na
10 65458.761350352886 0.009688774368 cfg1 2 1 0 0 na na
10 65458.762350329255 0.009688807946 cfg1 2 1 0 0 na na
10 65459.033350322533 0.009698021241 cfg1 2 1 0 0 na na
10 65459.042350288780 0.009698348572 cfg1 2 1 0 0 na na
10 65459.165350377200 0.009702537234 cfg1 2 1 0 0 na na
10 65459.497350350541 0.009713842983 cfg1 2 1 0 0 na na
10 65459.608350313124 0.009717626033 cfg1 2 1 0 0 na na
10 65459.655350348798 0.009719231274 cfg1 2 1 0 0 na na
10 65459.688350255448 0.009720366395 cfg1 2 1 0 0 na na
10 65459.712350302139 0.009721186290 cfg1 2 1 0 0 na na
10 65459.852350279474 0.009725971894 cfg1 2 1 0 0 na na
10 65460.008350286882 0.009731304807 cfg1 2 1 0 0 na na
10 65460.037350357779 0.009732284380 cfg1 2 1 0 0 na na
10 65460.271350332559 0.009740275294 cfg1 2 1 0 0 na na
10 65460.552350278085 0.009749894895 cfg1 2 1 0 0 na na
10 65460.558350277447 0.009750087301 cfg1 2 1 0 0 na na
10 65460.753350318559 0.009756784129 cfg1 2 1 0 0 na na
10 65460.760350344719 0.009757011899 cfg1 2 1 0 0 na na
10 65460.766350337330 0.009757218623 cfg1 2 1 0 0 na na
10 65460.978350309945 0.009764494499 cfg1 2 1 0 0 na na
10 65461.055350357760 0.009767113527 cfg1 2 1 0 0 na na
10 65461.097350318707 0.009768578458 cfg1 2 1 0 0 na na
10 65461.300350384640 0.009775523050 cfg1 2 1 0 0 na na
10 65461.421350312677 0.009779674897 cfg1 2 2 0 0 na na
10 65461.492350341411 0.009782110901 cfg1 2 1 0 0 na na
10 65461.499350301452 0.009782351106 cfg1 2 1 0 0 na na
10 65461.525350282109 0.009783243585 cfg1 2 1 0 0 na na
10 65461.576350332466 0.009784994320 cfg1 2 2 0 0 na na
10 65461.783350363230 0.009792103014 cfg1 2 1 0 0 na na
10 65461.847350278480 0.009794312578 cfg1 2 1 0 0 na na
10 65461.891350369377 0.009795813912 cfg1 2 1 0 0 na na
10 65462.124350311361 0.009803823467 cfg1 2 2 0 0 na na
10 65462.240350341222 0.009807828885 cfg1 2 1 0 0 na na
10 65462.264350321685 0.009808629314 cfg1 2 1 0 0 na na
10 65462.482350340749 0.009816150677 cfg1 2 1 0 0 na na
10 65462.543350291318 0.009818244067 cfg1 2 1 0 0 na na
10 65462.567350332561 0.009819064633 cfg1 2 1 0 0 na na
10 65462.688350287416 0.009823235106 cfg1 2 1 0 0 na na
10 65462.780350349381 0.009826397354 cfg1 2 1 0 0 na na
10 65462.886350309322 0.009830057652 cfg1 2 2 0 0 na na
10 65462.962350315890 0.009832669219 cfg1 2 1 0 0 na na
10 65463.008350253730 0.009834263181 cfg1 2 1 0 0 na na
10 65463.014350315047 0.009834467957 cfg1 2 1 0 0 na na
10 65463.032350304543 0.009835086858 cfg1 2 1 0 0 na na
10 65463.304350313288 0.009844474173 cfg1 2 2 0 0 na na
10 65463.309350299036 0.009844646700 cfg1 2 2 0 0 na na
10 65463.401350294974 0.009847822278 cfg1 2 2 0 0 na na
10 65463.485350294583 0.009850711287 cfg1 2 1 0 0 na na
10 65463.522350262497 0.009851989525 cfg1 2 1 0 0 na na
10 65463.771350359251 0.009860613996 cfg1 2 1 0 0 na na
10 65463.776350310220 0.009860786107 cfg1 2 1 0 0 na na
10 65463.783350298775 0.009861013242 cfg1 2 1 0 0 na na
10 65463.933350294450 0.009866202179 cfg1 2 1 0 0 na na
10 65464.106350326522 0.009872197622 cfg1 2 1 0 0 na na
10 65464.175350368109 0.009874572225 cfg1 2 1 0 0 na na
10 65464.443350302028 0.009883848776 cfg1 2 1 0 0 na na
10 65464.466350280754 0.009884657468 cfg1 2 1 0 0 na na
10 65464.493350291098 0.009885572116 cfg1 2 1 0 0 na na
10 65464.560350326490 0.009887913998 cfg1 2 1 0 0 na na
10 65464.677350337801 0.009891954524 cfg1 2 1 0 0 na na
10 65464.684350276048 0.009892193744 cfg1 2 1 0 0 na na
10 65464.923350282792 0.009900475500 cfg1 2 1 0 0 na na
10 65465.052350299314 0.009904950995 cfg1 2 1 0 0 na na
10 65465.161350319915 0.009908727896 cfg1 2 1 0 0 na na
10 65465.164350294483 0.009908830471 cfg1 2 1 0 0 na na
10 65465.344350311094 0.009915094259 cfg1 2 1 0 0 na na
10 65465.418350292460 0.009917670741 cfg1 2 1 0 0 na na
10 65465.607350299847 0.009924224373 cfg1 2 1 0 0 na na
10 65465.613350299669 0.009924432936 cfg1 2 1 0 0 na na
10 65465.758350291310 0.009929486610 cfg1 2 1 0 0 na na
10 65465.939350335651 0.009935765544 cfg1 2 1 0 0 na na
10 65465.973350332965 0.009936945323 cfg1 2 1 0 0 na na
10 65466.130350316832 0.009942422402 cfg1 2 1 0 0 na na
10 65466.135350269342 0.009942576181 cfg1 2 1 0 0 na na
10 65466.323350254632 0.009949127264 cfg1 2 1 0 0 na na
10 65466.386350352578 0.009951311699 cfg1 2 1 0 0 na na
10 65466.563350287928 0.009957495248 cfg1 2 1 0 0 na na
10 65466.737350355989 0.009963563841 cfg1 2 1 0 0 na na
10 65466.763350276047 0.009964464400 cfg1 2 1 0 0 na na
10 65466.809350295022 0.009966061213 cfg1 2 1 0 0 na na
10 65466.856350367330 0.009967703616 cfg1 2 1 0 0 na na
10 65467.045350290163 0.009974292325 cfg1 2 1 0 0 na na
10 65467.190350292984 0.009979347457 cfg1 2 1 0 0 na na
10 65467.254350341344 0.009981586392 cfg1 2 2 0 0 na na
10 65467.468350303997 0.009989050834 cfg1 2 1 0 0 na na
10 65467.646350290030 0.009995278767 cfg1 2 2 0 0 na na
10 65467.782350385675 0.010000021553 cfg1 2 1 0 0 na na
10 65467.784350313576 0.010000108300 cfg1 2 1 0 0 na na
10 65467.827350325305 0.010001604336 cfg1 2 1 0 0 na na
10 65467.958350342921 0.010006190662 cfg1 2 1 0 0 na na
10 65468.023350308774 0.010008461440 cfg1 2 2 0 0 na na
10 65468.037350332970 0.010008951234 cfg1 2 2 0 0 na na
10 65468.255350315554 0.010016589631 cfg1 2 1 0 0 na na
10 65468.287350331982 0.010017697804 cfg1 2 1 0 0 na na
10 65468.345350322927 0.010019747438 cfg1 2 1 0 0 na na
10 65468.516350319482 0.010025720315 cfg1 2 1 0 0 na na
10 65468.923350327294 0.010039976068 cfg1 2 1 0 0 na na
10 65468.994350319343 0.010042474066 cfg1 2 1 0 0 na na
10 65469.097350318878 0.010046092614 cfg1 2 2 0 0 na na
10 65469.191350287757 0.010049391538 cfg1 2 2 0 0 na na
10 65469.346350240679 0.010054846404 cfg1 2 1 0 0 na na
10 65469.381350310835 0.010056063351 cfg1 2 1 0 0 na na
10 65469.997350321224 0.010077719917 cfg1 2 1 0 0 na na
10 65470.492350346864 0.010095137782 cfg1 2 2 0 0 na na
10 65470.637350333820 0.010100236736 cfg1 2 1 0 0 na na
10 65470.686350321360 0.010101976691 cfg1 2 1 0 0 na na
10 65470.701350309787 0.010102496660 cfg1 2 1 0 0 na na
10 65470.939350272434 0.010110887333 cfg1 2 1 0 0 na na
10 65471.173350358542 0.010119141611 cfg1 2 1 0 0 na na
10 65471.243350338078 0.010121624333 cfg1 2 1 0 0 na na
10 65471.317350347438 0.010124245825 cfg1 2 1 0 0 na na
10 65471.426350318606 0.010128079322 cfg1 2 1 0 0 na na
10 65471.489350292339 0.010130297092 cfg1 2 1 0 0 na na
10 65471.496350344901 0.010130551500 cfg1 2 2 0 0 na na
10 65471.835350312127 0.010142542555 cfg1 2 1 0 0 na na
10 65472.009350336853 0.010148676185 cfg1 2 1 0 0 na na
10 65472.089350357459 0.010151515551 cfg1 2 1 0 0 na na
10 65472.232350301900 0.010156572560 cfg1 2 1 0 0 na na
10 65472.269350343357 0.010157881952 cfg1 2 1 0 0 na na
10 65472.358350326105 0.010161032334 cfg1 2 1 0 0 na na
10 65472.557350284448 0.010168079021 cfg1 2 1 0 0 na na
10 65472.565350377734 0.010168362417 cfg1 2 2 0 0 na na
10 65472.939350357420 0.010181616162 cfg1 2 1 0 0 na na
10 65472.982350351281 0.010183144752 cfg1 2 1 0 0 na na
10 65472.995350371507 0.010183612629 cfg1 2 1 0 0 na na
10 65473.170350330326 0.010189822773 cfg1 2 1 0 0 na na
10 65473.288350348261 0.010193983507 cfg1 2 1 0 0 na na
10 65473.576350367397 0.010204231814 cfg1 2 1 0 0 na na
10 65473.639350351124 0.010206457721 cfg1 2 2 0 0 na na
10 65473.651350281941 0.010206883975 cfg1 2 2 0 0 na na
10 65473.653350303204 0.010206955012 cfg1 2 2 0 0 na na
10 65473.682350343741 0.010207985095 cfg1 2 2 0 0 na na
10 65474.124350412265 0.010223683985 cfg1 2 1 0 0 na na
10 65474.187350361760 0.010225951919 cfg1 2 1 0 0 na na
10 65474.644350277474 0.010242194701 cfg1 2 1 0 0 na na
10 65474.867350339372 0.010250145786 cfg1 2 2 0 0 na na
10 65475.110350301462 0.010258807299 cfg1 2 2 0 0 na na
10 65475.159350306120 0.010260554686 cfg1 2 2 0 0 na na
10 65475.295350377039 0.010265404957 cfg1 2 2 0 0 na na
10 65475.337350263955 0.010266903246 cfg1 2 2 0 0 na na
10 65475.351350336483 0.010267417382 cfg1 2 1 0 0 na na
10 65475.521350300754 0.010273480228 cfg1 2 1 0 0 na na
10 65475.526350370695 0.010273663906 cfg1 2 1 0 0 na na
10 65475.711350336735 0.010280252197 cfg1 2 1 0 0 na na
10 65475.747350303540 0.010281547311 cfg1 2 1 0 0 na na
10 65475.823350310016 0.010284252289 cfg1 2 2 0 0 na na
10 65475.907350344889 0.010287252954 cfg1 2 2 0 0 na na
10 65475.947350327203 0.010288682106 cfg1 2 2 0 0 na na
10 65476.001350245214 0.010290621875 cfg1 2 1 0 0 na na
10 65476.030350305492 0.010291656142 cfg1 2 1 0 0 na na
10 65476.147350278254 0.010295830043 cfg1 2 1 0 0 na na
10 65476.271350315674 0.010300263571 cfg1 2 2 0 0 na na
10 65476.297350290849 0.010301193288 cfg1 2 2 0 0 na na
10 65476.324350280275 0.010302149912 cfg1 2 1 0 0 na na
10 65476.351350292853 0.010303133971 cfg1 2 1 0 0 na na
10 65476.360350325195 0.010303458238 cfg1 2 1 0 0 na na
10 65476.487350353841 0.010307989910 cfg1 2 2 0 0 na na
10 65476.641350258527 0.010313493288 cfg1 2 1 0 0 na na
10 65476.663350332611 0.010314288250 cfg1 2 2 0 0 na na
10 65476.681350295009 0.010314921867 cfg1 2 1 0 0 na na
10 65476.817350308670 0.010319801660 cfg1 2 2 0 0 na na
10 65476.829350301640 0.010320219860 cfg1 2 1 0 0 na na
10 65476.865350351871 0.010321520946 cfg1 2 1 0 0 na na
10 65476.989350311173 0.010325962048 cfg1 2 2 0 0 na na
10 65477.181350354777 0.010332837999 cfg1 2 1 0 0 na na
10 65477.194350306431 0.010333307840 cfg1 2 2 0 0 na na
10 65477.291350338422 0.010336786220 cfg1 2 1 0 0 na na
10 65477.340350286174 0.010338543675 cfg1 2 1 0 0 na na
10 65477.407350345865 0.010340941392 cfg1 2 1 0 0 na na
10 65477.471350363944 0.010343256058 cfg1 2 1 0 0 na na
10 65477.649350335278 0.010349634189 cfg1 2 1 0 0 na na
10 65477.684350332552 0.010350896441 cfg1 2 1 0 0 na na
10 65477.763350351018 0.010353722410 cfg1 2 1 0 0 na na
10 65477.804350321657 0.010355202744 cfg1 2 1 0 0 na na
10 65477.837350343824 0.010356363274 cfg1 2 1 0 0 na na
10 65478.046350331972 0.010363877331 cfg1 2 2 0 0 na na
10 65478.198350275997 0.010369328967 cfg1 2 1 0 0 na na
10 65478.211350335850 0.010369814670 cfg1 2 1 0 0 na na
10 65478.303350364065 0.010373111042 cfg1 2 1 0 0 na na
10 65478.342350333003 0.010374500707 cfg1 2 1 0 0 na na
10 65478.402350357222 0.010376669566 cfg1 2 2 0 0 na na
10 65478.474350301055 0.010379261752 cfg1 2 1 0 0 na na
10 65478.595350344891 0.010383609232 cfg1 2 2 0 0 na na
10 65478.645350341396 0.010385402206 cfg1 2 1 0 0 na na
10 65478.811350335351 0.010391379836 cfg1 2 2 0 0 na na
10 65478.848350263714 0.010392718712 cfg1 2 1 0 0 na na
10 65479.099350259865 0.010401747017 cfg1 2 2 0 0 na na
10 65479.116350272086 0.010402359151 cfg1 2 2 0 0 na na
10 65479.410350353093 0.010412945210 cfg1 2 1 0 0 na na
10 65479.424350306559 0.010413454650 cfg1 2 2 0 0 na na
10 65479.497350363821 0.010416090187 cfg1 2 1 0 0 na na
10 65479.512350322905 0.010416632490 cfg1 2 1 0 0 na na
10 65479.528350263915 0.010417209694 cfg1 2 1 0 0 na na
10 65479.563350350880 0.010418476829 cfg1 2 1 0 0 na na
10 65479.609350317825 0.010420120214 cfg1 2 1 0 0 na na
10 65479.615350264213 0.010420327877 cfg1 2 1 0 0 na na
10 65479.632350262753 0.010420960085 cfg1 2 1 0 0 na na
10 65479.643350312966 0.010421349007 cfg1 2 2 0 0 na na
10 65479.706350242735 0.010423629223 cfg1 2 1 0 0 na na
10 65479.711350349014 0.010423801034 cfg1 2 2 0 0 na na
10 65479.751350368115 0.010425243598 cfg1 2 2 0 0 na na
10 65479.829350311473 0.010428057016 cfg1 2 2 0 0 na na
10 65479.845350305164 0.010428634215 cfg1 2 2 0 0 na na
10 65479.954350318057 0.010432566915 cfg1 2 2 0 0 na na
10 65479.967350272465 0.010433029017 cfg1 2 1 0 0 na na
10 65480.012350332813 0.010434646964 cfg1 2 1 0 0 na na
10 65480.051350334207 0.010436066788 cfg1 2 1 0 0 na na
10 65480.215350346111 0.010441987519 cfg1 2 2 0 0 na na
10 65480.225350291454 0.010442348557 cfg1 2 2 0 0 na na
10 65480.318350299482 0.010445713945 cfg1 2 1 0 0 na na
10 65480.459350280326 0.010450799948 cfg1 2 2 0 0 na na
10 65480.669350332288 0.010458387655 cfg1 2 1 0 0 na na
10 65480.721350313518 0.010460268111 cfg1 2 2 0 0 na na
10 65480.752350307293 0.010461388793 cfg1 2 2 0 0 na na
10 65480.754350313917 0.010461461181 cfg1 2 2 0 0 na na
10 65480.787350342411 0.010462654139 cfg1 2 2 0 0 na na
10 65480.880350267809 0.010466004208 cfg1 2 1 0 0 na na
10 65480.904350342881 0.010466900587 cfg1 2 1 0 0 na na
10 65481.106350287885 0.010474191893 cfg1 2 1 0 0 na na
10 65481.278350285328 0.010480432288 cfg1 2 1 0 0 na na
10 65481.353350301966 0.010483123280 cfg1 2 1 0 0 na na
10 65481.425350292120 0.010485738415 cfg1 2 2 0 0 na na
10 65481.497350336198 0.010488362449 cfg1 2 1 0 0 na na
10 65481.519350330236 0.010489142439 cfg1 2 2 0 0 na na
10 65481.555350338356 0.010490462735 cfg1 2 1 0 0 na na
10 65481.623350316885 0.010492911445 cfg1 2 1 0 0 na na
10 65481.679350342104 0.010494927989 cfg1 2 1 0 0 na na
10 65481.812350278382 0.010499766252 cfg1 2 1 0 0 na na
10 65481.815350313129 0.010499866579 cfg1 2 2 0 0 na na
10 65481.870350345960 0.010501855459 cfg1 2 1 0 0 na na
10 65482.035350315983 0.010507833877 cfg1 2 1 0 0 na na
10 65482.049350351891 0.010508350164 cfg1 2 1 0 0 na na
10 65482.163350364926 0.010512497725 cfg1 2 1 0 0 na na
10 65482.207350329104 0.010514079953 cfg1 2 2 0 0 na na
10 65482.314350369063 0.010517964543 cfg1 2 1 0 0 na na
10 65482.325350370680 0.010518361030 cfg1 2 2 0 0 na na
10 65482.466350330849 0.010523472506 cfg1 2 1 0 0 na na
10 65482.599350308862 0.010528317224 cfg1 2 1 0 0 na na
10 65482.713350352012 0.010532446032 cfg1 2 1 0 0 na na
10 65482.716350326739 0.010532543024 cfg1 2 1 0 0 na na
10 65482.959350327743 0.010541383837 cfg1 2 1 0 0 na na
10 65483.171350303077 0.010549086748 cfg1 2 1 0 0 na na
10 65483.312350350487 0.010554215369 cfg1 2 2 0 0 na na
10 65483.434350303042 0.010558665152 cfg1 2 1 0 0 na na
10 65483.447350350133 0.010559114444 cfg1 2 1 0 0 na na
10 65483.453350341660 0.010559338480 cfg1 2 1 0 0 na na
10 65483.492350328192 0.010560767129 cfg1 2 1 0 0 na na
10 65483.803350378320 0.010572093562 cfg1 2 1 0 0 na na
10 65483.904350267220 0.010575759713 cfg1 2 2 0 0 na na
10 65484.286350324519 0.010589666655 cfg1 2 1 0 0 na na
10 65484.488350336281 0.010597028343 cfg1 2 1 0 0 na na
10 65484.552350342044 0.010599389186 cfg1 2 1 0 0 na na
10 65484.554350271827 0.010599448409 cfg1 2 2 0 0 na na
10 65484.672350300756 0.010603765852 cfg1 2 1 0 0 na na
10 65484.685350263455 0.010604226594 cfg1 2 2 0 0 na na
10 65484.838350365217 0.010609809352 cfg1 2 1 0 0 na na
10 65484.857350339665 0.010610502287 cfg1 2 2 0 0 na na
10 65485.525350305022 0.010634915251 cfg1 2 1 0 0 na na
10 65485.779350320406 0.010644185448 cfg1 2 2 0 0 na na
10 65485.780350300812 0.010644222059 cfg1 2 2 0 0 na na
10 65485.796350371637 0.010644821880 cfg1 2 1 0 0 na na
10 65485.985350259850 0.010651720571 cfg1 2 1 0 0 na na
10 65486.546350264548 0.010672247151 cfg1 2 1 0 0 na na
10 65486.594350304581 0.010674016902 cfg1 2 2 0 0 na na
10 65486.681350314325 0.010677208095 cfg1 2 1 0 0 na na
10 65486.698350338126 0.010677844320 cfg1 2 1 0 0 na na
10 65486.727350365655 0.010678892018 cfg1 2 1 0 0 na na
10 65486.740350378358 0.010679383112 cfg1 2 1 0 0 na na
10 65486.748350262398 0.010679670963 cfg1 2 1 0 0 na na
10 65486.789350301408 0.010681176258 cfg1 2 1 0 0 na na
10 65486.899350265350 0.010685186459 cfg1 2 1 0 0 na na
10 65486.927350359792 0.010686221052 cfg1 2 1 0 0 na na
10 65486.972350318013 0.010687883409 cfg1 2 1 0 0 na na
10 65487.082350297819 0.010691906615 cfg1 2 1 0 0 na na
10 65487.178350333556 0.010695414615 cfg1 2 1 0 0 na na
10 65487.183350341304 0.010695609275 cfg1 2 2 0 0 na na
10 65487.214350264456 0.010696746498 cfg1 2 2 0 0 na na
10 65487.229350308363 0.010697296893 cfg1 2 2 0 0 na na
10 65487.313350258071 0.010700389196 cfg1 2 1 0 0 na na
10 65487.386350315511 0.010703045507 cfg1 2 1 0 0 na na
10 65487.453350339235 0.010705516698 cfg1 2 2 0 0 na na
10 65487.505350305518 0.010707414990 cfg1 2 1 0 0 na na
10 65487.519350249017 0.010707942914 cfg1 2 1 0 0 na na
10 65487.532350284144 0.010708417149 cfg1 2 1 0 0 na na
10 65487.627350362109 0.010711909884 cfg1 2 1 0 0 na na
10 65487.690350260686 0.010714224360 cfg1 2 1 0 0 na na
10 65487.738350293570 0.010715980511 cfg1 2 1 0 0 na na
10 65487.919350252641 0.010722629406 cfg1 2 2 0 0 na na
10 65488.070350266715 0.010728168398 cfg1 2 1 0 0 na na
10 65488.141350292507 0.010730798119 cfg1 2 1 0 0 na na
10 65488.475350348036 0.010743062409 cfg1 2 1 0 0 na na
10 65488.580350345248 0.010746929490 cfg1 2 1 0 0 na na
10 65488.597350254052 0.010747557590 cfg1 2 1 0 0 na na
10 65488.621350351993 0.010748442576 cfg1 2 1 0 0 na na
10 65488.756350271441 0.010753423994 cfg1 2 1 0 0 na na
10 65488.888350334461 0.010758281043 cfg1 2 1 0 0 na na
10 65488.996350312394 0.010762245557 cfg1 2 1 0 0 na na
10 65489.062350289836 0.010764676259 cfg1 2 2 0 0 na na
10 65489.072350322457 0.010765044584 cfg1 2 2 0 0 na na
10 65489.156350348810 0.010768138783 cfg1 2 2 0 0 na na
10 65489.234350270731 0.010771017765 cfg1 2 1 0 0 na na
10 65489.262350311718 0.010772044071 cfg1 2 2 0 0 na na
10 65489.267350293230 0.010772233030 cfg1 2 1 0 0 na na
10 65489.293350336579 0.010773186361 cfg1 2 2 0 0 na na
10 65489.436350242531 0.010778464410 cfg1 2 1 0 0 na na
10 65489.556350267707 0.010782880440 cfg1 2 2 0 0 na na
10 65489.732350362297 0.010789384838 cfg1 2 1 0 0 na na
10 65489.751350341701 0.010790071494 cfg1 2 2 0 0 na na
10 65489.815350321454 0.010792432298 cfg1 2 2 0 0 na na
10 65489.817350316196 0.010792516364 cfg1 2 1 0 0 na na
10 65489.851350311895 0.010793760325 cfg1 2 2 0 0 na na
10 65489.895350360896 0.010795399752 cfg1 2 1 0 0 na na
10 65490.114350259435 0.010803465826 cfg1 2 2 0 0 na na
10 65490.127350337819 0.010803945728 cfg1 2 2 0 0 na na
10 65490.173350289863 0.010805651967 cfg1 2 1 0 0 na na
10 65490.191350362885 0.010806318333 cfg1 2 1 0 0 na na
10 65490.207350371367 0.010806905734 cfg1 2 1 0 0 na na
10 65490.307350336581 0.010810591409 cfg1 2 2 0 0 na na
10 65490.451350301146 0.010815906709 cfg1 2 1 0 0 na na
10 65490.481350318561 0.010817007646 cfg1 2 1 0 0 na na
10 65490.561350286160 0.010819979432 cfg1 2 1 0 0 na na
10 65490.577350313812 0.010820564763 cfg1 2 2 0 0 na na
10 65490.611350298464 0.010821821049 cfg1 2 2 0 0 na na
10 65490.677350311287 0.010824252846 cfg1 2 1 0 0 na na
10 65490.700350293055 0.010825111018 cfg1 2 1 0 0 na na
10 65490.795350271244 0.010828628425 cfg1 2 1 0 0 na na
10 65490.936350363030 0.010833834219 cfg1 2 1 0 0 na na
10 65490.947350290678 0.010834255440 cfg1 2 1 0 0 na na
10 65490.990350301924 0.010835839642 cfg1 2 1 0 0 na na
10 65491.114350304483 0.010840417227 cfg1 2 2 0 0 na na
10 65491.128350308821 0.010840935964 cfg1 2 1 0 0 na na
10 65491.133350321843 0.010841120080 cfg1 2 2 0 0 na na
10 65491.194350266945 0.010843364955 cfg1 2 1 0 0 na na
10 65491.227350318768 0.010844594349 cfg1 2 1 0 0 na na
10 65491.285350310675 0.010846743553 cfg1 2 2 0 0 na na
10 65491.296350288325 0.010847163388 cfg1 2 1 0 0 na na
10 65491.434350346748 0.010852257887 cfg1 2 2 0 0 na na
10 65491.472350313445 0.010853659496 cfg1 2 1 0 0 na na
10 65491.683350313989 0.010861474171 cfg1 2 1 0 0 na na
10 65491.728350338929 0.010863138033 cfg1 2 1 0 0 na na
10 65491.918350319773 0.010870172112 cfg1 2 1 0 0 na na
10 65492.320350335003 0.010885092475 cfg1 2 1 0 0 na na
10 65492.391350309777 0.010887708063 cfg1 2 1 0 0 na na
10 65492.737350299702 0.010900551790 cfg1 2 2 0 0 na na
10 65492.773350249566 0.010901892364 cfg1 2 1 0 0 na na
10 65492.825350312588 0.010903832303 cfg1 2 1 0 0 na na
10 65492.923350336042 0.010907456017 cfg1 2 2 0 0 na na
10 65493.044350299824 0.010911938727 cfg1 2 1 0 0 na na
10 65493.152350284828 0.010915959968 cfg1 2 2 0 0 na na
10 65493.239350361508 0.010919200248 cfg1 2 1 0 0 na na
10 65493.391350261554 0.010924839461 cfg1 2 1 0 0 na na
10 65493.555350253493 0.010930938558 cfg1 2 1 0 0 na na
10 65493.574350273498 0.010931628726 cfg1 2 1 0 0 na na
10 65493.662350370026 0.010934913058 cfg1 2 2 0 0 na na
10 65493.664350323264 0.010934987476 cfg1 2 2 0 0 na na
10 65493.810350273623 0.010940416793 cfg1 2 2 0 0 na na
10 65493.811350342971 0.010940454003 cfg1 2 2 0 0 na na
10 65494.151350352575 0.010953091485 cfg1 2 1 0 0 na na
10 65494.253350326761 0.010956900455 cfg1 2 2 0 0 na na
10 65494.333350296915 0.010959878853 cfg1 2 2 0 0 na na
10 65494.433350402511 0.010963602456 cfg1 2 2 0 0 na na
10 65494.547350319145 0.010967850593 cfg1 2 1 0 0 na na
10 65494.872350330368 0.010979958412 cfg1 2 1 0 0 na na
10 65495.017350299980 0.010985372929 cfg1 2 1 0 0 na na
10 65495.178350341660 0.010991365769 cfg1 2 1 0 0 na na
10 65495.360350340475 0.010998151959 cfg1 2 1 0 0 na na
10 65495.405350290434 0.010999842918 cfg1 2 1 0 0 na na
10 65495.717350299798 0.011011477781 cfg1 2 2 0 0 na na
10 65495.760350302718 0.011013083110 cfg1 2 2 0 0 na na
10 65495.777350300088 0.011013717829 cfg1 2 2 0 0 na na
10 65495.782350388937 0.011013919697 cfg1 2 1 0 0 na na
10 65495.793350313460 0.011014315288 cfg1 2 2 0 0 na na
10 65496.053350339667 0.011024025696 cfg1 2 2 0 0 na na
10 65496.062350301754 0.011024367402 cfg1 2 1 0 0 na na
10 65496.132350334975 0.011026977159 cfg1 2 2 0 0 na na
10 65496.136350266567 0.011027120864 cfg1 2 1 0 0 na na
10 65496.209350327617 0.011029854444 cfg1 2 2 0 0 na na
10 65496.243350354516 0.011031123764 cfg1 2 1 0 0 na na
10 65496.323350323071 0.011034124367 cfg1 2 1 0 0 na na
10 65496.335350358740 0.011034563453 cfg1 2 2 0 0 na na
10 65496.379350318495 0.011036221690 cfg1 2 1 0 0 na na
10 65496.406350306540 0.011037213220 cfg1 2 1 0 0 na na
10 65496.566350273381 0.011043199635 cfg1 2 2 0 0 na na
10 65496.568350296374 0.011043274487 cfg1 2 2 0 0 na na
10 65496.580350355554 0.011043723167 cfg1 2 2 0 0 na na
10 65496.629350286435 0.011045566445 cfg1 2 1 0 0 na na
10 65496.631350297089 0.011045630392 cfg1 2 1 0 0 na na
10 65496.639350315567 0.011045929592 cfg1 2 2 0 0 na na
10 65496.681350370416 0.011047500441 cfg1 2 1 0 0 na na
10 65496.682350377194 0.011047537872 cfg1 2 2 0 0 na na
10 65496.684350353549 0.011047613435 cfg1 2 1 0 0 na na
10 65496.692350298241 0.011047911985 cfg1 2 2 0 0 na na
10 65496.698350309839 0.011048130078 cfg1 2 1 0 0 na na
10 65496.881350300623 0.011054973614 cfg1 2 1 0 0 na na
10 65496.883350368137 0.011055057303 cfg1 2 2 0 0 na na
10 65496.998350339901 0.011059360801 cfg1 2 2 0 0 na na
10 65497.064350296061 0.011061831031 cfg1 2 2 0 0 na na
10 65497.112350274265 0.011063627784 cfg1 2 2 0 0 na na
10 65497.240350304187 0.011068419874 cfg1 2 2 0 0 na na
10 65497.281350343481 0.011069955097 cfg1 2 2 0 0 na na
10 65497.308350267510 0.011070966175 cfg1 2 2 0 0 na na
10 65497.396350321377 0.011074273314 cfg1 2 1 0 0 na na
10 65497.452350279063 0.011076359405 cfg1 2 2 0 0 na na
10 65497.458350365143 0.011076600384 cfg1 2 1 0 0 na na
10 65497.771350300623 0.011088327425 cfg1 2 1 0 0 na na
10 65497.819350355727 0.011090101738 cfg1 2 1 0 0 na na
10 65497.955350332340 0.011095209809 cfg1 2 2 0 0 na na
10 65497.995350305591 0.011096709568 cfg1 2 2 0 0 na na
10 65498.095350357943 0.011100461683 cfg1 2 1 0 0 na na
10 65498.318350285420 0.011108827549 cfg1 2 1 0 0 na na
10 65498.491350319401 0.011115329046 cfg1 2 1 0 0 na na
10 65498.497350340919 0.011115551823 cfg1 2 1 0 0 na na
10 65498.637350419775 0.011120787974 cfg1 2 1 0 0 na na
10 65498.711350381150 0.011123585074 cfg1 2 1 0 0 na na
10 65498.774350326682 0.011125944915 cfg1 2 1 0 0 na na
10 65498.778350361724 0.011126091311 cfg1 2 2 0 0 na na
10 65498.886350358012 0.011130137295 cfg1 2 1 0 0 na na
10 65498.887350332798 0.011130196076 cfg1 2 1 0 0 na na
10 65499.000350328485 0.011134429633 cfg1 2 2 0 0 na na
10 65499.049350339809 0.011136270512 cfg1 2 2 0 0 na na
10 65499.070350358814 0.011137053670 cfg1 2 1 0 0 na na
10 65499.105350243017 0.011138388955 cfg1 2 1 0 0 na na
10 65499.332350257478 0.011146904652 cfg1 2 1 0 0 na na
10 65499.516350283611 0.011153817686 cfg1 2 1 0 0 na na
10 65499.538350291790 0.011154645833 cfg1 2 1 0 0 na na
10 65499.580350316800 0.011156225505 cfg1 2 1 0 0 na na
10 65499.736350352537 0.011162113774 cfg1 2 1 0 0 na na
10 65499.780350347554 0.011163766200 cfg1 2 1 0 0 na na
10 65499.803350288658 0.011164632239 cfg1 2 1 0 0 na na
10 65499.812350340555 0.011164950796 cfg1 2 1 0 0 na na
10 65499.911350299419 0.011168693733 cfg1 2 1 0 0 na na
10 65499.957350309625 0.011170401572 cfg1 2 1 0 0 na na
10 65500.086350292896 0.011175269900 cfg1 2 1 0 0 na na
10 65500.238350285804 0.011181007802 cfg1 2 1 0 0 na na
10 65500.255350338082 0.011181644294 cfg1 2 1 0 0 na na
10 65500.296350256850 0.011183180289 cfg1 2 1 0 0 na na
10 65500.321350353889 0.011184117674 cfg1 2 2 0 0 na na
10 65500.356350278615 0.011185449487 cfg1 2 1 0 0 na na
10 65500.399350271155 0.011187055259 cfg1 2 2 0 0 na na
10 65500.459350327198 0.011189306576 cfg1 2 1 0 0 na na
10 65500.589350386777 0.011194200576 cfg1 2 1 0 0 na na
10 65500.658350307370 0.011196812932 cfg1 2 2 0 0 na na
10 65500.691350353305 0.011198056513 cfg1 2 2 0 0 na na
10 65500.720350337780 0.011199162100 cfg1 2 1 0 0 na na
10 65501.002350335130 0.011209795604 cfg1 2 1 0 0 na na
10 65501.046350338575 0.011211428637 cfg1 2 1 0 0 na na
10 65501.181350333789 0.011216523266 cfg1 2 1 0 0 na na
10 65501.192350294708 0.011216943982 cfg1 2 1 0 0 na na
10 65501.234350292019 0.011218528987 cfg1 2 1 0 0 na na
10 65501.320350274595 0.011221772561 cfg1 2 1 0 0 na na
10 65501.547350314223 0.011230357171 cfg1 2 1 0 0 na na
10 65501.572350311433 0.011231298745 cfg1 2 1 0 0 na na
10 65501.777350311054 0.011239027497 cfg1 2 1 0 0 na na
10 65501.786350305692 0.011239360438 cfg1 2 1 0 0 na na
10 65501.802350331612 0.011239959723 cfg1 2 1 0 0 na na
10 65501.836350285840 0.011241241394 cfg1 2 1 0 0 na na
10 65501.899350352281 0.011243619578 cfg1 2 1 0 0 na na
10 65501.949350258013 0.011245518747 cfg1 2 1 0 0 na na
10 65501.975350281761 0.011246501219 cfg1 2 2 0 0 na na
10 65502.025350372575 0.011248389958 cfg1 2 2 0 0 na na
10 65502.038350272215 0.011248891129 cfg1 2 1 0 0 na na
10 65502.134350306596 0.011252506481 cfg1 2 1 0 0 na na
10 65502.142350323742 0.011252810315 cfg1 2 2 0 0 na na
10 65502.225350267934 0.011255955850 cfg1 2 1 0 0 na na
10 65502.272350340884 0.011257719857 cfg1 2 1 0 0 na na
10 65502.340350335742 0.011260293006 cfg1 2 2 0 0 na na
10 65502.511350302783 0.011266757523 cfg1 2 2 0 0 na na
10 65502.607350293532 0.011270387553 cfg1 2 2 0 0 na na
10 65502.747350359625 0.011275682546 cfg1 2 2 0 0 na na
10 65502.792350334321 0.011277384762 cfg1 2 2 0 0 na na
10 65502.797350306822 0.011277583443 cfg1 2 1 0 0 na na
10 65502.857350301746 0.011279852916 cfg1 2 1 0 0 na na
10 65502.866350350449 0.011280200199 cfg1 2 1 0 0 na na
10 65502.878350341660 0.011280638255 cfg1 2 2 0 0 na na
10 65502.886350320185 0.011280940967 cfg1 2 2 0 0 na na
10 65502.919350352285 0.011282182316 cfg1 2 1 0 0 na na
10 65502.955350279448 0.011283543493 cfg1 2 1 0 0 na na
10 65503.013350314193 0.011285746134 cfg1 2 1 0 0 na na
10 65503.070350324372 0.011287903762 cfg1 2 2 0 0 na na
10 65503.116350336631 0.011289650100 cfg1 2 1 0 0 na na
10 65503.164350313343 0.011291461112 cfg1 2 1 0 0 na na
10 65503.185350310917 0.011292256623 cfg1 2 2 0 0 na na
10 65503.225350276396 0.011293765994 cfg1 2 1 0 0 na na
10 65503.251350342369 0.011294764990 cfg1 2 1 0 0 na na
10 65503.269350344746 0.011295437909 cfg1 2 1 0 0 na na
10 65503.304350305192 0.011296760535 cfg1 2 1 0 0 na na
10 65503.544350301521 0.011305845189 cfg1 2 1 0 0 na na
10 65503.545350291282 0.011305891895 cfg1 2 1 0 0 na na
10 65503.631350267381 0.011309151642 cfg1 2 1 0 0 na na
10 65503.715350354138 0.011312337370 cfg1 2 1 0 0 na na
10 65503.913350320829 0.011319833010 cfg1 2 2 0 0 na na
10 65504.172350368804 0.011329652403 cfg1 2 2 0 0 na na
10 65504.213350292752 0.011331196682 cfg1 2 1 0 0 na na
10 65504.222350304977 0.011331556094 cfg1 2 1 0 0 na na
10 65504.347350306874 0.011336289616 cfg1 2 2 0 0 na na
10 65504.386350302197 0.011337775831 cfg1 2 1 0 0 na na
10 65504.390350373125 0.011337933657 cfg1 2 1 0 0 na na
10 65504.665350269880 0.011348361287 cfg1 2 1 0 0 na na
10 65504.693350298485 0.011349418329 cfg1 2 2 0 0 na na
10 65504.793350295884 0.011353218035 cfg1 2 1 0 0 na na
10 65504.803350283640 0.011353593825 cfg1 2 2 0 0 na na
10 65504.867350310094 0.011356040180 cfg1 2 1 0 0 na na
10 65504.890350365679 0.011356898806 cfg1 2 1 0 0 na na
10 65504.916350300096 0.011357884065 cfg1 2 2 0 0 na na
10 65505.010350285110 0.011361459394 cfg1 2 1 0 0 na na
10 65505.024350320774 0.011361986421 cfg1 2 1 0 0 na na
10 65505.096350330503 0.011364735899 cfg1 2 1 0 0 na na
10 65505.098350300173 0.011364788013 cfg1 2 1 0 0 na na
10 65505.147350308942 0.011366648950 cfg1 2 1 0 0 na na
10 65505.214350254202 0.011369202160 cfg1 2 2 0 0 na na
10 65505.256350285752 0.011370813766 cfg1 2 1 0 0 na na
10 65505.303350290804 0.011372576448 cfg1 2 1 0 0 na na
10 65505.356350317370 0.011374597488 cfg1 2 2 0 0 na na
10 65505.410350360159 0.011376648577 cfg1 2 1 0 0 na na
10 65505.434350293724 0.011377549377 cfg1 2 1 0 0 na na
10 65505.443350342765 0.011377909777 cfg1 2 1 0 0 na na
10 65505.485350272237 0.011379504104 cfg1 2 1 0 0 na na
10 65505.600350279468 0.011383862456 cfg1 2 1 0 0 na na
10 65505.651350354092 0.011385810072 cfg1 2 1 0 0 na na
10 65505.657350251727 0.011386045097 cfg1 2 1 0 0 na na
10 65505.660350322428 0.011386169351 cfg1 2 1 0 0 na na
10 65505.825350360809 0.011392426312 cfg1 2 2 0 0 na na
10 65505.848350375824 0.011393306603 cfg1 2 1 0 0 na na
10 65505.879350297100 0.011394480363 cfg1 2 2 0 0 na na
10 65505.885350247828 0.011394714306 cfg1 2 1 0 0 na na
10 65505.892350333908 0.011394979551 cfg1 2 1 0 0 na na
10 65505.930350270128 0.011396410476 cfg1 2 1 0 0 na na
10 65505.971350293258 0.011397995064 cfg1 2 1 0 0 na na
10 65506.033350339790 0.011400337445 cfg1 2 1 0 0 na na
10 65506.122350308394 0.011403728187 cfg1 2 1 0 0 na na
10 65506.126350315530 0.011403881999 cfg1 2 1 0 0 na na
10 65506.165350270415 0.011405360376 cfg1 2 2 0 0 na na
10 65506.246350375493 0.011408442834 cfg1 2 2 0 0 na na
10 65506.318350285860 0.011411198453 cfg1 2 1 0 0 na na
10 65506.437350328560 0.011415706065 cfg1 2 1 0 0 na na
10 65506.535350397529 0.011419441657 cfg1 2 1 0 0 na na
10 65506.689350324486 0.011425323013 cfg1 2 1 0 0 na na
10 65506.716350351825 0.011426337049 cfg1 2 2 0 0 na na
10 65506.879350294807 0.011432546267 cfg1 2 2 0 0 na na
10 65506.895350313372 0.011433155891 cfg1 2 2 0 0 na na
10 65506.896350308054 0.011433193936 cfg1 2 2 0 0 na na
10 65506.941350348590 0.011434902830 cfg1 2 1 0 0 na na
10 65506.944350311040 0.011435022906 cfg1 2 2 0 0 na na
10 65506.996350324710 0.011437001193 cfg1 2 1 0 0 na na
10 65507.320350342426 0.011449353996 cfg1 2 2 0 0 na na
10 65507.405350348675 0.011452604115 cfg1 2 1 0 0 na na
10 65507.637350318890 0.011461444533 cfg1 2 1 0 0 na na
10 65507.693350291583 0.011463570079 cfg1 2 1 0 0 na na
10 65507.754350313957 0.011465907565 cfg1 2 1 0 0 na na
10 65507.862350352109 0.011470019121 cfg1 2 1 0 0 na na
10 65507.981350299900 0.011474558595 cfg1 2 1 0 0 na na
10 65508.254350297830 0.011484992559 cfg1 2 2 0 0 na na
10 65508.402350333292 0.011490644850 cfg1 2 2 0 0 na na
10 65508.684350328458 0.011501424309 cfg1 2 1 0 0 na na
10 65508.706350258639 0.011502261339 cfg1 2 1 0 0 na na
10 65508.714350297462 0.011502565183 cfg1 2 2 0 0 na na
10 65509.115350261507 0.011517885559 cfg1 2 1 0 0 na na
10 65509.171350293202 0.011520037404 cfg1 2 1 0 0 na na
10 65509.182350318189 0.011520457133 cfg1 2 1 0 0 na na
10 65509.281350352233 0.011524243903 cfg1 2 2 0 0 na na
10 65509.398350288353 0.011528707565 cfg1 2 1 0 0 na na
10 65509.410350273685 0.011529179113 cfg1 2 2 0 0 na na
10 65509.441350329384 0.011530352928 cfg1 2 1 0 0 na na
10 65509.637350347361 0.011537863227 cfg1 2 1 0 0 na na
10 65509.895350296155 0.011547733016 cfg1 2 1 0 0 na na
10 65509.907350295860 0.011548200092 cfg1 2 1 0 0 na na
10 65509.956350349264 0.011550078056 cfg1 2 2 0 0 na na
10 65510.004350328240 0.011551919256 cfg1 2 1 0 0 na na
10 65510.074350326847 0.011554599011 cfg1 2 1 0 0 na na
10 65510.122350316278 0.011556426928 cfg1 2 1 0 0 na na
10 65510.126350347575 0.011556605769 cfg1 2 1 0 0 na na
10 65510.196350341548 0.011559270398 cfg1 2 2 0 0 na na
10 65510.282350356228 0.011562567116 cfg1 2 1 0 0 na na
10 65510.295350322276 0.011563073725 cfg1 2 1 0 0 na na
10 65510.350350328144 0.011565187232 cfg1 2 1 0 0 na na
10 65510.383350276160 0.011566435288 cfg1 2 2 0 0 na na
10 65510.430350328902 0.011568236449 cfg1 2 2 0 0 na na
10 65510.754350347252 0.011580673706 cfg1 2 1 0 0 na na
10 65510.983350311251 0.011589436408 cfg1 2 1 0 0 na na
10 65510.991350329629 0.011589761384 cfg1 2 1 0 0 na na
10 65511.046350263087 0.011591848586 cfg1 2 1 0 0 na na
10 65511.284350265184 0.011600976647 cfg1 2 1 0 0 na na
10 65511.318350308126 0.011602286176 cfg1 2 1 0 0 na na
10 65511.328350246787 0.011602689374 cfg1 2 1 0 0 na na
10 65511.385350316691 0.011604878250 cfg1 2 1 0 0 na na
10 65511.406350295858 0.011605669959 cfg1 2 2 0 0 na na
10 65511.610350357966 0.011613492883 cfg1 2 1 0 0 na na
10 65511.907350300695 0.011624900581 cfg1 2 1 0 0 na na
10 65511.912350286186 0.011625100021 cfg1 2 2 0 0 na na
10 65511.914350272275 0.011625176885 cfg1 2 2 0 0 na na
10 65511.919350315239 0.011625360152 cfg1 2 1 0 0 na na
10 65511.980350257321 0.011627709634 cfg1 2 1 0 0 na na
10 65512.019350285959 0.011629198595 cfg1 2 1 0 0 na na
10 65512.031350357436 0.011629684581 cfg1 2 1 0 0 na na
10 65512.096350313891 0.011632179238 cfg1 2 1 0 0 na na
10 65512.179350320809 0.011635367481 cfg1 2 1 0 0 na na
10 65512.293350293886 0.011639740674 cfg1 2 2 0 0 na na
10 65512.402350340315 0.011643944324 cfg1 2 1 0 0 na na
10 65512.541350359887 0.011649282228 cfg1 2 1 0 0 na na
10 65512.885350325865 0.011662513681 cfg1 2 1 0 0 na na
10 65512.890350266168 0.011662690150 cfg1 2 1 0 0 na na
10 65512.927350322896 0.011664112660 cfg1 2 1 0 0 na na
10 65512.946350285352 0.011664851707 cfg1 2 1 0 0 na na
10 65513.037350315690 0.011668368618 cfg1 2 1 0 0 na na
10 65513.091350346256 0.011670424522 cfg1 2 1 0 0 na na
10 65513.162350338483 0.011673162433 cfg1 2 1 0 0 na na
10 65513.218350333164 0.011675313801 cfg1 2 1 0 0 na na
10 65513.330350345416 0.011679639078 cfg1 2 1 0 0 na na
10 65513.447350293161 0.011684139911 cfg1 2 1 0 0 na na
10 65513.472350352325 0.011685097640 cfg1 2 1 0 0 na na
10 65513.569350263727 0.011688842913 cfg1 2 1 0 0 na na
10 65513.616350300933 0.011690647788 cfg1 2 1 0 0 na na
10 65513.824350288519 0.011698660978 cfg1 2 2 0 0 na na
10 65513.930350290551 0.011702745583 cfg1 2 2 0 0 na na
10 65513.947350322688 0.011703396777 cfg1 2 1 0 0 na na
10 65514.064350324494 0.011707910179 cfg1 2 2 0 0 na na
10 65514.074350345061 0.011708285016 cfg1 2 1 0 0 na na
10 65514.095350308330 0.011709121516 cfg1 2 1 0 0 na na
10 65514.200350273949 0.011713144493 cfg1 2 1 0 0 na na
10 65514.293350348539 0.011716726739 cfg1 2 1 0 0 na na
10 65514.419350297861 0.011721593671 cfg1 2 1 0 0 na na
10 65514.505350304498 0.011724931961 cfg1 2 1 0 0 na na
10 65514.506350337715 0.011724957287 cfg1 2 1 0 0 na na
10 65514.511350321203 0.011725143882 cfg1 2 1 0 0 na na
10 65514.514350259443 0.011725252420 cfg1 2 1 0 0 na na
10 65514.717350326741 0.011733085384 cfg1 2 1 0 0 na na
10 65514.719350290645 0.011733170214 cfg1 2 1 0 0 na na
10 65514.852350260771 0.011738291082 cfg1 2 1 0 0 na na
10 65514.876350291244 0.011739233558 cfg1 2 1 0 0 na na
10 65515.006350269106 0.011744246430 cfg1 2 1 0 0 na na
10 65515.525350345733 0.011764288623 cfg1 2 2 0 0 na na
10 65515.538350299473 0.011764791272 cfg1 2 1 0 0 na na
10 65515.584350354378 0.011766570032 cfg1 2 1 0 0 na na
10 65515.592350366697 0.011766869345 cfg1 2 1 0 0 na na
10 65515.622350389356 0.011768036252 cfg1 2 2 0 0 na na
10 65515.694350338460 0.011770827369 cfg1 2 1 0 0 na na
10 65515.800350309465 0.011774914706 cfg1 2 2 0 0 na na
10 65515.824350379856 0.011775842272 cfg1 2 2 0 0 na na
10 65515.833350325292 0.011776190141 cfg1 2 2 0 0 na na
10 65516.053350332406 0.011784694668 cfg1 2 2 0 0 na na
10 65516.106350238474 0.011786758553 cfg1 2 1 0 0 na na
10 65516.283350319192 0.011793598437 cfg1 2 1 0 0 na na
10 65516.299350303501 0.011794208073 cfg1 2 1 0 0 na na
10 65516.324350338729 0.011795174586 cfg1 2 2 0 0 na na
10 65516.345350302685 0.011795986764 cfg1 2 2 0 0 na na
10 65516.383350308756 0.011797456707 cfg1 2 2 0 0 na na
10 65516.480350286896 0.011801209117 cfg1 2 1 0 0 na na
10 65516.515350298947 0.011802556808 cfg1 2 1 0 0 na na
10 65516.523350289417 0.011802864204 cfg1 2 1 0 0 na na
10 65516.651350333142 0.011807825748 cfg1 2 2 0 0 na na
10 65516.690350368366 0.011809334985 cfg1 2 2 0 0 na na
10 65516.809350286763 0.011813940720 cfg1 2 1 0 0 na na
10 65516.968350342848 0.011820098657 cfg1 2 1 0 0 na na
10 65517.010350336082 0.011821722200 cfg1 2 2 0 0 na na
10 65517.060350333014 0.011823658196 cfg1 2 2 0 0 na na
10 65517.150350292823 0.011827143702 cfg1 2 2 0 0 na na
10 65517.182350342747 0.011828377198 cfg1 2 1 0 0 na na
10 65517.254350323799 0.011831161872 cfg1 2 1 0 0 na na
10 65517.255350270569 0.011831221696 cfg1 2 1 0 0 na na
10 65517.279350319401 0.011832144467 cfg1 2 1 0 0 na na
10 65517.297350355194 0.011832836893 cfg1 2 2 0 0 na na
10 65517.399350327638 0.011836793800 cfg1 2 1 0 0 na na
10 65517.446350355751 0.011838603985 cfg1 2 1 0 0 na na
10 65517.521350339378 0.011841515294 cfg1 2 2 0 0 na na
10 65517.584350309608 0.011843956445 cfg1 2 2 0 0 na na
10 65517.644350312288 0.011846287866 cfg1 2 1 0 0 na na
10 65517.730350340907 0.011849607560 cfg1 2 1 0 0 na na
10 65517.737350329780 0.011849879507 cfg1 2 1 0 0 na na
10 65517.765350294494 0.011850987268 cfg1 2 1 0 0 na na
10 65518.012350320230 0.011860550904 cfg1 2 1 0 0 na na
10 65518.299350339121 0.011871688918 cfg1 2 1 0 0 na na
10 65518.342350372557 0.011873347189 cfg1 2 2 0 0 na na
10 65518.365350328849 0.011874239471 cfg1 2 1 0 0 na na
10 65518.512350353032 0.011879944004 cfg1 2 1 0 0 na na
10 65518.740350305135 0.011888792500 cfg1 2 2 0 0 na na
10 65518.802350356791 0.011891207392 cfg1 2 1 0 0 na na
10 65518.871350252362 0.011893879606 cfg1 2 1 0 0 na na
10 65519.013350351093 0.011899392090 cfg1 2 2 0 0 na na
10 65519.053350350416 0.011900945522 cfg1 2 2 0 0 na na
10 65519.108350315963 0.011903089567 cfg1 2 1 0 0 na na
10 65519.169350294533 0.011905462806 cfg1 2 1 0 0 na na
10 65519.191350302662 0.011906321519 cfg1 2 1 0 0 na na
10 65519.305350283160 0.011910734072 cfg1 2 2 0 0 na na
10 65519.740350329767 0.011927639489 cfg1 2 2 0 0 na na
10 65519.767350282482 0.011928697175 cfg1 2 1 0 0 na na
10 65519.784350302334 0.011929350013 cfg1 2 2 0 0 na na
10 65519.834350321102 0.011931293963 cfg1 2 2 0 0 na na
10 65519.923350286920 0.011934750425 cfg1 2 1 0 0 na na
10 65519.958350376731 0.011936105995 cfg1 2 1 0 0 na na
10 65520.120350315558 0.011942416114 cfg1 2 2 0 0 na na
10 65520.169350280490 0.011944322122 cfg1 2 2 0 0 na na
10 65520.323350341446 0.011950304539 cfg1 2 1 0 0 na na
10 65520.479350321632 0.011956383621 cfg1 2 2 0 0 na na
10 65520.700350318107 0.011964982800 cfg1 2 1 0 0 na na
10 65520.755350334098 0.011967126808 cfg1 2 2 0 0 na na
10 65520.882350313399 0.011972084714 cfg1 2 1 0 0 na na
10 65520.955350308519 0.011974923300 cfg1 2 1 0 0 na na
10 65520.965350294208 0.011975319857 cfg1 2 1 0 0 na na
10 65521.019350330097 0.011977398344 cfg1 2 1 0 0 na na
10 65521.040350376545 0.011978240925 cfg1 2 1 0 0 na na
10 65521.055350277697 0.011978808993 cfg1 2 2 0 0 na na
10 65521.089350283577 0.011980150184 cfg1 2 1 0 0 na na
10 65521.175350343796 0.011983483603 cfg1 2 1 0 0 na na
10 65521.190350353043 0.011984064301 cfg1 2 1 0 0 na na
10 65521.199350306548 0.011984408778 cfg1 2 1 0 0 na na
10 65521.489350287149 0.011995716043 cfg1 2 1 0 0 na na
10 65521.594350279149 0.011999827431 cfg1 2 1 0 0 na na
10 65521.662350363418 0.012002461165 cfg1 2 2 0 0 na na
10 65521.671350277092 0.012002827028 cfg1 2 1 0 0 na na
10 65521.683350325189 0.012003290315 cfg1 2 1 0 0 na na
10 65521.815350277223 0.012008424122 cfg1 2 1 0 0 na na
10 65521.820350360977 0.012008621198 cfg1 2 2 0 0 na na
10 65521.890350314563 0.012011350610 cfg1 2 2 0 0 na na
10 65521.967350301758 0.012014364825 cfg1 2 1 0 0 na na
10 65522.053350298800 0.012017707672 cfg1 2 2 0 0 na na
10 65522.128350312986 0.012020646206 cfg1 2 1 0 0 na na
10 65522.132350360904 0.012020784413 cfg1 2 1 0 0 na na
10 65522.181350344757 0.012022715139 cfg1 2 1 0 0 na na
10 65522.213350377782 0.012023937021 cfg1 2 1 0 0 na na
10 65522.371350290875 0.012030127668 cfg1 2 1 0 0 na na
10 65522.430350254249 0.012032417710 cfg1 2 1 0 0 na na
10 65522.460350280651 0.012033591109 cfg1 2 1 0 0 na na
10 65522.600350334207 0.012039064462 cfg1 2 1 0 0 na na
10 65522.659350301018 0.012041371796 cfg1 2 1 0 0 na na
10 65522.664350324057 0.012041549361 cfg1 2 2 0 0 na na
10 65522.667350314725 0.012041661650 cfg1 2 1 0 0 na na
10 65522.681350326435 0.012042220751 cfg1 2 1 0 0 na na
10 65522.698350269785 0.012042876657 cfg1 2 2 0 0 na na
10 65522.742350322702 0.012044596496 cfg1 2 1 0 0 na na
10 65522.845350304800 0.012048625131 cfg1 2 1 0 0 na na
10 65522.976350322557 0.012053738572 cfg1 2 1 0 0 na na
10 65523.029350317332 0.012055801798 cfg1 2 2 0 0 na na
10 65523.150350315688 0.012060528125 cfg1 2 2 0 0 na na
10 65523.173350333190 0.012061426563 cfg1 2 2 0 0 na na
10 65523.198350294321 0.012062403233 cfg1 2 2 0 0 na na
10 65523.411350346071 0.012070721270 cfg1 2 1 0 0 na na
10 65523.459350331258 0.012072591047 cfg1 2 1 0 0 na na
10 65523.557350303892 0.012076423941 cfg1 2 1 0 0 na na
10 65523.564350291924 0.012076705415 cfg1 2 2 0 0 na na
10 65523.694350421809 0.012081777271 cfg1 2 1 0 0 na na
10 65523.787350331943 0.012085422947 cfg1 2 2 0 0 na na
10 65523.849350293612 0.012087857321 cfg1 2 1 0 0 na na
10 65523.956350369851 0.012092030252 cfg1 2 1 0 0 na na
10 65524.041350346230 0.012095371407 cfg1 2 1 0 0 na na
10 65524.068350373741 0.012096411817 cfg1 2 1 0 0 na na
10 65524.292350280094 0.012105189981 cfg1 2 1 0 0 na na
10 65524.326350365888 0.012106517019 cfg1 2 1 0 0 na na
10 65524.523350322868 0.012114214296 cfg1 2 2 0 0 na na
10 65524.567350295463 0.012115924739 cfg1 2 1 0 0 na na
10 65525.051350368477 0.012134886737 cfg1 2 2 0 0 na na
10 65525.104350295527 0.012136964978 cfg1 2 1 0 0 na na
10 65525.182350268509 0.012140027211 cfg1 2 1 0 0 na na
10 65525.357350329202 0.012146874221 cfg1 2 2 0 0 na na
10 65525.362350288749 0.012147070161 cfg1 2 2 0 0 na na
10 65525.414350288992 0.012149107698 cfg1 2 2 0 0 na na
10 65525.415350350971 0.012149146917 cfg1 2 2 0 0 na na
10 65525.420350354272 0.012149339347 cfg1 2 1 0 0 na na
10 65525.445350357173 0.012150322551 cfg1 2 2 0 0 na na
10 65525.451350342841 0.012150557727 cfg1 2 2 0 0 na na
10 65525.478350302110 0.012151615720 cfg1 2 2 0 0 na na
10 65525.497350270678 0.012152360313 cfg1 2 2 0 0 na na
10 65525.585350330514 0.012155809286 cfg1 2 2 0 0 na na
10 65525.625350343193 0.012157369580 cfg1 2 1 0 0 na na
10 65525.644350311734 0.012158131166 cfg1 2 1 0 0 na na
10 65525.785350308194 0.012163653887 cfg1 2 1 0 0 na na
10 65525.787350330279 0.012163727786 cfg1 2 2 0 0 na na
10 65525.788350353906 0.012163762726 cfg1 2 1 0 0 na na
10 65526.011350320702 0.012172511155 cfg1 2 2 0 0 na na
10 65526.029350347772 0.012173217079 cfg1 2 2 0 0 na na
10 65526.054350292030 0.012174197573 cfg1 2 2 0 0 na na
10 65526.360350310832 0.012186195733 cfg1 2 1 0 0 na na
10 65526.544350304660 0.012193431648 cfg1 2 1 0 0 na na
10 65526.712350315635 0.012200009550 cfg1 2 1 0 0 na na
10 65526.854350326698 0.012205591107 cfg1 2 1 0 0 na na
10 65526.991350283590 0.012210963559 cfg1 2 1 0 0 na na
10 65527.009350317019 0.012211676523 cfg1 2 2 0 0 na na
10 65527.054350285184 0.012213448329 cfg1 2 1 0 0 na na
10 65527.056350354815 0.012213522267 cfg1 2 2 0 0 na na
10 65527.138350275228 0.012216743540 cfg1 2 1 0 0 na na
10 65527.160350325369 0.012217606876 cfg1 2 2 0 0 na na
10 65527.181350300471 0.012218431703 cfg1 2 2 0 0 na na
10 65527.191350286237 0.012218812459 cfg1 2 1 0 0 na na
10 65527.192350280781 0.012218863730 cfg1 2 2 0 0 na na
10 65527.207350276330 0.012219452968 cfg1 2 2 0 0 na na
10 65527.243350288133 0.012220866991 cfg1 2 2 0 0 na na
10 65527.252350307066 0.012221220746 cfg1 2 2 0 0 na na
10 65527.295350349381 0.012222916080 cfg1 2 1 0 0 na na
10 65527.338350324245 0.012224594976 cfg1 2 1 0 0 na na
10 65527.372350284111 0.012225934926 cfg1 2 2 0 0 na na
10 65527.393350304264 0.012226777616 cfg1 2 1 0 0 na na
10 65527.518350245585 0.012231676388 cfg1 2 1 0 0 na na
10 65527.563350299579 0.012233453995 cfg1 2 1 0 0 na na
10 65527.579350331627 0.012234068928 cfg1 2 2 0 0 na na
10 65527.598350313027 0.012234815517 cfg1 2 2 0 0 na na
10 65527.617350313918 0.012235557019 cfg1 2 1 0 0 na na
10 65527.712350252334 0.012239294492 cfg1 2 1 0 0 na na
10 65527.782350315418 0.012242047717 cfg1 2 2 0 0 na na
10 65527.794350340478 0.012242507999 cfg1 2 1 0 0 na na
10 65527.974350368594 0.012249596596 cfg1 2 2 0 0 na na
10 65528.092350300526 0.012254251227 cfg1 2 1 0 0 na na
10 65528.234350297686 0.012259828903 cfg1 2 1 0 0 na na
10 65528.255350362869 0.012260636442 cfg1 2 1 0 0 na na
10 65528.272350300060 0.012261315969 cfg1 2 2 0 0 na na
10 65528.292350344467 0.012262102685 cfg1 2 2 0 0 na na
10 65528.525350321636 0.012271271816 cfg1 2 1 0 0 na na
10 65528.615350269349 0.012274818408 cfg1 2 1 0 0 na na
10 65528.637350325392 0.012275683526 cfg1 2 1 0 0 na na
10 65528.729350300760 0.012279288697 cfg1 2 1 0 0 na na
10 65528.738350328429 0.012279652420 cfg1 2 1 0 0 na na
10 65528.813350333787 0.012282598676 cfg1 2 1 0 0 na na
10 65528.874350330738 0.012285014826 cfg1 2 1 0 0 na na
10 65528.952350360692 0.012288066714 cfg1 2 1 0 0 na na
10 65528.998350287446 0.012289887080 cfg1 2 2 0 0 na na
10 65529.259350315033 0.012300182452 cfg1 2 1 0 0 na na
10 65529.267350273905 0.012300486709 cfg1 2 1 0 0 na na
10 65529.276350319975 0.012300841241 cfg1 2 1 0 0 na na
10 65529.282350263091 0.012301063940 cfg1 2 1 0 0 na na
10 65529.464350286639 0.012308231906 cfg1 2 1 0 0 na na
10 65529.499350277285 0.012309619355 cfg1 2 2 0 0 na na
10 65529.560350291821 0.012312028596 cfg1 2 1 0 0 na na
10 65529.589350307658 0.012313165806 cfg1 2 1 0 0 na na
10 65529.652350284548 0.012315647931 cfg1 2 2 0 0 na na
10 65529.656350333234 0.012315805526 cfg1 2 2 0 0 na na
10 65529.689350327306 0.012317105960 cfg1 2 2 0 0 na na
10 65529.699350310543 0.012317499986 cfg1 2 2 0 0 na na
10 65529.725350270987 0.012318524733 cfg1 2 2 0 0 na na
10 65529.765350363081 0.012320101130 cfg1 2 2 0 0 na na
10 65529.887350357007 0.012324901160 cfg1 2 1 0 0 na na
10 65529.972350356732 0.012328265446 cfg1 2 1 0 0 na na
10 65530.047350283782 0.012331223855 cfg1 2 1 0 0 na na
10 65530.131350285049 0.012334529289 cfg1 2 2 0 0 na na
10 65530.265350303024 0.012339813256 cfg1 2 1 0 0 na na
10 65530.383350254803 0.012344467325 cfg1 2 2 0 0 na na
10 65530.388350346286 0.012344657267 cfg1 2 1 0 0 na na
10 65530.454350320219 0.012347261344 cfg1 2 1 0 0 na na
10 65530.506350371947 0.012349307300 cfg1 2 1 0 0 na na
10 65530.508350273384 0.012349398250 cfg1 2 2 0 0 na na
10 65530.751350355677 0.012358985857 cfg1 2 2 0 0 na na
10 65530.811350331257 0.012361353746 cfg1 2 2 0 0 na na
10 65530.816350359629 0.012361559124 cfg1 2 1 0 0 na na
10 65531.006350328527 0.012369047170 cfg1 2 1 0 0 na na
10 65531.082350277896 0.012372050488 cfg1 2 2 0 0 na na
10 65531.171350336618 0.012375564667 cfg1 2 1 0 0 na na
10 65531.253350317543 0.012378802009 cfg1 2 2 0 0 na na
10 65531.275350270700 0.012379680741 cfg1 2 1 0 0 na na
10 65531.294350289316 0.012380427423 cfg1 2 1 0 0 na na
10 65531.338350256048 0.012382155539 cfg1 2 1 0 0 na na
10 65531.354350288838 0.012382790448 cfg1 2 2 0 0 na na
10 65531.454350350165 0.012386737879 cfg1 2 1 0 0 na na
10 65531.500350281390 0.012388556843 cfg1 2 2 0 0 na na
10 65531.507350305488 0.012388836343 cfg1 2 1 0 0 na na
10 65531.533350308326 0.012389860385 cfg1 2 2 0 0 na na
10 65531.590350254400 0.012392112719 cfg1 2 1 0 0 na na
10 65531.638350368889 0.012394024410 cfg1 2 1 0 0 na na
10 65531.690350365863 0.012396062531 cfg1 2 2 0 0 na na
10 65531.707350307007 0.012396733612 cfg1 2 1 0 0 na na
10 65531.819350308602 0.012401172670 cfg1 2 1 0 0 na na
10 65531.866350350406 0.012403031978 cfg1 2 1 0 0 na na
10 65531.901350244797 0.012404407140 cfg1 2 1 0 0 na na
10 65531.999350343187 0.012408287487 cfg1 2 1 0 0 na na
10 65532.029350275371 0.012409449392 cfg1 2 1 0 0 na na
10 65532.066350320116 0.012410921398 cfg1 2 2 0 0 na na
10 65532.179350252736 0.012415392896 cfg1 2 1 0 0 na na
10 65532.246350356757 0.012418037091 cfg1 2 2 0 0 na na
10 65532.259350295309 0.012418551169 cfg1 2 2 0 0 na na
10 65532.305350298336 0.012420374859 cfg1 2 1 0 0 na na
10 65532.369350329471 0.012422900411 cfg1 2 2 0 0 na na
10 65532.385350300950 0.012423542064 cfg1 2 1 0 0 na na
10 65532.408350342044 0.012424442670 cfg1 2 2 0 0 na na
10 65532.416350325627 0.012424759007 cfg1 2 2 0 0 na na
10 65532.500350307855 0.012428080930 cfg1 2 2 0 0 na na
10 65532.507350304313 0.012428357783 cfg1 2 2 0 0 na na
10 65532.515350319930 0.012428685079 cfg1 2 1 0 0 na na
10 65532.542350277002 0.012429742085 cfg1 2 2 0 0 na na
10 65532.558350292931 0.012430374922 cfg1 2 2 0 0 na na
10 65532.794350329281 0.012439710502 cfg1 2 2 0 0 na na
10 65532.804350315431 0.012440105261 cfg1 2 1 0 0 na na
10 65532.910350310727 0.012444289794 cfg1 2 1 0 0 na na
10 65532.956350362141 0.012446120400 cfg1 2 2 0 0 na na
10 65533.058350306193 0.012450151395 cfg1 2 1 0 0 na na
10 65533.088350338243 0.012451344210 cfg1 2 2 0 0 na na
10 65533.145350249406 0.012453609353 cfg1 2 1 0 0 na na
10 65533.171350285107 0.012454619386 cfg1 2 1 0 0 na na
10 65533.191350331513 0.012455438440 cfg1 2 1 0 0 na na
10 65533.296350314947 0.012459577393 cfg1 2 2 0 0 na na
10 65533.383350312789 0.012463021866 cfg1 2 2 0 0 na na
10 65533.522350325195 0.012468530736 cfg1 2 1 0 0 na na
10 65533.634350340546 0.012472948895 cfg1 2 1 0 0 na na
10 65533.656350297624 0.012473836219 cfg1 2 1 0 0 na na
10 65533.706350277872 0.012475818625 cfg1 2 1 0 0 na na
10 65533.730350302020 0.012476763335 cfg1 2 2 0 0 na na
10 65533.735350348173 0.012476963122 cfg1 2 1 0 0 na na
10 65533.788350293645 0.012479059397 cfg1 2 1 0 0 na na
10 65533.853350313258 0.012481651978 cfg1 2 1 0 0 na na
10 65533.875350303095 0.012482496052 cfg1 2 1 0 0 na na
10 65533.924350286803 0.012484462957 cfg1 2 1 0 0 na na
10 65534.134350338943 0.012492769775 cfg1 2 1 0 0 na na
10 65534.140350248758 0.012493013277 cfg1 2 1 0 0 na na
10 65534.150350350425 0.012493403413 cfg1 2 2 0 0 na na
10 65534.151350265082 0.012493431926 cfg1 2 1 0 0 na na
10 65534.242350311624 0.012497049557 cfg1 2 2 0 0 na na
10 65534.243350296060 0.012497080400 cfg1 2 1 0 0 na na
10 65534.434350303711 0.012504660267 cfg1 2 2 0 0 na na
10 65534.449350269049 0.012505269436 cfg1 2 1 0 0 na na
10 65534.486350303932 0.012506721625 cfg1 2 2 0 0 na na
10 65534.538350329403 0.012508801082 cfg1 2 1 0 0 na na
10 65534.594350277517 0.012510992194 cfg1 2 1 0 0 na na
10 65534.770350313547 0.012517972198 cfg1 2 1 0 0 na na
10 65534.848350331994 0.012521076700 cfg1 2 2 0 0 na na
10 65534.888350272453 0.012522666452 cfg1 2 1 0 0 na na
10 65535.006350342284 0.012527353996 cfg1 2 1 0 0 na na
10 65535.133350256950 0.012532382829 cfg1 2 2 0 0 na na
10 65535.147350362762 0.012532945414 cfg1 2 1 0 0 na na
10 65535.176350315007 0.012534088905 cfg1 2 2 0 0 na na
10 65535.181350300921 0.012534284105 cfg1 2 1 0 0 na na
10 65535.184350321938 0.012534406311 cfg1 2 2 0 0 na na
10 65535.217350334521 0.012535726065 cfg1 2 1 0 0 na na
10 65535.224350291659 0.012535993511 cfg1 2 2 0 0 na na
10 65535.260350292569 0.012537426234 cfg1 2 1 0 0 na na
10 65535.361350309744 0.012541430396 cfg1 2 2 0 0 na na
10 65535.386350335865 0.012542439295 cfg1 2 1 0 0 na na
10 65535.413350345154 0.012543494592 cfg1 2 1 0 0 na na
10 65535.475350286009 0.012545955081 cfg1 2 2 0 0 na na
10 65535.587350310401 0.012550401089 cfg1 2 2 0 0 na na
10 65535.648350342459 0.012552828138 cfg1 2 1 0 0 na na
10 65535.668350341280 0.012553624960 cfg1 2 1 0 0 na na
10 65535.805350332197 0.012559056558 cfg1 2 2 0 0 na na
10 65535.825350332559 0.012559845660 cfg1 2 1 0 0 na na
10 65535.949350311338 0.012564775218 cfg1 2 2 0 0 na na
10 65536.015350325108 0.012567396591 cfg1 2 2 0 0 na na
10 65536.023350386874 0.012567707125 cfg1 2 1 0 0 na na
10 65536.055350310228 0.012569002700 cfg1 2 1 0 0 na na
10 65536.096350316879 0.012570602188 cfg1 2 1 0 0 na na
10 65536.287350262634 0.012578194180 cfg1 2 1 0 0 na na
10 65536.306350318473 0.012578964267 cfg1 2 1 0 0 na na
10 65536.322350352833 0.012579592654 cfg1 2 2 0 0 na na
10 65536.333350321071 0.012580029640 cfg1 2 2 0 0 na na
10 65536.339350357764 0.012580268084 cfg1 2 2 0 0 na na
10 65536.458350371874 0.012584996820 cfg1 2 2 0 0 na na
10 65536.478350302796 0.012585791655 cfg1 2 2 0 0 na na
10 65536.536350348775 0.012588096694 cfg1 2 2 0 0 na na
10 65536.540350315253 0.012588245068 cfg1 2 1 0 0 na na
10 65536.605350342170 0.012590829645 cfg1 2 1 0 0 na na
10 65536.606350282256 0.012590878866 cfg1 2 2 0 0 na na
10 65536.660350257677 0.012593025377 cfg1 2 2 0 0 na na
10 65536.764350366838 0.012597147409 cfg1 2 1 0 0 na na
10 65536.898350302203 0.012602487144 cfg1 2 2 0 0 na na
10 65536.921350384330 0.012603397182 cfg1 2 1 0 0 na na
10 65536.968350341875 0.012605270585 cfg1 2 2 0 0 na na
10 65537.140350306607 0.012612110699 cfg1 2 2 0 0 na na
10 65537.157350345338 0.012612786834 cfg1 2 2 0 0 na na
10 65537.212350279927 0.012614971618 cfg1 2 1 0 0 na na
10 65537.416350304368 0.012623078052 cfg1 2 1 0 0 na na
10 65537.433350407552 0.012623776887 cfg1 2 1 0 0 na na
10 65537.505350357089 0.012626638809 cfg1 2 1 0 0 na na
10 65537.538350346235 0.012627943337 cfg1 2 1 0 0 na na
10 65537.584350342519 0.012629774960 cfg1 2 1 0 0 na na
10 65537.603350351424 0.012630530398 cfg1 2 2 0 0 na na
10 65537.607350287269 0.012630689598 cfg1 2 2 0 0 na na
10 65537.722350296817 0.012635266260 cfg1 2 2 0 0 na na
10 65537.795350300603 0.012638173511 cfg1 2 1 0 0 na na
10 65537.810350294236 0.012638762676 cfg1 2 1 0 0 na na
10 65537.831350322612 0.012639598665 cfg1 2 1 0 0 na na
10 65537.956350300100 0.012644570168 cfg1 2 1 0 0 na na
10 65537.969350323616 0.012645098195 cfg1 2 2 0 0 na na
10 65538.074350336662 0.012649292337 cfg1 2 1 0 0 na na
10 65538.152350296745 0.012652383162 cfg1 2 1 0 0 na na
10 65538.276350324807 0.012657322477 cfg1 2 2 0 0 na na
10 65538.279350322579 0.012657442007 cfg1 2 2 0 0 na na
10 65538.332350308565 0.012659545632 cfg1 2 1 0 0 na na
10 65538.585350324492 0.012669630808 cfg1 2 2 0 0 na na
10 65538.588350351884 0.012669739323 cfg1 2 1 0 0 na na
10 65538.600350313611 0.012670222228 cfg1 2 1 0 0 na na
10 65538.611350279397 0.012670666611 cfg1 2 2 0 0 na na
10 65538.744350370309 0.012675961562 cfg1 2 1 0 0 na na
10 65538.798350324792 0.012678133274 cfg1 2 1 0 0 na na
10 65538.849350320317 0.012680158415 cfg1 2 1 0 0 na na
10 65538.984350342206 0.012685528114 cfg1 2 1 0 0 na na
10 65539.087350349242 0.012689626174 cfg1 2 1 0 0 na na
10 65539.226350310069 0.012695181070 cfg1 2 1 0 0 na na
10 65539.248350362622 0.012696055282 cfg1 2 1 0 0 na na
10 65539.254350330042 0.012696294081 cfg1 2 2 0 0 na na
10 65539.451350444907 0.012704151703 cfg1 2 1 0 0 na na
10 65539.509350251889 0.012706464804 cfg1 2 1 0 0 na na
10 65539.670350387567 0.012712884364 cfg1 2 2 0 0 na na
10 65539.671350305915 0.012712924256 cfg1 2 2 0 0 na na
10 65539.672350325687 0.012712964106 cfg1 2 2 0 0 na na
10 65539.905350350962 0.012722259857 cfg1 2 2 0 0 na na
10 65539.916350279489 0.012722700872 cfg1 2 1 0 0 na na
10 65539.977350329400 0.012725147934 cfg1 2 1 0 0 na na
10 65540.177350317022 0.012733113344 cfg1 2 1 0 0 na na
10 65540.218350318982 0.012734754947 cfg1 2 1 0 0 na na
10 65540.256350356086 0.012736269077 cfg1 2 1 0 0 na na
10 65540.275350260600 0.012737021342 cfg1 2 1 0 0 na na
10 65540.303350314025 0.012738160163 cfg1 2 1 0 0 na na
10 65540.341350285508 0.012739670317 cfg1 2 1 0 0 na na
10 65540.392350332376 0.012741697629 cfg1 2 1 0 0 na na
10 65540.465350291338 0.012744602282 cfg1 2 1 0 0 na na
10 65540.483350317973 0.012745330006 cfg1 2 2 0 0 na na
10 65540.500350365757 0.012746008764 cfg1 2 2 0 0 na na
10 65540.537350257938 0.012747484017 cfg1 2 1 0 0 na na
10 65540.547350346411 0.012747890731 cfg1 2 1 0 0 na na
10 65540.548350297420 0.012747925358 cfg1 2 2 0 0 na na
10 65540.714350344113 0.012754563265 cfg1 2 1 0 0 na na
10 65540.719350343435 0.012754762886 cfg1 2 1 0 0 na na
10 65540.788350281686 0.012757511910 cfg1 2 1 0 0 na na
10 65540.819350342252 0.012758748044 cfg1 2 2 0 0 na na
10 65540.899350348121 0.012761942170 cfg1 2 1 0 0 na na
10 65540.924350301343 0.012762942604 cfg1 2 1 0 0 na na
10 65540.933350320008 0.012763300243 cfg1 2 1 0 0 na na
10 65540.972350305764 0.012764860395 cfg1 2 1 0 0 na na
10 65541.085350285997 0.012769368065 cfg1 2 1 0 0 na na
10 65541.147350299146 0.012771851513 cfg1 2 2 0 0 na na
10 65541.266350318618 0.012776611793 cfg1 2 1 0 0 na na
10 65541.295350377827 0.012777765722 cfg1 2 2 0 0 na na
10 65541.297350337100 0.012777845643 cfg1 2 2 0 0 na na
10 65541.310350308652 0.012778367410 cfg1 2 1 0 0 na na
10 65541.380350309480 0.012781177277 cfg1 2 1 0 0 na na
10 65541.858350323165 0.012800287558 cfg1 2 1 0 0 na na
10 65541.876350265781 0.012800981054 cfg1 2 1 0 0 na na
10 65541.918350336878 0.012802683531 cfg1 2 1 0 0 na na
10 65541.963350295374 0.012804477224 cfg1 2 1 0 0 na na
10 65542.206350341619 0.012814191385 cfg1 2 2 0 0 na na
10 65542.373350299136 0.012820878625 cfg1 2 1 0 0 na na
10 65542.500350343985 0.012825952446 cfg1 2 1 0 0 na na
10 65542.540350334372 0.012827572840 cfg1 2 1 0 0 na na
10 65542.546350332554 0.012827804990 cfg1 2 1 0 0 na na
10 65542.567350413850 0.012828638442 cfg1 2 1 0 0 na na
10 65542.590350307924 0.012829545261 cfg1 2 1 0 0 na na
10 65542.625350338059 0.012830974607 cfg1 2 1 0 0 na na
10 65542.744350311882 0.012835709952 cfg1 2 1 0 0 na na
10 65542.996350319205 0.012845808978 cfg1 2 2 0 0 na na
10 65543.003350363877 0.012846088677 cfg1 2 1 0 0 na na
10 65543.155350313043 0.012852175857 cfg1 2 2 0 0 na na
10 65543.272350380281 0.012856861652 cfg1 2 2 0 0 na na
10 65543.366350299844 0.012860626737 cfg1 2 2 0 0 na na
10 65543.619350311107 0.012870753749 cfg1 2 1 0 0 na na
10 65543.764350291162 0.012876572503 cfg1 2 2 0 0 na na
10 65543.791350326679 0.012877667120 cfg1 2 1 0 0 na na
10 65543.838350324930 0.012879532561 cfg1 2 1 0 0 na na
10 65543.914350325942 0.012882584228 cfg1 2 2 0 0 na na
10 65543.982350339465 0.012885324900 cfg1 2 1 0 0 na na
10 65544.049350314464 0.012887995762 cfg1 2 1 0 0 na na
10 65544.068350352550 0.012888748638 cfg1 2 1 0 0 na na
10 65544.312350337701 0.012898535604 cfg1 2 1 0 0 na na
10 65544.491350345034 0.012905711587 cfg1 2 1 0 0 na na
10 65544.493350326208 0.012905812046 cfg1 2 1 0 0 na na
10 65544.683350305678 0.012913419022 cfg1 2 1 0 0 na na
10 65544.814350323633 0.012918673978 cfg1 2 2 0 0 na na
10 65544.928350322193 0.012923247958 cfg1 2 2 0 0 na na
10 65544.980350312143 0.012925334421 cfg1 2 2 0 0 na na
10 65545.145350333491 0.012931951107 cfg1 2 1 0 0 na na
10 65545.179350298707 0.012933319414 cfg1 2 1 0 0 na na
10 65545.244350276641 0.012935937708 cfg1 2 1 0 0 na na
10 65545.298350303627 0.012938096980 cfg1 2 2 0 0 na na
10 65545.323350292964 0.012939107132 cfg1 2 1 0 0 na na
10 65545.363350341860 0.012940707602 cfg1 2 1 0 0 na na
10 65545.397350334158 0.012942088205 cfg1 2 1 0 0 na na
10 65545.421350320365 0.012943042525 cfg1 2 1 0 0 na na
10 65545.458350268936 0.012944521248 cfg1 2 1 0 0 na na
10 65545.467350328325 0.012944883886 cfg1 2 1 0 0 na na
10 65545.499350258597 0.012946163276 cfg1 2 1 0 0 na na
10 65545.609350342720 0.012950582715 cfg1 2 2 0 0 na na
10 65545.661350280881 0.012952672180 cfg1 2 1 0 0 na na
10 65545.728350352975 0.012955361320 cfg1 2 2 0 0 na na
10 65545.774350280268 0.012957219527 cfg1 2 1 0 0 na na
10 65545.817350349649 0.012958931221 cfg1 2 1 0 0 na na
10 65546.133350343743 0.012971629338 cfg1 2 2 0 0 na na
10 65546.190350367813 0.012973909908 cfg1 2 1 0 0 na na
10 65546.422350320541 0.012983242100 cfg1 2 2 0 0 na na
10 65546.477350276141 0.012985450500 cfg1 2 1 0 0 na na
10 65546.483350311980 0.012985703676 cfg1 2 1 0 0 na na
10 65546.621350347189 0.012991230501 cfg1 2 1 0 0 na na
10 65546.718350335105 0.012995139915 cfg1 2 2 0 0 na na
10 65547.142350363035 0.013012189143 cfg1 2 2 0 0 na na
10 65547.169350319909 0.013013282042 cfg1 2 1 0 0 na na
10 65547.207350396825 0.013014819491 cfg1 2 1 0 0 na na
10 65547.212350335768 0.013015013199 cfg1 2 1 0 0 na na
10 65547.224350387485 0.013015494777 cfg1 2 1 0 0 na na
10 65547.236350283958 0.013015962952 cfg1 2 1 0 0 na na
10 65547.486350389778 0.013026027189 cfg1 2 2 0 0 na na
10 65547.498350319728 0.013026509958 cfg1 2 2 0 0 na na
10 65547.514350286980 0.013027162690 cfg1 2 1 0 0 na na
10 65547.781350398745 0.013037905008 cfg1 2 1 0 0 na na
10 65547.784350259362 0.013038018746 cfg1 2 1 0 0 na na
10 65547.833350298445 0.013040001212 cfg1 2 1 0 0 na na
10 65547.855350282631 0.013040876402 cfg1 2 2 0 0 na na
10 65548.060350335921 0.013049127149 cfg1 2 1 0 0 na na
10 65548.080350295009 0.013049933691 cfg1 2 2 0 0 na na
10 65548.291350344895 0.013058430721 cfg1 2 1 0 0 na na
10 65548.445350347715 0.013064631085 cfg1 2 2 0 0 na na
10 65548.547350328179 0.013068733636 cfg1 2 1 0 0 na na
10 65548.716350337436 0.013075550394 cfg1 2 1 0 0 na na
10 65548.732350344027 0.013076199072 cfg1 2 1 0 0 na na
10 65548.801350273158 0.013078968555 cfg1 2 1 0 0 na na
10 65548.816350327570 0.013079587325 cfg1 2 1 0 0 na na
10 65548.908350341400 0.013083272660 cfg1 2 1 0 0 na na
10 65548.977350236448 0.013086080477 cfg1 2 1 0 0 na na
10 65548.983350286470 0.013086304687 cfg1 2 1 0 0 na na
10 65548.993350288579 0.013086698645 cfg1 2 1 0 0 na na
10 65548.998350287977 0.013086922083 cfg1 2 1 0 0 na na
10 65549.110350309784 0.013091424311 cfg1 2 1 0 0 na na
10 65549.185350304752 0.013094440220 cfg1 2 1 0 0 na na
10 65549.225350284186 0.013096057899 cfg1 2 2 0 0 na na
10 65549.234350301739 0.013096418774 cfg1 2 1 0 0 na na
10 65549.356350294368 0.013101335030 cfg1 2 1 0 0 na na
10 65549.358350295757 0.013101413349 cfg1 2 1 0 0 na na
10 65549.462350324826 0.013105611721 cfg1 2 2 0 0 na na
10 65549.496350294094 0.013106976919 cfg1 2 1 0 0 na na
10 65549.532350292836 0.013108434677 cfg1 2 1 0 0 na na
10 65549.618350327466 0.013111895347 cfg1 2 1 0 0 na na
10 65549.629350276878 0.013112345176 cfg1 2 2 0 0 na na
10 65549.637350320580 0.013112667735 cfg1 2 2 0 0 na na
10 65549.687350280464 0.013114684052 cfg1 2 2 0 0 na na
10 65549.803350279456 0.013119362205 cfg1 2 2 0 0 na na
10 65549.976350342666 0.013126329940 cfg1 2 1 0 0 na na
10 65550.014350294622 0.013127874825 cfg1 2 1 0 0 na na
10 65550.026350345917 0.013128356969 cfg1 2 2 0 0 na na
10 65550.054350286351 0.013129497161 cfg1 2 1 0 0 na na
10 65550.328350300109 0.013140552057 cfg1 2 1 0 0 na na
10 65550.472350298464 0.013146344411 cfg1 2 1 0 0 na na
10 65550.650350308480 0.013153526627 cfg1 2 1 0 0 na na
10 65550.719350370731 0.013156338746 cfg1 2 1 0 0 na na
10 65550.773350307667 0.013158500581 cfg1 2 1 0 0 na na
10 65550.802350294971 0.013159673330 cfg1 2 2 0 0 na na
10 65550.805350293518 0.013159787530 cfg1 2 1 0 0 na na
10 65550.833350295119 0.013160924289 cfg1 2 1 0 0 na na
10 65550.897350350360 0.013163503325 cfg1 2 1 0 0 na na
10 65550.947350328384 0.013165533947 cfg1 2 1 0 0 na na
10 65551.160350317627 0.013174140229 cfg1 2 1 0 0 na na
10 65551.255350347491 0.013177955667 cfg1 2 1 0 0 na na
10 65551.266350329109 0.013178410302 cfg1 2 2 0 0 na na
10 65551.299350300852 0.013179743233 cfg1 2 2 0 0 na na
10 65551.367350351765 0.013182489918 cfg1 2 2 0 0 na na
10 65551.372350246283 0.013182700634 cfg1 2 1 0 0 na na
10 65551.454350340718 0.013186004442 cfg1 2 2 0 0 na na
10 65551.487350295143 0.013187337665 cfg1 2 2 0 0 na na
10 65551.592350317609 0.013191579844 cfg1 2 2 0 0 na na
10 65551.632350407906 0.013193204166 cfg1 2 1 0 0 na na
20 65061.000000000000 912.295 289.63 40.40 0
20 65070.000000000000 912.325 289.64 40.60 0
20 65080.000000000000 912.315 289.64 40.60 0
20 65092.000000000000 912.325 289.65 40.60 0
20 65100.000000000000 912.315 289.65 40.50 0
20 65111.000000000000 912.305 289.66 40.40 0
20 65120.000000000000 912.325 289.66 40.70 0
20 65131.000000000000 912.325 289.67 41.10 0
20 65140.000000000000 912.325 289.68 41.10 0
20 65151.000000000000 912.325 289.68 41.50 0
20 65160.000000000000 912.335 289.69 41.40 0
20 65172.000000000000 912.335 289.69 40.50 0
20 65182.000000000000 912.325 289.69 40.10 0
20 65192.000000000000 912.345 289.69 40.10 0
20 65200.000000000000 912.335 289.69 40.10 0
20 65210.000000000000 912.325 289.69 40.60 0
20 65220.000000000000 912.335 289.69 40.70 0
20 65230.000000000000 912.335 289.69 40.60 0
20 65241.000000000000 912.315 289.68 40.50 0
20 65252.000000000000 912.345 289.68 40.60 0
20 65260.000000000000 912.325 289.68 40.40 0
20 65270.000000000000 912.325 289.68 40.20 0
20 65283.000000000000 912.335 289.68 40.00 0
20 65292.000000000000 912.335 289.68 39.90 0
20 65300.000000000000 912.335 289.67 40.20 0
20 65312.000000000000 912.335 289.67 40.20 0
20 65321.000000000000 912.325 289.67 39.70 0
20 65330.000000000000 912.325 289.67 40.00 0
20 65343.000000000000 912.335 289.68 40.50 0
20 65350.000000000000 912.335 289.68 40.20 0
20 65360.000000000000 912.335 289.68 40.00 0
20 65371.000000000000 912.335 289.69 39.70 0
20 65380.000000000000 912.345 289.69 39.90 0
20 65392.000000000000 912.335 289.69 40.10 0
20 65400.000000000000 912.355 289.69 40.30 0
20 65410.000000000000 912.345 289.70 40.00 0
20 65421.000000000000 912.345 289.70 39.80 0
20 65430.000000000000 912.335 289.70 40.00 0
20 65442.000000000000 912.335 289.69 40.60 0
20 65452.000000000000 912.335 289.69 40.90 0
20 65461.000000000000 912.355 289.69 41.10 0
20 65470.000000000000 912.335 289.69 40.00 0
20 65481.000000000000 912.345 289.68 39.90 0
20 65490.000000000000 912.345 289.68 39.90 0
20 65503.000000000000 912.345 289.68 40.00 0
20 65512.000000000000 912.335 289.67 39.90 0
20 65521.000000000000 912.335 289.67 40.00 0
20 65531.000000000000 912.335 289.67 40.20 0
20 65540.000000000000 912.345 289.66 40.30 0
20 65550.000000000000 912.335 289.65 40.00 0
20 65564.000000000000 912.345 289.64 40.10 0
H8
H9
