H1 CRD 2 2025 5 20 8
H2 YEBL 7817 62 01 4 ILRS
C1 0 las2 Nd_YAG 1064.00 1000.00 0.40 10.0 20.00 0
C2 0 det2 SPAD 1064.000 40.00 5.0 0.4 NIM 10.0 0.40 50.0 30.0 none na na na
C3 0 tim1 gps Lantime A033-ET 033201 0.0
C6 0 met1 Vaisala Indigo520 T3430159 Vaisala Indigo520 T3930918 Vaisala Indigo520 T3930918
C0 0 1064.00 cfg1 las2 det2 tim1 met1   
H3 lageos2 9207002 5986 22195 0 1 1
H4 0 2025 5 19 17 43 2 2025 5 19 18 20 17 0 0 0 0 0 0 2 0
40 64558.000000000000 0 cfg1 13467 9991 1.038 63359.5 31.0 49.5 0.276 -0.625 -2.6 4 0 0 3 0.0
41 60909.000000000000 0 cfg1 13483 9471 1.038 63344.0 0.0 39.0 0.189 -0.560 2.2 4 0 0 3 4.9
41 68207.000000000000 0 cfg1 13452 10512 1.038 63375.0 0.0 60.0 0.363 -0.690 -7.4 4 0 0 3 5.9
10 63784.009350316452 0.056674060395 cfg1 2 1 0 0 na na
10 63784.998350309957 0.056661696290 cfg1 2 1 0 0 na na
10 63785.009350315395 0.056661558893 cfg1 2 1 0 0 na na
10 63785.036350242912 0.056661233880 cfg1 2 1 0 0 na na
10 63785.054350272346 0.056661001090 cfg1 2 1 0 0 na na
10 63785.055350299792 0.056660994794 cfg1 2 1 0 0 na na
10 63785.062350291171 0.056660889355 cfg1 2 1 0 0 na na
10 63785.076350271500 0.056660722779 cfg1 2 1 0 0 na na
10 63785.089350317588 0.056660557994 cfg1 2 1 0 0 na na
10 63785.100350266547 0.056660425783 cfg1 2 1 0 0 na na
10 63785.205350342582 0.056659122994 cfg1 2 1 0 0 na na
10 63785.245350277776 0.056658598215 cfg1 2 1 0 0 na na
10 63785.272350266623 0.056658260242 cfg1 2 1 0 0 na na
10 63785.305350292447 0.056657864730 cfg1 2 1 0 0 na na
10 63785.316350273432 0.056657725731 cfg1 2 1 0 0 na na
10 63785.356350308550 0.056657208877 cfg1 2 1 0 0 na na
10 63785.389350368756 0.056656797516 cfg1 2 1 0 0 na na
10 63785.442350300687 0.056656141084 cfg1 2 1 0 0 na na
10 63785.496350286506 0.056655458937 cfg1 2 1 0 0 na na
10 63785.508350239763 0.056655337092 cfg1 2 1 0 0 na na
10 63785.538350323779 0.056654956147 cfg1 2 1 0 0 na na
10 63785.546350299990 0.056654844114 cfg1 2 1 0 0 na na
10 63785.559350333008 0.056654696257 cfg1 2 1 0 0 na na
10 63785.570350338655 0.056654545453 cfg1 2 1 0 0 na na
10 63785.596350284926 0.056654235357 cfg1 2 1 0 0 na na
10 63785.635350272291 0.056653740204 cfg1 2 1 0 0 na na
10 63785.654350301162 0.056653505134 cfg1 2 1 0 0 na na
10 63785.659350314554 0.056653430931 cfg1 2 1 0 0 na na
10 63785.666350325413 0.056653340487 cfg1 2 1 0 0 na na
10 63785.690350272867 0.056653057093 cfg1 2 1 0 0 na na
10 63785.694350295612 0.056652986679 cfg1 2 1 0 0 na na
10 63785.716350276863 0.056652712999 cfg1 2 1 0 0 na na
10 63785.724350289087 0.056652609060 cfg1 2 1 0 0 na na
10 63785.764350255024 0.056652121784 cfg1 2 1 0 0 na na
10 63785.766350300292 0.056652083645 cfg1 2 1 0 0 na na
10 63785.774350319403 0.056651996663 cfg1 2 1 0 0 na na
10 63785.779350253628 0.056651938373 cfg1 2 1 0 0 na na
10 63785.784350338108 0.056651879868 cfg1 2 1 0 0 na na
10 63785.814350310349 0.056651500430 cfg1 2 1 0 0 na na
10 63785.830350310046 0.056651302122 cfg1 2 1 0 0 na na
10 63785.837350344365 0.056651203071 cfg1 2 1 0 0 na na
10 63785.840350311553 0.056651161092 cfg1 2 1 0 0 na na
10 63785.841350255569 0.056651165688 cfg1 2 1 0 0 na na
10 63785.860350291814 0.056650908581 cfg1 2 1 0 0 na na
10 63785.865350276525 0.056650870936 cfg1 2 1 0 0 na na
10 63785.875350331666 0.056650724495 cfg1 2 1 0 0 na na
10 63785.931350317946 0.056650039419 cfg1 2 1 0 0 na na
10 63785.934350344352 0.056650003277 cfg1 2 1 0 0 na na
10 63785.957350314728 0.056649713334 cfg1 2 1 0 0 na na
10 63786.048350249382 0.056648577586 cfg1 2 1 0 0 na na
10 63786.049350326196 0.056648550187 cfg1 2 1 0 0 na na
10 63786.052350268316 0.056648508448 cfg1 2 1 0 0 na na
10 63786.079350310370 0.056648192638 cfg1 2 1 0 0 na na
10 63786.146350329230 0.056647361708 cfg1 2 1 0 0 na na
10 63786.195350333656 0.056646722612 cfg1 2 1 0 0 na na
10 63786.296350250608 0.056645476399 cfg1 2 1 0 0 na na
10 63786.299350278984 0.056645422038 cfg1 2 1 0 0 na na
10 63786.301350296956 0.056645418181 cfg1 2 1 0 0 na na
10 63786.341350354464 0.056644922520 cfg1 2 1 0 0 na na
10 63786.352350317955 0.056644759224 cfg1 2 1 0 0 na na
10 63786.357350306502 0.056644702624 cfg1 2 1 0 0 na na
10 63786.393350350989 0.056644276553 cfg1 2 1 0 0 na na
10 63786.404350293170 0.056644127017 cfg1 2 1 0 0 na na
10 63786.408350290800 0.056644077844 cfg1 2 1 0 0 na na
10 63786.411350305529 0.056644043987 cfg1 2 1 0 0 na na
10 63786.493350315612 0.056643007060 cfg1 2 1 0 0 na na
10 63786.494350315246 0.056643013275 cfg1 2 1 0 0 na na
10 63786.502350301499 0.056642903185 cfg1 2 1 0 0 na na
10 63786.512350295052 0.056642762586 cfg1 2 1 0 0 na na
10 63786.577350300837 0.056641949533 cfg1 2 1 0 0 na na
10 63786.635350323477 0.056641235356 cfg1 2 1 0 0 na na
10 63786.647350321602 0.056641091371 cfg1 2 1 0 0 na na
10 63786.657350363175 0.056640960567 cfg1 2 1 0 0 na na
10 63786.659350268556 0.056640923487 cfg1 2 1 0 0 na na
10 63786.704350320191 0.056640366687 cfg1 2 1 0 0 na na
10 63786.711350303936 0.056640273917 cfg1 2 1 0 0 na na
10 63786.713350325848 0.056640266289 cfg1 2 1 0 0 na na
10 63786.725350268211 0.056640121895 cfg1 2 1 0 0 na na
10 63786.739350355268 0.056639953335 cfg1 2 1 0 0 na na
10 63786.753350258817 0.056639759211 cfg1 2 1 0 0 na na
10 63786.760350361690 0.056639672460 cfg1 2 1 0 0 na na
10 63786.800350352062 0.056639169686 cfg1 2 1 0 0 na na
10 63786.813350277656 0.056639000771 cfg1 2 1 0 0 na na
10 63786.817350260105 0.056638956658 cfg1 2 1 0 0 na na
10 63786.866350309664 0.056638366627 cfg1 2 1 0 0 na na
10 63786.886350266648 0.056638090078 cfg1 2 1 0 0 na na
10 63786.908350292920 0.056637829468 cfg1 2 1 0 0 na na
10 63786.916350253873 0.056637728051 cfg1 2 1 0 0 na na
10 63786.919350260161 0.056637686659 cfg1 2 1 0 0 na na
10 63786.932350331753 0.056637524932 cfg1 2 1 0 0 na na
10 63786.963350251891 0.056637151767 cfg1 2 1 0 0 na na
10 63787.017350303803 0.056636456175 cfg1 2 1 0 0 na na
10 63787.034350322234 0.056636251328 cfg1 2 1 0 0 na na
10 63787.086350307027 0.056635600350 cfg1 2 1 0 0 na na
10 63787.087350267505 0.056635589983 cfg1 2 1 0 0 na na
10 63787.109350310300 0.056635314047 cfg1 2 1 0 0 na na
10 63787.158350333040 0.056634698096 cfg1 2 1 0 0 na na
10 63787.181350313930 0.056634426013 cfg1 2 1 0 0 na na
10 63787.224350274627 0.056633873273 cfg1 2 1 0 0 na na
10 63787.242350311446 0.056633670201 cfg1 2 1 0 0 na na
10 63787.243350294792 0.056633654619 cfg1 2 1 0 0 na na
10 63787.249350282070 0.056633576090 cfg1 2 1 0 0 na na
10 63787.262350309373 0.056633416038 cfg1 2 1 0 0 na na
10 63787.303350345746 0.056632898984 cfg1 2 1 0 0 na na
10 63787.329350282044 0.056632582234 cfg1 2 1 0 0 na na
10 63787.363350294506 0.056632136383 cfg1 2 1 0 0 na na
10 63787.386350293105 0.056631856765 cfg1 2 1 0 0 na na
10 63787.391350258884 0.056631795920 cfg1 2 1 0 0 na na
10 63787.466350347098 0.056630870861 cfg1 2 1 0 0 na na
10 63787.471350353609 0.056630798842 cfg1 2 1 0 0 na na
10 63787.481350348188 0.056630665477 cfg1 2 1 0 0 na na
10 63787.508350313953 0.056630341719 cfg1 2 1 0 0 na na
10 63787.529350327038 0.056630078088 cfg1 2 1 0 0 na na
10 63787.559350294672 0.056629699897 cfg1 2 1 0 0 na na
10 63787.614350273222 0.056629018295 cfg1 2 1 0 0 na na
10 63787.675350289286 0.056628251351 cfg1 2 1 0 0 na na
10 63787.684350269520 0.056628148205 cfg1 2 1 0 0 na na
10 63787.733350270706 0.056627511296 cfg1 2 1 0 0 na na
10 63787.754350260697 0.056627265693 cfg1 2 1 0 0 na na
10 63787.772350253034 0.056627038914 cfg1 2 1 0 0 na na
10 63787.784350288678 0.056626878264 cfg1 2 1 0 0 na na
10 63787.788350335771 0.056626836202 cfg1 2 1 0 0 na na
10 63787.806350325842 0.056626603540 cfg1 2 1 0 0 na na
10 63787.844350350093 0.056626134291 cfg1 2 1 0 0 na na
10 63787.856350312359 0.056625976694 cfg1 2 1 0 0 na na
10 63787.857350257181 0.056625987481 cfg1 2 1 0 0 na na
10 63787.896350293476 0.056625476472 cfg1 2 1 0 0 na na
10 63787.904350342603 0.056625398961 cfg1 2 1 0 0 na na
10 63787.924350313304 0.056625146151 cfg1 2 1 0 0 na na
10 63787.948350292445 0.056624838110 cfg1 2 1 0 0 na na
10 63787.973350258980 0.056624528051 cfg1 2 1 0 0 na na
10 63787.975350320872 0.056624514775 cfg1 2 1 0 0 na na
10 63788.000350276197 0.056624188203 cfg1 2 1 0 0 na na
10 63788.022350249894 0.056623922213 cfg1 2 1 0 0 na na
10 63788.054350356129 0.056623505332 cfg1 2 1 0 0 na na
10 63788.056350344057 0.056623505790 cfg1 2 1 0 0 na na
10 63788.062350324933 0.056623425601 cfg1 2 1 0 0 na na
10 63788.063350299797 0.056623412078 cfg1 2 1 0 0 na na
10 63788.065350272326 0.056623367631 cfg1 2 1 0 0 na na
10 63788.124350291459 0.056622649659 cfg1 2 1 0 0 na na
10 63788.155350258332 0.056622267861 cfg1 2 1 0 0 na na
10 63788.175350314374 0.056621993167 cfg1 2 1 0 0 na na
10 63788.185350261298 0.056621875522 cfg1 2 1 0 0 na na
10 63788.193350319353 0.056621787291 cfg1 2 1 0 0 na na
10 63788.197350330524 0.056621739489 cfg1 2 1 0 0 na na
10 63788.207350268867 0.056621593271 cfg1 2 1 0 0 na na
10 63788.217350314321 0.056621486956 cfg1 2 1 0 0 na na
10 63788.258350263933 0.056620962930 cfg1 2 1 0 0 na na
10 63788.275350284741 0.056620748709 cfg1 2 1 0 0 na na
10 63788.290350281653 0.056620560527 cfg1 2 1 0 0 na na
10 63788.368350297610 0.056619590122 cfg1 2 1 0 0 na na
10 63788.376350290536 0.056619507583 cfg1 2 1 0 0 na na
10 63788.396350344439 0.056619251204 cfg1 2 1 0 0 na na
10 63788.411350322334 0.056619053325 cfg1 2 1 0 0 na na
10 63788.521350307658 0.056617679233 cfg1 2 1 0 0 na na
10 63788.522350345755 0.056617662660 cfg1 2 1 0 0 na na
10 63788.551350303905 0.056617297274 cfg1 2 1 0 0 na na
10 63788.565350261475 0.056617130576 cfg1 2 1 0 0 na na
10 63788.572350288399 0.056617062999 cfg1 2 1 0 0 na na
10 63788.588350281109 0.056616853482 cfg1 2 1 0 0 na na
10 63788.595350333173 0.056616753571 cfg1 2 1 0 0 na na
10 63788.609350254084 0.056616587759 cfg1 2 1 0 0 na na
10 63788.641350308010 0.056616191104 cfg1 2 1 0 0 na na
10 63788.642350303714 0.056616168958 cfg1 2 1 0 0 na na
10 63788.674350277765 0.056615772269 cfg1 2 1 0 0 na na
10 63788.692350272035 0.056615564521 cfg1 2 1 0 0 na na
10 63788.701350313509 0.056615443745 cfg1 2 1 0 0 na na
10 63788.713350265069 0.056615281775 cfg1 2 1 0 0 na na
10 63788.756350318641 0.056614749471 cfg1 2 1 0 0 na na
10 63788.764350277387 0.056614642428 cfg1 2 1 0 0 na na
10 63788.776350295113 0.056614510254 cfg1 2 1 0 0 na na
10 63788.778350320961 0.056614489366 cfg1 2 1 0 0 na na
10 63788.793350357011 0.056614295044 cfg1 2 1 0 0 na na
10 63788.828350292399 0.056613843242 cfg1 2 1 0 0 na na
10 63788.833350277310 0.056613786105 cfg1 2 1 0 0 na na
10 63788.848350242846 0.056613619296 cfg1 2 1 0 0 na na
10 63788.936350339847 0.056612510753 cfg1 2 1 0 0 na na
10 63788.958350319398 0.056612219035 cfg1 2 1 0 0 na na
10 63788.961350306070 0.056612191909 cfg1 2 1 0 0 na na
10 63789.009350265173 0.056611586790 cfg1 2 1 0 0 na na
10 63789.031350331141 0.056611308314 cfg1 2 1 0 0 na na
10 63789.041350328473 0.056611206858 cfg1 2 1 0 0 na na
10 63789.060350335872 0.056610963285 cfg1 2 1 0 0 na na
10 63789.090350296032 0.056610587566 cfg1 2 1 0 0 na na
10 63789.094350322908 0.056610528262 cfg1 2 1 0 0 na na
10 63789.135350307558 0.056610028553 cfg1 2 1 0 0 na na
10 63789.151350333216 0.056609832453 cfg1 2 1 0 0 na na
10 63789.154350282310 0.056609792152 cfg1 2 1 0 0 na na
10 63789.155350347732 0.056609786869 cfg1 2 1 0 0 na na
10 63789.181350291130 0.056609446629 cfg1 2 1 0 0 na na
10 63789.224350309256 0.056608918658 cfg1 2 1 0 0 na na
10 63789.243350269598 0.056608666265 cfg1 2 1 0 0 na na
10 63789.250350352790 0.056608586107 cfg1 2 1 0 0 na na
10 63789.264350305659 0.056608408119 cfg1 2 1 0 0 na na
10 63789.278350331763 0.056608234433 cfg1 2 1 0 0 na na
10 63789.346350344589 0.056607398387 cfg1 2 1 0 0 na na
10 63789.399350304465 0.056606724806 cfg1 2 1 0 0 na na
10 63789.407350296919 0.056606617683 cfg1 2 1 0 0 na na
10 63789.448350318199 0.056606132757 cfg1 2 1 0 0 na na
10 63789.449350290909 0.056606101954 cfg1 2 1 0 0 na na
10 63789.468350289753 0.056605867528 cfg1 2 1 0 0 na na
10 63789.514350348714 0.056605309420 cfg1 2 1 0 0 na na
10 63789.529350300159 0.056605113003 cfg1 2 1 0 0 na na
10 63789.534350297009 0.056605052312 cfg1 2 1 0 0 na na
10 63789.550350270642 0.056604850828 cfg1 2 1 0 0 na na
10 63789.581350324570 0.056604464534 cfg1 2 1 0 0 na na
10 63789.634350363524 0.056603797121 cfg1 2 1 0 0 na na
10 63789.639350334907 0.056603731644 cfg1 2 1 0 0 na na
10 63789.661350306766 0.056603473225 cfg1 2 1 0 0 na na
10 63789.732350363967 0.056602574628 cfg1 2 1 0 0 na na
10 63789.794350278946 0.056601795405 cfg1 2 1 0 0 na na
10 63789.801350304762 0.056601709983 cfg1 2 1 0 0 na na
10 63789.857350261274 0.056601010586 cfg1 2 1 0 0 na na
10 63789.907350305961 0.056600391970 cfg1 2 1 0 0 na na
10 63789.920350304072 0.056600238848 cfg1 2 1 0 0 na na
10 63789.930350262625 0.056600099307 cfg1 2 1 0 0 na na
10 63789.934350315946 0.056600040660 cfg1 2 1 0 0 na na
10 63789.942350334847 0.056599967641 cfg1 2 1 0 0 na na
10 63789.947350327885 0.056599894422 cfg1 2 1 0 0 na na
10 63789.954350342934 0.056599808965 cfg1 2 1 0 0 na na
10 63789.957350267864 0.056599754125 cfg1 2 1 0 0 na na
10 63790.005350286271 0.056599168910 cfg1 2 1 0 0 na na
10 63790.037350337058 0.056598758642 cfg1 2 1 0 0 na na
10 63790.058350285030 0.056598496415 cfg1 2 1 0 0 na na
10 63790.061350320400 0.056598482151 cfg1 2 1 0 0 na na
10 63790.088350316903 0.056598127902 cfg1 2 1 0 0 na na
10 63790.128350328013 0.056597622903 cfg1 2 1 0 0 na na
10 63790.135350365961 0.056597560499 cfg1 2 1 0 0 na na
10 63790.139350309447 0.056597507814 cfg1 2 1 0 0 na na
10 63790.150350291834 0.056597357814 cfg1 2 1 0 0 na na
10 63790.152350306650 0.056597337948 cfg1 2 1 0 0 na na
10 63790.156350291267 0.056597291547 cfg1 2 1 0 0 na na
10 63790.161350375341 0.056597211675 cfg1 2 1 0 0 na na
10 63790.168350343504 0.056597151301 cfg1 2 1 0 0 na na
10 63790.217350324256 0.056596538668 cfg1 2 1 0 0 na na
10 63790.219350272551 0.056596510172 cfg1 2 1 0 0 na na
10 63790.231350340174 0.056596356454 cfg1 2 1 0 0 na na
10 63790.243350323443 0.056596213292 cfg1 2 1 0 0 na na
10 63790.256350257566 0.056596039269 cfg1 2 1 0 0 na na
10 63790.261350311430 0.056595982701 cfg1 2 1 0 0 na na
10 63790.272350352457 0.056595851804 cfg1 2 1 0 0 na na
10 63790.277350312180 0.056595767545 cfg1 2 1 0 0 na na
10 63790.293350287452 0.056595581536 cfg1 2 1 0 0 na na
10 63790.310350278442 0.056595372531 cfg1 2 1 0 0 na na
10 63790.319350295232 0.056595257162 cfg1 2 1 0 0 na na
10 63790.405350266943 0.056594169976 cfg1 2 1 0 0 na na
10 63790.457350319286 0.056593522918 cfg1 2 1 0 0 na na
10 63790.468350262735 0.056593389165 cfg1 2 1 0 0 na na
10 63790.497350284922 0.056593023565 cfg1 2 1 0 0 na na
10 63790.500350269230 0.056592982712 cfg1 2 1 0 0 na na
10 63790.506350248729 0.056592930249 cfg1 2 1 0 0 na na
10 63790.583350248081 0.056591968728 cfg1 2 1 0 0 na na
10 63790.602350310075 0.056591737487 cfg1 2 1 0 0 na na
10 63790.617350269738 0.056591542750 cfg1 2 1 0 0 na na
10 63790.666350282745 0.056590929554 cfg1 2 1 0 0 na na
10 63790.680350298469 0.056590745702 cfg1 2 1 0 0 na na
10 63790.725350389150 0.056590183967 cfg1 2 1 0 0 na na
10 63790.729350328870 0.056590148803 cfg1 2 1 0 0 na na
10 63790.743350287491 0.056589954907 cfg1 2 1 0 0 na na
10 63790.756350379492 0.056589796035 cfg1 2 1 0 0 na na
10 63790.769350284961 0.056589633685 cfg1 2 1 0 0 na na
10 63790.785350298054 0.056589445191 cfg1 2 1 0 0 na na
10 63790.827350269167 0.056588917432 cfg1 2 1 0 0 na na
10 63790.861350284964 0.056588495631 cfg1 2 1 0 0 na na
10 63790.863350258412 0.056588468544 cfg1 2 1 0 0 na na
10 63790.869350294292 0.056588391068 cfg1 2 1 0 0 na na
10 63790.964350252321 0.056587214724 cfg1 2 1 0 0 na na
10 63791.000350260643 0.056586756374 cfg1 2 1 0 0 na na
10 63791.080350301163 0.056585762364 cfg1 2 1 0 0 na na
10 63791.116350296880 0.056585305116 cfg1 2 1 0 0 na na
10 63791.152350294979 0.056584874209 cfg1 2 1 0 0 na na
10 63791.173350299309 0.056584592887 cfg1 2 1 0 0 na na
10 63791.210350271344 0.056584159110 cfg1 2 1 0 0 na na
10 63791.234350296494 0.056583843884 cfg1 2 1 0 0 na na
10 63791.243350257693 0.056583729263 cfg1 2 1 0 0 na na
10 63791.319350284794 0.056582775883 cfg1 2 1 0 0 na na
10 63791.345350266069 0.056582464832 cfg1 2 1 0 0 na na
10 63791.356350301345 0.056582311681 cfg1 2 1 0 0 na na
10 63791.369350307481 0.056582162207 cfg1 2 1 0 0 na na
10 63791.383350319023 0.056581978540 cfg1 2 1 0 0 na na
10 63791.443350316628 0.056581228480 cfg1 2 1 0 0 na na
10 63791.453350338109 0.056581102096 cfg1 2 1 0 0 na na
10 63791.501350337071 0.056580527470 cfg1 2 1 0 0 na na
10 63791.516350312724 0.056580330475 cfg1 2 1 0 0 na na
10 63791.547350318806 0.056579953911 cfg1 2 1 0 0 na na
10 63791.548350269823 0.056579927048 cfg1 2 1 0 0 na na
10 63791.608350265713 0.056579179664 cfg1 2 1 0 0 na na
10 63791.649350312776 0.056578657594 cfg1 2 1 0 0 na na
10 63791.657350347532 0.056578587186 cfg1 2 1 0 0 na na
10 63791.677350308365 0.056578336986 cfg1 2 1 0 0 na na
10 63791.690350353160 0.056578147917 cfg1 2 1 0 0 na na
10 63791.702350352242 0.056578003755 cfg1 2 1 0 0 na na
10 63791.730350295278 0.056577655876 cfg1 2 1 0 0 na na
10 63791.746350391478 0.056577473432 cfg1 2 1 0 0 na na
10 63791.766350263500 0.056577223592 cfg1 2 1 0 0 na na
10 63791.774350322171 0.056577111356 cfg1 2 1 0 0 na na
10 63791.787350334243 0.056576942069 cfg1 2 1 0 0 na na
10 63791.805350265129 0.056576720531 cfg1 2 1 0 0 na na
10 63791.857350312669 0.056576086788 cfg1 2 1 0 0 na na
10 63791.865350303962 0.056575971278 cfg1 2 1 0 0 na na
10 63791.925350351722 0.056575225000 cfg1 2 1 0 0 na na
10 63791.938350328410 0.056575061998 cfg1 2 1 0 0 na na
10 63791.948350317776 0.056574959567 cfg1 2 1 0 0 na na
10 63791.981350327433 0.056574533896 cfg1 2 1 0 0 na na
10 63791.989350298650 0.056574442466 cfg1 2 1 0 0 na na
10 63791.991350284439 0.056574404248 cfg1 2 1 0 0 na na
10 63792.032350305704 0.056573897954 cfg1 2 1 0 0 na na
10 63792.075350313912 0.056573367875 cfg1 2 1 0 0 na na
10 63792.084350283900 0.056573240767 cfg1 2 1 0 0 na na
10 63792.093350283110 0.056573129390 cfg1 2 1 0 0 na na
10 63792.105350284123 0.056572991858 cfg1 2 1 0 0 na na
10 63792.180350270700 0.056572068646 cfg1 2 1 0 0 na na
10 63792.185350324506 0.056572007339 cfg1 2 1 0 0 na na
10 63792.207350349298 0.056571722259 cfg1 2 1 0 0 na na
10 63792.227350288660 0.056571456644 cfg1 2 1 0 0 na na
10 63792.238350319705 0.056571332796 cfg1 2 1 0 0 na na
10 63792.279350263143 0.056570813731 cfg1 2 1 0 0 na na
10 63792.285350272081 0.056570736883 cfg1 2 1 0 0 na na
10 63792.475350267087 0.056568390078 cfg1 2 1 0 0 na na
10 63792.484350356721 0.056568264050 cfg1 2 1 0 0 na na
10 63792.490350302673 0.056568200169 cfg1 2 1 0 0 na na
10 63792.491350248457 0.056568188569 cfg1 2 1 0 0 na na
10 63792.505350265772 0.056567996443 cfg1 2 1 0 0 na na
10 63792.520350281436 0.056567827923 cfg1 2 1 0 0 na na
10 63792.522350352103 0.056567802645 cfg1 2 1 0 0 na na
10 63792.523350246853 0.056567796403 cfg1 2 1 0 0 na na
10 63792.550350289787 0.056567445610 cfg1 2 1 0 0 na na
10 63792.567350328564 0.056567226308 cfg1 2 1 0 0 na na
10 63792.624350307138 0.056566536606 cfg1 2 1 0 0 na na
10 63792.635350259761 0.056566382595 cfg1 2 1 0 0 na na
10 63792.695350303417 0.056565633525 cfg1 2 1 0 0 na na
10 63792.697350267601 0.056565604413 cfg1 2 1 0 0 na na
10 63792.705350268304 0.056565503472 cfg1 2 1 0 0 na na
10 63792.770350324804 0.056564713192 cfg1 2 1 0 0 na na
10 63792.771350240664 0.056564706259 cfg1 2 1 0 0 na na
10 63792.792350343502 0.056564426585 cfg1 2 1 0 0 na na
10 63792.811350263583 0.056564189895 cfg1 2 1 0 0 na na
10 63792.813350319445 0.056564159687 cfg1 2 1 0 0 na na
10 63792.815350294036 0.056564146714 cfg1 2 1 0 0 na na
10 63792.851350280592 0.056563692760 cfg1 2 1 0 0 na na
10 63792.884350315352 0.056563276596 cfg1 2 1 0 0 na na
10 63792.926350332446 0.056562768223 cfg1 2 1 0 0 na na
10 63792.932350309508 0.056562689214 cfg1 2 1 0 0 na na
10 63792.955350309704 0.056562389601 cfg1 2 1 0 0 na na
10 63792.976350300862 0.056562154046 cfg1 2 1 0 0 na na
10 63792.993350278949 0.056561914595 cfg1 2 1 0 0 na na
10 63793.028350332356 0.056561480355 cfg1 2 1 0 0 na na
10 63793.034350320165 0.056561403190 cfg1 2 1 0 0 na na
10 63793.056350295218 0.056561157214 cfg1 2 1 0 0 na na
10 63793.096350283533 0.056560642702 cfg1 2 1 0 0 na na
10 63793.117350300025 0.056560387877 cfg1 2 1 0 0 na na
10 63793.125350335767 0.056560282320 cfg1 2 1 0 0 na na
10 63793.134350322735 0.056560184273 cfg1 2 1 0 0 na na
10 63793.142350313074 0.056560074939 cfg1 2 1 0 0 na na
10 63793.172350317774 0.056559712054 cfg1 2 1 0 0 na na
10 63793.196350313434 0.056559399640 cfg1 2 1 0 0 na na
10 63793.204350256571 0.056559300058 cfg1 2 1 0 0 na na
10 63793.244350297468 0.056558807566 cfg1 2 1 0 0 na na
10 63793.263350314955 0.056558561188 cfg1 2 1 0 0 na na
10 63793.299350304248 0.056558113700 cfg1 2 1 0 0 na na
10 63793.324350258361 0.056557803741 cfg1 2 1 0 0 na na
10 63793.335350297070 0.056557675723 cfg1 2 1 0 0 na na
10 63793.339350318598 0.056557628593 cfg1 2 1 0 0 na na
10 63793.346350288423 0.056557538722 cfg1 2 1 0 0 na na
10 63793.399350268738 0.056556880806 cfg1 2 1 0 0 na na
10 63793.409350258268 0.056556743980 cfg1 2 1 0 0 na na
10 63793.413350295040 0.056556695880 cfg1 2 1 0 0 na na
10 63793.423350300387 0.056556563966 cfg1 2 1 0 0 na na
10 63793.440350282465 0.056556362758 cfg1 2 1 0 0 na na
10 63793.514350287560 0.056555427100 cfg1 2 1 0 0 na na
10 63793.581350279405 0.056554619462 cfg1 2 1 0 0 na na
10 63793.587350344493 0.056554527108 cfg1 2 1 0 0 na na
10 63793.604350285808 0.056554313782 cfg1 2 1 0 0 na na
10 63793.628350344443 0.056554011679 cfg1 2 1 0 0 na na
10 63793.646350331287 0.056553793196 cfg1 2 1 0 0 na na
10 63793.647350280368 0.056553769752 cfg1 2 1 0 0 na na
10 63793.691350268164 0.056553230042 cfg1 2 1 0 0 na na
10 63793.721350291018 0.056552877589 cfg1 2 1 0 0 na na
10 63793.733350351359 0.056552703467 cfg1 2 1 0 0 na na
10 63793.742350270015 0.056552605709 cfg1 2 1 0 0 na na
10 63793.747350334022 0.056552539074 cfg1 2 1 0 0 na na
10 63793.770350348918 0.056552251752 cfg1 2 1 0 0 na na
10 63793.773350306728 0.056552215802 cfg1 2 1 0 0 na na
10 63793.789350296703 0.056552031118 cfg1 2 1 0 0 na na
10 63793.822350352768 0.056551602507 cfg1 2 1 0 0 na na
10 63793.834350308091 0.056551460519 cfg1 2 1 0 0 na na
10 63793.863350321489 0.056551096603 cfg1 2 1 0 0 na na
10 63793.870350359456 0.056551011271 cfg1 2 1 0 0 na na
10 63793.914350302557 0.056550474415 cfg1 2 1 0 0 na na
10 63793.916350312144 0.056550447671 cfg1 2 1 0 0 na na
10 63793.941350308139 0.056550117318 cfg1 2 1 0 0 na na
10 63793.962350323219 0.056549854059 cfg1 2 1 0 0 na na
10 63794.004350343696 0.056549334663 cfg1 2 1 0 0 na na
10 63794.008350292193 0.056549279482 cfg1 2 1 0 0 na na
10 63794.056350298613 0.056548693879 cfg1 2 1 0 0 na na
10 63794.062350292439 0.056548625859 cfg1 2 1 0 0 na na
10 63794.077350309584 0.056548438399 cfg1 2 1 0 0 na na
10 63794.167350296116 0.056547309057 cfg1 2 1 0 0 na na
10 63794.208350299185 0.056546806210 cfg1 2 1 0 0 na na
10 63794.223350283559 0.056546622872 cfg1 2 1 0 0 na na
10 63794.226350250352 0.056546576519 cfg1 2 1 0 0 na na
10 63794.235350314934 0.056546468370 cfg1 2 1 0 0 na na
10 63794.240350283018 0.056546410827 cfg1 2 1 0 0 na na
10 63794.260350288020 0.056546155047 cfg1 2 1 0 0 na na
10 63794.273350284465 0.056545995062 cfg1 2 1 0 0 na na
10 63794.321350308952 0.056545408367 cfg1 2 1 0 0 na na
10 63794.360350326363 0.056544896446 cfg1 2 1 0 0 na na
10 63794.368350318395 0.056544814566 cfg1 2 1 0 0 na na
10 63794.410350335453 0.056544284492 cfg1 2 1 0 0 na na
10 63794.416350260794 0.056544201125 cfg1 2 1 0 0 na na
10 63794.426350347826 0.056544086847 cfg1 2 1 0 0 na na
10 63794.449350318263 0.056543791934 cfg1 2 1 0 0 na na
10 63794.517350318969 0.056542969297 cfg1 2 1 0 0 na na
10 63794.546350357403 0.056542585566 cfg1 2 1 0 0 na na
10 63794.549350309234 0.056542561102 cfg1 2 1 0 0 na na
10 63794.565350277749 0.056542345113 cfg1 2 1 0 0 na na
10 63794.602350332103 0.056541904706 cfg1 2 1 0 0 na na
10 63794.710350311855 0.056540544529 cfg1 2 1 0 0 na na
10 63794.713350284899 0.056540507524 cfg1 2 1 0 0 na na
10 63794.756350307937 0.056539969832 cfg1 2 1 0 0 na na
10 63794.883350357380 0.056538388721 cfg1 2 1 0 0 na na
10 63795.112350309919 0.056535541252 cfg1 2 1 0 0 na na
10 63795.148350322171 0.056535105392 cfg1 2 1 0 0 na na
10 63795.261350285112 0.056533695345 cfg1 2 1 0 0 na na
10 63795.265350303067 0.056533646654 cfg1 2 1 0 0 na na
10 63795.273350297303 0.056533549571 cfg1 2 1 0 0 na na
10 63795.332350274569 0.056532817770 cfg1 2 1 0 0 na na
10 63795.349350287343 0.056532612820 cfg1 2 1 0 0 na na
10 63795.390350327104 0.056532092237 cfg1 2 1 0 0 na na
10 63795.398350270645 0.056531978360 cfg1 2 1 0 0 na na
10 63795.418350321526 0.056531755079 cfg1 2 1 0 0 na na
10 63795.440350289278 0.056531467070 cfg1 2 1 0 0 na na
10 63795.449350319324 0.056531344421 cfg1 2 1 0 0 na na
10 63795.479350280074 0.056530980342 cfg1 2 1 0 0 na na
10 63795.480350373455 0.056530965629 cfg1 2 1 0 0 na na
10 63795.495350316106 0.056530775294 cfg1 2 1 0 0 na na
10 63795.519350250331 0.056530495874 cfg1 2 1 0 0 na na
10 63795.658350305678 0.056528756542 cfg1 2 1 0 0 na na
10 63795.686350336484 0.056528412325 cfg1 2 1 0 0 na na
10 63795.720350253412 0.056527988414 cfg1 2 1 0 0 na na
10 63795.882350299500 0.056525977420 cfg1 2 1 0 0 na na
10 63795.902350308353 0.056525718503 cfg1 2 1 0 0 na na
10 63795.940350376086 0.056525243734 cfg1 2 1 0 0 na na
10 63795.950350346147 0.056525112778 cfg1 2 1 0 0 na na
10 63795.982350327690 0.056524740401 cfg1 2 1 0 0 na na
10 63796.062350301212 0.056523732138 cfg1 2 1 0 0 na na
10 63796.199350270223 0.056522016782 cfg1 2 1 0 0 na na
10 63796.269350370745 0.056521167763 cfg1 2 1 0 0 na na
10 63796.274350264992 0.056521091614 cfg1 2 1 0 0 na na
10 63796.354350311024 0.056520101072 cfg1 2 1 0 0 na na
10 63796.479350338486 0.056518556049 cfg1 2 1 0 0 na na
10 63796.593350324218 0.056517121700 cfg1 2 1 0 0 na na
10 63796.629350253778 0.056516688422 cfg1 2 1 0 0 na na
10 63796.647350344331 0.056516459720 cfg1 2 1 0 0 na na
10 63796.661350321152 0.056516273120 cfg1 2 1 0 0 na na
10 63796.740350364133 0.056515290136 cfg1 2 1 0 0 na na
10 63796.757350329532 0.056515086792 cfg1 2 1 0 0 na na
10 63796.904350312053 0.056513263837 cfg1 2 1 0 0 na na
10 63796.994350342888 0.056512137149 cfg1 2 1 0 0 na na
10 63797.034350281434 0.056511643381 cfg1 2 1 0 0 na na
10 63797.094350311040 0.056510889976 cfg1 2 1 0 0 na na
10 63797.186350273447 0.056509751636 cfg1 2 1 0 0 na na
10 63797.209350344738 0.056509486412 cfg1 2 1 0 0 na na
10 63797.237350246109 0.056509135845 cfg1 2 1 0 0 na na
10 63797.256350267094 0.056508879701 cfg1 2 1 0 0 na na
10 63797.315350264233 0.056508163603 cfg1 2 1 0 0 na na
10 63797.462350297729 0.056506331648 cfg1 2 1 0 0 na na
10 63797.479350304126 0.056506133582 cfg1 2 1 0 0 na na
10 63797.530350347967 0.056505474677 cfg1 2 1 0 0 na na
10 63797.538350322717 0.056505371797 cfg1 2 1 0 0 na na
10 63797.570350349400 0.056504976729 cfg1 2 1 0 0 na na
10 63797.669350268108 0.056503743776 cfg1 2 1 0 0 na na
10 63797.681350263245 0.056503603820 cfg1 2 1 0 0 na na
10 63797.721350299059 0.056503102456 cfg1 2 1 0 0 na na
10 63797.833350315739 0.056501735317 cfg1 2 1 0 0 na na
10 63797.838350285450 0.056501646700 cfg1 2 1 0 0 na na
10 63797.926350304987 0.056500569437 cfg1 2 1 0 0 na na
10 63797.966350311290 0.056500078604 cfg1 2 1 0 0 na na
10 63797.975350288266 0.056499942412 cfg1 2 1 0 0 na na
10 63797.980350316008 0.056499897774 cfg1 2 1 0 0 na na
10 63798.025350288277 0.056499330434 cfg1 2 1 0 0 na na
10 63798.029350354060 0.056499290021 cfg1 2 1 0 0 na na
10 63798.066350268145 0.056498813749 cfg1 2 1 0 0 na na
10 63798.124350292398 0.056498101494 cfg1 2 1 0 0 na na
10 63798.327350330822 0.056495582939 cfg1 2 1 0 0 na na
10 63798.400350376313 0.056494677102 cfg1 2 1 0 0 na na
10 63798.449350305894 0.056494058732 cfg1 2 1 0 0 na na
10 63798.501350299298 0.056493414618 cfg1 2 1 0 0 na na
10 63798.514350321362 0.056493260010 cfg1 2 1 0 0 na na
10 63798.587350300451 0.056492353585 cfg1 2 1 0 0 na na
10 63798.625350286659 0.056491883356 cfg1 2 1 0 0 na na
10 63798.669350251531 0.056491340758 cfg1 2 1 0 0 na na
10 63798.691350313967 0.056491066870 cfg1 2 1 0 0 na na
10 63798.692350272862 0.056491043878 cfg1 2 1 0 0 na na
10 63798.807350326887 0.056489613136 cfg1 2 1 0 0 na na
10 63798.848350333087 0.056489105312 cfg1 2 1 0 0 na na
10 63798.926350357610 0.056488138771 cfg1 2 1 0 0 na na
10 63799.051350314284 0.056486595222 cfg1 2 1 0 0 na na
10 63799.058350258708 0.056486511797 cfg1 2 1 0 0 na na
10 63799.085350310183 0.056486183612 cfg1 2 1 0 0 na na
10 63799.092350271956 0.056486076125 cfg1 2 1 0 0 na na
10 63799.121350307283 0.056485734379 cfg1 2 1 0 0 na na
10 63799.207350318881 0.056484667540 cfg1 2 1 0 0 na na
10 63799.248350299107 0.056484159529 cfg1 2 1 0 0 na na
10 63799.256350293606 0.056484036549 cfg1 2 1 0 0 na na
10 63799.300350359547 0.056483492015 cfg1 2 1 0 0 na na
10 63799.356350281065 0.056482793046 cfg1 2 1 0 0 na na
10 63799.374350334044 0.056482586909 cfg1 2 1 0 0 na na
10 63799.377350294540 0.056482532781 cfg1 2 1 0 0 na na
10 63799.409350293690 0.056482141614 cfg1 2 1 0 0 na na
10 63799.557350327010 0.056480320239 cfg1 2 1 0 0 na na
10 63799.574350326137 0.056480112197 cfg1 2 1 0 0 na na
10 63799.579350339524 0.056480034903 cfg1 2 1 0 0 na na
10 63799.678350328136 0.056478793998 cfg1 2 1 0 0 na na
10 63799.696350290435 0.056478581182 cfg1 2 1 0 0 na na
10 63799.776350331893 0.056477606466 cfg1 2 1 0 0 na na
10 63799.777350260218 0.056477576719 cfg1 2 1 0 0 na na
10 63799.828350322682 0.056476941699 cfg1 2 1 0 0 na na
10 63799.866350280769 0.056476481721 cfg1 2 1 0 0 na na
10 63799.870350307534 0.056476428866 cfg1 2 1 0 0 na na
10 63799.885350311728 0.056476234299 cfg1 2 1 0 0 na na
10 63799.958350309429 0.056475344796 cfg1 2 1 0 0 na na
10 63799.995350323168 0.056474876825 cfg1 2 1 0 0 na na
10 63800.003350356004 0.056474776192 cfg1 2 1 0 0 na na
10 63800.033350308655 0.056474391031 cfg1 2 1 0 0 na na
10 63800.138350279419 0.056473111808 cfg1 2 1 0 0 na na
10 63800.157350259040 0.056472857701 cfg1 2 1 0 0 na na
10 63800.264350297656 0.056471524273 cfg1 2 1 0 0 na na
10 63800.278350268040 0.056471360088 cfg1 2 1 0 0 na na
10 63800.382350281560 0.056470084353 cfg1 2 1 0 0 na na
10 63800.383350326061 0.056470068509 cfg1 2 1 0 0 na na
10 63800.437350343508 0.056469401528 cfg1 2 1 0 0 na na
10 63800.562350347670 0.056467842992 cfg1 2 1 0 0 na na
10 63800.598350314943 0.056467397256 cfg1 2 1 0 0 na na
10 63800.601350364073 0.056467355272 cfg1 2 1 0 0 na na
10 63800.651350292642 0.056466729970 cfg1 2 1 0 0 na na
10 63800.673350266950 0.056466467648 cfg1 2 1 0 0 na na
10 63800.681350340323 0.056466351080 cfg1 2 1 0 0 na na
10 63800.731350316947 0.056465749258 cfg1 2 1 0 0 na na
10 63800.887350319386 0.056463819956 cfg1 2 1 0 0 na na
10 63800.941350308659 0.056463142278 cfg1 2 1 0 0 na na
10 63800.954350271617 0.056462970312 cfg1 2 1 0 0 na na
10 63801.001350316838 0.056462402143 cfg1 2 1 0 0 na na
10 63801.026350263372 0.056462073591 cfg1 2 1 0 0 na na
10 63801.046350254365 0.056461832660 cfg1 2 1 0 0 na na
10 63801.053350300865 0.056461738556 cfg1 2 1 0 0 na na
10 63801.068350250277 0.056461561465 cfg1 2 1 0 0 na na
10 63801.168350259738 0.056460312135 cfg1 2 1 0 0 na na
10 63801.183350244790 0.056460142127 cfg1 2 1 0 0 na na
10 63801.299350285304 0.056458697468 cfg1 2 1 0 0 na na
10 63801.348350316167 0.056458080155 cfg1 2 1 0 0 na na
10 63801.391350283282 0.056457549741 cfg1 2 1 0 0 na na
10 63801.429350359554 0.056457088997 cfg1 2 1 0 0 na na
10 63801.439350327386 0.056456970787 cfg1 2 1 0 0 na na
10 63801.442350291905 0.056456932458 cfg1 2 1 0 0 na na
10 63801.447350314393 0.056456864129 cfg1 2 1 0 0 na na
10 63801.475350291671 0.056456510113 cfg1 2 1 0 0 na na
10 63801.521350300727 0.056455954429 cfg1 2 1 0 0 na na
10 63801.731350320673 0.056453323577 cfg1 2 1 0 0 na na
10 63801.788350296978 0.056452638638 cfg1 2 1 0 0 na na
10 63801.794350331181 0.056452543458 cfg1 2 1 0 0 na na
10 63801.883350327708 0.056451464315 cfg1 2 1 0 0 na na
10 63801.939350261121 0.056450750694 cfg1 2 1 0 0 na na
10 63801.965350320225 0.056450428515 cfg1 2 1 0 0 na na
10 63801.982350267873 0.056450220797 cfg1 2 1 0 0 na na
10 63802.030350249635 0.056449639373 cfg1 2 1 0 0 na na
10 63802.039350300655 0.056449504769 cfg1 2 1 0 0 na na
10 63802.121350316753 0.056448489541 cfg1 2 1 0 0 na na
10 63802.124350290766 0.056448472749 cfg1 2 1 0 0 na na
10 63802.165350265435 0.056447958783 cfg1 2 1 0 0 na na
10 63802.168350348375 0.056447924663 cfg1 2 1 0 0 na na
10 63802.195350302184 0.056447583990 cfg1 2 1 0 0 na na
10 63802.209350354150 0.056447418538 cfg1 2 1 0 0 na na
10 63802.213350338404 0.056447357652 cfg1 2 1 0 0 na na
10 63802.219350292602 0.056447279541 cfg1 2 1 0 0 na na
10 63802.278350285377 0.056446545276 cfg1 2 1 0 0 na na
10 63802.334350306168 0.056445858192 cfg1 2 1 0 0 na na
10 63802.385350333045 0.056445227831 cfg1 2 1 0 0 na na
10 63802.387350340306 0.056445202198 cfg1 2 1 0 0 na na
10 63802.401350333995 0.056445037831 cfg1 2 1 0 0 na na
10 63802.466350333390 0.056444227280 cfg1 2 1 0 0 na na
10 63802.521350347281 0.056443548624 cfg1 2 1 0 0 na na
10 63802.522350320735 0.056443535442 cfg1 2 1 0 0 na na
10 63802.544350264323 0.056443257164 cfg1 2 1 0 0 na na
10 63802.680350317911 0.056441562796 cfg1 2 1 0 0 na na
10 63802.691350324044 0.056441438109 cfg1 2 1 0 0 na na
10 63802.742350326330 0.056440810781 cfg1 2 1 0 0 na na
10 63802.795350279477 0.056440136181 cfg1 2 1 0 0 na na
10 63802.856350334006 0.056439376627 cfg1 2 1 0 0 na na
10 63802.859350312237 0.056439341461 cfg1 2 1 0 0 na na
10 63802.890350306426 0.056438977291 cfg1 2 1 0 0 na na
10 63803.032350262062 0.056437205229 cfg1 2 1 0 0 na na
10 63803.034350300292 0.056437189979 cfg1 2 1 0 0 na na
10 63803.038350293581 0.056437148549 cfg1 2 1 0 0 na na
10 63803.063350305756 0.056436830823 cfg1 2 1 0 0 na na
10 63803.103350330907 0.056436317216 cfg1 2 1 0 0 na na
10 63803.118350319136 0.056436150605 cfg1 2 1 0 0 na na
10 63803.144350264432 0.056435834511 cfg1 2 1 0 0 na na
10 63803.170350289153 0.056435509939 cfg1 2 1 0 0 na na
10 63803.224350322777 0.056434825550 cfg1 2 1 0 0 na na
10 63803.244350311773 0.056434590391 cfg1 2 1 0 0 na na
10 63803.292350300530 0.056433996732 cfg1 2 1 0 0 na na
10 63803.344350289429 0.056433358822 cfg1 2 1 0 0 na na
10 63803.361350307192 0.056433121120 cfg1 2 1 0 0 na na
10 63803.442350287055 0.056432124724 cfg1 2 1 0 0 na na
10 63803.543350306795 0.056430863748 cfg1 2 1 0 0 na na
10 63803.609350306277 0.056430055701 cfg1 2 1 0 0 na na
10 63803.640350324148 0.056429674081 cfg1 2 1 0 0 na na
10 63803.701350257715 0.056428919073 cfg1 2 1 0 0 na na
10 63803.735350267641 0.056428488999 cfg1 2 1 0 0 na na
10 63803.832350313390 0.056427295982 cfg1 2 1 0 0 na na
10 63803.849350306023 0.056427082999 cfg1 2 1 0 0 na na
10 63803.876350338438 0.056426753460 cfg1 2 1 0 0 na na
10 63803.965350329598 0.056425659268 cfg1 2 1 0 0 na na
10 63804.048350352153 0.056424612049 cfg1 2 1 0 0 na na
10 63804.065350315412 0.056424403054 cfg1 2 1 0 0 na na
10 63804.072350255116 0.056424333195 cfg1 2 1 0 0 na na
10 63804.102350377794 0.056423950210 cfg1 2 1 0 0 na na
10 63804.115350263857 0.056423783065 cfg1 2 1 0 0 na na
10 63804.133350253117 0.056423573916 cfg1 2 1 0 0 na na
10 63804.145350319908 0.056423421589 cfg1 2 1 0 0 na na
10 63804.188350296808 0.056422886285 cfg1 2 1 0 0 na na
10 63804.215350259211 0.056422566002 cfg1 2 1 0 0 na na
10 63804.305350256312 0.056421445251 cfg1 2 1 0 0 na na
10 63804.444350296235 0.056419724240 cfg1 2 1 0 0 na na
10 63804.460350260841 0.056419517794 cfg1 2 1 0 0 na na
10 63804.477350340629 0.056419321623 cfg1 2 1 0 0 na na
10 63804.519350266844 0.056418775061 cfg1 2 1 0 0 na na
10 63804.529350287414 0.056418667419 cfg1 2 1 0 0 na na
10 63804.536350265472 0.056418582072 cfg1 2 1 0 0 na na
10 63804.547350337364 0.056418433694 cfg1 2 1 0 0 na na
10 63804.648350327623 0.056417185057 cfg1 2 1 0 0 na na
10 63804.677350315634 0.056416820896 cfg1 2 1 0 0 na na
10 63804.702350314073 0.056416517533 cfg1 2 1 0 0 na na
10 63804.728350300842 0.056416191704 cfg1 2 1 0 0 na na
10 63804.774350291578 0.056415646361 cfg1 2 1 0 0 na na
10 63804.864350266772 0.056414509408 cfg1 2 1 0 0 na na
10 63804.942350294892 0.056413566182 cfg1 2 1 0 0 na na
10 63804.951350320293 0.056413437879 cfg1 2 1 0 0 na na
10 63805.018350267902 0.056412605210 cfg1 2 1 0 0 na na
10 63805.079350311368 0.056411843829 cfg1 2 1 0 0 na na
10 63805.103350303334 0.056411546476 cfg1 2 1 0 0 na na
10 63805.250350306945 0.056409753179 cfg1 2 1 0 0 na na
10 63805.263350286782 0.056409575173 cfg1 2 1 0 0 na na
10 63805.305350315722 0.056409067563 cfg1 2 1 0 0 na na
10 63805.352350322049 0.056408487847 cfg1 2 1 0 0 na na
10 63805.395350319473 0.056407955922 cfg1 2 1 0 0 na na
10 63805.469350279509 0.056407030445 cfg1 2 1 0 0 na na
10 63805.478350265268 0.056406906711 cfg1 2 1 0 0 na na
10 63805.501350299917 0.056406620722 cfg1 2 1 0 0 na na
10 63805.620350299046 0.056405171611 cfg1 2 1 0 0 na na
10 63805.637350284331 0.056404937402 cfg1 2 1 0 0 na na
10 63805.657350263605 0.056404705765 cfg1 2 1 0 0 na na
10 63805.704350369818 0.056404126799 cfg1 2 1 0 0 na na
10 63805.730350330771 0.056403785537 cfg1 2 1 0 0 na na
10 63805.753350275315 0.056403513966 cfg1 2 1 0 0 na na
10 63805.757350354402 0.056403459756 cfg1 2 1 0 0 na na
10 63805.837350352664 0.056402481658 cfg1 2 1 0 0 na na
10 63805.852350330524 0.056402283232 cfg1 2 1 0 0 na na
10 63805.898350317388 0.056401717650 cfg1 2 1 0 0 na na
10 63805.904350341939 0.056401659502 cfg1 2 1 0 0 na na
10 63805.907350310855 0.056401598932 cfg1 2 1 0 0 na na
10 63805.942350244753 0.056401187097 cfg1 2 1 0 0 na na
10 63805.977350354266 0.056400736178 cfg1 2 1 0 0 na na
10 63806.059350326823 0.056399738434 cfg1 2 1 0 0 na na
10 63806.114350329378 0.056399032921 cfg1 2 1 0 0 na na
10 63806.216350264036 0.056397797111 cfg1 2 1 0 0 na na
10 63806.226350296255 0.056397654033 cfg1 2 1 0 0 na na
10 63806.283350337598 0.056396968063 cfg1 2 1 0 0 na na
10 63806.345350295048 0.056396193557 cfg1 2 1 0 0 na na
10 63806.383350320719 0.056395730463 cfg1 2 1 0 0 na na
10 63806.388350329452 0.056395670886 cfg1 2 1 0 0 na na
10 63806.457350299459 0.056394791565 cfg1 2 1 0 0 na na
10 63806.553350305218 0.056393605164 cfg1 2 1 0 0 na na
10 63806.555350273363 0.056393606571 cfg1 2 1 0 0 na na
10 63806.574350283784 0.056393348572 cfg1 2 1 0 0 na na
10 63806.605350248950 0.056392984308 cfg1 2 1 0 0 na na
10 63806.642350306422 0.056392523874 cfg1 2 1 0 0 na na
10 63806.725350353234 0.056391482031 cfg1 2 1 0 0 na na
10 63806.790350310646 0.056390679637 cfg1 2 1 0 0 na na
10 63806.793350376891 0.056390651370 cfg1 2 1 0 0 na na
10 63806.844350282757 0.056390022159 cfg1 2 1 0 0 na na
10 63806.871350356348 0.056389677664 cfg1 2 1 0 0 na na
10 63806.924350351041 0.056389015484 cfg1 2 1 0 0 na na
10 63807.121350266518 0.056386580527 cfg1 2 1 0 0 na na
10 63807.144350300706 0.056386312262 cfg1 2 1 0 0 na na
10 63807.164350282697 0.056386045512 cfg1 2 1 0 0 na na
10 63807.193350281694 0.056385710951 cfg1 2 1 0 0 na na
10 63807.215350331063 0.056385415198 cfg1 2 1 0 0 na na
10 63807.268350326509 0.056384771930 cfg1 2 1 0 0 na na
10 63807.300350344238 0.056384383428 cfg1 2 1 0 0 na na
10 63807.301350268551 0.056384353407 cfg1 2 1 0 0 na na
10 63807.352350286235 0.056383733075 cfg1 2 1 0 0 na na
10 63807.381350328017 0.056383387768 cfg1 2 1 0 0 na na
10 63807.384350259099 0.056383332781 cfg1 2 1 0 0 na na
10 63807.391350327955 0.056383261869 cfg1 2 1 0 0 na na
10 63807.406350272552 0.056383074533 cfg1 2 1 0 0 na na
10 63807.455350353459 0.056382475035 cfg1 2 1 0 0 na na
10 63807.482350347984 0.056382135379 cfg1 2 1 0 0 na na
10 63807.498350291731 0.056381915587 cfg1 2 1 0 0 na na
10 63807.547350313601 0.056381317524 cfg1 2 1 0 0 na na
10 63807.586350296789 0.056380835001 cfg1 2 1 0 0 na na
10 63807.677350335371 0.056379720903 cfg1 2 1 0 0 na na
10 63807.679350303090 0.056379694014 cfg1 2 1 0 0 na na
10 63807.787350291960 0.056378360899 cfg1 2 1 0 0 na na
10 63807.812350317443 0.056378049520 cfg1 2 1 0 0 na na
10 63807.885350308499 0.056377159139 cfg1 2 1 0 0 na na
10 63807.892350359153 0.056377063172 cfg1 2 1 0 0 na na
10 63807.943350292109 0.056376427546 cfg1 2 1 0 0 na na
10 63807.950350335147 0.056376336015 cfg1 2 1 0 0 na na
10 63807.990350346037 0.056375859748 cfg1 2 1 0 0 na na
10 63807.993350310872 0.056375814538 cfg1 2 1 0 0 na na
10 63808.028350290931 0.056375392393 cfg1 2 1 0 0 na na
10 63808.104350321857 0.056374450772 cfg1 2 1 0 0 na na
10 63808.146350352281 0.056373907975 cfg1 2 1 0 0 na na
10 63808.231350263390 0.056372858566 cfg1 2 1 0 0 na na
10 63808.250350300745 0.056372634346 cfg1 2 1 0 0 na na
10 63808.328350367855 0.056371664751 cfg1 2 1 0 0 na na
10 63808.359350332934 0.056371273748 cfg1 2 1 0 0 na na
10 63808.410350327002 0.056370660109 cfg1 2 1 0 0 na na
10 63808.416350310313 0.056370585526 cfg1 2 1 0 0 na na
10 63808.453350251337 0.056370125573 cfg1 2 1 0 0 na na
10 63808.469350330503 0.056369931357 cfg1 2 1 0 0 na na
10 63808.585350266668 0.056368480125 cfg1 2 1 0 0 na na
10 63808.676350280331 0.056367361741 cfg1 2 1 0 0 na na
10 63808.745350341364 0.056366510706 cfg1 2 1 0 0 na na
10 63808.769350330706 0.056366226580 cfg1 2 1 0 0 na na
10 63808.780350327223 0.056366069115 cfg1 2 1 0 0 na na
10 63808.793350280022 0.056365912585 cfg1 2 1 0 0 na na
10 63808.840350279089 0.056365352398 cfg1 2 1 0 0 na na
10 63808.842350241326 0.056365330761 cfg1 2 1 0 0 na na
10 63808.978350334485 0.056363649165 cfg1 2 1 0 0 na na
10 63808.990350346971 0.056363501054 cfg1 2 1 0 0 na na
10 63809.210350326265 0.056360759762 cfg1 2 1 0 0 na na
10 63809.253350317742 0.056360239858 cfg1 2 1 0 0 na na
10 63809.259350263060 0.056360153843 cfg1 2 1 0 0 na na
10 63809.306350307019 0.056359590297 cfg1 2 1 0 0 na na
10 63809.336350262166 0.056359222426 cfg1 2 1 0 0 na na
10 63809.380350322016 0.056358685759 cfg1 2 1 0 0 na na
10 63809.450350338377 0.056357818870 cfg1 2 1 0 0 na na
10 63809.461350300748 0.056357665026 cfg1 2 1 0 0 na na
10 63809.495350284523 0.056357246431 cfg1 2 1 0 0 na na
10 63809.593350299012 0.056356045326 cfg1 2 1 0 0 na na
10 63809.614350324139 0.056355776426 cfg1 2 1 0 0 na na
10 63809.769350341899 0.056353866820 cfg1 2 1 0 0 na na
10 63809.800350302125 0.056353492252 cfg1 2 1 0 0 na na
10 63809.954350310876 0.056351571087 cfg1 2 1 0 0 na na
10 63809.999350323796 0.056351013145 cfg1 2 1 0 0 na na
10 63810.032350280088 0.056350611924 cfg1 2 1 0 0 na na
10 63810.285350344114 0.056347497210 cfg1 2 1 0 0 na na
10 63810.380350291532 0.056346329792 cfg1 2 1 0 0 na na
10 63810.382350251393 0.056346300410 cfg1 2 1 0 0 na na
10 63810.390350266158 0.056346185939 cfg1 2 1 0 0 na na
10 63810.395350275107 0.056346151305 cfg1 2 1 0 0 na na
10 63810.405350301906 0.056346021640 cfg1 2 1 0 0 na na
10 63810.406350299731 0.056345994736 cfg1 2 1 0 0 na na
10 63810.411350261539 0.056345948808 cfg1 2 1 0 0 na na
10 63810.467350355026 0.056345245445 cfg1 2 1 0 0 na na
10 63810.524350356668 0.056344550427 cfg1 2 1 0 0 na na
10 63810.530350348805 0.056344459522 cfg1 2 1 0 0 na na
10 63810.571350357844 0.056343969498 cfg1 2 1 0 0 na na
10 63810.588350276033 0.056343762284 cfg1 2 1 0 0 na na
10 63810.618350267376 0.056343369582 cfg1 2 1 0 0 na na
10 63810.628350284962 0.056343250194 cfg1 2 1 0 0 na na
10 63810.670350263896 0.056342732989 cfg1 2 1 0 0 na na
10 63810.688350323168 0.056342517193 cfg1 2 1 0 0 na na
10 63810.716350320539 0.056342165537 cfg1 2 1 0 0 na na
10 63810.982350315601 0.056338892905 cfg1 2 1 0 0 na na
10 63810.996350255855 0.056338716018 cfg1 2 1 0 0 na na
10 63811.015350298157 0.056338476349 cfg1 2 1 0 0 na na
10 63811.066350304352 0.056337856112 cfg1 2 1 0 0 na na
10 63811.083350356425 0.056337652696 cfg1 2 1 0 0 na na
10 63811.269350317510 0.056335354687 cfg1 2 1 0 0 na na
10 63811.321350315797 0.056334700202 cfg1 2 1 0 0 na na
10 63811.382350305907 0.056333968027 cfg1 2 1 0 0 na na
10 63811.499350327189 0.056332502076 cfg1 2 1 0 0 na na
10 63811.599350271017 0.056331291964 cfg1 2 1 0 0 na na
10 63811.858350279351 0.056328070373 cfg1 2 1 0 0 na na
10 63811.884350283429 0.056327751933 cfg1 2 1 0 0 na na
10 63811.904350356129 0.056327515922 cfg1 2 1 0 0 na na
10 63812.050350295261 0.056325703134 cfg1 2 1 0 0 na na
10 63812.070350308412 0.056325466008 cfg1 2 1 0 0 na na
10 63812.095350299188 0.056325171290 cfg1 2 1 0 0 na na
10 63812.111350307752 0.056324972479 cfg1 2 1 0 0 na na
10 63812.150350358434 0.056324475690 cfg1 2 1 0 0 na na
10 63812.206350327061 0.056323780741 cfg1 2 1 0 0 na na
10 63812.219350315319 0.056323622784 cfg1 2 1 0 0 na na
10 63812.405350328540 0.056321346649 cfg1 2 1 0 0 na na
10 63812.444350326758 0.056320849798 cfg1 2 1 0 0 na na
10 63812.504350306719 0.056320104333 cfg1 2 1 0 0 na na
10 63812.511350341403 0.056320026857 cfg1 2 1 0 0 na na
10 63812.802350267199 0.056316424855 cfg1 2 1 0 0 na na
10 63812.803350274079 0.056316434500 cfg1 2 1 0 0 na na
10 63812.833350259975 0.056316060109 cfg1 2 1 0 0 na na
10 63812.945350365937 0.056314682116 cfg1 2 1 0 0 na na
10 63813.087350324363 0.056312918664 cfg1 2 1 0 0 na na
10 63813.116350313690 0.056312562220 cfg1 2 1 0 0 na na
10 63813.138350323780 0.056312281300 cfg1 2 1 0 0 na na
10 63813.188350296068 0.056311692807 cfg1 2 1 0 0 na na
10 63813.307350295784 0.056310203934 cfg1 2 1 0 0 na na
10 63813.567350301318 0.056307006526 cfg1 2 1 0 0 na na
10 63813.588350269983 0.056306745226 cfg1 2 1 0 0 na na
10 63813.606350303430 0.056306516244 cfg1 2 1 0 0 na na
10 63813.691350303855 0.056305467072 cfg1 2 1 0 0 na na
10 63813.728350308486 0.056305022415 cfg1 2 1 0 0 na na
10 63813.773350320490 0.056304455720 cfg1 2 1 0 0 na na
10 63813.830350278133 0.056303755286 cfg1 2 1 0 0 na na
10 63813.918350313972 0.056302685407 cfg1 2 1 0 0 na na
10 63813.943350364727 0.056302362873 cfg1 2 1 0 0 na na
10 63813.971350313061 0.056302038068 cfg1 2 1 0 0 na na
10 63814.020350263521 0.056301418392 cfg1 2 1 0 0 na na
10 63814.083350268246 0.056300638657 cfg1 2 1 0 0 na na
10 63814.168350279172 0.056299602194 cfg1 2 1 0 0 na na
10 63814.238350279708 0.056298733391 cfg1 2 1 0 0 na na
10 63814.254350288765 0.056298541889 cfg1 2 1 0 0 na na
10 63814.360350311134 0.056297227542 cfg1 2 1 0 0 na na
10 63814.434350297111 0.056296335260 cfg1 2 1 0 0 na na
10 63814.451350309829 0.056296122876 cfg1 2 1 0 0 na na
10 63814.462350288857 0.056295976181 cfg1 2 1 0 0 na na
10 63814.463350331152 0.056295954755 cfg1 2 1 0 0 na na
10 63814.467350358514 0.056295907654 cfg1 2 1 0 0 na na
10 63814.516350329180 0.056295299267 cfg1 2 1 0 0 na na
10 63814.537350280886 0.056295067662 cfg1 2 1 0 0 na na
10 63814.573350303125 0.056294600286 cfg1 2 1 0 0 na na
10 63814.586350404248 0.056294454569 cfg1 2 1 0 0 na na
10 63814.730350275786 0.056292690597 cfg1 2 1 0 0 na na
10 63814.738350295845 0.056292581320 cfg1 2 1 0 0 na na
10 63814.747350348676 0.056292461859 cfg1 2 1 0 0 na na
10 63814.794350328306 0.056291884072 cfg1 2 1 0 0 na na
10 63814.796350314298 0.056291873960 cfg1 2 1 0 0 na na
10 63814.823350318000 0.056291529804 cfg1 2 1 0 0 na na
10 63814.858350355083 0.056291093229 cfg1 2 1 0 0 na na
10 63814.971350300144 0.056289694781 cfg1 2 1 0 0 na na
10 63814.979350352598 0.056289620345 cfg1 2 1 0 0 na na
10 63815.048350324957 0.056288751259 cfg1 2 1 0 0 na na
10 63815.117350357809 0.056287916531 cfg1 2 1 0 0 na na
10 63815.136350366448 0.056287689421 cfg1 2 1 0 0 na na
10 63815.162350249382 0.056287362300 cfg1 2 1 0 0 na na
10 63815.168350282542 0.056287293498 cfg1 2 1 0 0 na na
10 63815.190350327021 0.056287016216 cfg1 2 1 0 0 na na
10 63815.266350337714 0.056286061433 cfg1 2 1 0 0 na na
10 63815.279350343268 0.056285925185 cfg1 2 1 0 0 na na
10 63815.304350344425 0.056285612258 cfg1 2 1 0 0 na na
10 63815.326350287260 0.056285344822 cfg1 2 1 0 0 na na
10 63815.348350268899 0.056285052978 cfg1 2 1 0 0 na na
10 63815.365350347589 0.056284868847 cfg1 2 1 0 0 na na
10 63815.526350259425 0.056282867383 cfg1 2 1 0 0 na na
10 63815.622350322647 0.056281688321 cfg1 2 1 0 0 na na
10 63815.628350318290 0.056281619111 cfg1 2 1 0 0 na na
10 63815.641350301970 0.056281466444 cfg1 2 1 0 0 na na
10 63815.732350330153 0.056280335273 cfg1 2 1 0 0 na na
10 63815.741350364204 0.056280223680 cfg1 2 1 0 0 na na
10 63815.778350320234 0.056279784512 cfg1 2 1 0 0 na na
10 63815.852350354799 0.056278852033 cfg1 2 1 0 0 na na
10 63815.888350325038 0.056278418245 cfg1 2 1 0 0 na na
10 63815.962350273966 0.056277498020 cfg1 2 1 0 0 na na
10 63816.041350298711 0.056276541542 cfg1 2 1 0 0 na na
10 63816.070350353926 0.056276169395 cfg1 2 1 0 0 na na
10 63816.092350304328 0.056275907674 cfg1 2 1 0 0 na na
10 63816.117350307751 0.056275598250 cfg1 2 1 0 0 na na
10 63816.272350324564 0.056273681695 cfg1 2 1 0 0 na na
10 63816.281350300576 0.056273580130 cfg1 2 1 0 0 na na
10 63816.290350328078 0.056273467667 cfg1 2 1 0 0 na na
10 63816.364350335440 0.056272543675 cfg1 2 1 0 0 na na
10 63816.370350300363 0.056272469458 cfg1 2 1 0 0 na na
10 63816.389350309428 0.056272234810 cfg1 2 1 0 0 na na
10 63816.476350331848 0.056271171719 cfg1 2 1 0 0 na na
10 63816.478350383947 0.056271160018 cfg1 2 1 0 0 na na
10 63816.494350338160 0.056270966489 cfg1 2 1 0 0 na na
10 63816.524350321694 0.056270596941 cfg1 2 1 0 0 na na
10 63816.591350308495 0.056269751474 cfg1 2 1 0 0 na na
10 63816.642350361822 0.056269121928 cfg1 2 1 0 0 na na
10 63816.662350290158 0.056268892493 cfg1 2 1 0 0 na na
10 63816.697350339512 0.056268456879 cfg1 2 1 0 0 na na
10 63816.755350316361 0.056267749460 cfg1 2 1 0 0 na na
10 63816.772350306998 0.056267523308 cfg1 2 1 0 0 na na
10 63816.777350327316 0.056267472682 cfg1 2 1 0 0 na na
10 63816.829350314204 0.056266843767 cfg1 2 1 0 0 na na
10 63816.853350319919 0.056266531399 cfg1 2 1 0 0 na na
10 63816.904350297025 0.056265896855 cfg1 2 1 0 0 na na
10 63817.018350311868 0.056264501273 cfg1 2 1 0 0 na na
10 63817.029350305867 0.056264382531 cfg1 2 1 0 0 na na
10 63817.072350323750 0.056263859320 cfg1 2 1 0 0 na na
10 63817.076350296830 0.056263793568 cfg1 2 1 0 0 na na
10 63817.205350261680 0.056262205494 cfg1 2 1 0 0 na na
10 63817.304350321259 0.056260984379 cfg1 2 1 0 0 na na
10 63817.356350285808 0.056260356040 cfg1 2 1 0 0 na na
10 63817.465350291686 0.056259005041 cfg1 2 1 0 0 na na
10 63817.494350357508 0.056258657715 cfg1 2 1 0 0 na na
10 63817.630350280688 0.056256985498 cfg1 2 1 0 0 na na
10 63817.666350338803 0.056256547887 cfg1 2 1 0 0 na na
10 63817.693350298923 0.056256199871 cfg1 2 1 0 0 na na
10 63817.779350296477 0.056255158757 cfg1 2 1 0 0 na na
10 63817.790350294042 0.056255015025 cfg1 2 1 0 0 na na
10 63817.846350358402 0.056254321062 cfg1 2 1 0 0 na na
10 63817.854350311553 0.056254210763 cfg1 2 1 0 0 na na
10 63817.856350316806 0.056254207061 cfg1 2 1 0 0 na na
10 63817.864350358515 0.056254096246 cfg1 2 1 0 0 na na
10 63817.931350261993 0.056253269749 cfg1 2 1 0 0 na na
10 63817.972350323137 0.056252760986 cfg1 2 1 0 0 na na
10 63817.983350295777 0.056252645516 cfg1 2 1 0 0 na na
10 63818.036350402954 0.056251971957 cfg1 2 1 0 0 na na
10 63818.197350323206 0.056250014435 cfg1 2 1 0 0 na na
10 63818.241350265579 0.056249451284 cfg1 2 1 0 0 na na
10 63818.256350288709 0.056249292998 cfg1 2 1 0 0 na na
10 63818.266350330027 0.056249164480 cfg1 2 1 0 0 na na
10 63818.294350364400 0.056248820516 cfg1 2 1 0 0 na na
10 63818.299350266984 0.056248754717 cfg1 2 1 0 0 na na
10 63818.327350345005 0.056248394023 cfg1 2 1 0 0 na na
10 63818.388350285703 0.056247653738 cfg1 2 1 0 0 na na
10 63818.411350311317 0.056247380501 cfg1 2 1 0 0 na na
10 63818.507350357113 0.056246193940 cfg1 2 1 0 0 na na
10 63818.531350286986 0.056245902519 cfg1 2 1 0 0 na na
10 63818.633350291690 0.056244631514 cfg1 2 1 0 0 na na
10 63818.637350305669 0.056244592340 cfg1 2 1 0 0 na na
10 63818.643350317989 0.056244528392 cfg1 2 1 0 0 na na
10 63818.729350340615 0.056243464332 cfg1 2 1 0 0 na na
10 63818.786350321463 0.056242769511 cfg1 2 1 0 0 na na
10 63818.832350327105 0.056242201561 cfg1 2 1 0 0 na na
10 63818.855350315758 0.056241906304 cfg1 2 1 0 0 na na
10 63818.908350316450 0.056241258931 cfg1 2 1 0 0 na na
10 63818.923350330961 0.056241066576 cfg1 2 1 0 0 na na
10 63818.962350347541 0.056240612886 cfg1 2 1 0 0 na na
10 63819.010350324360 0.056240023329 cfg1 2 1 0 0 na na
10 63819.013350384314 0.056239975732 cfg1 2 1 0 0 na na
10 63819.070350342125 0.056239262216 cfg1 2 1 0 0 na na
10 63819.080350336229 0.056239149832 cfg1 2 1 0 0 na na
10 63819.153350312362 0.056238239662 cfg1 2 1 0 0 na na
10 63819.198350331692 0.056237694340 cfg1 2 1 0 0 na na
10 63819.271350328873 0.056236808236 cfg1 2 1 0 0 na na
10 63819.301350361706 0.056236447625 cfg1 2 1 0 0 na na
10 63819.318350323578 0.056236232424 cfg1 2 1 0 0 na na
10 63819.386350306823 0.056235390400 cfg1 2 1 0 0 na na
10 63819.484350333746 0.056234171712 cfg1 2 1 0 0 na na
10 63819.547350378993 0.056233402271 cfg1 2 1 0 0 na na
10 63819.557350302976 0.056233282731 cfg1 2 1 0 0 na na
10 63819.572350377442 0.056233091108 cfg1 2 1 0 0 na na
10 63819.596350276020 0.056232817001 cfg1 2 1 0 0 na na
10 63819.650350314860 0.056232151826 cfg1 2 1 0 0 na na
10 63819.715350279017 0.056231357236 cfg1 2 1 0 0 na na
10 63819.755350331904 0.056230847369 cfg1 2 1 0 0 na na
10 63819.817350346066 0.056230097414 cfg1 2 1 0 0 na na
10 63819.839350330612 0.056229816168 cfg1 2 1 0 0 na na
10 63819.866350295921 0.056229495834 cfg1 2 1 0 0 na na
10 63820.081350341798 0.056226860466 cfg1 2 1 0 0 na na
10 63820.113350325959 0.056226446749 cfg1 2 1 0 0 na na
10 63820.183350302061 0.056225593403 cfg1 2 1 0 0 na na
10 63820.227350289435 0.056225045609 cfg1 2 1 0 0 na na
10 63820.260350266111 0.056224640648 cfg1 2 1 0 0 na na
10 63820.279350290031 0.056224434149 cfg1 2 1 0 0 na na
10 63820.431350320178 0.056222561058 cfg1 2 1 0 0 na na
10 63820.509350329492 0.056221583219 cfg1 2 1 0 0 na na
10 63820.534350341398 0.056221274653 cfg1 2 1 0 0 na na
10 63820.549350266431 0.056221092542 cfg1 2 1 0 0 na na
10 63820.562350304094 0.056220945595 cfg1 2 1 0 0 na na
10 63820.577350337771 0.056220765772 cfg1 2 1 0 0 na na
10 63820.767350263122 0.056218418767 cfg1 2 1 0 0 na na
10 63820.802350353998 0.056217983103 cfg1 2 1 0 0 na na
10 63820.844350265159 0.056217492388 cfg1 2 1 0 0 na na
10 63820.860350329559 0.056217293443 cfg1 2 1 0 0 na na
10 63820.966350292929 0.056215979703 cfg1 2 1 0 0 na na
10 63821.002350291431 0.056215552839 cfg1 2 1 0 0 na na
10 63821.086350302774 0.056214512777 cfg1 2 1 0 0 na na
10 63821.102350255341 0.056214311604 cfg1 2 1 0 0 na na
10 63821.255350274588 0.056212439387 cfg1 2 1 0 0 na na
10 63821.291350318270 0.056211992486 cfg1 2 1 0 0 na na
10 63821.524350285302 0.056209131326 cfg1 2 1 0 0 na na
10 63821.543350275703 0.056208903910 cfg1 2 1 0 0 na na
10 63821.576350238345 0.056208508538 cfg1 2 1 0 0 na na
10 63821.633350339089 0.056207783331 cfg1 2 1 0 0 na na
10 63821.739350325489 0.056206501387 cfg1 2 1 0 0 na na
10 63821.773350267860 0.056206064113 cfg1 2 1 0 0 na na
10 63821.812350327483 0.056205595423 cfg1 2 1 0 0 na na
10 63821.823350304115 0.056205465003 cfg1 2 1 0 0 na na
10 63821.901350328507 0.056204493742 cfg1 2 1 0 0 na na
10 63821.929350334785 0.056204146979 cfg1 2 1 0 0 na na
10 63821.954350267370 0.056203855707 cfg1 2 1 0 0 na na
10 63822.065350305518 0.056202486869 cfg1 2 1 0 0 na na
10 63822.093350390547 0.056202158129 cfg1 2 1 0 0 na na
10 63822.284350306123 0.056199816071 cfg1 2 1 0 0 na na
10 63822.287350283322 0.056199753084 cfg1 2 1 0 0 na na
10 63822.398350276593 0.056198391359 cfg1 2 1 0 0 na na
10 63822.417350337198 0.056198178044 cfg1 2 1 0 0 na na
10 63822.461350337042 0.056197636616 cfg1 2 1 0 0 na na
10 63822.484350359245 0.056197336228 cfg1 2 1 0 0 na na
10 63822.527350312097 0.056196833133 cfg1 2 1 0 0 na na
10 63822.553350344587 0.056196512417 cfg1 2 1 0 0 na na
10 63822.596350316569 0.056195972951 cfg1 2 1 0 0 na na
10 63822.618350306281 0.056195706520 cfg1 2 1 0 0 na na
10 63822.707350314215 0.056194600521 cfg1 2 1 0 0 na na
10 63822.714350294918 0.056194520247 cfg1 2 1 0 0 na na
10 63822.753350295599 0.056194035374 cfg1 2 1 0 0 na na
10 63822.823350349268 0.056193193928 cfg1 2 1 0 0 na na
10 63822.875350371755 0.056192565949 cfg1 2 1 0 0 na na
10 63822.884350319911 0.056192458136 cfg1 2 1 0 0 na na
10 63822.963350315240 0.056191465545 cfg1 2 1 0 0 na na
10 63822.970350321064 0.056191401134 cfg1 2 1 0 0 na na
10 63823.028350305065 0.056190663582 cfg1 2 1 0 0 na na
10 63823.067350309551 0.056190189502 cfg1 2 1 0 0 na na
10 63823.189350353417 0.056188705645 cfg1 2 1 0 0 na na
10 63823.255350378808 0.056187904495 cfg1 2 1 0 0 na na
10 63823.274350262487 0.056187659952 cfg1 2 1 0 0 na na
10 63823.310350295690 0.056187217694 cfg1 2 1 0 0 na na
10 63823.387350294911 0.056186276596 cfg1 2 1 0 0 na na
10 63823.391350276256 0.056186221910 cfg1 2 1 0 0 na na
10 63823.468350352410 0.056185276985 cfg1 2 1 0 0 na na
10 63823.476350335645 0.056185190681 cfg1 2 1 0 0 na na
10 63823.513350299119 0.056184736344 cfg1 2 1 0 0 na na
10 63823.547350356795 0.056184300606 cfg1 2 1 0 0 na na
10 63823.637350265119 0.056183207964 cfg1 2 1 0 0 na na
10 63823.700350344954 0.056182448851 cfg1 2 1 0 0 na na
10 63823.826350346391 0.056180897535 cfg1 2 1 0 0 na na
10 63823.832350256391 0.056180810813 cfg1 2 1 0 0 na na
10 63823.844350353987 0.056180676602 cfg1 2 1 0 0 na na
10 63824.032350273981 0.056178363251 cfg1 2 1 0 0 na na
10 63824.060350392340 0.056178026662 cfg1 2 1 0 0 na na
10 63824.064350295870 0.056177966575 cfg1 2 1 0 0 na na
10 63824.126350293469 0.056177223128 cfg1 2 1 0 0 na na
10 63824.171350337470 0.056176656031 cfg1 2 1 0 0 na na
10 63824.192350324925 0.056176415717 cfg1 2 1 0 0 na na
10 63824.204350310103 0.056176253099 cfg1 2 1 0 0 na na
10 63824.242350315426 0.056175784937 cfg1 2 1 0 0 na na
10 63824.280350346239 0.056175340258 cfg1 2 1 0 0 na na
10 63824.315350257940 0.056174888899 cfg1 2 1 0 0 na na
10 63824.325350309851 0.056174778733 cfg1 2 1 0 0 na na
10 63824.440350299818 0.056173350140 cfg1 2 1 0 0 na na
10 63824.469350264599 0.056173014336 cfg1 2 1 0 0 na na
10 63824.475350266606 0.056172940017 cfg1 2 1 0 0 na na
10 63824.476350365300 0.056172929187 cfg1 2 1 0 0 na na
10 63824.508350310239 0.056172518847 cfg1 2 1 0 0 na na
10 63824.578350296027 0.056171669937 cfg1 2 1 0 0 na na
10 63824.624350320006 0.056171118897 cfg1 2 1 0 0 na na
10 63824.686350309722 0.056170342436 cfg1 2 1 0 0 na na
10 63824.786350350633 0.056169128737 cfg1 2 1 0 0 na na
10 63824.829350367175 0.056168586277 cfg1 2 1 0 0 na na
10 63824.898350285277 0.056167764551 cfg1 2 1 0 0 na na
10 63824.936350337201 0.056167291810 cfg1 2 1 0 0 na na
10 63824.987350314414 0.056166654105 cfg1 2 1 0 0 na na
10 63824.989350277817 0.056166640006 cfg1 2 1 0 0 na na
10 63824.999350281160 0.056166519007 cfg1 2 1 0 0 na na
10 63825.037350276394 0.056166058152 cfg1 2 1 0 0 na na
10 63825.044350288525 0.056165963110 cfg1 2 1 0 0 na na
10 63825.050350308719 0.056165882850 cfg1 2 1 0 0 na na
10 63825.051350373006 0.056165889540 cfg1 2 1 0 0 na na
10 63825.098350318384 0.056165287836 cfg1 2 1 0 0 na na
10 63825.120350331630 0.056165032835 cfg1 2 1 0 0 na na
10 63825.177350296610 0.056164328596 cfg1 2 1 0 0 na na
10 63825.211350302451 0.056163905832 cfg1 2 1 0 0 na na
10 63825.220350279934 0.056163807763 cfg1 2 1 0 0 na na
10 63825.254350330457 0.056163374710 cfg1 2 1 0 0 na na
10 63825.326350287081 0.056162520380 cfg1 2 1 0 0 na na
10 63825.351350368822 0.056162194393 cfg1 2 1 0 0 na na
10 63825.389350254532 0.056161746532 cfg1 2 1 0 0 na na
10 63825.395350289316 0.056161656588 cfg1 2 1 0 0 na na
10 63825.423350261368 0.056161323211 cfg1 2 1 0 0 na na
10 63825.450350254253 0.056160987569 cfg1 2 1 0 0 na na
10 63825.454350291309 0.056160940111 cfg1 2 1 0 0 na na
10 63825.495350313633 0.056160434103 cfg1 2 1 0 0 na na
10 63825.514350311414 0.056160189655 cfg1 2 1 0 0 na na
10 63825.520350284425 0.056160128890 cfg1 2 1 0 0 na na
10 63825.550350257933 0.056159758781 cfg1 2 1 0 0 na na
10 63825.554350265526 0.056159701488 cfg1 2 1 0 0 na na
10 63825.631350264382 0.056158762485 cfg1 2 1 0 0 na na
10 63825.646350336459 0.056158588885 cfg1 2 1 0 0 na na
10 63825.673350279573 0.056158261031 cfg1 2 1 0 0 na na
10 63825.686350271345 0.056158085109 cfg1 2 1 0 0 na na
10 63825.709350340295 0.056157812195 cfg1 2 1 0 0 na na
10 63825.749350376384 0.056157340472 cfg1 2 1 0 0 na na
10 63825.813350306455 0.056156548941 cfg1 2 1 0 0 na na
10 63825.830350291194 0.056156334601 cfg1 2 1 0 0 na na
10 63825.912350330688 0.056155326105 cfg1 2 1 0 0 na na
10 63825.933350319465 0.056155067578 cfg1 2 1 0 0 na na
10 63825.942350337834 0.056154965309 cfg1 2 1 0 0 na na
10 63825.982350337350 0.056154459873 cfg1 2 1 0 0 na na
10 63825.992350294328 0.056154354671 cfg1 2 1 0 0 na na
10 63826.004350347097 0.056154205381 cfg1 2 1 0 0 na na
10 63826.019350329199 0.056154018516 cfg1 2 1 0 0 na na
10 63826.066350283285 0.056153445066 cfg1 2 1 0 0 na na
10 63826.100350275952 0.056153022524 cfg1 2 1 0 0 na na
10 63826.162350244345 0.056152280906 cfg1 2 1 0 0 na na
10 63826.350350287401 0.056149969002 cfg1 2 1 0 0 na na
10 63826.381350315009 0.056149579439 cfg1 2 1 0 0 na na
10 63826.429350284856 0.056148991599 cfg1 2 1 0 0 na na
10 63826.435350359637 0.056148918272 cfg1 2 1 0 0 na na
10 63826.477350331996 0.056148402901 cfg1 2 1 0 0 na na
10 63826.607350352459 0.056146824273 cfg1 2 1 0 0 na na
10 63826.645350290342 0.056146365394 cfg1 2 1 0 0 na na
10 63826.671350263498 0.056146028450 cfg1 2 1 0 0 na na
10 63826.831350330244 0.056144078641 cfg1 2 1 0 0 na na
10 63826.908350339851 0.056143139687 cfg1 2 1 0 0 na na
10 63826.960350296959 0.056142492475 cfg1 2 1 0 0 na na
10 63827.007350322582 0.056141913005 cfg1 2 1 0 0 na na
10 63827.071350244047 0.056141147956 cfg1 2 1 0 0 na na
10 63827.152350275579 0.056140146649 cfg1 2 1 0 0 na na
10 63827.230350359268 0.056139201713 cfg1 2 1 0 0 na na
10 63827.277350351672 0.056138628993 cfg1 2 1 0 0 na na
10 63827.360350341328 0.056137601432 cfg1 2 1 0 0 na na
10 63827.397350353166 0.056137136400 cfg1 2 1 0 0 na na
10 63827.452350341074 0.056136464470 cfg1 2 1 0 0 na na
10 63827.481350310285 0.056136127527 cfg1 2 1 0 0 na na
10 63827.548350352777 0.056135311964 cfg1 2 1 0 0 na na
10 63827.562350318164 0.056135116947 cfg1 2 1 0 0 na na
10 63827.601350297231 0.056134648383 cfg1 2 1 0 0 na na
10 63827.635350363226 0.056134249683 cfg1 2 1 0 0 na na
10 63827.704350351769 0.056133378520 cfg1 2 1 0 0 na na
10 63827.842350339033 0.056131711270 cfg1 2 1 0 0 na na
10 63827.912350294382 0.056130860305 cfg1 2 1 0 0 na na
10 63827.940350265594 0.056130496399 cfg1 2 1 0 0 na na
10 63828.106350341893 0.056128485466 cfg1 2 1 0 0 na na
10 63828.238350288263 0.056126850285 cfg1 2 1 0 0 na na
10 63828.342350320706 0.056125589252 cfg1 2 1 0 0 na na
10 63828.574350320081 0.056122760696 cfg1 2 1 0 0 na na
10 63828.581350338699 0.056122655250 cfg1 2 1 0 0 na na
10 63828.600350366862 0.056122446679 cfg1 2 1 0 0 na na
10 63828.837350356799 0.056119519340 cfg1 2 1 0 0 na na
10 63828.844350320574 0.056119440037 cfg1 2 1 0 0 na na
10 63828.880350336846 0.056119010773 cfg1 2 1 0 0 na na
10 63828.900350340634 0.056118769251 cfg1 2 1 0 0 na na
10 63829.034350275526 0.056117134914 cfg1 2 1 0 0 na na
10 63829.047350269581 0.056116962284 cfg1 2 1 0 0 na na
10 63829.060350291678 0.056116806462 cfg1 2 1 0 0 na na
10 63829.082350310452 0.056116523862 cfg1 2 1 0 0 na na
10 63829.133350325426 0.056115914404 cfg1 2 1 0 0 na na
10 63829.164350294737 0.056115536054 cfg1 2 1 0 0 na na
10 63829.209350343338 0.056114974466 cfg1 2 1 0 0 na na
10 63829.316350330390 0.056113671717 cfg1 2 1 0 0 na na
10 63829.328350293796 0.056113543197 cfg1 2 1 0 0 na na
10 63829.352350307903 0.056113243088 cfg1 2 1 0 0 na na
10 63829.522350297928 0.056111172470 cfg1 2 1 0 0 na na
10 63829.528350309605 0.056111095342 cfg1 2 1 0 0 na na
10 63829.591350290047 0.056110312719 cfg1 2 1 0 0 na na
10 63829.652350264274 0.056109557822 cfg1 2 1 0 0 na na
10 63829.684350310496 0.056109183947 cfg1 2 1 0 0 na na
10 63829.704350324125 0.056108923793 cfg1 2 1 0 0 na na
10 63829.758350245921 0.056108280981 cfg1 2 1 0 0 na na
10 63829.834350294665 0.056107356089 cfg1 2 1 0 0 na na
10 63829.840350336088 0.056107279482 cfg1 2 1 0 0 na na
10 63829.947350275091 0.056105971331 cfg1 2 1 0 0 na na
10 63830.096350260687 0.056104155673 cfg1 2 1 0 0 na na
10 63830.201350286561 0.056102874223 cfg1 2 1 0 0 na na
10 63830.336350297827 0.056101200073 cfg1 2 1 0 0 na na
10 63830.344350327491 0.056101114940 cfg1 2 1 0 0 na na
10 63830.362350292658 0.056100903864 cfg1 2 1 0 0 na na
10 63830.378350356874 0.056100694136 cfg1 2 1 0 0 na na
10 63830.545350328632 0.056098664711 cfg1 2 1 0 0 na na
10 63830.555350324437 0.056098525387 cfg1 2 1 0 0 na na
10 63830.566350320515 0.056098412250 cfg1 2 1 0 0 na na
10 63830.581350342081 0.056098228909 cfg1 2 1 0 0 na na
10 63830.584350290421 0.056098178317 cfg1 2 1 0 0 na na
10 63830.700350312561 0.056096773279 cfg1 2 1 0 0 na na
10 63830.717350301458 0.056096550766 cfg1 2 1 0 0 na na
10 63830.753350308755 0.056096127497 cfg1 2 1 0 0 na na
10 63830.866350351270 0.056094743462 cfg1 2 1 0 0 na na
10 63830.901350299353 0.056094321515 cfg1 2 1 0 0 na na
10 63830.918350337195 0.056094094627 cfg1 2 1 0 0 na na
10 63830.954350312085 0.056093652560 cfg1 2 1 0 0 na na
10 63830.967350294415 0.056093487596 cfg1 2 1 0 0 na na
10 63831.270350296228 0.056089803167 cfg1 2 1 0 0 na na
10 63831.294350310974 0.056089518698 cfg1 2 1 0 0 na na
10 63831.311350297937 0.056089288898 cfg1 2 1 0 0 na na
10 63831.318350300325 0.056089211186 cfg1 2 1 0 0 na na
10 63831.364350301640 0.056088667967 cfg1 2 1 0 0 na na
10 63831.399350392211 0.056088229553 cfg1 2 1 0 0 na na
10 63831.422350391203 0.056087951928 cfg1 2 1 0 0 na na
10 63831.438350294050 0.056087750413 cfg1 2 1 0 0 na na
10 63831.463350312912 0.056087459074 cfg1 2 1 0 0 na na
10 63831.473350282548 0.056087323346 cfg1 2 1 0 0 na na
10 63831.481350284059 0.056087218288 cfg1 2 1 0 0 na na
10 63831.495350279518 0.056087060690 cfg1 2 1 0 0 na na
10 63831.698350260837 0.056084571106 cfg1 2 1 0 0 na na
10 63831.699350308560 0.056084552932 cfg1 2 1 0 0 na na
10 63831.741350316752 0.056084049020 cfg1 2 1 0 0 na na
10 63831.893350262470 0.056082184453 cfg1 2 1 0 0 na na
10 63831.939350334429 0.056081647758 cfg1 2 1 0 0 na na
10 63832.044350301041 0.056080357270 cfg1 2 1 0 0 na na
10 63832.056350306112 0.056080201250 cfg1 2 1 0 0 na na
10 63832.098350325278 0.056079697318 cfg1 2 1 0 0 na na
10 63832.164350304707 0.056078875672 cfg1 2 1 0 0 na na
10 63832.395350293418 0.056076069198 cfg1 2 1 0 0 na na
10 63832.407350317459 0.056075915597 cfg1 2 1 0 0 na na
10 63832.408350266875 0.056075906017 cfg1 2 1 0 0 na na
10 63832.416350308359 0.056075817071 cfg1 2 1 0 0 na na
10 63832.422350319960 0.056075728804 cfg1 2 1 0 0 na na
10 63832.461350331781 0.056075246187 cfg1 2 1 0 0 na na
10 63832.490350286971 0.056074918492 cfg1 2 1 0 0 na na
10 63832.612350292786 0.056073428600 cfg1 2 1 0 0 na na
10 63832.617350298431 0.056073353295 cfg1 2 1 0 0 na na
10 63832.790350338695 0.056071246746 cfg1 2 1 0 0 na na
10 63832.847350292803 0.056070555874 cfg1 2 1 0 0 na na
10 63832.863350265697 0.056070346002 cfg1 2 1 0 0 na na
10 63832.893350357443 0.056069993053 cfg1 2 1 0 0 na na
10 63832.929350315184 0.056069539123 cfg1 2 1 0 0 na na
10 63832.999350330200 0.056068709464 cfg1 2 1 0 0 na na
10 63833.120350338527 0.056067234066 cfg1 2 1 0 0 na na
10 63833.140350282966 0.056066989664 cfg1 2 1 0 0 na na
10 63833.148350271676 0.056066875313 cfg1 2 1 0 0 na na
10 63833.195350330669 0.056066299670 cfg1 2 1 0 0 na na
10 63833.267350312446 0.056065416453 cfg1 2 1 0 0 na na
10 63833.296350319023 0.056065066354 cfg1 2 1 0 0 na na
10 63833.319350277753 0.056064789467 cfg1 2 1 0 0 na na
10 63833.329350323304 0.056064661630 cfg1 2 1 0 0 na na
10 63833.383350317969 0.056064024132 cfg1 2 1 0 0 na na
10 63833.429350312015 0.056063439632 cfg1 2 1 0 0 na na
10 63833.506350275133 0.056062523053 cfg1 2 1 0 0 na na
10 63833.511350278524 0.056062442678 cfg1 2 1 0 0 na na
10 63833.543350254066 0.056062057668 cfg1 2 1 0 0 na na
10 63833.615350337310 0.056061191811 cfg1 2 1 0 0 na na
10 63833.659350278607 0.056060629540 cfg1 2 1 0 0 na na
10 63833.688350286968 0.056060296713 cfg1 2 1 0 0 na na
10 63833.800350355010 0.056058939015 cfg1 2 1 0 0 na na
10 63833.808350299757 0.056058834259 cfg1 2 1 0 0 na na
10 63833.824350261053 0.056058625881 cfg1 2 1 0 0 na na
10 63833.845350300349 0.056058372765 cfg1 2 1 0 0 na na
10 63833.878350324365 0.056057976289 cfg1 2 1 0 0 na na
10 63833.944350285365 0.056057162162 cfg1 2 1 0 0 na na
10 63834.005350306460 0.056056429881 cfg1 2 1 0 0 na na
10 63834.029350341692 0.056056119165 cfg1 2 1 0 0 na na
10 63834.104350313603 0.056055224796 cfg1 2 1 0 0 na na
10 63834.137350350890 0.056054829354 cfg1 2 1 0 0 na na
10 63834.175350330288 0.056054358649 cfg1 2 1 0 0 na na
10 63834.184350345031 0.056054253064 cfg1 2 1 0 0 na na
10 63834.270350359951 0.056053179447 cfg1 2 1 0 0 na na
10 63834.333350298463 0.056052426006 cfg1 2 1 0 0 na na
10 63834.409350315071 0.056051504757 cfg1 2 1 0 0 na na
10 63834.421350317677 0.056051366531 cfg1 2 1 0 0 na na
10 63834.462350268940 0.056050837935 cfg1 2 1 0 0 na na
10 63834.614350286192 0.056049011992 cfg1 2 1 0 0 na na
10 63834.724350316243 0.056047666299 cfg1 2 1 0 0 na na
10 63834.741350252058 0.056047458370 cfg1 2 1 0 0 na na
10 63834.868350334648 0.056045907924 cfg1 2 1 0 0 na na
10 63834.961350269109 0.056044766401 cfg1 2 1 0 0 na na
10 63834.964350327821 0.056044719613 cfg1 2 1 0 0 na na
10 63834.982350295960 0.056044502518 cfg1 2 1 0 0 na na
10 63835.011350269043 0.056044146009 cfg1 2 1 0 0 na na
10 63835.028350328839 0.056043939599 cfg1 2 1 0 0 na na
10 63835.046350253292 0.056043736207 cfg1 2 1 0 0 na na
10 63835.053350307765 0.056043649983 cfg1 2 1 0 0 na na
10 63835.061350280069 0.056043545361 cfg1 2 1 0 0 na na
10 63835.149350341137 0.056042485890 cfg1 2 1 0 0 na na
10 63835.159350326277 0.056042346301 cfg1 2 1 0 0 na na
10 63835.196350304189 0.056041899220 cfg1 2 1 0 0 na na
10 63835.214350307830 0.056041679371 cfg1 2 1 0 0 na na
10 63835.312350338711 0.056040497640 cfg1 2 1 0 0 na na
10 63835.384350346927 0.056039601365 cfg1 2 1 0 0 na na
10 63835.410350297362 0.056039287947 cfg1 2 1 0 0 na na
10 63835.444350312273 0.056038883620 cfg1 2 1 0 0 na na
10 63835.533350364238 0.056037797374 cfg1 2 1 0 0 na na
10 63835.535350313621 0.056037774302 cfg1 2 1 0 0 na na
10 63835.541350309969 0.056037703827 cfg1 2 1 0 0 na na
10 63835.542350245160 0.056037696771 cfg1 2 1 0 0 na na
10 63835.557350322443 0.056037500028 cfg1 2 1 0 0 na na
10 63835.692350321816 0.056035862179 cfg1 2 1 0 0 na na
10 63835.732350264223 0.056035362816 cfg1 2 1 0 0 na na
10 63835.753350245543 0.056035126346 cfg1 2 1 0 0 na na
10 63835.833350311623 0.056034147120 cfg1 2 1 0 0 na na
10 63835.848350263135 0.056033953500 cfg1 2 1 0 0 na na
10 63835.950350285587 0.056032712684 cfg1 2 1 0 0 na na
10 63835.959350388584 0.056032620250 cfg1 2 1 0 0 na na
10 63836.015350338356 0.056031926111 cfg1 2 1 0 0 na na
10 63836.021350276555 0.056031851468 cfg1 2 1 0 0 na na
10 63836.107350310962 0.056030805542 cfg1 2 1 0 0 na na
10 63836.114350261259 0.056030714194 cfg1 2 1 0 0 na na
10 63836.133350299534 0.056030481226 cfg1 2 1 0 0 na na
10 63836.146350297155 0.056030332337 cfg1 2 1 0 0 na na
10 63836.150350254394 0.056030282610 cfg1 2 1 0 0 na na
10 63836.228350301143 0.056029343081 cfg1 2 1 0 0 na na
10 63836.240350304533 0.056029170962 cfg1 2 1 0 0 na na
10 63836.256350320027 0.056029004638 cfg1 2 1 0 0 na na
10 63836.306350329134 0.056028394443 cfg1 2 1 0 0 na na
10 63836.471350308859 0.056026370008 cfg1 2 1 0 0 na na
10 63836.600350294079 0.056024805711 cfg1 2 1 0 0 na na
10 63836.622350265702 0.056024545769 cfg1 2 1 0 0 na na
10 63836.667350279070 0.056023979549 cfg1 2 1 0 0 na na
10 63836.781350263132 0.056022607898 cfg1 2 1 0 0 na na
10 63836.948350326897 0.056020551300 cfg1 2 1 0 0 na na
10 63836.956350329667 0.056020459384 cfg1 2 1 0 0 na na
10 63837.088350282266 0.056018843183 cfg1 2 1 0 0 na na
10 63837.160350244875 0.056017991984 cfg1 2 1 0 0 na na
10 63837.171350277453 0.056017832994 cfg1 2 1 0 0 na na
10 63837.221350267250 0.056017248771 cfg1 2 1 0 0 na na
10 63837.238350324492 0.056017036080 cfg1 2 1 0 0 na na
10 63837.275350271064 0.056016594743 cfg1 2 1 0 0 na na
10 63837.287350300689 0.056016432770 cfg1 2 1 0 0 na na
10 63837.381350291670 0.056015298821 cfg1 2 1 0 0 na na
10 63837.532350277277 0.056013457604 cfg1 2 1 0 0 na na
10 63837.631350286091 0.056012255657 cfg1 2 1 0 0 na na
10 63837.650350316477 0.056012025277 cfg1 2 1 0 0 na na
10 63837.689350330719 0.056011542564 cfg1 2 1 0 0 na na
10 63837.736350315302 0.056010956652 cfg1 2 1 0 0 na na
10 63837.745350256954 0.056010854817 cfg1 2 1 0 0 na na
10 63837.748350308056 0.056010831945 cfg1 2 1 0 0 na na
10 63837.761350262669 0.056010662849 cfg1 2 1 0 0 na na
10 63837.782350279919 0.056010397142 cfg1 2 1 0 0 na na
10 63837.852350312407 0.056009555345 cfg1 2 1 0 0 na na
10 63837.886350293548 0.056009142539 cfg1 2 1 0 0 na na
10 63837.912350333954 0.056008821956 cfg1 2 1 0 0 na na
10 63838.044350362272 0.056007236532 cfg1 2 1 0 0 na na
10 63838.071350320963 0.056006895727 cfg1 2 1 0 0 na na
10 63838.093350309749 0.056006617480 cfg1 2 1 0 0 na na
10 63838.107350311841 0.056006455018 cfg1 2 1 0 0 na na
10 63838.188350314036 0.056005462773 cfg1 2 1 0 0 na na
10 63838.239350321205 0.056004851834 cfg1 2 1 0 0 na na
10 63838.244350286495 0.056004779212 cfg1 2 1 0 0 na na
10 63838.273350304503 0.056004432252 cfg1 2 1 0 0 na na
10 63838.290350272165 0.056004225274 cfg1 2 1 0 0 na na
10 63838.348350324774 0.056003535519 cfg1 2 1 0 0 na na
10 63838.478350335158 0.056001939690 cfg1 2 1 0 0 na na
10 63838.513350278243 0.056001524317 cfg1 2 1 0 0 na na
10 63838.527350332312 0.056001333482 cfg1 2 1 0 0 na na
10 63838.547350329896 0.056001105655 cfg1 2 1 0 0 na na
10 63838.568350312343 0.056000851318 cfg1 2 1 0 0 na na
10 63838.582350296983 0.056000668172 cfg1 2 1 0 0 na na
10 63838.595350300896 0.056000513785 cfg1 2 1 0 0 na na
10 63838.626350271884 0.056000135932 cfg1 2 1 0 0 na na
10 63838.630350308896 0.056000100314 cfg1 2 1 0 0 na na
10 63838.631350331341 0.056000079066 cfg1 2 1 0 0 na na
10 63838.634350328881 0.056000056485 cfg1 2 1 0 0 na na
10 63838.645350332051 0.055999895690 cfg1 2 1 0 0 na na
10 63838.756350312433 0.055998558965 cfg1 2 1 0 0 na na
10 63838.759350281959 0.055998529314 cfg1 2 1 0 0 na na
10 63838.763350312536 0.055998468921 cfg1 2 1 0 0 na na
10 63838.780350263213 0.055998258844 cfg1 2 1 0 0 na na
10 63838.861350319952 0.055997279942 cfg1 2 1 0 0 na na
10 63838.866350296227 0.055997229762 cfg1 2 1 0 0 na na
10 63838.903350326941 0.055996783901 cfg1 2 1 0 0 na na
10 63838.911350314715 0.055996678458 cfg1 2 1 0 0 na na
10 63838.948350348482 0.055996212471 cfg1 2 1 0 0 na na
10 63838.989350317640 0.055995738756 cfg1 2 1 0 0 na na
10 63839.105350266554 0.055994305401 cfg1 2 1 0 0 na na
10 63839.166350260389 0.055993577955 cfg1 2 1 0 0 na na
10 63839.242350299331 0.055992653482 cfg1 2 1 0 0 na na
10 63839.259350262603 0.055992434280 cfg1 2 1 0 0 na na
10 63839.285350286620 0.055992122808 cfg1 2 1 0 0 na na
10 63839.429350313256 0.055990361852 cfg1 2 1 0 0 na na
10 63839.461350255398 0.055989986507 cfg1 2 1 0 0 na na
10 63839.498350378176 0.055989548905 cfg1 2 1 0 0 na na
10 63839.597350321549 0.055988342000 cfg1 2 1 0 0 na na
10 63839.683350270109 0.055987271894 cfg1 2 1 0 0 na na
10 63839.694350262320 0.055987144583 cfg1 2 1 0 0 na na
10 63839.704350269210 0.055987017741 cfg1 2 1 0 0 na na
10 63839.747350262110 0.055986499944 cfg1 2 1 0 0 na na
10 63839.785350306409 0.055986055430 cfg1 2 1 0 0 na na
10 63839.789350267512 0.055985984338 cfg1 2 1 0 0 na na
10 63839.796350321739 0.055985922608 cfg1 2 1 0 0 na na
10 63839.846350294639 0.055985307748 cfg1 2 1 0 0 na na
10 63839.910350296990 0.055984517883 cfg1 2 1 0 0 na na
10 63839.929350286734 0.055984285779 cfg1 2 1 0 0 na na
10 63839.934350279115 0.055984221749 cfg1 2 1 0 0 na na
10 63839.938350265884 0.055984198384 cfg1 2 1 0 0 na na
10 63839.979350314016 0.055983684899 cfg1 2 1 0 0 na na
10 63839.994350352146 0.055983501586 cfg1 2 1 0 0 na na
10 63840.033350312172 0.055983029286 cfg1 2 1 0 0 na na
10 63840.053350306800 0.055982776907 cfg1 2 1 0 0 na na
10 63840.063350310349 0.055982673369 cfg1 2 1 0 0 na na
10 63840.075350299282 0.055982532825 cfg1 2 1 0 0 na na
10 63840.091350279809 0.055982318102 cfg1 2 1 0 0 na na
10 63840.130350310600 0.055981844144 cfg1 2 1 0 0 na na
10 63840.153350258991 0.055981568066 cfg1 2 1 0 0 na na
10 63840.182350349825 0.055981211802 cfg1 2 1 0 0 na na
10 63840.236350338789 0.055980578141 cfg1 2 1 0 0 na na
10 63840.286350302099 0.055979961445 cfg1 2 1 0 0 na na
10 63840.292350309682 0.055979876199 cfg1 2 1 0 0 na na
10 63840.306350268820 0.055979698031 cfg1 2 1 0 0 na na
10 63840.320350328445 0.055979533892 cfg1 2 1 0 0 na na
10 63840.358350305677 0.055979083022 cfg1 2 1 0 0 na na
10 63840.389350306139 0.055978693918 cfg1 2 1 0 0 na na
10 63840.402350374569 0.055978549769 cfg1 2 1 0 0 na na
10 63840.405350300832 0.055978522732 cfg1 2 1 0 0 na na
10 63840.414350269217 0.055978387538 cfg1 2 1 0 0 na na
10 63840.474350276475 0.055977680238 cfg1 2 1 0 0 na na
10 63840.486350339914 0.055977539474 cfg1 2 1 0 0 na na
10 63840.506350309297 0.055977290363 cfg1 2 1 0 0 na na
10 63840.542350318238 0.055976834961 cfg1 2 1 0 0 na na
10 63840.582350291839 0.055976371623 cfg1 2 1 0 0 na na
10 63840.671350324265 0.055975289642 cfg1 2 1 0 0 na na
10 63840.733350335622 0.055974526575 cfg1 2 1 0 0 na na
10 63840.744350254586 0.055974387346 cfg1 2 1 0 0 na na
10 63840.787350335989 0.055973875467 cfg1 2 1 0 0 na na
10 63840.838350315340 0.055973256815 cfg1 2 1 0 0 na na
10 63840.940350380264 0.055972020505 cfg1 2 1 0 0 na na
10 63840.954350298144 0.055971837096 cfg1 2 1 0 0 na na
10 63840.957350339101 0.055971790946 cfg1 2 1 0 0 na na
10 63841.008350343089 0.055971190821 cfg1 2 1 0 0 na na
10 63841.071350302582 0.055970414477 cfg1 2 1 0 0 na na
10 63841.074350352552 0.055970389992 cfg1 2 1 0 0 na na
10 63841.096350331361 0.055970106294 cfg1 2 1 0 0 na na
10 63841.150350304478 0.055969457183 cfg1 2 1 0 0 na na
10 63841.211350277409 0.055968725453 cfg1 2 1 0 0 na na
10 63841.221350347267 0.055968590715 cfg1 2 1 0 0 na na
10 63841.380350320974 0.055966671980 cfg1 2 1 0 0 na na
10 63841.433350345121 0.055966010825 cfg1 2 1 0 0 na na
10 63841.456350312480 0.055965728457 cfg1 2 1 0 0 na na
10 63841.619350283442 0.055963762791 cfg1 2 1 0 0 na na
10 63841.620350373704 0.055963761488 cfg1 2 1 0 0 na na
10 63841.626350313647 0.055963661280 cfg1 2 1 0 0 na na
10 63841.634350285373 0.055963591053 cfg1 2 1 0 0 na na
10 63841.637350324561 0.055963537270 cfg1 2 1 0 0 na na
10 63841.667350269558 0.055963184211 cfg1 2 1 0 0 na na
10 63841.685350316326 0.055962948442 cfg1 2 1 0 0 na na
10 63841.695350310017 0.055962834346 cfg1 2 1 0 0 na na
10 63841.734350356060 0.055962354601 cfg1 2 1 0 0 na na
10 63841.851350282158 0.055960951558 cfg1 2 1 0 0 na na
10 63841.902350354765 0.055960315050 cfg1 2 1 0 0 na na
10 63841.960350332427 0.055959623987 cfg1 2 1 0 0 na na
10 63842.018350302151 0.055958901013 cfg1 2 1 0 0 na na
10 63842.031350320746 0.055958750060 cfg1 2 1 0 0 na na
10 63842.079350287680 0.055958165999 cfg1 2 1 0 0 na na
10 63842.081350312821 0.055958151491 cfg1 2 1 0 0 na na
10 63842.126350280028 0.055957617008 cfg1 2 1 0 0 na na
10 63842.132350303505 0.055957517582 cfg1 2 1 0 0 na na
10 63842.153350262284 0.055957269630 cfg1 2 1 0 0 na na
10 63842.254350320236 0.055956051359 cfg1 2 1 0 0 na na
10 63842.282350298814 0.055955706014 cfg1 2 1 0 0 na na
10 63842.301350249575 0.055955482491 cfg1 2 1 0 0 na na
10 63842.357350280452 0.055954787165 cfg1 2 1 0 0 na na
10 63842.405350277679 0.055954225935 cfg1 2 1 0 0 na na
10 63842.507350263335 0.055952978266 cfg1 2 1 0 0 na na
10 63842.551350311585 0.055952449582 cfg1 2 1 0 0 na na
10 63842.711350300357 0.055950503500 cfg1 2 1 0 0 na na
10 63842.737350261458 0.055950180550 cfg1 2 1 0 0 na na
10 63842.746350343001 0.055950061581 cfg1 2 1 0 0 na na
10 63842.807350305954 0.055949336403 cfg1 2 1 0 0 na na
10 63842.821350275112 0.055949170863 cfg1 2 1 0 0 na na
10 63842.851350246542 0.055948810206 cfg1 2 1 0 0 na na
10 63842.904350334914 0.055948151531 cfg1 2 1 0 0 na na
10 63842.914350329695 0.055948030551 cfg1 2 1 0 0 na na
10 63842.922350279394 0.055947937648 cfg1 2 1 0 0 na na
10 63842.925350335545 0.055947902031 cfg1 2 1 0 0 na na
10 63842.951350293832 0.055947573378 cfg1 2 1 0 0 na na
10 63843.019350305751 0.055946753578 cfg1 2 1 0 0 na na
10 63843.023350355983 0.055946711647 cfg1 2 1 0 0 na na
10 63843.050350263148 0.055946386977 cfg1 2 1 0 0 na na
10 63843.051350324665 0.055946375024 cfg1 2 1 0 0 na na
10 63843.058350337097 0.055946302141 cfg1 2 1 0 0 na na
10 63843.169350348144 0.055944944997 cfg1 2 1 0 0 na na
10 63843.209350291088 0.055944455780 cfg1 2 1 0 0 na na
10 63843.213350318706 0.055944416921 cfg1 2 1 0 0 na na
10 63843.259350330635 0.055943859373 cfg1 2 1 0 0 na na
10 63843.430350353598 0.055941786767 cfg1 2 1 0 0 na na
10 63843.442350255843 0.055941626153 cfg1 2 1 0 0 na na
10 63843.501350297326 0.055940924846 cfg1 2 1 0 0 na na
10 63843.524350326704 0.055940631280 cfg1 2 1 0 0 na na
10 63843.528350333628 0.055940586526 cfg1 2 1 0 0 na na
10 63843.585350270985 0.055939901053 cfg1 2 1 0 0 na na
10 63843.597350339783 0.055939736996 cfg1 2 1 0 0 na na
10 63843.608350368166 0.055939613869 cfg1 2 1 0 0 na na
10 63843.629350272943 0.055939350361 cfg1 2 1 0 0 na na
10 63843.691350386533 0.055938607849 cfg1 2 1 0 0 na na
10 63843.769350326236 0.055937656403 cfg1 2 1 0 0 na na
10 63843.777350330491 0.055937565595 cfg1 2 1 0 0 na na
10 63843.807350321038 0.055937200027 cfg1 2 1 0 0 na na
10 63843.874350335063 0.055936389677 cfg1 2 1 0 0 na na
10 63843.886350347226 0.055936254000 cfg1 2 1 0 0 na na
10 63843.911350275563 0.055935929601 cfg1 2 1 0 0 na na
10 63844.070350311446 0.055934017440 cfg1 2 1 0 0 na na
10 63844.154350358492 0.055932980570 cfg1 2 1 0 0 na na
10 63844.168350319944 0.055932826053 cfg1 2 1 0 0 na na
10 63844.187350316771 0.055932595755 cfg1 2 1 0 0 na na
10 63844.394350324133 0.055930092372 cfg1 2 1 0 0 na na
10 63844.398350330423 0.055930035388 cfg1 2 1 0 0 na na
10 63844.541350276863 0.055928286130 cfg1 2 1 0 0 na na
10 63844.563350266590 0.055928020335 cfg1 2 1 0 0 na na
10 63844.567350341968 0.055927974000 cfg1 2 1 0 0 na na
10 63844.632350299941 0.055927202255 cfg1 2 1 0 0 na na
10 63844.738350294338 0.055925918633 cfg1 2 1 0 0 na na
10 63844.875350266750 0.055924235582 cfg1 2 1 0 0 na na
10 63844.978350277674 0.055923002814 cfg1 2 1 0 0 na na
10 63844.981350287762 0.055922951424 cfg1 2 1 0 0 na na
10 63844.998350327885 0.055922747462 cfg1 2 1 0 0 na na
10 63845.122350285127 0.055921268990 cfg1 2 1 0 0 na na
10 63845.222350298974 0.055920042583 cfg1 2 1 0 0 na na
10 63845.288350262980 0.055919256058 cfg1 2 1 0 0 na na
10 63845.328350302411 0.055918767407 cfg1 2 1 0 0 na na
10 63845.377350341734 0.055918165451 cfg1 2 1 0 0 na na
10 63845.402350325084 0.055917853764 cfg1 2 1 0 0 na na
10 63845.405350327965 0.055917825016 cfg1 2 1 0 0 na na
10 63845.411350336505 0.055917759878 cfg1 2 1 0 0 na na
10 63845.430350252591 0.055917524377 cfg1 2 1 0 0 na na
10 63845.438350352270 0.055917417533 cfg1 2 1 0 0 na na
10 63845.517350345450 0.055916478379 cfg1 2 1 0 0 na na
10 63845.539350310648 0.055916198969 cfg1 2 1 0 0 na na
10 63845.594350347445 0.055915529247 cfg1 2 1 0 0 na na
10 63845.679350309927 0.055914488865 cfg1 2 1 0 0 na na
10 63845.702350257946 0.055914218946 cfg1 2 1 0 0 na na
10 63845.705350297532 0.055914189226 cfg1 2 1 0 0 na na
10 63845.731350327441 0.055913875409 cfg1 2 1 0 0 na na
10 63845.771350357226 0.055913396263 cfg1 2 1 0 0 na na
10 63845.790350294648 0.055913149021 cfg1 2 1 0 0 na na
10 63845.811350298252 0.055912908777 cfg1 2 1 0 0 na na
10 63845.817350302899 0.055912838095 cfg1 2 1 0 0 na na
10 63845.838350290633 0.055912572427 cfg1 2 1 0 0 na na
10 63845.888350330714 0.055911964726 cfg1 2 1 0 0 na na
10 63845.891350301775 0.055911948131 cfg1 2 1 0 0 na na
10 63845.997350325509 0.055910646004 cfg1 2 1 0 0 na na
10 63846.041350330385 0.055910102411 cfg1 2 1 0 0 na na
10 63846.051350341369 0.055909991675 cfg1 2 1 0 0 na na
10 63846.060350358572 0.055909899774 cfg1 2 1 0 0 na na
10 63846.095350330051 0.055909469986 cfg1 2 1 0 0 na na
10 63846.280350323930 0.055907212423 cfg1 2 1 0 0 na na
10 63846.293350327779 0.055907077850 cfg1 2 1 0 0 na na
10 63846.335350257885 0.055906548961 cfg1 2 1 0 0 na na
10 63846.374350242797 0.055906093963 cfg1 2 1 0 0 na na
10 63846.450350292375 0.055905171741 cfg1 2 1 0 0 na na
10 63846.517350350165 0.055904355460 cfg1 2 1 0 0 na na
10 63846.522350263127 0.055904283304 cfg1 2 1 0 0 na na
10 63846.697350295137 0.055902167828 cfg1 2 1 0 0 na na
10 63846.701350341160 0.055902132143 cfg1 2 1 0 0 na na
10 63846.702350289772 0.055902113018 cfg1 2 1 0 0 na na
10 63846.726350341350 0.055901816325 cfg1 2 1 0 0 na na
10 63846.763350302749 0.055901384071 cfg1 2 1 0 0 na na
10 63846.850350280904 0.055900316137 cfg1 2 1 0 0 na na
10 63846.858350262395 0.055900209513 cfg1 2 1 0 0 na na
10 63846.927350337915 0.055899373334 cfg1 2 1 0 0 na na
10 63847.037350333314 0.055898049120 cfg1 2 1 0 0 na na
10 63847.092350315627 0.055897393911 cfg1 2 1 0 0 na na
10 63847.116350334752 0.055897099096 cfg1 2 1 0 0 na na
10 63847.121350328822 0.055897033368 cfg1 2 1 0 0 na na
10 63847.126350341104 0.055896979785 cfg1 2 1 0 0 na na
10 63847.143350316556 0.055896780730 cfg1 2 1 0 0 na na
10 63847.165350337879 0.055896510300 cfg1 2 1 0 0 na na
10 63847.244350284330 0.055895555323 cfg1 2 1 0 0 na na
10 63847.374350325455 0.055893969470 cfg1 2 1 0 0 na na
10 63847.492350337844 0.055892530100 cfg1 2 1 0 0 na na
10 63847.549350309904 0.055891856147 cfg1 2 1 0 0 na na
10 63847.704350276580 0.055889979117 cfg1 2 1 0 0 na na
10 63847.805350335680 0.055888764854 cfg1 2 1 0 0 na na
10 63847.836350301562 0.055888390219 cfg1 2 1 0 0 na na
10 63847.843350286654 0.055888297162 cfg1 2 1 0 0 na na
10 63848.326350325428 0.055882448923 cfg1 2 1 0 0 na na
10 63848.356350324182 0.055882087091 cfg1 2 1 0 0 na na
10 63848.384350365916 0.055881735422 cfg1 2 1 0 0 na na
10 63848.417350316923 0.055881351130 cfg1 2 1 0 0 na na
10 63848.424350355791 0.055881253858 cfg1 2 1 0 0 na na
10 63848.443350329824 0.055881026559 cfg1 2 1 0 0 na na
10 63848.449350351354 0.055880956793 cfg1 2 1 0 0 na na
10 63848.542350329846 0.055879826779 cfg1 2 1 0 0 na na
10 63848.588350348969 0.055879279649 cfg1 2 1 0 0 na na
10 63848.595350316470 0.055879205396 cfg1 2 1 0 0 na na
10 63848.791350340023 0.055876818791 cfg1 2 1 0 0 na na
10 63848.851350246023 0.055876105977 cfg1 2 1 0 0 na na
10 63848.962350278765 0.055874760074 cfg1 2 1 0 0 na na
10 63848.993350323142 0.055874389705 cfg1 2 1 0 0 na na
10 63849.127350310069 0.055872761276 cfg1 2 1 0 0 na na
10 63849.188350279938 0.055872030332 cfg1 2 1 0 0 na na
10 63849.240350313997 0.055871399338 cfg1 2 1 0 0 na na
10 63849.258350288564 0.055871172521 cfg1 2 1 0 0 na na
10 63849.351350278848 0.055870034938 cfg1 2 1 0 0 na na
10 63849.362350280952 0.055869909507 cfg1 2 1 0 0 na na
10 63849.391350351512 0.055869562003 cfg1 2 1 0 0 na na
10 63849.465350327517 0.055868658779 cfg1 2 1 0 0 na na
10 63849.470350385027 0.055868600288 cfg1 2 1 0 0 na na
10 63849.498350260050 0.055868261866 cfg1 2 1 0 0 na na
10 63849.663350322061 0.055866279337 cfg1 2 1 0 0 na na
10 63849.689350242872 0.055865968964 cfg1 2 1 0 0 na na
10 63849.692350336374 0.055865927310 cfg1 2 1 0 0 na na
10 63849.724350285400 0.055865538540 cfg1 2 1 0 0 na na
10 63849.731350267005 0.055865439922 cfg1 2 1 0 0 na na
10 63849.937350302541 0.055862964875 cfg1 2 1 0 0 na na
10 63850.002350277681 0.055862179181 cfg1 2 1 0 0 na na
10 63850.136350278155 0.055860554078 cfg1 2 1 0 0 na na
10 63850.148350304572 0.055860419065 cfg1 2 1 0 0 na na
10 63850.157350277544 0.055860310759 cfg1 2 1 0 0 na na
10 63850.181350304708 0.055860021853 cfg1 2 1 0 0 na na
10 63850.232350267052 0.055859380003 cfg1 2 1 0 0 na na
10 63850.236350297492 0.055859333489 cfg1 2 1 0 0 na na
10 63850.295350275763 0.055858645549 cfg1 2 1 0 0 na na
10 63850.348350359715 0.055858005509 cfg1 2 1 0 0 na na
10 63850.392350349425 0.055857446700 cfg1 2 1 0 0 na na
10 63850.422350273869 0.055857089381 cfg1 2 1 0 0 na na
10 63850.423350355382 0.055857093796 cfg1 2 1 0 0 na na
10 63850.474350380885 0.055856457649 cfg1 2 1 0 0 na na
10 63850.542350260190 0.055855645152 cfg1 2 1 0 0 na na
10 63850.701350347471 0.055853729232 cfg1 2 1 0 0 na na
10 63850.724350338920 0.055853453419 cfg1 2 1 0 0 na na
10 63850.742350320567 0.055853231178 cfg1 2 1 0 0 na na
10 63850.753350322996 0.055853090921 cfg1 2 1 0 0 na na
10 63850.788350256920 0.055852670029 cfg1 2 1 0 0 na na
10 63850.975350281005 0.055850428911 cfg1 2 1 0 0 na na
10 63850.978350368483 0.055850371091 cfg1 2 1 0 0 na na
10 63851.000350315398 0.055850106147 cfg1 2 1 0 0 na na
10 63851.109350336130 0.055848794048 cfg1 2 1 0 0 na na
10 63851.140350331823 0.055848423985 cfg1 2 1 0 0 na na
10 63851.173350296537 0.055848022224 cfg1 2 1 0 0 na na
10 63851.202350277920 0.055847664838 cfg1 2 1 0 0 na na
10 63851.219350267596 0.055847454309 cfg1 2 1 0 0 na na
10 63851.261350240677 0.055846971020 cfg1 2 1 0 0 na na
10 63851.345350276372 0.055845946207 cfg1 2 1 0 0 na na
10 63851.454350303001 0.055844620849 cfg1 2 1 0 0 na na
10 63851.465350287445 0.055844490494 cfg1 2 1 0 0 na na
10 63851.511350267723 0.055843924267 cfg1 2 1 0 0 na na
10 63851.599350356355 0.055842862112 cfg1 2 1 0 0 na na
10 63851.600350272503 0.055842851751 cfg1 2 1 0 0 na na
10 63851.635350332518 0.055842433909 cfg1 2 1 0 0 na na
10 63851.713350323671 0.055841510698 cfg1 2 1 0 0 na na
10 63851.719350361079 0.055841431566 cfg1 2 1 0 0 na na
10 63851.817350264341 0.055840245664 cfg1 2 1 0 0 na na
10 63851.854350259652 0.055839792159 cfg1 2 1 0 0 na na
10 63851.899350271788 0.055839239394 cfg1 2 1 0 0 na na
10 63851.904350302492 0.055839186107 cfg1 2 1 0 0 na na
10 63851.947350320844 0.055838659246 cfg1 2 1 0 0 na na
10 63851.962350263664 0.055838504136 cfg1 2 1 0 0 na na
10 63851.966350284183 0.055838432740 cfg1 2 1 0 0 na na
10 63852.012350265290 0.055837894939 cfg1 2 1 0 0 na na
10 63852.042350345086 0.055837521195 cfg1 2 1 0 0 na na
10 63852.134350334411 0.055836422417 cfg1 2 1 0 0 na na
10 63852.159350299697 0.055836124433 cfg1 2 1 0 0 na na
10 63852.237350394104 0.055835181410 cfg1 2 1 0 0 na na
10 63852.259350351630 0.055834918266 cfg1 2 1 0 0 na na
10 63852.373350343582 0.055833532468 cfg1 2 1 0 0 na na
10 63852.429350299920 0.055832851254 cfg1 2 1 0 0 na na
10 63852.464350303316 0.055832423601 cfg1 2 1 0 0 na na
10 63852.497350345938 0.055832038117 cfg1 2 1 0 0 na na
10 63852.504350261521 0.055831952316 cfg1 2 1 0 0 na na
10 63852.559350309086 0.055831275766 cfg1 2 1 0 0 na na
10 63852.562350367845 0.055831245138 cfg1 2 1 0 0 na na
10 63852.584350262831 0.055830974042 cfg1 2 1 0 0 na na
10 63852.611350311583 0.055830668403 cfg1 2 1 0 0 na na
10 63852.617350342949 0.055830589779 cfg1 2 1 0 0 na na
10 63852.684350269378 0.055829761777 cfg1 2 1 0 0 na na
10 63852.734350311768 0.055829170048 cfg1 2 1 0 0 na na
10 63852.757350252679 0.055828894271 cfg1 2 1 0 0 na na
10 63852.833350330425 0.055827978672 cfg1 2 1 0 0 na na
10 63852.944350309001 0.055826640098 cfg1 2 1 0 0 na na
10 63852.967350341806 0.055826347567 cfg1 2 1 0 0 na na
10 63852.979350362814 0.055826220850 cfg1 2 1 0 0 na na
10 63853.003350316721 0.055825911610 cfg1 2 1 0 0 na na
10 63853.010350388269 0.055825850671 cfg1 2 1 0 0 na na
10 63853.013350354094 0.055825801418 cfg1 2 1 0 0 na na
10 63853.030350322426 0.055825604552 cfg1 2 1 0 0 na na
10 63853.050350363171 0.055825347589 cfg1 2 1 0 0 na na
10 63853.117350300180 0.055824531171 cfg1 2 1 0 0 na na
10 63853.163350346427 0.055823994188 cfg1 2 1 0 0 na na
10 63853.186350274177 0.055823698807 cfg1 2 1 0 0 na na
10 63853.195350288119 0.055823614156 cfg1 2 1 0 0 na na
10 63853.328350364880 0.055821984920 cfg1 2 1 0 0 na na
10 63853.461350359543 0.055820396077 cfg1 2 1 0 0 na na
10 63853.472350338387 0.055820272079 cfg1 2 1 0 0 na na
10 63853.491350353706 0.055820023191 cfg1 2 1 0 0 na na
10 63853.495350292624 0.055819984742 cfg1 2 1 0 0 na na
10 63853.511350321085 0.055819802978 cfg1 2 1 0 0 na na
10 63853.670350288413 0.055817885425 cfg1 2 1 0 0 na na
10 63853.680350355874 0.055817748626 cfg1 2 1 0 0 na na
10 63853.721350332085 0.055817264861 cfg1 2 1 0 0 na na
10 63853.760350257265 0.055816784603 cfg1 2 1 0 0 na na
10 63853.875350327418 0.055815387020 cfg1 2 1 0 0 na na
10 63853.927350326007 0.055814761470 cfg1 2 1 0 0 na na
10 63853.945350261263 0.055814561078 cfg1 2 1 0 0 na na
10 63853.954350283224 0.055814443649 cfg1 2 1 0 0 na na
10 63854.021350307826 0.055813635452 cfg1 2 1 0 0 na na
10 63854.054350309521 0.055813233356 cfg1 2 1 0 0 na na
10 63854.245350350217 0.055810928754 cfg1 2 1 0 0 na na
10 63854.277350321905 0.055810555442 cfg1 2 1 0 0 na na
10 63854.292350281762 0.055810382388 cfg1 2 1 0 0 na na
10 63854.318350322634 0.055810056083 cfg1 2 1 0 0 na na
10 63854.410350403074 0.055808952997 cfg1 2 1 0 0 na na
10 63854.463350331334 0.055808320938 cfg1 2 1 0 0 na na
10 63854.481350322245 0.055808085656 cfg1 2 1 0 0 na na
10 63854.536350335287 0.055807439771 cfg1 2 1 0 0 na na
10 63854.623350310607 0.055806365398 cfg1 2 1 0 0 na na
10 63854.645350283601 0.055806101650 cfg1 2 1 0 0 na na
10 63854.670350277867 0.055805803931 cfg1 2 1 0 0 na na
10 63854.680350258576 0.055805688321 cfg1 2 1 0 0 na na
10 63854.705350325708 0.055805382366 cfg1 2 1 0 0 na na
10 63854.784350289502 0.055804442757 cfg1 2 1 0 0 na na
10 63854.833350321768 0.055803836851 cfg1 2 1 0 0 na na
10 63854.937350329549 0.055802584065 cfg1 2 1 0 0 na na
10 63854.942350286739 0.055802529709 cfg1 2 1 0 0 na na
10 63855.136350283050 0.055800190719 cfg1 2 1 0 0 na na
10 63855.150350256648 0.055800020174 cfg1 2 1 0 0 na na
10 63855.183350317610 0.055799633139 cfg1 2 1 0 0 na na
10 63855.185350289045 0.055799597336 cfg1 2 1 0 0 na na
10 63855.260350365416 0.055798698701 cfg1 2 1 0 0 na na
10 63855.319350290926 0.055797985686 cfg1 2 1 0 0 na na
10 63855.382350317260 0.055797235614 cfg1 2 1 0 0 na na
10 63855.384350369613 0.055797188156 cfg1 2 1 0 0 na na
10 63855.412350351568 0.055796871533 cfg1 2 1 0 0 na na
10 63855.415350323363 0.055796816737 cfg1 2 1 0 0 na na
10 63855.585350310418 0.055794767582 cfg1 2 1 0 0 na na
10 63855.667350289465 0.055793804703 cfg1 2 1 0 0 na na
10 63855.681350262389 0.055793614565 cfg1 2 1 0 0 na na
10 63855.848350280122 0.055791594566 cfg1 2 1 0 0 na na
10 63855.903350307431 0.055790952890 cfg1 2 1 0 0 na na
10 63855.975350359199 0.055790088457 cfg1 2 1 0 0 na na
10 63855.981350304446 0.055790005833 cfg1 2 1 0 0 na na
10 63856.091350274171 0.055788682961 cfg1 2 1 0 0 na na
10 63856.140350266205 0.055788075865 cfg1 2 1 0 0 na na
10 63856.161350308413 0.055787837129 cfg1 2 1 0 0 na na
10 63856.236350347532 0.055786923578 cfg1 2 1 0 0 na na
10 63856.273350262934 0.055786474027 cfg1 2 1 0 0 na na
10 63856.280350334019 0.055786409826 cfg1 2 1 0 0 na na
10 63856.568350250055 0.055782936870 cfg1 2 1 0 0 na na
10 63856.627350289099 0.055782220330 cfg1 2 1 0 0 na na
10 63856.663350288480 0.055781776075 cfg1 2 1 0 0 na na
10 63856.822350263582 0.055779877577 cfg1 2 1 0 0 na na
10 63857.120350283242 0.055776288564 cfg1 2 1 0 0 na na
10 63857.143350333603 0.055776012006 cfg1 2 1 0 0 na na
10 63857.212350356150 0.055775182261 cfg1 2 1 0 0 na na
10 63857.218350369275 0.055775111166 cfg1 2 1 0 0 na na
10 63857.290350320946 0.055774248788 cfg1 2 1 0 0 na na
10 63857.359350314609 0.055773395055 cfg1 2 1 0 0 na na
10 63857.382350336124 0.055773120324 cfg1 2 1 0 0 na na
10 63857.395350276161 0.055772981672 cfg1 2 1 0 0 na na
10 63857.413350260817 0.055772751107 cfg1 2 1 0 0 na na
10 63857.422350289614 0.055772640342 cfg1 2 1 0 0 na na
10 63857.454350340756 0.055772270137 cfg1 2 1 0 0 na na
10 63857.508350295910 0.055771617294 cfg1 2 1 0 0 na na
10 63857.530350336736 0.055771349225 cfg1 2 1 0 0 na na
10 63857.574350311547 0.055770811043 cfg1 2 1 0 0 na na
10 63857.582350291843 0.055770708077 cfg1 2 1 0 0 na na
10 63857.672350317019 0.055769635187 cfg1 2 1 0 0 na na
10 63857.711350300924 0.055769169829 cfg1 2 1 0 0 na na
10 63857.914350337398 0.055766722558 cfg1 2 1 0 0 na na
10 63857.995350337341 0.055765761960 cfg1 2 1 0 0 na na
10 63858.013350318603 0.055765540690 cfg1 2 1 0 0 na na
10 63858.029350281090 0.055765341084 cfg1 2 1 0 0 na na
10 63858.047350259457 0.055765134791 cfg1 2 1 0 0 na na
10 63858.118350255694 0.055764267192 cfg1 2 1 0 0 na na
10 63858.132350303927 0.055764109205 cfg1 2 1 0 0 na na
10 63858.143350249284 0.055763972635 cfg1 2 1 0 0 na na
10 63858.147350279680 0.055763919008 cfg1 2 1 0 0 na na
10 63858.178350363388 0.055763533063 cfg1 2 1 0 0 na na
10 63858.243350307858 0.055762772562 cfg1 2 1 0 0 na na
10 63858.278350266338 0.055762330547 cfg1 2 1 0 0 na na
10 63858.338350282608 0.055761634194 cfg1 2 1 0 0 na na
10 63858.401350360609 0.055760858741 cfg1 2 1 0 0 na na
10 63858.407350334079 0.055760777826 cfg1 2 1 0 0 na na
10 63858.478350335176 0.055759948279 cfg1 2 1 0 0 na na
10 63858.504350264485 0.055759612502 cfg1 2 1 0 0 na na
10 63858.546350285798 0.055759109942 cfg1 2 1 0 0 na na
10 63858.638350277463 0.055758009281 cfg1 2 1 0 0 na na
10 63858.708350248168 0.055757173771 cfg1 2 1 0 0 na na
10 63858.764350241309 0.055756505570 cfg1 2 1 0 0 na na
10 63858.796350347532 0.055756105701 cfg1 2 1 0 0 na na
10 63858.798350318500 0.055756096879 cfg1 2 1 0 0 na na
10 63858.815350261278 0.055755870691 cfg1 2 1 0 0 na na
10 63858.825350274822 0.055755770264 cfg1 2 1 0 0 na na
10 63858.913350327771 0.055754706122 cfg1 2 1 0 0 na na
10 63859.153350334934 0.055751803190 cfg1 2 1 0 0 na na
10 63859.157350317764 0.055751755529 cfg1 2 1 0 0 na na
10 63859.204350317283 0.055751187082 cfg1 2 1 0 0 na na
10 63859.213350327135 0.055751098818 cfg1 2 1 0 0 na na
10 63859.331350306378 0.055749659757 cfg1 2 1 0 0 na na
10 63859.389350256963 0.055748969896 cfg1 2 1 0 0 na na
10 63859.416350331446 0.055748643190 cfg1 2 1 0 0 na na
10 63859.539350272020 0.055747174912 cfg1 2 1 0 0 na na
10 63859.582350348775 0.055746661441 cfg1 2 1 0 0 na na
10 63859.608350330316 0.055746331505 cfg1 2 1 0 0 na na
10 63859.617350253498 0.055746233377 cfg1 2 1 0 0 na na
10 63859.740350266073 0.055744740831 cfg1 2 1 0 0 na na
10 63859.752350347630 0.055744597598 cfg1 2 1 0 0 na na
10 63859.769350345865 0.055744394284 cfg1 2 1 0 0 na na
10 63859.823350270307 0.055743741438 cfg1 2 1 0 0 na na
10 63859.913350339365 0.055742685126 cfg1 2 1 0 0 na na
10 63859.914350257441 0.055742659386 cfg1 2 1 0 0 na na
10 63859.916350303346 0.055742629965 cfg1 2 1 0 0 na na
10 63860.012350293609 0.055741497854 cfg1 2 1 0 0 na na
10 63860.064350272537 0.055740853244 cfg1 2 1 0 0 na na
10 63860.171350351810 0.055739568259 cfg1 2 1 0 0 na na
10 63860.206350272582 0.055739141310 cfg1 2 1 0 0 na na
10 63860.214350300154 0.055739056492 cfg1 2 1 0 0 na na
10 63860.320350319309 0.055737794788 cfg1 2 1 0 0 na na
10 63860.334350282020 0.055737607109 cfg1 2 1 0 0 na na
10 63860.381350297505 0.055737054178 cfg1 2 1 0 0 na na
10 63860.397350360501 0.055736864995 cfg1 2 1 0 0 na na
10 63860.421350346868 0.055736561921 cfg1 2 1 0 0 na na
10 63860.450350332427 0.055736223051 cfg1 2 1 0 0 na na
10 63860.551350340302 0.055735014028 cfg1 2 1 0 0 na na
10 63860.557350319830 0.055734927073 cfg1 2 1 0 0 na na
10 63860.584350264414 0.055734597711 cfg1 2 1 0 0 na na
10 63860.597350286346 0.055734454377 cfg1 2 1 0 0 na na
10 63860.607350303441 0.055734336080 cfg1 2 1 0 0 na na
10 63860.738350334828 0.055732766057 cfg1 2 1 0 0 na na
10 63860.780350282259 0.055732244832 cfg1 2 1 0 0 na na
10 63860.854350334763 0.055731361324 cfg1 2 1 0 0 na na
10 63860.903350288975 0.055730762391 cfg1 2 1 0 0 na na
10 63861.071350358310 0.055728760002 cfg1 2 1 0 0 na na
10 63861.073350321003 0.055728738306 cfg1 2 1 0 0 na na
10 63861.107350296754 0.055728305930 cfg1 2 1 0 0 na na
10 63861.197350299769 0.055727253849 cfg1 2 1 0 0 na na
10 63861.200350365171 0.055727204307 cfg1 2 1 0 0 na na
10 63861.206350263303 0.055727123455 cfg1 2 1 0 0 na na
10 63861.207350309103 0.055727133247 cfg1 2 1 0 0 na na
10 63861.271350281321 0.055726343453 cfg1 2 1 0 0 na na
10 63861.599350320521 0.055722395905 cfg1 2 1 0 0 na na
10 63861.799350308906 0.055720001066 cfg1 2 1 0 0 na na
10 63861.822350258553 0.055719728384 cfg1 2 1 0 0 na na
10 63861.827350290836 0.055719682481 cfg1 2 1 0 0 na na
10 63861.902350270280 0.055718756667 cfg1 2 1 0 0 na na
10 63861.975350325740 0.055717892417 cfg1 2 1 0 0 na na
10 63861.977350295391 0.055717879554 cfg1 2 1 0 0 na na
10 63862.027350318202 0.055717274531 cfg1 2 1 0 0 na na
10 63862.052350309676 0.055716965377 cfg1 2 1 0 0 na na
10 63862.056350318588 0.055716909608 cfg1 2 1 0 0 na na
10 63862.108350347452 0.055716289535 cfg1 2 1 0 0 na na
10 63862.153350341998 0.055715744457 cfg1 2 1 0 0 na na
10 63862.219350335364 0.055714974450 cfg1 2 1 0 0 na na
10 63862.236350315954 0.055714764177 cfg1 2 1 0 0 na na
10 63862.250350335859 0.055714576059 cfg1 2 1 0 0 na na
10 63862.260350320251 0.055714465687 cfg1 2 1 0 0 na na
10 63862.294350306836 0.055714053965 cfg1 2 1 0 0 na na
10 63862.301350385723 0.055713982780 cfg1 2 1 0 0 na na
10 63862.538350271505 0.055711117241 cfg1 2 1 0 0 na na
10 63862.560350335062 0.055710870573 cfg1 2 1 0 0 na na
10 63862.640350323521 0.055709904744 cfg1 2 1 0 0 na na
10 63862.657350297504 0.055709712080 cfg1 2 1 0 0 na na
10 63862.688350362899 0.055709319260 cfg1 2 1 0 0 na na
10 63862.812350259912 0.055707836944 cfg1 2 1 0 0 na na
10 63862.820350250060 0.055707752114 cfg1 2 1 0 0 na na
10 63862.892350269757 0.055706892374 cfg1 2 1 0 0 na na
10 63862.945350327025 0.055706251984 cfg1 2 1 0 0 na na
10 63862.967350315202 0.055705971015 cfg1 2 1 0 0 na na
10 63863.002350340558 0.055705549677 cfg1 2 1 0 0 na na
10 63863.104350260993 0.055704330921 cfg1 2 1 0 0 na na
10 63863.156350313014 0.055703703936 cfg1 2 1 0 0 na na
10 63863.167350321212 0.055703584598 cfg1 2 1 0 0 na na
10 63863.177350358110 0.055703447205 cfg1 2 1 0 0 na na
10 63863.225350299001 0.055702875307 cfg1 2 1 0 0 na na
10 63863.232350305905 0.055702804324 cfg1 2 1 0 0 na na
10 63863.298350344351 0.055702015842 cfg1 2 1 0 0 na na
10 63863.352350317540 0.055701346522 cfg1 2 1 0 0 na na
10 63863.366350314889 0.055701203438 cfg1 2 1 0 0 na na
10 63863.375350301951 0.055701093846 cfg1 2 1 0 0 na na
10 63863.393350368702 0.055700865304 cfg1 2 1 0 0 na na
10 63863.466350339605 0.055700005465 cfg1 2 1 0 0 na na
10 63863.521350269567 0.055699317330 cfg1 2 1 0 0 na na
10 63863.530350265270 0.055699216679 cfg1 2 1 0 0 na na
10 63863.675350258623 0.055697486718 cfg1 2 1 0 0 na na
10 63863.778350363496 0.055696235584 cfg1 2 1 0 0 na na
10 63863.825350338646 0.055695697377 cfg1 2 1 0 0 na na
10 63863.893350355666 0.055694873309 cfg1 2 1 0 0 na na
10 63863.935350371913 0.055694372044 cfg1 2 1 0 0 na na
10 63864.033350320734 0.055693201488 cfg1 2 1 0 0 na na
10 63864.086350325756 0.055692559279 cfg1 2 1 0 0 na na
10 63864.152350265345 0.055691751161 cfg1 2 1 0 0 na na
10 63864.177350285437 0.055691465812 cfg1 2 1 0 0 na na
10 63864.205350316522 0.055691123489 cfg1 2 1 0 0 na na
10 63864.218350300903 0.055690971492 cfg1 2 1 0 0 na na
10 63864.299350371803 0.055690006543 cfg1 2 1 0 0 na na
10 63864.473350329973 0.055687922032 cfg1 2 1 0 0 na na
10 63864.493350291276 0.055687684161 cfg1 2 1 0 0 na na
10 63864.506350328677 0.055687502512 cfg1 2 1 0 0 na na
10 63864.605350352528 0.055686340065 cfg1 2 1 0 0 na na
10 63864.637350367893 0.055685951129 cfg1 2 1 0 0 na na
10 63864.653350342575 0.055685752592 cfg1 2 1 0 0 na na
10 63864.677350272614 0.055685475688 cfg1 2 1 0 0 na na
10 63864.697350265825 0.055685211040 cfg1 2 1 0 0 na na
10 63864.767350356465 0.055684376700 cfg1 2 1 0 0 na na
10 63864.812350308768 0.055683854410 cfg1 2 1 0 0 na na
10 63864.857350262546 0.055683312021 cfg1 2 1 0 0 na na
10 63864.893350297751 0.055682872631 cfg1 2 1 0 0 na na
10 63864.982350361526 0.055681796141 cfg1 2 1 0 0 na na
10 63865.103350241234 0.055680370537 cfg1 2 1 0 0 na na
10 63865.137350271931 0.055679934965 cfg1 2 1 0 0 na na
10 63865.159350254092 0.055679687839 cfg1 2 1 0 0 na na
10 63865.171350363133 0.055679529646 cfg1 2 1 0 0 na na
10 63865.399350302962 0.055676813855 cfg1 2 1 0 0 na na
10 63865.532350267078 0.055675200013 cfg1 2 1 0 0 na na
10 63865.639350285236 0.055673920046 cfg1 2 1 0 0 na na
10 63865.673350377396 0.055673536648 cfg1 2 1 0 0 na na
10 63865.712350248449 0.055673063441 cfg1 2 1 0 0 na na
10 63865.732350284685 0.055672828901 cfg1 2 1 0 0 na na
10 63865.838350318457 0.055671534880 cfg1 2 1 0 0 na na
10 63865.911350352270 0.055670678391 cfg1 2 1 0 0 na na
10 63865.968350324030 0.055669990231 cfg1 2 1 0 0 na na
10 63865.989350314379 0.055669727264 cfg1 2 1 0 0 na na
10 63866.000350262456 0.055669604323 cfg1 2 1 0 0 na na
10 63866.006350311401 0.055669523757 cfg1 2 1 0 0 na na
10 63866.153350284394 0.055667784463 cfg1 2 1 0 0 na na
10 63866.300350342318 0.055666008894 cfg1 2 1 0 0 na na
10 63866.375350327343 0.055665121351 cfg1 2 1 0 0 na na
10 63866.409350360946 0.055664716808 cfg1 2 1 0 0 na na
10 63866.486350278275 0.055663784362 cfg1 2 1 0 0 na na
10 63866.555350370792 0.055662955154 cfg1 2 1 0 0 na na
10 63866.571350335181 0.055662768114 cfg1 2 1 0 0 na na
10 63866.607350263351 0.055662337503 cfg1 2 1 0 0 na na
10 63866.623350345319 0.055662130673 cfg1 2 1 0 0 na na
10 63866.643350338065 0.055661889646 cfg1 2 1 0 0 na na
10 63866.731350237249 0.055660859641 cfg1 2 1 0 0 na na
10 63866.758350264804 0.055660511918 cfg1 2 1 0 0 na na
10 63866.778350253413 0.055660283597 cfg1 2 1 0 0 na na
10 63866.791350302259 0.055660116453 cfg1 2 1 0 0 na na
10 63866.797350379244 0.055660052641 cfg1 2 1 0 0 na na
10 63866.828350381490 0.055659693576 cfg1 2 1 0 0 na na
10 63866.846350283753 0.055659456559 cfg1 2 1 0 0 na na
10 63866.884350301625 0.055659008940 cfg1 2 1 0 0 na na
10 63866.899350311359 0.055658829944 cfg1 2 1 0 0 na na
10 63866.904350261445 0.055658765511 cfg1 2 1 0 0 na na
10 63867.003350311855 0.055657590771 cfg1 2 1 0 0 na na
10 63867.060350248967 0.055656907820 cfg1 2 1 0 0 na na
10 63867.091350281683 0.055656533361 cfg1 2 1 0 0 na na
10 63867.132350356478 0.055656052854 cfg1 2 1 0 0 na na
10 63867.231350335942 0.055654856930 cfg1 2 1 0 0 na na
10 63867.238350297326 0.055654767866 cfg1 2 1 0 0 na na
10 63867.274350249517 0.055654352285 cfg1 2 1 0 0 na na
10 63867.332350330489 0.055653656017 cfg1 2 1 0 0 na na
10 63867.431350325673 0.055652470544 cfg1 2 1 0 0 na na
10 63867.535350269894 0.055651231301 cfg1 2 1 0 0 na na
10 63867.545350258353 0.055651093705 cfg1 2 1 0 0 na na
10 63867.552350262601 0.055651004420 cfg1 2 1 0 0 na na
10 63867.709350332170 0.055649132672 cfg1 2 1 0 0 na na
10 63867.795350251163 0.055648111007 cfg1 2 1 0 0 na na
10 63867.803350305033 0.055648016947 cfg1 2 1 0 0 na na
10 63867.809350330365 0.055647928325 cfg1 2 1 0 0 na na
10 63867.832350264733 0.055647652099 cfg1 2 1 0 0 na na
10 63867.861350318186 0.055647307712 cfg1 2 1 0 0 na na
10 63868.099350257185 0.055644464801 cfg1 2 1 0 0 na na
10 63868.158350306190 0.055643763931 cfg1 2 1 0 0 na na
10 63868.209350290967 0.055643153597 cfg1 2 1 0 0 na na
10 63868.288350263416 0.055642198515 cfg1 2 1 0 0 na na
10 63868.367350281699 0.055641256617 cfg1 2 1 0 0 na na
10 63868.430350330454 0.055640515844 cfg1 2 1 0 0 na na
10 63868.436350350865 0.055640436511 cfg1 2 1 0 0 na na
10 63868.478350353121 0.055639922743 cfg1 2 1 0 0 na na
10 63868.545350293786 0.055639119171 cfg1 2 1 0 0 na na
10 63868.562350265038 0.055638926271 cfg1 2 1 0 0 na na
10 63868.573350308501 0.055638780038 cfg1 2 1 0 0 na na
10 63868.577350289478 0.055638757718 cfg1 2 1 0 0 na na
10 63868.629350310482 0.055638132376 cfg1 2 1 0 0 na na
10 63868.693350291801 0.055637363159 cfg1 2 1 0 0 na na
10 63868.705350315184 0.055637209135 cfg1 2 1 0 0 na na
10 63868.775350269633 0.055636387330 cfg1 2 1 0 0 na na
10 63868.889350302395 0.055635005718 cfg1 2 1 0 0 na na
10 63868.907350319354 0.055634784532 cfg1 2 1 0 0 na na
10 63868.910350300604 0.055634746765 cfg1 2 1 0 0 na na
10 63868.942350312672 0.055634373285 cfg1 2 1 0 0 na na
10 63868.949350326095 0.055634295804 cfg1 2 1 0 0 na na
10 63869.056350274777 0.055633006116 cfg1 2 1 0 0 na na
10 63869.093350285803 0.055632568289 cfg1 2 1 0 0 na na
10 63869.139350294728 0.055632019464 cfg1 2 1 0 0 na na
10 63869.270350349877 0.055630452138 cfg1 2 1 0 0 na na
10 63869.359350266955 0.055629374984 cfg1 2 1 0 0 na na
10 63869.422350276082 0.055628642318 cfg1 2 1 0 0 na na
10 63869.430350364746 0.055628551671 cfg1 2 1 0 0 na na
10 63869.488350324081 0.055627855340 cfg1 2 1 0 0 na na
10 63869.498350318589 0.055627716773 cfg1 2 1 0 0 na na
10 63869.570350321213 0.055626859485 cfg1 2 1 0 0 na na
10 63869.609350296060 0.055626394918 cfg1 2 1 0 0 na na
10 63869.625350313195 0.055626196984 cfg1 2 1 0 0 na na
10 63869.662350340970 0.055625764476 cfg1 2 1 0 0 na na
10 63869.674350397119 0.055625634521 cfg1 2 1 0 0 na na
10 63869.789350266708 0.055624235652 cfg1 2 1 0 0 na na
10 63869.811350384561 0.055623972187 cfg1 2 1 0 0 na na
10 63869.843350349275 0.055623590049 cfg1 2 1 0 0 na na
10 63869.864350336043 0.055623340519 cfg1 2 1 0 0 na na
10 63869.866350360025 0.055623327468 cfg1 2 1 0 0 na na
10 63869.929350261512 0.055622565557 cfg1 2 1 0 0 na na
10 63869.968350285934 0.055622092584 cfg1 2 1 0 0 na na
10 63869.989350339133 0.055621844971 cfg1 2 1 0 0 na na
10 63870.012350327022 0.055621569629 cfg1 2 1 0 0 na na
10 63870.029350291072 0.055621387196 cfg1 2 1 0 0 na na
10 63870.054350307780 0.055621074407 cfg1 2 1 0 0 na na
10 63870.210350296311 0.055619209938 cfg1 2 1 0 0 na na
10 63870.399350386764 0.055616956692 cfg1 2 1 0 0 na na
10 63870.438350265784 0.055616476254 cfg1 2 1 0 0 na na
10 63870.475350286266 0.055616029045 cfg1 2 1 0 0 na na
10 63870.488350290309 0.055615895497 cfg1 2 1 0 0 na na
10 63870.583350348495 0.055614762212 cfg1 2 1 0 0 na na
10 63870.593350318557 0.055614637676 cfg1 2 1 0 0 na na
10 63870.626350262690 0.055614231765 cfg1 2 1 0 0 na na
10 63870.785350326586 0.055612329978 cfg1 2 1 0 0 na na
10 63870.843350347102 0.055611658173 cfg1 2 1 0 0 na na
10 63870.894350345466 0.055611047496 cfg1 2 1 0 0 na na
10 63870.933350381935 0.055610583098 cfg1 2 1 0 0 na na
10 63870.950350297930 0.055610360321 cfg1 2 1 0 0 na na
10 63870.958350277984 0.055610266374 cfg1 2 1 0 0 na na
10 63871.022350359899 0.055609494467 cfg1 2 1 0 0 na na
10 63871.143350279101 0.055608071982 cfg1 2 1 0 0 na na
10 63871.216350259275 0.055607190913 cfg1 2 1 0 0 na na
10 63871.285350301619 0.055606357876 cfg1 2 1 0 0 na na
10 63871.315350297855 0.055606011874 cfg1 2 1 0 0 na na
10 63871.340350308027 0.055605698661 cfg1 2 1 0 0 na na
10 63871.374350295009 0.055605308597 cfg1 2 1 0 0 na na
10 63871.393350340759 0.055605082837 cfg1 2 1 0 0 na na
10 63871.421350317671 0.055604730692 cfg1 2 1 0 0 na na
10 63871.444350250604 0.055604466150 cfg1 2 1 0 0 na na
10 63871.476350349683 0.055604091652 cfg1 2 1 0 0 na na
10 63871.478350291725 0.055604071197 cfg1 2 1 0 0 na na
10 63871.525350271931 0.055603499693 cfg1 2 1 0 0 na na
10 63871.612350280963 0.055602467950 cfg1 2 1 0 0 na na
10 63871.616350258384 0.055602417367 cfg1 2 1 0 0 na na
10 63871.684350314806 0.055601606987 cfg1 2 1 0 0 na na
10 63871.701350322552 0.055601404749 cfg1 2 1 0 0 na na
10 63871.726350256212 0.055601105586 cfg1 2 1 0 0 na na
10 63871.739350323875 0.055600943772 cfg1 2 1 0 0 na na
10 63871.769350256509 0.055600575321 cfg1 2 1 0 0 na na
10 63871.811350297519 0.055600088965 cfg1 2 1 0 0 na na
10 63871.827350300921 0.055599877299 cfg1 2 1 0 0 na na
10 63871.841350318118 0.055599725581 cfg1 2 1 0 0 na na
10 63871.908350276658 0.055598913674 cfg1 2 1 0 0 na na
10 63871.969350325680 0.055598203990 cfg1 2 1 0 0 na na
10 63871.970350357873 0.055598173854 cfg1 2 1 0 0 na na
10 63871.985350325825 0.055597989259 cfg1 2 1 0 0 na na
10 63872.004350282242 0.055597779180 cfg1 2 1 0 0 na na
10 63872.007350254278 0.055597733031 cfg1 2 1 0 0 na na
10 63872.055350269408 0.055597175904 cfg1 2 1 0 0 na na
10 63872.095350275019 0.055596700232 cfg1 2 1 0 0 na na
10 63872.105350283319 0.055596577423 cfg1 2 1 0 0 na na
10 63872.116350285444 0.055596450460 cfg1 2 1 0 0 na na
10 63872.188350279009 0.055595584729 cfg1 2 1 0 0 na na
10 63872.305350301475 0.055594187453 cfg1 2 1 0 0 na na
10 63872.315350316342 0.055594059916 cfg1 2 1 0 0 na na
10 63872.341350285931 0.055593747288 cfg1 2 1 0 0 na na
10 63872.453350298508 0.055592416746 cfg1 2 1 0 0 na na
10 63872.504350265901 0.055591790809 cfg1 2 1 0 0 na na
10 63872.534350292291 0.055591433658 cfg1 2 1 0 0 na na
10 63872.615350319230 0.055590475461 cfg1 2 1 0 0 na na
10 63872.668350373848 0.055589852027 cfg1 2 1 0 0 na na
10 63872.758350348674 0.055588762436 cfg1 2 1 0 0 na na
10 63872.760350353871 0.055588754041 cfg1 2 1 0 0 na na
10 63872.876350286608 0.055587371597 cfg1 2 1 0 0 na na
10 63872.931350279677 0.055586705035 cfg1 2 1 0 0 na na
10 63872.995350253764 0.055585944911 cfg1 2 1 0 0 na na
10 63873.033350287737 0.055585485764 cfg1 2 1 0 0 na na
10 63873.050350340839 0.055585280331 cfg1 2 1 0 0 na na
10 63873.080350291549 0.055584929181 cfg1 2 1 0 0 na na
10 63873.188350269150 0.055583631898 cfg1 2 1 0 0 na na
10 63873.245350306497 0.055582960239 cfg1 2 1 0 0 na na
10 63873.266350277837 0.055582708223 cfg1 2 1 0 0 na na
10 63873.289350343426 0.055582444415 cfg1 2 1 0 0 na na
10 63873.359350301965 0.055581585665 cfg1 2 1 0 0 na na
10 63873.549350316502 0.055579343885 cfg1 2 1 0 0 na na
10 63873.587350309382 0.055578873993 cfg1 2 1 0 0 na na
10 63873.642350325671 0.055578219747 cfg1 2 1 0 0 na na
10 63873.643350239441 0.055578222661 cfg1 2 1 0 0 na na
10 63873.726350330468 0.055577222432 cfg1 2 1 0 0 na na
10 63873.744350318054 0.055576998636 cfg1 2 1 0 0 na na
10 63873.821350365101 0.055576091117 cfg1 2 1 0 0 na na
10 63873.872350300299 0.055575483708 cfg1 2 1 0 0 na na
10 63873.878350300524 0.055575393874 cfg1 2 1 0 0 na na
10 63874.097350264810 0.055572782156 cfg1 2 1 0 0 na na
10 63874.103350277089 0.055572729970 cfg1 2 1 0 0 na na
10 63874.213350287417 0.055571400733 cfg1 2 1 0 0 na na
10 63874.235350331758 0.055571135671 cfg1 2 1 0 0 na na
10 63874.264350324304 0.055570799753 cfg1 2 1 0 0 na na
10 63874.274350266393 0.055570665585 cfg1 2 1 0 0 na na
10 63874.276350297238 0.055570659462 cfg1 2 1 0 0 na na
10 63874.580350287550 0.055567019272 cfg1 2 1 0 0 na na
10 63874.669350310624 0.055565972799 cfg1 2 1 0 0 na na
10 63874.696350287662 0.055565645302 cfg1 2 1 0 0 na na
10 63874.739350341018 0.055565145067 cfg1 2 1 0 0 na na
10 63874.805350314775 0.055564338451 cfg1 2 1 0 0 na na
10 63874.819350318389 0.055564173912 cfg1 2 1 0 0 na na
10 63874.821350317870 0.055564171503 cfg1 2 1 0 0 na na
10 63874.853350327960 0.055563770493 cfg1 2 1 0 0 na na
10 63874.866350356307 0.055563623692 cfg1 2 1 0 0 na na
10 63874.924350262395 0.055562935257 cfg1 2 1 0 0 na na
10 63875.036350305952 0.055561584216 cfg1 2 1 0 0 na na
10 63875.052350268036 0.055561409142 cfg1 2 1 0 0 na na
10 63875.065350346353 0.055561245871 cfg1 2 1 0 0 na na
10 63875.153350249899 0.055560201882 cfg1 2 1 0 0 na na
10 63875.174350324455 0.055559955979 cfg1 2 1 0 0 na na
10 63875.234350279426 0.055559238713 cfg1 2 1 0 0 na na
10 63875.251350262151 0.055559024767 cfg1 2 1 0 0 na na
10 63875.285350279268 0.055558633346 cfg1 2 1 0 0 na na
10 63875.356350275702 0.055557764123 cfg1 2 1 0 0 na na
10 63875.400350317416 0.055557259001 cfg1 2 1 0 0 na na
10 63875.425350357925 0.055556941293 cfg1 2 1 0 0 na na
10 63875.442350343245 0.055556744904 cfg1 2 1 0 0 na na
10 63875.506350274057 0.055556001063 cfg1 2 1 0 0 na na
10 63875.582350294015 0.055555075918 cfg1 2 1 0 0 na na
10 63875.606350297873 0.055554800912 cfg1 2 1 0 0 na na
10 63875.681350311560 0.055553908446 cfg1 2 1 0 0 na na
10 63875.683350316137 0.055553874183 cfg1 2 1 0 0 na na
10 63875.745350281102 0.055553150117 cfg1 2 1 0 0 na na
10 63875.770350297871 0.055552843650 cfg1 2 1 0 0 na na
10 63875.776350263347 0.055552763509 cfg1 2 1 0 0 na na
10 63875.799350252264 0.055552499552 cfg1 2 1 0 0 na na
10 63875.836350333745 0.055552066433 cfg1 2 1 0 0 na na
10 63875.842350314686 0.055551972888 cfg1 2 1 0 0 na na
10 63875.866350322215 0.055551701095 cfg1 2 1 0 0 na na
10 63875.869350267439 0.055551649388 cfg1 2 1 0 0 na na
10 63875.900350348054 0.055551298418 cfg1 2 1 0 0 na na
10 63875.901350277525 0.055551272511 cfg1 2 1 0 0 na na
10 63876.154350271875 0.055548273878 cfg1 2 1 0 0 na na
10 63876.191350354588 0.055547823644 cfg1 2 1 0 0 na na
10 63876.195350273822 0.055547766494 cfg1 2 1 0 0 na na
10 63876.211350351038 0.055547592931 cfg1 2 1 0 0 na na
10 63876.222350315988 0.055547463728 cfg1 2 1 0 0 na na
10 63876.309350332443 0.055546420454 cfg1 2 1 0 0 na na
10 63876.381350285428 0.055545576002 cfg1 2 1 0 0 na na
10 63876.512350277027 0.055543997938 cfg1 2 1 0 0 na na
10 63876.597350350078 0.055543000391 cfg1 2 1 0 0 na na
10 63876.628350347547 0.055542620246 cfg1 2 1 0 0 na na
10 63876.650350256116 0.055542359624 cfg1 2 1 0 0 na na
10 63876.683350296351 0.055541963469 cfg1 2 1 0 0 na na
10 63876.739350346255 0.055541310946 cfg1 2 1 0 0 na na
10 63876.761350314452 0.055541037742 cfg1 2 1 0 0 na na
10 63876.771350275508 0.055540905614 cfg1 2 1 0 0 na na
10 63876.838350345326 0.055540118268 cfg1 2 1 0 0 na na
10 63876.902350312341 0.055539363894 cfg1 2 1 0 0 na na
10 63876.986350326373 0.055538349642 cfg1 2 1 0 0 na na
10 63877.066350240133 0.055537416613 cfg1 2 1 0 0 na na
10 63877.090350330585 0.055537126554 cfg1 2 1 0 0 na na
10 63877.199350302132 0.055535823501 cfg1 2 1 0 0 na na
10 63877.227350272017 0.055535497683 cfg1 2 1 0 0 na na
10 63877.291350338130 0.055534723842 cfg1 2 1 0 0 na na
10 63877.330350335836 0.055534251065 cfg1 2 1 0 0 na na
10 63877.384350263319 0.055533618736 cfg1 2 1 0 0 na na
10 63877.390350344047 0.055533534988 cfg1 2 1 0 0 na na
10 63877.429350379287 0.055533084552 cfg1 2 1 0 0 na na
10 63877.473350346933 0.055532555560 cfg1 2 1 0 0 na na
10 63877.483350316266 0.055532424929 cfg1 2 1 0 0 na na
10 63877.568350299682 0.055531419309 cfg1 2 1 0 0 na na
10 63877.584350285275 0.055531250481 cfg1 2 1 0 0 na na
10 63877.595350336308 0.055531113944 cfg1 2 1 0 0 na na
10 63877.616350372609 0.055530848525 cfg1 2 1 0 0 na na
10 63877.698350294130 0.055529893379 cfg1 2 1 0 0 na na
10 63877.715350286945 0.055529684773 cfg1 2 1 0 0 na na
10 63877.730350249605 0.055529511349 cfg1 2 1 0 0 na na
10 63877.873350257582 0.055527789431 cfg1 2 1 0 0 na na
10 63877.885350303757 0.055527656397 cfg1 2 1 0 0 na na
10 63877.937350317703 0.055527041634 cfg1 2 1 0 0 na na
10 63877.953350259279 0.055526837701 cfg1 2 1 0 0 na na
10 63878.030350294405 0.055525914306 cfg1 2 1 0 0 na na
10 63878.043350357893 0.055525786411 cfg1 2 1 0 0 na na
10 63878.118350357173 0.055524880002 cfg1 2 1 0 0 na na
10 63878.119350265049 0.055524856985 cfg1 2 1 0 0 na na
10 63878.154350278333 0.055524450993 cfg1 2 1 0 0 na na
10 63878.182350273716 0.055524109150 cfg1 2 1 0 0 na na
10 63878.237350332866 0.055523451012 cfg1 2 1 0 0 na na
10 63878.245350330858 0.055523368551 cfg1 2 1 0 0 na na
10 63878.247350370015 0.055523356038 cfg1 2 1 0 0 na na
10 63878.281350319531 0.055522928955 cfg1 2 1 0 0 na na
10 63878.367350281022 0.055521920117 cfg1 2 1 0 0 na na
10 63878.381350317773 0.055521744976 cfg1 2 1 0 0 na na
10 63878.428350279991 0.055521177939 cfg1 2 1 0 0 na na
10 63878.456350356658 0.055520862618 cfg1 2 1 0 0 na na
10 63878.483350253110 0.055520538811 cfg1 2 1 0 0 na na
10 63878.585350269603 0.055519307077 cfg1 2 1 0 0 na na
10 63878.639350335842 0.055518665596 cfg1 2 1 0 0 na na
10 63878.728350310468 0.055517616266 cfg1 2 1 0 0 na na
10 63878.778350312135 0.055517010726 cfg1 2 1 0 0 na na
10 63878.873350273596 0.055515881514 cfg1 2 1 0 0 na na
10 63878.931350363751 0.055515204490 cfg1 2 1 0 0 na na
10 63878.969350349667 0.055514742727 cfg1 2 1 0 0 na na
10 63879.012350246566 0.055514250321 cfg1 2 1 0 0 na na
10 63879.047350259240 0.055513817586 cfg1 2 1 0 0 na na
10 63879.117350306640 0.055512982747 cfg1 2 1 0 0 na na
10 63879.136350329215 0.055512762928 cfg1 2 1 0 0 na na
10 63879.217350309403 0.055511816652 cfg1 2 1 0 0 na na
10 63879.236350265994 0.055511565957 cfg1 2 1 0 0 na na
10 63879.290350266065 0.055510932281 cfg1 2 1 0 0 na na
10 63879.328350365351 0.055510494872 cfg1 2 1 0 0 na na
10 63879.349350298443 0.055510238374 cfg1 2 1 0 0 na na
10 63879.397350346802 0.055509674417 cfg1 2 1 0 0 na na
10 63879.413350300462 0.055509478956 cfg1 2 1 0 0 na na
10 63879.422350340362 0.055509355618 cfg1 2 1 0 0 na na
10 63879.591350338667 0.055507370232 cfg1 2 1 0 0 na na
10 63879.711350265136 0.055505916807 cfg1 2 1 0 0 na na
10 63879.737350318130 0.055505613796 cfg1 2 1 0 0 na na
10 63879.748350261639 0.055505480254 cfg1 2 1 0 0 na na
10 63879.859350345916 0.055504180325 cfg1 2 1 0 0 na na
10 63879.892350275363 0.055503785027 cfg1 2 1 0 0 na na
10 63879.899350319931 0.055503685140 cfg1 2 1 0 0 na na
10 63880.054350372819 0.055501848854 cfg1 2 1 0 0 na na
10 63880.104350338464 0.055501263530 cfg1 2 1 0 0 na na
10 63880.127350335066 0.055500983326 cfg1 2 1 0 0 na na
10 63880.148350298932 0.055500742561 cfg1 2 1 0 0 na na
10 63880.174350305789 0.055500411260 cfg1 2 1 0 0 na na
10 63880.261350261665 0.055499385157 cfg1 2 1 0 0 na na
10 63880.308350275904 0.055498829907 cfg1 2 1 0 0 na na
10 63880.353350281787 0.055498309199 cfg1 2 1 0 0 na na
10 63880.510350245110 0.055496441824 cfg1 2 1 0 0 na na
10 63880.574350340038 0.055495668074 cfg1 2 1 0 0 na na
10 63880.611350263214 0.055495242522 cfg1 2 1 0 0 na na
10 63880.612350305347 0.055495214323 cfg1 2 1 0 0 na na
10 63880.634350322909 0.055494962280 cfg1 2 1 0 0 na na
10 63880.649350280408 0.055494785770 cfg1 2 1 0 0 na na
10 63880.691350346037 0.055494291424 cfg1 2 1 0 0 na na
10 63880.700350321671 0.055494175839 cfg1 2 1 0 0 na na
10 63880.704350309206 0.055494121332 cfg1 2 1 0 0 na na
10 63880.749350327140 0.055493597468 cfg1 2 1 0 0 na na
10 63881.052350295781 0.055489999921 cfg1 2 1 0 0 na na
10 63881.064350317223 0.055489847834 cfg1 2 1 0 0 na na
10 63881.078350263376 0.055489673700 cfg1 2 1 0 0 na na
10 63881.139350301629 0.055488967743 cfg1 2 1 0 0 na na
10 63881.176350334246 0.055488522075 cfg1 2 1 0 0 na na
10 63881.212350276757 0.055488098712 cfg1 2 1 0 0 na na
10 63881.252350279652 0.055487611535 cfg1 2 1 0 0 na na
10 63881.333350300428 0.055486662904 cfg1 2 1 0 0 na na
10 63881.335350395700 0.055486635549 cfg1 2 1 0 0 na na
10 63881.457350293031 0.055485184810 cfg1 2 1 0 0 na na
10 63881.469350361619 0.055485021997 cfg1 2 1 0 0 na na
10 63881.574350277531 0.055483800975 cfg1 2 1 0 0 na na
10 63881.640350259760 0.055483017961 cfg1 2 1 0 0 na na
10 63881.645350347272 0.055482955608 cfg1 2 1 0 0 na na
10 63881.652350313957 0.055482851222 cfg1 2 1 0 0 na na
10 63881.676350298362 0.055482579805 cfg1 2 1 0 0 na na
10 63881.761350292425 0.055481569604 cfg1 2 1 0 0 na na
10 63881.856350361154 0.055480424109 cfg1 2 1 0 0 na na
10 63881.895350257106 0.055479974879 cfg1 2 1 0 0 na na
10 63881.995350303031 0.055478772782 cfg1 2 1 0 0 na na
10 63882.040350355281 0.055478240008 cfg1 2 1 0 0 na na
10 63882.070350340205 0.055477885737 cfg1 2 1 0 0 na na
10 63882.138350317156 0.055477098414 cfg1 2 1 0 0 na na
10 63882.187350318514 0.055476498119 cfg1 2 1 0 0 na na
10 63882.205350311042 0.055476283884 cfg1 2 1 0 0 na na
10 63882.233350288249 0.055475948178 cfg1 2 1 0 0 na na
10 63882.295350341058 0.055475214688 cfg1 2 1 0 0 na na
10 63882.489350361547 0.055472919656 cfg1 2 1 0 0 na na
10 63882.503350282581 0.055472741247 cfg1 2 1 0 0 na na
10 63882.507350289198 0.055472719457 cfg1 2 1 0 0 na na
10 63882.510350331914 0.055472661591 cfg1 2 1 0 0 na na
10 63882.642350316698 0.055471115619 cfg1 2 1 0 0 na na
10 63882.676350265478 0.055470691239 cfg1 2 1 0 0 na na
10 63882.772350301200 0.055469548789 cfg1 2 1 0 0 na na
10 63882.880350331263 0.055468288475 cfg1 2 1 0 0 na na
10 63882.966350261276 0.055467250650 cfg1 2 1 0 0 na na
10 63883.053350357703 0.055466220902 cfg1 2 1 0 0 na na
10 63883.175350296650 0.055464774167 cfg1 2 1 0 0 na na
10 63883.366350355983 0.055462514862 cfg1 2 1 0 0 na na
10 63883.437350315232 0.055461657125 cfg1 2 1 0 0 na na
10 63883.550350334137 0.055460329507 cfg1 2 1 0 0 na na
10 63883.818350292227 0.055457144020 cfg1 2 1 0 0 na na
10 63883.830350320923 0.055456993007 cfg1 2 1 0 0 na na
10 63883.847350344946 0.055456820753 cfg1 2 1 0 0 na na
10 63883.870350329649 0.055456522071 cfg1 2 1 0 0 na na
10 63883.962350358677 0.055455427427 cfg1 2 1 0 0 na na
10 63884.053350371290 0.055454354772 cfg1 2 1 0 0 na na
10 63884.069350330687 0.055454182730 cfg1 2 1 0 0 na na
10 63884.142350286648 0.055453308190 cfg1 2 1 0 0 na na
10 63884.163350314198 0.055453059534 cfg1 2 1 0 0 na na
10 63884.358350278298 0.055450741710 cfg1 2 1 0 0 na na
10 63884.395350316398 0.055450293130 cfg1 2 1 0 0 na na
10 63884.413350318561 0.055450101585 cfg1 2 1 0 0 na na
10 63884.427350339846 0.055449933964 cfg1 2 1 0 0 na na
10 63884.605350314985 0.055447806946 cfg1 2 1 0 0 na na
10 63884.614350331007 0.055447694878 cfg1 2 1 0 0 na na
10 63884.665350352747 0.055447093840 cfg1 2 1 0 0 na na
10 63884.740350326201 0.055446206008 cfg1 2 1 0 0 na na
10 63884.747350245330 0.055446141668 cfg1 2 1 0 0 na na
10 63884.803350294560 0.055445481078 cfg1 2 1 0 0 na na
10 63884.863350332747 0.055444752163 cfg1 2 1 0 0 na na
10 63884.901350277092 0.055444302865 cfg1 2 1 0 0 na na
10 63884.903350299349 0.055444292705 cfg1 2 1 0 0 na na
10 63884.905350260651 0.055444256167 cfg1 2 1 0 0 na na
10 63884.976350282505 0.055443415955 cfg1 2 1 0 0 na na
10 63885.075350354528 0.055442240175 cfg1 2 1 0 0 na na
10 63885.131350325923 0.055441579187 cfg1 2 1 0 0 na na
10 63885.378350281869 0.055438664978 cfg1 2 1 0 0 na na
10 63885.838350271440 0.055433211417 cfg1 2 1 0 0 na na
10 63885.849350342276 0.055433073093 cfg1 2 1 0 0 na na
10 63885.937350241002 0.055432040873 cfg1 2 1 0 0 na na
10 63886.005350317286 0.055431216170 cfg1 2 1 0 0 na na
10 63886.016350358514 0.055431089226 cfg1 2 1 0 0 na na
10 63886.019350250732 0.055431060902 cfg1 2 1 0 0 na na
10 63886.063350295322 0.055430528065 cfg1 2 1 0 0 na na
10 63886.069350361657 0.055430463126 cfg1 2 1 0 0 na na
10 63886.082350339805 0.055430300313 cfg1 2 1 0 0 na na
10 63886.131350369554 0.055429730120 cfg1 2 1 0 0 na na
10 63886.200350338070 0.055428923611 cfg1 2 1 0 0 na na
10 63886.300350346659 0.055427731179 cfg1 2 1 0 0 na na
10 63886.301350331202 0.055427713603 cfg1 2 1 0 0 na na
10 63886.316350254336 0.055427537553 cfg1 2 1 0 0 na na
10 63886.354350325288 0.055427095033 cfg1 2 1 0 0 na na
10 63886.459350343175 0.055425855349 cfg1 2 1 0 0 na na
10 63886.554350314219 0.055424727741 cfg1 2 1 0 0 na na
10 63886.570350307485 0.055424533079 cfg1 2 1 0 0 na na
10 63886.617350255044 0.055423971824 cfg1 2 1 0 0 na na
10 63886.700350274183 0.055422975340 cfg1 2 1 0 0 na na
10 63886.745350299205 0.055422453670 cfg1 2 1 0 0 na na
10 63886.890350290880 0.055420737127 cfg1 2 1 0 0 na na
10 63886.940350340412 0.055420154168 cfg1 2 1 0 0 na na
10 63886.971350347974 0.055419791838 cfg1 2 1 0 0 na na
10 63887.058350255990 0.055418758697 cfg1 2 1 0 0 na na
10 63887.063350292388 0.055418685751 cfg1 2 1 0 0 na na
10 63887.102350317082 0.055418235505 cfg1 2 1 0 0 na na
10 63887.124350362587 0.055417955191 cfg1 2 1 0 0 na na
10 63887.190350345743 0.055417181154 cfg1 2 1 0 0 na na
10 63887.213350278534 0.055416908260 cfg1 2 1 0 0 na na
10 63887.219350332037 0.055416851509 cfg1 2 1 0 0 na na
10 63887.320350326324 0.055415656965 cfg1 2 1 0 0 na na
10 63887.330350254931 0.055415526987 cfg1 2 1 0 0 na na
10 63887.341350295554 0.055415397979 cfg1 2 1 0 0 na na
10 63887.428350283800 0.055414358482 cfg1 2 1 0 0 na na
10 63887.465350330028 0.055413931423 cfg1 2 1 0 0 na na
10 63887.530350331405 0.055413169676 cfg1 2 1 0 0 na na
10 63887.614350286676 0.055412171304 cfg1 2 1 0 0 na na
10 63887.637350337111 0.055411910049 cfg1 2 1 0 0 na na
10 63887.649350264065 0.055411747003 cfg1 2 1 0 0 na na
10 63887.694350281764 0.055411233112 cfg1 2 1 0 0 na na
10 63887.766350320053 0.055410367763 cfg1 2 1 0 0 na na
10 63887.863350283236 0.055409224778 cfg1 2 1 0 0 na na
10 63887.909350307880 0.055408675612 cfg1 2 1 0 0 na na
10 63887.953350322236 0.055408169295 cfg1 2 1 0 0 na na
10 63888.096350298932 0.055406472647 cfg1 2 1 0 0 na na
10 63888.112350267158 0.055406259953 cfg1 2 1 0 0 na na
10 63888.138350300809 0.055405974973 cfg1 2 1 0 0 na na
10 63888.271350354195 0.055404397880 cfg1 2 1 0 0 na na
10 63888.277350279885 0.055404335581 cfg1 2 1 0 0 na na
10 63888.300350264671 0.055404039511 cfg1 2 1 0 0 na na
10 63888.314350329031 0.055403875561 cfg1 2 1 0 0 na na
10 63888.331350291770 0.055403674936 cfg1 2 1 0 0 na na
10 63888.415350286432 0.055402693831 cfg1 2 1 0 0 na na
10 63888.594350338139 0.055400579076 cfg1 2 1 0 0 na na
10 63888.620350275116 0.055400277936 cfg1 2 1 0 0 na na
10 63888.713350248341 0.055399168378 cfg1 2 1 0 0 na na
10 63888.718350258320 0.055399116999 cfg1 2 1 0 0 na na
10 63888.728350260101 0.055398987885 cfg1 2 1 0 0 na na
10 63888.790350338817 0.055398264574 cfg1 2 1 0 0 na na
10 63888.839350302492 0.055397686442 cfg1 2 1 0 0 na na
10 63888.873350337687 0.055397274320 cfg1 2 1 0 0 na na
10 63888.879350292645 0.055397189451 cfg1 2 1 0 0 na na
10 63888.932350314925 0.055396562042 cfg1 2 1 0 0 na na
10 63889.111350323970 0.055394463860 cfg1 2 1 0 0 na na
10 63889.124350353844 0.055394308191 cfg1 2 1 0 0 na na
10 63889.137350337252 0.055394139704 cfg1 2 1 0 0 na na
10 63889.148350292766 0.055394006543 cfg1 2 1 0 0 na na
10 63889.191350303645 0.055393515142 cfg1 2 1 0 0 na na
10 63889.194350300751 0.055393474479 cfg1 2 1 0 0 na na
10 63889.213350247240 0.055393255035 cfg1 2 1 0 0 na na
10 63889.247350264719 0.055392837471 cfg1 2 1 0 0 na na
10 63889.344350251707 0.055391713971 cfg1 2 1 0 0 na na
10 63889.402350365340 0.055391007381 cfg1 2 1 0 0 na na
10 63889.439350260345 0.055390571559 cfg1 2 1 0 0 na na
10 63889.445350315020 0.055390503489 cfg1 2 1 0 0 na na
10 63889.497350260814 0.055389890370 cfg1 2 1 0 0 na na
10 63889.504350286477 0.055389811636 cfg1 2 1 0 0 na na
10 63889.569350357968 0.055389036583 cfg1 2 1 0 0 na na
10 63889.584350307849 0.055388869713 cfg1 2 1 0 0 na na
10 63889.599350262533 0.055388674299 cfg1 2 1 0 0 na na
10 63889.627350298005 0.055388352042 cfg1 2 1 0 0 na na
10 63889.636350265171 0.055388237040 cfg1 2 1 0 0 na na
10 63889.664350362118 0.055387909770 cfg1 2 1 0 0 na na
10 63889.754350333462 0.055386853774 cfg1 2 1 0 0 na na
10 63889.797350329213 0.055386353219 cfg1 2 1 0 0 na na
10 63889.886350248631 0.055385298308 cfg1 2 1 0 0 na na
10 63889.908350300921 0.055385036527 cfg1 2 1 0 0 na na
10 63889.912350318712 0.055384985430 cfg1 2 1 0 0 na na
10 63889.923350314744 0.055384849574 cfg1 2 1 0 0 na na
10 63889.989350339538 0.055384067805 cfg1 2 1 0 0 na na
10 63890.012350313369 0.055383808196 cfg1 2 1 0 0 na na
10 63890.078350367972 0.055383012466 cfg1 2 1 0 0 na na
10 63890.325350322555 0.055380090213 cfg1 2 1 0 0 na na
10 63890.367350278873 0.055379608057 cfg1 2 1 0 0 na na
10 63890.373350268348 0.055379523646 cfg1 2 1 0 0 na na
10 63890.419350374003 0.055378998733 cfg1 2 1 0 0 na na
10 63890.530350261040 0.055377675856 cfg1 2 1 0 0 na na
10 63890.644350290886 0.055376329316 cfg1 2 1 0 0 na na
10 63890.729350350514 0.055375344302 cfg1 2 1 0 0 na na
10 63890.901350245094 0.055373306866 cfg1 2 1 0 0 na na
10 63891.156350369839 0.055370274855 cfg1 2 1 0 0 na na
10 63891.199350362861 0.055369789857 cfg1 2 1 0 0 na na
10 63891.219350308591 0.055369537356 cfg1 2 1 0 0 na na
10 63891.253350327277 0.055369142225 cfg1 2 1 0 0 na na
10 63891.373350316775 0.055367725934 cfg1 2 1 0 0 na na
10 63891.392350332345 0.055367489364 cfg1 2 1 0 0 na na
10 63891.415350287817 0.055367238278 cfg1 2 1 0 0 na na
10 63891.466350341238 0.055366624359 cfg1 2 1 0 0 na na
10 63891.528350257877 0.055365889010 cfg1 2 1 0 0 na na
10 63891.798350369106 0.055362710394 cfg1 2 1 0 0 na na
10 63891.972350306293 0.055360653799 cfg1 2 1 0 0 na na
10 63892.000350307399 0.055360332312 cfg1 2 1 0 0 na na
10 63892.061350293837 0.055359584706 cfg1 2 1 0 0 na na
10 63892.084350319901 0.055359333967 cfg1 2 1 0 0 na na
10 63892.128350285261 0.055358794217 cfg1 2 1 0 0 na na
10 63892.133350339001 0.055358737539 cfg1 2 1 0 0 na na
10 63892.191350271293 0.055358075071 cfg1 2 1 0 0 na na
10 63892.223350253311 0.055357683735 cfg1 2 1 0 0 na na
10 63892.238350356009 0.055357521696 cfg1 2 1 0 0 na na
10 63892.261350373447 0.055357228245 cfg1 2 1 0 0 na na
10 63892.289350360609 0.055356912526 cfg1 2 1 0 0 na na
10 63892.305350274432 0.055356712924 cfg1 2 1 0 0 na na
10 63892.351350273972 0.055356186864 cfg1 2 1 0 0 na na
10 63892.397350274519 0.055355642434 cfg1 2 1 0 0 na na
10 63892.408350324513 0.055355500008 cfg1 2 1 0 0 na na
10 63892.415350258749 0.055355408402 cfg1 2 1 0 0 na na
10 63892.483350284174 0.055354616966 cfg1 2 1 0 0 na na
10 63892.569350280268 0.055353610259 cfg1 2 1 0 0 na na
10 63892.590350256253 0.055353359614 cfg1 2 1 0 0 na na
10 63892.845350315326 0.055350331476 cfg1 2 1 0 0 na na
10 63892.860350277877 0.055350160757 cfg1 2 1 0 0 na na
10 63892.883350265377 0.055349885178 cfg1 2 1 0 0 na na
10 63893.036350247882 0.055348094070 cfg1 2 1 0 0 na na
10 63893.106350263779 0.055347253000 cfg1 2 1 0 0 na na
10 63893.123350321535 0.055347071784 cfg1 2 1 0 0 na na
10 63893.170350309409 0.055346523111 cfg1 2 1 0 0 na na
10 63893.250350290567 0.055345566283 cfg1 2 1 0 0 na na
10 63893.259350317608 0.055345462079 cfg1 2 1 0 0 na na
10 63893.319350362757 0.055344755547 cfg1 2 1 0 0 na na
10 63893.366350366390 0.055344204071 cfg1 2 1 0 0 na na
10 63893.407350336876 0.055343698280 cfg1 2 1 0 0 na na
10 63893.473350343453 0.055342939278 cfg1 2 1 0 0 na na
10 63893.680350327319 0.055340482962 cfg1 2 1 0 0 na na
10 63893.716350282625 0.055340080043 cfg1 2 1 0 0 na na
10 63893.722350392507 0.055339998282 cfg1 2 1 0 0 na na
10 63893.735350264330 0.055339832541 cfg1 2 1 0 0 na na
10 63893.820350284852 0.055338832956 cfg1 2 1 0 0 na na
10 63893.881350319225 0.055338129267 cfg1 2 1 0 0 na na
10 63893.958350321237 0.055337199354 cfg1 2 1 0 0 na na
10 63894.017350277043 0.055336524812 cfg1 2 1 0 0 na na
10 63894.117350350864 0.055335351806 cfg1 2 1 0 0 na na
10 63894.238350341947 0.055333913820 cfg1 2 1 0 0 na na
10 63894.261350266005 0.055333651448 cfg1 2 1 0 0 na na
10 63894.268350254172 0.055333557593 cfg1 2 1 0 0 na na
10 63894.302350317283 0.055333171442 cfg1 2 1 0 0 na na
10 63894.345350267979 0.055332645186 cfg1 2 1 0 0 na na
10 63894.596350344236 0.055329694211 cfg1 2 1 0 0 na na
10 63894.656350285865 0.055328978647 cfg1 2 1 0 0 na na
10 63894.690350324419 0.055328574214 cfg1 2 1 0 0 na na
10 63894.784350347672 0.055327467934 cfg1 2 1 0 0 na na
10 63894.802350334784 0.055327269679 cfg1 2 1 0 0 na na
10 63894.820350332842 0.055327057465 cfg1 2 1 0 0 na na
10 63894.830350389292 0.055326930449 cfg1 2 1 0 0 na na
10 63894.838350314406 0.055326832142 cfg1 2 1 0 0 na na
10 63895.043350277987 0.055324413045 cfg1 2 1 0 0 na na
10 63895.091350270005 0.055323858956 cfg1 2 1 0 0 na na
10 63895.098350408090 0.055323766096 cfg1 2 1 0 0 na na
10 63895.103350314668 0.055323718895 cfg1 2 1 0 0 na na
10 63895.154350306554 0.055323106931 cfg1 2 1 0 0 na na
10 63895.218350317543 0.055322367566 cfg1 2 1 0 0 na na
10 63895.232350307300 0.055322203555 cfg1 2 1 0 0 na na
10 63895.251350294920 0.055321980692 cfg1 2 1 0 0 na na
10 63895.302350288248 0.055321374606 cfg1 2 1 0 0 na na
10 63895.343350304994 0.055320892444 cfg1 2 1 0 0 na na
10 63895.438350261420 0.055319765491 cfg1 2 1 0 0 na na
10 63895.630350318344 0.055317511972 cfg1 2 1 0 0 na na
10 63895.720350300912 0.055316448516 cfg1 2 1 0 0 na na
10 63895.787350322868 0.055315641957 cfg1 2 1 0 0 na na
10 63895.855350306159 0.055314864982 cfg1 2 1 0 0 na na
10 63895.858350349027 0.055314809268 cfg1 2 1 0 0 na na
10 63895.879350347154 0.055314578685 cfg1 2 1 0 0 na na
10 63895.906350277814 0.055314252127 cfg1 2 1 0 0 na na
10 63896.059350356182 0.055312462623 cfg1 2 1 0 0 na na
10 63896.097350310102 0.055312005035 cfg1 2 1 0 0 na na
10 63896.209350304424 0.055310671203 cfg1 2 1 0 0 na na
10 63896.253350327842 0.055310152500 cfg1 2 1 0 0 na na
10 63896.255350258636 0.055310138333 cfg1 2 1 0 0 na na
10 63896.256350354121 0.055310130491 cfg1 2 1 0 0 na na
10 63896.392350272001 0.055308521080 cfg1 2 1 0 0 na na
10 63896.416350326370 0.055308255644 cfg1 2 1 0 0 na na
10 63896.432350373967 0.055308055261 cfg1 2 1 0 0 na na
10 63896.768350274583 0.055304113527 cfg1 2 1 0 0 na na
10 63896.828350341680 0.055303389543 cfg1 2 1 0 0 na na
10 63896.861350345506 0.055302995575 cfg1 2 1 0 0 na na
10 63896.885350252840 0.055302729016 cfg1 2 1 0 0 na na
10 63897.081350292893 0.055300403594 cfg1 2 1 0 0 na na
10 63897.176350325479 0.055299299681 cfg1 2 1 0 0 na na
10 63897.211350271587 0.055298880785 cfg1 2 1 0 0 na na
10 63897.265350348543 0.055298256523 cfg1 2 1 0 0 na na
10 63897.293350337231 0.055297915376 cfg1 2 1 0 0 na na
10 63897.313350300289 0.055297701830 cfg1 2 1 0 0 na na
10 63897.316350277296 0.055297651269 cfg1 2 1 0 0 na na
10 63897.358350316887 0.055297160888 cfg1 2 1 0 0 na na
10 63897.372350281227 0.055296992216 cfg1 2 1 0 0 na na
10 63897.400350264504 0.055296652318 cfg1 2 1 0 0 na na
10 63897.404350271549 0.055296612305 cfg1 2 1 0 0 na na
10 63897.429350315508 0.055296313040 cfg1 2 1 0 0 na na
10 63897.434350317509 0.055296260384 cfg1 2 1 0 0 na na
10 63897.500350286091 0.055295485289 cfg1 2 1 0 0 na na
10 63897.552350307127 0.055294874876 cfg1 2 1 0 0 na na
10 63897.853350321535 0.055291321864 cfg1 2 1 0 0 na na
10 63897.903350358430 0.055290745457 cfg1 2 1 0 0 na na
10 63898.008350308433 0.055289506930 cfg1 2 1 0 0 na na
10 63898.020350301334 0.055289381504 cfg1 2 1 0 0 na na
10 63898.095350293263 0.055288489725 cfg1 2 1 0 0 na na
10 63898.158350335423 0.055287758863 cfg1 2 1 0 0 na na
10 63898.180350330943 0.055287473935 cfg1 2 1 0 0 na na
10 63898.255350351005 0.055286611323 cfg1 2 1 0 0 na na
10 63898.262350328197 0.055286535549 cfg1 2 1 0 0 na na
10 63898.326350368623 0.055285762722 cfg1 2 1 0 0 na na
10 63898.327350291446 0.055285763503 cfg1 2 1 0 0 na na
10 63898.337350295714 0.055285649698 cfg1 2 1 0 0 na na
10 63898.346350363470 0.055285527635 cfg1 2 1 0 0 na na
10 63898.399350293214 0.055284907726 cfg1 2 1 0 0 na na
10 63898.486350265063 0.055283898530 cfg1 2 1 0 0 na na
10 63898.515350321720 0.055283548611 cfg1 2 1 0 0 na na
10 63898.601350336657 0.055282541352 cfg1 2 1 0 0 na na
10 63898.612350338842 0.055282410533 cfg1 2 1 0 0 na na
10 63898.632350303162 0.055282164079 cfg1 2 1 0 0 na na
10 63898.684350336009 0.055281572163 cfg1 2 1 0 0 na na
10 63898.702350300030 0.055281345042 cfg1 2 1 0 0 na na
10 63898.817350313321 0.055280006346 cfg1 2 1 0 0 na na
10 63898.875350367134 0.055279301663 cfg1 2 1 0 0 na na
10 63898.895350323043 0.055279087213 cfg1 2 1 0 0 na na
10 63898.909350336596 0.055278912069 cfg1 2 1 0 0 na na
10 63898.933350289906 0.055278632884 cfg1 2 1 0 0 na na
10 63898.941350346401 0.055278522591 cfg1 2 1 0 0 na na
10 63899.097350293562 0.055276715808 cfg1 2 1 0 0 na na
10 63899.178350349860 0.055275746383 cfg1 2 1 0 0 na na
10 63899.186350278561 0.055275655121 cfg1 2 1 0 0 na na
10 63899.197350324938 0.055275539425 cfg1 2 1 0 0 na na
10 63899.329350331826 0.055273979816 cfg1 2 1 0 0 na na
10 63899.369350292039 0.055273507375 cfg1 2 1 0 0 na na
10 63899.388350289593 0.055273294051 cfg1 2 1 0 0 na na
10 63899.411350346329 0.055273017488 cfg1 2 1 0 0 na na
10 63899.426350311022 0.055272836548 cfg1 2 1 0 0 na na
10 63899.518350362097 0.055271762775 cfg1 2 1 0 0 na na
10 63899.544350261422 0.055271456327 cfg1 2 1 0 0 na na
10 63899.709350338732 0.055269498503 cfg1 2 1 0 0 na na
10 63899.726350268333 0.055269293695 cfg1 2 1 0 0 na na
10 63899.743350323493 0.055269105435 cfg1 2 1 0 0 na na
10 63899.750350298789 0.055269020397 cfg1 2 1 0 0 na na
10 63899.866350256147 0.055267660610 cfg1 2 1 0 0 na na
10 63899.888350383624 0.055267410167 cfg1 2 1 0 0 na na
10 63899.897350283994 0.055267285540 cfg1 2 1 0 0 na na
10 63899.899350278986 0.055267273781 cfg1 2 1 0 0 na na
10 63899.951350370936 0.055266673145 cfg1 2 1 0 0 na na
10 63899.989350292193 0.055266229662 cfg1 2 1 0 0 na na
10 63900.030350329554 0.055265735273 cfg1 2 1 0 0 na na
10 63900.050350299747 0.055265512846 cfg1 2 1 0 0 na na
10 63900.115350360985 0.055264750934 cfg1 2 1 0 0 na na
10 63900.251350340025 0.055263133475 cfg1 2 1 0 0 na na
10 63900.289350361944 0.055262700037 cfg1 2 1 0 0 na na
10 63900.323350336492 0.055262289753 cfg1 2 1 0 0 na na
10 63900.341350299191 0.055262076828 cfg1 2 1 0 0 na na
10 63900.373350295866 0.055261702073 cfg1 2 1 0 0 na na
10 63900.477350269084 0.055260467920 cfg1 2 1 0 0 na na
10 63900.482350268519 0.055260431382 cfg1 2 1 0 0 na na
10 63900.514350299833 0.055260043499 cfg1 2 1 0 0 na na
10 63900.550350320670 0.055259628161 cfg1 2 1 0 0 na na
10 63900.609350328400 0.055258929641 cfg1 2 1 0 0 na na
10 63900.682350273253 0.055258065173 cfg1 2 1 0 0 na na
10 63900.720350273971 0.055257618787 cfg1 2 1 0 0 na na
10 63900.786350304364 0.055256842151 cfg1 2 1 0 0 na na
10 63900.828350297708 0.055256357427 cfg1 2 1 0 0 na na
10 63900.853350329525 0.055256063753 cfg1 2 1 0 0 na na
10 63900.917350344256 0.055255314853 cfg1 2 1 0 0 na na
10 63900.926350290277 0.055255204587 cfg1 2 1 0 0 na na
10 63900.934350264193 0.055255123312 cfg1 2 1 0 0 na na
10 63900.945350305018 0.055254993087 cfg1 2 1 0 0 na na
10 63900.951350334923 0.055254915736 cfg1 2 1 0 0 na na
10 63900.963350262310 0.055254764553 cfg1 2 1 0 0 na na
10 63901.050350268795 0.055253741997 cfg1 2 1 0 0 na na
10 63901.114350314916 0.055252997941 cfg1 2 1 0 0 na na
10 63901.252350283183 0.055251369006 cfg1 2 1 0 0 na na
10 63901.272350316986 0.055251145766 cfg1 2 1 0 0 na na
10 63901.313350351932 0.055250660664 cfg1 2 1 0 0 na na
10 63901.358350308866 0.055250126908 cfg1 2 1 0 0 na na
10 63901.384350264233 0.055249828928 cfg1 2 1 0 0 na na
10 63901.418350242312 0.055249439572 cfg1 2 1 0 0 na na
10 63901.452350250242 0.055249044932 cfg1 2 1 0 0 na na
10 63901.462350336009 0.055248912512 cfg1 2 1 0 0 na na
10 63901.532350370651 0.055248094639 cfg1 2 1 0 0 na na
10 63901.539350313103 0.055248019578 cfg1 2 1 0 0 na na
10 63901.548350275471 0.055247892072 cfg1 2 1 0 0 na na
10 63901.551350328278 0.055247857535 cfg1 2 1 0 0 na na
10 63901.625350275069 0.055246986661 cfg1 2 1 0 0 na na
10 63901.694350285580 0.055246188706 cfg1 2 1 0 0 na na
10 63901.705350281959 0.055246065098 cfg1 2 1 0 0 na na
10 63901.735350327100 0.055245723648 cfg1 2 1 0 0 na na
10 63901.800350314806 0.055244936980 cfg1 2 1 0 0 na na
10 63901.806350308146 0.055244874008 cfg1 2 1 0 0 na na
10 63901.835350317680 0.055244523051 cfg1 2 1 0 0 na na
10 63901.845350295579 0.055244416497 cfg1 2 1 0 0 na na
10 63902.009350325052 0.055242481693 cfg1 2 1 0 0 na na
10 63902.013350277386 0.055242453801 cfg1 2 1 0 0 na na
10 63902.141350291756 0.055240938863 cfg1 2 1 0 0 na na
10 63902.142350359806 0.055240944956 cfg1 2 1 0 0 na na
10 63902.159350243101 0.055240743672 cfg1 2 1 0 0 na na
10 63902.182350281518 0.055240474811 cfg1 2 1 0 0 na na
10 63902.337350290461 0.055238633803 cfg1 2 1 0 0 na na
10 63902.340350312911 0.055238613968 cfg1 2 1 0 0 na na
10 63902.357350324559 0.055238413979 cfg1 2 1 0 0 na na
10 63902.389350313762 0.055238047288 cfg1 2 1 0 0 na na
10 63902.410350324063 0.055237795899 cfg1 2 1 0 0 na na
10 63902.422350302536 0.055237637685 cfg1 2 1 0 0 na na
10 63902.460350323574 0.055237195137 cfg1 2 1 0 0 na na
10 63902.522350282637 0.055236464074 cfg1 2 1 0 0 na na
10 63902.694350241905 0.055234469820 cfg1 2 1 0 0 na na
10 63902.741350273319 0.055233903483 cfg1 2 1 0 0 na na
10 63902.825350311547 0.055232928864 cfg1 2 1 0 0 na na
10 63902.853350316700 0.055232587752 cfg1 2 1 0 0 na na
10 63902.900350315417 0.055232026512 cfg1 2 1 0 0 na na
10 63903.061350318820 0.055230137647 cfg1 2 1 0 0 na na
10 63903.071350289704 0.055230046734 cfg1 2 1 0 0 na na
10 63903.175350291272 0.055228823855 cfg1 2 1 0 0 na na
10 63903.215350331916 0.055228355051 cfg1 2 1 0 0 na na
10 63903.222350339411 0.055228270933 cfg1 2 1 0 0 na na
10 63903.263350258572 0.055227778449 cfg1 2 1 0 0 na na
10 63903.293350311943 0.055227437932 cfg1 2 1 0 0 na na
10 63903.340350305260 0.055226874925 cfg1 2 1 0 0 na na
10 63903.365350300016 0.055226596118 cfg1 2 1 0 0 na na
10 63903.372350306367 0.055226510341 cfg1 2 1 0 0 na na
10 63903.409350272867 0.055226054009 cfg1 2 1 0 0 na na
10 63903.416350262868 0.055225988664 cfg1 2 1 0 0 na na
10 63903.436350327341 0.055225746966 cfg1 2 1 0 0 na na
10 63903.442350330060 0.055225678754 cfg1 2 1 0 0 na na
10 63903.527350245530 0.055224696409 cfg1 2 1 0 0 na na
10 63903.541350283502 0.055224523784 cfg1 2 1 0 0 na na
10 63903.662350328195 0.055223098151 cfg1 2 1 0 0 na na
10 63903.850350289339 0.055220885124 cfg1 2 1 0 0 na na
10 63903.893350274691 0.055220404554 cfg1 2 1 0 0 na na
10 63903.903350270505 0.055220263369 cfg1 2 1 0 0 na na
10 63903.911350286339 0.055220179459 cfg1 2 1 0 0 na na
10 63903.921350335996 0.055220076545 cfg1 2 1 0 0 na na
10 63903.954350278531 0.055219671464 cfg1 2 1 0 0 na na
10 63904.056350340809 0.055218488039 cfg1 2 1 0 0 na na
10 63904.057350278199 0.055218466075 cfg1 2 1 0 0 na na
10 63904.120350371377 0.055217721424 cfg1 2 1 0 0 na na
10 63904.293350275136 0.055215698817 cfg1 2 1 0 0 na na
10 63904.321350351102 0.055215381597 cfg1 2 1 0 0 na na
10 63904.339350290999 0.055215158446 cfg1 2 1 0 0 na na
10 63904.357350330318 0.055214951479 cfg1 2 1 0 0 na na
10 63904.394350350980 0.055214523609 cfg1 2 1 0 0 na na
10 63904.434350244855 0.055214062241 cfg1 2 1 0 0 na na
10 63904.449350292324 0.055213880073 cfg1 2 1 0 0 na na
10 63904.463350388540 0.055213715277 cfg1 2 1 0 0 na na
10 63904.475350295221 0.055213558194 cfg1 2 1 0 0 na na
10 63904.524350258197 0.055212993604 cfg1 2 1 0 0 na na
10 63904.571350298923 0.055212444703 cfg1 2 1 0 0 na na
10 63904.708350324897 0.055210855549 cfg1 2 1 0 0 na na
10 63904.805350262104 0.055209700913 cfg1 2 1 0 0 na na
10 63904.888350294746 0.055208730634 cfg1 2 1 0 0 na na
10 63904.931350329609 0.055208236398 cfg1 2 1 0 0 na na
10 63904.934350342840 0.055208193254 cfg1 2 1 0 0 na na
10 63905.019350294410 0.055207205676 cfg1 2 1 0 0 na na
10 63905.041350288326 0.055206925204 cfg1 2 1 0 0 na na
10 63905.073350365915 0.055206563587 cfg1 2 1 0 0 na na
10 63905.169350314625 0.055205449984 cfg1 2 1 0 0 na na
10 63905.211350347701 0.055204939495 cfg1 2 1 0 0 na na
10 63905.367350329030 0.055203127113 cfg1 2 1 0 0 na na
10 63905.510350277706 0.055201454899 cfg1 2 1 0 0 na na
10 63905.523350309327 0.055201304838 cfg1 2 1 0 0 na na
10 63905.559350302724 0.055200876529 cfg1 2 1 0 0 na na
10 63905.611350296603 0.055200250807 cfg1 2 1 0 0 na na
10 63905.964350242294 0.055196139586 cfg1 2 1 0 0 na na
10 63905.977350258659 0.055195973485 cfg1 2 1 0 0 na na
10 63906.071350295781 0.055194867390 cfg1 2 1 0 0 na na
10 63906.129350294331 0.055194182887 cfg1 2 1 0 0 na na
10 63906.183350270826 0.055193551116 cfg1 2 1 0 0 na na
10 63906.193350248977 0.055193453184 cfg1 2 1 0 0 na na
10 63906.217350253591 0.055193168435 cfg1 2 1 0 0 na na
10 63906.255350341317 0.055192731913 cfg1 2 1 0 0 na na
10 63906.362350255044 0.055191479926 cfg1 2 1 0 0 na na
10 63906.402350318133 0.055191005812 cfg1 2 1 0 0 na na
10 63906.422350286448 0.055190769075 cfg1 2 1 0 0 na na
10 63906.599350286446 0.055188681794 cfg1 2 1 0 0 na na
10 63906.601350322487 0.055188667286 cfg1 2 1 0 0 na na
10 63906.624350292718 0.055188406680 cfg1 2 1 0 0 na na
10 63906.626350335462 0.055188391418 cfg1 2 1 0 0 na na
10 63906.739350304330 0.055187054215 cfg1 2 1 0 0 na na
10 63906.798350309601 0.055186373863 cfg1 2 1 0 0 na na
10 63906.822350287329 0.055186078284 cfg1 2 1 0 0 na na
10 63906.895350289739 0.055185239822 cfg1 2 1 0 0 na na
10 63906.941350328240 0.055184698439 cfg1 2 1 0 0 na na
10 63907.018350339849 0.055183792643 cfg1 2 1 0 0 na na
10 63907.019350323674 0.055183766775 cfg1 2 1 0 0 na na
10 63907.024350339625 0.055183712401 cfg1 2 1 0 0 na na
10 63907.050350275325 0.055183402447 cfg1 2 1 0 0 na na
10 63907.059350312858 0.055183322026 cfg1 2 1 0 0 na na
10 63907.077350324012 0.055183100841 cfg1 2 1 0 0 na na
10 63907.136350266288 0.055182400801 cfg1 2 1 0 0 na na
10 63907.189350322094 0.055181792255 cfg1 2 1 0 0 na na
10 63907.342350322237 0.055179997761 cfg1 2 1 0 0 na na
10 63907.410350279596 0.055179218474 cfg1 2 1 0 0 na na
10 63907.414350286245 0.055179169131 cfg1 2 1 0 0 na na
10 63907.472350337373 0.055178469341 cfg1 2 1 0 0 na na
10 63907.614350265918 0.055176806116 cfg1 2 1 0 0 na na
10 63907.642350305686 0.055176487550 cfg1 2 1 0 0 na na
10 63907.674350319253 0.055176118097 cfg1 2 1 0 0 na na
10 63907.792350330699 0.055174748980 cfg1 2 1 0 0 na na
10 63907.844350338515 0.055174126701 cfg1 2 1 0 0 na na
10 63907.855350262929 0.055174004383 cfg1 2 1 0 0 na na
10 63907.886350400946 0.055173624154 cfg1 2 1 0 0 na na
10 63908.051350333132 0.055171709751 cfg1 2 1 0 0 na na
10 63908.072350286378 0.055171455241 cfg1 2 1 0 0 na na
10 63908.078350334822 0.055171400545 cfg1 2 1 0 0 na na
10 63908.149350337502 0.055170555135 cfg1 2 1 0 0 na na
10 63908.204350349890 0.055169913809 cfg1 2 1 0 0 na na
10 63908.263350274788 0.055169223814 cfg1 2 1 0 0 na na
10 63908.280350302099 0.055169036993 cfg1 2 1 0 0 na na
10 63908.459350271522 0.055166930421 cfg1 2 1 0 0 na na
10 63908.512350282081 0.055166323779 cfg1 2 1 0 0 na na
10 63908.518350253453 0.055166248718 cfg1 2 1 0 0 na na
10 63908.656350314698 0.055164634182 cfg1 2 1 0 0 na na
10 63908.668350323434 0.055164505551 cfg1 2 1 0 0 na na
10 63908.681350263436 0.055164333459 cfg1 2 1 0 0 na na
10 63908.764350276390 0.055163376345 cfg1 2 1 0 0 na na
10 63908.783350306736 0.055163157891 cfg1 2 1 0 0 na na
10 63908.787350320538 0.055163103918 cfg1 2 1 0 0 na na
10 63908.795350346062 0.055163007285 cfg1 2 1 0 0 na na
10 63908.803350313573 0.055162923181 cfg1 2 1 0 0 na na
10 63908.811350343645 0.055162832958 cfg1 2 1 0 0 na na
10 63908.862350287240 0.055162225518 cfg1 2 1 0 0 na na
10 63908.867350340990 0.055162151997 cfg1 2 1 0 0 na na
10 63908.903350314108 0.055161750640 cfg1 2 1 0 0 na na
10 63908.963350260839 0.055161049899 cfg1 2 1 0 0 na na
10 63908.992350276415 0.055160708436 cfg1 2 1 0 0 na na
10 63909.025350348326 0.055160312600 cfg1 2 1 0 0 na na
10 63909.032350260861 0.055160231049 cfg1 2 1 0 0 na na
10 63909.244350278051 0.055157748887 cfg1 2 1 0 0 na na
10 63909.279350327200 0.055157366053 cfg1 2 1 0 0 na na
10 63909.284350293262 0.055157301153 cfg1 2 1 0 0 na na
10 63909.359350241024 0.055156430835 cfg1 2 1 0 0 na na
10 63909.372350277362 0.055156275014 cfg1 2 1 0 0 na na
10 63909.422350322944 0.055155680786 cfg1 2 1 0 0 na na
10 63909.441350250200 0.055155461465 cfg1 2 1 0 0 na na
10 63909.458350302507 0.055155260430 cfg1 2 1 0 0 na na
10 63909.538350312510 0.055154313899 cfg1 2 1 0 0 na na
10 63909.596350336363 0.055153660157 cfg1 2 1 0 0 na na
10 63909.621350294438 0.055153344377 cfg1 2 1 0 0 na na
10 63909.723350378061 0.055152155510 cfg1 2 1 0 0 na na
10 63909.762350364307 0.055151697325 cfg1 2 1 0 0 na na
10 63909.799350267548 0.055151282770 cfg1 2 1 0 0 na na
10 63909.951350285747 0.055149491173 cfg1 2 1 0 0 na na
10 63909.963350269653 0.055149347148 cfg1 2 1 0 0 na na
10 63910.049350319259 0.055148348458 cfg1 2 1 0 0 na na
10 63910.085350260702 0.055147931151 cfg1 2 1 0 0 na na
10 63910.212350293682 0.055146465014 cfg1 2 1 0 0 na na
10 63910.232350267900 0.055146204060 cfg1 2 1 0 0 na na
10 63910.288350319989 0.055145554657 cfg1 2 1 0 0 na na
10 63910.317350279188 0.055145236006 cfg1 2 1 0 0 na na
10 63910.385350357027 0.055144429077 cfg1 2 1 0 0 na na
10 63910.403350373133 0.055144233865 cfg1 2 1 0 0 na na
10 63910.579350310363 0.055142173862 cfg1 2 1 0 0 na na
10 63910.666350368370 0.055141155432 cfg1 2 1 0 0 na na
10 63910.689350338354 0.055140883671 cfg1 2 1 0 0 na na
10 63910.773350332367 0.055139891674 cfg1 2 1 0 0 na na
10 63910.816350339063 0.055139412375 cfg1 2 1 0 0 na na
10 63910.826350337932 0.055139286593 cfg1 2 1 0 0 na na
10 63910.918350345443 0.055138212418 cfg1 2 1 0 0 na na
10 63910.936350315659 0.055137990737 cfg1 2 1 0 0 na na
10 63911.026350335230 0.055136957606 cfg1 2 1 0 0 na na
10 63911.092350311384 0.055136180273 cfg1 2 1 0 0 na na
10 63911.134350273921 0.055135697505 cfg1 2 1 0 0 na na
10 63911.197350323551 0.055134939942 cfg1 2 1 0 0 na na
10 63911.226350256249 0.055134610761 cfg1 2 1 0 0 na na
10 64017.061350310479 0.053940336061 cfg1 2 1 0 0 na na
10 64017.135350293250 0.053939532711 cfg1 2 1 0 0 na na
10 64017.199350297942 0.053938840944 cfg1 2 1 0 0 na na
10 64017.311350350078 0.053937638945 cfg1 2 1 0 0 na na
10 64017.400350276947 0.053936654108 cfg1 2 1 0 0 na na
10 64017.437350299040 0.053936264407 cfg1 2 1 0 0 na na
10 64017.458350282265 0.053936027129 cfg1 2 1 0 0 na na
10 64017.528350263406 0.053935258471 cfg1 2 1 0 0 na na
10 64017.557350258398 0.053934948453 cfg1 2 1 0 0 na na
10 64017.689350317762 0.053933514847 cfg1 2 1 0 0 na na
10 64018.031350328981 0.053929807404 cfg1 2 1 0 0 na na
10 64018.035350287313 0.053929755156 cfg1 2 1 0 0 na na
10 64018.054350318514 0.053929556871 cfg1 2 1 0 0 na na
10 64018.087350291597 0.053929204015 cfg1 2 1 0 0 na na
10 64018.107350344630 0.053928969670 cfg1 2 1 0 0 na na
10 64018.155350274234 0.053928435047 cfg1 2 1 0 0 na na
10 64018.269350324937 0.053927209016 cfg1 2 1 0 0 na na
10 64018.324350298166 0.053926597731 cfg1 2 1 0 0 na na
10 64018.499350373992 0.053924716710 cfg1 2 1 0 0 na na
10 64018.510350339403 0.053924598708 cfg1 2 1 0 0 na na
10 64018.613350311911 0.053923473372 cfg1 2 1 0 0 na na
10 64018.622350297652 0.053923365000 cfg1 2 1 0 0 na na
10 64018.629350361313 0.053923307692 cfg1 2 1 0 0 na na
10 64018.678350266038 0.053922762784 cfg1 2 1 0 0 na na
10 64018.997350255723 0.053919296296 cfg1 2 1 0 0 na na
10 64019.083350299613 0.053918360236 cfg1 2 1 0 0 na na
10 64019.287350282008 0.053916135715 cfg1 2 1 0 0 na na
10 64019.361350354015 0.053915334449 cfg1 2 1 0 0 na na
10 64019.425350301846 0.053914635975 cfg1 2 1 0 0 na na
10 64019.515350350355 0.053913658446 cfg1 2 1 0 0 na na
10 64019.639350281058 0.053912309827 cfg1 2 1 0 0 na na
10 64019.669350274302 0.053911988185 cfg1 2 1 0 0 na na
10 64019.703350258953 0.053911623022 cfg1 2 1 0 0 na na
10 64019.794350249006 0.053910647989 cfg1 2 1 0 0 na na
10 64020.011350321422 0.053908283470 cfg1 2 1 0 0 na na
10 64020.080350377281 0.053907529355 cfg1 2 1 0 0 na na
10 64020.094350278769 0.053907366617 cfg1 2 1 0 0 na na
10 64020.154350341050 0.053906721816 cfg1 2 1 0 0 na na
10 64020.171350291177 0.053906533576 cfg1 2 1 0 0 na na
10 64020.199350290140 0.053906235900 cfg1 2 1 0 0 na na
10 64020.257350321321 0.053905599221 cfg1 2 1 0 0 na na
10 64020.326350253387 0.053904863414 cfg1 2 1 0 0 na na
10 64020.406350359447 0.053904000846 cfg1 2 1 0 0 na na
10 64020.490350268503 0.053903068394 cfg1 2 1 0 0 na na
10 64020.583350308376 0.053902081234 cfg1 2 1 0 0 na na
10 64020.707350334533 0.053900714324 cfg1 2 1 0 0 na na
10 64020.712350279715 0.053900678700 cfg1 2 1 0 0 na na
10 64020.943350312875 0.053898172848 cfg1 2 1 0 0 na na
10 64021.066350325463 0.053896840733 cfg1 2 1 0 0 na na
10 64021.096350358232 0.053896515700 cfg1 2 1 0 0 na na
10 64021.125350332540 0.053896199157 cfg1 2 1 0 0 na na
10 64021.218350305294 0.053895173408 cfg1 2 1 0 0 na na
10 64021.317350317684 0.053894116427 cfg1 2 1 0 0 na na
10 64021.345350334012 0.053893809838 cfg1 2 1 0 0 na na
10 64021.381350269484 0.053893419454 cfg1 2 1 0 0 na na
10 64021.384350323809 0.053893395284 cfg1 2 1 0 0 na na
10 64021.568350352242 0.053891392525 cfg1 2 1 0 0 na na
10 64021.572350285431 0.053891354542 cfg1 2 1 0 0 na na
10 64021.603350284646 0.053890991578 cfg1 2 1 0 0 na na
10 64021.638350325699 0.053890618751 cfg1 2 1 0 0 na na
10 64021.898350284637 0.053887807190 cfg1 2 1 0 0 na na
10 64021.969350281859 0.053887027169 cfg1 2 1 0 0 na na
10 64022.016350282828 0.053886529506 cfg1 2 1 0 0 na na
10 64022.023350265167 0.053886437022 cfg1 2 1 0 0 na na
10 64022.089350326427 0.053885732930 cfg1 2 1 0 0 na na
10 64022.302350277098 0.053883424614 cfg1 2 1 0 0 na na
10 64022.312350269608 0.053883318776 cfg1 2 1 0 0 na na
10 64022.380350304501 0.053882581546 cfg1 2 1 0 0 na na
10 64022.414350270187 0.053882209282 cfg1 2 1 0 0 na na
10 64022.451350264464 0.053881811113 cfg1 2 1 0 0 na na
10 64022.458350244031 0.053881744964 cfg1 2 1 0 0 na na
10 64022.564350309333 0.053880587344 cfg1 2 1 0 0 na na
10 64022.582350303165 0.053880376904 cfg1 2 1 0 0 na na
10 64022.614350294130 0.053880047069 cfg1 2 1 0 0 na na
10 64022.683350283228 0.053879298952 cfg1 2 1 0 0 na na
10 64022.739350267160 0.053878679141 cfg1 2 1 0 0 na na
10 64022.881350364136 0.053877147899 cfg1 2 1 0 0 na na
10 64022.965350306274 0.053876250823 cfg1 2 1 0 0 na na
10 64022.988350299083 0.053875982836 cfg1 2 1 0 0 na na
10 64023.186350314753 0.053873843736 cfg1 2 1 0 0 na na
10 64023.431350300022 0.053871200843 cfg1 2 1 0 0 na na
10 64023.564350299129 0.053869763877 cfg1 2 1 0 0 na na
10 64023.655350308904 0.053868755824 cfg1 2 1 0 0 na na
10 64023.739350342055 0.053867851027 cfg1 2 1 0 0 na na
10 64023.751350259528 0.053867730746 cfg1 2 1 0 0 na na
10 64023.764350324470 0.053867596807 cfg1 2 1 0 0 na na
10 64023.817350264230 0.053867008231 cfg1 2 1 0 0 na na
10 64023.834350302403 0.053866830306 cfg1 2 1 0 0 na na
10 64023.879350315050 0.053866349932 cfg1 2 1 0 0 na na
10 64023.884350284975 0.053866291218 cfg1 2 1 0 0 na na
10 64023.894350318860 0.053866169508 cfg1 2 1 0 0 na na
10 64023.950350266919 0.053865576034 cfg1 2 1 0 0 na na
10 64024.004350268821 0.053864973152 cfg1 2 1 0 0 na na
10 64024.041350350040 0.053864579342 cfg1 2 1 0 0 na na
10 64024.057350294886 0.053864402367 cfg1 2 1 0 0 na na
10 64024.156350280435 0.053863352434 cfg1 2 1 0 0 na na
10 64024.174350311982 0.053863159575 cfg1 2 1 0 0 na na
10 64024.406350276357 0.053860639901 cfg1 2 1 0 0 na na
10 64024.613350281248 0.053858387639 cfg1 2 1 0 0 na na
10 64024.628350271517 0.053858237235 cfg1 2 1 0 0 na na
10 64024.712350309992 0.053857338230 cfg1 2 1 0 0 na na
10 64024.741350380898 0.053857001280 cfg1 2 1 0 0 na na
10 64024.767350293707 0.053856724751 cfg1 2 1 0 0 na na
10 64024.777350296551 0.053856610460 cfg1 2 1 0 0 na na
10 64024.813350345014 0.053856226046 cfg1 2 1 0 0 na na
10 64024.827350307629 0.053856091690 cfg1 2 1 0 0 na na
10 64024.902350260708 0.053855261141 cfg1 2 1 0 0 na na
10 64024.938350305608 0.053854872927 cfg1 2 1 0 0 na na
10 64024.957350310708 0.053854679116 cfg1 2 1 0 0 na na
10 64025.118350266535 0.053852920301 cfg1 2 1 0 0 na na
10 64025.134350288283 0.053852744506 cfg1 2 1 0 0 na na
10 64025.191350338722 0.053852139429 cfg1 2 1 0 0 na na
10 64025.232350303989 0.053851687992 cfg1 2 1 0 0 na na
10 64025.249350312109 0.053851516905 cfg1 2 1 0 0 na na
10 64025.335350360873 0.053850593539 cfg1 2 1 0 0 na na
10 64025.352350268453 0.053850408533 cfg1 2 1 0 0 na na
10 64025.471350295195 0.053849126757 cfg1 2 1 0 0 na na
10 64025.474350252977 0.053849091164 cfg1 2 1 0 0 na na
10 64025.552350300128 0.053848247249 cfg1 2 1 0 0 na na
10 64025.591350291202 0.053847804691 cfg1 2 1 0 0 na na
10 64025.606350322645 0.053847651313 cfg1 2 1 0 0 na na
10 64025.640350287879 0.053847282147 cfg1 2 1 0 0 na na
10 64025.694350286508 0.053846695583 cfg1 2 1 0 0 na na
10 64025.701350328371 0.053846628361 cfg1 2 1 0 0 na na
10 64025.719350318132 0.053846439848 cfg1 2 1 0 0 na na
10 64025.798350262582 0.053845583574 cfg1 2 1 0 0 na na
10 64025.816350300976 0.053845388353 cfg1 2 1 0 0 na na
10 64025.908350319403 0.053844399865 cfg1 2 1 0 0 na na
10 64025.972350305776 0.053843686509 cfg1 2 1 0 0 na na
10 64026.000350343128 0.053843401322 cfg1 2 1 0 0 na na
10 64026.013350276085 0.053843254945 cfg1 2 1 0 0 na na
10 64026.158350244287 0.053841697750 cfg1 2 1 0 0 na na
10 64026.329350315328 0.053839848852 cfg1 2 1 0 0 na na
10 64026.434350305372 0.053838711561 cfg1 2 1 0 0 na na
10 64026.467350354723 0.053838334892 cfg1 2 1 0 0 na na
10 64026.480350317036 0.053838196185 cfg1 2 1 0 0 na na
10 64026.615350345596 0.053836738386 cfg1 2 1 0 0 na na
10 64026.729350260559 0.053835506551 cfg1 2 1 0 0 na na
10 64026.777350281715 0.053835001692 cfg1 2 1 0 0 na na
10 64026.830350314720 0.053834410562 cfg1 2 1 0 0 na na
10 64026.971350306194 0.053832901148 cfg1 2 1 0 0 na na
10 64027.027350347779 0.053832300832 cfg1 2 1 0 0 na na
10 64027.107350304883 0.053831420273 cfg1 2 1 0 0 na na
10 64027.151350358389 0.053830948864 cfg1 2 1 0 0 na na
10 64027.177350285778 0.053830683271 cfg1 2 1 0 0 na na
10 64027.215350268770 0.053830261646 cfg1 2 1 0 0 na na
10 64027.222350318285 0.053830176078 cfg1 2 1 0 0 na na
10 64027.225350341334 0.053830154147 cfg1 2 1 0 0 na na
10 64027.470350333441 0.053827513215 cfg1 2 1 0 0 na na
10 64027.498350268292 0.053827216278 cfg1 2 1 0 0 na na
10 64027.551350298639 0.053826621908 cfg1 2 1 0 0 na na
10 64027.604350283644 0.053826046406 cfg1 2 1 0 0 na na
10 64027.662350345591 0.053825439868 cfg1 2 1 0 0 na na
10 64027.678350267186 0.053825264374 cfg1 2 1 0 0 na na
10 64027.712350256713 0.053824909585 cfg1 2 1 0 0 na na
10 64027.795350314443 0.053823991684 cfg1 2 1 0 0 na na
10 64028.015350257519 0.053821630867 cfg1 2 1 0 0 na na
10 64028.054350276740 0.053821216874 cfg1 2 1 0 0 na na
10 64028.069350310689 0.053821038349 cfg1 2 1 0 0 na na
10 64028.109350313116 0.053820606669 cfg1 2 1 0 0 na na
10 64028.127350321550 0.053820420138 cfg1 2 1 0 0 na na
10 64028.185350281939 0.053819800075 cfg1 2 1 0 0 na na
10 64028.379350300208 0.053817701021 cfg1 2 1 0 0 na na
10 64028.390350308722 0.053817562305 cfg1 2 1 0 0 na na
10 64028.695350312992 0.053814299202 cfg1 2 1 0 0 na na
10 64028.778350251599 0.053813395244 cfg1 2 1 0 0 na na
10 64028.885350284305 0.053812228820 cfg1 2 1 0 0 na na
10 64028.983350363300 0.053811168730 cfg1 2 1 0 0 na na
10 64029.092350285431 0.053810015468 cfg1 2 1 0 0 na na
10 64029.113350286868 0.053809785132 cfg1 2 1 0 0 na na
10 64029.184350278280 0.053809023315 cfg1 2 1 0 0 na na
10 64029.376350369023 0.053806933471 cfg1 2 1 0 0 na na
10 64029.396350307708 0.053806712261 cfg1 2 1 0 0 na na
10 64029.488350323160 0.053805716505 cfg1 2 1 0 0 na na
10 64029.537350339546 0.053805214057 cfg1 2 1 0 0 na na
10 64029.644350253603 0.053804049082 cfg1 2 1 0 0 na na
10 64029.698350334714 0.053803473468 cfg1 2 1 0 0 na na
10 64029.754350321889 0.053802858885 cfg1 2 1 0 0 na na
10 64029.904350287347 0.053801234914 cfg1 2 1 0 0 na na
10 64029.906350269474 0.053801212532 cfg1 2 1 0 0 na na
10 64029.932350318580 0.053800938205 cfg1 2 1 0 0 na na
10 64029.978350259225 0.053800447677 cfg1 2 1 0 0 na na
10 64030.059350335898 0.053799562790 cfg1 2 1 0 0 na na
10 64030.065350280712 0.053799507975 cfg1 2 1 0 0 na na
10 64030.069350320704 0.053799462413 cfg1 2 1 0 0 na na
10 64030.081350305500 0.053799331093 cfg1 2 1 0 0 na na
10 64030.114350328803 0.053798973220 cfg1 2 1 0 0 na na
10 64030.239350287403 0.053797638211 cfg1 2 1 0 0 na na
10 64030.279350271584 0.053797190368 cfg1 2 1 0 0 na na
10 64030.317350321192 0.053796791146 cfg1 2 1 0 0 na na
10 64030.359350363042 0.053796335954 cfg1 2 1 0 0 na na
10 64030.535350321005 0.053794434582 cfg1 2 1 0 0 na na
10 64030.538350268693 0.053794399770 cfg1 2 1 0 0 na na
10 64030.546350281665 0.053794316506 cfg1 2 1 0 0 na na
10 64030.665350271221 0.053793042049 cfg1 2 1 0 0 na na
10 64030.747350271919 0.053792147449 cfg1 2 1 0 0 na na
10 64030.980350280882 0.053789651276 cfg1 2 1 0 0 na na
10 64031.027350280297 0.053789141366 cfg1 2 1 0 0 na na
10 64031.093350315257 0.053788424238 cfg1 2 1 0 0 na na
10 64031.185350294526 0.053787439823 cfg1 2 1 0 0 na na
10 64031.198350320734 0.053787297655 cfg1 2 1 0 0 na na
10 64031.293350264811 0.053786267121 cfg1 2 1 0 0 na na
10 64031.311350279528 0.053786077688 cfg1 2 1 0 0 na na
10 64031.320350341988 0.053785991072 cfg1 2 1 0 0 na na
10 64031.395350269468 0.053785170319 cfg1 2 1 0 0 na na
10 64031.435350312043 0.053784741718 cfg1 2 1 0 0 na na
10 64031.440350299201 0.053784690454 cfg1 2 1 0 0 na na
10 64031.443350255828 0.053784661161 cfg1 2 1 0 0 na na
10 64031.471350336288 0.053784376465 cfg1 2 1 0 0 na na
10 64031.495350261755 0.053784101201 cfg1 2 1 0 0 na na
10 64031.600350301334 0.053782983192 cfg1 2 1 0 0 na na
10 64031.651350323071 0.053782435376 cfg1 2 1 0 0 na na
10 64031.742350297417 0.053781457185 cfg1 2 1 0 0 na na
10 64031.829350266325 0.053780513184 cfg1 2 1 0 0 na na
10 64031.841350297537 0.053780383835 cfg1 2 1 0 0 na na
10 64031.955350296061 0.053779158152 cfg1 2 1 0 0 na na
10 64032.125350297796 0.053777331561 cfg1 2 1 0 0 na na
10 64032.507350335136 0.053773219794 cfg1 2 1 0 0 na na
10 64032.525350278062 0.053773033496 cfg1 2 1 0 0 na na
10 64032.580350331825 0.053772425178 cfg1 2 1 0 0 na na
10 64032.724350319999 0.053770871393 cfg1 2 1 0 0 na na
10 64032.879350266370 0.053769200585 cfg1 2 1 0 0 na na
10 64032.965350335093 0.053768280892 cfg1 2 1 0 0 na na
10 64033.211350270501 0.053765652535 cfg1 2 1 0 0 na na
10 64033.250350297011 0.053765224675 cfg1 2 1 0 0 na na
10 64033.333350287871 0.053764325351 cfg1 2 1 0 0 na na
10 64033.400350276123 0.053763613242 cfg1 2 1 0 0 na na
10 64033.425350312611 0.053763331273 cfg1 2 1 0 0 na na
10 64033.460350302334 0.053762975286 cfg1 2 1 0 0 na na
10 64033.490350302449 0.053762635595 cfg1 2 1 0 0 na na
10 64033.541350319057 0.053762100599 cfg1 2 1 0 0 na na
10 64033.551350272642 0.053761987860 cfg1 2 1 0 0 na na
10 64033.888350290943 0.053758375845 cfg1 2 1 0 0 na na
10 64033.893350270321 0.053758298807 cfg1 2 1 0 0 na na
10 64033.932350320524 0.053757894411 cfg1 2 1 0 0 na na
10 64034.037350281434 0.053756764409 cfg1 2 1 0 0 na na
10 64034.243350345126 0.053754534363 cfg1 2 1 0 0 na na
10 64034.257350298573 0.053754404948 cfg1 2 1 0 0 na na
10 64034.325350248362 0.053753668424 cfg1 2 1 0 0 na na
10 64034.342350320772 0.053753492931 cfg1 2 1 0 0 na na
10 64034.414350292924 0.053752698350 cfg1 2 1 0 0 na na
10 64034.451350334218 0.053752306528 cfg1 2 1 0 0 na na
10 64034.590350338681 0.053750813722 cfg1 2 1 0 0 na na
10 64034.636350289460 0.053750309314 cfg1 2 1 0 0 na na
10 64034.668350245038 0.053749986958 cfg1 2 1 0 0 na na
10 64034.847350337065 0.053748069767 cfg1 2 1 0 0 na na
10 64034.981350318561 0.053746612811 cfg1 2 1 0 0 na na
10 64034.997350341153 0.053746438096 cfg1 2 1 0 0 na na
10 64035.024350345610 0.053746145687 cfg1 2 1 0 0 na na
10 64035.081350350313 0.053745559016 cfg1 2 1 0 0 na na
10 64035.082350347694 0.053745525275 cfg1 2 1 0 0 na na
10 64035.089350277833 0.053745454449 cfg1 2 1 0 0 na na
10 64035.238350311839 0.053743873585 cfg1 2 1 0 0 na na
10 64035.247350300187 0.053743773771 cfg1 2 1 0 0 na na
10 64035.318350319425 0.053742991388 cfg1 2 1 0 0 na na
10 64035.341350296040 0.053742744752 cfg1 2 1 0 0 na na
10 64035.357350280255 0.053742566044 cfg1 2 1 0 0 na na
10 64035.362350342375 0.053742538861 cfg1 2 1 0 0 na na
10 64035.365350255654 0.053742504706 cfg1 2 1 0 0 na na
10 64035.368350352962 0.053742455192 cfg1 2 1 0 0 na na
10 64035.574350288415 0.053740261703 cfg1 2 1 0 0 na na
10 64035.693350317828 0.053738979210 cfg1 2 1 0 0 na na
10 64035.703350279339 0.053738852946 cfg1 2 1 0 0 na na
10 64035.734350336118 0.053738532023 cfg1 2 1 0 0 na na
10 64035.740350241139 0.053738480759 cfg1 2 1 0 0 na na
10 64035.743350266496 0.053738425485 cfg1 2 1 0 0 na na
10 64035.761350271077 0.053738258906 cfg1 2 1 0 0 na na
10 64035.868350314233 0.053737098241 cfg1 2 1 0 0 na na
10 64035.918350279377 0.053736547695 cfg1 2 1 0 0 na na
10 64035.943350303127 0.053736303296 cfg1 2 1 0 0 na na
10 64036.056350254922 0.053735077179 cfg1 2 1 0 0 na na
10 64036.066350346333 0.053734963934 cfg1 2 1 0 0 na na
10 64036.103350271329 0.053734571295 cfg1 2 1 0 0 na na
10 64036.154350264977 0.053734033898 cfg1 2 1 0 0 na na
10 64036.216350321393 0.053733367544 cfg1 2 1 0 0 na na
10 64036.278350255797 0.053732696116 cfg1 2 1 0 0 na na
10 64036.298350256426 0.053732480409 cfg1 2 1 0 0 na na
10 64036.311350334752 0.053732347783 cfg1 2 1 0 0 na na
10 64036.564350301102 0.053729633081 cfg1 2 1 0 0 na na
10 64036.725350266321 0.053727890487 cfg1 2 1 0 0 na na
10 64036.753350301781 0.053727590292 cfg1 2 1 0 0 na na
10 64036.827350289622 0.053726813267 cfg1 2 1 0 0 na na
10 64036.900350257796 0.053726024102 cfg1 2 1 0 0 na na
10 64036.954350309534 0.053725452204 cfg1 2 1 0 0 na na
10 64037.039350293857 0.053724531057 cfg1 2 1 0 0 na na
10 64037.049350311821 0.053724415531 cfg1 2 1 0 0 na na
10 64037.081350323985 0.053724071606 cfg1 2 1 0 0 na na
10 64037.084350265174 0.053724052125 cfg1 2 1 0 0 na na
10 64037.095350318340 0.053723934589 cfg1 2 1 0 0 na na
10 64037.158350333216 0.053723271477 cfg1 2 1 0 0 na na
10 64037.191350268297 0.053722917287 cfg1 2 1 0 0 na na
10 64037.227350252677 0.053722519317 cfg1 2 1 0 0 na na
10 64037.253350254200 0.053722242586 cfg1 2 1 0 0 na na
10 64037.327350332861 0.053721449459 cfg1 2 1 0 0 na na
10 64037.444350316364 0.053720189340 cfg1 2 1 0 0 na na
10 64037.590350265231 0.053718616804 cfg1 2 1 0 0 na na
10 64037.610350361102 0.053718425590 cfg1 2 1 0 0 na na
10 64037.729350337196 0.053717124391 cfg1 2 1 0 0 na na
10 64037.766350300340 0.053716729646 cfg1 2 1 0 0 na na
10 64037.850350293885 0.053715838433 cfg1 2 1 0 0 na na
10 64037.952350351197 0.053714755004 cfg1 2 1 0 0 na na
10 64037.976350369704 0.053714487229 cfg1 2 1 0 0 na na
10 64038.035350304842 0.053713859910 cfg1 2 1 0 0 na na
10 64038.274350323718 0.053711289541 cfg1 2 1 0 0 na na
10 64038.280350310662 0.053711236360 cfg1 2 1 0 0 na na
10 64038.328350302836 0.053710726432 cfg1 2 1 0 0 na na
10 64038.351350304637 0.053710461199 cfg1 2 1 0 0 na na
10 64038.383350342339 0.053710130056 cfg1 2 1 0 0 na na
10 64038.504350337269 0.053708820539 cfg1 2 1 0 0 na na
10 64038.562350304710 0.053708200663 cfg1 2 1 0 0 na na
10 64038.604350324349 0.053707751572 cfg1 2 1 0 0 na na
10 64038.720350332211 0.053706507748 cfg1 2 1 0 0 na na
10 64038.918350332377 0.053704414083 cfg1 2 1 0 0 na na
10 64038.922350235845 0.053704371005 cfg1 2 1 0 0 na na
10 64038.964350258443 0.053703916966 cfg1 2 1 0 0 na na
10 64039.021350288277 0.053703304176 cfg1 2 1 0 0 na na
10 64039.028350337308 0.053703227999 cfg1 2 1 0 0 na na
10 64039.082350246048 0.053702651015 cfg1 2 1 0 0 na na
10 64039.141350359520 0.053701996982 cfg1 2 1 0 0 na na
10 64039.202350365526 0.053701346208 cfg1 2 1 0 0 na na
10 64039.205350284881 0.053701338459 cfg1 2 1 0 0 na na
10 64039.246350296537 0.053700876806 cfg1 2 1 0 0 na na
10 64039.265350302819 0.053700698864 cfg1 2 1 0 0 na na
10 64039.414350280161 0.053699101945 cfg1 2 1 0 0 na na
10 64039.441350250657 0.053698801245 cfg1 2 1 0 0 na na
10 64039.676350300194 0.053696292754 cfg1 2 1 0 0 na na
10 64039.715350311339 0.053695873096 cfg1 2 1 0 0 na na
10 64039.729350314886 0.053695714141 cfg1 2 1 0 0 na na
10 64039.762350360799 0.053695360036 cfg1 2 1 0 0 na na
10 64039.788350325756 0.053695100387 cfg1 2 1 0 0 na na
10 64039.807350269327 0.053694872587 cfg1 2 1 0 0 na na
10 64039.885350317575 0.053694048785 cfg1 2 1 0 0 na na
10 64039.926350263281 0.053693603905 cfg1 2 1 0 0 na na
10 64039.955350300916 0.053693313370 cfg1 2 1 0 0 na na
10 64039.983350320248 0.053693009027 cfg1 2 1 0 0 na na
10 64040.043350289183 0.053692352453 cfg1 2 1 0 0 na na
10 64040.056350293187 0.053692230101 cfg1 2 1 0 0 na na
10 64040.189350270574 0.053690781265 cfg1 2 1 0 0 na na
10 64040.285350321386 0.053689780226 cfg1 2 1 0 0 na na
10 64040.320350336038 0.053689403837 cfg1 2 1 0 0 na na
10 64040.342350294252 0.053689167270 cfg1 2 1 0 0 na na
10 64040.423350337083 0.053688290851 cfg1 2 1 0 0 na na
10 64040.446350309890 0.053688049838 cfg1 2 1 0 0 na na
10 64040.477350281475 0.053687707052 cfg1 2 1 0 0 na na
10 64040.560350265543 0.053686822250 cfg1 2 1 0 0 na na
10 64040.633350281856 0.053686044680 cfg1 2 1 0 0 na na
10 64040.635350309960 0.053686026522 cfg1 2 1 0 0 na na
10 64040.666350252328 0.053685699413 cfg1 2 1 0 0 na na
10 64040.676350300021 0.053685584390 cfg1 2 1 0 0 na na
10 64040.696350315458 0.053685379033 cfg1 2 1 0 0 na na
10 64040.877350310334 0.053683451069 cfg1 2 1 0 0 na na
10 64040.925350305420 0.053682915876 cfg1 2 1 0 0 na na
10 64041.009350350188 0.053682037457 cfg1 2 1 0 0 na na
10 64041.117350317085 0.053680883663 cfg1 2 1 0 0 na na
10 64041.218350264691 0.053679791958 cfg1 2 1 0 0 na na
10 64041.251350285617 0.053679451799 cfg1 2 1 0 0 na na
10 64041.297350265313 0.053678936915 cfg1 2 1 0 0 na na
10 64041.334350323994 0.053678559751 cfg1 2 1 0 0 na na
10 64041.495350299387 0.053676842639 cfg1 2 1 0 0 na na
10 64041.513350279790 0.053676649169 cfg1 2 1 0 0 na na
10 64041.722350342162 0.053674396873 cfg1 2 1 0 0 na na
10 64041.727350337787 0.053674339229 cfg1 2 1 0 0 na na
10 64041.867350312249 0.053672862892 cfg1 2 1 0 0 na na
10 64041.882350271628 0.053672688329 cfg1 2 1 0 0 na na
10 64041.944350285232 0.053672026637 cfg1 2 1 0 0 na na
10 64041.967350316322 0.053671776473 cfg1 2 1 0 0 na na
10 64042.069350296662 0.053670712146 cfg1 2 1 0 0 na na
10 64042.140350340829 0.053669940428 cfg1 2 1 0 0 na na
10 64042.271350321116 0.053668532602 cfg1 2 1 0 0 na na
10 64042.279350305083 0.053668463923 cfg1 2 1 0 0 na na
10 64042.310350343053 0.053668136983 cfg1 2 1 0 0 na na
10 64042.312350299409 0.053668106799 cfg1 2 1 0 0 na na
10 64042.429350390837 0.053666864851 cfg1 2 1 0 0 na na
10 64042.457350318722 0.053666550999 cfg1 2 1 0 0 na na
10 64042.492350288100 0.053666184263 cfg1 2 1 0 0 na na
10 64042.515350290822 0.053665932672 cfg1 2 1 0 0 na na
10 64042.599350262484 0.053665029575 cfg1 2 1 0 0 na na
10 64042.600350319710 0.053665032847 cfg1 2 1 0 0 na na
10 64042.664350293393 0.053664342358 cfg1 2 1 0 0 na na
10 64042.705350351414 0.053663913306 cfg1 2 1 0 0 na na
10 64042.707350317076 0.053663872473 cfg1 2 1 0 0 na na
10 64042.723350288434 0.053663727093 cfg1 2 1 0 0 na na
10 64042.743350339989 0.053663494799 cfg1 2 1 0 0 na na
10 64042.959350325569 0.053661195557 cfg1 2 1 0 0 na na
10 64042.964350288560 0.053661138594 cfg1 2 1 0 0 na na
10 64042.991350298474 0.053660853563 cfg1 2 1 0 0 na na
10 64043.027350310112 0.053660466822 cfg1 2 1 0 0 na na
10 64043.091350318121 0.053659772654 cfg1 2 1 0 0 na na
10 64043.110350325433 0.053659574182 cfg1 2 1 0 0 na na
10 64043.123350393818 0.053659430752 cfg1 2 1 0 0 na na
10 64043.142350312450 0.053659236335 cfg1 2 1 0 0 na na
10 64043.284350340374 0.053657722751 cfg1 2 1 0 0 na na
10 64043.292350359193 0.053657625116 cfg1 2 1 0 0 na na
10 64043.345350336562 0.053657071873 cfg1 2 1 0 0 na na
10 64043.347350296739 0.053657040009 cfg1 2 1 0 0 na na
10 64043.410350360148 0.053656394973 cfg1 2 1 0 0 na na
10 64043.425350347677 0.053656210405 cfg1 2 1 0 0 na na
10 64043.466350281266 0.053655774626 cfg1 2 1 0 0 na na
10 64043.472350314105 0.053655725518 cfg1 2 1 0 0 na na
10 64043.497350314163 0.053655449659 cfg1 2 1 0 0 na na
10 64043.514350325825 0.053655268728 cfg1 2 1 0 0 na na
10 64043.673350344270 0.053653579613 cfg1 2 1 0 0 na na
10 64043.684350255327 0.053653451626 cfg1 2 1 0 0 na na
10 64043.699350307880 0.053653285244 cfg1 2 1 0 0 na na
10 64043.987350250728 0.053650229108 cfg1 2 1 0 0 na na
10 64044.006350350671 0.053650027426 cfg1 2 1 0 0 na na
10 64044.053350241378 0.053649530583 cfg1 2 1 0 0 na na
10 64044.055350303155 0.053649488793 cfg1 2 1 0 0 na na
10 64044.070350263712 0.053649333960 cfg1 2 1 0 0 na na
10 64044.156350319617 0.053648429495 cfg1 2 1 0 0 na na
10 64044.219350372521 0.053647764474 cfg1 2 1 0 0 na na
10 64044.240350285395 0.053647528163 cfg1 2 1 0 0 na na
10 64044.246350287254 0.053647463924 cfg1 2 1 0 0 na na
10 64044.281350264022 0.053647078012 cfg1 2 1 0 0 na na
10 64044.325350290957 0.053646621098 cfg1 2 1 0 0 na na
10 64044.363350306064 0.053646210014 cfg1 2 1 0 0 na na
10 64044.424350320456 0.053645559394 cfg1 2 1 0 0 na na
10 64044.429350275981 0.053645523811 cfg1 2 1 0 0 na na
10 64044.592350319648 0.053643765313 cfg1 2 1 0 0 na na
10 64044.612350252395 0.053643559461 cfg1 2 1 0 0 na na
10 64044.718350348765 0.053642420210 cfg1 2 1 0 0 na na
10 64044.722350296442 0.053642376820 cfg1 2 1 0 0 na na
10 64044.977350342978 0.053639679225 cfg1 2 1 0 0 na na
10 64045.131350331083 0.053638014970 cfg1 2 1 0 0 na na
10 64045.134350303831 0.053637992099 cfg1 2 1 0 0 na na
10 64045.185350321130 0.053637461132 cfg1 2 1 0 0 na na
10 64045.366350288343 0.053635529273 cfg1 2 1 0 0 na na
10 64045.438350312298 0.053634755910 cfg1 2 1 0 0 na na
10 64045.457350267796 0.053634544935 cfg1 2 1 0 0 na na
10 64045.478350272474 0.053634314421 cfg1 2 1 0 0 na na
10 64045.480350314970 0.053634300319 cfg1 2 1 0 0 na na
10 64045.541350297451 0.053633653699 cfg1 2 1 0 0 na na
10 64045.570350322993 0.053633358226 cfg1 2 1 0 0 na na
10 64045.577350265645 0.053633266324 cfg1 2 1 0 0 na na
10 64045.708350318441 0.053631866771 cfg1 2 1 0 0 na na
10 64045.709350325829 0.053631863253 cfg1 2 1 0 0 na na
10 64045.721350302240 0.053631732904 cfg1 2 1 0 0 na na
10 64045.745350344902 0.053631496290 cfg1 2 1 0 0 na na
10 64045.792350320797 0.053630980897 cfg1 2 1 0 0 na na
10 64045.836350248534 0.053630523320 cfg1 2 1 0 0 na na
10 64045.983350276999 0.053628936619 cfg1 2 1 0 0 na na
10 64046.011350316728 0.053628648387 cfg1 2 1 0 0 na na
10 64046.025350244328 0.053628512289 cfg1 2 1 0 0 na na
10 64046.031350264051 0.053628427900 cfg1 2 1 0 0 na na
10 64046.043350304950 0.053628318263 cfg1 2 1 0 0 na na
10 64046.114350290612 0.053627551934 cfg1 2 1 0 0 na na
10 64046.195350292916 0.053626681814 cfg1 2 1 0 0 na na
10 64046.230350321833 0.053626330974 cfg1 2 1 0 0 na na
10 64046.292350345556 0.053625664265 cfg1 2 1 0 0 na na
10 64046.326350261632 0.053625290261 cfg1 2 1 0 0 na na
10 64046.399350306968 0.053624506353 cfg1 2 1 0 0 na na
10 64046.433350302446 0.053624144191 cfg1 2 1 0 0 na na
10 64046.511350285085 0.053623337166 cfg1 2 1 0 0 na na
10 64046.571350271508 0.053622690765 cfg1 2 1 0 0 na na
10 64046.582350261942 0.053622560156 cfg1 2 1 0 0 na na
10 64046.590350265874 0.053622471051 cfg1 2 1 0 0 na na
10 64046.777350336334 0.053620480050 cfg1 2 1 0 0 na na
10 64046.852350303951 0.053619685645 cfg1 2 1 0 0 na na
10 64046.892350322459 0.053619260262 cfg1 2 1 0 0 na na
10 64047.006350301972 0.053618061300 cfg1 2 1 0 0 na na
10 64047.012350325292 0.053617990947 cfg1 2 1 0 0 na na
10 64047.058350300591 0.053617513408 cfg1 2 1 0 0 na na
10 64047.335350345642 0.053614558271 cfg1 2 1 0 0 na na
10 64047.345350259993 0.053614453999 cfg1 2 1 0 0 na na
10 64047.376350273164 0.053614105895 cfg1 2 1 0 0 na na
10 64047.387350254094 0.053614002545 cfg1 2 1 0 0 na na
10 64047.504350292076 0.053612759386 cfg1 2 1 0 0 na na
10 64047.589350339129 0.053611862510 cfg1 2 1 0 0 na na
10 64047.615350293343 0.053611588759 cfg1 2 1 0 0 na na
10 64047.670350379043 0.053611007042 cfg1 2 1 0 0 na na
10 64047.778350347424 0.053609851491 cfg1 2 1 0 0 na na
10 64047.780350329708 0.053609826814 cfg1 2 1 0 0 na na
10 64047.821350321911 0.053609395459 cfg1 2 1 0 0 na na
10 64047.835350339115 0.053609237190 cfg1 2 1 0 0 na na
10 64047.838350328209 0.053609209183 cfg1 2 1 0 0 na na
10 64047.849350316750 0.053609089565 cfg1 2 1 0 0 na na
10 64047.884350284221 0.053608722288 cfg1 2 1 0 0 na na
10 64047.937350251044 0.053608155755 cfg1 2 1 0 0 na na
10 64048.050350251590 0.053606955372 cfg1 2 1 0 0 na na
10 64048.128350333020 0.053606133863 cfg1 2 1 0 0 na na
10 64048.192350346213 0.053605449601 cfg1 2 1 0 0 na na
10 64048.215350287061 0.053605211277 cfg1 2 1 0 0 na na
10 64048.255350347517 0.053604778884 cfg1 2 1 0 0 na na
10 64048.261350283746 0.053604697088 cfg1 2 1 0 0 na na
10 64048.272350247718 0.053604599231 cfg1 2 1 0 0 na na
10 64048.299350323860 0.053604315597 cfg1 2 1 0 0 na na
10 64048.304350269032 0.053604249643 cfg1 2 1 0 0 na na
10 64048.460350329036 0.053602590018 cfg1 2 1 0 0 na na
10 64048.489350309885 0.053602282191 cfg1 2 1 0 0 na na
10 64048.571350272150 0.053601403596 cfg1 2 1 0 0 na na
10 64048.638350348961 0.053600705109 cfg1 2 1 0 0 na na
10 64048.639350282014 0.053600676081 cfg1 2 1 0 0 na na
10 64048.666350296235 0.053600412001 cfg1 2 1 0 0 na na
10 64048.850350253152 0.053598448985 cfg1 2 1 0 0 na na
10 64048.874350320480 0.053598193300 cfg1 2 1 0 0 na na
10 64048.954350268505 0.053597328444 cfg1 2 1 0 0 na na
10 64049.003350279598 0.053596826305 cfg1 2 1 0 0 na na
10 64049.004350319757 0.053596822215 cfg1 2 1 0 0 na na
10 64049.093350298534 0.053595879036 cfg1 2 1 0 0 na na
10 64049.382350260716 0.053592788299 cfg1 2 1 0 0 na na
10 64049.387350336180 0.053592752384 cfg1 2 1 0 0 na na
10 64049.594350251669 0.053590545147 cfg1 2 1 0 0 na na
10 64049.604350264684 0.053590428758 cfg1 2 1 0 0 na na
10 64049.638350310283 0.053590072987 cfg1 2 1 0 0 na na
10 64049.672350265892 0.053589701122 cfg1 2 1 0 0 na na
10 64049.678350322247 0.053589648930 cfg1 2 1 0 0 na na
10 64049.686350274543 0.053589559315 cfg1 2 1 0 0 na na
10 64049.706350315019 0.053589356902 cfg1 2 1 0 0 na na
10 64049.770350378598 0.053588682604 cfg1 2 1 0 0 na na
10 64049.962350322214 0.053586619905 cfg1 2 1 0 0 na na
10 64050.035350243096 0.053585868865 cfg1 2 1 0 0 na na
10 64050.092350274813 0.053585260393 cfg1 2 1 0 0 na na
10 64050.190350318477 0.053584221913 cfg1 2 1 0 0 na na
10 64050.239350290651 0.053583688379 cfg1 2 1 0 0 na na
10 64050.276350314921 0.053583311801 cfg1 2 1 0 0 na na
10 64050.416350281839 0.053581828183 cfg1 2 1 0 0 na na
10 64050.444350292399 0.053581530415 cfg1 2 1 0 0 na na
10 64050.511350265711 0.053580790995 cfg1 2 1 0 0 na na
10 64050.534350296274 0.053580561334 cfg1 2 1 0 0 na na
10 64050.708350258644 0.053578715499 cfg1 2 1 0 0 na na
10 64050.735350253172 0.053578442054 cfg1 2 1 0 0 na na
10 64050.871350315006 0.053576987681 cfg1 2 1 0 0 na na
10 64051.018350321326 0.053575438095 cfg1 2 1 0 0 na na
10 64051.099350281369 0.053574573447 cfg1 2 1 0 0 na na
10 64051.258350300785 0.053572887201 cfg1 2 1 0 0 na na
10 64051.350350282477 0.053571898662 cfg1 2 1 0 0 na na
10 64051.385350292874 0.053571529175 cfg1 2 1 0 0 na na
10 64051.452350307760 0.053570832990 cfg1 2 1 0 0 na na
10 64051.580350267892 0.053569449108 cfg1 2 1 0 0 na na
10 64051.620350311463 0.053569045203 cfg1 2 1 0 0 na na
10 64051.719350295360 0.053567974374 cfg1 2 1 0 0 na na
10 64051.788350260090 0.053567251617 cfg1 2 1 0 0 na na
10 64051.817350318112 0.053566949593 cfg1 2 1 0 0 na na
10 64051.956350336569 0.053565472138 cfg1 2 1 0 0 na na
10 64051.976350338446 0.053565268070 cfg1 2 1 0 0 na na
10 64052.106350296310 0.053563874934 cfg1 2 1 0 0 na na
10 64052.130350329342 0.053563645328 cfg1 2 1 0 0 na na
10 64052.134350319547 0.053563576199 cfg1 2 1 0 0 na na
10 64052.157350282425 0.053563342854 cfg1 2 1 0 0 na na
10 64052.179350292803 0.053563107713 cfg1 2 1 0 0 na na
10 64052.241350352389 0.053562452315 cfg1 2 1 0 0 na na
10 64052.250350317656 0.053562356102 cfg1 2 1 0 0 na na
10 64052.359350322391 0.053561189284 cfg1 2 1 0 0 na na
10 64052.438350330444 0.053560353077 cfg1 2 1 0 0 na na
10 64052.477350302928 0.053559949653 cfg1 2 1 0 0 na na
10 64052.726350295459 0.053557326814 cfg1 2 1 0 0 na na
10 64052.887350301526 0.053555615794 cfg1 2 1 0 0 na na
10 64052.891350341173 0.053555558317 cfg1 2 1 0 0 na na
10 64052.935350314438 0.053555095406 cfg1 2 1 0 0 na na
10 64053.028350321783 0.053554126287 cfg1 2 1 0 0 na na
10 64053.079350258498 0.053553578911 cfg1 2 1 0 0 na na
10 64053.200350330408 0.053552280420 cfg1 2 1 0 0 na na
10 64053.244350354482 0.053551818063 cfg1 2 1 0 0 na na
10 64053.287350251787 0.053551375249 cfg1 2 1 0 0 na na
10 64053.332350303161 0.053550892628 cfg1 2 1 0 0 na na
10 64053.370350263128 0.053550483790 cfg1 2 1 0 0 na na
10 64053.403350336269 0.053550133417 cfg1 2 1 0 0 na na
10 64053.434350337728 0.053549807519 cfg1 2 1 0 0 na na
10 64053.485350337097 0.053549287489 cfg1 2 1 0 0 na na
10 64053.730350326623 0.053546665848 cfg1 2 1 0 0 na na
10 64053.819350291005 0.053545737786 cfg1 2 1 0 0 na na
10 64053.849350338085 0.053545433633 cfg1 2 1 0 0 na na
10 64054.001350297500 0.053543819637 cfg1 2 1 0 0 na na
10 64054.031350358251 0.053543497748 cfg1 2 1 0 0 na na
10 64054.200350302002 0.053541690515 cfg1 2 1 0 0 na na
10 64054.266350289839 0.053541018796 cfg1 2 1 0 0 na na
10 64054.307350253292 0.053540568616 cfg1 2 1 0 0 na na
10 64054.330350318519 0.053540324180 cfg1 2 1 0 0 na na
10 64054.400350275610 0.053539581928 cfg1 2 1 0 0 na na
10 64054.409350254685 0.053539492873 cfg1 2 1 0 0 na na
10 64054.428350321427 0.053539286781 cfg1 2 1 0 0 na na
10 64054.432350327725 0.053539240111 cfg1 2 1 0 0 na na
10 64054.447350263809 0.053539078090 cfg1 2 1 0 0 na na
10 64054.502350306255 0.053538520062 cfg1 2 1 0 0 na na
10 64054.547350346750 0.053538037555 cfg1 2 1 0 0 na na
10 64054.569350321951 0.053537796613 cfg1 2 1 0 0 na na
10 64054.572350303725 0.053537775781 cfg1 2 1 0 0 na na
10 64054.595350254955 0.053537522097 cfg1 2 1 0 0 na na
10 64054.657350327401 0.053536875150 cfg1 2 1 0 0 na na
10 64054.668350309904 0.053536741419 cfg1 2 1 0 0 na na
10 64054.831350328412 0.053535026395 cfg1 2 1 0 0 na na
10 64055.030350327720 0.053532913570 cfg1 2 1 0 0 na na
10 64055.084350261276 0.053532355495 cfg1 2 1 0 0 na na
10 64055.092350364491 0.053532269309 cfg1 2 1 0 0 na na
10 64055.132350267168 0.053531829774 cfg1 2 1 0 0 na na
10 64055.149350321287 0.053531665379 cfg1 2 1 0 0 na na
10 64055.213350303232 0.053530974555 cfg1 2 1 0 0 na na
10 64055.227350340062 0.053530839675 cfg1 2 1 0 0 na na
10 64055.385350313226 0.053529179227 cfg1 2 1 0 0 na na
10 64055.429350291005 0.053528716744 cfg1 2 1 0 0 na na
10 64055.430350292174 0.053528705305 cfg1 2 1 0 0 na na
10 64055.696350354887 0.053525886023 cfg1 2 1 0 0 na na
10 64055.709350317752 0.053525742322 cfg1 2 1 0 0 na na
10 64055.714350342715 0.053525682150 cfg1 2 1 0 0 na na
10 64055.897350339698 0.053523766362 cfg1 2 1 0 0 na na
10 64055.947350356035 0.053523231266 cfg1 2 1 0 0 na na
10 64055.998350290520 0.053522701374 cfg1 2 1 0 0 na na
10 64056.245350339405 0.053520064006 cfg1 2 1 0 0 na na
10 64056.322350351553 0.053519249650 cfg1 2 1 0 0 na na
10 64056.328350288698 0.053519188213 cfg1 2 1 0 0 na na
10 64056.360350321300 0.053518873401 cfg1 2 1 0 0 na na
10 64056.426350353641 0.053518162669 cfg1 2 1 0 0 na na
10 64056.446350317357 0.053517951135 cfg1 2 1 0 0 na na
10 64056.501350323722 0.053517363872 cfg1 2 1 0 0 na na
10 64056.539350339753 0.053516963460 cfg1 2 1 0 0 na na
10 64056.608350344907 0.053516244419 cfg1 2 1 0 0 na na
10 64056.626350280634 0.053516049964 cfg1 2 1 0 0 na na
10 64056.732350286776 0.053514927566 cfg1 2 1 0 0 na na
10 64056.742350316497 0.053514838489 cfg1 2 1 0 0 na na
10 64056.987350319014 0.053512244168 cfg1 2 1 0 0 na na
10 64057.010350313245 0.053512000774 cfg1 2 1 0 0 na na
10 64057.026350292677 0.053511834310 cfg1 2 1 0 0 na na
10 64057.075350300154 0.053511294792 cfg1 2 1 0 0 na na
10 64057.222350283854 0.053509749145 cfg1 2 1 0 0 na na
10 64057.226350316146 0.053509716775 cfg1 2 1 0 0 na na
10 64057.270350308040 0.053509250692 cfg1 2 1 0 0 na na
10 64057.458350319150 0.053507274267 cfg1 2 1 0 0 na na
10 64057.492350351701 0.053506910040 cfg1 2 1 0 0 na na
10 64057.518350364859 0.053506623692 cfg1 2 1 0 0 na na
10 64057.535350304170 0.053506460830 cfg1 2 1 0 0 na na
10 64057.557350343285 0.053506223603 cfg1 2 1 0 0 na na
10 64057.580350302681 0.053505963975 cfg1 2 1 0 0 na na
10 64057.632350299215 0.053505426137 cfg1 2 1 0 0 na na
10 64057.637350298935 0.053505373427 cfg1 2 1 0 0 na na
10 64057.696350346095 0.053504758980 cfg1 2 1 0 0 na na
10 64057.736350327133 0.053504336450 cfg1 2 1 0 0 na na
10 64057.747350249270 0.053504217815 cfg1 2 1 0 0 na na
10 64057.792350299574 0.053503752682 cfg1 2 1 0 0 na na
10 64058.073350354718 0.053500779724 cfg1 2 1 0 0 na na
10 64058.321350341722 0.053498146998 cfg1 2 1 0 0 na na
10 64058.333350312494 0.053498041036 cfg1 2 1 0 0 na na
10 64058.352350260853 0.053497840420 cfg1 2 1 0 0 na na
10 64058.365350288550 0.053497705001 cfg1 2 1 0 0 na na
10 64058.374350252711 0.053497599108 cfg1 2 1 0 0 na na
10 64058.478350295963 0.053496495597 cfg1 2 1 0 0 na na
10 64058.563350345009 0.053495601027 cfg1 2 1 0 0 na na
10 64058.587350290745 0.053495360933 cfg1 2 1 0 0 na na
10 64058.640350362983 0.053494798235 cfg1 2 1 0 0 na na
10 64058.681350338433 0.053494367914 cfg1 2 1 0 0 na na
10 64058.836350311893 0.053492714691 cfg1 2 1 0 0 na na
10 64058.904350306833 0.053491998920 cfg1 2 1 0 0 na na
10 64058.927350310903 0.053491780264 cfg1 2 1 0 0 na na
10 64058.939350320246 0.053491638627 cfg1 2 1 0 0 na na
10 64059.019350331065 0.053490781256 cfg1 2 1 0 0 na na
10 64059.137350305413 0.053489561323 cfg1 2 1 0 0 na na
10 64059.192350317246 0.053488962925 cfg1 2 1 0 0 na na
10 64059.206350290925 0.053488831771 cfg1 2 1 0 0 na na
10 64059.288350263704 0.053487948038 cfg1 2 1 0 0 na na
10 64059.385350297721 0.053486935283 cfg1 2 1 0 0 na na
10 64059.390350280366 0.053486869074 cfg1 2 1 0 0 na na
10 64059.391350265312 0.053486861654 cfg1 2 1 0 0 na na
10 64059.402350256919 0.053486754890 cfg1 2 1 0 0 na na
10 64059.498350303470 0.053485750743 cfg1 2 1 0 0 na na
10 64059.562350262885 0.053485066646 cfg1 2 1 0 0 na na
10 64059.602350270489 0.053484656086 cfg1 2 1 0 0 na na
10 64059.605350310695 0.053484609000 cfg1 2 1 0 0 na na
10 64059.608350353818 0.053484585090 cfg1 2 1 0 0 na na
10 64059.772350320727 0.053482847122 cfg1 2 1 0 0 na na
10 64059.834350239958 0.053482216663 cfg1 2 1 0 0 na na
10 64059.840350287038 0.053482153239 cfg1 2 1 0 0 na na
10 64059.978350340355 0.053480673418 cfg1 2 1 0 0 na na
10 64060.157350328649 0.053478810839 cfg1 2 1 0 0 na na
10 64060.250350260320 0.053477816444 cfg1 2 1 0 0 na na
10 64060.308350327998 0.053477218057 cfg1 2 1 0 0 na na
10 64060.361350331899 0.053476647319 cfg1 2 1 0 0 na na
10 64060.378350293149 0.053476485996 cfg1 2 1 0 0 na na
10 64060.567350323258 0.053474472619 cfg1 2 1 0 0 na na
10 64060.766350339746 0.053472391372 cfg1 2 1 0 0 na na
10 64060.867350287332 0.053471334660 cfg1 2 1 0 0 na na
10 64060.896350258291 0.053471013647 cfg1 2 1 0 0 na na
10 64060.981350316318 0.053470120064 cfg1 2 1 0 0 na na
10 64061.008350333072 0.053469834799 cfg1 2 1 0 0 na na
10 64061.120350327069 0.053468648946 cfg1 2 1 0 0 na na
10 64061.191350336950 0.053467912848 cfg1 2 1 0 0 na na
10 64061.217350288561 0.053467652463 cfg1 2 1 0 0 na na
10 64061.254350291362 0.053467263008 cfg1 2 1 0 0 na na
10 64061.281350257151 0.053466959705 cfg1 2 1 0 0 na na
10 64061.362350260882 0.053466106246 cfg1 2 1 0 0 na na
10 64061.496350286693 0.053464700851 cfg1 2 1 0 0 na na
10 64061.505350290102 0.053464604256 cfg1 2 1 0 0 na na
10 64061.525350314125 0.053464393941 cfg1 2 1 0 0 na na
10 64061.596350337577 0.053463652410 cfg1 2 1 0 0 na na
10 64061.899350280226 0.053460462905 cfg1 2 1 0 0 na na
10 64061.977350312690 0.053459651835 cfg1 2 1 0 0 na na
10 64062.002350275885 0.053459375132 cfg1 2 1 0 0 na na
10 64062.049350296321 0.053458890886 cfg1 2 1 0 0 na na
10 64062.053350367132 0.053458855173 cfg1 2 1 0 0 na na
10 64062.161350307471 0.053457694738 cfg1 2 1 0 0 na na
10 64062.198350266330 0.053457310847 cfg1 2 1 0 0 na na
10 64062.638350262717 0.053452679356 cfg1 2 1 0 0 na na
10 64062.740350266293 0.053451614003 cfg1 2 1 0 0 na na
10 64062.812350314640 0.053450852533 cfg1 2 1 0 0 na na
10 64062.958350252166 0.053449324797 cfg1 2 1 0 0 na na
10 64062.968350302865 0.053449227337 cfg1 2 1 0 0 na na
10 64063.006350302419 0.053448827210 cfg1 2 1 0 0 na na
10 64063.102350331466 0.053447815697 cfg1 2 1 0 0 na na
10 64063.109350301799 0.053447733983 cfg1 2 1 0 0 na na
10 64063.131350305410 0.053447495828 cfg1 2 1 0 0 na na
10 64063.185350327072 0.053446951210 cfg1 2 1 0 0 na na
10 64063.329350266578 0.053445417797 cfg1 2 1 0 0 na na
10 64063.379350323887 0.053444912784 cfg1 2 1 0 0 na na
10 64063.383350260995 0.053444850756 cfg1 2 1 0 0 na na
10 64063.581350341258 0.053442779524 cfg1 2 1 0 0 na na
10 64063.688350346834 0.053441649599 cfg1 2 1 0 0 na na
10 64063.798350328707 0.053440492392 cfg1 2 1 0 0 na na
10 64063.843350303668 0.053440021302 cfg1 2 1 0 0 na na
10 64063.856350292581 0.053439896947 cfg1 2 1 0 0 na na
10 64063.890350271479 0.053439543614 cfg1 2 1 0 0 na na
10 64063.911350321639 0.053439295959 cfg1 2 1 0 0 na na
10 64063.931350336879 0.053439086363 cfg1 2 1 0 0 na na
10 64063.935350260175 0.053439060195 cfg1 2 1 0 0 na na
10 64064.048350243316 0.053437882436 cfg1 2 1 0 0 na na
10 64064.066350301496 0.053437667975 cfg1 2 1 0 0 na na
10 64064.158350354825 0.053436700302 cfg1 2 1 0 0 na na
10 64064.184350334219 0.053436442164 cfg1 2 1 0 0 na na
10 64064.206350329393 0.053436218106 cfg1 2 1 0 0 na na
10 64064.403350286752 0.053434133261 cfg1 2 1 0 0 na na
10 64064.409350289972 0.053434076601 cfg1 2 1 0 0 na na
10 64064.418350282772 0.053433994324 cfg1 2 1 0 0 na na
10 64064.434350267119 0.053433804896 cfg1 2 1 0 0 na na
10 64064.552350281578 0.053432591843 cfg1 2 1 0 0 na na
10 64064.637350319842 0.053431698421 cfg1 2 1 0 0 na na
10 64064.654350337247 0.053431504250 cfg1 2 1 0 0 na na
10 64064.751350305167 0.053430485887 cfg1 2 2 0 0 na na
10 64064.786350285090 0.053430123332 cfg1 2 1 0 0 na na
10 64064.791350263327 0.053430061890 cfg1 2 1 0 0 na na
10 64064.796350328336 0.053430011137 cfg1 2 1 0 0 na na
10 64064.997350329710 0.053427898390 cfg1 2 1 0 0 na na
10 64065.059350297108 0.053427256564 cfg1 2 1 0 0 na na
10 64065.126350263739 0.053426553691 cfg1 2 1 0 0 na na
10 64065.145350318164 0.053426352235 cfg1 2 1 0 0 na na
10 64065.170350262279 0.053426079603 cfg1 2 1 0 0 na na
10 64065.193350327412 0.053425859948 cfg1 2 1 0 0 na na
10 64065.236350253786 0.053425397947 cfg1 2 1 0 0 na na
10 64065.252350260756 0.053425221229 cfg1 2 1 0 0 na na
10 64065.447350316910 0.053423195168 cfg1 2 1 0 0 na na
10 64065.466350312655 0.053422999021 cfg1 2 1 0 0 na na
10 64065.552350309629 0.053422085729 cfg1 2 1 0 0 na na
10 64065.641350309906 0.053421136231 cfg1 2 1 0 0 na na
10 64065.727350297831 0.053420239596 cfg1 2 1 0 0 na na
10 64065.753350319912 0.053419973060 cfg1 2 1 0 0 na na
10 64065.848350334379 0.053418985586 cfg1 2 1 0 0 na na
10 64065.892350307638 0.053418523927 cfg1 2 1 0 0 na na
10 64066.083350265145 0.053416519134 cfg1 2 1 0 0 na na
10 64066.252350316261 0.053414748198 cfg1 2 1 0 0 na na
10 64066.269350312345 0.053414559403 cfg1 2 1 0 0 na na
10 64066.401350311942 0.053413178326 cfg1 2 1 0 0 na na
10 64066.470350317244 0.053412453002 cfg1 2 1 0 0 na na
10 64066.473350318818 0.053412437316 cfg1 2 1 0 0 na na
10 64066.570350310597 0.053411393329 cfg1 2 1 0 0 na na
10 64066.640350262557 0.053410680921 cfg1 2 1 0 0 na na
10 64066.777350301487 0.053409242569 cfg1 2 1 0 0 na na
10 64066.844350242352 0.053408544584 cfg1 2 1 0 0 na na
10 64066.862350261222 0.053408344651 cfg1 2 1 0 0 na na
10 64066.869350326477 0.053408266886 cfg1 2 1 0 0 na na
10 64066.897350280997 0.053407982066 cfg1 2 1 0 0 na na
10 64067.062350330128 0.053406263877 cfg1 2 1 0 0 na na
10 64067.107350324564 0.053405786047 cfg1 2 1 0 0 na na
10 64067.290350279880 0.053403850998 cfg1 2 1 0 0 na na
10 64067.313350278946 0.053403609980 cfg1 2 1 0 0 na na
10 64067.318350316564 0.053403554753 cfg1 2 1 0 0 na na
10 64067.327350291060 0.053403461432 cfg1 2 1 0 0 na na
10 64067.366350267200 0.053403054803 cfg1 2 1 0 0 na na
10 64067.448350357005 0.053402211881 cfg1 2 1 0 0 na na
10 64067.452350307652 0.053402154686 cfg1 2 1 0 0 na na
10 64067.544350300473 0.053401191539 cfg1 2 1 0 0 na na
10 64067.582350319879 0.053400788916 cfg1 2 1 0 0 na na
10 64067.669350294124 0.053399883039 cfg1 2 1 0 0 na na
10 64067.711350300427 0.053399451862 cfg1 2 1 0 0 na na
10 64067.787350259223 0.053398658717 cfg1 2 1 0 0 na na
10 64067.801350272769 0.053398517111 cfg1 2 1 0 0 na na
10 64067.809350315898 0.053398431607 cfg1 2 1 0 0 na na
10 64067.844350318071 0.053398067326 cfg1 2 1 0 0 na na
10 64067.857350376079 0.053397926262 cfg1 2 1 0 0 na na
10 64067.878350297616 0.053397704074 cfg1 2 1 0 0 na na
10 64067.967350310586 0.053396784398 cfg1 2 1 0 0 na na
10 64068.036350281891 0.053396051047 cfg1 2 1 0 0 na na
10 64068.179350270270 0.053394536773 cfg1 2 1 0 0 na na
10 64068.197350293140 0.053394360670 cfg1 2 1 0 0 na na
10 64068.204350258442 0.053394288519 cfg1 2 1 0 0 na na
10 64068.258350295481 0.053393736759 cfg1 2 1 0 0 na na
10 64068.304350348442 0.053393238767 cfg1 2 1 0 0 na na
10 64068.987350305156 0.053386085143 cfg1 2 1 0 0 na na
10 64144.990350273637 0.052615396642 cfg1 2 1 0 0 na na
10 64146.004350303521 0.052605439827 cfg1 2 1 0 0 na na
10 64146.120350276236 0.052604306395 cfg1 2 1 0 0 na na
10 64146.132350302644 0.052604179452 cfg1 2 1 0 0 na na
10 64146.160350268785 0.052603899251 cfg1 2 1 0 0 na na
10 64146.209350266942 0.052603423779 cfg1 2 1 0 0 na na
10 64146.239350279957 0.052603149896 cfg1 2 1 0 0 na na
10 64146.572350336615 0.052599864258 cfg1 2 1 0 0 na na
10 64146.573350280971 0.052599863221 cfg1 2 1 0 0 na na
10 64146.608350259477 0.052599523069 cfg1 2 1 0 0 na na
10 64146.703350296069 0.052598594635 cfg1 2 1 0 0 na na
10 64146.719350265260 0.052598434019 cfg1 2 1 0 0 na na
10 64146.822350258996 0.052597429286 cfg1 2 1 0 0 na na
10 64146.999350280682 0.052595695128 cfg1 2 1 0 0 na na
10 64147.047350292999 0.052595234129 cfg1 2 1 0 0 na na
10 64147.145350290557 0.052594258577 cfg1 2 1 0 0 na na
10 64147.156350288718 0.052594145807 cfg1 2 1 0 0 na na
10 64147.381350290478 0.052591964689 cfg1 2 1 0 0 na na
10 64147.441350334746 0.052591362359 cfg1 2 1 0 0 na na
10 64147.444350266321 0.052591320593 cfg1 2 1 0 0 na na
10 64147.477350321232 0.052590998635 cfg1 2 1 0 0 na na
10 64147.539350267048 0.052590389591 cfg1 2 1 0 0 na na
10 64147.543350346700 0.052590377041 cfg1 2 1 0 0 na na
10 64147.553350277988 0.052590260247 cfg1 2 1 0 0 na na
10 64147.881350291184 0.052587067895 cfg1 2 1 0 0 na na
10 64147.975350296019 0.052586146850 cfg1 2 1 0 0 na na
10 64148.024350261314 0.052585669239 cfg1 2 1 0 0 na na
10 64148.091350252760 0.052585003824 cfg1 2 1 0 0 na na
10 64148.108350251580 0.052584840368 cfg1 2 1 0 0 na na
10 64148.219350307250 0.052583746507 cfg1 2 1 0 0 na na
10 64148.252350271895 0.052583417092 cfg1 2 1 0 0 na na
10 64148.272350339949 0.052583221602 cfg1 2 1 0 0 na na
10 64148.284350332540 0.052583099182 cfg1 2 1 0 0 na na
10 64148.304350263116 0.052582913739 cfg1 2 1 0 0 na na
10 64148.403350332362 0.052581949090 cfg1 2 1 0 0 na na
10 64148.439350332202 0.052581610171 cfg1 2 1 0 0 na na
10 64148.458350279467 0.052581406693 cfg1 2 1 0 0 na na
10 64148.561350253609 0.052580408417 cfg1 2 1 0 0 na na
10 64148.621350294187 0.052579822917 cfg1 2 1 0 0 na na
10 64148.640350267282 0.052579619672 cfg1 2 1 0 0 na na
10 64148.698350299629 0.052579071939 cfg1 2 1 0 0 na na
10 64148.758350295944 0.052578483269 cfg1 2 1 0 0 na na
10 64148.899350305758 0.052577100579 cfg1 2 1 0 0 na na
10 64148.965350319765 0.052576451933 cfg1 2 1 0 0 na na
10 64149.006350256823 0.052576054982 cfg1 2 1 0 0 na na
10 64149.009350268298 0.052576013575 cfg1 2 1 0 0 na na
10 64149.151350269301 0.052574642286 cfg1 2 1 0 0 na na
10 64149.217350252380 0.052574000622 cfg1 2 1 0 0 na na
10 64149.418350299920 0.052572028346 cfg1 2 1 0 0 na na
10 64149.566350246987 0.052570589932 cfg1 2 1 0 0 na na
10 64149.788350301956 0.052568407191 cfg1 2 1 0 0 na na
10 64149.827350309238 0.052568023139 cfg1 2 1 0 0 na na
10 64149.892350293474 0.052567389742 cfg1 2 1 0 0 na na
10 64149.932350321177 0.052567015277 cfg1 2 1 0 0 na na
10 64149.967350321788 0.052566671268 cfg1 2 1 0 0 na na
10 64150.108350281569 0.052565271935 cfg1 2 1 0 0 na na
10 64150.118350278137 0.052565201134 cfg1 2 1 0 0 na na
10 64150.140350265973 0.052564978169 cfg1 2 1 0 0 na na
10 64150.325350348491 0.052563167482 cfg1 2 1 0 0 na na
10 64150.331350274237 0.052563123336 cfg1 2 1 0 0 na na
10 64150.385350257272 0.052562574610 cfg1 2 1 0 0 na na
10 64150.408350328079 0.052562360321 cfg1 2 1 0 0 na na
10 64150.585350339343 0.052560629504 cfg1 2 1 0 0 na na
10 64150.641350275208 0.052560074073 cfg1 2 1 0 0 na na
10 64150.787350281943 0.052558670891 cfg1 2 1 0 0 na na
10 64150.809350332632 0.052558442873 cfg1 2 1 0 0 na na
10 64150.822350252949 0.052558318970 cfg1 2 1 0 0 na na
10 64150.848350309109 0.052558074063 cfg1 2 1 0 0 na na
10 64150.906350305097 0.052557511370 cfg1 2 1 0 0 na na
10 64150.947350277592 0.052557084319 cfg1 2 1 0 0 na na
10 64151.064350313884 0.052555951991 cfg1 2 1 0 0 na na
10 64151.068350363378 0.052555914553 cfg1 2 1 0 0 na na
10 64151.160350363661 0.052555012202 cfg1 2 1 0 0 na na
10 64151.219350308683 0.052554454785 cfg1 2 1 0 0 na na
10 64151.241350316742 0.052554221405 cfg1 2 1 0 0 na na
10 64151.248350267736 0.052554158621 cfg1 2 1 0 0 na na
10 64151.311350292230 0.052553531346 cfg1 2 1 0 0 na na
10 64151.325350330020 0.052553401956 cfg1 2 1 0 0 na na
10 64151.532350293195 0.052551384364 cfg1 2 1 0 0 na na
10 64151.576350271489 0.052550945277 cfg1 2 1 0 0 na na
10 64151.783350339577 0.052548939007 cfg1 2 2 0 0 na na
10 64151.878350294939 0.052548013054 cfg1 2 1 0 0 na na
10 64151.946350273053 0.052547338709 cfg1 2 1 0 0 na na
10 64151.947350347186 0.052547333715 cfg1 2 1 0 0 na na
10 64151.969350301471 0.052547138829 cfg1 2 1 0 0 na na
10 64152.036350293976 0.052546472277 cfg1 2 1 0 0 na na
10 64152.100350295696 0.052545863990 cfg1 2 1 0 0 na na
10 64152.174350286793 0.052545139188 cfg1 2 1 0 0 na na
10 64152.204350296576 0.052544837862 cfg1 2 1 0 0 na na
10 64152.237350268408 0.052544528245 cfg1 2 1 0 0 na na
10 64152.412350307360 0.052542815988 cfg1 2 1 0 0 na na
10 64152.439350267901 0.052542540782 cfg1 2 1 0 0 na na
10 64152.475350292024 0.052542185833 cfg1 2 1 0 0 na na
10 64152.499350266773 0.052541962340 cfg1 2 1 0 0 na na
10 64152.538350320812 0.052541584236 cfg1 2 1 0 0 na na
10 64152.543350318359 0.052541543354 cfg1 2 1 0 0 na na
10 64152.592350291249 0.052541070850 cfg1 2 1 0 0 na na
10 64152.624350290300 0.052540754914 cfg1 2 1 0 0 na na
10 64152.632350284811 0.052540680707 cfg1 2 1 0 0 na na
10 64152.689350270781 0.052540096203 cfg1 2 1 0 0 na na
10 64152.918350237723 0.052537894258 cfg1 2 1 0 0 na na
10 64153.160350299934 0.052535533004 cfg1 2 1 0 0 na na
10 64153.170350294187 0.052535426041 cfg1 2 1 0 0 na na
10 64153.221350258588 0.052534923265 cfg1 2 1 0 0 na na
10 64153.269350302908 0.052534464840 cfg1 2 1 0 0 na na
10 64153.355350311773 0.052533622640 cfg1 2 1 0 0 na na
10 64153.380350326780 0.052533378474 cfg1 2 1 0 0 na na
10 64153.526350301660 0.052531954294 cfg1 2 1 0 0 na na
10 64153.562350295858 0.052531597380 cfg1 2 1 0 0 na na
10 64153.624350259672 0.052531017735 cfg1 2 1 0 0 na na
10 64153.640350271357 0.052530836543 cfg1 2 1 0 0 na na
10 64153.680350316860 0.052530467577 cfg1 2 1 0 0 na na
10 64153.699350276205 0.052530274063 cfg1 2 1 0 0 na na
10 64153.731350291989 0.052529970723 cfg1 2 1 0 0 na na
10 64153.765350290535 0.052529620927 cfg1 2 1 0 0 na na
10 64153.785350359860 0.052529436633 cfg1 2 1 0 0 na na
10 64153.804350266941 0.052529239928 cfg1 2 1 0 0 na na
10 64153.812350303706 0.052529170168 cfg1 2 1 0 0 na na
10 64153.878350294977 0.052528522720 cfg1 2 1 0 0 na na
10 64153.894350351765 0.052528382449 cfg1 2 1 0 0 na na
10 64153.927350276793 0.052528063880 cfg1 2 1 0 0 na na
10 64154.109350259886 0.052526282008 cfg1 2 1 0 0 na na
10 64154.238350318116 0.052525035161 cfg1 2 1 0 0 na na
10 64154.299350343219 0.052524439982 cfg1 2 1 0 0 na na
10 64154.406350302969 0.052523399774 cfg1 2 1 0 0 na na
10 64154.421350348533 0.052523247212 cfg1 2 1 0 0 na na
10 64154.476350391831 0.052522703615 cfg1 2 1 0 0 na na
10 64154.529350257743 0.052522198803 cfg1 2 1 0 0 na na
10 64154.535350327325 0.052522151327 cfg1 2 1 0 0 na na
10 64154.846350389746 0.052519130146 cfg1 2 1 0 0 na na
10 64154.931350321116 0.052518297699 cfg1 2 1 0 0 na na
10 64155.078350278602 0.052516871363 cfg1 2 1 0 0 na na
10 64155.159350257460 0.052516069311 cfg1 2 1 0 0 na na
10 64155.271350295262 0.052514980096 cfg1 2 1 0 0 na na
10 64155.293350334691 0.052514763013 cfg1 2 1 0 0 na na
10 64155.301350316611 0.052514691041 cfg1 2 1 0 0 na na
10 64155.369350287496 0.052514045079 cfg1 2 1 0 0 na na
10 64155.391350300541 0.052513808809 cfg1 2 1 0 0 na na
10 64155.410350344921 0.052513636572 cfg1 2 1 0 0 na na
10 64155.461350316271 0.052513136085 cfg1 2 1 0 0 na na
10 64155.471350330264 0.052513035237 cfg1 2 1 0 0 na na
10 64155.571350284658 0.052512071493 cfg1 2 1 0 0 na na
10 64155.690350283504 0.052510902170 cfg1 2 1 0 0 na na
10 64155.697350280801 0.052510837852 cfg1 2 1 0 0 na na
10 64155.741350256651 0.052510415239 cfg1 2 1 0 0 na na
10 64155.794350384304 0.052509900579 cfg1 2 2 0 0 na na
10 64155.861350327182 0.052509247258 cfg1 2 1 0 0 na na
10 64155.862350266903 0.052509251825 cfg1 2 1 0 0 na na
10 64155.998350252306 0.052507919696 cfg1 2 1 0 0 na na
10 64156.114350299433 0.052506788620 cfg1 2 1 0 0 na na
10 64156.493350302066 0.052503127306 cfg1 2 1 0 0 na na
10 64156.499350317940 0.052503058397 cfg1 2 1 0 0 na na
10 64156.603350305404 0.052502044151 cfg1 2 1 0 0 na na
10 64156.627350244061 0.052501822917 cfg1 2 1 0 0 na na
10 64156.669350318603 0.052501391212 cfg1 2 1 0 0 na na
10 64156.759350361981 0.052500530396 cfg1 2 1 0 0 na na
10 64156.821350299763 0.052499937714 cfg1 2 1 0 0 na na
10 64156.869350247465 0.052499469467 cfg1 2 1 0 0 na na
10 64156.930350341060 0.052498869602 cfg1 2 1 0 0 na na
10 64156.969350339885 0.052498496980 cfg1 2 1 0 0 na na
10 64157.001350363631 0.052498194557 cfg1 2 1 0 0 na na
10 64157.133350367756 0.052496897251 cfg1 2 1 0 0 na na
10 64157.146350304945 0.052496783168 cfg1 2 1 0 0 na na
10 64157.150350319547 0.052496744109 cfg1 2 1 0 0 na na
10 64157.171350356961 0.052496546944 cfg1 2 1 0 0 na na
10 64157.203350297253 0.052496230824 cfg1 2 1 0 0 na na
10 64157.239350317943 0.052495865680 cfg1 2 1 0 0 na na
10 64157.273350335875 0.052495531298 cfg1 2 1 0 0 na na
10 64157.418350311493 0.052494140489 cfg1 2 1 0 0 na na
10 64157.519350301121 0.052493159192 cfg1 2 1 0 0 na na
10 64157.575350273862 0.052492615281 cfg1 2 1 0 0 na na
10 64157.638350320285 0.052492005900 cfg1 2 1 0 0 na na
10 64157.756350309969 0.052490855091 cfg1 2 1 0 0 na na
10 64157.784350264574 0.052490597695 cfg1 2 1 0 0 na na
10 64157.870350281500 0.052489762070 cfg1 2 1 0 0 na na
10 64157.978350275320 0.052488692819 cfg1 2 1 0 0 na na
10 64158.116350295793 0.052487363591 cfg1 2 1 0 0 na na
10 64158.150350286657 0.052487049843 cfg1 2 1 0 0 na na
10 64158.208350364782 0.052486486541 cfg1 2 1 0 0 na na
10 64158.284350316137 0.052485742362 cfg1 2 1 0 0 na na
10 64158.308350285238 0.052485505384 cfg1 2 1 0 0 na na
10 64158.333350306061 0.052485263342 cfg1 2 1 0 0 na na
10 64158.443350265767 0.052484208184 cfg1 2 1 0 0 na na
10 64158.467350335187 0.052483957024 cfg1 2 1 0 0 na na
10 64158.484350311751 0.052483807938 cfg1 2 1 0 0 na na
10 64158.519350281671 0.052483477973 cfg1 2 1 0 0 na na
10 64158.533350330876 0.052483338747 cfg1 2 1 0 0 na na
10 64158.552350330631 0.052483136108 cfg1 2 1 0 0 na na
10 64158.874350282834 0.052480019065 cfg1 2 1 0 0 na na
10 64159.046350260723 0.052478371580 cfg1 2 1 0 0 na na
10 64159.196350326959 0.052476915137 cfg1 2 1 0 0 na na
10 64159.206350274865 0.052476801231 cfg1 2 1 0 0 na na
10 64159.293350275112 0.052475956260 cfg1 2 1 0 0 na na
10 64159.321350255520 0.052475706598 cfg1 2 1 0 0 na na
10 64159.331350306291 0.052475595543 cfg1 2 1 0 0 na na
10 64159.358350262239 0.052475345121 cfg1 2 1 0 0 na na
10 64159.386350338719 0.052475067746 cfg1 2 1 0 0 na na
10 64159.395350349453 0.052474975469 cfg1 2 1 0 0 na na
10 64159.400350254639 0.052474934388 cfg1 2 1 0 0 na na
10 64159.421350266223 0.052474733227 cfg1 2 1 0 0 na na
10 64159.602350304292 0.052472969910 cfg1 2 1 0 0 na na
10 64159.644350321714 0.052472578104 cfg1 2 1 0 0 na na
10 64159.681350250624 0.052472211474 cfg1 2 1 0 0 na na
10 64159.687350278812 0.052472143852 cfg1 2 1 0 0 na na
10 64159.706350308743 0.052471954338 cfg1 2 1 0 0 na na
10 64159.765350347260 0.052471395077 cfg1 2 1 0 0 na na
10 64159.782350293452 0.052471238426 cfg1 2 1 0 0 na na
10 64159.784350320934 0.052471201103 cfg1 2 1 0 0 na na
10 64159.831350265011 0.052470746665 cfg1 2 1 0 0 na na
10 64159.907350294576 0.052470018161 cfg1 2 1 0 0 na na
10 64159.911350312227 0.052469977425 cfg1 2 1 0 0 na na
10 64159.919350356571 0.052469911977 cfg1 2 1 0 0 na na
10 64159.948350317576 0.052469612032 cfg1 2 1 0 0 na na
10 64160.067350295022 0.052468482359 cfg1 2 1 0 0 na na
10 64160.079350242494 0.052468364442 cfg1 2 1 0 0 na na
10 64160.084350305655 0.052468300574 cfg1 2 1 0 0 na na
10 64160.103350263773 0.052468113268 cfg1 2 1 0 0 na na
10 64160.285350331359 0.052466378621 cfg1 2 1 0 0 na na
10 64160.390350325311 0.052465340397 cfg1 2 1 0 0 na na
10 64160.394350276954 0.052465317914 cfg1 2 1 0 0 na na
10 64160.419350325664 0.052465071008 cfg1 2 1 0 0 na na
10 64160.481350284583 0.052464479133 cfg1 2 1 0 0 na na
10 64160.685350346301 0.052462487688 cfg1 2 1 0 0 na na
10 64160.718350302420 0.052462176324 cfg1 2 1 0 0 na na
10 64160.795350280116 0.052461431020 cfg1 2 1 0 0 na na
10 64160.820350308845 0.052461177317 cfg1 2 1 0 0 na na
10 64160.834350324661 0.052461060319 cfg1 2 1 0 0 na na
10 64160.850350271954 0.052460895995 cfg1 2 1 0 0 na na
10 64160.870350350923 0.052460704278 cfg1 2 1 0 0 na na
10 64160.962350328988 0.052459811808 cfg1 2 1 0 0 na na
10 64161.072350323796 0.052458749271 cfg1 2 1 0 0 na na
10 64161.230350261886 0.052457238254 cfg1 2 1 0 0 na na
10 64161.287350324126 0.052456668114 cfg1 2 1 0 0 na na
10 64161.307350313895 0.052456484954 cfg1 2 1 0 0 na na
10 64161.315350343044 0.052456407377 cfg1 2 1 0 0 na na
10 64161.346350291965 0.052456111382 cfg1 2 1 0 0 na na
10 64161.407350289346 0.052455506012 cfg1 2 1 0 0 na na
10 64161.413350266826 0.052455444936 cfg1 2 1 0 0 na na
10 64161.428350358090 0.052455318946 cfg1 2 1 0 0 na na
10 64161.522350259527 0.052454397308 cfg1 2 1 0 0 na na
10 64161.535350252769 0.052454279085 cfg1 2 1 0 0 na na
10 64161.595350301823 0.052453695725 cfg1 2 1 0 0 na na
10 64161.613350289059 0.052453524422 cfg1 2 1 0 0 na na
10 64161.766350262929 0.052452039328 cfg1 2 1 0 0 na na
10 64161.867350314017 0.052451072365 cfg1 2 1 0 0 na na
10 64161.887350309876 0.052450862645 cfg1 2 1 0 0 na na
10 64162.011350333178 0.052449671943 cfg1 2 1 0 0 na na
10 64162.115350319818 0.052448663978 cfg1 2 1 0 0 na na
10 64162.176350277534 0.052448082952 cfg1 2 1 0 0 na na
10 64162.187350264391 0.052447967418 cfg1 2 1 0 0 na na
10 64162.289350336714 0.052446993720 cfg1 2 1 0 0 na na
10 64162.312350246805 0.052446780145 cfg1 2 1 0 0 na na
10 64162.334350280645 0.052446568370 cfg1 2 1 0 0 na na
10 64162.465350313270 0.052445291576 cfg1 2 1 0 0 na na
10 64162.540350265819 0.052444561176 cfg1 2 1 0 0 na na
10 64162.837350318533 0.052441699749 cfg1 2 1 0 0 na na
10 64162.911350295005 0.052440982123 cfg1 2 1 0 0 na na
10 64162.915350326089 0.052440948629 cfg1 2 1 0 0 na na
10 64163.156350306420 0.052438616438 cfg1 2 1 0 0 na na
10 64163.177350304805 0.052438410587 cfg1 2 1 0 0 na na
10 64163.383350327372 0.052436428964 cfg1 2 1 0 0 na na
10 64163.591350320855 0.052434431459 cfg1 2 1 0 0 na na
10 64163.718350254952 0.052433207185 cfg1 2 1 0 0 na na
10 64163.854350286896 0.052431887247 cfg1 2 1 0 0 na na
10 64163.949350299860 0.052430961501 cfg1 2 1 0 0 na na
10 64163.963350332276 0.052430842012 cfg1 2 1 0 0 na na
10 64164.072350265246 0.052429776713 cfg1 2 1 0 0 na na
10 64164.077350292078 0.052429740120 cfg1 2 1 0 0 na na
10 64164.115350298082 0.052429374636 cfg1 2 1 0 0 na na
10 64164.189350361117 0.052428658330 cfg1 2 1 0 0 na na
10 64164.257350285490 0.052428011003 cfg1 2 1 0 0 na na
10 64164.326350266740 0.052427339328 cfg1 2 1 0 0 na na
10 64164.373350303211 0.052426887147 cfg1 2 1 0 0 na na
10 64164.393350352240 0.052426703424 cfg1 2 1 0 0 na na
10 64164.478350268093 0.052425883465 cfg1 2 1 0 0 na na
10 64164.490350297365 0.052425752526 cfg1 2 1 0 0 na na
10 64164.534350349691 0.052425328917 cfg1 2 1 0 0 na na
10 64164.556350346658 0.052425112091 cfg1 2 1 0 0 na na
10 64164.564350319494 0.052425041391 cfg1 2 1 0 0 na na
10 64164.639350307289 0.052424333408 cfg1 2 1 0 0 na na
10 64164.676350356793 0.052423961265 cfg1 2 1 0 0 na na
10 64164.775350247703 0.052423024325 cfg1 2 1 0 0 na na
10 64164.867350287534 0.052422136326 cfg1 2 1 0 0 na na
10 64164.947350331956 0.052421371824 cfg1 2 1 0 0 na na
10 64165.038350298494 0.052420474564 cfg1 2 1 0 0 na na
10 64165.090350262959 0.052419973996 cfg1 2 1 0 0 na na
10 64165.121350323690 0.052419689286 cfg1 2 1 0 0 na na
10 64165.151350366859 0.052419382397 cfg1 2 1 0 0 na na
10 64165.208350278718 0.052418833098 cfg1 2 1 0 0 na na
10 64165.266350312038 0.052418283380 cfg1 2 1 0 0 na na
10 64165.431350354595 0.052416682825 cfg1 2 1 0 0 na na
10 64165.467350264313 0.052416342562 cfg1 2 1 0 0 na na
10 64165.556350300323 0.052415484687 cfg1 2 1 0 0 na na
10 64165.702350281826 0.052414090011 cfg1 2 1 0 0 na na
10 64165.740350274054 0.052413719900 cfg1 2 1 0 0 na na
10 64165.758350316941 0.052413540864 cfg1 2 1 0 0 na na
10 64165.824350319049 0.052412924355 cfg1 2 1 0 0 na na
10 64165.835350294665 0.052412796046 cfg1 2 1 0 0 na na
10 64165.858350257768 0.052412590597 cfg1 2 1 0 0 na na
10 64165.930350295733 0.052411898025 cfg1 2 1 0 0 na na
10 64165.967350252120 0.052411539880 cfg1 2 1 0 0 na na
10 64166.033350267918 0.052410888753 cfg1 2 1 0 0 na na
10 64166.041350245710 0.052410838480 cfg1 2 1 0 0 na na
10 64166.189350247921 0.052409408668 cfg1 2 1 0 0 na na
10 64166.296350351335 0.052408374185 cfg1 2 1 0 0 na na
10 64166.322350253845 0.052408123035 cfg1 2 1 0 0 na na
10 64166.350350335493 0.052407839077 cfg1 2 1 0 0 na na
10 64166.447350279090 0.052406912302 cfg1 2 1 0 0 na na
10 64166.465350324459 0.052406754553 cfg1 2 1 0 0 na na
10 64166.534350308871 0.052406084561 cfg1 2 1 0 0 na na
10 64166.539350329648 0.052406049030 cfg1 2 1 0 0 na na
10 64166.546350335839 0.052405959875 cfg1 2 1 0 0 na na
10 64166.552350238026 0.052405924002 cfg1 2 1 0 0 na na
10 64166.590350329973 0.052405545018 cfg1 2 1 0 0 na na
10 64166.789350297641 0.052403634878 cfg1 2 1 0 0 na na
10 64166.857350284344 0.052402974581 cfg1 2 1 0 0 na na
10 64166.932350324369 0.052402269833 cfg1 2 1 0 0 na na
10 64166.941350285342 0.052402164745 cfg1 2 1 0 0 na na
10 64167.019350315555 0.052401427130 cfg1 2 1 0 0 na na
10 64167.372350293709 0.052398014730 cfg1 2 1 0 0 na na
10 64167.525350296999 0.052396566186 cfg1 2 1 0 0 na na
10 64167.532350276017 0.052396491199 cfg1 2 1 0 0 na na
10 64167.583350323054 0.052396012205 cfg1 2 1 0 0 na na
10 64167.628350343561 0.052395564838 cfg1 2 1 0 0 na na
10 64167.651350306599 0.052395331033 cfg1 2 1 0 0 na na
10 64167.940350308302 0.052392574285 cfg1 2 1 0 0 na na
10 64167.985350275007 0.052392124645 cfg1 2 1 0 0 na na
10 64168.129350323127 0.052390756463 cfg1 2 1 0 0 na na
10 64168.142350297760 0.052390625741 cfg1 2 1 0 0 na na
10 64168.167350304834 0.052390389532 cfg1 2 1 0 0 na na
10 64168.179350312639 0.052390281954 cfg1 2 1 0 0 na na
10 64168.180350323695 0.052390250312 cfg1 2 1 0 0 na na
10 64168.247350310585 0.052389619886 cfg1 2 1 0 0 na na
10 64168.267350261192 0.052389440637 cfg1 2 1 0 0 na na
10 64168.292350311360 0.052389198644 cfg1 2 1 0 0 na na
10 64168.395350333142 0.052388197911 cfg1 2 1 0 0 na na
10 64168.440350299992 0.052387770593 cfg1 2 1 0 0 na na
10 64168.577350270244 0.052386436692 cfg1 2 1 0 0 na na
10 64168.626350283798 0.052385977364 cfg1 2 1 0 0 na na
10 64168.631350270445 0.052385921404 cfg1 2 1 0 0 na na
10 64168.661350313707 0.052385652413 cfg1 2 1 0 0 na na
10 64168.735350255745 0.052384936114 cfg1 2 1 0 0 na na
10 64168.772350326487 0.052384590352 cfg1 2 1 0 0 na na
10 64168.823350317736 0.052384087880 cfg1 2 1 0 0 na na
10 64168.990350298307 0.052382483945 cfg1 2 1 0 0 na na
10 64169.018350285759 0.052382227774 cfg1 2 1 0 0 na na
10 64169.021350260594 0.052382198779 cfg1 2 1 0 0 na na
10 64169.024350328012 0.052382166354 cfg1 2 1 0 0 na na
10 64169.116350290849 0.052381286203 cfg1 2 1 0 0 na na
10 64169.160350317543 0.052380863607 cfg1 2 1 0 0 na na
10 64169.373350260026 0.052378825314 cfg1 2 1 0 0 na na
10 64169.409350292536 0.052378462729 cfg1 2 1 0 0 na na
10 64169.430350289445 0.052378263650 cfg1 2 1 0 0 na na
10 64169.546350319621 0.052377161037 cfg1 2 1 0 0 na na
10 64169.554350249581 0.052377082433 cfg1 2 1 0 0 na na
10 64169.619350298154 0.052376464542 cfg1 2 1 0 0 na na
10 64169.712350315993 0.052375547551 cfg1 2 1 0 0 na na
10 64169.768350337816 0.052375022571 cfg1 2 1 0 0 na na
10 64169.790350280351 0.052374816768 cfg1 2 1 0 0 na na
10 64169.820350327578 0.052374538414 cfg1 2 1 0 0 na na
10 64169.826350307065 0.052374482320 cfg1 2 1 0 0 na na
10 64169.862350346494 0.052374133253 cfg1 2 1 0 0 na na
10 64169.892350275934 0.052373824104 cfg1 2 1 0 0 na na
10 64169.980350303666 0.052372983002 cfg1 2 1 0 0 na na
10 64170.001350262907 0.052372779131 cfg1 2 1 0 0 na na
10 64170.026350277913 0.052372536449 cfg1 2 1 0 0 na na
10 64170.105350299476 0.052371779462 cfg1 2 1 0 0 na na
10 64170.257350342635 0.052370339985 cfg1 2 1 0 0 na na
10 64170.298350247924 0.052369957157 cfg1 2 1 0 0 na na
10 64170.329350286899 0.052369639281 cfg1 2 1 0 0 na na
10 64170.348350314537 0.052369465656 cfg1 2 1 0 0 na na
10 64170.434350287485 0.052368648415 cfg1 2 1 0 0 na na
10 64170.530350310199 0.052367721725 cfg1 2 1 0 0 na na
10 64170.710350258578 0.052365988271 cfg1 2 1 0 0 na na
10 64170.917350264385 0.052363997711 cfg1 2 1 0 0 na na
10 64171.037350285149 0.052362865808 cfg1 2 1 0 0 na na
10 64171.068350340559 0.052362553978 cfg1 2 1 0 0 na na
10 64171.132350300718 0.052361948751 cfg1 2 1 0 0 na na
10 64171.146350367801 0.052361806690 cfg1 2 1 0 0 na na
10 64171.232350287640 0.052360987541 cfg1 2 1 0 0 na na
10 64171.405350304841 0.052359341217 cfg1 2 1 0 0 na na
10 64171.445350301083 0.052358955599 cfg1 2 1 0 0 na na
10 64171.478350303302 0.052358646076 cfg1 2 1 0 0 na na
10 64171.485350308923 0.052358564559 cfg1 2 1 0 0 na na
10 64171.559350282959 0.052357856752 cfg1 2 1 0 0 na na
10 64171.646350263092 0.052357031615 cfg1 2 1 0 0 na na
10 64171.892350329145 0.052354669573 cfg1 2 1 0 0 na na
10 64171.936350321226 0.052354267190 cfg1 2 1 0 0 na na
10 64171.951350263469 0.052354113052 cfg1 2 1 0 0 na na
10 64171.984350326305 0.052353785968 cfg1 2 1 0 0 na na
10 64172.061350321467 0.052353071852 cfg1 2 1 0 0 na na
10 64172.087350279518 0.052352813768 cfg1 2 1 0 0 na na
10 64172.133350261695 0.052352383068 cfg1 2 1 0 0 na na
10 64172.262350291939 0.052351135904 cfg1 2 1 0 0 na na
10 64172.307350263450 0.052350698617 cfg1 2 1 0 0 na na
10 64172.374350272987 0.052350066816 cfg1 2 1 0 0 na na
10 64172.414350288564 0.052349668780 cfg1 2 1 0 0 na na
10 64172.419350301981 0.052349644227 cfg1 2 1 0 0 na na
10 64172.453350314157 0.052349316813 cfg1 2 1 0 0 na na
10 64172.558350320025 0.052348320219 cfg1 2 1 0 0 na na
10 64172.639350329164 0.052347539202 cfg1 2 1 0 0 na na
10 64172.712350340726 0.052346844100 cfg1 2 1 0 0 na na
10 64172.777350325185 0.052346213993 cfg1 2 1 0 0 na na
10 64172.807350355496 0.052345924559 cfg1 2 1 0 0 na na
10 64172.855350345564 0.052345462792 cfg1 2 1 0 0 na na
10 64172.865350297453 0.052345369370 cfg1 2 1 0 0 na na
10 64172.942350344952 0.052344635759 cfg1 2 1 0 0 na na
10 64172.983350266169 0.052344255672 cfg1 2 1 0 0 na na
10 64173.021350273742 0.052343878461 cfg1 2 1 0 0 na na
10 64173.104350280040 0.052343084899 cfg1 2 1 0 0 na na
10 64173.175350262032 0.052342412626 cfg1 2 1 0 0 na na
10 64173.368350279097 0.052340559714 cfg1 2 1 0 0 na na
10 64173.489350281650 0.052339397931 cfg1 2 1 0 0 na na
10 64173.573350356875 0.052338588229 cfg1 2 1 0 0 na na
10 64173.657350283470 0.052337796280 cfg1 2 1 0 0 na na
10 64173.710350373071 0.052337283693 cfg1 2 1 0 0 na na
10 64173.737350304910 0.052337028945 cfg1 2 1 0 0 na na
10 64173.766350285890 0.052336765837 cfg1 2 1 0 0 na na
10 64173.854350323153 0.052335916393 cfg1 2 1 0 0 na na
10 64174.212350357359 0.052332513289 cfg1 2 1 0 0 na na
10 64174.302350314779 0.052331638671 cfg1 2 1 0 0 na na
10 64174.428350352653 0.052330448055 cfg1 2 1 0 0 na na
10 64174.457350304333 0.052330162648 cfg1 2 1 0 0 na na
10 64174.521350343090 0.052329547947 cfg1 2 1 0 0 na na
10 64174.554350260460 0.052329226436 cfg1 2 1 0 0 na na
10 64174.594350265953 0.052328852803 cfg1 2 1 0 0 na na
10 64174.677350334278 0.052328055578 cfg1 2 1 0 0 na na
10 64174.714350287365 0.052327704530 cfg1 2 1 0 0 na na
10 64174.760350354580 0.052327276274 cfg1 2 1 0 0 na na
10 64174.794350270655 0.052326955560 cfg1 2 1 0 0 na na
10 64174.802350316644 0.052326859050 cfg1 2 1 0 0 na na
10 64174.880350275430 0.052326109276 cfg1 2 1 0 0 na na
10 64174.939350315149 0.052325561293 cfg1 2 1 0 0 na na
10 64175.008350282487 0.052324901894 cfg1 2 1 0 0 na na
10 64175.249350315377 0.052322605467 cfg1 2 1 0 0 na na
10 64175.414350274168 0.052321026540 cfg1 2 1 0 0 na na
10 64175.433350297851 0.052320849542 cfg1 2 1 0 0 na na
10 64175.484350248546 0.052320364756 cfg1 2 1 0 0 na na
10 64175.539350270181 0.052319841916 cfg1 2 1 0 0 na na
10 64175.541350355248 0.052319803330 cfg1 2 1 0 0 na na
10 64175.638350285248 0.052318886684 cfg1 2 1 0 0 na na
10 64175.672350316920 0.052318569095 cfg1 2 1 0 0 na na
10 64175.865350303060 0.052316740135 cfg1 2 1 0 0 na na
10 64175.910350335209 0.052316297580 cfg1 2 1 0 0 na na
10 64175.947350309390 0.052315943344 cfg1 2 1 0 0 na na
10 64175.948350336310 0.052315949895 cfg1 2 1 0 0 na na
10 64176.007350319310 0.052315365764 cfg1 2 1 0 0 na na
10 64176.021350286073 0.052315238555 cfg1 2 1 0 0 na na
10 64176.117350263214 0.052314313742 cfg1 2 1 0 0 na na
10 64176.127350281878 0.052314228928 cfg1 2 1 0 0 na na
10 64176.171350239900 0.052313822108 cfg1 2 1 0 0 na na
10 64176.209350315060 0.052313435749 cfg1 2 1 0 0 na na
10 64176.246350261884 0.052313103549 cfg1 2 1 0 0 na na
10 64176.264350304028 0.052312934084 cfg1 2 1 0 0 na na
10 64176.296350314005 0.052312629272 cfg1 2 1 0 0 na na
10 64176.301350273103 0.052312586466 cfg1 2 1 0 0 na na
10 64176.402350292581 0.052311615326 cfg1 2 1 0 0 na na
10 64176.411350303851 0.052311511377 cfg1 2 1 0 0 na na
10 64176.453350315153 0.052311131522 cfg1 2 1 0 0 na na
10 64176.481350312834 0.052310864592 cfg1 2 1 0 0 na na
10 64176.542350324931 0.052310280223 cfg1 2 1 0 0 na na
10 64176.603350269550 0.052309692115 cfg1 2 1 0 0 na na
10 64176.678350272122 0.052308973718 cfg1 2 1 0 0 na na
10 64176.691350312028 0.052308843481 cfg1 2 1 0 0 na na
10 64176.709350287597 0.052308673921 cfg1 2 1 0 0 na na
10 64176.767350309731 0.052308134761 cfg1 2 1 0 0 na na
10 64176.904350261383 0.052306830109 cfg1 2 1 0 0 na na
10 64177.112350259270 0.052304843128 cfg1 2 1 0 0 na na
10 64177.174350284114 0.052304243697 cfg1 2 1 0 0 na na
10 64177.185350278605 0.052304156242 cfg1 2 1 0 0 na na
10 64177.441350331827 0.052301726144 cfg1 2 1 0 0 na na
10 64177.442350316024 0.052301713183 cfg1 2 1 0 0 na na
10 64177.526350283426 0.052300912125 cfg1 2 1 0 0 na na
10 64177.552350267637 0.052300656797 cfg1 2 1 0 0 na na
10 64177.571350282180 0.052300466976 cfg1 2 1 0 0 na na
10 64177.606350291237 0.052300156902 cfg1 2 1 0 0 na na
10 64177.636350279052 0.052299857942 cfg1 2 1 0 0 na na
10 64177.662350247029 0.052299620134 cfg1 2 1 0 0 na na
10 64177.732350300771 0.052298941454 cfg1 2 1 0 0 na na
10 64177.751350279067 0.052298764356 cfg1 2 1 0 0 na na
10 64177.754350314961 0.052298724786 cfg1 2 1 0 0 na na
10 64177.915350248886 0.052297207930 cfg1 2 1 0 0 na na
10 64178.196350294335 0.052294540598 cfg1 2 1 0 0 na na
10 64178.255350290895 0.052293971238 cfg1 2 1 0 0 na na
10 64178.348350292777 0.052293082748 cfg1 2 1 0 0 na na
10 64178.354350289247 0.052293026550 cfg1 2 1 0 0 na na
10 64178.361350307294 0.052292968614 cfg1 2 1 0 0 na na
10 64178.536350303833 0.052291294541 cfg1 2 1 0 0 na na
10 64178.537350308760 0.052291271563 cfg1 2 1 0 0 na na
10 64178.631350301586 0.052290393977 cfg1 2 1 0 0 na na
10 64178.678350307632 0.052289951324 cfg1 2 1 0 0 na na
10 64178.746350310236 0.052289285792 cfg1 2 1 0 0 na na
10 64178.807350289066 0.052288720480 cfg1 2 1 0 0 na na
10 64178.825350305141 0.052288536657 cfg1 2 1 0 0 na na
10 64178.839350314757 0.052288414856 cfg1 2 1 0 0 na na
10 64179.041350314363 0.052286491290 cfg1 2 1 0 0 na na
10 64179.086350274817 0.052286066764 cfg1 2 1 0 0 na na
10 64179.116350264761 0.052285785497 cfg1 2 1 0 0 na na
10 64179.228350311498 0.052284723864 cfg1 2 1 0 0 na na
10 64179.481350278362 0.052282314145 cfg1 2 1 0 0 na na
10 64179.486350266715 0.052282255282 cfg1 2 1 0 0 na na
10 64179.508350267284 0.052282044517 cfg1 2 1 0 0 na na
10 64179.517350286398 0.052281965516 cfg1 2 1 0 0 na na
10 64179.704350265231 0.052280186621 cfg1 2 1 0 0 na na
10 64179.775350317174 0.052279534377 cfg1 2 1 0 0 na na
10 64179.908350271647 0.052278255544 cfg1 2 1 0 0 na na
10 64179.962350318104 0.052277739196 cfg1 2 1 0 0 na na
10 64180.032350289292 0.052277075599 cfg1 2 1 0 0 na na
10 64180.060350295582 0.052276811033 cfg1 2 1 0 0 na na
10 64180.189350317042 0.052275583427 cfg1 2 1 0 0 na na
10 64180.258350264417 0.052274922613 cfg1 2 1 0 0 na na
10 64180.263350313843 0.052274872334 cfg1 2 1 0 0 na na
10 64180.381350281839 0.052273778470 cfg1 2 1 0 0 na na
10 64180.411350334718 0.052273494341 cfg1 2 1 0 0 na na
10 64180.517350315835 0.052272474345 cfg1 2 1 0 0 na na
10 64180.637350262404 0.052271349384 cfg1 2 1 0 0 na na
10 64180.671350332205 0.052270999500 cfg1 2 1 0 0 na na
10 64180.815350291690 0.052269642493 cfg1 2 1 0 0 na na
10 64180.822350277873 0.052269585262 cfg1 2 1 0 0 na na
10 64180.869350302432 0.052269126102 cfg1 2 1 0 0 na na
10 64180.969350290036 0.052268176192 cfg1 2 1 0 0 na na
10 64181.185350267478 0.052266132758 cfg1 2 1 0 0 na na
10 64181.273350282973 0.052265294632 cfg1 2 1 0 0 na na
10 64181.369350311872 0.052264380475 cfg1 2 1 0 0 na na
10 64181.405350300719 0.052264048675 cfg1 2 1 0 0 na na
10 64181.498350266719 0.052263164738 cfg1 2 1 0 0 na na
10 64181.555350327756 0.052262635458 cfg1 2 1 0 0 na na
10 64181.656350261193 0.052261683246 cfg1 2 1 0 0 na na
10 64181.756350336953 0.052260726975 cfg1 2 1 0 0 na na
10 64181.794350285288 0.052260359238 cfg1 2 1 0 0 na na
10 64181.797350270927 0.052260323297 cfg1 2 1 0 0 na na
10 64181.962350315052 0.052258755183 cfg1 2 1 0 0 na na
10 64182.044350299209 0.052257985117 cfg1 2 1 0 0 na na
10 64182.075350285108 0.052257705643 cfg1 2 1 0 0 na na
10 64182.282350340464 0.052255726137 cfg1 2 1 0 0 na na
10 64182.361350296836 0.052254977604 cfg1 2 1 0 0 na na
10 64182.395350295055 0.052254669983 cfg1 2 1 0 0 na na
10 64182.470350311742 0.052253971003 cfg1 2 1 0 0 na na
10 64182.548350316890 0.052253209996 cfg1 2 1 0 0 na na
10 64182.688350321662 0.052251888804 cfg1 2 1 0 0 na na
10 64182.698350295445 0.052251807341 cfg1 2 1 0 0 na na
10 64182.974350297570 0.052249177187 cfg1 2 1 0 0 na na
10 64183.070350311885 0.052248283960 cfg1 2 1 0 0 na na
10 64183.150350260809 0.052247506218 cfg1 2 1 0 0 na na
10 64183.273350257838 0.052246348914 cfg1 2 1 0 0 na na
10 64183.281350331713 0.052246280787 cfg1 2 1 0 0 na na
10 64183.316350303412 0.052245935975 cfg1 2 1 0 0 na na
10 64183.332350267655 0.052245779221 cfg1 2 1 0 0 na na
10 64183.399350354844 0.052245163040 cfg1 2 1 0 0 na na
10 64183.409350284207 0.052245068438 cfg1 2 1 0 0 na na
10 64183.484350291219 0.052244347553 cfg1 2 1 0 0 na na
10 64183.559350311408 0.052243641434 cfg1 2 1 0 0 na na
10 64183.629350322230 0.052242984367 cfg1 2 1 0 0 na na
10 64183.635350283309 0.052242934599 cfg1 2 1 0 0 na na
10 64183.708350291238 0.052242243446 cfg1 2 1 0 0 na na
10 64183.778350293086 0.052241568841 cfg1 2 1 0 0 na na
10 64183.799350343392 0.052241381957 cfg1 2 1 0 0 na na
10 64183.808350271318 0.052241300664 cfg1 2 1 0 0 na na
10 64183.869350241522 0.052240725499 cfg1 2 1 0 0 na na
10 64183.878350310260 0.052240626797 cfg1 2 1 0 0 na na
10 64183.927350284717 0.052240168006 cfg1 2 1 0 0 na na
10 64184.023350262925 0.052239248836 cfg1 2 1 0 0 na na
10 64184.100350245046 0.052238537063 cfg1 2 1 0 0 na na
10 64184.175350310926 0.052237816058 cfg1 2 1 0 0 na na
10 64184.184350287288 0.052237728593 cfg1 2 1 0 0 na na
10 64184.195350271226 0.052237617333 cfg1 2 1 0 0 na na
10 64184.348350312456 0.052236181852 cfg1 2 1 0 0 na na
10 64184.445350287813 0.052235273653 cfg1 2 1 0 0 na na
10 64184.546350254909 0.052234307081 cfg1 2 1 0 0 na na
10 64184.574350280437 0.052234056801 cfg1 2 1 0 0 na na
10 64184.617350275116 0.052233649565 cfg1 2 1 0 0 na na
10 64184.646350313068 0.052233370525 cfg1 2 1 0 0 na na
10 64184.689350267856 0.052232944018 cfg1 2 1 0 0 na na
10 64184.813350304132 0.052231797812 cfg1 2 1 0 0 na na
10 64184.870350300568 0.052231258450 cfg1 2 1 0 0 na na
10 64184.879350317747 0.052231163060 cfg1 2 1 0 0 na na
10 64184.897350245967 0.052230995919 cfg1 2 1 0 0 na na
10 64184.906350314325 0.052230903011 cfg1 2 1 0 0 na na
10 64184.936350314637 0.052230630918 cfg1 2 1 0 0 na na
10 64185.003350292069 0.052229986479 cfg1 2 1 0 0 na na
10 64185.065350301614 0.052229416902 cfg1 2 1 0 0 na na
10 64185.128350361896 0.052228796467 cfg1 2 1 0 0 na na
10 64185.230350298839 0.052227850360 cfg1 2 1 0 0 na na
10 64185.303350325178 0.052227153445 cfg1 2 1 0 0 na na
10 64185.367350298370 0.052226557330 cfg1 2 1 0 0 na na
10 64185.395350320116 0.052226275115 cfg1 2 1 0 0 na na
10 64185.452350338817 0.052225737779 cfg1 2 1 0 0 na na
10 64185.479350336793 0.052225500728 cfg1 2 1 0 0 na na
10 64185.494350329456 0.052225347308 cfg1 2 1 0 0 na na
10 64185.593350258720 0.052224408294 cfg1 2 1 0 0 na na
10 64185.594350323403 0.052224419503 cfg1 2 1 0 0 na na
10 64185.611350315778 0.052224252346 cfg1 2 1 0 0 na na
10 64185.631350275821 0.052224053574 cfg1 2 1 0 0 na na
10 64185.660350374049 0.052223796682 cfg1 2 1 0 0 na na
10 64185.681350278304 0.052223573790 cfg1 2 1 0 0 na na
10 64185.690350302699 0.052223492828 cfg1 2 1 0 0 na na
10 64185.716350298912 0.052223258932 cfg1 2 1 0 0 na na
10 64185.742350312198 0.052223004047 cfg1 2 1 0 0 na na
10 64185.746350331137 0.052222958885 cfg1 2 1 0 0 na na
10 64185.900350309725 0.052221513120 cfg1 2 1 0 0 na na
10 64185.910350351356 0.052221431742 cfg1 2 1 0 0 na na
10 64185.919350260460 0.052221331519 cfg1 2 1 0 0 na na
10 64185.951350309206 0.052221019722 cfg1 2 1 0 0 na na
10 64185.986350298540 0.052220704042 cfg1 2 1 0 0 na na
10 64186.178350257413 0.052218900100 cfg1 2 1 0 0 na na
10 64186.471350287288 0.052216138145 cfg1 2 1 0 0 na na
10 64186.524350259484 0.052215622401 cfg1 2 1 0 0 na na
10 64186.529350279283 0.052215573849 cfg1 2 1 0 0 na na
10 64186.615350251643 0.052214770308 cfg1 2 1 0 0 na na
10 64186.667350318372 0.052214275647 cfg1 2 1 0 0 na na
10 64186.831350248228 0.052212733705 cfg1 2 1 0 0 na na
10 64186.886350323862 0.052212201878 cfg1 2 1 0 0 na na
10 64187.128350343868 0.052209916522 cfg1 2 1 0 0 na na
10 64187.162350309805 0.052209608858 cfg1 2 1 0 0 na na
10 64187.220350257737 0.052209053975 cfg1 2 1 0 0 na na
10 64187.228350341703 0.052208982138 cfg1 2 1 0 0 na na
10 64187.408350299115 0.052207294286 cfg1 2 1 0 0 na na
10 64187.464350304291 0.052206747936 cfg1 2 1 0 0 na na
10 64187.501350268229 0.052206398931 cfg1 2 1 0 0 na na
10 64187.513350267740 0.052206284113 cfg1 2 1 0 0 na na
10 64187.518350304846 0.052206240363 cfg1 2 1 0 0 na na
10 64187.600350302043 0.052205478191 cfg1 2 1 0 0 na na
10 64187.641350278867 0.052205100480 cfg1 2 1 0 0 na na
10 64187.650350283783 0.052204999947 cfg1 2 1 0 0 na na
10 64187.890350289053 0.052202745906 cfg1 2 1 0 0 na na
10 64187.907350343605 0.052202571584 cfg1 2 1 0 0 na na
10 64187.961350267732 0.052202064274 cfg1 2 1 0 0 na na
10 64188.116350324640 0.052200626437 cfg1 2 1 0 0 na na
10 64188.166350298572 0.052200155094 cfg1 2 1 0 0 na na
10 64188.285350313167 0.052199011217 cfg1 2 1 0 0 na na
10 64188.304350305961 0.052198855744 cfg1 2 1 0 0 na na
10 64188.307350333196 0.052198829640 cfg1 2 1 0 0 na na
10 64188.481350301088 0.052197162328 cfg1 2 1 0 0 na na
10 64188.532350280695 0.052196703882 cfg1 2 1 0 0 na na
10 64188.534350277903 0.052196665062 cfg1 2 1 0 0 na na
10 64188.571350285931 0.052196338052 cfg1 2 1 0 0 na na
10 64188.624350269468 0.052195817531 cfg1 2 1 0 0 na na
10 64188.736350319087 0.052194774190 cfg1 2 1 0 0 na na
10 64188.763350286467 0.052194524325 cfg1 2 1 0 0 na na
10 64188.832350329585 0.052193865539 cfg1 2 1 0 0 na na
10 64188.856350305290 0.052193631118 cfg1 2 1 0 0 na na
10 64188.898350312991 0.052193249917 cfg1 2 1 0 0 na na
10 64189.027350266151 0.052192031342 cfg1 2 1 0 0 na na
10 64189.125350270483 0.052191121161 cfg1 2 1 0 0 na na
10 64189.440350246984 0.052188155246 cfg1 2 1 0 0 na na
10 64189.539350354246 0.052187227050 cfg1 2 1 0 0 na na
10 64189.577350317918 0.052186857316 cfg1 2 1 0 0 na na
10 64189.582350288130 0.052186803645 cfg1 2 1 0 0 na na
10 64189.607350298378 0.052186575010 cfg1 2 1 0 0 na na
10 64189.726350283654 0.052185446690 cfg1 2 1 0 0 na na
10 64189.733350315017 0.052185378338 cfg1 2 1 0 0 na na
10 64189.751350321548 0.052185213027 cfg1 2 1 0 0 na na
10 64189.848350363493 0.052184308403 cfg1 2 1 0 0 na na
10 64189.856350284820 0.052184223258 cfg1 2 1 0 0 na na
10 64189.859350315620 0.052184198188 cfg1 2 1 0 0 na na
10 64189.956350357365 0.052183304270 cfg1 2 1 0 0 na na
10 64189.974350318811 0.052183114231 cfg1 2 1 0 0 na na
10 64190.049350277673 0.052182414498 cfg1 2 1 0 0 na na
10 64190.066350344385 0.052182250484 cfg1 2 1 0 0 na na
10 64190.117350309424 0.052181777632 cfg1 2 1 0 0 na na
10 64190.330350335621 0.052179765822 cfg1 2 1 0 0 na na
10 64190.375350283501 0.052179367348 cfg1 2 1 0 0 na na
10 64190.592350364811 0.052177318893 cfg1 2 1 0 0 na na
10 64190.601350295500 0.052177236275 cfg1 2 1 0 0 na na
10 64190.626350319683 0.052176997785 cfg1 2 1 0 0 na na
10 64190.668350293172 0.052176589855 cfg1 2 1 0 0 na na
10 64190.679350317475 0.052176493687 cfg1 2 1 0 0 na na
10 64190.778350305319 0.052175554708 cfg1 2 1 0 0 na na
10 64190.992350282362 0.052173545954 cfg1 2 1 0 0 na na
10 64191.000350299853 0.052173477352 cfg1 2 1 0 0 na na
10 64191.095350276300 0.052172581778 cfg1 2 1 0 0 na na
10 64191.103350344307 0.052172501670 cfg1 2 1 0 0 na na
10 64191.135350306124 0.052172223860 cfg1 2 1 0 0 na na
10 64191.206350313502 0.052171538692 cfg1 2 1 0 0 na na
10 64191.337350307001 0.052170320405 cfg1 2 1 0 0 na na
10 64191.371350357481 0.052169983779 cfg1 2 1 0 0 na na
10 64191.393350310553 0.052169784150 cfg1 2 1 0 0 na na
10 64191.425350360493 0.052169496082 cfg1 2 1 0 0 na na
10 64191.434350270115 0.052169403594 cfg1 2 1 0 0 na na
10 64191.449350268168 0.052169248697 cfg1 2 1 0 0 na na
10 64191.503350303905 0.052168744377 cfg1 2 1 0 0 na na
10 64191.525350280203 0.052168537154 cfg1 2 1 0 0 na na
10 64191.547350262778 0.052168333950 cfg1 2 1 0 0 na na
10 64191.599350350558 0.052167844453 cfg1 2 1 0 0 na na
10 64191.654350305038 0.052167336087 cfg1 2 1 0 0 na na
10 64191.767350300814 0.052166271939 cfg1 2 1 0 0 na na
10 64191.801350258714 0.052165958176 cfg1 2 1 0 0 na na
10 64191.822350326254 0.052165766856 cfg1 2 1 0 0 na na
10 64191.964350254385 0.052164432605 cfg1 2 1 0 0 na na
10 64192.026350326291 0.052163833507 cfg1 2 1 0 0 na na
10 64192.079350297108 0.052163347255 cfg1 2 1 0 0 na na
10 64192.091350301946 0.052163222180 cfg1 2 1 0 0 na na
10 64192.142350291397 0.052162756943 cfg1 2 1 0 0 na na
10 64192.183350309115 0.052162373425 cfg1 2 1 0 0 na na
10 64192.268350265487 0.052161566395 cfg1 2 1 0 0 na na
10 64192.357350366849 0.052160740493 cfg1 2 1 0 0 na na
10 64192.414350319567 0.052160202457 cfg1 2 1 0 0 na na
10 64192.467350321952 0.052159701037 cfg1 2 1 0 0 na na
10 64192.502350299946 0.052159367388 cfg1 2 1 0 0 na na
10 64192.603350323183 0.052158433198 cfg1 2 1 0 0 na na
10 64192.646350302916 0.052158026115 cfg1 2 1 0 0 na na
10 64192.682350268334 0.052157678449 cfg1 2 1 0 0 na na
10 64192.688350308023 0.052157621599 cfg1 2 1 0 0 na na
10 64192.701350319577 0.052157498191 cfg1 2 1 0 0 na na
10 64192.756350354782 0.052156985182 cfg1 2 1 0 0 na na
10 64192.762350340936 0.052156931705 cfg1 2 1 0 0 na na
10 64192.812350352411 0.052156469068 cfg1 2 2 0 0 na na
10 64192.883350260674 0.052155815114 cfg1 2 1 0 0 na na
10 64192.933350298026 0.052155347989 cfg1 2 1 0 0 na na
10 64192.937350307066 0.052155301240 cfg1 2 1 0 0 na na
10 64192.947350260462 0.052155201531 cfg1 2 1 0 0 na na
10 64192.950350280358 0.052155187137 cfg1 2 1 0 0 na na
10 64192.955350310541 0.052155131653 cfg1 2 1 0 0 na na
10 64193.042350302541 0.052154307152 cfg1 2 1 0 0 na na
10 64193.223350297404 0.052152612134 cfg1 2 1 0 0 na na
10 64193.244350274280 0.052152417712 cfg1 2 1 0 0 na na
10 64193.272350274844 0.052152155942 cfg1 2 1 0 0 na na
10 64193.357350282630 0.052151361692 cfg1 2 1 0 0 na na
10 64193.527350342600 0.052149763521 cfg1 2 1 0 0 na na
10 64193.548350294612 0.052149586532 cfg1 2 1 0 0 na na
10 64193.642350302139 0.052148699090 cfg1 2 1 0 0 na na
10 64193.693350265885 0.052148201047 cfg1 2 1 0 0 na na
10 64193.706350300428 0.052148105193 cfg1 2 1 0 0 na na
10 64193.756350339846 0.052147632836 cfg1 2 1 0 0 na na
10 64193.789350286041 0.052147313414 cfg1 2 1 0 0 na na
10 64193.791350301093 0.052147297774 cfg1 2 1 0 0 na na
10 64193.911350338501 0.052146180753 cfg1 2 1 0 0 na na
10 64193.922350298244 0.052146076152 cfg1 2 1 0 0 na na
10 64193.971350316821 0.052145605171 cfg1 2 1 0 0 na na
10 64193.998350275179 0.052145364649 cfg1 2 1 0 0 na na
10 64194.175350273302 0.052143695298 cfg1 2 1 0 0 na na
10 64194.206350339137 0.052143414536 cfg1 2 1 0 0 na na
10 64194.305350316855 0.052142478922 cfg1 2 1 0 0 na na
10 64194.325350331894 0.052142296526 cfg1 2 1 0 0 na na
10 64194.396350277115 0.052141635291 cfg1 2 1 0 0 na na
10 64194.437350297713 0.052141246167 cfg1 2 1 0 0 na na
10 64194.489350343423 0.052140746708 cfg1 2 1 0 0 na na
10 64194.618350257053 0.052139548031 cfg1 2 1 0 0 na na
10 64194.659350267491 0.052139171209 cfg1 2 1 0 0 na na
10 64194.705350261763 0.052138725048 cfg1 2 1 0 0 na na
10 64194.709350293124 0.052138711925 cfg1 2 1 0 0 na na
10 64194.735350338130 0.052138460553 cfg1 2 1 0 0 na na
10 64194.793350349077 0.052137906484 cfg1 2 1 0 0 na na
10 64194.894350264413 0.052136976056 cfg1 2 1 0 0 na na
10 64194.897350263768 0.052136928807 cfg1 2 1 0 0 na na
10 64194.904350288912 0.052136872852 cfg1 2 1 0 0 na na
10 64194.967350381008 0.052136295681 cfg1 2 1 0 0 na na
10 64194.999350260373 0.052135976526 cfg1 2 1 0 0 na na
10 64195.089350339885 0.052135129500 cfg1 2 1 0 0 na na
10 64195.173350308515 0.052134359079 cfg1 2 1 0 0 na na
10 64195.191350296001 0.052134184799 cfg1 2 1 0 0 na na
10 64195.299350272800 0.052133162975 cfg1 2 1 0 0 na na
10 64195.374350269714 0.052132486585 cfg1 2 1 0 0 na na
10 64195.439350251341 0.052131870757 cfg1 2 1 0 0 na na
10 64195.477350353821 0.052131520814 cfg1 2 1 0 0 na na
10 64195.559350319734 0.052130756232 cfg1 2 1 0 0 na na
10 64195.566350299931 0.052130688151 cfg1 2 1 0 0 na na
10 64195.659350293639 0.052129806757 cfg1 2 1 0 0 na na
10 64195.945350250801 0.052127139271 cfg1 2 1 0 0 na na
10 64196.015350333048 0.052126480983 cfg1 2 1 0 0 na na
10 64196.132350264644 0.052125384147 cfg1 2 1 0 0 na na
10 64196.219350320253 0.052124570268 cfg1 2 1 0 0 na na
10 64196.221350371775 0.052124544355 cfg1 2 1 0 0 na na
10 64196.354350355237 0.052123302922 cfg1 2 1 0 0 na na
10 64196.375350265207 0.052123101758 cfg1 2 1 0 0 na na
10 64196.384350267969 0.052123017647 cfg1 2 1 0 0 na na
10 64196.482350341077 0.052122129698 cfg1 2 1 0 0 na na
10 64196.582350308805 0.052121186284 cfg1 2 1 0 0 na na
10 64196.587350302053 0.052121141407 cfg1 2 1 0 0 na na
10 64196.637350248987 0.052120672931 cfg1 2 1 0 0 na na
10 64196.733350266946 0.052119779680 cfg1 2 1 0 0 na na
10 64196.746350320101 0.052119635990 cfg1 2 1 0 0 na na
10 64196.752350265148 0.052119595374 cfg1 2 1 0 0 na na
10 64196.821350268278 0.052118958144 cfg1 2 1 0 0 na na
10 64196.861350307892 0.052118566324 cfg1 2 1 0 0 na na
10 64196.904350319508 0.052118162416 cfg1 2 1 0 0 na na
10 64197.026350308984 0.052117032959 cfg1 2 1 0 0 na na
10 64197.031350259725 0.052116977246 cfg1 2 1 0 0 na na
10 64197.229350307455 0.052115149039 cfg1 2 1 0 0 na na
10 64197.343350330877 0.052114071910 cfg1 2 1 0 0 na na
10 64197.438350311226 0.052113176508 cfg1 2 1 0 0 na na
10 64197.495350257693 0.052112649249 cfg1 2 1 0 0 na na
10 64197.662350336363 0.052111094222 cfg1 2 1 0 0 na na
10 64197.759350347708 0.052110203168 cfg1 2 1 0 0 na na
10 64197.812350278964 0.052109708449 cfg1 2 1 0 0 na na
10 64197.869350293083 0.052109165732 cfg1 2 1 0 0 na na
10 64197.917350352725 0.052108710376 cfg1 2 1 0 0 na na
10 64197.964350322125 0.052108274402 cfg1 2 1 0 0 na na
10 64198.215350318822 0.052105934088 cfg1 2 1 0 0 na na
10 64198.241350363927 0.052105679001 cfg1 2 1 0 0 na na
10 64198.443350319186 0.052103799772 cfg1 2 1 0 0 na na
10 64198.456350282694 0.052103688708 cfg1 2 1 0 0 na na
10 64198.712350284394 0.052101304567 cfg1 2 1 0 0 na na
10 64198.721350256557 0.052101210421 cfg1 2 1 0 0 na na
10 64198.727350259322 0.052101152356 cfg1 2 1 0 0 na na
10 64198.808350310580 0.052100410198 cfg1 2 1 0 0 na na
10 64198.932350301018 0.052099250667 cfg1 2 1 0 0 na na
10 64198.996350268643 0.052098649485 cfg1 2 1 0 0 na na
10 64199.151350298556 0.052097210766 cfg1 2 1 0 0 na na
10 64199.205350328389 0.052096712219 cfg1 2 1 0 0 na na
10 64199.256350310812 0.052096217607 cfg1 2 1 0 0 na na
10 64199.258350305213 0.052096209752 cfg1 2 1 0 0 na na
10 64199.264350309172 0.052096151743 cfg1 2 1 0 0 na na
10 64199.404350266583 0.052094835724 cfg1 2 1 0 0 na na
10 64199.582350301595 0.052093205771 cfg1 2 1 0 0 na na
10 64199.686350334797 0.052092218464 cfg1 2 1 0 0 na na
10 64199.748350279119 0.052091649665 cfg1 2 1 0 0 na na
10 64199.750350249070 0.052091632896 cfg1 2 1 0 0 na na
10 64199.788350290321 0.052091262707 cfg1 2 1 0 0 na na
10 64199.834350306464 0.052090832069 cfg1 2 1 0 0 na na
10 64199.869350267725 0.052090504241 cfg1 2 1 0 0 na na
10 64199.900350295690 0.052090222595 cfg1 2 1 0 0 na na
10 64199.921350357834 0.052090019433 cfg1 2 1 0 0 na na
10 64199.991350245526 0.052089391419 cfg1 2 1 0 0 na na
10 64200.085350254433 0.052088507550 cfg1 2 1 0 0 na na
10 64200.178350269167 0.052087636553 cfg1 2 1 0 0 na na
10 64200.223350295049 0.052087223636 cfg1 2 1 0 0 na na
10 64200.229350299867 0.052087174596 cfg1 2 1 0 0 na na
10 64200.249350336472 0.052086976232 cfg1 2 1 0 0 na na
10 64200.554350301713 0.052084138315 cfg1 2 2 0 0 na na
10 64200.679350332091 0.052082986981 cfg1 2 1 0 0 na na
10 64200.722350252581 0.052082591063 cfg1 2 1 0 0 na na
10 64200.781350308580 0.052082017758 cfg1 2 1 0 0 na na
10 64201.003350272804 0.052079949210 cfg1 2 1 0 0 na na
10 64201.150350342497 0.052078583878 cfg1 2 1 0 0 na na
10 64201.540350296199 0.052074980719 cfg1 2 1 0 0 na na
10 64201.597350306571 0.052074433050 cfg1 2 1 0 0 na na
10 64201.902350268209 0.052071600385 cfg1 2 1 0 0 na na
10 64201.948350280617 0.052071186297 cfg1 2 1 0 0 na na
10 64201.977350265295 0.052070896750 cfg1 2 1 0 0 na na
10 64201.982350377119 0.052070851918 cfg1 2 1 0 0 na na
10 64201.988350313603 0.052070793360 cfg1 2 1 0 0 na na
10 64202.075350262627 0.052069989230 cfg1 2 1 0 0 na na
10 64202.161350297745 0.052069205053 cfg1 2 1 0 0 na na
10 64202.247350306262 0.052068391817 cfg1 2 1 0 0 na na
10 64202.376350269593 0.052067187202 cfg1 2 1 0 0 na na
10 64202.513350343964 0.052065931649 cfg1 2 1 0 0 na na
10 64202.538350250361 0.052065697107 cfg1 2 1 0 0 na na
10 64202.584350323998 0.052065281078 cfg1 2 1 0 0 na na
10 64202.659350274413 0.052064581273 cfg1 2 1 0 0 na na
10 64202.769350288109 0.052063552922 cfg1 2 1 0 0 na na
10 64202.783350264514 0.052063407372 cfg1 2 1 0 0 na na
10 64202.894350351619 0.052062387634 cfg1 2 1 0 0 na na
10 64202.981350308649 0.052061579534 cfg1 2 1 0 0 na na
10 64202.993350248199 0.052061473928 cfg1 2 1 0 0 na na
10 64203.002350332665 0.052061396240 cfg1 2 1 0 0 na na
10 64203.118350268124 0.052060312878 cfg1 2 1 0 0 na na
10 64203.150350315858 0.052060009893 cfg1 2 1 0 0 na na
10 64203.299350341923 0.052058634162 cfg1 2 1 0 0 na na
10 64203.312350296135 0.052058521638 cfg1 2 1 0 0 na na
10 64203.475350265677 0.052056986258 cfg1 2 1 0 0 na na
10 64203.494350278570 0.052056823299 cfg1 2 1 0 0 na na
10 64203.501350285413 0.052056753476 cfg1 2 1 0 0 na na
10 64203.601350240720 0.052055841236 cfg1 2 1 0 0 na na
10 64203.622350294247 0.052055640190 cfg1 2 1 0 0 na na
10 64203.781350318740 0.052054165036 cfg1 2 1 0 0 na na
10 64203.792350267132 0.052054039823 cfg1 2 1 0 0 na na
10 64204.052350287769 0.052051639693 cfg1 2 1 0 0 na na
10 64204.063350284039 0.052051532020 cfg1 2 1 0 0 na na
10 64204.066350303333 0.052051516813 cfg1 2 1 0 0 na na
10 64204.191350256986 0.052050349839 cfg1 2 1 0 0 na na
10 64204.250350306943 0.052049794533 cfg1 2 1 0 0 na na
10 64204.404350309390 0.052048370889 cfg1 2 1 0 0 na na
10 64204.484350334377 0.052047629589 cfg1 2 1 0 0 na na
10 64204.582350294153 0.052046740925 cfg1 2 1 0 0 na na
10 64204.650350298866 0.052046095308 cfg1 2 1 0 0 na na
10 64204.754350373637 0.052045141399 cfg1 2 1 0 0 na na
10 64204.804350287207 0.052044668662 cfg1 2 1 0 0 na na
10 64204.811350318936 0.052044606839 cfg1 2 1 0 0 na na
10 64204.942350258863 0.052043388099 cfg1 2 1 0 0 na na
10 64204.973350291690 0.052043090826 cfg1 2 1 0 0 na na
10 64205.179350266243 0.052041185620 cfg1 2 1 0 0 na na
10 64205.276350270323 0.052040285984 cfg1 2 1 0 0 na na
10 64205.378350297145 0.052039355734 cfg1 2 1 0 0 na na
10 64205.437350362221 0.052038821810 cfg1 2 1 0 0 na na
10 64205.499350324177 0.052038231666 cfg1 2 1 0 0 na na
10 64205.652350262826 0.052036809159 cfg1 2 1 0 0 na na
10 64205.714350304041 0.052036247665 cfg1 2 1 0 0 na na
10 64205.878350315845 0.052034727062 cfg1 2 1 0 0 na na
10 64205.887350301212 0.052034647481 cfg1 2 1 0 0 na na
10 64205.900350266792 0.052034505080 cfg1 2 1 0 0 na na
10 64205.922350320378 0.052034313274 cfg1 2 1 0 0 na na
10 64206.059350278647 0.052033035393 cfg1 2 1 0 0 na na
10 64206.113350280673 0.052032540131 cfg1 2 1 0 0 na na
10 64206.129350328416 0.052032407284 cfg1 2 1 0 0 na na
10 64206.197350325392 0.052031756550 cfg1 2 1 0 0 na na
10 64206.345350310569 0.052030401497 cfg1 2 1 0 0 na na
10 64206.394350239193 0.052029963130 cfg1 2 1 0 0 na na
10 64206.419350287488 0.052029708500 cfg1 2 1 0 0 na na
10 64206.451350320028 0.052029417524 cfg1 2 1 0 0 na na
10 64206.486350409919 0.052029105739 cfg1 2 1 0 0 na na
10 64206.504350280393 0.052028928329 cfg1 2 1 0 0 na na
10 64206.631350295743 0.052027751798 cfg1 2 1 0 0 na na
10 64206.674350281951 0.052027343156 cfg1 2 1 0 0 na na
10 64206.719350310658 0.052026931841 cfg1 2 1 0 0 na na
10 64206.762350312014 0.052026545031 cfg1 2 1 0 0 na na
10 64206.950350282394 0.052024816284 cfg1 2 1 0 0 na na
10 64206.978350260533 0.052024536384 cfg1 2 1 0 0 na na
10 64206.987350273958 0.052024464827 cfg1 2 1 0 0 na na
10 64206.994350277811 0.052024406308 cfg1 2 1 0 0 na na
10 64207.046350331697 0.052023921012 cfg1 2 1 0 0 na na
10 64207.093350314545 0.052023490233 cfg1 2 1 0 0 na na
10 64207.194350353932 0.052022557359 cfg1 2 1 0 0 na na
10 64207.278350251889 0.052021770158 cfg1 2 1 0 0 na na
10 64207.471350281484 0.052019979888 cfg1 2 1 0 0 na na
10 64207.523350317252 0.052019521995 cfg1 2 1 0 0 na na
10 64207.526350320207 0.052019477775 cfg1 2 1 0 0 na na
10 64207.590350328159 0.052018898042 cfg1 2 1 0 0 na na
10 64207.611350320121 0.052018697538 cfg1 2 1 0 0 na na
10 64207.764350255041 0.052017276929 cfg1 2 1 0 0 na na
10 64207.927350310608 0.052015785917 cfg1 2 1 0 0 na na
10 64207.968350275599 0.052015384295 cfg1 2 1 0 0 na na
10 64208.019350349118 0.052014918869 cfg1 2 1 0 0 na na
10 64208.139350320846 0.052013830208 cfg1 2 1 0 0 na na
10 64208.181350330220 0.052013423099 cfg1 2 1 0 0 na na
10 64208.263350267483 0.052012685464 cfg1 2 1 0 0 na na
10 64208.310350253363 0.052012238567 cfg1 2 1 0 0 na na
10 64208.365350271850 0.052011724787 cfg1 2 1 0 0 na na
10 64208.401350304690 0.052011410351 cfg1 2 1 0 0 na na
10 64208.466350291093 0.052010789300 cfg1 2 1 0 0 na na
10 64208.532350312655 0.052010187009 cfg1 2 1 0 0 na na
10 64208.537350349993 0.052010131476 cfg1 2 1 0 0 na na
10 64208.771350340025 0.052007995835 cfg1 2 1 0 0 na na
10 64208.870350316744 0.052007055603 cfg1 2 1 0 0 na na
10 64208.872350265289 0.052007041711 cfg1 2 1 0 0 na na
10 64208.905350275825 0.052006748466 cfg1 2 1 0 0 na na
10 64209.067350347754 0.052005246858 cfg1 2 1 0 0 na na
10 64209.155350306232 0.052004435273 cfg1 2 2 0 0 na na
10 64209.191350328941 0.052004094090 cfg1 2 1 0 0 na na
10 64209.305350248226 0.052003065481 cfg1 2 1 0 0 na na
10 64209.320350327092 0.052002923789 cfg1 2 1 0 0 na na
10 64209.354350315444 0.052002600344 cfg1 2 1 0 0 na na
10 64209.414350294098 0.052002059496 cfg1 2 1 0 0 na na
10 64209.596350268477 0.052000367211 cfg1 2 1 0 0 na na
10 64209.598350285392 0.052000351013 cfg1 2 1 0 0 na na
10 64209.599350301213 0.052000348155 cfg1 2 1 0 0 na na
10 64209.617350289753 0.052000174830 cfg1 2 1 0 0 na na
10 64209.621350309183 0.052000150659 cfg1 2 1 0 0 na na
10 64209.623350294007 0.052000123542 cfg1 2 1 0 0 na na
10 64209.661350275217 0.051999783878 cfg1 2 1 0 0 na na
10 64209.716350305020 0.051999263440 cfg1 2 1 0 0 na na
10 64209.717350262143 0.051999257966 cfg1 2 1 0 0 na na
10 64209.748350297453 0.051998953624 cfg1 2 1 0 0 na na
10 64209.772350252139 0.051998750118 cfg1 2 1 0 0 na na
10 64209.831350266081 0.051998190542 cfg1 2 1 0 0 na na
10 64209.839350291126 0.051998126500 cfg1 2 1 0 0 na na
10 64209.877350315642 0.051997783110 cfg1 2 1 0 0 na na
10 64209.910350274120 0.051997487715 cfg1 2 1 0 0 na na
10 64209.918350308434 0.051997395227 cfg1 2 1 0 0 na na
10 64209.927350310148 0.051997311936 cfg1 2 1 0 0 na na
10 64209.941350272943 0.051997201569 cfg1 2 1 0 0 na na
10 64210.052350322445 0.051996173504 cfg1 2 1 0 0 na na
10 64210.129350268061 0.051995465103 cfg1 2 1 0 0 na na
10 64210.178350351202 0.051994989710 cfg1 2 1 0 0 na na
10 64210.199350357736 0.051994820091 cfg1 2 1 0 0 na na
10 64210.213350276249 0.051994680039 cfg1 2 1 0 0 na na
10 64210.252350310558 0.051994316685 cfg1 2 1 0 0 na na
10 64210.279350252557 0.051994074372 cfg1 2 1 0 0 na na
10 64210.289350261662 0.051993975048 cfg1 2 1 0 0 na na
10 64210.433350333276 0.051992649403 cfg1 2 1 0 0 na na
10 64210.506350377070 0.051991995280 cfg1 2 1 0 0 na na
10 64210.536350299664 0.051991717164 cfg1 2 1 0 0 na na
10 64210.548350262360 0.051991584715 cfg1 2 1 0 0 na na
10 64210.622350240448 0.051990926699 cfg1 2 1 0 0 na na
10 64210.673350268499 0.051990428520 cfg1 2 1 0 0 na na
10 64210.688350250808 0.051990306016 cfg1 2 1 0 0 na na
10 64210.841350256002 0.051988890985 cfg1 2 1 0 0 na na
10 64210.943350250158 0.051987956760 cfg1 2 1 0 0 na na
10 64211.027350266167 0.051987170752 cfg1 2 1 0 0 na na
10 64211.050350266504 0.051986955490 cfg1 2 1 0 0 na na
10 64211.053350246897 0.051986950011 cfg1 2 1 0 0 na na
10 64211.081350286445 0.051986691989 cfg1 2 1 0 0 na na
10 64211.124350258395 0.051986283798 cfg1 2 1 0 0 na na
10 64211.221350270562 0.051985381845 cfg1 2 1 0 0 na na
10 64211.303350256168 0.051984640749 cfg1 2 1 0 0 na na
10 64211.327350346946 0.051984407436 cfg1 2 1 0 0 na na
10 64211.358350314841 0.051984132751 cfg1 2 1 0 0 na na
10 64211.362350320102 0.051984102809 cfg1 2 1 0 0 na na
10 64211.451350329865 0.051983289149 cfg1 2 1 0 0 na na
10 64211.513350258007 0.051982704099 cfg1 2 1 0 0 na na
10 64211.521350297562 0.051982637557 cfg1 2 1 0 0 na na
10 64211.554350331935 0.051982328527 cfg1 2 1 0 0 na na
10 64211.557350268674 0.051982314831 cfg1 2 1 0 0 na na
10 64211.754350251640 0.051980495338 cfg1 2 1 0 0 na na
10 64211.778350261710 0.051980265124 cfg1 2 1 0 0 na na
10 64211.813350284325 0.051979937357 cfg1 2 1 0 0 na na
10 64211.842350263232 0.051979673603 cfg1 2 1 0 0 na na
10 64211.860350286020 0.051979514990 cfg1 2 1 0 0 na na
10 64211.875350293710 0.051979378120 cfg1 2 1 0 0 na na
10 64211.922350294481 0.051978941724 cfg1 2 1 0 0 na na
10 64211.927350271274 0.051978904123 cfg1 2 1 0 0 na na
10 64211.992350319265 0.051978289984 cfg1 2 1 0 0 na na
10 64212.005350313957 0.051978193975 cfg1 2 1 0 0 na na
10 64212.129350324518 0.051977036781 cfg1 2 1 0 0 na na
10 64212.137350299655 0.051976967464 cfg1 2 1 0 0 na na
10 64212.476350298742 0.051973858433 cfg1 2 1 0 0 na na
10 64212.526350267691 0.051973379422 cfg1 2 1 0 0 na na
10 64212.578350250522 0.051972916515 cfg1 2 1 0 0 na na
10 64212.662350256856 0.051972135070 cfg1 2 1 0 0 na na
10 64212.776350331720 0.051971078636 cfg1 2 1 0 0 na na
10 64212.866350266381 0.051970275088 cfg1 2 1 0 0 na na
10 64212.924350286271 0.051969734610 cfg1 2 1 0 0 na na
10 64213.105350252497 0.051968064166 cfg1 2 1 0 0 na na
10 64213.108350289850 0.051968024886 cfg1 2 1 0 0 na na
10 64213.284350318956 0.051966417779 cfg1 2 1 0 0 na na
10 64213.427350251682 0.051965110493 cfg1 2 1 0 0 na na
10 64213.505350264485 0.051964377351 cfg1 2 1 0 0 na na
10 64213.594350250027 0.051963576902 cfg1 2 1 0 0 na na
10 64213.618350254449 0.051963352523 cfg1 2 1 0 0 na na
10 64213.727350287592 0.051962351090 cfg1 2 1 0 0 na na
10 64213.783350351407 0.051961836448 cfg1 2 1 0 0 na na
10 64213.807350351287 0.051961617211 cfg1 2 1 0 0 na na
10 64214.003350312823 0.051959818138 cfg1 2 1 0 0 na na
10 64214.014350276293 0.051959725120 cfg1 2 1 0 0 na na
10 64214.021350328072 0.051959659232 cfg1 2 1 0 0 na na
10 64214.085350289682 0.051959074613 cfg1 2 1 0 0 na na
10 64214.097350280253 0.051958963925 cfg1 2 1 0 0 na na
10 64214.132350317179 0.051958622867 cfg1 2 1 0 0 na na
10 64214.225350266814 0.051957790008 cfg1 2 1 0 0 na na
10 64214.284350292737 0.051957236698 cfg1 2 1 0 0 na na
10 64214.322350250452 0.051956891524 cfg1 2 1 0 0 na na
10 64214.347350327154 0.051956657117 cfg1 2 1 0 0 na na
10 64214.434350304870 0.051955859513 cfg1 2 1 0 0 na na
10 64214.454350293145 0.051955675172 cfg1 2 2 0 0 na na
10 64214.457350274744 0.051955639797 cfg1 2 1 0 0 na na
10 64214.479350298447 0.051955461919 cfg1 2 1 0 0 na na
10 64214.656350297291 0.051953824825 cfg1 2 1 0 0 na na
10 64214.669350260423 0.051953701674 cfg1 2 1 0 0 na na
10 64214.676350337529 0.051953640867 cfg1 2 1 0 0 na na
10 64214.718350305521 0.051953264084 cfg1 2 1 0 0 na na
10 64214.754350304168 0.051952922427 cfg1 2 1 0 0 na na
10 64214.831350297331 0.051952231546 cfg1 2 1 0 0 na na
10 64214.884350325875 0.051951734108 cfg1 2 1 0 0 na na
10 64214.980350300968 0.051950841803 cfg1 2 1 0 0 na na
10 64215.038350288910 0.051950319373 cfg1 2 1 0 0 na na
10 64215.072350306728 0.051950004692 cfg1 2 1 0 0 na na
10 64215.075350320461 0.051949986624 cfg1 2 1 0 0 na na
10 64215.079350295799 0.051949934459 cfg1 2 1 0 0 na na
10 64215.198350263099 0.051948853618 cfg1 2 1 0 0 na na
10 64215.214350326423 0.051948711850 cfg1 2 1 0 0 na na
10 64215.223350299316 0.051948634260 cfg1 2 1 0 0 na na
10 64215.257350281584 0.051948310926 cfg1 2 1 0 0 na na
10 64215.265350315143 0.051948239487 cfg1 2 1 0 0 na na
10 64215.372350302946 0.051947266161 cfg1 2 1 0 0 na na
10 64215.450350249266 0.051946547663 cfg1 2 1 0 0 na na
10 64215.512350321765 0.051945970299 cfg1 2 1 0 0 na na
10 64215.591350265720 0.051945236421 cfg1 2 1 0 0 na na
10 64215.592350302996 0.051945239825 cfg1 2 1 0 0 na na
10 64215.614350314233 0.051945025551 cfg1 2 1 0 0 na na
10 64215.697350299615 0.051944275687 cfg1 2 1 0 0 na na
10 64215.783350318159 0.051943499552 cfg1 2 1 0 0 na na
10 64215.813350305493 0.051943220563 cfg1 2 1 0 0 na na
10 64215.912350291178 0.051942303675 cfg1 2 1 0 0 na na
10 64215.974350300926 0.051941747276 cfg1 2 1 0 0 na na
10 64216.010350306412 0.051941395619 cfg1 2 1 0 0 na na
10 64216.041350314147 0.051941112624 cfg1 2 1 0 0 na na
10 64216.061350289234 0.051940952563 cfg1 2 1 0 0 na na
10 64216.063350282476 0.051940922862 cfg1 2 1 0 0 na na
10 64216.261350303613 0.051939110251 cfg1 2 1 0 0 na na
10 64216.400350269969 0.051937838725 cfg1 2 1 0 0 na na
10 64216.683350246024 0.051935250811 cfg1 2 1 0 0 na na
10 64216.822350291784 0.051933976927 cfg1 2 1 0 0 na na
10 64216.951350329555 0.051932784209 cfg1 2 1 0 0 na na
10 64216.960350260100 0.051932706884 cfg1 2 1 0 0 na na
10 64217.099350313008 0.051931424404 cfg1 2 1 0 0 na na
10 64217.320350304116 0.051929415109 cfg1 2 1 0 0 na na
10 64217.380350268084 0.051928877785 cfg1 2 1 0 0 na na
10 64217.416350302478 0.051928532792 cfg1 2 1 0 0 na na
10 64217.473350311027 0.051928016202 cfg1 2 1 0 0 na na
10 64217.523350347531 0.051927570606 cfg1 2 1 0 0 na na
10 64217.564350288736 0.051927189379 cfg1 2 1 0 0 na na
10 64217.626350312020 0.051926622123 cfg1 2 1 0 0 na na
10 64217.681350298678 0.051926110251 cfg1 2 1 0 0 na na
10 64217.701350266579 0.051925915260 cfg1 2 1 0 0 na na
10 64217.840350270274 0.051924658868 cfg1 2 1 0 0 na na
10 64217.859350331763 0.051924470607 cfg1 2 1 0 0 na na
10 64217.915350272288 0.051923971761 cfg1 2 1 0 0 na na
10 64217.921350278597 0.051923932747 cfg1 2 1 0 0 na na
10 64218.024350316342 0.051922971066 cfg1 2 1 0 0 na na
10 64218.088350351829 0.051922379488 cfg1 2 1 0 0 na na
10 64218.130350293421 0.051921997424 cfg1 2 1 0 0 na na
10 64218.138350285781 0.051921922557 cfg1 2 1 0 0 na na
10 64218.189350330953 0.051921477177 cfg1 2 1 0 0 na na
10 64218.214350280204 0.051921226579 cfg1 2 1 0 0 na na
10 64218.305350365620 0.051920398097 cfg1 2 1 0 0 na na
10 64218.476350300408 0.051918844348 cfg1 2 1 0 0 na na
10 64218.572350296040 0.051917981794 cfg1 2 1 0 0 na na
10 64218.631350298354 0.051917420488 cfg1 2 1 0 0 na na
10 64218.685350286849 0.051916924808 cfg1 2 1 0 0 na na
10 64218.767350253128 0.051916183693 cfg1 2 1 0 0 na na
10 64218.824350301730 0.051915671219 cfg1 2 1 0 0 na na
10 64218.828350267433 0.051915614481 cfg1 2 1 0 0 na na
10 64218.902350293641 0.051914954020 cfg1 2 1 0 0 na na
10 64219.031350265659 0.051913761197 cfg1 2 1 0 0 na na
10 64219.066350309820 0.051913462449 cfg1 2 1 0 0 na na
10 64219.120350286833 0.051912950079 cfg1 2 1 0 0 na na
10 64219.250350329048 0.051911765234 cfg1 2 1 0 0 na na
10 64219.312350324907 0.051911213835 cfg1 2 1 0 0 na na
10 64219.436350292721 0.051910064092 cfg1 2 1 0 0 na na
10 64219.541350289849 0.051909126536 cfg1 2 1 0 0 na na
10 64219.559350301662 0.051908950106 cfg1 2 1 0 0 na na
10 64219.744350338199 0.051907249634 cfg1 2 1 0 0 na na
10 64219.803350287147 0.051906736172 cfg1 2 1 0 0 na na
10 64219.842350279896 0.051906366474 cfg1 2 1 0 0 na na
10 64219.911350323517 0.051905736949 cfg1 2 1 0 0 na na
10 64219.925350296602 0.051905624077 cfg1 2 1 0 0 na na
10 64220.160350266612 0.051903455368 cfg1 2 1 0 0 na na
10 64220.176350333509 0.051903333570 cfg1 2 1 0 0 na na
10 64220.222350361508 0.051902895826 cfg1 2 1 0 0 na na
10 64220.435350308993 0.051900956334 cfg1 2 1 0 0 na na
10 64220.439350302341 0.051900934686 cfg1 2 1 0 0 na na
10 64220.452350252473 0.051900809673 cfg1 2 1 0 0 na na
10 64220.455350308581 0.051900766495 cfg1 2 1 0 0 na na
10 64220.520350254241 0.051900187701 cfg1 2 1 0 0 na na
10 64220.522350305991 0.051900157186 cfg1 2 1 0 0 na na
10 64220.664350351788 0.051898869717 cfg1 2 1 0 0 na na
10 64220.673350251522 0.051898795421 cfg1 2 1 0 0 na na
10 64220.702350261411 0.051898520513 cfg1 2 1 0 0 na na
10 64220.742350265592 0.051898151439 cfg1 2 1 0 0 na na
10 64220.743350260626 0.051898146505 cfg1 2 1 0 0 na na
10 64220.800350262929 0.051897627920 cfg1 2 1 0 0 na na
10 64220.973350260686 0.051896051065 cfg1 2 1 0 0 na na
10 64221.216350265072 0.051893836800 cfg1 2 1 0 0 na na
10 64221.271350305505 0.051893323057 cfg1 2 1 0 0 na na
10 64221.407350315926 0.051892085085 cfg1 2 1 0 0 na na
10 64221.540350269767 0.051890872181 cfg1 2 1 0 0 na na
10 64221.543350253661 0.051890865527 cfg1 2 1 0 0 na na
10 64221.589350252034 0.051890439855 cfg1 2 1 0 0 na na
10 64221.640350269894 0.051889964843 cfg1 2 1 0 0 na na
10 64221.665350306155 0.051889745142 cfg1 2 1 0 0 na na
10 64221.798350279516 0.051888532154 cfg1 2 1 0 0 na na
10 64221.810350266452 0.051888422063 cfg1 2 1 0 0 na na
10 64221.878350288773 0.051887810326 cfg1 2 1 0 0 na na
10 64221.914350301321 0.051887481049 cfg1 2 1 0 0 na na
10 64221.984350274171 0.051886853580 cfg1 2 1 0 0 na na
10 64222.062350331351 0.051886138025 cfg1 2 1 0 0 na na
10 64222.078350352423 0.051885976659 cfg1 2 1 0 0 na na
10 64222.116350362559 0.051885643328 cfg1 2 1 0 0 na na
10 64222.133350264628 0.051885472327 cfg1 2 1 0 0 na na
10 64222.146350311238 0.051885376324 cfg1 2 1 0 0 na na
10 64222.208350302912 0.051884817920 cfg1 2 1 0 0 na na
10 64222.254350266811 0.051884377432 cfg1 2 1 0 0 na na
10 64222.356350276841 0.051883464919 cfg1 2 1 0 0 na na
10 64222.421350290507 0.051882862931 cfg1 2 1 0 0 na na
10 64222.516350268966 0.051881995397 cfg1 2 1 0 0 na na
10 64222.533350371932 0.051881854686 cfg1 2 1 0 0 na na
10 64222.682350293393 0.051880485491 cfg1 2 1 0 0 na na
10 64222.686350297229 0.051880462978 cfg1 2 1 0 0 na na
10 64222.692350311027 0.051880407974 cfg1 2 1 0 0 na na
10 64222.791350365659 0.051879495986 cfg1 2 1 0 0 na na
10 64222.805350304982 0.051879377176 cfg1 2 1 0 0 na na
10 64222.814350291403 0.051879298555 cfg1 2 1 0 0 na na
10 64222.847350362219 0.051878994195 cfg1 2 1 0 0 na na
10 64222.857350310488 0.051878906861 cfg1 2 1 0 0 na na
10 64222.917350253065 0.051878353804 cfg1 2 1 0 0 na na
10 64222.945350364446 0.051878098247 cfg1 2 1 0 0 na na
10 64223.102350317129 0.051876668768 cfg1 2 1 0 0 na na
10 64223.207350261702 0.051875724651 cfg1 2 1 0 0 na na
10 64223.318350288461 0.051874701440 cfg1 2 1 0 0 na na
10 64223.427350266211 0.051873710663 cfg1 2 1 0 0 na na
10 64223.449350341104 0.051873516366 cfg1 2 1 0 0 na na
10 64223.500350262372 0.051873039766 cfg1 2 1 0 0 na na
10 64223.651350308934 0.051871677498 cfg1 2 1 0 0 na na
10 64223.664350293367 0.051871565834 cfg1 2 1 0 0 na na
10 64223.666350304557 0.051871550533 cfg1 2 1 0 0 na na
10 64223.669350271998 0.051871516363 cfg1 2 1 0 0 na na
10 64223.814350297140 0.051870179918 cfg1 2 1 0 0 na na
10 64224.005350306201 0.051868453900 cfg1 2 1 0 0 na na
10 64224.135350329497 0.051867271370 cfg1 2 1 0 0 na na
10 64224.138350245692 0.051867261168 cfg1 2 1 0 0 na na
10 64224.190350334300 0.051866776386 cfg1 2 1 0 0 na na
10 64224.406350364914 0.051864808019 cfg1 2 1 0 0 na na
10 64224.421350342417 0.051864681913 cfg1 2 1 0 0 na na
10 64224.436350323303 0.051864543310 cfg1 2 1 0 0 na na
10 64224.448350269303 0.051864429176 cfg1 2 1 0 0 na na
10 64224.455350301351 0.051864379828 cfg1 2 1 0 0 na na
10 64224.456350256111 0.051864360776 cfg1 2 1 0 0 na na
10 64224.496350351603 0.051863996315 cfg1 2 1 0 0 na na
10 64224.617350278570 0.051862901817 cfg1 2 1 0 0 na na
10 64224.653350285583 0.051862572383 cfg1 2 1 0 0 na na
10 64224.710350291120 0.051862069175 cfg1 2 1 0 0 na na
10 64224.732350322205 0.051861845366 cfg1 2 1 0 0 na na
10 64224.924350314830 0.051860124945 cfg1 2 1 0 0 na na
10 64224.937350308492 0.051859995329 cfg1 2 1 0 0 na na
10 64224.943350340861 0.051859928918 cfg1 2 1 0 0 na na
10 64225.049350290203 0.051858988258 cfg1 2 1 0 0 na na
10 64225.125350324365 0.051858286095 cfg1 2 1 0 0 na na
10 64225.158350258008 0.051857989669 cfg1 2 1 0 0 na na
10 64225.270350306141 0.051856960362 cfg1 2 1 0 0 na na
10 64225.310350332107 0.051856597027 cfg1 2 1 0 0 na na
10 64225.333350274581 0.051856386473 cfg1 2 1 0 0 na na
10 64225.400350291234 0.051855783875 cfg1 2 1 0 0 na na
10 64225.431350263267 0.051855498804 cfg1 2 1 0 0 na na
10 64225.596350246258 0.051854027818 cfg1 2 1 0 0 na na
10 64225.690350328076 0.051853175688 cfg1 2 1 0 0 na na
10 64225.695350332341 0.051853126796 cfg1 2 1 0 0 na na
10 64225.822350332993 0.051851959073 cfg1 2 1 0 0 na na
10 64225.890350357037 0.051851350595 cfg1 2 1 0 0 na na
10 64225.926350242072 0.051851035292 cfg1 2 1 0 0 na na
10 64225.964350315236 0.051850687866 cfg1 2 1 0 0 na na
10 64226.015350315903 0.051850216305 cfg1 2 1 0 0 na na
10 64226.019350303716 0.051850178883 cfg1 2 1 0 0 na na
10 64226.064350283488 0.051849766395 cfg1 2 1 0 0 na na
10 64226.066350275413 0.051849757204 cfg1 2 1 0 0 na na
10 64226.128350301493 0.051849188397 cfg1 2 1 0 0 na na
10 64226.245350271829 0.051848129794 cfg1 2 1 0 0 na na
10 64226.290350313142 0.051847733916 cfg1 2 1 0 0 na na
10 64226.310350257839 0.051847534212 cfg1 2 1 0 0 na na
10 64226.344350270380 0.051847219761 cfg1 2 1 0 0 na na
10 64226.398350258545 0.051846738289 cfg1 2 1 0 0 na na
10 64226.405350253693 0.051846678256 cfg1 2 1 0 0 na na
10 64226.526350290775 0.051845589439 cfg1 2 1 0 0 na na
10 64226.558350296526 0.051845276460 cfg1 2 1 0 0 na na
10 64226.590350343238 0.051844998625 cfg1 2 1 0 0 na na
10 64226.621350303628 0.051844730240 cfg1 2 1 0 0 na na
10 64226.713350384100 0.051843885610 cfg1 2 1 0 0 na na
10 64226.761350253023 0.051843453856 cfg1 2 1 0 0 na na
10 64226.762350295283 0.051843451961 cfg1 2 1 0 0 na na
10 64226.950350312507 0.051841736515 cfg1 2 1 0 0 na na
10 64227.002350331766 0.051841258758 cfg1 2 1 0 0 na na
10 64227.024350344091 0.051841055860 cfg1 2 1 0 0 na na
10 64227.038350272386 0.051840939812 cfg1 2 1 0 0 na na
10 64227.096350297645 0.051840404275 cfg1 2 1 0 0 na na
10 64227.113350316307 0.051840273003 cfg1 2 1 0 0 na na
10 64227.127350294645 0.051840143894 cfg1 2 1 0 0 na na
10 64227.150350317705 0.051839924873 cfg1 2 2 0 0 na na
10 64227.154350345189 0.051839898133 cfg1 2 1 0 0 na na
10 64227.247350272680 0.051839037768 cfg1 2 1 0 0 na na
10 64227.283350287861 0.051838720358 cfg1 2 2 0 0 na na
10 64227.334350336487 0.051838274611 cfg1 2 1 0 0 na na
10 64227.397350252938 0.051837704567 cfg1 2 1 0 0 na na
10 64227.477350301968 0.051836958624 cfg1 2 1 0 0 na na
10 64227.651350380110 0.051835384022 cfg1 2 1 0 0 na na
10 64227.683350293650 0.051835113619 cfg1 2 1 0 0 na na
10 64227.718350253104 0.051834793225 cfg1 2 1 0 0 na na
10 64227.724350276651 0.051834745032 cfg1 2 1 0 0 na na
10 64227.884350311249 0.051833286770 cfg1 2 1 0 0 na na
10 64227.891350250225 0.051833226599 cfg1 2 1 0 0 na na
10 64227.946350265281 0.051832711592 cfg1 2 1 0 0 na na
10 64227.956350250828 0.051832636321 cfg1 2 1 0 0 na na
10 64227.993350276218 0.051832310400 cfg1 2 1 0 0 na na
10 64228.046350312439 0.051831818992 cfg1 2 1 0 0 na na
10 64228.049350317151 0.051831800147 cfg1 2 1 0 0 na na
10 64228.128350342234 0.051831081255 cfg1 2 1 0 0 na na
10 64228.281350295559 0.051829678221 cfg1 2 1 0 0 na na
10 64228.416350310474 0.051828468303 cfg1 2 1 0 0 na na
10 64228.431350305060 0.051828336305 cfg1 2 1 0 0 na na
10 64228.437350303562 0.051828275399 cfg1 2 1 0 0 na na
10 64228.484350350007 0.051827851186 cfg1 2 1 0 0 na na
10 64228.509350301647 0.051827637153 cfg1 2 1 0 0 na na
10 64228.539350326811 0.051827347911 cfg1 2 1 0 0 na na
10 64228.619350274379 0.051826645846 cfg1 2 1 0 0 na na
10 64228.684350387362 0.051826049056 cfg1 2 1 0 0 na na
10 64228.834350291430 0.051824704034 cfg1 2 1 0 0 na na
10 64229.007350261558 0.051823129510 cfg1 2 1 0 0 na na
10 64229.013350267109 0.051823059975 cfg1 2 1 0 0 na na
10 64229.338350309052 0.051820144538 cfg1 2 1 0 0 na na
10 64229.363350301047 0.051819905073 cfg1 2 1 0 0 na na
10 64229.386350338059 0.051819707155 cfg1 2 1 0 0 na na
10 64229.391350278126 0.051819651760 cfg1 2 1 0 0 na na
10 64229.706350264216 0.051816822277 cfg1 2 1 0 0 na na
10 64229.806350273880 0.051815915679 cfg1 2 1 0 0 na na
10 64229.827350311906 0.051815729877 cfg1 2 1 0 0 na na
10 64230.016350285719 0.051814022319 cfg1 2 1 0 0 na na
10 64230.122350292614 0.051813055354 cfg1 2 1 0 0 na na
10 64230.192350308112 0.051812434037 cfg1 2 1 0 0 na na
10 64230.204350258050 0.051812309118 cfg1 2 1 0 0 na na
10 64230.330350293266 0.051811181054 cfg1 2 1 0 0 na na
10 64230.334350301417 0.051811127769 cfg1 2 1 0 0 na na
10 64230.383350364660 0.051810688241 cfg1 2 1 0 0 na na
10 64230.437350278656 0.051810195559 cfg1 2 1 0 0 na na
10 64230.534350267433 0.051809319353 cfg1 2 1 0 0 na na
10 64230.549350304491 0.051809186376 cfg1 2 1 0 0 na na
10 64230.648350245877 0.051808316238 cfg1 2 1 0 0 na na
10 64230.697350317637 0.051807865975 cfg1 2 1 0 0 na na
10 64230.808350342946 0.051806855112 cfg1 2 1 0 0 na na
10 64230.819350312415 0.051806766972 cfg1 2 1 0 0 na na
10 64230.909350312559 0.051805959463 cfg1 2 1 0 0 na na
10 64230.981350261973 0.051805310883 cfg1 2 1 0 0 na na
10 64231.201350308468 0.051803311740 cfg1 2 1 0 0 na na
10 64231.325350376247 0.051802199681 cfg1 2 1 0 0 na na
10 64231.464350347268 0.051800939122 cfg1 2 1 0 0 na na
10 64231.636350274819 0.051799406563 cfg1 2 1 0 0 na na
10 64231.687350256226 0.051798930659 cfg1 2 1 0 0 na na
10 64231.738350280944 0.051798465127 cfg1 2 1 0 0 na na
10 64231.846350328380 0.051797511280 cfg1 2 1 0 0 na na
10 64231.984350334950 0.051796251658 cfg1 2 1 0 0 na na
10 64232.127350299992 0.051794981274 cfg1 2 1 0 0 na na
10 64232.195350365201 0.051794347963 cfg1 2 1 0 0 na na
10 64232.358350270408 0.051792885445 cfg1 2 1 0 0 na na
10 64232.375350281507 0.051792746003 cfg1 2 1 0 0 na na
10 64232.438350337496 0.051792168456 cfg1 2 1 0 0 na na
10 64232.498350312159 0.051791631696 cfg1 2 1 0 0 na na
10 64232.720350300027 0.051789639726 cfg1 2 1 0 0 na na
10 64232.742350341852 0.051789426709 cfg1 2 1 0 0 na na
10 64232.853350265201 0.051788438764 cfg1 2 1 0 0 na na
10 64232.924350333185 0.051787776753 cfg1 2 1 0 0 na na
10 64232.975350281773 0.051787337611 cfg1 2 1 0 0 na na
10 64233.147350292097 0.051785772815 cfg1 2 1 0 0 na na
10 64233.179350307609 0.051785485258 cfg1 2 1 0 0 na na
10 64233.182350268725 0.051785458169 cfg1 2 1 0 0 na na
10 64233.362350283090 0.051783847947 cfg1 2 1 0 0 na na
10 64233.368350268303 0.051783788157 cfg1 2 1 0 0 na na
10 64233.369350250991 0.051783790887 cfg1 2 1 0 0 na na
10 64233.446350314889 0.051783103369 cfg1 2 1 0 0 na na
10 64233.586350273156 0.051781843470 cfg1 2 1 0 0 na na
10 64233.768350330447 0.051780195215 cfg1 2 1 0 0 na na
10 64233.868350362330 0.051779301552 cfg1 2 1 0 0 na na
10 64233.902350294694 0.051778992448 cfg1 2 1 0 0 na na
10 64234.076350302292 0.051777435746 cfg1 2 1 0 0 na na
10 64234.186350262944 0.051776441243 cfg1 2 1 0 0 na na
10 64234.326350361290 0.051775193403 cfg1 2 1 0 0 na na
10 64234.410350261327 0.051774415609 cfg1 2 1 0 0 na na
10 64234.424350374078 0.051774294808 cfg1 2 1 0 0 na na
10 64234.509350284586 0.051773547487 cfg1 2 1 0 0 na na
10 64234.699350311627 0.051771819972 cfg1 2 1 0 0 na na
10 64234.712350268501 0.051771698628 cfg1 2 1 0 0 na na
10 64235.214350328282 0.051767215566 cfg1 2 1 0 0 na na
10 64235.217350289649 0.051767172148 cfg1 2 1 0 0 na na
10 64235.332350246377 0.051766150579 cfg1 2 1 0 0 na na
10 64235.350350262684 0.051765974379 cfg1 2 1 0 0 na na
10 64235.470350250010 0.051764906538 cfg1 2 1 0 0 na na
10 64235.474350248986 0.051764872934 cfg1 2 1 0 0 na na
10 64235.573350300956 0.051763986787 cfg1 2 1 0 0 na na
10 64235.607350341419 0.051763677478 cfg1 2 1 0 0 na na
10 64235.657350359405 0.051763212904 cfg1 2 1 0 0 na na
10 64235.772350351643 0.051762186212 cfg1 2 1 0 0 na na
10 64235.775350332653 0.051762152102 cfg1 2 1 0 0 na na
10 64235.821350257259 0.051761761374 cfg1 2 1 0 0 na na
10 64235.864350354821 0.051761372707 cfg1 2 1 0 0 na na
10 64235.955350274295 0.051760564039 cfg1 2 1 0 0 na na
10 64235.966350334044 0.051760455776 cfg1 2 1 0 0 na na
10 64235.970350262393 0.051760429185 cfg1 2 1 0 0 na na
10 64236.047350336224 0.051759719715 cfg1 2 1 0 0 na na
10 64236.127350262449 0.051758994357 cfg1 2 1 0 0 na na
10 64236.154350307870 0.051758773655 cfg1 2 1 0 0 na na
10 64236.248350336185 0.051757928255 cfg1 2 1 0 0 na na
10 64236.312350315918 0.051757345516 cfg1 2 1 0 0 na na
10 64236.326350307092 0.051757224832 cfg1 2 1 0 0 na na
10 64236.468350304409 0.051755939604 cfg1 2 1 0 0 na na
10 64236.541350361821 0.051755294163 cfg1 2 1 0 0 na na
10 64236.561350310393 0.051755125205 cfg1 2 1 0 0 na na
10 64236.915350267049 0.051751953142 cfg1 2 1 0 0 na na
10 64236.940350329629 0.051751703566 cfg1 2 1 0 0 na na
10 64237.034350292240 0.051750874127 cfg1 2 1 0 0 na na
10 64237.077350366805 0.051750476353 cfg1 2 1 0 0 na na
10 64237.083350338324 0.051750422651 cfg1 2 1 0 0 na na
10 64237.084350314910 0.051750421168 cfg1 2 1 0 0 na na
10 64237.111350255875 0.051750178096 cfg1 2 1 0 0 na na
10 64237.144350288931 0.051749885111 cfg1 2 1 0 0 na na
10 64237.292350334524 0.051748558026 cfg1 2 1 0 0 na na
10 64237.506350302245 0.051746651348 cfg1 2 1 0 0 na na
10 64237.547350297524 0.051746265847 cfg1 2 1 0 0 na na
10 64237.578350325159 0.051745996015 cfg1 2 1 0 0 na na
10 64237.639350290813 0.051745448053 cfg1 2 1 0 0 na na
10 64237.786350255392 0.051744131442 cfg1 2 1 0 0 na na
10 64237.833350331919 0.051743717083 cfg1 2 1 0 0 na na
10 64237.954350263875 0.051742623155 cfg1 2 1 0 0 na na
10 64238.047350267062 0.051741784896 cfg1 2 1 0 0 na na
10 64238.081350272518 0.051741506797 cfg1 2 1 0 0 na na
10 64238.171350246159 0.051740695689 cfg1 2 1 0 0 na na
10 64238.262350263544 0.051739875195 cfg1 2 1 0 0 na na
10 64238.331350323946 0.051739254630 cfg1 2 1 0 0 na na
10 64238.368350341109 0.051738922171 cfg1 2 1 0 0 na na
10 64238.561350339172 0.051737195030 cfg1 2 2 0 0 na na
10 64238.679350314784 0.051736138846 cfg1 2 1 0 0 na na
10 64238.696350265067 0.051735976927 cfg1 2 1 0 0 na na
10 64238.728350289863 0.051735711985 cfg1 2 1 0 0 na na
10 64238.848350337691 0.051734635902 cfg1 2 1 0 0 na na
10 64238.928350246715 0.051733920404 cfg1 2 1 0 0 na na
10 64238.991350310845 0.051733354336 cfg1 2 1 0 0 na na
10 64239.020350337345 0.051733085842 cfg1 2 1 0 0 na na
10 64239.048350247181 0.051732849932 cfg1 2 1 0 0 na na
10 64239.086350297102 0.051732501152 cfg1 2 1 0 0 na na
10 64239.104350316061 0.051732344625 cfg1 2 1 0 0 na na
10 64239.120350267098 0.051732187106 cfg1 2 1 0 0 na na
10 64239.180350248426 0.051731663284 cfg1 2 1 0 0 na na
10 64239.221350274389 0.051731280496 cfg1 2 1 0 0 na na
10 64239.249350312500 0.051731029170 cfg1 2 1 0 0 na na
10 64239.404350340447 0.051729667739 cfg1 2 1 0 0 na na
10 64239.410350323828 0.051729616320 cfg1 2 1 0 0 na na
10 64239.507350296149 0.051728725436 cfg1 2 1 0 0 na na
10 64239.556350254778 0.051728297198 cfg1 2 1 0 0 na na
10 64239.608350301459 0.051727825366 cfg1 2 1 0 0 na na
10 64239.695350310223 0.051727060711 cfg1 2 1 0 0 na na
10 64239.736350315173 0.051726687540 cfg1 2 1 0 0 na na
10 64239.813350279230 0.051726003449 cfg1 2 1 0 0 na na
10 64239.821350265855 0.051725921228 cfg1 2 1 0 0 na na
10 64240.074350271554 0.051723669079 cfg1 2 1 0 0 na na
10 64240.126350310409 0.051723212963 cfg1 2 1 0 0 na na
10 64240.256350276232 0.051722037942 cfg1 2 1 0 0 na na
10 64240.400350317207 0.051720743923 cfg1 2 1 0 0 na na
10 64240.416350323629 0.051720612409 cfg1 2 1 0 0 na na
10 64240.502350252634 0.051719849743 cfg1 2 1 0 0 na na
10 64240.559350256043 0.051719352824 cfg1 2 1 0 0 na na
10 64240.729350283328 0.051717830125 cfg1 2 1 0 0 na na
10 64240.749350254242 0.051717642808 cfg1 2 1 0 0 na na
10 64240.775350271042 0.051717417719 cfg1 2 1 0 0 na na
10 64241.058350281319 0.051714873184 cfg1 2 1 0 0 na na
10 64241.209350245775 0.051713541283 cfg1 2 1 0 0 na na
10 64241.334350308774 0.051712431132 cfg1 2 1 0 0 na na
10 64241.352350312616 0.051712254116 cfg1 2 1 0 0 na na
10 64241.681350291249 0.051709323506 cfg1 2 1 0 0 na na
10 64241.753350290975 0.051708685868 cfg1 2 1 0 0 na na
10 64241.942350339099 0.051707007804 cfg1 2 1 0 0 na na
10 64241.959350333035 0.051706849689 cfg1 2 1 0 0 na na
10 64242.030350327680 0.051706211387 cfg1 2 1 0 0 na na
10 64242.145350283743 0.051705190001 cfg1 2 1 0 0 na na
10 64242.269350284523 0.051704087598 cfg1 2 1 0 0 na na
10 64242.285350263998 0.051703948543 cfg1 2 1 0 0 na na
10 64242.597350303259 0.051701151039 cfg1 2 1 0 0 na na
10 64242.600350292055 0.051701127784 cfg1 2 1 0 0 na na
10 64242.641350275949 0.051700780714 cfg1 2 1 0 0 na na
10 64242.806350332003 0.051699296142 cfg1 2 1 0 0 na na
10 64242.823350301568 0.051699134554 cfg1 2 1 0 0 na na
10 64243.002350273973 0.051697548701 cfg1 2 1 0 0 na na
10 64243.051350317034 0.051697130967 cfg1 2 1 0 0 na na
10 64243.073350342689 0.051696908593 cfg1 2 1 0 0 na na
10 64243.153350257524 0.051696219804 cfg1 2 1 0 0 na na
10 64243.230350347191 0.051695509458 cfg1 2 1 0 0 na na
10 64243.237350314907 0.051695467623 cfg1 2 1 0 0 na na
10 64243.349350309395 0.051694477133 cfg1 2 1 0 0 na na
10 64243.387350257154 0.051694124769 cfg1 2 1 0 0 na na
10 64243.389350253701 0.051694113373 cfg1 2 1 0 0 na na
10 64243.480350313629 0.051693288837 cfg1 2 1 0 0 na na
10 64243.610350293391 0.051692142035 cfg1 2 1 0 0 na na
10 64243.721350318476 0.051691157053 cfg1 2 1 0 0 na na
10 64243.751350270320 0.051690884702 cfg1 2 1 0 0 na na
10 64243.792350307806 0.051690533142 cfg1 2 1 0 0 na na
10 64244.141350280178 0.051687402161 cfg1 2 1 0 0 na na
10 64244.208350332756 0.051686810951 cfg1 2 1 0 0 na na
10 64244.262350318674 0.051686348752 cfg1 2 1 0 0 na na
10 64244.312350336191 0.051685882544 cfg1 2 1 0 0 na na
10 64244.383350396584 0.051685256594 cfg1 2 1 0 0 na na
10 64244.441350329814 0.051684745611 cfg1 2 1 0 0 na na
10 64244.636350301908 0.051683001033 cfg1 2 1 0 0 na na
10 64244.666350359682 0.051682752425 cfg1 2 1 0 0 na na
10 64244.699350295190 0.051682440808 cfg1 2 1 0 0 na na
10 64244.804350292199 0.051681525207 cfg1 2 1 0 0 na na
10 64244.849350253199 0.051681135187 cfg1 2 1 0 0 na na
10 64244.853350293296 0.051681095941 cfg1 2 1 0 0 na na
10 64245.025350283280 0.051679542010 cfg1 2 1 0 0 na na
10 64245.062350262835 0.051679235044 cfg1 2 1 0 0 na na
10 64245.159350268610 0.051678356123 cfg1 2 1 0 0 na na
10 64245.177350259445 0.051678202854 cfg1 2 1 0 0 na na
10 64245.182350337478 0.051678164822 cfg1 2 1 0 0 na na
10 64245.195350296998 0.051678042009 cfg1 2 1 0 0 na na
10 64245.200350279375 0.051677992017 cfg1 2 1 0 0 na na
10 64245.249350265040 0.051677568643 cfg1 2 1 0 0 na na
10 64245.273350301661 0.051677361587 cfg1 2 1 0 0 na na
10 64245.307350320981 0.051677049597 cfg1 2 1 0 0 na na
10 64245.323350271923 0.051676902836 cfg1 2 1 0 0 na na
10 64245.326350278847 0.051676890790 cfg1 2 1 0 0 na na
10 64245.327350302545 0.051676862440 cfg1 2 1 0 0 na na
10 64245.338350289489 0.051676773179 cfg1 2 1 0 0 na na
10 64245.553350291107 0.051674864034 cfg1 2 1 0 0 na na
10 64245.626350305110 0.051674224790 cfg1 2 1 0 0 na na
10 64245.726350285711 0.051673343724 cfg1 2 1 0 0 na na
10 64245.747350330967 0.051673134108 cfg1 2 1 0 0 na na
10 64245.802350322997 0.051672661675 cfg1 2 1 0 0 na na
10 64245.820350303710 0.051672489666 cfg1 2 1 0 0 na na
10 64245.900350290444 0.051671787495 cfg1 2 1 0 0 na na
10 64245.909350260958 0.051671695841 cfg1 2 1 0 0 na na
10 64246.074350284204 0.051670240545 cfg1 2 1 0 0 na na
10 64246.146350315445 0.051669605352 cfg1 2 1 0 0 na na
10 64246.243350300306 0.051668728904 cfg1 2 1 0 0 na na
10 64246.257350343585 0.051668607468 cfg1 2 1 0 0 na na
10 64246.318350335100 0.051668088378 cfg1 2 1 0 0 na na
10 64246.469350292522 0.051666735141 cfg1 2 1 0 0 na na
10 64246.512350284703 0.051666339190 cfg1 2 1 0 0 na na
10 64246.562350311714 0.051665906040 cfg1 2 1 0 0 na na
10 64246.594350274714 0.051665616118 cfg1 2 1 0 0 na na
10 64246.641350323216 0.051665209359 cfg1 2 1 0 0 na na
10 64246.663350347345 0.051665002005 cfg1 2 1 0 0 na na
10 64246.726350323778 0.051664446881 cfg1 2 1 0 0 na na
10 64246.771350278575 0.051664064886 cfg1 2 1 0 0 na na
10 64246.787350254916 0.051663925372 cfg1 2 1 0 0 na na
10 64246.829350283986 0.051663556583 cfg1 2 1 0 0 na na
10 64246.857350292531 0.051663300749 cfg1 2 1 0 0 na na
10 64246.873350260981 0.051663160945 cfg1 2 1 0 0 na na
10 64246.886350317594 0.051663030317 cfg1 2 1 0 0 na na
10 64246.919350294125 0.051662748131 cfg1 2 1 0 0 na na
10 64246.922350292072 0.051662727037 cfg1 2 1 0 0 na na
10 64246.947350293116 0.051662481129 cfg1 2 1 0 0 na na
10 64246.983350315119 0.051662173364 cfg1 2 1 0 0 na na
10 64247.002350275340 0.051661993406 cfg1 2 1 0 0 na na
10 64247.190350257880 0.051660342649 cfg1 2 1 0 0 na na
10 64247.302350292360 0.051659354375 cfg1 2 1 0 0 na na
10 64247.304350274111 0.051659329085 cfg1 2 1 0 0 na na
10 64247.347350300115 0.051658955515 cfg1 2 1 0 0 na na
10 64247.385350319542 0.051658600849 cfg1 2 1 0 0 na na
10 64247.517350299117 0.051657439567 cfg1 2 1 0 0 na na
10 64247.677350306542 0.051656022520 cfg1 2 1 0 0 na na
10 64247.718350250321 0.051655666398 cfg1 2 1 0 0 na na
10 64247.728350270842 0.051655570305 cfg1 2 1 0 0 na na
10 64248.092350284771 0.051652345904 cfg1 2 1 0 0 na na
10 64248.098350355781 0.051652287697 cfg1 2 1 0 0 na na
10 64248.199350250854 0.051651405899 cfg1 2 1 0 0 na na
10 64248.308350250232 0.051650441674 cfg1 2 1 0 0 na na
10 64248.556350287797 0.051648252258 cfg1 2 1 0 0 na na
10 64248.823350308548 0.051645882682 cfg1 2 1 0 0 na na
10 64248.922350243203 0.051645008608 cfg1 2 1 0 0 na na
10 64248.978350265272 0.051644513020 cfg1 2 1 0 0 na na
10 64249.025350260074 0.051644082017 cfg1 2 1 0 0 na na
10 64249.037350298243 0.051643991770 cfg1 2 1 0 0 na na
10 64249.060350300271 0.051643779376 cfg1 2 1 0 0 na na
10 64249.088350328291 0.051643529748 cfg1 2 1 0 0 na na
10 64249.101350311360 0.051643428209 cfg1 2 1 0 0 na na
10 64249.123350257687 0.051643219349 cfg1 2 1 0 0 na na
10 64249.305350301183 0.051641618576 cfg1 2 1 0 0 na na
10 64249.332350347769 0.051641365999 cfg1 2 1 0 0 na na
10 64249.435350283999 0.051640468285 cfg1 2 1 0 0 na na
10 64249.479350253793 0.051640073117 cfg1 2 1 0 0 na na
10 64249.505350345362 0.051639851392 cfg1 2 1 0 0 na na
10 64249.726350329322 0.051637891581 cfg1 2 1 0 0 na na
10 64249.762350318132 0.051637565964 cfg1 2 1 0 0 na na
10 64249.823350358407 0.051637034305 cfg1 2 1 0 0 na na
10 64249.885350279665 0.051636479194 cfg1 2 1 0 0 na na
10 64250.007350263073 0.051635399086 cfg1 2 1 0 0 na na
10 64250.082350255788 0.051634741097 cfg1 2 1 0 0 na na
10 64250.138350298970 0.051634245222 cfg1 2 1 0 0 na na
10 64250.145350285035 0.051634181382 cfg1 2 1 0 0 na na
10 64250.154350300799 0.051634102891 cfg1 2 1 0 0 na na
10 64250.213350263841 0.051633581893 cfg1 2 1 0 0 na na
10 64250.429350307673 0.051631678635 cfg1 2 1 0 0 na na
10 64250.685350305038 0.051629425903 cfg1 2 1 0 0 na na
10 64250.718350290692 0.051629129973 cfg1 2 1 0 0 na na
10 64250.763350336253 0.051628721808 cfg1 2 1 0 0 na na
10 64250.805350277772 0.051628348698 cfg1 2 1 0 0 na na
10 64251.020350315347 0.051626444372 cfg1 2 1 0 0 na na
10 64251.083350298720 0.051625892271 cfg1 2 1 0 0 na na
10 64251.445350334253 0.051622717965 cfg1 2 1 0 0 na na
10 64251.475350330489 0.051622434537 cfg1 2 1 0 0 na na
10 64251.510350278816 0.051622143427 cfg1 2 1 0 0 na na
10 64251.624350260946 0.051621120997 cfg1 2 1 0 0 na na
10 64251.659350302829 0.051620814697 cfg1 2 1 0 0 na na
10 64251.673350285992 0.051620705196 cfg1 2 1 0 0 na na
10 64251.870350351124 0.051618965901 cfg1 2 1 0 0 na na
10 64251.969350272106 0.051618069973 cfg1 2 1 0 0 na na
10 64251.977350283156 0.051618008378 cfg1 2 1 0 0 na na
10 64252.062350326760 0.051617268042 cfg1 2 1 0 0 na na
10 64252.284350321440 0.051615295976 cfg1 2 1 0 0 na na
10 64252.389350265764 0.051614374884 cfg1 2 1 0 0 na na
10 64252.463350276539 0.051613730697 cfg1 2 1 0 0 na na
10 64252.863350351845 0.051610200733 cfg1 2 1 0 0 na na
10 64252.909350299326 0.051609792150 cfg1 2 1 0 0 na na
10 64253.048350341679 0.051608570781 cfg1 2 1 0 0 na na
10 64253.193350321321 0.051607297809 cfg1 2 1 0 0 na na
10 64253.283350249261 0.051606515075 cfg1 2 1 0 0 na na
10 64253.339350267075 0.051606019327 cfg1 2 1 0 0 na na
10 64253.374350336606 0.051605710868 cfg1 2 1 0 0 na na
10 64253.406350265564 0.051605406242 cfg1 2 1 0 0 na na
10 64253.422350269960 0.051605271325 cfg1 2 1 0 0 na na
10 64253.437350331960 0.051605157580 cfg1 2 1 0 0 na na
10 64253.460350260161 0.051604936733 cfg1 2 1 0 0 na na
10 64253.494350317831 0.051604644982 cfg1 2 1 0 0 na na
10 64253.562350246454 0.051604055902 cfg1 2 1 0 0 na na
10 64253.618350326084 0.051603547732 cfg1 2 1 0 0 na na
10 64253.626350283176 0.051603488442 cfg1 2 1 0 0 na na
10 64253.632350277988 0.051603421641 cfg1 2 1 0 0 na na
10 64253.715350290008 0.051602697388 cfg1 2 1 0 0 na na
10 64253.722350301306 0.051602651125 cfg1 2 1 0 0 na na
10 64253.739350343944 0.051602489359 cfg1 2 1 0 0 na na
10 64253.820350268394 0.051601789314 cfg1 2 1 0 0 na na
10 64253.838350295680 0.051601612715 cfg1 2 1 0 0 na na
10 64254.045350322785 0.051599793821 cfg1 2 1 0 0 na na
10 64254.107350302300 0.051599264100 cfg1 2 1 0 0 na na
10 64254.155350304624 0.051598817832 cfg1 2 1 0 0 na na
10 64254.195350279179 0.051598474672 cfg1 2 1 0 0 na na
10 64254.273350305066 0.051597776393 cfg1 2 1 0 0 na na
10 64254.296350364098 0.051597589216 cfg1 2 1 0 0 na na
10 64254.329350361083 0.051597295224 cfg1 2 1 0 0 na na
10 64254.391350295311 0.051596759567 cfg1 2 1 0 0 na na
10 64254.434350297836 0.051596380691 cfg1 2 1 0 0 na na
10 64254.510350288020 0.051595691995 cfg1 2 1 0 0 na na
10 64254.563350263116 0.051595247938 cfg1 2 1 0 0 na na
10 64254.901350273039 0.051592261674 cfg1 2 1 0 0 na na
10 64254.981350309763 0.051591576712 cfg1 2 1 0 0 na na
10 64254.994350284727 0.051591447285 cfg1 2 1 0 0 na na
10 64255.018350345153 0.051591240355 cfg1 2 1 0 0 na na
10 64255.107350311682 0.051590454320 cfg1 2 2 0 0 na na
10 64255.109350345739 0.051590436627 cfg1 2 1 0 0 na na
10 64255.302350333020 0.051588736754 cfg1 2 1 0 0 na na
10 64255.527350327442 0.051586765121 cfg1 2 1 0 0 na na
10 64255.562350263665 0.051586473732 cfg1 2 1 0 0 na na
10 64255.585350293745 0.051586266800 cfg1 2 1 0 0 na na
10 64255.611350249124 0.051586032738 cfg1 2 1 0 0 na na
10 64255.736350274518 0.051584927872 cfg1 2 1 0 0 na na
10 64255.791350257928 0.051584458506 cfg1 2 1 0 0 na na
10 64255.911350260161 0.051583391688 cfg1 2 1 0 0 na na
10 64255.952350305365 0.051583035220 cfg1 2 1 0 0 na na
10 64255.967350309992 0.051582911358 cfg1 2 1 0 0 na na
10 64256.086350259777 0.051581852155 cfg1 2 1 0 0 na na
10 64256.104350253471 0.051581703183 cfg1 2 1 0 0 na na
10 64256.109350296143 0.051581668340 cfg1 2 1 0 0 na na
10 64256.170350264741 0.051581131779 cfg1 2 1 0 0 na na
10 64256.334350336941 0.051579675281 cfg1 2 1 0 0 na na
10 64256.363350300027 0.051579411113 cfg1 2 1 0 0 na na
10 64256.406350266334 0.051579035919 cfg1 2 1 0 0 na na
10 64256.408350268562 0.051579018562 cfg1 2 1 0 0 na na
10 64256.449350269716 0.051578684696 cfg1 2 1 0 0 na na
10 64256.484350287638 0.051578366662 cfg1 2 1 0 0 na na
10 64256.488350255484 0.051578326359 cfg1 2 1 0 0 na na
10 64256.516350249129 0.051578092512 cfg1 2 1 0 0 na na
10 64256.608350311739 0.051577273416 cfg1 2 2 0 0 na na
10 64256.695350284774 0.051576521730 cfg1 2 1 0 0 na na
10 64256.781350252957 0.051575758679 cfg1 2 1 0 0 na na
10 64256.809350255355 0.051575511780 cfg1 2 1 0 0 na na
10 64256.893350328325 0.051574790404 cfg1 2 1 0 0 na na
10 64256.989350313868 0.051573924364 cfg1 2 1 0 0 na na
10 64257.074350283370 0.051573174252 cfg1 2 1 0 0 na na
10 64257.095350306455 0.051573015093 cfg1 2 1 0 0 na na
10 64257.140350347745 0.051572607245 cfg1 2 1 0 0 na na
10 64257.206350297133 0.051572030633 cfg1 2 1 0 0 na na
10 64257.234350315094 0.051571799071 cfg1 2 1 0 0 na na
10 64257.338350317856 0.051570858631 cfg1 2 1 0 0 na na
10 64257.504350278943 0.051569406614 cfg1 2 1 0 0 na na
10 64257.525350334183 0.051569231405 cfg1 2 2 0 0 na na
10 64257.526350277075 0.051569218522 cfg1 2 1 0 0 na na
10 64257.585350257535 0.051568718512 cfg1 2 1 0 0 na na
10 64257.616350300148 0.051568433861 cfg1 2 2 0 0 na na
10 64257.625350263256 0.051568348543 cfg1 2 1 0 0 na na
10 64257.710350324006 0.051567598649 cfg1 2 1 0 0 na na
10 64257.739350314440 0.051567353863 cfg1 2 1 0 0 na na
10 64257.873350329073 0.051566180236 cfg1 2 1 0 0 na na
10 64257.882350269927 0.051566092161 cfg1 2 1 0 0 na na
10 64258.033350319070 0.051564795963 cfg1 2 1 0 0 na na
10 64258.107350301742 0.051564119917 cfg1 2 1 0 0 na na
10 64258.259350294295 0.051562812369 cfg1 2 1 0 0 na na
10 64258.269350383213 0.051562715761 cfg1 2 1 0 0 na na
10 64258.419350334546 0.051561415519 cfg1 2 1 0 0 na na
10 64258.443350321360 0.051561193407 cfg1 2 1 0 0 na na
10 64258.552350323985 0.051560249198 cfg1 2 1 0 0 na na
10 64258.575350252203 0.051560039753 cfg1 2 1 0 0 na na
10 64258.667350260663 0.051559226336 cfg1 2 1 0 0 na na
10 64258.671350333813 0.051559199009 cfg1 2 1 0 0 na na
10 64258.685350320683 0.051559063378 cfg1 2 1 0 0 na na
10 64258.840350340167 0.051557717108 cfg1 2 1 0 0 na na
10 64258.875350270893 0.051557395122 cfg1 2 1 0 0 na na
10 64258.880350269097 0.051557369712 cfg1 2 1 0 0 na na
10 64258.923350308043 0.051556997310 cfg1 2 1 0 0 na na
10 64258.992350308260 0.051556382907 cfg1 2 1 0 0 na na
10 64259.015350346302 0.051556188963 cfg1 2 1 0 0 na na
10 64259.017350297837 0.051556176381 cfg1 2 1 0 0 na na
10 64259.050350297118 0.051555873646 cfg1 2 1 0 0 na na
10 64259.088350258681 0.051555555768 cfg1 2 1 0 0 na na
10 64259.183350238795 0.051554729282 cfg1 2 1 0 0 na na
10 64259.209350289041 0.051554492243 cfg1 2 1 0 0 na na
10 64259.217350343629 0.051554429293 cfg1 2 1 0 0 na na
10 64259.307350256236 0.051553625687 cfg1 2 1 0 0 na na
10 64259.315350313093 0.051553552247 cfg1 2 1 0 0 na na
10 65642.976350321966 0.050878402877 cfg1 2 1 0 0 na na
10 65643.018350346228 0.050878770090 cfg1 2 1 0 0 na na
10 65643.031350316773 0.050878860782 cfg1 2 1 0 0 na na
10 65643.100350361382 0.050879424656 cfg1 2 1 0 0 na na
10 65643.152350277489 0.050879847416 cfg1 2 1 0 0 na na
10 65643.212350271504 0.050880320768 cfg1 2 1 0 0 na na
10 65643.262350271343 0.050880740594 cfg1 2 1 0 0 na na
10 65643.288350342221 0.050880925810 cfg1 2 1 0 0 na na
10 65643.295350388338 0.050880990658 cfg1 2 1 0 0 na na
10 65643.350350262032 0.050881429982 cfg1 2 1 0 0 na na
10 65643.353350421963 0.050881454990 cfg1 2 1 0 0 na na
10 65643.359350306236 0.050881509823 cfg1 2 1 0 0 na na
10 65643.366350266202 0.050881555815 cfg1 2 1 0 0 na na
10 65643.470350264585 0.050882397623 cfg1 2 1 0 0 na na
10 65643.488350252306 0.050882562554 cfg1 2 1 0 0 na na
10 65643.489350359575 0.050882570098 cfg1 2 1 0 0 na na
10 65643.529350270753 0.050882871205 cfg1 2 1 0 0 na na
10 65643.678350275606 0.050884087988 cfg1 2 1 0 0 na na
10 65643.792350331386 0.050884999487 cfg1 2 1 0 0 na na
10 65643.807350309749 0.050885131400 cfg1 2 1 0 0 na na
10 65643.867350320378 0.050885632199 cfg1 2 1 0 0 na na
10 65643.903350268111 0.050885898950 cfg1 2 1 0 0 na na
10 65643.915350265090 0.050886007484 cfg1 2 1 0 0 na na
10 65643.921350330756 0.050886057585 cfg1 2 1 0 0 na na
10 65644.069350336616 0.050887240867 cfg1 2 1 0 0 na na
10 65644.151350327954 0.050887915962 cfg1 2 1 0 0 na na
10 65644.163350240081 0.050888027034 cfg1 2 1 0 0 na na
10 65644.251350380249 0.050888737291 cfg1 2 1 0 0 na na
10 65644.284350317879 0.050888984854 cfg1 2 1 0 0 na na
10 65644.332350276525 0.050889395068 cfg1 2 1 0 0 na na
10 65644.337350305459 0.050889434041 cfg1 2 1 0 0 na na
10 65644.470350337003 0.050890501886 cfg1 2 1 0 0 na na
10 65644.524350316321 0.050890935243 cfg1 2 1 0 0 na na
10 65644.550350301827 0.050891157159 cfg1 2 1 0 0 na na
10 65644.713350405438 0.050892479793 cfg1 2 1 0 0 na na
10 65644.725350331760 0.050892563584 cfg1 2 1 0 0 na na
10 65644.742350341946 0.050892705585 cfg1 2 1 0 0 na na
10 65644.783350324640 0.050893021433 cfg1 2 1 0 0 na na
10 65644.804350266721 0.050893199930 cfg1 2 1 0 0 na na
10 65644.864350405664 0.050893684049 cfg1 2 1 0 0 na na
10 65644.930350281262 0.050894213333 cfg1 2 1 0 0 na na
10 65644.970350264152 0.050894542861 cfg1 2 1 0 0 na na
10 65645.059350350675 0.050895277430 cfg1 2 1 0 0 na na
10 65645.072350281423 0.050895362577 cfg1 2 1 0 0 na na
10 65645.086350288217 0.050895471948 cfg1 2 1 0 0 na na
10 65645.116350254161 0.050895732734 cfg1 2 1 0 0 na na
10 65645.145350313568 0.050895965670 cfg1 2 1 0 0 na na
10 65645.189350303310 0.050896322249 cfg1 2 1 0 0 na na
10 65645.245350265170 0.050896766803 cfg1 2 1 0 0 na na
10 65645.348350262233 0.050897604684 cfg1 2 1 0 0 na na
10 65645.393350400961 0.050897975924 cfg1 2 1 0 0 na na
10 65645.461350250366 0.050898532287 cfg1 2 1 0 0 na na
10 65645.751350314163 0.050900862410 cfg1 2 1 0 0 na na
10 65645.815350418989 0.050901407401 cfg1 2 1 0 0 na na
10 65646.004350245424 0.050902941484 cfg1 2 1 0 0 na na
10 65646.021350455588 0.050903078494 cfg1 2 1 0 0 na na
10 65646.031350251139 0.050903155784 cfg1 2 1 0 0 na na
10 65646.114350389062 0.050903812321 cfg1 2 1 0 0 na na
10 65646.131350430379 0.050903961175 cfg1 2 1 0 0 na na
10 65646.164350394280 0.050904216313 cfg1 2 1 0 0 na na
10 65646.221350387284 0.050904682437 cfg1 2 1 0 0 na na
10 65646.233350288906 0.050904784501 cfg1 2 1 0 0 na na
10 65646.342350401644 0.050905682991 cfg1 2 1 0 0 na na
10 65646.376350335687 0.050905955925 cfg1 2 1 0 0 na na
10 65646.385350401307 0.050906011017 cfg1 2 1 0 0 na na
10 65646.470350326243 0.050906712431 cfg1 2 1 0 0 na na
10 65646.496350449977 0.050906915637 cfg1 2 1 0 0 na na
10 65646.502350354168 0.050906981655 cfg1 2 1 0 0 na na
10 65646.518350347201 0.050907111130 cfg1 2 1 0 0 na na
10 65646.762350436672 0.050909078865 cfg1 2 1 0 0 na na
10 65646.783350262679 0.050909257777 cfg1 2 1 0 0 na na
10 65646.822350281413 0.050909571137 cfg1 2 1 0 0 na na
10 65646.829350359800 0.050909626323 cfg1 2 1 0 0 na na
10 65646.959350355462 0.050910683885 cfg1 2 1 0 0 na na
10 65646.964350304344 0.050910729133 cfg1 2 1 0 0 na na
10 65647.001350337689 0.050911012013 cfg1 2 1 0 0 na na
10 65647.145350399230 0.050912206077 cfg1 2 1 0 0 na na
10 65647.173350374620 0.050912431919 cfg1 2 1 0 0 na na
10 65647.243350299166 0.050912985564 cfg1 2 1 0 0 na na
10 65647.246350398196 0.050913004932 cfg1 2 1 0 0 na na
10 65647.297350293965 0.050913416194 cfg1 2 1 0 0 na na
10 65647.397350278343 0.050914225706 cfg1 2 1 0 0 na na
10 65647.428350293876 0.050914478643 cfg1 2 1 0 0 na na
10 65647.448350343480 0.050914662929 cfg1 2 1 0 0 na na
10 65647.512350425338 0.050915169454 cfg1 2 1 0 0 na na
10 65647.542350290432 0.050915427981 cfg1 2 1 0 0 na na
10 65647.547350267031 0.050915444748 cfg1 2 1 0 0 na na
10 65647.565350351885 0.050915599845 cfg1 2 1 0 0 na na
10 65647.655350366390 0.050916334596 cfg1 2 1 0 0 na na
10 65647.676350401565 0.050916499155 cfg1 2 1 0 0 na na
10 65647.728350364632 0.050916943142 cfg1 2 1 0 0 na na
10 65647.737350376374 0.050917014680 cfg1 2 1 0 0 na na
10 65647.743350256266 0.050917054267 cfg1 2 1 0 0 na na
10 65647.792350387165 0.050917454389 cfg1 2 1 0 0 na na
10 65647.885350346674 0.050918221324 cfg1 2 1 0 0 na na
10 65647.946350254230 0.050918702340 cfg1 2 1 0 0 na na
10 65647.968350308028 0.050918891021 cfg1 2 1 0 0 na na
10 65648.007350384930 0.050919197367 cfg1 2 1 0 0 na na
10 65648.045350320101 0.050919513287 cfg1 2 1 0 0 na na
10 65648.093350350820 0.050919890234 cfg1 2 1 0 0 na na
10 65648.095350288597 0.050919903228 cfg1 2 1 0 0 na na
10 65648.165350357555 0.050920493188 cfg1 2 1 0 0 na na
10 65648.205350320531 0.050920809657 cfg1 2 1 0 0 na na
10 65648.221350323832 0.050920931400 cfg1 2 1 0 0 na na
10 65648.243350365696 0.050921124815 cfg1 2 1 0 0 na na
10 65648.273350318485 0.050921364878 cfg1 2 1 0 0 na na
10 65648.363350254228 0.050922092730 cfg1 2 1 0 0 na na
10 65648.380350325551 0.050922242517 cfg1 2 1 0 0 na na
10 65648.479350357178 0.050923031488 cfg1 2 1 0 0 na na
10 65648.557350316406 0.050923677624 cfg1 2 1 0 0 na na
10 65648.573350300758 0.050923813547 cfg1 2 1 0 0 na na
10 65648.623350349592 0.050924198563 cfg1 2 1 0 0 na na
10 65648.746350287139 0.050925221185 cfg1 2 1 0 0 na na
10 65648.794350252055 0.050925604670 cfg1 2 1 0 0 na na
10 65648.822350331765 0.050925844248 cfg1 2 1 0 0 na na
10 65648.860350347008 0.050926138852 cfg1 2 1 0 0 na na
10 65648.895350287827 0.050926440001 cfg1 2 1 0 0 na na
10 65648.899350383090 0.050926447314 cfg1 2 1 0 0 na na
10 65648.943350281003 0.050926810145 cfg1 2 1 0 0 na na
10 65648.962350292872 0.050926963915 cfg1 2 1 0 0 na na
10 65648.997350332675 0.050927270789 cfg1 2 1 0 0 na na
10 65649.000350304326 0.050927294764 cfg1 2 1 0 0 na na
10 65649.008350305837 0.050927354501 cfg1 2 1 0 0 na na
10 65649.026350300430 0.050927496073 cfg1 2 1 0 0 na na
10 65649.314350263532 0.050929828412 cfg1 2 1 0 0 na na
10 65649.977350313505 0.050935238972 cfg1 2 1 0 0 na na
10 65650.405350307659 0.050938736579 cfg1 2 1 0 0 na na
10 65650.513350345639 0.050939624352 cfg1 2 1 0 0 na na
10 65650.793350267101 0.050941889556 cfg1 2 1 0 0 na na
10 65650.832350339498 0.050942205638 cfg1 2 1 0 0 na na
10 65650.914350274013 0.050942903409 cfg1 2 1 0 0 na na
10 65651.024350325824 0.050943792215 cfg1 2 1 0 0 na na
10 65651.041350281443 0.050943929991 cfg1 2 1 0 0 na na
10 65651.042350289298 0.050943943991 cfg1 2 1 0 0 na na
10 65651.115350327100 0.050944518217 cfg1 2 1 0 0 na na
10 65651.152350256235 0.050944835671 cfg1 2 1 0 0 na na
10 65651.154350269734 0.050944837220 cfg1 2 1 0 0 na na
10 65651.418350359734 0.050947009452 cfg1 2 1 0 0 na na
10 65651.500350346025 0.050947667170 cfg1 2 1 0 0 na na
10 65651.535350320090 0.050947962328 cfg1 2 1 0 0 na na
10 65651.572350279959 0.050948262235 cfg1 2 1 0 0 na na
10 65651.740350347797 0.050949644288 cfg1 2 1 0 0 na na
10 65651.927350329546 0.050951165615 cfg1 2 1 0 0 na na
10 65652.004350286068 0.050951803273 cfg1 2 1 0 0 na na
10 65652.015350328993 0.050951880119 cfg1 2 1 0 0 na na
10 65652.061350252861 0.050952259080 cfg1 2 1 0 0 na na
10 65652.154350296963 0.050953013514 cfg1 2 1 0 0 na na
10 65652.222350328119 0.050953567871 cfg1 2 1 0 0 na na
10 65652.259350328509 0.050953889008 cfg1 2 1 0 0 na na
10 65652.354350295348 0.050954654347 cfg1 2 1 0 0 na na
10 65652.372350294949 0.050954802577 cfg1 2 1 0 0 na na
10 65652.434350335082 0.050955301413 cfg1 2 1 0 0 na na
10 65652.510350399452 0.050955944813 cfg1 2 1 0 0 na na
10 65652.567350255187 0.050956403328 cfg1 2 1 0 0 na na
10 65652.586350249511 0.050956570930 cfg1 2 1 0 0 na na
10 65652.672350273300 0.050957265538 cfg1 2 1 0 0 na na
10 65652.702350350194 0.050957500118 cfg1 2 1 0 0 na na
10 65652.723350282944 0.050957681648 cfg1 2 1 0 0 na na
10 65652.904350355848 0.050959161263 cfg1 2 1 0 0 na na
10 65653.047350303885 0.050960327229 cfg1 2 1 0 0 na na
10 65653.076350306422 0.050960566208 cfg1 2 1 0 0 na na
10 65653.178350344559 0.050961401739 cfg1 2 1 0 0 na na
10 65653.224350338092 0.050961765421 cfg1 2 1 0 0 na na
10 65653.309350289232 0.050962475047 cfg1 2 1 0 0 na na
10 65653.430350315132 0.050963468172 cfg1 2 1 0 0 na na
10 65653.455350278565 0.050963679783 cfg1 2 1 0 0 na na
10 65653.461350290808 0.050963729850 cfg1 2 1 0 0 na na
10 65653.633350351692 0.050965144959 cfg1 2 1 0 0 na na
10 65653.706350277461 0.050965720453 cfg1 2 1 0 0 na na
10 65653.850350258398 0.050966923544 cfg1 2 1 0 0 na na
10 65653.868350269692 0.050967060415 cfg1 2 1 0 0 na na
10 65653.873350334098 0.050967091524 cfg1 2 1 0 0 na na
10 65653.907350336313 0.050967373654 cfg1 2 1 0 0 na na
10 65653.997350303390 0.050968117305 cfg1 2 1 0 0 na na
10 65654.011350288186 0.050968216722 cfg1 2 1 0 0 na na
10 65654.044350278155 0.050968503584 cfg1 2 1 0 0 na na
10 65654.085350290973 0.050968836439 cfg1 2 1 0 0 na na
10 65654.099350260839 0.050968948212 cfg1 2 1 0 0 na na
10 65654.180350287226 0.050969622326 cfg1 2 1 0 0 na na
10 65654.284350333857 0.050970463787 cfg1 2 1 0 0 na na
10 65654.314350306610 0.050970708051 cfg1 2 1 0 0 na na
10 65654.324350322295 0.050970809206 cfg1 2 1 0 0 na na
10 65654.381350350617 0.050971277436 cfg1 2 1 0 0 na na
10 65654.404350334313 0.050971447149 cfg1 2 1 0 0 na na
10 65654.420350297558 0.050971573459 cfg1 2 1 0 0 na na
10 65654.471350305396 0.050972012550 cfg1 2 1 0 0 na na
10 65654.491350305035 0.050972177621 cfg1 2 1 0 0 na na
10 65654.502350285185 0.050972263358 cfg1 2 1 0 0 na na
10 65654.547350342823 0.050972618307 cfg1 2 1 0 0 na na
10 65654.549350300585 0.050972644405 cfg1 2 1 0 0 na na
10 65654.688350307131 0.050973784310 cfg1 2 1 0 0 na na
10 65654.930350366294 0.050975757155 cfg1 2 1 0 0 na na
10 65654.933350253002 0.050975793906 cfg1 2 1 0 0 na na
10 65654.961350324945 0.050976025614 cfg1 2 1 0 0 na na
10 65655.019350313822 0.050976486455 cfg1 2 1 0 0 na na
10 65655.064350312687 0.050976861958 cfg1 2 1 0 0 na na
10 65655.257350313193 0.050978465484 cfg1 2 1 0 0 na na
10 65655.274350331916 0.050978587611 cfg1 2 1 0 0 na na
10 65655.364350293612 0.050979342057 cfg1 2 1 0 0 na na
10 65655.378350327759 0.050979446335 cfg1 2 1 0 0 na na
10 65655.388350320940 0.050979522448 cfg1 2 1 0 0 na na
10 65655.410350325515 0.050979702575 cfg1 2 1 0 0 na na
10 65655.447350369031 0.050980010822 cfg1 2 1 0 0 na na
10 65655.687350324491 0.050981995603 cfg1 2 1 0 0 na na
10 65655.695350312332 0.050982054124 cfg1 2 1 0 0 na na
10 65655.730350309850 0.050982343243 cfg1 2 1 0 0 na na
10 65656.453350273056 0.050988268804 cfg1 2 1 0 0 na na
10 65656.509350306400 0.050988751281 cfg1 2 1 0 0 na na
10 65656.534350298313 0.050988958367 cfg1 2 1 0 0 na na
10 65656.579350301088 0.050989333096 cfg1 2 1 0 0 na na
10 65656.787350282858 0.050991026537 cfg1 2 1 0 0 na na
10 65656.825350359904 0.050991339456 cfg1 2 1 0 0 na na
10 65656.847350309124 0.050991513379 cfg1 2 1 0 0 na na
10 65656.869350293933 0.050991695526 cfg1 2 1 0 0 na na
10 65656.894350393041 0.050991918535 cfg1 2 1 0 0 na na
10 65657.049350294121 0.050993196465 cfg1 2 1 0 0 na na
10 65657.331350337700 0.050995513132 cfg1 2 1 0 0 na na
10 65657.432350371904 0.050996350502 cfg1 2 1 0 0 na na
10 65657.615350296917 0.050997850480 cfg1 2 1 0 0 na na
10 65657.618350306030 0.050997877711 cfg1 2 1 0 0 na na
10 65657.871350324557 0.050999945297 cfg1 2 1 0 0 na na
10 65657.939350336571 0.051000518513 cfg1 2 1 0 0 na na
10 65657.946350324131 0.051000589357 cfg1 2 1 0 0 na na
10 65657.960350263492 0.051000691725 cfg1 2 1 0 0 na na
10 65658.016350301423 0.051001139726 cfg1 2 1 0 0 na na
10 65658.250350276927 0.051003079407 cfg1 2 1 0 0 na na
10 65658.307350300400 0.051003547324 cfg1 2 1 0 0 na na
10 65658.410350274262 0.051004412539 cfg1 2 1 0 0 na na
10 65658.501350331479 0.051005151809 cfg1 2 1 0 0 na na
10 65658.517350294671 0.051005274960 cfg1 2 1 0 0 na na
10 65658.591350296955 0.051005891888 cfg1 2 1 0 0 na na
10 65658.618350347244 0.051006122199 cfg1 2 1 0 0 na na
10 65658.747350261141 0.051007182052 cfg1 2 1 0 0 na na
10 65658.930350318371 0.051008690191 cfg1 2 1 0 0 na na
10 65659.001350306402 0.051009282584 cfg1 2 1 0 0 na na
10 65659.068350363913 0.051009821717 cfg1 2 1 0 0 na na
10 65659.130350341013 0.051010349831 cfg1 2 1 0 0 na na
10 65659.263350243024 0.051011453962 cfg1 2 1 0 0 na na
10 65659.290350324297 0.051011648096 cfg1 2 1 0 0 na na
10 65659.376350299128 0.051012385386 cfg1 2 1 0 0 na na
10 65659.520350276910 0.051013553435 cfg1 2 1 0 0 na na
10 65659.654350352039 0.051014655304 cfg1 2 1 0 0 na na
10 65659.667350259232 0.051014772709 cfg1 2 1 0 0 na na
10 65659.681350336637 0.051014892956 cfg1 2 1 0 0 na na
10 65659.694350315683 0.051014997779 cfg1 2 1 0 0 na na
10 65659.719350326726 0.051015201406 cfg1 2 1 0 0 na na
10 65659.733350269393 0.051015307423 cfg1 2 1 0 0 na na
10 65659.854350299756 0.051016324893 cfg1 2 1 0 0 na na
10 65659.862350269532 0.051016372361 cfg1 2 1 0 0 na na
10 65659.885350324691 0.051016573078 cfg1 2 1 0 0 na na
10 65659.896350311045 0.051016676662 cfg1 2 1 0 0 na na
10 65660.055350333058 0.051017973953 cfg1 2 1 0 0 na na
10 65660.279350289740 0.051019830831 cfg1 2 1 0 0 na na
10 65660.398350328413 0.051020813575 cfg1 2 1 0 0 na na
10 65660.400350296636 0.051020833170 cfg1 2 1 0 0 na na
10 65660.722350298280 0.051023484970 cfg1 2 1 0 0 na na
10 65660.756350265152 0.051023780755 cfg1 2 1 0 0 na na
10 65660.884350294793 0.051024831372 cfg1 2 1 0 0 na na
10 65661.079350318900 0.051026437098 cfg1 2 1 0 0 na na
10 65661.114350268399 0.051026752569 cfg1 2 1 0 0 na na
10 65661.217350295141 0.051027590718 cfg1 2 1 0 0 na na
10 65661.277350316268 0.051028097295 cfg1 2 1 0 0 na na
10 65661.563350324193 0.051030468862 cfg1 2 1 0 0 na na
10 65661.681350376627 0.051031421158 cfg1 2 1 0 0 na na
10 65661.722350354700 0.051031777686 cfg1 2 1 0 0 na na
10 65661.734350325532 0.051031878134 cfg1 2 1 0 0 na na
10 65661.850350358996 0.051032833055 cfg1 2 1 0 0 na na
10 65661.951350356924 0.051033680289 cfg1 2 1 0 0 na na
10 65662.000350257306 0.051034074713 cfg1 2 1 0 0 na na
10 65662.197350323010 0.051035711993 cfg1 2 1 0 0 na na
10 65662.222350339886 0.051035922256 cfg1 2 1 0 0 na na
10 65662.294350279786 0.051036505193 cfg1 2 1 0 0 na na
10 65662.305350303127 0.051036615491 cfg1 2 1 0 0 na na
10 65662.330350269815 0.051036796597 cfg1 2 1 0 0 na na
10 65662.479350301444 0.051038036871 cfg1 2 1 0 0 na na
10 65662.570350296711 0.051038806140 cfg1 2 1 0 0 na na
10 65662.574350328102 0.051038826462 cfg1 2 1 0 0 na na
10 65662.745350318228 0.051040237344 cfg1 2 1 0 0 na na
10 65662.759350288589 0.051040376129 cfg1 2 1 0 0 na na
10 65662.838350342294 0.051041031834 cfg1 2 1 0 0 na na
10 65662.924350348608 0.051041733191 cfg1 2 1 0 0 na na
10 65663.055350295814 0.051042836931 cfg1 2 1 0 0 na na
10 65663.175350250702 0.051043833417 cfg1 2 1 0 0 na na
10 65663.265350303995 0.051044566945 cfg1 2 1 0 0 na na
10 65663.316350334113 0.051044981579 cfg1 2 1 0 0 na na
10 65663.381350323986 0.051045514433 cfg1 2 1 0 0 na na
10 65663.427350292528 0.051045896860 cfg1 2 1 0 0 na na
10 65663.693350258147 0.051048113730 cfg1 2 1 0 0 na na
10 65663.711350327034 0.051048270946 cfg1 2 1 0 0 na na
10 65663.770350291010 0.051048760340 cfg1 2 1 0 0 na na
10 65664.030350301486 0.051050907692 cfg1 2 1 0 0 na na
10 65664.036350311848 0.051050967769 cfg1 2 1 0 0 na na
10 65664.161350260258 0.051052001854 cfg1 2 1 0 0 na na
10 65664.203350336135 0.051052369491 cfg1 2 1 0 0 na na
10 65664.210350275374 0.051052400606 cfg1 2 1 0 0 na na
10 65664.257350316653 0.051052802061 cfg1 2 1 0 0 na na
10 65664.319350332993 0.051053320077 cfg1 2 1 0 0 na na
10 65664.338350298195 0.051053477317 cfg1 2 1 0 0 na na
10 65664.427350299928 0.051054228897 cfg1 2 1 0 0 na na
10 65664.646350260432 0.051056031615 cfg1 2 1 0 0 na na
10 65664.722350337594 0.051056655038 cfg1 2 1 0 0 na na
10 65664.758350309812 0.051056979426 cfg1 2 1 0 0 na na
10 65664.846350258892 0.051057697787 cfg1 2 1 0 0 na na
10 65664.868350295331 0.051057888110 cfg1 2 1 0 0 na na
10 65665.010350321981 0.051059065771 cfg1 2 1 0 0 na na
10 65665.035350303236 0.051059273257 cfg1 2 1 0 0 na na
10 65665.041350265011 0.051059311886 cfg1 2 1 0 0 na na
10 65665.155350240640 0.051060281391 cfg1 2 1 0 0 na na
10 65665.195350253240 0.051060603399 cfg1 2 1 0 0 na na
10 65665.196350371327 0.051060608972 cfg1 2 1 0 0 na na
10 65665.336350331364 0.051061788227 cfg1 2 1 0 0 na na
10 65665.449350313187 0.051062728007 cfg1 2 1 0 0 na na
10 65665.484350318276 0.051063010488 cfg1 2 1 0 0 na na
10 65665.808350345438 0.051065712797 cfg1 2 1 0 0 na na
10 65665.829350268369 0.051065868605 cfg1 2 1 0 0 na na
10 65665.874350284020 0.051066268150 cfg1 2 1 0 0 na na
10 65666.117350284364 0.051068265859 cfg1 2 1 0 0 na na
10 65666.296350336953 0.051069758192 cfg1 2 1 0 0 na na
10 65666.406350316228 0.051070680717 cfg1 2 1 0 0 na na
10 65666.420350366409 0.051070808253 cfg1 2 1 0 0 na na
10 65666.581350327936 0.051072141915 cfg1 2 1 0 0 na na
10 65666.750350351072 0.051073543598 cfg1 2 1 0 0 na na
10 65666.895350313990 0.051074774028 cfg1 2 1 0 0 na na
10 65666.944350323907 0.051075178190 cfg1 2 1 0 0 na na
10 65667.044350268801 0.051076010813 cfg1 2 1 0 0 na na
10 65667.285350327845 0.051078020901 cfg1 2 1 0 0 na na
10 65667.321350313838 0.051078313406 cfg1 2 1 0 0 na na
10 65667.365350302661 0.051078675484 cfg1 2 1 0 0 na na
10 65667.688350309092 0.051081377134 cfg1 2 1 0 0 na na
10 65667.775350273016 0.051082098952 cfg1 2 1 0 0 na na
10 65667.832350323910 0.051082592199 cfg1 2 1 0 0 na na
10 65667.879350310479 0.051082962878 cfg1 2 1 0 0 na na
10 65668.009350263886 0.051084047976 cfg1 2 1 0 0 na na
10 65668.103350315173 0.051084846320 cfg1 2 1 0 0 na na
10 65668.157350343013 0.051085288126 cfg1 2 1 0 0 na na
10 65668.476350287989 0.051087969926 cfg1 2 1 0 0 na na
10 65668.634350348124 0.051089278447 cfg1 2 1 0 0 na na
10 65668.675350345396 0.051089635227 cfg1 2 1 0 0 na na
10 65668.794350339865 0.051090619849 cfg1 2 1 0 0 na na
10 65668.920350298113 0.051091674438 cfg1 2 1 0 0 na na
10 65668.928350295975 0.051091743033 cfg1 2 1 0 0 na na
10 65669.099350272858 0.051093155980 cfg1 2 1 0 0 na na
10 65669.204350333532 0.051094031841 cfg1 2 1 0 0 na na
10 65669.207350329842 0.051094060102 cfg1 2 1 0 0 na na
10 65669.263350314011 0.051094528027 cfg1 2 1 0 0 na na
10 65669.487350361686 0.051096399663 cfg1 2 1 0 0 na na
10 65669.639350320721 0.051097681749 cfg1 2 1 0 0 na na
10 65669.646350310576 0.051097738786 cfg1 2 1 0 0 na na
10 65669.887350286064 0.051099769991 cfg1 2 1 0 0 na na
10 65669.941350311816 0.051100218459 cfg1 2 1 0 0 na na
10 65670.005350296863 0.051100736641 cfg1 2 1 0 0 na na
10 65670.165350285184 0.051102085263 cfg1 2 1 0 0 na na
10 65670.168350305086 0.051102115313 cfg1 2 1 0 0 na na
10 65670.396350341144 0.051104032937 cfg1 2 1 0 0 na na
10 65670.460350274258 0.051104560744 cfg1 2 1 0 0 na na
10 65670.507350314353 0.051104935920 cfg1 2 1 0 0 na na
10 65670.599350305459 0.051105717345 cfg1 2 1 0 0 na na
10 65670.652350332146 0.051106158092 cfg1 2 1 0 0 na na
10 65670.661350307913 0.051106230353 cfg1 2 1 0 0 na na
10 65670.981350296689 0.051108924510 cfg1 2 1 0 0 na na
10 65671.025350337155 0.051109285084 cfg1 2 1 0 0 na na
10 65671.037350291500 0.051109386082 cfg1 2 1 0 0 na na
10 65671.063350292076 0.051109603293 cfg1 2 1 0 0 na na
10 65671.287350239815 0.051111502012 cfg1 2 1 0 0 na na
10 65671.560350339082 0.051113773107 cfg1 2 1 0 0 na na
10 65671.595350344841 0.051114081143 cfg1 2 1 0 0 na na
10 65671.722350274806 0.051115133724 cfg1 2 1 0 0 na na
10 65671.826350277284 0.051116014057 cfg1 2 1 0 0 na na
10 65671.833350323096 0.051116066583 cfg1 2 1 0 0 na na
10 65671.869350316485 0.051116369674 cfg1 2 1 0 0 na na
10 65671.906350301503 0.051116668565 cfg1 2 1 0 0 na na
10 65671.961350306951 0.051117138040 cfg1 2 1 0 0 na na
10 65672.049350315109 0.051117885125 cfg1 2 1 0 0 na na
10 65672.172350325478 0.051118906235 cfg1 2 1 0 0 na na
10 65672.184350262981 0.051119009605 cfg1 2 1 0 0 na na
10 65672.253350358395 0.051119607150 cfg1 2 1 0 0 na na
10 65672.296350300069 0.051119944789 cfg1 2 1 0 0 na na
10 65672.510350314639 0.051121750098 cfg1 2 1 0 0 na na
10 65672.525350368346 0.051121870170 cfg1 2 1 0 0 na na
10 65672.576350267319 0.051122294816 cfg1 2 1 0 0 na na
10 65672.779350307397 0.051124017799 cfg1 2 1 0 0 na na
10 65672.794350274446 0.051124128858 cfg1 2 1 0 0 na na
10 65672.795350280218 0.051124131092 cfg1 2 1 0 0 na na
10 65673.054350287433 0.051126325725 cfg1 2 1 0 0 na na
10 65673.185350307661 0.051127428466 cfg1 2 1 0 0 na na
10 65673.219350355753 0.051127710327 cfg1 2 1 0 0 na na
10 65673.274350241918 0.051128184895 cfg1 2 1 0 0 na na
10 65673.409350298694 0.051129311730 cfg1 2 1 0 0 na na
10 65673.458350313452 0.051129720791 cfg1 2 1 0 0 na na
10 65673.503350252237 0.051130104728 cfg1 2 1 0 0 na na
10 65673.511350278656 0.051130161964 cfg1 2 1 0 0 na na
10 65673.539350294087 0.051130403557 cfg1 2 1 0 0 na na
10 65673.741350337705 0.051132108449 cfg1 2 1 0 0 na na
10 65673.866350286887 0.051133164942 cfg1 2 1 0 0 na na
10 65673.897350311535 0.051133425806 cfg1 2 1 0 0 na na
10 65673.913350258899 0.051133543304 cfg1 2 1 0 0 na na
10 65673.998350267137 0.051134249852 cfg1 2 1 0 0 na na
10 65674.080350285010 0.051134938179 cfg1 2 1 0 0 na na
10 65674.291350341090 0.051136738739 cfg1 2 1 0 0 na na
10 65674.391350284724 0.051137560614 cfg1 2 1 0 0 na na
10 65674.405350354474 0.051137683365 cfg1 2 1 0 0 na na
10 65674.420350331618 0.051137816351 cfg1 2 1 0 0 na na
10 65674.450350287148 0.051138070047 cfg1 2 1 0 0 na na
10 65674.451350356579 0.051138062846 cfg1 2 1 0 0 na na
10 65674.553350287151 0.051138931255 cfg1 2 1 0 0 na na
10 65674.580350266531 0.051139150289 cfg1 2 1 0 0 na na
10 65674.822350310331 0.051141194953 cfg1 2 1 0 0 na na
10 65674.842350324748 0.051141378586 cfg1 2 1 0 0 na na
10 65674.886350288424 0.051141745506 cfg1 2 1 0 0 na na
10 65674.961350328167 0.051142356422 cfg1 2 1 0 0 na na
10 65674.995350292787 0.051142652823 cfg1 2 1 0 0 na na
10 65675.038350283102 0.051143029946 cfg1 2 1 0 0 na na
10 65675.077350301193 0.051143352109 cfg1 2 1 0 0 na na
10 65675.158350305156 0.051144035861 cfg1 2 1 0 0 na na
10 65675.248350293981 0.051144802143 cfg1 2 1 0 0 na na
10 65675.257350325433 0.051144869892 cfg1 2 1 0 0 na na
10 65675.274350315990 0.051144997591 cfg1 2 1 0 0 na na
10 65675.276350338608 0.051145022353 cfg1 2 1 0 0 na na
10 65675.466350303095 0.051146638748 cfg1 2 1 0 0 na na
10 65675.479350294860 0.051146731704 cfg1 2 1 0 0 na na
10 65675.496350338154 0.051146873408 cfg1 2 1 0 0 na na
10 65675.503350293865 0.051146933793 cfg1 2 1 0 0 na na
10 65675.507350329695 0.051146962459 cfg1 2 1 0 0 na na
10 65675.633350294351 0.051148022708 cfg1 2 1 0 0 na na
10 65675.637350281505 0.051148063631 cfg1 2 1 0 0 na na
10 65675.649350315176 0.051148170829 cfg1 2 1 0 0 na na
10 65675.712350261827 0.051148694839 cfg1 2 1 0 0 na na
10 65675.805350336692 0.051149493336 cfg1 2 1 0 0 na na
10 65675.810350290738 0.051149537464 cfg1 2 1 0 0 na na
10 65675.904350273546 0.051150327358 cfg1 2 1 0 0 na na
10 65675.910350301475 0.051150356589 cfg1 2 1 0 0 na na
10 65675.926350313034 0.051150493089 cfg1 2 1 0 0 na na
10 65676.019350323848 0.051151285619 cfg1 2 1 0 0 na na
10 65676.224350315085 0.051153025528 cfg1 2 1 0 0 na na
10 65676.273350244899 0.051153441944 cfg1 2 1 0 0 na na
10 65676.286350278831 0.051153531892 cfg1 2 1 0 0 na na
10 65676.347350353417 0.051154053243 cfg1 2 1 0 0 na na
10 65676.395350258111 0.051154466132 cfg1 2 1 0 0 na na
10 65676.694350343023 0.051156979488 cfg1 2 1 0 0 na na
10 65676.699350292215 0.051157021929 cfg1 2 1 0 0 na na
10 65676.726350262827 0.051157267504 cfg1 2 1 0 0 na na
10 65676.748350263887 0.051157442555 cfg1 2 1 0 0 na na
10 65676.771350313614 0.051157635621 cfg1 2 1 0 0 na na
10 65676.956350299627 0.051159200666 cfg1 2 1 0 0 na na
10 65677.168350289805 0.051160995624 cfg1 2 1 0 0 na na
10 65677.278350248989 0.051161922886 cfg1 2 1 0 0 na na
10 65677.318350306374 0.051162263777 cfg1 2 1 0 0 na na
10 65677.419350373696 0.051163121970 cfg1 2 1 0 0 na na
10 65677.512350292551 0.051163888667 cfg1 2 1 0 0 na na
10 65677.585350303303 0.051164502744 cfg1 2 1 0 0 na na
10 65677.740350274807 0.051165814681 cfg1 2 1 0 0 na na
10 65677.905350316391 0.051167219788 cfg1 2 1 0 0 na na
10 65678.072350321344 0.051168645825 cfg1 2 1 0 0 na na
10 65678.124350350128 0.051169081658 cfg1 2 1 0 0 na na
10 65678.234350338893 0.051169993689 cfg1 2 1 0 0 na na
10 65678.417350317471 0.051171548962 cfg1 2 1 0 0 na na
10 65678.591350334082 0.051173025844 cfg1 2 1 0 0 na na
10 65678.603350298391 0.051173125640 cfg1 2 1 0 0 na na
10 65678.668350303881 0.051173679111 cfg1 2 1 0 0 na na
10 65678.698350258189 0.051173930980 cfg1 2 1 0 0 na na
10 65678.705350269714 0.051173972083 cfg1 2 1 0 0 na na
10 65678.725350266020 0.051174145843 cfg1 2 1 0 0 na na
10 65678.797350344197 0.051174754438 cfg1 2 1 0 0 na na
10 65679.031350312579 0.051176732878 cfg1 2 1 0 0 na na
10 65679.053350288480 0.051176921707 cfg1 2 1 0 0 na na
10 65679.068350293388 0.051177070407 cfg1 2 1 0 0 na na
10 65679.077350356965 0.051177129285 cfg1 2 1 0 0 na na
10 65679.114350267312 0.051177460001 cfg1 2 1 0 0 na na
10 65679.118350371134 0.051177483372 cfg1 2 1 0 0 na na
10 65679.336350278043 0.051179320023 cfg1 2 1 0 0 na na
10 65679.455350335527 0.051180334332 cfg1 2 1 0 0 na na
10 65679.468350308581 0.051180446709 cfg1 2 1 0 0 na na
10 65679.542350299443 0.051181085592 cfg1 2 1 0 0 na na
10 65679.678350308109 0.051182214587 cfg1 2 1 0 0 na na
10 65679.702350293182 0.051182442388 cfg1 2 1 0 0 na na
10 65679.772350265769 0.051183016200 cfg1 2 1 0 0 na na
10 65679.789350322110 0.051183161889 cfg1 2 1 0 0 na na
10 65679.944350313533 0.051184477937 cfg1 2 1 0 0 na na
10 65679.956350324911 0.051184599790 cfg1 2 1 0 0 na na
10 65680.013350304429 0.051185060665 cfg1 2 1 0 0 na na
10 65680.027350269581 0.051185184258 cfg1 2 1 0 0 na na
10 65680.034350315866 0.051185240373 cfg1 2 1 0 0 na na
10 65680.058350335457 0.051185446758 cfg1 2 1 0 0 na na
10 65680.062350316018 0.051185468999 cfg1 2 1 0 0 na na
10 65680.268350268548 0.051187220143 cfg1 2 1 0 0 na na
10 65680.321350341694 0.051187680021 cfg1 2 1 0 0 na na
10 65680.371350368829 0.051188109376 cfg1 2 1 0 0 na na
10 65680.473350333224 0.051188969668 cfg1 2 1 0 0 na na
10 65680.673350287969 0.051190670603 cfg1 2 1 0 0 na na
10 65680.714350352390 0.051191010201 cfg1 2 1 0 0 na na
10 65680.786350321426 0.051191629288 cfg1 2 1 0 0 na na
10 65680.796350333362 0.051191723264 cfg1 2 1 0 0 na na
10 65680.925350349193 0.051192814009 cfg1 2 1 0 0 na na
10 65681.056350267748 0.051193904977 cfg1 2 1 0 0 na na
10 65681.126350385835 0.051194500394 cfg1 2 1 0 0 na na
10 65681.139350295666 0.051194619577 cfg1 2 1 0 0 na na
10 65681.236350337573 0.051195453360 cfg1 2 1 0 0 na na
10 65681.343350330021 0.051196347890 cfg1 2 1 0 0 na na
10 65681.557350253309 0.051198173637 cfg1 2 1 0 0 na na
10 65681.558350325632 0.051198193737 cfg1 2 1 0 0 na na
10 65681.810350263774 0.051200329625 cfg1 2 1 0 0 na na
10 65681.813350346621 0.051200341047 cfg1 2 1 0 0 na na
10 65681.872350371249 0.051200847758 cfg1 2 1 0 0 na na
10 65681.949350324332 0.051201510504 cfg1 2 1 0 0 na na
10 65681.960350337009 0.051201589881 cfg1 2 1 0 0 na na
10 65681.964350296255 0.051201630071 cfg1 2 1 0 0 na na
10 65681.969350291338 0.051201660476 cfg1 2 1 0 0 na na
10 65682.324350323656 0.051204685690 cfg1 2 1 0 0 na na
10 65682.415350320429 0.051205454913 cfg1 2 1 0 0 na na
10 65682.446350329244 0.051205729390 cfg1 2 1 0 0 na na
10 65682.558350284098 0.051206672879 cfg1 2 1 0 0 na na
10 65682.581350296961 0.051206891854 cfg1 2 1 0 0 na na
10 65682.650350275089 0.051207471642 cfg1 2 1 0 0 na na
10 65682.755350301913 0.051208354082 cfg1 2 1 0 0 na na
10 65682.756350320229 0.051208372037 cfg1 2 1 0 0 na na
10 65682.769350289337 0.051208477899 cfg1 2 1 0 0 na na
10 65682.971350342251 0.051210208509 cfg1 2 1 0 0 na na
10 65683.059350264236 0.051210933537 cfg1 2 1 0 0 na na
10 65683.090350297025 0.051211196913 cfg1 2 1 0 0 na na
10 65683.166350319089 0.051211850247 cfg1 2 1 0 0 na na
10 65683.202350293966 0.051212172380 cfg1 2 1 0 0 na na
10 65683.325350255927 0.051213214616 cfg1 2 1 0 0 na na
10 65683.335350314178 0.051213288721 cfg1 2 1 0 0 na na
10 65683.781350311440 0.051217105571 cfg1 2 1 0 0 na na
10 65683.911350309202 0.051218199580 cfg1 2 1 0 0 na na
10 65684.084350282981 0.051219678001 cfg1 2 1 0 0 na na
10 65684.157350308168 0.051220301241 cfg1 2 1 0 0 na na
10 65684.271350249515 0.051221277324 cfg1 2 1 0 0 na na
10 65684.621350304297 0.051224261655 cfg1 2 1 0 0 na na
10 65684.660350268167 0.051224581739 cfg1 2 1 0 0 na na
10 65684.710350300030 0.051225004151 cfg1 2 1 0 0 na na
10 65684.737350267031 0.051225229960 cfg1 2 1 0 0 na na
10 65684.769350287505 0.051225523936 cfg1 2 1 0 0 na na
10 65684.807350354644 0.051225846428 cfg1 2 1 0 0 na na
10 65684.816350321032 0.051225930685 cfg1 2 1 0 0 na na
10 65684.845350332480 0.051226158500 cfg1 2 1 0 0 na na
10 65685.060350293362 0.051227992576 cfg1 2 1 0 0 na na
10 65685.079350303992 0.051228155956 cfg1 2 1 0 0 na na
10 65685.098350323162 0.051228317548 cfg1 2 1 0 0 na na
10 65685.174350347751 0.051228979502 cfg1 2 1 0 0 na na
10 65685.216350275885 0.051229316339 cfg1 2 1 0 0 na na
10 65685.284350300619 0.051229910617 cfg1 2 1 0 0 na na
10 65685.557350261697 0.051232235729 cfg1 2 1 0 0 na na
10 65685.753350252010 0.051233915001 cfg1 2 1 0 0 na na
10 65685.773350310907 0.051234094874 cfg1 2 1 0 0 na na
10 65685.800350293546 0.051234324151 cfg1 2 1 0 0 na na
10 65685.822350292118 0.051234516336 cfg1 2 1 0 0 na na
10 65686.376350295049 0.051239237568 cfg1 2 1 0 0 na na
10 65686.432350321513 0.051239718837 cfg1 2 1 0 0 na na
10 65686.596350319166 0.051241112415 cfg1 2 1 0 0 na na
10 65686.634350313746 0.051241442705 cfg1 2 1 0 0 na na
10 65686.722350381222 0.051242199962 cfg1 2 1 0 0 na na
10 65686.745350281682 0.051242403085 cfg1 2 1 0 0 na na
10 65686.812350287178 0.051242970397 cfg1 2 1 0 0 na na
10 65686.816350266321 0.051242985533 cfg1 2 1 0 0 na na
10 65686.927350271422 0.051243941702 cfg1 2 1 0 0 na na
10 65687.008350324511 0.051244641087 cfg1 2 1 0 0 na na
10 65687.188350257537 0.051246174254 cfg1 2 1 0 0 na na
10 65687.324350268928 0.051247329731 cfg1 2 1 0 0 na na
10 65687.328350312555 0.051247373953 cfg1 2 1 0 0 na na
10 65687.330350298732 0.051247401433 cfg1 2 1 0 0 na na
10 65687.468350336518 0.051248579234 cfg1 2 1 0 0 na na
10 65687.560350280058 0.051249364275 cfg1 2 1 0 0 na na
10 65687.610350304115 0.051249789033 cfg1 2 1 0 0 na na
10 65687.636350262728 0.051250015918 cfg1 2 1 0 0 na na
10 65687.660350321374 0.051250207873 cfg1 2 1 0 0 na na
10 65687.661350254757 0.051250229585 cfg1 2 1 0 0 na na
10 65687.761350294246 0.051251090393 cfg1 2 1 0 0 na na
10 65687.852350364804 0.051251851743 cfg1 2 1 0 0 na na
10 65688.174350270230 0.051254617704 cfg1 2 1 0 0 na na
10 65688.285350316044 0.051255576866 cfg1 2 1 0 0 na na
10 65688.303350297575 0.051255740653 cfg1 2 1 0 0 na na
10 65688.330350311169 0.051255945581 cfg1 2 1 0 0 na na
10 65688.398350325047 0.051256548766 cfg1 2 1 0 0 na na
10 65688.504350347731 0.051257458528 cfg1 2 1 0 0 na na
10 65688.525350292685 0.051257624367 cfg1 2 1 0 0 na na
10 65688.542350309057 0.051257781593 cfg1 2 1 0 0 na na
10 65688.559350383042 0.051257910706 cfg1 2 1 0 0 na na
10 65688.617350294438 0.051258406307 cfg1 2 1 0 0 na na
10 65688.620350324210 0.051258448277 cfg1 2 1 0 0 na na
10 65688.669350264612 0.051258852246 cfg1 2 1 0 0 na na
10 65688.727350291199 0.051259372917 cfg1 2 1 0 0 na na
10 65688.811350329591 0.051260066613 cfg1 2 1 0 0 na na
10 65688.845350301139 0.051260360497 cfg1 2 1 0 0 na na
10 65688.967350305778 0.051261407585 cfg1 2 1 0 0 na na
10 65689.057350324262 0.051262198334 cfg1 2 1 0 0 na na
10 65689.119350274451 0.051262729154 cfg1 2 1 0 0 na na
10 65689.213350318515 0.051263524350 cfg1 2 1 0 0 na na
10 65689.283350278322 0.051264125432 cfg1 2 1 0 0 na na
10 65689.327350334715 0.051264506529 cfg1 2 1 0 0 na na
10 65689.333350312317 0.051264556565 cfg1 2 1 0 0 na na
10 65689.540350293753 0.051266345574 cfg1 2 1 0 0 na na
10 65689.567350325190 0.051266551219 cfg1 2 1 0 0 na na
10 65689.568350307270 0.051266585570 cfg1 2 1 0 0 na na
10 65689.609350322338 0.051266930884 cfg1 2 1 0 0 na na
10 65689.729350280327 0.051267943817 cfg1 2 1 0 0 na na
10 65689.872350262251 0.051269174528 cfg1 2 1 0 0 na na
10 65690.138350283131 0.051271456174 cfg1 2 1 0 0 na na
10 65690.157350359002 0.051271635196 cfg1 2 1 0 0 na na
10 65690.273350278483 0.051272616649 cfg1 2 1 0 0 na na
10 65690.478350269457 0.051274378812 cfg1 2 1 0 0 na na
10 65690.494350326122 0.051274507314 cfg1 2 1 0 0 na na
10 65690.684350296301 0.051276148493 cfg1 2 1 0 0 na na
10 65690.698350295859 0.051276289776 cfg1 2 1 0 0 na na
10 65690.813350329520 0.051277269499 cfg1 2 1 0 0 na na
10 65690.922350358004 0.051278211075 cfg1 2 1 0 0 na na
10 65691.056350302721 0.051279348867 cfg1 2 1 0 0 na na
10 65691.364350264847 0.051282009445 cfg1 2 1 0 0 na na
10 65691.368350286643 0.051282021425 cfg1 2 1 0 0 na na
10 65691.458350304221 0.051282820257 cfg1 2 1 0 0 na na
10 65691.604350250597 0.051284071326 cfg1 2 1 0 0 na na
10 65691.616350272846 0.051284169240 cfg1 2 1 0 0 na na
10 65691.771350309943 0.051285499957 cfg1 2 1 0 0 na na
10 65691.973350358441 0.051287242282 cfg1 2 1 0 0 na na
10 65692.051350351231 0.051287896959 cfg1 2 1 0 0 na na
10 65692.215350290513 0.051289331732 cfg1 2 1 0 0 na na
10 65692.312350286554 0.051290146542 cfg1 2 1 0 0 na na
10 65692.486350273597 0.051291661475 cfg1 2 1 0 0 na na
10 65692.522350303435 0.051291962055 cfg1 2 1 0 0 na na
10 65692.714350300904 0.051293607780 cfg1 2 1 0 0 na na
10 65692.763350265397 0.051294041765 cfg1 2 1 0 0 na na
10 65692.904350320678 0.051295267490 cfg1 2 1 0 0 na na
10 65693.083350308610 0.051296797717 cfg1 2 1 0 0 na na
10 65693.097350276284 0.051296921754 cfg1 2 1 0 0 na na
10 65693.131350325482 0.051297206511 cfg1 2 1 0 0 na na
10 65693.139350321602 0.051297291014 cfg1 2 1 0 0 na na
10 65693.225350263565 0.051298008234 cfg1 2 1 0 0 na na
10 65693.230350248018 0.051298077953 cfg1 2 1 0 0 na na
10 65693.249350318810 0.051298228215 cfg1 2 1 0 0 na na
10 65693.470350305881 0.051300135359 cfg1 2 1 0 0 na na
10 65693.543350275947 0.051300760387 cfg1 2 1 0 0 na na
10 65694.314350288557 0.051307416539 cfg1 2 1 0 0 na na
10 65694.328350321518 0.051307538013 cfg1 2 1 0 0 na na
10 65694.375350318404 0.051307949386 cfg1 2 1 0 0 na na
10 65694.461350335416 0.051308670715 cfg1 2 1 0 0 na na
10 65694.548350264389 0.051309431553 cfg1 2 1 0 0 na na
10 65694.601350290702 0.051309889432 cfg1 2 1 0 0 na na
10 65694.633350320148 0.051310160607 cfg1 2 1 0 0 na na
10 65694.649350260706 0.051310301333 cfg1 2 1 0 0 na na
10 65694.653350332637 0.051310351943 cfg1 2 1 0 0 na na
10 65694.940350353116 0.051312820478 cfg1 2 1 0 0 na na
10 65694.992350283955 0.051313284521 cfg1 2 1 0 0 na na
10 65694.997350335292 0.051313306403 cfg1 2 1 0 0 na na
10 65695.013350262151 0.051313444773 cfg1 2 1 0 0 na na
10 65695.199350299353 0.051315072292 cfg1 2 1 0 0 na na
10 65695.218350313024 0.051315213563 cfg1 2 1 0 0 na na
10 65695.257350315257 0.051315545534 cfg1 2 1 0 0 na na
10 65695.424350294052 0.051316997276 cfg1 2 1 0 0 na na
10 65695.457350352164 0.051317298886 cfg1 2 1 0 0 na na
10 65695.646350338720 0.051318918645 cfg1 2 1 0 0 na na
10 65695.764350324533 0.051319948054 cfg1 2 1 0 0 na na
10 65695.852350316855 0.051320699548 cfg1 2 1 0 0 na na
10 65695.923350325708 0.051321310545 cfg1 2 1 0 0 na na
10 65695.983350282400 0.051321823404 cfg1 2 1 0 0 na na
10 65696.168350315490 0.051323422250 cfg1 2 1 0 0 na na
10 65696.178350305935 0.051323519185 cfg1 2 1 0 0 na na
10 65696.219350341535 0.051323873895 cfg1 2 1 0 0 na na
10 65696.264350356693 0.051324263164 cfg1 2 1 0 0 na na
10 65696.272350292252 0.051324329762 cfg1 2 1 0 0 na na
10 65696.290350321207 0.051324486517 cfg1 2 1 0 0 na na
10 65696.297350313999 0.051324547001 cfg1 2 1 0 0 na na
10 65696.356350271819 0.051325059801 cfg1 2 1 0 0 na na
10 65696.566350302135 0.051326872799 cfg1 2 1 0 0 na na
10 65696.671350324553 0.051327793946 cfg1 2 1 0 0 na na
10 65696.720350340573 0.051328202882 cfg1 2 1 0 0 na na
10 65696.786350297909 0.051328782977 cfg1 2 1 0 0 na na
10 65696.856350325626 0.051329379449 cfg1 2 1 0 0 na na
10 65696.888350327531 0.051329671752 cfg1 2 1 0 0 na na
10 65696.909350262750 0.051329844047 cfg1 2 1 0 0 na na
10 65697.082350332123 0.051331350727 cfg1 2 1 0 0 na na
10 65697.088350320970 0.051331405459 cfg1 2 1 0 0 na na
10 65697.183350277789 0.051332212181 cfg1 2 1 0 0 na na
10 65697.286350264144 0.051333119492 cfg1 2 1 0 0 na na
10 65697.337350287567 0.051333554552 cfg1 2 1 0 0 na na
10 65697.353350281755 0.051333691185 cfg1 2 1 0 0 na na
10 65697.501350333847 0.051334987350 cfg1 2 1 0 0 na na
10 65697.552350332001 0.051335414193 cfg1 2 1 0 0 na na
10 65697.584350263885 0.051335687954 cfg1 2 1 0 0 na na
10 65697.722350299956 0.051336887579 cfg1 2 1 0 0 na na
10 65697.895350303433 0.051338389728 cfg1 2 1 0 0 na na
10 65697.950350316830 0.051338875533 cfg1 2 1 0 0 na na
10 65697.971350288987 0.051339050119 cfg1 2 1 0 0 na na
10 65698.149350349271 0.051340587623 cfg1 2 1 0 0 na na
10 65698.381350330677 0.051342605846 cfg1 2 1 0 0 na na
10 65698.462350304954 0.051343307134 cfg1 2 1 0 0 na na
10 65698.612350283372 0.051344616886 cfg1 2 1 0 0 na na
10 65698.655350326557 0.051344991339 cfg1 2 1 0 0 na na
10 65698.664350306919 0.051345057708 cfg1 2 1 0 0 na na
10 65698.925350343663 0.051347339553 cfg1 2 1 0 0 na na
10 65698.953350282542 0.051347577628 cfg1 2 1 0 0 na na
10 65698.958350277799 0.051347621256 cfg1 2 1 0 0 na na
10 65698.994350290817 0.051347934211 cfg1 2 1 0 0 na na
10 65699.024350261783 0.051348180138 cfg1 2 1 0 0 na na
10 65699.188350317701 0.051349600295 cfg1 2 1 0 0 na na
10 65699.233350314400 0.051350006741 cfg1 2 1 0 0 na na
10 65699.276350337782 0.051350362175 cfg1 2 1 0 0 na na
10 65699.284350313782 0.051350428859 cfg1 2 1 0 0 na na
10 65699.297350327057 0.051350553546 cfg1 2 1 0 0 na na
10 65699.339350296936 0.051350909176 cfg1 2 1 0 0 na na
10 65699.385350324363 0.051351334339 cfg1 2 1 0 0 na na
10 65699.422350293084 0.051351650153 cfg1 2 1 0 0 na na
10 65699.570350334277 0.051352931034 cfg1 2 1 0 0 na na
10 65699.741350347684 0.051354408565 cfg1 2 1 0 0 na na
10 65699.833350268542 0.051355208369 cfg1 2 1 0 0 na na
10 65700.018350266631 0.051356805243 cfg1 2 1 0 0 na na
10 65700.230350268392 0.051358676779 cfg1 2 1 0 0 na na
10 65700.239350279278 0.051358750625 cfg1 2 1 0 0 na na
10 65700.245350367361 0.051358778358 cfg1 2 1 0 0 na na
10 65700.264350371537 0.051358958367 cfg1 2 1 0 0 na na
10 65700.299350329376 0.051359264164 cfg1 2 1 0 0 na na
10 65700.371350304364 0.051359893316 cfg1 2 1 0 0 na na
10 65700.455350327225 0.051360632402 cfg1 2 1 0 0 na na
10 65700.490350303215 0.051360908223 cfg1 2 1 0 0 na na
10 65700.551350261982 0.051361448090 cfg1 2 1 0 0 na na
10 65700.611350281933 0.051361975679 cfg1 2 1 0 0 na na
10 65700.740350292212 0.051363098056 cfg1 2 1 0 0 na na
10 65700.781350260609 0.051363446244 cfg1 2 1 0 0 na na
10 65700.810350331827 0.051363703380 cfg1 2 1 0 0 na na
10 65701.005350296730 0.051365390720 cfg1 2 1 0 0 na na
10 65701.008350277310 0.051365414774 cfg1 2 1 0 0 na na
10 65701.302350306262 0.051367980356 cfg1 2 1 0 0 na na
10 65701.306350318334 0.051368021979 cfg1 2 1 0 0 na na
10 65701.310350349863 0.051368044692 cfg1 2 1 0 0 na na
10 65701.421350276899 0.051369025301 cfg1 2 1 0 0 na na
10 65701.454350365529 0.051369322447 cfg1 2 1 0 0 na na
10 65701.503350357542 0.051369734389 cfg1 2 1 0 0 na na
10 65701.559350266745 0.051370237193 cfg1 2 1 0 0 na na
10 65701.634350289741 0.051370891794 cfg1 2 1 0 0 na na
10 65702.045350307469 0.051374445761 cfg1 2 1 0 0 na na
10 65702.086350342309 0.051374815510 cfg1 2 1 0 0 na na
10 65702.263350348009 0.051376351947 cfg1 2 1 0 0 na na
10 65702.287350335374 0.051376554451 cfg1 2 1 0 0 na na
10 65702.312350346106 0.051376790724 cfg1 2 1 0 0 na na
10 65702.314350283532 0.051376812716 cfg1 2 1 0 0 na na
10 65702.463350341642 0.051378102183 cfg1 2 1 0 0 na na
10 65702.608350339292 0.051379377033 cfg1 2 1 0 0 na na
10 65702.686350304755 0.051380056499 cfg1 2 1 0 0 na na
10 65702.748350285053 0.051380590555 cfg1 2 1 0 0 na na
10 65702.789350319847 0.051380934889 cfg1 2 1 0 0 na na
10 65702.818350278048 0.051381192351 cfg1 2 1 0 0 na na
10 65702.931350298068 0.051382185837 cfg1 2 1 0 0 na na
10 65702.981350334715 0.051382612655 cfg1 2 1 0 0 na na
10 65703.021350278623 0.051382964425 cfg1 2 1 0 0 na na
10 65703.110350309403 0.051383749568 cfg1 2 1 0 0 na na
10 65703.168350276711 0.051384247732 cfg1 2 1 0 0 na na
10 65703.382350283841 0.051386114600 cfg1 2 1 0 0 na na
10 65703.392350290261 0.051386191605 cfg1 2 1 0 0 na na
10 65703.453350348894 0.051386738757 cfg1 2 1 0 0 na na
10 65703.520350309563 0.051387318917 cfg1 2 1 0 0 na na
10 65703.692350306540 0.051388811524 cfg1 2 1 0 0 na na
10 65703.780350270890 0.051389575944 cfg1 2 1 0 0 na na
10 65703.828350342116 0.051390011455 cfg1 2 1 0 0 na na
10 65703.890350344282 0.051390545250 cfg1 2 1 0 0 na na
10 65703.928350306391 0.051390886154 cfg1 2 1 0 0 na na
10 65704.054350347833 0.051391987646 cfg1 2 1 0 0 na na
10 65704.324350327939 0.051394335688 cfg1 2 1 0 0 na na
10 65704.407350368515 0.051395061342 cfg1 2 1 0 0 na na
10 65704.453350255764 0.051395471139 cfg1 2 1 0 0 na na
10 65704.479350334187 0.051395690588 cfg1 2 1 0 0 na na
10 65704.567350316274 0.051396471199 cfg1 2 1 0 0 na na
10 65704.574350338795 0.051396536577 cfg1 2 1 0 0 na na
10 65704.701350327888 0.051397651011 cfg1 2 1 0 0 na na
10 65704.724350363084 0.051397842665 cfg1 2 1 0 0 na na
10 65704.824350282516 0.051398709174 cfg1 2 1 0 0 na na
10 65704.840350311304 0.051398859687 cfg1 2 1 0 0 na na
10 65704.917350343067 0.051399533725 cfg1 2 1 0 0 na na
10 65704.921350318173 0.051399559793 cfg1 2 1 0 0 na na
10 65705.043350322419 0.051400616115 cfg1 2 1 0 0 na na
10 65705.239350317552 0.051402352370 cfg1 2 1 0 0 na na
10 65705.357350295110 0.051403367540 cfg1 2 1 0 0 na na
10 65705.393350276578 0.051403689752 cfg1 2 1 0 0 na na
10 65705.429350307606 0.051403993028 cfg1 2 1 0 0 na na
10 65705.490350296493 0.051404521917 cfg1 2 1 0 0 na na
10 65705.559350306084 0.051405152656 cfg1 2 1 0 0 na na
10 65705.633350266165 0.051405775773 cfg1 2 1 0 0 na na
10 65705.906350275884 0.051408163312 cfg1 2 1 0 0 na na
10 65705.913350335650 0.051408252703 cfg1 2 1 0 0 na na
10 65705.922350354319 0.051408303997 cfg1 2 1 0 0 na na
10 65705.948350288404 0.051408546944 cfg1 2 1 0 0 na na
10 65705.967350270662 0.051408696439 cfg1 2 1 0 0 na na
10 65706.006350312772 0.051409066509 cfg1 2 1 0 0 na na
10 65706.082350247864 0.051409724138 cfg1 2 1 0 0 na na
10 65706.091350325856 0.051409785150 cfg1 2 1 0 0 na na
10 65706.172350243947 0.051410517997 cfg1 2 1 0 0 na na
10 65706.201350295941 0.051410761269 cfg1 2 1 0 0 na na
10 65706.258350354269 0.051411262078 cfg1 2 1 0 0 na na
10 65706.304350244487 0.051411672322 cfg1 2 1 0 0 na na
10 65706.357350290862 0.051412119554 cfg1 2 1 0 0 na na
10 65706.498350269286 0.051413351847 cfg1 2 1 0 0 na na
10 65706.539350253296 0.051413723463 cfg1 2 1 0 0 na na
10 65706.579350288179 0.051414058378 cfg1 2 1 0 0 na na
10 65706.596350341936 0.051414214148 cfg1 2 1 0 0 na na
10 65706.602350314153 0.051414278576 cfg1 2 1 0 0 na na
10 65706.751350296255 0.051415578910 cfg1 2 1 0 0 na na
10 65706.755350322606 0.051415601730 cfg1 2 1 0 0 na na
10 65706.767350350047 0.051415719323 cfg1 2 1 0 0 na na
10 65706.789350246932 0.051415920300 cfg1 2 1 0 0 na na
10 65706.841350315282 0.051416360941 cfg1 2 1 0 0 na na
10 65706.954350352064 0.051417361507 cfg1 2 1 0 0 na na
10 65707.076350279241 0.051418425143 cfg1 2 1 0 0 na na
10 65707.268350316202 0.051420097669 cfg1 2 1 0 0 na na
10 65707.318350286855 0.051420543173 cfg1 2 1 0 0 na na
10 65707.483350327727 0.051421980942 cfg1 2 1 0 0 na na
10 65707.487350313482 0.051422018643 cfg1 2 1 0 0 na na
10 65707.655350251249 0.051423505373 cfg1 2 1 0 0 na na
10 65707.725350263874 0.051424122601 cfg1 2 1 0 0 na na
10 65707.726350385245 0.051424121816 cfg1 2 1 0 0 na na
10 65707.754350309154 0.051424358896 cfg1 2 1 0 0 na na
10 65707.790350267353 0.051424674623 cfg1 2 1 0 0 na na
10 65707.802350281333 0.051424800247 cfg1 2 1 0 0 na na
10 65707.832350347654 0.051425068849 cfg1 2 1 0 0 na na
10 65708.317350299471 0.051429299500 cfg1 2 1 0 0 na na
10 65708.353350324009 0.051429636084 cfg1 2 1 0 0 na na
10 65708.383350329710 0.051429904231 cfg1 2 1 0 0 na na
10 65708.546350378568 0.051431318970 cfg1 2 1 0 0 na na
10 65708.589350289289 0.051431689480 cfg1 2 1 0 0 na na
10 65708.605350270255 0.051431826583 cfg1 2 1 0 0 na na
10 65708.619350260038 0.051431965468 cfg1 2 1 0 0 na na
10 65708.844350312988 0.051433943537 cfg1 2 1 0 0 na na
10 65708.877350286836 0.051434233222 cfg1 2 1 0 0 na na
10 65708.940350271444 0.051434796692 cfg1 2 1 0 0 na na
10 65708.975350274517 0.051435075060 cfg1 2 1 0 0 na na
10 65709.013350341669 0.051435428354 cfg1 2 1 0 0 na na
10 65709.056350314069 0.051435787371 cfg1 2 1 0 0 na na
10 65709.129350307392 0.051436440935 cfg1 2 1 0 0 na na
10 65709.349350261331 0.051438370480 cfg1 2 1 0 0 na na
10 65709.361350269440 0.051438467332 cfg1 2 1 0 0 na na
10 65709.449350326873 0.051439269966 cfg1 2 1 0 0 na na
10 65709.462350300963 0.051439372913 cfg1 2 1 0 0 na na
10 65709.473350305719 0.051439470305 cfg1 2 1 0 0 na na
10 65709.504350332031 0.051439740746 cfg1 2 1 0 0 na na
10 65709.798350372918 0.051442313882 cfg1 2 1 0 0 na na
10 65709.885350291022 0.051443082791 cfg1 2 1 0 0 na na
10 65709.966350264756 0.051443805018 cfg1 2 1 0 0 na na
10 65710.010350326669 0.051444185637 cfg1 2 1 0 0 na na
10 65710.045350309333 0.051444510960 cfg1 2 1 0 0 na na
10 65710.052350294968 0.051444568085 cfg1 2 1 0 0 na na
10 65710.276350274084 0.051446526590 cfg1 2 1 0 0 na na
10 65710.458350350489 0.051448128541 cfg1 2 1 0 0 na na
10 65710.477350394632 0.051448287360 cfg1 2 1 0 0 na na
10 65710.582350364087 0.051449227748 cfg1 2 1 0 0 na na
10 65710.747350366058 0.051450686041 cfg1 2 1 0 0 na na
10 65710.763350327809 0.051450804503 cfg1 2 1 0 0 na na
10 65710.932350291274 0.051452298758 cfg1 2 1 0 0 na na
10 65711.052350314246 0.051453374445 cfg1 2 1 0 0 na na
10 65711.067350338439 0.051453487903 cfg1 2 1 0 0 na na
10 65711.117350367867 0.051453947121 cfg1 2 1 0 0 na na
10 65711.146350353994 0.051454194528 cfg1 2 1 0 0 na na
10 65711.225350290077 0.051454883777 cfg1 2 1 0 0 na na
10 65711.260350358017 0.051455193926 cfg1 2 1 0 0 na na
10 65711.265350358115 0.051455223209 cfg1 2 1 0 0 na na
10 65711.306350324665 0.051455610285 cfg1 2 1 0 0 na na
10 65711.419350342430 0.051456601453 cfg1 2 1 0 0 na na
10 65711.584350291653 0.051458058923 cfg1 2 1 0 0 na na
10 65711.784350311794 0.051459797919 cfg1 2 1 0 0 na na
10 65711.842350336475 0.051460316330 cfg1 2 1 0 0 na na
10 65711.865350307877 0.051460524082 cfg1 2 1 0 0 na na
10 65711.877350277010 0.051460626311 cfg1 2 1 0 0 na na
10 65712.448350269399 0.051465667966 cfg1 2 1 0 0 na na
10 65712.552350296440 0.051466572916 cfg1 2 1 0 0 na na
10 65712.581350310203 0.051466846704 cfg1 2 1 0 0 na na
10 65712.583350345136 0.051466854293 cfg1 2 1 0 0 na na
10 65712.590350336011 0.051466915100 cfg1 2 1 0 0 na na
10 65712.608350317928 0.051467081742 cfg1 2 1 0 0 na na
10 65712.731350329933 0.051468171086 cfg1 2 1 0 0 na na
10 65712.860350326193 0.051469297635 cfg1 2 1 0 0 na na
10 65712.885350333312 0.051469531299 cfg1 2 1 0 0 na na
10 65712.902350271764 0.051469676096 cfg1 2 1 0 0 na na
10 65713.007350314625 0.051470603394 cfg1 2 1 0 0 na na
10 65713.077350349983 0.051471207596 cfg1 2 1 0 0 na na
10 65713.112350339431 0.051471517351 cfg1 2 1 0 0 na na
10 65713.156350312548 0.051471921762 cfg1 2 1 0 0 na na
10 65713.157350269560 0.051471912345 cfg1 2 1 0 0 na na
10 65713.301350272224 0.051473198406 cfg1 2 1 0 0 na na
10 65713.435350299741 0.051474367463 cfg1 2 1 0 0 na na
10 65713.537350285351 0.051475270266 cfg1 2 1 0 0 na na
10 65713.665350267351 0.051476399632 cfg1 2 1 0 0 na na
10 65713.896350271592 0.051478443192 cfg1 2 1 0 0 na na
10 65713.979350285826 0.051479191420 cfg1 2 1 0 0 na na
10 65714.016350298427 0.051479496241 cfg1 2 1 0 0 na na
10 65714.018350295228 0.051479514339 cfg1 2 1 0 0 na na
10 65714.036350276958 0.051479693339 cfg1 2 1 0 0 na na
10 65714.101350267209 0.051480249605 cfg1 2 1 0 0 na na
10 65714.174350294168 0.051480893979 cfg1 2 1 0 0 na na
10 65714.193350278404 0.051481081817 cfg1 2 1 0 0 na na
10 65714.278350293741 0.051481826645 cfg1 2 1 0 0 na na
10 65714.365350266702 0.051482585229 cfg1 2 1 0 0 na na
10 65714.445350291761 0.051483288955 cfg1 2 1 0 0 na na
10 65714.560350341324 0.051484321562 cfg1 2 1 0 0 na na
10 65714.609350336051 0.051484746637 cfg1 2 1 0 0 na na
10 65714.756350277822 0.051486058866 cfg1 2 1 0 0 na na
10 65714.952350266843 0.051487796202 cfg1 2 1 0 0 na na
10 65715.040350263153 0.051488565542 cfg1 2 1 0 0 na na
10 65715.053350320653 0.051488680092 cfg1 2 1 0 0 na na
10 65715.463350297697 0.051492311344 cfg1 2 1 0 0 na na
10 65715.487350285173 0.051492519875 cfg1 2 1 0 0 na na
10 65715.596350360471 0.051493485138 cfg1 2 1 0 0 na na
10 65715.623350302204 0.051493728367 cfg1 2 1 0 0 na na
10 65715.658350357918 0.051494046189 cfg1 2 1 0 0 na na
10 65715.762350265137 0.051494962259 cfg1 2 1 0 0 na na
10 65715.764350250461 0.051494981374 cfg1 2 1 0 0 na na
10 65715.983350278566 0.051496917628 cfg1 2 1 0 0 na na
10 65716.004350347489 0.051497087674 cfg1 2 1 0 0 na na
10 65716.021350335066 0.051497247473 cfg1 2 1 0 0 na na
10 65716.036350375355 0.051497396667 cfg1 2 1 0 0 na na
10 65716.223350321402 0.051499036076 cfg1 2 1 0 0 na na
10 65716.527350336962 0.051501736389 cfg1 2 1 0 0 na na
10 65716.599350363494 0.051502377360 cfg1 2 1 0 0 na na
10 65716.745350328556 0.051503668490 cfg1 2 1 0 0 na na
10 65716.761350281455 0.051503810615 cfg1 2 1 0 0 na na
10 65716.837350408795 0.051504493078 cfg1 2 1 0 0 na na
10 65716.859350336833 0.051504692003 cfg1 2 1 0 0 na na
10 65716.966350362772 0.051505642717 cfg1 2 1 0 0 na na
10 65717.029350364869 0.051506200767 cfg1 2 1 0 0 na na
10 65717.176350265786 0.051507490904 cfg1 2 1 0 0 na na
10 65717.310350292101 0.051508673404 cfg1 2 1 0 0 na na
10 65717.360350323562 0.051509121438 cfg1 2 1 0 0 na na
10 65717.391350332003 0.051509396127 cfg1 2 1 0 0 na na
10 65717.600350257555 0.051511249346 cfg1 2 1 0 0 na na
10 65717.629350314472 0.051511511360 cfg1 2 1 0 0 na na
10 65717.718350273461 0.051512306188 cfg1 2 1 0 0 na na
10 65717.778350366161 0.051512831286 cfg1 2 1 0 0 na na
10 65717.839350339880 0.051513367849 cfg1 2 1 0 0 na na
10 65717.885350315435 0.051513773557 cfg1 2 1 0 0 na na
10 65717.890350348589 0.051513837372 cfg1 2 1 0 0 na na
10 65717.975350298738 0.051514596297 cfg1 2 1 0 0 na na
10 65717.999350312892 0.051514800817 cfg1 2 1 0 0 na na
10 65718.204350269641 0.051516614128 cfg1 2 2 0 0 na na
10 65718.369350282085 0.051518093264 cfg1 2 1 0 0 na na
10 65718.413350395320 0.051518459304 cfg1 2 1 0 0 na na
10 65718.430350305840 0.051518629371 cfg1 2 1 0 0 na na
10 65718.437350306959 0.051518673059 cfg1 2 1 0 0 na na
10 65718.637350364587 0.051520467265 cfg1 2 1 0 0 na na
10 65718.651350262709 0.051520579147 cfg1 2 1 0 0 na na
10 65718.899350303330 0.051522788050 cfg1 2 1 0 0 na na
10 65718.972350291081 0.051523453745 cfg1 2 1 0 0 na na
10 65719.076350276197 0.051524373498 cfg1 2 1 0 0 na na
10 65719.171350243359 0.051525223809 cfg1 2 1 0 0 na na
10 65719.178350287396 0.051525281719 cfg1 2 1 0 0 na na
10 65719.210350278836 0.051525553127 cfg1 2 1 0 0 na na
10 65719.266350269140 0.051526042613 cfg1 2 1 0 0 na na
10 65719.345350278009 0.051526756332 cfg1 2 1 0 0 na na
10 65719.349350319529 0.051526805995 cfg1 2 1 0 0 na na
10 65719.472350347988 0.051527880952 cfg1 2 1 0 0 na na
10 65719.498350260801 0.051528130080 cfg1 2 1 0 0 na na
10 65719.534350322048 0.051528454230 cfg1 2 1 0 0 na na
10 65719.650350309958 0.051529460116 cfg1 2 1 0 0 na na
10 65719.788350271848 0.051530704727 cfg1 2 1 0 0 na na
10 65719.865350304725 0.051531373690 cfg1 2 1 0 0 na na
10 65719.901350304472 0.051531706731 cfg1 2 1 0 0 na na
10 65719.980350281492 0.051532401339 cfg1 2 1 0 0 na na
10 65720.002350333837 0.051532614126 cfg1 2 1 0 0 na na
10 65720.061350360415 0.051533124611 cfg1 2 1 0 0 na na
10 65720.110350265794 0.051533551080 cfg1 2 1 0 0 na na
10 65720.139350334612 0.051533832559 cfg1 2 1 0 0 na na
10 65720.219350290306 0.051534539666 cfg1 2 1 0 0 na na
10 65720.439350351903 0.051536501550 cfg1 2 1 0 0 na na
10 65720.646350260629 0.051538331330 cfg1 2 1 0 0 na na
10 65720.730350300368 0.051539075519 cfg1 2 1 0 0 na na
10 65720.866350314561 0.051540290467 cfg1 2 1 0 0 na na
10 65720.909350370164 0.051540688018 cfg1 2 1 0 0 na na
10 65720.965350341841 0.051541171997 cfg1 2 1 0 0 na na
10 65721.018350283551 0.051541661189 cfg1 2 1 0 0 na na
10 65721.169350298031 0.051543006416 cfg1 2 1 0 0 na na
10 65721.307350361205 0.051544223770 cfg1 2 1 0 0 na na
10 65721.461350403469 0.051545593244 cfg1 2 1 0 0 na na
10 65721.517350334819 0.051546111564 cfg1 2 1 0 0 na na
10 65721.557350287042 0.051546470516 cfg1 2 1 0 0 na na
10 65721.561350345518 0.051546496330 cfg1 2 1 0 0 na na
10 65721.587350315620 0.051546711297 cfg1 2 1 0 0 na na
10 65721.601350370465 0.051546836593 cfg1 2 1 0 0 na na
10 65721.710350351055 0.051547815879 cfg1 2 1 0 0 na na
10 65721.738350334630 0.051548079910 cfg1 2 1 0 0 na na
10 65721.760350306313 0.051548256636 cfg1 2 1 0 0 na na
10 65721.798350287113 0.051548611800 cfg1 2 1 0 0 na na
10 65721.966350304748 0.051550103858 cfg1 2 1 0 0 na na
10 65722.000350267128 0.051550400040 cfg1 2 1 0 0 na na
10 65722.033350308727 0.051550694178 cfg1 2 1 0 0 na na
10 65722.047350313133 0.051550839663 cfg1 2 1 0 0 na na
10 65722.169350308381 0.051551925166 cfg1 2 1 0 0 na na
10 65722.268350335010 0.051552794880 cfg1 2 1 0 0 na na
10 65722.301350262791 0.051553089214 cfg1 2 1 0 0 na na
10 65722.319350301793 0.051553241036 cfg1 2 1 0 0 na na
10 65722.333350285574 0.051553388501 cfg1 2 1 0 0 na na
10 65722.376350326324 0.051553768938 cfg1 2 1 0 0 na na
10 65722.544350299295 0.051555254585 cfg1 2 1 0 0 na na
10 65722.547350269662 0.051555278748 cfg1 2 1 0 0 na na
10 65722.590350323808 0.051555682598 cfg1 2 1 0 0 na na
10 65722.651350314105 0.051556212895 cfg1 2 1 0 0 na na
10 65722.676350315734 0.051556444555 cfg1 2 1 0 0 na na
10 65722.937350268962 0.051558773266 cfg1 2 1 0 0 na na
10 65722.976350444017 0.051559113820 cfg1 2 1 0 0 na na
10 65723.016350242833 0.051559489302 cfg1 2 1 0 0 na na
10 65723.127350390459 0.051560460907 cfg1 2 1 0 0 na na
10 65723.133350279069 0.051560519809 cfg1 2 1 0 0 na na
10 65723.170350331746 0.051560860227 cfg1 2 1 0 0 na na
10 65723.202350275733 0.051561133302 cfg1 2 1 0 0 na na
10 65723.237350312205 0.051561461973 cfg1 2 1 0 0 na na
10 65723.238350353757 0.051561467903 cfg1 2 1 0 0 na na
10 65723.255350282462 0.051561605832 cfg1 2 1 0 0 na na
10 65723.595350316390 0.051564640814 cfg1 2 1 0 0 na na
10 65723.674350335412 0.051565356019 cfg1 2 1 0 0 na na
10 65723.784350256204 0.051566340656 cfg1 2 1 0 0 na na
10 65723.897350334097 0.051567344834 cfg1 2 1 0 0 na na
10 65723.953350309552 0.051567855508 cfg1 2 1 0 0 na na
10 65724.070350301096 0.051568902218 cfg1 2 1 0 0 na na
10 65724.073350301914 0.051568921147 cfg1 2 1 0 0 na na
10 65724.109350312146 0.051569238493 cfg1 2 1 0 0 na na
10 65724.150350288149 0.051569607693 cfg1 2 1 0 0 na na
10 65724.177350256817 0.051569854960 cfg1 2 1 0 0 na na
10 65724.236350283912 0.051570378246 cfg1 2 1 0 0 na na
10 65724.644350322642 0.051574020779 cfg1 2 1 0 0 na na
10 65724.746350364315 0.051574940123 cfg1 2 1 0 0 na na
10 65724.750350308227 0.051574991641 cfg1 2 1 0 0 na na
10 65724.787350302092 0.051575319634 cfg1 2 1 0 0 na na
10 65725.181350310631 0.051578835448 cfg1 2 1 0 0 na na
10 65725.191350317902 0.051578935759 cfg1 2 1 0 0 na na
10 65725.220350346059 0.051579190189 cfg1 2 1 0 0 na na
10 65725.276350345691 0.051579700609 cfg1 2 1 0 0 na na
10 65725.393350278605 0.051580727935 cfg1 2 1 0 0 na na
10 65725.527350315942 0.051581938610 cfg1 2 1 0 0 na na
10 65725.566350296945 0.051582294445 cfg1 2 1 0 0 na na
10 65725.579350273217 0.051582419053 cfg1 2 1 0 0 na na
10 65725.608350311568 0.051582672914 cfg1 2 1 0 0 na na
10 65725.723350274636 0.051583684068 cfg1 2 1 0 0 na na
10 65725.758350350731 0.051584004369 cfg1 2 1 0 0 na na
10 65725.786350313143 0.051584267978 cfg1 2 1 0 0 na na
10 65725.872350268801 0.051585018137 cfg1 2 1 0 0 na na
10 65725.913350308315 0.051585394946 cfg1 2 1 0 0 na na
10 65726.094350282681 0.051587024278 cfg1 2 1 0 0 na na
10 65726.255350309401 0.051588469183 cfg1 2 1 0 0 na na
10 65726.259350353905 0.051588496244 cfg1 2 1 0 0 na na
10 65726.288350275601 0.051588769832 cfg1 2 1 0 0 na na
10 65726.529350324188 0.051590929694 cfg1 2 1 0 0 na na
10 65726.712350305598 0.051592565277 cfg1 2 1 0 0 na na
10 65726.883350326073 0.051594086261 cfg1 2 1 0 0 na na
10 65726.950350289672 0.051594701449 cfg1 2 1 0 0 na na
10 65726.984350314972 0.051595012387 cfg1 2 1 0 0 na na
10 65727.031350360373 0.051595411786 cfg1 2 1 0 0 na na
10 65727.191350302797 0.051596865432 cfg1 2 1 0 0 na na
10 65727.281350338360 0.051597658688 cfg1 2 1 0 0 na na
10 65727.314350396722 0.051597975546 cfg1 2 1 0 0 na na
10 65727.495350333216 0.051599590076 cfg1 2 1 0 0 na na
10 65727.497350287033 0.051599621740 cfg1 2 1 0 0 na na
10 65727.608350299728 0.051600608455 cfg1 2 1 0 0 na na
10 65727.610350357019 0.051600623719 cfg1 2 1 0 0 na na
10 65727.687350280842 0.051601324538 cfg1 2 1 0 0 na na
10 65727.743350300129 0.051601824981 cfg1 2 1 0 0 na na
10 65727.782350267143 0.051602162867 cfg1 2 1 0 0 na na
10 65727.942350345775 0.051603598014 cfg1 2 1 0 0 na na
10 65728.099350375648 0.051605001705 cfg1 2 1 0 0 na na
10 65728.361350280224 0.051607361583 cfg1 2 1 0 0 na na
10 65728.464350304772 0.051608286743 cfg1 2 1 0 0 na na
10 65728.520350312658 0.051608794356 cfg1 2 1 0 0 na na
10 65728.549350348501 0.051609054825 cfg1 2 1 0 0 na na
10 65728.568350303247 0.051609219580 cfg1 2 1 0 0 na na
10 65728.595350326907 0.051609473070 cfg1 2 1 0 0 na na
10 65728.597350309781 0.051609493658 cfg1 2 1 0 0 na na
10 65728.617350326571 0.051609667209 cfg1 2 1 0 0 na na
10 65728.756350374050 0.051610931530 cfg1 2 1 0 0 na na
10 65728.760350319645 0.051610969777 cfg1 2 1 0 0 na na
10 65729.039350307109 0.051613465433 cfg1 2 1 0 0 na na
10 65729.074350302352 0.051613793150 cfg1 2 1 0 0 na na
10 65729.115350286218 0.051614134253 cfg1 2 1 0 0 na na
10 65729.118350365281 0.051614186029 cfg1 2 1 0 0 na na
10 65729.381350323201 0.051616533766 cfg1 2 1 0 0 na na
10 65729.503350298909 0.051617651379 cfg1 2 1 0 0 na na
10 65729.542350247579 0.051617999408 cfg1 2 1 0 0 na na
10 65729.562350288836 0.051618172724 cfg1 2 1 0 0 na na
10 65729.571350369282 0.051618241285 cfg1 2 1 0 0 na na
10 65729.783350318068 0.051620166962 cfg1 2 1 0 0 na na
10 65729.957350267387 0.051621714698 cfg1 2 1 0 0 na na
10 65730.013350271003 0.051622216107 cfg1 2 1 0 0 na na
10 65730.159350279025 0.051623556862 cfg1 2 1 0 0 na na
10 65730.429350260906 0.051625971235 cfg1 2 1 0 0 na na
10 65730.454350283840 0.051626196572 cfg1 2 1 0 0 na na
10 65730.499350313907 0.051626621738 cfg1 2 1 0 0 na na
10 65730.573350333339 0.051627263448 cfg1 2 1 0 0 na na
10 65730.595350292125 0.051627478536 cfg1 2 1 0 0 na na
10 65730.694350260230 0.051628363917 cfg1 2 1 0 0 na na
10 65731.138350321908 0.051632368900 cfg1 2 1 0 0 na na
10 65731.300350336802 0.051633834079 cfg1 2 1 0 0 na na
10 65731.321350343192 0.051634029641 cfg1 2 1 0 0 na na
10 65731.357350373219 0.051634337578 cfg1 2 1 0 0 na na
10 65731.480350375428 0.051635458717 cfg1 2 1 0 0 na na
10 65731.492350330053 0.051635554334 cfg1 2 1 0 0 na na
10 65731.522350313775 0.051635830608 cfg1 2 1 0 0 na na
10 65731.595350374176 0.051636481370 cfg1 2 1 0 0 na na
10 65731.782350328056 0.051638178245 cfg1 2 1 0 0 na na
10 65731.790350381609 0.051638251820 cfg1 2 1 0 0 na na
10 65731.797350293976 0.051638305468 cfg1 2 1 0 0 na na
10 65731.976350325094 0.051639918792 cfg1 2 1 0 0 na na
10 65732.083350305426 0.051640887038 cfg1 2 1 0 0 na na
10 65732.299350290251 0.051642850964 cfg1 2 1 0 0 na na
10 65732.316350295089 0.051642986850 cfg1 2 1 0 0 na na
10 65732.370350336448 0.051643470373 cfg1 2 1 0 0 na na
10 65732.454350323509 0.051644238941 cfg1 2 1 0 0 na na
10 65732.477350321630 0.051644435831 cfg1 2 1 0 0 na na
10 65732.548350379003 0.051645089252 cfg1 2 1 0 0 na na
10 65732.593350289587 0.051645486324 cfg1 2 1 0 0 na na
10 65732.647350364554 0.051645982285 cfg1 2 1 0 0 na na
10 65732.733350298572 0.051646766733 cfg1 2 1 0 0 na na
10 65732.771350326820 0.051647100806 cfg1 2 1 0 0 na na
10 65732.881350317882 0.051648085301 cfg1 2 1 0 0 na na
10 65733.017350324899 0.051649327982 cfg1 2 1 0 0 na na
10 65733.082350286472 0.051649906109 cfg1 2 1 0 0 na na
10 65733.529350261924 0.051653968510 cfg1 2 1 0 0 na na
10 65733.620350269133 0.051654790382 cfg1 2 1 0 0 na na
10 65733.785350280677 0.051656269843 cfg1 2 1 0 0 na na
10 65733.827350271333 0.051656635591 cfg1 2 1 0 0 na na
10 65733.923350301814 0.051657528630 cfg1 2 1 0 0 na na
10 65733.975350296448 0.051657995499 cfg1 2 1 0 0 na na
10 65733.982350320321 0.051658050969 cfg1 2 1 0 0 na na
10 65734.267350344965 0.051660623804 cfg1 2 1 0 0 na na
10 65734.398350323226 0.051661804306 cfg1 2 1 0 0 na na
10 65734.522350347359 0.051662922303 cfg1 2 1 0 0 na na
10 65734.681350323504 0.051664386182 cfg1 2 1 0 0 na na
10 65734.699350287609 0.051664544354 cfg1 2 1 0 0 na na
10 65735.048350352725 0.051667701654 cfg1 2 1 0 0 na na
10 65735.070350285998 0.051667886449 cfg1 2 1 0 0 na na
10 65735.231350277336 0.051669367225 cfg1 2 1 0 0 na na
10 65735.234350326648 0.051669377324 cfg1 2 1 0 0 na na
10 65735.434350296155 0.051671201318 cfg1 2 1 0 0 na na
10 65735.459350280140 0.051671415592 cfg1 2 1 0 0 na na
10 65735.477350367971 0.051671581589 cfg1 2 1 0 0 na na
10 65735.478350330629 0.051671588109 cfg1 2 1 0 0 na na
10 65735.558350372968 0.051672305400 cfg1 2 1 0 0 na na
10 65735.641350322423 0.051673073937 cfg1 2 1 0 0 na na
10 65735.846350246607 0.051674939801 cfg1 2 1 0 0 na na
10 65735.899350291848 0.051675415885 cfg1 2 1 0 0 na na
10 65735.914350351338 0.051675552471 cfg1 2 1 0 0 na na
10 65736.033350308987 0.051676621792 cfg1 2 1 0 0 na na
10 65736.221350284133 0.051678326974 cfg1 2 1 0 0 na na
10 65736.427350262637 0.051680192391 cfg1 2 1 0 0 na na
10 65736.468350276658 0.051680567353 cfg1 2 1 0 0 na na
10 65736.709350326155 0.051682743301 cfg1 2 1 0 0 na na
10 65737.037350285991 0.051685726335 cfg1 2 1 0 0 na na
10 65737.040350360234 0.051685769956 cfg1 2 1 0 0 na na
10 65737.436350276962 0.051689358429 cfg1 2 1 0 0 na na
10 65737.479350333250 0.051689741198 cfg1 2 1 0 0 na na
10 65737.499350271049 0.051689915838 cfg1 2 1 0 0 na na
10 65737.638350316871 0.051691198367 cfg1 2 1 0 0 na na
10 65737.648350368828 0.051691284043 cfg1 2 1 0 0 na na
10 65737.735350246859 0.051692079967 cfg1 2 1 0 0 na na
10 65737.767350352273 0.051692372656 cfg1 2 1 0 0 na na
10 65737.773350343634 0.051692421928 cfg1 2 1 0 0 na na
10 65737.855350302675 0.051693175375 cfg1 2 1 0 0 na na
10 65737.898350332941 0.051693564798 cfg1 2 1 0 0 na na
10 65738.269350329025 0.051696926679 cfg1 2 1 0 0 na na
10 65738.300350312910 0.051697213326 cfg1 2 1 0 0 na na
10 65738.332350260923 0.051697490997 cfg1 2 1 0 0 na na
10 65738.339350302868 0.051697566405 cfg1 2 1 0 0 na na
10 65738.364350301893 0.051697787585 cfg1 2 1 0 0 na na
10 65738.380350363374 0.051697944426 cfg1 2 1 0 0 na na
10 65738.406350269590 0.051698172910 cfg1 2 1 0 0 na na
10 65738.427350271873 0.051698344880 cfg1 2 1 0 0 na na
10 65738.466350315472 0.051698716618 cfg1 2 1 0 0 na na
10 65738.685350329636 0.051700719042 cfg1 2 1 0 0 na na
10 65738.737350310485 0.051701169864 cfg1 2 1 0 0 na na
10 65738.804350340346 0.051701795719 cfg1 2 1 0 0 na na
10 65738.822350296847 0.051701950385 cfg1 2 1 0 0 na na
10 65738.832350334082 0.051702039818 cfg1 2 1 0 0 na na
10 65738.865350281781 0.051702347622 cfg1 2 1 0 0 na na
10 65738.983350305018 0.051703429667 cfg1 2 1 0 0 na na
10 65739.032350324453 0.051703858702 cfg1 2 1 0 0 na na
10 65739.217350341666 0.051705541258 cfg1 2 1 0 0 na na
10 65739.400350327860 0.051707212954 cfg1 2 1 0 0 na na
10 65739.597350295588 0.051708997433 cfg1 2 1 0 0 na na
10 65739.606350352757 0.051709076438 cfg1 2 1 0 0 na na
10 65739.610350330390 0.051709128742 cfg1 2 1 0 0 na na
10 65739.613350319779 0.051709144142 cfg1 2 1 0 0 na na
10 65739.628350322656 0.051709298483 cfg1 2 1 0 0 na na
10 65739.816350274799 0.051711007499 cfg1 2 1 0 0 na na
10 65739.817350338010 0.051711009122 cfg1 2 1 0 0 na na
10 65740.241350315135 0.051714861524 cfg1 2 1 0 0 na na
10 65740.314350371108 0.051715519525 cfg1 2 1 0 0 na na
10 65740.414350255604 0.051716446797 cfg1 2 1 0 0 na na
10 65740.493350279587 0.051717162197 cfg1 2 1 0 0 na na
10 65740.616350282994 0.051718283706 cfg1 2 1 0 0 na na
10 65740.645350340865 0.051718537481 cfg1 2 1 0 0 na na
10 65741.019350238040 0.051721973819 cfg1 2 1 0 0 na na
10 65741.275350254950 0.051724298788 cfg1 2 1 0 0 na na
10 65741.302350321694 0.051724554534 cfg1 2 1 0 0 na na
10 65741.556350310707 0.051726847997 cfg1 2 1 0 0 na na
10 65741.656350273536 0.051727759084 cfg1 2 1 0 0 na na
10 65741.868350289217 0.051729691058 cfg1 2 1 0 0 na na
10 65741.926350283187 0.051730240886 cfg1 2 1 0 0 na na
10 65741.958350259103 0.051730522866 cfg1 2 1 0 0 na na
10 65742.006350341027 0.051730976809 cfg1 2 1 0 0 na na
10 65742.106350278646 0.051731877937 cfg1 2 1 0 0 na na
10 65742.320350305202 0.051733815900 cfg1 2 1 0 0 na na
10 65742.330350242725 0.051733934222 cfg1 2 1 0 0 na na
10 65742.405350269086 0.051734599462 cfg1 2 1 0 0 na na
10 65742.431350283010 0.051734843377 cfg1 2 1 0 0 na na
10 65742.632350316759 0.051736682741 cfg1 2 1 0 0 na na
10 65742.670350315756 0.051737030230 cfg1 2 1 0 0 na na
10 65742.680350292071 0.051737124530 cfg1 2 1 0 0 na na
10 65742.755350300766 0.051737798370 cfg1 2 1 0 0 na na
10 65742.827350338354 0.051738451247 cfg1 2 1 0 0 na na
10 65742.875350375209 0.051738907145 cfg1 2 1 0 0 na na
10 65742.890350256644 0.051739051245 cfg1 2 1 0 0 na na
10 65742.900350371221 0.051739123825 cfg1 2 1 0 0 na na
10 65743.197350258899 0.051741838015 cfg1 2 1 0 0 na na
10 65743.227350305512 0.051742121722 cfg1 2 1 0 0 na na
10 65743.419350313112 0.051743879099 cfg1 2 1 0 0 na na
10 65743.465350308144 0.051744285189 cfg1 2 1 0 0 na na
10 65743.572350297284 0.051745260390 cfg1 2 1 0 0 na na
10 65743.932350327529 0.051748556047 cfg1 2 1 0 0 na na
10 65744.029350310564 0.051749460948 cfg1 2 1 0 0 na na
10 65744.107350319887 0.051750166954 cfg1 2 1 0 0 na na
10 65744.334350321943 0.051752234442 cfg1 2 1 0 0 na na
10 65744.369350374185 0.051752550950 cfg1 2 1 0 0 na na
10 65744.374350300966 0.051752619029 cfg1 2 1 0 0 na na
10 65744.390350339082 0.051752767365 cfg1 2 1 0 0 na na
10 65744.452350251264 0.051753335387 cfg1 2 1 0 0 na na
10 65744.458350282292 0.051753390964 cfg1 2 1 0 0 na na
10 65744.506350317194 0.051753825177 cfg1 2 1 0 0 na na
10 65744.618350339191 0.051754834836 cfg1 2 1 0 0 na na
10 65744.657350272476 0.051755203481 cfg1 2 1 0 0 na na
10 65744.741350242643 0.051755979256 cfg1 2 1 0 0 na na
10 65744.751350318725 0.051756068133 cfg1 2 1 0 0 na na
10 65744.992350263891 0.051758258221 cfg1 2 1 0 0 na na
10 65745.005350284142 0.051758394256 cfg1 2 1 0 0 na na
10 65745.064350257965 0.051758937227 cfg1 2 1 0 0 na na
10 65745.078350272151 0.051759048909 cfg1 2 1 0 0 na na
10 65745.087350319099 0.051759130326 cfg1 2 1 0 0 na na
10 65745.125350255022 0.051759490937 cfg1 2 1 0 0 na na
10 65745.283350298853 0.051760938491 cfg1 2 1 0 0 na na
10 65745.324350313432 0.051761308957 cfg1 2 1 0 0 na na
10 65745.329350289838 0.051761342943 cfg1 2 1 0 0 na na
10 65745.385350290205 0.051761870987 cfg1 2 1 0 0 na na
10 65745.516350262808 0.051763059051 cfg1 2 1 0 0 na na
10 65745.631350271699 0.051764133703 cfg1 2 1 0 0 na na
10 65745.665350346726 0.051764421799 cfg1 2 1 0 0 na na
10 65745.767350347690 0.051765358630 cfg1 2 1 0 0 na na
10 65745.912350267877 0.051766698087 cfg1 2 1 0 0 na na
10 65746.166350244972 0.051769031814 cfg1 2 1 0 0 na na
10 65746.240350385874 0.051769693819 cfg1 2 1 0 0 na na
10 65746.262350282209 0.051769895490 cfg1 2 1 0 0 na na
10 65746.357350269808 0.051770762127 cfg1 2 1 0 0 na na
10 65746.372350294113 0.051770908833 cfg1 2 1 0 0 na na
10 65746.446350312478 0.051771589021 cfg1 2 1 0 0 na na
10 65746.819350330282 0.051775002276 cfg1 2 1 0 0 na na
10 65746.847350254524 0.051775272497 cfg1 2 1 0 0 na na
10 65746.914350267792 0.051775879049 cfg1 2 1 0 0 na na
10 65746.945350300555 0.051776167075 cfg1 2 1 0 0 na na
10 65747.046350276102 0.051777091268 cfg1 2 1 0 0 na na
10 65747.157350349443 0.051778104223 cfg1 2 1 0 0 na na
10 65747.205350328032 0.051778568779 cfg1 2 1 0 0 na na
10 65747.317350313008 0.051779599979 cfg1 2 1 0 0 na na
10 65747.371350308018 0.051780088136 cfg1 2 1 0 0 na na
10 65747.495350279398 0.051781235750 cfg1 2 1 0 0 na na
10 65747.591350289106 0.051782115698 cfg1 2 1 0 0 na na
10 65747.732350308454 0.051783403256 cfg1 2 1 0 0 na na
10 65747.755350261663 0.051783605348 cfg1 2 1 0 0 na na
10 65747.938350321818 0.051785278489 cfg1 2 1 0 0 na na
10 65748.027350320047 0.051786111807 cfg1 2 1 0 0 na na
10 65748.028350299753 0.051786130930 cfg1 2 1 0 0 na na
10 65748.122350322837 0.051786980001 cfg1 2 1 0 0 na na
10 65748.167350300239 0.051787396231 cfg1 2 1 0 0 na na
10 65748.177350340046 0.051787487006 cfg1 2 1 0 0 na na
10 65748.223350384102 0.051787908651 cfg1 2 1 0 0 na na
10 65748.333350259418 0.051788917399 cfg1 2 1 0 0 na na
10 65748.367350319525 0.051789223206 cfg1 2 1 0 0 na na
10 65748.469350298614 0.051790178671 cfg1 2 1 0 0 na na
10 65748.475350340835 0.051790221383 cfg1 2 1 0 0 na na
10 65748.506350283114 0.051790513491 cfg1 2 1 0 0 na na
10 65748.614350346508 0.051791493441 cfg1 2 1 0 0 na na
10 65748.638350314051 0.051791723422 cfg1 2 1 0 0 na na
10 65748.670350302865 0.051792005735 cfg1 2 1 0 0 na na
10 65748.762350294766 0.051792858445 cfg1 2 1 0 0 na na
10 65748.827350325110 0.051793451626 cfg1 2 1 0 0 na na
10 65748.843350261028 0.051793606155 cfg1 2 1 0 0 na na
10 65748.875350316254 0.051793917397 cfg1 2 1 0 0 na na
10 65748.961350319036 0.051794704202 cfg1 2 1 0 0 na na
10 65749.139350315144 0.051796340494 cfg1 2 1 0 0 na na
10 65749.328350280161 0.051798071679 cfg1 2 1 0 0 na na
10 65749.435350359930 0.051799051620 cfg1 2 1 0 0 na na
10 65749.436350253555 0.051799073271 cfg1 2 1 0 0 na na
10 65749.643350307199 0.051800964769 cfg1 2 1 0 0 na na
10 65749.793350286754 0.051802339856 cfg1 2 1 0 0 na na
10 65749.814350282555 0.051802552901 cfg1 2 1 0 0 na na
10 65749.840350315817 0.051802791219 cfg1 2 1 0 0 na na
10 65750.041350322625 0.051804633874 cfg1 2 1 0 0 na na
10 65750.080350293351 0.051805012051 cfg1 2 1 0 0 na na
10 65750.122350285438 0.051805387397 cfg1 2 1 0 0 na na
10 65750.304350262081 0.051807071021 cfg1 2 1 0 0 na na
10 65750.355350320083 0.051807535847 cfg1 2 1 0 0 na na
10 65750.413350309657 0.051808052624 cfg1 2 1 0 0 na na
10 65750.509350284907 0.051808935353 cfg1 2 1 0 0 na na
10 65750.588350341303 0.051809670933 cfg1 2 1 0 0 na na
10 65750.641350378224 0.051810164677 cfg1 2 1 0 0 na na
10 65750.741350387659 0.051811080794 cfg1 2 1 0 0 na na
10 65750.773350337063 0.051811370638 cfg1 2 1 0 0 na na
10 65750.835350343115 0.051811964338 cfg1 2 1 0 0 na na
10 65750.918350326897 0.051812727478 cfg1 2 1 0 0 na na
10 65750.995350415733 0.051813422489 cfg1 2 1 0 0 na na
10 65751.038350334015 0.051813836181 cfg1 2 1 0 0 na na
10 65751.056350314042 0.051813998553 cfg1 2 1 0 0 na na
10 65751.096350341082 0.051814350888 cfg1 2 1 0 0 na na
10 65751.134350293105 0.051814718111 cfg1 2 1 0 0 na na
10 65751.165350340898 0.051814984825 cfg1 2 1 0 0 na na
10 65751.250350335019 0.051815786169 cfg1 2 1 0 0 na na
10 65751.482350266650 0.051817910291 cfg1 2 1 0 0 na na
10 65751.555350331322 0.051818594972 cfg1 2 1 0 0 na na
10 65751.728350322177 0.051820198496 cfg1 2 1 0 0 na na
10 65751.932350340953 0.051822066557 cfg1 2 1 0 0 na na
10 65751.996350260925 0.051822671635 cfg1 2 1 0 0 na na
10 65752.004350370764 0.051822750533 cfg1 2 1 0 0 na na
10 65752.050350319399 0.051823154198 cfg1 2 1 0 0 na na
10 65752.099350290226 0.051823628809 cfg1 2 1 0 0 na na
10 65752.102350327494 0.051823633715 cfg1 2 1 0 0 na na
10 65752.165350322216 0.051824233425 cfg1 2 1 0 0 na na
10 65752.232350347557 0.051824840143 cfg1 2 1 0 0 na na
10 65752.259350329445 0.051825104141 cfg1 2 1 0 0 na na
10 65752.312350371810 0.051825580688 cfg1 2 1 0 0 na na
10 65752.569350347642 0.051827954304 cfg1 2 1 0 0 na na
10 65752.720350313597 0.051829355858 cfg1 2 1 0 0 na na
10 65752.761350341006 0.051829727938 cfg1 2 1 0 0 na na
10 65752.784350342666 0.051829939989 cfg1 2 1 0 0 na na
10 65753.012350268266 0.051832039165 cfg1 2 1 0 0 na na
10 65753.170350330082 0.051833515842 cfg1 2 1 0 0 na na
10 65753.184350294068 0.051833631220 cfg1 2 1 0 0 na na
10 65753.430350288276 0.051835916434 cfg1 2 1 0 0 na na
10 65753.495350373290 0.051836518388 cfg1 2 1 0 0 na na
10 65753.767350277946 0.051839023116 cfg1 2 1 0 0 na na
10 65753.828350350268 0.051839576869 cfg1 2 1 0 0 na na
10 65753.830350283106 0.051839610886 cfg1 2 1 0 0 na na
10 65753.903350348535 0.051840284189 cfg1 2 1 0 0 na na
10 65753.953350310441 0.051840739776 cfg1 2 1 0 0 na na
10 65754.079350268081 0.051841899159 cfg1 2 1 0 0 na na
10 65754.212350374975 0.051843137998 cfg1 2 1 0 0 na na
10 65754.218350341218 0.051843208810 cfg1 2 1 0 0 na na
10 65754.277350277262 0.051843753015 cfg1 2 1 0 0 na na
10 65754.321350284494 0.051844157142 cfg1 2 1 0 0 na na
10 65754.668350310688 0.051847363617 cfg1 2 1 0 0 na na
10 65754.822350315885 0.051848802331 cfg1 2 1 0 0 na na
10 65754.979350319710 0.051850253683 cfg1 2 1 0 0 na na
10 65754.991350282797 0.051850352160 cfg1 2 1 0 0 na na
10 65755.026350328685 0.051850665149 cfg1 2 1 0 0 na na
10 65755.074350309560 0.051851133970 cfg1 2 1 0 0 na na
10 65755.210350288528 0.051852370717 cfg1 2 1 0 0 na na
10 65755.223350312756 0.051852512221 cfg1 2 1 0 0 na na
10 65755.272350350199 0.051852953448 cfg1 2 1 0 0 na na
10 65755.443350307819 0.051854530438 cfg1 2 1 0 0 na na
10 65755.626350359564 0.051856230364 cfg1 2 1 0 0 na na
10 65755.651350340481 0.051856463195 cfg1 2 1 0 0 na na
10 65755.701350314951 0.051856922244 cfg1 2 1 0 0 na na
10 65755.702350322616 0.051856936470 cfg1 2 1 0 0 na na
10 65755.863350325999 0.051858423222 cfg1 2 1 0 0 na na
10 65756.010350270093 0.051859799008 cfg1 2 1 0 0 na na
10 65756.020350333522 0.051859902920 cfg1 2 1 0 0 na na
10 65756.050350348940 0.051860166710 cfg1 2 1 0 0 na na
10 65756.073350308618 0.051860369941 cfg1 2 1 0 0 na na
10 65756.161350249754 0.051861197118 cfg1 2 1 0 0 na na
10 65756.193350298744 0.051861505586 cfg1 2 1 0 0 na na
10 65756.205350292345 0.051861590547 cfg1 2 1 0 0 na na
10 65756.334350252574 0.051862799275 cfg1 2 1 0 0 na na
10 65756.349350352445 0.051862949614 cfg1 2 1 0 0 na na
10 65756.368350332375 0.051863112792 cfg1 2 1 0 0 na na
10 65756.488350298643 0.051864239253 cfg1 2 1 0 0 na na
10 65756.505350331393 0.051864400039 cfg1 2 1 0 0 na na
10 65756.553350334551 0.051864838148 cfg1 2 1 0 0 na na
10 65756.600350352568 0.051865281156 cfg1 2 1 0 0 na na
10 65756.670350388170 0.051865929401 cfg1 2 1 0 0 na na
10 65756.839350309204 0.051867494387 cfg1 2 1 0 0 na na
10 65756.911350365558 0.051868152766 cfg1 2 1 0 0 na na
10 65756.924350335089 0.051868267502 cfg1 2 1 0 0 na na
10 65757.000350302035 0.051868967482 cfg1 2 1 0 0 na na
10 65757.043350340425 0.051869377843 cfg1 2 1 0 0 na na
10 65757.257350346085 0.051871361073 cfg1 2 1 0 0 na na
10 65757.346350343971 0.051872176751 cfg1 2 1 0 0 na na
10 65757.544350341933 0.051874022504 cfg1 2 1 0 0 na na
10 65757.648350295953 0.051874980430 cfg1 2 1 0 0 na na
10 65757.672350358540 0.051875204760 cfg1 2 1 0 0 na na
10 65757.760350336326 0.051876042085 cfg1 2 1 0 0 na na
10 65757.801350304132 0.051876405968 cfg1 2 1 0 0 na na
10 65757.823350315638 0.051876625562 cfg1 2 1 0 0 na na
10 65757.970350252221 0.051877989749 cfg1 2 1 0 0 na na
10 65758.042350369316 0.051878666974 cfg1 2 1 0 0 na na
10 65758.077350315149 0.051878990007 cfg1 2 1 0 0 na na
10 65758.143350356515 0.051879596848 cfg1 2 1 0 0 na na
10 65758.205350438139 0.051880178360 cfg1 2 1 0 0 na na
10 65758.291350242809 0.051880979211 cfg1 2 1 0 0 na na
10 65758.330350324819 0.051881320726 cfg1 2 1 0 0 na na
10 65758.438350330228 0.051882342433 cfg1 2 1 0 0 na na
10 65758.478350358121 0.051882719830 cfg1 2 1 0 0 na na
10 65758.519350312254 0.051883082478 cfg1 2 1 0 0 na na
10 65758.553350313949 0.051883394763 cfg1 2 1 0 0 na na
10 65758.790350370249 0.051885595439 cfg1 2 1 0 0 na na
10 65759.035350307398 0.051887880780 cfg1 2 1 0 0 na na
10 65759.402350306411 0.051891310850 cfg1 2 1 0 0 na na
10 65759.547350304133 0.051892660343 cfg1 2 1 0 0 na na
10 65759.641350272626 0.051893520775 cfg1 2 1 0 0 na na
10 65759.764350335219 0.051894666849 cfg1 2 1 0 0 na na
10 65759.952350368629 0.051896412315 cfg1 2 1 0 0 na na
10 65760.025350328884 0.051897113727 cfg1 2 1 0 0 na na
10 65760.042350357752 0.051897272086 cfg1 2 1 0 0 na na
10 65760.050350283597 0.051897339359 cfg1 2 1 0 0 na na
10 65760.107350328905 0.051897875413 cfg1 2 1 0 0 na na
10 65760.230350324598 0.051898994738 cfg1 2 1 0 0 na na
10 65760.365350307513 0.051900264917 cfg1 2 1 0 0 na na
10 65760.440350337928 0.051900954181 cfg1 2 1 0 0 na na
10 65760.508350344388 0.051901591442 cfg1 2 1 0 0 na na
10 65760.611350362801 0.051902567661 cfg1 2 1 0 0 na na
10 65760.763350396099 0.051903986826 cfg1 2 1 0 0 na na
10 65760.919350302675 0.051905421834 cfg1 2 1 0 0 na na
10 65760.929350259360 0.051905517581 cfg1 2 1 0 0 na na
10 65761.003350343628 0.051906210619 cfg1 2 1 0 0 na na
10 65761.062350290004 0.051906751876 cfg1 2 1 0 0 na na
10 65761.179350317014 0.051907861912 cfg1 2 1 0 0 na na
10 65761.196350352507 0.051908012699 cfg1 2 1 0 0 na na
10 65761.202350336557 0.051908079834 cfg1 2 1 0 0 na na
10 65761.214350352555 0.051908184564 cfg1 2 1 0 0 na na
10 65761.264350329419 0.051908659120 cfg1 2 1 0 0 na na
10 65761.320350275833 0.051909161904 cfg1 2 1 0 0 na na
10 65761.367350263117 0.051909611340 cfg1 2 1 0 0 na na
10 65761.467350300603 0.051910523302 cfg1 2 1 0 0 na na
10 65761.505350292122 0.051910895110 cfg1 2 1 0 0 na na
10 65761.573350309403 0.051911517828 cfg1 2 1 0 0 na na
10 65761.587350322851 0.051911659590 cfg1 2 1 0 0 na na
10 65761.650350324606 0.051912238968 cfg1 2 1 0 0 na na
10 65761.789350333985 0.051913537332 cfg1 2 1 0 0 na na
10 65762.008350299033 0.051915588271 cfg1 2 1 0 0 na na
10 65762.097350368761 0.051916410267 cfg1 2 1 0 0 na na
10 65762.136350320342 0.051916786158 cfg1 2 1 0 0 na na
10 65762.409350268650 0.051919313322 cfg1 2 1 0 0 na na
10 65762.446350303644 0.051919663259 cfg1 2 1 0 0 na na
10 65762.795350362682 0.051922945055 cfg1 2 1 0 0 na na
10 65762.827350302600 0.051923230165 cfg1 2 1 0 0 na na
10 65762.854350361481 0.051923494769 cfg1 2 1 0 0 na na
10 65762.938350323904 0.051924256736 cfg1 2 1 0 0 na na
10 65762.987350366487 0.051924719319 cfg1 2 1 0 0 na na
10 65763.079350296958 0.051925595938 cfg1 2 1 0 0 na na
10 65763.192350383449 0.051926652889 cfg1 2 1 0 0 na na
10 65763.195350318277 0.051926663008 cfg1 2 1 0 0 na na
10 65763.205350318698 0.051926755059 cfg1 2 1 0 0 na na
10 65763.256350290745 0.051927236484 cfg1 2 1 0 0 na na
10 65763.329350329001 0.051927912575 cfg1 2 1 0 0 na na
10 65763.353350283090 0.051928142136 cfg1 2 1 0 0 na na
10 65763.493350338792 0.051929462843 cfg1 2 1 0 0 na na
10 65763.636350281768 0.051930799701 cfg1 2 1 0 0 na na
10 65763.706350279017 0.051931451066 cfg1 2 1 0 0 na na
10 65763.708350314097 0.051931476496 cfg1 2 1 0 0 na na
10 65763.725350294632 0.051931611618 cfg1 2 1 0 0 na na
10 65763.746350303442 0.051931808981 cfg1 2 1 0 0 na na
10 65763.800350348984 0.051932318231 cfg1 2 1 0 0 na na
10 65763.950350250779 0.051933731055 cfg1 2 1 0 0 na na
10 65764.076350286994 0.051934911063 cfg1 2 1 0 0 na na
10 65764.272350268277 0.051936723729 cfg1 2 1 0 0 na na
10 65764.466350317828 0.051938562502 cfg1 2 1 0 0 na na
10 65764.528350319686 0.051939130310 cfg1 2 1 0 0 na na
10 65764.641350302000 0.051940181765 cfg1 2 1 0 0 na na
10 65764.700350300917 0.051940730969 cfg1 2 1 0 0 na na
10 65764.732350320550 0.051941027614 cfg1 2 1 0 0 na na
10 65764.763350298981 0.051941344485 cfg1 2 1 0 0 na na
10 65764.856350246938 0.051942209741 cfg1 2 1 0 0 na na
10 65764.910350302457 0.051942701451 cfg1 2 1 0 0 na na
10 65765.015350325469 0.051943684469 cfg1 2 1 0 0 na na
10 65765.042350277069 0.051943957301 cfg1 2 1 0 0 na na
10 65765.151350290451 0.051944969144 cfg1 2 1 0 0 na na
10 65765.158350303679 0.051945019828 cfg1 2 1 0 0 na na
10 65765.238350319299 0.051945785923 cfg1 2 1 0 0 na na
10 65765.282350321017 0.051946205099 cfg1 2 1 0 0 na na
10 65765.319350321888 0.051946528429 cfg1 2 1 0 0 na na
10 65765.450350357003 0.051947769151 cfg1 2 1 0 0 na na
10 65765.575350294450 0.051948923795 cfg1 2 1 0 0 na na
10 65765.752350296428 0.051950605679 cfg1 2 1 0 0 na na
10 65765.940350314236 0.051952357348 cfg1 2 1 0 0 na na
10 65766.101350267683 0.051953854264 cfg1 2 1 0 0 na na
10 65766.146350292914 0.051954295928 cfg1 2 1 0 0 na na
10 65766.315350360348 0.051955860127 cfg1 2 1 0 0 na na
10 65766.654350263071 0.051959043787 cfg1 2 1 0 0 na na
10 65766.740350268170 0.051959865715 cfg1 2 1 0 0 na na
10 65766.791350308374 0.051960343679 cfg1 2 1 0 0 na na
10 65766.838350309464 0.051960774143 cfg1 2 1 0 0 na na
10 65766.898350290281 0.051961344315 cfg1 2 1 0 0 na na
10 65766.910350310363 0.051961459121 cfg1 2 1 0 0 na na
10 65767.045350349857 0.051962712155 cfg1 2 1 0 0 na na
10 65767.089350303855 0.051963131534 cfg1 2 1 0 0 na na
10 65767.242350330520 0.051964577915 cfg1 2 1 0 0 na na
10 65767.332350343586 0.051965412106 cfg1 2 1 0 0 na na
10 65767.444350331040 0.051966465008 cfg1 2 1 0 0 na na
10 65767.530350283054 0.051967261299 cfg1 2 1 0 0 na na
10 65767.616350347836 0.051968080051 cfg1 2 1 0 0 na na
10 65767.713350291640 0.051968997316 cfg1 2 1 0 0 na na
10 65767.837350367388 0.051970153354 cfg1 2 1 0 0 na na
10 65767.839350263573 0.051970182701 cfg1 2 1 0 0 na na
10 65767.862350301260 0.051970372450 cfg1 2 1 0 0 na na
10 65767.873350325171 0.051970494277 cfg1 2 1 0 0 na na
10 65768.033350350321 0.051971997422 cfg1 2 1 0 0 na na
10 65768.168350265577 0.051973246094 cfg1 2 1 0 0 na na
10 65768.234350305498 0.051973885477 cfg1 2 1 0 0 na na
10 65768.271350314875 0.051974242580 cfg1 2 1 0 0 na na
10 65768.307350294542 0.051974554408 cfg1 2 1 0 0 na na
10 65768.536350319656 0.051976721400 cfg1 2 1 0 0 na na
10 65768.584350386160 0.051977168838 cfg1 2 1 0 0 na na
10 65768.600350313351 0.051977331401 cfg1 2 1 0 0 na na
10 65768.689350325069 0.051978146231 cfg1 2 1 0 0 na na
10 65768.690350343045 0.051978155503 cfg1 2 1 0 0 na na
10 65768.821350296855 0.051979397364 cfg1 2 1 0 0 na na
10 65768.868350324637 0.051979839944 cfg1 2 1 0 0 na na
10 65768.909350338804 0.051980236994 cfg1 2 1 0 0 na na
10 65768.928350395946 0.051980417428 cfg1 2 1 0 0 na na
10 65768.949350367469 0.051980602647 cfg1 2 1 0 0 na na
10 65768.960350320906 0.051980689257 cfg1 2 1 0 0 na na
10 65769.074350273702 0.051981784040 cfg1 2 1 0 0 na na
10 65769.299350276326 0.051983890284 cfg1 2 1 0 0 na na
10 65769.300350326977 0.051983896679 cfg1 2 1 0 0 na na
10 65769.402350316078 0.051984849977 cfg1 2 1 0 0 na na
10 65769.862350308123 0.051989181435 cfg1 2 1 0 0 na na
10 65770.010350335602 0.051990570520 cfg1 2 1 0 0 na na
10 65770.011350292125 0.051990594746 cfg1 2 1 0 0 na na
10 65770.045350351854 0.051990914672 cfg1 2 1 0 0 na na
10 65770.192350323656 0.051992304075 cfg1 2 1 0 0 na na
10 65770.244350309209 0.051992783139 cfg1 2 1 0 0 na na
10 65770.268350288611 0.051993018508 cfg1 2 1 0 0 na na
10 65770.272350252658 0.051993049672 cfg1 2 1 0 0 na na
10 65770.305350249154 0.051993364566 cfg1 2 1 0 0 na na
10 65770.389350271205 0.051994149781 cfg1 2 1 0 0 na na
10 65770.592350339259 0.051996074031 cfg1 2 1 0 0 na na
10 65770.660350351587 0.051996702009 cfg1 2 1 0 0 na na
10 65770.712350319856 0.051997186824 cfg1 2 1 0 0 na na
10 65770.739350297848 0.051997431129 cfg1 2 1 0 0 na na
10 65771.019350350655 0.052000094217 cfg1 2 1 0 0 na na
10 65771.331350284655 0.052003034081 cfg1 2 1 0 0 na na
10 65771.388350309457 0.052003560463 cfg1 2 1 0 0 na na
10 65771.407350349059 0.052003735699 cfg1 2 1 0 0 na na
10 65771.627350313213 0.052005811290 cfg1 2 1 0 0 na na
10 65771.688350345363 0.052006392588 cfg1 2 1 0 0 na na
10 65771.714350340207 0.052006635818 cfg1 2 1 0 0 na na
10 65771.902350350619 0.052008407122 cfg1 2 1 0 0 na na
10 65772.159350323215 0.052010832768 cfg1 2 1 0 0 na na
10 65772.339350292952 0.052012536000 cfg1 2 1 0 0 na na
10 65772.567350383110 0.052014671827 cfg1 2 1 0 0 na na
10 65772.615350265126 0.052015148246 cfg1 2 1 0 0 na na
10 65772.633350357642 0.052015301640 cfg1 2 1 0 0 na na
10 65772.727350316358 0.052016183411 cfg1 2 1 0 0 na na
10 65772.851350319438 0.052017377722 cfg1 2 1 0 0 na na
10 65772.878350327600 0.052017627112 cfg1 2 1 0 0 na na
10 65772.938350334533 0.052018169654 cfg1 2 1 0 0 na na
10 65773.449350308506 0.052023013702 cfg1 2 1 0 0 na na
10 65773.492350332218 0.052023417996 cfg1 2 1 0 0 na na
10 65773.568350342933 0.052024124709 cfg1 2 1 0 0 na na
10 65773.571350287216 0.052024171354 cfg1 2 1 0 0 na na
10 65773.688350311500 0.052025255149 cfg1 2 1 0 0 na na
10 65773.699350339896 0.052025374973 cfg1 2 1 0 0 na na
10 65773.849350273662 0.052026776260 cfg1 2 1 0 0 na na
10 65773.993350263388 0.052028143492 cfg1 2 1 0 0 na na
10 65774.041350313096 0.052028598284 cfg1 2 1 0 0 na na
10 65774.061350301394 0.052028799646 cfg1 2 1 0 0 na na
10 65774.068350320239 0.052028858579 cfg1 2 1 0 0 na na
10 65774.088350260691 0.052029061884 cfg1 2 1 0 0 na na
10 65774.446350310624 0.052032439824 cfg1 2 1 0 0 na na
10 65774.758350265103 0.052035376685 cfg1 2 1 0 0 na na
10 65774.793350315043 0.052035714946 cfg1 2 1 0 0 na na
10 65774.851350302707 0.052036259715 cfg1 2 1 0 0 na na
10 65775.077350317783 0.052038404743 cfg1 2 1 0 0 na na
10 65775.085350350127 0.052038484030 cfg1 2 1 0 0 na na
10 65775.282350341517 0.052040348930 cfg1 2 1 0 0 na na
10 65775.337350275107 0.052040863617 cfg1 2 1 0 0 na na
10 65775.368350299544 0.052041154502 cfg1 2 1 0 0 na na
10 65775.587350271018 0.052043224188 cfg1 2 1 0 0 na na
10 65775.617350328724 0.052043507833 cfg1 2 1 0 0 na na
10 65775.640350300217 0.052043721221 cfg1 2 1 0 0 na na
10 65775.944350267689 0.052046606006 cfg1 2 1 0 0 na na
10 65776.045350313286 0.052047555984 cfg1 2 1 0 0 na na
10 65776.049350301930 0.052047595516 cfg1 2 1 0 0 na na
10 65776.057350301479 0.052047694783 cfg1 2 1 0 0 na na
10 65776.108350245178 0.052048175947 cfg1 2 1 0 0 na na
10 65776.147350327911 0.052048522627 cfg1 2 1 0 0 na na
10 65776.222350359418 0.052049258057 cfg1 2 1 0 0 na na
10 65776.338350318483 0.052050339746 cfg1 2 1 0 0 na na
10 65776.619350282673 0.052053008609 cfg1 2 1 0 0 na na
10 65776.710350310634 0.052053865944 cfg1 2 1 0 0 na na
10 65776.946350363864 0.052056121212 cfg1 2 1 0 0 na na
10 65776.950350318773 0.052056146473 cfg1 2 1 0 0 na na
10 65776.965350313393 0.052056274551 cfg1 2 1 0 0 na na
10 65777.013350262936 0.052056757457 cfg1 2 1 0 0 na na
10 65777.140350291783 0.052057944406 cfg1 2 1 0 0 na na
10 65777.189350269954 0.052058405072 cfg1 2 1 0 0 na na
10 65777.225350303102 0.052058764035 cfg1 2 1 0 0 na na
10 65777.261350358942 0.052059095031 cfg1 2 1 0 0 na na
10 65777.429350287427 0.052060674122 cfg1 2 1 0 0 na na
10 65777.447350351804 0.052060856934 cfg1 2 1 0 0 na na
10 65777.584350358931 0.052062156851 cfg1 2 1 0 0 na na
10 65777.668350309388 0.052062959923 cfg1 2 1 0 0 na na
10 65777.869350316942 0.052064873840 cfg1 2 1 0 0 na na
10 65777.876350301011 0.052064939974 cfg1 2 1 0 0 na na
10 65777.914350250107 0.052065291687 cfg1 2 1 0 0 na na
10 65777.951350314059 0.052065632821 cfg1 2 1 0 0 na na
10 65777.999350318966 0.052066099540 cfg1 2 1 0 0 na na
10 65778.058350329989 0.052066664444 cfg1 2 1 0 0 na na
10 65778.521350299559 0.052071044009 cfg1 2 1 0 0 na na
10 65778.607350331830 0.052071880773 cfg1 2 1 0 0 na na
10 65778.696350294261 0.052072710217 cfg1 2 1 0 0 na na
10 65778.794350327265 0.052073653510 cfg1 2 1 0 0 na na
10 65778.880350272067 0.052074472908 cfg1 2 1 0 0 na na
10 65779.046350338415 0.052076044176 cfg1 2 1 0 0 na na
10 65779.054350368208 0.052076127914 cfg1 2 1 0 0 na na
10 65779.280350301550 0.052078274296 cfg1 2 1 0 0 na na
10 65779.292350304045 0.052078381457 cfg1 2 1 0 0 na na
10 65779.416350272805 0.052079544103 cfg1 2 1 0 0 na na
10 65779.685350315135 0.052082116667 cfg1 2 1 0 0 na na
10 65779.740350291269 0.052082628565 cfg1 2 1 0 0 na na
10 65779.916350263400 0.052084308667 cfg1 2 1 0 0 na na
10 65779.955350264504 0.052084677448 cfg1 2 1 0 0 na na
10 65779.990350272465 0.052085030851 cfg1 2 1 0 0 na na
10 65780.038350352148 0.052085460954 cfg1 2 1 0 0 na na
10 65780.119350285108 0.052086231552 cfg1 2 1 0 0 na na
10 65780.139350280865 0.052086447108 cfg1 2 1 0 0 na na
10 65780.225350266908 0.052087244774 cfg1 2 1 0 0 na na
10 65780.239350270409 0.052087371530 cfg1 2 1 0 0 na na
10 65780.343350356520 0.052088375037 cfg1 2 1 0 0 na na
10 65780.361350272593 0.052088534373 cfg1 2 1 0 0 na na
10 65780.450350318929 0.052089390280 cfg1 2 1 0 0 na na
10 65780.511350298761 0.052089980738 cfg1 2 1 0 0 na na
10 65780.533350347488 0.052090194198 cfg1 2 1 0 0 na na
10 65780.567350284880 0.052090497953 cfg1 2 1 0 0 na na
10 65780.670350359230 0.052091474859 cfg1 2 1 0 0 na na
10 65780.784350285943 0.052092584352 cfg1 2 1 0 0 na na
10 65780.964350331173 0.052094290710 cfg1 2 1 0 0 na na
10 65780.989350321426 0.052094538496 cfg1 2 1 0 0 na na
10 65781.013350339040 0.052094742803 cfg1 2 1 0 0 na na
10 65781.014350365718 0.052094755578 cfg1 2 1 0 0 na na
10 65781.026350299674 0.052094869055 cfg1 2 1 0 0 na na
10 65781.146350284184 0.052096005888 cfg1 2 1 0 0 na na
10 65781.214350343714 0.052096665227 cfg1 2 1 0 0 na na
10 65781.244350309369 0.052096960467 cfg1 2 1 0 0 na na
10 65781.267350327937 0.052097182771 cfg1 2 1 0 0 na na
10 65781.270350265618 0.052097191101 cfg1 2 1 0 0 na na
10 65781.471350371846 0.052099102243 cfg1 2 1 0 0 na na
10 65781.562350265024 0.052099984818 cfg1 2 1 0 0 na na
10 65781.601350270021 0.052100341704 cfg1 2 1 0 0 na na
10 65781.678350332190 0.052101080646 cfg1 2 1 0 0 na na
10 65781.900350288681 0.052103192642 cfg1 2 1 0 0 na na
10 65781.942350311408 0.052103607661 cfg1 2 1 0 0 na na
10 65782.063350270474 0.052104746425 cfg1 2 1 0 0 na na
10 65782.127350287288 0.052105359085 cfg1 2 1 0 0 na na
10 65782.194350321030 0.052105998833 cfg1 2 1 0 0 na na
10 65782.314350299193 0.052107146718 cfg1 2 1 0 0 na na
10 65782.471350288838 0.052108656668 cfg1 2 1 0 0 na na
10 65782.569350334163 0.052109594662 cfg1 2 1 0 0 na na
10 65782.594350299967 0.052109835499 cfg1 2 1 0 0 na na
10 65782.608350352445 0.052109953445 cfg1 2 1 0 0 na na
10 65782.673350267855 0.052110573038 cfg1 2 1 0 0 na na
10 65782.801350288732 0.052111803651 cfg1 2 1 0 0 na na
10 65782.942350377663 0.052113138675 cfg1 2 1 0 0 na na
10 65782.949350351839 0.052113215418 cfg1 2 1 0 0 na na
10 65783.016350250727 0.052113851563 cfg1 2 1 0 0 na na
10 65783.040350283141 0.052114088664 cfg1 2 1 0 0 na na
10 65783.054350249754 0.052114217341 cfg1 2 1 0 0 na na
10 65783.227350372637 0.052115849331 cfg1 2 1 0 0 na na
10 65783.237350300046 0.052115970660 cfg1 2 1 0 0 na na
10 65783.246350291111 0.052116056942 cfg1 2 1 0 0 na na
10 65783.254350364298 0.052116119353 cfg1 2 1 0 0 na na
10 65783.271350363070 0.052116275503 cfg1 2 1 0 0 na na
10 65783.393350276865 0.052117455142 cfg1 2 1 0 0 na na
10 65783.498350310675 0.052118458962 cfg1 2 1 0 0 na na
10 65783.523350335582 0.052118676702 cfg1 2 1 0 0 na na
10 65783.662350354070 0.052120013701 cfg1 2 1 0 0 na na
10 65783.753350262773 0.052120892312 cfg1 2 1 0 0 na na
10 65783.756350356596 0.052120901737 cfg1 2 1 0 0 na na
10 65783.797350338714 0.052121315957 cfg1 2 1 0 0 na na
10 65783.944350301479 0.052122710732 cfg1 2 1 0 0 na na
10 65783.963350280845 0.052122875787 cfg1 2 1 0 0 na na
10 65784.113350321140 0.052124311482 cfg1 2 1 0 0 na na
10 65784.590350324804 0.052128884020 cfg1 2 1 0 0 na na
10 65784.678350331032 0.052129734819 cfg1 2 1 0 0 na na
10 65784.738350391345 0.052130292570 cfg1 2 1 0 0 na na
10 65784.787350288179 0.052130771483 cfg1 2 1 0 0 na na
10 65784.823350370084 0.052131103216 cfg1 2 1 0 0 na na
10 65785.023350374239 0.052133019389 cfg1 2 1 0 0 na na
10 65785.134350273515 0.052134088167 cfg1 2 1 0 0 na na
10 65785.345350274449 0.052136100166 cfg1 2 1 0 0 na na
10 65785.435350306683 0.052136950147 cfg1 2 1 0 0 na na
10 65785.456350296605 0.052137167440 cfg1 2 1 0 0 na na
10 65785.485350304307 0.052137427789 cfg1 2 1 0 0 na na
10 65785.495350315728 0.052137545623 cfg1 2 1 0 0 na na
10 65785.543350295941 0.052137998182 cfg1 2 1 0 0 na na
10 65785.774350296894 0.052140212371 cfg1 2 1 0 0 na na
10 65785.837350287368 0.052140813916 cfg1 2 1 0 0 na na
10 65785.982350307877 0.052142180501 cfg1 2 1 0 0 na na
10 65786.187350315309 0.052144162862 cfg1 2 1 0 0 na na
10 65786.197350356213 0.052144251126 cfg1 2 1 0 0 na na
10 65786.210350296301 0.052144374979 cfg1 2 1 0 0 na na
10 65786.508350266891 0.052147231113 cfg1 2 1 0 0 na na
10 65786.524350307504 0.052147375434 cfg1 2 1 0 0 na na
10 65786.570350252345 0.052147824432 cfg1 2 1 0 0 na na
10 65786.678350311717 0.052148864758 cfg1 2 1 0 0 na na
10 65786.703350291328 0.052149084588 cfg1 2 1 0 0 na na
10 65786.746350306644 0.052149519166 cfg1 2 1 0 0 na na
10 65786.759350242672 0.052149649320 cfg1 2 1 0 0 na na
10 65786.780350284075 0.052149837213 cfg1 2 1 0 0 na na
10 65786.925350329318 0.052151236370 cfg1 2 1 0 0 na na
10 65787.000350298672 0.052151931564 cfg1 2 1 0 0 na na
10 65787.088350265629 0.052152776276 cfg1 2 1 0 0 na na
10 65787.299350297566 0.052154816158 cfg1 2 1 0 0 na na
10 65787.548350350047 0.052157191481 cfg1 2 1 0 0 na na
10 65787.836350313833 0.052159962857 cfg1 2 1 0 0 na na
10 65787.917350326201 0.052160739605 cfg1 2 1 0 0 na na
10 65788.099350357200 0.052162491113 cfg1 2 1 0 0 na na
10 65788.175350323515 0.052163218650 cfg1 2 1 0 0 na na
10 65788.195350328727 0.052163396203 cfg1 2 1 0 0 na na
10 65788.258350352584 0.052163993640 cfg1 2 1 0 0 na na
10 65788.275350330190 0.052164178831 cfg1 2 1 0 0 na na
10 65788.558350336120 0.052166901105 cfg1 2 1 0 0 na na
10 65788.665350327715 0.052167914041 cfg1 2 1 0 0 na na
10 65788.689350249875 0.052168147001 cfg1 2 1 0 0 na na
10 65788.695350319112 0.052168195779 cfg1 2 1 0 0 na na
10 65788.766350290313 0.052168878836 cfg1 2 1 0 0 na na
10 65788.781350285074 0.052169026583 cfg1 2 1 0 0 na na
10 65788.857350355006 0.052169748169 cfg1 2 1 0 0 na na
10 65788.889350364628 0.052170056211 cfg1 2 1 0 0 na na
10 65788.897350310772 0.052170126060 cfg1 2 1 0 0 na na
10 65788.961350334793 0.052170749132 cfg1 2 1 0 0 na na
10 65789.190350305422 0.052172950648 cfg1 2 1 0 0 na na
10 65789.659350325372 0.052177465103 cfg1 2 1 0 0 na na
10 65790.068350285444 0.052181392025 cfg1 2 1 0 0 na na
10 65790.088350286700 0.052181574145 cfg1 2 1 0 0 na na
10 65790.206350299174 0.052182710729 cfg1 2 1 0 0 na na
10 65790.312350299354 0.052183726600 cfg1 2 1 0 0 na na
10 65790.403350281016 0.052184608830 cfg1 2 1 0 0 na na
10 65790.475350247414 0.052185314658 cfg1 2 1 0 0 na na
10 65790.507350293796 0.052185596217 cfg1 2 1 0 0 na na
10 65790.835350359853 0.052188772067 cfg1 2 1 0 0 na na
10 65790.857350289340 0.052188989455 cfg1 2 1 0 0 na na
10 65790.876350315842 0.052189146223 cfg1 2 1 0 0 na na
10 65791.068350361338 0.052190994166 cfg1 2 1 0 0 na na
10 65791.097350337951 0.052191294614 cfg1 2 1 0 0 na na
10 65791.104350366596 0.052191341950 cfg1 2 1 0 0 na na
10 65791.179350339523 0.052192089021 cfg1 2 1 0 0 na na
10 65791.318350335126 0.052193426743 cfg1 2 1 0 0 na na
10 65791.378350277892 0.052193979829 cfg1 2 1 0 0 na na
10 65791.435350365828 0.052194552564 cfg1 2 1 0 0 na na
10 65791.482350324980 0.052195003833 cfg1 2 1 0 0 na na
10 65791.579350320371 0.052195917383 cfg1 2 1 0 0 na na
10 65791.595350324962 0.052196083719 cfg1 2 1 0 0 na na
10 65791.721350298315 0.052197295450 cfg1 2 1 0 0 na na
10 65791.741350335471 0.052197492408 cfg1 2 1 0 0 na na
10 65791.853350292548 0.052198551850 cfg1 2 1 0 0 na na
10 65791.951350255977 0.052199506268 cfg1 2 1 0 0 na na
10 65791.992350370107 0.052199905589 cfg1 2 1 0 0 na na
10 65792.003350299577 0.052200015450 cfg1 2 1 0 0 na na
10 65792.040350333960 0.052200352053 cfg1 2 1 0 0 na na
10 65792.054350312286 0.052200502918 cfg1 2 1 0 0 na na
10 65792.071350308192 0.052200665212 cfg1 2 1 0 0 na na
10 65792.278350247960 0.052202673007 cfg1 2 1 0 0 na na
10 65792.333350311859 0.052203188337 cfg1 2 1 0 0 na na
10 65792.334350305105 0.052203189152 cfg1 2 1 0 0 na na
10 65792.574350375577 0.052205504978 cfg1 2 1 0 0 na na
10 65792.656350323783 0.052206291043 cfg1 2 1 0 0 na na
10 65792.707350256455 0.052206790363 cfg1 2 1 0 0 na na
10 65792.735350374985 0.052207053080 cfg1 2 1 0 0 na na
10 65792.999350369132 0.052209594806 cfg1 2 1 0 0 na na
10 65793.293350328562 0.052212441230 cfg1 2 1 0 0 na na
10 65793.333350285168 0.052212825894 cfg1 2 1 0 0 na na
10 65793.387350358482 0.052213340133 cfg1 2 1 0 0 na na
10 65793.646350344432 0.052215837764 cfg1 2 1 0 0 na na
10 65793.680350331166 0.052216187967 cfg1 2 1 0 0 na na
10 65793.814350340021 0.052217483150 cfg1 2 1 0 0 na na
10 65794.006350338752 0.052219318629 cfg1 2 1 0 0 na na
10 65794.234350317836 0.052221530494 cfg1 2 1 0 0 na na
10 65794.319350301697 0.052222338295 cfg1 2 1 0 0 na na
10 65794.961350261843 0.052228535184 cfg1 2 1 0 0 na na
10 65794.972350358941 0.052228648626 cfg1 2 1 0 0 na na
10 65795.325350363780 0.052232048811 cfg1 2 1 0 0 na na
10 65795.390350322468 0.052232685130 cfg1 2 1 0 0 na na
10 65795.601350328829 0.052234734081 cfg1 2 1 0 0 na na
10 65795.749350261998 0.052236149786 cfg1 2 1 0 0 na na
10 65795.880350345873 0.052237417949 cfg1 2 1 0 0 na na
10 65796.106350325607 0.052239606512 cfg1 2 1 0 0 na na
10 65796.143350323285 0.052239956398 cfg1 2 1 0 0 na na
10 65796.392350296953 0.052242391196 cfg1 2 1 0 0 na na
10 65796.503350337554 0.052243440858 cfg1 2 1 0 0 na na
10 65796.517350294459 0.052243583867 cfg1 2 1 0 0 na na
10 65796.558350352602 0.052243971381 cfg1 2 1 0 0 na na
10 65796.640350350567 0.052244770987 cfg1 2 1 0 0 na na
10 65796.706350296069 0.052245414405 cfg1 2 1 0 0 na na
10 65796.731350339949 0.052245655041 cfg1 2 1 0 0 na na
10 65796.737350353601 0.052245723714 cfg1 2 1 0 0 na na
10 65796.827350342897 0.052246589685 cfg1 2 1 0 0 na na
10 65796.840350355150 0.052246700528 cfg1 2 1 0 0 na na
10 65797.063350326402 0.052248882599 cfg1 2 1 0 0 na na
10 65797.304350344301 0.052251215500 cfg1 2 1 0 0 na na
10 65797.306350325017 0.052251241065 cfg1 2 1 0 0 na na
10 65797.312350263241 0.052251288178 cfg1 2 1 0 0 na na
10 65797.322350350845 0.052251394342 cfg1 2 1 0 0 na na
10 65797.341350322819 0.052251568940 cfg1 2 1 0 0 na na
10 65797.352350348179 0.052251669061 cfg1 2 1 0 0 na na
10 65797.562350339621 0.052253715107 cfg1 2 1 0 0 na na
10 65797.780350339975 0.052255831119 cfg1 2 1 0 0 na na
10 65797.823350348453 0.052256240825 cfg1 2 1 0 0 na na
10 65798.001350307173 0.052257955681 cfg1 2 1 0 0 na na
10 65798.013350268974 0.052258062975 cfg1 2 1 0 0 na na
10 65798.045350313654 0.052258388105 cfg1 2 1 0 0 na na
10 65798.088350258350 0.052258806838 cfg1 2 1 0 0 na na
10 65798.099350329803 0.052258917840 cfg1 2 1 0 0 na na
10 65798.335350339109 0.052261196136 cfg1 2 1 0 0 na na
10 65798.645350335828 0.052264189597 cfg1 2 1 0 0 na na
10 65798.677350312441 0.052264518962 cfg1 2 1 0 0 na na
10 65798.767350340260 0.052265377266 cfg1 2 1 0 0 na na
10 65798.784350267517 0.052265539445 cfg1 2 1 0 0 na na
10 65798.875350358987 0.052266448054 cfg1 2 1 0 0 na na
10 65799.129350283973 0.052268898390 cfg1 2 1 0 0 na na
10 65799.204350265668 0.052269611123 cfg1 2 1 0 0 na na
10 65799.216350297118 0.052269744097 cfg1 2 1 0 0 na na
10 65799.238350298798 0.052269951448 cfg1 2 1 0 0 na na
10 65799.398350280346 0.052271516172 cfg1 2 1 0 0 na na
10 65799.408350328812 0.052271590456 cfg1 2 1 0 0 na na
10 65799.447350288427 0.052271992539 cfg1 2 1 0 0 na na
10 65799.658350363319 0.052274024389 cfg1 2 1 0 0 na na
10 65799.680350297695 0.052274254328 cfg1 2 1 0 0 na na
10 65799.702350312097 0.052274454321 cfg1 2 1 0 0 na na
10 65799.764350317142 0.052275057251 cfg1 2 1 0 0 na na
10 65799.953350377802 0.052276909073 cfg1 2 1 0 0 na na
10 65800.041350252608 0.052277749713 cfg1 2 1 0 0 na na
10 65800.350350351686 0.052280736326 cfg1 2 1 0 0 na na
10 65800.548350291522 0.052282676698 cfg1 2 1 0 0 na na
10 65800.560350332943 0.052282785538 cfg1 2 1 0 0 na na
10 65800.682350288511 0.052283977588 cfg1 2 1 0 0 na na
10 65800.736350324819 0.052284503102 cfg1 2 1 0 0 na na
10 65800.749350370795 0.052284629829 cfg1 2 1 0 0 na na
10 65800.858350320943 0.052285692091 cfg1 2 1 0 0 na na
10 65800.868350269515 0.052285779466 cfg1 2 1 0 0 na na
10 65800.904350357802 0.052286147463 cfg1 2 1 0 0 na na
10 65800.916350293224 0.052286255685 cfg1 2 1 0 0 na na
10 65801.095350331099 0.052287991178 cfg1 2 1 0 0 na na
10 65801.320350300623 0.052290180426 cfg1 2 1 0 0 na na
10 65801.335350341093 0.052290327323 cfg1 2 1 0 0 na na
10 65801.574350354749 0.052292637248 cfg1 2 1 0 0 na na
10 65801.607350376941 0.052292967113 cfg1 2 1 0 0 na na
10 65801.636350260952 0.052293245891 cfg1 2 1 0 0 na na
10 65801.671350343121 0.052293605407 cfg1 2 1 0 0 na na
10 65801.821350298244 0.052295064854 cfg1 2 1 0 0 na na
10 65801.908350340109 0.052295905070 cfg1 2 1 0 0 na na
10 65801.965350296995 0.052296451246 cfg1 2 1 0 0 na na
10 65802.008350324211 0.052296863646 cfg1 2 1 0 0 na na
10 65802.035350314104 0.052297135246 cfg1 2 1 0 0 na na
10 65802.243350373837 0.052299165045 cfg1 2 1 0 0 na na
10 65802.283350302637 0.052299543378 cfg1 2 1 0 0 na na
10 65802.293350320515 0.052299648886 cfg1 2 1 0 0 na na
10 65802.296350291497 0.052299666522 cfg1 2 1 0 0 na na
10 65802.381350383111 0.052300513591 cfg1 2 1 0 0 na na
10 65802.389350285213 0.052300568106 cfg1 2 1 0 0 na na
10 65802.460350307906 0.052301270721 cfg1 2 1 0 0 na na
10 65802.510350267787 0.052301757768 cfg1 2 1 0 0 na na
10 65802.729350320549 0.052303890007 cfg1 2 1 0 0 na na
10 65802.814350279912 0.052304720227 cfg1 2 1 0 0 na na
10 65802.955350360796 0.052306089120 cfg1 2 1 0 0 na na
10 65803.181350294176 0.052308281963 cfg1 2 1 0 0 na na
10 65803.194350301679 0.052308425730 cfg1 2 1 0 0 na na
10 65803.251350350659 0.052308976559 cfg1 2 1 0 0 na na
10 65803.258350267470 0.052309029418 cfg1 2 1 0 0 na na
10 65803.330350260113 0.052309754324 cfg1 2 1 0 0 na na
10 65803.425350317128 0.052310657853 cfg1 2 1 0 0 na na
10 65803.492350332332 0.052311324911 cfg1 2 1 0 0 na na
10 65803.554350331121 0.052311911093 cfg1 2 1 0 0 na na
10 65803.611350320348 0.052312472592 cfg1 2 1 0 0 na na
10 65803.624350304885 0.052312610832 cfg1 2 1 0 0 na na
10 65803.713350292482 0.052313473236 cfg1 2 1 0 0 na na
10 65803.801350305752 0.052314326680 cfg1 2 1 0 0 na na
10 65803.821350373095 0.052314539540 cfg1 2 1 0 0 na na
10 65803.908350373333 0.052315382202 cfg1 2 1 0 0 na na
10 65803.955350266617 0.052315825303 cfg1 2 1 0 0 na na
10 65804.073350306622 0.052316994545 cfg1 2 1 0 0 na na
10 65804.090350290307 0.052317161548 cfg1 2 1 0 0 na na
10 65804.131350350038 0.052317541165 cfg1 2 1 0 0 na na
10 65804.143350367890 0.052317670342 cfg1 2 1 0 0 na na
10 65804.224350298399 0.052318457180 cfg1 2 1 0 0 na na
10 65804.327350385768 0.052319465753 cfg1 2 1 0 0 na na
10 65804.352350312544 0.052319713673 cfg1 2 1 0 0 na na
10 65804.374350294081 0.052319913296 cfg1 2 1 0 0 na na
10 65804.390350252082 0.052320079959 cfg1 2 1 0 0 na na
10 65804.401350345835 0.052320186825 cfg1 2 1 0 0 na na
10 65804.555350284549 0.052321671648 cfg1 2 1 0 0 na na
10 65804.770350296920 0.052323795918 cfg1 2 1 0 0 na na
10 65804.852350290520 0.052324597587 cfg1 2 1 0 0 na na
10 65804.896350248981 0.052325018104 cfg1 2 1 0 0 na na
10 65804.909350264532 0.052325127511 cfg1 2 1 0 0 na na
10 65804.949350363782 0.052325538996 cfg1 2 1 0 0 na na
10 65804.992350365262 0.052325937422 cfg1 2 1 0 0 na na
10 65805.067350331549 0.052326681762 cfg1 2 1 0 0 na na
10 65805.242350341086 0.052328392479 cfg1 2 1 0 0 na na
10 65805.284350374784 0.052328803112 cfg1 2 1 0 0 na na
10 65805.433350310675 0.052330252549 cfg1 2 1 0 0 na na
10 65805.668350328557 0.052332537366 cfg1 2 1 0 0 na na
10 65805.758350361948 0.052333426006 cfg1 2 1 0 0 na na
10 65805.797350348100 0.052333816053 cfg1 2 1 0 0 na na
10 65805.863350330646 0.052334444357 cfg1 2 1 0 0 na na
10 65805.874350303040 0.052334569519 cfg1 2 1 0 0 na na
10 65806.200350285438 0.052337739887 cfg1 2 1 0 0 na na
10 65806.270350260897 0.052338425861 cfg1 2 1 0 0 na na
10 65806.297350348353 0.052338706626 cfg1 2 1 0 0 na na
10 65806.324350305181 0.052338968504 cfg1 2 1 0 0 na na
10 65806.343350288123 0.052339155955 cfg1 2 1 0 0 na na
10 65806.390350300053 0.052339616124 cfg1 2 1 0 0 na na
10 65806.471350357132 0.052340399673 cfg1 2 1 0 0 na na
10 65806.473350337562 0.052340400980 cfg1 2 1 0 0 na na
10 65806.480350346398 0.052340481402 cfg1 2 1 0 0 na na
10 65806.486350347058 0.052340528666 cfg1 2 1 0 0 na na
10 65806.511350296554 0.052340791377 cfg1 2 1 0 0 na na
10 65806.516350305325 0.052340824319 cfg1 2 1 0 0 na na
10 65806.690350301249 0.052342536523 cfg1 2 1 0 0 na na
10 65806.699350321981 0.052342610835 cfg1 2 1 0 0 na na
10 65806.837350329604 0.052343968590 cfg1 2 1 0 0 na na
10 65806.865350258200 0.052344248755 cfg1 2 1 0 0 na na
10 65806.879350269826 0.052344372057 cfg1 2 1 0 0 na na
10 65806.884350307711 0.052344427482 cfg1 2 1 0 0 na na
10 65806.898350323202 0.052344579509 cfg1 2 1 0 0 na na
10 65806.981350359693 0.052345383215 cfg1 2 1 0 0 na na
10 65807.044350309578 0.052346011859 cfg1 2 1 0 0 na na
10 65807.066350365002 0.052346215705 cfg1 2 1 0 0 na na
10 65807.070350283469 0.052346266910 cfg1 2 1 0 0 na na
10 65807.075350312338 0.052346306661 cfg1 2 1 0 0 na na
10 65807.084350328554 0.052346389700 cfg1 2 1 0 0 na na
10 65807.131350355949 0.052346858171 cfg1 2 1 0 0 na na
10 65807.260350332222 0.052348113537 cfg1 2 1 0 0 na na
10 65807.290350327223 0.052348408154 cfg1 2 1 0 0 na na
10 65807.299350342436 0.052348497081 cfg1 2 1 0 0 na na
10 65807.433350303477 0.052349790496 cfg1 2 1 0 0 na na
10 65807.444350320021 0.052349903791 cfg1 2 1 0 0 na na
10 65807.569350328500 0.052351141510 cfg1 2 1 0 0 na na
10 65807.702350335292 0.052352441582 cfg1 2 1 0 0 na na
10 65808.315350332999 0.052358446716 cfg1 2 1 0 0 na na
10 65808.353350312334 0.052358815255 cfg1 2 1 0 0 na na
10 65808.369350290782 0.052358974152 cfg1 2 1 0 0 na na
10 65808.378350339983 0.052359040674 cfg1 2 1 0 0 na na
10 65808.451350324377 0.052359777330 cfg1 2 1 0 0 na na
10 65808.568350332616 0.052360918110 cfg1 2 1 0 0 na na
10 65808.708350333359 0.052362273268 cfg1 2 1 0 0 na na
10 65808.715350322022 0.052362366990 cfg1 2 1 0 0 na na
10 65808.782350310191 0.052363002753 cfg1 2 1 0 0 na na
10 65808.789350308153 0.052363071743 cfg1 2 1 0 0 na na
10 65808.832350333429 0.052363497495 cfg1 2 1 0 0 na na
10 65808.859350303929 0.052363771984 cfg1 2 1 0 0 na na
10 65809.082350361890 0.052365939254 cfg1 2 1 0 0 na na
10 65809.153350320748 0.052366643618 cfg1 2 1 0 0 na na
10 65809.175350327557 0.052366858431 cfg1 2 1 0 0 na na
10 65809.238350348848 0.052367489328 cfg1 2 1 0 0 na na
10 65809.258350314176 0.052367668751 cfg1 2 1 0 0 na na
10 65809.262350341574 0.052367706322 cfg1 2 1 0 0 na na
10 65809.293350340175 0.052368003970 cfg1 2 1 0 0 na na
10 65809.345350293886 0.052368539488 cfg1 2 1 0 0 na na
10 65809.365350331500 0.052368721543 cfg1 2 1 0 0 na na
10 65809.409350277042 0.052369164890 cfg1 2 1 0 0 na na
10 65809.434350287571 0.052369393137 cfg1 2 1 0 0 na na
10 65809.647350349697 0.052371493675 cfg1 2 1 0 0 na na
10 65809.656350347315 0.052371590675 cfg1 2 1 0 0 na na
10 65809.718350320258 0.052372188008 cfg1 2 1 0 0 na na
10 65809.756350262468 0.052372550368 cfg1 2 1 0 0 na na
10 65809.777350317827 0.052372759987 cfg1 2 1 0 0 na na
10 65810.113350323590 0.052376059062 cfg1 2 1 0 0 na na
10 65810.187350349406 0.052376797803 cfg1 2 1 0 0 na na
10 65810.546350304775 0.052380318237 cfg1 2 1 0 0 na na
10 65810.567350357754 0.052380519691 cfg1 2 1 0 0 na na
10 65810.662350284645 0.052381434230 cfg1 2 1 0 0 na na
10 65810.802350291341 0.052382835068 cfg1 2 1 0 0 na na
10 65810.823350362717 0.052383022191 cfg1 2 1 0 0 na na
10 65810.848350311218 0.052383263853 cfg1 2 1 0 0 na na
10 65811.020350329192 0.052384973570 cfg1 2 1 0 0 na na
10 65811.207350357868 0.052386801651 cfg1 2 1 0 0 na na
10 65811.353350385005 0.052388217646 cfg1 2 1 0 0 na na
10 65811.458350287336 0.052389262871 cfg1 2 1 0 0 na na
10 65811.609350262059 0.052390734808 cfg1 2 1 0 0 na na
10 65811.787350328402 0.052392488706 cfg1 2 1 0 0 na na
10 65811.802350379952 0.052392633546 cfg1 2 1 0 0 na na
10 65812.268350319240 0.052397213347 cfg1 2 1 0 0 na na
10 65812.275350314132 0.052397291897 cfg1 2 1 0 0 na na
10 65812.472350264353 0.052399217566 cfg1 2 1 0 0 na na
10 65812.638350357804 0.052400854092 cfg1 2 1 0 0 na na
10 65812.660350302591 0.052401077295 cfg1 2 1 0 0 na na
10 65812.697350316864 0.052401444511 cfg1 2 1 0 0 na na
10 65812.718350352550 0.052401632895 cfg1 2 1 0 0 na na
10 65812.743350333404 0.052401899549 cfg1 2 1 0 0 na na
10 65812.760350324039 0.052402049229 cfg1 2 1 0 0 na na
10 65812.768350386033 0.052402124145 cfg1 2 1 0 0 na na
10 65812.894350340699 0.052403367290 cfg1 2 1 0 0 na na
10 65812.907350354030 0.052403520664 cfg1 2 1 0 0 na na
10 65812.997350347693 0.052404395176 cfg1 2 1 0 0 na na
10 65813.124350314943 0.052405638307 cfg1 2 1 0 0 na na
10 65813.360350334274 0.052407968794 cfg1 2 1 0 0 na na
10 65813.372350371327 0.052408078962 cfg1 2 1 0 0 na na
10 65813.572350332034 0.052410052578 cfg1 2 1 0 0 na na
10 65813.580350335396 0.052410134144 cfg1 2 1 0 0 na na
10 65813.610350344779 0.052410412164 cfg1 2 1 0 0 na na
10 65813.727350292962 0.052411575208 cfg1 2 1 0 0 na na
10 65813.753350339318 0.052411826796 cfg1 2 1 0 0 na na
10 65813.820350368748 0.052412492245 cfg1 2 1 0 0 na na
10 65813.845350282148 0.052412724365 cfg1 2 1 0 0 na na
10 65813.885350310985 0.052413124905 cfg1 2 1 0 0 na na
10 65813.915350341666 0.052413413588 cfg1 2 1 0 0 na na
10 65813.960350280368 0.052413873017 cfg1 2 1 0 0 na na
10 65813.968350262011 0.052413961239 cfg1 2 1 0 0 na na
10 65814.070350324704 0.052414944939 cfg1 2 1 0 0 na na
10 65814.121350311905 0.052415449920 cfg1 2 1 0 0 na na
10 65814.128350325462 0.052415517204 cfg1 2 1 0 0 na na
10 65814.152350300046 0.052415748906 cfg1 2 1 0 0 na na
10 65814.195350350608 0.052416186822 cfg1 2 1 0 0 na na
10 65814.266350343573 0.052416885758 cfg1 2 1 0 0 na na
10 65814.406350278602 0.052418268310 cfg1 2 1 0 0 na na
10 65814.536350296404 0.052419555931 cfg1 2 1 0 0 na na
10 65814.594350267336 0.052420104718 cfg1 2 1 0 0 na na
10 65814.700350262672 0.052421160574 cfg1 2 1 0 0 na na
10 65814.789350274153 0.052422022910 cfg1 2 1 0 0 na na
10 65814.820350325933 0.052422334252 cfg1 2 1 0 0 na na
10 65814.914350326194 0.052423271287 cfg1 2 1 0 0 na na
10 65815.027350323281 0.052424375661 cfg1 2 1 0 0 na na
10 65815.194350321853 0.052426016172 cfg1 2 1 0 0 na na
10 65815.204350388380 0.052426137998 cfg1 2 1 0 0 na na
10 65815.248350298283 0.052426554089 cfg1 2 1 0 0 na na
10 65815.262350336752 0.052426704667 cfg1 2 1 0 0 na na
10 65815.341350354131 0.052427487587 cfg1 2 1 0 0 na na
10 65815.355350326452 0.052427631723 cfg1 2 1 0 0 na na
10 65815.366350268478 0.052427713427 cfg1 2 1 0 0 na na
10 65815.491350376017 0.052428945744 cfg1 2 1 0 0 na na
10 65815.801350324599 0.052432012900 cfg1 2 1 0 0 na na
10 65815.812350277169 0.052432124334 cfg1 2 1 0 0 na na
10 65816.057350393065 0.052434548610 cfg1 2 1 0 0 na na
10 65816.097350357816 0.052434934268 cfg1 2 1 0 0 na na
10 65816.128350301848 0.052435246578 cfg1 2 1 0 0 na na
10 65816.168350268519 0.052435623354 cfg1 2 1 0 0 na na
10 65816.396350362934 0.052437890924 cfg1 2 1 0 0 na na
10 65816.398350299693 0.052437898496 cfg1 2 1 0 0 na na
10 65816.402350369462 0.052437957276 cfg1 2 1 0 0 na na
10 65816.534350376007 0.052439244581 cfg1 2 1 0 0 na na
10 65816.665350316704 0.052440545923 cfg1 2 1 0 0 na na
10 65816.735350299083 0.052441226912 cfg1 2 1 0 0 na na
10 65816.744350294368 0.052441323093 cfg1 2 1 0 0 na na
10 65816.853350314545 0.052442409944 cfg1 2 1 0 0 na na
10 65816.893350342848 0.052442795213 cfg1 2 1 0 0 na na
10 65816.992350336843 0.052443758403 cfg1 2 1 0 0 na na
10 65817.039350294265 0.052444251357 cfg1 2 1 0 0 na na
10 65817.328350334394 0.052447080576 cfg1 2 1 0 0 na na
10 65817.421350375334 0.052448015434 cfg1 2 1 0 0 na na
10 65817.550350289333 0.052449277850 cfg1 2 1 0 0 na na
10 65817.577350288419 0.052449548106 cfg1 2 1 0 0 na na
10 65817.602350323840 0.052449786130 cfg1 2 1 0 0 na na
10 65817.700350325011 0.052450759070 cfg1 2 1 0 0 na na
10 65817.920350347270 0.052452951839 cfg1 2 1 0 0 na na
10 65817.967350282940 0.052453409539 cfg1 2 1 0 0 na na
10 65818.112350282073 0.052454840618 cfg1 2 1 0 0 na na
10 65818.231350391015 0.052456019188 cfg1 2 1 0 0 na na
10 65818.465350381010 0.052458321329 cfg1 2 1 0 0 na na
10 65818.467350411942 0.052458351247 cfg1 2 1 0 0 na na
10 65818.513350350953 0.052458817867 cfg1 2 1 0 0 na na
10 65818.759350313905 0.052461236973 cfg1 2 1 0 0 na na
10 65818.887350314828 0.052462497598 cfg1 2 1 0 0 na na
10 65818.900350387806 0.052462631883 cfg1 2 1 0 0 na na
10 65818.901350348258 0.052462652429 cfg1 2 1 0 0 na na
10 65818.955350320293 0.052463171823 cfg1 2 1 0 0 na na
10 65819.095350314381 0.052464567760 cfg1 2 1 0 0 na na
10 65819.235350342162 0.052465938945 cfg1 2 1 0 0 na na
10 65819.284350261378 0.052466450619 cfg1 2 1 0 0 na na
10 65819.378350310870 0.052467365423 cfg1 2 1 0 0 na na
10 65819.386350346418 0.052467453026 cfg1 2 1 0 0 na na
10 65819.410350329528 0.052467671674 cfg1 2 1 0 0 na na
10 65819.461350369492 0.052468184073 cfg1 2 1 0 0 na na
10 65819.494350356178 0.052468511087 cfg1 2 1 0 0 na na
10 65819.575350241706 0.052469330306 cfg1 2 1 0 0 na na
10 65819.602350329677 0.052469598542 cfg1 2 1 0 0 na na
10 65819.664350318678 0.052470190625 cfg1 2 1 0 0 na na
10 65819.668350361438 0.052470246761 cfg1 2 1 0 0 na na
10 65819.670350325195 0.052470253713 cfg1 2 1 0 0 na na
10 65819.701350262924 0.052470553902 cfg1 2 1 0 0 na na
10 65819.855350302398 0.052472097610 cfg1 2 1 0 0 na na
10 65819.893350328869 0.052472478026 cfg1 2 1 0 0 na na
10 65819.899350264142 0.052472517762 cfg1 2 1 0 0 na na
10 65820.080350266320 0.052474327032 cfg1 2 1 0 0 na na
10 65820.251350322713 0.052476014725 cfg1 2 1 0 0 na na
10 65820.460350301661 0.052478075548 cfg1 2 1 0 0 na na
10 65820.511350324682 0.052478592667 cfg1 2 1 0 0 na na
10 65820.638350283493 0.052479834090 cfg1 2 1 0 0 na na
10 65820.930350281317 0.052482730602 cfg1 2 1 0 0 na na
10 65820.940350334859 0.052482852259 cfg1 2 1 0 0 na na
10 65820.962350330620 0.052483073568 cfg1 2 1 0 0 na na
10 65821.197350257616 0.052485389381 cfg1 2 1 0 0 na na
10 65821.217350340708 0.052485595700 cfg1 2 1 0 0 na na
10 65821.355350365464 0.052486955258 cfg1 2 1 0 0 na na
10 65821.687350292331 0.052490254592 cfg1 2 1 0 0 na na
10 65821.722350266364 0.052490590284 cfg1 2 1 0 0 na na
10 65821.727350251045 0.052490655946 cfg1 2 1 0 0 na na
10 65821.758350359443 0.052490960866 cfg1 2 1 0 0 na na
10 65821.779350302956 0.052491153398 cfg1 2 1 0 0 na na
10 65821.795350318133 0.052491326060 cfg1 2 1 0 0 na na
10 65821.843350368669 0.052491789344 cfg1 2 1 0 0 na na
10 65821.896350312923 0.052492336488 cfg1 2 1 0 0 na na
10 65821.903350385973 0.052492400088 cfg1 2 1 0 0 na na
10 65821.912350319474 0.052492496497 cfg1 2 1 0 0 na na
10 65821.936350303675 0.052492711444 cfg1 2 1 0 0 na na
10 65821.951350330785 0.052492879738 cfg1 2 1 0 0 na na
10 65821.954350299676 0.052492889332 cfg1 2 1 0 0 na na
10 65822.262350353180 0.052495961065 cfg1 2 1 0 0 na na
10 65822.465350341016 0.052497973739 cfg1 2 1 0 0 na na
10 65822.532350358028 0.052498626662 cfg1 2 1 0 0 na na
10 65822.629350301750 0.052499594876 cfg1 2 1 0 0 na na
10 65822.821350341593 0.052501508129 cfg1 2 1 0 0 na na
10 65822.854350328361 0.052501849367 cfg1 2 1 0 0 na na
10 65822.991350357308 0.052503185546 cfg1 2 1 0 0 na na
10 65823.064350337838 0.052503915663 cfg1 2 1 0 0 na na
10 65823.136350302480 0.052504646001 cfg1 2 1 0 0 na na
10 65823.174350311431 0.052505023361 cfg1 2 1 0 0 na na
10 65823.243350313793 0.052505695067 cfg1 2 1 0 0 na na
10 65823.253350345189 0.052505802724 cfg1 2 1 0 0 na na
10 65823.263350307089 0.052505903011 cfg1 2 1 0 0 na na
10 65823.412350308684 0.052507384883 cfg1 2 1 0 0 na na
10 65823.503350322161 0.052508299297 cfg1 2 1 0 0 na na
10 65823.649350372977 0.052509743426 cfg1 2 1 0 0 na na
10 65823.707350339631 0.052510317484 cfg1 2 1 0 0 na na
10 65823.788350292729 0.052511117753 cfg1 2 1 0 0 na na
10 65823.863350277034 0.052511871729 cfg1 2 1 0 0 na na
10 65823.951350310683 0.052512731290 cfg1 2 1 0 0 na na
10 65823.981350261097 0.052513035881 cfg1 2 1 0 0 na na
10 65824.003350297356 0.052513252348 cfg1 2 1 0 0 na na
10 65824.049350328048 0.052513708749 cfg1 2 1 0 0 na na
10 65824.112350361200 0.052514329831 cfg1 2 1 0 0 na na
10 65824.268350333127 0.052515882567 cfg1 2 1 0 0 na na
10 65824.361350338451 0.052516812701 cfg1 2 1 0 0 na na
10 65824.537350340499 0.052518564605 cfg1 2 1 0 0 na na
10 65824.659350344478 0.052519784658 cfg1 2 1 0 0 na na
10 65824.737350344908 0.052520562310 cfg1 2 1 0 0 na na
10 65824.766350344375 0.052520849516 cfg1 2 1 0 0 na na
10 65824.812350311189 0.052521312783 cfg1 2 1 0 0 na na
10 65824.921350325025 0.052522380172 cfg1 2 1 0 0 na na
10 65824.930350285231 0.052522468756 cfg1 2 1 0 0 na na
10 65825.153350316179 0.052524700557 cfg1 2 1 0 0 na na
10 65825.261350275069 0.052525778672 cfg1 2 1 0 0 na na
10 65825.365350288424 0.052526817468 cfg1 2 1 0 0 na na
10 65825.445350333820 0.052527614152 cfg1 2 1 0 0 na na
10 65825.631350341167 0.052529472040 cfg1 2 1 0 0 na na
10 65825.745350310087 0.052530601151 cfg1 2 1 0 0 na na
10 65825.868350347234 0.052531830686 cfg1 2 1 0 0 na na
10 65825.944350382769 0.052532570948 cfg1 2 1 0 0 na na
10 65826.041350247888 0.052533554287 cfg1 2 1 0 0 na na
10 65826.083350344218 0.052533954388 cfg1 2 1 0 0 na na
10 65826.149350310208 0.052534628661 cfg1 2 1 0 0 na na
10 65826.155350318820 0.052534697216 cfg1 2 1 0 0 na na
10 65826.183350323910 0.052534975068 cfg1 2 1 0 0 na na
10 65826.224350281705 0.052535376190 cfg1 2 1 0 0 na na
10 65826.234350344279 0.052535480586 cfg1 2 1 0 0 na na
10 65826.237350286058 0.052535485552 cfg1 2 1 0 0 na na
10 65826.346350322335 0.052536580000 cfg1 2 1 0 0 na na
10 65826.506350366024 0.052538181878 cfg1 2 1 0 0 na na
10 65826.713350327976 0.052540254216 cfg1 2 1 0 0 na na
10 65826.763350319140 0.052540729098 cfg1 2 1 0 0 na na
10 65826.772350339930 0.052540846850 cfg1 2 1 0 0 na na
10 65827.042350342053 0.052543516654 cfg1 2 1 0 0 na na
10 65827.086350301293 0.052543954173 cfg1 2 1 0 0 na na
10 65827.112350278132 0.052544227341 cfg1 2 1 0 0 na na
10 65827.224350365910 0.052545334970 cfg1 2 1 0 0 na na
10 65827.277350295164 0.052545860354 cfg1 2 1 0 0 na na
10 65827.326350304423 0.052546363079 cfg1 2 1 0 0 na na
10 65827.410350247575 0.052547204314 cfg1 2 1 0 0 na na
10 65827.418350322099 0.052547279866 cfg1 2 1 0 0 na na
10 65827.461350313141 0.052547706953 cfg1 2 1 0 0 na na
10 65827.510350277408 0.052548180455 cfg1 2 1 0 0 na na
10 65827.597350348443 0.052549075570 cfg1 2 1 0 0 na na
10 65827.598350302890 0.052549082501 cfg1 2 1 0 0 na na
10 65827.607350313278 0.052549177060 cfg1 2 1 0 0 na na
10 65827.620350359161 0.052549278135 cfg1 2 1 0 0 na na
10 65827.676350257168 0.052549850942 cfg1 2 1 0 0 na na
10 65827.811350281347 0.052551190003 cfg1 2 1 0 0 na na
10 65827.850350338238 0.052551593524 cfg1 2 1 0 0 na na
10 65827.862350290886 0.052551704075 cfg1 2 1 0 0 na na
10 65827.918350340511 0.052552253210 cfg1 2 1 0 0 na na
10 65828.012350359771 0.052553204133 cfg1 2 1 0 0 na na
10 65828.069350272947 0.052553761856 cfg1 2 1 0 0 na na
10 65828.158350346074 0.052554648547 cfg1 2 1 0 0 na na
10 65828.160350274028 0.052554697933 cfg1 2 1 0 0 na na
10 65828.177350299456 0.052554858955 cfg1 2 1 0 0 na na
10 65828.275350301360 0.052555837229 cfg1 2 1 0 0 na na
10 65828.340350290400 0.052556485804 cfg1 2 1 0 0 na na
10 65828.379350300167 0.052556859399 cfg1 2 1 0 0 na na
10 65828.410350290258 0.052557169550 cfg1 2 1 0 0 na na
10 65828.465350359479 0.052557721817 cfg1 2 1 0 0 na na
10 65828.495350258641 0.052558031844 cfg1 2 1 0 0 na na
10 65828.669350310766 0.052559770500 cfg1 2 1 0 0 na na
10 65828.746350270845 0.052560524815 cfg1 2 1 0 0 na na
10 65828.822350332455 0.052561299779 cfg1 2 1 0 0 na na
10 65828.849350326353 0.052561579237 cfg1 2 1 0 0 na na
10 65828.871350269474 0.052561772422 cfg1 2 1 0 0 na na
10 65828.930350358282 0.052562374598 cfg1 2 1 0 0 na na
10 65828.962350367285 0.052562701857 cfg1 2 1 0 0 na na
10 65829.075350287773 0.052563836895 cfg1 2 1 0 0 na na
10 65829.085350303043 0.052563929210 cfg1 2 1 0 0 na na
10 65829.205350318358 0.052565112135 cfg1 2 1 0 0 na na
10 65829.246350276268 0.052565525324 cfg1 2 1 0 0 na na
10 65829.259350344544 0.052565671081 cfg1 2 1 0 0 na na
10 65829.301350243574 0.052566093410 cfg1 2 1 0 0 na na
10 65829.391350282735 0.052566972330 cfg1 2 1 0 0 na na
10 65829.559350314389 0.052568650639 cfg1 2 1 0 0 na na
10 65829.570350359139 0.052568779468 cfg1 2 1 0 0 na na
10 65829.703350376879 0.052570113315 cfg1 2 1 0 0 na na
10 65829.770350284799 0.052570756716 cfg1 2 1 0 0 na na
10 65829.837350291047 0.052571442480 cfg1 2 1 0 0 na na
10 65829.874350315606 0.052571817123 cfg1 2 1 0 0 na na
10 65830.020350363471 0.052573279334 cfg1 2 1 0 0 na na
10 65830.055350314617 0.052573622526 cfg1 2 1 0 0 na na
10 65830.100350300221 0.052574072464 cfg1 2 1 0 0 na na
10 65830.243350289716 0.052575513370 cfg1 2 1 0 0 na na
10 65830.557350333351 0.052578638170 cfg1 2 1 0 0 na na
10 65830.564350299281 0.052578718903 cfg1 2 1 0 0 na na
10 65830.620350292471 0.052579264560 cfg1 2 1 0 0 na na
10 65830.717350260906 0.052580247028 cfg1 2 1 0 0 na na
10 65830.722350285996 0.052580292926 cfg1 2 1 0 0 na na
10 65830.760350260707 0.052580671102 cfg1 2 1 0 0 na na
10 65830.856350318173 0.052581638092 cfg1 2 1 0 0 na na
10 65830.926350326446 0.052582349548 cfg1 2 1 0 0 na na
10 65830.975350334160 0.052582820973 cfg1 2 1 0 0 na na
10 65831.234350322735 0.052585424756 cfg1 2 1 0 0 na na
10 65831.299350296511 0.052586066057 cfg1 2 1 0 0 na na
10 65831.397350336485 0.052587041933 cfg1 2 1 0 0 na na
10 65831.409350295197 0.052587165329 cfg1 2 1 0 0 na na
10 65831.492350354990 0.052588020264 cfg1 2 1 0 0 na na
10 65831.627350361365 0.052589350083 cfg1 2 1 0 0 na na
10 65831.648350334391 0.052589554776 cfg1 2 1 0 0 na na
10 65831.699350315941 0.052590071143 cfg1 2 1 0 0 na na
10 65831.827350334703 0.052591369764 cfg1 2 1 0 0 na na
10 65831.883350316503 0.052591928514 cfg1 2 1 0 0 na na
10 65831.947350286239 0.052592571213 cfg1 2 1 0 0 na na
10 65831.981350283369 0.052592902181 cfg1 2 1 0 0 na na
10 65832.040350311205 0.052593485718 cfg1 2 1 0 0 na na
10 65832.072350357432 0.052593828961 cfg1 2 1 0 0 na na
10 65832.128350322729 0.052594388669 cfg1 2 1 0 0 na na
10 65832.313350304529 0.052596238105 cfg1 2 1 0 0 na na
10 65832.700350268910 0.052600102933 cfg1 2 1 0 0 na na
10 65832.722350348621 0.052600334975 cfg1 2 1 0 0 na na
10 65832.797350355803 0.052601091322 cfg1 2 1 0 0 na na
10 65832.956350310559 0.052602676149 cfg1 2 1 0 0 na na
10 65833.007350331153 0.052603202274 cfg1 2 1 0 0 na na
10 65833.030350371337 0.052603418038 cfg1 2 1 0 0 na na
10 65833.050350307160 0.052603639008 cfg1 2 1 0 0 na na
10 65833.062350303357 0.052603745631 cfg1 2 1 0 0 na na
10 65833.094350367909 0.052604056021 cfg1 2 1 0 0 na na
10 65833.120350313030 0.052604333536 cfg1 2 1 0 0 na na
10 65833.267350328341 0.052605790901 cfg1 2 1 0 0 na na
10 65833.296350385970 0.052606099327 cfg1 2 1 0 0 na na
10 65833.469350299234 0.052607832076 cfg1 2 1 0 0 na na
10 65833.566350352901 0.052608813739 cfg1 2 1 0 0 na na
10 65833.707350349245 0.052610230826 cfg1 2 1 0 0 na na
10 65833.708350304975 0.052610224513 cfg1 2 1 0 0 na na
10 65833.959350296336 0.052612762719 cfg1 2 1 0 0 na na
10 65834.447350310030 0.052617658443 cfg1 2 1 0 0 na na
10 65834.459350288956 0.052617772867 cfg1 2 1 0 0 na na
10 65834.553350271456 0.052618726442 cfg1 2 1 0 0 na na
10 65834.571350292965 0.052618901305 cfg1 2 1 0 0 na na
10 65834.678350328004 0.052619975214 cfg1 2 1 0 0 na na
10 65834.714350274710 0.052620345508 cfg1 2 1 0 0 na na
10 65835.141350271072 0.052624616113 cfg1 2 1 0 0 na na
10 65835.190350279398 0.052625101133 cfg1 2 1 0 0 na na
10 65835.267350356693 0.052625895426 cfg1 2 1 0 0 na na
10 65835.420350291197 0.052627417133 cfg1 2 1 0 0 na na
10 65835.522350265124 0.052628458645 cfg1 2 1 0 0 na na
10 65835.573350327185 0.052628966893 cfg1 2 1 0 0 na na
10 65835.591350266920 0.052629135366 cfg1 2 1 0 0 na na
10 65835.767350250901 0.052630921071 cfg1 2 1 0 0 na na
10 65835.770350265066 0.052630939116 cfg1 2 1 0 0 na na
10 65835.861350338496 0.052631850588 cfg1 2 1 0 0 na na
10 65835.878350311890 0.052632024978 cfg1 2 1 0 0 na na
10 65835.959350352090 0.052632849559 cfg1 2 1 0 0 na na
10 65836.125350300071 0.052634508960 cfg1 2 1 0 0 na na
10 65836.207350313727 0.052635332863 cfg1 2 1 0 0 na na
10 65836.227350361333 0.052635549509 cfg1 2 1 0 0 na na
10 65836.290350319673 0.052636186146 cfg1 2 1 0 0 na na
10 65836.292350335810 0.052636189248 cfg1 2 1 0 0 na na
10 65836.575350325458 0.052639041903 cfg1 2 1 0 0 na na
10 65836.624350270764 0.052639530914 cfg1 2 1 0 0 na na
10 65836.649350319650 0.052639796903 cfg1 2 1 0 0 na na
10 65836.650350315872 0.052639790188 cfg1 2 1 0 0 na na
10 65836.662350260526 0.052639938672 cfg1 2 1 0 0 na na
10 65836.705350269546 0.052640345302 cfg1 2 1 0 0 na na
10 65836.953350310804 0.052642849869 cfg1 2 1 0 0 na na
10 65837.019350303436 0.052643510666 cfg1 2 1 0 0 na na
10 65837.024350382740 0.052643554369 cfg1 2 1 0 0 na na
10 65837.147350301720 0.052644822173 cfg1 2 1 0 0 na na
10 65837.323350318027 0.052646567986 cfg1 2 1 0 0 na na
10 65837.425350381413 0.052647594185 cfg1 2 1 0 0 na na
10 65837.467350319531 0.052648020870 cfg1 2 1 0 0 na na
10 65837.608350351762 0.052649441481 cfg1 2 1 0 0 na na
10 65837.633350340873 0.052649715243 cfg1 2 1 0 0 na na
10 65837.657350274654 0.052649942909 cfg1 2 1 0 0 na na
10 65837.719350329074 0.052650583298 cfg1 2 1 0 0 na na
10 65837.754350327347 0.052650920518 cfg1 2 1 0 0 na na
10 65837.823350295753 0.052651608971 cfg1 2 1 0 0 na na
10 65837.988350323053 0.052653285859 cfg1 2 1 0 0 na na
10 65838.080350301173 0.052654197190 cfg1 2 1 0 0 na na
10 65838.195350326398 0.052655371546 cfg1 2 1 0 0 na na
10 65838.328350273986 0.052656694699 cfg1 2 1 0 0 na na
10 65838.528350303378 0.052658728018 cfg1 2 1 0 0 na na
10 65838.545350299870 0.052658897345 cfg1 2 1 0 0 na na
10 65838.670350306836 0.052660150118 cfg1 2 1 0 0 na na
10 65838.749350412373 0.052660964624 cfg1 2 1 0 0 na na
10 65838.900350292652 0.052662486302 cfg1 2 1 0 0 na na
10 65838.964350261032 0.052663132330 cfg1 2 1 0 0 na na
10 65838.997350334634 0.052663445724 cfg1 2 1 0 0 na na
10 65839.113350260613 0.052664621343 cfg1 2 1 0 0 na na
10 65839.118350277304 0.052664673195 cfg1 2 1 0 0 na na
10 65839.402350318312 0.052667547634 cfg1 2 1 0 0 na na
10 65839.458350346418 0.052668101377 cfg1 2 1 0 0 na na
10 65839.471350357238 0.052668238890 cfg1 2 1 0 0 na na
10 65839.488350288451 0.052668399846 cfg1 2 1 0 0 na na
10 65839.503350384879 0.052668559232 cfg1 2 1 0 0 na na
10 65839.600350370464 0.052669554889 cfg1 2 1 0 0 na na
10 65839.633350338863 0.052669887624 cfg1 2 1 0 0 na na
10 65839.642350268050 0.052669954164 cfg1 2 1 0 0 na na
10 65839.646350323663 0.052670016644 cfg1 2 1 0 0 na na
10 65839.909350347661 0.052672664930 cfg1 2 1 0 0 na na
10 65840.184350289462 0.052675433744 cfg1 2 1 0 0 na na
10 65840.447350329440 0.052678108499 cfg1 2 1 0 0 na na
10 65840.694350341970 0.052680579575 cfg1 2 1 0 0 na na
10 65840.813350331393 0.052681780622 cfg1 2 1 0 0 na na
10 65840.934350247834 0.052683019341 cfg1 2 1 0 0 na na
10 65841.110350349480 0.052684801460 cfg1 2 1 0 0 na na
10 65841.153350285677 0.052685241005 cfg1 2 1 0 0 na na
10 65841.177350296417 0.052685481258 cfg1 2 1 0 0 na na
10 65841.368350364457 0.052687406553 cfg1 2 1 0 0 na na
10 65841.426350260582 0.052687981211 cfg1 2 1 0 0 na na
10 65841.542350316366 0.052689160300 cfg1 2 1 0 0 na na
10 65841.579350265725 0.052689526310 cfg1 2 1 0 0 na na
10 65841.686350325040 0.052690623107 cfg1 2 1 0 0 na na
10 65841.752350321587 0.052691298142 cfg1 2 1 0 0 na na
10 65841.757350276071 0.052691340403 cfg1 2 1 0 0 na na
10 65841.765350362617 0.052691426724 cfg1 2 1 0 0 na na
10 65841.791350360626 0.052691676197 cfg1 2 1 0 0 na na
10 65842.001350355443 0.052693810235 cfg1 2 1 0 0 na na
10 65842.177350299849 0.052695599467 cfg1 2 1 0 0 na na
10 65842.393350325777 0.052697780550 cfg1 2 1 0 0 na na
10 65842.463350331013 0.052698482731 cfg1 2 1 0 0 na na
10 65842.563350268032 0.052699483851 cfg1 2 1 0 0 na na
10 65842.657350260001 0.052700442118 cfg1 2 1 0 0 na na
10 65842.691350388396 0.052700799995 cfg1 2 1 0 0 na na
10 65842.706350332389 0.052700956287 cfg1 2 1 0 0 na na
10 65842.789350313039 0.052701775121 cfg1 2 1 0 0 na na
10 65842.796350301835 0.052701854468 cfg1 2 1 0 0 na na
10 65843.020350373010 0.052704130484 cfg1 2 1 0 0 na na
10 65843.053350376583 0.052704465671 cfg1 2 1 0 0 na na
10 65843.156350317281 0.052705513348 cfg1 2 1 0 0 na na
10 65843.191350301304 0.052705866610 cfg1 2 1 0 0 na na
10 65843.284350278298 0.052706788677 cfg1 2 1 0 0 na na
10 65843.300350338617 0.052706950445 cfg1 2 1 0 0 na na
10 65843.410350289513 0.052708067934 cfg1 2 1 0 0 na na
10 65843.469350346903 0.052708679155 cfg1 2 1 0 0 na na
10 65843.566350253160 0.052709653592 cfg1 2 1 0 0 na na
10 65843.703350286749 0.052711041172 cfg1 2 1 0 0 na na
10 65843.742350309331 0.052711423281 cfg1 2 1 0 0 na na
10 65843.831350244637 0.052712347349 cfg1 2 1 0 0 na na
10 65843.841350302872 0.052712448071 cfg1 2 1 0 0 na na
10 65843.956350356467 0.052713602998 cfg1 2 1 0 0 na na
10 65843.961350269253 0.052713655136 cfg1 2 1 0 0 na na
10 65844.061350365574 0.052714661382 cfg1 2 1 0 0 na na
10 65844.097350317610 0.052715033881 cfg1 2 1 0 0 na na
10 65844.100350307996 0.052715051958 cfg1 2 1 0 0 na na
10 65844.120350262359 0.052715259726 cfg1 2 1 0 0 na na
10 65844.121350294664 0.052715263669 cfg1 2 1 0 0 na na
10 65844.156350307002 0.052715619920 cfg1 2 1 0 0 na na
10 65844.190350312596 0.052715982077 cfg1 2 1 0 0 na na
10 65844.240350326372 0.052716486339 cfg1 2 1 0 0 na na
10 65844.303350354233 0.052717124236 cfg1 2 1 0 0 na na
10 65844.404350307972 0.052718136426 cfg1 2 1 0 0 na na
10 65844.531350317642 0.052719435143 cfg1 2 1 0 0 na na
10 65844.721350294869 0.052721351072 cfg1 2 1 0 0 na na
10 65844.806350295535 0.052722221528 cfg1 2 1 0 0 na na
10 65844.843350367462 0.052722593733 cfg1 2 1 0 0 na na
10 65844.917350312039 0.052723339763 cfg1 2 1 0 0 na na
10 65844.940350303745 0.052723580690 cfg1 2 1 0 0 na na
10 65845.123350258303 0.052725455032 cfg1 2 1 0 0 na na
10 65845.172350325246 0.052725936121 cfg1 2 1 0 0 na na
10 65845.220350321784 0.052726412013 cfg1 2 1 0 0 na na
10 65845.541350303258 0.052729690355 cfg1 2 1 0 0 na na
10 65845.645350292644 0.052730749373 cfg1 2 1 0 0 na na
10 65845.769350326533 0.052731984584 cfg1 2 1 0 0 na na
10 65845.837350348667 0.052732673569 cfg1 2 1 0 0 na na
10 65845.870350352756 0.052733035305 cfg1 2 1 0 0 na na
10 65846.136350299622 0.052735738426 cfg1 2 1 0 0 na na
10 65846.280350372651 0.052737200282 cfg1 2 1 0 0 na na
10 65846.322350294880 0.052737619126 cfg1 2 1 0 0 na na
10 65846.376350338608 0.052738151107 cfg1 2 1 0 0 na na
10 65846.460350339082 0.052739020849 cfg1 2 1 0 0 na na
10 65846.489350301048 0.052739298285 cfg1 2 1 0 0 na na
10 65846.509350344756 0.052739514485 cfg1 2 1 0 0 na na
10 65846.552350297325 0.052739956985 cfg1 2 1 0 0 na na
10 65846.610350283045 0.052740541260 cfg1 2 1 0 0 na na
10 65846.613350293551 0.052740563994 cfg1 2 1 0 0 na na
10 65846.649350316726 0.052740942275 cfg1 2 1 0 0 na na
10 65846.988350375034 0.052744387735 cfg1 2 1 0 0 na na
10 65847.017350318244 0.052744665334 cfg1 2 1 0 0 na na
10 65847.048350351424 0.052744991653 cfg1 2 1 0 0 na na
10 65847.151350327004 0.052746050117 cfg1 2 1 0 0 na na
10 65847.290350301682 0.052747462223 cfg1 2 1 0 0 na na
10 65847.328350289253 0.052747839435 cfg1 2 1 0 0 na na
10 65847.329350273913 0.052747844287 cfg1 2 1 0 0 na na
10 65847.355350265895 0.052748101215 cfg1 2 1 0 0 na na
10 65847.408350330408 0.052748638725 cfg1 2 1 0 0 na na
10 65847.447350246750 0.052749055547 cfg1 2 1 0 0 na na
10 65847.472350324137 0.052749310948 cfg1 2 1 0 0 na na
10 65847.487350330589 0.052749463645 cfg1 2 1 0 0 na na
10 65847.584350340479 0.052750444568 cfg1 2 1 0 0 na na
10 65847.667350315974 0.052751284618 cfg1 2 1 0 0 na na
10 65847.725350266474 0.052751870319 cfg1 2 1 0 0 na na
10 65847.762350355763 0.052752238240 cfg1 2 1 0 0 na na
10 65847.907350350486 0.052753715710 cfg1 2 1 0 0 na na
10 65848.191350348435 0.052756622134 cfg1 2 1 0 0 na na
10 65848.223350363124 0.052756943269 cfg1 2 1 0 0 na na
10 65848.305350275030 0.052757791010 cfg1 2 1 0 0 na na
10 65848.575350335973 0.052760537461 cfg1 2 1 0 0 na na
10 65848.676350330524 0.052761561332 cfg1 2 1 0 0 na na
10 65848.836350297954 0.052763172002 cfg1 2 1 0 0 na na
10 65848.921350282769 0.052764043563 cfg1 2 1 0 0 na na
10 65849.176350349524 0.052766632020 cfg1 2 1 0 0 na na
10 65849.226350309434 0.052767163240 cfg1 2 1 0 0 na na
10 65849.335350361010 0.052768279944 cfg1 2 1 0 0 na na
10 65849.340350375381 0.052768312964 cfg1 2 1 0 0 na na
10 65849.361350335531 0.052768534997 cfg1 2 1 0 0 na na
10 65849.418350324318 0.052769106419 cfg1 2 1 0 0 na na
10 65849.460350323270 0.052769553192 cfg1 2 1 0 0 na na
10 65849.517350348766 0.052770105532 cfg1 2 1 0 0 na na
10 65849.697350369637 0.052771958286 cfg1 2 1 0 0 na na
10 65849.758350331743 0.052772578437 cfg1 2 1 0 0 na na
10 65849.785350316378 0.052772851816 cfg1 2 1 0 0 na na
10 65849.793350282076 0.052772927480 cfg1 2 1 0 0 na na
10 65849.899350300098 0.052774006659 cfg1 2 1 0 0 na na
10 65849.904350317181 0.052774075746 cfg1 2 1 0 0 na na
10 65850.032350324762 0.052775377291 cfg1 2 1 0 0 na na
10 65850.202350340858 0.052777105198 cfg1 2 1 0 0 na na
10 65850.224350270728 0.052777322575 cfg1 2 1 0 0 na na
10 65850.259350307477 0.052777680405 cfg1 2 1 0 0 na na
10 65850.417350317998 0.052779304931 cfg1 2 1 0 0 na na
10 65850.536350374330 0.052780513071 cfg1 2 1 0 0 na na
10 65850.663350275487 0.052781807965 cfg1 2 1 0 0 na na
10 65850.699350341900 0.052782157233 cfg1 2 1 0 0 na na
10 65850.714350338074 0.052782308991 cfg1 2 1 0 0 na na
10 65850.821350278485 0.052783417514 cfg1 2 1 0 0 na na
10 65850.920350328677 0.052784419634 cfg1 2 1 0 0 na na
10 65850.948350309169 0.052784702009 cfg1 2 1 0 0 na na
10 65851.211350315646 0.052787381720 cfg1 2 1 0 0 na na
10 65851.275350334284 0.052788059645 cfg1 2 1 0 0 na na
10 65851.292350312203 0.052788234029 cfg1 2 1 0 0 na na
10 65851.294350325986 0.052788254768 cfg1 2 1 0 0 na na
10 65851.320350241396 0.052788520691 cfg1 2 1 0 0 na na
10 65851.392350326761 0.052789238910 cfg1 2 1 0 0 na na
10 65851.452350319971 0.052789857830 cfg1 2 1 0 0 na na
10 65851.564350339752 0.052790989037 cfg1 2 1 0 0 na na
10 65851.620350340583 0.052791562844 cfg1 2 1 0 0 na na
10 65851.684350337085 0.052792213858 cfg1 2 1 0 0 na na
10 65851.843350328018 0.052793842496 cfg1 2 1 0 0 na na
10 65851.888350348189 0.052794309562 cfg1 2 1 0 0 na na
10 65851.945350324784 0.052794882391 cfg1 2 1 0 0 na na
10 65852.051350314664 0.052795963152 cfg1 2 1 0 0 na na
10 65852.200350256105 0.052797490917 cfg1 2 1 0 0 na na
10 65852.404350302560 0.052799582944 cfg1 2 1 0 0 na na
10 65852.424350317979 0.052799785289 cfg1 2 1 0 0 na na
10 65852.425350338993 0.052799781957 cfg1 2 1 0 0 na na
10 65852.492350334526 0.052800467505 cfg1 2 1 0 0 na na
10 65852.517350388857 0.052800743794 cfg1 2 1 0 0 na na
10 65852.592350338742 0.052801502175 cfg1 2 1 0 0 na na
10 65852.686350286310 0.052802465207 cfg1 2 1 0 0 na na
10 65852.860350337252 0.052804228390 cfg1 2 1 0 0 na na
10 65852.890350336719 0.052804532480 cfg1 2 1 0 0 na na
10 65852.905350270991 0.052804694846 cfg1 2 1 0 0 na na
10 65852.977350292189 0.052805431432 cfg1 2 1 0 0 na na
10 65853.041350320931 0.052806095387 cfg1 2 1 0 0 na na
10 65853.089350260758 0.052806571018 cfg1 2 1 0 0 na na
10 65853.280350311627 0.052808533371 cfg1 2 1 0 0 na na
10 65853.347350363176 0.052809210693 cfg1 2 1 0 0 na na
10 65853.405350315509 0.052809813500 cfg1 2 1 0 0 na na
10 65853.544350317168 0.052811239277 cfg1 2 1 0 0 na na
10 65853.588350332652 0.052811670231 cfg1 2 1 0 0 na na
10 65853.672350277718 0.052812547494 cfg1 2 1 0 0 na na
10 65853.714350306441 0.052812961423 cfg1 2 1 0 0 na na
10 65853.929350326741 0.052815166370 cfg1 2 1 0 0 na na
10 65853.959350274891 0.052815470502 cfg1 2 1 0 0 na na
10 65853.971350315429 0.052815584689 cfg1 2 1 0 0 na na
10 65854.194350335660 0.052817877477 cfg1 2 1 0 0 na na
10 65854.229350298839 0.052818230154 cfg1 2 1 0 0 na na
10 65854.306350321446 0.052819021551 cfg1 2 1 0 0 na na
10 65854.356350355100 0.052819545389 cfg1 2 1 0 0 na na
10 65854.404350306351 0.052820025480 cfg1 2 1 0 0 na na
10 65854.472350297535 0.052820708723 cfg1 2 1 0 0 na na
10 65854.479350348795 0.052820806700 cfg1 2 1 0 0 na na
10 65854.496350322209 0.052820981002 cfg1 2 1 0 0 na na
10 65854.517350314710 0.052821175483 cfg1 2 1 0 0 na na
10 65854.557350268778 0.052821586351 cfg1 2 1 0 0 na na
10 65854.650350365668 0.052822541252 cfg1 2 1 0 0 na na
10 65854.780350332862 0.052823881601 cfg1 2 1 0 0 na na
10 65854.789350316366 0.052823958655 cfg1 2 1 0 0 na na
10 65854.820350317834 0.052824298969 cfg1 2 1 0 0 na na
10 65854.950350265417 0.052825610708 cfg1 2 1 0 0 na na
10 65854.988350350256 0.052826001921 cfg1 2 1 0 0 na na
10 65855.086350392957 0.052826995855 cfg1 2 1 0 0 na na
10 65855.237350290098 0.052828548950 cfg1 2 1 0 0 na na
10 65855.372350314540 0.052829927709 cfg1 2 1 0 0 na na
10 65855.502350324901 0.052831260754 cfg1 2 1 0 0 na na
10 65855.563350386141 0.052831888268 cfg1 2 1 0 0 na na
10 65855.618350318578 0.052832451480 cfg1 2 1 0 0 na na
10 65855.764350329199 0.052833965421 cfg1 2 1 0 0 na na
10 65855.817350319643 0.052834500045 cfg1 2 1 0 0 na na
10 65855.907350347194 0.052835435905 cfg1 2 1 0 0 na na
10 65855.917350257579 0.052835531757 cfg1 2 1 0 0 na na
10 65855.975350271493 0.052836118045 cfg1 2 1 0 0 na na
10 65856.007350301169 0.052836449514 cfg1 2 1 0 0 na na
10 65856.079350335801 0.052837197795 cfg1 2 1 0 0 na na
10 65856.156350264282 0.052837979554 cfg1 2 1 0 0 na na
10 65856.589350357732 0.052842427928 cfg1 2 1 0 0 na na
10 65856.904350346885 0.052845652653 cfg1 2 1 0 0 na na
10 65857.324350359336 0.052849949128 cfg1 2 1 0 0 na na
10 65857.332350331762 0.052850037519 cfg1 2 1 0 0 na na
10 65857.425350316421 0.052850985503 cfg1 2 1 0 0 na na
10 65857.475350339129 0.052851516603 cfg1 2 1 0 0 na na
10 65857.822350273610 0.052855080118 cfg1 2 1 0 0 na na
10 65857.878350258956 0.052855637969 cfg1 2 1 0 0 na na
10 65858.104350321432 0.052857976734 cfg1 2 1 0 0 na na
10 65858.215350288624 0.052859088935 cfg1 2 1 0 0 na na
10 65858.271350356589 0.052859687191 cfg1 2 1 0 0 na na
10 65858.273350397837 0.052859688954 cfg1 2 1 0 0 na na
10 65858.277350295855 0.052859727293 cfg1 2 1 0 0 na na
10 65858.349350263324 0.052860473544 cfg1 2 1 0 0 na na
10 65858.471350301976 0.052861725199 cfg1 2 1 0 0 na na
10 65858.585350298257 0.052862906210 cfg1 2 1 0 0 na na
10 65858.769350333541 0.052864796477 cfg1 2 1 0 0 na na
10 65858.775350348420 0.052864849850 cfg1 2 1 0 0 na na
10 65858.806350327368 0.052865167119 cfg1 2 1 0 0 na na
10 65858.830350360145 0.052865422977 cfg1 2 1 0 0 na na
10 65858.903350284153 0.052866165068 cfg1 2 1 0 0 na na
10 65858.914350291906 0.052866274445 cfg1 2 1 0 0 na na
10 65858.970350303800 0.052866852767 cfg1 2 1 0 0 na na
10 65858.975350310797 0.052866917215 cfg1 2 1 0 0 na na
10 65859.091350366832 0.052868096001 cfg1 2 1 0 0 na na
10 65859.152350278557 0.052868717151 cfg1 2 1 0 0 na na
10 65859.317350324474 0.052870423044 cfg1 2 1 0 0 na na
10 65859.341350342499 0.052870674521 cfg1 2 1 0 0 na na
10 65859.558350307306 0.052872909761 cfg1 2 1 0 0 na na
10 65859.692350334485 0.052874282506 cfg1 2 1 0 0 na na
10 65859.695350345245 0.052874314428 cfg1 2 1 0 0 na na
10 65859.710350332624 0.052874479681 cfg1 2 1 0 0 na na
10 65859.745350355736 0.052874821766 cfg1 2 1 0 0 na na
10 65859.787350313933 0.052875262825 cfg1 2 1 0 0 na na
10 65859.829350371563 0.052875682164 cfg1 2 1 0 0 na na
10 65859.888350343099 0.052876288862 cfg1 2 1 0 0 na na
10 65859.912350309041 0.052876558855 cfg1 2 1 0 0 na na
10 65859.915350350627 0.052876591851 cfg1 2 1 0 0 na na
10 65860.025350315109 0.052877710400 cfg1 2 1 0 0 na na
10 65860.496350297020 0.052882551725 cfg1 2 1 0 0 na na
10 65860.576350297241 0.052883390360 cfg1 2 1 0 0 na na
10 65860.709350301065 0.052884744007 cfg1 2 1 0 0 na na
10 65860.716350363568 0.052884807709 cfg1 2 1 0 0 na na
10 65860.898350291581 0.052886682379 cfg1 2 1 0 0 na na
10 65861.037350337768 0.052888136080 cfg1 2 1 0 0 na na
10 65861.184350311105 0.052889645775 cfg1 2 1 0 0 na na
10 65861.219350298481 0.052890006503 cfg1 2 1 0 0 na na
10 65861.274350321535 0.052890568778 cfg1 2 1 0 0 na na
10 65861.317350302001 0.052890995495 cfg1 2 1 0 0 na na
10 65861.373350304768 0.052891579007 cfg1 2 1 0 0 na na
10 65861.486350350774 0.052892749314 cfg1 2 1 0 0 na na
10 65861.546350311738 0.052893378113 cfg1 2 1 0 0 na na
10 65861.880350303860 0.052896806052 cfg1 2 1 0 0 na na
10 65861.952350341777 0.052897548557 cfg1 2 1 0 0 na na
10 65861.978350278970 0.052897806217 cfg1 2 1 0 0 na na
10 65861.990350259867 0.052897952408 cfg1 2 1 0 0 na na
10 65862.001350259388 0.052898056703 cfg1 2 1 0 0 na na
10 65862.016350304994 0.052898219633 cfg1 2 1 0 0 na na
10 65862.078350244757 0.052898862123 cfg1 2 1 0 0 na na
10 65862.146350325046 0.052899554460 cfg1 2 1 0 0 na na
10 65862.368350356298 0.052901835817 cfg1 2 1 0 0 na na
10 65862.382350323608 0.052901975872 cfg1 2 1 0 0 na na
10 65862.432350328929 0.052902498711 cfg1 2 1 0 0 na na
10 65862.497350291285 0.052903180696 cfg1 2 1 0 0 na na
10 65862.537350322664 0.052903579304 cfg1 2 1 0 0 na na
10 65862.553350284645 0.052903740968 cfg1 2 1 0 0 na na
10 65862.604350296170 0.052904285968 cfg1 2 1 0 0 na na
10 65862.638350292321 0.052904637751 cfg1 2 1 0 0 na na
10 65862.718350251159 0.052905455809 cfg1 2 1 0 0 na na
10 65862.793350294500 0.052906235303 cfg1 2 1 0 0 na na
10 65862.818350312363 0.052906495424 cfg1 2 1 0 0 na na
10 65862.820350333314 0.052906510434 cfg1 2 1 0 0 na na
10 65862.850350288923 0.052906809802 cfg1 2 1 0 0 na na
10 65862.925350340698 0.052907591015 cfg1 2 1 0 0 na na
10 65863.169350296610 0.052910114085 cfg1 2 1 0 0 na na
10 65863.212350318157 0.052910536020 cfg1 2 1 0 0 na na
10 65863.239350258838 0.052910828639 cfg1 2 1 0 0 na na
10 65863.251350341317 0.052910955972 cfg1 2 1 0 0 na na
10 65863.325350338093 0.052911703051 cfg1 2 1 0 0 na na
10 65863.496350381652 0.052913469055 cfg1 2 1 0 0 na na
10 65863.693350316997 0.052915510994 cfg1 2 1 0 0 na na
10 65863.807350275996 0.052916689946 cfg1 2 1 0 0 na na
10 65863.974350293916 0.052918417631 cfg1 2 1 0 0 na na
10 65863.985350361593 0.052918511185 cfg1 2 1 0 0 na na
10 65864.006350296123 0.052918753488 cfg1 2 1 0 0 na na
10 65864.008350338120 0.052918773720 cfg1 2 1 0 0 na na
10 65864.044350322729 0.052919142094 cfg1 2 1 0 0 na na
10 65864.308350299160 0.052921859957 cfg1 2 1 0 0 na na
10 65864.332350305820 0.052922108772 cfg1 2 1 0 0 na na
10 65864.347350292874 0.052922269269 cfg1 2 1 0 0 na na
10 65864.543350299106 0.052924293345 cfg1 2 1 0 0 na na
10 65864.587350311293 0.052924734142 cfg1 2 1 0 0 na na
10 65864.658350295858 0.052925482220 cfg1 2 1 0 0 na na
10 65864.668350334528 0.052925572841 cfg1 2 1 0 0 na na
10 65864.688350324738 0.052925786984 cfg1 2 1 0 0 na na
10 65864.863350307092 0.052927608602 cfg1 2 1 0 0 na na
10 65864.911350258306 0.052928088595 cfg1 2 1 0 0 na na
10 65865.132350322535 0.052930367234 cfg1 2 1 0 0 na na
10 65865.177350310667 0.052930852029 cfg1 2 1 0 0 na na
10 65865.211350321015 0.052931180791 cfg1 2 1 0 0 na na
10 65865.262350297668 0.052931704338 cfg1 2 1 0 0 na na
10 65865.272350315043 0.052931810178 cfg1 2 1 0 0 na na
10 65865.368350338076 0.052932828935 cfg1 2 1 0 0 na na
10 65865.603350415931 0.052935240592 cfg1 2 1 0 0 na na
10 65865.667350287987 0.052935903578 cfg1 2 1 0 0 na na
10 65865.682350314447 0.052936052757 cfg1 2 1 0 0 na na
10 65865.736350342509 0.052936611872 cfg1 2 1 0 0 na na
10 65865.858350310008 0.052937886699 cfg1 2 1 0 0 na na
10 65865.896350302370 0.052938286603 cfg1 2 1 0 0 na na
10 65865.902350305300 0.052938350464 cfg1 2 1 0 0 na na
10 65866.000350260168 0.052939346830 cfg1 2 1 0 0 na na
10 65866.145350353024 0.052940843123 cfg1 2 1 0 0 na na
10 65866.301350362247 0.052942466107 cfg1 2 1 0 0 na na
10 65866.454350369347 0.052944035884 cfg1 2 1 0 0 na na
10 65866.547350267158 0.052945013714 cfg1 2 1 0 0 na na
10 65866.611350344493 0.052945676400 cfg1 2 1 0 0 na na
10 65866.837350306305 0.052948017422 cfg1 2 1 0 0 na na
10 65866.854350346645 0.052948194991 cfg1 2 1 0 0 na na
10 65866.859350311381 0.052948235677 cfg1 2 1 0 0 na na
10 65866.940350305563 0.052949086571 cfg1 2 1 0 0 na na
10 65867.194350323168 0.052951706399 cfg1 2 1 0 0 na na
10 65867.273350327921 0.052952519099 cfg1 2 1 0 0 na na
10 65867.360350321157 0.052953415037 cfg1 2 1 0 0 na na
10 65867.510350244799 0.052954991956 cfg1 2 1 0 0 na na
10 65867.540350314789 0.052955277177 cfg1 2 1 0 0 na na
10 65867.692350300791 0.052956863984 cfg1 2 1 0 0 na na
10 65867.753350341514 0.052957497952 cfg1 2 1 0 0 na na
10 65867.762350291663 0.052957582819 cfg1 2 1 0 0 na na
10 65867.853350362787 0.052958528114 cfg1 2 1 0 0 na na
10 65867.898350277538 0.052958997588 cfg1 2 1 0 0 na na
10 65867.914350352813 0.052959176714 cfg1 2 1 0 0 na na
10 65868.080350353361 0.052960883977 cfg1 2 1 0 0 na na
10 65868.083350284469 0.052960922642 cfg1 2 1 0 0 na na
10 65868.246350322550 0.052962604526 cfg1 2 1 0 0 na na
10 65868.292350305842 0.052963069299 cfg1 2 1 0 0 na na
10 65868.797350319403 0.052968311506 cfg1 2 1 0 0 na na
10 65869.033350354405 0.052970779348 cfg1 2 1 0 0 na na
10 65869.119350331859 0.052971668990 cfg1 2 1 0 0 na na
10 65869.126350329710 0.052971720882 cfg1 2 1 0 0 na na
10 65869.132350298282 0.052971806141 cfg1 2 1 0 0 na na
10 65869.265350314024 0.052973170162 cfg1 2 1 0 0 na na
10 65869.291350273020 0.052973435113 cfg1 2 1 0 0 na na
10 65869.298350387541 0.052973531070 cfg1 2 1 0 0 na na
10 65869.498350308226 0.052975586277 cfg1 2 1 0 0 na na
10 65869.551350323281 0.052976134111 cfg1 2 1 0 0 na na
10 65869.788350308186 0.052978598786 cfg1 2 1 0 0 na na
10 65869.802350311614 0.052978755920 cfg1 2 1 0 0 na na
10 65869.894350281580 0.052979699189 cfg1 2 1 0 0 na na
10 65870.002350373647 0.052980834076 cfg1 2 1 0 0 na na
10 65870.147350272267 0.052982329003 cfg1 2 1 0 0 na na
10 65870.189350305672 0.052982760625 cfg1 2 1 0 0 na na
10 65870.427350315736 0.052985242271 cfg1 2 1 0 0 na na
10 65870.449350278666 0.052985462085 cfg1 2 1 0 0 na na
10 65870.529350322928 0.052986299980 cfg1 2 1 0 0 na na
10 65870.595350290106 0.052986971468 cfg1 2 1 0 0 na na
10 65870.644350334069 0.052987475220 cfg1 2 1 0 0 na na
10 65870.666350323485 0.052987710588 cfg1 2 1 0 0 na na
10 65870.712350373582 0.052988181799 cfg1 2 1 0 0 na na
10 65870.720350287687 0.052988264958 cfg1 2 1 0 0 na na
10 65870.871350324540 0.052989844444 cfg1 2 1 0 0 na na
10 65871.028350245554 0.052991486519 cfg1 2 1 0 0 na na
10 65871.077350298179 0.052991976797 cfg1 2 1 0 0 na na
10 65871.233350306813 0.052993596823 cfg1 2 1 0 0 na na
10 65871.272350318506 0.052994026682 cfg1 2 1 0 0 na na
10 65871.375350285290 0.052995082016 cfg1 2 1 0 0 na na
10 65871.379350333666 0.052995117754 cfg1 2 1 0 0 na na
10 65871.424350346302 0.052995587350 cfg1 2 1 0 0 na na
10 65871.429350323375 0.052995659203 cfg1 2 1 0 0 na na
10 65871.434350349600 0.052995703171 cfg1 2 1 0 0 na na
10 65871.487350327318 0.052996256416 cfg1 2 1 0 0 na na
10 65871.552350281976 0.052996936887 cfg1 2 1 0 0 na na
10 65871.604350305795 0.052997458549 cfg1 2 1 0 0 na na
10 65871.707350314225 0.052998531326 cfg1 2 1 0 0 na na
10 65871.856350315160 0.053000095389 cfg1 2 1 0 0 na na
10 65871.952350287928 0.053001079930 cfg1 2 1 0 0 na na
10 65872.387350335785 0.053005614488 cfg1 2 1 0 0 na na
10 65872.400350349069 0.053005757452 cfg1 2 1 0 0 na na
10 65872.539350271322 0.053007183801 cfg1 2 1 0 0 na na
10 65872.660350301128 0.053008445546 cfg1 2 1 0 0 na na
10 65872.739350318184 0.053009263231 cfg1 2 1 0 0 na na
10 65872.795350294315 0.053009866129 cfg1 2 1 0 0 na na
10 65872.879350269912 0.053010716996 cfg1 2 1 0 0 na na
10 65872.889350362228 0.053010844756 cfg1 2 1 0 0 na na
10 65872.945350320156 0.053011425364 cfg1 2 1 0 0 na na
10 65873.184350316070 0.053013905829 cfg1 2 1 0 0 na na
10 65873.337350328424 0.053015485172 cfg1 2 1 0 0 na na
10 65873.358350283270 0.053015715563 cfg1 2 1 0 0 na na
10 65873.374350310391 0.053015888178 cfg1 2 1 0 0 na na
10 65873.427350341223 0.053016424533 cfg1 2 1 0 0 na na
10 65873.670350262537 0.053018980910 cfg1 2 1 0 0 na na
10 65873.788350303941 0.053020206336 cfg1 2 1 0 0 na na
10 65873.833350238539 0.053020678233 cfg1 2 1 0 0 na na
10 65873.878350325771 0.053021140285 cfg1 2 1 0 0 na na
10 65874.029350292961 0.053022704389 cfg1 2 1 0 0 na na
10 65874.063350265992 0.053023048730 cfg1 2 1 0 0 na na
10 65874.181350290430 0.053024276831 cfg1 2 1 0 0 na na
10 65874.189350308886 0.053024376172 cfg1 2 1 0 0 na na
10 65874.250350347914 0.053024999957 cfg1 2 1 0 0 na na
10 65874.268350319046 0.053025186420 cfg1 2 1 0 0 na na
10 65874.278350330549 0.053025289305 cfg1 2 1 0 0 na na
10 65874.293350321366 0.053025454063 cfg1 2 1 0 0 na na
10 65874.416350284967 0.053026746993 cfg1 2 1 0 0 na na
10 65874.417350340864 0.053026738129 cfg1 2 1 0 0 na na
10 65874.469350336918 0.053027299345 cfg1 2 1 0 0 na na
10 65874.628350309158 0.053028951255 cfg1 2 1 0 0 na na
10 65874.636350335613 0.053029043265 cfg1 2 1 0 0 na na
10 65874.675350287640 0.053029445329 cfg1 2 1 0 0 na na
10 65874.697350251458 0.053029670512 cfg1 2 1 0 0 na na
10 65874.778350356301 0.053030516497 cfg1 2 1 0 0 na na
10 65874.880350326978 0.053031569606 cfg1 2 1 0 0 na na
10 65874.955350266956 0.053032344858 cfg1 2 1 0 0 na na
10 65875.049350302384 0.053033341652 cfg1 2 1 0 0 na na
10 65875.140350320001 0.053034275390 cfg1 2 1 0 0 na na
10 65875.172350290100 0.053034629269 cfg1 2 1 0 0 na na
10 65875.205350399850 0.053034960674 cfg1 2 1 0 0 na na
10 65875.214350387925 0.053035070199 cfg1 2 1 0 0 na na
10 65875.264350254288 0.053035582725 cfg1 2 1 0 0 na na
10 65875.281350297558 0.053035772150 cfg1 2 1 0 0 na na
10 65875.336350327705 0.053036322255 cfg1 2 1 0 0 na na
10 65875.423350302412 0.053037227788 cfg1 2 1 0 0 na na
10 65875.454350274390 0.053037561242 cfg1 2 1 0 0 na na
10 65875.460350316651 0.053037625772 cfg1 2 1 0 0 na na
10 65875.505350310400 0.053038109768 cfg1 2 1 0 0 na na
10 65875.582350263844 0.053038887969 cfg1 2 1 0 0 na na
10 65875.666350304984 0.053039762665 cfg1 2 1 0 0 na na
10 65875.679350250556 0.053039916441 cfg1 2 1 0 0 na na
10 65875.778350332101 0.053040936848 cfg1 2 1 0 0 na na
10 65875.904350280657 0.053042247532 cfg1 2 1 0 0 na na
10 65875.907350259927 0.053042286920 cfg1 2 1 0 0 na na
10 65875.960350321187 0.053042842946 cfg1 2 1 0 0 na na
10 65876.019350286015 0.053043472802 cfg1 2 1 0 0 na na
10 65876.059350304593 0.053043878257 cfg1 2 1 0 0 na na
10 65876.151350345868 0.053044844765 cfg1 2 1 0 0 na na
10 65876.158350271813 0.053044895209 cfg1 2 1 0 0 na na
10 65876.168350339775 0.053045010122 cfg1 2 1 0 0 na na
10 65876.228350291184 0.053045643352 cfg1 2 1 0 0 na na
10 65876.445350318136 0.053047913729 cfg1 2 1 0 0 na na
10 65876.469350367680 0.053048150742 cfg1 2 1 0 0 na na
10 65876.553350272180 0.053049022409 cfg1 2 1 0 0 na na
10 65876.581350263273 0.053049318786 cfg1 2 1 0 0 na na
10 65876.610350322581 0.053049641287 cfg1 2 1 0 0 na na
10 65876.787350352433 0.053051486429 cfg1 2 1 0 0 na na
10 65876.838350293725 0.053051996970 cfg1 2 1 0 0 na na
10 65876.841350330246 0.053052028911 cfg1 2 1 0 0 na na
10 65877.019350316741 0.053053907706 cfg1 2 1 0 0 na na
10 65877.048350344681 0.053054197783 cfg1 2 1 0 0 na na
10 65877.290350308164 0.053056724487 cfg1 2 1 0 0 na na
10 65877.452350311110 0.053058432238 cfg1 2 1 0 0 na na
10 65877.862350325707 0.053062705975 cfg1 2 1 0 0 na na
10 65877.905350275518 0.053063174149 cfg1 2 1 0 0 na na
10 65877.923350311298 0.053063352922 cfg1 2 1 0 0 na na
10 65877.981350298583 0.053063953647 cfg1 2 1 0 0 na na
10 65878.220350299357 0.053066468429 cfg1 2 1 0 0 na na
10 65878.248350306764 0.053066744167 cfg1 2 1 0 0 na na
10 65878.407350327940 0.053068424834 cfg1 2 1 0 0 na na
10 65878.495350355931 0.053069323445 cfg1 2 1 0 0 na na
10 65878.686350324174 0.053071336440 cfg1 2 1 0 0 na na
10 65878.731350340110 0.053071807655 cfg1 2 1 0 0 na na
10 65878.774350324976 0.053072251936 cfg1 2 1 0 0 na na
10 65878.916350315365 0.053073728330 cfg1 2 1 0 0 na na
10 65878.959350308749 0.053074185253 cfg1 2 1 0 0 na na
10 65879.062350332360 0.053075278818 cfg1 2 1 0 0 na na
10 65879.122350331400 0.053075887946 cfg1 2 1 0 0 na na
10 65879.154350255678 0.053076236518 cfg1 2 1 0 0 na na
10 65879.282350325031 0.053077567134 cfg1 2 1 0 0 na na
10 65879.331350338118 0.053078066920 cfg1 2 1 0 0 na na
10 65879.339350274453 0.053078167598 cfg1 2 1 0 0 na na
10 65879.409350290403 0.053078906932 cfg1 2 1 0 0 na na
10 65879.485350283234 0.053079706787 cfg1 2 1 0 0 na na
10 65879.543350274115 0.053080312482 cfg1 2 1 0 0 na na
10 65879.553350340411 0.053080415054 cfg1 2 1 0 0 na na
10 65879.644350267194 0.053081344560 cfg1 2 1 0 0 na na
10 65879.668350305359 0.053081618368 cfg1 2 1 0 0 na na
10 65879.695350292453 0.053081880737 cfg1 2 1 0 0 na na
10 65879.784350346672 0.053082819475 cfg1 2 1 0 0 na na
10 65879.808350303945 0.053083072737 cfg1 2 1 0 0 na na
10 65879.850350260297 0.053083511907 cfg1 2 1 0 0 na na
10 65879.900350375245 0.053084029247 cfg1 2 1 0 0 na na
10 65879.957350324469 0.053084629728 cfg1 2 1 0 0 na na
10 65879.995350372151 0.053085042398 cfg1 2 1 0 0 na na
10 65880.095350258030 0.053086079059 cfg1 2 1 0 0 na na
10 65880.224350259282 0.053087427583 cfg1 2 1 0 0 na na
10 65880.492350356772 0.053090234329 cfg1 2 1 0 0 na na
10 65880.638350313426 0.053091769132 cfg1 2 1 0 0 na na
10 65880.815350279275 0.053093634368 cfg1 2 1 0 0 na na
10 65880.853350345379 0.053094022757 cfg1 2 1 0 0 na na
10 65880.907350265236 0.053094576479 cfg1 2 1 0 0 na na
10 65880.912350350855 0.053094650847 cfg1 2 1 0 0 na na
10 65880.952350332273 0.053095046738 cfg1 2 1 0 0 na na
10 65881.000350342572 0.053095577071 cfg1 2 1 0 0 na na
10 65881.006350302988 0.053095636084 cfg1 2 1 0 0 na na
10 65881.093350369161 0.053096539720 cfg1 2 1 0 0 na na
10 65881.217350363596 0.053097849610 cfg1 2 1 0 0 na na
10 65881.295350270926 0.053098649300 cfg1 2 1 0 0 na na
10 65881.307350288168 0.053098781887 cfg1 2 1 0 0 na na
10 65881.417350361788 0.053099927827 cfg1 2 1 0 0 na na
10 65881.434350312401 0.053100102496 cfg1 2 1 0 0 na na
10 65881.520350323128 0.053101025637 cfg1 2 1 0 0 na na
10 65881.646350285642 0.053102341501 cfg1 2 1 0 0 na na
10 65881.762350311290 0.053103569195 cfg1 2 1 0 0 na na
10 65881.803350336627 0.053103989097 cfg1 2 1 0 0 na na
10 65881.809350301745 0.053104052547 cfg1 2 1 0 0 na na
10 65881.847350337736 0.053104436209 cfg1 2 1 0 0 na na
10 65882.021350277042 0.053106267252 cfg1 2 1 0 0 na na
10 65882.062350334744 0.053106692549 cfg1 2 1 0 0 na na
10 65882.073350270026 0.053106806837 cfg1 2 1 0 0 na na
10 65882.102350310873 0.053107118256 cfg1 2 1 0 0 na na
10 65882.286350321877 0.053109040980 cfg1 2 1 0 0 na na
10 65882.416350372853 0.053110408076 cfg1 2 1 0 0 na na
10 65882.423350258427 0.053110493487 cfg1 2 1 0 0 na na
10 65882.445350325512 0.053110718220 cfg1 2 1 0 0 na na
10 65882.509350292598 0.053111386171 cfg1 2 1 0 0 na na
10 65882.595350264942 0.053112291553 cfg1 2 1 0 0 na na
10 65882.707350324384 0.053113468095 cfg1 2 1 0 0 na na
10 65882.732350296421 0.053113723246 cfg1 2 1 0 0 na na
10 65882.761350270386 0.053114026441 cfg1 2 1 0 0 na na
10 65882.832350244977 0.053114796922 cfg1 2 1 0 0 na na
10 65882.954350341479 0.053116060394 cfg1 2 1 0 0 na na
10 65882.961350281944 0.053116143906 cfg1 2 1 0 0 na na
10 65882.972350344690 0.053116267043 cfg1 2 1 0 0 na na
10 65883.322350361149 0.053119920687 cfg1 2 1 0 0 na na
10 65883.338350289021 0.053120094457 cfg1 2 1 0 0 na na
10 65883.400350340069 0.053120746176 cfg1 2 1 0 0 na na
10 65883.417350298566 0.053120931843 cfg1 2 1 0 0 na na
10 65883.454350296305 0.053121315825 cfg1 2 1 0 0 na na
10 65883.544350349783 0.053122271886 cfg1 2 1 0 0 na na
10 65883.569350267462 0.053122514413 cfg1 2 1 0 0 na na
10 65883.593350262487 0.053122774462 cfg1 2 1 0 0 na na
10 65883.659350271177 0.053123486285 cfg1 2 1 0 0 na na
10 65883.683350262992 0.053123730776 cfg1 2 1 0 0 na na
10 65883.779350297067 0.053124728255 cfg1 2 1 0 0 na na
10 65883.935350344611 0.053126363467 cfg1 2 1 0 0 na na
10 65884.085350357830 0.053127955798 cfg1 2 1 0 0 na na
10 65884.154350344725 0.053128661982 cfg1 2 1 0 0 na na
10 65884.222350291382 0.053129383776 cfg1 2 1 0 0 na na
10 65884.246350309457 0.053129647572 cfg1 2 1 0 0 na na
10 65884.359350332826 0.053130840620 cfg1 2 1 0 0 na na
10 65884.469350320965 0.053131999629 cfg1 2 1 0 0 na na
10 65884.547350342694 0.053132815209 cfg1 2 1 0 0 na na
10 65884.571350328860 0.053133049466 cfg1 2 1 0 0 na na
10 65884.697350320549 0.053134399965 cfg1 2 1 0 0 na na
10 65884.755350376696 0.053135000642 cfg1 2 1 0 0 na na
10 65884.855350323028 0.053136061607 cfg1 2 1 0 0 na na
10 65884.897350339174 0.053136481772 cfg1 2 1 0 0 na na
10 65884.927350318313 0.053136819362 cfg1 2 1 0 0 na na
10 65884.930350343893 0.053136824843 cfg1 2 1 0 0 na na
10 65885.048350326192 0.053138090601 cfg1 2 1 0 0 na na
10 65885.067350269390 0.053138279542 cfg1 2 1 0 0 na na
10 65885.081350313442 0.053138433957 cfg1 2 1 0 0 na na
10 65885.137350348546 0.053139006946 cfg1 2 1 0 0 na na
10 65885.190350296717 0.053139577057 cfg1 2 1 0 0 na na
10 65885.196350353384 0.053139632753 cfg1 2 1 0 0 na na
10 65885.218350329143 0.053139859673 cfg1 2 1 0 0 na na
10 65885.262350343543 0.053140319435 cfg1 2 1 0 0 na na
10 65885.275350244786 0.053140481598 cfg1 2 1 0 0 na na
10 65885.361350273273 0.053141376742 cfg1 2 1 0 0 na na
10 65885.396350278943 0.053141729277 cfg1 2 1 0 0 na na
10 65885.454350354741 0.053142364903 cfg1 2 1 0 0 na na
10 65885.458350331361 0.053142388820 cfg1 2 1 0 0 na na
10 65885.480350356454 0.053142629906 cfg1 2 1 0 0 na na
10 65885.489350312267 0.053142720914 cfg1 2 1 0 0 na na
10 65885.592350321597 0.053143802243 cfg1 2 1 0 0 na na
10 65885.637350283906 0.053144266290 cfg1 2 1 0 0 na na
10 65885.763350299525 0.053145602049 cfg1 2 1 0 0 na na
10 65885.778350319781 0.053145775016 cfg1 2 1 0 0 na na
10 65885.783350308708 0.053145801885 cfg1 2 1 0 0 na na
10 65885.830350287356 0.053146314779 cfg1 2 1 0 0 na na
10 65885.943350270826 0.053147486012 cfg1 2 1 0 0 na na
10 65885.989350293050 0.053147988055 cfg1 2 1 0 0 na na
10 65885.998350361224 0.053148065169 cfg1 2 1 0 0 na na
10 65886.214350359154 0.053150341596 cfg1 2 1 0 0 na na
10 65886.242350301779 0.053150645667 cfg1 2 1 0 0 na na
10 65886.377350285826 0.053152064809 cfg1 2 1 0 0 na na
10 65886.388350324612 0.053152197550 cfg1 2 1 0 0 na na
10 65886.509350251154 0.053153470740 cfg1 2 1 0 0 na na
10 65886.578350372880 0.053154178911 cfg1 2 1 0 0 na na
10 65886.594350306882 0.053154352224 cfg1 2 1 0 0 na na
10 65886.724350302707 0.053155716561 cfg1 2 1 0 0 na na
10 65886.783350283825 0.053156360015 cfg1 2 1 0 0 na na
10 65886.804350349635 0.053156563052 cfg1 2 1 0 0 na na
10 65886.809350313093 0.053156610222 cfg1 2 1 0 0 na na
10 65887.203350273215 0.053160784561 cfg1 2 1 0 0 na na
10 65887.296350322631 0.053161753931 cfg1 2 1 0 0 na na
10 65887.333350308146 0.053162149977 cfg1 2 1 0 0 na na
10 65887.358350368671 0.053162415799 cfg1 2 1 0 0 na na
10 65887.375350277232 0.053162589268 cfg1 2 1 0 0 na na
10 65887.412350287540 0.053162971380 cfg1 2 1 0 0 na na
10 65887.650350354417 0.053165472430 cfg1 2 1 0 0 na na
10 65887.850350312422 0.053167589580 cfg1 2 1 0 0 na na
10 65887.855350295679 0.053167639382 cfg1 2 1 0 0 na na
10 65887.857350255530 0.053167676529 cfg1 2 1 0 0 na na
10 65887.877350269128 0.053167870761 cfg1 2 1 0 0 na na
10 65887.927350321383 0.053168413084 cfg1 2 1 0 0 na na
10 65888.001350267849 0.053169194679 cfg1 2 1 0 0 na na
10 65888.073350347718 0.053169954932 cfg1 2 1 0 0 na na
10 65888.100350311983 0.053170244632 cfg1 2 1 0 0 na na
10 65888.124350300740 0.053170485560 cfg1 2 1 0 0 na na
10 65888.228350285642 0.053171589887 cfg1 2 1 0 0 na na
10 65888.332350342771 0.053172675212 cfg1 2 1 0 0 na na
10 65888.406350285090 0.053173466057 cfg1 2 1 0 0 na na
10 65888.500350254031 0.053174457757 cfg1 2 1 0 0 na na
10 65888.596350290702 0.053175465559 cfg1 2 1 0 0 na na
10 65888.626350354679 0.053175777533 cfg1 2 1 0 0 na na
10 65888.755350296482 0.053177149757 cfg1 2 1 0 0 na na
10 65888.813350280386 0.053177756874 cfg1 2 1 0 0 na na
10 65888.870350278288 0.053178365325 cfg1 2 1 0 0 na na
10 65888.904350332768 0.053178714937 cfg1 2 1 0 0 na na
10 65888.934350288205 0.053179029255 cfg1 2 1 0 0 na na
10 65888.961350332142 0.053179318071 cfg1 2 1 0 0 na na
10 65888.974350349753 0.053179457525 cfg1 2 1 0 0 na na
10 65889.069350333610 0.053180470773 cfg1 2 1 0 0 na na
10 65889.139350264727 0.053181187197 cfg1 2 1 0 0 na na
10 65889.154350289512 0.053181356572 cfg1 2 1 0 0 na na
10 65889.159350297005 0.053181414106 cfg1 2 1 0 0 na na
10 65889.280350275373 0.053182683537 cfg1 2 1 0 0 na na
10 65889.342350362498 0.053183350874 cfg1 2 1 0 0 na na
10 65889.364350358663 0.053183565618 cfg1 2 1 0 0 na na
10 65889.366350341210 0.053183584581 cfg1 2 1 0 0 na na
10 65889.380350285509 0.053183750311 cfg1 2 1 0 0 na na
10 65889.420350286402 0.053184178845 cfg1 2 1 0 0 na na
10 65889.712350263491 0.053187253688 cfg1 2 1 0 0 na na
10 65889.719350339857 0.053187313425 cfg1 2 1 0 0 na na
10 65889.744350322843 0.053187582913 cfg1 2 1 0 0 na na
10 65889.811350325123 0.053188287229 cfg1 2 1 0 0 na na
10 65889.846350320655 0.053188673245 cfg1 2 1 0 0 na na
10 65889.881350270443 0.053189021393 cfg1 2 1 0 0 na na
10 65889.890350375104 0.053189144544 cfg1 2 1 0 0 na na
10 65889.997350289445 0.053190262411 cfg1 2 1 0 0 na na
10 65890.077350316082 0.053191109177 cfg1 2 1 0 0 na na
10 65890.126350268653 0.053191621006 cfg1 2 1 0 0 na na
10 65890.154350308916 0.053191914771 cfg1 2 1 0 0 na na
10 65890.276350351351 0.053193222883 cfg1 2 1 0 0 na na
10 65890.387350345135 0.053194388169 cfg1 2 1 0 0 na na
10 65890.409350314070 0.053194626342 cfg1 2 1 0 0 na na
10 65890.444350323776 0.053194992290 cfg1 2 1 0 0 na na
10 65890.528350309694 0.053195865791 cfg1 2 1 0 0 na na
10 65890.535350344839 0.053195942220 cfg1 2 1 0 0 na na
10 65890.536350355653 0.053195965932 cfg1 2 1 0 0 na na
10 65890.613350311997 0.053196776741 cfg1 2 1 0 0 na na
10 65890.799350366553 0.053198742364 cfg1 2 1 0 0 na na
10 65890.916350314287 0.053199982512 cfg1 2 1 0 0 na na
10 65891.080350275025 0.053201707023 cfg1 2 1 0 0 na na
10 65891.094350255315 0.053201861526 cfg1 2 1 0 0 na na
10 65891.183350305174 0.053202810490 cfg1 2 1 0 0 na na
10 65891.217350329124 0.053203162681 cfg1 2 1 0 0 na na
10 65891.285350280813 0.053203890587 cfg1 2 1 0 0 na na
10 65891.338350367759 0.053204443239 cfg1 2 1 0 0 na na
10 65891.346350332070 0.053204534917 cfg1 2 1 0 0 na na
10 65891.372350408617 0.053204792012 cfg1 2 1 0 0 na na
10 65891.425350303417 0.053205370211 cfg1 2 1 0 0 na na
10 65891.481350277596 0.053205958529 cfg1 2 1 0 0 na na
10 65891.775350336550 0.053209056963 cfg1 2 1 0 0 na na
10 65891.778350347500 0.053209097238 cfg1 2 1 0 0 na na
10 65891.931350287378 0.053210714638 cfg1 2 1 0 0 na na
10 65891.979350327450 0.053211234907 cfg1 2 1 0 0 na na
10 65891.986350288172 0.053211304541 cfg1 2 1 0 0 na na
10 65892.121350297914 0.053212730770 cfg1 2 1 0 0 na na
10 65892.133350275152 0.053212838724 cfg1 2 1 0 0 na na
10 65892.404350383008 0.053215732970 cfg1 2 1 0 0 na na
10 65892.465350354408 0.053216370158 cfg1 2 1 0 0 na na
10 65892.521350292550 0.053216963092 cfg1 2 1 0 0 na na
10 65892.567350282991 0.053217441825 cfg1 2 1 0 0 na na
10 65892.576350333724 0.053217537498 cfg1 2 1 0 0 na na
10 65892.610350331776 0.053217896781 cfg1 2 1 0 0 na na
10 65892.631350280677 0.053218134299 cfg1 2 1 0 0 na na
10 65892.784350304341 0.053219761214 cfg1 2 1 0 0 na na
10 65893.029350310502 0.053222351378 cfg1 2 1 0 0 na na
10 65893.046350290348 0.053222520595 cfg1 2 1 0 0 na na
10 65893.106350317701 0.053223146526 cfg1 2 1 0 0 na na
10 65893.112350336368 0.053223210066 cfg1 2 1 0 0 na na
10 65893.145350254579 0.053223586003 cfg1 2 1 0 0 na na
10 65893.333350306523 0.053225570428 cfg1 2 1 0 0 na na
10 65893.351350290387 0.053225750112 cfg1 2 1 0 0 na na
10 65893.425350312395 0.053226524934 cfg1 2 1 0 0 na na
10 65893.445350280466 0.053226738180 cfg1 2 1 0 0 na na
10 65893.456350356675 0.053226873499 cfg1 2 1 0 0 na na
10 65893.470350315129 0.053227024631 cfg1 2 1 0 0 na na
10 65893.677350318160 0.053229209341 cfg1 2 1 0 0 na na
10 65893.715350342724 0.053229612926 cfg1 2 1 0 0 na na
10 65893.741350349607 0.053229886853 cfg1 2 1 0 0 na na
10 65893.787350313434 0.053230376467 cfg1 2 1 0 0 na na
10 65893.834350306562 0.053230879231 cfg1 2 1 0 0 na na
10 65893.871350303865 0.053231253240 cfg1 2 1 0 0 na na
10 65894.135350337027 0.053234066430 cfg1 2 1 0 0 na na
10 65894.224350246152 0.053235021088 cfg1 2 1 0 0 na na
10 65894.281350295105 0.053235607711 cfg1 2 1 0 0 na na
10 65894.400350295566 0.053236889384 cfg1 2 1 0 0 na na
10 65894.475350297223 0.053237675008 cfg1 2 1 0 0 na na
10 65894.518350361787 0.053238131219 cfg1 2 1 0 0 na na
10 65894.584350359083 0.053238835395 cfg1 2 1 0 0 na na
10 65894.765350333099 0.053240757495 cfg1 2 1 0 0 na na
10 65894.893350282426 0.053242121264 cfg1 2 1 0 0 na na
10 65894.956350328508 0.053242778142 cfg1 2 1 0 0 na na
10 65894.983350289504 0.053243059010 cfg1 2 1 0 0 na na
10 65894.986350370004 0.053243099469 cfg1 2 1 0 0 na na
10 65895.059350271193 0.053243881258 cfg1 2 1 0 0 na na
10 65895.103350352983 0.053244320950 cfg1 2 1 0 0 na na
10 65895.147350293317 0.053244790609 cfg1 2 1 0 0 na na
10 65895.177350315129 0.053245124582 cfg1 2 1 0 0 na na
10 65895.222350284382 0.053245604060 cfg1 2 1 0 0 na na
10 65895.316350349313 0.053246594764 cfg1 2 1 0 0 na na
10 65895.327350338610 0.053246722403 cfg1 2 1 0 0 na na
10 65895.387350336180 0.053247338547 cfg1 2 1 0 0 na na
10 65895.468350343415 0.053248221418 cfg1 2 1 0 0 na na
10 65895.573350303728 0.053249310424 cfg1 2 1 0 0 na na
10 65895.690350292703 0.053250581856 cfg1 2 1 0 0 na na
10 65895.828350322347 0.053252019541 cfg1 2 1 0 0 na na
10 65895.913350310299 0.053252940789 cfg1 2 1 0 0 na na
10 65895.920350286959 0.053253013715 cfg1 2 1 0 0 na na
10 65895.930350276442 0.053253112615 cfg1 2 1 0 0 na na
10 65895.938350282164 0.053253209839 cfg1 2 1 0 0 na na
10 65896.032350338890 0.053254195904 cfg1 2 1 0 0 na na
10 65896.162350296354 0.053255587252 cfg1 2 1 0 0 na na
10 65896.279350334687 0.053256811373 cfg1 2 1 0 0 na na
10 65896.289350303388 0.053256917627 cfg1 2 1 0 0 na na
10 65896.323350339183 0.053257296176 cfg1 2 1 0 0 na na
10 65896.329350301515 0.053257351848 cfg1 2 1 0 0 na na
10 65896.398350324482 0.053258072964 cfg1 2 1 0 0 na na
10 65896.506350312244 0.053259224553 cfg1 2 1 0 0 na na
10 65896.651350329486 0.053260775124 cfg1 2 1 0 0 na na
10 65896.658350323775 0.053260858699 cfg1 2 1 0 0 na na
10 65896.810350341497 0.053262466678 cfg1 2 1 0 0 na na
10 65896.861350354733 0.053263001828 cfg1 2 1 0 0 na na
10 65896.913350317621 0.053263566540 cfg1 2 1 0 0 na na
10 65897.245350347761 0.053267081014 cfg1 2 1 0 0 na na
10 65897.258350335384 0.053267216493 cfg1 2 1 0 0 na na
10 65897.303350311020 0.053267699243 cfg1 2 1 0 0 na na
10 65897.323350349981 0.053267925160 cfg1 2 1 0 0 na na
10 65897.400350316396 0.053268752925 cfg1 2 1 0 0 na na
10 65897.530350298474 0.053270119876 cfg1 2 1 0 0 na na
10 65897.541350329174 0.053270249080 cfg1 2 1 0 0 na na
10 65897.666350266701 0.053271575044 cfg1 2 1 0 0 na na
10 65897.681350332835 0.053271736824 cfg1 2 1 0 0 na na
10 65897.903350309710 0.053274102403 cfg1 2 1 0 0 na na
10 65898.006350342286 0.053275197847 cfg1 2 1 0 0 na na
10 65898.010350324480 0.053275241897 cfg1 2 1 0 0 na na
10 65898.029350351856 0.053275434100 cfg1 2 1 0 0 na na
10 65898.079350283468 0.053275948821 cfg1 2 1 0 0 na na
10 65898.252350282189 0.053277794488 cfg1 2 1 0 0 na na
10 65898.512350323966 0.053280569306 cfg1 2 1 0 0 na na
10 65898.585350336366 0.053281335775 cfg1 2 1 0 0 na na
10 65898.665350298123 0.053282201987 cfg1 2 1 0 0 na na
10 65898.723350339129 0.053282802260 cfg1 2 1 0 0 na na
10 65898.852350313116 0.053284204180 cfg1 2 1 0 0 na na
10 65898.989350338146 0.053285654192 cfg1 2 1 0 0 na na
10 65899.136350269416 0.053287225609 cfg1 2 1 0 0 na na
10 65899.138350345304 0.053287229300 cfg1 2 1 0 0 na na
10 65899.151350329697 0.053287372631 cfg1 2 1 0 0 na na
10 65899.184350255363 0.053287726460 cfg1 2 1 0 0 na na
10 65899.386350330146 0.053289868553 cfg1 2 1 0 0 na na
10 65899.558350308680 0.053291716632 cfg1 2 1 0 0 na na
10 65899.649350288085 0.053292693316 cfg1 2 1 0 0 na na
10 65899.652350356171 0.053292708303 cfg1 2 1 0 0 na na
10 65899.694350360478 0.053293149458 cfg1 2 1 0 0 na na
10 65899.785350302814 0.053294135922 cfg1 2 1 0 0 na na
10 65900.000350316327 0.053296426113 cfg1 2 1 0 0 na na
10 65900.228350337232 0.053298851635 cfg1 2 1 0 0 na na
10 65900.423350316212 0.053300943163 cfg1 2 1 0 0 na na
10 65900.527350345642 0.053302025109 cfg1 2 1 0 0 na na
10 65900.552350313588 0.053302297965 cfg1 2 1 0 0 na na
10 65900.579350312733 0.053302577954 cfg1 2 1 0 0 na na
10 65900.613350305230 0.053302960447 cfg1 2 1 0 0 na na
10 65900.773350290754 0.053304673000 cfg1 2 1 0 0 na na
10 65900.980350267759 0.053306854313 cfg1 2 1 0 0 na na
10 65900.989350331338 0.053306956734 cfg1 2 1 0 0 na na
10 65901.080350258299 0.053307928672 cfg1 2 1 0 0 na na
10 65901.114350252622 0.053308299361 cfg1 2 1 0 0 na na
10 65901.137350334385 0.053308529045 cfg1 2 1 0 0 na na
10 65901.292350288275 0.053310184858 cfg1 2 1 0 0 na na
10 65901.294350344233 0.053310232643 cfg1 2 1 0 0 na na
10 65901.301350351301 0.053310306831 cfg1 2 1 0 0 na na
10 65901.406350299237 0.053311429073 cfg1 2 1 0 0 na na
10 65901.494350323016 0.053312354476 cfg1 2 1 0 0 na na
10 65901.551350271281 0.053312953261 cfg1 2 1 0 0 na na
10 65901.562350298906 0.053313071656 cfg1 2 1 0 0 na na
10 65901.602350335060 0.053313515422 cfg1 2 1 0 0 na na
10 65901.649350330053 0.053314021199 cfg1 2 1 0 0 na na
10 65901.801350339462 0.053315634632 cfg1 2 1 0 0 na na
10 65901.878350312045 0.053316463845 cfg1 2 1 0 0 na na
10 65901.952350294095 0.053317246757 cfg1 2 1 0 0 na na
10 65902.032350330084 0.053318104634 cfg1 2 1 0 0 na na
10 65902.042350263970 0.053318210581 cfg1 2 1 0 0 na na
10 65902.047350286338 0.053318253122 cfg1 2 1 0 0 na na
10 65902.070350263536 0.053318493158 cfg1 2 1 0 0 na na
10 65902.071350283693 0.053318498265 cfg1 2 1 0 0 na na
10 65902.077350269051 0.053318572817 cfg1 2 1 0 0 na na
10 65902.177350347050 0.053319640012 cfg1 2 1 0 0 na na
10 65902.297350282822 0.053320916123 cfg1 2 1 0 0 na na
10 65902.317350256998 0.053321139977 cfg1 2 1 0 0 na na
10 65902.415350307442 0.053322181225 cfg1 2 1 0 0 na na
10 65902.442350335517 0.053322467476 cfg1 2 1 0 0 na na
10 65902.625350301622 0.053324428837 cfg1 2 1 0 0 na na
10 65902.658350343507 0.053324776243 cfg1 2 1 0 0 na na
10 65903.005350320934 0.053328483989 cfg1 2 1 0 0 na na
10 65903.042350276005 0.053328883261 cfg1 2 1 0 0 na na
10 65903.100350283688 0.053329503709 cfg1 2 1 0 0 na na
10 65903.128350349821 0.053329804239 cfg1 2 1 0 0 na na
10 65903.156350319981 0.053330103159 cfg1 2 1 0 0 na na
10 65903.216350318538 0.053330753410 cfg1 2 1 0 0 na na
10 65903.223350293072 0.053330805171 cfg1 2 1 0 0 na na
10 65903.522350360144 0.053334025775 cfg1 2 1 0 0 na na
10 65903.554350283971 0.053334347754 cfg1 2 1 0 0 na na
10 65903.611350312801 0.053334957126 cfg1 2 1 0 0 na na
10 65903.642350315700 0.053335296650 cfg1 2 1 0 0 na na
10 65903.709350323880 0.053336021813 cfg1 2 1 0 0 na na
10 65903.755350349836 0.053336499464 cfg1 2 1 0 0 na na
10 65903.759350261537 0.053336540777 cfg1 2 1 0 0 na na
10 65903.790350323900 0.053336885159 cfg1 2 1 0 0 na na
10 65903.854350361637 0.053337551050 cfg1 2 1 0 0 na na
10 65903.867350290669 0.053337693165 cfg1 2 1 0 0 na na
10 65903.961350267455 0.053338712316 cfg1 2 1 0 0 na na
10 65904.209350321307 0.053341366421 cfg1 2 1 0 0 na na
10 65904.213350335084 0.053341391149 cfg1 2 1 0 0 na na
10 65904.450350298291 0.053343945401 cfg1 2 1 0 0 na na
10 65904.507350320614 0.053344553121 cfg1 2 1 0 0 na na
10 65904.639350289092 0.053345971020 cfg1 2 1 0 0 na na
10 65904.887350343815 0.053348621348 cfg1 2 1 0 0 na na
10 65905.075350343026 0.053350623082 cfg1 2 1 0 0 na na
10 65905.185350286490 0.053351807767 cfg1 2 1 0 0 na na
10 65905.187350305271 0.053351821471 cfg1 2 1 0 0 na na
10 65905.260350334210 0.053352604635 cfg1 2 1 0 0 na na
10 65905.515350334101 0.053355329069 cfg1 2 1 0 0 na na
10 65905.529350327042 0.053355474714 cfg1 2 1 0 0 na na
10 65905.530350279235 0.053355486043 cfg1 2 1 0 0 na na
10 65905.618350245655 0.053356451270 cfg1 2 1 0 0 na na
10 65905.898350307210 0.053359448190 cfg1 2 1 0 0 na na
10 65905.913350345288 0.053359602815 cfg1 2 1 0 0 na na
10 65905.994350299900 0.053360482674 cfg1 2 1 0 0 na na
10 65906.046350310005 0.053361031252 cfg1 2 1 0 0 na na
10 65906.211350322509 0.053362799790 cfg1 2 1 0 0 na na
10 65906.214350318182 0.053362829757 cfg1 2 1 0 0 na na
10 65906.325350314049 0.053364014893 cfg1 2 1 0 0 na na
10 65906.363350309329 0.053364434701 cfg1 2 1 0 0 na na
10 65906.410350269650 0.053364912144 cfg1 2 1 0 0 na na
10 65906.464350273882 0.053365509355 cfg1 2 1 0 0 na na
10 65906.484350295290 0.053365731884 cfg1 2 1 0 0 na na
10 65906.659350342626 0.053367599343 cfg1 2 1 0 0 na na
10 65906.758350309890 0.053368643396 cfg1 2 1 0 0 na na
10 65906.774350304332 0.053368834643 cfg1 2 1 0 0 na na
10 65906.786350352028 0.053368957888 cfg1 2 1 0 0 na na
10 65906.794350324237 0.053369044709 cfg1 2 1 0 0 na na
10 65906.814350381667 0.053369267482 cfg1 2 1 0 0 na na
10 65906.857350295587 0.053369710454 cfg1 2 1 0 0 na na
10 65906.994350276302 0.053371181807 cfg1 2 1 0 0 na na
10 65907.080350343330 0.053372105050 cfg1 2 1 0 0 na na
10 65907.192350360716 0.053373301348 cfg1 2 1 0 0 na na
10 65907.212350323798 0.053373519069 cfg1 2 1 0 0 na na
10 65907.259350326115 0.053374016305 cfg1 2 1 0 0 na na
10 65907.334350336134 0.053374817004 cfg1 2 1 0 0 na na
10 65907.405350292158 0.053375605163 cfg1 2 1 0 0 na na
10 65907.491350360293 0.053376529601 cfg1 2 1 0 0 na na
10 65907.567350314365 0.053377322102 cfg1 2 1 0 0 na na
10 65907.709350311811 0.053378849204 cfg1 2 1 0 0 na na
10 65907.757350327360 0.053379354768 cfg1 2 1 0 0 na na
10 65907.893350352510 0.053380837980 cfg1 2 1 0 0 na na
10 65907.962350327336 0.053381561389 cfg1 2 1 0 0 na na
10 65908.077350291580 0.053382798922 cfg1 2 1 0 0 na na
10 65908.089350308615 0.053382935290 cfg1 2 1 0 0 na na
10 65908.111350317683 0.053383158439 cfg1 2 1 0 0 na na
10 65908.129350289062 0.053383357209 cfg1 2 1 0 0 na na
10 65908.189350317573 0.053383990839 cfg1 2 1 0 0 na na
10 65908.294350283056 0.053385123475 cfg1 2 1 0 0 na na
10 65908.307350275182 0.053385256568 cfg1 2 1 0 0 na na
10 65908.313350343272 0.053385337335 cfg1 2 1 0 0 na na
10 65908.454350364979 0.053386849930 cfg1 2 1 0 0 na na
10 65908.465350305763 0.053386979793 cfg1 2 1 0 0 na na
10 65908.532350327179 0.053387680734 cfg1 2 1 0 0 na na
10 65908.583350262946 0.053388228899 cfg1 2 1 0 0 na na
10 65908.608350271655 0.053388490328 cfg1 2 1 0 0 na na
10 65908.615350297407 0.053388585977 cfg1 2 1 0 0 na na
10 65908.761350326383 0.053390150991 cfg1 2 1 0 0 na na
10 65908.800350257963 0.053390564042 cfg1 2 1 0 0 na na
10 65908.982350275536 0.053392531916 cfg1 2 1 0 0 na na
10 65909.033350263779 0.053393058099 cfg1 2 1 0 0 na na
10 65909.041350328333 0.053393165883 cfg1 2 1 0 0 na na
10 65909.219350316272 0.053395058723 cfg1 2 1 0 0 na na
10 65909.229350304671 0.053395181293 cfg1 2 1 0 0 na na
10 65909.252350319322 0.053395409224 cfg1 2 1 0 0 na na
10 65909.547350379408 0.053398594083 cfg1 2 1 0 0 na na
10 65909.552350315124 0.053398643591 cfg1 2 1 0 0 na na
10 65909.635350318130 0.053399545378 cfg1 2 1 0 0 na na
10 65909.685350382886 0.053400078296 cfg1 2 1 0 0 na na
10 65909.835350353620 0.053401674153 cfg1 2 1 0 0 na na
10 65910.027350292587 0.053403739802 cfg1 2 1 0 0 na na
10 65910.042350345115 0.053403892942 cfg1 2 1 0 0 na na
10 65910.052350273960 0.053404003045 cfg1 2 1 0 0 na na
10 65910.137350282574 0.053404919165 cfg1 2 1 0 0 na na
10 65910.187350317946 0.053405477116 cfg1 2 1 0 0 na na
10 65910.292350259833 0.053406596697 cfg1 2 1 0 0 na na
10 65910.430350249604 0.053408087207 cfg1 2 1 0 0 na na
10 65910.571350343282 0.053409584611 cfg1 2 1 0 0 na na
10 65910.733350343080 0.053411349568 cfg1 2 1 0 0 na na
10 65910.882350319007 0.053412932053 cfg1 2 1 0 0 na na
10 65910.988350328778 0.053414080877 cfg1 2 1 0 0 na na
10 65911.056350318007 0.053414812797 cfg1 2 1 0 0 na na
10 65911.089350347241 0.053415170807 cfg1 2 1 0 0 na na
10 65911.128350327567 0.053415578072 cfg1 2 1 0 0 na na
10 65911.148350307156 0.053415789626 cfg1 2 1 0 0 na na
10 65911.180350285192 0.053416155309 cfg1 2 1 0 0 na na
10 65911.209350346849 0.053416457054 cfg1 2 1 0 0 na na
10 65911.289350342568 0.053417321917 cfg1 2 1 0 0 na na
10 65911.297350306782 0.053417415736 cfg1 2 1 0 0 na na
10 65911.361350339001 0.053418094345 cfg1 2 1 0 0 na na
10 65911.478350308276 0.053419348846 cfg1 2 1 0 0 na na
10 65911.564350252007 0.053420279969 cfg1 2 1 0 0 na na
10 65911.591350320350 0.053420580652 cfg1 2 1 0 0 na na
10 65911.597350326502 0.053420621466 cfg1 2 1 0 0 na na
10 65911.753350357524 0.053422299335 cfg1 2 1 0 0 na na
10 65911.939350325168 0.053424328110 cfg1 2 1 0 0 na na
10 65912.052350333882 0.053425529976 cfg1 2 1 0 0 na na
10 65912.235350330956 0.053427497319 cfg1 2 1 0 0 na na
10 65912.239350251181 0.053427553768 cfg1 2 1 0 0 na na
10 65912.253350361963 0.053427684973 cfg1 2 1 0 0 na na
10 65912.753350351724 0.053433088284 cfg1 2 1 0 0 na na
10 65912.909350291877 0.053434749136 cfg1 2 1 0 0 na na
10 65913.061350282928 0.053436410990 cfg1 2 1 0 0 na na
10 65913.180350295412 0.053437679920 cfg1 2 1 0 0 na na
10 65913.260350357203 0.053438533482 cfg1 2 1 0 0 na na
10 65913.484350349055 0.053440947633 cfg1 2 1 0 0 na na
10 65913.538350323648 0.053441557074 cfg1 2 1 0 0 na na
10 65913.565350267408 0.053441819418 cfg1 2 1 0 0 na na
10 65913.570350350028 0.053441886537 cfg1 2 1 0 0 na na
10 65913.737350360306 0.053443697308 cfg1 2 1 0 0 na na
10 65913.834350361372 0.053444742653 cfg1 2 1 0 0 na na
10 65913.858350330398 0.053444986501 cfg1 2 1 0 0 na na
10 65914.027350305282 0.053446808866 cfg1 2 1 0 0 na na
10 65914.086350309561 0.053447455693 cfg1 2 1 0 0 na na
10 65914.177350323117 0.053448434897 cfg1 2 1 0 0 na na
10 65914.303350375954 0.053449797616 cfg1 2 1 0 0 na na
10 65914.315350270460 0.053449907736 cfg1 2 1 0 0 na na
10 65914.370350327548 0.053450521976 cfg1 2 1 0 0 na na
10 65914.421350333754 0.053451063015 cfg1 2 1 0 0 na na
10 65914.484350333383 0.053451754736 cfg1 2 1 0 0 na na
10 65914.610350308890 0.053453095791 cfg1 2 1 0 0 na na
10 65914.627350331452 0.053453286040 cfg1 2 1 0 0 na na
10 65914.683350334442 0.053453877978 cfg1 2 1 0 0 na na
10 65914.803350325019 0.053455199330 cfg1 2 1 0 0 na na
10 65914.914350353903 0.053456378252 cfg1 2 1 0 0 na na
10 65914.968350255921 0.053456971547 cfg1 2 1 0 0 na na
10 65915.172350349694 0.053459174022 cfg1 2 1 0 0 na na
10 65915.247350331518 0.053459992602 cfg1 2 1 0 0 na na
10 65915.342350326937 0.053461002720 cfg1 2 1 0 0 na na
10 65915.411350250937 0.053461755871 cfg1 2 1 0 0 na na
10 65915.721350354164 0.053465098179 cfg1 2 1 0 0 na na
10 65915.822350314610 0.053466191078 cfg1 2 1 0 0 na na
10 65915.861350291100 0.053466598018 cfg1 2 1 0 0 na na
10 65915.918350343650 0.053467220598 cfg1 2 1 0 0 na na
10 65915.983350292055 0.053467921316 cfg1 2 1 0 0 na na
10 65916.002350301107 0.053468120032 cfg1 2 1 0 0 na na
10 65916.027350334754 0.053468400359 cfg1 2 1 0 0 na na
10 65916.113350324815 0.053469347915 cfg1 2 1 0 0 na na
10 65916.246350294383 0.053470777737 cfg1 2 1 0 0 na na
10 65916.492350343070 0.053473427223 cfg1 2 1 0 0 na na
10 65916.538350323927 0.053473913998 cfg1 2 1 0 0 na na
10 65916.593350305216 0.053474514562 cfg1 2 1 0 0 na na
10 65916.667350283132 0.053475330263 cfg1 2 1 0 0 na na
10 65916.679350322193 0.053475445006 cfg1 2 1 0 0 na na
10 65916.731350336486 0.053476005014 cfg1 2 1 0 0 na na
10 65916.747350304528 0.053476199279 cfg1 2 1 0 0 na na
10 65916.844350257138 0.053477234818 cfg1 2 1 0 0 na na
10 65916.893350339820 0.053477768399 cfg1 2 1 0 0 na na
10 65916.912350304894 0.053477972845 cfg1 2 1 0 0 na na
10 65916.942350327094 0.053478302467 cfg1 2 1 0 0 na na
10 65917.354350287671 0.053482732886 cfg1 2 1 0 0 na na
10 65917.438350304879 0.053483653745 cfg1 2 1 0 0 na na
10 65917.896350343040 0.053488620038 cfg1 2 1 0 0 na na
10 65917.963350285425 0.053489334070 cfg1 2 1 0 0 na na
10 65918.085350274188 0.053490642597 cfg1 2 1 0 0 na na
10 65918.109350332933 0.053490926359 cfg1 2 1 0 0 na na
10 65918.151350275907 0.053491356076 cfg1 2 1 0 0 na na
10 65918.176350272861 0.053491629367 cfg1 2 1 0 0 na na
10 65918.197350268111 0.053491866179 cfg1 2 1 0 0 na na
10 65918.240350280098 0.053492348108 cfg1 2 1 0 0 na na
10 65918.317350266019 0.053493161048 cfg1 2 1 0 0 na na
10 65918.418350273478 0.053494246236 cfg1 2 1 0 0 na na
10 65918.457350253734 0.053494688140 cfg1 2 1 0 0 na na
10 65918.565350285259 0.053495851328 cfg1 2 1 0 0 na na
10 65918.929350320011 0.053499791672 cfg1 2 1 0 0 na na
10 65918.970350280583 0.053500251532 cfg1 2 1 0 0 na na
10 65919.052350333928 0.053501126659 cfg1 2 1 0 0 na na
10 65919.070350352068 0.053501314729 cfg1 2 1 0 0 na na
10 65919.165350269556 0.053502335386 cfg1 2 1 0 0 na na
10 65919.320350343335 0.053504016203 cfg1 2 1 0 0 na na
10 65919.493350345090 0.053505902676 cfg1 2 1 0 0 na na
10 65919.840350290526 0.053509674417 cfg1 2 1 0 0 na na
10 65919.999350265170 0.053511376865 cfg1 2 1 0 0 na na
10 65920.071350294451 0.053512162220 cfg1 2 1 0 0 na na
10 65920.074350292940 0.053512192696 cfg1 2 1 0 0 na na
10 65920.113350282005 0.053512625196 cfg1 2 1 0 0 na na
10 65920.115350331041 0.053512647070 cfg1 2 1 0 0 na na
10 65920.359350308940 0.053515273513 cfg1 2 1 0 0 na na
10 65920.370350315536 0.053515398332 cfg1 2 1 0 0 na na
10 65920.408350267244 0.053515804592 cfg1 2 1 0 0 na na
10 65920.465350289381 0.053516451647 cfg1 2 1 0 0 na na
10 65920.498350305411 0.053516796895 cfg1 2 1 0 0 na na
10 65920.518350323281 0.053517013208 cfg1 2 1 0 0 na na
10 65920.525350258660 0.053517083229 cfg1 2 1 0 0 na na
10 65920.536350312211 0.053517204479 cfg1 2 1 0 0 na na
10 65920.600350268048 0.053517911948 cfg1 2 1 0 0 na na
10 65920.601350345256 0.053517907157 cfg1 2 1 0 0 na na
10 65920.680350336726 0.053518780129 cfg1 2 1 0 0 na na
10 65920.726350339922 0.053519261064 cfg1 2 1 0 0 na na
10 65920.795350292194 0.053520030049 cfg1 2 1 0 0 na na
10 65920.810350322194 0.053520167924 cfg1 2 1 0 0 na na
10 65920.826350309622 0.053520360216 cfg1 2 1 0 0 na na
10 65920.916350346977 0.053521321118 cfg1 2 1 0 0 na na
10 65921.253350316621 0.053524983705 cfg1 2 1 0 0 na na
10 65921.272350387575 0.053525196284 cfg1 2 1 0 0 na na
10 65921.425350328307 0.053526850112 cfg1 2 1 0 0 na na
10 65921.435350342626 0.053526945955 cfg1 2 1 0 0 na na
10 65921.450350344128 0.053527108200 cfg1 2 1 0 0 na na
10 65921.510350265270 0.053527764556 cfg1 2 1 0 0 na na
10 65921.573350316060 0.053528448878 cfg1 2 1 0 0 na na
10 65921.625350338551 0.053529027676 cfg1 2 1 0 0 na na
10 65921.670350296193 0.053529523235 cfg1 2 1 0 0 na na
10 65921.721350246001 0.053530070762 cfg1 2 1 0 0 na na
10 65921.858350304119 0.053531538646 cfg1 2 1 0 0 na na
10 65921.891350348297 0.053531909716 cfg1 2 1 0 0 na na
10 65921.928350325256 0.053532296550 cfg1 2 1 0 0 na na
10 65921.991350299579 0.053533008272 cfg1 2 1 0 0 na na
10 65922.025350292205 0.053533371975 cfg1 2 1 0 0 na na
10 65922.168350283727 0.053534916759 cfg1 2 1 0 0 na na
10 65922.202350293941 0.053535273344 cfg1 2 1 0 0 na na
10 65922.669350312029 0.053540366366 cfg1 2 1 0 0 na na
10 65922.816350302323 0.053541965320 cfg1 2 1 0 0 na na
10 65922.842350378087 0.053542247604 cfg1 2 1 0 0 na na
10 65922.899350322029 0.053542867281 cfg1 2 1 0 0 na na
10 65923.134350279747 0.053545421515 cfg1 2 1 0 0 na na
10 65923.172350350022 0.053545815199 cfg1 2 1 0 0 na na
10 65923.271350311681 0.053546904463 cfg1 2 1 0 0 na na
10 65923.344350287921 0.053547703377 cfg1 2 1 0 0 na na
10 65923.387350337580 0.053548147838 cfg1 2 1 0 0 na na
10 65923.436350295626 0.053548700997 cfg1 2 1 0 0 na na
10 65923.656350321751 0.053551082038 cfg1 2 1 0 0 na na
10 65923.706350352487 0.053551628261 cfg1 2 1 0 0 na na
10 65923.773350327789 0.053552367947 cfg1 2 1 0 0 na na
10 65923.886350332536 0.053553574104 cfg1 2 1 0 0 na na
10 65924.086350320362 0.053555762302 cfg1 2 1 0 0 na na
10 65924.111350360859 0.053556042654 cfg1 2 1 0 0 na na
10 65924.121350351735 0.053556134773 cfg1 2 1 0 0 na na
10 65924.233350323404 0.053557354223 cfg1 2 1 0 0 na na
10 65924.270350255450 0.053557756255 cfg1 2 1 0 0 na na
10 65924.330350301405 0.053558414614 cfg1 2 1 0 0 na na
10 65924.340350293664 0.053558520154 cfg1 2 1 0 0 na na
10 65924.369350368717 0.053558850239 cfg1 2 1 0 0 na na
10 65924.464350258769 0.053559863182 cfg1 2 1 0 0 na na
10 65924.509350318736 0.053560373188 cfg1 2 1 0 0 na na
10 65924.699350311194 0.053562439564 cfg1 2 1 0 0 na na
10 65924.771350330149 0.053563216045 cfg1 2 1 0 0 na na
10 65924.792350330832 0.053563439416 cfg1 2 1 0 0 na na
10 65925.065350308866 0.053566420440 cfg1 2 1 0 0 na na
10 65925.102350324465 0.053566810923 cfg1 2 1 0 0 na na
10 65925.112350293359 0.053566922488 cfg1 2 1 0 0 na na
10 65925.140350322109 0.053567237331 cfg1 2 1 0 0 na na
10 65925.176350354587 0.053567628104 cfg1 2 1 0 0 na na
10 65925.477350255699 0.053570906606 cfg1 2 1 0 0 na na
10 65925.553350346060 0.053571717378 cfg1 2 1 0 0 na na
10 65925.630350316493 0.053572561297 cfg1 2 1 0 0 na na
10 65925.688350326565 0.053573192894 cfg1 2 1 0 0 na na
10 65925.704350339876 0.053573356083 cfg1 2 1 0 0 na na
10 65925.887350312270 0.053575371309 cfg1 2 1 0 0 na na
10 65925.974350338545 0.053576322005 cfg1 2 1 0 0 na na
10 65926.129350293923 0.053578005554 cfg1 2 1 0 0 na na
10 65926.278350293613 0.053579623760 cfg1 2 1 0 0 na na
10 65926.287350266816 0.053579723795 cfg1 2 1 0 0 na na
10 65926.329350331593 0.053580172631 cfg1 2 1 0 0 na na
10 65926.499350342419 0.053582017208 cfg1 2 1 0 0 na na
10 65926.575350271058 0.053582867113 cfg1 2 1 0 0 na na
10 65926.577350360557 0.053582862616 cfg1 2 1 0 0 na na
10 65926.888350314133 0.053586279613 cfg1 2 1 0 0 na na
10 65926.896350317345 0.053586340306 cfg1 2 1 0 0 na na
10 65926.953350353697 0.053586963863 cfg1 2 1 0 0 na na
10 65926.965350293980 0.053587100361 cfg1 2 1 0 0 na na
10 65927.019350280327 0.053587706408 cfg1 2 1 0 0 na na
10 65927.022350328196 0.053587725478 cfg1 2 1 0 0 na na
10 65927.154350342450 0.053589153719 cfg1 2 1 0 0 na na
10 65927.250350317703 0.053590226826 cfg1 2 1 0 0 na na
10 65927.398350364661 0.053591821925 cfg1 2 1 0 0 na na
10 65927.406350342889 0.053591916990 cfg1 2 1 0 0 na na
10 65927.514350337284 0.053593083450 cfg1 2 1 0 0 na na
10 65927.523350363972 0.053593204903 cfg1 2 1 0 0 na na
10 65927.562350372508 0.053593602694 cfg1 2 1 0 0 na na
10 65927.754350300835 0.053595712114 cfg1 2 1 0 0 na na
10 65927.757350323949 0.053595730653 cfg1 2 1 0 0 na na
10 65927.799350331566 0.053596212368 cfg1 2 1 0 0 na na
10 65927.831350326537 0.053596547466 cfg1 2 1 0 0 na na
10 65927.983350312175 0.053598215177 cfg1 2 1 0 0 na na
10 65928.125350347857 0.053599758978 cfg1 2 1 0 0 na na
10 65928.379350286431 0.053602536463 cfg1 2 1 0 0 na na
10 65928.397350266947 0.053602714928 cfg1 2 1 0 0 na na
10 65928.656350290904 0.053605546978 cfg1 2 1 0 0 na na
10 65928.677350353571 0.053605788686 cfg1 2 1 0 0 na na
10 65928.882350358759 0.053608010434 cfg1 2 1 0 0 na na
10 65928.937350344089 0.053608605593 cfg1 2 1 0 0 na na
10 65928.949350366600 0.053608737713 cfg1 2 1 0 0 na na
10 65928.953350355634 0.053608780106 cfg1 2 1 0 0 na na
10 65928.956350282194 0.053608825898 cfg1 2 1 0 0 na na
10 65929.044350334403 0.053609774288 cfg1 2 1 0 0 na na
10 65929.120350329101 0.053610620973 cfg1 2 1 0 0 na na
10 65929.213350320801 0.053611639794 cfg1 2 1 0 0 na na
10 65929.550350356622 0.053615309173 cfg1 2 1 0 0 na na
10 65929.643350312773 0.053616330987 cfg1 2 1 0 0 na na
10 65929.776350312075 0.053617770347 cfg1 2 1 0 0 na na
10 65929.834350344596 0.053618416784 cfg1 2 1 0 0 na na
10 65929.881350366426 0.053618935858 cfg1 2 1 0 0 na na
10 65929.921350308145 0.053619378286 cfg1 2 1 0 0 na na
10 65930.046350300746 0.053620728782 cfg1 2 1 0 0 na na
10 65930.088350329805 0.053621187732 cfg1 2 1 0 0 na na
10 65930.145350268248 0.053621817459 cfg1 2 1 0 0 na na
10 65930.267350307643 0.053623149508 cfg1 2 1 0 0 na na
10 65930.323350299059 0.053623764685 cfg1 2 1 0 0 na na
10 65930.587350299995 0.053626648087 cfg1 2 1 0 0 na na
10 65930.745350263807 0.053628377429 cfg1 2 1 0 0 na na
10 65930.752350316526 0.053628463981 cfg1 2 1 0 0 na na
10 65930.787350338402 0.053628845673 cfg1 2 1 0 0 na na
10 65930.821350342916 0.053629214031 cfg1 2 1 0 0 na na
10 65930.842350301334 0.053629441183 cfg1 2 1 0 0 na na
10 65930.854350254018 0.053629573955 cfg1 2 1 0 0 na na
10 65930.966350355260 0.053630777661 cfg1 2 1 0 0 na na
10 65930.998350261982 0.053631130120 cfg1 2 1 0 0 na na
10 65931.029350325697 0.053631489847 cfg1 2 1 0 0 na na
10 65931.101350353030 0.053632254256 cfg1 2 1 0 0 na na
10 65931.111350255865 0.053632376887 cfg1 2 1 0 0 na na
10 65931.128350316106 0.053632576939 cfg1 2 1 0 0 na na
10 65931.208350327432 0.053633436084 cfg1 2 1 0 0 na na
10 65931.217350349343 0.053633547794 cfg1 2 1 0 0 na na
10 65931.238350353809 0.053633781950 cfg1 2 1 0 0 na na
10 65931.265350304644 0.053634063854 cfg1 2 1 0 0 na na
10 65931.282350352938 0.053634249352 cfg1 2 1 0 0 na na
10 65931.326350286088 0.053634734015 cfg1 2 1 0 0 na na
10 65931.443350308890 0.053636005263 cfg1 2 1 0 0 na na
10 65931.703350263258 0.053638854851 cfg1 2 1 0 0 na na
10 65931.774350349357 0.053639640212 cfg1 2 1 0 0 na na
10 65931.923350341614 0.053641256101 cfg1 2 1 0 0 na na
10 65932.068350332753 0.053642858600 cfg1 2 1 0 0 na na
10 65932.161350310551 0.053643854680 cfg1 2 1 0 0 na na
10 65932.263350312500 0.053644997921 cfg1 2 1 0 0 na na
10 65932.287350288446 0.053645256029 cfg1 2 1 0 0 na na
10 65932.433350287876 0.053646848862 cfg1 2 1 0 0 na na
10 65932.523350306169 0.053647840033 cfg1 2 1 0 0 na na
10 65932.559350260249 0.053648233691 cfg1 2 1 0 0 na na
10 65932.584350348222 0.053648486399 cfg1 2 1 0 0 na na
10 65932.606350319505 0.053648736533 cfg1 2 1 0 0 na na
10 65932.689350267972 0.053649638939 cfg1 2 1 0 0 na na
10 65932.693350325024 0.053649681473 cfg1 2 1 0 0 na na
10 65932.717350367991 0.053649955519 cfg1 2 1 0 0 na na
10 65932.726350313265 0.053650060337 cfg1 2 1 0 0 na na
10 65932.747350348525 0.053650295835 cfg1 2 1 0 0 na na
10 65932.813350315959 0.053651009212 cfg1 2 1 0 0 na na
10 65932.998350339270 0.053653038897 cfg1 2 1 0 0 na na
10 65933.174350274183 0.053654961821 cfg1 2 1 0 0 na na
10 65933.405350340263 0.053657504716 cfg1 2 1 0 0 na na
10 65933.462350320655 0.053658118156 cfg1 2 1 0 0 na na
10 65933.474350350528 0.053658260658 cfg1 2 1 0 0 na na
10 65933.557350329965 0.053659158188 cfg1 2 1 0 0 na na
10 65933.598350319669 0.053659610716 cfg1 2 1 0 0 na na
10 65933.678350338881 0.053660479167 cfg1 2 1 0 0 na na
10 65933.884350320120 0.053662751645 cfg1 2 1 0 0 na na
10 65933.916350377790 0.053663083770 cfg1 2 1 0 0 na na
10 65933.920350288768 0.053663131901 cfg1 2 1 0 0 na na
10 65933.943350359115 0.053663400995 cfg1 2 1 0 0 na na
10 65934.022350329339 0.053664262749 cfg1 2 1 0 0 na na
10 65934.026350351077 0.053664308748 cfg1 2 1 0 0 na na
10 65934.215350307677 0.053666376656 cfg1 2 1 0 0 na na
10 65934.299350321798 0.053667295213 cfg1 2 1 0 0 na na
10 65934.324350347600 0.053667569155 cfg1 2 1 0 0 na na
10 65934.401350264679 0.053668402490 cfg1 2 1 0 0 na na
10 65934.418350335527 0.053668589273 cfg1 2 1 0 0 na na
10 65934.420350338986 0.053668632465 cfg1 2 1 0 0 na na
10 65934.430350265271 0.053668723872 cfg1 2 1 0 0 na na
10 65934.494350319223 0.053669439497 cfg1 2 1 0 0 na na
10 65934.550350341054 0.053670050921 cfg1 2 1 0 0 na na
10 65934.653350316228 0.053671178021 cfg1 2 1 0 0 na na
10 65934.657350307010 0.053671232308 cfg1 2 1 0 0 na na
10 65934.778350335851 0.053672533611 cfg1 2 1 0 0 na na
10 65934.881350319103 0.053673666492 cfg1 2 1 0 0 na na
10 65935.010350346696 0.053675107304 cfg1 2 1 0 0 na na
10 65935.060350323206 0.053675635484 cfg1 2 1 0 0 na na
10 65935.165350378287 0.053676795065 cfg1 2 1 0 0 na na
10 65935.356350296239 0.053678897985 cfg1 2 1 0 0 na na
10 65935.436350263527 0.053679758651 cfg1 2 1 0 0 na na
10 65935.762350269614 0.053683332722 cfg1 2 1 0 0 na na
10 65935.829350300385 0.053684096401 cfg1 2 1 0 0 na na
10 65935.862350367638 0.053684429978 cfg1 2 1 0 0 na na
10 65935.887350257821 0.053684731674 cfg1 2 1 0 0 na na
10 65935.939350347497 0.053685293185 cfg1 2 1 0 0 na na
10 65935.958350311734 0.053685499289 cfg1 2 1 0 0 na na
10 65936.031350310785 0.053686309349 cfg1 2 1 0 0 na na
10 65936.059350321804 0.053686612328 cfg1 2 1 0 0 na na
10 65936.071350329652 0.053686731417 cfg1 2 1 0 0 na na
10 65936.105350355881 0.053687107322 cfg1 2 1 0 0 na na
10 65936.110350344899 0.053687182280 cfg1 2 1 0 0 na na
10 65936.217350326223 0.053688341927 cfg1 2 1 0 0 na na
10 65936.274350392821 0.053688972703 cfg1 2 1 0 0 na na
10 65936.327350263757 0.053689561503 cfg1 2 1 0 0 na na
10 65936.470350301297 0.053691135759 cfg1 2 1 0 0 na na
10 65936.680350279310 0.053693416694 cfg1 2 1 0 0 na na
10 65936.705350274286 0.053693715570 cfg1 2 1 0 0 na na
10 65936.803350334312 0.053694776226 cfg1 2 1 0 0 na na
10 65936.836350345465 0.053695130568 cfg1 2 1 0 0 na na
10 65936.878350304076 0.053695614019 cfg1 2 1 0 0 na na
10 65936.908350277672 0.053695943628 cfg1 2 1 0 0 na na
10 65937.000350266522 0.053696946450 cfg1 2 1 0 0 na na
10 65937.145350287125 0.053698547642 cfg1 2 1 0 0 na na
10 65937.203350330382 0.053699175031 cfg1 2 1 0 0 na na
10 65937.204350319667 0.053699188337 cfg1 2 1 0 0 na na
10 65937.252350332989 0.053699703759 cfg1 2 1 0 0 na na
10 65937.378350332202 0.053701097763 cfg1 2 1 0 0 na na
10 65937.381350327541 0.053701142701 cfg1 2 1 0 0 na na
10 65937.389350342910 0.053701215453 cfg1 2 1 0 0 na na
10 65937.468350252097 0.053702094733 cfg1 2 1 0 0 na na
10 65937.534350347330 0.053702810185 cfg1 2 1 0 0 na na
10 65937.542350297942 0.053702890808 cfg1 2 1 0 0 na na
10 65937.589350345085 0.053703434464 cfg1 2 1 0 0 na na
10 65937.608350307316 0.053703624573 cfg1 2 1 0 0 na na
10 65937.668350319003 0.053704273690 cfg1 2 1 0 0 na na
10 65937.827350316643 0.053706036616 cfg1 2 1 0 0 na na
10 65937.879350330929 0.053706595370 cfg1 2 1 0 0 na na
10 65937.958350304501 0.053707483172 cfg1 2 1 0 0 na na
10 65938.191350321791 0.053710028287 cfg1 2 1 0 0 na na
10 65938.225350258167 0.053710413706 cfg1 2 1 0 0 na na
10 65938.259350286760 0.053710782326 cfg1 2 1 0 0 na na
10 65938.262350277654 0.053710826224 cfg1 2 1 0 0 na na
10 65938.287350295185 0.053711087386 cfg1 2 1 0 0 na na
10 65938.505350316208 0.053713490678 cfg1 2 1 0 0 na na
10 65938.554350350034 0.053714019557 cfg1 2 1 0 0 na na
10 65938.614350351414 0.053714691437 cfg1 2 1 0 0 na na
10 65938.756350269095 0.053716242523 cfg1 2 1 0 0 na na
10 65938.774350294329 0.053716445133 cfg1 2 1 0 0 na na
10 65939.169350274009 0.053720808351 cfg1 2 1 0 0 na na
10 65939.184350348766 0.053720956653 cfg1 2 1 0 0 na na
10 65939.222350320683 0.053721396535 cfg1 2 1 0 0 na na
10 65939.466350313102 0.053724078149 cfg1 2 1 0 0 na na
10 65939.632350341565 0.053725912634 cfg1 2 1 0 0 na na
10 65939.645350305358 0.053726049791 cfg1 2 1 0 0 na na
10 65939.827350354440 0.053728053851 cfg1 2 1 0 0 na na
10 65939.859350282545 0.053728387077 cfg1 2 1 0 0 na na
10 65939.900350328434 0.053728851211 cfg1 2 1 0 0 na na
10 65939.935350327265 0.053729238947 cfg1 2 1 0 0 na na
10 65939.997350257805 0.053729919133 cfg1 2 1 0 0 na na
10 65940.008350253145 0.053730043838 cfg1 2 1 0 0 na na
10 65940.082350328376 0.053730869611 cfg1 2 1 0 0 na na
10 65940.160350364423 0.053731720265 cfg1 2 1 0 0 na na
10 65940.211350260796 0.053732276108 cfg1 2 1 0 0 na na
10 65940.276350340122 0.053732986188 cfg1 2 1 0 0 na na
10 65940.283350373626 0.053733084420 cfg1 2 1 0 0 na na
10 65940.377350337760 0.053734105548 cfg1 2 1 0 0 na na
10 65940.380350320931 0.053734129986 cfg1 2 1 0 0 na na
10 65940.464350336218 0.053735080169 cfg1 2 1 0 0 na na
10 65940.483350342088 0.053735282109 cfg1 2 1 0 0 na na
10 65940.504350313328 0.053735510970 cfg1 2 1 0 0 na na
10 65940.535350281874 0.053735852763 cfg1 2 1 0 0 na na
10 65940.862350340810 0.053739440579 cfg1 2 1 0 0 na na
10 65940.878350328584 0.053739632790 cfg1 2 1 0 0 na na
10 65940.911350353709 0.053739994002 cfg1 2 1 0 0 na na
10 65941.130350320507 0.053742419770 cfg1 2 1 0 0 na na
10 65941.162350278034 0.053742748873 cfg1 2 1 0 0 na na
10 65941.163350340890 0.053742778688 cfg1 2 1 0 0 na na
10 65941.266350345204 0.053743920537 cfg1 2 1 0 0 na na
10 65941.305350329055 0.053744351932 cfg1 2 1 0 0 na na
10 65941.344350339450 0.053744764138 cfg1 2 1 0 0 na na
10 65941.412350290268 0.053745514374 cfg1 2 1 0 0 na na
10 65941.463350322240 0.053746079786 cfg1 2 1 0 0 na na
10 65941.475350317366 0.053746210345 cfg1 2 1 0 0 na na
10 65941.584350309441 0.053747424177 cfg1 2 1 0 0 na na
10 65941.641350299171 0.053748055563 cfg1 2 1 0 0 na na
10 65941.654350300940 0.053748189850 cfg1 2 1 0 0 na na
10 65941.864350304075 0.053750504812 cfg1 2 1 0 0 na na
10 65941.905350296990 0.053750945240 cfg1 2 1 0 0 na na
10 65941.934350341713 0.053751269709 cfg1 2 1 0 0 na na
10 65941.975350284124 0.053751726344 cfg1 2 1 0 0 na na
10 65942.005350316379 0.053752062730 cfg1 2 1 0 0 na na
10 65942.073350321378 0.053752802175 cfg1 2 1 0 0 na na
10 65942.127350332199 0.053753419664 cfg1 2 1 0 0 na na
10 65942.177350366797 0.053753963745 cfg1 2 1 0 0 na na
10 65942.338350325242 0.053755747593 cfg1 2 1 0 0 na na
10 65942.339350366551 0.053755760722 cfg1 2 1 0 0 na na
10 65942.342350348147 0.053755778079 cfg1 2 1 0 0 na na
10 65942.396350279433 0.053756382833 cfg1 2 1 0 0 na na
10 65942.464350338139 0.053757116979 cfg1 2 1 0 0 na na
10 65942.538350320564 0.053757956994 cfg1 2 1 0 0 na na
10 65942.579350295453 0.053758402197 cfg1 2 1 0 0 na na
10 65942.592350271141 0.053758544612 cfg1 2 1 0 0 na na
10 65942.741350304330 0.053760190983 cfg1 2 1 0 0 na na
10 65942.749350340097 0.053760282443 cfg1 2 1 0 0 na na
10 65942.793350279592 0.053760769297 cfg1 2 1 0 0 na na
10 65942.818350388580 0.053761043444 cfg1 2 1 0 0 na na
10 65942.909350329171 0.053762030464 cfg1 2 1 0 0 na na
10 65942.927350323693 0.053762226850 cfg1 2 1 0 0 na na
10 65943.065350422266 0.053763766021 cfg1 2 1 0 0 na na
10 65943.156350315941 0.053764764340 cfg1 2 1 0 0 na na
10 65943.173350338677 0.053764955653 cfg1 2 1 0 0 na na
10 65943.205350277655 0.053765318419 cfg1 2 1 0 0 na na
10 65943.254350345124 0.053765840881 cfg1 2 1 0 0 na na
10 65943.312350352927 0.053766489453 cfg1 2 1 0 0 na na
10 65943.423350325014 0.053767717972 cfg1 2 1 0 0 na na
10 65943.448350257241 0.053767984468 cfg1 2 1 0 0 na na
10 65943.603350338424 0.053769709235 cfg1 2 1 0 0 na na
10 65943.641350352016 0.053770113735 cfg1 2 1 0 0 na na
10 65943.666350271427 0.053770406020 cfg1 2 1 0 0 na na
10 65943.829350261207 0.053772200238 cfg1 2 1 0 0 na na
10 65943.889350285450 0.053772858300 cfg1 2 1 0 0 na na
10 65943.890350351905 0.053772880529 cfg1 2 1 0 0 na na
10 65943.970350327751 0.053773765436 cfg1 2 1 0 0 na na
10 65943.989350318108 0.053773980112 cfg1 2 1 0 0 na na
10 65944.021350339527 0.053774328433 cfg1 2 1 0 0 na na
10 65944.138350268821 0.053775604283 cfg1 2 1 0 0 na na
10 65944.234350334232 0.053776675340 cfg1 2 1 0 0 na na
10 65944.386350305543 0.053778346071 cfg1 2 1 0 0 na na
10 65944.460350357338 0.053779182049 cfg1 2 1 0 0 na na
10 65944.602350321622 0.053780760500 cfg1 2 1 0 0 na na
10 65944.636350268733 0.053781113644 cfg1 2 1 0 0 na na
10 65944.672350294045 0.053781510667 cfg1 2 1 0 0 na na
10 65944.687350288266 0.053781700228 cfg1 2 1 0 0 na na
10 65944.741350298795 0.053782276667 cfg1 2 1 0 0 na na
10 65944.755350350224 0.053782451245 cfg1 2 1 0 0 na na
10 65944.822350316689 0.053783182520 cfg1 2 1 0 0 na na
10 65944.824350317021 0.053783188898 cfg1 2 1 0 0 na na
10 65945.166350279242 0.053786985613 cfg1 2 1 0 0 na na
10 65945.619350305960 0.053792002327 cfg1 2 1 0 0 na na
10 65945.650350299763 0.053792336708 cfg1 2 1 0 0 na na
10 65945.681350296263 0.053792689088 cfg1 2 1 0 0 na na
10 65945.689350296004 0.053792755385 cfg1 2 1 0 0 na na
10 65945.697350300016 0.053792855232 cfg1 2 1 0 0 na na
10 65945.730350296740 0.053793226219 cfg1 2 1 0 0 na na
10 65945.748350300088 0.053793429368 cfg1 2 1 0 0 na na
10 65945.860350330982 0.053794667399 cfg1 2 1 0 0 na na
10 65945.949350335937 0.053795644097 cfg1 2 1 0 0 na na
10 65945.950350320146 0.053795654155 cfg1 2 1 0 0 na na
10 65945.979350351069 0.053795993089 cfg1 2 1 0 0 na na
10 65946.062350351293 0.053796906428 cfg1 2 1 0 0 na na
10 65946.085350268400 0.053797147924 cfg1 2 1 0 0 na na
10 65946.145350327912 0.053797812743 cfg1 2 1 0 0 na na
10 65946.377350328167 0.053800379302 cfg1 2 1 0 0 na na
10 65946.403350308623 0.053800687630 cfg1 2 1 0 0 na na
10 65946.429350359540 0.053800964420 cfg1 2 1 0 0 na na
10 65946.444350288945 0.053801140956 cfg1 2 1 0 0 na na
10 65946.454350341263 0.053801238540 cfg1 2 1 0 0 na na
10 65946.484350301869 0.053801559059 cfg1 2 1 0 0 na na
10 65946.509350322041 0.053801837578 cfg1 2 1 0 0 na na
10 65946.554350303695 0.053802346969 cfg1 2 1 0 0 na na
10 65946.564350301189 0.053802446009 cfg1 2 1 0 0 na na
10 65946.654350300854 0.053803458815 cfg1 2 1 0 0 na na
10 65946.666350314070 0.053803581937 cfg1 2 1 0 0 na na
10 65946.700350335580 0.053803967646 cfg1 2 1 0 0 na na
10 65946.787350318681 0.053804934403 cfg1 2 1 0 0 na na
10 65946.888350338190 0.053806038250 cfg1 2 1 0 0 na na
10 65946.924350318071 0.053806457671 cfg1 2 1 0 0 na na
10 65946.936350337372 0.053806567689 cfg1 2 1 0 0 na na
10 65946.986350268236 0.053807144814 cfg1 2 1 0 0 na na
10 65947.022350302047 0.053807516518 cfg1 2 1 0 0 na na
10 65947.104350314848 0.053808432726 cfg1 2 1 0 0 na na
10 65947.154350259952 0.053808989667 cfg1 2 1 0 0 na na
10 65947.157350365468 0.053809017654 cfg1 2 1 0 0 na na
10 65947.172350389021 0.053809187847 cfg1 2 1 0 0 na na
10 65947.242350328190 0.053809955029 cfg1 2 1 0 0 na na
10 65947.250350318268 0.053810057532 cfg1 2 1 0 0 na na
10 65947.332350296925 0.053810967033 cfg1 2 1 0 0 na na
10 65947.431350323586 0.053812067547 cfg1 2 1 0 0 na na
10 65947.622350293234 0.053814182409 cfg1 2 1 0 0 na na
10 65947.858350348380 0.053816806152 cfg1 2 1 0 0 na na
10 65947.955350263701 0.053817863267 cfg1 2 1 0 0 na na
10 65948.087350339311 0.053819341095 cfg1 2 1 0 0 na na
10 65948.140350340687 0.053819909634 cfg1 2 1 0 0 na na
10 65948.183350279862 0.053820406770 cfg1 2 1 0 0 na na
10 65948.199350335767 0.053820565201 cfg1 2 1 0 0 na na
10 65948.268350306506 0.053821335177 cfg1 2 1 0 0 na na
10 65948.278350301569 0.053821460878 cfg1 2 1 0 0 na na
10 65948.288350299980 0.053821568358 cfg1 2 1 0 0 na na
10 65948.427350265463 0.053823096793 cfg1 2 1 0 0 na na
10 65948.448350259875 0.053823340096 cfg1 2 1 0 0 na na
10 65948.449350351754 0.053823341758 cfg1 2 1 0 0 na na
10 65948.562350345053 0.053824613934 cfg1 2 1 0 0 na na
10 65948.581350345335 0.053824810821 cfg1 2 1 0 0 na na
10 65948.597350294950 0.053824974207 cfg1 2 1 0 0 na na
10 65948.607350343530 0.053825103657 cfg1 2 1 0 0 na na
10 65948.795350360823 0.053827182124 cfg1 2 1 0 0 na na
10 65948.805350314834 0.053827283179 cfg1 2 1 0 0 na na
10 65948.812350354744 0.053827375282 cfg1 2 1 0 0 na na
10 65948.868350358684 0.053827991628 cfg1 2 1 0 0 na na
10 65949.031350304676 0.053829789273 cfg1 2 1 0 0 na na
10 65949.047350282713 0.053829975959 cfg1 2 1 0 0 na na
10 65949.086350319136 0.053830426017 cfg1 2 1 0 0 na na
10 65949.194350295569 0.053831600235 cfg1 2 1 0 0 na na
10 65949.533350319757 0.053835371417 cfg1 2 1 0 0 na na
10 65949.654350288632 0.053836713790 cfg1 2 1 0 0 na na
10 65949.699350299653 0.053837209305 cfg1 2 1 0 0 na na
10 65949.726350297223 0.053837520955 cfg1 2 1 0 0 na na
10 65949.803350308288 0.053838368196 cfg1 2 1 0 0 na na
10 65949.814350368103 0.053838496478 cfg1 2 1 0 0 na na
10 65949.869350267849 0.053839094121 cfg1 2 1 0 0 na na
10 65949.906350341954 0.053839511293 cfg1 2 1 0 0 na na
10 65949.938350325181 0.053839877073 cfg1 2 1 0 0 na na
10 65950.203350300386 0.053842817442 cfg1 2 1 0 0 na na
10 65950.205350328189 0.053842832376 cfg1 2 1 0 0 na na
10 65950.309350374105 0.053843995953 cfg1 2 1 0 0 na na
10 65950.369350266058 0.053844650949 cfg1 2 1 0 0 na na
10 65950.399350300764 0.053844980902 cfg1 2 1 0 0 na na
10 65950.452350283023 0.053845588870 cfg1 2 1 0 0 na na
10 65950.473350313910 0.053845827022 cfg1 2 1 0 0 na na
10 65950.556350332603 0.053846731685 cfg1 2 1 0 0 na na
10 65950.839350280074 0.053849870527 cfg1 2 1 0 0 na na
10 65950.998350339195 0.053851645180 cfg1 2 1 0 0 na na
10 65951.011350340657 0.053851777829 cfg1 2 1 0 0 na na
10 65951.058350323985 0.053852320221 cfg1 2 1 0 0 na na
10 65951.122350299702 0.053853013628 cfg1 2 1 0 0 na na
10 65951.142350302720 0.053853231510 cfg1 2 1 0 0 na na
10 65951.277350290913 0.053854731855 cfg1 2 1 0 0 na na
10 65951.319350312228 0.053855214218 cfg1 2 1 0 0 na na
10 65951.373350336357 0.053855810568 cfg1 2 1 0 0 na na
10 65951.380350264914 0.053855899401 cfg1 2 1 0 0 na na
10 65951.505350290430 0.053857293272 cfg1 2 1 0 0 na na
10 65951.512350319447 0.053857373729 cfg1 2 1 0 0 na na
10 65951.516350371081 0.053857392106 cfg1 2 1 0 0 na na
10 65951.783350344584 0.053860378216 cfg1 2 1 0 0 na na
10 65951.797350311318 0.053860531316 cfg1 2 1 0 0 na na
10 65951.805350334186 0.053860617697 cfg1 2 1 0 0 na na
10 65951.846350365199 0.053861058779 cfg1 2 1 0 0 na na
10 65952.008350339054 0.053862868172 cfg1 2 1 0 0 na na
10 65952.067350317967 0.053863523033 cfg1 2 1 0 0 na na
10 65952.163350318646 0.053864608347 cfg1 2 1 0 0 na na
10 65952.225350309114 0.053865297733 cfg1 2 1 0 0 na na
10 65952.307350286305 0.053866201471 cfg1 2 1 0 0 na na
10 65952.309350305946 0.053866207722 cfg1 2 1 0 0 na na
10 65952.369350327320 0.053866894419 cfg1 2 1 0 0 na na
10 65952.526350299626 0.053868626295 cfg1 2 1 0 0 na na
10 65952.637350329983 0.053869859327 cfg1 2 1 0 0 na na
10 65952.719350292611 0.053870776653 cfg1 2 1 0 0 na na
10 65952.811350289444 0.053871811903 cfg1 2 1 0 0 na na
10 65952.846350361818 0.053872185309 cfg1 2 1 0 0 na na
10 65952.852350310941 0.053872260219 cfg1 2 1 0 0 na na
10 65952.879350263855 0.053872558065 cfg1 2 1 0 0 na na
10 65953.059350280357 0.053874562267 cfg1 2 1 0 0 na na
10 65953.114350275353 0.053875169818 cfg1 2 1 0 0 na na
10 65953.150350315022 0.053875572545 cfg1 2 1 0 0 na na
10 65953.356350328789 0.053877873571 cfg1 2 1 0 0 na na
10 65953.482350289984 0.053879262081 cfg1 2 1 0 0 na na
10 65953.536350299886 0.053879881212 cfg1 2 1 0 0 na na
10 65953.827350316025 0.053883126497 cfg1 2 1 0 0 na na
10 65953.842350273742 0.053883291443 cfg1 2 1 0 0 na na
10 65953.879350270796 0.053883709076 cfg1 2 1 0 0 na na
10 65954.190350316736 0.053887154115 cfg1 2 1 0 0 na na
10 65954.278350297889 0.053888152335 cfg1 2 1 0 0 na na
10 65954.279350292901 0.053888139303 cfg1 2 1 0 0 na na
10 65954.285350296294 0.053888235047 cfg1 2 1 0 0 na na
10 65954.373350265829 0.053889190830 cfg1 2 1 0 0 na na
10 65954.377350268299 0.053889239339 cfg1 2 1 0 0 na na
10 65954.398350350915 0.053889465496 cfg1 2 1 0 0 na na
10 65954.460350260176 0.053890166646 cfg1 2 1 0 0 na na
10 65954.504350306865 0.053890661982 cfg1 2 1 0 0 na na
10 65954.648350344208 0.053892268786 cfg1 2 1 0 0 na na
10 65954.735350312928 0.053893220507 cfg1 2 1 0 0 na na
10 65954.893350282629 0.053895008287 cfg1 2 1 0 0 na na
10 65955.095350281569 0.053897257298 cfg1 2 1 0 0 na na
10 65955.303350253725 0.053899563048 cfg1 2 1 0 0 na na
10 65955.306350243681 0.053899608152 cfg1 2 1 0 0 na na
10 65955.765350328410 0.053904712255 cfg1 2 1 0 0 na na
10 65955.772350304438 0.053904809205 cfg1 2 1 0 0 na na
10 65955.998350284577 0.053907308035 cfg1 2 1 0 0 na na
10 65956.009350281779 0.053907434462 cfg1 2 1 0 0 na na
10 65956.013350330265 0.053907484594 cfg1 2 1 0 0 na na
10 65956.029350345408 0.053907659084 cfg1 2 1 0 0 na na
10 65956.063350291494 0.053908049807 cfg1 2 1 0 0 na na
10 65956.074350297364 0.053908180132 cfg1 2 1 0 0 na na
10 65956.079350265335 0.053908219999 cfg1 2 1 0 0 na na
10 65956.148350306237 0.053909000310 cfg1 2 1 0 0 na na
10 65956.195350264790 0.053909528607 cfg1 2 1 0 0 na na
10 65956.238350347846 0.053910002829 cfg1 2 1 0 0 na na
10 65956.256350341853 0.053910186551 cfg1 2 1 0 0 na na
10 65956.283350352314 0.053910504087 cfg1 2 1 0 0 na na
10 65956.509350298077 0.053913029291 cfg1 2 1 0 0 na na
10 65956.541350318643 0.053913377043 cfg1 2 1 0 0 na na
10 65956.783350282911 0.053916069866 cfg1 2 1 0 0 na na
10 65956.784350318299 0.053916085172 cfg1 2 1 0 0 na na
10 65957.064350308534 0.053919211202 cfg1 2 1 0 0 na na
10 65957.138350261086 0.053920052142 cfg1 2 1 0 0 na na
10 65957.307350296665 0.053921943876 cfg1 2 1 0 0 na na
10 65957.502350320163 0.053924119358 cfg1 2 1 0 0 na na
10 65957.576350334486 0.053924932948 cfg1 2 1 0 0 na na
10 65957.582350344991 0.053924990581 cfg1 2 1 0 0 na na
10 65957.589350314132 0.053925083062 cfg1 2 1 0 0 na na
10 65957.653350347430 0.053925794645 cfg1 2 1 0 0 na na
10 65957.858350298916 0.053928094628 cfg1 2 1 0 0 na na
10 65958.025350397102 0.053929941619 cfg1 2 1 0 0 na na
10 65958.088350322070 0.053930646795 cfg1 2 1 0 0 na na
10 65958.133350312652 0.053931150594 cfg1 2 1 0 0 na na
10 65958.229350337282 0.053932237508 cfg1 2 1 0 0 na na
10 65958.251350304891 0.053932468484 cfg1 2 1 0 0 na na
10 65958.280350324124 0.053932795221 cfg1 2 1 0 0 na na
10 65958.351350264390 0.053933600780 cfg1 2 1 0 0 na na
10 65958.371350278833 0.053933807889 cfg1 2 1 0 0 na na
10 65958.457350329952 0.053934778851 cfg1 2 1 0 0 na na
10 65958.652350318203 0.053936948668 cfg1 2 1 0 0 na na
10 65958.740350296030 0.053937947402 cfg1 2 1 0 0 na na
10 65958.782350317397 0.053938398899 cfg1 2 1 0 0 na na
10 65958.984350330471 0.053940666639 cfg1 2 1 0 0 na na
10 65959.044350271413 0.053941328104 cfg1 2 1 0 0 na na
10 65959.046350326875 0.053941369255 cfg1 2 1 0 0 na na
10 65959.190350325814 0.053942964009 cfg1 2 1 0 0 na na
10 65959.314350305475 0.053944374236 cfg1 2 1 0 0 na na
10 65959.549350337053 0.053946994590 cfg1 2 1 0 0 na na
10 65959.644350329417 0.053948041857 cfg1 2 1 0 0 na na
10 65959.675350311657 0.053948412437 cfg1 2 1 0 0 na na
10 65959.767350353553 0.053949437663 cfg1 2 1 0 0 na na
10 65959.792350304060 0.053949698954 cfg1 2 1 0 0 na na
10 65959.859350309287 0.053950463379 cfg1 2 1 0 0 na na
10 65959.865350344161 0.053950516273 cfg1 2 1 0 0 na na
10 65959.972350376276 0.053951716442 cfg1 2 1 0 0 na na
10 65960.346350324052 0.053955900198 cfg1 2 1 0 0 na na
10 65960.351350323544 0.053955979510 cfg1 2 1 0 0 na na
10 65960.368350266259 0.053956145447 cfg1 2 1 0 0 na na
10 65960.436350330485 0.053956919551 cfg1 2 1 0 0 na na
10 65960.458350302477 0.053957158904 cfg1 2 1 0 0 na na
10 65960.463350291783 0.053957208161 cfg1 2 1 0 0 na na
10 65960.710350309862 0.053959976256 cfg1 2 1 0 0 na na
10 65960.817350340664 0.053961169102 cfg1 2 1 0 0 na na
10 65960.958350330197 0.053962776260 cfg1 2 1 0 0 na na
10 65960.967350249795 0.053962866993 cfg1 2 1 0 0 na na
10 65961.186350286004 0.053965328988 cfg1 2 1 0 0 na na
10 65961.276350317310 0.053966329589 cfg1 2 1 0 0 na na
10 65961.474350323812 0.053968551118 cfg1 2 1 0 0 na na
10 65961.500350320349 0.053968838818 cfg1 2 1 0 0 na na
10 65961.533350330270 0.053969190455 cfg1 2 1 0 0 na na
10 65961.634350360661 0.053970329901 cfg1 2 1 0 0 na na
10 65961.756350333167 0.053971703150 cfg1 2 1 0 0 na na
10 65961.789350307559 0.053972072651 cfg1 2 1 0 0 na na
10 65961.912350286276 0.053973443887 cfg1 2 1 0 0 na na
10 65962.001350341619 0.053974451708 cfg1 2 1 0 0 na na
10 65962.017350307291 0.053974631501 cfg1 2 1 0 0 na na
10 65962.026350386263 0.053974732903 cfg1 2 1 0 0 na na
10 65962.159350330881 0.053976213470 cfg1 2 1 0 0 na na
10 65962.185350350745 0.053976499875 cfg1 2 1 0 0 na na
10 65962.218350310593 0.053976890041 cfg1 2 1 0 0 na na
10 65962.319350300999 0.053978010398 cfg1 2 1 0 0 na na
10 65962.425350357105 0.053979204168 cfg1 2 1 0 0 na na
10 65962.452350303108 0.053979500295 cfg1 2 1 0 0 na na
10 65962.560350335160 0.053980724528 cfg1 2 1 0 0 na na
10 65962.637350320673 0.053981570224 cfg1 2 1 0 0 na na
10 65962.793350291813 0.053983328749 cfg1 2 1 0 0 na na
10 65962.812350314481 0.053983554800 cfg1 2 1 0 0 na na
10 65962.879350364423 0.053984297957 cfg1 2 1 0 0 na na
10 65962.881350285815 0.053984304414 cfg1 2 1 0 0 na na
10 65962.921350274615 0.053984763428 cfg1 2 1 0 0 na na
10 65963.004350347537 0.053985683469 cfg1 2 1 0 0 na na
10 65963.032350315093 0.053986015072 cfg1 2 1 0 0 na na
10 65963.095350338795 0.053986706919 cfg1 2 1 0 0 na na
10 65963.096350326906 0.053986723947 cfg1 2 1 0 0 na na
10 65963.122350358989 0.053987031743 cfg1 2 1 0 0 na na
10 65963.238350381862 0.053988325635 cfg1 2 1 0 0 na na
10 65963.249350346489 0.053988448743 cfg1 2 1 0 0 na na
10 65963.306350293785 0.053989089898 cfg1 2 1 0 0 na na
10 65963.326350309273 0.053989295792 cfg1 2 1 0 0 na na
10 65963.356350256081 0.053989646147 cfg1 2 1 0 0 na na
10 65963.367350320220 0.053989757447 cfg1 2 1 0 0 na na
10 65963.420350320731 0.053990359367 cfg1 2 1 0 0 na na
10 65963.444350259600 0.053990627223 cfg1 2 1 0 0 na na
10 65963.593350341904 0.053992302757 cfg1 2 1 0 0 na na
10 65963.662350311856 0.053993079866 cfg1 2 1 0 0 na na
10 65963.709350299452 0.053993600954 cfg1 2 1 0 0 na na
10 65963.768350329633 0.053994263527 cfg1 2 1 0 0 na na
10 65963.921350330437 0.053995994267 cfg1 2 1 0 0 na na
10 65964.227350252961 0.053999418826 cfg1 2 1 0 0 na na
10 65964.285350328025 0.054000063861 cfg1 2 1 0 0 na na
10 65964.484350310338 0.054002293370 cfg1 2 1 0 0 na na
10 65964.545350356023 0.054002978159 cfg1 2 1 0 0 na na
10 65964.553350289433 0.054003071865 cfg1 2 1 0 0 na na
10 65964.603350310743 0.054003637605 cfg1 2 1 0 0 na na
10 65964.703350340049 0.054004760598 cfg1 2 1 0 0 na na
10 65964.788350320533 0.054005705892 cfg1 2 1 0 0 na na
10 65964.796350320758 0.054005794000 cfg1 2 1 0 0 na na
10 65964.899350320363 0.054006965110 cfg1 2 1 0 0 na na
10 65964.991350325898 0.054008007562 cfg1 2 1 0 0 na na
10 65965.083350323549 0.054009018164 cfg1 2 1 0 0 na na
10 65965.221350300872 0.054010572439 cfg1 2 1 0 0 na na
10 65965.429350300102 0.054012930495 cfg1 2 1 0 0 na na
10 65965.447350334065 0.054013108006 cfg1 2 1 0 0 na na
10 65965.448350295687 0.054013120822 cfg1 2 1 0 0 na na
10 65965.450350326789 0.054013150768 cfg1 2 1 0 0 na na
10 65965.618350267177 0.054015035118 cfg1 2 1 0 0 na na
10 65965.701350335287 0.054015992412 cfg1 2 1 0 0 na na
10 65965.819350341032 0.054017300369 cfg1 2 1 0 0 na na
10 65965.861350295623 0.054017762572 cfg1 2 1 0 0 na na
10 65966.039350315612 0.054019780632 cfg1 2 1 0 0 na na
10 65966.119350250348 0.054020681479 cfg1 2 1 0 0 na na
10 65966.196350342917 0.054021551790 cfg1 2 1 0 0 na na
10 65966.384350310112 0.054023644007 cfg1 2 1 0 0 na na
10 65966.396350257323 0.054023789606 cfg1 2 1 0 0 na na
10 65966.436350276357 0.054024255129 cfg1 2 1 0 0 na na
10 65966.464350258738 0.054024553068 cfg1 2 1 0 0 na na
10 65966.465350334510 0.054024560753 cfg1 2 1 0 0 na na
10 65966.568350290376 0.054025713748 cfg1 2 1 0 0 na na
10 65966.590350267417 0.054025975958 cfg1 2 1 0 0 na na
10 65966.685350334592 0.054027042025 cfg1 2 1 0 0 na na
10 65966.775350312944 0.054028058904 cfg1 2 1 0 0 na na
10 65966.924350327792 0.054029720635 cfg1 2 1 0 0 na na
10 65967.008350321042 0.054030662502 cfg1 2 1 0 0 na na
10 65967.194350289406 0.054032782624 cfg1 2 1 0 0 na na
10 65967.349350283247 0.054034501130 cfg1 2 1 0 0 na na
10 65967.351350318816 0.054034532899 cfg1 2 1 0 0 na na
10 65967.352350317670 0.054034558016 cfg1 2 1 0 0 na na
10 65967.508350298828 0.054036306378 cfg1 2 1 0 0 na na
10 65967.518350259341 0.054036412766 cfg1 2 1 0 0 na na
10 65967.525350352347 0.054036486605 cfg1 2 1 0 0 na na
10 65967.532350282643 0.054036566854 cfg1 2 1 0 0 na na
10 65967.567350330898 0.054036966354 cfg1 2 1 0 0 na na
10 65967.816350285216 0.054039776822 cfg1 2 1 0 0 na na
10 65967.914350300148 0.054040864082 cfg1 2 1 0 0 na na
10 65968.093350334728 0.054042883732 cfg1 2 1 0 0 na na
10 65968.128350343112 0.054043295054 cfg1 2 1 0 0 na na
10 65968.154350251547 0.054043580374 cfg1 2 1 0 0 na na
10 65968.164350300348 0.054043693014 cfg1 2 1 0 0 na na
10 65968.311350312338 0.054045337005 cfg1 2 1 0 0 na na
10 65968.470350259952 0.054047126927 cfg1 2 1 0 0 na na
10 65968.594350369104 0.054048542924 cfg1 2 1 0 0 na na
10 65968.805350262571 0.054050903303 cfg1 2 1 0 0 na na
10 65968.806350303424 0.054050931346 cfg1 2 1 0 0 na na
10 65968.824350330323 0.054051129417 cfg1 2 1 0 0 na na
10 65968.850350272294 0.054051409427 cfg1 2 1 0 0 na na
10 65969.070350318805 0.054053885728 cfg1 2 1 0 0 na na
10 65969.093350321462 0.054054156330 cfg1 2 1 0 0 na na
10 65969.204350341390 0.054055409125 cfg1 2 1 0 0 na na
10 65969.227350304308 0.054055656206 cfg1 2 1 0 0 na na
10 65969.314350383829 0.054056658302 cfg1 2 1 0 0 na na
10 65969.319350255986 0.054056700699 cfg1 2 1 0 0 na na
10 65969.334350310063 0.054056880889 cfg1 2 1 0 0 na na
10 65969.349350335918 0.054057047904 cfg1 2 1 0 0 na na
10 65969.477350323578 0.054058472568 cfg1 2 1 0 0 na na
10 65969.517350302292 0.054058947500 cfg1 2 1 0 0 na na
10 65969.591350310521 0.054059762499 cfg1 2 1 0 0 na na
10 65969.723350287959 0.054061267404 cfg1 2 1 0 0 na na
10 65969.957350361072 0.054063905697 cfg1 2 1 0 0 na na
10 65970.253350307592 0.054067241080 cfg1 2 1 0 0 na na
10 65970.254350293930 0.054067232562 cfg1 2 1 0 0 na na
10 65970.260350298206 0.054067302602 cfg1 2 1 0 0 na na
10 65970.637350325890 0.054071556984 cfg1 2 1 0 0 na na
10 65970.778350254204 0.054073157537 cfg1 2 1 0 0 na na
10 65970.780350257181 0.054073176703 cfg1 2 1 0 0 na na
10 65970.799350353187 0.054073378950 cfg1 2 1 0 0 na na
10 65970.837350267400 0.054073809563 cfg1 2 1 0 0 na na
10 65971.107350293831 0.054076866674 cfg1 2 1 0 0 na na
10 65971.151350334095 0.054077361350 cfg1 2 1 0 0 na na
10 65971.219350314011 0.054078137220 cfg1 2 1 0 0 na na
10 65971.312350320867 0.054079191072 cfg1 2 1 0 0 na na
10 65971.360350340895 0.054079730395 cfg1 2 1 0 0 na na
10 65971.471350319018 0.054080965908 cfg1 2 1 0 0 na na
10 65971.538350300712 0.054081724294 cfg1 2 1 0 0 na na
10 65971.541350296322 0.054081777290 cfg1 2 1 0 0 na na
10 65971.638350261526 0.054082861359 cfg1 2 1 0 0 na na
10 65971.642350323860 0.054082898256 cfg1 2 1 0 0 na na
10 65971.807350264819 0.054084762155 cfg1 2 1 0 0 na na
10 65971.819350301291 0.054084898097 cfg1 2 1 0 0 na na
10 65971.886350327455 0.054085670856 cfg1 2 1 0 0 na na
10 65972.023350344204 0.054087219433 cfg1 2 1 0 0 na na
10 65972.074350366177 0.054087791419 cfg1 2 1 0 0 na na
10 65972.239350338925 0.054089664591 cfg1 2 1 0 0 na na
10 65972.452350335419 0.054092072189 cfg1 2 1 0 0 na na
10 65972.464350329917 0.054092182860 cfg1 2 1 0 0 na na
10 65972.628350363783 0.054094037781 cfg1 2 1 0 0 na na
10 65972.715350345529 0.054095015125 cfg1 2 1 0 0 na na
10 65972.726350375301 0.054095145756 cfg1 2 1 0 0 na na
10 65972.730350338970 0.054095210667 cfg1 2 1 0 0 na na
10 65972.741350319540 0.054095336419 cfg1 2 1 0 0 na na
10 65973.072350264185 0.054099057693 cfg1 2 1 0 0 na na
10 65973.157350334564 0.054100015160 cfg1 2 1 0 0 na na
10 65973.236350317137 0.054100905832 cfg1 2 1 0 0 na na
10 65973.251350276474 0.054101087709 cfg1 2 1 0 0 na na
10 65973.415350332670 0.054102941168 cfg1 2 1 0 0 na na
10 65973.453350350612 0.054103374418 cfg1 2 1 0 0 na na
10 65973.456350360635 0.054103391653 cfg1 2 1 0 0 na na
10 65973.474350272888 0.054103594039 cfg1 2 1 0 0 na na
10 65973.477350337601 0.054103643147 cfg1 2 1 0 0 na na
10 65973.483350323780 0.054103725543 cfg1 2 1 0 0 na na
10 65973.519350295785 0.054104114007 cfg1 2 1 0 0 na na
10 65973.572350333527 0.054104706132 cfg1 2 1 0 0 na na
10 65973.725350346516 0.054106449851 cfg1 2 1 0 0 na na
10 65973.792350349073 0.054107199537 cfg1 2 1 0 0 na na
10 65973.856350345942 0.054107938587 cfg1 2 1 0 0 na na
10 65973.902350311315 0.054108443496 cfg1 2 1 0 0 na na
10 65973.926350300037 0.054108731760 cfg1 2 1 0 0 na na
10 65973.937350308908 0.054108857395 cfg1 2 1 0 0 na na
10 65973.945350290038 0.054108935635 cfg1 2 1 0 0 na na
10 65974.042350307151 0.054110043149 cfg1 2 1 0 0 na na
10 65974.148350366046 0.054111236829 cfg1 2 1 0 0 na na
10 65974.234350336474 0.054112208050 cfg1 2 1 0 0 na na
10 65974.268350345981 0.054112593557 cfg1 2 1 0 0 na na
10 65974.295350324569 0.054112885351 cfg1 2 1 0 0 na na
10 65974.477350293895 0.054114960857 cfg1 2 1 0 0 na na
10 65974.961350345176 0.054120438548 cfg1 2 1 0 0 na na
10 65975.072350290210 0.054121685543 cfg1 2 1 0 0 na na
10 65975.089350359781 0.054121884218 cfg1 2 1 0 0 na na
10 65975.489350346891 0.054126400542 cfg1 2 1 0 0 na na
10 65975.548350344264 0.054127071142 cfg1 2 1 0 0 na na
10 65975.851350271676 0.054130500279 cfg1 2 1 0 0 na na
10 65975.883350373242 0.054130860696 cfg1 2 1 0 0 na na
10 65975.914350316754 0.054131222719 cfg1 2 1 0 0 na na
10 65976.019350329345 0.054132419254 cfg1 2 1 0 0 na na
10 65976.025350305675 0.054132489499 cfg1 2 1 0 0 na na
10 65976.040350366192 0.054132656925 cfg1 2 1 0 0 na na
10 65976.047350271295 0.054132715646 cfg1 2 1 0 0 na na
10 65976.073350312203 0.054133014303 cfg1 2 1 0 0 na na
10 65976.169350287496 0.054134114666 cfg1 2 1 0 0 na na
10 65976.228350262211 0.054134774701 cfg1 2 1 0 0 na na
10 65976.288350280411 0.054135449135 cfg1 2 1 0 0 na na
10 65976.291350354046 0.054135494439 cfg1 2 1 0 0 na na
10 65976.342350300261 0.054136087671 cfg1 2 1 0 0 na na
10 65976.458350332404 0.054137391929 cfg1 2 1 0 0 na na
10 65976.499350350465 0.054137854009 cfg1 2 1 0 0 na na
10 65976.510350322707 0.054137981419 cfg1 2 1 0 0 na na
10 65976.525350258375 0.054138143942 cfg1 2 1 0 0 na na
10 65976.533350266698 0.054138225347 cfg1 2 1 0 0 na na
10 65976.547350284321 0.054138393139 cfg1 2 1 0 0 na na
10 65976.564350352237 0.054138600062 cfg1 2 1 0 0 na na
10 65976.567350308028 0.054138635322 cfg1 2 1 0 0 na na
10 65976.581350368297 0.054138793655 cfg1 2 1 0 0 na na
10 65976.621350333599 0.054139239690 cfg1 2 1 0 0 na na
10 65976.637350288330 0.054139405441 cfg1 2 1 0 0 na na
10 65976.640350316955 0.054139439197 cfg1 2 1 0 0 na na
10 65976.694350284691 0.054140070187 cfg1 2 1 0 0 na na
10 65976.712350315182 0.054140266524 cfg1 2 1 0 0 na na
10 65976.913350299409 0.054142545192 cfg1 2 1 0 0 na na
10 65977.009350378798 0.054143626494 cfg1 2 1 0 0 na na
10 65977.041350285860 0.054143993763 cfg1 2 1 0 0 na na
10 65977.053350328722 0.054144141127 cfg1 2 1 0 0 na na
10 65977.201350315129 0.054145812368 cfg1 2 1 0 0 na na
10 65977.203350333497 0.054145831352 cfg1 2 1 0 0 na na
10 65977.411350347285 0.054148179888 cfg1 2 1 0 0 na na
10 65977.463350326176 0.054148769316 cfg1 2 1 0 0 na na
10 65977.480350295793 0.054148960729 cfg1 2 1 0 0 na na
10 65977.562350355855 0.054149896595 cfg1 2 1 0 0 na na
10 65977.770350292550 0.054152252361 cfg1 2 1 0 0 na na
10 65977.826350385429 0.054152884318 cfg1 2 1 0 0 na na
10 65977.934350246547 0.054154130336 cfg1 2 1 0 0 na na
10 65978.092350311625 0.054155908301 cfg1 2 1 0 0 na na
10 65978.311350315030 0.054158386858 cfg1 2 1 0 0 na na
10 65978.313350301794 0.054158423422 cfg1 2 1 0 0 na na
10 65978.379350279339 0.054159166719 cfg1 2 1 0 0 na na
10 65978.410350292270 0.054159511573 cfg1 2 1 0 0 na na
10 65978.450350340564 0.054159966058 cfg1 2 1 0 0 na na
10 65978.473350265903 0.054160226091 cfg1 2 1 0 0 na na
10 65978.500350286212 0.054160534685 cfg1 2 1 0 0 na na
10 65978.591350324561 0.054161583825 cfg1 2 1 0 0 na na
10 65978.754350268889 0.054163435341 cfg1 2 1 0 0 na na
10 65978.808350319555 0.054164051829 cfg1 2 1 0 0 na na
10 65978.819350302035 0.054164181910 cfg1 2 1 0 0 na na
10 65978.986350330060 0.054166069357 cfg1 2 1 0 0 na na
10 65979.070350290591 0.054167011575 cfg1 2 1 0 0 na na
10 65979.134350295817 0.054167744003 cfg1 2 1 0 0 na na
10 65979.208350272337 0.054168573732 cfg1 2 1 0 0 na na
10 65979.331350321315 0.054169993536 cfg1 2 1 0 0 na na
10 65979.336350322789 0.054170037416 cfg1 2 1 0 0 na na
10 65979.468350324363 0.054171524874 cfg1 2 1 0 0 na na
10 65979.556350288228 0.054172549022 cfg1 2 1 0 0 na na
10 65979.557350311238 0.054172538692 cfg1 2 1 0 0 na na
10 65979.811350331083 0.054175419785 cfg1 2 1 0 0 na na
10 65979.817350322647 0.054175502486 cfg1 2 1 0 0 na na
10 65979.869350330437 0.054176094492 cfg1 2 1 0 0 na na
10 65980.172350310608 0.054179524596 cfg1 2 1 0 0 na na
10 65980.256350300675 0.054180500747 cfg1 2 1 0 0 na na
10 65980.334350327504 0.054181368399 cfg1 2 1 0 0 na na
10 65980.371350346595 0.054181804151 cfg1 2 1 0 0 na na
10 65980.377350274421 0.054181869932 cfg1 2 1 0 0 na na
10 65980.437350294908 0.054182534859 cfg1 2 1 0 0 na na
10 65980.485350341037 0.054183089221 cfg1 2 1 0 0 na na
10 65980.626350301114 0.054184701763 cfg1 2 1 0 0 na na
10 65980.751350296050 0.054186114879 cfg1 2 1 0 0 na na
10 65980.997350331300 0.054188910133 cfg1 2 1 0 0 na na
10 65981.020350308904 0.054189186291 cfg1 2 1 0 0 na na
10 65981.190350409038 0.054191098730 cfg1 2 1 0 0 na na
10 65981.282350331966 0.054192166052 cfg1 2 1 0 0 na na
10 65981.361350322845 0.054193056471 cfg1 2 1 0 0 na na
10 65981.431350366484 0.054193858346 cfg1 2 1 0 0 na na
10 65981.467350330120 0.054194262973 cfg1 2 1 0 0 na na
10 65981.587350270859 0.054195625225 cfg1 2 1 0 0 na na
10 65981.640350304574 0.054196242181 cfg1 2 1 0 0 na na
10 65981.654350265041 0.054196378852 cfg1 2 1 0 0 na na
10 65981.754350237704 0.054197539188 cfg1 2 1 0 0 na na
10 65981.841350351221 0.054198520509 cfg1 2 1 0 0 na na
10 65981.980350241954 0.054200105000 cfg1 2 1 0 0 na na
10 65982.061350296871 0.054201007761 cfg1 2 1 0 0 na na
10 65982.125350320272 0.054201740304 cfg1 2 1 0 0 na na
10 65982.176350344456 0.054202314459 cfg1 2 1 0 0 na na
10 65982.194350287164 0.054202535868 cfg1 2 1 0 0 na na
10 65982.418350300312 0.054205070874 cfg1 2 1 0 0 na na
10 65982.433350320041 0.054205251888 cfg1 2 1 0 0 na na
10 65982.491350314085 0.054205909408 cfg1 2 1 0 0 na na
10 65982.535350299459 0.054206423205 cfg1 2 1 0 0 na na
10 65982.542350324378 0.054206490214 cfg1 2 1 0 0 na na
10 65982.558350323447 0.054206680205 cfg1 2 1 0 0 na na
10 65982.564350315350 0.054206752937 cfg1 2 1 0 0 na na
10 65982.598350328201 0.054207141873 cfg1 2 1 0 0 na na
10 65982.600350322931 0.054207150322 cfg1 2 1 0 0 na na
10 65982.695350266292 0.054208220646 cfg1 2 1 0 0 na na
10 65982.860350319551 0.054210108351 cfg1 2 1 0 0 na na
10 65982.896350338224 0.054210521129 cfg1 2 1 0 0 na na
10 65982.943350243124 0.054211068559 cfg1 2 1 0 0 na na
10 65982.981350279667 0.054211492352 cfg1 2 1 0 0 na na
10 65983.019350340300 0.054211934586 cfg1 2 1 0 0 na na
10 65983.029350317399 0.054212040703 cfg1 2 1 0 0 na na
10 65983.034350351866 0.054212105367 cfg1 2 1 0 0 na na
10 65983.098350276351 0.054212818442 cfg1 2 1 0 0 na na
10 65983.136350328769 0.054213253986 cfg1 2 1 0 0 na na
10 65983.151350315966 0.054213431404 cfg1 2 1 0 0 na na
10 65983.303350312862 0.054215143658 cfg1 2 1 0 0 na na
10 65983.375350332320 0.054215978283 cfg1 2 1 0 0 na na
10 65983.521350357369 0.054217651226 cfg1 2 1 0 0 na na
10 65983.813350336975 0.054220960294 cfg1 2 1 0 0 na na
10 65983.847350291750 0.054221357871 cfg1 2 1 0 0 na na
10 65984.022350337182 0.054223358427 cfg1 2 1 0 0 na na
10 65984.080350339433 0.054224019503 cfg1 2 1 0 0 na na
10 65984.106350288750 0.054224295302 cfg1 2 1 0 0 na na
10 65984.139350313828 0.054224689982 cfg1 2 1 0 0 na na
10 65984.145350316882 0.054224738288 cfg1 2 1 0 0 na na
10 65984.152350273672 0.054224821289 cfg1 2 1 0 0 na na
10 65984.181350267939 0.054225148969 cfg1 2 1 0 0 na na
10 65984.211350328583 0.054225509419 cfg1 2 1 0 0 na na
10 65984.464350341126 0.054228374271 cfg1 2 1 0 0 na na
10 65984.534350351568 0.054229183934 cfg1 2 1 0 0 na na
10 65984.546350316570 0.054229326813 cfg1 2 1 0 0 na na
10 65984.570350334195 0.054229591984 cfg1 2 1 0 0 na na
10 65984.583350325169 0.054229736055 cfg1 2 1 0 0 na na
10 65984.744350353869 0.054231580177 cfg1 2 1 0 0 na na
10 65984.768350361223 0.054231840382 cfg1 2 1 0 0 na na
10 65984.809350314753 0.054232315466 cfg1 2 1 0 0 na na
10 65984.844350292916 0.054232730977 cfg1 2 1 0 0 na na
10 65984.886350371436 0.054233204915 cfg1 2 1 0 0 na na
10 65984.906350340612 0.054233431344 cfg1 2 1 0 0 na na
10 65985.037350372773 0.054234935496 cfg1 2 1 0 0 na na
10 65985.107350352901 0.054235730778 cfg1 2 1 0 0 na na
10 65985.224350361319 0.054237054060 cfg1 2 1 0 0 na na
10 65985.470350339787 0.054239874077 cfg1 2 1 0 0 na na
10 65985.768350331054 0.054243262523 cfg1 2 1 0 0 na na
10 65985.867350308435 0.054244380042 cfg1 2 1 0 0 na na
10 65985.919350302162 0.054244994549 cfg1 2 1 0 0 na na
10 65985.954350297359 0.054245377049 cfg1 2 1 0 0 na na
10 65986.077350345408 0.054246798428 cfg1 2 1 0 0 na na
10 65986.136350323436 0.054247475038 cfg1 2 1 0 0 na na
10 65986.240350341141 0.054248636524 cfg1 2 1 0 0 na na
10 65986.245350356383 0.054248697342 cfg1 2 1 0 0 na na
10 65986.317350345526 0.054249533206 cfg1 2 1 0 0 na na
10 65986.332350299196 0.054249705623 cfg1 2 1 0 0 na na
10 65986.337350287474 0.054249752847 cfg1 2 1 0 0 na na
10 65986.349350341199 0.054249908256 cfg1 2 1 0 0 na na
10 65986.374350332917 0.054250181083 cfg1 2 1 0 0 na na
10 65986.394350307816 0.054250393760 cfg1 2 1 0 0 na na
10 65986.403350344587 0.054250517999 cfg1 2 1 0 0 na na
10 65986.590350322306 0.054252643942 cfg1 2 1 0 0 na na
10 65986.669350331452 0.054253561290 cfg1 2 1 0 0 na na
10 65986.740350351865 0.054254373329 cfg1 2 1 0 0 na na
10 65986.798350324320 0.054255011668 cfg1 2 1 0 0 na na
10 65986.804350325121 0.054255085126 cfg1 2 1 0 0 na na
10 65986.890350359434 0.054256074124 cfg1 2 1 0 0 na na
10 65986.953350276119 0.054256805504 cfg1 2 1 0 0 na na
10 65987.058350333918 0.054258001485 cfg1 2 1 0 0 na na
10 65987.155350322587 0.054259097811 cfg1 2 1 0 0 na na
10 65987.174350385794 0.054259301271 cfg1 2 1 0 0 na na
10 65987.217350373348 0.054259822032 cfg1 2 1 0 0 na na
10 65987.236350352601 0.054260028759 cfg1 2 1 0 0 na na
10 65987.555350336965 0.054263674840 cfg1 2 1 0 0 na na
10 65987.579350308528 0.054263942691 cfg1 2 1 0 0 na na
10 65987.656350290405 0.054264813998 cfg1 2 1 0 0 na na
10 65987.775350341787 0.054266186946 cfg1 2 1 0 0 na na
10 65987.777350288292 0.054266205530 cfg1 2 1 0 0 na na
10 65987.820350360927 0.054266705063 cfg1 2 1 0 0 na na
10 65987.900350375382 0.054267614406 cfg1 2 1 0 0 na na
10 65988.003350268422 0.054268778552 cfg1 2 1 0 0 na na
10 65988.108350340247 0.054269976752 cfg1 2 1 0 0 na na
10 65988.159350294091 0.054270586497 cfg1 2 1 0 0 na na
10 65988.175350355954 0.054270769807 cfg1 2 1 0 0 na na
10 65988.239350314202 0.054271472920 cfg1 2 1 0 0 na na
10 65988.288350287841 0.054272037962 cfg1 2 1 0 0 na na
10 65988.305350280799 0.054272231256 cfg1 2 1 0 0 na na
10 65988.440350324997 0.054273784729 cfg1 2 1 0 0 na na
10 65988.550350350579 0.054275031397 cfg1 2 1 0 0 na na
10 65988.761350326998 0.054277441136 cfg1 2 1 0 0 na na
10 65988.791350258363 0.054277798470 cfg1 2 1 0 0 na na
10 65988.841350291290 0.054278367580 cfg1 2 1 0 0 na na
10 65988.942350310154 0.054279535725 cfg1 2 1 0 0 na na
10 65988.973350270738 0.054279866105 cfg1 2 1 0 0 na na
10 65989.020350350823 0.054280420455 cfg1 2 1 0 0 na na
10 65989.044350289960 0.054280680927 cfg1 2 1 0 0 na na
10 65989.127350278688 0.054281649768 cfg1 2 1 0 0 na na
10 65989.272350392248 0.054283292510 cfg1 2 1 0 0 na na
10 65989.279350320488 0.054283375332 cfg1 2 1 0 0 na na
10 65989.392350349160 0.054284677241 cfg1 2 1 0 0 na na
10 65989.399350330417 0.054284760583 cfg1 2 1 0 0 na na
10 65989.493350332022 0.054285822799 cfg1 2 1 0 0 na na
10 65989.570350355304 0.054286707687 cfg1 2 1 0 0 na na
10 65989.725350303913 0.054288487693 cfg1 2 1 0 0 na na
10 65989.737350312842 0.054288612306 cfg1 2 1 0 0 na na
10 65989.781350314491 0.054289131065 cfg1 2 1 0 0 na na
10 65989.830350341152 0.054289692257 cfg1 2 1 0 0 na na
10 65989.873350297264 0.054290181110 cfg1 2 1 0 0 na na
10 65989.944350298905 0.054290993587 cfg1 2 1 0 0 na na
10 65990.111350292997 0.054292898151 cfg1 2 1 0 0 na na
10 65990.194350282737 0.054293859690 cfg1 2 1 0 0 na na
10 65990.245350301531 0.054294449818 cfg1 2 1 0 0 na na
10 65990.494350342630 0.054297287376 cfg1 2 1 0 0 na na
10 65990.520350277426 0.054297599329 cfg1 2 1 0 0 na na
10 65990.608350332025 0.054298600093 cfg1 2 1 0 0 na na
10 65990.637350358581 0.054298937774 cfg1 2 1 0 0 na na
10 65990.725350337345 0.054299921779 cfg1 2 1 0 0 na na
10 65990.750350311370 0.054300234885 cfg1 2 1 0 0 na na
10 65990.759350334274 0.054300318728 cfg1 2 1 0 0 na na
10 65990.815350345272 0.054300966740 cfg1 2 1 0 0 na na
10 65991.093350324849 0.054304135107 cfg1 2 1 0 0 na na
10 65991.096350346249 0.054304192126 cfg1 2 1 0 0 na na
10 65991.204350342291 0.054305425487 cfg1 2 1 0 0 na na
10 65991.314350325496 0.054306695699 cfg1 2 1 0 0 na na
10 65991.325350311072 0.054306817248 cfg1 2 1 0 0 na na
10 65991.327350357867 0.054306841622 cfg1 2 1 0 0 na na
10 65991.351350320098 0.054307098825 cfg1 2 1 0 0 na na
10 65991.364350325327 0.054307247062 cfg1 2 1 0 0 na na
10 65991.424350335022 0.054307944514 cfg1 2 1 0 0 na na
10 65991.452350284959 0.054308253933 cfg1 2 1 0 0 na na
10 65991.492350290839 0.054308716977 cfg1 2 1 0 0 na na
10 65991.601350246194 0.054309975706 cfg1 2 1 0 0 na na
10 65991.618350319182 0.054310173358 cfg1 2 1 0 0 na na
10 65991.675350304460 0.054310831359 cfg1 2 1 0 0 na na
10 65991.774350290081 0.054311960357 cfg1 2 1 0 0 na na
10 65991.796350262665 0.054312199345 cfg1 2 1 0 0 na na
10 65991.799350310678 0.054312244264 cfg1 2 1 0 0 na na
10 65991.832350341313 0.054312605469 cfg1 2 1 0 0 na na
10 65991.846350313999 0.054312771610 cfg1 2 1 0 0 na na
10 65992.038350333264 0.054314994165 cfg1 2 1 0 0 na na
10 65992.051350333148 0.054315133794 cfg1 2 1 0 0 na na
10 65992.118350325918 0.054315910430 cfg1 2 1 0 0 na na
10 65992.194350316168 0.054316769404 cfg1 2 1 0 0 na na
10 65992.225350300639 0.054317117174 cfg1 2 1 0 0 na na
10 65992.376350314435 0.054318845698 cfg1 2 1 0 0 na na
10 65992.393350326904 0.054319048697 cfg1 2 1 0 0 na na
10 65992.412350358875 0.054319267041 cfg1 2 1 0 0 na na
10 65992.486350274178 0.054320125634 cfg1 2 1 0 0 na na
10 65992.659350367023 0.054322108284 cfg1 2 1 0 0 na na
10 65992.866350354039 0.054324487830 cfg1 2 1 0 0 na na
10 65992.882350324261 0.054324672527 cfg1 2 1 0 0 na na
10 65992.973350272166 0.054325702694 cfg1 2 1 0 0 na na
10 65992.994350372220 0.054325959214 cfg1 2 1 0 0 na na
10 65993.248350252550 0.054328859160 cfg1 2 1 0 0 na na
10 65993.293350305850 0.054329376464 cfg1 2 1 0 0 na na
10 65993.442350315342 0.054331071105 cfg1 2 1 0 0 na na
10 65993.488350272272 0.054331623428 cfg1 2 1 0 0 na na
10 65993.668350332088 0.054333686584 cfg1 2 1 0 0 na na
10 65993.685350332340 0.054333871690 cfg1 2 1 0 0 na na
10 65993.716350280465 0.054334223506 cfg1 2 1 0 0 na na
10 65993.721350385364 0.054334280517 cfg1 2 1 0 0 na na
10 65993.754350345526 0.054334656735 cfg1 2 1 0 0 na na
10 65993.959350295653 0.054337021994 cfg1 2 1 0 0 na na
10 65994.100350284131 0.054338632132 cfg1 2 1 0 0 na na
10 65994.108350280797 0.054338720986 cfg1 2 1 0 0 na na
10 65994.255350346284 0.054340432339 cfg1 2 1 0 0 na na
10 65994.285350353966 0.054340754632 cfg1 2 1 0 0 na na
10 65994.372350267912 0.054341748823 cfg1 2 1 0 0 na na
10 65994.394350278453 0.054342000428 cfg1 2 1 0 0 na na
10 65994.434350303140 0.054342473260 cfg1 2 1 0 0 na na
10 65994.465350335768 0.054342821038 cfg1 2 1 0 0 na na
10 65994.560350299382 0.054343916203 cfg1 2 1 0 0 na na
10 65994.665350309437 0.054345138509 cfg1 2 1 0 0 na na
10 65994.724350306506 0.054345792884 cfg1 2 1 0 0 na na
10 65994.920350322151 0.054348051541 cfg1 2 1 0 0 na na
10 65995.086350330230 0.054349976761 cfg1 2 1 0 0 na na
10 65995.210350302511 0.054351374611 cfg1 2 1 0 0 na na
10 65995.499350331301 0.054354704906 cfg1 2 1 0 0 na na
10 65995.599350295433 0.054355867257 cfg1 2 1 0 0 na na
10 65995.619350333496 0.054356099760 cfg1 2 1 0 0 na na
10 65995.727350361560 0.054357324572 cfg1 2 1 0 0 na na
10 65995.827350289513 0.054358491388 cfg1 2 1 0 0 na na
10 65996.143350266950 0.054362115396 cfg1 2 1 0 0 na na
10 65996.147350255444 0.054362174080 cfg1 2 1 0 0 na na
10 65996.206350321403 0.054362848910 cfg1 2 1 0 0 na na
10 65996.305350318881 0.054363969121 cfg1 2 1 0 0 na na
10 65996.356350361724 0.054364548339 cfg1 2 1 0 0 na na
10 65996.409350307880 0.054365176675 cfg1 2 1 0 0 na na
10 65996.504350280677 0.054366265095 cfg1 2 1 0 0 na na
10 65996.543350294011 0.054366727304 cfg1 2 1 0 0 na na
10 65996.615350295635 0.054367535975 cfg1 2 1 0 0 na na
10 65996.640350330246 0.054367833936 cfg1 2 1 0 0 na na
10 65996.651350332285 0.054367941393 cfg1 2 1 0 0 na na
10 65996.738350290340 0.054368965584 cfg1 2 1 0 0 na na
10 65996.829350326330 0.054369999759 cfg1 2 1 0 0 na na
10 65996.994350355704 0.054371904379 cfg1 2 1 0 0 na na
10 65997.021350281737 0.054372205649 cfg1 2 1 0 0 na na
10 65997.131350290631 0.054373470160 cfg1 2 1 0 0 na na
10 65997.161350344691 0.054373819952 cfg1 2 1 0 0 na na
10 65997.203350358345 0.054374315705 cfg1 2 1 0 0 na na
10 65997.205350317808 0.054374326895 cfg1 2 1 0 0 na na
10 65997.452350363721 0.054377161455 cfg1 2 1 0 0 na na
10 65997.455350308054 0.054377202142 cfg1 2 1 0 0 na na
10 65997.510350354141 0.054377826248 cfg1 2 1 0 0 na na
10 65997.653350320617 0.054379475721 cfg1 2 1 0 0 na na
10 65997.690350280756 0.054379905502 cfg1 2 1 0 0 na na
10 65997.806350336391 0.054381233582 cfg1 2 1 0 0 na na
10 65997.828350341233 0.054381507540 cfg1 2 1 0 0 na na
10 65998.000350338831 0.054383490970 cfg1 2 1 0 0 na na
10 65998.084350268985 0.054384450401 cfg1 2 1 0 0 na na
10 65998.087350293392 0.054384478968 cfg1 2 1 0 0 na na
10 65998.142350284788 0.054385116351 cfg1 2 1 0 0 na na
10 65998.148350275584 0.054385184532 cfg1 2 1 0 0 na na
10 65998.209350272096 0.054385890673 cfg1 2 1 0 0 na na
10 65998.212350310221 0.054385922922 cfg1 2 1 0 0 na na
10 65998.217350298989 0.054385993862 cfg1 2 1 0 0 na na
10 65998.235350290046 0.054386187051 cfg1 2 1 0 0 na na
10 65998.307350305629 0.054387003642 cfg1 2 1 0 0 na na
10 65998.317350268714 0.054387118155 cfg1 2 1 0 0 na na
10 65998.322350293270 0.054387194301 cfg1 2 1 0 0 na na
10 65998.592350280746 0.054390288349 cfg1 2 1 0 0 na na
10 65998.619350248531 0.054390618522 cfg1 2 1 0 0 na na
10 65998.754350301966 0.054392155690 cfg1 2 1 0 0 na na
10 65998.785350315588 0.054392518971 cfg1 2 1 0 0 na na
10 65998.881350345518 0.054393629034 cfg1 2 1 0 0 na na
10 65998.916350356030 0.054394031952 cfg1 2 1 0 0 na na
10 65998.924350348008 0.054394112486 cfg1 2 1 0 0 na na
10 65998.964350260274 0.054394581675 cfg1 2 1 0 0 na na
10 65999.033350326683 0.054395392828 cfg1 2 1 0 0 na na
10 65999.052350382375 0.054395588578 cfg1 2 1 0 0 na na
10 65999.128350329378 0.054396484178 cfg1 2 1 0 0 na na
10 65999.136350325755 0.054396553231 cfg1 2 1 0 0 na na
10 65999.147350283155 0.054396694086 cfg1 2 1 0 0 na na
10 65999.235350305813 0.054397714299 cfg1 2 1 0 0 na na
10 65999.620350368199 0.054402132593 cfg1 2 1 0 0 na na
10 65999.702350301028 0.054403099192 cfg1 2 1 0 0 na na
10 65999.887350308569 0.054405224909 cfg1 2 1 0 0 na na
10 65999.961350335364 0.054406074942 cfg1 2 1 0 0 na na
10 66000.016350356975 0.054406709528 cfg1 2 1 0 0 na na
10 66000.022350355646 0.054406776542 cfg1 2 1 0 0 na na
10 66000.043350321372 0.054407020561 cfg1 2 1 0 0 na na
10 66000.097350259171 0.054407649892 cfg1 2 1 0 0 na na
10 66000.227350363466 0.054409134423 cfg1 2 1 0 0 na na
10 66000.234350372297 0.054409218891 cfg1 2 1 0 0 na na
10 66000.251350320363 0.054409416598 cfg1 2 1 0 0 na na
10 66000.289350343878 0.054409849591 cfg1 2 1 0 0 na na
10 66000.302350273362 0.054410008045 cfg1 2 1 0 0 na na
10 66000.369350282471 0.054410781701 cfg1 2 1 0 0 na na
10 66000.567350360481 0.054413069275 cfg1 2 1 0 0 na na
10 66000.591350330771 0.054413331854 cfg1 2 1 0 0 na na
10 66000.667350290420 0.054414214039 cfg1 2 1 0 0 na na
10 66000.776350331970 0.054415474502 cfg1 2 1 0 0 na na
10 66000.982350340861 0.054417860590 cfg1 2 1 0 0 na na
10 66001.090350290163 0.054419108545 cfg1 2 1 0 0 na na
10 66001.168350372644 0.054420000552 cfg1 2 1 0 0 na na
10 66001.294350328682 0.054421465287 cfg1 2 1 0 0 na na
10 66001.362350406330 0.054422229210 cfg1 2 1 0 0 na na
10 66001.364350304685 0.054422278364 cfg1 2 1 0 0 na na
10 66001.385350361091 0.054422503291 cfg1 2 1 0 0 na na
10 66001.399350330302 0.054422665823 cfg1 2 1 0 0 na na
10 66001.430350312574 0.054423041071 cfg1 2 1 0 0 na na
10 66001.507350286894 0.054423921209 cfg1 2 1 0 0 na na
10 66001.565350362531 0.054424575134 cfg1 2 1 0 0 na na
10 66001.601350338735 0.054425004132 cfg1 2 1 0 0 na na
10 66001.875350267778 0.054428169050 cfg1 2 1 0 0 na na
10 66002.034350342771 0.054429986265 cfg1 2 1 0 0 na na
10 66002.072350339613 0.054430440734 cfg1 2 1 0 0 na na
10 66002.302350304598 0.054433098282 cfg1 2 1 0 0 na na
10 66002.435350351306 0.054434626935 cfg1 2 1 0 0 na na
10 66002.630350317988 0.054436892570 cfg1 2 1 0 0 na na
10 66002.669350297585 0.054437339106 cfg1 2 1 0 0 na na
10 66002.685350305843 0.054437511179 cfg1 2 1 0 0 na na
10 66002.724350272006 0.054437984281 cfg1 2 1 0 0 na na
10 66002.760350296471 0.054438383432 cfg1 2 1 0 0 na na
10 66002.870350337300 0.054439670522 cfg1 2 1 0 0 na na
10 66002.991350284755 0.054441067791 cfg1 2 1 0 0 na na
10 66003.052350295999 0.054441752425 cfg1 2 1 0 0 na na
10 66003.260350330553 0.054444177505 cfg1 2 1 0 0 na na
10 66003.272350280475 0.054444304608 cfg1 2 1 0 0 na na
10 66003.376350333950 0.054445498126 cfg1 2 1 0 0 na na
10 66003.391350289676 0.054445674920 cfg1 2 1 0 0 na na
10 66003.392350357757 0.054445703948 cfg1 2 1 0 0 na na
10 66003.395350295016 0.054445732387 cfg1 2 1 0 0 na na
10 66003.436350317261 0.054446197366 cfg1 2 1 0 0 na na
10 66003.458350306525 0.054446467043 cfg1 2 1 0 0 na na
10 66003.538350327759 0.054447370903 cfg1 2 1 0 0 na na
10 66003.629350315061 0.054448430930 cfg1 2 1 0 0 na na
10 66003.706350362253 0.054449319136 cfg1 2 1 0 0 na na
10 66004.196350349558 0.054454993116 cfg1 2 1 0 0 na na
10 66004.230350339318 0.054455367042 cfg1 2 1 0 0 na na
10 66004.323350345080 0.054456468879 cfg1 2 1 0 0 na na
10 66004.461350342277 0.054458038451 cfg1 2 1 0 0 na na
10 66004.463350292536 0.054458073021 cfg1 2 1 0 0 na na
10 66004.481350355580 0.054458271477 cfg1 2 1 0 0 na na
10 66004.587350310819 0.054459524171 cfg1 2 1 0 0 na na
10 66004.729350276068 0.054461142017 cfg1 2 1 0 0 na na
10 66004.778350335944 0.054461726997 cfg1 2 1 0 0 na na
10 66004.896350333809 0.054463072700 cfg1 2 1 0 0 na na
10 66005.017350318627 0.054464496989 cfg1 2 1 0 0 na na
10 66005.131350316656 0.054465809054 cfg1 2 1 0 0 na na
10 66005.147350302746 0.054466000739 cfg1 2 1 0 0 na na
10 66005.150350270094 0.054466012024 cfg1 2 1 0 0 na na
10 66005.277350263266 0.054467496462 cfg1 2 1 0 0 na na
10 66005.377350319202 0.054468667772 cfg1 2 1 0 0 na na
10 66005.417350308149 0.054469118198 cfg1 2 1 0 0 na na
10 66005.420350287413 0.054469136794 cfg1 2 1 0 0 na na
10 66005.486350303532 0.054469911113 cfg1 2 1 0 0 na na
10 66005.545350257679 0.054470594137 cfg1 2 1 0 0 na na
10 66005.569350332779 0.054470882159 cfg1 2 1 0 0 na na
10 66005.704350318797 0.054472444800 cfg1 2 1 0 0 na na
10 66005.835350348773 0.054473956677 cfg1 2 1 0 0 na na
10 66005.946350263529 0.054475242765 cfg1 2 1 0 0 na na
10 66005.994350382104 0.054475810347 cfg1 2 1 0 0 na na
10 66006.028350331569 0.054476180373 cfg1 2 1 0 0 na na
10 66006.033350365562 0.054476242678 cfg1 2 1 0 0 na na
10 66006.041350356945 0.054476338214 cfg1 2 1 0 0 na na
10 66006.131350261835 0.054477394738 cfg1 2 1 0 0 na na
10 66006.135350363674 0.054477438979 cfg1 2 1 0 0 na na
10 66006.237350277223 0.054478624480 cfg1 2 1 0 0 na na
10 66006.247350324003 0.054478714851 cfg1 2 1 0 0 na na
10 66006.259350326333 0.054478861791 cfg1 2 1 0 0 na na
10 66006.350350267365 0.054479909547 cfg1 2 1 0 0 na na
10 66006.365350355100 0.054480095780 cfg1 2 1 0 0 na na
10 66006.407350376134 0.054480595626 cfg1 2 1 0 0 na na
10 66006.491350266610 0.054481541549 cfg1 2 1 0 0 na na
10 66006.523350335187 0.054481913225 cfg1 2 1 0 0 na na
10 66006.807350301735 0.054485228410 cfg1 2 1 0 0 na na
10 66006.871350341938 0.054485962632 cfg1 2 1 0 0 na na
10 66006.878350350766 0.054486027055 cfg1 2 1 0 0 na na
10 66007.096350273795 0.054488576356 cfg1 2 1 0 0 na na
10 66007.127350260229 0.054488916698 cfg1 2 1 0 0 na na
10 66007.190350305230 0.054489649570 cfg1 2 1 0 0 na na
10 66007.314350278068 0.054491077591 cfg1 2 1 0 0 na na
10 66007.345350372118 0.054491463266 cfg1 2 1 0 0 na na
10 66007.379350322838 0.054491847756 cfg1 2 1 0 0 na na
10 66007.478350268430 0.054492978390 cfg1 2 1 0 0 na na
10 66007.485350348980 0.054493086628 cfg1 2 1 0 0 na na
10 66007.504350343254 0.054493281792 cfg1 2 1 0 0 na na
10 66007.620350314828 0.054494634575 cfg1 2 1 0 0 na na
10 66007.661350288926 0.054495119182 cfg1 2 1 0 0 na na
10 66007.797350310187 0.054496697094 cfg1 2 1 0 0 na na
10 66007.810350267431 0.054496847753 cfg1 2 1 0 0 na na
10 66007.875350275041 0.054497590957 cfg1 2 1 0 0 na na
10 66007.967350263446 0.054498653468 cfg1 2 1 0 0 na na
10 66008.107350341624 0.054500283618 cfg1 2 1 0 0 na na
10 66008.131350323825 0.054500553188 cfg1 2 1 0 0 na na
10 66008.133350327960 0.054500603598 cfg1 2 1 0 0 na na
10 66008.170350345194 0.054501012664 cfg1 2 1 0 0 na na
10 66008.219350297023 0.054501576275 cfg1 2 1 0 0 na na
10 66008.221350252309 0.054501609715 cfg1 2 1 0 0 na na
10 66008.226350285954 0.054501657002 cfg1 2 1 0 0 na na
10 66008.284350326791 0.054502342415 cfg1 2 1 0 0 na na
10 66008.311350321836 0.054502644365 cfg1 2 1 0 0 na na
10 66008.326350306808 0.054502820303 cfg1 2 1 0 0 na na
10 66008.543350242383 0.054505358152 cfg1 2 1 0 0 na na
10 66008.560350315641 0.054505538967 cfg1 2 1 0 0 na na
10 66008.579350293687 0.054505769704 cfg1 2 1 0 0 na na
10 66008.592350333099 0.054505901945 cfg1 2 1 0 0 na na
10 66008.624350281298 0.054506288912 cfg1 2 1 0 0 na na
10 66008.659350342068 0.054506699421 cfg1 2 1 0 0 na na
10 66008.720350276517 0.054507409437 cfg1 2 1 0 0 na na
10 66008.791350273927 0.054508211389 cfg1 2 1 0 0 na na
10 66008.817350297067 0.054508526743 cfg1 2 1 0 0 na na
10 66008.820350312116 0.054508573114 cfg1 2 1 0 0 na na
10 66008.832350292002 0.054508688011 cfg1 2 1 0 0 na na
10 66008.871350277280 0.054509152766 cfg1 2 1 0 0 na na
10 66008.926350350886 0.054509794430 cfg1 2 1 0 0 na na
10 66008.968350324658 0.054510265759 cfg1 2 1 0 0 na na
10 66008.983350276506 0.054510454012 cfg1 2 1 0 0 na na
10 66008.987350300011 0.054510503251 cfg1 2 1 0 0 na na
10 66009.028350330768 0.054510983060 cfg1 2 1 0 0 na na
10 66009.149350270387 0.054512388597 cfg1 2 1 0 0 na na
10 66009.165350319457 0.054512564024 cfg1 2 1 0 0 na na
10 66009.192350335144 0.054512887366 cfg1 2 1 0 0 na na
10 66009.271350328943 0.054513799023 cfg1 2 1 0 0 na na
10 66009.285350322923 0.054513956213 cfg1 2 1 0 0 na na
10 66009.364350266280 0.054514860694 cfg1 2 1 0 0 na na
10 66009.462350263572 0.054516003516 cfg1 2 1 0 0 na na
10 66009.601350349167 0.054517638338 cfg1 2 1 0 0 na na
10 66009.604350263362 0.054517653494 cfg1 2 1 0 0 na na
10 66009.668350370481 0.054518391118 cfg1 2 1 0 0 na na
10 66009.733350333500 0.054519161057 cfg1 2 1 0 0 na na
10 66009.814350341110 0.054520092695 cfg1 2 1 0 0 na na
10 66009.841350361478 0.054520414535 cfg1 2 1 0 0 na na
10 66009.848350267529 0.054520484422 cfg1 2 1 0 0 na na
10 66009.886350254150 0.054520943104 cfg1 2 1 0 0 na na
10 66009.910350301839 0.054521222932 cfg1 2 1 0 0 na na
10 66009.982350318248 0.054522060317 cfg1 2 1 0 0 na na
10 66009.993350337720 0.054522182505 cfg1 2 1 0 0 na na
10 66010.024350331290 0.054522546152 cfg1 2 1 0 0 na na
10 66010.041350270582 0.054522736348 cfg1 2 1 0 0 na na
10 66010.059350281333 0.054522941816 cfg1 2 1 0 0 na na
10 66010.264350330870 0.054525323605 cfg1 2 1 0 0 na na
10 66010.340350375206 0.054526203505 cfg1 2 1 0 0 na na
10 66010.463350329075 0.054527634098 cfg1 2 1 0 0 na na
10 66010.510350349218 0.054528169692 cfg1 2 1 0 0 na na
10 66010.521350309581 0.054528304950 cfg1 2 1 0 0 na na
10 66010.571350362679 0.054528882598 cfg1 2 1 0 0 na na
10 66010.617350346130 0.054529438423 cfg1 2 1 0 0 na na
10 66010.684350350416 0.054530190490 cfg1 2 1 0 0 na na
10 66010.798350352237 0.054531519977 cfg1 2 1 0 0 na na
10 66010.836350302789 0.054531969835 cfg1 2 1 0 0 na na
10 66010.872350336484 0.054532385405 cfg1 2 1 0 0 na na
10 66010.931350246896 0.054533085046 cfg1 2 1 0 0 na na
10 66010.967350344152 0.054533505286 cfg1 2 1 0 0 na na
10 66010.993350290839 0.054533794066 cfg1 2 1 0 0 na na
10 66010.998350286759 0.054533861810 cfg1 2 1 0 0 na na
10 66011.076350266342 0.054534750471 cfg1 2 1 0 0 na na
10 66011.097350329176 0.054534994188 cfg1 2 1 0 0 na na
10 66011.100350329284 0.054535051747 cfg1 2 1 0 0 na na
10 66011.170350361026 0.054535867569 cfg1 2 1 0 0 na na
10 66011.241350294124 0.054536672745 cfg1 2 1 0 0 na na
10 66011.427350264379 0.054538839378 cfg1 2 1 0 0 na na
10 66011.488350343858 0.054539563470 cfg1 2 1 0 0 na na
10 66011.540350268494 0.054540152270 cfg1 2 1 0 0 na na
10 66011.582350353773 0.054540653338 cfg1 2 1 0 0 na na
10 66011.629350300875 0.054541197832 cfg1 2 1 0 0 na na
10 66011.642350326920 0.054541333557 cfg1 2 1 0 0 na na
10 66011.712350316904 0.054542151284 cfg1 2 1 0 0 na na
10 66011.783350324879 0.054542976061 cfg1 2 1 0 0 na na
10 66011.964350266417 0.054545092798 cfg1 2 1 0 0 na na
10 66012.070350297288 0.054546326264 cfg1 2 1 0 0 na na
10 66012.162350327990 0.054547403434 cfg1 2 1 0 0 na na
10 66012.184350325545 0.054547658488 cfg1 2 1 0 0 na na
10 66012.274350262652 0.054548693207 cfg1 2 1 0 0 na na
10 66012.372350351921 0.054549841878 cfg1 2 1 0 0 na na
10 66012.415350289900 0.054550322688 cfg1 2 1 0 0 na na
10 66012.421350345900 0.054550396122 cfg1 2 1 0 0 na na
10 66012.577350329543 0.054552208764 cfg1 2 1 0 0 na na
10 66012.619350320836 0.054552700387 cfg1 2 1 0 0 na na
10 66012.666350294393 0.054553265811 cfg1 2 1 0 0 na na
10 66012.668350287537 0.054553266002 cfg1 2 1 0 0 na na
10 66012.719350324082 0.054553863892 cfg1 2 1 0 0 na na
10 66012.764350282758 0.054554402995 cfg1 2 1 0 0 na na
10 66012.810350322034 0.054554926057 cfg1 2 1 0 0 na na
10 66012.934350289747 0.054556385996 cfg1 2 1 0 0 na na
10 66012.966350281805 0.054556755340 cfg1 2 1 0 0 na na
10 66012.976350348535 0.054556857113 cfg1 2 1 0 0 na na
10 66013.231350340494 0.054559823486 cfg1 2 1 0 0 na na
10 66013.263350321992 0.054560212811 cfg1 2 1 0 0 na na
10 66013.300350261612 0.054560625346 cfg1 2 1 0 0 na na
10 66013.312350289572 0.054560771312 cfg1 2 1 0 0 na na
10 66013.321350308136 0.054560878751 cfg1 2 1 0 0 na na
10 66013.363350345782 0.054561364913 cfg1 2 1 0 0 na na
10 66013.378350306104 0.054561535227 cfg1 2 1 0 0 na na
10 66013.388350313754 0.054561654547 cfg1 2 1 0 0 na na
10 66013.416350280522 0.054561979034 cfg1 2 1 0 0 na na
10 66013.532350268268 0.054563342616 cfg1 2 1 0 0 na na
10 66013.565350287805 0.054563712313 cfg1 2 1 0 0 na na
10 66013.677350334182 0.054565032283 cfg1 2 1 0 0 na na
10 66013.685350314636 0.054565111590 cfg1 2 1 0 0 na na
10 66013.741350337091 0.054565762035 cfg1 2 1 0 0 na na
10 66013.781350333254 0.054566221228 cfg1 2 1 0 0 na na
10 66013.945350260268 0.054568136697 cfg1 2 1 0 0 na na
10 66014.011350323987 0.054568897782 cfg1 2 1 0 0 na na
10 66014.051350267695 0.054569391111 cfg1 2 1 0 0 na na
10 66014.199350349395 0.054571109870 cfg1 2 1 0 0 na na
10 66014.207350294899 0.054571203562 cfg1 2 1 0 0 na na
10 66014.248350346987 0.054571673663 cfg1 2 1 0 0 na na
10 66014.249350259157 0.054571677640 cfg1 2 1 0 0 na na
10 66014.268350357783 0.054571904604 cfg1 2 1 0 0 na na
10 66014.434350297021 0.054573852648 cfg1 2 1 0 0 na na
10 66014.442350314765 0.054573935038 cfg1 2 1 0 0 na na
10 66014.516350341194 0.054574784012 cfg1 2 1 0 0 na na
10 66014.687350276011 0.054576784603 cfg1 2 1 0 0 na na
10 66014.699350342834 0.054576929160 cfg1 2 1 0 0 na na
10 66014.764350325623 0.054577698827 cfg1 2 1 0 0 na na
10 66014.893350276429 0.054579191533 cfg1 2 1 0 0 na na
10 66015.134350355549 0.054581982601 cfg1 2 1 0 0 na na
10 66015.155350262221 0.054582234729 cfg1 2 1 0 0 na na
10 66015.308350279311 0.054584020956 cfg1 2 1 0 0 na na
10 66015.413350342940 0.054585239987 cfg1 2 1 0 0 na na
10 66015.452350393978 0.054585698370 cfg1 2 1 0 0 na na
10 66015.543350346851 0.054586761634 cfg1 2 1 0 0 na na
10 66015.577350416820 0.054587174918 cfg1 2 1 0 0 na na
10 66015.600350344708 0.054587427453 cfg1 2 1 0 0 na na
10 66015.696350378371 0.054588554445 cfg1 2 1 0 0 na na
10 66015.708350310286 0.054588674817 cfg1 2 1 0 0 na na
10 66015.733350357833 0.054588982590 cfg1 2 1 0 0 na na
10 66015.941350269156 0.054591411557 cfg1 2 1 0 0 na na
10 66016.118350353790 0.054593475427 cfg1 2 1 0 0 na na
10 66016.153350375872 0.054593870623 cfg1 2 1 0 0 na na
10 66016.155350358043 0.054593888922 cfg1 2 1 0 0 na na
10 66016.266350311692 0.054595195575 cfg1 2 1 0 0 na na
10 66016.269350261799 0.054595225267 cfg1 2 1 0 0 na na
10 66016.356350338643 0.054596257257 cfg1 2 1 0 0 na na
10 66016.422350354949 0.054597009992 cfg1 2 1 0 0 na na
10 66016.496350343216 0.054597881231 cfg1 2 1 0 0 na na
10 66016.527350331200 0.054598252324 cfg1 2 1 0 0 na na
10 66016.647350317622 0.054599629251 cfg1 2 1 0 0 na na
10 66016.707350281338 0.054600353785 cfg1 2 1 0 0 na na
10 66016.903350352266 0.054602631726 cfg1 2 1 0 0 na na
10 66016.904350315903 0.054602636361 cfg1 2 1 0 0 na na
10 66017.084350274690 0.054604744765 cfg1 2 1 0 0 na na
10 66017.108350344203 0.054605017028 cfg1 2 1 0 0 na na
10 66017.390350344820 0.054608330802 cfg1 2 1 0 0 na na
10 66017.440350375623 0.054608908514 cfg1 2 1 0 0 na na
10 66017.533350291318 0.054609989544 cfg1 2 1 0 0 na na
10 66017.540350301297 0.054610059378 cfg1 2 1 0 0 na na
10 66017.552350297778 0.054610207942 cfg1 2 1 0 0 na na
10 66017.607350299967 0.054610847331 cfg1 2 1 0 0 na na
10 66017.667350289408 0.054611546983 cfg1 2 1 0 0 na na
10 66017.784350298996 0.054612925912 cfg1 2 1 0 0 na na
10 66017.796350299657 0.054613052419 cfg1 2 1 0 0 na na
10 66017.827350282950 0.054613415127 cfg1 2 1 0 0 na na
10 66017.848350346890 0.054613659711 cfg1 2 1 0 0 na na
10 66017.854350322084 0.054613742923 cfg1 2 1 0 0 na na
10 66017.870350313241 0.054613916249 cfg1 2 1 0 0 na na
10 66017.992350290748 0.054615344523 cfg1 2 1 0 0 na na
10 66018.053350293436 0.054616054993 cfg1 2 1 0 0 na na
10 66018.111350294108 0.054616724390 cfg1 2 1 0 0 na na
10 66018.151350369694 0.054617190316 cfg1 2 1 0 0 na na
10 66018.272350285492 0.054618627895 cfg1 2 1 0 0 na na
10 66018.289350341372 0.054618818524 cfg1 2 1 0 0 na na
10 66018.337350325675 0.054619367795 cfg1 2 1 0 0 na na
10 66018.347350295049 0.054619481455 cfg1 2 1 0 0 na na
10 66018.426350324970 0.054620417163 cfg1 2 1 0 0 na na
10 66018.593350270844 0.054622376360 cfg1 2 1 0 0 na na
20 63780.000000000000 912.095 289.15 42.80 0
20 63792.000000000000 912.135 289.14 43.10 0
20 63802.000000000000 912.115 289.14 43.10 0
20 63810.000000000000 912.085 289.13 43.20 0
20 63822.000000000000 912.105 289.13 43.20 0
20 63830.000000000000 912.115 289.13 42.80 0
20 63840.000000000000 912.135 289.14 42.80 0
20 63851.000000000000 912.115 289.17 42.70 0
20 63860.000000000000 912.125 289.19 42.80 0
20 63870.000000000000 912.105 289.21 42.80 0
20 63882.000000000000 912.135 289.23 42.80 0
20 63890.000000000000 912.135 289.25 42.80 0
20 63900.000000000000 912.145 289.29 42.80 0
20 63910.000000000000 912.135 289.31 42.70 0
20 63920.000000000000 912.145 289.33 42.70 0
20 63931.000000000000 912.125 289.35 42.70 0
20 63942.000000000000 912.135 289.37 42.60 0
20 63953.000000000000 912.125 289.38 42.50 0
20 63961.000000000000 912.135 289.39 42.60 0
20 63970.000000000000 912.135 289.39 42.60 0
20 63980.000000000000 912.155 289.40 42.60 0
20 63995.000000000000 912.135 289.39 42.50 0
20 64000.000000000000 912.135 289.39 42.50 0
20 64010.000000000000 912.125 289.38 42.70 0
20 64021.000000000000 912.165 289.36 43.00 0
20 64033.000000000000 912.135 289.34 42.70 0
20 64041.000000000000 912.145 289.32 42.70 0
20 64052.000000000000 912.165 289.30 43.00 0
20 64062.000000000000 912.145 289.28 43.00 0
20 64070.000000000000 912.155 289.26 43.20 0
20 64081.000000000000 912.145 289.24 43.40 0
20 64092.000000000000 912.135 289.21 43.50 0
20 64100.000000000000 912.155 289.19 43.60 0
20 64110.000000000000 912.175 289.17 43.90 0
20 64121.000000000000 912.165 289.15 43.80 0
20 64133.000000000000 912.165 289.13 43.50 0
20 64144.000000000000 912.165 289.12 43.30 0
20 64152.000000000000 912.155 289.11 43.40 0
20 64161.000000000000 912.155 289.11 44.00 0
20 64173.000000000000 912.155 289.10 44.10 0
20 64181.000000000000 912.165 289.10 43.80 0
20 64190.000000000000 912.155 289.10 43.70 0
20 64200.000000000000 912.165 289.11 44.00 0
20 64212.000000000000 912.165 289.12 44.20 0
20 64220.000000000000 912.145 289.14 44.00 0
20 64233.000000000000 912.145 289.15 44.20 0
20 64241.000000000000 912.165 289.18 43.90 0
20 64250.000000000000 912.175 289.20 43.90 0
20 64264.000000000000 912.165 289.22 43.70 0
20 64272.000000000000 912.175 289.24 43.70 0
20 64283.000000000000 912.175 289.26 43.70 0
20 64290.000000000000 912.185 289.29 43.80 0
20 64302.000000000000 912.185 289.30 43.80 0
20 64311.000000000000 912.205 289.32 44.00 0
20 64322.000000000000 912.205 289.33 44.10 0
20 64330.000000000000 912.195 289.35 44.30 0
20 64342.000000000000 912.215 289.35 44.30 0
20 64350.000000000000 912.225 289.35 44.30 0
20 64361.000000000000 912.205 289.35 43.60 0
20 64372.000000000000 912.215 289.34 43.40 0
20 64380.000000000000 912.225 289.33 43.70 0
20 64392.000000000000 912.215 289.32 43.50 0
20 64400.000000000000 912.225 289.29 43.70 0
20 64411.000000000000 912.215 289.27 43.90 0
20 64420.000000000000 912.215 289.25 44.00 0
20 64431.000000000000 912.225 289.23 44.40 0
20 64440.000000000000 912.245 289.21 44.80 0
20 64451.000000000000 912.245 289.18 44.50 0
20 64460.000000000000 912.235 289.15 44.50 0
20 64472.000000000000 912.245 289.13 44.60 0
20 64481.000000000000 912.235 289.11 44.20 0
20 64490.000000000000 912.225 289.09 44.20 0
20 64502.000000000000 912.235 289.07 44.20 0
20 64511.000000000000 912.235 289.05 44.40 0
20 64522.000000000000 912.245 289.04 44.30 0
20 64532.000000000000 912.255 289.02 44.40 0
20 64540.000000000000 912.255 289.01 44.40 0
20 64552.000000000000 912.255 289.00 44.10 0
20 64560.000000000000 912.245 289.00 44.20 0
20 64572.000000000000 912.265 289.00 44.60 0
20 64583.000000000000 912.265 288.99 44.60 0
20 64590.000000000000 912.265 288.99 44.60 0
20 64603.000000000000 912.255 288.99 44.90 0
20 64610.000000000000 912.255 289.00 45.10 0
20 64620.000000000000 912.265 289.00 45.30 0
20 64630.000000000000 912.275 289.02 45.60 0
20 64640.000000000000 912.265 289.03 45.20 0
20 64650.000000000000 912.255 289.04 45.20 0
20 64661.000000000000 912.265 289.06 45.00 0
20 64671.000000000000 912.275 289.09 45.00 0
20 64680.000000000000 912.275 289.11 45.60 0
20 64690.000000000000 912.275 289.13 45.40 0
20 64700.000000000000 912.285 289.14 45.30 0
20 64712.000000000000 912.275 289.17 45.60 0
20 64721.000000000000 912.285 289.19 45.90 0
20 64730.000000000000 912.265 289.21 45.50 0
20 64740.000000000000 912.265 289.23 45.00 0
20 64750.000000000000 912.265 289.25 45.00 0
20 64760.000000000000 912.275 289.26 44.70 0
20 64772.000000000000 912.275 289.28 43.20 0
20 64780.000000000000 912.275 289.31 43.40 0
20 64791.000000000000 912.285 289.34 44.00 0
20 64802.000000000000 912.285 289.36 44.10 0
20 64812.000000000000 912.285 289.39 44.00 0
20 64821.000000000000 912.275 289.41 43.60 0
20 64832.000000000000 912.275 289.43 43.70 0
20 64843.000000000000 912.275 289.44 43.90 0
20 64853.000000000000 912.295 289.45 44.20 0
20 64861.000000000000 912.285 289.46 43.00 0
20 64871.000000000000 912.275 289.48 42.90 0
20 64880.000000000000 912.255 289.48 42.90 0
20 64893.000000000000 912.255 289.49 43.20 0
20 64902.000000000000 912.295 289.51 43.10 0
20 64912.000000000000 912.295 289.52 42.90 0
20 64924.000000000000 912.305 289.53 43.10 0
20 64930.000000000000 912.285 289.54 42.40 0
20 64940.000000000000 912.285 289.55 41.80 0
20 64952.000000000000 912.305 289.55 41.80 0
20 64960.000000000000 912.315 289.56 42.00 0
20 64971.000000000000 912.295 289.56 42.00 0
20 64981.000000000000 912.305 289.57 41.70 0
20 64993.000000000000 912.305 289.58 41.40 0
20 65000.000000000000 912.305 289.59 41.00 0
20 65012.000000000000 912.315 289.60 40.90 0
20 65022.000000000000 912.305 289.61 40.50 0
20 65033.000000000000 912.305 289.62 40.50 0
20 65040.000000000000 912.265 289.62 40.20 0
20 65050.000000000000 912.275 289.63 40.40 0
20 65061.000000000000 912.295 289.63 40.40 0
20 65070.000000000000 912.325 289.64 40.60 0
20 65080.000000000000 912.315 289.64 40.60 0
20 65092.000000000000 912.325 289.65 40.60 0
20 65100.000000000000 912.315 289.65 40.50 0
20 65111.000000000000 912.305 289.66 40.40 0
20 65120.000000000000 912.325 289.66 40.70 0
20 65131.000000000000 912.325 289.67 41.10 0
20 65140.000000000000 912.325 289.68 41.10 0
20 65151.000000000000 912.325 289.68 41.50 0
20 65160.000000000000 912.335 289.69 41.40 0
20 65172.000000000000 912.335 289.69 40.50 0
20 65182.000000000000 912.325 289.69 40.10 0
20 65192.000000000000 912.345 289.69 40.10 0
20 65200.000000000000 912.335 289.69 40.10 0
20 65210.000000000000 912.325 289.69 40.60 0
20 65220.000000000000 912.335 289.69 40.70 0
20 65230.000000000000 912.335 289.69 40.60 0
20 65241.000000000000 912.315 289.68 40.50 0
20 65252.000000000000 912.345 289.68 40.60 0
20 65260.000000000000 912.325 289.68 40.40 0
20 65270.000000000000 912.325 289.68 40.20 0
20 65283.000000000000 912.335 289.68 40.00 0
20 65292.000000000000 912.335 289.68 39.90 0
20 65300.000000000000 912.335 289.67 40.20 0
20 65312.000000000000 912.335 289.67 40.20 0
20 65321.000000000000 912.325 289.67 39.70 0
20 65330.000000000000 912.325 289.67 40.00 0
20 65343.000000000000 912.335 289.68 40.50 0
20 65350.000000000000 912.335 289.68 40.20 0
20 65360.000000000000 912.335 289.68 40.00 0
20 65371.000000000000 912.335 289.69 39.70 0
20 65380.000000000000 912.345 289.69 39.90 0
20 65392.000000000000 912.335 289.69 40.10 0
20 65400.000000000000 912.355 289.69 40.30 0
20 65410.000000000000 912.345 289.70 40.00 0
20 65421.000000000000 912.345 289.70 39.80 0
20 65430.000000000000 912.335 289.70 40.00 0
20 65442.000000000000 912.335 289.69 40.60 0
20 65452.000000000000 912.335 289.69 40.90 0
20 65461.000000000000 912.355 289.69 41.10 0
20 65470.000000000000 912.335 289.69 40.00 0
20 65481.000000000000 912.345 289.68 39.90 0
20 65490.000000000000 912.345 289.68 39.90 0
20 65503.000000000000 912.345 289.68 40.00 0
20 65512.000000000000 912.335 289.67 39.90 0
20 65521.000000000000 912.335 289.67 40.00 0
20 65531.000000000000 912.335 289.67 40.20 0
20 65540.000000000000 912.345 289.66 40.30 0
20 65550.000000000000 912.335 289.65 40.00 0
20 65564.000000000000 912.345 289.64 40.10 0
20 65570.000000000000 912.345 289.64 40.40 0
20 65583.000000000000 912.345 289.64 40.50 0
20 65590.000000000000 912.335 289.65 41.00 0
20 65602.000000000000 912.345 289.64 41.10 0
20 65614.000000000000 912.335 289.64 41.20 0
20 65620.000000000000 912.355 289.64 41.60 0
20 65630.000000000000 912.345 289.64 41.30 0
20 65641.000000000000 912.335 289.65 41.30 0
20 65650.000000000000 912.355 289.65 41.10 0
20 65663.000000000000 912.335 289.65 41.30 0
20 65672.000000000000 912.355 289.65 41.50 0
20 65680.000000000000 912.355 289.64 41.80 0
20 65690.000000000000 912.355 289.64 42.00 0
20 65700.000000000000 912.345 289.64 42.00 0
20 65712.000000000000 912.355 289.64 41.90 0
20 65720.000000000000 912.365 289.63 42.10 0
20 65731.000000000000 912.355 289.63 41.90 0
20 65740.000000000000 912.355 289.62 42.00 0
20 65760.000000000000 912.375 289.61 42.10 0
20 65770.000000000000 912.375 289.60 42.20 0
20 65780.000000000000 912.365 289.60 42.40 0
20 65790.000000000000 912.375 289.60 42.70 0
20 65801.000000000000 912.385 289.59 42.30 0
20 65811.000000000000 912.385 289.58 42.00 0
20 65822.000000000000 912.385 289.58 41.90 0
20 65832.000000000000 912.375 289.57 41.80 0
20 65840.000000000000 912.375 289.56 41.90 0
20 65850.000000000000 912.385 289.55 41.90 0
20 65860.000000000000 912.385 289.55 42.50 0
20 65870.000000000000 912.395 289.55 42.60 0
20 65881.000000000000 912.385 289.55 42.50 0
20 65891.000000000000 912.385 289.54 42.60 0
20 65900.000000000000 912.405 289.54 42.80 0
20 65910.000000000000 912.405 289.54 42.90 0
20 65920.000000000000 912.405 289.53 42.90 0
20 65930.000000000000 912.415 289.53 43.00 0
20 65943.000000000000 912.405 289.52 42.80 0
20 65953.000000000000 912.395 289.51 42.60 0
20 65961.000000000000 912.405 289.50 42.60 0
20 65972.000000000000 912.405 289.49 42.20 0
20 65980.000000000000 912.405 289.47 41.60 0
20 65992.000000000000 912.395 289.46 41.50 0
20 66002.000000000000 912.405 289.45 41.60 0
20 66010.000000000000 912.405 289.44 41.90 0
20 66022.000000000000 912.415 289.44 42.20 0
H8
H9
